entry	pos	evidence	note	origin
A0A0B4K692	107-759	ECO:0000255|PROSITE-ProRule:PRU01233		disulfide_bond
A0A0B4K692	115-719	ECO:0000255|PROSITE-ProRule:PRU01233		disulfide_bond
A0A0B4K692	171-424	ECO:0000255|PROSITE-ProRule:PRU01233		disulfide_bond
A0A0B4K692	646-771	ECO:0000255|PROSITE-ProRule:PRU01233		disulfide_bond
A0A0B4K692	84-89	ECO:0000255|PROSITE-ProRule:PRU01233		disulfide_bond
A0A126GUP6	130-268	ECO:0000250|UniProtKB:Q9VB68		disulfide_bond
A0A126GUP6	168-184	ECO:0000255|PROSITE-ProRule:PRU00274		disulfide_bond
A0A126GUP6	210-220	ECO:0000250|UniProtKB:Q9VB68		disulfide_bond
A0A126GUP6	29-90	ECO:0000255|PROSITE-ProRule:PRU01236		disulfide_bond
A0A126GUP6	315-332	ECO:0000255|PROSITE-ProRule:PRU00274		disulfide_bond
A0A126GUP6	342-375	ECO:0000255|PROSITE-ProRule:PRU00274		disulfide_bond
A0A126GUP6	39-70	ECO:0000255|PROSITE-ProRule:PRU01236		disulfide_bond
A0A126GUP6	45-91	ECO:0000255|PROSITE-ProRule:PRU01236		disulfide_bond
A0A1F4	1022-1033	ECO:0000255		disulfide_bond
A0A1F4	1027-1042	ECO:0000255		disulfide_bond
A0A1F4	1044-1053	ECO:0000255		disulfide_bond
A0A1F4	1313-1324	ECO:0000255		disulfide_bond
A0A1F4	1318-1334	ECO:0000255		disulfide_bond
A0A1F4	1336-1345	ECO:0000255		disulfide_bond
A0A1F4	148-158	ECO:0000255		disulfide_bond
A0A1F4	153-168	ECO:0000255		disulfide_bond
A0A1F4	1549-1560	ECO:0000255		disulfide_bond
A0A1F4	1554-1569	ECO:0000255		disulfide_bond
A0A1F4	1571-1580	ECO:0000255		disulfide_bond
A0A1F4	1587-1600	ECO:0000255		disulfide_bond
A0A1F4	1594-1609	ECO:0000255		disulfide_bond
A0A1F4	1611-1620	ECO:0000255		disulfide_bond
A0A1F4	170-179	ECO:0000255		disulfide_bond
A0A1F4	186-197	ECO:0000255		disulfide_bond
A0A1F4	1879-1890	ECO:0000255		disulfide_bond
A0A1F4	1884-1900	ECO:0000255		disulfide_bond
A0A1F4	1902-1911	ECO:0000255		disulfide_bond
A0A1F4	191-206	ECO:0000255		disulfide_bond
A0A1F4	1917-1928	ECO:0000255		disulfide_bond
A0A1F4	1922-1934	ECO:0000255		disulfide_bond
A0A1F4	1936-1945	ECO:0000255		disulfide_bond
A0A1F4	208-217	ECO:0000255		disulfide_bond
A0A1F4	224-235	ECO:0000255		disulfide_bond
A0A1F4	229-244	ECO:0000255		disulfide_bond
A0A1F4	246-255	ECO:0000255		disulfide_bond
A0A1F4	262-276	ECO:0000255		disulfide_bond
A0A1F4	270-286	ECO:0000255		disulfide_bond
A0A1F4	288-297	ECO:0000255		disulfide_bond
A0A1F4	304-315	ECO:0000255		disulfide_bond
A0A1F4	309-324	ECO:0000255		disulfide_bond
A0A1F4	326-335	ECO:0000255		disulfide_bond
A0A1F4	342-353	ECO:0000255		disulfide_bond
A0A1F4	347-362	ECO:0000255		disulfide_bond
A0A1F4	364-373	ECO:0000255		disulfide_bond
A0A1F4	380-392	ECO:0000255		disulfide_bond
A0A1F4	386-401	ECO:0000255		disulfide_bond
A0A1F4	403-412	ECO:0000255		disulfide_bond
A1Z7G7	695-722	ECO:0000255|PROSITE-ProRule:PRU00098		disulfide_bond
A1Z7G7	710-724	ECO:0000255|PROSITE-ProRule:PRU00098		disulfide_bond
A1Z877	1001-1014	ECO:0000255|PROSITE-ProRule:PRU00076		disulfide_bond
A1Z877	1008-1023	ECO:0000255|PROSITE-ProRule:PRU00076		disulfide_bond
A1Z877	1025-1036	ECO:0000255|PROSITE-ProRule:PRU00076		disulfide_bond
A1Z877	285-298	ECO:0000255|PROSITE-ProRule:PRU00076		disulfide_bond
A1Z877	292-307	ECO:0000255|PROSITE-ProRule:PRU00076		disulfide_bond
A1Z877	309-320	ECO:0000255|PROSITE-ProRule:PRU00076		disulfide_bond
A1Z877	549-562	ECO:0000255|PROSITE-ProRule:PRU00076		disulfide_bond
A1Z877	556-571	ECO:0000255|PROSITE-ProRule:PRU00076		disulfide_bond
A1Z877	595-608	ECO:0000255|PROSITE-ProRule:PRU00076		disulfide_bond
A1Z877	602-617	ECO:0000255|PROSITE-ProRule:PRU00076		disulfide_bond
A1Z877	619-630	ECO:0000255|PROSITE-ProRule:PRU00076		disulfide_bond
A1Z877	792-804	ECO:0000255|PROSITE-ProRule:PRU00076		disulfide_bond
A1Z877	798-815	ECO:0000255|PROSITE-ProRule:PRU00076		disulfide_bond
A1Z877	817-828	ECO:0000255|PROSITE-ProRule:PRU00076		disulfide_bond
A1Z877	836-849	ECO:0000255|PROSITE-ProRule:PRU00076		disulfide_bond
A1Z877	843-860	ECO:0000255|PROSITE-ProRule:PRU00076		disulfide_bond
A1Z877	862-873	ECO:0000255|PROSITE-ProRule:PRU00076		disulfide_bond
A1Z877	916-927	ECO:0000255|PROSITE-ProRule:PRU00076		disulfide_bond
A1Z877	921-938	ECO:0000255|PROSITE-ProRule:PRU00076		disulfide_bond
A1Z877	940-952	ECO:0000255|PROSITE-ProRule:PRU00076		disulfide_bond
A1Z877	959-971	ECO:0000255|PROSITE-ProRule:PRU00076		disulfide_bond
A1Z877	965-982	ECO:0000255|PROSITE-ProRule:PRU00076		disulfide_bond
A1Z877	984-995	ECO:0000255|PROSITE-ProRule:PRU00076		disulfide_bond
A1ZAX0	154-240	ECO:0000255|PROSITE-ProRule:PRU00521		disulfide_bond
A1ZB62	33-36	ECO:0000250|UniProtKB:P82706		disulfide_bond
A1ZB63	32-35	ECO:0000250|UniProtKB:P82706		disulfide_bond
A1ZB64	32-35	ECO:0000250|UniProtKB:P82706		disulfide_bond
A4VCL2	312-328	ECO:0000250|UniProtKB:Q9XTW2		disulfide_bond
A4VCL2	317-321	ECO:0000250|UniProtKB:Q9XTW2		disulfide_bond
A4VCL2	376-450	ECO:0000250|UniProtKB:Q9XTW2		disulfide_bond
A4VCL2	451-510	ECO:0000250|UniProtKB:Q9XTW2		disulfide_bond
A8DYP0	1199-1282	ECO:0000255|PROSITE-ProRule:PRU00114		disulfide_bond
A8DYP0	2739-2790	ECO:0000255|PROSITE-ProRule:PRU00114		disulfide_bond
A8JUP7	32-78	ECO:0000255|PROSITE-ProRule:PRU01236		disulfide_bond
A8JUP7	371-497	ECO:0000250|UniProtKB:Q9VB68		disulfide_bond
A8JUP7	414-430	ECO:0000255|PROSITE-ProRule:PRU00274		disulfide_bond
A8JUP7	42-68	ECO:0000255|PROSITE-ProRule:PRU01236		disulfide_bond
A8JUP7	48-79	ECO:0000255|PROSITE-ProRule:PRU01236		disulfide_bond
A8JUP7	543-567	ECO:0000255|PROSITE-ProRule:PRU00274		disulfide_bond
A8JUP7	578-609	ECO:0000255|PROSITE-ProRule:PRU00274		disulfide_bond
B5A5T4	108-119	ECO:0000305		disulfide_bond
B5A5T4	121-126	ECO:0000305		disulfide_bond
B5A5T4	41-75	ECO:0000305		disulfide_bond
B5A5T4	44-52	ECO:0000305		disulfide_bond
B5A5T4	71-93	ECO:0000305		disulfide_bond
B7TB45	509-564	ECO:0000250|UniProtKB:P48607		disulfide_bond
B7TB45	546-593	ECO:0000250|UniProtKB:P48607		disulfide_bond
B7TB45	553-595	ECO:0000250|UniProtKB:P48607		disulfide_bond
B7TB45	592	ECO:0000250|UniProtKB:P48607	Interchain	disulfide_bond
B7YZU2	1480-1496	ECO:0000255|PROSITE-ProRule:PRU00274		disulfide_bond
B7YZU2	1608-1627	ECO:0000255|PROSITE-ProRule:PRU00274		disulfide_bond
B7YZU2	1638-1667	ECO:0000255|PROSITE-ProRule:PRU00274		disulfide_bond
C0HK98	58-64	ECO:0000250|UniProtKB:Q8INK6		disulfide_bond
C0HK99	58-64	ECO:0000250|UniProtKB:Q8INK6		disulfide_bond
C0HKA2	180-197	ECO:0000255|PROSITE-ProRule:PRU00274		disulfide_bond
C0HKA2	206-230	ECO:0000255|PROSITE-ProRule:PRU00274		disulfide_bond
C0HKA2	56-72	ECO:0000255|PROSITE-ProRule:PRU00274		disulfide_bond
C0HKA3	180-197	ECO:0000255|PROSITE-ProRule:PRU00274		disulfide_bond
C0HKA3	206-230	ECO:0000255|PROSITE-ProRule:PRU00274		disulfide_bond
C0HKA3	56-72	ECO:0000255|PROSITE-ProRule:PRU00274		disulfide_bond
C0HKA4	180-197	ECO:0000255|PROSITE-ProRule:PRU00274		disulfide_bond
C0HKA4	206-230	ECO:0000255|PROSITE-ProRule:PRU00274		disulfide_bond
C0HKA4	56-72	ECO:0000255|PROSITE-ProRule:PRU00274		disulfide_bond
C0HKF7	189-201	ECO:0000255|PROSITE-ProRule:PRU00274		disulfide_bond
C0HKF7	211-239	ECO:0000255|PROSITE-ProRule:PRU00274		disulfide_bond
C0HKF7	63-79	ECO:0000255|PROSITE-ProRule:PRU00274		disulfide_bond
C0HKF8	189-201	ECO:0000255|PROSITE-ProRule:PRU00274		disulfide_bond
C0HKF8	211-239	ECO:0000255|PROSITE-ProRule:PRU00274		disulfide_bond
C0HKF8	63-79	ECO:0000255|PROSITE-ProRule:PRU00274		disulfide_bond
E1JI63	320-388	ECO:0000250|UniProtKB:P26201		disulfide_bond
E1JI63	349-415	ECO:0000250|UniProtKB:P26201		disulfide_bond
M9NDE3	1096-1164	ECO:0000255|PROSITE-ProRule:PRU00196		disulfide_bond
M9NDE3	1109-1174	ECO:0000255|PROSITE-ProRule:PRU00196		disulfide_bond
M9NDE3	1144-1154	ECO:0000255|PROSITE-ProRule:PRU00196		disulfide_bond
M9NDE3	1950-2025	ECO:0000255|PROSITE-ProRule:PRU00196		disulfide_bond
M9NDE3	1963-2036	ECO:0000255|PROSITE-ProRule:PRU00196		disulfide_bond
M9NDE3	2000-2010	ECO:0000255|PROSITE-ProRule:PRU00196		disulfide_bond
M9NDE3	216-284	ECO:0000255|PROSITE-ProRule:PRU00196		disulfide_bond
M9NDE3	231-294	ECO:0000255|PROSITE-ProRule:PRU00196		disulfide_bond
M9NDE3	262-272	ECO:0000255|PROSITE-ProRule:PRU00196		disulfide_bond
M9NDE3	446-474	ECO:0000255|PROSITE-ProRule:PRU00059		disulfide_bond
M9PE65	119-170	ECO:0000255|PROSITE-ProRule:PRU00031		disulfide_bond
M9PE65	1231-1259	ECO:0000255|PROSITE-ProRule:PRU00122		disulfide_bond
M9PE65	1263-1274	ECO:0000255|PROSITE-ProRule:PRU00076		disulfide_bond
M9PE65	1268-1283	ECO:0000255|PROSITE-ProRule:PRU00076		disulfide_bond
M9PE65	128-152	ECO:0000255|PROSITE-ProRule:PRU00031		disulfide_bond
M9PE65	1285-1296	ECO:0000255|PROSITE-ProRule:PRU00076		disulfide_bond
M9PE65	144-166	ECO:0000255|PROSITE-ProRule:PRU00031		disulfide_bond
M9PE65	1494-1526	ECO:0000255|PROSITE-ProRule:PRU00122		disulfide_bond
M9PE65	1530-1541	ECO:0000255|PROSITE-ProRule:PRU00076		disulfide_bond
M9PE65	1535-1552	ECO:0000255|PROSITE-ProRule:PRU00076		disulfide_bond
M9PE65	1554-1564	ECO:0000255|PROSITE-ProRule:PRU00076		disulfide_bond
M9PE65	1722-1765	ECO:0000255|PROSITE-ProRule:PRU00122		disulfide_bond
M9PE65	405-438	ECO:0000255|PROSITE-ProRule:PRU00122		disulfide_bond
M9PE65	442-455	ECO:0000255|PROSITE-ProRule:PRU00076		disulfide_bond
M9PE65	449-464	ECO:0000255|PROSITE-ProRule:PRU00076		disulfide_bond
M9PE65	466-476	ECO:0000255|PROSITE-ProRule:PRU00076		disulfide_bond
M9PE65	808-839	ECO:0000255|PROSITE-ProRule:PRU00122		disulfide_bond
M9PE65	845-857	ECO:0000255|PROSITE-ProRule:PRU00076		disulfide_bond
M9PE65	851-866	ECO:0000255|PROSITE-ProRule:PRU00076		disulfide_bond
M9PE65	868-878	ECO:0000255|PROSITE-ProRule:PRU00076		disulfide_bond
O01404	102-129	ECO:0000250		disulfide_bond
O01404	297-318	ECO:0000250		disulfide_bond
O01404	69-114	ECO:0000250		disulfide_bond
O01668	120-197	ECO:0000255|PROSITE-ProRule:PRU00521		disulfide_bond
O02372	121-141	ECO:0000269|PubMed:12881720, ECO:0000269|PubMed:18585358, ECO:0007744|PDB:1OOF, ECO:0007744|PDB:1OOG, ECO:0007744|PDB:1OOH, ECO:0007744|PDB:2GTE, ECO:0007744|PDB:2QDI		disulfide_bond
O02372	46-79	ECO:0000269|PubMed:12881720, ECO:0000269|PubMed:18585358, ECO:0007744|PDB:1OOF, ECO:0007744|PDB:1OOG, ECO:0007744|PDB:1OOH, ECO:0007744|PDB:2GTE, ECO:0007744|PDB:2QDI		disulfide_bond
O02372	75-132	ECO:0000269|PubMed:12881720, ECO:0000269|PubMed:18585358, ECO:0007744|PDB:1OOF, ECO:0007744|PDB:1OOG, ECO:0007744|PDB:1OOH, ECO:0007744|PDB:2GTE, ECO:0007744|PDB:2QDI		disulfide_bond
O15943	2346-2357	ECO:0000255		disulfide_bond
O15943	2351-2366	ECO:0000255		disulfide_bond
O15943	2368-2377	ECO:0000255		disulfide_bond
O15943	2559-2585	ECO:0000250		disulfide_bond
O15943	2592-2607	ECO:0000255		disulfide_bond
O15943	2601-2616	ECO:0000255		disulfide_bond
O15943	2618-2627	ECO:0000255		disulfide_bond
O15943	2787-2822	ECO:0000250		disulfide_bond
O15943	2869-2880	ECO:0000255		disulfide_bond
O15943	2874-2891	ECO:0000255		disulfide_bond
O15943	2893-2902	ECO:0000255		disulfide_bond
O18408	156-170	ECO:0000250|UniProtKB:P56634		disulfide_bond
O18408	375-381	ECO:0000250|UniProtKB:P56634		disulfide_bond
O18408	417-440	ECO:0000255		disulfide_bond
O18408	447-459	ECO:0000250|UniProtKB:P56634		disulfide_bond
O18408	47-103	ECO:0000250|UniProtKB:P56634		disulfide_bond
O46197	139-228	ECO:0000255|PROSITE-ProRule:PRU00040		disulfide_bond
O46197	207-220	ECO:0000255|PROSITE-ProRule:PRU00040		disulfide_bond
O46202	34-67	ECO:0000250|UniProtKB:P07851		disulfide_bond
O46202	43-63	ECO:0000250|UniProtKB:P07851		disulfide_bond
O46202	47-59	ECO:0000250|UniProtKB:P07851		disulfide_bond
O46202	51-88	ECO:0000250|UniProtKB:P07851		disulfide_bond
O46202	69-82	ECO:0000250|UniProtKB:P07851		disulfide_bond
O61307	540-549	ECO:0000255|PROSITE-ProRule:PRU00076		disulfide_bond
O61307	545-560	ECO:0000255|PROSITE-ProRule:PRU00076		disulfide_bond
O61307	562-571	ECO:0000255|PROSITE-ProRule:PRU00076		disulfide_bond
O61307	578-589	ECO:0000255|PROSITE-ProRule:PRU00076		disulfide_bond
O61307	583-594	ECO:0000255|PROSITE-ProRule:PRU00076		disulfide_bond
O61307	596-605	ECO:0000255|PROSITE-ProRule:PRU00076		disulfide_bond
O61307	651-664	ECO:0000255|PROSITE-ProRule:PRU00076		disulfide_bond
O61307	666-675	ECO:0000255|PROSITE-ProRule:PRU00076		disulfide_bond
O61307	742-752	ECO:0000255|PROSITE-ProRule:PRU00076		disulfide_bond
O61307	746-762	ECO:0000255|PROSITE-ProRule:PRU00076		disulfide_bond
O61307	764-773	ECO:0000255|PROSITE-ProRule:PRU00076		disulfide_bond
O61643	837-846	ECO:0000250		disulfide_bond
O61643	845-912	ECO:0000250		disulfide_bond
O61643	874-943	ECO:0000250		disulfide_bond
O61643	878-945	ECO:0000250		disulfide_bond
O61643	911	ECO:0000250	Interchain	disulfide_bond
O62589	280-296	ECO:0000255|PROSITE-ProRule:PRU00274		disulfide_bond
O62589	432-449	ECO:0000255|PROSITE-ProRule:PRU00274		disulfide_bond
O77150	36-39	ECO:0000269|PubMed:9736738		disulfide_bond
O77438	112-153	ECO:0000255|PROSITE-ProRule:PRU00090		disulfide_bond
O77438	116-141	ECO:0000255|PROSITE-ProRule:PRU00090		disulfide_bond
O77438	40-101	ECO:0000255|PROSITE-ProRule:PRU00090		disulfide_bond
O77438	48-94	ECO:0000255|PROSITE-ProRule:PRU00090		disulfide_bond
O77438	85-123	ECO:0000255|PROSITE-ProRule:PRU00090		disulfide_bond
O97148	150-209	ECO:0000269|PubMed:11274391, ECO:0000269|PubMed:17546039, ECO:0007744|PDB:1FJR, ECO:0007744|PDB:2PZX		disulfide_bond
O97148	29-83	ECO:0000269|PubMed:11274391, ECO:0000269|PubMed:17546039, ECO:0007744|PDB:1FJR, ECO:0007744|PDB:2PZX		disulfide_bond
O97148	85-90	ECO:0000269|PubMed:11274391, ECO:0000269|PubMed:17546039, ECO:0007744|PDB:1FJR, ECO:0007744|PDB:2PZX		disulfide_bond
O97148	94-188	ECO:0000269|PubMed:11274391, ECO:0000269|PubMed:17546039, ECO:0007744|PDB:1FJR, ECO:0007744|PDB:2PZX		disulfide_bond
O97148	95-106	ECO:0000269|PubMed:11274391, ECO:0000269|PubMed:17546039, ECO:0007744|PDB:1FJR, ECO:0007744|PDB:2PZX		disulfide_bond
O97176	102-135	ECO:0000255|PROSITE-ProRule:PRU00798		disulfide_bond
O97176	106-128	ECO:0000255|PROSITE-ProRule:PRU00798		disulfide_bond
O97176	114-156	ECO:0000255|PROSITE-ProRule:PRU00798		disulfide_bond
O97176	29-62	ECO:0000255|PROSITE-ProRule:PRU00798		disulfide_bond
O97176	33-55	ECO:0000255|PROSITE-ProRule:PRU00798		disulfide_bond
O97394	283-336	ECO:0000255|PROSITE-ProRule:PRU00114		disulfide_bond
O97394	382-433	ECO:0000255|PROSITE-ProRule:PRU00114		disulfide_bond
O97394	476-525	ECO:0000255|PROSITE-ProRule:PRU00114		disulfide_bond
O97394	567-620	ECO:0000255|PROSITE-ProRule:PRU00114		disulfide_bond
O97394	95-138	ECO:0000255|PROSITE-ProRule:PRU00114		disulfide_bond
P04755	152-166	ECO:0000250		disulfide_bond
P04814	180-197	ECO:0000255|PROSITE-ProRule:PRU00274		disulfide_bond
P04814	206-230	ECO:0000255|PROSITE-ProRule:PRU00274		disulfide_bond
P04814	56-72	ECO:0000255|PROSITE-ProRule:PRU00274		disulfide_bond
P04950	130-207	ECO:0000255|PROSITE-ProRule:PRU00521		disulfide_bond
P05049	104-127	ECO:0000255|PROSITE-ProRule:PRU01236		disulfide_bond
P05049	110-138	ECO:0000255|PROSITE-ProRule:PRU01236		disulfide_bond
P05049	179-303	ECO:0000250|UniProtKB:Q9VB68		disulfide_bond
P05049	220-236	ECO:0000255|PROSITE-ProRule:PRU00274		disulfide_bond
P05049	346-366	ECO:0000255|PROSITE-ProRule:PRU00274		disulfide_bond
P05049	377-408	ECO:0000255|PROSITE-ProRule:PRU00274		disulfide_bond
P05049	93-137	ECO:0000255|PROSITE-ProRule:PRU01236		disulfide_bond
P05623	43-55	ECO:0000269|PubMed:21439282		disulfide_bond
P06002	123-200	ECO:0000255|PROSITE-ProRule:PRU00521		disulfide_bond
P07140	615		Interchain	disulfide_bond
P07207	100-111	ECO:0000255|PROSITE-ProRule:PRU00076		disulfide_bond
P07207	1010-1019	ECO:0000255|PROSITE-ProRule:PRU00076		disulfide_bond
P07207	1026-1037	ECO:0000255|PROSITE-ProRule:PRU00076		disulfide_bond
P07207	1031-1046	ECO:0000255|PROSITE-ProRule:PRU00076		disulfide_bond
P07207	1048-1057	ECO:0000255|PROSITE-ProRule:PRU00076		disulfide_bond
P07207	105-124	ECO:0000255|PROSITE-ProRule:PRU00076		disulfide_bond
P07207	1064-1075	ECO:0000255|PROSITE-ProRule:PRU00076		disulfide_bond
P07207	1069-1084	ECO:0000255|PROSITE-ProRule:PRU00076		disulfide_bond
P07207	1086-1095	ECO:0000255|PROSITE-ProRule:PRU00076		disulfide_bond
P07207	1102-1113	ECO:0000255|PROSITE-ProRule:PRU00076		disulfide_bond
P07207	1107-1122	ECO:0000255|PROSITE-ProRule:PRU00076		disulfide_bond
P07207	1124-1133	ECO:0000255|PROSITE-ProRule:PRU00076		disulfide_bond
P07207	1155-1160	ECO:0000255|PROSITE-ProRule:PRU00076		disulfide_bond
P07207	1171-1180	ECO:0000255|PROSITE-ProRule:PRU00076		disulfide_bond
P07207	1187-1198	ECO:0000255|PROSITE-ProRule:PRU00076		disulfide_bond
P07207	1192-1207	ECO:0000255|PROSITE-ProRule:PRU00076		disulfide_bond
P07207	1209-1218	ECO:0000255|PROSITE-ProRule:PRU00076		disulfide_bond
P07207	1225-1236	ECO:0000255|PROSITE-ProRule:PRU00076		disulfide_bond
P07207	1230-1245	ECO:0000255|PROSITE-ProRule:PRU00076		disulfide_bond
P07207	1247-1256	ECO:0000255|PROSITE-ProRule:PRU00076		disulfide_bond
P07207	126-135	ECO:0000255|PROSITE-ProRule:PRU00076		disulfide_bond
P07207	1263-1274	ECO:0000255|PROSITE-ProRule:PRU00076		disulfide_bond
P07207	1268-1283	ECO:0000255|PROSITE-ProRule:PRU00076		disulfide_bond
P07207	1285-1294	ECO:0000255|PROSITE-ProRule:PRU00076		disulfide_bond
P07207	1301-1314	ECO:0000255|PROSITE-ProRule:PRU00076		disulfide_bond
P07207	1306-1323	ECO:0000255|PROSITE-ProRule:PRU00076		disulfide_bond
P07207	1325-1334	ECO:0000255|PROSITE-ProRule:PRU00076		disulfide_bond
P07207	1341-1352	ECO:0000255|PROSITE-ProRule:PRU00076		disulfide_bond
P07207	1346-1361	ECO:0000255|PROSITE-ProRule:PRU00076		disulfide_bond
P07207	1363-1372	ECO:0000255|PROSITE-ProRule:PRU00076		disulfide_bond
P07207	1379-1389	ECO:0000255|PROSITE-ProRule:PRU00076		disulfide_bond
P07207	1384-1400	ECO:0000255|PROSITE-ProRule:PRU00076		disulfide_bond
P07207	1402-1411	ECO:0000255|PROSITE-ProRule:PRU00076		disulfide_bond
P07207	1419-1430	ECO:0000255|PROSITE-ProRule:PRU00076		disulfide_bond
P07207	1424-1439	ECO:0000255|PROSITE-ProRule:PRU00076		disulfide_bond
P07207	143-154	ECO:0000255|PROSITE-ProRule:PRU00076		disulfide_bond
P07207	1441-1450	ECO:0000255|PROSITE-ProRule:PRU00076		disulfide_bond
P07207	148-164	ECO:0000255|PROSITE-ProRule:PRU00076		disulfide_bond
P07207	1482-1505	ECO:0000255|PROSITE-ProRule:PRU00525		disulfide_bond
P07207	1487-1500	ECO:0000255|PROSITE-ProRule:PRU00525		disulfide_bond
P07207	1496-1512	ECO:0000255|PROSITE-ProRule:PRU00525		disulfide_bond
P07207	1522-1545	ECO:0000255|PROSITE-ProRule:PRU00525		disulfide_bond
P07207	1527-1540	ECO:0000255|PROSITE-ProRule:PRU00525		disulfide_bond
P07207	1536-1552	ECO:0000255|PROSITE-ProRule:PRU00525		disulfide_bond
P07207	1559-1585	ECO:0000255|PROSITE-ProRule:PRU00525		disulfide_bond
P07207	1567-1580	ECO:0000255|PROSITE-ProRule:PRU00525		disulfide_bond
P07207	1576-1592	ECO:0000255|PROSITE-ProRule:PRU00525		disulfide_bond
P07207	166-175	ECO:0000255|PROSITE-ProRule:PRU00076		disulfide_bond
P07207	181-192	ECO:0000255|PROSITE-ProRule:PRU00076		disulfide_bond
P07207	186-203	ECO:0000255|PROSITE-ProRule:PRU00076		disulfide_bond
P07207	205-214	ECO:0000255|PROSITE-ProRule:PRU00076		disulfide_bond
P07207	221-232	ECO:0000255|PROSITE-ProRule:PRU00076		disulfide_bond
P07207	226-241	ECO:0000255|PROSITE-ProRule:PRU00076		disulfide_bond
P07207	243-252	ECO:0000255|PROSITE-ProRule:PRU00076		disulfide_bond
P07207	259-270	ECO:0000255|PROSITE-ProRule:PRU00076		disulfide_bond
P07207	264-279	ECO:0000255|PROSITE-ProRule:PRU00076		disulfide_bond
P07207	281-290	ECO:0000255|PROSITE-ProRule:PRU00076		disulfide_bond
P07207	297-308	ECO:0000255|PROSITE-ProRule:PRU00076		disulfide_bond
P07207	302-317	ECO:0000255|PROSITE-ProRule:PRU00076		disulfide_bond
P07207	319-328	ECO:0000255|PROSITE-ProRule:PRU00076		disulfide_bond
P07207	335-349	ECO:0000255|PROSITE-ProRule:PRU00076		disulfide_bond
P07207	343-358	ECO:0000255|PROSITE-ProRule:PRU00076		disulfide_bond
P07207	360-369	ECO:0000255|PROSITE-ProRule:PRU00076		disulfide_bond
P07207	376-387	ECO:0000255|PROSITE-ProRule:PRU00076		disulfide_bond
P07207	381-396	ECO:0000255|PROSITE-ProRule:PRU00076		disulfide_bond
P07207	398-407	ECO:0000255|PROSITE-ProRule:PRU00076		disulfide_bond
P07207	413-424	ECO:0000255|PROSITE-ProRule:PRU00076		disulfide_bond
P07207	418-435	ECO:0000255|PROSITE-ProRule:PRU00076		disulfide_bond
P07207	437-446	ECO:0000255|PROSITE-ProRule:PRU00076		disulfide_bond
P07207	453-465	ECO:0000255|PROSITE-ProRule:PRU00076		disulfide_bond
P07207	459-474	ECO:0000255|PROSITE-ProRule:PRU00076		disulfide_bond
P07207	476-485	ECO:0000255|PROSITE-ProRule:PRU00076		disulfide_bond
P07207	492-503	ECO:0000255|PROSITE-ProRule:PRU00076		disulfide_bond
P07207	497-512	ECO:0000255|PROSITE-ProRule:PRU00076		disulfide_bond
P07207	514-523	ECO:0000255|PROSITE-ProRule:PRU00076		disulfide_bond
P07207	530-541	ECO:0000255|PROSITE-ProRule:PRU00076		disulfide_bond
P07207	535-550	ECO:0000255|PROSITE-ProRule:PRU00076		disulfide_bond
P07207	552-561	ECO:0000255|PROSITE-ProRule:PRU00076		disulfide_bond
P07207	568-579	ECO:0000255|PROSITE-ProRule:PRU00076		disulfide_bond
P07207	573-588	ECO:0000255|PROSITE-ProRule:PRU00076		disulfide_bond
P07207	590-599	ECO:0000255|PROSITE-ProRule:PRU00076		disulfide_bond
P07207	606-616	ECO:0000255|PROSITE-ProRule:PRU00076		disulfide_bond
P07207	611-625	ECO:0000255|PROSITE-ProRule:PRU00076		disulfide_bond
P07207	62-73	ECO:0000255|PROSITE-ProRule:PRU00076		disulfide_bond
P07207	627-636	ECO:0000255|PROSITE-ProRule:PRU00076		disulfide_bond
P07207	643-654	ECO:0000255|PROSITE-ProRule:PRU00076		disulfide_bond
P07207	648-663	ECO:0000255|PROSITE-ProRule:PRU00076		disulfide_bond
P07207	665-674	ECO:0000255|PROSITE-ProRule:PRU00076		disulfide_bond
P07207	67-83	ECO:0000255|PROSITE-ProRule:PRU00076		disulfide_bond
P07207	681-692	ECO:0000255|PROSITE-ProRule:PRU00076		disulfide_bond
P07207	686-701	ECO:0000255|PROSITE-ProRule:PRU00076		disulfide_bond
P07207	703-712	ECO:0000255|PROSITE-ProRule:PRU00076		disulfide_bond
P07207	719-730	ECO:0000255|PROSITE-ProRule:PRU00076		disulfide_bond
P07207	724-739	ECO:0000255|PROSITE-ProRule:PRU00076		disulfide_bond
P07207	741-750	ECO:0000255|PROSITE-ProRule:PRU00076		disulfide_bond
P07207	757-768	ECO:0000255|PROSITE-ProRule:PRU00076		disulfide_bond
P07207	762-777	ECO:0000255|PROSITE-ProRule:PRU00076		disulfide_bond
P07207	779-788	ECO:0000255|PROSITE-ProRule:PRU00076		disulfide_bond
P07207	795-806	ECO:0000255|PROSITE-ProRule:PRU00076		disulfide_bond
P07207	800-815	ECO:0000255|PROSITE-ProRule:PRU00076		disulfide_bond
P07207	817-826	ECO:0000255|PROSITE-ProRule:PRU00076		disulfide_bond
P07207	833-844	ECO:0000255|PROSITE-ProRule:PRU00076		disulfide_bond
P07207	838-853	ECO:0000255|PROSITE-ProRule:PRU00076		disulfide_bond
P07207	85-94	ECO:0000255|PROSITE-ProRule:PRU00076		disulfide_bond
P07207	855-864	ECO:0000255|PROSITE-ProRule:PRU00076		disulfide_bond
P07207	871-882	ECO:0000255|PROSITE-ProRule:PRU00076		disulfide_bond
P07207	876-893	ECO:0000255|PROSITE-ProRule:PRU00076		disulfide_bond
P07207	895-904	ECO:0000255|PROSITE-ProRule:PRU00076		disulfide_bond
P07207	911-923	ECO:0000255|PROSITE-ProRule:PRU00076		disulfide_bond
P07207	917-932	ECO:0000255|PROSITE-ProRule:PRU00076		disulfide_bond
P07207	934-943	ECO:0000255|PROSITE-ProRule:PRU00076		disulfide_bond
P07207	950-961	ECO:0000255|PROSITE-ProRule:PRU00076		disulfide_bond
P07207	955-970	ECO:0000255|PROSITE-ProRule:PRU00076		disulfide_bond
P07207	972-981	ECO:0000255|PROSITE-ProRule:PRU00076		disulfide_bond
P07207	988-999	ECO:0000255|PROSITE-ProRule:PRU00076		disulfide_bond
P07207	993-1008	ECO:0000255|PROSITE-ProRule:PRU00076		disulfide_bond
P07713	487-553	ECO:0000250		disulfide_bond
P07713	516-585	ECO:0000250		disulfide_bond
P07713	520-587	ECO:0000250		disulfide_bond
P07713	552	ECO:0000250	Interchain	disulfide_bond
P08099	130-207	ECO:0000255|PROSITE-ProRule:PRU00521		disulfide_bond
P08120	1570-1659	ECO:0000255|PROSITE-ProRule:PRU00736	Or C-1570 with C-1656	disulfide_bond
P08120	1603-1656	ECO:0000255|PROSITE-ProRule:PRU00736	Or C-1603 with C-1659	disulfide_bond
P08120	1615-1621	ECO:0000255|PROSITE-ProRule:PRU00736		disulfide_bond
P08120	1678-1774	ECO:0000255|PROSITE-ProRule:PRU00736	Or C-1678 with C-1771	disulfide_bond
P08120	1712-1771	ECO:0000255|PROSITE-ProRule:PRU00736	Or C-1712 with C-1774	disulfide_bond
P08120	1724-1731	ECO:0000255|PROSITE-ProRule:PRU00736		disulfide_bond
P08144	153-167	ECO:0000250|UniProtKB:P04746		disulfide_bond
P08144	376-382	ECO:0000250|UniProtKB:P04746		disulfide_bond
P08144	448-460	ECO:0000250|UniProtKB:P04746		disulfide_bond
P08144	46-102	ECO:0000250|UniProtKB:P04746		disulfide_bond
P08171	261-273	ECO:0000250		disulfide_bond
P08171	514-535	ECO:0000255		disulfide_bond
P08171	86-105	ECO:0000250		disulfide_bond
P08255	126-203	ECO:0000255|PROSITE-ProRule:PRU00521		disulfide_bond
P08761	48-246	ECO:0000269|PubMed:30529269	Redox-active	disulfide_bond
P08953	34-45	ECO:0007744|PDB:4ARN, ECO:0007744|PDB:4ARR, ECO:0007744|PDB:4LXR, ECO:0007744|PDB:4LXS		disulfide_bond
P08953	43-56	ECO:0007744|PDB:4ARN, ECO:0007744|PDB:4ARR, ECO:0007744|PDB:4BV4, ECO:0007744|PDB:4LXR, ECO:0007744|PDB:4LXS		disulfide_bond
P08953	565-597	ECO:0007744|PDB:4LXR, ECO:0007744|PDB:4LXS		disulfide_bond
P08953	567-618	ECO:0007744|PDB:4LXR, ECO:0007744|PDB:4LXS		disulfide_bond
P08953	631-637	ECO:0007744|PDB:4LXR, ECO:0007744|PDB:4LXS		disulfide_bond
P08953	635-650	ECO:0007744|PDB:4LXR, ECO:0007744|PDB:4LXS		disulfide_bond
P08953	755-781	ECO:0007744|PDB:4LXR, ECO:0007744|PDB:4LXS		disulfide_bond
P08953	757-799	ECO:0007744|PDB:4LXR, ECO:0007744|PDB:4LXS		disulfide_bond
P08953	79-107	ECO:0007744|PDB:4ARN, ECO:0007744|PDB:4ARR, ECO:0007744|PDB:4BV4, ECO:0007744|PDB:4LXR, ECO:0007744|PDB:4LXS		disulfide_bond
P09208	531-539	ECO:0000250		disulfide_bond
P09208	535-545	ECO:0000250		disulfide_bond
P09208	546-554	ECO:0000250		disulfide_bond
P09208	550-564	ECO:0000250		disulfide_bond
P09208	567-576	ECO:0000250		disulfide_bond
P09208	580-591	ECO:0000250		disulfide_bond
P09208	597-618	ECO:0000250		disulfide_bond
P09208	635-638	ECO:0000250		disulfide_bond
P09478	149-163	ECO:0000250		disulfide_bond
P09478	222-223	ECO:0000250	Associated with receptor activation	disulfide_bond
P09615	146-154	ECO:0000250|UniProtKB:P28026		disulfide_bond
P09615	156-185	ECO:0000250|UniProtKB:P28026		disulfide_bond
P09615	233-247	ECO:0000250|UniProtKB:P28026		disulfide_bond
P09615	235-242	ECO:0000250|UniProtKB:P28026		disulfide_bond
P09615	397-428	ECO:0000250|UniProtKB:P28026		disulfide_bond
P09615	413-423	ECO:0000250|UniProtKB:P28026		disulfide_bond
P09615	427-467	ECO:0000250|UniProtKB:P28026		disulfide_bond
P09615	443-458	ECO:0000250|UniProtKB:P28026		disulfide_bond
P09615	445-455	ECO:0000250|UniProtKB:P28026		disulfide_bond
P09615	450-451	ECO:0000250|UniProtKB:P28026		disulfide_bond
P09615	93-104	ECO:0000250|UniProtKB:P28026		disulfide_bond
P10040	1009-1018	ECO:0000255|PROSITE-ProRule:PRU00076		disulfide_bond
P10040	1171-1203	ECO:0000255|PROSITE-ProRule:PRU00122		disulfide_bond
P10040	1209-1220	ECO:0000255|PROSITE-ProRule:PRU00076		disulfide_bond
P10040	1214-1229	ECO:0000255|PROSITE-ProRule:PRU00076		disulfide_bond
P10040	1231-1240	ECO:0000255|PROSITE-ProRule:PRU00076		disulfide_bond
P10040	1483-1494	ECO:0000255|PROSITE-ProRule:PRU00076		disulfide_bond
P10040	1488-1503	ECO:0000255|PROSITE-ProRule:PRU00076		disulfide_bond
P10040	1505-1514	ECO:0000255|PROSITE-ProRule:PRU00076		disulfide_bond
P10040	1713-1757	ECO:0000255|PROSITE-ProRule:PRU00122		disulfide_bond
P10040	1760-1771	ECO:0000255|PROSITE-ProRule:PRU00076		disulfide_bond
P10040	1765-1780	ECO:0000255|PROSITE-ProRule:PRU00076		disulfide_bond
P10040	1782-1791	ECO:0000255|PROSITE-ProRule:PRU00076		disulfide_bond
P10040	1798-1809	ECO:0000255|PROSITE-ProRule:PRU00076		disulfide_bond
P10040	1803-1818	ECO:0000255|PROSITE-ProRule:PRU00076		disulfide_bond
P10040	1820-1829	ECO:0000255|PROSITE-ProRule:PRU00076		disulfide_bond
P10040	1836-1847	ECO:0000255|PROSITE-ProRule:PRU00076		disulfide_bond
P10040	1841-1856	ECO:0000255|PROSITE-ProRule:PRU00076		disulfide_bond
P10040	1858-1867	ECO:0000255|PROSITE-ProRule:PRU00076		disulfide_bond
P10040	1875-1886	ECO:0000255|PROSITE-ProRule:PRU00076		disulfide_bond
P10040	1880-1900	ECO:0000255|PROSITE-ProRule:PRU00076		disulfide_bond
P10040	1916-1927	ECO:0000255|PROSITE-ProRule:PRU00076		disulfide_bond
P10040	1921-1936	ECO:0000255|PROSITE-ProRule:PRU00076		disulfide_bond
P10040	1938-1947	ECO:0000255|PROSITE-ProRule:PRU00076		disulfide_bond
P10040	1954-1965	ECO:0000255|PROSITE-ProRule:PRU00076		disulfide_bond
P10040	1959-1974	ECO:0000255|PROSITE-ProRule:PRU00076		disulfide_bond
P10040	1976-1986	ECO:0000255|PROSITE-ProRule:PRU00076		disulfide_bond
P10040	1993-2006	ECO:0000255|PROSITE-ProRule:PRU00076		disulfide_bond
P10040	2000-2015	ECO:0000255|PROSITE-ProRule:PRU00076		disulfide_bond
P10040	2017-2026	ECO:0000255|PROSITE-ProRule:PRU00076		disulfide_bond
P10040	2032-2044	ECO:0000255|PROSITE-ProRule:PRU00076		disulfide_bond
P10040	2038-2056	ECO:0000255|PROSITE-ProRule:PRU00076		disulfide_bond
P10040	2058-2067	ECO:0000255|PROSITE-ProRule:PRU00076		disulfide_bond
P10040	269-280	ECO:0000255|PROSITE-ProRule:PRU00076		disulfide_bond
P10040	274-289	ECO:0000255|PROSITE-ProRule:PRU00076		disulfide_bond
P10040	291-300	ECO:0000255|PROSITE-ProRule:PRU00076		disulfide_bond
P10040	308-319	ECO:0000255|PROSITE-ProRule:PRU00076		disulfide_bond
P10040	313-329	ECO:0000255|PROSITE-ProRule:PRU00076		disulfide_bond
P10040	331-340	ECO:0000255|PROSITE-ProRule:PRU00076		disulfide_bond
P10040	350-361	ECO:0000255|PROSITE-ProRule:PRU00076		disulfide_bond
P10040	355-372	ECO:0000255|PROSITE-ProRule:PRU00076		disulfide_bond
P10040	374-383	ECO:0000255|PROSITE-ProRule:PRU00076		disulfide_bond
P10040	390-401	ECO:0000255|PROSITE-ProRule:PRU00076		disulfide_bond
P10040	395-410	ECO:0000255|PROSITE-ProRule:PRU00076		disulfide_bond
P10040	412-422	ECO:0000255|PROSITE-ProRule:PRU00076		disulfide_bond
P10040	429-440	ECO:0000255|PROSITE-ProRule:PRU00076		disulfide_bond
P10040	434-449	ECO:0000255|PROSITE-ProRule:PRU00076		disulfide_bond
P10040	451-460	ECO:0000255|PROSITE-ProRule:PRU00076		disulfide_bond
P10040	466-477	ECO:0000255|PROSITE-ProRule:PRU00076		disulfide_bond
P10040	471-486	ECO:0000255|PROSITE-ProRule:PRU00076		disulfide_bond
P10040	488-497	ECO:0000255|PROSITE-ProRule:PRU00076		disulfide_bond
P10040	547-560	ECO:0000255|PROSITE-ProRule:PRU00076		disulfide_bond
P10040	554-567	ECO:0000255|PROSITE-ProRule:PRU00076		disulfide_bond
P10040	569-578	ECO:0000255|PROSITE-ProRule:PRU00076		disulfide_bond
P10040	611-622	ECO:0000255|PROSITE-ProRule:PRU00076		disulfide_bond
P10040	616-632	ECO:0000255|PROSITE-ProRule:PRU00076		disulfide_bond
P10040	634-643	ECO:0000255|PROSITE-ProRule:PRU00076		disulfide_bond
P10040	650-662	ECO:0000255|PROSITE-ProRule:PRU00076		disulfide_bond
P10040	657-671	ECO:0000255|PROSITE-ProRule:PRU00076		disulfide_bond
P10040	673-682	ECO:0000255|PROSITE-ProRule:PRU00076		disulfide_bond
P10040	689-700	ECO:0000255|PROSITE-ProRule:PRU00076		disulfide_bond
P10040	694-709	ECO:0000255|PROSITE-ProRule:PRU00076		disulfide_bond
P10040	711-720	ECO:0000255|PROSITE-ProRule:PRU00076		disulfide_bond
P10040	727-738	ECO:0000255|PROSITE-ProRule:PRU00076		disulfide_bond
P10040	732-747	ECO:0000255|PROSITE-ProRule:PRU00076		disulfide_bond
P10040	749-758	ECO:0000255|PROSITE-ProRule:PRU00076		disulfide_bond
P10040	765-776	ECO:0000255|PROSITE-ProRule:PRU00076		disulfide_bond
P10040	770-785	ECO:0000255|PROSITE-ProRule:PRU00076		disulfide_bond
P10040	787-797	ECO:0000255|PROSITE-ProRule:PRU00076		disulfide_bond
P10040	804-815	ECO:0000255|PROSITE-ProRule:PRU00076		disulfide_bond
P10040	809-824	ECO:0000255|PROSITE-ProRule:PRU00076		disulfide_bond
P10040	826-835	ECO:0000255|PROSITE-ProRule:PRU00076		disulfide_bond
P10040	842-853	ECO:0000255|PROSITE-ProRule:PRU00076		disulfide_bond
P10040	847-888	ECO:0000255|PROSITE-ProRule:PRU00076		disulfide_bond
P10040	890-899	ECO:0000255|PROSITE-ProRule:PRU00076		disulfide_bond
P10040	906-917	ECO:0000255|PROSITE-ProRule:PRU00076		disulfide_bond
P10040	911-926	ECO:0000255|PROSITE-ProRule:PRU00076		disulfide_bond
P10040	928-937	ECO:0000255|PROSITE-ProRule:PRU00076		disulfide_bond
P10040	944-955	ECO:0000255|PROSITE-ProRule:PRU00076		disulfide_bond
P10040	950-964	ECO:0000255|PROSITE-ProRule:PRU00076		disulfide_bond
P10040	966-975	ECO:0000255|PROSITE-ProRule:PRU00076		disulfide_bond
P10040	982-993	ECO:0000255|PROSITE-ProRule:PRU00076		disulfide_bond
P10040	987-1007	ECO:0000255|PROSITE-ProRule:PRU00076		disulfide_bond
P10041	184-193	ECO:0000250|UniProtKB:D3ZHH1, ECO:0000255|PROSITE-ProRule:PRU00377		disulfide_bond
P10041	197-209	ECO:0000250|UniProtKB:D3ZHH1, ECO:0000255|PROSITE-ProRule:PRU00377		disulfide_bond
P10041	217-226	ECO:0000250|UniProtKB:D3ZHH1, ECO:0000255|PROSITE-ProRule:PRU00377		disulfide_bond
P10041	231-240	ECO:0000250|UniProtKB:D3ZHH1, ECO:0000255|PROSITE-ProRule:PRU00076		disulfide_bond
P10041	235-246	ECO:0000250|UniProtKB:D3ZHH1, ECO:0000255|PROSITE-ProRule:PRU00076		disulfide_bond
P10041	248-257	ECO:0000250|UniProtKB:D3ZHH1, ECO:0000255|PROSITE-ProRule:PRU00076		disulfide_bond
P10041	260-271	ECO:0000250|UniProtKB:D3ZHH1		disulfide_bond
P10041	266-277	ECO:0000250|UniProtKB:D3ZHH1		disulfide_bond
P10041	279-288	ECO:0000250|UniProtKB:D3ZHH1, ECO:0000255|PROSITE-ProRule:PRU00076		disulfide_bond
P10041	295-307	ECO:0000250, ECO:0000255|PROSITE-ProRule:PRU00076		disulfide_bond
P10041	301-317	ECO:0000250, ECO:0000255|PROSITE-ProRule:PRU00076		disulfide_bond
P10041	319-328	ECO:0000250, ECO:0000255|PROSITE-ProRule:PRU00076		disulfide_bond
P10041	335-348	ECO:0000250, ECO:0000255|PROSITE-ProRule:PRU00076		disulfide_bond
P10041	342-360	ECO:0000250, ECO:0000255|PROSITE-ProRule:PRU00076		disulfide_bond
P10041	362-371	ECO:0000250, ECO:0000255|PROSITE-ProRule:PRU00076		disulfide_bond
P10041	378-388	ECO:0000250, ECO:0000255|PROSITE-ProRule:PRU00076		disulfide_bond
P10041	383-404	ECO:0000250, ECO:0000255|PROSITE-ProRule:PRU00076		disulfide_bond
P10041	406-415	ECO:0000250, ECO:0000255|PROSITE-ProRule:PRU00076		disulfide_bond
P10041	422-433	ECO:0000250, ECO:0000255|PROSITE-ProRule:PRU00076		disulfide_bond
P10041	427-439	ECO:0000250, ECO:0000255|PROSITE-ProRule:PRU00076		disulfide_bond
P10041	441-450	ECO:0000250, ECO:0000255|PROSITE-ProRule:PRU00076		disulfide_bond
P10041	457-468	ECO:0000250, ECO:0000255|PROSITE-ProRule:PRU00076		disulfide_bond
P10041	46-61	ECO:0000250|UniProtKB:D3ZHH1		disulfide_bond
P10041	462-477	ECO:0000250, ECO:0000255|PROSITE-ProRule:PRU00076		disulfide_bond
P10041	479-488	ECO:0000250, ECO:0000255|PROSITE-ProRule:PRU00076		disulfide_bond
P10041	495-506	ECO:0000250, ECO:0000255|PROSITE-ProRule:PRU00076		disulfide_bond
P10041	500-515	ECO:0000250, ECO:0000255|PROSITE-ProRule:PRU00076		disulfide_bond
P10041	517-526	ECO:0000250, ECO:0000255|PROSITE-ProRule:PRU00076		disulfide_bond
P10041	533-544	ECO:0000250, ECO:0000255|PROSITE-ProRule:PRU00076		disulfide_bond
P10041	538-553	ECO:0000250, ECO:0000255|PROSITE-ProRule:PRU00076		disulfide_bond
P10041	555-564	ECO:0000250, ECO:0000255|PROSITE-ProRule:PRU00076		disulfide_bond
P10041	68-82	ECO:0000250|UniProtKB:D3ZHH1		disulfide_bond
P11046	1015-1024	ECO:0000255|PROSITE-ProRule:PRU00460		disulfide_bond
P11046	1027-1040	ECO:0000255|PROSITE-ProRule:PRU00460		disulfide_bond
P11046	1043-1057	ECO:0000255|PROSITE-ProRule:PRU00460		disulfide_bond
P11046	1045-1064	ECO:0000255|PROSITE-ProRule:PRU00460		disulfide_bond
P11046	1066-1075	ECO:0000255|PROSITE-ProRule:PRU00460		disulfide_bond
P11046	1078-1091	ECO:0000255|PROSITE-ProRule:PRU00460		disulfide_bond
P11046	1094-1106	ECO:0000255|PROSITE-ProRule:PRU00460		disulfide_bond
P11046	1096-1113	ECO:0000255|PROSITE-ProRule:PRU00460		disulfide_bond
P11046	1115-1124	ECO:0000255|PROSITE-ProRule:PRU00460		disulfide_bond
P11046	1127-1139	ECO:0000255|PROSITE-ProRule:PRU00460		disulfide_bond
P11046	1142-1154	ECO:0000255|PROSITE-ProRule:PRU00460		disulfide_bond
P11046	1144-1161	ECO:0000255|PROSITE-ProRule:PRU00460		disulfide_bond
P11046	1163-1172	ECO:0000255|PROSITE-ProRule:PRU00460		disulfide_bond
P11046	1175-1186	ECO:0000255|PROSITE-ProRule:PRU00460		disulfide_bond
P11046	1189	ECO:0000305	Interchain	disulfide_bond
P11046	1192	ECO:0000305	Interchain	disulfide_bond
P11046	1786	ECO:0000305	Interchain	disulfide_bond
P11046	288-297	ECO:0000255|PROSITE-ProRule:PRU00460		disulfide_bond
P11046	290-318	ECO:0000255|PROSITE-ProRule:PRU00460		disulfide_bond
P11046	320-329	ECO:0000255|PROSITE-ProRule:PRU00460		disulfide_bond
P11046	332-352	ECO:0000255|PROSITE-ProRule:PRU00460		disulfide_bond
P11046	355-364	ECO:0000255|PROSITE-ProRule:PRU00460		disulfide_bond
P11046	357-382	ECO:0000255|PROSITE-ProRule:PRU00460		disulfide_bond
P11046	385-394	ECO:0000255|PROSITE-ProRule:PRU00460		disulfide_bond
P11046	397-415	ECO:0000255|PROSITE-ProRule:PRU00460		disulfide_bond
P11046	418-431	ECO:0000255|PROSITE-ProRule:PRU00460		disulfide_bond
P11046	420-446	ECO:0000255|PROSITE-ProRule:PRU00460		disulfide_bond
P11046	448-457	ECO:0000255|PROSITE-ProRule:PRU00460		disulfide_bond
P11046	460-475	ECO:0000255|PROSITE-ProRule:PRU00460		disulfide_bond
P11046	478-491	ECO:0000255|PROSITE-ProRule:PRU00460		disulfide_bond
P11046	480-498	ECO:0000255|PROSITE-ProRule:PRU00460		disulfide_bond
P11046	500-509	ECO:0000255|PROSITE-ProRule:PRU00460		disulfide_bond
P11046	512-526	ECO:0000255|PROSITE-ProRule:PRU00460		disulfide_bond
P11046	529-541	ECO:0000255|PROSITE-ProRule:PRU00460		disulfide_bond
P11046	531-548	ECO:0000255|PROSITE-ProRule:PRU00460		disulfide_bond
P11046	550-559	ECO:0000255|PROSITE-ProRule:PRU00460		disulfide_bond
P11046	789-801	ECO:0000255|PROSITE-ProRule:PRU00460		disulfide_bond
P11046	791-808	ECO:0000255|PROSITE-ProRule:PRU00460		disulfide_bond
P11046	810-819	ECO:0000255|PROSITE-ProRule:PRU00460		disulfide_bond
P11046	822-834	ECO:0000255|PROSITE-ProRule:PRU00460		disulfide_bond
P11046	837-849	ECO:0000255|PROSITE-ProRule:PRU00460		disulfide_bond
P11046	839-856	ECO:0000255|PROSITE-ProRule:PRU00460		disulfide_bond
P11046	858-867	ECO:0000255|PROSITE-ProRule:PRU00460		disulfide_bond
P11046	870-880	ECO:0000255|PROSITE-ProRule:PRU00460		disulfide_bond
P11046	883-892	ECO:0000255|PROSITE-ProRule:PRU00460		disulfide_bond
P11046	885-899	ECO:0000255|PROSITE-ProRule:PRU00460		disulfide_bond
P11046	902-911	ECO:0000255|PROSITE-ProRule:PRU00460		disulfide_bond
P11046	914-930	ECO:0000255|PROSITE-ProRule:PRU00460		disulfide_bond
P11046	933-949	ECO:0000255|PROSITE-ProRule:PRU00460		disulfide_bond
P11046	935-960	ECO:0000255|PROSITE-ProRule:PRU00460		disulfide_bond
P11046	962-971	ECO:0000255|PROSITE-ProRule:PRU00460		disulfide_bond
P11046	974-988	ECO:0000255|PROSITE-ProRule:PRU00460		disulfide_bond
P11046	991-1005	ECO:0000255|PROSITE-ProRule:PRU00460		disulfide_bond
P11046	993-1012	ECO:0000255|PROSITE-ProRule:PRU00460		disulfide_bond
P11584	249-252	ECO:0000250		disulfide_bond
P11584	300-341	ECO:0000250		disulfide_bond
P11584	441-453	ECO:0000250		disulfide_bond
P11584	46-55	ECO:0000250		disulfide_bond
P11584	473-741	ECO:0000250		disulfide_bond
P11584	507-530	ECO:0000255|PROSITE-ProRule:PRU01392		disulfide_bond
P11584	522-533	ECO:0000255|PROSITE-ProRule:PRU01392		disulfide_bond
P11584	535-544	ECO:0000255|PROSITE-ProRule:PRU01392		disulfide_bond
P11584	546-579	ECO:0000255|PROSITE-ProRule:PRU01392		disulfide_bond
P11584	561-577	ECO:0000255|PROSITE-ProRule:PRU01392		disulfide_bond
P11584	571-582	ECO:0000255|PROSITE-ProRule:PRU01392		disulfide_bond
P11584	584-599	ECO:0000255|PROSITE-ProRule:PRU01392		disulfide_bond
P11584	601-624	ECO:0000255|PROSITE-ProRule:PRU01392		disulfide_bond
P11584	606-622	ECO:0000255|PROSITE-ProRule:PRU01392		disulfide_bond
P11584	614-627	ECO:0000255|PROSITE-ProRule:PRU01392		disulfide_bond
P11584	629-638	ECO:0000255|PROSITE-ProRule:PRU01392		disulfide_bond
P11584	640-664	ECO:0000255|PROSITE-ProRule:PRU01392		disulfide_bond
P11584	647-662	ECO:0000255|PROSITE-ProRule:PRU01392		disulfide_bond
P11584	656-667	ECO:0000255|PROSITE-ProRule:PRU01392		disulfide_bond
P11584	669-682	ECO:0000255|PROSITE-ProRule:PRU01392		disulfide_bond
P11584	685-688	ECO:0000250		disulfide_bond
P11584	692-701	ECO:0000250		disulfide_bond
P11584	698-771	ECO:0000250		disulfide_bond
P11584	719-749	ECO:0000250		disulfide_bond
P13582	120-260	ECO:0000250|UniProtKB:Q9VB68		disulfide_bond
P13582	158-174	ECO:0000255|PROSITE-ProRule:PRU00274		disulfide_bond
P13582	202-212	ECO:0000250|UniProtKB:Q9VB68		disulfide_bond
P13582	307-324	ECO:0000255|PROSITE-ProRule:PRU00274		disulfide_bond
P13582	334-367	ECO:0000255|PROSITE-ProRule:PRU00274		disulfide_bond
P13582	37-88	ECO:0000255|PROSITE-ProRule:PRU01236		disulfide_bond
P13582	47-78	ECO:0000255|PROSITE-ProRule:PRU01236		disulfide_bond
P13582	53-89	ECO:0000255|PROSITE-ProRule:PRU01236		disulfide_bond
P14599	106-116	ECO:0000255|PROSITE-ProRule:PRU01217		disulfide_bond
P14599	143-197	ECO:0000255|PROSITE-ProRule:PRU01217		disulfide_bond
P14599	154-184	ECO:0000255|PROSITE-ProRule:PRU01217		disulfide_bond
P14599	168-196	ECO:0000255|PROSITE-ProRule:PRU01217		disulfide_bond
P14599	40-70	ECO:0000255|PROSITE-ProRule:PRU01217		disulfide_bond
P14599	81-128	ECO:0000255|PROSITE-ProRule:PRU01217		disulfide_bond
P15215	1004-1016	ECO:0000255|PROSITE-ProRule:PRU00460		disulfide_bond
P15215	1006-1022	ECO:0000255|PROSITE-ProRule:PRU00460		disulfide_bond
P15215	1024-1033	ECO:0000255|PROSITE-ProRule:PRU00460		disulfide_bond
P15215	1036-1047	ECO:0000255|PROSITE-ProRule:PRU00460		disulfide_bond
P15215	1050	ECO:0000305	Interchain	disulfide_bond
P15215	1053	ECO:0000305	Interchain	disulfide_bond
P15215	1631	ECO:0000305	Interchain	disulfide_bond
P15215	299-308	ECO:0000255|PROSITE-ProRule:PRU00460		disulfide_bond
P15215	301-322	ECO:0000255|PROSITE-ProRule:PRU00460		disulfide_bond
P15215	324-333	ECO:0000255|PROSITE-ProRule:PRU00460		disulfide_bond
P15215	336-356	ECO:0000255|PROSITE-ProRule:PRU00460		disulfide_bond
P15215	359-368	ECO:0000255|PROSITE-ProRule:PRU00460		disulfide_bond
P15215	361-384	ECO:0000255|PROSITE-ProRule:PRU00460		disulfide_bond
P15215	387-396	ECO:0000255|PROSITE-ProRule:PRU00460		disulfide_bond
P15215	399-411	ECO:0000255|PROSITE-ProRule:PRU00460		disulfide_bond
P15215	414-426	ECO:0000255|PROSITE-ProRule:PRU00460		disulfide_bond
P15215	416-432	ECO:0000255|PROSITE-ProRule:PRU00460		disulfide_bond
P15215	434-443	ECO:0000255|PROSITE-ProRule:PRU00460		disulfide_bond
P15215	446-458	ECO:0000255|PROSITE-ProRule:PRU00460		disulfide_bond
P15215	461-475	ECO:0000255|PROSITE-ProRule:PRU00460		disulfide_bond
P15215	463-482	ECO:0000255|PROSITE-ProRule:PRU00460		disulfide_bond
P15215	484-493	ECO:0000255|PROSITE-ProRule:PRU00460		disulfide_bond
P15215	496-511	ECO:0000255|PROSITE-ProRule:PRU00460		disulfide_bond
P15215	712-721	ECO:0000255|PROSITE-ProRule:PRU00460		disulfide_bond
P15215	724-741	ECO:0000255|PROSITE-ProRule:PRU00460		disulfide_bond
P15215	744-753	ECO:0000255|PROSITE-ProRule:PRU00460		disulfide_bond
P15215	746-760	ECO:0000255|PROSITE-ProRule:PRU00460		disulfide_bond
P15215	762-771	ECO:0000255|PROSITE-ProRule:PRU00460		disulfide_bond
P15215	774-790	ECO:0000255|PROSITE-ProRule:PRU00460		disulfide_bond
P15215	793-801	ECO:0000255|PROSITE-ProRule:PRU00460		disulfide_bond
P15215	795-811	ECO:0000255|PROSITE-ProRule:PRU00460		disulfide_bond
P15215	814-823	ECO:0000255|PROSITE-ProRule:PRU00460		disulfide_bond
P15215	826-844	ECO:0000255|PROSITE-ProRule:PRU00460		disulfide_bond
P15215	847-861	ECO:0000255|PROSITE-ProRule:PRU00460		disulfide_bond
P15215	849-868	ECO:0000255|PROSITE-ProRule:PRU00460		disulfide_bond
P15215	871-880	ECO:0000255|PROSITE-ProRule:PRU00460		disulfide_bond
P15215	883-899	ECO:0000255|PROSITE-ProRule:PRU00460		disulfide_bond
P15215	902-919	ECO:0000255|PROSITE-ProRule:PRU00460		disulfide_bond
P15215	904-926	ECO:0000255|PROSITE-ProRule:PRU00460		disulfide_bond
P15215	928-937	ECO:0000255|PROSITE-ProRule:PRU00460		disulfide_bond
P15215	940-953	ECO:0000255|PROSITE-ProRule:PRU00460		disulfide_bond
P15215	956-968	ECO:0000255|PROSITE-ProRule:PRU00460		disulfide_bond
P15215	958-975	ECO:0000255|PROSITE-ProRule:PRU00460		disulfide_bond
P15215	977-986	ECO:0000255|PROSITE-ProRule:PRU00460		disulfide_bond
P15215	989-1001	ECO:0000255|PROSITE-ProRule:PRU00460		disulfide_bond
P15278	150-211	ECO:0000255|PROSITE-ProRule:PRU00114		disulfide_bond
P15364	161-208	ECO:0000305		disulfide_bond
P15364	251-307	ECO:0000305		disulfide_bond
P15364	46-117	ECO:0000305		disulfide_bond
P16620	154-214	ECO:0000255|PROSITE-ProRule:PRU00114		disulfide_bond
P16620	45-112	ECO:0000255|PROSITE-ProRule:PRU00114		disulfide_bond
P16621	161-209	ECO:0000255|PROSITE-ProRule:PRU00114, ECO:0000269|PubMed:21402080		disulfide_bond
P16621	256-301	ECO:0000255|PROSITE-ProRule:PRU00114		disulfide_bond
P16621	57-111	ECO:0000255|PROSITE-ProRule:PRU00114, ECO:0000269|PubMed:21402080		disulfide_bond
P16905	17	ECO:0000250	Interchain (with C-38)	disulfide_bond
P16905	38	ECO:0000250	Interchain (with C-17)	disulfide_bond
P17207	193-208	ECO:0000255|PROSITE-ProRule:PRU00274		disulfide_bond
P17207	218-246	ECO:0000255|PROSITE-ProRule:PRU00274		disulfide_bond
P17207	69-85	ECO:0000255|PROSITE-ProRule:PRU00274		disulfide_bond
P17644	169-183	ECO:0000250		disulfide_bond
P17644	243-244	ECO:0000250	Associated with receptor activation	disulfide_bond
P18167	258-270	ECO:0000250		disulfide_bond
P18167	514-535	ECO:0000255		disulfide_bond
P18167	83-102	ECO:0000250		disulfide_bond
P18168	240-249	ECO:0000250, ECO:0000255|PROSITE-ProRule:PRU00377		disulfide_bond
P18168	253-265	ECO:0000250, ECO:0000255|PROSITE-ProRule:PRU00377		disulfide_bond
P18168	273-282	ECO:0000250, ECO:0000255|PROSITE-ProRule:PRU00377		disulfide_bond
P18168	287-298	ECO:0000250, ECO:0000255|PROSITE-ProRule:PRU00377		disulfide_bond
P18168	291-304	ECO:0000250, ECO:0000255|PROSITE-ProRule:PRU00377		disulfide_bond
P18168	306-315	ECO:0000250, ECO:0000255|PROSITE-ProRule:PRU00377		disulfide_bond
P18168	318-329	ECO:0000250		disulfide_bond
P18168	324-336	ECO:0000250		disulfide_bond
P18168	338-347	ECO:0000250		disulfide_bond
P18168	354-366	ECO:0000250, ECO:0000255|PROSITE-ProRule:PRU00377		disulfide_bond
P18168	360-376	ECO:0000250, ECO:0000255|PROSITE-ProRule:PRU00377		disulfide_bond
P18168	378-387	ECO:0000250, ECO:0000255|PROSITE-ProRule:PRU00377		disulfide_bond
P18168	394-405	ECO:0000250		disulfide_bond
P18168	399-476	ECO:0000250		disulfide_bond
P18168	478-487	ECO:0000250, ECO:0000255|PROSITE-ProRule:PRU00377		disulfide_bond
P18168	494-505	ECO:0000250, ECO:0000255|PROSITE-ProRule:PRU00377		disulfide_bond
P18168	499-514	ECO:0000250, ECO:0000255|PROSITE-ProRule:PRU00377		disulfide_bond
P18168	516-525	ECO:0000250, ECO:0000255|PROSITE-ProRule:PRU00377		disulfide_bond
P18168	532-587	ECO:0000250		disulfide_bond
P18168	581-596	ECO:0000250, ECO:0000255|PROSITE-ProRule:PRU00377		disulfide_bond
P18168	598-607	ECO:0000250, ECO:0000255|PROSITE-ProRule:PRU00377		disulfide_bond
P18168	614-624	ECO:0000250, ECO:0000255|PROSITE-ProRule:PRU00377		disulfide_bond
P18168	618-633	ECO:0000250, ECO:0000255|PROSITE-ProRule:PRU00377		disulfide_bond
P18168	635-644	ECO:0000250, ECO:0000255|PROSITE-ProRule:PRU00377		disulfide_bond
P18168	651-662	ECO:0000250, ECO:0000255|PROSITE-ProRule:PRU00377		disulfide_bond
P18168	656-671	ECO:0000250, ECO:0000255|PROSITE-ProRule:PRU00377		disulfide_bond
P18168	673-682	ECO:0000250, ECO:0000255|PROSITE-ProRule:PRU00377		disulfide_bond
P18168	689-699	ECO:0000250, ECO:0000255|PROSITE-ProRule:PRU00377		disulfide_bond
P18168	694-708	ECO:0000250, ECO:0000255|PROSITE-ProRule:PRU00377		disulfide_bond
P18168	710-719	ECO:0000250, ECO:0000255|PROSITE-ProRule:PRU00377		disulfide_bond
P18168	769-784	ECO:0000250, ECO:0000255|PROSITE-ProRule:PRU00377		disulfide_bond
P18168	786-795	ECO:0000250, ECO:0000255|PROSITE-ProRule:PRU00377		disulfide_bond
P18168	802-813	ECO:0000250, ECO:0000255|PROSITE-ProRule:PRU00377		disulfide_bond
P18168	807-822	ECO:0000250, ECO:0000255|PROSITE-ProRule:PRU00377		disulfide_bond
P18168	824-833	ECO:0000250, ECO:0000255|PROSITE-ProRule:PRU00377		disulfide_bond
P18168	840-851	ECO:0000250, ECO:0000255|PROSITE-ProRule:PRU00377		disulfide_bond
P18168	845-864	ECO:0000250, ECO:0000255|PROSITE-ProRule:PRU00377		disulfide_bond
P18168	866-875	ECO:0000250, ECO:0000255|PROSITE-ProRule:PRU00377		disulfide_bond
P18168	882-893	ECO:0000250, ECO:0000255|PROSITE-ProRule:PRU00377		disulfide_bond
P18168	887-902	ECO:0000250, ECO:0000255|PROSITE-ProRule:PRU00377		disulfide_bond
P18168	904-913	ECO:0000250, ECO:0000255|PROSITE-ProRule:PRU00377		disulfide_bond
P18168	920-931	ECO:0000250, ECO:0000255|PROSITE-ProRule:PRU00377		disulfide_bond
P18168	925-940	ECO:0000250, ECO:0000255|PROSITE-ProRule:PRU00377		disulfide_bond
P18168	942-951	ECO:0000250, ECO:0000255|PROSITE-ProRule:PRU00377		disulfide_bond
P18537	124-163	ECO:0000255|PROSITE-ProRule:PRU00090		disulfide_bond
P18537	128-151	ECO:0000255|PROSITE-ProRule:PRU00090		disulfide_bond
P18537	53-114	ECO:0000255|PROSITE-ProRule:PRU00090		disulfide_bond
P18537	61-107	ECO:0000255|PROSITE-ProRule:PRU00090		disulfide_bond
P18537	98-134	ECO:0000255|PROSITE-ProRule:PRU00090		disulfide_bond
P20241	155-212	ECO:0000250|UniProtKB:P25033		disulfide_bond
P20241	268-317	ECO:0000250|UniProtKB:P25033		disulfide_bond
P20241	360-410	ECO:0000250|UniProtKB:P25033		disulfide_bond
P20241	59-111	ECO:0000255|PROSITE-ProRule:PRU00114		disulfide_bond
P20241	625-706	ECO:0000255|PROSITE-ProRule:PRU00114, ECO:0000269|PubMed:7512815		disulfide_bond
P20905	235-314	ECO:0000255|PROSITE-ProRule:PRU00521		disulfide_bond
P21520	542-568	ECO:0000255|PROSITE-ProRule:PRU00739		disulfide_bond
P21520	687-700	ECO:0000255|PROSITE-ProRule:PRU00739		disulfide_bond
P22270	182-261	ECO:0000255|PROSITE-ProRule:PRU00521		disulfide_bond
P23654	422-437	ECO:0000250		disulfide_bond
P23654	600-605	ECO:0000250		disulfide_bond
P23654	738-830	ECO:0000250		disulfide_bond
P23779	94-115	ECO:0000250		disulfide_bond
P24014	1013-1025	ECO:0000250		disulfide_bond
P24014	1019-1034	ECO:0000250		disulfide_bond
P24014	1036-1045	ECO:0000250		disulfide_bond
P24014	1052-1065	ECO:0000250		disulfide_bond
P24014	1059-1074	ECO:0000250		disulfide_bond
P24014	1076-1085	ECO:0000250		disulfide_bond
P24014	1092-1103	ECO:0000250		disulfide_bond
P24014	1097-1112	ECO:0000250		disulfide_bond
P24014	1114-1123	ECO:0000250		disulfide_bond
P24014	1139-1149	ECO:0000250		disulfide_bond
P24014	1144-1161	ECO:0000250		disulfide_bond
P24014	1163-1172	ECO:0000250		disulfide_bond
P24014	1323-1349	ECO:0000250		disulfide_bond
P24014	1381-1392	ECO:0000250		disulfide_bond
P24014	1386-1404	ECO:0000250		disulfide_bond
P24014	1406-1415	ECO:0000250		disulfide_bond
P24014	1433-1467	ECO:0000250		disulfide_bond
P24014	1447-1481	ECO:0000250		disulfide_bond
P24014	1458-1497	ECO:0000250		disulfide_bond
P24014	1462-1499	ECO:0000250		disulfide_bond
P24014	543-549	ECO:0000269|PubMed:15496984		disulfide_bond
P24014	547-556	ECO:0000269|PubMed:15496984		disulfide_bond
P24014	657-733	ECO:0000269|PubMed:15496984		disulfide_bond
P24014	681-704	ECO:0000269|PubMed:15496984		disulfide_bond
P24014	683-725	ECO:0000269|PubMed:15496984		disulfide_bond
P24014	935-946	ECO:0000250		disulfide_bond
P24014	940-956	ECO:0000250		disulfide_bond
P24014	958-967	ECO:0000250		disulfide_bond
P24014	974-985	ECO:0000250		disulfide_bond
P24014	979-995	ECO:0000250		disulfide_bond
P24014	997-1006	ECO:0000250		disulfide_bond
P25123	185-199	ECO:0000250		disulfide_bond
P25162	154-168	ECO:0000250		disulfide_bond
P25722	200-208	ECO:0000250|UniProtKB:Q76KB1		disulfide_bond
P25722	221-227	ECO:0000250|UniProtKB:Q76KB1		disulfide_bond
P25723	179-337	ECO:0000255|PROSITE-ProRule:PRU01211		disulfide_bond
P25723	201-223	ECO:0000255|PROSITE-ProRule:PRU01211		disulfide_bond
P25723	203-204	ECO:0000255|PROSITE-ProRule:PRU01211		disulfide_bond
P25723	340-390	ECO:0000250		disulfide_bond
P25723	417-439	ECO:0000250		disulfide_bond
P25723	478-505	ECO:0000250		disulfide_bond
P25723	532-554	ECO:0000250		disulfide_bond
P25723	595-606	ECO:0000250		disulfide_bond
P25723	602-615	ECO:0000250		disulfide_bond
P25723	617-630	ECO:0000250		disulfide_bond
P25723	634-662	ECO:0000250		disulfide_bond
P25723	693-716	ECO:0000250		disulfide_bond
P25723	757-768	ECO:0000250		disulfide_bond
P25723	764-777	ECO:0000250		disulfide_bond
P25723	779-792	ECO:0000250		disulfide_bond
P25723	797-823	ECO:0000250		disulfide_bond
P25723	850-872	ECO:0000250		disulfide_bond
P25723	910-940	ECO:0000250		disulfide_bond
P25723	967-989	ECO:0000250		disulfide_bond
P26016	430-579	ECO:0000250		disulfide_bond
P26016	522-552	ECO:0000250		disulfide_bond
P26016	669-695	ECO:0000250		disulfide_bond
P27091	354-420	ECO:0000250		disulfide_bond
P27091	383-452	ECO:0000250		disulfide_bond
P27091	387-454	ECO:0000250		disulfide_bond
P27091	419	ECO:0000250	Interchain	disulfide_bond
P28285	299-378	ECO:0000255|PROSITE-ProRule:PRU00521		disulfide_bond
P28286	163-242	ECO:0000255|PROSITE-ProRule:PRU00521		disulfide_bond
P28465	115-123	ECO:0000250|UniProtKB:P28026		disulfide_bond
P28465	125-148	ECO:0000250|UniProtKB:P28026		disulfide_bond
P28465	196-210	ECO:0000250|UniProtKB:P28026		disulfide_bond
P28465	198-205	ECO:0000250|UniProtKB:P28026		disulfide_bond
P28465	281-312	ECO:0000250|UniProtKB:P28026		disulfide_bond
P28465	297-307	ECO:0000250|UniProtKB:P28026		disulfide_bond
P28465	311-351	ECO:0000250|UniProtKB:P28026		disulfide_bond
P28465	327-342	ECO:0000250|UniProtKB:P28026		disulfide_bond
P28465	329-339	ECO:0000250|UniProtKB:P28026		disulfide_bond
P28465	334-335	ECO:0000250|UniProtKB:P28026		disulfide_bond
P28465	65-76	ECO:0000250|UniProtKB:P28026		disulfide_bond
P28466	583-594	ECO:0000250|UniProtKB:P28026		disulfide_bond
P28466	633-641	ECO:0000250|UniProtKB:P28026		disulfide_bond
P28466	643-661	ECO:0000250|UniProtKB:P28026		disulfide_bond
P28466	862-876	ECO:0000250|UniProtKB:P28026		disulfide_bond
P28466	864-871	ECO:0000250|UniProtKB:P28026		disulfide_bond
P28466	933-964	ECO:0000250|UniProtKB:P28026		disulfide_bond
P28466	949-959	ECO:0000250|UniProtKB:P28026		disulfide_bond
P28466	963-1003	ECO:0000250|UniProtKB:P28026		disulfide_bond
P28466	979-994	ECO:0000250|UniProtKB:P28026		disulfide_bond
P28466	981-991	ECO:0000250|UniProtKB:P28026		disulfide_bond
P28466	986-987	ECO:0000250|UniProtKB:P28026		disulfide_bond
P29413	105-137	ECO:0000250		disulfide_bond
P29615	25-140	ECO:0000255|PROSITE-ProRule:PRU00680		disulfide_bond
P29615	46-130	ECO:0000255|PROSITE-ProRule:PRU00680		disulfide_bond
P29615	81-97	ECO:0000255|PROSITE-ProRule:PRU00680		disulfide_bond
P29615	93-111	ECO:0000255|PROSITE-ProRule:PRU00680		disulfide_bond
P30430	430-579	ECO:0000250		disulfide_bond
P30430	522-552	ECO:0000250		disulfide_bond
P30430	669-695	ECO:0000250		disulfide_bond
P30432	473-629	ECO:0000250		disulfide_bond
P30432	565-595	ECO:0000250		disulfide_bond
P30432	720-748	ECO:0000250		disulfide_bond
P30975	174-254	ECO:0000255|PROSITE-ProRule:PRU00521		disulfide_bond
P33438	123-145	ECO:0000250		disulfide_bond
P33438	298-316	ECO:0000250		disulfide_bond
P33450	3954-3966	ECO:0000250		disulfide_bond
P33450	3960-3999	ECO:0000250		disulfide_bond
P33450	4001-4010	ECO:0000250		disulfide_bond
P33450	4017-4028	ECO:0000250		disulfide_bond
P33450	4022-4037	ECO:0000250		disulfide_bond
P33450	4039-4048	ECO:0000250		disulfide_bond
P33450	4056-4067	ECO:0000250		disulfide_bond
P33450	4061-4078	ECO:0000250		disulfide_bond
P33450	4080-4089	ECO:0000250		disulfide_bond
P33450	4096-4107	ECO:0000250		disulfide_bond
P33450	4101-4116	ECO:0000250		disulfide_bond
P33450	4118-4127	ECO:0000250		disulfide_bond
P33450	4294-4320	ECO:0000250		disulfide_bond
P33450	4325-4341	ECO:0000250		disulfide_bond
P33450	4334-4350	ECO:0000250		disulfide_bond
P33450	4352-4361	ECO:0000250		disulfide_bond
P33450	4536-4569	ECO:0000250		disulfide_bond
P34082	159-207	ECO:0000255|PROSITE-ProRule:PRU00114		disulfide_bond
P34082	251-302	ECO:0000255|PROSITE-ProRule:PRU00114		disulfide_bond
P34082	343-407	ECO:0000255|PROSITE-ProRule:PRU00114		disulfide_bond
P34082	451-504	ECO:0000255|PROSITE-ProRule:PRU00114		disulfide_bond
P34082	54-116	ECO:0000255|PROSITE-ProRule:PRU00114		disulfide_bond
P35004	180-197	ECO:0000255|PROSITE-ProRule:PRU00274		disulfide_bond
P35004	206-230	ECO:0000255|PROSITE-ProRule:PRU00274		disulfide_bond
P35004	56-72	ECO:0000255|PROSITE-ProRule:PRU00274		disulfide_bond
P35005	180-197	ECO:0000255|PROSITE-ProRule:PRU00274		disulfide_bond
P35005	206-230	ECO:0000255|PROSITE-ProRule:PRU00274		disulfide_bond
P35005	56-72	ECO:0000255|PROSITE-ProRule:PRU00274		disulfide_bond
P35415	368	ECO:0000255	Interchain	disulfide_bond
P35415	784	ECO:0000255	Interchain	disulfide_bond
P35500	1008-1016	ECO:0000250|UniProtKB:D0E0C2		disulfide_bond
P35500	301-350	ECO:0000250|UniProtKB:D0E0C2		disulfide_bond
P36192	55-82	ECO:0000255|PROSITE-ProRule:PRU00710		disulfide_bond
P36192	68-88	ECO:0000255|PROSITE-ProRule:PRU00710		disulfide_bond
P36192	72-90	ECO:0000255|PROSITE-ProRule:PRU00710		disulfide_bond
P37159	24-139	ECO:0000255|PROSITE-ProRule:PRU00680		disulfide_bond
P37159	45-129	ECO:0000255|PROSITE-ProRule:PRU00680		disulfide_bond
P37159	80-96	ECO:0000255|PROSITE-ProRule:PRU00680		disulfide_bond
P37159	92-110	ECO:0000255|PROSITE-ProRule:PRU00680		disulfide_bond
P37160	25-139	ECO:0000255|PROSITE-ProRule:PRU00680		disulfide_bond
P37160	46-129	ECO:0000255|PROSITE-ProRule:PRU00680		disulfide_bond
P37160	81-96	ECO:0000255|PROSITE-ProRule:PRU00680		disulfide_bond
P37160	92-110	ECO:0000255|PROSITE-ProRule:PRU00680		disulfide_bond
P37161	25-140	ECO:0000255|PROSITE-ProRule:PRU00680		disulfide_bond
P37161	46-130	ECO:0000255|PROSITE-ProRule:PRU00680		disulfide_bond
P37161	81-97	ECO:0000255|PROSITE-ProRule:PRU00680		disulfide_bond
P37161	93-111	ECO:0000255|PROSITE-ProRule:PRU00680		disulfide_bond
P40589	274-285	ECO:0000250|UniProtKB:P28026		disulfide_bond
P40589	322-330	ECO:0000250|UniProtKB:P28026		disulfide_bond
P40589	332-349	ECO:0000250|UniProtKB:P28026		disulfide_bond
P40589	397-411	ECO:0000250|UniProtKB:P28026		disulfide_bond
P40589	399-406	ECO:0000250|UniProtKB:P28026		disulfide_bond
P40589	478-497	ECO:0000250|UniProtKB:P28026		disulfide_bond
P40589	486-492	ECO:0000250|UniProtKB:P28026		disulfide_bond
P40589	496-538	ECO:0000250|UniProtKB:P28026		disulfide_bond
P40589	512-529	ECO:0000250|UniProtKB:P28026		disulfide_bond
P40589	514-526	ECO:0000250|UniProtKB:P28026		disulfide_bond
P40589	521-522	ECO:0000250|UniProtKB:P28026		disulfide_bond
P41596	216-302	ECO:0000255|PROSITE-ProRule:PRU00521		disulfide_bond
P42278	186-203	ECO:0000255|PROSITE-ProRule:PRU00274		disulfide_bond
P42278	212-236	ECO:0000255|PROSITE-ProRule:PRU00274		disulfide_bond
P42278	61-77	ECO:0000255|PROSITE-ProRule:PRU00274		disulfide_bond
P42279	185-200	ECO:0000255|PROSITE-ProRule:PRU00274		disulfide_bond
P42279	211-235	ECO:0000255|PROSITE-ProRule:PRU00274		disulfide_bond
P42279	59-75	ECO:0000255|PROSITE-ProRule:PRU00274		disulfide_bond
P42280	198-218	ECO:0000255|PROSITE-ProRule:PRU00274		disulfide_bond
P42280	230-254	ECO:0000255|PROSITE-ProRule:PRU00274		disulfide_bond
P42280	72-88	ECO:0000255|PROSITE-ProRule:PRU00274		disulfide_bond
P42287	183-198	ECO:0000255|PROSITE-ProRule:PRU00076		disulfide_bond
P42287	192-212	ECO:0000255|PROSITE-ProRule:PRU00076		disulfide_bond
P42287	214-223	ECO:0000255|PROSITE-ProRule:PRU00076		disulfide_bond
P42787	156-309	ECO:0000269|PubMed:20600119, ECO:0007744|PDB:3MN8		disulfide_bond
P42787	236-237	ECO:0000269|PubMed:20600119, ECO:0007744|PDB:3MN8		disulfide_bond
P42787	268-308	ECO:0000269|PubMed:20600119, ECO:0007744|PDB:3MN8		disulfide_bond
P47938	31-34	ECO:0000255|PROSITE-ProRule:PRU00691, ECO:0000269|PubMed:9106167	Redox-active	disulfide_bond
P48591	229-455	ECO:0000250	Redox-active	disulfide_bond
P48605	368-374	ECO:0000250		disulfide_bond
P48607	230-288	ECO:0000269|PubMed:18790733, ECO:0000303|PubMed:9533958		disulfide_bond
P48607	267-319	ECO:0000269|PubMed:18790733, ECO:0000303|PubMed:9533958		disulfide_bond
P48607	274-321	ECO:0000269|PubMed:18790733, ECO:0000303|PubMed:9533958		disulfide_bond
P48607	318	ECO:0000269|PubMed:18790733, ECO:0000303|PubMed:9533958	Interchain	disulfide_bond
P51905	195-204	ECO:0000250|UniProtKB:Q7K4Y6		disulfide_bond
P52905	175-193	ECO:0000255|PROSITE-ProRule:PRU00274		disulfide_bond
P52905	202-226	ECO:0000255|PROSITE-ProRule:PRU00274		disulfide_bond
P52905	53-69	ECO:0000255|PROSITE-ProRule:PRU00274		disulfide_bond
P53624	483-515	ECO:0000250|UniProtKB:P32906		disulfide_bond
P54191	112-130	ECO:0000250		disulfide_bond
P54191	42-74	ECO:0000250		disulfide_bond
P54191	70-121	ECO:0000250		disulfide_bond
P54192	116-135	ECO:0000250		disulfide_bond
P54192	41-72	ECO:0000250		disulfide_bond
P54192	68-126	ECO:0000250		disulfide_bond
P54193	124-142	ECO:0000250		disulfide_bond
P54193	55-86	ECO:0000250		disulfide_bond
P54193	82-133	ECO:0000250		disulfide_bond
P54194	103-151	ECO:0000250		disulfide_bond
P54194	140-160	ECO:0000250		disulfide_bond
P54195	113-132	ECO:0000250		disulfide_bond
P54195	38-69	ECO:0000250		disulfide_bond
P54195	65-123	ECO:0000250		disulfide_bond
P54399	397-400	ECO:0000255|PROSITE-ProRule:PRU00691	Redox-active	disulfide_bond
P54399	56-59	ECO:0000255|PROSITE-ProRule:PRU00691	Redox-active	disulfide_bond
P54631	300-365	ECO:0000250		disulfide_bond
P54631	329-397	ECO:0000250		disulfide_bond
P54631	333-399	ECO:0000250		disulfide_bond
P54631	364	ECO:0000250	Interchain	disulfide_bond
P81160	40-52	ECO:0000269|PubMed:11846801		disulfide_bond
P81641	153-167	ECO:0000250|UniProtKB:P04746		disulfide_bond
P81641	376-382	ECO:0000250|UniProtKB:P04746		disulfide_bond
P81641	448-460	ECO:0000250|UniProtKB:P04746		disulfide_bond
P81641	46-102	ECO:0000250|UniProtKB:P04746		disulfide_bond
P82706	36-39	ECO:0000269|PubMed:9736738		disulfide_bond
P83118	145-204	ECO:0000250|UniProtKB:O97148		disulfide_bond
P83118	26-80	ECO:0000250|UniProtKB:O97148		disulfide_bond
P83118	82-87	ECO:0000250|UniProtKB:O97148		disulfide_bond
P83118	91-184	ECO:0000250|UniProtKB:O97148		disulfide_bond
P83118	92-103	ECO:0000250|UniProtKB:O97148		disulfide_bond
P83119	155-209	ECO:0000250|UniProtKB:O97148		disulfide_bond
P83119	27-81	ECO:0000250|UniProtKB:O97148		disulfide_bond
P83119	83-88	ECO:0000250|UniProtKB:O97148		disulfide_bond
P83119	92-189	ECO:0000250|UniProtKB:O97148		disulfide_bond
P83119	93-104	ECO:0000250|UniProtKB:O97148		disulfide_bond
P83972	24-139	ECO:0000255|PROSITE-ProRule:PRU00680		disulfide_bond
P83972	45-129	ECO:0000255|PROSITE-ProRule:PRU00680		disulfide_bond
P83972	80-96	ECO:0000255|PROSITE-ProRule:PRU00680		disulfide_bond
P83972	92-110	ECO:0000255|PROSITE-ProRule:PRU00680		disulfide_bond
P91657	124-201	ECO:0000255|PROSITE-ProRule:PRU00521		disulfide_bond
P91682	100-148	ECO:0000255|PROSITE-ProRule:PRU00090, ECO:0000269|PubMed:24351982, ECO:0007744|PDB:2MAH		disulfide_bond
P91682	139-179	ECO:0000255|PROSITE-ProRule:PRU00090, ECO:0000269|PubMed:24351982, ECO:0007744|PDB:2MAH		disulfide_bond
P91682	172-194	ECO:0000255|PROSITE-ProRule:PRU00090, ECO:0000269|PubMed:24351982, ECO:0007744|PDB:2MAH		disulfide_bond
P91682	218-238	ECO:0000250|UniProtKB:Q99835		disulfide_bond
P91682	242-320	ECO:0000250|UniProtKB:Q99835		disulfide_bond
P91682	339-413	ECO:0000250|UniProtKB:Q99835		disulfide_bond
P91682	513-525	ECO:0000250|UniProtKB:Q99835		disulfide_bond
P91682	90-155	ECO:0000255|PROSITE-ProRule:PRU00090, ECO:0000269|PubMed:24351982, ECO:0007744|PDB:2MAH		disulfide_bond
P91938	162-167	ECO:0000269|PubMed:17385893	Redox-active	disulfide_bond
P91938	594-595	ECO:0000269|PubMed:17385893	Redox-active	disulfide_bond
P98159	1170-1186	ECO:0000250		disulfide_bond
P98159	1276-1338	ECO:0000255		disulfide_bond
P98159	1305-1317	ECO:0000250		disulfide_bond
P98159	1328-1359	ECO:0000250		disulfide_bond
P98159	1396-1408	ECO:0000250		disulfide_bond
P98159	1401-1421	ECO:0000250		disulfide_bond
P98159	1415-1430	ECO:0000250		disulfide_bond
P98159	1728-1745	ECO:0000250		disulfide_bond
P98159	1734-1764	ECO:0000250		disulfide_bond
P98159	1758-1773	ECO:0000250		disulfide_bond
P98159	1776-1789	ECO:0000250		disulfide_bond
P98159	1783-1802	ECO:0000250		disulfide_bond
P98159	1796-1811	ECO:0000250		disulfide_bond
P98159	2055-2071	ECO:0000250		disulfide_bond
P98159	2177-2230	ECO:0000250		disulfide_bond
P98159	2310-2320	ECO:0000250		disulfide_bond
P98159	2315-2333	ECO:0000250		disulfide_bond
P98159	2327-2344	ECO:0000250		disulfide_bond
P98159	2351-2364	ECO:0000250		disulfide_bond
P98159	2358-2377	ECO:0000250		disulfide_bond
P98159	2371-2387	ECO:0000250		disulfide_bond
P98159	2421-2435	ECO:0000250		disulfide_bond
P98159	2428-2448	ECO:0000250		disulfide_bond
P98159	2442-2457	ECO:0000250		disulfide_bond
P98159	891-905	ECO:0000250		disulfide_bond
P98159	899-918	ECO:0000250		disulfide_bond
P98159	912-927	ECO:0000250		disulfide_bond
P98159	957-982	ECO:0000250		disulfide_bond
P98159	964-995	ECO:0000250		disulfide_bond
P98159	989-1004	ECO:0000250		disulfide_bond
P98163	1025-1040	ECO:0000255|PROSITE-ProRule:PRU00124		disulfide_bond
P98163	1035-1053	ECO:0000255|PROSITE-ProRule:PRU00124		disulfide_bond
P98163	1047-1062	ECO:0000255|PROSITE-ProRule:PRU00124		disulfide_bond
P98163	1074-1087	ECO:0000255|PROSITE-ProRule:PRU00124		disulfide_bond
P98163	1081-1100	ECO:0000255|PROSITE-ProRule:PRU00124		disulfide_bond
P98163	109-124	ECO:0000255|PROSITE-ProRule:PRU00124		disulfide_bond
P98163	1094-1109	ECO:0000255|PROSITE-ProRule:PRU00124		disulfide_bond
P98163	1118-1130	ECO:0000255|PROSITE-ProRule:PRU00124		disulfide_bond
P98163	1125-1143	ECO:0000255|PROSITE-ProRule:PRU00124		disulfide_bond
P98163	1137-1152	ECO:0000255|PROSITE-ProRule:PRU00124		disulfide_bond
P98163	1158-1170	ECO:0000255|PROSITE-ProRule:PRU00124		disulfide_bond
P98163	1165-1183	ECO:0000255|PROSITE-ProRule:PRU00124		disulfide_bond
P98163	1177-1193	ECO:0000255|PROSITE-ProRule:PRU00124		disulfide_bond
P98163	1198-1210	ECO:0000255|PROSITE-ProRule:PRU00124		disulfide_bond
P98163	1205-1223	ECO:0000255|PROSITE-ProRule:PRU00124		disulfide_bond
P98163	1217-1232	ECO:0000255|PROSITE-ProRule:PRU00124		disulfide_bond
P98163	1243-1257	ECO:0000255|PROSITE-ProRule:PRU00124		disulfide_bond
P98163	1250-1270	ECO:0000255|PROSITE-ProRule:PRU00124		disulfide_bond
P98163	1264-1279	ECO:0000255|PROSITE-ProRule:PRU00124		disulfide_bond
P98163	1283-1296	ECO:0000255|PROSITE-ProRule:PRU00124		disulfide_bond
P98163	129-144	ECO:0000255|PROSITE-ProRule:PRU00124		disulfide_bond
P98163	1290-1309	ECO:0000255|PROSITE-ProRule:PRU00124		disulfide_bond
P98163	1303-1318	ECO:0000255|PROSITE-ProRule:PRU00124		disulfide_bond
P98163	1340-1352	ECO:0000255|PROSITE-ProRule:PRU00124		disulfide_bond
P98163	1347-1365	ECO:0000255|PROSITE-ProRule:PRU00124		disulfide_bond
P98163	1359-1375	ECO:0000255|PROSITE-ProRule:PRU00124		disulfide_bond
P98163	137-157	ECO:0000255|PROSITE-ProRule:PRU00124		disulfide_bond
P98163	1422-1432	ECO:0000255|PROSITE-ProRule:PRU00076		disulfide_bond
P98163	1428-1441	ECO:0000255|PROSITE-ProRule:PRU00076		disulfide_bond
P98163	151-166	ECO:0000255|PROSITE-ProRule:PRU00124		disulfide_bond
P98163	184-197	ECO:0000255|PROSITE-ProRule:PRU00124		disulfide_bond
P98163	191-210	ECO:0000255|PROSITE-ProRule:PRU00124		disulfide_bond
P98163	204-220	ECO:0000255|PROSITE-ProRule:PRU00124		disulfide_bond
P98163	227-239	ECO:0000255|PROSITE-ProRule:PRU00124		disulfide_bond
P98163	234-253	ECO:0000255|PROSITE-ProRule:PRU00124		disulfide_bond
P98163	247-262	ECO:0000255|PROSITE-ProRule:PRU00124		disulfide_bond
P98163	266-281	ECO:0000255|PROSITE-ProRule:PRU00124		disulfide_bond
P98163	275-294	ECO:0000255|PROSITE-ProRule:PRU00124		disulfide_bond
P98163	288-304	ECO:0000255|PROSITE-ProRule:PRU00124		disulfide_bond
P98163	310-321	ECO:0000255|PROSITE-ProRule:PRU00076		disulfide_bond
P98163	315-331	ECO:0000255|PROSITE-ProRule:PRU00076		disulfide_bond
P98163	352-363	ECO:0000255|PROSITE-ProRule:PRU00076		disulfide_bond
P98163	359-372	ECO:0000255|PROSITE-ProRule:PRU00076		disulfide_bond
P98163	374-387	ECO:0000255|PROSITE-ProRule:PRU00076		disulfide_bond
P98163	90-102	ECO:0000255|PROSITE-ProRule:PRU00124		disulfide_bond
P98163	97-115	ECO:0000255|PROSITE-ProRule:PRU00124		disulfide_bond
Q00174	1375-1387	ECO:0000250		disulfide_bond
Q00174	1377-1394	ECO:0000250		disulfide_bond
Q00174	1396-1405	ECO:0000250		disulfide_bond
Q00174	1408-1418	ECO:0000250		disulfide_bond
Q00174	1421-1429	ECO:0000250		disulfide_bond
Q00174	1423-1436	ECO:0000250		disulfide_bond
Q00174	1438-1447	ECO:0000250		disulfide_bond
Q00174	1450-1463	ECO:0000250		disulfide_bond
Q00174	1466-1480	ECO:0000250		disulfide_bond
Q00174	1468-1487	ECO:0000250		disulfide_bond
Q00174	1489-1498	ECO:0000250		disulfide_bond
Q00174	1501-1511	ECO:0000250		disulfide_bond
Q00174	1514-1526	ECO:0000250		disulfide_bond
Q00174	1516-1533	ECO:0000250		disulfide_bond
Q00174	1535-1544	ECO:0000250		disulfide_bond
Q00174	1547-1562	ECO:0000250		disulfide_bond
Q00174	1778-1787	ECO:0000250		disulfide_bond
Q00174	1790-1806	ECO:0000250		disulfide_bond
Q00174	1809-1818	ECO:0000250		disulfide_bond
Q00174	1811-1825	ECO:0000250		disulfide_bond
Q00174	1828-1837	ECO:0000250		disulfide_bond
Q00174	1840-1856	ECO:0000250		disulfide_bond
Q00174	1859-1874	ECO:0000250		disulfide_bond
Q00174	1861-1885	ECO:0000250		disulfide_bond
Q00174	1887-1896	ECO:0000250		disulfide_bond
Q00174	1899-1914	ECO:0000250		disulfide_bond
Q00174	1917-1931	ECO:0000250		disulfide_bond
Q00174	1919-1938	ECO:0000250		disulfide_bond
Q00174	1941-1950	ECO:0000250		disulfide_bond
Q00174	1953-1967	ECO:0000250		disulfide_bond
Q00174	1970-1980	ECO:0000250		disulfide_bond
Q00174	1972-1987	ECO:0000250		disulfide_bond
Q00174	1989-1998	ECO:0000250		disulfide_bond
Q00174	2001-2014	ECO:0000250		disulfide_bond
Q00174	2017-2028	ECO:0000250		disulfide_bond
Q00174	2019-2035	ECO:0000250		disulfide_bond
Q00174	2037-2046	ECO:0000250		disulfide_bond
Q00174	2049-2061	ECO:0000250		disulfide_bond
Q00174	2064-2076	ECO:0000250		disulfide_bond
Q00174	2066-2083	ECO:0000250		disulfide_bond
Q00174	2085-2094	ECO:0000250		disulfide_bond
Q00174	2097-2109	ECO:0000250		disulfide_bond
Q00174	2112	ECO:0000305	Interchain	disulfide_bond
Q00174	2115	ECO:0000305	Interchain	disulfide_bond
Q00174	273-282	ECO:0000250		disulfide_bond
Q00174	275-296	ECO:0000250		disulfide_bond
Q00174	298-307	ECO:0000250		disulfide_bond
Q00174	3022-3048	ECO:0000250		disulfide_bond
Q00174	310-330	ECO:0000250		disulfide_bond
Q00174	3196-3223	ECO:0000250		disulfide_bond
Q00174	333-342	ECO:0000250		disulfide_bond
Q00174	335-367	ECO:0000250		disulfide_bond
Q00174	3505-3528	ECO:0000250		disulfide_bond
Q00174	3682-3709	ECO:0000250		disulfide_bond
Q00174	370-379	ECO:0000250		disulfide_bond
Q00174	382-400	ECO:0000250		disulfide_bond
Q00174	403-414	ECO:0000250		disulfide_bond
Q00174	405-421	ECO:0000250		disulfide_bond
Q00174	423-432	ECO:0000250		disulfide_bond
Q00174	435-445	ECO:0000250		disulfide_bond
Q00174	448-460	ECO:0000250		disulfide_bond
Q00174	450-468	ECO:0000250		disulfide_bond
Q00174	470-479	ECO:0000250		disulfide_bond
Q00174	482-492	ECO:0000250		disulfide_bond
Q00174	495-507	ECO:0000250		disulfide_bond
Q00174	497-514	ECO:0000250		disulfide_bond
Q00174	516-525	ECO:0000250		disulfide_bond
Q00174	528-538	ECO:0000250		disulfide_bond
Q00174	541-553	ECO:0000250		disulfide_bond
Q00174	543-560	ECO:0000250		disulfide_bond
Q00174	562-571	ECO:0000250		disulfide_bond
Q00174	574-584	ECO:0000250		disulfide_bond
Q00174	587-599	ECO:0000250		disulfide_bond
Q00174	589-605	ECO:0000250		disulfide_bond
Q00174	607-616	ECO:0000250		disulfide_bond
Q00174	619-629	ECO:0000250		disulfide_bond
Q00174	632-644	ECO:0000250		disulfide_bond
Q00174	634-650	ECO:0000250		disulfide_bond
Q00174	652-661	ECO:0000250		disulfide_bond
Q00174	664-674	ECO:0000250		disulfide_bond
Q00174	677-691	ECO:0000250		disulfide_bond
Q00174	679-700	ECO:0000250		disulfide_bond
Q00174	702-711	ECO:0000250		disulfide_bond
Q00174	714-729	ECO:0000250		disulfide_bond
Q00174	732-746	ECO:0000250		disulfide_bond
Q00174	734-753	ECO:0000250		disulfide_bond
Q00174	755-764	ECO:0000250		disulfide_bond
Q00174	767-782	ECO:0000250		disulfide_bond
Q00174	785-797	ECO:0000250		disulfide_bond
Q00174	787-804	ECO:0000250		disulfide_bond
Q00174	806-815	ECO:0000250		disulfide_bond
Q00805	141-162	ECO:0000269|PubMed:18500331		disulfide_bond
Q00805	147-285	ECO:0000269|PubMed:18500331		disulfide_bond
Q00805	164-307	ECO:0000269|PubMed:18500331		disulfide_bond
Q00805	316-341	ECO:0000269|PubMed:18500331		disulfide_bond
Q00805	343-370	ECO:0000269|PubMed:18500331		disulfide_bond
Q00805	378-405	ECO:0000269|PubMed:18500331		disulfide_bond
Q00805	384-413	ECO:0000269|PubMed:18500331		disulfide_bond
Q00805	407-440	ECO:0000269|PubMed:18500331		disulfide_bond
Q01083	112-121	ECO:0000255|PROSITE-ProRule:PRU00076, ECO:0000269|PubMed:18500331		disulfide_bond
Q01083	82-97	ECO:0000255|PROSITE-ProRule:PRU00076, ECO:0000269|PubMed:18500331		disulfide_bond
Q01083	91-110	ECO:0000255|PROSITE-ProRule:PRU00076, ECO:0000269|PubMed:18500331		disulfide_bond
Q01603	100-112	ECO:0000255|PROSITE-ProRule:PRU00298		disulfide_bond
Q01603	315-324	ECO:0000255|PROSITE-ProRule:PRU00298		disulfide_bond
Q01603	536-592	ECO:0000255|PROSITE-ProRule:PRU00298		disulfide_bond
Q01603	636-662	ECO:0000255|PROSITE-ProRule:PRU00298		disulfide_bond
Q05319	532-660	ECO:0000255|PROSITE-ProRule:PRU00274	Interchain (between non-catalytic and catalytic chains)	disulfide_bond
Q05319	575-591	ECO:0000255|PROSITE-ProRule:PRU00274		disulfide_bond
Q05319	704-723	ECO:0000255|PROSITE-ProRule:PRU00274		disulfide_bond
Q05319	734-763	ECO:0000255|PROSITE-ProRule:PRU00274		disulfide_bond
Q07407	125-174	ECO:0000255|PROSITE-ProRule:PRU00114		disulfide_bond
Q07407	220-272	ECO:0000255|PROSITE-ProRule:PRU00114		disulfide_bond
Q07553	454	ECO:0000305	Interchain	disulfide_bond
Q07892	48-72	ECO:0000250		disulfide_bond
Q07892	52-68	ECO:0000250		disulfide_bond
Q07892	55-83	ECO:0000250		disulfide_bond
Q08180	155-214	ECO:0000255|PROSITE-ProRule:PRU00114		disulfide_bond
Q08180	281-325	ECO:0000255|PROSITE-ProRule:PRU00114		disulfide_bond
Q08180	367-408	ECO:0000255|PROSITE-ProRule:PRU00114		disulfide_bond
Q08180	450-508	ECO:0000255|PROSITE-ProRule:PRU00114		disulfide_bond
Q08180	49-107	ECO:0000255|PROSITE-ProRule:PRU00114		disulfide_bond
Q08694	24-139	ECO:0000255|PROSITE-ProRule:PRU00680		disulfide_bond
Q08694	45-129	ECO:0000255|PROSITE-ProRule:PRU00680		disulfide_bond
Q08694	80-96	ECO:0000255|PROSITE-ProRule:PRU00680		disulfide_bond
Q08694	92-110	ECO:0000255|PROSITE-ProRule:PRU00680		disulfide_bond
Q08832	176-190	ECO:0000250		disulfide_bond
Q09024	195-244	ECO:0000255|PROSITE-ProRule:PRU00114		disulfide_bond
Q09024	80-139	ECO:0000255|PROSITE-ProRule:PRU00114		disulfide_bond
Q09101	569-597	ECO:0000250		disulfide_bond
Q09101	643-695	ECO:0000250		disulfide_bond
Q09101	714-755	ECO:0000250		disulfide_bond
Q09101	741-768	ECO:0000250		disulfide_bond
Q09101	773-814	ECO:0000250		disulfide_bond
Q09101	800-827	ECO:0000250		disulfide_bond
Q09101	832-877	ECO:0000250		disulfide_bond
Q09101	863-890	ECO:0000250		disulfide_bond
Q09101	894-939	ECO:0000250		disulfide_bond
Q09101	922-952	ECO:0000250		disulfide_bond
Q09147	164-217	ECO:0000255|PROSITE-ProRule:PRU00114		disulfide_bond
Q09147	262-329	ECO:0000255|PROSITE-ProRule:PRU00114		disulfide_bond
Q09147	30-90	ECO:0000255|PROSITE-ProRule:PRU00114		disulfide_bond
Q09147	416-462	ECO:0000255|PROSITE-ProRule:PRU00114		disulfide_bond
Q09147	507-566	ECO:0000255|PROSITE-ProRule:PRU00114		disulfide_bond
Q0E9H9	1334-1382	ECO:0000255|PROSITE-ProRule:PRU00114		disulfide_bond
Q0E9H9	160-217	ECO:0000255|PROSITE-ProRule:PRU00114, ECO:0000269|PubMed:17721508, ECO:0000269|PubMed:18805093, ECO:0000269|PubMed:27386517, ECO:0007744|PDB:2V5M, ECO:0007744|PDB:2V5R, ECO:0007744|PDB:3DMK, ECO:0007744|PDB:4X8X		disulfide_bond
Q0E9H9	269-322	ECO:0000255|PROSITE-ProRule:PRU00114		disulfide_bond
Q0E9H9	364-405	ECO:0000255|PROSITE-ProRule:PRU00114, ECO:0000269|PubMed:17721508, ECO:0000269|PubMed:18805093, ECO:0000269|PubMed:27386517, ECO:0007744|PDB:2V5M, ECO:0007744|PDB:2V5S, ECO:0007744|PDB:3DMK, ECO:0007744|PDB:4X83, ECO:0007744|PDB:4X8X, ECO:0007744|PDB:4X9B, ECO:0007744|PDB:4X9F, ECO:0007744|PDB:4X9G, ECO:0007744|PDB:4X9H, ECO:0007744|PDB:4X9I, ECO:0007744|PDB:4XB7, ECO:0007744|PDB:4XB8, ECO:0007744|PDB:4XHQ		disulfide_bond
Q0E9H9	450-506	ECO:0000255|PROSITE-ProRule:PRU00114, ECO:0000269|PubMed:18805093, ECO:0007744|PDB:3DMK		disulfide_bond
Q0E9H9	547-596	ECO:0000255|PROSITE-ProRule:PRU00114, ECO:0000269|PubMed:18805093, ECO:0007744|PDB:3DMK		disulfide_bond
Q0E9H9	61-117	ECO:0000255|PROSITE-ProRule:PRU00114, ECO:0000269|PubMed:17721508, ECO:0000269|PubMed:18805093, ECO:0000269|PubMed:27386517, ECO:0007744|PDB:2V5M, ECO:0007744|PDB:2V5R, ECO:0007744|PDB:2V5S, ECO:0007744|PDB:3DMK, ECO:0007744|PDB:4X83, ECO:0007744|PDB:4X8X, ECO:0007744|PDB:4X9B, ECO:0007744|PDB:4X9F, ECO:0007744|PDB:4X9G, ECO:0007744|PDB:4X9H, ECO:0007744|PDB:4X9I, ECO:0007744|PDB:4XB7, ECO:0007744|PDB:4XB8, ECO:0007744|PDB:4XHQ		disulfide_bond
Q0E9H9	640-694	ECO:0000255|PROSITE-ProRule:PRU00114, ECO:0000269|PubMed:27386517, ECO:0007744|PDB:4X5L		disulfide_bond
Q0E9H9	736-790	ECO:0000255|PROSITE-ProRule:PRU00114		disulfide_bond
Q0E9H9	833-890	ECO:0000255|PROSITE-ProRule:PRU00114		disulfide_bond
Q0E9H9	Q0E9H9-10:160-220	ECO:0000269|PubMed:27386517, ECO:0007744|PDB:4X9H		disulfide_bond
Q0E9H9	Q0E9H9-10:276-329	ECO:0000269|PubMed:27386517, ECO:0007744|PDB:4X9H, ECO:0007744|PDB:4XB7		disulfide_bond
Q0E9H9	Q0E9H9-11:160-219	ECO:0000269|PubMed:17721508, ECO:0000269|PubMed:27386517, ECO:0007744|PDB:2V5R, ECO:0007744|PDB:4X9I, ECO:0007744|PDB:4XB8		disulfide_bond
Q0E9H9	Q0E9H9-12:160-217	ECO:0000269|PubMed:27386517, ECO:0007744|PDB:4X9F, ECO:0007744|PDB:4X9G		disulfide_bond
Q0E9H9	Q0E9H9-12:269-322	ECO:0000269|PubMed:17721508, ECO:0000269|PubMed:27386517, ECO:0007744|PDB:2V5M, ECO:0007744|PDB:2V5S, ECO:0007744|PDB:4XHQ		disulfide_bond
Q0E9H9	Q0E9H9-13:160-217	ECO:0000269|PubMed:27386517, ECO:0007744|PDB:4X9F, ECO:0007744|PDB:4X9G		disulfide_bond
Q0E9H9	Q0E9H9-13:270-323	ECO:0000269|PubMed:18805093, ECO:0007744|PDB:3DMK		disulfide_bond
Q0E9H9	Q0E9H9-14:270-323	ECO:0000269|PubMed:27386517, ECO:0007744|PDB:4X83, ECO:0007744|PDB:4X9B, ECO:0007744|PDB:4X9G, ECO:0007744|PDB:4X9I, ECO:0007744|PDB:4XB8		disulfide_bond
Q0E9H9	Q0E9H9-2:61-117	ECO:0000255|PROSITE-ProRule:PRU00114, ECO:0000269|PubMed:17721508, ECO:0000269|PubMed:18805093, ECO:0000269|PubMed:27386517, ECO:0007744|PDB:2V5M, ECO:0007744|PDB:2V5R, ECO:0007744|PDB:2V5S, ECO:0007744|PDB:3DMK, ECO:0007744|PDB:4X83, ECO:0007744|PDB:4X8X, ECO:0007744|PDB:4X9B, ECO:0007744|PDB:4X9F, ECO:0007744|PDB:4X9G, ECO:0007744|PDB:4X9H, ECO:0007744|PDB:4X9I, ECO:0007744|PDB:4XB7, ECO:0007744|PDB:4XB8, ECO:0007744|PDB:4XHQ		disulfide_bond
Q0E9H9	Q0E9H9-2:641-695	ECO:0000269|PubMed:27386517, ECO:0007744|PDB:4WVR		disulfide_bond
Q0E9H9	Q0E9H9-3:61-117	ECO:0000255|PROSITE-ProRule:PRU00114, ECO:0000269|PubMed:17721508, ECO:0000269|PubMed:18805093, ECO:0000269|PubMed:27386517, ECO:0007744|PDB:2V5M, ECO:0007744|PDB:2V5R, ECO:0007744|PDB:2V5S, ECO:0007744|PDB:3DMK, ECO:0007744|PDB:4X83, ECO:0007744|PDB:4X8X, ECO:0007744|PDB:4X9B, ECO:0007744|PDB:4X9F, ECO:0007744|PDB:4X9G, ECO:0007744|PDB:4X9H, ECO:0007744|PDB:4X9I, ECO:0007744|PDB:4XB7, ECO:0007744|PDB:4XB8, ECO:0007744|PDB:4XHQ		disulfide_bond
Q0E9H9	Q0E9H9-4:641-694	ECO:0000269|PubMed:18805093, ECO:0007744|PDB:3DMK		disulfide_bond
Q0E9H9	Q0E9H9-5:160-220	ECO:0000269|PubMed:27386517, ECO:0007744|PDB:4X9B, ECO:0007744|PDB:4XB7		disulfide_bond
Q0E9H9	Q0E9H9-6:160-217	ECO:0000269|PubMed:27386517, ECO:0007744|PDB:4X9F, ECO:0007744|PDB:4X9G		disulfide_bond
Q0E9H9	Q0E9H9-7:160-217	ECO:0000269|PubMed:27386517, ECO:0007744|PDB:4X83		disulfide_bond
Q0E9H9	Q0E9H9-7:270-323	ECO:0000269|PubMed:17721508, ECO:0000269|PubMed:27386517, ECO:0007744|PDB:2V5R, ECO:0007744|PDB:4X8X, ECO:0007744|PDB:4X9F		disulfide_bond
Q0E9H9	Q0E9H9-7:641-694	ECO:0000269|PubMed:18805093, ECO:0007744|PDB:3DMK		disulfide_bond
Q0E9H9	Q0E9H9-8:160-217	ECO:0000269|PubMed:27386517, ECO:0007744|PDB:4X83		disulfide_bond
Q0E9H9	Q0E9H9-8:641-695	ECO:0000255|PROSITE-ProRule:PRU00114, ECO:0000269|PubMed:27386517, ECO:0007744|PDB:4X5L		disulfide_bond
Q0E9H9	Q0E9H9-9:160-217	ECO:0000269|PubMed:27386517, ECO:0007744|PDB:4X83		disulfide_bond
Q0KHY3	1121-1161	ECO:0000250		disulfide_bond
Q0KHY3	1147-1177	ECO:0000250		disulfide_bond
Q10714	133-141	ECO:0000255|PROSITE-ProRule:PRU01355		disulfide_bond
Q10714	336-354	ECO:0000255|PROSITE-ProRule:PRU01355		disulfide_bond
Q10714	522-540	ECO:0000255|PROSITE-ProRule:PRU01355		disulfide_bond
Q23970	111-129	ECO:0000250		disulfide_bond
Q23970	41-72	ECO:0000250		disulfide_bond
Q23970	68-120	ECO:0000250		disulfide_bond
Q23997	33-60	ECO:0000255|PROSITE-ProRule:PRU01258		disulfide_bond
Q23997	352-435	ECO:0000250		disulfide_bond
Q24046	143-155	ECO:0000250		disulfide_bond
Q24046	165-179	ECO:0000250		disulfide_bond
Q24046	225-282	ECO:0000250		disulfide_bond
Q24048	153-165	ECO:0000250		disulfide_bond
Q24048	175-189	ECO:0000250		disulfide_bond
Q24048	241-298	ECO:0000250		disulfide_bond
Q24238	539-550	ECO:0000250		disulfide_bond
Q24298	1098-1112	ECO:0000255|PROSITE-ProRule:PRU00076		disulfide_bond
Q24298	1114-1123	ECO:0000255|PROSITE-ProRule:PRU00076		disulfide_bond
Q24298	1287-1313	ECO:0000255|PROSITE-ProRule:PRU00122		disulfide_bond
Q24322	141-151	ECO:0000255|PROSITE-ProRule:PRU00352		disulfide_bond
Q24322	169-178	ECO:0000255|PROSITE-ProRule:PRU00352		disulfide_bond
Q24322	288-402	ECO:0000255|PROSITE-ProRule:PRU00352		disulfide_bond
Q24322	312-361	ECO:0000255|PROSITE-ProRule:PRU00352		disulfide_bond
Q24323	118-129	ECO:0000250		disulfide_bond
Q24323	291-399	ECO:0000250		disulfide_bond
Q24323	315-358	ECO:0000250		disulfide_bond
Q24323	525-541	ECO:0000250		disulfide_bond
Q24323	535-550	ECO:0000250		disulfide_bond
Q24323	590-647	ECO:0000250		disulfide_bond
Q24342	204-215	ECO:0000250		disulfide_bond
Q24342	233-297	ECO:0000250		disulfide_bond
Q24342	400-409	ECO:0000250		disulfide_bond
Q24352	233-247	ECO:0000250		disulfide_bond
Q24372	157-204	ECO:0000255|PROSITE-ProRule:PRU00114		disulfide_bond
Q24372	247-303	ECO:0000255|PROSITE-ProRule:PRU00114		disulfide_bond
Q24372	50-113	ECO:0000255|PROSITE-ProRule:PRU00114		disulfide_bond
Q24418	93	ECO:0000250|UniProtKB:Q05586	Interchain	disulfide_bond
Q24488	180-222	ECO:0000250		disulfide_bond
Q24488	184-213	ECO:0000250		disulfide_bond
Q24488	237-310	ECO:0000250		disulfide_bond
Q24488	258-292	ECO:0000250		disulfide_bond
Q24488	280-305	ECO:0000250		disulfide_bond
Q24488	41-106	ECO:0000250		disulfide_bond
Q24488	49-99	ECO:0000250		disulfide_bond
Q24488	90-192	ECO:0000250		disulfide_bond
Q24563	182-261	ECO:0000255|PROSITE-ProRule:PRU00521		disulfide_bond
Q24567	313-322	ECO:0000250		disulfide_bond
Q24567	315-332	ECO:0000250		disulfide_bond
Q24567	334-343	ECO:0000250		disulfide_bond
Q24567	346-366	ECO:0000250		disulfide_bond
Q24567	369-378	ECO:0000250		disulfide_bond
Q24567	371-396	ECO:0000250		disulfide_bond
Q24567	399-408	ECO:0000250		disulfide_bond
Q24567	411-429	ECO:0000250		disulfide_bond
Q24567	432-444	ECO:0000250		disulfide_bond
Q24567	434-451	ECO:0000250		disulfide_bond
Q24567	453-462	ECO:0000250		disulfide_bond
Q24567	465-479	ECO:0000250		disulfide_bond
Q24567	533-671	ECO:0000250		disulfide_bond
Q24567	549-725	ECO:0000250		disulfide_bond
Q24568	405-414	ECO:0000255|PROSITE-ProRule:PRU00460		disulfide_bond
Q24568	407-461	ECO:0000255|PROSITE-ProRule:PRU00460		disulfide_bond
Q24568	463-472	ECO:0000255|PROSITE-ProRule:PRU00460		disulfide_bond
Q24568	475-495	ECO:0000255|PROSITE-ProRule:PRU00460		disulfide_bond
Q24568	498-507	ECO:0000255|PROSITE-ProRule:PRU00460		disulfide_bond
Q24568	500-525	ECO:0000255|PROSITE-ProRule:PRU00460		disulfide_bond
Q24568	528-537	ECO:0000255|PROSITE-ProRule:PRU00460		disulfide_bond
Q24568	540-558	ECO:0000255|PROSITE-ProRule:PRU00460		disulfide_bond
Q24568	561-573	ECO:0000255|PROSITE-ProRule:PRU00460		disulfide_bond
Q24568	563-580	ECO:0000255|PROSITE-ProRule:PRU00460		disulfide_bond
Q24568	582-591	ECO:0000255|PROSITE-ProRule:PRU00460		disulfide_bond
Q24568	594-608	ECO:0000255|PROSITE-ProRule:PRU00460		disulfide_bond
Q24568	649-738	ECO:0000255|PROSITE-ProRule:PRU00295		disulfide_bond
Q24568	652-740	ECO:0000255|PROSITE-ProRule:PRU00295		disulfide_bond
Q24568	665-792	ECO:0000255|PROSITE-ProRule:PRU00295		disulfide_bond
Q27367	256-324	ECO:0000250		disulfide_bond
Q27367	285-345	ECO:0000250		disulfide_bond
Q27367	326-334	ECO:0000250		disulfide_bond
Q27591	460-483	ECO:0000255|PROSITE-ProRule:PRU01392		disulfide_bond
Q27591	475-486	ECO:0000255|PROSITE-ProRule:PRU01392		disulfide_bond
Q27591	488-497	ECO:0000255|PROSITE-ProRule:PRU01392		disulfide_bond
Q27591	499-538	ECO:0000255|PROSITE-ProRule:PRU01392		disulfide_bond
Q27591	516-536	ECO:0000255|PROSITE-ProRule:PRU01392		disulfide_bond
Q27591	530-541	ECO:0000255|PROSITE-ProRule:PRU01392		disulfide_bond
Q27591	543-552	ECO:0000255|PROSITE-ProRule:PRU01392		disulfide_bond
Q27591	554-569	ECO:0000255|PROSITE-ProRule:PRU01392		disulfide_bond
Q27591	557-567	ECO:0000255|PROSITE-ProRule:PRU01392		disulfide_bond
Q27591	560-572	ECO:0000255|PROSITE-ProRule:PRU01392		disulfide_bond
Q27591	574-583	ECO:0000255|PROSITE-ProRule:PRU01392		disulfide_bond
Q27591	585-608	ECO:0000255|PROSITE-ProRule:PRU01392		disulfide_bond
Q27591	592-606	ECO:0000255|PROSITE-ProRule:PRU01392		disulfide_bond
Q27591	600-611	ECO:0000255|PROSITE-ProRule:PRU01392		disulfide_bond
Q27591	613-622	ECO:0000255|PROSITE-ProRule:PRU01392		disulfide_bond
Q3KN41	1130-1158	ECO:0000255|PROSITE-ProRule:PRU00122		disulfide_bond
Q3KN41	1164-1175	ECO:0000255|PROSITE-ProRule:PRU00076		disulfide_bond
Q3KN41	1169-1184	ECO:0000255|PROSITE-ProRule:PRU00076		disulfide_bond
Q3KN41	1186-1196	ECO:0000255|PROSITE-ProRule:PRU00076		disulfide_bond
Q3KN41	313-325	ECO:0000255|PROSITE-ProRule:PRU00076		disulfide_bond
Q3KN41	319-334	ECO:0000255|PROSITE-ProRule:PRU00076		disulfide_bond
Q3KN41	336-346	ECO:0000255|PROSITE-ProRule:PRU00076		disulfide_bond
Q3KN41	511-547	ECO:0000255|PROSITE-ProRule:PRU00122		disulfide_bond
Q3KN41	710-739	ECO:0000255|PROSITE-ProRule:PRU00122		disulfide_bond
Q3KN41	746-757	ECO:0000255|PROSITE-ProRule:PRU00076		disulfide_bond
Q3KN41	751-766	ECO:0000255|PROSITE-ProRule:PRU00076		disulfide_bond
Q3KN41	768-778	ECO:0000255|PROSITE-ProRule:PRU00076		disulfide_bond
Q4V4I9	24-31	ECO:0000269|PubMed:21214272, ECO:0000269|PubMed:23293632		disulfide_bond
Q4V622	142-225	ECO:0000255|PROSITE-ProRule:PRU00521		disulfide_bond
Q4V645	32-43	ECO:0000269|PubMed:21939639		disulfide_bond
Q4V645	35-52	ECO:0000269|PubMed:21939639		disulfide_bond
Q4V645	39-51	ECO:0000269|PubMed:21939639		disulfide_bond
Q59DY5	122-139	ECO:0000255|PROSITE-ProRule:PRU00040		disulfide_bond
Q59DY5	52-147	ECO:0000255|PROSITE-ProRule:PRU00040		disulfide_bond
Q59DY6	140-160	ECO:0000255|PROSITE-ProRule:PRU00040		disulfide_bond
Q59E04	155-168	ECO:0000250|UniProtKB:P18844		disulfide_bond
Q6AWJ9	137-188	ECO:0000255|PROSITE-ProRule:PRU00114		disulfide_bond
Q6AWJ9	276-354	ECO:0000255|PROSITE-ProRule:PRU00114		disulfide_bond
Q6AWJ9	399-447	ECO:0000255|PROSITE-ProRule:PRU00114		disulfide_bond
Q6AWJ9	46-95	ECO:0000255|PROSITE-ProRule:PRU00114		disulfide_bond
Q6AWJ9	490-542	ECO:0000255|PROSITE-ProRule:PRU00114		disulfide_bond
Q6NP60	339-367	ECO:0000250		disulfide_bond
Q6NP60	467-581	ECO:0000250		disulfide_bond
Q6NP60	543-565	ECO:0000250		disulfide_bond
Q6WV16	192-421	ECO:0000255|PROSITE-ProRule:PRU00174		disulfide_bond
Q6WV16	412-491	ECO:0000255|PROSITE-ProRule:PRU00174		disulfide_bond
Q6WV16	531-548	ECO:0000255|PROSITE-ProRule:PRU00174		disulfide_bond
Q6WV16	577-594	ECO:0000255|PROSITE-ProRule:PRU00174		disulfide_bond
Q6WV16	621-636	ECO:0000255|PROSITE-ProRule:PRU00174		disulfide_bond
Q6WV17	177-410	ECO:0000255|PROSITE-ProRule:PRU00174		disulfide_bond
Q6WV17	401-479	ECO:0000255|PROSITE-ProRule:PRU00174		disulfide_bond
Q6WV17	513-530	ECO:0000255|PROSITE-ProRule:PRU00174		disulfide_bond
Q6WV17	553-568	ECO:0000255|PROSITE-ProRule:PRU00174		disulfide_bond
Q6WV17	594-611	ECO:0000255|PROSITE-ProRule:PRU00174		disulfide_bond
Q6WV19	192-420	ECO:0000255|PROSITE-ProRule:PRU00174		disulfide_bond
Q6WV19	411-489	ECO:0000255|PROSITE-ProRule:PRU00174		disulfide_bond
Q6WV19	521-538	ECO:0000255|PROSITE-ProRule:PRU00174		disulfide_bond
Q6WV19	561-578	ECO:0000255|PROSITE-ProRule:PRU00174		disulfide_bond
Q6WV19	602-618	ECO:0000255|PROSITE-ProRule:PRU00174		disulfide_bond
Q6WV20	138-381	ECO:0000255|PROSITE-ProRule:PRU00174		disulfide_bond
Q6WV20	372-450	ECO:0000255|PROSITE-ProRule:PRU00174		disulfide_bond
Q6WV20	485-504	ECO:0000255|PROSITE-ProRule:PRU00174		disulfide_bond
Q6WV20	528-546	ECO:0000255|PROSITE-ProRule:PRU00174		disulfide_bond
Q6WV20	571-588	ECO:0000255|PROSITE-ProRule:PRU00174		disulfide_bond
Q70PY2	62-68	ECO:0000250|UniProtKB:Q8INK6		disulfide_bond
Q7JQF1	93-287	ECO:0000255|PROSITE-ProRule:PRU00521		disulfide_bond
Q7JR49	282-326	ECO:0000250|UniProtKB:Q15904		disulfide_bond
Q7JR71	86-175	ECO:0000250|UniProtKB:P00441		disulfide_bond
Q7JXF7	27-172	ECO:0000255|PROSITE-ProRule:PRU00415		disulfide_bond
Q7JXF7	30-165	ECO:0000255|PROSITE-ProRule:PRU00415		disulfide_bond
Q7JXF7	85-136	ECO:0000255|PROSITE-ProRule:PRU00415		disulfide_bond
Q7K237	103-127	ECO:0000269|PubMed:35504880, ECO:0007744|PDB:7Q4I		disulfide_bond
Q7K237	246-261	ECO:0000269|PubMed:35504880, ECO:0007744|PDB:7Q4I		disulfide_bond
Q7K237	315-316	ECO:0000269|PubMed:35504880, ECO:0007744|PDB:7Q4I		disulfide_bond
Q7K4Y6	148-157	ECO:0000269|PubMed:17131045, ECO:0000269|PubMed:24037379, ECO:0000269|PubMed:25961798, ECO:0000269|PubMed:25970245, ECO:0007744|PDB:4M48, ECO:0007744|PDB:4XNU, ECO:0007744|PDB:4XNX, ECO:0007744|PDB:4XP1		disulfide_bond
Q7K5M0	344-394	ECO:0000250|UniProtKB:Q9VB68		disulfide_bond
Q7K5M0	350-383	ECO:0000250|UniProtKB:Q9VB68		disulfide_bond
Q7K5M0	356-395	ECO:0000250|UniProtKB:Q9VB68		disulfide_bond
Q7K5M0	450-466	ECO:0000255|PROSITE-ProRule:PRU00274		disulfide_bond
Q7K5M0	547-605	ECO:0000255|PROSITE-ProRule:PRU00274		disulfide_bond
Q7K5M0	579-587	ECO:0000255|PROSITE-ProRule:PRU00274		disulfide_bond
Q7K5M0	595-623	ECO:0000255|PROSITE-ProRule:PRU00274		disulfide_bond
Q7KIN0	722-772	ECO:0000250|UniProtKB:P08953		disulfide_bond
Q7KIN0	796-802	ECO:0000250|UniProtKB:P08953		disulfide_bond
Q7KIN0	800-815	ECO:0000250|UniProtKB:P08953		disulfide_bond
Q7KIN0	966-993	ECO:0000250|UniProtKB:P08953		disulfide_bond
Q7KRU8	23	ECO:0000250|UniProtKB:A0A7E5WTY7	Interchain (with C-33 in light chain)	disulfide_bond
Q7KRU8	41-150	ECO:0000250|UniProtKB:A0A7E5WTY7		disulfide_bond
Q7KUD5	29-93	ECO:0007744|PDB:2WFU, ECO:0007744|PDB:2WFV, ECO:0007744|PDB:6FEY, ECO:0007744|PDB:8CLS	Interchain (between B and A chains)	disulfide_bond
Q7KUD5	41-106	ECO:0007744|PDB:2WFU, ECO:0007744|PDB:2WFV, ECO:0007744|PDB:6FEY, ECO:0007744|PDB:8CLS	Interchain (between B and A chains)	disulfide_bond
Q7KUD5	92-97	ECO:0007744|PDB:2WFU, ECO:0007744|PDB:2WFV, ECO:0007744|PDB:6FEY, ECO:0007744|PDB:8CLS		disulfide_bond
Q7KVA1	127-465	ECO:0000250|UniProtKB:Q86Y38		disulfide_bond
Q7KVA1	484-497	ECO:0000250|UniProtKB:Q86Y38		disulfide_bond
Q7KVA1	486-495	ECO:0000250|UniProtKB:Q86Y38		disulfide_bond
Q7KVA1	83-111	ECO:0000250|UniProtKB:Q86Y38		disulfide_bond
Q7KVA1	842-855	ECO:0000250|UniProtKB:Q86Y38		disulfide_bond
Q868Z9	1612-1662	ECO:0000250		disulfide_bond
Q868Z9	1621-1645	ECO:0000250		disulfide_bond
Q868Z9	1637-1658	ECO:0000250		disulfide_bond
Q868Z9	1671-1721	ECO:0000250		disulfide_bond
Q868Z9	1680-1704	ECO:0000250		disulfide_bond
Q868Z9	1696-1717	ECO:0000250		disulfide_bond
Q868Z9	1730-1780	ECO:0000250		disulfide_bond
Q868Z9	1739-1763	ECO:0000250		disulfide_bond
Q868Z9	1755-1776	ECO:0000250		disulfide_bond
Q868Z9	1790-1840	ECO:0000250		disulfide_bond
Q868Z9	1799-1823	ECO:0000250		disulfide_bond
Q868Z9	1815-1836	ECO:0000250		disulfide_bond
Q868Z9	1849-1899	ECO:0000250		disulfide_bond
Q868Z9	1858-1882	ECO:0000250		disulfide_bond
Q868Z9	1874-1895	ECO:0000250		disulfide_bond
Q868Z9	1922-1972	ECO:0000250		disulfide_bond
Q868Z9	1931-1955	ECO:0000250		disulfide_bond
Q868Z9	1947-1968	ECO:0000250		disulfide_bond
Q868Z9	2001-2051	ECO:0000250		disulfide_bond
Q868Z9	2010-2034	ECO:0000250		disulfide_bond
Q868Z9	2026-2047	ECO:0000250		disulfide_bond
Q868Z9	2071-2121	ECO:0000250		disulfide_bond
Q868Z9	2080-2104	ECO:0000250		disulfide_bond
Q868Z9	2096-2117	ECO:0000250		disulfide_bond
Q868Z9	2128-2178	ECO:0000250		disulfide_bond
Q868Z9	2137-2161	ECO:0000250		disulfide_bond
Q868Z9	2153-2174	ECO:0000250		disulfide_bond
Q868Z9	2194-2244	ECO:0000250		disulfide_bond
Q868Z9	2203-2227	ECO:0000250		disulfide_bond
Q868Z9	2219-2240	ECO:0000250		disulfide_bond
Q868Z9	2253-2303	ECO:0000250		disulfide_bond
Q868Z9	2262-2286	ECO:0000250		disulfide_bond
Q868Z9	2278-2299	ECO:0000250		disulfide_bond
Q868Z9	2318-2371	ECO:0000250		disulfide_bond
Q868Z9	2327-2354	ECO:0000250		disulfide_bond
Q868Z9	2346-2367	ECO:0000250		disulfide_bond
Q868Z9	2543-2592	ECO:0000250		disulfide_bond
Q868Z9	2640-2687	ECO:0000250		disulfide_bond
Q868Z9	2775-2824	ECO:0000250		disulfide_bond
Q868Z9	462-504	ECO:0000250		disulfide_bond
Q868Z9	473-515	ECO:0000250		disulfide_bond
Q868Z9	477-520	ECO:0000250		disulfide_bond
Q868Z9	69-105	ECO:0000250		disulfide_bond
Q868Z9	73-110	ECO:0000250		disulfide_bond
Q868Z9	84-95	ECO:0000250		disulfide_bond
Q86B61	283-334	ECO:0000250|UniProtKB:P09172		disulfide_bond
Q86B61	319-344	ECO:0000250|UniProtKB:P09172		disulfide_bond
Q86B61	439-552	ECO:0000250|UniProtKB:P09172		disulfide_bond
Q86B61	443-613	ECO:0000250|UniProtKB:P09172		disulfide_bond
Q86B61	515-537	ECO:0000250|UniProtKB:P09172		disulfide_bond
Q86PD7	136-158	ECO:0000250|UniProtKB:Q16769		disulfide_bond
Q8IA41	316-397	ECO:0000255|PROSITE-ProRule:PRU00174		disulfide_bond
Q8IA41	437-450	ECO:0000255|PROSITE-ProRule:PRU00174		disulfide_bond
Q8IA41	472-486	ECO:0000255|PROSITE-ProRule:PRU00174		disulfide_bond
Q8IA41	511-526	ECO:0000255|PROSITE-ProRule:PRU00174		disulfide_bond
Q8IA41	99-325	ECO:0000255|PROSITE-ProRule:PRU00174		disulfide_bond
Q8IA42	509-526	ECO:0000255|PROSITE-ProRule:PRU00174		disulfide_bond
Q8IA42	556-573	ECO:0000255|PROSITE-ProRule:PRU00174		disulfide_bond
Q8IA42	600-617	ECO:0000255|PROSITE-ProRule:PRU00174		disulfide_bond
Q8IA43	157-386	ECO:0000255|PROSITE-ProRule:PRU00174		disulfide_bond
Q8IA43	377-456	ECO:0000255|PROSITE-ProRule:PRU00174		disulfide_bond
Q8IA43	496-513	ECO:0000255|PROSITE-ProRule:PRU00174		disulfide_bond
Q8IA43	543-559	ECO:0000255|PROSITE-ProRule:PRU00174		disulfide_bond
Q8IA43	586-606	ECO:0000255|PROSITE-ProRule:PRU00174		disulfide_bond
Q8IA44	446-461	ECO:0000255|PROSITE-ProRule:PRU00174		disulfide_bond
Q8IA44	485-499	ECO:0000255|PROSITE-ProRule:PRU00174		disulfide_bond
Q8IA44	523-537	ECO:0000255|PROSITE-ProRule:PRU00174		disulfide_bond
Q8IA44	97-334	ECO:0000255|PROSITE-ProRule:PRU00174		disulfide_bond
Q8IFW4	32-35	ECO:0000255|PROSITE-ProRule:PRU00691	Redox-active	disulfide_bond
Q8INK6	67-73	ECO:0000269|PubMed:12845326		disulfide_bond
Q8INK9	111-177	ECO:0000269|PubMed:12145281		disulfide_bond
Q8IS44	448-525	ECO:0000255|PROSITE-ProRule:PRU00521		disulfide_bond
Q8ITC7	142-228	ECO:0000255|PROSITE-ProRule:PRU00521		disulfide_bond
Q8ITC9	94-171	ECO:0000255|PROSITE-ProRule:PRU00521		disulfide_bond
Q8MKJ4	111-129	ECO:0000250		disulfide_bond
Q8MKJ4	39-77	ECO:0000250		disulfide_bond
Q8MKJ4	73-120	ECO:0000250		disulfide_bond
Q8MKK0	111-129	ECO:0000250		disulfide_bond
Q8MKK0	39-77	ECO:0000250		disulfide_bond
Q8MKK0	73-120	ECO:0000250		disulfide_bond
Q8MLZ7	29-56	ECO:0000255|PROSITE-ProRule:PRU01258		disulfide_bond
Q8MLZ7	342-425	ECO:0000250		disulfide_bond
Q8MM24	26-53	ECO:0000255|PROSITE-ProRule:PRU01258		disulfide_bond
Q8MM24	340-423	ECO:0000250		disulfide_bond
Q8MMF9	107-127	ECO:0000250		disulfide_bond
Q8MMF9	33-70	ECO:0000250		disulfide_bond
Q8MMF9	66-118	ECO:0000250		disulfide_bond
Q8MPP3	516-707	ECO:0000305		disulfide_bond
Q8MR45	196-212	ECO:0000250|UniProtKB:P20933		disulfide_bond
Q8MR45	354-381	ECO:0000250|UniProtKB:P20933		disulfide_bond
Q8MR45	97-102	ECO:0000250|UniProtKB:P20933		disulfide_bond
Q8MRC9	198-432	ECO:0000255|PROSITE-ProRule:PRU00174, ECO:0000269|PubMed:30158631, ECO:0000312|PDB:6E4Q		disulfide_bond
Q8MRC9	423-499	ECO:0000255|PROSITE-ProRule:PRU00174, ECO:0000269|PubMed:30158631, ECO:0000312|PDB:6E4Q		disulfide_bond
Q8MRC9	535-554	ECO:0000255|PROSITE-ProRule:PRU00174, ECO:0000269|PubMed:30158631, ECO:0000312|PDB:6E4Q		disulfide_bond
Q8MRC9	577-590	ECO:0000255|PROSITE-ProRule:PRU00174, ECO:0000269|PubMed:30158631, ECO:0000312|PDB:6E4Q		disulfide_bond
Q8MRC9	616-631	ECO:0000255|PROSITE-ProRule:PRU00174, ECO:0000269|PubMed:30158631, ECO:0000312|PDB:6E4Q		disulfide_bond
Q8MUJ1	359-374	ECO:0000255|PROSITE-ProRule:PRU01387, ECO:0000269|PubMed:33824334, ECO:0007744|PDB:6ZT0		disulfide_bond
Q8MV48	132-367	ECO:0000255|PROSITE-ProRule:PRU00174		disulfide_bond
Q8MV48	358-441	ECO:0000255|PROSITE-ProRule:PRU00174		disulfide_bond
Q8MV48	479-496	ECO:0000255|PROSITE-ProRule:PRU00174		disulfide_bond
Q8MV48	519-532	ECO:0000255|PROSITE-ProRule:PRU00174		disulfide_bond
Q8MV48	558-573	ECO:0000255|PROSITE-ProRule:PRU00174		disulfide_bond
Q8MVS5	136-371	ECO:0000255|PROSITE-ProRule:PRU00174		disulfide_bond
Q8MVS5	362-439	ECO:0000255|PROSITE-ProRule:PRU00174		disulfide_bond
Q8MVS5	493-516	ECO:0000255|PROSITE-ProRule:PRU00174		disulfide_bond
Q8MVS5	539-553	ECO:0000255|PROSITE-ProRule:PRU00174		disulfide_bond
Q8MVS5	580-597	ECO:0000255|PROSITE-ProRule:PRU00174		disulfide_bond
Q8MYY6	326-412	ECO:0000255|PROSITE-ProRule:PRU00174		disulfide_bond
Q8MYY6	445-460	ECO:0000255|PROSITE-ProRule:PRU00174		disulfide_bond
Q8MYY6	484-498	ECO:0000255|PROSITE-ProRule:PRU00174		disulfide_bond
Q8MYY6	525-539	ECO:0000255|PROSITE-ProRule:PRU00174		disulfide_bond
Q8MYY6	97-335	ECO:0000255|PROSITE-ProRule:PRU00174		disulfide_bond
Q8SXL2	28-35	ECO:0000269|PubMed:21214272, ECO:0000269|PubMed:23293632		disulfide_bond
Q8SXQ7	94-100	ECO:0000250		disulfide_bond
Q8SY61	105-123	ECO:0000250		disulfide_bond
Q8SY61	35-67	ECO:0000250		disulfide_bond
Q8SY61	63-114	ECO:0000250		disulfide_bond
Q8SYV9	120-216	ECO:0000250|UniProtKB:O97148		disulfide_bond
Q8T045	120-126	ECO:0000269|PubMed:27428513, ECO:0007744|PDB:5F84, ECO:0007744|PDB:5F85, ECO:0007744|PDB:5F86, ECO:0007744|PDB:5F87		disulfide_bond
Q8T045	282-305	ECO:0000269|PubMed:27428513, ECO:0007744|PDB:5F84, ECO:0007744|PDB:5F85, ECO:0007744|PDB:5F86, ECO:0007744|PDB:5F87		disulfide_bond
Q8T045	64-75	ECO:0000269|PubMed:27428513, ECO:0007744|PDB:5F84, ECO:0007744|PDB:5F85, ECO:0007744|PDB:5F86, ECO:0007744|PDB:5F87		disulfide_bond
Q8T045	73-378	ECO:0000269|PubMed:27428513, ECO:0007744|PDB:5F84, ECO:0007744|PDB:5F85, ECO:0007744|PDB:5F86, ECO:0007744|PDB:5F87		disulfide_bond
Q8T062	277-1025	ECO:0000255|PROSITE-ProRule:PRU01233		disulfide_bond
Q8T062	285-985	ECO:0000255|PROSITE-ProRule:PRU01233		disulfide_bond
Q8T062	452-700	ECO:0000255|PROSITE-ProRule:PRU01233		disulfide_bond
Q8T062	909-1037	ECO:0000255|PROSITE-ProRule:PRU01233		disulfide_bond
Q8T0R7	33-60	ECO:0000255|PROSITE-ProRule:PRU01258		disulfide_bond
Q8T0R7	349-429	ECO:0000250		disulfide_bond
Q94887	1147-1183	ECO:0000250		disulfide_bond
Q94887	333-369	ECO:0000250		disulfide_bond
Q94887	47-185	ECO:0000250		disulfide_bond
Q94887	507-540	ECO:0000250		disulfide_bond
Q94887	546-557	ECO:0000250		disulfide_bond
Q94887	551-566	ECO:0000250		disulfide_bond
Q94887	568-578	ECO:0000250		disulfide_bond
Q94887	934-962	ECO:0000250		disulfide_bond
Q94887	966-977	ECO:0000250		disulfide_bond
Q94887	971-986	ECO:0000250		disulfide_bond
Q94887	988-998	ECO:0000250		disulfide_bond
Q94900	163-177	ECO:0000250|UniProtKB:G5EBR3		disulfide_bond
Q94900	222-233	ECO:0000250|UniProtKB:G5EBR3		disulfide_bond
Q94918	478-531	ECO:0000250		disulfide_bond
Q94918	566-577	ECO:0000250		disulfide_bond
Q94918	571-588	ECO:0000250		disulfide_bond
Q94918	590-599	ECO:0000250		disulfide_bond
Q95029	175-218	ECO:0000250		disulfide_bond
Q95029	209-251	ECO:0000250		disulfide_bond
Q95029	310-360	ECO:0000250	Interchain (between heavy and light chains)	disulfide_bond
Q95RQ8	76	ECO:0000269|PubMed:35580610, ECO:0007744|PDB:7POK	Interchain	disulfide_bond
Q95RU0	402-411	ECO:0000255|PROSITE-ProRule:PRU00076		disulfide_bond
Q95RU0	406-421	ECO:0000255|PROSITE-ProRule:PRU00076		disulfide_bond
Q95RU0	437-447	ECO:0000255|PROSITE-ProRule:PRU00076		disulfide_bond
Q95RU0	441-459	ECO:0000255|PROSITE-ProRule:PRU00076		disulfide_bond
Q95RU0	461-470	ECO:0000255|PROSITE-ProRule:PRU00076		disulfide_bond
Q95T10	225-240	ECO:0000250|UniProtKB:Q9XTW2		disulfide_bond
Q95T10	230-233	ECO:0000250|UniProtKB:Q9XTW2		disulfide_bond
Q95T10	285-351	ECO:0000250|UniProtKB:Q9XTW2		disulfide_bond
Q95T10	352-409	ECO:0000250|UniProtKB:Q9XTW2		disulfide_bond
Q95T64	221-227	ECO:0000250		disulfide_bond
Q95TU8	149-207	ECO:0000250		disulfide_bond
Q95TU8	253-303	ECO:0000250		disulfide_bond
Q95TU8	336-375	ECO:0000250		disulfide_bond
Q95TU8	338-378	ECO:0000250		disulfide_bond
Q95TU8	352-364	ECO:0000250		disulfide_bond
Q967D7	150-227	ECO:0000255|PROSITE-ProRule:PRU00114		disulfide_bond
Q967D7	275-324	ECO:0000255|PROSITE-ProRule:PRU00114		disulfide_bond
Q967D7	366-419	ECO:0000255|PROSITE-ProRule:PRU00114		disulfide_bond
Q967D7	462-513	ECO:0000255|PROSITE-ProRule:PRU00114		disulfide_bond
Q967D7	558-611	ECO:0000255|PROSITE-ProRule:PRU00114		disulfide_bond
Q9GN97	162-166	ECO:0000250		disulfide_bond
Q9GNK5	390-396	ECO:0000269|PubMed:16006509, ECO:0000269|PubMed:16556841		disulfide_bond
Q9I7U4	1312-1365	ECO:0000255|PROSITE-ProRule:PRU00114		disulfide_bond
Q9I7U4	1446-1499	ECO:0000255|PROSITE-ProRule:PRU00114		disulfide_bond
Q9I7U4	1579-1632	ECO:0000255|PROSITE-ProRule:PRU00114		disulfide_bond
Q9I7U4	16940-16989	ECO:0000255|PROSITE-ProRule:PRU00114		disulfide_bond
Q9I7U4	17494-17542	ECO:0000255|PROSITE-ProRule:PRU00114		disulfide_bond
Q9I7U4	1846-1899	ECO:0000255|PROSITE-ProRule:PRU00114		disulfide_bond
Q9I7U4	2111-2164	ECO:0000255|PROSITE-ProRule:PRU00114		disulfide_bond
Q9I7U4	2775-2828	ECO:0000255|PROSITE-ProRule:PRU00114		disulfide_bond
Q9I7U4	3152-3205	ECO:0000255|PROSITE-ProRule:PRU00114		disulfide_bond
Q9I7U4	3560-3613	ECO:0000255|PROSITE-ProRule:PRU00114		disulfide_bond
Q9I7U4	3698-3751	ECO:0000255|PROSITE-ProRule:PRU00114		disulfide_bond
Q9I7U4	3832-3885	ECO:0000255|PROSITE-ProRule:PRU00114		disulfide_bond
Q9I7U4	393-445	ECO:0000255|PROSITE-ProRule:PRU00114		disulfide_bond
Q9I7U4	3976-4029	ECO:0000255|PROSITE-ProRule:PRU00114		disulfide_bond
Q9I7U4	4625-4676	ECO:0000255|PROSITE-ProRule:PRU00114		disulfide_bond
Q9I7U4	6557-6608	ECO:0000255|PROSITE-ProRule:PRU00114		disulfide_bond
Q9I7U4	6964-7016	ECO:0000255|PROSITE-ProRule:PRU00114		disulfide_bond
Q9NBW1	119-160	ECO:0000255|PROSITE-ProRule:PRU00090		disulfide_bond
Q9NBW1	123-147	ECO:0000255|PROSITE-ProRule:PRU00090		disulfide_bond
Q9NBW1	46-107	ECO:0000255|PROSITE-ProRule:PRU00090		disulfide_bond
Q9NBW1	54-100	ECO:0000255|PROSITE-ProRule:PRU00090		disulfide_bond
Q9NBW1	91-130	ECO:0000255|PROSITE-ProRule:PRU00090		disulfide_bond
Q9U4G1	172-224	ECO:0000255|PROSITE-ProRule:PRU00114		disulfide_bond
Q9U4G1	267-318	ECO:0000255|PROSITE-ProRule:PRU00114		disulfide_bond
Q9U4G1	363-413	ECO:0000255|PROSITE-ProRule:PRU00114		disulfide_bond
Q9U4G1	55-125	ECO:0000255|PROSITE-ProRule:PRU00114		disulfide_bond
Q9V3A6	103-108	ECO:0000250|UniProtKB:Q96HE7	Redox-active	disulfide_bond
Q9V3A6	227-251	ECO:0000250|UniProtKB:Q96HE7		disulfide_bond
Q9V3A6	405-408	ECO:0000250|UniProtKB:Q96HE7	Redox-active	disulfide_bond
Q9V3A6	44-57	ECO:0000250|UniProtKB:Q96HE7		disulfide_bond
Q9V3A6	46-55	ECO:0000250|UniProtKB:Q96HE7		disulfide_bond
Q9V3A6	94-402	ECO:0000250|UniProtKB:Q96HE7		disulfide_bond
Q9V3D4	26-53	ECO:0000255|PROSITE-ProRule:PRU01258, ECO:0000269|PubMed:11821393		disulfide_bond
Q9V3D4	342-425	ECO:0000269|PubMed:11821393		disulfide_bond
Q9V3L1	983-993	ECO:0000250		disulfide_bond
Q9V3P0	168	ECO:0000250|UniProtKB:Q06830	Interchain (with C-47); in linked form	disulfide_bond
Q9V3P0	47	ECO:0000250|UniProtKB:Q06830	Interchain (with C-168); in linked form	disulfide_bond
Q9V3Y3	27-99	ECO:0000255		disulfide_bond
Q9V3Z2	128-264	ECO:0000250|UniProtKB:Q9VB68		disulfide_bond
Q9V3Z2	167-183	ECO:0000255|PROSITE-ProRule:PRU00274		disulfide_bond
Q9V3Z2	211-216	ECO:0000250|UniProtKB:Q9VB68		disulfide_bond
Q9V3Z2	31-83	ECO:0000255|PROSITE-ProRule:PRU01236		disulfide_bond
Q9V3Z2	310-327	ECO:0000255|PROSITE-ProRule:PRU00274		disulfide_bond
Q9V3Z2	337-366	ECO:0000255|PROSITE-ProRule:PRU00274		disulfide_bond
Q9V3Z2	41-72	ECO:0000255|PROSITE-ProRule:PRU01236		disulfide_bond
Q9V3Z2	47-84	ECO:0000255|PROSITE-ProRule:PRU01236		disulfide_bond
Q9V429	32-35	ECO:0000255|PROSITE-ProRule:PRU00691, ECO:0000269|PubMed:15644209	Redox-active	disulfide_bond
Q9V438	186-189	ECO:0000255|PROSITE-ProRule:PRU00691	Redox-active	disulfide_bond
Q9V438	55-58	ECO:0000255|PROSITE-ProRule:PRU00691	Redox-active	disulfide_bond
Q9V477	682-710	ECO:0000250|UniProtKB:P08953		disulfide_bond
Q9V477	684-733	ECO:0000250|UniProtKB:P08953		disulfide_bond
Q9V477	757-763	ECO:0000250|UniProtKB:P08953		disulfide_bond
Q9V477	761-776	ECO:0000250|UniProtKB:P08953		disulfide_bond
Q9V477	924-950	ECO:0000250|UniProtKB:P08953		disulfide_bond
Q9V4A7	131-136	ECO:0000255|PROSITE-ProRule:PRU00352		disulfide_bond
Q9V4A7	165-173	ECO:0000255|PROSITE-ProRule:PRU00352		disulfide_bond
Q9V4A7	322-380	ECO:0000255|PROSITE-ProRule:PRU00352		disulfide_bond
Q9V4A7	536-553	ECO:0000255|PROSITE-ProRule:PRU00352		disulfide_bond
Q9V4A7	542-586	ECO:0000255|PROSITE-ProRule:PRU00352		disulfide_bond
Q9V4A7	545-562	ECO:0000255|PROSITE-ProRule:PRU00352		disulfide_bond
Q9V4A7	556-568	ECO:0000255|PROSITE-ProRule:PRU00352		disulfide_bond
Q9V4A7	622-641	ECO:0000255|PROSITE-ProRule:PRU00352		disulfide_bond
Q9V4X2	57-63	ECO:0000250|UniProtKB:Q8INK6		disulfide_bond
Q9V521	581-623	ECO:0000250|UniProtKB:Q9ZP19		disulfide_bond
Q9V521	583-630	ECO:0000250|UniProtKB:Q9ZP19		disulfide_bond
Q9V5E1	228-248	ECO:0000250		disulfide_bond
Q9V5E1	299-310	ECO:0000250		disulfide_bond
Q9V5N8	1486-1497	ECO:0000255		disulfide_bond
Q9V5N8	1491-1506	ECO:0000255		disulfide_bond
Q9V5N8	1508-1517	ECO:0000255		disulfide_bond
Q9V5N8	1727-1753	ECO:0000250		disulfide_bond
Q9V5N8	1760-1771	ECO:0000255		disulfide_bond
Q9V5N8	1765-1780	ECO:0000255		disulfide_bond
Q9V5N8	1782-1791	ECO:0000255		disulfide_bond
Q9V5N8	1937-1963	ECO:0000250		disulfide_bond
Q9V5N8	1969-1979	ECO:0000255		disulfide_bond
Q9V5N8	1973-1988	ECO:0000255		disulfide_bond
Q9V5N8	1990-1999	ECO:0000255		disulfide_bond
Q9V5N8	2092-2095	ECO:0000255		disulfide_bond
Q9V5N8	2097-2114	ECO:0000255		disulfide_bond
Q9V5N8	2116-2125	ECO:0000255		disulfide_bond
Q9V5N8	2128-2140	ECO:0000250		disulfide_bond
Q9V5N8	2747-2785	ECO:0000255|PROSITE-ProRule:PRU00098		disulfide_bond
Q9V5N8	2762-2787	ECO:0000255|PROSITE-ProRule:PRU00098		disulfide_bond
Q9V6K3	118-159	ECO:0000250		disulfide_bond
Q9V6K3	147-202	ECO:0000250		disulfide_bond
Q9V6K3	151-187	ECO:0000250		disulfide_bond
Q9V6K3	219-297	ECO:0000250		disulfide_bond
Q9V6K3	240-280	ECO:0000250		disulfide_bond
Q9V6K3	268-292	ECO:0000250		disulfide_bond
Q9V6K3	70-134	ECO:0000250		disulfide_bond
Q9V6K3	78-127	ECO:0000250		disulfide_bond
Q9V6X7	122-141	ECO:0000250|UniProtKB:Q9H488		disulfide_bond
Q9V6X7	254-284	ECO:0000250|UniProtKB:Q9H488		disulfide_bond
Q9V6X7	269-363	ECO:0000250|UniProtKB:Q9H488		disulfide_bond
Q9V6X7	36-38	ECO:0000250|UniProtKB:Q9H488		disulfide_bond
Q9V730	668-716	ECO:0000250|UniProtKB:Q9ES89		disulfide_bond
Q9V817	145-201	ECO:0000250|UniProtKB:O97148		disulfide_bond
Q9V817	23-77	ECO:0000250|UniProtKB:O97148		disulfide_bond
Q9V817	79-84	ECO:0000250|UniProtKB:O97148		disulfide_bond
Q9V817	88-183	ECO:0000250|UniProtKB:O97148		disulfide_bond
Q9V817	89-100	ECO:0000250|UniProtKB:O97148		disulfide_bond
Q9V818	148-204	ECO:0000250|UniProtKB:O97148		disulfide_bond
Q9V818	26-80	ECO:0000250|UniProtKB:O97148		disulfide_bond
Q9V818	82-87	ECO:0000250|UniProtKB:O97148		disulfide_bond
Q9V818	91-186	ECO:0000250|UniProtKB:O97148		disulfide_bond
Q9V818	92-103	ECO:0000250|UniProtKB:O97148		disulfide_bond
Q9V8F5	107-110	ECO:0000269|Ref.5		disulfide_bond
Q9V8F5	29-32	ECO:0000269|Ref.5		disulfide_bond
Q9V8G0	32-35	ECO:0000305		disulfide_bond
Q9V8Y2	109-127	ECO:0000250		disulfide_bond
Q9V8Y2	39-71	ECO:0000250		disulfide_bond
Q9V8Y2	67-118	ECO:0000250		disulfide_bond
Q9V8Y9	105-123	ECO:0000250		disulfide_bond
Q9V8Y9	30-63	ECO:0000250		disulfide_bond
Q9V8Y9	59-114	ECO:0000250		disulfide_bond
Q9V931	106-126	ECO:0000250		disulfide_bond
Q9V931	32-70	ECO:0000250		disulfide_bond
Q9V931	66-117	ECO:0000250		disulfide_bond
Q9V938	28-61	ECO:0000250		disulfide_bond
Q9V938	57-109	ECO:0000250		disulfide_bond
Q9V938	98-118	ECO:0000250		disulfide_bond
Q9VA83	25-44	ECO:0000250|UniProtKB:A0A7E5WUT2		disulfide_bond
Q9VA83	33	ECO:0000250|UniProtKB:A0A7E5WUT2	Interchain (with C-23 in heavy chain)	disulfide_bond
Q9VAC5	225-328	ECO:0000250|UniProtKB:P78536		disulfide_bond
Q9VAC5	360-462	ECO:0000250|UniProtKB:P78536		disulfide_bond
Q9VAC5	416-446	ECO:0000250|UniProtKB:P78536		disulfide_bond
Q9VAC5	530-551	ECO:0000250		disulfide_bond
Q9VAC5	569-578	ECO:0000250		disulfide_bond
Q9VAC5	574-586	ECO:0000250		disulfide_bond
Q9VAC5	588-595	ECO:0000250		disulfide_bond
Q9VAI6	114-134	ECO:0000250		disulfide_bond
Q9VAI6	40-71	ECO:0000250		disulfide_bond
Q9VAI6	67-125	ECO:0000250		disulfide_bond
Q9VAJ4	105-125	ECO:0000250		disulfide_bond
Q9VAJ4	33-64	ECO:0000250		disulfide_bond
Q9VAJ4	60-116	ECO:0000250		disulfide_bond
Q9VAK8	26-81	ECO:0007744|PDB:3ZZO, ECO:0007744|PDB:3ZZR		disulfide_bond
Q9VAK8	27-87	ECO:0007744|PDB:3ZZO, ECO:0007744|PDB:3ZZR		disulfide_bond
Q9VAK8	42-55	ECO:0007744|PDB:3ZZO, ECO:0007744|PDB:3ZZR		disulfide_bond
Q9VAK8	60-71	ECO:0007744|PDB:3ZZO, ECO:0007744|PDB:3ZZR		disulfide_bond
Q9VAK8	76-83	ECO:0007744|PDB:3ZZO, ECO:0007744|PDB:3ZZR		disulfide_bond
Q9VB68	111-243	ECO:0000269|PubMed:21310954, ECO:0007744|PDB:2XXL		disulfide_bond
Q9VB68	148-164	ECO:0000269|PubMed:21310954, ECO:0007744|PDB:2XXL		disulfide_bond
Q9VB68	188-197	ECO:0000269|PubMed:21310954, ECO:0007744|PDB:2XXL		disulfide_bond
Q9VB68	290-304	ECO:0000269|PubMed:21310954, ECO:0007744|PDB:2XXL		disulfide_bond
Q9VB68	314-349	ECO:0000269|PubMed:21310954, ECO:0007744|PDB:2XXL		disulfide_bond
Q9VB68	32-88	ECO:0000255|PROSITE-ProRule:PRU01236, ECO:0000269|PubMed:21310954, ECO:0007744|PDB:2XXL		disulfide_bond
Q9VB68	42-78	ECO:0000255|PROSITE-ProRule:PRU01236, ECO:0000269|PubMed:21310954, ECO:0007744|PDB:2XXL		disulfide_bond
Q9VB68	48-89	ECO:0000255|PROSITE-ProRule:PRU01236, ECO:0000269|PubMed:21310954, ECO:0007744|PDB:2XXL		disulfide_bond
Q9VBC7	254-404	ECO:0000250|UniProtKB:P23188		disulfide_bond
Q9VBC7	346-376	ECO:0000250|UniProtKB:P23188		disulfide_bond
Q9VBC7	498-524	ECO:0000250|UniProtKB:P23188		disulfide_bond
Q9VBZ9	255-310	ECO:0000269|PubMed:20236943, ECO:0000269|PubMed:24052259, ECO:0007744|PDB:3LW6, ECO:0007744|PDB:4LW3, ECO:0007744|PDB:4LW6, ECO:0007744|PDB:4M4K		disulfide_bond
Q9VBZ9	300-308	ECO:0000269|PubMed:20236943, ECO:0000269|PubMed:24052259, ECO:0007744|PDB:3LW6, ECO:0007744|PDB:4LW3, ECO:0007744|PDB:4LW6, ECO:0007744|PDB:4M4K		disulfide_bond
Q9VC47	1054-1077	ECO:0000255|PROSITE-ProRule:PRU00059		disulfide_bond
Q9VC47	1118-1129	ECO:0000255|PROSITE-ProRule:PRU00076		disulfide_bond
Q9VC47	1125-1138	ECO:0000255|PROSITE-ProRule:PRU00076		disulfide_bond
Q9VC47	1140-1153	ECO:0000255|PROSITE-ProRule:PRU00076		disulfide_bond
Q9VC47	1158-1184	ECO:0000255|PROSITE-ProRule:PRU00059		disulfide_bond
Q9VC47	1211-1233	ECO:0000255|PROSITE-ProRule:PRU00059		disulfide_bond
Q9VC47	1271-1301	ECO:0000255|PROSITE-ProRule:PRU00059		disulfide_bond
Q9VC47	1328-1354	ECO:0000255|PROSITE-ProRule:PRU00059		disulfide_bond
Q9VC47	562-720	ECO:0000255|PROSITE-ProRule:PRU01211		disulfide_bond
Q9VC47	584-606	ECO:0000255|PROSITE-ProRule:PRU01211		disulfide_bond
Q9VC47	586-587	ECO:0000255|PROSITE-ProRule:PRU01211		disulfide_bond
Q9VC47	723-752	ECO:0000255|PROSITE-ProRule:PRU00059		disulfide_bond
Q9VC47	779-801	ECO:0000255|PROSITE-ProRule:PRU00059		disulfide_bond
Q9VC47	840-868	ECO:0000255|PROSITE-ProRule:PRU00059		disulfide_bond
Q9VC47	895-917	ECO:0000255|PROSITE-ProRule:PRU00059		disulfide_bond
Q9VC47	958-969	ECO:0000255|PROSITE-ProRule:PRU00076		disulfide_bond
Q9VC47	965-978	ECO:0000255|PROSITE-ProRule:PRU00076		disulfide_bond
Q9VC47	980-993	ECO:0000255|PROSITE-ProRule:PRU00076		disulfide_bond
Q9VC47	997-1023	ECO:0000255|PROSITE-ProRule:PRU00059		disulfide_bond
Q9VCJ8	127-269	ECO:0000250|UniProtKB:Q9VB68	Interchain (between light and heavy chains)	disulfide_bond
Q9VCJ8	166-182	ECO:0000255|PROSITE-ProRule:PRU00274		disulfide_bond
Q9VCJ8	211-221	ECO:0000250|UniProtKB:Q9VB68		disulfide_bond
Q9VCJ8	315-332	ECO:0000255|PROSITE-ProRule:PRU00274		disulfide_bond
Q9VCJ8	342-375	ECO:0000255|PROSITE-ProRule:PRU00274		disulfide_bond
Q9VCJ8	35-93	ECO:0000255|PROSITE-ProRule:PRU01236		disulfide_bond
Q9VCJ8	46-77	ECO:0000255|PROSITE-ProRule:PRU01236		disulfide_bond
Q9VCJ8	52-94	ECO:0000255|PROSITE-ProRule:PRU01236		disulfide_bond
Q9VCK1	40-43	ECO:0000250|UniProtKB:P13284	Redox-active	disulfide_bond
Q9VCR3	228-258	ECO:0000255|PROSITE-ProRule:PRU00798		disulfide_bond
Q9VCR3	231-251	ECO:0000255|PROSITE-ProRule:PRU00798		disulfide_bond
Q9VCR3	240-272	ECO:0000255|PROSITE-ProRule:PRU00798		disulfide_bond
Q9VCR3	536-555	ECO:0000255|PROSITE-ProRule:PRU00500		disulfide_bond
Q9VCR3	566-573	ECO:0000255|PROSITE-ProRule:PRU00500		disulfide_bond
Q9VCR3	575-594	ECO:0000255|PROSITE-ProRule:PRU00500		disulfide_bond
Q9VCW0	54-60	ECO:0000250|UniProtKB:Q8WRC7		disulfide_bond
Q9VD83	100	ECO:0000303|PubMed:15242619	Interchain	disulfide_bond
Q9VD83	52-101	ECO:0000250|UniProtKB:P04275, ECO:0000255|PROSITE-ProRule:PRU00039		disulfide_bond
Q9VD83	66-115	ECO:0000250|UniProtKB:P04275, ECO:0000255|PROSITE-ProRule:PRU00039		disulfide_bond
Q9VD83	76-136	ECO:0000250|UniProtKB:P04275, ECO:0000255|PROSITE-ProRule:PRU00039		disulfide_bond
Q9VD83	80-138	ECO:0000250|UniProtKB:P04275, ECO:0000255|PROSITE-ProRule:PRU00039		disulfide_bond
Q9VD83	98-141	ECO:0000255|PROSITE-ProRule:PRU00039		disulfide_bond
Q9VDD3	265-330	ECO:0000250|UniProtKB:P26201		disulfide_bond
Q9VDD3	294-352	ECO:0000250|UniProtKB:P26201		disulfide_bond
Q9VDD3	332-341	ECO:0000250|UniProtKB:P26201		disulfide_bond
Q9VDG1	30-65	ECO:0000255|PROSITE-ProRule:PRU00798		disulfide_bond
Q9VDG1	34-58	ECO:0000255|PROSITE-ProRule:PRU00798		disulfide_bond
Q9VDG1	43-79	ECO:0000255|PROSITE-ProRule:PRU00798		disulfide_bond
Q9VEG6	230-244	ECO:0000250|UniProtKB:P05164, ECO:0000255|PROSITE-ProRule:PRU00298		disulfide_bond
Q9VEG6	448-457	ECO:0000250|UniProtKB:P05164, ECO:0000255|PROSITE-ProRule:PRU00298		disulfide_bond
Q9VEG6	765-794	ECO:0000255|PROSITE-ProRule:PRU00298		disulfide_bond
Q9VEJ0	206	ECO:0000250|UniProtKB:P35705	Interchain (with C-85); in linked form	disulfide_bond
Q9VEJ0	85	ECO:0000250|UniProtKB:P35705	Interchain (with C-206); in linked form	disulfide_bond
Q9VER6	123-135	ECO:0000255|PROSITE-ProRule:PRU00124		disulfide_bond
Q9VER6	130-149	ECO:0000255|PROSITE-ProRule:PRU00124		disulfide_bond
Q9VER6	143-162	ECO:0000255|PROSITE-ProRule:PRU00124		disulfide_bond
Q9VER6	167-179	ECO:0000255|PROSITE-ProRule:PRU00124		disulfide_bond
Q9VER6	174-192	ECO:0000255|PROSITE-ProRule:PRU00124		disulfide_bond
Q9VER6	186-203	ECO:0000255|PROSITE-ProRule:PRU00124		disulfide_bond
Q9VER6	224-270	ECO:0000255|PROSITE-ProRule:PRU00302		disulfide_bond
Q9VER6	256-283	ECO:0000255|PROSITE-ProRule:PRU00302		disulfide_bond
Q9VER6	27-39	ECO:0000255|PROSITE-ProRule:PRU00124		disulfide_bond
Q9VER6	302-341	ECO:0000255|PROSITE-ProRule:PRU00302		disulfide_bond
Q9VER6	326-354	ECO:0000255|PROSITE-ProRule:PRU00302		disulfide_bond
Q9VER6	34-52	ECO:0000255|PROSITE-ProRule:PRU00124		disulfide_bond
Q9VER6	399-415	ECO:0000255|PROSITE-ProRule:PRU00274		disulfide_bond
Q9VER6	46-63	ECO:0000255|PROSITE-ProRule:PRU00124		disulfide_bond
Q9VER6	70-82	ECO:0000255|PROSITE-ProRule:PRU00124		disulfide_bond
Q9VER6	77-95	ECO:0000255|PROSITE-ProRule:PRU00124		disulfide_bond
Q9VER6	89-106	ECO:0000255|PROSITE-ProRule:PRU00124		disulfide_bond
Q9VFX1	102-110	ECO:0000269|PubMed:23791946, ECO:0007744|PDB:4KRR		disulfide_bond
Q9VFX1	112-121	ECO:0000269|PubMed:23791946, ECO:0007744|PDB:4KRR		disulfide_bond
Q9VFX1	162-179	ECO:0000269|PubMed:23791946, ECO:0007744|PDB:4KRR		disulfide_bond
Q9VFX1	164-174	ECO:0000269|PubMed:23791946, ECO:0007744|PDB:4KRR		disulfide_bond
Q9VFX1	232-269	ECO:0000250|UniProtKB:P28026		disulfide_bond
Q9VFX1	248-262	ECO:0000250|UniProtKB:P28026		disulfide_bond
Q9VFX1	266-308	ECO:0000250|UniProtKB:P28026		disulfide_bond
Q9VFX1	284-299	ECO:0000250|UniProtKB:P28026		disulfide_bond
Q9VFX1	286-296	ECO:0000250|UniProtKB:P28026		disulfide_bond
Q9VFX1	51-62	ECO:0000269|PubMed:23791946, ECO:0007744|PDB:4KRR		disulfide_bond
Q9VH14	145-195	ECO:0000255|PROSITE-ProRule:PRU00295		disulfide_bond
Q9VH14	150-155	ECO:0000255|PROSITE-ProRule:PRU00295		disulfide_bond
Q9VH14	165-180	ECO:0000255|PROSITE-ProRule:PRU00295		disulfide_bond
Q9VH14	28-96	ECO:0000255|PROSITE-ProRule:PRU00295		disulfide_bond
Q9VH14	30-118	ECO:0000255|PROSITE-ProRule:PRU00295		disulfide_bond
Q9VIH9	101-115	ECO:0000305|PubMed:28961967		disulfide_bond
Q9VIH9	118-123	ECO:0000305|PubMed:28961967		disulfide_bond
Q9VIH9	26-72	ECO:0000305|PubMed:28961967		disulfide_bond
Q9VIH9	29-37	ECO:0000305|PubMed:28961967		disulfide_bond
Q9VIH9	51-89	ECO:0000305|PubMed:28961967		disulfide_bond
Q9VII1	102-116	ECO:0000305|PubMed:28961967, ECO:0000305|PubMed:37309249		disulfide_bond
Q9VII1	119-124	ECO:0000305|PubMed:28961967, ECO:0000305|PubMed:37309249		disulfide_bond
Q9VII1	26-72	ECO:0000305|PubMed:28961967, ECO:0000305|PubMed:37309249		disulfide_bond
Q9VII1	29-37	ECO:0000305|PubMed:28961967, ECO:0000305|PubMed:37309249		disulfide_bond
Q9VII1	51-90	ECO:0000305|PubMed:28961967, ECO:0000305|PubMed:37309249		disulfide_bond
Q9VII3	117-131	ECO:0000305|PubMed:22467519		disulfide_bond
Q9VII3	134-139	ECO:0000305|PubMed:22467519		disulfide_bond
Q9VII3	36-88	ECO:0000305		disulfide_bond
Q9VII3	39-50	ECO:0000305|PubMed:22467519		disulfide_bond
Q9VII3	75-105	ECO:0000305|PubMed:22467519		disulfide_bond
Q9VJ83	35-47	ECO:0000269|PubMed:33824334, ECO:0007744|PDB:6ZSY, ECO:0007744|PDB:6ZSZ, ECO:0007744|PDB:6ZT0		disulfide_bond
Q9VJ83	40-54	ECO:0000269|PubMed:33824334, ECO:0007744|PDB:6ZSY, ECO:0007744|PDB:6ZSZ, ECO:0007744|PDB:6ZT0		disulfide_bond
Q9VJ83	57-77	ECO:0000269|PubMed:33824334, ECO:0007744|PDB:6ZSY, ECO:0007744|PDB:6ZSZ, ECO:0007744|PDB:6ZT0		disulfide_bond
Q9VJ83	61-73	ECO:0000269|PubMed:33824334, ECO:0007744|PDB:6ZSY, ECO:0007744|PDB:6ZSZ, ECO:0007744|PDB:6ZT0		disulfide_bond
Q9VJB6	1000-1009	ECO:0000250		disulfide_bond
Q9VJB6	1191-1217	ECO:0000250		disulfide_bond
Q9VJB6	1224-1239	ECO:0000250		disulfide_bond
Q9VJB6	1233-1248	ECO:0000250		disulfide_bond
Q9VJB6	1250-1259	ECO:0000250		disulfide_bond
Q9VJB6	1419-1454	ECO:0000250		disulfide_bond
Q9VJB6	1501-1512	ECO:0000250		disulfide_bond
Q9VJB6	1506-1523	ECO:0000250		disulfide_bond
Q9VJB6	1525-1534	ECO:0000250		disulfide_bond
Q9VJB6	977-988	ECO:0000250		disulfide_bond
Q9VJB6	982-997	ECO:0000250		disulfide_bond
Q9VJN9	111-136	ECO:0000255|PROSITE-ProRule:PRU01211		disulfide_bond
Q9VJN9	87-247	ECO:0000255|PROSITE-ProRule:PRU01211		disulfide_bond
Q9VJS7	32-90	ECO:0000250|UniProtKB:P04275		disulfide_bond
Q9VJS7	56-105	ECO:0000250|UniProtKB:P04275		disulfide_bond
Q9VJS7	65-131	ECO:0000250|UniProtKB:P04275		disulfide_bond
Q9VJS7	69-133	ECO:0000250|UniProtKB:P04275		disulfide_bond
Q9VJS7	87-136	ECO:0000250|UniProtKB:P04275		disulfide_bond
Q9VJS7	89	ECO:0000250|UniProtKB:P04275	Interchain	disulfide_bond
Q9VKA0	100-114	ECO:0000305|PubMed:20570942		disulfide_bond
Q9VKA0	116-122	ECO:0000305|PubMed:20570942		disulfide_bond
Q9VKA0	26-68	ECO:0000305|PubMed:20570942		disulfide_bond
Q9VKA0	29-37	ECO:0000305|PubMed:20570942		disulfide_bond
Q9VKA0	51-85	ECO:0000305|PubMed:20570942		disulfide_bond
Q9VKG9	450-502	ECO:0000250|UniProtKB:P48607		disulfide_bond
Q9VKG9	487-534	ECO:0000250|UniProtKB:P48607		disulfide_bond
Q9VKG9	496-536	ECO:0000250|UniProtKB:P48607		disulfide_bond
Q9VKJ8	529-565	ECO:0000250|UniProtKB:P35475		disulfide_bond
Q9VL86	252-275	ECO:0000250|UniProtKB:P00730		disulfide_bond
Q9VLJ6	142-150	ECO:0000255|PROSITE-ProRule:PRU01355		disulfide_bond
Q9VLJ6	344-362	ECO:0000255|PROSITE-ProRule:PRU01355		disulfide_bond
Q9VLJ6	530-548	ECO:0000255|PROSITE-ProRule:PRU01355		disulfide_bond
Q9VLV7	522-573	ECO:0000250|UniProtKB:P48607		disulfide_bond
Q9VLV7	559-605	ECO:0000250|UniProtKB:P48607		disulfide_bond
Q9VLV7	567-607	ECO:0000250|UniProtKB:P48607		disulfide_bond
Q9VLV7	604	ECO:0000250|UniProtKB:P48607	Interchain	disulfide_bond
Q9VM64	179-226	ECO:0000255|PROSITE-ProRule:PRU00114		disulfide_bond
Q9VM64	282-330	ECO:0000255|PROSITE-ProRule:PRU00114		disulfide_bond
Q9VM64	373-420	ECO:0000255|PROSITE-ProRule:PRU00114		disulfide_bond
Q9VM64	74-132	ECO:0000255|PROSITE-ProRule:PRU00114		disulfide_bond
Q9VML9	257-340	ECO:0000255|PROSITE-ProRule:PRU00521		disulfide_bond
Q9VMM6	124-137	ECO:0000255|PROSITE-ProRule:PRU00144		disulfide_bond
Q9VMM6	203-216	ECO:0000255|PROSITE-ProRule:PRU00144		disulfide_bond
Q9VMM6	54-70	ECO:0000255|PROSITE-ProRule:PRU00144		disulfide_bond
Q9VMV6	49-52	ECO:0000255	Redox-active	disulfide_bond
Q9VN14	388-446	ECO:0000255|PROSITE-ProRule:PRU00114		disulfide_bond
Q9VN14	489-540	ECO:0000255|PROSITE-ProRule:PRU00114		disulfide_bond
Q9VN14	593-640	ECO:0000255|PROSITE-ProRule:PRU00114		disulfide_bond
Q9VN14	682-734	ECO:0000255|PROSITE-ProRule:PRU00114		disulfide_bond
Q9VN14	779-827	ECO:0000255|PROSITE-ProRule:PRU00114		disulfide_bond
Q9VN14	870-923	ECO:0000255|PROSITE-ProRule:PRU00114		disulfide_bond
Q9VN93	415-456	ECO:0000250		disulfide_bond
Q9VN93	449-489	ECO:0000250		disulfide_bond
Q9VN93	548-602	ECO:0000250		disulfide_bond
Q9VNM1	161-248	ECO:0000255|PROSITE-ProRule:PRU00521		disulfide_bond
Q9VNT5	79-84	ECO:0000250	Redox-active	disulfide_bond
Q9VP95	194-210	ECO:0000255|PROSITE-ProRule:PRU00274		disulfide_bond
Q9VP95	220-244	ECO:0000255|PROSITE-ProRule:PRU00274		disulfide_bond
Q9VP95	70-86	ECO:0000255|PROSITE-ProRule:PRU00274		disulfide_bond
Q9VPR7	113-118	ECO:0000305		disulfide_bond
Q9VPR7	28-55	ECO:0000305		disulfide_bond
Q9VPR7	31-41	ECO:0000305		disulfide_bond
Q9VPR7	48-81	ECO:0000305		disulfide_bond
Q9VPR7	87-112	ECO:0000305		disulfide_bond
Q9VPR7	99-109	ECO:0000305		disulfide_bond
Q9VQ29	178-194	ECO:0000255|PROSITE-ProRule:PRU00628		disulfide_bond
Q9VQ62	24-140	ECO:0000250		disulfide_bond
Q9VQ62	39-46	ECO:0000250		disulfide_bond
Q9VQ62	92-99	ECO:0000250		disulfide_bond
Q9VR94	113-135	ECO:0000250		disulfide_bond
Q9VR94	40-72	ECO:0000250		disulfide_bond
Q9VR94	68-126	ECO:0000250		disulfide_bond
Q9VRC9	104-241	ECO:0000250|UniProtKB:O15118		disulfide_bond
Q9VRC9	107-161	ECO:0000250|UniProtKB:O15118		disulfide_bond
Q9VRC9	178-186	ECO:0000250|UniProtKB:O15118		disulfide_bond
Q9VRC9	231-246	ECO:0000250|UniProtKB:O15118		disulfide_bond
Q9VRC9	24-81	ECO:0000250|UniProtKB:O15118		disulfide_bond
Q9VRC9	243-250	ECO:0000250|UniProtKB:O15118		disulfide_bond
Q9VRC9	438-454	ECO:0000250|UniProtKB:O15118		disulfide_bond
Q9VRC9	491-500	ECO:0000250|UniProtKB:O15118		disulfide_bond
Q9VRC9	62-116	ECO:0000250|UniProtKB:O15118		disulfide_bond
Q9VRC9	82-120	ECO:0000250|UniProtKB:O15118		disulfide_bond
Q9VRC9	889-894	ECO:0000250|UniProtKB:O15118		disulfide_bond
Q9VRC9	935-990	ECO:0000250|UniProtKB:O15118		disulfide_bond
Q9VRC9	936-958	ECO:0000250|UniProtKB:O15118		disulfide_bond
Q9VRC9	946-955	ECO:0000250|UniProtKB:O15118		disulfide_bond
Q9VRN2	152-211	ECO:0000250|UniProtKB:O97148		disulfide_bond
Q9VRN2	31-85	ECO:0000250|UniProtKB:O97148		disulfide_bond
Q9VRN2	87-92	ECO:0000250|UniProtKB:O97148		disulfide_bond
Q9VRN2	96-190	ECO:0000250|UniProtKB:O97148		disulfide_bond
Q9VRN2	97-108	ECO:0000250|UniProtKB:O97148		disulfide_bond
Q9VRQ9	113-136	ECO:0000250|UniProtKB:Q16769		disulfide_bond
Q9VS29	1334-1382	ECO:0000255|PROSITE-ProRule:PRU00114		disulfide_bond
Q9VS29	259-310	ECO:0000255|PROSITE-ProRule:PRU00114		disulfide_bond
Q9VS29	352-400	ECO:0000255|PROSITE-ProRule:PRU00114		disulfide_bond
Q9VS29	444-500	ECO:0000255|PROSITE-ProRule:PRU00114		disulfide_bond
Q9VS29	53-109	ECO:0000255|PROSITE-ProRule:PRU00114		disulfide_bond
Q9VS29	541-590	ECO:0000255|PROSITE-ProRule:PRU00114		disulfide_bond
Q9VS29	633-686	ECO:0000255|PROSITE-ProRule:PRU00114		disulfide_bond
Q9VS29	728-783	ECO:0000255|PROSITE-ProRule:PRU00114		disulfide_bond
Q9VS29	826-884	ECO:0000255|PROSITE-ProRule:PRU00114		disulfide_bond
Q9VS77	25-78	ECO:0000250|UniProtKB:O97148		disulfide_bond
Q9VS77	80-85	ECO:0000250|UniProtKB:O97148		disulfide_bond
Q9VS77	89-179	ECO:0000250|UniProtKB:O97148		disulfide_bond
Q9VS77	90-101	ECO:0000250|UniProtKB:O97148		disulfide_bond
Q9VS97	57-63	ECO:0000250		disulfide_bond
Q9VSE7	27-80	ECO:0000250|UniProtKB:O97148		disulfide_bond
Q9VSE7	82-87	ECO:0000250|UniProtKB:O97148		disulfide_bond
Q9VSE7	92-103	ECO:0000250|UniProtKB:O97148		disulfide_bond
Q9VT50	137-142	ECO:0000250		disulfide_bond
Q9VT50	49-138	ECO:0000250	Interchain (between B and A chains)	disulfide_bond
Q9VT50	61-151	ECO:0000250	Interchain (between B and A chains)	disulfide_bond
Q9VT51	118-123	ECO:0000250		disulfide_bond
Q9VT51	29-119	ECO:0000250	Interchain (between B and A chains)	disulfide_bond
Q9VT51	41-132	ECO:0000250	Interchain (between B and A chains)	disulfide_bond
Q9VT52	100-105	ECO:0000250		disulfide_bond
Q9VT52	34-101	ECO:0000250	Interchain (between B and A chains)	disulfide_bond
Q9VT52	46-114	ECO:0000250	Interchain (between B and A chains)	disulfide_bond
Q9VT53	119-124	ECO:0000250		disulfide_bond
Q9VT53	31-120	ECO:0000250	Interchain (between B and A chains)	disulfide_bond
Q9VT53	43-133	ECO:0000250	Interchain (between B and A chains)	disulfide_bond
Q9VTN3	35-58	ECO:0000250		disulfide_bond
Q9VTN3	39-54	ECO:0000250		disulfide_bond
Q9VTT0	118-128	ECO:0000255|PROSITE-ProRule:PRU00352		disulfide_bond
Q9VTT0	146-155	ECO:0000255|PROSITE-ProRule:PRU00352		disulfide_bond
Q9VTT0	271-376	ECO:0000255|PROSITE-ProRule:PRU00352		disulfide_bond
Q9VTT0	296-338	ECO:0000255|PROSITE-ProRule:PRU00352		disulfide_bond
Q9VTT0	619-656	ECO:0000255|PROSITE-ProRule:PRU00210		disulfide_bond
Q9VTT0	623-662	ECO:0000255|PROSITE-ProRule:PRU00210		disulfide_bond
Q9VTT0	634-646	ECO:0000255|PROSITE-ProRule:PRU00210		disulfide_bond
Q9VTT0	683-720	ECO:0000255|PROSITE-ProRule:PRU00210		disulfide_bond
Q9VTT0	687-725	ECO:0000255|PROSITE-ProRule:PRU00210		disulfide_bond
Q9VTT0	698-710	ECO:0000255|PROSITE-ProRule:PRU00210		disulfide_bond
Q9VTT0	862-895	ECO:0000255|PROSITE-ProRule:PRU00210		disulfide_bond
Q9VTT0	866-900	ECO:0000255|PROSITE-ProRule:PRU00210		disulfide_bond
Q9VTT0	877-885	ECO:0000255|PROSITE-ProRule:PRU00210		disulfide_bond
Q9VTZ5	147-237	ECO:0000255|PROSITE-ProRule:PRU00741		disulfide_bond
Q9VTZ5	190-213	ECO:0000255|PROSITE-ProRule:PRU00741		disulfide_bond
Q9VTZ5	273-287	ECO:0000255|PROSITE-ProRule:PRU00741		disulfide_bond
Q9VTZ5	36-78	ECO:0000255|PROSITE-ProRule:PRU00741		disulfide_bond
Q9VTZ5	453-490	ECO:0000255|PROSITE-ProRule:PRU00741		disulfide_bond
Q9VTZ5	46-69	ECO:0000255|PROSITE-ProRule:PRU00741		disulfide_bond
Q9VTZ5	463-481	ECO:0000255|PROSITE-ProRule:PRU00741		disulfide_bond
Q9VTZ5	557-646	ECO:0000255|PROSITE-ProRule:PRU00741		disulfide_bond
Q9VTZ5	599-621	ECO:0000255|PROSITE-ProRule:PRU00741		disulfide_bond
Q9VTZ5	618-629	ECO:0000255|PROSITE-ProRule:PRU00741		disulfide_bond
Q9VTZ5	687-701	ECO:0000255|PROSITE-ProRule:PRU00741		disulfide_bond
Q9VU77	37	ECO:0000269|PubMed:35410347	Interchain	disulfide_bond
Q9VUN0	752-802	ECO:0000250|UniProtKB:P08953		disulfide_bond
Q9VUN0	826-832	ECO:0000250|UniProtKB:P08953		disulfide_bond
Q9VUN0	830-845	ECO:0000250|UniProtKB:P08953		disulfide_bond
Q9VUN0	993-1020	ECO:0000250|UniProtKB:P08953		disulfide_bond
Q9VUT6	117-345	ECO:0000255|PROSITE-ProRule:PRU00174		disulfide_bond
Q9VUT6	336-419	ECO:0000255|PROSITE-ProRule:PRU00174		disulfide_bond
Q9VUT6	459-475	ECO:0000255|PROSITE-ProRule:PRU00174		disulfide_bond
Q9VUT6	502-517	ECO:0000255|PROSITE-ProRule:PRU00174		disulfide_bond
Q9VUT6	546-561	ECO:0000255|PROSITE-ProRule:PRU00174		disulfide_bond
Q9VUY0	272-309	ECO:0000250		disulfide_bond
Q9VUY0	403-516	ECO:0000250		disulfide_bond
Q9VUY0	479-501	ECO:0000250		disulfide_bond
Q9VV96	54-60	ECO:0000250|UniProtKB:Q8INK6		disulfide_bond
Q9VVH9	599-630	ECO:0000255|PROSITE-ProRule:PRU00798		disulfide_bond
Q9VVH9	607-626	ECO:0000255|PROSITE-ProRule:PRU00798		disulfide_bond
Q9VVH9	616-649	ECO:0000255|PROSITE-ProRule:PRU00798		disulfide_bond
Q9VVX3	109-147	ECO:0000255|PROSITE-ProRule:PRU00090		disulfide_bond
Q9VVX3	136-177	ECO:0000255|PROSITE-ProRule:PRU00090		disulfide_bond
Q9VVX3	140-164	ECO:0000255|PROSITE-ProRule:PRU00090		disulfide_bond
Q9VVX3	64-125	ECO:0000255|PROSITE-ProRule:PRU00090		disulfide_bond
Q9VVX3	72-118	ECO:0000255|PROSITE-ProRule:PRU00090		disulfide_bond
Q9VW71	3807-3819	ECO:0000255		disulfide_bond
Q9VW71	3814-3851	ECO:0000255		disulfide_bond
Q9VW71	3853-3862	ECO:0000255		disulfide_bond
Q9VW71	3869-3880	ECO:0000255		disulfide_bond
Q9VW71	3874-3891	ECO:0000255		disulfide_bond
Q9VW71	3893-3902	ECO:0000255		disulfide_bond
Q9VW71	4071-4105	ECO:0000250		disulfide_bond
Q9VW71	4117-4128	ECO:0000255		disulfide_bond
Q9VW71	4122-4138	ECO:0000255		disulfide_bond
Q9VW71	4140-4149	ECO:0000255		disulfide_bond
Q9VW71	4156-4167	ECO:0000255		disulfide_bond
Q9VW71	4161-4177	ECO:0000255		disulfide_bond
Q9VW71	4179-4188	ECO:0000255		disulfide_bond
Q9VW71	4194-4205	ECO:0000250		disulfide_bond
Q9VW71	4199-4214	ECO:0000250		disulfide_bond
Q9VW71	4216-4224	ECO:0000250		disulfide_bond
Q9VW71	4231-4242	ECO:0000255		disulfide_bond
Q9VW71	4236-4251	ECO:0000255		disulfide_bond
Q9VW71	4253-4262	ECO:0000255		disulfide_bond
Q9VWE0	132-142	ECO:0000250		disulfide_bond
Q9VWE0	173-183	ECO:0000250		disulfide_bond
Q9VWE0	47-106	ECO:0000250		disulfide_bond
Q9VWE0	472-482	ECO:0000250		disulfide_bond
Q9VWS4	100-113	ECO:0000255|PROSITE-ProRule:PRU00206		disulfide_bond
Q9VWS4	116-129	ECO:0000255|PROSITE-ProRule:PRU00206		disulfide_bond
Q9VWS4	119-137	ECO:0000255|PROSITE-ProRule:PRU00206		disulfide_bond
Q9VWU1	125-254	ECO:0000250|UniProtKB:Q9VB68		disulfide_bond
Q9VWU1	172-188	ECO:0000250|UniProtKB:Q9VB68		disulfide_bond
Q9VWU1	30-77	ECO:0000255|PROSITE-ProRule:PRU01236		disulfide_bond
Q9VWU1	300-324	ECO:0000250|UniProtKB:Q9VB68		disulfide_bond
Q9VWU1	335-366	ECO:0000250|UniProtKB:Q9VB68		disulfide_bond
Q9VWU1	40-67	ECO:0000255|PROSITE-ProRule:PRU01236		disulfide_bond
Q9VWU1	46-78	ECO:0000255|PROSITE-ProRule:PRU01236		disulfide_bond
Q9VX10	123	ECO:0000250|UniProtKB:P36077	Interchain	disulfide_bond
Q9VXD9	198-283	ECO:0000250		disulfide_bond
Q9VXD9	199-212	ECO:0000250		disulfide_bond
Q9VXD9	246-298	ECO:0000250		disulfide_bond
Q9VXM0	224-239	ECO:0000255|PROSITE-ProRule:PRU00124		disulfide_bond
Q9VXM0	233-252	ECO:0000255|PROSITE-ProRule:PRU00124		disulfide_bond
Q9VXM0	246-261	ECO:0000255|PROSITE-ProRule:PRU00124		disulfide_bond
Q9VXM0	267-279	ECO:0000255|PROSITE-ProRule:PRU00124		disulfide_bond
Q9VXM0	274-292	ECO:0000255|PROSITE-ProRule:PRU00124		disulfide_bond
Q9VXM0	286-301	ECO:0000255|PROSITE-ProRule:PRU00124		disulfide_bond
Q9VXM0	306-318	ECO:0000255|PROSITE-ProRule:PRU00124		disulfide_bond
Q9VXM0	313-331	ECO:0000255|PROSITE-ProRule:PRU00124		disulfide_bond
Q9VXM0	325-340	ECO:0000255|PROSITE-ProRule:PRU00124		disulfide_bond
Q9VXM0	347-368	ECO:0000255|PROSITE-ProRule:PRU00124		disulfide_bond
Q9VXM0	354-381	ECO:0000255|PROSITE-ProRule:PRU00124		disulfide_bond
Q9VXM0	375-390	ECO:0000255|PROSITE-ProRule:PRU00124		disulfide_bond
Q9VXM0	397-409	ECO:0000255|PROSITE-ProRule:PRU00124		disulfide_bond
Q9VXM0	404-422	ECO:0000255|PROSITE-ProRule:PRU00124		disulfide_bond
Q9VXM0	416-431	ECO:0000255|PROSITE-ProRule:PRU00124		disulfide_bond
Q9VXM0	442-454	ECO:0000255|PROSITE-ProRule:PRU00124		disulfide_bond
Q9VXM0	449-467	ECO:0000255|PROSITE-ProRule:PRU00124		disulfide_bond
Q9VXM0	461-476	ECO:0000255|PROSITE-ProRule:PRU00124		disulfide_bond
Q9VXM0	480-499	ECO:0000255|PROSITE-ProRule:PRU00124		disulfide_bond
Q9VXM0	487-512	ECO:0000255|PROSITE-ProRule:PRU00124		disulfide_bond
Q9VXM0	506-521	ECO:0000255|PROSITE-ProRule:PRU00124		disulfide_bond
Q9VXM0	568-580	ECO:0000255|PROSITE-ProRule:PRU00076		disulfide_bond
Q9VXM0	576-589	ECO:0000255|PROSITE-ProRule:PRU00076		disulfide_bond
Q9VXM0	591-604	ECO:0000255|PROSITE-ProRule:PRU00076		disulfide_bond
Q9VYB7	227-235	ECO:0000250|UniProtKB:O60704		disulfide_bond
Q9VYB7	98-158	ECO:0000250|UniProtKB:O60704		disulfide_bond
Q9VYD7	35-59	ECO:0000250		disulfide_bond
Q9VYD7	39-55	ECO:0000250		disulfide_bond
Q9VYN8	586-595	ECO:0000255|PROSITE-ProRule:PRU00076		disulfide_bond
Q9VYN8	591-606	ECO:0000255|PROSITE-ProRule:PRU00076		disulfide_bond
Q9VYN8	608-617	ECO:0000255|PROSITE-ProRule:PRU00076		disulfide_bond
Q9VYN8	624-635	ECO:0000255|PROSITE-ProRule:PRU00076		disulfide_bond
Q9VYN8	642-651	ECO:0000255|PROSITE-ProRule:PRU00076		disulfide_bond
Q9VYN8	697-710	ECO:0000255|PROSITE-ProRule:PRU00076		disulfide_bond
Q9VYN8	712-721	ECO:0000255|PROSITE-ProRule:PRU00076		disulfide_bond
Q9VYN8	788-798	ECO:0000255|PROSITE-ProRule:PRU00076		disulfide_bond
Q9VYN8	792-807	ECO:0000255|PROSITE-ProRule:PRU00076		disulfide_bond
Q9VYN8	809-818	ECO:0000255|PROSITE-ProRule:PRU00076		disulfide_bond
Q9VYV3	194-197	ECO:0000255|PROSITE-ProRule:PRU00691	Redox-active	disulfide_bond
Q9VYV3	331-334	ECO:0000255|PROSITE-ProRule:PRU00691	Redox-active	disulfide_bond
Q9VYV3	65-68	ECO:0000255|PROSITE-ProRule:PRU00691	Redox-active	disulfide_bond
Q9VYV5	253-315	ECO:0000250		disulfide_bond
Q9VYV5	261-279	ECO:0000250		disulfide_bond
Q9VYV5	267-271	ECO:0000250		disulfide_bond
Q9VYV5	511-518	ECO:0000250		disulfide_bond
Q9VZ21	100-113	ECO:0000305|PubMed:15844167		disulfide_bond
Q9VZ21	115-120	ECO:0000305|PubMed:15844167		disulfide_bond
Q9VZ21	26-65	ECO:0000305|PubMed:15844167		disulfide_bond
Q9VZ21	29-38	ECO:0000305|PubMed:15844167		disulfide_bond
Q9VZ21	60-88	ECO:0000305|PubMed:15844167		disulfide_bond
Q9VZH2	193-222	ECO:0000250|UniProtKB:Q9VB68		disulfide_bond
Q9VZH2	197-216	ECO:0000250|UniProtKB:Q9VB68		disulfide_bond
Q9VZH2	206-223	ECO:0000250|UniProtKB:Q9VB68		disulfide_bond
Q9VZH2	344-372	ECO:0000250|UniProtKB:Q9VB68		disulfide_bond
Q9VZH2	348-366	ECO:0000250|UniProtKB:Q9VB68		disulfide_bond
Q9VZH2	357-373	ECO:0000250|UniProtKB:Q9VB68		disulfide_bond
Q9VZH2	458-490	ECO:0000250|UniProtKB:Q9VB68		disulfide_bond
Q9VZH2	462-484	ECO:0000250|UniProtKB:Q9VB68		disulfide_bond
Q9VZH2	471-491	ECO:0000250|UniProtKB:Q9VB68		disulfide_bond
Q9VZH2	533-565	ECO:0000250|UniProtKB:Q9VB68		disulfide_bond
Q9VZH2	537-558	ECO:0000250|UniProtKB:Q9VB68		disulfide_bond
Q9VZH2	546-566	ECO:0000250|UniProtKB:Q9VB68		disulfide_bond
Q9VZH2	56-85	ECO:0000250|UniProtKB:Q9VB68		disulfide_bond
Q9VZH2	60-78	ECO:0000250|UniProtKB:Q9VB68		disulfide_bond
Q9VZH2	682-916	ECO:0000250|UniProtKB:Q9VB68		disulfide_bond
Q9VZH2	69-86	ECO:0000250|UniProtKB:Q9VB68		disulfide_bond
Q9VZH2	829-845	ECO:0000255|PROSITE-ProRule:PRU00274		disulfide_bond
Q9VZH2	930-1001	ECO:0000255|PROSITE-ProRule:PRU00274		disulfide_bond
Q9VZH2	961-981	ECO:0000255|PROSITE-ProRule:PRU00274		disulfide_bond
Q9VZH2	991-1019	ECO:0000255|PROSITE-ProRule:PRU00274		disulfide_bond
Q9VZX1	293-350	ECO:0000250|UniProtKB:P48607		disulfide_bond
Q9VZX1	331-380	ECO:0000250|UniProtKB:P48607		disulfide_bond
Q9VZX1	340-382	ECO:0000250|UniProtKB:P48607		disulfide_bond
Q9VZX1	379	ECO:0000250|UniProtKB:P48607	Interchain	disulfide_bond
Q9VZZ4	1212-1269	ECO:0000255|PROSITE-ProRule:PRU00298		disulfide_bond
Q9VZZ4	1310-1336	ECO:0000255|PROSITE-ProRule:PRU00298		disulfide_bond
Q9VZZ4	1350	ECO:0000250|UniProtKB:Q92626	Interchain (with C-772); in homotrimer	disulfide_bond
Q9VZZ4	257-307	ECO:0000255|PROSITE-ProRule:PRU00114		disulfide_bond
Q9VZZ4	388-437	ECO:0000255|PROSITE-ProRule:PRU00114		disulfide_bond
Q9VZZ4	479-529	ECO:0000255|PROSITE-ProRule:PRU00114		disulfide_bond
Q9VZZ4	574-627	ECO:0000255|PROSITE-ProRule:PRU00114		disulfide_bond
Q9VZZ4	768-784	ECO:0000255|PROSITE-ProRule:PRU00298		disulfide_bond
Q9VZZ4	772	ECO:0000250|UniProtKB:Q92626	Interchain (with C-1350); in homotrimer	disulfide_bond
Q9VZZ4	882-892	ECO:0000255|PROSITE-ProRule:PRU00298		disulfide_bond
Q9VZZ4	886-909	ECO:0000255|PROSITE-ProRule:PRU00298		disulfide_bond
Q9VZZ4	994-1005	ECO:0000255|PROSITE-ProRule:PRU00298		disulfide_bond
Q9W092	45-70	ECO:0000255|PROSITE-ProRule:PRU01258		disulfide_bond
Q9W0A0	102-111	ECO:0000255|PROSITE-ProRule:PRU00076		disulfide_bond
Q9W0A0	106-117	ECO:0000255|PROSITE-ProRule:PRU00076		disulfide_bond
Q9W0A0	119-128	ECO:0000255|PROSITE-ProRule:PRU00076		disulfide_bond
Q9W0A0	141-153	ECO:0000255|PROSITE-ProRule:PRU00076		disulfide_bond
Q9W0A0	147-160	ECO:0000255|PROSITE-ProRule:PRU00076		disulfide_bond
Q9W0A0	162-171	ECO:0000255|PROSITE-ProRule:PRU00076		disulfide_bond
Q9W0A0	184-196	ECO:0000255|PROSITE-ProRule:PRU00076		disulfide_bond
Q9W0A0	190-203	ECO:0000255|PROSITE-ProRule:PRU00076		disulfide_bond
Q9W0A0	205-214	ECO:0000255|PROSITE-ProRule:PRU00076		disulfide_bond
Q9W0A0	227-239	ECO:0000255|PROSITE-ProRule:PRU00076		disulfide_bond
Q9W0A0	233-246	ECO:0000255|PROSITE-ProRule:PRU00076		disulfide_bond
Q9W0A0	248-257	ECO:0000255|PROSITE-ProRule:PRU00076		disulfide_bond
Q9W0A0	270-282	ECO:0000255|PROSITE-ProRule:PRU00076		disulfide_bond
Q9W0A0	276-289	ECO:0000255|PROSITE-ProRule:PRU00076		disulfide_bond
Q9W0A0	29-88	ECO:0000255|PROSITE-ProRule:PRU00384		disulfide_bond
Q9W0A0	291-300	ECO:0000255|PROSITE-ProRule:PRU00076		disulfide_bond
Q9W0A0	313-325	ECO:0000255|PROSITE-ProRule:PRU00076		disulfide_bond
Q9W0A0	319-332	ECO:0000255|PROSITE-ProRule:PRU00076		disulfide_bond
Q9W0A0	334-343	ECO:0000255|PROSITE-ProRule:PRU00076		disulfide_bond
Q9W0A0	402-414	ECO:0000255|PROSITE-ProRule:PRU00076		disulfide_bond
Q9W0A0	408-421	ECO:0000255|PROSITE-ProRule:PRU00076		disulfide_bond
Q9W0A0	423-432	ECO:0000255|PROSITE-ProRule:PRU00076		disulfide_bond
Q9W0A0	488-500	ECO:0000255|PROSITE-ProRule:PRU00076		disulfide_bond
Q9W0A0	494-507	ECO:0000255|PROSITE-ProRule:PRU00076		disulfide_bond
Q9W0A0	509-518	ECO:0000255|PROSITE-ProRule:PRU00076		disulfide_bond
Q9W0A0	55-62	ECO:0000255|PROSITE-ProRule:PRU00384		disulfide_bond
Q9W0A0	576-588	ECO:0000255|PROSITE-ProRule:PRU00076		disulfide_bond
Q9W0A0	582-595	ECO:0000255|PROSITE-ProRule:PRU00076		disulfide_bond
Q9W0A0	597-606	ECO:0000255|PROSITE-ProRule:PRU00076		disulfide_bond
Q9W0A0	664-676	ECO:0000255|PROSITE-ProRule:PRU00076		disulfide_bond
Q9W0A0	670-683	ECO:0000255|PROSITE-ProRule:PRU00076		disulfide_bond
Q9W0A0	685-694	ECO:0000255|PROSITE-ProRule:PRU00076		disulfide_bond
Q9W0A0	87-98	ECO:0000255|PROSITE-ProRule:PRU00384		disulfide_bond
Q9W0R5	112-117	ECO:0000250|UniProtKB:O97148		disulfide_bond
Q9W0R5	121-216	ECO:0000250|UniProtKB:O97148		disulfide_bond
Q9W0R5	122-135	ECO:0000250|UniProtKB:O97148		disulfide_bond
Q9W0R5	177-236	ECO:0000250|UniProtKB:O97148		disulfide_bond
Q9W0R5	56-110	ECO:0000250|UniProtKB:O97148		disulfide_bond
Q9W0R6	29-82	ECO:0000250|UniProtKB:O97148		disulfide_bond
Q9W0R6	84-89	ECO:0000250|UniProtKB:O97148		disulfide_bond
Q9W0R6	93-181	ECO:0000250|UniProtKB:O97148		disulfide_bond
Q9W0R6	94-107	ECO:0000250|UniProtKB:O97148		disulfide_bond
Q9W0V7	30-82	ECO:0000250|UniProtKB:O97148		disulfide_bond
Q9W0V7	84-89	ECO:0000250|UniProtKB:O97148		disulfide_bond
Q9W0V7	93-184	ECO:0000250|UniProtKB:O97148		disulfide_bond
Q9W0V7	94-107	ECO:0000250|UniProtKB:O97148		disulfide_bond
Q9W0Y8	272-318	ECO:0000250|UniProtKB:D0E0C2		disulfide_bond
Q9W0Y8	875-887	ECO:0000250|UniProtKB:D0E0C2		disulfide_bond
Q9W1L5	231-251	ECO:0000250		disulfide_bond
Q9W1L5	293-304	ECO:0000250		disulfide_bond
Q9W1V6	574-617	ECO:0000250|UniProtKB:Q9ZP19		disulfide_bond
Q9W1V6	576-624	ECO:0000250|UniProtKB:Q9ZP19		disulfide_bond
Q9W2C3	189-205	ECO:0000250|UniProtKB:P20933		disulfide_bond
Q9W2C3	344-371	ECO:0000250		disulfide_bond
Q9W2C3	90-95	ECO:0000250|UniProtKB:P20933		disulfide_bond
Q9W2D6	36-61	ECO:0000250		disulfide_bond
Q9W2D6	40-57	ECO:0000250		disulfide_bond
Q9W303	29-56	ECO:0000255|PROSITE-ProRule:PRU01258		disulfide_bond
Q9W303	343-426	ECO:0000250		disulfide_bond
Q9W332	1031-1058	ECO:0000255|PROSITE-ProRule:PRU00059		disulfide_bond
Q9W332	1100-1126	ECO:0000255|PROSITE-ProRule:PRU00059		disulfide_bond
Q9W332	1153-1175	ECO:0000255|PROSITE-ProRule:PRU00059		disulfide_bond
Q9W332	1216-1242	ECO:0000255|PROSITE-ProRule:PRU00059		disulfide_bond
Q9W332	1269-1292	ECO:0000255|PROSITE-ProRule:PRU00059		disulfide_bond
Q9W332	1332-1360	ECO:0000255|PROSITE-ProRule:PRU00059		disulfide_bond
Q9W332	1439-1465	ECO:0000255|PROSITE-ProRule:PRU00059		disulfide_bond
Q9W332	1492-1513	ECO:0000255|PROSITE-ProRule:PRU00059		disulfide_bond
Q9W332	1554-1580	ECO:0000255|PROSITE-ProRule:PRU00059		disulfide_bond
Q9W332	158-169	ECO:0000255|PROSITE-ProRule:PRU00076		disulfide_bond
Q9W332	1607-1631	ECO:0000255|PROSITE-ProRule:PRU00059		disulfide_bond
Q9W332	163-178	ECO:0000255|PROSITE-ProRule:PRU00076		disulfide_bond
Q9W332	1671-1697	ECO:0000255|PROSITE-ProRule:PRU00059		disulfide_bond
Q9W332	1733-1755	ECO:0000255|PROSITE-ProRule:PRU00059		disulfide_bond
Q9W332	1792-1818	ECO:0000255|PROSITE-ProRule:PRU00059		disulfide_bond
Q9W332	180-189	ECO:0000255|PROSITE-ProRule:PRU00076		disulfide_bond
Q9W332	1845-1866	ECO:0000255|PROSITE-ProRule:PRU00059		disulfide_bond
Q9W332	196-212	ECO:0000255|PROSITE-ProRule:PRU00076		disulfide_bond
Q9W332	2019-2048	ECO:0000255|PROSITE-ProRule:PRU00059		disulfide_bond
Q9W332	206-221	ECO:0000255|PROSITE-ProRule:PRU00076		disulfide_bond
Q9W332	2077-2100	ECO:0000255|PROSITE-ProRule:PRU00059		disulfide_bond
Q9W332	2140-2167	ECO:0000255|PROSITE-ProRule:PRU00059		disulfide_bond
Q9W332	223-232	ECO:0000255|PROSITE-ProRule:PRU00076		disulfide_bond
Q9W332	2324-2346	ECO:0000255|PROSITE-ProRule:PRU00059		disulfide_bond
Q9W332	2385-2416	ECO:0000255|PROSITE-ProRule:PRU00059		disulfide_bond
Q9W332	2445-2474	ECO:0000255|PROSITE-ProRule:PRU00059		disulfide_bond
Q9W332	2516-2542	ECO:0000255|PROSITE-ProRule:PRU00059		disulfide_bond
Q9W332	2761-2790	ECO:0000255|PROSITE-ProRule:PRU00059		disulfide_bond
Q9W332	2837-2859	ECO:0000255|PROSITE-ProRule:PRU00059		disulfide_bond
Q9W332	2898-2921	ECO:0000255|PROSITE-ProRule:PRU00059		disulfide_bond
Q9W332	2949-2973	ECO:0000255|PROSITE-ProRule:PRU00059		disulfide_bond
Q9W332	3011-3039	ECO:0000255|PROSITE-ProRule:PRU00059		disulfide_bond
Q9W332	3070-3092	ECO:0000255|PROSITE-ProRule:PRU00059		disulfide_bond
Q9W332	3130-3157	ECO:0000255|PROSITE-ProRule:PRU00059		disulfide_bond
Q9W332	3184-3207	ECO:0000255|PROSITE-ProRule:PRU00059		disulfide_bond
Q9W332	3249-3278	ECO:0000255|PROSITE-ProRule:PRU00059		disulfide_bond
Q9W332	3305-3327	ECO:0000255|PROSITE-ProRule:PRU00059		disulfide_bond
Q9W332	3368-3402	ECO:0000255|PROSITE-ProRule:PRU00059		disulfide_bond
Q9W332	3430-3475	ECO:0000255|PROSITE-ProRule:PRU00059		disulfide_bond
Q9W332	3560-3579	ECO:0000255|PROSITE-ProRule:PRU00059		disulfide_bond
Q9W332	3623-3649	ECO:0000255|PROSITE-ProRule:PRU00059		disulfide_bond
Q9W332	3676-3699	ECO:0000255|PROSITE-ProRule:PRU00059		disulfide_bond
Q9W332	430-441	ECO:0000255|PROSITE-ProRule:PRU00076		disulfide_bond
Q9W332	435-451	ECO:0000255|PROSITE-ProRule:PRU00076		disulfide_bond
Q9W332	453-462	ECO:0000255|PROSITE-ProRule:PRU00076		disulfide_bond
Q9W332	469-480	ECO:0000255|PROSITE-ProRule:PRU00076		disulfide_bond
Q9W332	474-491	ECO:0000255|PROSITE-ProRule:PRU00076		disulfide_bond
Q9W332	493-502	ECO:0000255|PROSITE-ProRule:PRU00076		disulfide_bond
Q9W332	509-535	ECO:0000255|PROSITE-ProRule:PRU00059		disulfide_bond
Q9W332	562-584	ECO:0000255|PROSITE-ProRule:PRU00059		disulfide_bond
Q9W332	627-654	ECO:0000255|PROSITE-ProRule:PRU00059		disulfide_bond
Q9W332	681-701	ECO:0000255|PROSITE-ProRule:PRU00059		disulfide_bond
Q9W332	744-770	ECO:0000255|PROSITE-ProRule:PRU00059		disulfide_bond
Q9W332	853-879	ECO:0000255|PROSITE-ProRule:PRU00059		disulfide_bond
Q9W332	913-933	ECO:0000255|PROSITE-ProRule:PRU00059		disulfide_bond
Q9W332	978-1004	ECO:0000255|PROSITE-ProRule:PRU00059		disulfide_bond
Q9W3C7	104-136	ECO:0000250		disulfide_bond
Q9W3C7	160-168	ECO:0000250		disulfide_bond
Q9W3C7	53-54	ECO:0000250		disulfide_bond
Q9W3T7	100-115	ECO:0000305|PubMed:19502482		disulfide_bond
Q9W3T7	119-124	ECO:0000305|PubMed:19502482		disulfide_bond
Q9W3T7	34-74	ECO:0000305|PubMed:19502482		disulfide_bond
Q9W3T7	37-48	ECO:0000305|PubMed:19502482		disulfide_bond
Q9W3T7	65-91	ECO:0000305|PubMed:19502482		disulfide_bond
Q9W3W5	224-261	ECO:0000250		disulfide_bond
Q9W3W5	283-293	ECO:0000250		disulfide_bond
Q9W3W5	287-299	ECO:0000250		disulfide_bond
Q9W3W5	301-310	ECO:0000250		disulfide_bond
Q9W3W5	315-325	ECO:0000250		disulfide_bond
Q9W3W5	319-331	ECO:0000250		disulfide_bond
Q9W3W5	333-342	ECO:0000250		disulfide_bond
Q9W3W5	347-357	ECO:0000250		disulfide_bond
Q9W3W5	351-363	ECO:0000250		disulfide_bond
Q9W3W5	365-374	ECO:0000250		disulfide_bond
Q9W3W5	379-389	ECO:0000250		disulfide_bond
Q9W3W5	383-395	ECO:0000250		disulfide_bond
Q9W3W5	397-406	ECO:0000250		disulfide_bond
Q9W3W5	416-423	ECO:0000250		disulfide_bond
Q9W3W5	418-429	ECO:0000250		disulfide_bond
Q9W3W5	431-440	ECO:0000250		disulfide_bond
Q9W436	173-178	ECO:0000255|PROSITE-ProRule:PRU01233		disulfide_bond
Q9W436	196-834	ECO:0000255|PROSITE-ProRule:PRU01233		disulfide_bond
Q9W436	204-794	ECO:0000255|PROSITE-ProRule:PRU01233		disulfide_bond
Q9W436	260-512	ECO:0000255|PROSITE-ProRule:PRU01233		disulfide_bond
Q9W436	721-846	ECO:0000255|PROSITE-ProRule:PRU01233		disulfide_bond
Q9W4Q9	135-141	ECO:0000250|UniProtKB:P01308		disulfide_bond
Q9W4Q9	63-136	ECO:0000250|UniProtKB:P01308	Interchain (between B and A chains)	disulfide_bond
Q9W4Q9	75-150	ECO:0000250|UniProtKB:P01308	Interchain (between B and A chains)	disulfide_bond
Q9W4Z4	48-91	ECO:0000250|UniProtKB:P01308	Interchain (between B and A chains)	disulfide_bond
Q9W4Z4	60-105	ECO:0000250|UniProtKB:P01308	Interchain (between B and A chains)	disulfide_bond
Q9W4Z4	90-96	ECO:0000250|UniProtKB:P01308		disulfide_bond
Q9W534	109-188	ECO:0000255|PROSITE-ProRule:PRU00521		disulfide_bond
Q9W589	203-226	ECO:0000250|UniProtKB:Q9Y2G5		disulfide_bond
Q9W589	459-466	ECO:0000250|UniProtKB:Q9Y2G5		disulfide_bond
Q9W5B6	99-205	ECO:0000250	Alternate	disulfide_bond
Q9W5U2	1413-1438	ECO:0000255|PROSITE-ProRule:PRU01258		disulfide_bond
Q9W5U2	1857-1868	ECO:0000255|PROSITE-ProRule:PRU00144		disulfide_bond
Q9W5U2	1912-1937	ECO:0000255|PROSITE-ProRule:PRU01258		disulfide_bond
Q9W5U2	223-248	ECO:0000255|PROSITE-ProRule:PRU01258		disulfide_bond
Q9W5U2	721-734	ECO:0000255|PROSITE-ProRule:PRU00144		disulfide_bond
Q9W5U2	827-840	ECO:0000255|PROSITE-ProRule:PRU00144		disulfide_bond
Q9W5U2	897-910	ECO:0000255|PROSITE-ProRule:PRU00144		disulfide_bond
Q9W5U2	969-994	ECO:0000255|PROSITE-ProRule:PRU01258		disulfide_bond
Q9W5Y0	103-108	ECO:0000255|PROSITE-ProRule:PRU01233		disulfide_bond
Q9W5Y0	126-771	ECO:0000255|PROSITE-ProRule:PRU01233		disulfide_bond
Q9W5Y0	134-731	ECO:0000255|PROSITE-ProRule:PRU01233		disulfide_bond
Q9W5Y0	190-450	ECO:0000255|PROSITE-ProRule:PRU01233		disulfide_bond
Q9W5Y0	659-783	ECO:0000255|PROSITE-ProRule:PRU01233		disulfide_bond
Q9XZ08	884-932	ECO:0000250|UniProtKB:Q9ES89		disulfide_bond
Q9XZ14	163-168	ECO:0000255|PROSITE-ProRule:PRU01233		disulfide_bond
Q9XZ14	186-868	ECO:0000255|PROSITE-ProRule:PRU01233		disulfide_bond
Q9XZ14	194-826	ECO:0000255|PROSITE-ProRule:PRU01233		disulfide_bond
Q9XZ14	254-504	ECO:0000255|PROSITE-ProRule:PRU01233		disulfide_bond
Q9XZ14	732-875	ECO:0000255|PROSITE-ProRule:PRU01233		disulfide_bond
Q9XZ63	148-151	ECO:0000250		disulfide_bond
Q9XZ63	28-114	ECO:0000250		disulfide_bond
Q9XZ63	31-103	ECO:0000250		disulfide_bond
Q9XZ63	61-72	ECO:0000250		disulfide_bond
Q9Y0V3	22-46	ECO:0000250		disulfide_bond
Q9Y0V3	26-42	ECO:0000250		disulfide_bond
Q9Y117	140-375	ECO:0000255|PROSITE-ProRule:PRU00174		disulfide_bond
Q9Y117	366-446	ECO:0000255|PROSITE-ProRule:PRU00174		disulfide_bond
Q9Y117	526-547	ECO:0000255|PROSITE-ProRule:PRU00174		disulfide_bond
Q9Y117	572-601	ECO:0000255|PROSITE-ProRule:PRU00174		disulfide_bond
Q9Y117	626-649	ECO:0000255|PROSITE-ProRule:PRU00174		disulfide_bond
Q9Y169	625-675	ECO:0000250|UniProtKB:Q9ES89		disulfide_bond
Q9Y1A3	38-61	ECO:0000250		disulfide_bond
Q9Y1A3	42-57	ECO:0000250		disulfide_bond
