entry	pos	evidence	note	origin
A0A0B4K692	60-74	ECO:0000256|SAM:MobiDB-lite	Polar residues	compositional_bias
A0A0B4K7J2	1192-1208	ECO:0000256|SAM:MobiDB-lite	Polar residues	compositional_bias
A0A0B4K7J2	1284-1299	ECO:0000256|SAM:MobiDB-lite	Polar residues	compositional_bias
A0A0B4K7J2	1483-1493	ECO:0000256|SAM:MobiDB-lite	Polar residues	compositional_bias
A0A0B4K7J2	1743-1760	ECO:0000256|SAM:MobiDB-lite	Basic and acidic residues	compositional_bias
A0A0B4K7J2	2002-2016	ECO:0000256|SAM:MobiDB-lite	Acidic residues	compositional_bias
A0A0B4K7J2	2161-2175	ECO:0000256|SAM:MobiDB-lite	Polar residues	compositional_bias
A0A0B4K7J2	2239-2257	ECO:0000256|SAM:MobiDB-lite	Low complexity	compositional_bias
A0A0B4K7J2	803-816	ECO:0000256|SAM:MobiDB-lite	Polar residues	compositional_bias
A0A0B4K7J2	938-948	ECO:0000256|SAM:MobiDB-lite	Low complexity	compositional_bias
A0A0B4KGY6	176-190	ECO:0000256|SAM:MobiDB-lite	Low complexity	compositional_bias
A0A0B4KGY6	79-91	ECO:0000256|SAM:MobiDB-lite	Low complexity	compositional_bias
A0A0B4KGY6	99-113	ECO:0000256|SAM:MobiDB-lite	Low complexity	compositional_bias
A0A0B7P9G0	740-763	ECO:0000256|SAM:MobiDB-lite	Polar residues	compositional_bias
A0A0B7P9G0	822-834	ECO:0000256|SAM:MobiDB-lite	Basic and acidic residues	compositional_bias
A0A0U1QT59	1069-1083	ECO:0000256|SAM:MobiDB-lite	Low complexity	compositional_bias
A0A0U1QT59	1091-1100	ECO:0000256|SAM:MobiDB-lite	Low complexity	compositional_bias
A0A0U1QT59	1107-1130	ECO:0000256|SAM:MobiDB-lite	Low complexity	compositional_bias
A0A0U1QT59	125-134	ECO:0000256|SAM:MobiDB-lite	Basic and acidic residues	compositional_bias
A0A0U1QT59	1538-1566	ECO:0000256|SAM:MobiDB-lite	Basic and acidic residues	compositional_bias
A0A0U1QT59	1614-1640	ECO:0000256|SAM:MobiDB-lite	Basic and acidic residues	compositional_bias
A0A0U1QT59	1658-1668	ECO:0000256|SAM:MobiDB-lite	Basic and acidic residues	compositional_bias
A0A0U1QT59	166-178	ECO:0000256|SAM:MobiDB-lite	Acidic residues	compositional_bias
A0A0U1QT59	1727-1743	ECO:0000256|SAM:MobiDB-lite	Basic and acidic residues	compositional_bias
A0A0U1QT59	1777-1793	ECO:0000256|SAM:MobiDB-lite	Basic and acidic residues	compositional_bias
A0A0U1QT59	1806-1838	ECO:0000256|SAM:MobiDB-lite	Polar residues	compositional_bias
A0A0U1QT59	1890-1899	ECO:0000256|SAM:MobiDB-lite	Low complexity	compositional_bias
A0A0U1QT59	1903-1914	ECO:0000256|SAM:MobiDB-lite	Pro residues	compositional_bias
A0A0U1QT59	1976-1990	ECO:0000256|SAM:MobiDB-lite	Polar residues	compositional_bias
A0A0U1QT59	198-208	ECO:0000256|SAM:MobiDB-lite	Basic residues	compositional_bias
A0A0U1QT59	216-225	ECO:0000256|SAM:MobiDB-lite	Basic and acidic residues	compositional_bias
A0A0U1QT59	227-243	ECO:0000256|SAM:MobiDB-lite	Polar residues	compositional_bias
A0A0U1QT59	58-73	ECO:0000256|SAM:MobiDB-lite	Low complexity	compositional_bias
A0A0U1QT59	74-90	ECO:0000256|SAM:MobiDB-lite	Polar residues	compositional_bias
A0A0U1QT59	870-885	ECO:0000256|SAM:MobiDB-lite	Polar residues	compositional_bias
A0A0U1QT59	886-906	ECO:0000256|SAM:MobiDB-lite	Low complexity	compositional_bias
A0A0U1QT59	933-952	ECO:0000256|SAM:MobiDB-lite	Polar residues	compositional_bias
A0A0U1QT59	953-967	ECO:0000256|SAM:MobiDB-lite	Acidic residues	compositional_bias
A0A1F4	429-447	ECO:0000256|SAM:MobiDB-lite	Low complexity	compositional_bias
A0A1F4	482-502	ECO:0000256|SAM:MobiDB-lite	Low complexity	compositional_bias
A0A1F4	514-526	ECO:0000256|SAM:MobiDB-lite	Polar residues	compositional_bias
A0A1F4	548-560	ECO:0000256|SAM:MobiDB-lite	Acidic residues	compositional_bias
A0A1F4	564-582	ECO:0000256|SAM:MobiDB-lite	Low complexity	compositional_bias
A0A1F4	596-632	ECO:0000256|SAM:MobiDB-lite	Low complexity	compositional_bias
A0A1F4	757-775	ECO:0000256|SAM:MobiDB-lite	Polar residues	compositional_bias
A0A1F4	811-820	ECO:0000256|SAM:MobiDB-lite	Basic residues	compositional_bias
A0A1F4	904-922	ECO:0000256|SAM:MobiDB-lite	Pro residues	compositional_bias
A0A1F4	930-955	ECO:0000256|SAM:MobiDB-lite	Pro residues	compositional_bias
A1A708	159-170	ECO:0000256|SAM:MobiDB-lite	Polar residues	compositional_bias
A1A708	194-210	ECO:0000256|SAM:MobiDB-lite	Basic and acidic residues	compositional_bias
A1A708	211-221	ECO:0000256|SAM:MobiDB-lite	Low complexity	compositional_bias
A1A708	229-239	ECO:0000256|SAM:MobiDB-lite	Low complexity	compositional_bias
A1A708	269-280	ECO:0000256|SAM:MobiDB-lite	Basic residues	compositional_bias
A1Z6H7	1819-1829	ECO:0000256|SAM:MobiDB-lite	Polar residues	compositional_bias
A1Z6H7	1864-1876	ECO:0000256|SAM:MobiDB-lite	Low complexity	compositional_bias
A1Z6W3	1-19	ECO:0000256|SAM:MobiDB-lite	Gly residues	compositional_bias
A1Z6W3	1070-1081	ECO:0000256|SAM:MobiDB-lite	Polar residues	compositional_bias
A1Z6W3	1089-1101	ECO:0000256|SAM:MobiDB-lite	Low complexity	compositional_bias
A1Z6W3	1136-1150	ECO:0000256|SAM:MobiDB-lite	Basic and acidic residues	compositional_bias
A1Z6W3	1151-1183	ECO:0000256|SAM:MobiDB-lite	Basic residues	compositional_bias
A1Z6W3	1216-1231	ECO:0000256|SAM:MobiDB-lite	Basic and acidic residues	compositional_bias
A1Z6W3	1238-1249	ECO:0000256|SAM:MobiDB-lite	Low complexity	compositional_bias
A1Z6W3	145-159	ECO:0000256|SAM:MobiDB-lite	Basic residues	compositional_bias
A1Z6W3	168-181	ECO:0000256|SAM:MobiDB-lite	Polar residues	compositional_bias
A1Z6W3	263-272	ECO:0000256|SAM:MobiDB-lite	Pro residues	compositional_bias
A1Z6W3	425-434	ECO:0000256|SAM:MobiDB-lite	Low complexity	compositional_bias
A1Z6W3	435-445	ECO:0000256|SAM:MobiDB-lite	Gly residues	compositional_bias
A1Z6W3	457-469	ECO:0000256|SAM:MobiDB-lite	Polar residues	compositional_bias
A1Z6W3	516-525	ECO:0000256|SAM:MobiDB-lite	Basic and acidic residues	compositional_bias
A1Z6W3	844-864	ECO:0000256|SAM:MobiDB-lite	Low complexity	compositional_bias
A1Z6W3	922-934	ECO:0000256|SAM:MobiDB-lite	Polar residues	compositional_bias
A1Z746	15-25	ECO:0000256|SAM:MobiDB-lite	Basic and acidic residues	compositional_bias
A1Z7A6	1007-1017	ECO:0000256|SAM:MobiDB-lite	Polar residues	compositional_bias
A1Z7A6	1058-1078	ECO:0000256|SAM:MobiDB-lite	Polar residues	compositional_bias
A1Z7A6	709-719	ECO:0000256|SAM:MobiDB-lite	Acidic residues	compositional_bias
A1Z7A6	742-755	ECO:0000256|SAM:MobiDB-lite	Low complexity	compositional_bias
A1Z7A6	808-824	ECO:0000256|SAM:MobiDB-lite	Low complexity	compositional_bias
A1Z7A6	839-849	ECO:0000256|SAM:MobiDB-lite	Polar residues	compositional_bias
A1Z7A8	152-181	ECO:0000256|SAM:MobiDB-lite	Polar residues	compositional_bias
A1Z7A8	223-234	ECO:0000256|SAM:MobiDB-lite	Basic and acidic residues	compositional_bias
A1Z7A8	251-272	ECO:0000256|SAM:MobiDB-lite	Basic and acidic residues	compositional_bias
A1Z7G7	1300-1314	ECO:0000256|SAM:MobiDB-lite	Low complexity	compositional_bias
A1Z7G7	1444-1469	ECO:0000256|SAM:MobiDB-lite	Low complexity	compositional_bias
A1Z7G7	1477-1491	ECO:0000256|SAM:MobiDB-lite	Acidic residues	compositional_bias
A1Z7G7	1501-1514	ECO:0000256|SAM:MobiDB-lite	Acidic residues	compositional_bias
A1Z7G7	1625-1637	ECO:0000256|SAM:MobiDB-lite	Polar residues	compositional_bias
A1Z7G7	1638-1659	ECO:0000256|SAM:MobiDB-lite	Low complexity	compositional_bias
A1Z7G7	1660-1676	ECO:0000256|SAM:MobiDB-lite	Basic residues	compositional_bias
A1Z7G7	171-184	ECO:0000256|SAM:MobiDB-lite	Polar residues	compositional_bias
A1Z7G7	242-251	ECO:0000256|SAM:MobiDB-lite	Polar residues	compositional_bias
A1Z7G7	261-271	ECO:0000256|SAM:MobiDB-lite	Low complexity	compositional_bias
A1Z7G7	281-290	ECO:0000256|SAM:MobiDB-lite	Low complexity	compositional_bias
A1Z7K9	626-648	ECO:0000256|SAM:MobiDB-lite	Polar residues	compositional_bias
A1Z7K9	655-666	ECO:0000256|SAM:MobiDB-lite	Basic and acidic residues	compositional_bias
A1Z7K9	822-838	ECO:0000256|SAM:MobiDB-lite	Polar residues	compositional_bias
A1Z7K9	972-981	ECO:0000256|SAM:MobiDB-lite	Low complexity	compositional_bias
A1Z7L1	1314-1335	ECO:0000256|SAM:MobiDB-lite	Acidic residues	compositional_bias
A1Z7L1	1342-1352	ECO:0000256|SAM:MobiDB-lite	Acidic residues	compositional_bias
A1Z7L1	1387-1400	ECO:0000256|SAM:MobiDB-lite	Acidic residues	compositional_bias
A1Z7L1	1423-1447	ECO:0000256|SAM:MobiDB-lite	Basic and acidic residues	compositional_bias
A1Z7R6	1-11	ECO:0000256|SAM:MobiDB-lite	Basic and acidic residues	compositional_bias
A1Z7R6	27-38	ECO:0000256|SAM:MobiDB-lite	Polar residues	compositional_bias
A1Z7T0	395-404	ECO:0000256|SAM:MobiDB-lite	Basic and acidic residues	compositional_bias
A1Z7T0	576-588	ECO:0000256|SAM:MobiDB-lite	Low complexity	compositional_bias
A1Z7T0	767-787	ECO:0000256|SAM:MobiDB-lite	Low complexity	compositional_bias
A1Z7Z9	180-196	ECO:0000256|SAM:MobiDB-lite	Basic and acidic residues	compositional_bias
A1Z7Z9	494-504	ECO:0000256|SAM:MobiDB-lite	Basic and acidic residues	compositional_bias
A1Z7Z9	513-522	ECO:0000256|SAM:MobiDB-lite	Polar residues	compositional_bias
A1Z830	463-475	ECO:0000256|SAM:MobiDB-lite	Low complexity	compositional_bias
A1Z830	476-485	ECO:0000256|SAM:MobiDB-lite	Basic and acidic residues	compositional_bias
A1Z8D0	48-73	ECO:0000256|SAM:MobiDB-lite	Acidic residues	compositional_bias
A1Z8D0	74-84	ECO:0000256|SAM:MobiDB-lite	Basic and acidic residues	compositional_bias
A1Z8N1	134-143	ECO:0000256|SAM:MobiDB-lite	Basic and acidic residues	compositional_bias
A1Z8N1	171-181	ECO:0000256|SAM:MobiDB-lite	Polar residues	compositional_bias
A1Z8N1	330-341	ECO:0000256|SAM:MobiDB-lite	Polar residues	compositional_bias
A1Z8N1	69-81	ECO:0000256|SAM:MobiDB-lite	Polar residues	compositional_bias
A1Z8P9	1621-1649	ECO:0000256|SAM:MobiDB-lite	Polar residues	compositional_bias
A1Z8P9	1657-1667	ECO:0000256|SAM:MobiDB-lite	Polar residues	compositional_bias
A1Z8P9	1702-1722	ECO:0000256|SAM:MobiDB-lite	Low complexity	compositional_bias
A1Z8P9	1738-1747	ECO:0000256|SAM:MobiDB-lite	Polar residues	compositional_bias
A1Z8P9	1752-1761	ECO:0000256|SAM:MobiDB-lite	Low complexity	compositional_bias
A1Z8P9	1827-1878	ECO:0000256|SAM:MobiDB-lite	Low complexity	compositional_bias
A1Z8P9	1879-1891	ECO:0000256|SAM:MobiDB-lite	Polar residues	compositional_bias
A1Z8P9	1953-2023	ECO:0000256|SAM:MobiDB-lite	Acidic residues	compositional_bias
A1Z8P9	2028-2080	ECO:0000256|SAM:MobiDB-lite	Polar residues	compositional_bias
A1Z8P9	2082-2091	ECO:0000256|SAM:MobiDB-lite	Low complexity	compositional_bias
A1Z8P9	2097-2110	ECO:0000256|SAM:MobiDB-lite	Polar residues	compositional_bias
A1Z8P9	2142-2159	ECO:0000256|SAM:MobiDB-lite	Polar residues	compositional_bias
A1Z8P9	2165-2184	ECO:0000256|SAM:MobiDB-lite	Basic and acidic residues	compositional_bias
A1Z8P9	2193-2223	ECO:0000256|SAM:MobiDB-lite	Polar residues	compositional_bias
A1Z8P9	2302-2322	ECO:0000256|SAM:MobiDB-lite	Polar residues	compositional_bias
A1Z8P9	2323-2332	ECO:0000256|SAM:MobiDB-lite	Basic residues	compositional_bias
A1Z8P9	629-642	ECO:0000256|SAM:MobiDB-lite	Polar residues	compositional_bias
A1Z9E2	10-26	ECO:0000256|SAM:MobiDB-lite	Acidic residues	compositional_bias
A1Z9E2	29-39	ECO:0000256|SAM:MobiDB-lite	Basic and acidic residues	compositional_bias
A1Z9E2	366-386	ECO:0000256|SAM:MobiDB-lite	Low complexity	compositional_bias
A1Z9E2	40-55	ECO:0000256|SAM:MobiDB-lite	Acidic residues	compositional_bias
A1Z9E2	500-516	ECO:0000256|SAM:MobiDB-lite	Low complexity	compositional_bias
A1Z9E2	535-548	ECO:0000256|SAM:MobiDB-lite	Low complexity	compositional_bias
A1Z9E2	661-682	ECO:0000256|SAM:MobiDB-lite	Low complexity	compositional_bias
A1Z9G2	812-834	ECO:0000256|SAM:MobiDB-lite	Acidic residues	compositional_bias
A1Z9G2	835-844	ECO:0000256|SAM:MobiDB-lite	Polar residues	compositional_bias
A1Z9G2	873-883	ECO:0000256|SAM:MobiDB-lite	Polar residues	compositional_bias
A1Z9L3	113-141	ECO:0000256|SAM:MobiDB-lite	Basic and acidic residues	compositional_bias
A1Z9L3	180-196	ECO:0000256|SAM:MobiDB-lite	Basic and acidic residues	compositional_bias
A1Z9L3	197-222	ECO:0000256|SAM:MobiDB-lite	Basic residues	compositional_bias
A1Z9L3	232-252	ECO:0000256|SAM:MobiDB-lite	Basic residues	compositional_bias
A1Z9L3	253-269	ECO:0000256|SAM:MobiDB-lite	Basic and acidic residues	compositional_bias
A1Z9L3	388-399	ECO:0000256|SAM:MobiDB-lite	Polar residues	compositional_bias
A1Z9L3	439-449	ECO:0000256|SAM:MobiDB-lite	Acidic residues	compositional_bias
A1Z9L3	87-97	ECO:0000256|SAM:MobiDB-lite	Basic and acidic residues	compositional_bias
A1Z9P3	10-21	ECO:0000256|SAM:MobiDB-lite	Polar residues	compositional_bias
A1Z9P3	1042-1055	ECO:0000256|SAM:MobiDB-lite	Polar residues	compositional_bias
A1Z9P3	1094-1108	ECO:0000256|SAM:MobiDB-lite	Pro residues	compositional_bias
A1Z9P3	1217-1229	ECO:0000256|SAM:MobiDB-lite	Pro residues	compositional_bias
A1Z9P3	1230-1239	ECO:0000256|SAM:MobiDB-lite	Acidic residues	compositional_bias
A1Z9P3	128-142	ECO:0000256|SAM:MobiDB-lite	Low complexity	compositional_bias
A1Z9P3	189-211	ECO:0000256|SAM:MobiDB-lite	Basic residues	compositional_bias
A1Z9P3	212-244	ECO:0000256|SAM:MobiDB-lite	Low complexity	compositional_bias
A1Z9P3	267-283	ECO:0000256|SAM:MobiDB-lite	Low complexity	compositional_bias
A1Z9P3	305-317	ECO:0000256|SAM:MobiDB-lite	Polar residues	compositional_bias
A1Z9P3	376-388	ECO:0000256|SAM:MobiDB-lite	Low complexity	compositional_bias
A1Z9P3	399-415	ECO:0000256|SAM:MobiDB-lite	Polar residues	compositional_bias
A1Z9P3	46-69	ECO:0000256|SAM:MobiDB-lite	Low complexity	compositional_bias
A1Z9P3	633-643	ECO:0000256|SAM:MobiDB-lite	Polar residues	compositional_bias
A1Z9P3	748-759	ECO:0000256|SAM:MobiDB-lite	Basic residues	compositional_bias
A1Z9P3	76-91	ECO:0000256|SAM:MobiDB-lite	Low complexity	compositional_bias
A1Z9P3	798-816	ECO:0000256|SAM:MobiDB-lite	Pro residues	compositional_bias
A1Z9P3	910-923	ECO:0000256|SAM:MobiDB-lite	Polar residues	compositional_bias
A1Z9R4	1158-1169	ECO:0000256|SAM:MobiDB-lite	Polar residues	compositional_bias
A1Z9R4	1179-1204	ECO:0000256|SAM:MobiDB-lite	Acidic residues	compositional_bias
A1Z9R4	1217-1228	ECO:0000256|SAM:MobiDB-lite	Polar residues	compositional_bias
A1Z9R4	34-47	ECO:0000256|SAM:MobiDB-lite	Low complexity	compositional_bias
A1Z9R4	438-455	ECO:0000256|SAM:MobiDB-lite	Basic and acidic residues	compositional_bias
A1Z9R4	758-767	ECO:0000256|SAM:MobiDB-lite	Gly residues	compositional_bias
A1Z9R4	829-842	ECO:0000256|SAM:MobiDB-lite	Pro residues	compositional_bias
A1Z9R4	88-105	ECO:0000256|SAM:MobiDB-lite	Basic residues	compositional_bias
A1ZA47	1598-1610	ECO:0000256|SAM:MobiDB-lite	Polar residues	compositional_bias
A1ZA47	1616-1630	ECO:0000256|SAM:MobiDB-lite	Low complexity	compositional_bias
A1ZA47	1646-1668	ECO:0000256|SAM:MobiDB-lite	Low complexity	compositional_bias
A1ZA47	1699-1727	ECO:0000256|SAM:MobiDB-lite	Low complexity	compositional_bias
A1ZA47	228-253	ECO:0000256|SAM:MobiDB-lite	Low complexity	compositional_bias
A1ZA47	415-435	ECO:0000256|SAM:MobiDB-lite	Low complexity	compositional_bias
A1ZA47	515-530	ECO:0000256|SAM:MobiDB-lite	Low complexity	compositional_bias
A1ZA47	580-590	ECO:0000256|SAM:MobiDB-lite	Polar residues	compositional_bias
A1ZA47	644-667	ECO:0000256|SAM:MobiDB-lite	Polar residues	compositional_bias
A1ZA47	676-692	ECO:0000256|SAM:MobiDB-lite	Low complexity	compositional_bias
A1ZA77	163-174	ECO:0000256|SAM:MobiDB-lite	Basic residues	compositional_bias
A1ZA92	110-129	ECO:0000256|SAM:MobiDB-lite	Low complexity	compositional_bias
A1ZA92	279-354	ECO:0000256|SAM:MobiDB-lite	Acidic residues	compositional_bias
A1ZA92	75-94	ECO:0000256|SAM:MobiDB-lite	Low complexity	compositional_bias
A1ZAB5	1419-1429	ECO:0000256|SAM:MobiDB-lite	Basic and acidic residues	compositional_bias
A1ZAB5	41-66	ECO:0000256|SAM:MobiDB-lite	Low complexity	compositional_bias
A1ZAB5	68-77	ECO:0000256|SAM:MobiDB-lite	Basic residues	compositional_bias
A1ZAB5	748-769	ECO:0000256|SAM:MobiDB-lite	Basic and acidic residues	compositional_bias
A1ZAB5	78-88	ECO:0000256|SAM:MobiDB-lite	Polar residues	compositional_bias
A1ZAB5	9-26	ECO:0000256|SAM:MobiDB-lite	Low complexity	compositional_bias
A1ZAB5	966-981	ECO:0000256|SAM:MobiDB-lite	Basic residues	compositional_bias
A1ZAB5	986-1007	ECO:0000256|SAM:MobiDB-lite	Low complexity	compositional_bias
A1ZAI3	8-22	ECO:0000256|SAM:MobiDB-lite	Polar residues	compositional_bias
A1ZAI5	14-29	ECO:0000256|SAM:MobiDB-lite	Polar residues	compositional_bias
A1ZAJ2	963-975	ECO:0000256|SAM:MobiDB-lite	Basic and acidic residues	compositional_bias
A1ZAK1	56-78	ECO:0000256|SAM:MobiDB-lite	Polar residues	compositional_bias
A1ZAK1	79-97	ECO:0000256|SAM:MobiDB-lite	Low complexity	compositional_bias
A1ZAU8	1008-1036	ECO:0000256|SAM:MobiDB-lite	Low complexity	compositional_bias
A1ZAU8	1065-1074	ECO:0000256|SAM:MobiDB-lite	Polar residues	compositional_bias
A1ZAU8	1105-1116	ECO:0000256|SAM:MobiDB-lite	Basic residues	compositional_bias
A1ZAU8	1167-1184	ECO:0000256|SAM:MobiDB-lite	Polar residues	compositional_bias
A1ZAU8	1218-1230	ECO:0000256|SAM:MobiDB-lite	Low complexity	compositional_bias
A1ZAU8	1335-1348	ECO:0000256|SAM:MobiDB-lite	Basic and acidic residues	compositional_bias
A1ZAU8	1363-1374	ECO:0000256|SAM:MobiDB-lite	Basic residues	compositional_bias
A1ZAU8	1382-1400	ECO:0000256|SAM:MobiDB-lite	Low complexity	compositional_bias
A1ZAU8	1401-1412	ECO:0000256|SAM:MobiDB-lite	Polar residues	compositional_bias
A1ZAU8	1450-1459	ECO:0000256|SAM:MobiDB-lite	Basic and acidic residues	compositional_bias
A1ZAU8	319-333	ECO:0000256|SAM:MobiDB-lite	Polar residues	compositional_bias
A1ZAU8	358-394	ECO:0000256|SAM:MobiDB-lite	Low complexity	compositional_bias
A1ZAU8	404-419	ECO:0000256|SAM:MobiDB-lite	Basic and acidic residues	compositional_bias
A1ZAU8	432-446	ECO:0000256|SAM:MobiDB-lite	Polar residues	compositional_bias
A1ZAU8	495-507	ECO:0000256|SAM:MobiDB-lite	Basic and acidic residues	compositional_bias
A1ZAU8	513-529	ECO:0000256|SAM:MobiDB-lite	Polar residues	compositional_bias
A1ZAU8	576-587	ECO:0000256|SAM:MobiDB-lite	Low complexity	compositional_bias
A1ZAU8	738-750	ECO:0000256|SAM:MobiDB-lite	Low complexity	compositional_bias
A1ZAU8	872-896	ECO:0000256|SAM:MobiDB-lite	Low complexity	compositional_bias
A1ZAU8	902-914	ECO:0000256|SAM:MobiDB-lite	Gly residues	compositional_bias
A1ZAU8	919-947	ECO:0000256|SAM:MobiDB-lite	Polar residues	compositional_bias
A1ZAU8	956-967	ECO:0000256|SAM:MobiDB-lite	Low complexity	compositional_bias
A1ZAV1	70-89	ECO:0000256|SAM:MobiDB-lite	Acidic residues	compositional_bias
A1ZAV1	8-23	ECO:0000256|SAM:MobiDB-lite	Basic residues	compositional_bias
A1ZAW5	105-120	ECO:0000256|SAM:MobiDB-lite	Acidic residues	compositional_bias
A1ZAW5	167-190	ECO:0000256|SAM:MobiDB-lite	Acidic residues	compositional_bias
A1ZAW5	203-215	ECO:0000256|SAM:MobiDB-lite	Acidic residues	compositional_bias
A1ZAX1	11-20	ECO:0000256|SAM:MobiDB-lite	Acidic residues	compositional_bias
A1ZAX1	162-186	ECO:0000256|SAM:MobiDB-lite	Acidic residues	compositional_bias
A1ZAX1	194-207	ECO:0000256|SAM:MobiDB-lite	Low complexity	compositional_bias
A1ZAX1	209-235	ECO:0000256|SAM:MobiDB-lite	Acidic residues	compositional_bias
A1ZAX1	240-268	ECO:0000256|SAM:MobiDB-lite	Basic and acidic residues	compositional_bias
A1ZAX1	862-874	ECO:0000256|SAM:MobiDB-lite	Low complexity	compositional_bias
A1ZAX1	882-891	ECO:0000256|SAM:MobiDB-lite	Basic residues	compositional_bias
A1ZAX1	895-910	ECO:0000256|SAM:MobiDB-lite	Low complexity	compositional_bias
A1ZB86	104-137	ECO:0000256|SAM:MobiDB-lite	Acidic residues	compositional_bias
A1ZBD6	1-33	ECO:0000256|SAM:MobiDB-lite	Low complexity	compositional_bias
A1ZBD6	38-49	ECO:0000256|SAM:MobiDB-lite	Polar residues	compositional_bias
A1ZBE8	1240-1251	ECO:0000256|SAM:MobiDB-lite	Basic and acidic residues	compositional_bias
A1ZBE8	1264-1282	ECO:0000256|SAM:MobiDB-lite	Polar residues	compositional_bias
A1ZBE8	1297-1309	ECO:0000256|SAM:MobiDB-lite	Basic and acidic residues	compositional_bias
A1ZBE8	1410-1423	ECO:0000256|SAM:MobiDB-lite	Polar residues	compositional_bias
A1ZBE8	534-549	ECO:0000256|SAM:MobiDB-lite	Polar residues	compositional_bias
A1ZBE8	595-604	ECO:0000256|SAM:MobiDB-lite	Polar residues	compositional_bias
A1ZBE8	625-636	ECO:0000256|SAM:MobiDB-lite	Polar residues	compositional_bias
A1ZBR5	245-266	ECO:0000256|SAM:MobiDB-lite	Basic and acidic residues	compositional_bias
A1ZBT5	215-224	ECO:0000256|SAM:MobiDB-lite	Low complexity	compositional_bias
A1ZBT5	237-252	ECO:0000256|SAM:MobiDB-lite	Polar residues	compositional_bias
A1ZBW7	1031-1042	ECO:0000256|SAM:MobiDB-lite	Basic and acidic residues	compositional_bias
A1ZBW7	1077-1089	ECO:0000256|SAM:MobiDB-lite	Basic and acidic residues	compositional_bias
A1ZBW7	1091-1109	ECO:0000256|SAM:MobiDB-lite	Polar residues	compositional_bias
A1ZBW7	1118-1136	ECO:0000256|SAM:MobiDB-lite	Basic residues	compositional_bias
A1ZBW7	1159-1170	ECO:0000256|SAM:MobiDB-lite	Basic and acidic residues	compositional_bias
A1ZBW7	1417-1426	ECO:0000256|SAM:MobiDB-lite	Low complexity	compositional_bias
A1ZBW7	1434-1452	ECO:0000256|SAM:MobiDB-lite	Low complexity	compositional_bias
A1ZBW7	197-206	ECO:0000256|SAM:MobiDB-lite	Basic and acidic residues	compositional_bias
A1ZBW7	276-293	ECO:0000256|SAM:MobiDB-lite	Low complexity	compositional_bias
A1ZBW7	306-316	ECO:0000256|SAM:MobiDB-lite	Low complexity	compositional_bias
A1ZBW7	370-385	ECO:0000256|SAM:MobiDB-lite	Polar residues	compositional_bias
A1ZBW7	387-399	ECO:0000256|SAM:MobiDB-lite	Basic and acidic residues	compositional_bias
A1ZBW7	519-528	ECO:0000256|SAM:MobiDB-lite	Acidic residues	compositional_bias
A1ZBW7	574-585	ECO:0000256|SAM:MobiDB-lite	Polar residues	compositional_bias
A1ZBW7	626-649	ECO:0000256|SAM:MobiDB-lite	Basic and acidic residues	compositional_bias
A1ZBW7	671-687	ECO:0000256|SAM:MobiDB-lite	Basic and acidic residues	compositional_bias
A1ZBW7	709-728	ECO:0000256|SAM:MobiDB-lite	Polar residues	compositional_bias
A1ZBW7	735-745	ECO:0000256|SAM:MobiDB-lite	Polar residues	compositional_bias
A1ZBW7	938-956	ECO:0000256|SAM:MobiDB-lite	Polar residues	compositional_bias
A1ZBW7	971-990	ECO:0000256|SAM:MobiDB-lite	Basic and acidic residues	compositional_bias
A2VEI2	130-141	ECO:0000256|SAM:MobiDB-lite	Acidic residues	compositional_bias
A2VEY9	387-401	ECO:0000256|SAM:MobiDB-lite	Gly residues	compositional_bias
A3RLR1	10-25	ECO:0000256|SAM:MobiDB-lite	Basic and acidic residues	compositional_bias
A4VCL2	86-107	ECO:0000256|SAM:MobiDB-lite	Low complexity	compositional_bias
A6MHQ4	274-308	ECO:0000256|SAM:MobiDB-lite	Polar residues	compositional_bias
A6MHQ4	309-318	ECO:0000256|SAM:MobiDB-lite	Basic residues	compositional_bias
A6MHQ4	322-335	ECO:0000256|SAM:MobiDB-lite	Low complexity	compositional_bias
A8DYE2	1351-1365	ECO:0000256|SAM:MobiDB-lite	Gly residues	compositional_bias
A8DYE2	1711-1724	ECO:0000256|SAM:MobiDB-lite	Gly residues	compositional_bias
A8DYE2	1725-1734	ECO:0000256|SAM:MobiDB-lite	Low complexity	compositional_bias
A8DYE2	1753-1764	ECO:0000256|SAM:MobiDB-lite	Polar residues	compositional_bias
A8DYE2	1814-1835	ECO:0000256|SAM:MobiDB-lite	Polar residues	compositional_bias
A8DYE2	1886-1895	ECO:0000256|SAM:MobiDB-lite	Low complexity	compositional_bias
A8DYE2	1966-1977	ECO:0000256|SAM:MobiDB-lite	Low complexity	compositional_bias
A8DYE2	1978-1990	ECO:0000256|SAM:MobiDB-lite	Polar residues	compositional_bias
A8DYE2	56-70	ECO:0000256|SAM:MobiDB-lite	Low complexity	compositional_bias
A8DYE2	71-81	ECO:0000256|SAM:MobiDB-lite	Basic residues	compositional_bias
A8DYP0	466-490	ECO:0000256|SAM:MobiDB-lite	Low complexity	compositional_bias
A8DYP0	505-517	ECO:0000256|SAM:MobiDB-lite	Low complexity	compositional_bias
A8DYP0	578-592	ECO:0000256|SAM:MobiDB-lite	Basic and acidic residues	compositional_bias
A8DYP0	923-935	ECO:0000256|SAM:MobiDB-lite	Basic and acidic residues	compositional_bias
A8DYP0	936-948	ECO:0000256|SAM:MobiDB-lite	Polar residues	compositional_bias
A8DYP0	950-962	ECO:0000256|SAM:MobiDB-lite	Basic and acidic residues	compositional_bias
A8DYP0	972-986	ECO:0000256|SAM:MobiDB-lite	Basic and acidic residues	compositional_bias
A8DYP0	987-996	ECO:0000256|SAM:MobiDB-lite	Low complexity	compositional_bias
A8DYY6	204-217	ECO:0000256|SAM:MobiDB-lite	Polar residues	compositional_bias
A8DYY6	38-50	ECO:0000256|SAM:MobiDB-lite	Acidic residues	compositional_bias
A8DYY6	62-71	ECO:0000256|SAM:MobiDB-lite	Polar residues	compositional_bias
A8JNV4	31-40	ECO:0000256|SAM:MobiDB-lite	Acidic residues	compositional_bias
A8JQ65	1-10	ECO:0000256|SAM:MobiDB-lite	Basic and acidic residues	compositional_bias
A8JQ65	1113-1128	ECO:0000256|SAM:MobiDB-lite	Basic and acidic residues	compositional_bias
A8JQ65	1172-1184	ECO:0000256|SAM:MobiDB-lite	Polar residues	compositional_bias
A8JQ65	20-37	ECO:0000256|SAM:MobiDB-lite	Low complexity	compositional_bias
A8JQX3	72-87	ECO:0000256|SAM:MobiDB-lite	Basic and acidic residues	compositional_bias
A8JR14	1-11	ECO:0000256|SAM:MobiDB-lite	Low complexity	compositional_bias
A8JR14	12-22	ECO:0000256|SAM:MobiDB-lite	Basic and acidic residues	compositional_bias
A8JR14	137-150	ECO:0000256|SAM:MobiDB-lite	Basic and acidic residues	compositional_bias
A8JR14	207-218	ECO:0000256|SAM:MobiDB-lite	Acidic residues	compositional_bias
A8JR14	221-230	ECO:0000256|SAM:MobiDB-lite	Basic and acidic residues	compositional_bias
A8JR14	234-244	ECO:0000256|SAM:MobiDB-lite	Acidic residues	compositional_bias
A8JR14	40-64	ECO:0000256|SAM:MobiDB-lite	Basic and acidic residues	compositional_bias
A8JR92	1179-1195	ECO:0000256|SAM:MobiDB-lite	Polar residues	compositional_bias
A8JR92	1216-1240	ECO:0000256|SAM:MobiDB-lite	Polar residues	compositional_bias
A8JR92	1287-1313	ECO:0000256|SAM:MobiDB-lite	Polar residues	compositional_bias
A8JR92	1323-1333	ECO:0000256|SAM:MobiDB-lite	Low complexity	compositional_bias
A8JR92	1474-1488	ECO:0000256|SAM:MobiDB-lite	Low complexity	compositional_bias
A8JR92	430-439	ECO:0000256|SAM:MobiDB-lite	Low complexity	compositional_bias
A8JR92	440-449	ECO:0000256|SAM:MobiDB-lite	Pro residues	compositional_bias
A8JR92	563-579	ECO:0000256|SAM:MobiDB-lite	Low complexity	compositional_bias
A8JR92	658-677	ECO:0000256|SAM:MobiDB-lite	Polar residues	compositional_bias
A8JR92	679-693	ECO:0000256|SAM:MobiDB-lite	Low complexity	compositional_bias
A8JR92	83-104	ECO:0000256|SAM:MobiDB-lite	Low complexity	compositional_bias
A8JR92	851-862	ECO:0000256|SAM:MobiDB-lite	Low complexity	compositional_bias
A8JUP7	125-136	ECO:0000256|SAM:MobiDB-lite	Basic and acidic residues	compositional_bias
A8JUP7	234-244	ECO:0000256|SAM:MobiDB-lite	Polar residues	compositional_bias
A8JUP7	245-260	ECO:0000256|SAM:MobiDB-lite	Low complexity	compositional_bias
A8JUP7	306-320	ECO:0000256|SAM:MobiDB-lite	Basic and acidic residues	compositional_bias
A8JUP7	321-332	ECO:0000256|SAM:MobiDB-lite	Polar residues	compositional_bias
A8JUV0	1008-1027	ECO:0000256|SAM:MobiDB-lite	Basic residues	compositional_bias
A8JUV0	11-36	ECO:0000256|SAM:MobiDB-lite	Acidic residues	compositional_bias
A8JUV0	194-205	ECO:0000256|SAM:MobiDB-lite	Polar residues	compositional_bias
A8JUV0	256-265	ECO:0000256|SAM:MobiDB-lite	Low complexity	compositional_bias
A8JUV0	329-342	ECO:0000256|SAM:MobiDB-lite	Gly residues	compositional_bias
A8JUV0	883-901	ECO:0000256|SAM:MobiDB-lite	Low complexity	compositional_bias
A8JUV0	966-975	ECO:0000256|SAM:MobiDB-lite	Acidic residues	compositional_bias
A8JUV0	980-998	ECO:0000256|SAM:MobiDB-lite	Polar residues	compositional_bias
A8MPH9	173-188	ECO:0000256|SAM:MobiDB-lite	Low complexity	compositional_bias
A8MPH9	283-300	ECO:0000256|SAM:MobiDB-lite	Polar residues	compositional_bias
A8MPH9	308-317	ECO:0000256|SAM:MobiDB-lite	Low complexity	compositional_bias
A8MPH9	350-364	ECO:0000256|SAM:MobiDB-lite	Low complexity	compositional_bias
A8MPH9	477-498	ECO:0000256|SAM:MobiDB-lite	Low complexity	compositional_bias
A8MPH9	506-516	ECO:0000256|SAM:MobiDB-lite	Polar residues	compositional_bias
B4F7L9	664-674	ECO:0000256|SAM:MobiDB-lite	Polar residues	compositional_bias
B6JUP5	1-10	ECO:0000256|SAM:MobiDB-lite	Acidic residues	compositional_bias
B6JUP5	281-290	ECO:0000256|SAM:MobiDB-lite	Gly residues	compositional_bias
B6JUP5	328-342	ECO:0000256|SAM:MobiDB-lite	Basic and acidic residues	compositional_bias
B6JUP5	38-52	ECO:0000256|SAM:MobiDB-lite	Gly residues	compositional_bias
B6JUP5	60-83	ECO:0000256|SAM:MobiDB-lite	Gly residues	compositional_bias
B6JUP5	638-652	ECO:0000256|SAM:MobiDB-lite	Basic residues	compositional_bias
B6JUP5	85-95	ECO:0000256|SAM:MobiDB-lite	Basic and acidic residues	compositional_bias
B6JUP5	96-129	ECO:0000256|SAM:MobiDB-lite	Gly residues	compositional_bias
B6VQA1	122-141	ECO:0000256|SAM:MobiDB-lite	Low complexity	compositional_bias
B6VQA1	151-163	ECO:0000256|SAM:MobiDB-lite	Basic and acidic residues	compositional_bias
B6VQA1	29-44	ECO:0000256|SAM:MobiDB-lite	Polar residues	compositional_bias
B6VQA1	55-64	ECO:0000256|SAM:MobiDB-lite	Polar residues	compositional_bias
B6VQA1	69-78	ECO:0000256|SAM:MobiDB-lite	Low complexity	compositional_bias
B6VQA1	79-90	ECO:0000256|SAM:MobiDB-lite	Gly residues	compositional_bias
B7TB45	698-710	ECO:0000256|SAM:MobiDB-lite	Low complexity	compositional_bias
B7TB45	797-807	ECO:0000256|SAM:MobiDB-lite	Pro residues	compositional_bias
B7TB45	815-827	ECO:0000256|SAM:MobiDB-lite	Basic residues	compositional_bias
B7TB45	874-886	ECO:0000256|SAM:MobiDB-lite	Basic residues	compositional_bias
B7YZU2	1297-1307	ECO:0000256|SAM:MobiDB-lite	Low complexity	compositional_bias
B7YZU2	1331-1353	ECO:0000256|SAM:MobiDB-lite	Low complexity	compositional_bias
B7YZU2	1362-1376	ECO:0000256|SAM:MobiDB-lite	Low complexity	compositional_bias
B7YZU2	1380-1391	ECO:0000256|SAM:MobiDB-lite	Acidic residues	compositional_bias
B7YZU2	178-198	ECO:0000256|SAM:MobiDB-lite	Polar residues	compositional_bias
B7YZU2	212-222	ECO:0000256|SAM:MobiDB-lite	Polar residues	compositional_bias
B7YZU2	230-241	ECO:0000256|SAM:MobiDB-lite	Low complexity	compositional_bias
B7YZU2	252-268	ECO:0000256|SAM:MobiDB-lite	Low complexity	compositional_bias
B7YZU2	274-294	ECO:0000256|SAM:MobiDB-lite	Polar residues	compositional_bias
B7YZU2	358-404	ECO:0000256|SAM:MobiDB-lite	Low complexity	compositional_bias
B7YZU2	422-431	ECO:0000256|SAM:MobiDB-lite	Low complexity	compositional_bias
B7YZU2	488-501	ECO:0000256|SAM:MobiDB-lite	Low complexity	compositional_bias
B7YZU2	502-524	ECO:0000256|SAM:MobiDB-lite	Polar residues	compositional_bias
B7YZU2	771-799	ECO:0000256|SAM:MobiDB-lite	Polar residues	compositional_bias
B7YZU2	836-847	ECO:0000256|SAM:MobiDB-lite	Basic residues	compositional_bias
B7YZU2	951-962	ECO:0000256|SAM:MobiDB-lite	Polar residues	compositional_bias
B7YZU2	989-1000	ECO:0000256|SAM:MobiDB-lite	Polar residues	compositional_bias
B7YZV4	207-222	ECO:0000256|SAM:MobiDB-lite	Low complexity	compositional_bias
B7YZV4	236-252	ECO:0000256|SAM:MobiDB-lite	Basic and acidic residues	compositional_bias
B7YZV4	260-301	ECO:0000256|SAM:MobiDB-lite	Low complexity	compositional_bias
B7YZV4	313-322	ECO:0000256|SAM:MobiDB-lite	Polar residues	compositional_bias
B7YZV4	732-741	ECO:0000256|SAM:MobiDB-lite	Basic and acidic residues	compositional_bias
B7YZV4	823-834	ECO:0000256|SAM:MobiDB-lite	Low complexity	compositional_bias
B7Z0E2	165-182	ECO:0000256|SAM:MobiDB-lite	Low complexity	compositional_bias
B7Z0E2	49-62	ECO:0000256|SAM:MobiDB-lite	Polar residues	compositional_bias
B7Z0E2	63-80	ECO:0000256|SAM:MobiDB-lite	Low complexity	compositional_bias
B7Z0E2	732-741	ECO:0000256|SAM:MobiDB-lite	Low complexity	compositional_bias
B7Z0E2	89-126	ECO:0000256|SAM:MobiDB-lite	Low complexity	compositional_bias
B7Z0I7	294-310	ECO:0000256|SAM:MobiDB-lite	Basic and acidic residues	compositional_bias
B7Z0I7	311-320	ECO:0000256|SAM:MobiDB-lite	Acidic residues	compositional_bias
B7Z0I7	52-62	ECO:0000256|SAM:MobiDB-lite	Basic residues	compositional_bias
B7Z0I7	8-42	ECO:0000256|SAM:MobiDB-lite	Basic and acidic residues	compositional_bias
B7Z0K8	11-25	ECO:0000256|SAM:MobiDB-lite	Polar residues	compositional_bias
B7Z0K8	242-251	ECO:0000256|SAM:MobiDB-lite	Pro residues	compositional_bias
B7Z0K8	284-293	ECO:0000256|SAM:MobiDB-lite	Basic and acidic residues	compositional_bias
B7Z0K8	360-402	ECO:0000256|SAM:MobiDB-lite	Low complexity	compositional_bias
B7Z0K8	403-412	ECO:0000256|SAM:MobiDB-lite	Basic and acidic residues	compositional_bias
B7Z0K8	431-443	ECO:0000256|SAM:MobiDB-lite	Pro residues	compositional_bias
B7Z0K8	504-517	ECO:0000256|SAM:MobiDB-lite	Basic and acidic residues	compositional_bias
B7Z0K8	522-540	ECO:0000256|SAM:MobiDB-lite	Low complexity	compositional_bias
B7Z0K8	567-579	ECO:0000256|SAM:MobiDB-lite	Pro residues	compositional_bias
B7Z0K8	583-602	ECO:0000256|SAM:MobiDB-lite	Basic and acidic residues	compositional_bias
B7Z0K8	619-628	ECO:0000256|SAM:MobiDB-lite	Pro residues	compositional_bias
B7Z0K8	638-655	ECO:0000256|SAM:MobiDB-lite	Basic and acidic residues	compositional_bias
B7Z0K8	658-668	ECO:0000256|SAM:MobiDB-lite	Low complexity	compositional_bias
B7Z0K8	76-94	ECO:0000256|SAM:MobiDB-lite	Low complexity	compositional_bias
B7Z0K8	793-815	ECO:0000256|SAM:MobiDB-lite	Acidic residues	compositional_bias
B7Z0W9	103-116	ECO:0000256|SAM:MobiDB-lite	Acidic residues	compositional_bias
B7Z0W9	1503-1512	ECO:0000256|SAM:MobiDB-lite	Low complexity	compositional_bias
B7Z0W9	1513-1528	ECO:0000256|SAM:MobiDB-lite	Gly residues	compositional_bias
B7Z0W9	159-171	ECO:0000256|SAM:MobiDB-lite	Acidic residues	compositional_bias
B7Z0W9	186-198	ECO:0000256|SAM:MobiDB-lite	Acidic residues	compositional_bias
B7Z0W9	206-216	ECO:0000256|SAM:MobiDB-lite	Acidic residues	compositional_bias
B7Z0W9	219-228	ECO:0000256|SAM:MobiDB-lite	Pro residues	compositional_bias
B7Z0W9	229-241	ECO:0000256|SAM:MobiDB-lite	Polar residues	compositional_bias
B7Z0W9	243-252	ECO:0000256|SAM:MobiDB-lite	Low complexity	compositional_bias
B7Z0W9	253-264	ECO:0000256|SAM:MobiDB-lite	Pro residues	compositional_bias
B7Z0W9	316-341	ECO:0000256|SAM:MobiDB-lite	Acidic residues	compositional_bias
B7Z0W9	347-356	ECO:0000256|SAM:MobiDB-lite	Basic and acidic residues	compositional_bias
B7Z0W9	362-376	ECO:0000256|SAM:MobiDB-lite	Polar residues	compositional_bias
B7Z0W9	384-393	ECO:0000256|SAM:MobiDB-lite	Basic and acidic residues	compositional_bias
B7Z0W9	402-419	ECO:0000256|SAM:MobiDB-lite	Acidic residues	compositional_bias
B7Z0W9	420-433	ECO:0000256|SAM:MobiDB-lite	Basic and acidic residues	compositional_bias
B7Z0W9	434-457	ECO:0000256|SAM:MobiDB-lite	Polar residues	compositional_bias
B7Z0W9	465-507	ECO:0000256|SAM:MobiDB-lite	Low complexity	compositional_bias
B7Z0W9	519-534	ECO:0000256|SAM:MobiDB-lite	Polar residues	compositional_bias
B7Z0W9	545-555	ECO:0000256|SAM:MobiDB-lite	Polar residues	compositional_bias
B7Z0W9	563-575	ECO:0000256|SAM:MobiDB-lite	Pro residues	compositional_bias
B7Z0W9	58-67	ECO:0000256|SAM:MobiDB-lite	Low complexity	compositional_bias
B7Z0W9	661-685	ECO:0000256|SAM:MobiDB-lite	Low complexity	compositional_bias
B7Z0W9	686-709	ECO:0000256|SAM:MobiDB-lite	Basic residues	compositional_bias
B7Z0W9	76-85	ECO:0000256|SAM:MobiDB-lite	Low complexity	compositional_bias
B7Z0W9	776-799	ECO:0000256|SAM:MobiDB-lite	Polar residues	compositional_bias
B7Z0W9	826-839	ECO:0000256|SAM:MobiDB-lite	Low complexity	compositional_bias
B7Z0W9	962-973	ECO:0000256|SAM:MobiDB-lite	Polar residues	compositional_bias
C0HK92	393-418	ECO:0000256|SAM:MobiDB-lite	Basic and acidic residues	compositional_bias
C0HK92	425-441	ECO:0000256|SAM:MobiDB-lite	Basic and acidic residues	compositional_bias
C0HK92	448-504	ECO:0000256|SAM:MobiDB-lite	Basic and acidic residues	compositional_bias
C0HK92	570-581	ECO:0000256|SAM:MobiDB-lite	Low complexity	compositional_bias
C0HK92	602-619	ECO:0000256|SAM:MobiDB-lite	Acidic residues	compositional_bias
C0HK95	1-24	ECO:0000256|SAM:MobiDB-lite	Polar residues	compositional_bias
C0HK95	44-53	ECO:0000256|SAM:MobiDB-lite	Low complexity	compositional_bias
C0HK95	98-116	ECO:0000256|SAM:MobiDB-lite	Low complexity	compositional_bias
C0HKA0	142-151	ECO:0000256|SAM:MobiDB-lite	Basic residues	compositional_bias
C0HKA1	142-151	ECO:0000256|SAM:MobiDB-lite	Basic residues	compositional_bias
C4NYP8	243-277	ECO:0000256|SAM:MobiDB-lite	Basic and acidic residues	compositional_bias
C4NYP8	282-293	ECO:0000256|SAM:MobiDB-lite	Gly residues	compositional_bias
C4NYP8	355-369	ECO:0000256|SAM:MobiDB-lite	Basic and acidic residues	compositional_bias
C4NYP8	89-105	ECO:0000256|SAM:MobiDB-lite	Acidic residues	compositional_bias
D5SHR0	28-45	ECO:0000256|SAM:MobiDB-lite	Basic and acidic residues	compositional_bias
E1JH25	1110-1122	ECO:0000256|SAM:MobiDB-lite	Low complexity	compositional_bias
E1JH25	1133-1145	ECO:0000256|SAM:MobiDB-lite	Low complexity	compositional_bias
E1JH25	1629-1640	ECO:0000256|SAM:MobiDB-lite	Polar residues	compositional_bias
E1JH25	1681-1691	ECO:0000256|SAM:MobiDB-lite	Basic and acidic residues	compositional_bias
E1JH25	348-376	ECO:0000256|SAM:MobiDB-lite	Polar residues	compositional_bias
E1JH25	442-456	ECO:0000256|SAM:MobiDB-lite	Basic and acidic residues	compositional_bias
E1JH25	467-477	ECO:0000256|SAM:MobiDB-lite	Basic and acidic residues	compositional_bias
E1JH25	505-516	ECO:0000256|SAM:MobiDB-lite	Basic and acidic residues	compositional_bias
E1JH25	783-793	ECO:0000256|SAM:MobiDB-lite	Basic and acidic residues	compositional_bias
E1JIT7	1040-1052	ECO:0000256|SAM:MobiDB-lite	Low complexity	compositional_bias
E1JIT7	1053-1071	ECO:0000256|SAM:MobiDB-lite	Basic and acidic residues	compositional_bias
E1JIT7	118-128	ECO:0000256|SAM:MobiDB-lite	Polar residues	compositional_bias
E1JIT7	1568-1579	ECO:0000256|SAM:MobiDB-lite	Polar residues	compositional_bias
E1JIT7	166-191	ECO:0000256|SAM:MobiDB-lite	Low complexity	compositional_bias
E1JIT7	283-297	ECO:0000256|SAM:MobiDB-lite	Polar residues	compositional_bias
E1JIT7	300-311	ECO:0000256|SAM:MobiDB-lite	Basic and acidic residues	compositional_bias
E1JIT7	339-348	ECO:0000256|SAM:MobiDB-lite	Polar residues	compositional_bias
E1JIT7	353-362	ECO:0000256|SAM:MobiDB-lite	Basic and acidic residues	compositional_bias
E1JIT7	382-399	ECO:0000256|SAM:MobiDB-lite	Low complexity	compositional_bias
E1JIT7	409-424	ECO:0000256|SAM:MobiDB-lite	Low complexity	compositional_bias
E1JIT7	468-487	ECO:0000256|SAM:MobiDB-lite	Low complexity	compositional_bias
E1JIT7	488-505	ECO:0000256|SAM:MobiDB-lite	Acidic residues	compositional_bias
E1JIT7	510-519	ECO:0000256|SAM:MobiDB-lite	Polar residues	compositional_bias
E1JIT7	526-557	ECO:0000256|SAM:MobiDB-lite	Acidic residues	compositional_bias
E1JIT7	558-567	ECO:0000256|SAM:MobiDB-lite	Polar residues	compositional_bias
E1JIT7	617-630	ECO:0000256|SAM:MobiDB-lite	Polar residues	compositional_bias
E1JIT7	640-657	ECO:0000256|SAM:MobiDB-lite	Low complexity	compositional_bias
E1JIT7	737-747	ECO:0000256|SAM:MobiDB-lite	Polar residues	compositional_bias
E1JIT7	752-780	ECO:0000256|SAM:MobiDB-lite	Low complexity	compositional_bias
E1JIT7	872-942	ECO:0000256|SAM:MobiDB-lite	Low complexity	compositional_bias
E1JIT7	949-965	ECO:0000256|SAM:MobiDB-lite	Low complexity	compositional_bias
F0JAI6	104-116	ECO:0000256|SAM:MobiDB-lite	Basic and acidic residues	compositional_bias
F0JAI6	127-141	ECO:0000256|SAM:MobiDB-lite	Basic and acidic residues	compositional_bias
F0JAI6	144-155	ECO:0000256|SAM:MobiDB-lite	Polar residues	compositional_bias
F0JAI6	156-165	ECO:0000256|SAM:MobiDB-lite	Basic and acidic residues	compositional_bias
F0JAI6	166-175	ECO:0000256|SAM:MobiDB-lite	Polar residues	compositional_bias
F0JAI6	20-29	ECO:0000256|SAM:MobiDB-lite	Basic and acidic residues	compositional_bias
M9MRD1	12256-12267	ECO:0000256|SAM:MobiDB-lite	Low complexity	compositional_bias
M9MRD1	19-28	ECO:0000256|SAM:MobiDB-lite	Gly residues	compositional_bias
M9MRD1	2704-2724	ECO:0000256|SAM:MobiDB-lite	Basic and acidic residues	compositional_bias
M9MRD1	299-321	ECO:0000256|SAM:MobiDB-lite	Low complexity	compositional_bias
M9MRD1	387-404	ECO:0000256|SAM:MobiDB-lite	Polar residues	compositional_bias
M9MRD1	414-434	ECO:0000256|SAM:MobiDB-lite	Polar residues	compositional_bias
M9MRD1	45-60	ECO:0000256|SAM:MobiDB-lite	Basic and acidic residues	compositional_bias
M9MRD1	462-484	ECO:0000256|SAM:MobiDB-lite	Low complexity	compositional_bias
M9MRD1	511-520	ECO:0000256|SAM:MobiDB-lite	Acidic residues	compositional_bias
M9MRD1	8601-8611	ECO:0000256|SAM:MobiDB-lite	Polar residues	compositional_bias
M9MRD1	8982-9011	ECO:0000256|SAM:MobiDB-lite	Low complexity	compositional_bias
M9MRD1	9136-9151	ECO:0000256|SAM:MobiDB-lite	Basic and acidic residues	compositional_bias
M9MRD1	9394-9404	ECO:0000256|SAM:MobiDB-lite	Basic residues	compositional_bias
M9MRD1	9410-9419	ECO:0000256|SAM:MobiDB-lite	Acidic residues	compositional_bias
M9MRD1	9420-9439	ECO:0000256|SAM:MobiDB-lite	Low complexity	compositional_bias
M9MRD1	9440-9451	ECO:0000256|SAM:MobiDB-lite	Basic and acidic residues	compositional_bias
M9MRD1	9544-9563	ECO:0000256|SAM:MobiDB-lite	Polar residues	compositional_bias
M9MRD1	9587-9597	ECO:0000256|SAM:MobiDB-lite	Polar residues	compositional_bias
M9MRD1	9605-9625	ECO:0000256|SAM:MobiDB-lite	Polar residues	compositional_bias
M9MRD1	9658-9680	ECO:0000256|SAM:MobiDB-lite	Low complexity	compositional_bias
M9MRD1	9681-9698	ECO:0000256|SAM:MobiDB-lite	Basic and acidic residues	compositional_bias
M9MRD1	9711-9735	ECO:0000256|SAM:MobiDB-lite	Polar residues	compositional_bias
M9MRD1	9777-9788	ECO:0000256|SAM:MobiDB-lite	Basic residues	compositional_bias
M9MRI4	64-73	ECO:0000256|SAM:MobiDB-lite	Gly residues	compositional_bias
M9MRI4	74-105	ECO:0000256|SAM:MobiDB-lite	Low complexity	compositional_bias
M9MSG8	1430-1448	ECO:0000256|SAM:MobiDB-lite	Basic and acidic residues	compositional_bias
M9MSG8	1466-1477	ECO:0000256|SAM:MobiDB-lite	Low complexity	compositional_bias
M9MSG8	1497-1511	ECO:0000256|SAM:MobiDB-lite	Basic and acidic residues	compositional_bias
M9MSG8	1621-1634	ECO:0000256|SAM:MobiDB-lite	Low complexity	compositional_bias
M9MSG8	1644-1658	ECO:0000256|SAM:MobiDB-lite	Low complexity	compositional_bias
M9MSG8	363-375	ECO:0000256|SAM:MobiDB-lite	Polar residues	compositional_bias
M9MSG8	731-741	ECO:0000256|SAM:MobiDB-lite	Polar residues	compositional_bias
M9NDE3	2778-2788	ECO:0000256|SAM:MobiDB-lite	Polar residues	compositional_bias
M9NDE3	2964-2973	ECO:0000256|SAM:MobiDB-lite	Low complexity	compositional_bias
M9NDE3	3047-3057	ECO:0000256|SAM:MobiDB-lite	Low complexity	compositional_bias
M9NDE3	3068-3078	ECO:0000256|SAM:MobiDB-lite	Low complexity	compositional_bias
M9NDE3	3107-3123	ECO:0000256|SAM:MobiDB-lite	Polar residues	compositional_bias
M9NDE3	91-102	ECO:0000256|SAM:MobiDB-lite	Low complexity	compositional_bias
M9NE38	1494-1507	ECO:0000256|SAM:MobiDB-lite	Acidic residues	compositional_bias
M9NE38	1903-1912	ECO:0000256|SAM:MobiDB-lite	Acidic residues	compositional_bias
M9NE38	299-313	ECO:0000256|SAM:MobiDB-lite	Basic residues	compositional_bias
M9NE38	339-354	ECO:0000256|SAM:MobiDB-lite	Polar residues	compositional_bias
M9NE38	355-374	ECO:0000256|SAM:MobiDB-lite	Low complexity	compositional_bias
M9NE38	489-498	ECO:0000256|SAM:MobiDB-lite	Polar residues	compositional_bias
M9NE38	499-512	ECO:0000256|SAM:MobiDB-lite	Low complexity	compositional_bias
M9NE38	553-566	ECO:0000256|SAM:MobiDB-lite	Acidic residues	compositional_bias
M9NE38	568-586	ECO:0000256|SAM:MobiDB-lite	Polar residues	compositional_bias
M9NE38	772-792	ECO:0000256|SAM:MobiDB-lite	Basic and acidic residues	compositional_bias
M9NE38	802-869	ECO:0000256|SAM:MobiDB-lite	Basic and acidic residues	compositional_bias
M9NE38	890-904	ECO:0000256|SAM:MobiDB-lite	Acidic residues	compositional_bias
M9NE38	965-979	ECO:0000256|SAM:MobiDB-lite	Basic and acidic residues	compositional_bias
M9NE38	97-133	ECO:0000256|SAM:MobiDB-lite	Basic residues	compositional_bias
M9NE38	981-990	ECO:0000256|SAM:MobiDB-lite	Low complexity	compositional_bias
M9NEY8	1040-1054	ECO:0000256|SAM:MobiDB-lite	Polar residues	compositional_bias
M9NEY8	1076-1085	ECO:0000256|SAM:MobiDB-lite	Low complexity	compositional_bias
M9NEY8	1086-1097	ECO:0000256|SAM:MobiDB-lite	Polar residues	compositional_bias
M9NEY8	1141-1153	ECO:0000256|SAM:MobiDB-lite	Low complexity	compositional_bias
M9NEY8	1248-1263	ECO:0000256|SAM:MobiDB-lite	Low complexity	compositional_bias
M9NEY8	1299-1312	ECO:0000256|SAM:MobiDB-lite	Low complexity	compositional_bias
M9NEY8	1337-1349	ECO:0000256|SAM:MobiDB-lite	Pro residues	compositional_bias
M9NEY8	191-231	ECO:0000256|SAM:MobiDB-lite	Low complexity	compositional_bias
M9NEY8	1979-1989	ECO:0000256|SAM:MobiDB-lite	Acidic residues	compositional_bias
M9NEY8	1993-2015	ECO:0000256|SAM:MobiDB-lite	Low complexity	compositional_bias
M9NEY8	2029-2059	ECO:0000256|SAM:MobiDB-lite	Low complexity	compositional_bias
M9NEY8	2069-2086	ECO:0000256|SAM:MobiDB-lite	Polar residues	compositional_bias
M9NEY8	2212-2229	ECO:0000256|SAM:MobiDB-lite	Low complexity	compositional_bias
M9NEY8	2263-2275	ECO:0000256|SAM:MobiDB-lite	Polar residues	compositional_bias
M9NEY8	2276-2285	ECO:0000256|SAM:MobiDB-lite	Low complexity	compositional_bias
M9NEY8	2290-2304	ECO:0000256|SAM:MobiDB-lite	Gly residues	compositional_bias
M9NEY8	2426-2437	ECO:0000256|SAM:MobiDB-lite	Pro residues	compositional_bias
M9NEY8	2540-2562	ECO:0000256|SAM:MobiDB-lite	Polar residues	compositional_bias
M9NEY8	2570-2594	ECO:0000256|SAM:MobiDB-lite	Low complexity	compositional_bias
M9NEY8	2732-2742	ECO:0000256|SAM:MobiDB-lite	Polar residues	compositional_bias
M9NEY8	2750-2768	ECO:0000256|SAM:MobiDB-lite	Basic and acidic residues	compositional_bias
M9NEY8	2772-2785	ECO:0000256|SAM:MobiDB-lite	Low complexity	compositional_bias
M9NEY8	2798-2821	ECO:0000256|SAM:MobiDB-lite	Low complexity	compositional_bias
M9NEY8	2822-2849	ECO:0000256|SAM:MobiDB-lite	Pro residues	compositional_bias
M9NEY8	2850-2860	ECO:0000256|SAM:MobiDB-lite	Low complexity	compositional_bias
M9NEY8	468-482	ECO:0000256|SAM:MobiDB-lite	Polar residues	compositional_bias
M9NEY8	492-508	ECO:0000256|SAM:MobiDB-lite	Low complexity	compositional_bias
M9NEY8	536-546	ECO:0000256|SAM:MobiDB-lite	Low complexity	compositional_bias
M9NEY8	57-70	ECO:0000256|SAM:MobiDB-lite	Basic residues	compositional_bias
M9NEY8	692-706	ECO:0000256|SAM:MobiDB-lite	Low complexity	compositional_bias
M9NEY8	71-181	ECO:0000256|SAM:MobiDB-lite	Low complexity	compositional_bias
M9NEY8	718-732	ECO:0000256|SAM:MobiDB-lite	Polar residues	compositional_bias
M9NEY8	771-804	ECO:0000256|SAM:MobiDB-lite	Low complexity	compositional_bias
M9NEY8	930-942	ECO:0000256|SAM:MobiDB-lite	Low complexity	compositional_bias
M9NEY8	985-1021	ECO:0000256|SAM:MobiDB-lite	Low complexity	compositional_bias
M9PBE2	420-429	ECO:0000256|SAM:MobiDB-lite	Gly residues	compositional_bias
M9PBE2	430-440	ECO:0000256|SAM:MobiDB-lite	Low complexity	compositional_bias
M9PBE2	464-473	ECO:0000256|SAM:MobiDB-lite	Polar residues	compositional_bias
M9PBE2	9-30	ECO:0000256|SAM:MobiDB-lite	Basic residues	compositional_bias
M9PD06	1103-1126	ECO:0000256|SAM:MobiDB-lite	Polar residues	compositional_bias
M9PD06	1150-1164	ECO:0000256|SAM:MobiDB-lite	Polar residues	compositional_bias
M9PD06	1171-1180	ECO:0000256|SAM:MobiDB-lite	Acidic residues	compositional_bias
M9PD06	1188-1209	ECO:0000256|SAM:MobiDB-lite	Polar residues	compositional_bias
M9PD06	1540-1549	ECO:0000256|SAM:MobiDB-lite	Basic and acidic residues	compositional_bias
M9PD06	1550-1559	ECO:0000256|SAM:MobiDB-lite	Polar residues	compositional_bias
M9PD06	408-419	ECO:0000256|SAM:MobiDB-lite	Low complexity	compositional_bias
M9PE65	1916-1930	ECO:0000256|SAM:MobiDB-lite	Polar residues	compositional_bias
M9PE65	1940-1949	ECO:0000256|SAM:MobiDB-lite	Acidic residues	compositional_bias
M9PE65	1954-1966	ECO:0000256|SAM:MobiDB-lite	Basic and acidic residues	compositional_bias
M9PE65	1969-1981	ECO:0000256|SAM:MobiDB-lite	Polar residues	compositional_bias
M9PE65	2010-2025	ECO:0000256|SAM:MobiDB-lite	Polar residues	compositional_bias
M9PE65	2064-2079	ECO:0000256|SAM:MobiDB-lite	Basic and acidic residues	compositional_bias
M9PE65	2082-2091	ECO:0000256|SAM:MobiDB-lite	Low complexity	compositional_bias
M9PE65	2092-2105	ECO:0000256|SAM:MobiDB-lite	Polar residues	compositional_bias
M9PE65	211-220	ECO:0000256|SAM:MobiDB-lite	Gly residues	compositional_bias
M9PE65	2165-2179	ECO:0000256|SAM:MobiDB-lite	Polar residues	compositional_bias
M9PE65	74-97	ECO:0000256|SAM:MobiDB-lite	Gly residues	compositional_bias
M9PGC5	1006-1034	ECO:0000256|SAM:MobiDB-lite	Low complexity	compositional_bias
M9PGC5	1041-1055	ECO:0000256|SAM:MobiDB-lite	Low complexity	compositional_bias
M9PGC5	1236-1251	ECO:0000256|SAM:MobiDB-lite	Polar residues	compositional_bias
M9PGC5	146-155	ECO:0000256|SAM:MobiDB-lite	Polar residues	compositional_bias
M9PGC5	1559-1568	ECO:0000256|SAM:MobiDB-lite	Basic residues	compositional_bias
M9PGC5	1627-1641	ECO:0000256|SAM:MobiDB-lite	Low complexity	compositional_bias
M9PGC5	1642-1674	ECO:0000256|SAM:MobiDB-lite	Polar residues	compositional_bias
M9PGC5	1828-1852	ECO:0000256|SAM:MobiDB-lite	Polar residues	compositional_bias
M9PGC5	1861-1894	ECO:0000256|SAM:MobiDB-lite	Polar residues	compositional_bias
M9PGC5	190-205	ECO:0000256|SAM:MobiDB-lite	Basic and acidic residues	compositional_bias
M9PGC5	1943-1966	ECO:0000256|SAM:MobiDB-lite	Polar residues	compositional_bias
M9PGC5	2125-2136	ECO:0000256|SAM:MobiDB-lite	Low complexity	compositional_bias
M9PGC5	2137-2160	ECO:0000256|SAM:MobiDB-lite	Polar residues	compositional_bias
M9PGC5	2161-2211	ECO:0000256|SAM:MobiDB-lite	Low complexity	compositional_bias
M9PGC5	2212-2229	ECO:0000256|SAM:MobiDB-lite	Polar residues	compositional_bias
M9PGC5	237-247	ECO:0000256|SAM:MobiDB-lite	Basic and acidic residues	compositional_bias
M9PGC5	29-58	ECO:0000256|SAM:MobiDB-lite	Polar residues	compositional_bias
M9PGC5	396-413	ECO:0000256|SAM:MobiDB-lite	Basic and acidic residues	compositional_bias
M9PGC5	414-452	ECO:0000256|SAM:MobiDB-lite	Low complexity	compositional_bias
M9PGC5	65-78	ECO:0000256|SAM:MobiDB-lite	Polar residues	compositional_bias
M9PGC5	855-870	ECO:0000256|SAM:MobiDB-lite	Acidic residues	compositional_bias
M9PGC5	893-918	ECO:0000256|SAM:MobiDB-lite	Polar residues	compositional_bias
M9PGC5	94-124	ECO:0000256|SAM:MobiDB-lite	Low complexity	compositional_bias
M9PH32	44-77	ECO:0000256|SAM:MobiDB-lite	Low complexity	compositional_bias
M9PH32	540-599	ECO:0000256|SAM:MobiDB-lite	Low complexity	compositional_bias
M9PH32	600-612	ECO:0000256|SAM:MobiDB-lite	Polar residues	compositional_bias
M9PH32	636-649	ECO:0000256|SAM:MobiDB-lite	Polar residues	compositional_bias
M9PH32	657-673	ECO:0000256|SAM:MobiDB-lite	Low complexity	compositional_bias
M9PH32	85-101	ECO:0000256|SAM:MobiDB-lite	Low complexity	compositional_bias
O02193	103-116	ECO:0000256|SAM:MobiDB-lite	Low complexity	compositional_bias
O02193	121-133	ECO:0000256|SAM:MobiDB-lite	Acidic residues	compositional_bias
O02193	141-150	ECO:0000256|SAM:MobiDB-lite	Basic and acidic residues	compositional_bias
O02193	176-186	ECO:0000256|SAM:MobiDB-lite	Acidic residues	compositional_bias
O02193	19-30	ECO:0000256|SAM:MobiDB-lite	Acidic residues	compositional_bias
O02193	243-253	ECO:0000256|SAM:MobiDB-lite	Pro residues	compositional_bias
O02193	326-350	ECO:0000256|SAM:MobiDB-lite	Acidic residues	compositional_bias
O02193	55-69	ECO:0000256|SAM:MobiDB-lite	Polar residues	compositional_bias
O02194	1-14	ECO:0000256|SAM:MobiDB-lite	Polar residues	compositional_bias
O02194	327-350	ECO:0000256|SAM:MobiDB-lite	Low complexity	compositional_bias
O02194	361-370	ECO:0000256|SAM:MobiDB-lite	Polar residues	compositional_bias
O02194	421-443	ECO:0000256|SAM:MobiDB-lite	Polar residues	compositional_bias
O02194	43-52	ECO:0000256|SAM:MobiDB-lite	Polar residues	compositional_bias
O15945	463-482	ECO:0000256|SAM:MobiDB-lite	Polar residues	compositional_bias
O15945	528-554	ECO:0000256|SAM:MobiDB-lite	Polar residues	compositional_bias
O15945	555-564	ECO:0000256|SAM:MobiDB-lite	Low complexity	compositional_bias
O16102	1-20	ECO:0000256|SAM:MobiDB-lite	Basic and acidic residues	compositional_bias
O16102	874-892	ECO:0000256|SAM:MobiDB-lite	Polar residues	compositional_bias
O16810	211-227	ECO:0000256|SAM:MobiDB-lite	Basic and acidic residues	compositional_bias
O16810	496-516	ECO:0000256|SAM:MobiDB-lite	Low complexity	compositional_bias
O16844	28-56	ECO:0000256|SAM:MobiDB-lite	Basic and acidic residues	compositional_bias
O16844	510-521	ECO:0000256|SAM:MobiDB-lite	Low complexity	compositional_bias
O16844	57-75	ECO:0000256|SAM:MobiDB-lite	Polar residues	compositional_bias
O16867	127-141	ECO:0000256|SAM:MobiDB-lite	Basic residues	compositional_bias
O16867	307-333	ECO:0000256|SAM:MobiDB-lite	Low complexity	compositional_bias
O16867	361-370	ECO:0000256|SAM:MobiDB-lite	Polar residues	compositional_bias
O17444	507-534	ECO:0000256|SAM:MobiDB-lite	Low complexity	compositional_bias
O17444	549-563	ECO:0000256|SAM:MobiDB-lite	Low complexity	compositional_bias
O17445	190-204	ECO:0000256|SAM:MobiDB-lite	Basic residues	compositional_bias
O17468	1015-1047	ECO:0000256|SAM:MobiDB-lite	Low complexity	compositional_bias
O17468	409-424	ECO:0000256|SAM:MobiDB-lite	Polar residues	compositional_bias
O17468	509-518	ECO:0000256|SAM:MobiDB-lite	Polar residues	compositional_bias
O17468	889-901	ECO:0000256|SAM:MobiDB-lite	Polar residues	compositional_bias
O17468	933-972	ECO:0000256|SAM:MobiDB-lite	Low complexity	compositional_bias
O18334	179-208	ECO:0000256|SAM:MobiDB-lite	Basic and acidic residues	compositional_bias
O18381	241-257	ECO:0000256|SAM:MobiDB-lite	Low complexity	compositional_bias
O18381	289-301	ECO:0000256|SAM:MobiDB-lite	Polar residues	compositional_bias
O18381	308-317	ECO:0000256|SAM:MobiDB-lite	Low complexity	compositional_bias
O18381	404-416	ECO:0000256|SAM:MobiDB-lite	Low complexity	compositional_bias
O18381	500-519	ECO:0000256|SAM:MobiDB-lite	Low complexity	compositional_bias
O18391	7-17	ECO:0000256|SAM:MobiDB-lite	Low complexity	compositional_bias
O18400	227-242	ECO:0000256|SAM:MobiDB-lite	Polar residues	compositional_bias
O18400	243-258	ECO:0000256|SAM:MobiDB-lite	Basic and acidic residues	compositional_bias
O18400	259-269	ECO:0000256|SAM:MobiDB-lite	Basic residues	compositional_bias
O18400	70-98	ECO:0000256|SAM:MobiDB-lite	Low complexity	compositional_bias
O18475	1062-1071	ECO:0000256|SAM:MobiDB-lite	Polar residues	compositional_bias
O18475	1213-1274	ECO:0000256|SAM:MobiDB-lite	Polar residues	compositional_bias
O18475	1355-1365	ECO:0000256|SAM:MobiDB-lite	Basic and acidic residues	compositional_bias
O18475	30-45	ECO:0000256|SAM:MobiDB-lite	Polar residues	compositional_bias
O44081	442-457	ECO:0000256|SAM:MobiDB-lite	Low complexity	compositional_bias
O44081	475-485	ECO:0000256|SAM:MobiDB-lite	Acidic residues	compositional_bias
O44081	499-508	ECO:0000256|SAM:MobiDB-lite	Basic and acidic residues	compositional_bias
O44424	1-18	ECO:0000256|SAM:MobiDB-lite	Low complexity	compositional_bias
O44424	105-115	ECO:0000256|SAM:MobiDB-lite	Low complexity	compositional_bias
O44424	126-151	ECO:0000256|SAM:MobiDB-lite	Polar residues	compositional_bias
O44424	152-163	ECO:0000256|SAM:MobiDB-lite	Basic and acidic residues	compositional_bias
O44437	112-151	ECO:0000256|SAM:MobiDB-lite	Gly residues	compositional_bias
O44783	104-135	ECO:0000256|SAM:MobiDB-lite	Low complexity	compositional_bias
O44783	148-162	ECO:0000256|SAM:MobiDB-lite	Low complexity	compositional_bias
O44783	163-172	ECO:0000256|SAM:MobiDB-lite	Polar residues	compositional_bias
O44783	239-272	ECO:0000256|SAM:MobiDB-lite	Low complexity	compositional_bias
O44783	276-286	ECO:0000256|SAM:MobiDB-lite	Polar residues	compositional_bias
O46036	466-476	ECO:0000256|SAM:MobiDB-lite	Basic and acidic residues	compositional_bias
O46037	723-738	ECO:0000256|SAM:MobiDB-lite	Pro residues	compositional_bias
O46043	577-586	ECO:0000256|SAM:MobiDB-lite	Polar residues	compositional_bias
O46043	609-619	ECO:0000256|SAM:MobiDB-lite	Polar residues	compositional_bias
O46043	632-664	ECO:0000256|SAM:MobiDB-lite	Low complexity	compositional_bias
O46043	702-718	ECO:0000256|SAM:MobiDB-lite	Basic and acidic residues	compositional_bias
O46072	183-200	ECO:0000256|SAM:MobiDB-lite	Acidic residues	compositional_bias
O46072	505-517	ECO:0000256|SAM:MobiDB-lite	Basic and acidic residues	compositional_bias
O46072	567-583	ECO:0000256|SAM:MobiDB-lite	Basic and acidic residues	compositional_bias
O46072	584-607	ECO:0000256|SAM:MobiDB-lite	Acidic residues	compositional_bias
O46080	42-70	ECO:0000256|SAM:MobiDB-lite	Basic and acidic residues	compositional_bias
O46106	358-377	ECO:0000256|SAM:MobiDB-lite	Acidic residues	compositional_bias
O46107	29-51	ECO:0000256|SAM:MobiDB-lite	Acidic residues	compositional_bias
O46203	104-122	ECO:0000256|SAM:MobiDB-lite	Basic and acidic residues	compositional_bias
O46203	142-153	ECO:0000256|SAM:MobiDB-lite	Basic and acidic residues	compositional_bias
O46203	159-171	ECO:0000256|SAM:MobiDB-lite	Basic and acidic residues	compositional_bias
O46203	209-225	ECO:0000256|SAM:MobiDB-lite	Basic and acidic residues	compositional_bias
O46203	44-69	ECO:0000256|SAM:MobiDB-lite	Gly residues	compositional_bias
O46339	227-237	ECO:0000256|SAM:MobiDB-lite	Polar residues	compositional_bias
O46339	333-345	ECO:0000256|SAM:MobiDB-lite	Polar residues	compositional_bias
O46341	106-120	ECO:0000256|SAM:MobiDB-lite	Basic residues	compositional_bias
O46341	142-155	ECO:0000256|SAM:MobiDB-lite	Polar residues	compositional_bias
O61307	110-119	ECO:0000256|SAM:MobiDB-lite	Pro residues	compositional_bias
O61307	120-136	ECO:0000256|SAM:MobiDB-lite	Polar residues	compositional_bias
O61307	2704-2724	ECO:0000256|SAM:MobiDB-lite	Basic residues	compositional_bias
O61307	322-370	ECO:0000256|SAM:MobiDB-lite	Low complexity	compositional_bias
O61345	107-122	ECO:0000256|SAM:MobiDB-lite	Basic and acidic residues	compositional_bias
O61345	580-600	ECO:0000256|SAM:MobiDB-lite	Acidic residues	compositional_bias
O61345	601-615	ECO:0000256|SAM:MobiDB-lite	Basic and acidic residues	compositional_bias
O61345	616-626	ECO:0000256|SAM:MobiDB-lite	Basic residues	compositional_bias
O61345	76-89	ECO:0000256|SAM:MobiDB-lite	Basic and acidic residues	compositional_bias
O61366	1047-1056	ECO:0000256|SAM:MobiDB-lite	Low complexity	compositional_bias
O61366	1107-1128	ECO:0000256|SAM:MobiDB-lite	Low complexity	compositional_bias
O61366	1187-1207	ECO:0000256|SAM:MobiDB-lite	Polar residues	compositional_bias
O61366	1226-1252	ECO:0000256|SAM:MobiDB-lite	Low complexity	compositional_bias
O61366	337-364	ECO:0000256|SAM:MobiDB-lite	Basic residues	compositional_bias
O61366	378-388	ECO:0000256|SAM:MobiDB-lite	Polar residues	compositional_bias
O61366	410-430	ECO:0000256|SAM:MobiDB-lite	Polar residues	compositional_bias
O61366	437-449	ECO:0000256|SAM:MobiDB-lite	Polar residues	compositional_bias
O61366	472-487	ECO:0000256|SAM:MobiDB-lite	Polar residues	compositional_bias
O61366	589-623	ECO:0000256|SAM:MobiDB-lite	Basic and acidic residues	compositional_bias
O61366	664-680	ECO:0000256|SAM:MobiDB-lite	Low complexity	compositional_bias
O61366	713-723	ECO:0000256|SAM:MobiDB-lite	Basic and acidic residues	compositional_bias
O61366	736-748	ECO:0000256|SAM:MobiDB-lite	Polar residues	compositional_bias
O61366	836-855	ECO:0000256|SAM:MobiDB-lite	Basic and acidic residues	compositional_bias
O61643	128-142	ECO:0000256|SAM:MobiDB-lite	Low complexity	compositional_bias
O61643	447-459	ECO:0000256|SAM:MobiDB-lite	Basic and acidic residues	compositional_bias
O61734	20-41	ECO:0000256|SAM:MobiDB-lite	Basic and acidic residues	compositional_bias
O61734	8-19	ECO:0000256|SAM:MobiDB-lite	Acidic residues	compositional_bias
O61735	1006-1027	ECO:0000256|SAM:MobiDB-lite	Polar residues	compositional_bias
O61735	383-402	ECO:0000256|SAM:MobiDB-lite	Low complexity	compositional_bias
O61735	443-486	ECO:0000256|SAM:MobiDB-lite	Polar residues	compositional_bias
O61735	504-516	ECO:0000256|SAM:MobiDB-lite	Low complexity	compositional_bias
O61735	552-575	ECO:0000256|SAM:MobiDB-lite	Low complexity	compositional_bias
O61735	871-909	ECO:0000256|SAM:MobiDB-lite	Low complexity	compositional_bias
O61735	951-995	ECO:0000256|SAM:MobiDB-lite	Low complexity	compositional_bias
O76324	413-440	ECO:0000256|SAM:MobiDB-lite	Gly residues	compositional_bias
O76878	332-355	ECO:0000256|SAM:MobiDB-lite	Acidic residues	compositional_bias
O76878	356-368	ECO:0000256|SAM:MobiDB-lite	Low complexity	compositional_bias
O76902	244-253	ECO:0000256|SAM:MobiDB-lite	Acidic residues	compositional_bias
O76902	279-292	ECO:0000256|SAM:MobiDB-lite	Low complexity	compositional_bias
O76902	298-316	ECO:0000256|SAM:MobiDB-lite	Polar residues	compositional_bias
O76906	100-111	ECO:0000256|SAM:MobiDB-lite	Polar residues	compositional_bias
O76906	21-30	ECO:0000256|SAM:MobiDB-lite	Low complexity	compositional_bias
O76906	410-425	ECO:0000256|SAM:MobiDB-lite	Basic and acidic residues	compositional_bias
O76906	7-20	ECO:0000256|SAM:MobiDB-lite	Pro residues	compositional_bias
O76906	822-833	ECO:0000256|SAM:MobiDB-lite	Low complexity	compositional_bias
O76906	86-98	ECO:0000256|SAM:MobiDB-lite	Basic and acidic residues	compositional_bias
O76908	180-195	ECO:0000256|SAM:MobiDB-lite	Low complexity	compositional_bias
O76908	221-237	ECO:0000256|SAM:MobiDB-lite	Polar residues	compositional_bias
O76922	46-56	ECO:0000256|SAM:MobiDB-lite	Gly residues	compositional_bias
O76924	1-22	ECO:0000256|SAM:MobiDB-lite	Acidic residues	compositional_bias
O77051	15-26	ECO:0000256|SAM:MobiDB-lite	Low complexity	compositional_bias
O77051	31-49	ECO:0000256|SAM:MobiDB-lite	Polar residues	compositional_bias
O77051	59-73	ECO:0000256|SAM:MobiDB-lite	Low complexity	compositional_bias
O77086	230-248	ECO:0000256|SAM:MobiDB-lite	Gly residues	compositional_bias
O77086	287-297	ECO:0000256|SAM:MobiDB-lite	Polar residues	compositional_bias
O77086	298-309	ECO:0000256|SAM:MobiDB-lite	Basic residues	compositional_bias
O77086	532-550	ECO:0000256|SAM:MobiDB-lite	Pro residues	compositional_bias
O77086	55-73	ECO:0000256|SAM:MobiDB-lite	Basic residues	compositional_bias
O77086	556-579	ECO:0000256|SAM:MobiDB-lite	Low complexity	compositional_bias
O77086	620-631	ECO:0000256|SAM:MobiDB-lite	Polar residues	compositional_bias
O77086	697-707	ECO:0000256|SAM:MobiDB-lite	Low complexity	compositional_bias
O77086	708-718	ECO:0000256|SAM:MobiDB-lite	Polar residues	compositional_bias
O77086	735-747	ECO:0000256|SAM:MobiDB-lite	Low complexity	compositional_bias
O77086	74-83	ECO:0000256|SAM:MobiDB-lite	Polar residues	compositional_bias
O77086	780-824	ECO:0000256|SAM:MobiDB-lite	Low complexity	compositional_bias
O77086	851-866	ECO:0000256|SAM:MobiDB-lite	Polar residues	compositional_bias
O77215	16-36	ECO:0000256|SAM:MobiDB-lite	Low complexity	compositional_bias
O77215	299-308	ECO:0000256|SAM:MobiDB-lite	Basic residues	compositional_bias
O77215	37-46	ECO:0000256|SAM:MobiDB-lite	Basic and acidic residues	compositional_bias
O77215	413-431	ECO:0000256|SAM:MobiDB-lite	Gly residues	compositional_bias
O77215	488-498	ECO:0000256|SAM:MobiDB-lite	Basic and acidic residues	compositional_bias
O77215	524-534	ECO:0000256|SAM:MobiDB-lite	Gly residues	compositional_bias
O77215	535-549	ECO:0000256|SAM:MobiDB-lite	Basic residues	compositional_bias
O77215	56-65	ECO:0000256|SAM:MobiDB-lite	Polar residues	compositional_bias
O77286	63-72	ECO:0000256|SAM:MobiDB-lite	Basic and acidic residues	compositional_bias
O77286	73-87	ECO:0000256|SAM:MobiDB-lite	Basic residues	compositional_bias
O77459	190-200	ECO:0000256|SAM:MobiDB-lite	Basic and acidic residues	compositional_bias
O77459	207-216	ECO:0000256|SAM:MobiDB-lite	Basic and acidic residues	compositional_bias
O77459	223-234	ECO:0000256|SAM:MobiDB-lite	Polar residues	compositional_bias
O77459	235-247	ECO:0000256|SAM:MobiDB-lite	Low complexity	compositional_bias
O77459	248-258	ECO:0000256|SAM:MobiDB-lite	Basic residues	compositional_bias
O77459	259-275	ECO:0000256|SAM:MobiDB-lite	Low complexity	compositional_bias
O77459	476-490	ECO:0000256|SAM:MobiDB-lite	Low complexity	compositional_bias
O77475	59-82	ECO:0000256|SAM:MobiDB-lite	Low complexity	compositional_bias
O96433	1016-1031	ECO:0000256|SAM:MobiDB-lite	Basic and acidic residues	compositional_bias
O96433	1037-1050	ECO:0000256|SAM:MobiDB-lite	Gly residues	compositional_bias
O96433	1087-1097	ECO:0000256|SAM:MobiDB-lite	Pro residues	compositional_bias
O96433	332-350	ECO:0000256|SAM:MobiDB-lite	Basic and acidic residues	compositional_bias
O96433	373-390	ECO:0000256|SAM:MobiDB-lite	Low complexity	compositional_bias
O96433	420-456	ECO:0000256|SAM:MobiDB-lite	Low complexity	compositional_bias
O96433	467-478	ECO:0000256|SAM:MobiDB-lite	Low complexity	compositional_bias
O96433	489-511	ECO:0000256|SAM:MobiDB-lite	Low complexity	compositional_bias
O96433	580-591	ECO:0000256|SAM:MobiDB-lite	Polar residues	compositional_bias
O96433	592-606	ECO:0000256|SAM:MobiDB-lite	Low complexity	compositional_bias
O96433	609-620	ECO:0000256|SAM:MobiDB-lite	Polar residues	compositional_bias
O96433	652-675	ECO:0000256|SAM:MobiDB-lite	Basic and acidic residues	compositional_bias
O96433	687-698	ECO:0000256|SAM:MobiDB-lite	Low complexity	compositional_bias
O96433	860-870	ECO:0000256|SAM:MobiDB-lite	Basic and acidic residues	compositional_bias
O96433	871-883	ECO:0000256|SAM:MobiDB-lite	Basic residues	compositional_bias
O96433	884-895	ECO:0000256|SAM:MobiDB-lite	Basic and acidic residues	compositional_bias
O96433	993-1007	ECO:0000256|SAM:MobiDB-lite	Gly residues	compositional_bias
O96827	94-111	ECO:0000256|SAM:MobiDB-lite	Acidic residues	compositional_bias
O96838	1-12	ECO:0000256|SAM:MobiDB-lite	Low complexity	compositional_bias
O96838	1272-1287	ECO:0000256|SAM:MobiDB-lite	Polar residues	compositional_bias
O96838	1426-1452	ECO:0000256|SAM:MobiDB-lite	Low complexity	compositional_bias
O96838	1454-1463	ECO:0000256|SAM:MobiDB-lite	Basic and acidic residues	compositional_bias
O96838	399-410	ECO:0000256|SAM:MobiDB-lite	Low complexity	compositional_bias
O96838	431-444	ECO:0000256|SAM:MobiDB-lite	Basic and acidic residues	compositional_bias
O96838	84-127	ECO:0000256|SAM:MobiDB-lite	Polar residues	compositional_bias
O96838	856-874	ECO:0000256|SAM:MobiDB-lite	Basic and acidic residues	compositional_bias
O97159	1-19	ECO:0000256|SAM:MobiDB-lite	Acidic residues	compositional_bias
O97159	104-116	ECO:0000256|SAM:MobiDB-lite	Basic and acidic residues	compositional_bias
O97159	1349-1361	ECO:0000256|SAM:MobiDB-lite	Polar residues	compositional_bias
O97159	1364-1377	ECO:0000256|SAM:MobiDB-lite	Acidic residues	compositional_bias
O97159	1547-1568	ECO:0000256|SAM:MobiDB-lite	Low complexity	compositional_bias
O97159	1569-1611	ECO:0000256|SAM:MobiDB-lite	Basic and acidic residues	compositional_bias
O97159	1621-1664	ECO:0000256|SAM:MobiDB-lite	Basic and acidic residues	compositional_bias
O97159	1679-1689	ECO:0000256|SAM:MobiDB-lite	Basic and acidic residues	compositional_bias
O97159	1700-1711	ECO:0000256|SAM:MobiDB-lite	Low complexity	compositional_bias
O97159	218-232	ECO:0000256|SAM:MobiDB-lite	Basic and acidic residues	compositional_bias
O97159	233-247	ECO:0000256|SAM:MobiDB-lite	Acidic residues	compositional_bias
O97159	251-266	ECO:0000256|SAM:MobiDB-lite	Basic residues	compositional_bias
O97159	295-319	ECO:0000256|SAM:MobiDB-lite	Basic and acidic residues	compositional_bias
O97159	354-364	ECO:0000256|SAM:MobiDB-lite	Basic residues	compositional_bias
O97159	52-62	ECO:0000256|SAM:MobiDB-lite	Basic residues	compositional_bias
O97159	676-687	ECO:0000256|SAM:MobiDB-lite	Basic residues	compositional_bias
O97172	68-77	ECO:0000256|SAM:MobiDB-lite	Acidic residues	compositional_bias
O97177	1-25	ECO:0000256|SAM:MobiDB-lite	Low complexity	compositional_bias
O97177	147-163	ECO:0000256|SAM:MobiDB-lite	Low complexity	compositional_bias
O97394	2073-2085	ECO:0000256|SAM:MobiDB-lite	Low complexity	compositional_bias
O97394	2112-2122	ECO:0000256|SAM:MobiDB-lite	Basic and acidic residues	compositional_bias
O97394	2144-2157	ECO:0000256|SAM:MobiDB-lite	Basic and acidic residues	compositional_bias
O97420	72-85	ECO:0000256|SAM:MobiDB-lite	Acidic residues	compositional_bias
O97420	8-21	ECO:0000256|SAM:MobiDB-lite	Polar residues	compositional_bias
O97477	550-565	ECO:0000256|SAM:MobiDB-lite	Polar residues	compositional_bias
P00522	1-11	ECO:0000256|SAM:MobiDB-lite	Basic and acidic residues	compositional_bias
P00522	1023-1044	ECO:0000256|SAM:MobiDB-lite	Low complexity	compositional_bias
P00522	1055-1080	ECO:0000256|SAM:MobiDB-lite	Pro residues	compositional_bias
P00522	1097-1119	ECO:0000256|SAM:MobiDB-lite	Low complexity	compositional_bias
P00522	1402-1411	ECO:0000256|SAM:MobiDB-lite	Pro residues	compositional_bias
P00522	1412-1432	ECO:0000256|SAM:MobiDB-lite	Low complexity	compositional_bias
P00522	1433-1448	ECO:0000256|SAM:MobiDB-lite	Polar residues	compositional_bias
P00522	147-160	ECO:0000256|SAM:MobiDB-lite	Gly residues	compositional_bias
P00522	33-50	ECO:0000256|SAM:MobiDB-lite	Low complexity	compositional_bias
P00522	58-70	ECO:0000256|SAM:MobiDB-lite	Low complexity	compositional_bias
P00522	642-656	ECO:0000256|SAM:MobiDB-lite	Low complexity	compositional_bias
P00522	663-672	ECO:0000256|SAM:MobiDB-lite	Low complexity	compositional_bias
P00522	708-747	ECO:0000256|SAM:MobiDB-lite	Polar residues	compositional_bias
P00522	71-84	ECO:0000256|SAM:MobiDB-lite	Gly residues	compositional_bias
P00522	756-765	ECO:0000256|SAM:MobiDB-lite	Low complexity	compositional_bias
P00522	803-814	ECO:0000256|SAM:MobiDB-lite	Acidic residues	compositional_bias
P00522	896-905	ECO:0000256|SAM:MobiDB-lite	Polar residues	compositional_bias
P00522	987-998	ECO:0000256|SAM:MobiDB-lite	Polar residues	compositional_bias
P02255	1-19	ECO:0000256|SAM:MobiDB-lite	Low complexity	compositional_bias
P02255	121-140	ECO:0000256|SAM:MobiDB-lite	Basic and acidic residues	compositional_bias
P02255	176-193	ECO:0000256|SAM:MobiDB-lite	Basic and acidic residues	compositional_bias
P02255	194-229	ECO:0000256|SAM:MobiDB-lite	Low complexity	compositional_bias
P02255	245-256	ECO:0000256|SAM:MobiDB-lite	Basic residues	compositional_bias
P02255	27-43	ECO:0000256|SAM:MobiDB-lite	Low complexity	compositional_bias
P02515	159-174	ECO:0000256|SAM:MobiDB-lite	Basic and acidic residues	compositional_bias
P02516	169-186	ECO:0000256|SAM:MobiDB-lite	Basic and acidic residues	compositional_bias
P02517	191-208	ECO:0000256|SAM:MobiDB-lite	Basic and acidic residues	compositional_bias
P02518	197-213	ECO:0000256|SAM:MobiDB-lite	Basic and acidic residues	compositional_bias
P02825	612-634	ECO:0000256|SAM:MobiDB-lite	Gly residues	compositional_bias
P02828	225-245	ECO:0000256|SAM:MobiDB-lite	Basic and acidic residues	compositional_bias
P02833	101-132	ECO:0000256|SAM:MobiDB-lite	Low complexity	compositional_bias
P02833	243-281	ECO:0000256|SAM:MobiDB-lite	Low complexity	compositional_bias
P02835	190-199	ECO:0000256|SAM:MobiDB-lite	Pro residues	compositional_bias
P02835	76-85	ECO:0000256|SAM:MobiDB-lite	Pro residues	compositional_bias
P02836	135-151	ECO:0000256|SAM:MobiDB-lite	Acidic residues	compositional_bias
P02836	317-382	ECO:0000256|SAM:MobiDB-lite	Low complexity	compositional_bias
P02836	446-457	ECO:0000256|SAM:MobiDB-lite	Basic and acidic residues	compositional_bias
P02836	93-108	ECO:0000256|SAM:MobiDB-lite	Low complexity	compositional_bias
P02843	158-175	ECO:0000256|SAM:MobiDB-lite	Polar residues	compositional_bias
P02843	416-433	ECO:0000256|SAM:MobiDB-lite	Polar residues	compositional_bias
P02844	175-186	ECO:0000256|SAM:MobiDB-lite	Low complexity	compositional_bias
P02844	21-33	ECO:0000256|SAM:MobiDB-lite	Low complexity	compositional_bias
P02844	34-44	ECO:0000256|SAM:MobiDB-lite	Polar residues	compositional_bias
P02844	431-442	ECO:0000256|SAM:MobiDB-lite	Low complexity	compositional_bias
P04052	1529-1565	ECO:0000256|SAM:MobiDB-lite	Low complexity	compositional_bias
P04052	1579-1610	ECO:0000256|SAM:MobiDB-lite	Low complexity	compositional_bias
P04052	1626-1650	ECO:0000256|SAM:MobiDB-lite	Low complexity	compositional_bias
P04052	1651-1664	ECO:0000256|SAM:MobiDB-lite	Polar residues	compositional_bias
P04052	1665-1760	ECO:0000256|SAM:MobiDB-lite	Low complexity	compositional_bias
P04052	1776-1786	ECO:0000256|SAM:MobiDB-lite	Polar residues	compositional_bias
P04052	1788-1813	ECO:0000256|SAM:MobiDB-lite	Low complexity	compositional_bias
P04052	1814-1831	ECO:0000256|SAM:MobiDB-lite	Polar residues	compositional_bias
P04052	1832-1849	ECO:0000256|SAM:MobiDB-lite	Low complexity	compositional_bias
P04052	1850-1859	ECO:0000256|SAM:MobiDB-lite	Polar residues	compositional_bias
P04052	1860-1881	ECO:0000256|SAM:MobiDB-lite	Low complexity	compositional_bias
P04146	827-841	ECO:0000256|SAM:MobiDB-lite	Basic and acidic residues	compositional_bias
P04197	20-33	ECO:0000256|SAM:MobiDB-lite	Acidic residues	compositional_bias
P04197	354-363	ECO:0000256|SAM:MobiDB-lite	Polar residues	compositional_bias
P04197	371-382	ECO:0000256|SAM:MobiDB-lite	Low complexity	compositional_bias
P04197	59-73	ECO:0000256|SAM:MobiDB-lite	Polar residues	compositional_bias
P04282	245-255	ECO:0000256|SAM:MobiDB-lite	Polar residues	compositional_bias
P04282	266-312	ECO:0000256|SAM:MobiDB-lite	Polar residues	compositional_bias
P04282	313-333	ECO:0000256|SAM:MobiDB-lite	Low complexity	compositional_bias
P04412	1257-1276	ECO:0000256|SAM:MobiDB-lite	Basic and acidic residues	compositional_bias
P04950	369-383	ECO:0000256|SAM:MobiDB-lite	Low complexity	compositional_bias
P05031	1-17	ECO:0000256|SAM:MobiDB-lite	Polar residues	compositional_bias
P05084	198-214	ECO:0000256|SAM:MobiDB-lite	Basic and acidic residues	compositional_bias
P05084	39-51	ECO:0000256|SAM:MobiDB-lite	Polar residues	compositional_bias
P05084	398-415	ECO:0000256|SAM:MobiDB-lite	Low complexity	compositional_bias
P05084	513-522	ECO:0000256|SAM:MobiDB-lite	Low complexity	compositional_bias
P05084	523-532	ECO:0000256|SAM:MobiDB-lite	Acidic residues	compositional_bias
P05084	652-695	ECO:0000256|SAM:MobiDB-lite	Low complexity	compositional_bias
P05130	1-15	ECO:0000256|SAM:MobiDB-lite	Polar residues	compositional_bias
P05205	50-60	ECO:0000256|SAM:MobiDB-lite	Low complexity	compositional_bias
P05205	72-98	ECO:0000256|SAM:MobiDB-lite	Basic and acidic residues	compositional_bias
P05389	73-85	ECO:0000256|SAM:MobiDB-lite	Low complexity	compositional_bias
P05389	86-99	ECO:0000256|SAM:MobiDB-lite	Basic and acidic residues	compositional_bias
P05527	309-325	ECO:0000256|SAM:MobiDB-lite	Low complexity	compositional_bias
P05527	364-381	ECO:0000256|SAM:MobiDB-lite	Low complexity	compositional_bias
P05527	395-405	ECO:0000256|SAM:MobiDB-lite	Low complexity	compositional_bias
P05527	450-468	ECO:0000256|SAM:MobiDB-lite	Gly residues	compositional_bias
P05527	80-91	ECO:0000256|SAM:MobiDB-lite	Acidic residues	compositional_bias
P05709	506-518	ECO:0000256|SAM:MobiDB-lite	Low complexity	compositional_bias
P05709	558-570	ECO:0000256|SAM:MobiDB-lite	Gly residues	compositional_bias
P05709	621-631	ECO:0000256|SAM:MobiDB-lite	Low complexity	compositional_bias
P05709	636-655	ECO:0000256|SAM:MobiDB-lite	Polar residues	compositional_bias
P05812	243-268	ECO:0000256|SAM:MobiDB-lite	Low complexity	compositional_bias
P05812	306-315	ECO:0000256|SAM:MobiDB-lite	Polar residues	compositional_bias
P05812	365-377	ECO:0000256|SAM:MobiDB-lite	Low complexity	compositional_bias
P05812	384-408	ECO:0000256|SAM:MobiDB-lite	Basic and acidic residues	compositional_bias
P06002	358-373	ECO:0000256|SAM:MobiDB-lite	Low complexity	compositional_bias
P06601	403-424	ECO:0000256|SAM:MobiDB-lite	Polar residues	compositional_bias
P06601	433-461	ECO:0000256|SAM:MobiDB-lite	Low complexity	compositional_bias
P06601	546-562	ECO:0000256|SAM:MobiDB-lite	Basic residues	compositional_bias
P06602	10-19	ECO:0000256|SAM:MobiDB-lite	Basic and acidic residues	compositional_bias
P06602	283-302	ECO:0000256|SAM:MobiDB-lite	Low complexity	compositional_bias
P06602	314-334	ECO:0000256|SAM:MobiDB-lite	Low complexity	compositional_bias
P06602	47-60	ECO:0000256|SAM:MobiDB-lite	Polar residues	compositional_bias
P07182	244-268	ECO:0000256|SAM:MobiDB-lite	Low complexity	compositional_bias
P07183	206-224	ECO:0000256|SAM:MobiDB-lite	Basic residues	compositional_bias
P07207	2228-2238	ECO:0000256|SAM:MobiDB-lite	Low complexity	compositional_bias
P07207	2414-2429	ECO:0000256|SAM:MobiDB-lite	Polar residues	compositional_bias
P07207	2488-2497	ECO:0000256|SAM:MobiDB-lite	Gly residues	compositional_bias
P07207	2598-2619	ECO:0000256|SAM:MobiDB-lite	Low complexity	compositional_bias
P07207	2632-2653	ECO:0000256|SAM:MobiDB-lite	Polar residues	compositional_bias
P07207	2659-2675	ECO:0000256|SAM:MobiDB-lite	Low complexity	compositional_bias
P07207	2677-2687	ECO:0000256|SAM:MobiDB-lite	Polar residues	compositional_bias
P07247	119-136	ECO:0000256|SAM:MobiDB-lite	Low complexity	compositional_bias
P07247	183-198	ECO:0000256|SAM:MobiDB-lite	Low complexity	compositional_bias
P07247	410-419	ECO:0000256|SAM:MobiDB-lite	Acidic residues	compositional_bias
P07247	482-491	ECO:0000256|SAM:MobiDB-lite	Acidic residues	compositional_bias
P07548	126-135	ECO:0000256|SAM:MobiDB-lite	Polar residues	compositional_bias
P07548	227-237	ECO:0000256|SAM:MobiDB-lite	Polar residues	compositional_bias
P07548	245-255	ECO:0000256|SAM:MobiDB-lite	Polar residues	compositional_bias
P07548	318-331	ECO:0000256|SAM:MobiDB-lite	Acidic residues	compositional_bias
P07548	458-477	ECO:0000256|SAM:MobiDB-lite	Low complexity	compositional_bias
P07548	510-521	ECO:0000256|SAM:MobiDB-lite	Polar residues	compositional_bias
P07548	522-551	ECO:0000256|SAM:MobiDB-lite	Low complexity	compositional_bias
P07548	92-112	ECO:0000256|SAM:MobiDB-lite	Basic residues	compositional_bias
P07663	1-15	ECO:0000256|SAM:MobiDB-lite	Polar residues	compositional_bias
P07663	1094-1117	ECO:0000256|SAM:MobiDB-lite	Polar residues	compositional_bias
P07663	1143-1154	ECO:0000256|SAM:MobiDB-lite	Polar residues	compositional_bias
P07663	1158-1177	ECO:0000256|SAM:MobiDB-lite	Low complexity	compositional_bias
P07663	1209-1224	ECO:0000256|SAM:MobiDB-lite	Basic and acidic residues	compositional_bias
P07663	121-133	ECO:0000256|SAM:MobiDB-lite	Basic and acidic residues	compositional_bias
P07663	16-47	ECO:0000256|SAM:MobiDB-lite	Low complexity	compositional_bias
P07663	66-79	ECO:0000256|SAM:MobiDB-lite	Basic residues	compositional_bias
P07663	675-693	ECO:0000256|SAM:MobiDB-lite	Polar residues	compositional_bias
P07663	694-752	ECO:0000256|SAM:MobiDB-lite	Gly residues	compositional_bias
P07663	794-805	ECO:0000256|SAM:MobiDB-lite	Basic and acidic residues	compositional_bias
P07663	895-907	ECO:0000256|SAM:MobiDB-lite	Gly residues	compositional_bias
P07663	908-927	ECO:0000256|SAM:MobiDB-lite	Low complexity	compositional_bias
P07664	149-162	ECO:0000256|SAM:MobiDB-lite	Acidic residues	compositional_bias
P07713	140-153	ECO:0000256|SAM:MobiDB-lite	Basic residues	compositional_bias
P07713	156-169	ECO:0000256|SAM:MobiDB-lite	Low complexity	compositional_bias
P07713	468-481	ECO:0000256|SAM:MobiDB-lite	Basic residues	compositional_bias
P07713	96-119	ECO:0000256|SAM:MobiDB-lite	Basic and acidic residues	compositional_bias
P07909	1-13	ECO:0000256|SAM:MobiDB-lite	Low complexity	compositional_bias
P07909	205-240	ECO:0000256|SAM:MobiDB-lite	Gly residues	compositional_bias
P07909	241-259	ECO:0000256|SAM:MobiDB-lite	Low complexity	compositional_bias
P07909	277-286	ECO:0000256|SAM:MobiDB-lite	Low complexity	compositional_bias
P07909	287-298	ECO:0000256|SAM:MobiDB-lite	Gly residues	compositional_bias
P07909	299-313	ECO:0000256|SAM:MobiDB-lite	Low complexity	compositional_bias
P07909	314-324	ECO:0000256|SAM:MobiDB-lite	Gly residues	compositional_bias
P07909	334-353	ECO:0000256|SAM:MobiDB-lite	Gly residues	compositional_bias
P07909	354-365	ECO:0000256|SAM:MobiDB-lite	Low complexity	compositional_bias
P08044	162-172	ECO:0000256|SAM:MobiDB-lite	Polar residues	compositional_bias
P08044	32-43	ECO:0000256|SAM:MobiDB-lite	Polar residues	compositional_bias
P08099	370-381	ECO:0000256|SAM:MobiDB-lite	Polar residues	compositional_bias
P08120	1015-1036	ECO:0000256|SAM:MobiDB-lite	Low complexity	compositional_bias
P08120	1106-1127	ECO:0000256|SAM:MobiDB-lite	Basic and acidic residues	compositional_bias
P08120	1151-1170	ECO:0000256|SAM:MobiDB-lite	Low complexity	compositional_bias
P08120	1224-1245	ECO:0000256|SAM:MobiDB-lite	Basic and acidic residues	compositional_bias
P08120	144-163	ECO:0000256|SAM:MobiDB-lite	Low complexity	compositional_bias
P08120	1496-1505	ECO:0000256|SAM:MobiDB-lite	Basic and acidic residues	compositional_bias
P08120	1517-1529	ECO:0000256|SAM:MobiDB-lite	Basic and acidic residues	compositional_bias
P08120	196-217	ECO:0000256|SAM:MobiDB-lite	Basic and acidic residues	compositional_bias
P08120	249-259	ECO:0000256|SAM:MobiDB-lite	Basic and acidic residues	compositional_bias
P08120	360-369	ECO:0000256|SAM:MobiDB-lite	Low complexity	compositional_bias
P08120	434-443	ECO:0000256|SAM:MobiDB-lite	Gly residues	compositional_bias
P08120	531-545	ECO:0000256|SAM:MobiDB-lite	Low complexity	compositional_bias
P08120	724-747	ECO:0000256|SAM:MobiDB-lite	Basic and acidic residues	compositional_bias
P08120	913-931	ECO:0000256|SAM:MobiDB-lite	Low complexity	compositional_bias
P08155	474-491	ECO:0000256|SAM:MobiDB-lite	Low complexity	compositional_bias
P08155	498-508	ECO:0000256|SAM:MobiDB-lite	Low complexity	compositional_bias
P08155	532-559	ECO:0000256|SAM:MobiDB-lite	Low complexity	compositional_bias
P08155	582-591	ECO:0000256|SAM:MobiDB-lite	Polar residues	compositional_bias
P08155	759-775	ECO:0000256|SAM:MobiDB-lite	Low complexity	compositional_bias
P08155	796-809	ECO:0000256|SAM:MobiDB-lite	Basic and acidic residues	compositional_bias
P08155	810-823	ECO:0000256|SAM:MobiDB-lite	Low complexity	compositional_bias
P08510	26-47	ECO:0000256|SAM:MobiDB-lite	Basic and acidic residues	compositional_bias
P08510	519-528	ECO:0000256|SAM:MobiDB-lite	Low complexity	compositional_bias
P08570	87-97	ECO:0000256|SAM:MobiDB-lite	Basic and acidic residues	compositional_bias
P08630	14-23	ECO:0000256|SAM:MobiDB-lite	Low complexity	compositional_bias
P08630	226-240	ECO:0000256|SAM:MobiDB-lite	Low complexity	compositional_bias
P08630	241-260	ECO:0000256|SAM:MobiDB-lite	Polar residues	compositional_bias
P08630	264-290	ECO:0000256|SAM:MobiDB-lite	Gly residues	compositional_bias
P08630	291-301	ECO:0000256|SAM:MobiDB-lite	Polar residues	compositional_bias
P08928	21-34	ECO:0000256|SAM:MobiDB-lite	Pro residues	compositional_bias
P08928	429-440	ECO:0000256|SAM:MobiDB-lite	Polar residues	compositional_bias
P08928	605-622	ECO:0000256|SAM:MobiDB-lite	Polar residues	compositional_bias
P08970	185-202	ECO:0000256|SAM:MobiDB-lite	Acidic residues	compositional_bias
P08970	47-57	ECO:0000256|SAM:MobiDB-lite	Low complexity	compositional_bias
P08970	869-880	ECO:0000256|SAM:MobiDB-lite	Basic and acidic residues	compositional_bias
P08970	891-941	ECO:0000256|SAM:MobiDB-lite	Basic and acidic residues	compositional_bias
P08985	1-12	ECO:0000256|SAM:MobiDB-lite	Basic and acidic residues	compositional_bias
P09052	1-10	ECO:0000256|SAM:MobiDB-lite	Acidic residues	compositional_bias
P09052	131-172	ECO:0000256|SAM:MobiDB-lite	Basic and acidic residues	compositional_bias
P09052	38-52	ECO:0000256|SAM:MobiDB-lite	Gly residues	compositional_bias
P09052	60-83	ECO:0000256|SAM:MobiDB-lite	Gly residues	compositional_bias
P09052	85-95	ECO:0000256|SAM:MobiDB-lite	Basic and acidic residues	compositional_bias
P09052	96-129	ECO:0000256|SAM:MobiDB-lite	Gly residues	compositional_bias
P09077	186-203	ECO:0000256|SAM:MobiDB-lite	Low complexity	compositional_bias
P09077	38-64	ECO:0000256|SAM:MobiDB-lite	Gly residues	compositional_bias
P09081	14-40	ECO:0000256|SAM:MobiDB-lite	Basic residues	compositional_bias
P09081	154-163	ECO:0000256|SAM:MobiDB-lite	Basic and acidic residues	compositional_bias
P09082	142-156	ECO:0000256|SAM:MobiDB-lite	Low complexity	compositional_bias
P09082	167-176	ECO:0000256|SAM:MobiDB-lite	Acidic residues	compositional_bias
P09082	253-267	ECO:0000256|SAM:MobiDB-lite	Low complexity	compositional_bias
P09082	300-317	ECO:0000256|SAM:MobiDB-lite	Low complexity	compositional_bias
P09082	318-336	ECO:0000256|SAM:MobiDB-lite	Polar residues	compositional_bias
P09083	141-154	ECO:0000256|SAM:MobiDB-lite	Basic and acidic residues	compositional_bias
P09083	306-320	ECO:0000256|SAM:MobiDB-lite	Low complexity	compositional_bias
P09085	116-129	ECO:0000256|SAM:MobiDB-lite	Low complexity	compositional_bias
P09085	145-164	ECO:0000256|SAM:MobiDB-lite	Gly residues	compositional_bias
P09085	183-195	ECO:0000256|SAM:MobiDB-lite	Polar residues	compositional_bias
P09085	209-243	ECO:0000256|SAM:MobiDB-lite	Low complexity	compositional_bias
P09087	1-29	ECO:0000256|SAM:MobiDB-lite	Low complexity	compositional_bias
P09087	105-134	ECO:0000256|SAM:MobiDB-lite	Low complexity	compositional_bias
P09087	144-153	ECO:0000256|SAM:MobiDB-lite	Polar residues	compositional_bias
P09087	154-173	ECO:0000256|SAM:MobiDB-lite	Low complexity	compositional_bias
P09087	174-184	ECO:0000256|SAM:MobiDB-lite	Polar residues	compositional_bias
P09087	30-39	ECO:0000256|SAM:MobiDB-lite	Basic residues	compositional_bias
P09087	329-345	ECO:0000256|SAM:MobiDB-lite	Low complexity	compositional_bias
P09087	447-475	ECO:0000256|SAM:MobiDB-lite	Low complexity	compositional_bias
P09087	54-95	ECO:0000256|SAM:MobiDB-lite	Low complexity	compositional_bias
P09089	148-157	ECO:0000256|SAM:MobiDB-lite	Basic and acidic residues	compositional_bias
P09089	210-223	ECO:0000256|SAM:MobiDB-lite	Polar residues	compositional_bias
P09089	248-267	ECO:0000256|SAM:MobiDB-lite	Low complexity	compositional_bias
P09089	48-83	ECO:0000256|SAM:MobiDB-lite	Polar residues	compositional_bias
P09208	174-199	ECO:0000256|SAM:MobiDB-lite	Basic residues	compositional_bias
P09208	1849-1860	ECO:0000256|SAM:MobiDB-lite	Low complexity	compositional_bias
P09208	1894-1916	ECO:0000256|SAM:MobiDB-lite	Low complexity	compositional_bias
P09208	2042-2062	ECO:0000256|SAM:MobiDB-lite	Acidic residues	compositional_bias
P09208	2063-2073	ECO:0000256|SAM:MobiDB-lite	Basic and acidic residues	compositional_bias
P09208	2084-2120	ECO:0000256|SAM:MobiDB-lite	Polar residues	compositional_bias
P09208	232-242	ECO:0000256|SAM:MobiDB-lite	Low complexity	compositional_bias
P09774	165-184	ECO:0000256|SAM:MobiDB-lite	Low complexity	compositional_bias
P09774	193-213	ECO:0000256|SAM:MobiDB-lite	Low complexity	compositional_bias
P09775	75-86	ECO:0000256|SAM:MobiDB-lite	Polar residues	compositional_bias
P09956	1-26	ECO:0000256|SAM:MobiDB-lite	Gly residues	compositional_bias
P09956	151-164	ECO:0000256|SAM:MobiDB-lite	Low complexity	compositional_bias
P09956	31-51	ECO:0000256|SAM:MobiDB-lite	Polar residues	compositional_bias
P10035	190-216	ECO:0000256|SAM:MobiDB-lite	Basic residues	compositional_bias
P10035	259-273	ECO:0000256|SAM:MobiDB-lite	Low complexity	compositional_bias
P10035	391-403	ECO:0000256|SAM:MobiDB-lite	Low complexity	compositional_bias
P10040	18-28	ECO:0000256|SAM:MobiDB-lite	Low complexity	compositional_bias
P10041	754-763	ECO:0000256|SAM:MobiDB-lite	Low complexity	compositional_bias
P10083	1-10	ECO:0000256|SAM:MobiDB-lite	Polar residues	compositional_bias
P10084	78-92	ECO:0000256|SAM:MobiDB-lite	Low complexity	compositional_bias
P10105	129-139	ECO:0000256|SAM:MobiDB-lite	Low complexity	compositional_bias
P10105	295-340	ECO:0000256|SAM:MobiDB-lite	Low complexity	compositional_bias
P10105	341-352	ECO:0000256|SAM:MobiDB-lite	Polar residues	compositional_bias
P10105	358-373	ECO:0000256|SAM:MobiDB-lite	Low complexity	compositional_bias
P10105	376-389	ECO:0000256|SAM:MobiDB-lite	Polar residues	compositional_bias
P10105	39-66	ECO:0000256|SAM:MobiDB-lite	Low complexity	compositional_bias
P10105	585-604	ECO:0000256|SAM:MobiDB-lite	Low complexity	compositional_bias
P10105	617-635	ECO:0000256|SAM:MobiDB-lite	Low complexity	compositional_bias
P10105	95-111	ECO:0000256|SAM:MobiDB-lite	Low complexity	compositional_bias
P10180	1009-1030	ECO:0000256|SAM:MobiDB-lite	Basic and acidic residues	compositional_bias
P10180	1062-1083	ECO:0000256|SAM:MobiDB-lite	Basic and acidic residues	compositional_bias
P10180	1249-1282	ECO:0000256|SAM:MobiDB-lite	Low complexity	compositional_bias
P10180	1507-1540	ECO:0000256|SAM:MobiDB-lite	Low complexity	compositional_bias
P10180	153-169	ECO:0000256|SAM:MobiDB-lite	Low complexity	compositional_bias
P10180	1564-1573	ECO:0000256|SAM:MobiDB-lite	Gly residues	compositional_bias
P10180	1709-1732	ECO:0000256|SAM:MobiDB-lite	Low complexity	compositional_bias
P10180	2126-2135	ECO:0000256|SAM:MobiDB-lite	Pro residues	compositional_bias
P10180	2136-2175	ECO:0000256|SAM:MobiDB-lite	Low complexity	compositional_bias
P10180	249-268	ECO:0000256|SAM:MobiDB-lite	Low complexity	compositional_bias
P10180	271-294	ECO:0000256|SAM:MobiDB-lite	Acidic residues	compositional_bias
P10180	309-320	ECO:0000256|SAM:MobiDB-lite	Polar residues	compositional_bias
P10180	344-359	ECO:0000256|SAM:MobiDB-lite	Low complexity	compositional_bias
P10180	360-374	ECO:0000256|SAM:MobiDB-lite	Polar residues	compositional_bias
P10180	384-415	ECO:0000256|SAM:MobiDB-lite	Low complexity	compositional_bias
P10180	503-515	ECO:0000256|SAM:MobiDB-lite	Low complexity	compositional_bias
P10180	546-568	ECO:0000256|SAM:MobiDB-lite	Acidic residues	compositional_bias
P10180	673-696	ECO:0000256|SAM:MobiDB-lite	Basic residues	compositional_bias
P10180	697-710	ECO:0000256|SAM:MobiDB-lite	Low complexity	compositional_bias
P10180	714-735	ECO:0000256|SAM:MobiDB-lite	Basic residues	compositional_bias
P10180	738-765	ECO:0000256|SAM:MobiDB-lite	Low complexity	compositional_bias
P10181	123-132	ECO:0000256|SAM:MobiDB-lite	Basic residues	compositional_bias
P10181	324-337	ECO:0000256|SAM:MobiDB-lite	Low complexity	compositional_bias
P10333	194-203	ECO:0000256|SAM:MobiDB-lite	Basic residues	compositional_bias
P10379	380-400	ECO:0000256|SAM:MobiDB-lite	Low complexity	compositional_bias
P10383	460-470	ECO:0000256|SAM:MobiDB-lite	Basic and acidic residues	compositional_bias
P10383	499-517	ECO:0000256|SAM:MobiDB-lite	Low complexity	compositional_bias
P10383	747-758	ECO:0000256|SAM:MobiDB-lite	Polar residues	compositional_bias
P10383	769-778	ECO:0000256|SAM:MobiDB-lite	Pro residues	compositional_bias
P10383	783-794	ECO:0000256|SAM:MobiDB-lite	Low complexity	compositional_bias
P10383	820-838	ECO:0000256|SAM:MobiDB-lite	Low complexity	compositional_bias
P10405	313-324	ECO:0000256|SAM:MobiDB-lite	Basic and acidic residues	compositional_bias
P10405	332-344	ECO:0000256|SAM:MobiDB-lite	Polar residues	compositional_bias
P10405	352-364	ECO:0000256|SAM:MobiDB-lite	Basic and acidic residues	compositional_bias
P10405	398-407	ECO:0000256|SAM:MobiDB-lite	Basic and acidic residues	compositional_bias
P10552	305-320	ECO:0000256|SAM:MobiDB-lite	Basic and acidic residues	compositional_bias
P10552	321-347	ECO:0000256|SAM:MobiDB-lite	Polar residues	compositional_bias
P10627	102-134	ECO:0000256|SAM:MobiDB-lite	Low complexity	compositional_bias
P10627	244-263	ECO:0000256|SAM:MobiDB-lite	Low complexity	compositional_bias
P10627	339-351	ECO:0000256|SAM:MobiDB-lite	Basic residues	compositional_bias
P10627	54-68	ECO:0000256|SAM:MobiDB-lite	Basic residues	compositional_bias
P10676	1326-1335	ECO:0000256|SAM:MobiDB-lite	Pro residues	compositional_bias
P10676	1336-1358	ECO:0000256|SAM:MobiDB-lite	Low complexity	compositional_bias
P10676	1405-1414	ECO:0000256|SAM:MobiDB-lite	Basic and acidic residues	compositional_bias
P10676	1449-1463	ECO:0000256|SAM:MobiDB-lite	Polar residues	compositional_bias
P10734	112-126	ECO:0000256|SAM:MobiDB-lite	Low complexity	compositional_bias
P10734	225-237	ECO:0000256|SAM:MobiDB-lite	Polar residues	compositional_bias
P10734	338-349	ECO:0000256|SAM:MobiDB-lite	Polar residues	compositional_bias
P10734	375-393	ECO:0000256|SAM:MobiDB-lite	Low complexity	compositional_bias
P11046	1693-1708	ECO:0000256|SAM:MobiDB-lite	Polar residues	compositional_bias
P11046	1709-1719	ECO:0000256|SAM:MobiDB-lite	Basic and acidic residues	compositional_bias
P11147	621-630	ECO:0000256|SAM:MobiDB-lite	Gly residues	compositional_bias
P11346	311-328	ECO:0000256|SAM:MobiDB-lite	Low complexity	compositional_bias
P11346	380-393	ECO:0000256|SAM:MobiDB-lite	Polar residues	compositional_bias
P11346	401-410	ECO:0000256|SAM:MobiDB-lite	Basic and acidic residues	compositional_bias
P11420	177-195	ECO:0000256|SAM:MobiDB-lite	Low complexity	compositional_bias
P11420	196-212	ECO:0000256|SAM:MobiDB-lite	Polar residues	compositional_bias
P11420	231-243	ECO:0000256|SAM:MobiDB-lite	Low complexity	compositional_bias
P11420	252-262	ECO:0000256|SAM:MobiDB-lite	Polar residues	compositional_bias
P11420	318-332	ECO:0000256|SAM:MobiDB-lite	Gly residues	compositional_bias
P11420	492-502	ECO:0000256|SAM:MobiDB-lite	Low complexity	compositional_bias
P11420	506-525	ECO:0000256|SAM:MobiDB-lite	Polar residues	compositional_bias
P11420	646-687	ECO:0000256|SAM:MobiDB-lite	Polar residues	compositional_bias
P11420	688-710	ECO:0000256|SAM:MobiDB-lite	Low complexity	compositional_bias
P11449	23-36	ECO:0000256|SAM:MobiDB-lite	Low complexity	compositional_bias
P11450	106-118	ECO:0000256|SAM:MobiDB-lite	Low complexity	compositional_bias
P11450	128-140	ECO:0000256|SAM:MobiDB-lite	Polar residues	compositional_bias
P11450	141-156	ECO:0000256|SAM:MobiDB-lite	Low complexity	compositional_bias
P11536	19-65	ECO:0000256|SAM:MobiDB-lite	Low complexity	compositional_bias
P11536	198-207	ECO:0000256|SAM:MobiDB-lite	Basic and acidic residues	compositional_bias
P11536	223-239	ECO:0000256|SAM:MobiDB-lite	Polar residues	compositional_bias
P11536	241-264	ECO:0000256|SAM:MobiDB-lite	Acidic residues	compositional_bias
P11536	362-378	ECO:0000256|SAM:MobiDB-lite	Low complexity	compositional_bias
P11536	407-418	ECO:0000256|SAM:MobiDB-lite	Low complexity	compositional_bias
P11536	428-437	ECO:0000256|SAM:MobiDB-lite	Low complexity	compositional_bias
P11536	477-491	ECO:0000256|SAM:MobiDB-lite	Low complexity	compositional_bias
P11536	563-576	ECO:0000256|SAM:MobiDB-lite	Gly residues	compositional_bias
P11536	612-671	ECO:0000256|SAM:MobiDB-lite	Low complexity	compositional_bias
P11536	672-688	ECO:0000256|SAM:MobiDB-lite	Basic residues	compositional_bias
P11536	74-83	ECO:0000256|SAM:MobiDB-lite	Low complexity	compositional_bias
P11536	96-119	ECO:0000256|SAM:MobiDB-lite	Basic and acidic residues	compositional_bias
P11596	1-17	ECO:0000256|SAM:MobiDB-lite	Basic and acidic residues	compositional_bias
P11596	163-172	ECO:0000256|SAM:MobiDB-lite	Pro residues	compositional_bias
P11596	24-39	ECO:0000256|SAM:MobiDB-lite	Basic and acidic residues	compositional_bias
P11596	58-75	ECO:0000256|SAM:MobiDB-lite	Basic residues	compositional_bias
P11596	84-127	ECO:0000256|SAM:MobiDB-lite	Basic residues	compositional_bias
P11929	168-177	ECO:0000256|SAM:MobiDB-lite	Polar residues	compositional_bias
P11929	527-537	ECO:0000256|SAM:MobiDB-lite	Basic and acidic residues	compositional_bias
P11929	547-563	ECO:0000256|SAM:MobiDB-lite	Basic and acidic residues	compositional_bias
P11929	616-634	ECO:0000256|SAM:MobiDB-lite	Basic and acidic residues	compositional_bias
P11929	822-845	ECO:0000256|SAM:MobiDB-lite	Polar residues	compositional_bias
P11929	846-860	ECO:0000256|SAM:MobiDB-lite	Low complexity	compositional_bias
P11929	894-913	ECO:0000256|SAM:MobiDB-lite	Polar residues	compositional_bias
P12080	1007-1021	ECO:0000256|SAM:MobiDB-lite	Low complexity	compositional_bias
P12080	1060-1071	ECO:0000256|SAM:MobiDB-lite	Low complexity	compositional_bias
P12080	1082-1099	ECO:0000256|SAM:MobiDB-lite	Polar residues	compositional_bias
P12080	1162-1182	ECO:0000256|SAM:MobiDB-lite	Low complexity	compositional_bias
P12080	1217-1226	ECO:0000256|SAM:MobiDB-lite	Low complexity	compositional_bias
P12080	963-979	ECO:0000256|SAM:MobiDB-lite	Basic and acidic residues	compositional_bias
P12080	997-1006	ECO:0000256|SAM:MobiDB-lite	Polar residues	compositional_bias
P12252	1007-1024	ECO:0000256|SAM:MobiDB-lite	Acidic residues	compositional_bias
P12252	1025-1042	ECO:0000256|SAM:MobiDB-lite	Low complexity	compositional_bias
P12252	1043-1054	ECO:0000256|SAM:MobiDB-lite	Gly residues	compositional_bias
P12252	1060-1070	ECO:0000256|SAM:MobiDB-lite	Polar residues	compositional_bias
P12252	166-210	ECO:0000256|SAM:MobiDB-lite	Low complexity	compositional_bias
P12252	488-506	ECO:0000256|SAM:MobiDB-lite	Polar residues	compositional_bias
P12252	51-69	ECO:0000256|SAM:MobiDB-lite	Low complexity	compositional_bias
P12252	70-84	ECO:0000256|SAM:MobiDB-lite	Polar residues	compositional_bias
P12297	300-317	ECO:0000256|SAM:MobiDB-lite	Basic and acidic residues	compositional_bias
P12297	364-375	ECO:0000256|SAM:MobiDB-lite	Polar residues	compositional_bias
P12297	407-418	ECO:0000256|SAM:MobiDB-lite	Basic and acidic residues	compositional_bias
P12297	458-468	ECO:0000256|SAM:MobiDB-lite	Basic and acidic residues	compositional_bias
P12297	637-651	ECO:0000256|SAM:MobiDB-lite	Polar residues	compositional_bias
P12297	652-662	ECO:0000256|SAM:MobiDB-lite	Basic and acidic residues	compositional_bias
P12297	718-727	ECO:0000256|SAM:MobiDB-lite	Low complexity	compositional_bias
P12297	768-778	ECO:0000256|SAM:MobiDB-lite	Acidic residues	compositional_bias
P12297	787-796	ECO:0000256|SAM:MobiDB-lite	Polar residues	compositional_bias
P12297	799-809	ECO:0000256|SAM:MobiDB-lite	Pro residues	compositional_bias
P12297	820-830	ECO:0000256|SAM:MobiDB-lite	Low complexity	compositional_bias
P12297	831-847	ECO:0000256|SAM:MobiDB-lite	Basic residues	compositional_bias
P12297	848-858	ECO:0000256|SAM:MobiDB-lite	Low complexity	compositional_bias
P12297	861-870	ECO:0000256|SAM:MobiDB-lite	Basic residues	compositional_bias
P12297	882-913	ECO:0000256|SAM:MobiDB-lite	Basic residues	compositional_bias
P12297	934-944	ECO:0000256|SAM:MobiDB-lite	Basic and acidic residues	compositional_bias
P12297	945-963	ECO:0000256|SAM:MobiDB-lite	Basic residues	compositional_bias
P12428	236-248	ECO:0000256|SAM:MobiDB-lite	Low complexity	compositional_bias
P12881	235-249	ECO:0000256|SAM:MobiDB-lite	Basic and acidic residues	compositional_bias
P13002	445-488	ECO:0000256|SAM:MobiDB-lite	Low complexity	compositional_bias
P13002	520-532	ECO:0000256|SAM:MobiDB-lite	Basic and acidic residues	compositional_bias
P13002	533-546	ECO:0000256|SAM:MobiDB-lite	Low complexity	compositional_bias
P13002	567-596	ECO:0000256|SAM:MobiDB-lite	Low complexity	compositional_bias
P13002	59-68	ECO:0000256|SAM:MobiDB-lite	Gly residues	compositional_bias
P13002	626-642	ECO:0000256|SAM:MobiDB-lite	Gly residues	compositional_bias
P13002	749-772	ECO:0000256|SAM:MobiDB-lite	Low complexity	compositional_bias
P13002	853-877	ECO:0000256|SAM:MobiDB-lite	Polar residues	compositional_bias
P13054	120-134	ECO:0000256|SAM:MobiDB-lite	Gly residues	compositional_bias
P13054	200-223	ECO:0000256|SAM:MobiDB-lite	Low complexity	compositional_bias
P13054	232-247	ECO:0000256|SAM:MobiDB-lite	Low complexity	compositional_bias
P13054	248-260	ECO:0000256|SAM:MobiDB-lite	Gly residues	compositional_bias
P13054	370-381	ECO:0000256|SAM:MobiDB-lite	Polar residues	compositional_bias
P13054	420-432	ECO:0000256|SAM:MobiDB-lite	Polar residues	compositional_bias
P13054	433-443	ECO:0000256|SAM:MobiDB-lite	Basic and acidic residues	compositional_bias
P13054	480-491	ECO:0000256|SAM:MobiDB-lite	Basic and acidic residues	compositional_bias
P13054	502-519	ECO:0000256|SAM:MobiDB-lite	Low complexity	compositional_bias
P13054	520-541	ECO:0000256|SAM:MobiDB-lite	Acidic residues	compositional_bias
P13054	542-556	ECO:0000256|SAM:MobiDB-lite	Basic and acidic residues	compositional_bias
P13054	567-579	ECO:0000256|SAM:MobiDB-lite	Polar residues	compositional_bias
P13054	580-599	ECO:0000256|SAM:MobiDB-lite	Low complexity	compositional_bias
P13055	1-14	ECO:0000256|SAM:MobiDB-lite	Low complexity	compositional_bias
P13055	1005-1017	ECO:0000256|SAM:MobiDB-lite	Low complexity	compositional_bias
P13055	1044-1058	ECO:0000256|SAM:MobiDB-lite	Low complexity	compositional_bias
P13055	1110-1155	ECO:0000256|SAM:MobiDB-lite	Low complexity	compositional_bias
P13055	1163-1174	ECO:0000256|SAM:MobiDB-lite	Low complexity	compositional_bias
P13055	1206-1219	ECO:0000256|SAM:MobiDB-lite	Polar residues	compositional_bias
P13055	1231-1253	ECO:0000256|SAM:MobiDB-lite	Polar residues	compositional_bias
P13055	124-133	ECO:0000256|SAM:MobiDB-lite	Polar residues	compositional_bias
P13055	1254-1290	ECO:0000256|SAM:MobiDB-lite	Low complexity	compositional_bias
P13055	1299-1317	ECO:0000256|SAM:MobiDB-lite	Low complexity	compositional_bias
P13055	135-150	ECO:0000256|SAM:MobiDB-lite	Low complexity	compositional_bias
P13055	1372-1400	ECO:0000256|SAM:MobiDB-lite	Low complexity	compositional_bias
P13055	15-25	ECO:0000256|SAM:MobiDB-lite	Gly residues	compositional_bias
P13055	151-164	ECO:0000256|SAM:MobiDB-lite	Polar residues	compositional_bias
P13055	177-203	ECO:0000256|SAM:MobiDB-lite	Low complexity	compositional_bias
P13055	266-284	ECO:0000256|SAM:MobiDB-lite	Pro residues	compositional_bias
P13055	32-57	ECO:0000256|SAM:MobiDB-lite	Basic and acidic residues	compositional_bias
P13055	323-371	ECO:0000256|SAM:MobiDB-lite	Low complexity	compositional_bias
P13055	378-403	ECO:0000256|SAM:MobiDB-lite	Low complexity	compositional_bias
P13055	417-447	ECO:0000256|SAM:MobiDB-lite	Low complexity	compositional_bias
P13055	58-68	ECO:0000256|SAM:MobiDB-lite	Low complexity	compositional_bias
P13055	69-81	ECO:0000256|SAM:MobiDB-lite	Polar residues	compositional_bias
P13055	854-866	ECO:0000256|SAM:MobiDB-lite	Low complexity	compositional_bias
P13055	87-96	ECO:0000256|SAM:MobiDB-lite	Low complexity	compositional_bias
P13096	135-165	ECO:0000256|SAM:MobiDB-lite	Polar residues	compositional_bias
P13096	169-178	ECO:0000256|SAM:MobiDB-lite	Basic and acidic residues	compositional_bias
P13217	1007-1030	ECO:0000256|SAM:MobiDB-lite	Basic and acidic residues	compositional_bias
P13217	500-523	ECO:0000256|SAM:MobiDB-lite	Low complexity	compositional_bias
P13217	852-863	ECO:0000256|SAM:MobiDB-lite	Basic and acidic residues	compositional_bias
P13360	117-126	ECO:0000256|SAM:MobiDB-lite	Low complexity	compositional_bias
P13360	200-237	ECO:0000256|SAM:MobiDB-lite	Low complexity	compositional_bias
P13360	414-427	ECO:0000256|SAM:MobiDB-lite	Acidic residues	compositional_bias
P13360	572-581	ECO:0000256|SAM:MobiDB-lite	Low complexity	compositional_bias
P13360	582-604	ECO:0000256|SAM:MobiDB-lite	Gly residues	compositional_bias
P13368	1-10	ECO:0000256|SAM:MobiDB-lite	Polar residues	compositional_bias
P13368	11-20	ECO:0000256|SAM:MobiDB-lite	Basic and acidic residues	compositional_bias
P13368	189-208	ECO:0000256|SAM:MobiDB-lite	Basic and acidic residues	compositional_bias
P13368	2515-2527	ECO:0000256|SAM:MobiDB-lite	Basic and acidic residues	compositional_bias
P13368	51-70	ECO:0000256|SAM:MobiDB-lite	Low complexity	compositional_bias
P13468	1-13	ECO:0000256|SAM:MobiDB-lite	Polar residues	compositional_bias
P13468	14-50	ECO:0000256|SAM:MobiDB-lite	Low complexity	compositional_bias
P13468	142-193	ECO:0000256|SAM:MobiDB-lite	Low complexity	compositional_bias
P13468	194-214	ECO:0000256|SAM:MobiDB-lite	Polar residues	compositional_bias
P13468	225-270	ECO:0000256|SAM:MobiDB-lite	Pro residues	compositional_bias
P13468	282-291	ECO:0000256|SAM:MobiDB-lite	Pro residues	compositional_bias
P13468	430-441	ECO:0000256|SAM:MobiDB-lite	Basic and acidic residues	compositional_bias
P13468	85-94	ECO:0000256|SAM:MobiDB-lite	Polar residues	compositional_bias
P13469	123-135	ECO:0000256|SAM:MobiDB-lite	Acidic residues	compositional_bias
P13469	136-158	ECO:0000256|SAM:MobiDB-lite	Basic and acidic residues	compositional_bias
P13469	59-114	ECO:0000256|SAM:MobiDB-lite	Acidic residues	compositional_bias
P13496	103-138	ECO:0000256|SAM:MobiDB-lite	Low complexity	compositional_bias
P13496	161-177	ECO:0000256|SAM:MobiDB-lite	Low complexity	compositional_bias
P13709	1017-1027	ECO:0000256|SAM:MobiDB-lite	Basic residues	compositional_bias
P13709	1028-1046	ECO:0000256|SAM:MobiDB-lite	Basic and acidic residues	compositional_bias
P13709	1079-1100	ECO:0000256|SAM:MobiDB-lite	Low complexity	compositional_bias
P13709	1121-1131	ECO:0000256|SAM:MobiDB-lite	Polar residues	compositional_bias
P13709	1222-1232	ECO:0000256|SAM:MobiDB-lite	Polar residues	compositional_bias
P13709	1645-1665	ECO:0000256|SAM:MobiDB-lite	Low complexity	compositional_bias
P13709	1680-1708	ECO:0000256|SAM:MobiDB-lite	Basic and acidic residues	compositional_bias
P13709	1716-1728	ECO:0000256|SAM:MobiDB-lite	Low complexity	compositional_bias
P13709	1745-1760	ECO:0000256|SAM:MobiDB-lite	Low complexity	compositional_bias
P13709	177-209	ECO:0000256|SAM:MobiDB-lite	Low complexity	compositional_bias
P13709	1776-1791	ECO:0000256|SAM:MobiDB-lite	Basic and acidic residues	compositional_bias
P13709	1800-1813	ECO:0000256|SAM:MobiDB-lite	Low complexity	compositional_bias
P13709	1814-1828	ECO:0000256|SAM:MobiDB-lite	Gly residues	compositional_bias
P13709	1835-1856	ECO:0000256|SAM:MobiDB-lite	Gly residues	compositional_bias
P13709	1857-1884	ECO:0000256|SAM:MobiDB-lite	Low complexity	compositional_bias
P13709	1885-1915	ECO:0000256|SAM:MobiDB-lite	Gly residues	compositional_bias
P13709	1986-1997	ECO:0000256|SAM:MobiDB-lite	Low complexity	compositional_bias
P13709	1998-2017	ECO:0000256|SAM:MobiDB-lite	Basic and acidic residues	compositional_bias
P13709	268-279	ECO:0000256|SAM:MobiDB-lite	Low complexity	compositional_bias
P13709	404-421	ECO:0000256|SAM:MobiDB-lite	Polar residues	compositional_bias
P13709	593-619	ECO:0000256|SAM:MobiDB-lite	Basic residues	compositional_bias
P13709	636-649	ECO:0000256|SAM:MobiDB-lite	Acidic residues	compositional_bias
P13709	681-694	ECO:0000256|SAM:MobiDB-lite	Basic residues	compositional_bias
P13709	711-735	ECO:0000256|SAM:MobiDB-lite	Gly residues	compositional_bias
P13709	910-927	ECO:0000256|SAM:MobiDB-lite	Gly residues	compositional_bias
P14003	263-301	ECO:0000256|SAM:MobiDB-lite	Low complexity	compositional_bias
P14083	294-303	ECO:0000256|SAM:MobiDB-lite	Basic and acidic residues	compositional_bias
P14083	315-324	ECO:0000256|SAM:MobiDB-lite	Basic residues	compositional_bias
P14083	365-380	ECO:0000256|SAM:MobiDB-lite	Polar residues	compositional_bias
P14083	383-412	ECO:0000256|SAM:MobiDB-lite	Basic and acidic residues	compositional_bias
P14083	413-432	ECO:0000256|SAM:MobiDB-lite	Acidic residues	compositional_bias
P14083	433-443	ECO:0000256|SAM:MobiDB-lite	Basic and acidic residues	compositional_bias
P14083	445-454	ECO:0000256|SAM:MobiDB-lite	Low complexity	compositional_bias
P14083	636-651	ECO:0000256|SAM:MobiDB-lite	Gly residues	compositional_bias
P14083	65-75	ECO:0000256|SAM:MobiDB-lite	Pro residues	compositional_bias
P14083	703-714	ECO:0000256|SAM:MobiDB-lite	Pro residues	compositional_bias
P14083	768-777	ECO:0000256|SAM:MobiDB-lite	Basic residues	compositional_bias
P14083	866-881	ECO:0000256|SAM:MobiDB-lite	Basic and acidic residues	compositional_bias
P14083	882-897	ECO:0000256|SAM:MobiDB-lite	Low complexity	compositional_bias
P14083	912-925	ECO:0000256|SAM:MobiDB-lite	Low complexity	compositional_bias
P14199	276-291	ECO:0000256|SAM:MobiDB-lite	Basic and acidic residues	compositional_bias
P14199	305-319	ECO:0000256|SAM:MobiDB-lite	Polar residues	compositional_bias
P14199	375-391	ECO:0000256|SAM:MobiDB-lite	Low complexity	compositional_bias
P14199	397-417	ECO:0000256|SAM:MobiDB-lite	Polar residues	compositional_bias
P14199	511-536	ECO:0000256|SAM:MobiDB-lite	Low complexity	compositional_bias
P14484	147-160	ECO:0000256|SAM:MobiDB-lite	Polar residues	compositional_bias
P14484	175-184	ECO:0000256|SAM:MobiDB-lite	Basic residues	compositional_bias
P14599	246-267	ECO:0000256|SAM:MobiDB-lite	Acidic residues	compositional_bias
P14599	268-292	ECO:0000256|SAM:MobiDB-lite	Low complexity	compositional_bias
P14599	293-321	ECO:0000256|SAM:MobiDB-lite	Acidic residues	compositional_bias
P14599	329-352	ECO:0000256|SAM:MobiDB-lite	Low complexity	compositional_bias
P14599	681-699	ECO:0000256|SAM:MobiDB-lite	Low complexity	compositional_bias
P14734	20-39	ECO:0000256|SAM:MobiDB-lite	Gly residues	compositional_bias
P14734	341-356	ECO:0000256|SAM:MobiDB-lite	Basic residues	compositional_bias
P14734	47-60	ECO:0000256|SAM:MobiDB-lite	Low complexity	compositional_bias
P14773	71-82	ECO:0000256|SAM:MobiDB-lite	Polar residues	compositional_bias
P15278	400-409	ECO:0000256|SAM:MobiDB-lite	Low complexity	compositional_bias
P15278	425-437	ECO:0000256|SAM:MobiDB-lite	Low complexity	compositional_bias
P15330	402-424	ECO:0000256|SAM:MobiDB-lite	Low complexity	compositional_bias
P15330	677-686	ECO:0000256|SAM:MobiDB-lite	Pro residues	compositional_bias
P15330	710-719	ECO:0000256|SAM:MobiDB-lite	Basic and acidic residues	compositional_bias
P15330	720-734	ECO:0000256|SAM:MobiDB-lite	Polar residues	compositional_bias
P15330	819-829	ECO:0000256|SAM:MobiDB-lite	Low complexity	compositional_bias
P15330	836-851	ECO:0000256|SAM:MobiDB-lite	Low complexity	compositional_bias
P15348	1081-1094	ECO:0000256|SAM:MobiDB-lite	Acidic residues	compositional_bias
P15348	1255-1281	ECO:0000256|SAM:MobiDB-lite	Basic and acidic residues	compositional_bias
P15348	1283-1293	ECO:0000256|SAM:MobiDB-lite	Acidic residues	compositional_bias
P15348	1310-1325	ECO:0000256|SAM:MobiDB-lite	Basic and acidic residues	compositional_bias
P15348	1332-1359	ECO:0000256|SAM:MobiDB-lite	Basic and acidic residues	compositional_bias
P15348	1374-1394	ECO:0000256|SAM:MobiDB-lite	Acidic residues	compositional_bias
P15348	1395-1408	ECO:0000256|SAM:MobiDB-lite	Basic and acidic residues	compositional_bias
P15348	1413-1423	ECO:0000256|SAM:MobiDB-lite	Basic residues	compositional_bias
P15348	1427-1447	ECO:0000256|SAM:MobiDB-lite	Acidic residues	compositional_bias
P15370	126-140	ECO:0000256|SAM:MobiDB-lite	Polar residues	compositional_bias
P15370	189-200	ECO:0000256|SAM:MobiDB-lite	Polar residues	compositional_bias
P15370	219-228	ECO:0000256|SAM:MobiDB-lite	Polar residues	compositional_bias
P15619	1-17	ECO:0000256|SAM:MobiDB-lite	Basic and acidic residues	compositional_bias
P15619	146-164	ECO:0000256|SAM:MobiDB-lite	Polar residues	compositional_bias
P15619	630-648	ECO:0000256|SAM:MobiDB-lite	Low complexity	compositional_bias
P16163	23-32	ECO:0000256|SAM:MobiDB-lite	Basic and acidic residues	compositional_bias
P16241	49-66	ECO:0000256|SAM:MobiDB-lite	Low complexity	compositional_bias
P16241	67-77	ECO:0000256|SAM:MobiDB-lite	Gly residues	compositional_bias
P16320	724-736	ECO:0000256|SAM:MobiDB-lite	Acidic residues	compositional_bias
P16320	737-749	ECO:0000256|SAM:MobiDB-lite	Basic and acidic residues	compositional_bias
P16371	198-233	ECO:0000256|SAM:MobiDB-lite	Basic and acidic residues	compositional_bias
P16371	254-283	ECO:0000256|SAM:MobiDB-lite	Basic and acidic residues	compositional_bias
P16371	296-308	ECO:0000256|SAM:MobiDB-lite	Low complexity	compositional_bias
P16371	322-345	ECO:0000256|SAM:MobiDB-lite	Low complexity	compositional_bias
P16371	353-362	ECO:0000256|SAM:MobiDB-lite	Low complexity	compositional_bias
P16371	366-382	ECO:0000256|SAM:MobiDB-lite	Pro residues	compositional_bias
P16375	122-141	ECO:0000256|SAM:MobiDB-lite	Gly residues	compositional_bias
P16375	158-170	ECO:0000256|SAM:MobiDB-lite	Polar residues	compositional_bias
P16375	171-191	ECO:0000256|SAM:MobiDB-lite	Low complexity	compositional_bias
P16375	56-68	ECO:0000256|SAM:MobiDB-lite	Low complexity	compositional_bias
P16375	83-101	ECO:0000256|SAM:MobiDB-lite	Polar residues	compositional_bias
P16376	122-141	ECO:0000256|SAM:MobiDB-lite	Gly residues	compositional_bias
P16376	158-170	ECO:0000256|SAM:MobiDB-lite	Polar residues	compositional_bias
P16376	171-191	ECO:0000256|SAM:MobiDB-lite	Low complexity	compositional_bias
P16376	56-68	ECO:0000256|SAM:MobiDB-lite	Low complexity	compositional_bias
P16376	592-605	ECO:0000256|SAM:MobiDB-lite	Polar residues	compositional_bias
P16376	606-645	ECO:0000256|SAM:MobiDB-lite	Low complexity	compositional_bias
P16376	83-101	ECO:0000256|SAM:MobiDB-lite	Polar residues	compositional_bias
P16395	27-43	ECO:0000256|SAM:MobiDB-lite	Low complexity	compositional_bias
P16395	308-318	ECO:0000256|SAM:MobiDB-lite	Basic and acidic residues	compositional_bias
P16395	341-353	ECO:0000256|SAM:MobiDB-lite	Basic and acidic residues	compositional_bias
P16395	507-525	ECO:0000256|SAM:MobiDB-lite	Low complexity	compositional_bias
P16423	183-195	ECO:0000256|SAM:MobiDB-lite	Polar residues	compositional_bias
P16424	27-39	ECO:0000256|SAM:MobiDB-lite	Low complexity	compositional_bias
P16424	40-50	ECO:0000256|SAM:MobiDB-lite	Basic residues	compositional_bias
P16554	40-52	ECO:0000256|SAM:MobiDB-lite	Basic and acidic residues	compositional_bias
P16554	7-26	ECO:0000256|SAM:MobiDB-lite	Basic and acidic residues	compositional_bias
P16568	757-767	ECO:0000256|SAM:MobiDB-lite	Polar residues	compositional_bias
P16568	768-782	ECO:0000256|SAM:MobiDB-lite	Low complexity	compositional_bias
P16621	1346-1358	ECO:0000256|SAM:MobiDB-lite	Basic and acidic residues	compositional_bias
P16909	149-190	ECO:0000256|SAM:MobiDB-lite	Basic residues	compositional_bias
P16909	197-215	ECO:0000256|SAM:MobiDB-lite	Basic residues	compositional_bias
P16912	108-162	ECO:0000256|SAM:MobiDB-lite	Low complexity	compositional_bias
P16912	163-176	ECO:0000256|SAM:MobiDB-lite	Acidic residues	compositional_bias
P16912	181-200	ECO:0000256|SAM:MobiDB-lite	Low complexity	compositional_bias
P16912	205-219	ECO:0000256|SAM:MobiDB-lite	Acidic residues	compositional_bias
P16912	221-234	ECO:0000256|SAM:MobiDB-lite	Basic and acidic residues	compositional_bias
P16912	235-256	ECO:0000256|SAM:MobiDB-lite	Acidic residues	compositional_bias
P16912	52-69	ECO:0000256|SAM:MobiDB-lite	Polar residues	compositional_bias
P16912	98-107	ECO:0000256|SAM:MobiDB-lite	Polar residues	compositional_bias
P16914	120-144	ECO:0000256|SAM:MobiDB-lite	Low complexity	compositional_bias
P17133	191-200	ECO:0000256|SAM:MobiDB-lite	Gly residues	compositional_bias
P17133	206-234	ECO:0000256|SAM:MobiDB-lite	Basic and acidic residues	compositional_bias
P17133	262-272	ECO:0000256|SAM:MobiDB-lite	Basic and acidic residues	compositional_bias
P17133	281-293	ECO:0000256|SAM:MobiDB-lite	Basic residues	compositional_bias
P17133	294-320	ECO:0000256|SAM:MobiDB-lite	Basic and acidic residues	compositional_bias
P17133	346-376	ECO:0000256|SAM:MobiDB-lite	Basic and acidic residues	compositional_bias
P17133	426-448	ECO:0000256|SAM:MobiDB-lite	Polar residues	compositional_bias
P17671	1018-1040	ECO:0000256|SAM:MobiDB-lite	Polar residues	compositional_bias
P17671	1041-1077	ECO:0000256|SAM:MobiDB-lite	Low complexity	compositional_bias
P17671	1086-1104	ECO:0000256|SAM:MobiDB-lite	Low complexity	compositional_bias
P17671	1159-1187	ECO:0000256|SAM:MobiDB-lite	Low complexity	compositional_bias
P17671	139-149	ECO:0000256|SAM:MobiDB-lite	Low complexity	compositional_bias
P17671	162-172	ECO:0000256|SAM:MobiDB-lite	Low complexity	compositional_bias
P17671	641-653	ECO:0000256|SAM:MobiDB-lite	Low complexity	compositional_bias
P17671	792-804	ECO:0000256|SAM:MobiDB-lite	Low complexity	compositional_bias
P17671	831-845	ECO:0000256|SAM:MobiDB-lite	Low complexity	compositional_bias
P17671	897-942	ECO:0000256|SAM:MobiDB-lite	Low complexity	compositional_bias
P17671	950-961	ECO:0000256|SAM:MobiDB-lite	Low complexity	compositional_bias
P17671	993-1006	ECO:0000256|SAM:MobiDB-lite	Polar residues	compositional_bias
P17672	1053-1098	ECO:0000256|SAM:MobiDB-lite	Low complexity	compositional_bias
P17672	1106-1117	ECO:0000256|SAM:MobiDB-lite	Low complexity	compositional_bias
P17672	1149-1162	ECO:0000256|SAM:MobiDB-lite	Polar residues	compositional_bias
P17672	1174-1196	ECO:0000256|SAM:MobiDB-lite	Polar residues	compositional_bias
P17672	1197-1233	ECO:0000256|SAM:MobiDB-lite	Low complexity	compositional_bias
P17672	1242-1260	ECO:0000256|SAM:MobiDB-lite	Low complexity	compositional_bias
P17672	1315-1343	ECO:0000256|SAM:MobiDB-lite	Low complexity	compositional_bias
P17672	143-179	ECO:0000256|SAM:MobiDB-lite	Low complexity	compositional_bias
P17672	200-213	ECO:0000256|SAM:MobiDB-lite	Acidic residues	compositional_bias
P17672	218-228	ECO:0000256|SAM:MobiDB-lite	Polar residues	compositional_bias
P17672	254-264	ECO:0000256|SAM:MobiDB-lite	Polar residues	compositional_bias
P17672	308-321	ECO:0000256|SAM:MobiDB-lite	Low complexity	compositional_bias
P17672	330-344	ECO:0000256|SAM:MobiDB-lite	Low complexity	compositional_bias
P17672	66-76	ECO:0000256|SAM:MobiDB-lite	Basic residues	compositional_bias
P17672	77-91	ECO:0000256|SAM:MobiDB-lite	Low complexity	compositional_bias
P17672	797-809	ECO:0000256|SAM:MobiDB-lite	Low complexity	compositional_bias
P17672	948-960	ECO:0000256|SAM:MobiDB-lite	Low complexity	compositional_bias
P17672	987-1001	ECO:0000256|SAM:MobiDB-lite	Low complexity	compositional_bias
P17789	125-145	ECO:0000256|SAM:MobiDB-lite	Low complexity	compositional_bias
P17789	176-187	ECO:0000256|SAM:MobiDB-lite	Polar residues	compositional_bias
P17789	192-201	ECO:0000256|SAM:MobiDB-lite	Basic residues	compositional_bias
P17789	254-285	ECO:0000256|SAM:MobiDB-lite	Basic and acidic residues	compositional_bias
P17789	604-643	ECO:0000256|SAM:MobiDB-lite	Low complexity	compositional_bias
P17886	683-702	ECO:0000256|SAM:MobiDB-lite	Low complexity	compositional_bias
P17970	1-10	ECO:0000256|SAM:MobiDB-lite	Gly residues	compositional_bias
P17970	11-42	ECO:0000256|SAM:MobiDB-lite	Low complexity	compositional_bias
P17970	171-191	ECO:0000256|SAM:MobiDB-lite	Gly residues	compositional_bias
P17970	240-260	ECO:0000256|SAM:MobiDB-lite	Polar residues	compositional_bias
P17970	730-742	ECO:0000256|SAM:MobiDB-lite	Polar residues	compositional_bias
P17970	749-773	ECO:0000256|SAM:MobiDB-lite	Polar residues	compositional_bias
P17970	789-800	ECO:0000256|SAM:MobiDB-lite	Polar residues	compositional_bias
P17970	898-908	ECO:0000256|SAM:MobiDB-lite	Gly residues	compositional_bias
P17972	450-461	ECO:0000256|SAM:MobiDB-lite	Gly residues	compositional_bias
P18102	344-359	ECO:0000256|SAM:MobiDB-lite	Polar residues	compositional_bias
P18102	360-371	ECO:0000256|SAM:MobiDB-lite	Low complexity	compositional_bias
P18106	453-462	ECO:0000256|SAM:MobiDB-lite	Basic residues	compositional_bias
P18106	463-473	ECO:0000256|SAM:MobiDB-lite	Polar residues	compositional_bias
P18106	659-675	ECO:0000256|SAM:MobiDB-lite	Basic and acidic residues	compositional_bias
P18106	676-685	ECO:0000256|SAM:MobiDB-lite	Low complexity	compositional_bias
P18106	749-780	ECO:0000256|SAM:MobiDB-lite	Low complexity	compositional_bias
P18106	907-927	ECO:0000256|SAM:MobiDB-lite	Acidic residues	compositional_bias
P18168	1-10	ECO:0000256|SAM:MobiDB-lite	Basic residues	compositional_bias
P18168	11-22	ECO:0000256|SAM:MobiDB-lite	Polar residues	compositional_bias
P18168	32-44	ECO:0000256|SAM:MobiDB-lite	Basic residues	compositional_bias
P18169	1163-1178	ECO:0000256|SAM:MobiDB-lite	Acidic residues	compositional_bias
P18169	1194-1208	ECO:0000256|SAM:MobiDB-lite	Acidic residues	compositional_bias
P18169	268-280	ECO:0000256|SAM:MobiDB-lite	Low complexity	compositional_bias
P18169	32-41	ECO:0000256|SAM:MobiDB-lite	Polar residues	compositional_bias
P18169	828-839	ECO:0000256|SAM:MobiDB-lite	Acidic residues	compositional_bias
P18169	957-977	ECO:0000256|SAM:MobiDB-lite	Polar residues	compositional_bias
P18170	268-280	ECO:0000256|SAM:MobiDB-lite	Low complexity	compositional_bias
P18170	32-41	ECO:0000256|SAM:MobiDB-lite	Polar residues	compositional_bias
P18171	1119-1130	ECO:0000256|SAM:MobiDB-lite	Acidic residues	compositional_bias
P18171	1131-1148	ECO:0000256|SAM:MobiDB-lite	Basic and acidic residues	compositional_bias
P18171	1151-1195	ECO:0000256|SAM:MobiDB-lite	Low complexity	compositional_bias
P18171	1205-1221	ECO:0000256|SAM:MobiDB-lite	Polar residues	compositional_bias
P18171	1272-1288	ECO:0000256|SAM:MobiDB-lite	Basic and acidic residues	compositional_bias
P18171	1295-1306	ECO:0000256|SAM:MobiDB-lite	Acidic residues	compositional_bias
P18171	1307-1319	ECO:0000256|SAM:MobiDB-lite	Low complexity	compositional_bias
P18171	1435-1452	ECO:0000256|SAM:MobiDB-lite	Low complexity	compositional_bias
P18171	1493-1504	ECO:0000256|SAM:MobiDB-lite	Basic residues	compositional_bias
P18171	1505-1515	ECO:0000256|SAM:MobiDB-lite	Low complexity	compositional_bias
P18171	1554-1576	ECO:0000256|SAM:MobiDB-lite	Basic residues	compositional_bias
P18171	1577-1590	ECO:0000256|SAM:MobiDB-lite	Polar residues	compositional_bias
P18171	268-280	ECO:0000256|SAM:MobiDB-lite	Low complexity	compositional_bias
P18171	32-41	ECO:0000256|SAM:MobiDB-lite	Polar residues	compositional_bias
P18171	957-977	ECO:0000256|SAM:MobiDB-lite	Polar residues	compositional_bias
P18289	45-55	ECO:0000256|SAM:MobiDB-lite	Low complexity	compositional_bias
P18431	393-433	ECO:0000256|SAM:MobiDB-lite	Low complexity	compositional_bias
P18431	434-453	ECO:0000256|SAM:MobiDB-lite	Gly residues	compositional_bias
P18431	454-470	ECO:0000256|SAM:MobiDB-lite	Low complexity	compositional_bias
P18432	19-53	ECO:0000256|SAM:MobiDB-lite	Low complexity	compositional_bias
P18459	105-114	ECO:0000256|SAM:MobiDB-lite	Acidic residues	compositional_bias
P18475	676-687	ECO:0000256|SAM:MobiDB-lite	Basic and acidic residues	compositional_bias
P18488	161-176	ECO:0000256|SAM:MobiDB-lite	Polar residues	compositional_bias
P18488	208-239	ECO:0000256|SAM:MobiDB-lite	Low complexity	compositional_bias
P18488	248-262	ECO:0000256|SAM:MobiDB-lite	Low complexity	compositional_bias
P18488	35-50	ECO:0000256|SAM:MobiDB-lite	Polar residues	compositional_bias
P18488	470-497	ECO:0000256|SAM:MobiDB-lite	Acidic residues	compositional_bias
P18488	51-68	ECO:0000256|SAM:MobiDB-lite	Pro residues	compositional_bias
P18488	96-117	ECO:0000256|SAM:MobiDB-lite	Low complexity	compositional_bias
P18489	1-16	ECO:0000256|SAM:MobiDB-lite	Polar residues	compositional_bias
P18490	1008-1021	ECO:0000256|SAM:MobiDB-lite	Low complexity	compositional_bias
P18490	1587-1598	ECO:0000256|SAM:MobiDB-lite	Basic and acidic residues	compositional_bias
P18490	1607-1620	ECO:0000256|SAM:MobiDB-lite	Basic and acidic residues	compositional_bias
P18490	1639-1666	ECO:0000256|SAM:MobiDB-lite	Low complexity	compositional_bias
P18490	1725-1738	ECO:0000256|SAM:MobiDB-lite	Polar residues	compositional_bias
P18490	1799-1808	ECO:0000256|SAM:MobiDB-lite	Low complexity	compositional_bias
P18490	182-195	ECO:0000256|SAM:MobiDB-lite	Low complexity	compositional_bias
P18490	196-213	ECO:0000256|SAM:MobiDB-lite	Polar residues	compositional_bias
P18490	2346-2370	ECO:0000256|SAM:MobiDB-lite	Low complexity	compositional_bias
P18490	2389-2411	ECO:0000256|SAM:MobiDB-lite	Low complexity	compositional_bias
P18490	2437-2447	ECO:0000256|SAM:MobiDB-lite	Gly residues	compositional_bias
P18490	2449-2463	ECO:0000256|SAM:MobiDB-lite	Polar residues	compositional_bias
P18490	2940-2956	ECO:0000256|SAM:MobiDB-lite	Basic and acidic residues	compositional_bias
P18490	302-312	ECO:0000256|SAM:MobiDB-lite	Low complexity	compositional_bias
P18490	330-354	ECO:0000256|SAM:MobiDB-lite	Polar residues	compositional_bias
P18490	3310-3323	ECO:0000256|SAM:MobiDB-lite	Acidic residues	compositional_bias
P18490	3364-3377	ECO:0000256|SAM:MobiDB-lite	Low complexity	compositional_bias
P18490	3380-3406	ECO:0000256|SAM:MobiDB-lite	Acidic residues	compositional_bias
P18490	392-402	ECO:0000256|SAM:MobiDB-lite	Basic and acidic residues	compositional_bias
P18490	541-559	ECO:0000256|SAM:MobiDB-lite	Gly residues	compositional_bias
P18490	569-582	ECO:0000256|SAM:MobiDB-lite	Polar residues	compositional_bias
P18490	599-609	ECO:0000256|SAM:MobiDB-lite	Gly residues	compositional_bias
P18490	625-634	ECO:0000256|SAM:MobiDB-lite	Polar residues	compositional_bias
P18490	720-730	ECO:0000256|SAM:MobiDB-lite	Basic and acidic residues	compositional_bias
P18490	816-826	ECO:0000256|SAM:MobiDB-lite	Basic residues	compositional_bias
P18490	828-846	ECO:0000256|SAM:MobiDB-lite	Low complexity	compositional_bias
P18490	847-856	ECO:0000256|SAM:MobiDB-lite	Acidic residues	compositional_bias
P18491	161-182	ECO:0000256|SAM:MobiDB-lite	Low complexity	compositional_bias
P18502	1141-1152	ECO:0000256|SAM:MobiDB-lite	Polar residues	compositional_bias
P18502	1165-1191	ECO:0000256|SAM:MobiDB-lite	Polar residues	compositional_bias
P18502	1199-1216	ECO:0000256|SAM:MobiDB-lite	Low complexity	compositional_bias
P18502	1224-1235	ECO:0000256|SAM:MobiDB-lite	Pro residues	compositional_bias
P19018	13-22	ECO:0000256|SAM:MobiDB-lite	Basic residues	compositional_bias
P19018	191-206	ECO:0000256|SAM:MobiDB-lite	Basic residues	compositional_bias
P19018	207-234	ECO:0000256|SAM:MobiDB-lite	Basic and acidic residues	compositional_bias
P19018	23-33	ECO:0000256|SAM:MobiDB-lite	Low complexity	compositional_bias
P19018	235-250	ECO:0000256|SAM:MobiDB-lite	Basic residues	compositional_bias
P19018	47-61	ECO:0000256|SAM:MobiDB-lite	Basic residues	compositional_bias
P19018	71-85	ECO:0000256|SAM:MobiDB-lite	Basic and acidic residues	compositional_bias
P19109	137-171	ECO:0000256|SAM:MobiDB-lite	Basic and acidic residues	compositional_bias
P19109	172-188	ECO:0000256|SAM:MobiDB-lite	Gly residues	compositional_bias
P19109	194-205	ECO:0000256|SAM:MobiDB-lite	Basic and acidic residues	compositional_bias
P19109	206-226	ECO:0000256|SAM:MobiDB-lite	Gly residues	compositional_bias
P19109	701-711	ECO:0000256|SAM:MobiDB-lite	Gly residues	compositional_bias
P19109	99-108	ECO:0000256|SAM:MobiDB-lite	Basic and acidic residues	compositional_bias
P19334	1002-1022	ECO:0000256|SAM:MobiDB-lite	Basic and acidic residues	compositional_bias
P19334	1033-1049	ECO:0000256|SAM:MobiDB-lite	Low complexity	compositional_bias
P19334	1080-1098	ECO:0000256|SAM:MobiDB-lite	Basic and acidic residues	compositional_bias
P19334	1099-1118	ECO:0000256|SAM:MobiDB-lite	Low complexity	compositional_bias
P19334	1144-1239	ECO:0000256|SAM:MobiDB-lite	Basic and acidic residues	compositional_bias
P19334	955-964	ECO:0000256|SAM:MobiDB-lite	Low complexity	compositional_bias
P19334	972-982	ECO:0000256|SAM:MobiDB-lite	Low complexity	compositional_bias
P19351	1-16	ECO:0000256|SAM:MobiDB-lite	Acidic residues	compositional_bias
P19351	136-148	ECO:0000256|SAM:MobiDB-lite	Basic and acidic residues	compositional_bias
P19351	294-307	ECO:0000256|SAM:MobiDB-lite	Basic and acidic residues	compositional_bias
P19351	319-329	ECO:0000256|SAM:MobiDB-lite	Basic and acidic residues	compositional_bias
P19351	331-397	ECO:0000256|SAM:MobiDB-lite	Acidic residues	compositional_bias
P19351	37-77	ECO:0000256|SAM:MobiDB-lite	Basic and acidic residues	compositional_bias
P19351	84-129	ECO:0000256|SAM:MobiDB-lite	Basic and acidic residues	compositional_bias
P19538	657-669	ECO:0000256|SAM:MobiDB-lite	Low complexity	compositional_bias
P19538	807-832	ECO:0000256|SAM:MobiDB-lite	Polar residues	compositional_bias
P19538	839-848	ECO:0000256|SAM:MobiDB-lite	Polar residues	compositional_bias
P19538	849-863	ECO:0000256|SAM:MobiDB-lite	Low complexity	compositional_bias
P19889	280-290	ECO:0000256|SAM:MobiDB-lite	Low complexity	compositional_bias
P19889	291-302	ECO:0000256|SAM:MobiDB-lite	Basic and acidic residues	compositional_bias
P20009	231-249	ECO:0000256|SAM:MobiDB-lite	Low complexity	compositional_bias
P20009	266-275	ECO:0000256|SAM:MobiDB-lite	Basic and acidic residues	compositional_bias
P20009	276-286	ECO:0000256|SAM:MobiDB-lite	Pro residues	compositional_bias
P20105	214-223	ECO:0000256|SAM:MobiDB-lite	Low complexity	compositional_bias
P20105	224-237	ECO:0000256|SAM:MobiDB-lite	Gly residues	compositional_bias
P20105	308-324	ECO:0000256|SAM:MobiDB-lite	Low complexity	compositional_bias
P20105	353-364	ECO:0000256|SAM:MobiDB-lite	Low complexity	compositional_bias
P20105	374-383	ECO:0000256|SAM:MobiDB-lite	Low complexity	compositional_bias
P20105	423-437	ECO:0000256|SAM:MobiDB-lite	Low complexity	compositional_bias
P20105	509-522	ECO:0000256|SAM:MobiDB-lite	Gly residues	compositional_bias
P20105	558-617	ECO:0000256|SAM:MobiDB-lite	Low complexity	compositional_bias
P20105	618-634	ECO:0000256|SAM:MobiDB-lite	Basic residues	compositional_bias
P20153	192-224	ECO:0000256|SAM:MobiDB-lite	Gly residues	compositional_bias
P20153	24-35	ECO:0000256|SAM:MobiDB-lite	Polar residues	compositional_bias
P20153	57-90	ECO:0000256|SAM:MobiDB-lite	Low complexity	compositional_bias
P20193	1032-1055	ECO:0000256|SAM:MobiDB-lite	Low complexity	compositional_bias
P20193	1079-1091	ECO:0000256|SAM:MobiDB-lite	Polar residues	compositional_bias
P20193	1104-1114	ECO:0000256|SAM:MobiDB-lite	Polar residues	compositional_bias
P20193	1206-1224	ECO:0000256|SAM:MobiDB-lite	Low complexity	compositional_bias
P20193	132-141	ECO:0000256|SAM:MobiDB-lite	Polar residues	compositional_bias
P20193	164-175	ECO:0000256|SAM:MobiDB-lite	Acidic residues	compositional_bias
P20193	343-354	ECO:0000256|SAM:MobiDB-lite	Basic and acidic residues	compositional_bias
P20193	543-552	ECO:0000256|SAM:MobiDB-lite	Low complexity	compositional_bias
P20193	553-563	ECO:0000256|SAM:MobiDB-lite	Acidic residues	compositional_bias
P20193	657-679	ECO:0000256|SAM:MobiDB-lite	Acidic residues	compositional_bias
P20193	851-860	ECO:0000256|SAM:MobiDB-lite	Basic and acidic residues	compositional_bias
P20193	879-897	ECO:0000256|SAM:MobiDB-lite	Basic and acidic residues	compositional_bias
P20227	49-65	ECO:0000256|SAM:MobiDB-lite	Low complexity	compositional_bias
P20227	85-106	ECO:0000256|SAM:MobiDB-lite	Low complexity	compositional_bias
P20232	118-135	ECO:0000256|SAM:MobiDB-lite	Basic and acidic residues	compositional_bias
P20232	136-148	ECO:0000256|SAM:MobiDB-lite	Low complexity	compositional_bias
P20232	91-117	ECO:0000256|SAM:MobiDB-lite	Low complexity	compositional_bias
P20240	103-133	ECO:0000256|SAM:MobiDB-lite	Basic and acidic residues	compositional_bias
P20240	157-170	ECO:0000256|SAM:MobiDB-lite	Basic and acidic residues	compositional_bias
P20240	262-274	ECO:0000256|SAM:MobiDB-lite	Low complexity	compositional_bias
P20240	65-80	ECO:0000256|SAM:MobiDB-lite	Low complexity	compositional_bias
P20241	1172-1182	ECO:0000256|SAM:MobiDB-lite	Basic and acidic residues	compositional_bias
P20241	1188-1203	ECO:0000256|SAM:MobiDB-lite	Polar residues	compositional_bias
P20241	1253-1275	ECO:0000256|SAM:MobiDB-lite	Low complexity	compositional_bias
P20350	1-10	ECO:0000256|SAM:MobiDB-lite	Polar residues	compositional_bias
P20350	11-32	ECO:0000256|SAM:MobiDB-lite	Basic and acidic residues	compositional_bias
P20354	1-14	ECO:0000256|SAM:MobiDB-lite	Polar residues	compositional_bias
P20354	17-31	ECO:0000256|SAM:MobiDB-lite	Basic and acidic residues	compositional_bias
P20385	1-10	ECO:0000256|SAM:MobiDB-lite	Polar residues	compositional_bias
P20385	222-237	ECO:0000256|SAM:MobiDB-lite	Basic and acidic residues	compositional_bias
P20385	240-257	ECO:0000256|SAM:MobiDB-lite	Low complexity	compositional_bias
P20385	30-40	ECO:0000256|SAM:MobiDB-lite	Low complexity	compositional_bias
P20439	121-144	ECO:0000256|SAM:MobiDB-lite	Low complexity	compositional_bias
P20480	149-185	ECO:0000256|SAM:MobiDB-lite	Low complexity	compositional_bias
P20482	1128-1146	ECO:0000256|SAM:MobiDB-lite	Low complexity	compositional_bias
P20482	1148-1157	ECO:0000256|SAM:MobiDB-lite	Basic and acidic residues	compositional_bias
P20482	1299-1320	ECO:0000256|SAM:MobiDB-lite	Low complexity	compositional_bias
P20482	1346-1383	ECO:0000256|SAM:MobiDB-lite	Low complexity	compositional_bias
P20482	260-281	ECO:0000256|SAM:MobiDB-lite	Polar residues	compositional_bias
P20482	530-546	ECO:0000256|SAM:MobiDB-lite	Basic and acidic residues	compositional_bias
P20482	588-616	ECO:0000256|SAM:MobiDB-lite	Basic residues	compositional_bias
P20482	744-753	ECO:0000256|SAM:MobiDB-lite	Pro residues	compositional_bias
P20482	867-878	ECO:0000256|SAM:MobiDB-lite	Low complexity	compositional_bias
P20482	935-945	ECO:0000256|SAM:MobiDB-lite	Low complexity	compositional_bias
P20482	978-990	ECO:0000256|SAM:MobiDB-lite	Polar residues	compositional_bias
P20483	199-209	ECO:0000256|SAM:MobiDB-lite	Basic and acidic residues	compositional_bias
P20659	102-115	ECO:0000256|SAM:MobiDB-lite	Gly residues	compositional_bias
P20659	1031-1041	ECO:0000256|SAM:MobiDB-lite	Low complexity	compositional_bias
P20659	1123-1132	ECO:0000256|SAM:MobiDB-lite	Basic and acidic residues	compositional_bias
P20659	1173-1183	ECO:0000256|SAM:MobiDB-lite	Low complexity	compositional_bias
P20659	1211-1223	ECO:0000256|SAM:MobiDB-lite	Low complexity	compositional_bias
P20659	126-143	ECO:0000256|SAM:MobiDB-lite	Basic and acidic residues	compositional_bias
P20659	147-205	ECO:0000256|SAM:MobiDB-lite	Low complexity	compositional_bias
P20659	206-215	ECO:0000256|SAM:MobiDB-lite	Polar residues	compositional_bias
P20659	2074-2087	ECO:0000256|SAM:MobiDB-lite	Low complexity	compositional_bias
P20659	222-247	ECO:0000256|SAM:MobiDB-lite	Low complexity	compositional_bias
P20659	3032-3043	ECO:0000256|SAM:MobiDB-lite	Low complexity	compositional_bias
P20659	3044-3057	ECO:0000256|SAM:MobiDB-lite	Polar residues	compositional_bias
P20659	31-53	ECO:0000256|SAM:MobiDB-lite	Low complexity	compositional_bias
P20659	384-402	ECO:0000256|SAM:MobiDB-lite	Low complexity	compositional_bias
P20659	509-525	ECO:0000256|SAM:MobiDB-lite	Low complexity	compositional_bias
P20659	553-586	ECO:0000256|SAM:MobiDB-lite	Acidic residues	compositional_bias
P20659	587-610	ECO:0000256|SAM:MobiDB-lite	Basic and acidic residues	compositional_bias
P20659	71-101	ECO:0000256|SAM:MobiDB-lite	Low complexity	compositional_bias
P20659	918-937	ECO:0000256|SAM:MobiDB-lite	Polar residues	compositional_bias
P20659	986-1000	ECO:0000256|SAM:MobiDB-lite	Basic and acidic residues	compositional_bias
P20825	1027-1048	ECO:0000256|SAM:MobiDB-lite	Basic residues	compositional_bias
P20825	1050-1059	ECO:0000256|SAM:MobiDB-lite	Polar residues	compositional_bias
P20828	206-220	ECO:0000256|SAM:MobiDB-lite	Low complexity	compositional_bias
P20828	221-235	ECO:0000256|SAM:MobiDB-lite	Polar residues	compositional_bias
P20905	11-23	ECO:0000256|SAM:MobiDB-lite	Basic residues	compositional_bias
P20905	386-396	ECO:0000256|SAM:MobiDB-lite	Polar residues	compositional_bias
P21330	189-203	ECO:0000256|SAM:MobiDB-lite	Acidic residues	compositional_bias
P21461	13-55	ECO:0000256|SAM:MobiDB-lite	Low complexity	compositional_bias
P21519	1002-1012	ECO:0000256|SAM:MobiDB-lite	Low complexity	compositional_bias
P21519	1026-1060	ECO:0000256|SAM:MobiDB-lite	Low complexity	compositional_bias
P21519	112-121	ECO:0000256|SAM:MobiDB-lite	Low complexity	compositional_bias
P21519	1164-1177	ECO:0000256|SAM:MobiDB-lite	Gly residues	compositional_bias
P21519	1362-1377	ECO:0000256|SAM:MobiDB-lite	Gly residues	compositional_bias
P21519	1378-1389	ECO:0000256|SAM:MobiDB-lite	Low complexity	compositional_bias
P21519	1390-1400	ECO:0000256|SAM:MobiDB-lite	Gly residues	compositional_bias
P21519	1401-1438	ECO:0000256|SAM:MobiDB-lite	Low complexity	compositional_bias
P21519	1486-1503	ECO:0000256|SAM:MobiDB-lite	Low complexity	compositional_bias
P21519	1504-1533	ECO:0000256|SAM:MobiDB-lite	Gly residues	compositional_bias
P21519	175-192	ECO:0000256|SAM:MobiDB-lite	Basic and acidic residues	compositional_bias
P21519	196-217	ECO:0000256|SAM:MobiDB-lite	Low complexity	compositional_bias
P21519	218-232	ECO:0000256|SAM:MobiDB-lite	Polar residues	compositional_bias
P21519	259-306	ECO:0000256|SAM:MobiDB-lite	Low complexity	compositional_bias
P21519	353-381	ECO:0000256|SAM:MobiDB-lite	Gly residues	compositional_bias
P21519	402-436	ECO:0000256|SAM:MobiDB-lite	Gly residues	compositional_bias
P21519	462-477	ECO:0000256|SAM:MobiDB-lite	Basic and acidic residues	compositional_bias
P21519	575-604	ECO:0000256|SAM:MobiDB-lite	Gly residues	compositional_bias
P21519	647-671	ECO:0000256|SAM:MobiDB-lite	Low complexity	compositional_bias
P21519	695-718	ECO:0000256|SAM:MobiDB-lite	Low complexity	compositional_bias
P21519	754-776	ECO:0000256|SAM:MobiDB-lite	Low complexity	compositional_bias
P21519	788-816	ECO:0000256|SAM:MobiDB-lite	Low complexity	compositional_bias
P21519	79-93	ECO:0000256|SAM:MobiDB-lite	Low complexity	compositional_bias
P21519	817-827	ECO:0000256|SAM:MobiDB-lite	Polar residues	compositional_bias
P21519	842-909	ECO:0000256|SAM:MobiDB-lite	Low complexity	compositional_bias
P21519	94-111	ECO:0000256|SAM:MobiDB-lite	Gly residues	compositional_bias
P21519	950-980	ECO:0000256|SAM:MobiDB-lite	Low complexity	compositional_bias
P21519	981-1001	ECO:0000256|SAM:MobiDB-lite	Gly residues	compositional_bias
P21520	489-498	ECO:0000256|SAM:MobiDB-lite	Basic residues	compositional_bias
P21521	171-187	ECO:0000256|SAM:MobiDB-lite	Acidic residues	compositional_bias
P21521	30-49	ECO:0000256|SAM:MobiDB-lite	Basic and acidic residues	compositional_bias
P21521	69-84	ECO:0000256|SAM:MobiDB-lite	Low complexity	compositional_bias
P21525	149-159	ECO:0000256|SAM:MobiDB-lite	Low complexity	compositional_bias
P21525	23-66	ECO:0000256|SAM:MobiDB-lite	Low complexity	compositional_bias
P21525	316-333	ECO:0000256|SAM:MobiDB-lite	Polar residues	compositional_bias
P21525	341-350	ECO:0000256|SAM:MobiDB-lite	Low complexity	compositional_bias
P21525	383-397	ECO:0000256|SAM:MobiDB-lite	Low complexity	compositional_bias
P21525	510-531	ECO:0000256|SAM:MobiDB-lite	Low complexity	compositional_bias
P21525	539-549	ECO:0000256|SAM:MobiDB-lite	Polar residues	compositional_bias
P21750	107-124	ECO:0000256|SAM:MobiDB-lite	Basic and acidic residues	compositional_bias
P21750	125-142	ECO:0000256|SAM:MobiDB-lite	Basic residues	compositional_bias
P22058	119-130	ECO:0000256|SAM:MobiDB-lite	Basic residues	compositional_bias
P22058	135-147	ECO:0000256|SAM:MobiDB-lite	Acidic residues	compositional_bias
P22058	237-247	ECO:0000256|SAM:MobiDB-lite	Acidic residues	compositional_bias
P22058	307-318	ECO:0000256|SAM:MobiDB-lite	Basic and acidic residues	compositional_bias
P22058	345-355	ECO:0000256|SAM:MobiDB-lite	Polar residues	compositional_bias
P22058	64-77	ECO:0000256|SAM:MobiDB-lite	Acidic residues	compositional_bias
P22265	292-303	ECO:0000256|SAM:MobiDB-lite	Polar residues	compositional_bias
P22265	318-328	ECO:0000256|SAM:MobiDB-lite	Gly residues	compositional_bias
P22265	417-428	ECO:0000256|SAM:MobiDB-lite	Low complexity	compositional_bias
P22265	47-57	ECO:0000256|SAM:MobiDB-lite	Gly residues	compositional_bias
P22265	568-578	ECO:0000256|SAM:MobiDB-lite	Basic residues	compositional_bias
P22265	579-588	ECO:0000256|SAM:MobiDB-lite	Basic and acidic residues	compositional_bias
P22265	696-712	ECO:0000256|SAM:MobiDB-lite	Low complexity	compositional_bias
P22265	778-807	ECO:0000256|SAM:MobiDB-lite	Basic and acidic residues	compositional_bias
P22265	842-851	ECO:0000256|SAM:MobiDB-lite	Low complexity	compositional_bias
P22265	862-885	ECO:0000256|SAM:MobiDB-lite	Polar residues	compositional_bias
P22265	893-907	ECO:0000256|SAM:MobiDB-lite	Polar residues	compositional_bias
P22265	910-926	ECO:0000256|SAM:MobiDB-lite	Low complexity	compositional_bias
P22270	361-376	ECO:0000256|SAM:MobiDB-lite	Polar residues	compositional_bias
P22270	436-453	ECO:0000256|SAM:MobiDB-lite	Gly residues	compositional_bias
P22293	1003-1015	ECO:0000256|SAM:MobiDB-lite	Pro residues	compositional_bias
P22293	1021-1033	ECO:0000256|SAM:MobiDB-lite	Basic and acidic residues	compositional_bias
P22293	1042-1056	ECO:0000256|SAM:MobiDB-lite	Low complexity	compositional_bias
P22293	1149-1170	ECO:0000256|SAM:MobiDB-lite	Gly residues	compositional_bias
P22293	119-131	ECO:0000256|SAM:MobiDB-lite	Polar residues	compositional_bias
P22293	1295-1309	ECO:0000256|SAM:MobiDB-lite	Gly residues	compositional_bias
P22293	149-158	ECO:0000256|SAM:MobiDB-lite	Basic residues	compositional_bias
P22293	159-178	ECO:0000256|SAM:MobiDB-lite	Basic and acidic residues	compositional_bias
P22293	236-246	ECO:0000256|SAM:MobiDB-lite	Gly residues	compositional_bias
P22293	499-509	ECO:0000256|SAM:MobiDB-lite	Basic and acidic residues	compositional_bias
P22293	594-606	ECO:0000256|SAM:MobiDB-lite	Polar residues	compositional_bias
P22293	644-668	ECO:0000256|SAM:MobiDB-lite	Acidic residues	compositional_bias
P22293	710-726	ECO:0000256|SAM:MobiDB-lite	Polar residues	compositional_bias
P22293	790-800	ECO:0000256|SAM:MobiDB-lite	Low complexity	compositional_bias
P22293	9-30	ECO:0000256|SAM:MobiDB-lite	Acidic residues	compositional_bias
P22711	1-11	ECO:0000256|SAM:MobiDB-lite	Polar residues	compositional_bias
P22711	18-33	ECO:0000256|SAM:MobiDB-lite	Polar residues	compositional_bias
P22711	281-295	ECO:0000256|SAM:MobiDB-lite	Low complexity	compositional_bias
P22711	397-416	ECO:0000256|SAM:MobiDB-lite	Low complexity	compositional_bias
P22745	416-425	ECO:0000256|SAM:MobiDB-lite	Acidic residues	compositional_bias
P22745	433-442	ECO:0000256|SAM:MobiDB-lite	Basic residues	compositional_bias
P22807	1-21	ECO:0000256|SAM:MobiDB-lite	Polar residues	compositional_bias
P22807	120-135	ECO:0000256|SAM:MobiDB-lite	Low complexity	compositional_bias
P22807	136-152	ECO:0000256|SAM:MobiDB-lite	Polar residues	compositional_bias
P22807	201-232	ECO:0000256|SAM:MobiDB-lite	Basic residues	compositional_bias
P22807	250-263	ECO:0000256|SAM:MobiDB-lite	Pro residues	compositional_bias
P22807	27-51	ECO:0000256|SAM:MobiDB-lite	Low complexity	compositional_bias
P22807	275-286	ECO:0000256|SAM:MobiDB-lite	Pro residues	compositional_bias
P22807	287-298	ECO:0000256|SAM:MobiDB-lite	Low complexity	compositional_bias
P22807	316-347	ECO:0000256|SAM:MobiDB-lite	Low complexity	compositional_bias
P22807	388-401	ECO:0000256|SAM:MobiDB-lite	Acidic residues	compositional_bias
P22807	417-435	ECO:0000256|SAM:MobiDB-lite	Low complexity	compositional_bias
P22807	478-492	ECO:0000256|SAM:MobiDB-lite	Acidic residues	compositional_bias
P22807	500-519	ECO:0000256|SAM:MobiDB-lite	Acidic residues	compositional_bias
P22807	528-543	ECO:0000256|SAM:MobiDB-lite	Gly residues	compositional_bias
P22807	95-108	ECO:0000256|SAM:MobiDB-lite	Low complexity	compositional_bias
P22808	10-22	ECO:0000256|SAM:MobiDB-lite	Basic and acidic residues	compositional_bias
P22808	226-235	ECO:0000256|SAM:MobiDB-lite	Basic and acidic residues	compositional_bias
P22808	23-36	ECO:0000256|SAM:MobiDB-lite	Low complexity	compositional_bias
P22808	237-255	ECO:0000256|SAM:MobiDB-lite	Polar residues	compositional_bias
P22808	278-289	ECO:0000256|SAM:MobiDB-lite	Basic and acidic residues	compositional_bias
P22808	298-307	ECO:0000256|SAM:MobiDB-lite	Basic residues	compositional_bias
P22808	37-48	ECO:0000256|SAM:MobiDB-lite	Polar residues	compositional_bias
P22808	483-493	ECO:0000256|SAM:MobiDB-lite	Low complexity	compositional_bias
P22808	512-528	ECO:0000256|SAM:MobiDB-lite	Acidic residues	compositional_bias
P22808	61-92	ECO:0000256|SAM:MobiDB-lite	Basic and acidic residues	compositional_bias
P22808	703-716	ECO:0000256|SAM:MobiDB-lite	Basic residues	compositional_bias
P22808	97-111	ECO:0000256|SAM:MobiDB-lite	Low complexity	compositional_bias
P22809	158-170	ECO:0000256|SAM:MobiDB-lite	Low complexity	compositional_bias
P22809	321-335	ECO:0000256|SAM:MobiDB-lite	Low complexity	compositional_bias
P22809	373-382	ECO:0000256|SAM:MobiDB-lite	Acidic residues	compositional_bias
P22809	48-62	ECO:0000256|SAM:MobiDB-lite	Basic and acidic residues	compositional_bias
P22810	11-21	ECO:0000256|SAM:MobiDB-lite	Low complexity	compositional_bias
P22810	124-141	ECO:0000256|SAM:MobiDB-lite	Low complexity	compositional_bias
P22810	148-194	ECO:0000256|SAM:MobiDB-lite	Low complexity	compositional_bias
P22810	243-267	ECO:0000256|SAM:MobiDB-lite	Low complexity	compositional_bias
P22810	406-417	ECO:0000256|SAM:MobiDB-lite	Low complexity	compositional_bias
P22810	425-441	ECO:0000256|SAM:MobiDB-lite	Low complexity	compositional_bias
P22812	249-259	ECO:0000256|SAM:MobiDB-lite	Low complexity	compositional_bias
P22812	301-317	ECO:0000256|SAM:MobiDB-lite	Polar residues	compositional_bias
P22812	342-354	ECO:0000256|SAM:MobiDB-lite	Low complexity	compositional_bias
P22812	355-367	ECO:0000256|SAM:MobiDB-lite	Polar residues	compositional_bias
P22812	368-377	ECO:0000256|SAM:MobiDB-lite	Basic and acidic residues	compositional_bias
P22812	387-403	ECO:0000256|SAM:MobiDB-lite	Acidic residues	compositional_bias
P22812	409-424	ECO:0000256|SAM:MobiDB-lite	Low complexity	compositional_bias
P22812	425-438	ECO:0000256|SAM:MobiDB-lite	Polar residues	compositional_bias
P22812	439-449	ECO:0000256|SAM:MobiDB-lite	Low complexity	compositional_bias
P22813	18-27	ECO:0000256|SAM:MobiDB-lite	Acidic residues	compositional_bias
P22813	659-668	ECO:0000256|SAM:MobiDB-lite	Acidic residues	compositional_bias
P22813	675-685	ECO:0000256|SAM:MobiDB-lite	Polar residues	compositional_bias
P22814	396-407	ECO:0000256|SAM:MobiDB-lite	Low complexity	compositional_bias
P22814	484-510	ECO:0000256|SAM:MobiDB-lite	Polar residues	compositional_bias
P22814	58-93	ECO:0000256|SAM:MobiDB-lite	Low complexity	compositional_bias
P22815	52-64	ECO:0000256|SAM:MobiDB-lite	Polar residues	compositional_bias
P22815	65-84	ECO:0000256|SAM:MobiDB-lite	Low complexity	compositional_bias
P22815	874-884	ECO:0000256|SAM:MobiDB-lite	Low complexity	compositional_bias
P22816	293-309	ECO:0000256|SAM:MobiDB-lite	Polar residues	compositional_bias
P22816	310-321	ECO:0000256|SAM:MobiDB-lite	Low complexity	compositional_bias
P22979	188-199	ECO:0000256|SAM:MobiDB-lite	Low complexity	compositional_bias
P23023	129-152	ECO:0000256|SAM:MobiDB-lite	Basic residues	compositional_bias
P23023	153-182	ECO:0000256|SAM:MobiDB-lite	Low complexity	compositional_bias
P23023	192-204	ECO:0000256|SAM:MobiDB-lite	Low complexity	compositional_bias
P23023	205-223	ECO:0000256|SAM:MobiDB-lite	Basic residues	compositional_bias
P23023	246-270	ECO:0000256|SAM:MobiDB-lite	Low complexity	compositional_bias
P23023	26-37	ECO:0000256|SAM:MobiDB-lite	Low complexity	compositional_bias
P23023	271-292	ECO:0000256|SAM:MobiDB-lite	Gly residues	compositional_bias
P23023	307-320	ECO:0000256|SAM:MobiDB-lite	Polar residues	compositional_bias
P23023	321-330	ECO:0000256|SAM:MobiDB-lite	Low complexity	compositional_bias
P23023	456-471	ECO:0000256|SAM:MobiDB-lite	Low complexity	compositional_bias
P23023	472-487	ECO:0000256|SAM:MobiDB-lite	Polar residues	compositional_bias
P23023	489-507	ECO:0000256|SAM:MobiDB-lite	Low complexity	compositional_bias
P23226	1003-1015	ECO:0000256|SAM:MobiDB-lite	Low complexity	compositional_bias
P23226	1016-1026	ECO:0000256|SAM:MobiDB-lite	Polar residues	compositional_bias
P23226	1054-1066	ECO:0000256|SAM:MobiDB-lite	Polar residues	compositional_bias
P23226	1100-1111	ECO:0000256|SAM:MobiDB-lite	Polar residues	compositional_bias
P23226	146-159	ECO:0000256|SAM:MobiDB-lite	Low complexity	compositional_bias
P23226	179-196	ECO:0000256|SAM:MobiDB-lite	Polar residues	compositional_bias
P23226	856-866	ECO:0000256|SAM:MobiDB-lite	Low complexity	compositional_bias
P23226	867-881	ECO:0000256|SAM:MobiDB-lite	Polar residues	compositional_bias
P23226	908-936	ECO:0000256|SAM:MobiDB-lite	Polar residues	compositional_bias
P23226	940-952	ECO:0000256|SAM:MobiDB-lite	Low complexity	compositional_bias
P23226	989-999	ECO:0000256|SAM:MobiDB-lite	Polar residues	compositional_bias
P23488	28-49	ECO:0000256|SAM:MobiDB-lite	Low complexity	compositional_bias
P23488	50-59	ECO:0000256|SAM:MobiDB-lite	Pro residues	compositional_bias
P23645	439-451	ECO:0000256|SAM:MobiDB-lite	Low complexity	compositional_bias
P23645	462-472	ECO:0000256|SAM:MobiDB-lite	Low complexity	compositional_bias
P23645	487-532	ECO:0000256|SAM:MobiDB-lite	Low complexity	compositional_bias
P23645	549-558	ECO:0000256|SAM:MobiDB-lite	Basic and acidic residues	compositional_bias
P23645	576-587	ECO:0000256|SAM:MobiDB-lite	Low complexity	compositional_bias
P23645	599-616	ECO:0000256|SAM:MobiDB-lite	Pro residues	compositional_bias
P23645	659-686	ECO:0000256|SAM:MobiDB-lite	Low complexity	compositional_bias
P23647	278-287	ECO:0000256|SAM:MobiDB-lite	Basic and acidic residues	compositional_bias
P23647	447-456	ECO:0000256|SAM:MobiDB-lite	Basic and acidic residues	compositional_bias
P23654	11-20	ECO:0000256|SAM:MobiDB-lite	Low complexity	compositional_bias
P23654	141-155	ECO:0000256|SAM:MobiDB-lite	Basic and acidic residues	compositional_bias
P23654	163-178	ECO:0000256|SAM:MobiDB-lite	Basic and acidic residues	compositional_bias
P23654	185-205	ECO:0000256|SAM:MobiDB-lite	Basic and acidic residues	compositional_bias
P23654	23-42	ECO:0000256|SAM:MobiDB-lite	Basic and acidic residues	compositional_bias
P23654	63-74	ECO:0000256|SAM:MobiDB-lite	Basic and acidic residues	compositional_bias
P23654	95-111	ECO:0000256|SAM:MobiDB-lite	Basic and acidic residues	compositional_bias
P23757	160-182	ECO:0000256|SAM:MobiDB-lite	Low complexity	compositional_bias
P23757	189-198	ECO:0000256|SAM:MobiDB-lite	Basic residues	compositional_bias
P23758	172-185	ECO:0000256|SAM:MobiDB-lite	Pro residues	compositional_bias
P23758	323-332	ECO:0000256|SAM:MobiDB-lite	Low complexity	compositional_bias
P23758	340-349	ECO:0000256|SAM:MobiDB-lite	Low complexity	compositional_bias
P23758	402-425	ECO:0000256|SAM:MobiDB-lite	Acidic residues	compositional_bias
P23792	19-29	ECO:0000256|SAM:MobiDB-lite	Basic residues	compositional_bias
P23792	235-246	ECO:0000256|SAM:MobiDB-lite	Acidic residues	compositional_bias
P23792	253-263	ECO:0000256|SAM:MobiDB-lite	Polar residues	compositional_bias
P23792	282-292	ECO:0000256|SAM:MobiDB-lite	Low complexity	compositional_bias
P23792	30-45	ECO:0000256|SAM:MobiDB-lite	Low complexity	compositional_bias
P23792	313-360	ECO:0000256|SAM:MobiDB-lite	Basic and acidic residues	compositional_bias
P23792	391-402	ECO:0000256|SAM:MobiDB-lite	Low complexity	compositional_bias
P23792	46-62	ECO:0000256|SAM:MobiDB-lite	Gly residues	compositional_bias
P23792	520-550	ECO:0000256|SAM:MobiDB-lite	Basic residues	compositional_bias
P23792	558-568	ECO:0000256|SAM:MobiDB-lite	Polar residues	compositional_bias
P23803	150-171	ECO:0000256|SAM:MobiDB-lite	Basic residues	compositional_bias
P23803	336-356	ECO:0000256|SAM:MobiDB-lite	Polar residues	compositional_bias
P23938	24-69	ECO:0000256|SAM:MobiDB-lite	Low complexity	compositional_bias
P23938	70-107	ECO:0000256|SAM:MobiDB-lite	Basic residues	compositional_bias
P24785	1276-1293	ECO:0000256|SAM:MobiDB-lite	Gly residues	compositional_bias
P24785	85-104	ECO:0000256|SAM:MobiDB-lite	Gly residues	compositional_bias
P25028	270-281	ECO:0000256|SAM:MobiDB-lite	Low complexity	compositional_bias
P25028	361-379	ECO:0000256|SAM:MobiDB-lite	Low complexity	compositional_bias
P25028	557-569	ECO:0000256|SAM:MobiDB-lite	Acidic residues	compositional_bias
P25028	607-624	ECO:0000256|SAM:MobiDB-lite	Basic and acidic residues	compositional_bias
P25028	685-696	ECO:0000256|SAM:MobiDB-lite	Basic and acidic residues	compositional_bias
P25123	381-395	ECO:0000256|SAM:MobiDB-lite	Low complexity	compositional_bias
P25123	396-425	ECO:0000256|SAM:MobiDB-lite	Gly residues	compositional_bias
P25123	430-443	ECO:0000256|SAM:MobiDB-lite	Basic residues	compositional_bias
P25123	499-536	ECO:0000256|SAM:MobiDB-lite	Gly residues	compositional_bias
P25159	112-126	ECO:0000256|SAM:MobiDB-lite	Polar residues	compositional_bias
P25159	16-29	ECO:0000256|SAM:MobiDB-lite	Basic residues	compositional_bias
P25159	192-210	ECO:0000256|SAM:MobiDB-lite	Low complexity	compositional_bias
P25159	234-256	ECO:0000256|SAM:MobiDB-lite	Low complexity	compositional_bias
P25159	267-284	ECO:0000256|SAM:MobiDB-lite	Basic and acidic residues	compositional_bias
P25159	285-303	ECO:0000256|SAM:MobiDB-lite	Polar residues	compositional_bias
P25159	678-688	ECO:0000256|SAM:MobiDB-lite	Polar residues	compositional_bias
P25159	70-111	ECO:0000256|SAM:MobiDB-lite	Low complexity	compositional_bias
P25159	864-890	ECO:0000256|SAM:MobiDB-lite	Low complexity	compositional_bias
P25159	891-901	ECO:0000256|SAM:MobiDB-lite	Polar residues	compositional_bias
P25159	902-920	ECO:0000256|SAM:MobiDB-lite	Low complexity	compositional_bias
P25159	934-947	ECO:0000256|SAM:MobiDB-lite	Low complexity	compositional_bias
P25161	462-486	ECO:0000256|SAM:MobiDB-lite	Basic and acidic residues	compositional_bias
P25171	427-436	ECO:0000256|SAM:MobiDB-lite	Low complexity	compositional_bias
P25171	437-464	ECO:0000256|SAM:MobiDB-lite	Basic and acidic residues	compositional_bias
P25171	482-499	ECO:0000256|SAM:MobiDB-lite	Basic and acidic residues	compositional_bias
P25171	517-527	ECO:0000256|SAM:MobiDB-lite	Acidic residues	compositional_bias
P25171	533-547	ECO:0000256|SAM:MobiDB-lite	Basic residues	compositional_bias
P25172	1078-1099	ECO:0000256|SAM:MobiDB-lite	Low complexity	compositional_bias
P25172	1119-1138	ECO:0000256|SAM:MobiDB-lite	Low complexity	compositional_bias
P25172	1161-1183	ECO:0000256|SAM:MobiDB-lite	Low complexity	compositional_bias
P25172	1231-1263	ECO:0000256|SAM:MobiDB-lite	Low complexity	compositional_bias
P25172	449-461	ECO:0000256|SAM:MobiDB-lite	Polar residues	compositional_bias
P25172	462-495	ECO:0000256|SAM:MobiDB-lite	Low complexity	compositional_bias
P25172	496-506	ECO:0000256|SAM:MobiDB-lite	Basic residues	compositional_bias
P25172	599-628	ECO:0000256|SAM:MobiDB-lite	Low complexity	compositional_bias
P25172	672-689	ECO:0000256|SAM:MobiDB-lite	Low complexity	compositional_bias
P25172	936-953	ECO:0000256|SAM:MobiDB-lite	Polar residues	compositional_bias
P25172	962-977	ECO:0000256|SAM:MobiDB-lite	Polar residues	compositional_bias
P25228	204-220	ECO:0000256|SAM:MobiDB-lite	Polar residues	compositional_bias
P25439	121-131	ECO:0000256|SAM:MobiDB-lite	Pro residues	compositional_bias
P25439	1380-1391	ECO:0000256|SAM:MobiDB-lite	Acidic residues	compositional_bias
P25439	1557-1574	ECO:0000256|SAM:MobiDB-lite	Acidic residues	compositional_bias
P25439	1592-1604	ECO:0000256|SAM:MobiDB-lite	Low complexity	compositional_bias
P25439	1616-1625	ECO:0000256|SAM:MobiDB-lite	Basic residues	compositional_bias
P25439	201-211	ECO:0000256|SAM:MobiDB-lite	Low complexity	compositional_bias
P25439	212-231	ECO:0000256|SAM:MobiDB-lite	Pro residues	compositional_bias
P25439	238-253	ECO:0000256|SAM:MobiDB-lite	Pro residues	compositional_bias
P25439	263-272	ECO:0000256|SAM:MobiDB-lite	Pro residues	compositional_bias
P25439	279-304	ECO:0000256|SAM:MobiDB-lite	Pro residues	compositional_bias
P25439	305-317	ECO:0000256|SAM:MobiDB-lite	Low complexity	compositional_bias
P25439	365-382	ECO:0000256|SAM:MobiDB-lite	Low complexity	compositional_bias
P25439	52-63	ECO:0000256|SAM:MobiDB-lite	Low complexity	compositional_bias
P25439	699-708	ECO:0000256|SAM:MobiDB-lite	Basic and acidic residues	compositional_bias
P25439	7-51	ECO:0000256|SAM:MobiDB-lite	Pro residues	compositional_bias
P25439	710-724	ECO:0000256|SAM:MobiDB-lite	Polar residues	compositional_bias
P25455	1088-1107	ECO:0000256|SAM:MobiDB-lite	Low complexity	compositional_bias
P25455	466-481	ECO:0000256|SAM:MobiDB-lite	Basic residues	compositional_bias
P25455	528-543	ECO:0000256|SAM:MobiDB-lite	Low complexity	compositional_bias
P25455	554-563	ECO:0000256|SAM:MobiDB-lite	Low complexity	compositional_bias
P25455	571-580	ECO:0000256|SAM:MobiDB-lite	Polar residues	compositional_bias
P25455	585-594	ECO:0000256|SAM:MobiDB-lite	Basic and acidic residues	compositional_bias
P25724	190-205	ECO:0000256|SAM:MobiDB-lite	Low complexity	compositional_bias
P25822	103-117	ECO:0000256|SAM:MobiDB-lite	Basic and acidic residues	compositional_bias
P25822	133-149	ECO:0000256|SAM:MobiDB-lite	Gly residues	compositional_bias
P25822	1496-1519	ECO:0000256|SAM:MobiDB-lite	Low complexity	compositional_bias
P25822	207-237	ECO:0000256|SAM:MobiDB-lite	Low complexity	compositional_bias
P25822	243-255	ECO:0000256|SAM:MobiDB-lite	Gly residues	compositional_bias
P25822	256-276	ECO:0000256|SAM:MobiDB-lite	Low complexity	compositional_bias
P25822	470-479	ECO:0000256|SAM:MobiDB-lite	Polar residues	compositional_bias
P25822	483-503	ECO:0000256|SAM:MobiDB-lite	Basic and acidic residues	compositional_bias
P25822	863-875	ECO:0000256|SAM:MobiDB-lite	Low complexity	compositional_bias
P25823	1540-1553	ECO:0000256|SAM:MobiDB-lite	Basic and acidic residues	compositional_bias
P25823	1569-1584	ECO:0000256|SAM:MobiDB-lite	Pro residues	compositional_bias
P25823	890-900	ECO:0000256|SAM:MobiDB-lite	Low complexity	compositional_bias
P25823	906-917	ECO:0000256|SAM:MobiDB-lite	Polar residues	compositional_bias
P25823	918-927	ECO:0000256|SAM:MobiDB-lite	Basic and acidic residues	compositional_bias
P25823	943-954	ECO:0000256|SAM:MobiDB-lite	Polar residues	compositional_bias
P25823	964-976	ECO:0000256|SAM:MobiDB-lite	Polar residues	compositional_bias
P25823	977-995	ECO:0000256|SAM:MobiDB-lite	Low complexity	compositional_bias
P25992	207-217	ECO:0000256|SAM:MobiDB-lite	Low complexity	compositional_bias
P25992	218-262	ECO:0000256|SAM:MobiDB-lite	Acidic residues	compositional_bias
P25992	286-320	ECO:0000256|SAM:MobiDB-lite	Low complexity	compositional_bias
P25992	336-358	ECO:0000256|SAM:MobiDB-lite	Low complexity	compositional_bias
P25992	395-404	ECO:0000256|SAM:MobiDB-lite	Low complexity	compositional_bias
P25992	408-427	ECO:0000256|SAM:MobiDB-lite	Basic and acidic residues	compositional_bias
P25992	653-667	ECO:0000256|SAM:MobiDB-lite	Low complexity	compositional_bias
P25992	679-689	ECO:0000256|SAM:MobiDB-lite	Basic and acidic residues	compositional_bias
P25992	690-701	ECO:0000256|SAM:MobiDB-lite	Low complexity	compositional_bias
P25992	903-917	ECO:0000256|SAM:MobiDB-lite	Basic residues	compositional_bias
P26016	1005-1014	ECO:0000256|SAM:MobiDB-lite	Polar residues	compositional_bias
P26016	1062-1074	ECO:0000256|SAM:MobiDB-lite	Polar residues	compositional_bias
P26016	13-28	ECO:0000256|SAM:MobiDB-lite	Low complexity	compositional_bias
P26016	150-163	ECO:0000256|SAM:MobiDB-lite	Low complexity	compositional_bias
P26016	164-178	ECO:0000256|SAM:MobiDB-lite	Pro residues	compositional_bias
P26016	38-57	ECO:0000256|SAM:MobiDB-lite	Polar residues	compositional_bias
P26016	811-821	ECO:0000256|SAM:MobiDB-lite	Low complexity	compositional_bias
P26016	835-851	ECO:0000256|SAM:MobiDB-lite	Low complexity	compositional_bias
P26016	858-868	ECO:0000256|SAM:MobiDB-lite	Polar residues	compositional_bias
P26016	905-915	ECO:0000256|SAM:MobiDB-lite	Low complexity	compositional_bias
P26016	929-940	ECO:0000256|SAM:MobiDB-lite	Low complexity	compositional_bias
P26016	975-985	ECO:0000256|SAM:MobiDB-lite	Basic and acidic residues	compositional_bias
P26017	1-11	ECO:0000256|SAM:MobiDB-lite	Basic residues	compositional_bias
P26017	131-145	ECO:0000256|SAM:MobiDB-lite	Basic residues	compositional_bias
P26017	146-155	ECO:0000256|SAM:MobiDB-lite	Basic and acidic residues	compositional_bias
P26017	159-170	ECO:0000256|SAM:MobiDB-lite	Basic residues	compositional_bias
P26017	177-200	ECO:0000256|SAM:MobiDB-lite	Low complexity	compositional_bias
P26017	210-219	ECO:0000256|SAM:MobiDB-lite	Basic and acidic residues	compositional_bias
P26017	236-254	ECO:0000256|SAM:MobiDB-lite	Low complexity	compositional_bias
P26017	263-285	ECO:0000256|SAM:MobiDB-lite	Polar residues	compositional_bias
P26017	305-314	ECO:0000256|SAM:MobiDB-lite	Polar residues	compositional_bias
P26017	73-82	ECO:0000256|SAM:MobiDB-lite	Polar residues	compositional_bias
P26017	96-106	ECO:0000256|SAM:MobiDB-lite	Acidic residues	compositional_bias
P26019	242-258	ECO:0000256|SAM:MobiDB-lite	Basic and acidic residues	compositional_bias
P26019	260-278	ECO:0000256|SAM:MobiDB-lite	Acidic residues	compositional_bias
P26019	286-303	ECO:0000256|SAM:MobiDB-lite	Polar residues	compositional_bias
P26019	304-325	ECO:0000256|SAM:MobiDB-lite	Basic and acidic residues	compositional_bias
P26019	83-93	ECO:0000256|SAM:MobiDB-lite	Acidic residues	compositional_bias
P26019	99-113	ECO:0000256|SAM:MobiDB-lite	Basic residues	compositional_bias
P26023	104-172	ECO:0000256|SAM:MobiDB-lite	Basic residues	compositional_bias
P26023	25-45	ECO:0000256|SAM:MobiDB-lite	Acidic residues	compositional_bias
P26023	55-77	ECO:0000256|SAM:MobiDB-lite	Low complexity	compositional_bias
P26023	78-95	ECO:0000256|SAM:MobiDB-lite	Acidic residues	compositional_bias
P26675	1096-1105	ECO:0000256|SAM:MobiDB-lite	Low complexity	compositional_bias
P26675	1175-1195	ECO:0000256|SAM:MobiDB-lite	Polar residues	compositional_bias
P26675	1280-1291	ECO:0000256|SAM:MobiDB-lite	Polar residues	compositional_bias
P26675	1352-1366	ECO:0000256|SAM:MobiDB-lite	Basic and acidic residues	compositional_bias
P26675	1469-1489	ECO:0000256|SAM:MobiDB-lite	Low complexity	compositional_bias
P26675	1526-1542	ECO:0000256|SAM:MobiDB-lite	Basic residues	compositional_bias
P26686	185-194	ECO:0000256|SAM:MobiDB-lite	Basic and acidic residues	compositional_bias
P26686	196-205	ECO:0000256|SAM:MobiDB-lite	Gly residues	compositional_bias
P26686	215-263	ECO:0000256|SAM:MobiDB-lite	Basic residues	compositional_bias
P26686	271-283	ECO:0000256|SAM:MobiDB-lite	Basic residues	compositional_bias
P26686	284-304	ECO:0000256|SAM:MobiDB-lite	Basic and acidic residues	compositional_bias
P26686	79-89	ECO:0000256|SAM:MobiDB-lite	Basic and acidic residues	compositional_bias
P26802	54-79	ECO:0000256|SAM:MobiDB-lite	Basic and acidic residues	compositional_bias
P26802	652-675	ECO:0000256|SAM:MobiDB-lite	Basic and acidic residues	compositional_bias
P26802	9-18	ECO:0000256|SAM:MobiDB-lite	Basic and acidic residues	compositional_bias
P27091	108-118	ECO:0000256|SAM:MobiDB-lite	Acidic residues	compositional_bias
P27091	318-336	ECO:0000256|SAM:MobiDB-lite	Basic residues	compositional_bias
P27398	215-229	ECO:0000256|SAM:MobiDB-lite	Basic residues	compositional_bias
P27398	246-255	ECO:0000256|SAM:MobiDB-lite	Polar residues	compositional_bias
P27398	371-385	ECO:0000256|SAM:MobiDB-lite	Polar residues	compositional_bias
P27398	438-459	ECO:0000256|SAM:MobiDB-lite	Low complexity	compositional_bias
P27398	528-541	ECO:0000256|SAM:MobiDB-lite	Polar residues	compositional_bias
P27398	860-871	ECO:0000256|SAM:MobiDB-lite	Polar residues	compositional_bias
P27619	630-641	ECO:0000256|SAM:MobiDB-lite	Acidic residues	compositional_bias
P27619	788-826	ECO:0000256|SAM:MobiDB-lite	Pro residues	compositional_bias
P27780	24-41	ECO:0000256|SAM:MobiDB-lite	Polar residues	compositional_bias
P27780	49-62	ECO:0000256|SAM:MobiDB-lite	Basic and acidic residues	compositional_bias
P27864	106-116	ECO:0000256|SAM:MobiDB-lite	Basic and acidic residues	compositional_bias
P27864	179-189	ECO:0000256|SAM:MobiDB-lite	Basic and acidic residues	compositional_bias
P27864	203-214	ECO:0000256|SAM:MobiDB-lite	Basic and acidic residues	compositional_bias
P27864	312-347	ECO:0000256|SAM:MobiDB-lite	Basic and acidic residues	compositional_bias
P27864	45-55	ECO:0000256|SAM:MobiDB-lite	Basic residues	compositional_bias
P28159	542-562	ECO:0000256|SAM:MobiDB-lite	Low complexity	compositional_bias
P28159	569-580	ECO:0000256|SAM:MobiDB-lite	Low complexity	compositional_bias
P28159	58-87	ECO:0000256|SAM:MobiDB-lite	Low complexity	compositional_bias
P28159	582-594	ECO:0000256|SAM:MobiDB-lite	Polar residues	compositional_bias
P28166	133-157	ECO:0000256|SAM:MobiDB-lite	Low complexity	compositional_bias
P28166	158-168	ECO:0000256|SAM:MobiDB-lite	Polar residues	compositional_bias
P28166	222-249	ECO:0000256|SAM:MobiDB-lite	Low complexity	compositional_bias
P28166	253-264	ECO:0000256|SAM:MobiDB-lite	Polar residues	compositional_bias
P28166	274-283	ECO:0000256|SAM:MobiDB-lite	Low complexity	compositional_bias
P28166	42-57	ECO:0000256|SAM:MobiDB-lite	Polar residues	compositional_bias
P28166	427-437	ECO:0000256|SAM:MobiDB-lite	Low complexity	compositional_bias
P28166	438-447	ECO:0000256|SAM:MobiDB-lite	Basic and acidic residues	compositional_bias
P28166	527-541	ECO:0000256|SAM:MobiDB-lite	Basic and acidic residues	compositional_bias
P28166	548-563	ECO:0000256|SAM:MobiDB-lite	Basic and acidic residues	compositional_bias
P28166	564-576	ECO:0000256|SAM:MobiDB-lite	Low complexity	compositional_bias
P28166	577-586	ECO:0000256|SAM:MobiDB-lite	Basic and acidic residues	compositional_bias
P28166	609-623	ECO:0000256|SAM:MobiDB-lite	Basic and acidic residues	compositional_bias
P28166	676-689	ECO:0000256|SAM:MobiDB-lite	Acidic residues	compositional_bias
P28166	690-699	ECO:0000256|SAM:MobiDB-lite	Basic and acidic residues	compositional_bias
P28166	707-719	ECO:0000256|SAM:MobiDB-lite	Polar residues	compositional_bias
P28166	781-796	ECO:0000256|SAM:MobiDB-lite	Basic and acidic residues	compositional_bias
P28166	857-866	ECO:0000256|SAM:MobiDB-lite	Polar residues	compositional_bias
P28166	921-938	ECO:0000256|SAM:MobiDB-lite	Basic and acidic residues	compositional_bias
P28167	1558-1567	ECO:0000256|SAM:MobiDB-lite	Basic and acidic residues	compositional_bias
P28167	1569-1581	ECO:0000256|SAM:MobiDB-lite	Polar residues	compositional_bias
P28167	1783-1797	ECO:0000256|SAM:MobiDB-lite	Low complexity	compositional_bias
P28167	196-221	ECO:0000256|SAM:MobiDB-lite	Polar residues	compositional_bias
P28167	2138-2151	ECO:0000256|SAM:MobiDB-lite	Low complexity	compositional_bias
P28167	2339-2349	ECO:0000256|SAM:MobiDB-lite	Low complexity	compositional_bias
P28167	235-259	ECO:0000256|SAM:MobiDB-lite	Basic and acidic residues	compositional_bias
P28167	2425-2438	ECO:0000256|SAM:MobiDB-lite	Low complexity	compositional_bias
P28167	2448-2457	ECO:0000256|SAM:MobiDB-lite	Polar residues	compositional_bias
P28167	2614-2630	ECO:0000256|SAM:MobiDB-lite	Basic and acidic residues	compositional_bias
P28167	2739-2758	ECO:0000256|SAM:MobiDB-lite	Polar residues	compositional_bias
P28167	2814-2825	ECO:0000256|SAM:MobiDB-lite	Basic residues	compositional_bias
P28167	321-339	ECO:0000256|SAM:MobiDB-lite	Polar residues	compositional_bias
P28167	355-364	ECO:0000256|SAM:MobiDB-lite	Polar residues	compositional_bias
P28167	453-479	ECO:0000256|SAM:MobiDB-lite	Low complexity	compositional_bias
P28167	51-85	ECO:0000256|SAM:MobiDB-lite	Basic and acidic residues	compositional_bias
P28167	708-726	ECO:0000256|SAM:MobiDB-lite	Low complexity	compositional_bias
P28167	824-844	ECO:0000256|SAM:MobiDB-lite	Polar residues	compositional_bias
P28285	482-502	ECO:0000256|SAM:MobiDB-lite	Polar residues	compositional_bias
P28285	532-542	ECO:0000256|SAM:MobiDB-lite	Polar residues	compositional_bias
P28285	551-564	ECO:0000256|SAM:MobiDB-lite	Basic and acidic residues	compositional_bias
P28285	565-575	ECO:0000256|SAM:MobiDB-lite	Acidic residues	compositional_bias
P28285	582-593	ECO:0000256|SAM:MobiDB-lite	Low complexity	compositional_bias
P28285	674-694	ECO:0000256|SAM:MobiDB-lite	Polar residues	compositional_bias
P28285	702-723	ECO:0000256|SAM:MobiDB-lite	Low complexity	compositional_bias
P28286	317-327	ECO:0000256|SAM:MobiDB-lite	Basic and acidic residues	compositional_bias
P28466	389-403	ECO:0000256|SAM:MobiDB-lite	Basic and acidic residues	compositional_bias
P28466	458-470	ECO:0000256|SAM:MobiDB-lite	Low complexity	compositional_bias
P28518	1-10	ECO:0000256|SAM:MobiDB-lite	Polar residues	compositional_bias
P28518	26-39	ECO:0000256|SAM:MobiDB-lite	Basic and acidic residues	compositional_bias
P28668	1094-1109	ECO:0000256|SAM:MobiDB-lite	Basic and acidic residues	compositional_bias
P28668	1172-1181	ECO:0000256|SAM:MobiDB-lite	Gly residues	compositional_bias
P28668	172-182	ECO:0000256|SAM:MobiDB-lite	Polar residues	compositional_bias
P28668	734-746	ECO:0000256|SAM:MobiDB-lite	Low complexity	compositional_bias
P28668	800-817	ECO:0000256|SAM:MobiDB-lite	Low complexity	compositional_bias
P28750	220-231	ECO:0000256|SAM:MobiDB-lite	Low complexity	compositional_bias
P28750	404-417	ECO:0000256|SAM:MobiDB-lite	Low complexity	compositional_bias
P28750	454-467	ECO:0000256|SAM:MobiDB-lite	Polar residues	compositional_bias
P29327	223-248	ECO:0000256|SAM:MobiDB-lite	Basic and acidic residues	compositional_bias
P29349	369-378	ECO:0000256|SAM:MobiDB-lite	Low complexity	compositional_bias
P29349	388-400	ECO:0000256|SAM:MobiDB-lite	Low complexity	compositional_bias
P29413	207-251	ECO:0000256|SAM:MobiDB-lite	Basic and acidic residues	compositional_bias
P29413	352-377	ECO:0000256|SAM:MobiDB-lite	Basic and acidic residues	compositional_bias
P29413	378-391	ECO:0000256|SAM:MobiDB-lite	Acidic residues	compositional_bias
P29413	392-406	ECO:0000256|SAM:MobiDB-lite	Basic and acidic residues	compositional_bias
P29503	280-297	ECO:0000256|SAM:MobiDB-lite	Low complexity	compositional_bias
P29555	109-139	ECO:0000256|SAM:MobiDB-lite	Low complexity	compositional_bias
P29555	140-151	ECO:0000256|SAM:MobiDB-lite	Basic residues	compositional_bias
P29555	196-214	ECO:0000256|SAM:MobiDB-lite	Low complexity	compositional_bias
P29555	215-225	ECO:0000256|SAM:MobiDB-lite	Polar residues	compositional_bias
P29555	468-481	ECO:0000256|SAM:MobiDB-lite	Basic and acidic residues	compositional_bias
P29555	487-517	ECO:0000256|SAM:MobiDB-lite	Low complexity	compositional_bias
P29555	53-101	ECO:0000256|SAM:MobiDB-lite	Low complexity	compositional_bias
P29617	1040-1054	ECO:0000256|SAM:MobiDB-lite	Basic and acidic residues	compositional_bias
P29617	1055-1076	ECO:0000256|SAM:MobiDB-lite	Low complexity	compositional_bias
P29617	110-126	ECO:0000256|SAM:MobiDB-lite	Basic and acidic residues	compositional_bias
P29617	1208-1217	ECO:0000256|SAM:MobiDB-lite	Polar residues	compositional_bias
P29617	1252-1278	ECO:0000256|SAM:MobiDB-lite	Low complexity	compositional_bias
P29617	127-136	ECO:0000256|SAM:MobiDB-lite	Acidic residues	compositional_bias
P29617	1328-1348	ECO:0000256|SAM:MobiDB-lite	Low complexity	compositional_bias
P29617	1349-1367	ECO:0000256|SAM:MobiDB-lite	Polar residues	compositional_bias
P29617	137-188	ECO:0000256|SAM:MobiDB-lite	Low complexity	compositional_bias
P29617	1374-1384	ECO:0000256|SAM:MobiDB-lite	Pro residues	compositional_bias
P29617	1427-1437	ECO:0000256|SAM:MobiDB-lite	Basic residues	compositional_bias
P29617	1438-1451	ECO:0000256|SAM:MobiDB-lite	Low complexity	compositional_bias
P29617	196-255	ECO:0000256|SAM:MobiDB-lite	Low complexity	compositional_bias
P29617	274-292	ECO:0000256|SAM:MobiDB-lite	Low complexity	compositional_bias
P29617	327-337	ECO:0000256|SAM:MobiDB-lite	Low complexity	compositional_bias
P29617	346-357	ECO:0000256|SAM:MobiDB-lite	Low complexity	compositional_bias
P29617	36-53	ECO:0000256|SAM:MobiDB-lite	Low complexity	compositional_bias
P29617	437-452	ECO:0000256|SAM:MobiDB-lite	Polar residues	compositional_bias
P29617	453-472	ECO:0000256|SAM:MobiDB-lite	Low complexity	compositional_bias
P29617	503-521	ECO:0000256|SAM:MobiDB-lite	Polar residues	compositional_bias
P29617	608-617	ECO:0000256|SAM:MobiDB-lite	Polar residues	compositional_bias
P29617	618-642	ECO:0000256|SAM:MobiDB-lite	Low complexity	compositional_bias
P29617	643-658	ECO:0000256|SAM:MobiDB-lite	Basic and acidic residues	compositional_bias
P29617	66-79	ECO:0000256|SAM:MobiDB-lite	Polar residues	compositional_bias
P29617	674-691	ECO:0000256|SAM:MobiDB-lite	Basic and acidic residues	compositional_bias
P29617	875-892	ECO:0000256|SAM:MobiDB-lite	Acidic residues	compositional_bias
P29617	92-109	ECO:0000256|SAM:MobiDB-lite	Low complexity	compositional_bias
P29617	927-944	ECO:0000256|SAM:MobiDB-lite	Low complexity	compositional_bias
P29681	124-160	ECO:0000256|SAM:MobiDB-lite	Basic and acidic residues	compositional_bias
P29681	170-180	ECO:0000256|SAM:MobiDB-lite	Low complexity	compositional_bias
P29681	185-194	ECO:0000256|SAM:MobiDB-lite	Polar residues	compositional_bias
P29681	203-216	ECO:0000256|SAM:MobiDB-lite	Low complexity	compositional_bias
P29681	379-394	ECO:0000256|SAM:MobiDB-lite	Low complexity	compositional_bias
P29681	404-416	ECO:0000256|SAM:MobiDB-lite	Acidic residues	compositional_bias
P29746	114-125	ECO:0000256|SAM:MobiDB-lite	Basic and acidic residues	compositional_bias
P29746	133-146	ECO:0000256|SAM:MobiDB-lite	Basic and acidic residues	compositional_bias
P29746	159-172	ECO:0000256|SAM:MobiDB-lite	Low complexity	compositional_bias
P29746	177-194	ECO:0000256|SAM:MobiDB-lite	Basic and acidic residues	compositional_bias
P29746	204-240	ECO:0000256|SAM:MobiDB-lite	Basic and acidic residues	compositional_bias
P29746	241-255	ECO:0000256|SAM:MobiDB-lite	Low complexity	compositional_bias
P29746	272-288	ECO:0000256|SAM:MobiDB-lite	Low complexity	compositional_bias
P29746	329-339	ECO:0000256|SAM:MobiDB-lite	Basic and acidic residues	compositional_bias
P29746	357-376	ECO:0000256|SAM:MobiDB-lite	Low complexity	compositional_bias
P29746	408-442	ECO:0000256|SAM:MobiDB-lite	Basic and acidic residues	compositional_bias
P29746	55-67	ECO:0000256|SAM:MobiDB-lite	Basic and acidic residues	compositional_bias
P29747	221-237	ECO:0000256|SAM:MobiDB-lite	Low complexity	compositional_bias
P29747	361-392	ECO:0000256|SAM:MobiDB-lite	Low complexity	compositional_bias
P29774	196-207	ECO:0000256|SAM:MobiDB-lite	Basic and acidic residues	compositional_bias
P29774	211-227	ECO:0000256|SAM:MobiDB-lite	Low complexity	compositional_bias
P29774	244-255	ECO:0000256|SAM:MobiDB-lite	Gly residues	compositional_bias
P29774	271-280	ECO:0000256|SAM:MobiDB-lite	Low complexity	compositional_bias
P29775	102-113	ECO:0000256|SAM:MobiDB-lite	Low complexity	compositional_bias
P29775	158-171	ECO:0000256|SAM:MobiDB-lite	Polar residues	compositional_bias
P29775	396-412	ECO:0000256|SAM:MobiDB-lite	Polar residues	compositional_bias
P29775	84-94	ECO:0000256|SAM:MobiDB-lite	Polar residues	compositional_bias
P29776	109-121	ECO:0000256|SAM:MobiDB-lite	Pro residues	compositional_bias
P29776	122-144	ECO:0000256|SAM:MobiDB-lite	Low complexity	compositional_bias
P29776	375-388	ECO:0000256|SAM:MobiDB-lite	Basic residues	compositional_bias
P29776	401-436	ECO:0000256|SAM:MobiDB-lite	Low complexity	compositional_bias
P29776	453-475	ECO:0000256|SAM:MobiDB-lite	Polar residues	compositional_bias
P29776	70-108	ECO:0000256|SAM:MobiDB-lite	Low complexity	compositional_bias
P29843	625-634	ECO:0000256|SAM:MobiDB-lite	Gly residues	compositional_bias
P29844	646-656	ECO:0000256|SAM:MobiDB-lite	Acidic residues	compositional_bias
P29845	667-677	ECO:0000256|SAM:MobiDB-lite	Low complexity	compositional_bias
P29993	1080-1098	ECO:0000256|SAM:MobiDB-lite	Low complexity	compositional_bias
P29993	2213-2231	ECO:0000256|SAM:MobiDB-lite	Acidic residues	compositional_bias
P29993	735-748	ECO:0000256|SAM:MobiDB-lite	Low complexity	compositional_bias
P30189	104-114	ECO:0000256|SAM:MobiDB-lite	Low complexity	compositional_bias
P30189	11-31	ECO:0000256|SAM:MobiDB-lite	Polar residues	compositional_bias
P30189	125-138	ECO:0000256|SAM:MobiDB-lite	Basic residues	compositional_bias
P30189	139-151	ECO:0000256|SAM:MobiDB-lite	Basic and acidic residues	compositional_bias
P30189	173-183	ECO:0000256|SAM:MobiDB-lite	Low complexity	compositional_bias
P30189	316-330	ECO:0000256|SAM:MobiDB-lite	Acidic residues	compositional_bias
P30189	32-50	ECO:0000256|SAM:MobiDB-lite	Basic residues	compositional_bias
P30189	51-65	ECO:0000256|SAM:MobiDB-lite	Basic and acidic residues	compositional_bias
P30189	72-86	ECO:0000256|SAM:MobiDB-lite	Basic and acidic residues	compositional_bias
P30189	93-103	ECO:0000256|SAM:MobiDB-lite	Basic and acidic residues	compositional_bias
P30430	13-28	ECO:0000256|SAM:MobiDB-lite	Low complexity	compositional_bias
P30430	150-163	ECO:0000256|SAM:MobiDB-lite	Low complexity	compositional_bias
P30430	164-178	ECO:0000256|SAM:MobiDB-lite	Pro residues	compositional_bias
P30430	38-57	ECO:0000256|SAM:MobiDB-lite	Polar residues	compositional_bias
P30430	901-915	ECO:0000256|SAM:MobiDB-lite	Polar residues	compositional_bias
P30432	1-10	ECO:0000256|SAM:MobiDB-lite	Polar residues	compositional_bias
P30432	147-160	ECO:0000256|SAM:MobiDB-lite	Low complexity	compositional_bias
P30432	1668-1679	ECO:0000256|SAM:MobiDB-lite	Polar residues	compositional_bias
P30432	439-451	ECO:0000256|SAM:MobiDB-lite	Polar residues	compositional_bias
P30974	395-404	ECO:0000256|SAM:MobiDB-lite	Polar residues	compositional_bias
P30974	416-450	ECO:0000256|SAM:MobiDB-lite	Polar residues	compositional_bias
P30975	454-465	ECO:0000256|SAM:MobiDB-lite	Polar residues	compositional_bias
P30975	487-499	ECO:0000256|SAM:MobiDB-lite	Polar residues	compositional_bias
P30975	500-519	ECO:0000256|SAM:MobiDB-lite	Low complexity	compositional_bias
P31007	171-204	ECO:0000256|SAM:MobiDB-lite	Low complexity	compositional_bias
P31007	437-462	ECO:0000256|SAM:MobiDB-lite	Low complexity	compositional_bias
P31007	466-477	ECO:0000256|SAM:MobiDB-lite	Polar residues	compositional_bias
P31009	11-20	ECO:0000256|SAM:MobiDB-lite	Gly residues	compositional_bias
P31009	21-34	ECO:0000256|SAM:MobiDB-lite	Basic residues	compositional_bias
P31264	308-321	ECO:0000256|SAM:MobiDB-lite	Low complexity	compositional_bias
P31264	322-336	ECO:0000256|SAM:MobiDB-lite	Polar residues	compositional_bias
P31264	452-463	ECO:0000256|SAM:MobiDB-lite	Gly residues	compositional_bias
P31264	464-493	ECO:0000256|SAM:MobiDB-lite	Low complexity	compositional_bias
P31264	563-580	ECO:0000256|SAM:MobiDB-lite	Basic residues	compositional_bias
P31368	1-25	ECO:0000256|SAM:MobiDB-lite	Basic and acidic residues	compositional_bias
P31368	135-157	ECO:0000256|SAM:MobiDB-lite	Polar residues	compositional_bias
P31368	384-415	ECO:0000256|SAM:MobiDB-lite	Low complexity	compositional_bias
P31368	49-68	ECO:0000256|SAM:MobiDB-lite	Low complexity	compositional_bias
P31368	591-601	ECO:0000256|SAM:MobiDB-lite	Acidic residues	compositional_bias
P31369	1-30	ECO:0000256|SAM:MobiDB-lite	Low complexity	compositional_bias
P31369	207-222	ECO:0000256|SAM:MobiDB-lite	Low complexity	compositional_bias
P31369	228-251	ECO:0000256|SAM:MobiDB-lite	Polar residues	compositional_bias
P31369	252-270	ECO:0000256|SAM:MobiDB-lite	Low complexity	compositional_bias
P31396	157-167	ECO:0000256|SAM:MobiDB-lite	Polar residues	compositional_bias
P32023	121-131	ECO:0000256|SAM:MobiDB-lite	Acidic residues	compositional_bias
P32023	175-185	ECO:0000256|SAM:MobiDB-lite	Polar residues	compositional_bias
P32023	200-213	ECO:0000256|SAM:MobiDB-lite	Low complexity	compositional_bias
P32023	218-227	ECO:0000256|SAM:MobiDB-lite	Polar residues	compositional_bias
P32023	249-258	ECO:0000256|SAM:MobiDB-lite	Polar residues	compositional_bias
P32023	308-324	ECO:0000256|SAM:MobiDB-lite	Polar residues	compositional_bias
P32027	375-389	ECO:0000256|SAM:MobiDB-lite	Low complexity	compositional_bias
P32027	390-404	ECO:0000256|SAM:MobiDB-lite	Gly residues	compositional_bias
P32030	61-80	ECO:0000256|SAM:MobiDB-lite	Polar residues	compositional_bias
P32030	94-103	ECO:0000256|SAM:MobiDB-lite	Acidic residues	compositional_bias
P32031	111-121	ECO:0000256|SAM:MobiDB-lite	Acidic residues	compositional_bias
P32031	137-161	ECO:0000256|SAM:MobiDB-lite	Acidic residues	compositional_bias
P32031	162-179	ECO:0000256|SAM:MobiDB-lite	Basic and acidic residues	compositional_bias
P32031	338-366	ECO:0000256|SAM:MobiDB-lite	Pro residues	compositional_bias
P32031	419-430	ECO:0000256|SAM:MobiDB-lite	Low complexity	compositional_bias
P32031	94-104	ECO:0000256|SAM:MobiDB-lite	Low complexity	compositional_bias
P32866	154-175	ECO:0000256|SAM:MobiDB-lite	Low complexity	compositional_bias
P32866	176-190	ECO:0000256|SAM:MobiDB-lite	Basic and acidic residues	compositional_bias
P32866	199-220	ECO:0000256|SAM:MobiDB-lite	Basic and acidic residues	compositional_bias
P32866	698-714	ECO:0000256|SAM:MobiDB-lite	Low complexity	compositional_bias
P32870	1241-1252	ECO:0000256|SAM:MobiDB-lite	Low complexity	compositional_bias
P32870	1277-1299	ECO:0000256|SAM:MobiDB-lite	Low complexity	compositional_bias
P32870	1427-1436	ECO:0000256|SAM:MobiDB-lite	Basic residues	compositional_bias
P32870	1437-1446	ECO:0000256|SAM:MobiDB-lite	Low complexity	compositional_bias
P32870	1498-1523	ECO:0000256|SAM:MobiDB-lite	Low complexity	compositional_bias
P32870	1581-1592	ECO:0000256|SAM:MobiDB-lite	Low complexity	compositional_bias
P32870	1670-1681	ECO:0000256|SAM:MobiDB-lite	Low complexity	compositional_bias
P32870	1745-1761	ECO:0000256|SAM:MobiDB-lite	Polar residues	compositional_bias
P32870	1767-1805	ECO:0000256|SAM:MobiDB-lite	Gly residues	compositional_bias
P32870	1806-1815	ECO:0000256|SAM:MobiDB-lite	Low complexity	compositional_bias
P32870	1924-1935	ECO:0000256|SAM:MobiDB-lite	Basic and acidic residues	compositional_bias
P32870	1949-1961	ECO:0000256|SAM:MobiDB-lite	Basic residues	compositional_bias
P32870	1976-1995	ECO:0000256|SAM:MobiDB-lite	Acidic residues	compositional_bias
P32870	1996-2026	ECO:0000256|SAM:MobiDB-lite	Basic and acidic residues	compositional_bias
P32870	2027-2039	ECO:0000256|SAM:MobiDB-lite	Acidic residues	compositional_bias
P32870	2077-2090	ECO:0000256|SAM:MobiDB-lite	Polar residues	compositional_bias
P32870	2200-2232	ECO:0000256|SAM:MobiDB-lite	Low complexity	compositional_bias
P33244	24-35	ECO:0000256|SAM:MobiDB-lite	Basic residues	compositional_bias
P33244	283-299	ECO:0000256|SAM:MobiDB-lite	Gly residues	compositional_bias
P33244	300-324	ECO:0000256|SAM:MobiDB-lite	Low complexity	compositional_bias
P33244	335-349	ECO:0000256|SAM:MobiDB-lite	Low complexity	compositional_bias
P33244	36-48	ECO:0000256|SAM:MobiDB-lite	Low complexity	compositional_bias
P33244	380-396	ECO:0000256|SAM:MobiDB-lite	Acidic residues	compositional_bias
P33244	411-427	ECO:0000256|SAM:MobiDB-lite	Gly residues	compositional_bias
P33244	443-461	ECO:0000256|SAM:MobiDB-lite	Low complexity	compositional_bias
P33244	462-484	ECO:0000256|SAM:MobiDB-lite	Gly residues	compositional_bias
P33244	686-696	ECO:0000256|SAM:MobiDB-lite	Gly residues	compositional_bias
P33244	697-721	ECO:0000256|SAM:MobiDB-lite	Low complexity	compositional_bias
P33244	722-739	ECO:0000256|SAM:MobiDB-lite	Gly residues	compositional_bias
P33438	1002-1026	ECO:0000256|SAM:MobiDB-lite	Basic and acidic residues	compositional_bias
P33438	603-615	ECO:0000256|SAM:MobiDB-lite	Low complexity	compositional_bias
P33438	625-636	ECO:0000256|SAM:MobiDB-lite	Polar residues	compositional_bias
P33438	723-752	ECO:0000256|SAM:MobiDB-lite	Basic and acidic residues	compositional_bias
P33438	811-854	ECO:0000256|SAM:MobiDB-lite	Basic and acidic residues	compositional_bias
P33438	855-866	ECO:0000256|SAM:MobiDB-lite	Low complexity	compositional_bias
P33438	867-893	ECO:0000256|SAM:MobiDB-lite	Basic and acidic residues	compositional_bias
P33438	923-944	ECO:0000256|SAM:MobiDB-lite	Basic and acidic residues	compositional_bias
P33438	945-969	ECO:0000256|SAM:MobiDB-lite	Acidic residues	compositional_bias
P33450	4826-4835	ECO:0000256|SAM:MobiDB-lite	Polar residues	compositional_bias
P33450	4838-4850	ECO:0000256|SAM:MobiDB-lite	Low complexity	compositional_bias
P33450	4891-4918	ECO:0000256|SAM:MobiDB-lite	Low complexity	compositional_bias
P33450	4972-5008	ECO:0000256|SAM:MobiDB-lite	Polar residues	compositional_bias
P33450	5119-5131	ECO:0000256|SAM:MobiDB-lite	Low complexity	compositional_bias
P34021	365-374	ECO:0000256|SAM:MobiDB-lite	Gly residues	compositional_bias
P34021	698-709	ECO:0000256|SAM:MobiDB-lite	Low complexity	compositional_bias
P34021	728-759	ECO:0000256|SAM:MobiDB-lite	Low complexity	compositional_bias
P34082	612-621	ECO:0000256|SAM:MobiDB-lite	Polar residues	compositional_bias
P34082	623-638	ECO:0000256|SAM:MobiDB-lite	Basic and acidic residues	compositional_bias
P34082	810-822	ECO:0000256|SAM:MobiDB-lite	Pro residues	compositional_bias
P34739	138-152	ECO:0000256|SAM:MobiDB-lite	Acidic residues	compositional_bias
P34739	237-253	ECO:0000256|SAM:MobiDB-lite	Polar residues	compositional_bias
P34739	32-46	ECO:0000256|SAM:MobiDB-lite	Low complexity	compositional_bias
P34739	506-522	ECO:0000256|SAM:MobiDB-lite	Basic residues	compositional_bias
P35220	878-890	ECO:0000256|SAM:MobiDB-lite	Basic and acidic residues	compositional_bias
P35500	1177-1194	ECO:0000256|SAM:MobiDB-lite	Polar residues	compositional_bias
P35500	1199-1225	ECO:0000256|SAM:MobiDB-lite	Basic and acidic residues	compositional_bias
P35500	1226-1240	ECO:0000256|SAM:MobiDB-lite	Acidic residues	compositional_bias
P35500	2021-2035	ECO:0000256|SAM:MobiDB-lite	Acidic residues	compositional_bias
P35500	2068-2088	ECO:0000256|SAM:MobiDB-lite	Low complexity	compositional_bias
P35500	35-48	ECO:0000256|SAM:MobiDB-lite	Basic and acidic residues	compositional_bias
P35500	64-73	ECO:0000256|SAM:MobiDB-lite	Acidic residues	compositional_bias
P35500	680-691	ECO:0000256|SAM:MobiDB-lite	Polar residues	compositional_bias
P35554	1-15	ECO:0000256|SAM:MobiDB-lite	Acidic residues	compositional_bias
P35600	136-147	ECO:0000256|SAM:MobiDB-lite	Basic and acidic residues	compositional_bias
P35600	317-364	ECO:0000256|SAM:MobiDB-lite	Basic and acidic residues	compositional_bias
P35600	370-385	ECO:0000256|SAM:MobiDB-lite	Basic and acidic residues	compositional_bias
P35600	917-932	ECO:0000256|SAM:MobiDB-lite	Acidic residues	compositional_bias
P35600	962-979	ECO:0000256|SAM:MobiDB-lite	Low complexity	compositional_bias
P35820	1011-1022	ECO:0000256|SAM:MobiDB-lite	Low complexity	compositional_bias
P35820	1036-1045	ECO:0000256|SAM:MobiDB-lite	Gly residues	compositional_bias
P35820	1069-1085	ECO:0000256|SAM:MobiDB-lite	Low complexity	compositional_bias
P35820	1116-1133	ECO:0000256|SAM:MobiDB-lite	Polar residues	compositional_bias
P35820	1204-1217	ECO:0000256|SAM:MobiDB-lite	Pro residues	compositional_bias
P35820	1247-1258	ECO:0000256|SAM:MobiDB-lite	Basic and acidic residues	compositional_bias
P35820	1261-1272	ECO:0000256|SAM:MobiDB-lite	Polar residues	compositional_bias
P35820	1352-1375	ECO:0000256|SAM:MobiDB-lite	Polar residues	compositional_bias
P35820	1561-1587	ECO:0000256|SAM:MobiDB-lite	Polar residues	compositional_bias
P35820	182-198	ECO:0000256|SAM:MobiDB-lite	Low complexity	compositional_bias
P35820	199-215	ECO:0000256|SAM:MobiDB-lite	Polar residues	compositional_bias
P35820	228-245	ECO:0000256|SAM:MobiDB-lite	Low complexity	compositional_bias
P35820	567-590	ECO:0000256|SAM:MobiDB-lite	Low complexity	compositional_bias
P35820	611-637	ECO:0000256|SAM:MobiDB-lite	Basic and acidic residues	compositional_bias
P35820	638-649	ECO:0000256|SAM:MobiDB-lite	Low complexity	compositional_bias
P35820	676-689	ECO:0000256|SAM:MobiDB-lite	Polar residues	compositional_bias
P35820	729-739	ECO:0000256|SAM:MobiDB-lite	Low complexity	compositional_bias
P35820	8-91	ECO:0000256|SAM:MobiDB-lite	Low complexity	compositional_bias
P35820	812-822	ECO:0000256|SAM:MobiDB-lite	Pro residues	compositional_bias
P35820	929-938	ECO:0000256|SAM:MobiDB-lite	Polar residues	compositional_bias
P35832	1092-1106	ECO:0000256|SAM:MobiDB-lite	Polar residues	compositional_bias
P35832	1107-1130	ECO:0000256|SAM:MobiDB-lite	Low complexity	compositional_bias
P35832	1131-1142	ECO:0000256|SAM:MobiDB-lite	Pro residues	compositional_bias
P35832	1150-1161	ECO:0000256|SAM:MobiDB-lite	Polar residues	compositional_bias
P35832	1162-1188	ECO:0000256|SAM:MobiDB-lite	Low complexity	compositional_bias
P35832	1264-1273	ECO:0000256|SAM:MobiDB-lite	Polar residues	compositional_bias
P35832	33-63	ECO:0000256|SAM:MobiDB-lite	Low complexity	compositional_bias
P35875	200-225	ECO:0000256|SAM:MobiDB-lite	Basic and acidic residues	compositional_bias
P35992	1673-1683	ECO:0000256|SAM:MobiDB-lite	Low complexity	compositional_bias
P35992	1684-1693	ECO:0000256|SAM:MobiDB-lite	Polar residues	compositional_bias
P35992	1732-1745	ECO:0000256|SAM:MobiDB-lite	Low complexity	compositional_bias
P35992	1805-1828	ECO:0000256|SAM:MobiDB-lite	Acidic residues	compositional_bias
P35992	1829-1841	ECO:0000256|SAM:MobiDB-lite	Basic and acidic residues	compositional_bias
P36188	56-91	ECO:0000256|SAM:MobiDB-lite	Basic and acidic residues	compositional_bias
P36188	9-50	ECO:0000256|SAM:MobiDB-lite	Low complexity	compositional_bias
P36241	159-175	ECO:0000256|SAM:MobiDB-lite	Basic and acidic residues	compositional_bias
P36872	11-28	ECO:0000256|SAM:MobiDB-lite	Pro residues	compositional_bias
P38979	261-270	ECO:0000256|SAM:MobiDB-lite	Polar residues	compositional_bias
P39413	56-76	ECO:0000256|SAM:MobiDB-lite	Low complexity	compositional_bias
P39413	81-90	ECO:0000256|SAM:MobiDB-lite	Pro residues	compositional_bias
P39572	100-112	ECO:0000256|SAM:MobiDB-lite	Basic and acidic residues	compositional_bias
P39572	115-134	ECO:0000256|SAM:MobiDB-lite	Low complexity	compositional_bias
P39572	298-310	ECO:0000256|SAM:MobiDB-lite	Polar residues	compositional_bias
P39572	30-47	ECO:0000256|SAM:MobiDB-lite	Low complexity	compositional_bias
P39572	318-333	ECO:0000256|SAM:MobiDB-lite	Low complexity	compositional_bias
P39736	358-398	ECO:0000256|SAM:MobiDB-lite	Basic and acidic residues	compositional_bias
P39736	526-539	ECO:0000256|SAM:MobiDB-lite	Basic and acidic residues	compositional_bias
P39768	22-32	ECO:0000256|SAM:MobiDB-lite	Polar residues	compositional_bias
P39768	399-409	ECO:0000256|SAM:MobiDB-lite	Polar residues	compositional_bias
P39768	414-434	ECO:0000256|SAM:MobiDB-lite	Low complexity	compositional_bias
P39768	449-498	ECO:0000256|SAM:MobiDB-lite	Low complexity	compositional_bias
P39768	528-537	ECO:0000256|SAM:MobiDB-lite	Basic residues	compositional_bias
P39768	538-550	ECO:0000256|SAM:MobiDB-lite	Low complexity	compositional_bias
P39768	591-601	ECO:0000256|SAM:MobiDB-lite	Basic residues	compositional_bias
P39769	1-15	ECO:0000256|SAM:MobiDB-lite	Basic and acidic residues	compositional_bias
P39769	1157-1180	ECO:0000256|SAM:MobiDB-lite	Low complexity	compositional_bias
P39769	1189-1221	ECO:0000256|SAM:MobiDB-lite	Polar residues	compositional_bias
P39769	119-139	ECO:0000256|SAM:MobiDB-lite	Low complexity	compositional_bias
P39769	1230-1244	ECO:0000256|SAM:MobiDB-lite	Low complexity	compositional_bias
P39769	1260-1290	ECO:0000256|SAM:MobiDB-lite	Low complexity	compositional_bias
P39769	154-174	ECO:0000256|SAM:MobiDB-lite	Polar residues	compositional_bias
P39769	18-28	ECO:0000256|SAM:MobiDB-lite	Low complexity	compositional_bias
P39769	260-271	ECO:0000256|SAM:MobiDB-lite	Gly residues	compositional_bias
P39769	272-285	ECO:0000256|SAM:MobiDB-lite	Low complexity	compositional_bias
P39769	60-80	ECO:0000256|SAM:MobiDB-lite	Low complexity	compositional_bias
P39770	103-117	ECO:0000256|SAM:MobiDB-lite	Basic and acidic residues	compositional_bias
P39770	1040-1054	ECO:0000256|SAM:MobiDB-lite	Low complexity	compositional_bias
P39770	1055-1079	ECO:0000256|SAM:MobiDB-lite	Polar residues	compositional_bias
P39770	1085-1100	ECO:0000256|SAM:MobiDB-lite	Low complexity	compositional_bias
P39770	1114-1123	ECO:0000256|SAM:MobiDB-lite	Low complexity	compositional_bias
P39770	1146-1168	ECO:0000256|SAM:MobiDB-lite	Low complexity	compositional_bias
P39770	1181-1191	ECO:0000256|SAM:MobiDB-lite	Basic and acidic residues	compositional_bias
P39770	1192-1218	ECO:0000256|SAM:MobiDB-lite	Low complexity	compositional_bias
P39770	146-157	ECO:0000256|SAM:MobiDB-lite	Low complexity	compositional_bias
P39770	159-181	ECO:0000256|SAM:MobiDB-lite	Basic and acidic residues	compositional_bias
P39770	275-298	ECO:0000256|SAM:MobiDB-lite	Acidic residues	compositional_bias
P39770	346-363	ECO:0000256|SAM:MobiDB-lite	Basic and acidic residues	compositional_bias
P39770	530-539	ECO:0000256|SAM:MobiDB-lite	Polar residues	compositional_bias
P39770	540-554	ECO:0000256|SAM:MobiDB-lite	Pro residues	compositional_bias
P39770	603-622	ECO:0000256|SAM:MobiDB-lite	Basic and acidic residues	compositional_bias
P39770	63-76	ECO:0000256|SAM:MobiDB-lite	Low complexity	compositional_bias
P39770	638-662	ECO:0000256|SAM:MobiDB-lite	Basic and acidic residues	compositional_bias
P39770	87-99	ECO:0000256|SAM:MobiDB-lite	Low complexity	compositional_bias
P39770	976-991	ECO:0000256|SAM:MobiDB-lite	Acidic residues	compositional_bias
P40139	24-69	ECO:0000256|SAM:MobiDB-lite	Low complexity	compositional_bias
P40139	70-112	ECO:0000256|SAM:MobiDB-lite	Basic residues	compositional_bias
P40140	116-132	ECO:0000256|SAM:MobiDB-lite	Low complexity	compositional_bias
P40140	133-146	ECO:0000256|SAM:MobiDB-lite	Basic residues	compositional_bias
P40140	24-66	ECO:0000256|SAM:MobiDB-lite	Low complexity	compositional_bias
P40140	67-92	ECO:0000256|SAM:MobiDB-lite	Basic residues	compositional_bias
P40140	93-106	ECO:0000256|SAM:MobiDB-lite	Basic and acidic residues	compositional_bias
P40427	318-335	ECO:0000256|SAM:MobiDB-lite	Low complexity	compositional_bias
P40589	439-448	ECO:0000256|SAM:MobiDB-lite	Low complexity	compositional_bias
P40589	449-460	ECO:0000256|SAM:MobiDB-lite	Basic residues	compositional_bias
P40589	51-74	ECO:0000256|SAM:MobiDB-lite	Low complexity	compositional_bias
P40656	1-12	ECO:0000256|SAM:MobiDB-lite	Polar residues	compositional_bias
P40656	130-145	ECO:0000256|SAM:MobiDB-lite	Basic and acidic residues	compositional_bias
P40656	17-37	ECO:0000256|SAM:MobiDB-lite	Low complexity	compositional_bias
P40656	284-294	ECO:0000256|SAM:MobiDB-lite	Low complexity	compositional_bias
P40656	295-318	ECO:0000256|SAM:MobiDB-lite	Polar residues	compositional_bias
P40656	322-336	ECO:0000256|SAM:MobiDB-lite	Basic and acidic residues	compositional_bias
P40656	419-431	ECO:0000256|SAM:MobiDB-lite	Polar residues	compositional_bias
P40656	52-71	ECO:0000256|SAM:MobiDB-lite	Pro residues	compositional_bias
P40656	75-84	ECO:0000256|SAM:MobiDB-lite	Polar residues	compositional_bias
P40656	88-105	ECO:0000256|SAM:MobiDB-lite	Low complexity	compositional_bias
P40657	282-293	ECO:0000256|SAM:MobiDB-lite	Basic residues	compositional_bias
P40657	306-321	ECO:0000256|SAM:MobiDB-lite	Polar residues	compositional_bias
P40657	329-355	ECO:0000256|SAM:MobiDB-lite	Polar residues	compositional_bias
P40657	367-376	ECO:0000256|SAM:MobiDB-lite	Polar residues	compositional_bias
P40657	409-421	ECO:0000256|SAM:MobiDB-lite	Low complexity	compositional_bias
P40657	426-439	ECO:0000256|SAM:MobiDB-lite	Basic and acidic residues	compositional_bias
P40657	688-719	ECO:0000256|SAM:MobiDB-lite	Polar residues	compositional_bias
P40688	189-205	ECO:0000256|SAM:MobiDB-lite	Low complexity	compositional_bias
P40688	388-402	ECO:0000256|SAM:MobiDB-lite	Polar residues	compositional_bias
P40688	406-420	ECO:0000256|SAM:MobiDB-lite	Basic and acidic residues	compositional_bias
P40688	79-91	ECO:0000256|SAM:MobiDB-lite	Acidic residues	compositional_bias
P40791	164-187	ECO:0000256|SAM:MobiDB-lite	Polar residues	compositional_bias
P40791	207-217	ECO:0000256|SAM:MobiDB-lite	Low complexity	compositional_bias
P40791	231-241	ECO:0000256|SAM:MobiDB-lite	Polar residues	compositional_bias
P40791	370-389	ECO:0000256|SAM:MobiDB-lite	Low complexity	compositional_bias
P40791	416-430	ECO:0000256|SAM:MobiDB-lite	Gly residues	compositional_bias
P40791	509-520	ECO:0000256|SAM:MobiDB-lite	Low complexity	compositional_bias
P40794	115-138	ECO:0000256|SAM:MobiDB-lite	Low complexity	compositional_bias
P40794	185-197	ECO:0000256|SAM:MobiDB-lite	Low complexity	compositional_bias
P40794	260-272	ECO:0000256|SAM:MobiDB-lite	Polar residues	compositional_bias
P40795	197-211	ECO:0000256|SAM:MobiDB-lite	Low complexity	compositional_bias
P40795	361-385	ECO:0000256|SAM:MobiDB-lite	Acidic residues	compositional_bias
P40795	386-415	ECO:0000256|SAM:MobiDB-lite	Low complexity	compositional_bias
P40795	478-491	ECO:0000256|SAM:MobiDB-lite	Low complexity	compositional_bias
P40795	504-513	ECO:0000256|SAM:MobiDB-lite	Polar residues	compositional_bias
P40795	567-583	ECO:0000256|SAM:MobiDB-lite	Low complexity	compositional_bias
P40795	663-676	ECO:0000256|SAM:MobiDB-lite	Low complexity	compositional_bias
P40796	362-374	ECO:0000256|SAM:MobiDB-lite	Basic residues	compositional_bias
P40796	375-390	ECO:0000256|SAM:MobiDB-lite	Basic and acidic residues	compositional_bias
P40797	35-54	ECO:0000256|SAM:MobiDB-lite	Low complexity	compositional_bias
P40798	189-201	ECO:0000256|SAM:MobiDB-lite	Low complexity	compositional_bias
P40798	232-270	ECO:0000256|SAM:MobiDB-lite	Basic and acidic residues	compositional_bias
P40798	278-323	ECO:0000256|SAM:MobiDB-lite	Basic and acidic residues	compositional_bias
P40798	336-354	ECO:0000256|SAM:MobiDB-lite	Polar residues	compositional_bias
P41043	1-38	ECO:0000256|SAM:MobiDB-lite	Low complexity	compositional_bias
P41046	221-320	ECO:0000256|SAM:MobiDB-lite	Low complexity	compositional_bias
P41046	24-71	ECO:0000256|SAM:MobiDB-lite	Low complexity	compositional_bias
P41046	396-412	ECO:0000256|SAM:MobiDB-lite	Low complexity	compositional_bias
P41046	450-462	ECO:0000256|SAM:MobiDB-lite	Low complexity	compositional_bias
P41046	81-136	ECO:0000256|SAM:MobiDB-lite	Low complexity	compositional_bias
P41073	188-203	ECO:0000256|SAM:MobiDB-lite	Basic and acidic residues	compositional_bias
P41073	350-359	ECO:0000256|SAM:MobiDB-lite	Basic and acidic residues	compositional_bias
P41073	386-401	ECO:0000256|SAM:MobiDB-lite	Basic and acidic residues	compositional_bias
P41073	405-414	ECO:0000256|SAM:MobiDB-lite	Acidic residues	compositional_bias
P41073	415-431	ECO:0000256|SAM:MobiDB-lite	Basic and acidic residues	compositional_bias
P41073	432-447	ECO:0000256|SAM:MobiDB-lite	Acidic residues	compositional_bias
P41073	541-551	ECO:0000256|SAM:MobiDB-lite	Basic and acidic residues	compositional_bias
P41073	560-638	ECO:0000256|SAM:MobiDB-lite	Acidic residues	compositional_bias
P41073	639-656	ECO:0000256|SAM:MobiDB-lite	Pro residues	compositional_bias
P41073	657-704	ECO:0000256|SAM:MobiDB-lite	Low complexity	compositional_bias
P41073	707-716	ECO:0000256|SAM:MobiDB-lite	Basic residues	compositional_bias
P41092	1-31	ECO:0000256|SAM:MobiDB-lite	Basic residues	compositional_bias
P41126	199-218	ECO:0000256|SAM:MobiDB-lite	Basic and acidic residues	compositional_bias
P41374	300-309	ECO:0000256|SAM:MobiDB-lite	Acidic residues	compositional_bias
P41375	125-142	ECO:0000256|SAM:MobiDB-lite	Acidic residues	compositional_bias
P41375	90-102	ECO:0000256|SAM:MobiDB-lite	Acidic residues	compositional_bias
P41894	209-224	ECO:0000256|SAM:MobiDB-lite	Low complexity	compositional_bias
P41894	75-86	ECO:0000256|SAM:MobiDB-lite	Basic residues	compositional_bias
P42003	192-212	ECO:0000256|SAM:MobiDB-lite	Low complexity	compositional_bias
P42003	229-238	ECO:0000256|SAM:MobiDB-lite	Polar residues	compositional_bias
P42124	203-213	ECO:0000256|SAM:MobiDB-lite	Acidic residues	compositional_bias
P42124	215-237	ECO:0000256|SAM:MobiDB-lite	Basic and acidic residues	compositional_bias
P42282	125-145	ECO:0000256|SAM:MobiDB-lite	Low complexity	compositional_bias
P42282	176-187	ECO:0000256|SAM:MobiDB-lite	Polar residues	compositional_bias
P42282	192-201	ECO:0000256|SAM:MobiDB-lite	Basic residues	compositional_bias
P42282	254-285	ECO:0000256|SAM:MobiDB-lite	Basic and acidic residues	compositional_bias
P42282	302-324	ECO:0000256|SAM:MobiDB-lite	Polar residues	compositional_bias
P42282	356-369	ECO:0000256|SAM:MobiDB-lite	Polar residues	compositional_bias
P42282	377-388	ECO:0000256|SAM:MobiDB-lite	Polar residues	compositional_bias
P42282	560-578	ECO:0000256|SAM:MobiDB-lite	Basic residues	compositional_bias
P42283	162-175	ECO:0000256|SAM:MobiDB-lite	Low complexity	compositional_bias
P42283	228-251	ECO:0000256|SAM:MobiDB-lite	Low complexity	compositional_bias
P42283	263-293	ECO:0000256|SAM:MobiDB-lite	Low complexity	compositional_bias
P42283	329-340	ECO:0000256|SAM:MobiDB-lite	Low complexity	compositional_bias
P42283	449-462	ECO:0000256|SAM:MobiDB-lite	Basic and acidic residues	compositional_bias
P42284	162-175	ECO:0000256|SAM:MobiDB-lite	Low complexity	compositional_bias
P42284	228-251	ECO:0000256|SAM:MobiDB-lite	Low complexity	compositional_bias
P42284	263-293	ECO:0000256|SAM:MobiDB-lite	Low complexity	compositional_bias
P42284	329-340	ECO:0000256|SAM:MobiDB-lite	Low complexity	compositional_bias
P42286	1213-1228	ECO:0000256|SAM:MobiDB-lite	Polar residues	compositional_bias
P42286	1248-1267	ECO:0000256|SAM:MobiDB-lite	Low complexity	compositional_bias
P42287	124-139	ECO:0000256|SAM:MobiDB-lite	Polar residues	compositional_bias
P42287	140-152	ECO:0000256|SAM:MobiDB-lite	Low complexity	compositional_bias
P42287	159-171	ECO:0000256|SAM:MobiDB-lite	Low complexity	compositional_bias
P42519	117-141	ECO:0000256|SAM:MobiDB-lite	Basic and acidic residues	compositional_bias
P42519	168-193	ECO:0000256|SAM:MobiDB-lite	Low complexity	compositional_bias
P42519	196-218	ECO:0000256|SAM:MobiDB-lite	Polar residues	compositional_bias
P42519	223-242	ECO:0000256|SAM:MobiDB-lite	Basic residues	compositional_bias
P42519	247-261	ECO:0000256|SAM:MobiDB-lite	Gly residues	compositional_bias
P42519	27-39	ECO:0000256|SAM:MobiDB-lite	Polar residues	compositional_bias
P42519	65-80	ECO:0000256|SAM:MobiDB-lite	Polar residues	compositional_bias
P43125	284-293	ECO:0000256|SAM:MobiDB-lite	Low complexity	compositional_bias
P43125	318-335	ECO:0000256|SAM:MobiDB-lite	Acidic residues	compositional_bias
P43125	347-363	ECO:0000256|SAM:MobiDB-lite	Low complexity	compositional_bias
P43125	663-678	ECO:0000256|SAM:MobiDB-lite	Low complexity	compositional_bias
P43125	679-689	ECO:0000256|SAM:MobiDB-lite	Polar residues	compositional_bias
P43332	126-142	ECO:0000256|SAM:MobiDB-lite	Polar residues	compositional_bias
P45437	490-501	ECO:0000256|SAM:MobiDB-lite	Basic and acidic residues	compositional_bias
P45437	512-526	ECO:0000256|SAM:MobiDB-lite	Low complexity	compositional_bias
P45447	105-119	ECO:0000256|SAM:MobiDB-lite	Polar residues	compositional_bias
P45447	173-206	ECO:0000256|SAM:MobiDB-lite	Low complexity	compositional_bias
P45447	230-291	ECO:0000256|SAM:MobiDB-lite	Low complexity	compositional_bias
P45447	308-335	ECO:0000256|SAM:MobiDB-lite	Low complexity	compositional_bias
P45447	342-353	ECO:0000256|SAM:MobiDB-lite	Low complexity	compositional_bias
P45447	37-46	ECO:0000256|SAM:MobiDB-lite	Basic and acidic residues	compositional_bias
P45447	447-460	ECO:0000256|SAM:MobiDB-lite	Low complexity	compositional_bias
P45447	463-472	ECO:0000256|SAM:MobiDB-lite	Polar residues	compositional_bias
P45447	47-82	ECO:0000256|SAM:MobiDB-lite	Acidic residues	compositional_bias
P45447	475-508	ECO:0000256|SAM:MobiDB-lite	Low complexity	compositional_bias
P45447	516-533	ECO:0000256|SAM:MobiDB-lite	Polar residues	compositional_bias
P45447	539-555	ECO:0000256|SAM:MobiDB-lite	Low complexity	compositional_bias
P45975	128-139	ECO:0000256|SAM:MobiDB-lite	Low complexity	compositional_bias
P45975	147-161	ECO:0000256|SAM:MobiDB-lite	Low complexity	compositional_bias
P46150	475-484	ECO:0000256|SAM:MobiDB-lite	Acidic residues	compositional_bias
P46150	492-555	ECO:0000256|SAM:MobiDB-lite	Basic and acidic residues	compositional_bias
P46824	493-508	ECO:0000256|SAM:MobiDB-lite	Basic and acidic residues	compositional_bias
P46863	1033-1051	ECO:0000256|SAM:MobiDB-lite	Low complexity	compositional_bias
P46863	990-1002	ECO:0000256|SAM:MobiDB-lite	Polar residues	compositional_bias
P46867	386-396	ECO:0000256|SAM:MobiDB-lite	Basic residues	compositional_bias
P46867	416-428	ECO:0000256|SAM:MobiDB-lite	Acidic residues	compositional_bias
P46867	429-449	ECO:0000256|SAM:MobiDB-lite	Basic and acidic residues	compositional_bias
P46867	622-634	ECO:0000256|SAM:MobiDB-lite	Basic residues	compositional_bias
P46867	769-778	ECO:0000256|SAM:MobiDB-lite	Low complexity	compositional_bias
P47980	205-250	ECO:0000256|SAM:MobiDB-lite	Low complexity	compositional_bias
P48423	1091-1157	ECO:0000256|SAM:MobiDB-lite	Low complexity	compositional_bias
P48456	1-40	ECO:0000256|SAM:MobiDB-lite	Low complexity	compositional_bias
P48456	550-606	ECO:0000256|SAM:MobiDB-lite	Low complexity	compositional_bias
P48462	308-319	ECO:0000256|SAM:MobiDB-lite	Polar residues	compositional_bias
P48588	28-37	ECO:0000256|SAM:MobiDB-lite	Basic residues	compositional_bias
P48596	40-49	ECO:0000256|SAM:MobiDB-lite	Low complexity	compositional_bias
P48596	50-59	ECO:0000256|SAM:MobiDB-lite	Polar residues	compositional_bias
P48596	93-117	ECO:0000256|SAM:MobiDB-lite	Polar residues	compositional_bias
P48598	18-27	ECO:0000256|SAM:MobiDB-lite	Polar residues	compositional_bias
P48598	41-51	ECO:0000256|SAM:MobiDB-lite	Basic and acidic residues	compositional_bias
P48598	54-70	ECO:0000256|SAM:MobiDB-lite	Low complexity	compositional_bias
P48601	12-25	ECO:0000256|SAM:MobiDB-lite	Basic and acidic residues	compositional_bias
P48601	82-102	ECO:0000256|SAM:MobiDB-lite	Basic and acidic residues	compositional_bias
P48604	38-55	ECO:0000256|SAM:MobiDB-lite	Basic and acidic residues	compositional_bias
P48607	162-174	ECO:0000256|SAM:MobiDB-lite	Basic and acidic residues	compositional_bias
P48607	69-80	ECO:0000256|SAM:MobiDB-lite	Polar residues	compositional_bias
P48608	25-34	ECO:0000256|SAM:MobiDB-lite	Low complexity	compositional_bias
P48608	512-572	ECO:0000256|SAM:MobiDB-lite	Pro residues	compositional_bias
P48608	994-1010	ECO:0000256|SAM:MobiDB-lite	Basic and acidic residues	compositional_bias
P48612	372-384	ECO:0000256|SAM:MobiDB-lite	Acidic residues	compositional_bias
P48613	423-444	ECO:0000256|SAM:MobiDB-lite	Polar residues	compositional_bias
P48809	240-250	ECO:0000256|SAM:MobiDB-lite	Polar residues	compositional_bias
P48809	264-273	ECO:0000256|SAM:MobiDB-lite	Pro residues	compositional_bias
P48809	275-284	ECO:0000256|SAM:MobiDB-lite	Polar residues	compositional_bias
P48809	293-302	ECO:0000256|SAM:MobiDB-lite	Low complexity	compositional_bias
P48809	406-421	ECO:0000256|SAM:MobiDB-lite	Polar residues	compositional_bias
P48810	199-289	ECO:0000256|SAM:MobiDB-lite	Gly residues	compositional_bias
P48810	305-317	ECO:0000256|SAM:MobiDB-lite	Gly residues	compositional_bias
P48810	319-336	ECO:0000256|SAM:MobiDB-lite	Polar residues	compositional_bias
P48810	344-362	ECO:0000256|SAM:MobiDB-lite	Gly residues	compositional_bias
P48810	369-385	ECO:0000256|SAM:MobiDB-lite	Gly residues	compositional_bias
P48987	162-174	ECO:0000256|SAM:MobiDB-lite	Low complexity	compositional_bias
P48994	10-21	ECO:0000256|SAM:MobiDB-lite	Low complexity	compositional_bias
P48994	1035-1063	ECO:0000256|SAM:MobiDB-lite	Low complexity	compositional_bias
P48994	1069-1081	ECO:0000256|SAM:MobiDB-lite	Basic and acidic residues	compositional_bias
P48994	1090-1106	ECO:0000256|SAM:MobiDB-lite	Basic and acidic residues	compositional_bias
P48994	1107-1118	ECO:0000256|SAM:MobiDB-lite	Polar residues	compositional_bias
P49021	273-290	ECO:0000256|SAM:MobiDB-lite	Low complexity	compositional_bias
P49021	291-300	ECO:0000256|SAM:MobiDB-lite	Gly residues	compositional_bias
P49021	338-355	ECO:0000256|SAM:MobiDB-lite	Polar residues	compositional_bias
P49021	365-375	ECO:0000256|SAM:MobiDB-lite	Basic and acidic residues	compositional_bias
P49021	376-390	ECO:0000256|SAM:MobiDB-lite	Acidic residues	compositional_bias
P49021	400-421	ECO:0000256|SAM:MobiDB-lite	Polar residues	compositional_bias
P49021	440-452	ECO:0000256|SAM:MobiDB-lite	Polar residues	compositional_bias
P49021	504-515	ECO:0000256|SAM:MobiDB-lite	Polar residues	compositional_bias
P49021	522-531	ECO:0000256|SAM:MobiDB-lite	Low complexity	compositional_bias
P49283	11-28	ECO:0000256|SAM:MobiDB-lite	Gly residues	compositional_bias
P49415	117-172	ECO:0000256|SAM:MobiDB-lite	Low complexity	compositional_bias
P49415	191-214	ECO:0000256|SAM:MobiDB-lite	Acidic residues	compositional_bias
P49415	215-226	ECO:0000256|SAM:MobiDB-lite	Basic and acidic residues	compositional_bias
P49415	253-270	ECO:0000256|SAM:MobiDB-lite	Acidic residues	compositional_bias
P49415	299-309	ECO:0000256|SAM:MobiDB-lite	Polar residues	compositional_bias
P49415	36-46	ECO:0000256|SAM:MobiDB-lite	Low complexity	compositional_bias
P49415	383-399	ECO:0000256|SAM:MobiDB-lite	Polar residues	compositional_bias
P49415	67-77	ECO:0000256|SAM:MobiDB-lite	Basic and acidic residues	compositional_bias
P49415	99-116	ECO:0000256|SAM:MobiDB-lite	Polar residues	compositional_bias
P49455	293-305	ECO:0000256|SAM:MobiDB-lite	Pro residues	compositional_bias
P49455	318-348	ECO:0000256|SAM:MobiDB-lite	Low complexity	compositional_bias
P49455	357-374	ECO:0000256|SAM:MobiDB-lite	Pro residues	compositional_bias
P49455	394-405	ECO:0000256|SAM:MobiDB-lite	Pro residues	compositional_bias
P49455	406-518	ECO:0000256|SAM:MobiDB-lite	Low complexity	compositional_bias
P49657	132-141	ECO:0000256|SAM:MobiDB-lite	Basic and acidic residues	compositional_bias
P49657	556-566	ECO:0000256|SAM:MobiDB-lite	Gly residues	compositional_bias
P49657	567-576	ECO:0000256|SAM:MobiDB-lite	Low complexity	compositional_bias
P49657	577-589	ECO:0000256|SAM:MobiDB-lite	Pro residues	compositional_bias
P49657	623-654	ECO:0000256|SAM:MobiDB-lite	Polar residues	compositional_bias
P49657	655-664	ECO:0000256|SAM:MobiDB-lite	Low complexity	compositional_bias
P49657	868-893	ECO:0000256|SAM:MobiDB-lite	Low complexity	compositional_bias
P49735	1-11	ECO:0000256|SAM:MobiDB-lite	Pro residues	compositional_bias
P49735	33-42	ECO:0000256|SAM:MobiDB-lite	Acidic residues	compositional_bias
P49735	50-60	ECO:0000256|SAM:MobiDB-lite	Acidic residues	compositional_bias
P49735	66-78	ECO:0000256|SAM:MobiDB-lite	Basic and acidic residues	compositional_bias
P49735	97-119	ECO:0000256|SAM:MobiDB-lite	Basic and acidic residues	compositional_bias
P49762	137-158	ECO:0000256|SAM:MobiDB-lite	Low complexity	compositional_bias
P49762	183-203	ECO:0000256|SAM:MobiDB-lite	Low complexity	compositional_bias
P49762	20-32	ECO:0000256|SAM:MobiDB-lite	Basic and acidic residues	compositional_bias
P49762	271-282	ECO:0000256|SAM:MobiDB-lite	Polar residues	compositional_bias
P49762	285-310	ECO:0000256|SAM:MobiDB-lite	Low complexity	compositional_bias
P49762	347-365	ECO:0000256|SAM:MobiDB-lite	Low complexity	compositional_bias
P49762	396-419	ECO:0000256|SAM:MobiDB-lite	Low complexity	compositional_bias
P49762	40-53	ECO:0000256|SAM:MobiDB-lite	Low complexity	compositional_bias
P49762	8-18	ECO:0000256|SAM:MobiDB-lite	Polar residues	compositional_bias
P49762	823-832	ECO:0000256|SAM:MobiDB-lite	Basic and acidic residues	compositional_bias
P49846	314-324	ECO:0000256|SAM:MobiDB-lite	Basic and acidic residues	compositional_bias
P49866	100-133	ECO:0000256|SAM:MobiDB-lite	Low complexity	compositional_bias
P49866	487-512	ECO:0000256|SAM:MobiDB-lite	Polar residues	compositional_bias
P49866	563-574	ECO:0000256|SAM:MobiDB-lite	Low complexity	compositional_bias
P49866	608-620	ECO:0000256|SAM:MobiDB-lite	Polar residues	compositional_bias
P49869	175-185	ECO:0000256|SAM:MobiDB-lite	Low complexity	compositional_bias
P49869	263-277	ECO:0000256|SAM:MobiDB-lite	Low complexity	compositional_bias
P49869	279-291	ECO:0000256|SAM:MobiDB-lite	Basic residues	compositional_bias
P49869	292-326	ECO:0000256|SAM:MobiDB-lite	Low complexity	compositional_bias
P49869	441-458	ECO:0000256|SAM:MobiDB-lite	Low complexity	compositional_bias
P49869	495-514	ECO:0000256|SAM:MobiDB-lite	Low complexity	compositional_bias
P49869	59-82	ECO:0000256|SAM:MobiDB-lite	Low complexity	compositional_bias
P49869	619-636	ECO:0000256|SAM:MobiDB-lite	Low complexity	compositional_bias
P49905	48-58	ECO:0000256|SAM:MobiDB-lite	Low complexity	compositional_bias
P49905	59-71	ECO:0000256|SAM:MobiDB-lite	Gly residues	compositional_bias
P49905	72-86	ECO:0000256|SAM:MobiDB-lite	Low complexity	compositional_bias
P49906	44-62	ECO:0000256|SAM:MobiDB-lite	Basic and acidic residues	compositional_bias
P49906	7-16	ECO:0000256|SAM:MobiDB-lite	Polar residues	compositional_bias
P49906	78-88	ECO:0000256|SAM:MobiDB-lite	Basic and acidic residues	compositional_bias
P49963	123-143	ECO:0000256|SAM:MobiDB-lite	Polar residues	compositional_bias
P50445	227-237	ECO:0000256|SAM:MobiDB-lite	Acidic residues	compositional_bias
P50445	266-285	ECO:0000256|SAM:MobiDB-lite	Low complexity	compositional_bias
P50445	304-320	ECO:0000256|SAM:MobiDB-lite	Polar residues	compositional_bias
P50445	325-335	ECO:0000256|SAM:MobiDB-lite	Basic residues	compositional_bias
P50534	572-581	ECO:0000256|SAM:MobiDB-lite	Acidic residues	compositional_bias
P50534	687-704	ECO:0000256|SAM:MobiDB-lite	Pro residues	compositional_bias
P50534	705-714	ECO:0000256|SAM:MobiDB-lite	Basic and acidic residues	compositional_bias
P50534	715-726	ECO:0000256|SAM:MobiDB-lite	Basic residues	compositional_bias
P50534	742-759	ECO:0000256|SAM:MobiDB-lite	Polar residues	compositional_bias
P50535	1-13	ECO:0000256|SAM:MobiDB-lite	Basic residues	compositional_bias
P50535	1030-1039	ECO:0000256|SAM:MobiDB-lite	Basic residues	compositional_bias
P50535	255-266	ECO:0000256|SAM:MobiDB-lite	Basic and acidic residues	compositional_bias
P50535	368-392	ECO:0000256|SAM:MobiDB-lite	Acidic residues	compositional_bias
P50535	397-407	ECO:0000256|SAM:MobiDB-lite	Basic and acidic residues	compositional_bias
P50535	431-445	ECO:0000256|SAM:MobiDB-lite	Polar residues	compositional_bias
P50535	504-515	ECO:0000256|SAM:MobiDB-lite	Basic and acidic residues	compositional_bias
P50535	523-570	ECO:0000256|SAM:MobiDB-lite	Basic and acidic residues	compositional_bias
P50535	581-592	ECO:0000256|SAM:MobiDB-lite	Polar residues	compositional_bias
P50535	609-625	ECO:0000256|SAM:MobiDB-lite	Polar residues	compositional_bias
P50535	759-768	ECO:0000256|SAM:MobiDB-lite	Polar residues	compositional_bias
P50536	149-169	ECO:0000256|SAM:MobiDB-lite	Basic and acidic residues	compositional_bias
P50887	105-142	ECO:0000256|SAM:MobiDB-lite	Low complexity	compositional_bias
P50887	33-42	ECO:0000256|SAM:MobiDB-lite	Basic and acidic residues	compositional_bias
P50887	55-64	ECO:0000256|SAM:MobiDB-lite	Basic and acidic residues	compositional_bias
P50887	65-98	ECO:0000256|SAM:MobiDB-lite	Low complexity	compositional_bias
P51023	320-329	ECO:0000256|SAM:MobiDB-lite	Polar residues	compositional_bias
P51023	337-363	ECO:0000256|SAM:MobiDB-lite	Low complexity	compositional_bias
P51023	372-412	ECO:0000256|SAM:MobiDB-lite	Low complexity	compositional_bias
P51023	466-484	ECO:0000256|SAM:MobiDB-lite	Gly residues	compositional_bias
P51023	505-517	ECO:0000256|SAM:MobiDB-lite	Gly residues	compositional_bias
P51023	552-561	ECO:0000256|SAM:MobiDB-lite	Polar residues	compositional_bias
P51123	1019-1028	ECO:0000256|SAM:MobiDB-lite	Basic and acidic residues	compositional_bias
P51123	110-121	ECO:0000256|SAM:MobiDB-lite	Basic and acidic residues	compositional_bias
P51123	1151-1160	ECO:0000256|SAM:MobiDB-lite	Polar residues	compositional_bias
P51123	1163-1183	ECO:0000256|SAM:MobiDB-lite	Basic and acidic residues	compositional_bias
P51123	1184-1193	ECO:0000256|SAM:MobiDB-lite	Gly residues	compositional_bias
P51123	1368-1379	ECO:0000256|SAM:MobiDB-lite	Polar residues	compositional_bias
P51123	159-170	ECO:0000256|SAM:MobiDB-lite	Basic and acidic residues	compositional_bias
P51123	1836-1863	ECO:0000256|SAM:MobiDB-lite	Acidic residues	compositional_bias
P51123	200-215	ECO:0000256|SAM:MobiDB-lite	Basic and acidic residues	compositional_bias
P51123	2023-2037	ECO:0000256|SAM:MobiDB-lite	Acidic residues	compositional_bias
P51123	2101-2120	ECO:0000256|SAM:MobiDB-lite	Low complexity	compositional_bias
P51123	263-273	ECO:0000256|SAM:MobiDB-lite	Basic residues	compositional_bias
P51123	280-289	ECO:0000256|SAM:MobiDB-lite	Polar residues	compositional_bias
P51123	388-398	ECO:0000256|SAM:MobiDB-lite	Basic and acidic residues	compositional_bias
P51123	470-494	ECO:0000256|SAM:MobiDB-lite	Low complexity	compositional_bias
P51123	79-88	ECO:0000256|SAM:MobiDB-lite	Acidic residues	compositional_bias
P51140	217-229	ECO:0000256|SAM:MobiDB-lite	Basic residues	compositional_bias
P51140	597-609	ECO:0000256|SAM:MobiDB-lite	Gly residues	compositional_bias
P51521	1025-1044	ECO:0000256|SAM:MobiDB-lite	Low complexity	compositional_bias
P51521	104-119	ECO:0000256|SAM:MobiDB-lite	Low complexity	compositional_bias
P51521	1121-1175	ECO:0000256|SAM:MobiDB-lite	Low complexity	compositional_bias
P51521	205-232	ECO:0000256|SAM:MobiDB-lite	Basic and acidic residues	compositional_bias
P51521	233-242	ECO:0000256|SAM:MobiDB-lite	Acidic residues	compositional_bias
P51521	262-272	ECO:0000256|SAM:MobiDB-lite	Basic and acidic residues	compositional_bias
P51521	324-340	ECO:0000256|SAM:MobiDB-lite	Pro residues	compositional_bias
P51521	447-486	ECO:0000256|SAM:MobiDB-lite	Low complexity	compositional_bias
P51521	487-505	ECO:0000256|SAM:MobiDB-lite	Gly residues	compositional_bias
P51521	49-60	ECO:0000256|SAM:MobiDB-lite	Pro residues	compositional_bias
P51521	530-552	ECO:0000256|SAM:MobiDB-lite	Polar residues	compositional_bias
P51521	61-72	ECO:0000256|SAM:MobiDB-lite	Low complexity	compositional_bias
P51521	644-653	ECO:0000256|SAM:MobiDB-lite	Basic residues	compositional_bias
P51521	793-807	ECO:0000256|SAM:MobiDB-lite	Polar residues	compositional_bias
P51521	835-878	ECO:0000256|SAM:MobiDB-lite	Low complexity	compositional_bias
P51521	916-962	ECO:0000256|SAM:MobiDB-lite	Low complexity	compositional_bias
P51521	970-979	ECO:0000256|SAM:MobiDB-lite	Low complexity	compositional_bias
P51592	1008-1032	ECO:0000256|SAM:MobiDB-lite	Low complexity	compositional_bias
P51592	116-138	ECO:0000256|SAM:MobiDB-lite	Low complexity	compositional_bias
P51592	1669-1681	ECO:0000256|SAM:MobiDB-lite	Polar residues	compositional_bias
P51592	1696-1721	ECO:0000256|SAM:MobiDB-lite	Acidic residues	compositional_bias
P51592	1735-1749	ECO:0000256|SAM:MobiDB-lite	Polar residues	compositional_bias
P51592	2482-2492	ECO:0000256|SAM:MobiDB-lite	Polar residues	compositional_bias
P51592	266-276	ECO:0000256|SAM:MobiDB-lite	Low complexity	compositional_bias
P51592	277-291	ECO:0000256|SAM:MobiDB-lite	Polar residues	compositional_bias
P51592	598-615	ECO:0000256|SAM:MobiDB-lite	Polar residues	compositional_bias
P51592	650-664	ECO:0000256|SAM:MobiDB-lite	Basic and acidic residues	compositional_bias
P51592	711-722	ECO:0000256|SAM:MobiDB-lite	Low complexity	compositional_bias
P51592	95-108	ECO:0000256|SAM:MobiDB-lite	Low complexity	compositional_bias
P51905	32-42	ECO:0000256|SAM:MobiDB-lite	Acidic residues	compositional_bias
P52168	1-18	ECO:0000256|SAM:MobiDB-lite	Low complexity	compositional_bias
P52168	284-294	ECO:0000256|SAM:MobiDB-lite	Gly residues	compositional_bias
P52168	329-338	ECO:0000256|SAM:MobiDB-lite	Polar residues	compositional_bias
P52168	345-360	ECO:0000256|SAM:MobiDB-lite	Low complexity	compositional_bias
P52168	376-396	ECO:0000256|SAM:MobiDB-lite	Low complexity	compositional_bias
P52168	446-456	ECO:0000256|SAM:MobiDB-lite	Basic residues	compositional_bias
P52172	1-11	ECO:0000256|SAM:MobiDB-lite	Basic and acidic residues	compositional_bias
P52172	1008-1023	ECO:0000256|SAM:MobiDB-lite	Polar residues	compositional_bias
P52172	1024-1048	ECO:0000256|SAM:MobiDB-lite	Low complexity	compositional_bias
P52172	1185-1200	ECO:0000256|SAM:MobiDB-lite	Low complexity	compositional_bias
P52172	16-25	ECO:0000256|SAM:MobiDB-lite	Gly residues	compositional_bias
P52172	161-171	ECO:0000256|SAM:MobiDB-lite	Low complexity	compositional_bias
P52172	189-198	ECO:0000256|SAM:MobiDB-lite	Polar residues	compositional_bias
P52172	409-421	ECO:0000256|SAM:MobiDB-lite	Basic residues	compositional_bias
P52172	422-438	ECO:0000256|SAM:MobiDB-lite	Low complexity	compositional_bias
P52172	447-459	ECO:0000256|SAM:MobiDB-lite	Low complexity	compositional_bias
P52172	523-554	ECO:0000256|SAM:MobiDB-lite	Low complexity	compositional_bias
P52172	555-564	ECO:0000256|SAM:MobiDB-lite	Basic residues	compositional_bias
P52172	565-585	ECO:0000256|SAM:MobiDB-lite	Low complexity	compositional_bias
P52172	599-614	ECO:0000256|SAM:MobiDB-lite	Low complexity	compositional_bias
P52172	909-950	ECO:0000256|SAM:MobiDB-lite	Low complexity	compositional_bias
P52172	985-1007	ECO:0000256|SAM:MobiDB-lite	Low complexity	compositional_bias
P52295	1-22	ECO:0000256|SAM:MobiDB-lite	Polar residues	compositional_bias
P52302	439-448	ECO:0000256|SAM:MobiDB-lite	Gly residues	compositional_bias
P52485	1-37	ECO:0000256|SAM:MobiDB-lite	Low complexity	compositional_bias
P52485	58-67	ECO:0000256|SAM:MobiDB-lite	Gly residues	compositional_bias
P52654	146-162	ECO:0000256|SAM:MobiDB-lite	Low complexity	compositional_bias
P52654	264-317	ECO:0000256|SAM:MobiDB-lite	Acidic residues	compositional_bias
P53624	156-178	ECO:0000256|SAM:MobiDB-lite	Low complexity	compositional_bias
P53997	231-269	ECO:0000256|SAM:MobiDB-lite	Acidic residues	compositional_bias
P54269	288-298	ECO:0000256|SAM:MobiDB-lite	Basic and acidic residues	compositional_bias
P54269	308-317	ECO:0000256|SAM:MobiDB-lite	Basic and acidic residues	compositional_bias
P54269	397-419	ECO:0000256|SAM:MobiDB-lite	Low complexity	compositional_bias
P54269	41-59	ECO:0000256|SAM:MobiDB-lite	Low complexity	compositional_bias
P54269	493-515	ECO:0000256|SAM:MobiDB-lite	Low complexity	compositional_bias
P54269	516-527	ECO:0000256|SAM:MobiDB-lite	Basic residues	compositional_bias
P54269	609-627	ECO:0000256|SAM:MobiDB-lite	Low complexity	compositional_bias
P54269	651-675	ECO:0000256|SAM:MobiDB-lite	Basic residues	compositional_bias
P54350	1-10	ECO:0000256|SAM:MobiDB-lite	Basic and acidic residues	compositional_bias
P54350	153-165	ECO:0000256|SAM:MobiDB-lite	Polar residues	compositional_bias
P54350	37-48	ECO:0000256|SAM:MobiDB-lite	Basic and acidic residues	compositional_bias
P54352	1-19	ECO:0000256|SAM:MobiDB-lite	Polar residues	compositional_bias
P54352	33-68	ECO:0000256|SAM:MobiDB-lite	Low complexity	compositional_bias
P54352	69-88	ECO:0000256|SAM:MobiDB-lite	Basic and acidic residues	compositional_bias
P54353	44-53	ECO:0000256|SAM:MobiDB-lite	Gly residues	compositional_bias
P54360	187-199	ECO:0000256|SAM:MobiDB-lite	Basic and acidic residues	compositional_bias
P54360	206-219	ECO:0000256|SAM:MobiDB-lite	Low complexity	compositional_bias
P54362	1007-1016	ECO:0000256|SAM:MobiDB-lite	Low complexity	compositional_bias
P54362	1025-1034	ECO:0000256|SAM:MobiDB-lite	Polar residues	compositional_bias
P54362	769-784	ECO:0000256|SAM:MobiDB-lite	Basic residues	compositional_bias
P54362	822-836	ECO:0000256|SAM:MobiDB-lite	Basic and acidic residues	compositional_bias
P54362	882-906	ECO:0000256|SAM:MobiDB-lite	Basic and acidic residues	compositional_bias
P54362	928-942	ECO:0000256|SAM:MobiDB-lite	Low complexity	compositional_bias
P54362	986-1003	ECO:0000256|SAM:MobiDB-lite	Basic residues	compositional_bias
P54366	122-143	ECO:0000256|SAM:MobiDB-lite	Polar residues	compositional_bias
P54366	154-170	ECO:0000256|SAM:MobiDB-lite	Low complexity	compositional_bias
P54366	23-34	ECO:0000256|SAM:MobiDB-lite	Low complexity	compositional_bias
P54366	244-284	ECO:0000256|SAM:MobiDB-lite	Basic residues	compositional_bias
P54366	341-353	ECO:0000256|SAM:MobiDB-lite	Basic and acidic residues	compositional_bias
P54366	354-378	ECO:0000256|SAM:MobiDB-lite	Low complexity	compositional_bias
P54397	120-182	ECO:0000256|SAM:MobiDB-lite	Acidic residues	compositional_bias
P54397	222-237	ECO:0000256|SAM:MobiDB-lite	Basic and acidic residues	compositional_bias
P54399	476-489	ECO:0000256|SAM:MobiDB-lite	Acidic residues	compositional_bias
P54623	1237-1247	ECO:0000256|SAM:MobiDB-lite	Polar residues	compositional_bias
P54623	517-530	ECO:0000256|SAM:MobiDB-lite	Basic and acidic residues	compositional_bias
P54623	535-554	ECO:0000256|SAM:MobiDB-lite	Polar residues	compositional_bias
P54623	810-823	ECO:0000256|SAM:MobiDB-lite	Basic and acidic residues	compositional_bias
P54623	831-843	ECO:0000256|SAM:MobiDB-lite	Polar residues	compositional_bias
P54733	162-175	ECO:0000256|SAM:MobiDB-lite	Polar residues	compositional_bias
P54733	187-199	ECO:0000256|SAM:MobiDB-lite	Pro residues	compositional_bias
P54733	228-258	ECO:0000256|SAM:MobiDB-lite	Acidic residues	compositional_bias
P54733	260-277	ECO:0000256|SAM:MobiDB-lite	Polar residues	compositional_bias
P54733	61-70	ECO:0000256|SAM:MobiDB-lite	Polar residues	compositional_bias
P54733	677-709	ECO:0000256|SAM:MobiDB-lite	Low complexity	compositional_bias
P54733	7-29	ECO:0000256|SAM:MobiDB-lite	Polar residues	compositional_bias
P54733	91-106	ECO:0000256|SAM:MobiDB-lite	Polar residues	compositional_bias
P55035	225-240	ECO:0000256|SAM:MobiDB-lite	Basic and acidic residues	compositional_bias
P55035	249-262	ECO:0000256|SAM:MobiDB-lite	Gly residues	compositional_bias
P55035	263-278	ECO:0000256|SAM:MobiDB-lite	Low complexity	compositional_bias
P55035	381-396	ECO:0000256|SAM:MobiDB-lite	Basic and acidic residues	compositional_bias
P55824	10-39	ECO:0000256|SAM:MobiDB-lite	Low complexity	compositional_bias
P55824	1070-1082	ECO:0000256|SAM:MobiDB-lite	Low complexity	compositional_bias
P55824	2614-2627	ECO:0000256|SAM:MobiDB-lite	Low complexity	compositional_bias
P55824	2644-2671	ECO:0000256|SAM:MobiDB-lite	Low complexity	compositional_bias
P55824	2672-2691	ECO:0000256|SAM:MobiDB-lite	Polar residues	compositional_bias
P55824	71-85	ECO:0000256|SAM:MobiDB-lite	Polar residues	compositional_bias
P55841	146-157	ECO:0000256|SAM:MobiDB-lite	Basic and acidic residues	compositional_bias
P55965	20-35	ECO:0000256|SAM:MobiDB-lite	Gly residues	compositional_bias
P55965	316-330	ECO:0000256|SAM:MobiDB-lite	Low complexity	compositional_bias
P55965	337-351	ECO:0000256|SAM:MobiDB-lite	Polar residues	compositional_bias
P55965	352-373	ECO:0000256|SAM:MobiDB-lite	Low complexity	compositional_bias
P55965	381-401	ECO:0000256|SAM:MobiDB-lite	Low complexity	compositional_bias
P55965	469-488	ECO:0000256|SAM:MobiDB-lite	Low complexity	compositional_bias
P55965	50-60	ECO:0000256|SAM:MobiDB-lite	Gly residues	compositional_bias
P56544	96-107	ECO:0000256|SAM:MobiDB-lite	Basic and acidic residues	compositional_bias
P56672	277-291	ECO:0000256|SAM:MobiDB-lite	Low complexity	compositional_bias
P56672	306-315	ECO:0000256|SAM:MobiDB-lite	Polar residues	compositional_bias
P56672	319-338	ECO:0000256|SAM:MobiDB-lite	Low complexity	compositional_bias
P56672	350-364	ECO:0000256|SAM:MobiDB-lite	Low complexity	compositional_bias
P56672	81-90	ECO:0000256|SAM:MobiDB-lite	Gly residues	compositional_bias
P56672	91-103	ECO:0000256|SAM:MobiDB-lite	Low complexity	compositional_bias
P56721	266-276	ECO:0000256|SAM:MobiDB-lite	Polar residues	compositional_bias
P56721	479-492	ECO:0000256|SAM:MobiDB-lite	Low complexity	compositional_bias
P56721	546-557	ECO:0000256|SAM:MobiDB-lite	Basic residues	compositional_bias
P56721	561-575	ECO:0000256|SAM:MobiDB-lite	Low complexity	compositional_bias
P61857	429-446	ECO:0000256|SAM:MobiDB-lite	Acidic residues	compositional_bias
P81900	48-69	ECO:0000256|SAM:MobiDB-lite	Polar residues	compositional_bias
P82147	174-187	ECO:0000256|SAM:MobiDB-lite	Basic and acidic residues	compositional_bias
P82295	950-963	ECO:0000256|SAM:MobiDB-lite	Gly residues	compositional_bias
P82701	32-42	ECO:0000256|SAM:MobiDB-lite	Gly residues	compositional_bias
P82804	123-133	ECO:0000256|SAM:MobiDB-lite	Polar residues	compositional_bias
P82804	68-90	ECO:0000256|SAM:MobiDB-lite	Basic and acidic residues	compositional_bias
P82910	612-634	ECO:0000256|SAM:MobiDB-lite	Gly residues	compositional_bias
P83094	41-70	ECO:0000256|SAM:MobiDB-lite	Polar residues	compositional_bias
P83099	102-116	ECO:0000256|SAM:MobiDB-lite	Gly residues	compositional_bias
P83099	14-27	ECO:0000256|SAM:MobiDB-lite	Low complexity	compositional_bias
P83099	57-101	ECO:0000256|SAM:MobiDB-lite	Basic and acidic residues	compositional_bias
P83101	381-390	ECO:0000256|SAM:MobiDB-lite	Basic and acidic residues	compositional_bias
P83101	451-471	ECO:0000256|SAM:MobiDB-lite	Acidic residues	compositional_bias
P83101	482-501	ECO:0000256|SAM:MobiDB-lite	Acidic residues	compositional_bias
P83102	1-14	ECO:0000256|SAM:MobiDB-lite	Basic and acidic residues	compositional_bias
P83102	17-26	ECO:0000256|SAM:MobiDB-lite	Polar residues	compositional_bias
P83474	168-184	ECO:0000256|SAM:MobiDB-lite	Pro residues	compositional_bias
P83474	205-215	ECO:0000256|SAM:MobiDB-lite	Low complexity	compositional_bias
P83474	217-234	ECO:0000256|SAM:MobiDB-lite	Gly residues	compositional_bias
P83474	311-326	ECO:0000256|SAM:MobiDB-lite	Low complexity	compositional_bias
P83474	88-113	ECO:0000256|SAM:MobiDB-lite	Polar residues	compositional_bias
P83949	138-150	ECO:0000256|SAM:MobiDB-lite	Low complexity	compositional_bias
P84040	1-14	ECO:0000256|SAM:MobiDB-lite	Gly residues	compositional_bias
P84051	1-18	ECO:0000256|SAM:MobiDB-lite	Basic residues	compositional_bias
P91620	1-11	ECO:0000256|SAM:MobiDB-lite	Basic residues	compositional_bias
P91620	1080-1094	ECO:0000256|SAM:MobiDB-lite	Low complexity	compositional_bias
P91620	1399-1414	ECO:0000256|SAM:MobiDB-lite	Low complexity	compositional_bias
P91620	1800-1810	ECO:0000256|SAM:MobiDB-lite	Low complexity	compositional_bias
P91620	191-200	ECO:0000256|SAM:MobiDB-lite	Basic residues	compositional_bias
P91620	1915-1932	ECO:0000256|SAM:MobiDB-lite	Low complexity	compositional_bias
P91620	1959-1973	ECO:0000256|SAM:MobiDB-lite	Basic and acidic residues	compositional_bias
P91620	1996-2011	ECO:0000256|SAM:MobiDB-lite	Low complexity	compositional_bias
P91620	2012-2021	ECO:0000256|SAM:MobiDB-lite	Polar residues	compositional_bias
P91620	360-372	ECO:0000256|SAM:MobiDB-lite	Polar residues	compositional_bias
P91620	544-555	ECO:0000256|SAM:MobiDB-lite	Acidic residues	compositional_bias
P91620	573-582	ECO:0000256|SAM:MobiDB-lite	Polar residues	compositional_bias
P91620	591-600	ECO:0000256|SAM:MobiDB-lite	Gly residues	compositional_bias
P91621	1100-1114	ECO:0000256|SAM:MobiDB-lite	Low complexity	compositional_bias
P91621	1410-1424	ECO:0000256|SAM:MobiDB-lite	Low complexity	compositional_bias
P91621	1811-1821	ECO:0000256|SAM:MobiDB-lite	Low complexity	compositional_bias
P91621	1926-1943	ECO:0000256|SAM:MobiDB-lite	Low complexity	compositional_bias
P91621	1970-1984	ECO:0000256|SAM:MobiDB-lite	Basic and acidic residues	compositional_bias
P91621	2007-2022	ECO:0000256|SAM:MobiDB-lite	Low complexity	compositional_bias
P91621	2023-2032	ECO:0000256|SAM:MobiDB-lite	Polar residues	compositional_bias
P91621	275-284	ECO:0000256|SAM:MobiDB-lite	Polar residues	compositional_bias
P91621	338-351	ECO:0000256|SAM:MobiDB-lite	Low complexity	compositional_bias
P91621	459-476	ECO:0000256|SAM:MobiDB-lite	Low complexity	compositional_bias
P91621	522-553	ECO:0000256|SAM:MobiDB-lite	Low complexity	compositional_bias
P91621	564-576	ECO:0000256|SAM:MobiDB-lite	Polar residues	compositional_bias
P91621	634-655	ECO:0000256|SAM:MobiDB-lite	Basic and acidic residues	compositional_bias
P91621	732-743	ECO:0000256|SAM:MobiDB-lite	Polar residues	compositional_bias
P91623	166-176	ECO:0000256|SAM:MobiDB-lite	Polar residues	compositional_bias
P91623	20-34	ECO:0000256|SAM:MobiDB-lite	Gly residues	compositional_bias
P91623	236-251	ECO:0000256|SAM:MobiDB-lite	Low complexity	compositional_bias
P91623	40-65	ECO:0000256|SAM:MobiDB-lite	Low complexity	compositional_bias
P91645	1589-1600	ECO:0000256|SAM:MobiDB-lite	Basic residues	compositional_bias
P91645	1604-1619	ECO:0000256|SAM:MobiDB-lite	Low complexity	compositional_bias
P91645	1637-1649	ECO:0000256|SAM:MobiDB-lite	Polar residues	compositional_bias
P91645	1698-1710	ECO:0000256|SAM:MobiDB-lite	Polar residues	compositional_bias
P91645	1734-1764	ECO:0000256|SAM:MobiDB-lite	Basic and acidic residues	compositional_bias
P91645	395-406	ECO:0000256|SAM:MobiDB-lite	Acidic residues	compositional_bias
P91657	358-382	ECO:0000256|SAM:MobiDB-lite	Polar residues	compositional_bias
P91664	1-20	ECO:0000256|SAM:MobiDB-lite	Acidic residues	compositional_bias
P91664	130-147	ECO:0000256|SAM:MobiDB-lite	Acidic residues	compositional_bias
P91664	152-161	ECO:0000256|SAM:MobiDB-lite	Basic residues	compositional_bias
P91664	45-57	ECO:0000256|SAM:MobiDB-lite	Basic and acidic residues	compositional_bias
P91679	7-16	ECO:0000256|SAM:MobiDB-lite	Low complexity	compositional_bias
P91682	880-899	ECO:0000256|SAM:MobiDB-lite	Basic residues	compositional_bias
P91685	927-946	ECO:0000256|SAM:MobiDB-lite	Polar residues	compositional_bias
P91875	1340-1350	ECO:0000256|SAM:MobiDB-lite	Acidic residues	compositional_bias
P91875	1351-1361	ECO:0000256|SAM:MobiDB-lite	Basic and acidic residues	compositional_bias
P91875	1362-1373	ECO:0000256|SAM:MobiDB-lite	Acidic residues	compositional_bias
P91875	1386-1424	ECO:0000256|SAM:MobiDB-lite	Acidic residues	compositional_bias
P91926	651-662	ECO:0000256|SAM:MobiDB-lite	Polar residues	compositional_bias
P91926	668-679	ECO:0000256|SAM:MobiDB-lite	Low complexity	compositional_bias
P91927	877-926	ECO:0000256|SAM:MobiDB-lite	Basic and acidic residues	compositional_bias
P91927	935-945	ECO:0000256|SAM:MobiDB-lite	Gly residues	compositional_bias
P91927	946-959	ECO:0000256|SAM:MobiDB-lite	Low complexity	compositional_bias
P91927	960-970	ECO:0000256|SAM:MobiDB-lite	Basic and acidic residues	compositional_bias
P91927	981-1004	ECO:0000256|SAM:MobiDB-lite	Low complexity	compositional_bias
P91928	163-198	ECO:0000256|SAM:MobiDB-lite	Basic and acidic residues	compositional_bias
P91928	199-212	ECO:0000256|SAM:MobiDB-lite	Low complexity	compositional_bias
P91928	47-61	ECO:0000256|SAM:MobiDB-lite	Low complexity	compositional_bias
P91938	68-79	ECO:0000256|SAM:MobiDB-lite	Low complexity	compositional_bias
P91943	421-430	ECO:0000256|SAM:MobiDB-lite	Acidic residues	compositional_bias
P91943	457-474	ECO:0000256|SAM:MobiDB-lite	Low complexity	compositional_bias
P91943	516-545	ECO:0000256|SAM:MobiDB-lite	Low complexity	compositional_bias
P91943	54-66	ECO:0000256|SAM:MobiDB-lite	Basic and acidic residues	compositional_bias
P91943	699-721	ECO:0000256|SAM:MobiDB-lite	Polar residues	compositional_bias
P91943	729-751	ECO:0000256|SAM:MobiDB-lite	Polar residues	compositional_bias
P92189	146-162	ECO:0000256|SAM:MobiDB-lite	Basic and acidic residues	compositional_bias
P92189	235-244	ECO:0000256|SAM:MobiDB-lite	Low complexity	compositional_bias
P92204	141-163	ECO:0000256|SAM:MobiDB-lite	Basic and acidic residues	compositional_bias
P92204	25-36	ECO:0000256|SAM:MobiDB-lite	Basic residues	compositional_bias
P92204	49-61	ECO:0000256|SAM:MobiDB-lite	Basic and acidic residues	compositional_bias
P92204	73-83	ECO:0000256|SAM:MobiDB-lite	Polar residues	compositional_bias
P92204	87-96	ECO:0000256|SAM:MobiDB-lite	Basic and acidic residues	compositional_bias
P92204	97-112	ECO:0000256|SAM:MobiDB-lite	Polar residues	compositional_bias
P98081	1240-1249	ECO:0000256|SAM:MobiDB-lite	Acidic residues	compositional_bias
P98081	1267-1281	ECO:0000256|SAM:MobiDB-lite	Polar residues	compositional_bias
P98081	1292-1302	ECO:0000256|SAM:MobiDB-lite	Low complexity	compositional_bias
P98081	1361-1373	ECO:0000256|SAM:MobiDB-lite	Polar residues	compositional_bias
P98081	1386-1401	ECO:0000256|SAM:MobiDB-lite	Polar residues	compositional_bias
P98081	1438-1451	ECO:0000256|SAM:MobiDB-lite	Polar residues	compositional_bias
P98081	1555-1564	ECO:0000256|SAM:MobiDB-lite	Basic residues	compositional_bias
P98081	1616-1647	ECO:0000256|SAM:MobiDB-lite	Basic and acidic residues	compositional_bias
P98081	1680-1701	ECO:0000256|SAM:MobiDB-lite	Basic and acidic residues	compositional_bias
P98081	1725-1746	ECO:0000256|SAM:MobiDB-lite	Basic and acidic residues	compositional_bias
P98081	1775-1789	ECO:0000256|SAM:MobiDB-lite	Polar residues	compositional_bias
P98081	1838-1848	ECO:0000256|SAM:MobiDB-lite	Basic and acidic residues	compositional_bias
P98081	1882-1894	ECO:0000256|SAM:MobiDB-lite	Low complexity	compositional_bias
P98081	1913-1929	ECO:0000256|SAM:MobiDB-lite	Acidic residues	compositional_bias
P98081	1945-1960	ECO:0000256|SAM:MobiDB-lite	Basic and acidic residues	compositional_bias
P98081	1988-2003	ECO:0000256|SAM:MobiDB-lite	Polar residues	compositional_bias
P98081	2013-2024	ECO:0000256|SAM:MobiDB-lite	Polar residues	compositional_bias
P98081	2050-2067	ECO:0000256|SAM:MobiDB-lite	Polar residues	compositional_bias
P98081	2077-2086	ECO:0000256|SAM:MobiDB-lite	Basic and acidic residues	compositional_bias
P98081	2149-2162	ECO:0000256|SAM:MobiDB-lite	Polar residues	compositional_bias
P98081	2187-2206	ECO:0000256|SAM:MobiDB-lite	Basic and acidic residues	compositional_bias
P98081	363-377	ECO:0000256|SAM:MobiDB-lite	Low complexity	compositional_bias
P98081	711-723	ECO:0000256|SAM:MobiDB-lite	Polar residues	compositional_bias
P98081	780-799	ECO:0000256|SAM:MobiDB-lite	Pro residues	compositional_bias
P98081	827-839	ECO:0000256|SAM:MobiDB-lite	Polar residues	compositional_bias
P98081	880-890	ECO:0000256|SAM:MobiDB-lite	Pro residues	compositional_bias
P98149	604-624	ECO:0000256|SAM:MobiDB-lite	Low complexity	compositional_bias
P98149	628-638	ECO:0000256|SAM:MobiDB-lite	Polar residues	compositional_bias
P98159	1537-1557	ECO:0000256|SAM:MobiDB-lite	Low complexity	compositional_bias
P98159	1683-1700	ECO:0000256|SAM:MobiDB-lite	Low complexity	compositional_bias
P98159	537-547	ECO:0000256|SAM:MobiDB-lite	Low complexity	compositional_bias
P98159	548-565	ECO:0000256|SAM:MobiDB-lite	Polar residues	compositional_bias
P98159	804-817	ECO:0000256|SAM:MobiDB-lite	Polar residues	compositional_bias
P98163	1-19	ECO:0000256|SAM:MobiDB-lite	Basic and acidic residues	compositional_bias
P98163	1932-1946	ECO:0000256|SAM:MobiDB-lite	Gly residues	compositional_bias
P98163	30-48	ECO:0000256|SAM:MobiDB-lite	Polar residues	compositional_bias
Q00174	3265-3297	ECO:0000256|SAM:MobiDB-lite	Low complexity	compositional_bias
Q00449	664-682	ECO:0000256|SAM:MobiDB-lite	Acidic residues	compositional_bias
Q00449	697-711	ECO:0000256|SAM:MobiDB-lite	Basic residues	compositional_bias
Q00725	141-174	ECO:0000256|SAM:MobiDB-lite	Low complexity	compositional_bias
Q00725	181-208	ECO:0000256|SAM:MobiDB-lite	Basic residues	compositional_bias
Q00725	27-58	ECO:0000256|SAM:MobiDB-lite	Basic and acidic residues	compositional_bias
Q00725	282-291	ECO:0000256|SAM:MobiDB-lite	Basic residues	compositional_bias
Q00725	59-84	ECO:0000256|SAM:MobiDB-lite	Low complexity	compositional_bias
Q00963	2097-2140	ECO:0000256|SAM:MobiDB-lite	Basic and acidic residues	compositional_bias
Q00963	2262-2275	ECO:0000256|SAM:MobiDB-lite	Polar residues	compositional_bias
Q01068	205-215	ECO:0000256|SAM:MobiDB-lite	Polar residues	compositional_bias
Q01071	151-173	ECO:0000256|SAM:MobiDB-lite	Basic and acidic residues	compositional_bias
Q01083	56-71	ECO:0000256|SAM:MobiDB-lite	Low complexity	compositional_bias
Q01295	135-149	ECO:0000256|SAM:MobiDB-lite	Polar residues	compositional_bias
Q01295	227-238	ECO:0000256|SAM:MobiDB-lite	Low complexity	compositional_bias
Q01295	281-298	ECO:0000256|SAM:MobiDB-lite	Gly residues	compositional_bias
Q01295	341-355	ECO:0000256|SAM:MobiDB-lite	Basic and acidic residues	compositional_bias
Q01295	445-460	ECO:0000256|SAM:MobiDB-lite	Low complexity	compositional_bias
Q01295	475-495	ECO:0000256|SAM:MobiDB-lite	Low complexity	compositional_bias
Q01295	533-568	ECO:0000256|SAM:MobiDB-lite	Low complexity	compositional_bias
Q01295	713-727	ECO:0000256|SAM:MobiDB-lite	Low complexity	compositional_bias
Q01583	197-230	ECO:0000256|SAM:MobiDB-lite	Polar residues	compositional_bias
Q01583	231-244	ECO:0000256|SAM:MobiDB-lite	Low complexity	compositional_bias
Q01583	795-805	ECO:0000256|SAM:MobiDB-lite	Low complexity	compositional_bias
Q01583	826-841	ECO:0000256|SAM:MobiDB-lite	Basic and acidic residues	compositional_bias
Q01583	879-893	ECO:0000256|SAM:MobiDB-lite	Polar residues	compositional_bias
Q01583	931-958	ECO:0000256|SAM:MobiDB-lite	Low complexity	compositional_bias
Q01617	344-365	ECO:0000256|SAM:MobiDB-lite	Low complexity	compositional_bias
Q01819	40-54	ECO:0000256|SAM:MobiDB-lite	Low complexity	compositional_bias
Q01842	141-157	ECO:0000256|SAM:MobiDB-lite	Pro residues	compositional_bias
Q01842	176-193	ECO:0000256|SAM:MobiDB-lite	Polar residues	compositional_bias
Q01842	205-240	ECO:0000256|SAM:MobiDB-lite	Low complexity	compositional_bias
Q01842	506-539	ECO:0000256|SAM:MobiDB-lite	Low complexity	compositional_bias
Q01842	637-647	ECO:0000256|SAM:MobiDB-lite	Polar residues	compositional_bias
Q01842	690-709	ECO:0000256|SAM:MobiDB-lite	Polar residues	compositional_bias
Q02280	1034-1043	ECO:0000256|SAM:MobiDB-lite	Basic residues	compositional_bias
Q02280	1049-1093	ECO:0000256|SAM:MobiDB-lite	Low complexity	compositional_bias
Q02280	1121-1131	ECO:0000256|SAM:MobiDB-lite	Gly residues	compositional_bias
Q02280	1149-1167	ECO:0000256|SAM:MobiDB-lite	Low complexity	compositional_bias
Q02280	815-833	ECO:0000256|SAM:MobiDB-lite	Low complexity	compositional_bias
Q02280	940-949	ECO:0000256|SAM:MobiDB-lite	Polar residues	compositional_bias
Q02280	965-977	ECO:0000256|SAM:MobiDB-lite	Low complexity	compositional_bias
Q02308	1023-1055	ECO:0000256|SAM:MobiDB-lite	Low complexity	compositional_bias
Q02308	1056-1070	ECO:0000256|SAM:MobiDB-lite	Polar residues	compositional_bias
Q02308	115-130	ECO:0000256|SAM:MobiDB-lite	Low complexity	compositional_bias
Q02308	26-75	ECO:0000256|SAM:MobiDB-lite	Low complexity	compositional_bias
Q02308	269-286	ECO:0000256|SAM:MobiDB-lite	Low complexity	compositional_bias
Q02308	293-308	ECO:0000256|SAM:MobiDB-lite	Low complexity	compositional_bias
Q02308	408-439	ECO:0000256|SAM:MobiDB-lite	Basic and acidic residues	compositional_bias
Q02308	449-459	ECO:0000256|SAM:MobiDB-lite	Basic and acidic residues	compositional_bias
Q02308	596-607	ECO:0000256|SAM:MobiDB-lite	Gly residues	compositional_bias
Q02308	640-684	ECO:0000256|SAM:MobiDB-lite	Low complexity	compositional_bias
Q02308	704-713	ECO:0000256|SAM:MobiDB-lite	Polar residues	compositional_bias
Q02308	772-782	ECO:0000256|SAM:MobiDB-lite	Polar residues	compositional_bias
Q02308	783-798	ECO:0000256|SAM:MobiDB-lite	Low complexity	compositional_bias
Q02308	811-829	ECO:0000256|SAM:MobiDB-lite	Low complexity	compositional_bias
Q02308	837-846	ECO:0000256|SAM:MobiDB-lite	Polar residues	compositional_bias
Q02308	865-876	ECO:0000256|SAM:MobiDB-lite	Low complexity	compositional_bias
Q02308	984-995	ECO:0000256|SAM:MobiDB-lite	Basic residues	compositional_bias
Q02308	996-1012	ECO:0000256|SAM:MobiDB-lite	Low complexity	compositional_bias
Q02360	186-199	ECO:0000256|SAM:MobiDB-lite	Basic residues	compositional_bias
Q02360	201-212	ECO:0000256|SAM:MobiDB-lite	Basic and acidic residues	compositional_bias
Q02360	285-295	ECO:0000256|SAM:MobiDB-lite	Low complexity	compositional_bias
Q02361	1-17	ECO:0000256|SAM:MobiDB-lite	Polar residues	compositional_bias
Q02361	289-298	ECO:0000256|SAM:MobiDB-lite	Gly residues	compositional_bias
Q02361	351-364	ECO:0000256|SAM:MobiDB-lite	Acidic residues	compositional_bias
Q02361	64-80	ECO:0000256|SAM:MobiDB-lite	Gly residues	compositional_bias
Q02637	215-229	ECO:0000256|SAM:MobiDB-lite	Low complexity	compositional_bias
Q02637	280-301	ECO:0000256|SAM:MobiDB-lite	Low complexity	compositional_bias
Q02637	339-349	ECO:0000256|SAM:MobiDB-lite	Low complexity	compositional_bias
Q02637	357-368	ECO:0000256|SAM:MobiDB-lite	Basic and acidic residues	compositional_bias
Q02645	22-36	ECO:0000256|SAM:MobiDB-lite	Basic and acidic residues	compositional_bias
Q02645	904-929	ECO:0000256|SAM:MobiDB-lite	Basic and acidic residues	compositional_bias
Q02870	10-25	ECO:0000256|SAM:MobiDB-lite	Basic and acidic residues	compositional_bias
Q02870	33-42	ECO:0000256|SAM:MobiDB-lite	Acidic residues	compositional_bias
Q02926	222-238	ECO:0000256|SAM:MobiDB-lite	Low complexity	compositional_bias
Q02926	259-293	ECO:0000256|SAM:MobiDB-lite	Pro residues	compositional_bias
Q02926	300-318	ECO:0000256|SAM:MobiDB-lite	Pro residues	compositional_bias
Q02926	329-369	ECO:0000256|SAM:MobiDB-lite	Pro residues	compositional_bias
Q02926	370-381	ECO:0000256|SAM:MobiDB-lite	Low complexity	compositional_bias
Q02926	401-411	ECO:0000256|SAM:MobiDB-lite	Polar residues	compositional_bias
Q02926	436-447	ECO:0000256|SAM:MobiDB-lite	Pro residues	compositional_bias
Q02926	455-471	ECO:0000256|SAM:MobiDB-lite	Polar residues	compositional_bias
Q03017	1-43	ECO:0000256|SAM:MobiDB-lite	Low complexity	compositional_bias
Q03017	118-130	ECO:0000256|SAM:MobiDB-lite	Acidic residues	compositional_bias
Q03017	171-189	ECO:0000256|SAM:MobiDB-lite	Polar residues	compositional_bias
Q03017	190-212	ECO:0000256|SAM:MobiDB-lite	Low complexity	compositional_bias
Q03017	69-86	ECO:0000256|SAM:MobiDB-lite	Polar residues	compositional_bias
Q03042	114-127	ECO:0000256|SAM:MobiDB-lite	Low complexity	compositional_bias
Q03043	144-157	ECO:0000256|SAM:MobiDB-lite	Basic and acidic residues	compositional_bias
Q03043	15-28	ECO:0000256|SAM:MobiDB-lite	Polar residues	compositional_bias
Q03043	441-461	ECO:0000256|SAM:MobiDB-lite	Gly residues	compositional_bias
Q03372	160-173	ECO:0000256|SAM:MobiDB-lite	Low complexity	compositional_bias
Q03372	17-65	ECO:0000256|SAM:MobiDB-lite	Low complexity	compositional_bias
Q03372	214-249	ECO:0000256|SAM:MobiDB-lite	Low complexity	compositional_bias
Q03372	254-265	ECO:0000256|SAM:MobiDB-lite	Polar residues	compositional_bias
Q03372	7-16	ECO:0000256|SAM:MobiDB-lite	Polar residues	compositional_bias
Q03427	33-42	ECO:0000256|SAM:MobiDB-lite	Low complexity	compositional_bias
Q03427	409-450	ECO:0000256|SAM:MobiDB-lite	Polar residues	compositional_bias
Q03427	7-31	ECO:0000256|SAM:MobiDB-lite	Polar residues	compositional_bias
Q03445	308-318	ECO:0000256|SAM:MobiDB-lite	Polar residues	compositional_bias
Q03445	365-379	ECO:0000256|SAM:MobiDB-lite	Low complexity	compositional_bias
Q03720	746-776	ECO:0000256|SAM:MobiDB-lite	Polar residues	compositional_bias
Q03751	146-162	ECO:0000256|SAM:MobiDB-lite	Basic and acidic residues	compositional_bias
Q03751	227-241	ECO:0000256|SAM:MobiDB-lite	Polar residues	compositional_bias
Q04047	144-175	ECO:0000256|SAM:MobiDB-lite	Low complexity	compositional_bias
Q04047	176-208	ECO:0000256|SAM:MobiDB-lite	Gly residues	compositional_bias
Q04047	253-266	ECO:0000256|SAM:MobiDB-lite	Gly residues	compositional_bias
Q04047	54-69	ECO:0000256|SAM:MobiDB-lite	Low complexity	compositional_bias
Q04047	568-582	ECO:0000256|SAM:MobiDB-lite	Basic and acidic residues	compositional_bias
Q04047	682-691	ECO:0000256|SAM:MobiDB-lite	Gly residues	compositional_bias
Q04047	70-79	ECO:0000256|SAM:MobiDB-lite	Gly residues	compositional_bias
Q04047	80-89	ECO:0000256|SAM:MobiDB-lite	Low complexity	compositional_bias
Q04047	9-29	ECO:0000256|SAM:MobiDB-lite	Low complexity	compositional_bias
Q04047	96-124	ECO:0000256|SAM:MobiDB-lite	Low complexity	compositional_bias
Q04164	1035-1055	ECO:0000256|SAM:MobiDB-lite	Low complexity	compositional_bias
Q04164	1106-1123	ECO:0000256|SAM:MobiDB-lite	Low complexity	compositional_bias
Q04164	1160-1180	ECO:0000256|SAM:MobiDB-lite	Low complexity	compositional_bias
Q04164	1223-1257	ECO:0000256|SAM:MobiDB-lite	Low complexity	compositional_bias
Q04164	1262-1277	ECO:0000256|SAM:MobiDB-lite	Polar residues	compositional_bias
Q04164	133-148	ECO:0000256|SAM:MobiDB-lite	Low complexity	compositional_bias
Q04164	167-182	ECO:0000256|SAM:MobiDB-lite	Basic and acidic residues	compositional_bias
Q04164	250-284	ECO:0000256|SAM:MobiDB-lite	Low complexity	compositional_bias
Q04164	314-335	ECO:0000256|SAM:MobiDB-lite	Low complexity	compositional_bias
Q04164	350-380	ECO:0000256|SAM:MobiDB-lite	Low complexity	compositional_bias
Q04164	434-448	ECO:0000256|SAM:MobiDB-lite	Low complexity	compositional_bias
Q04164	496-510	ECO:0000256|SAM:MobiDB-lite	Low complexity	compositional_bias
Q04164	619-633	ECO:0000256|SAM:MobiDB-lite	Polar residues	compositional_bias
Q04164	70-113	ECO:0000256|SAM:MobiDB-lite	Low complexity	compositional_bias
Q04164	919-930	ECO:0000256|SAM:MobiDB-lite	Polar residues	compositional_bias
Q04164	998-1015	ECO:0000256|SAM:MobiDB-lite	Low complexity	compositional_bias
Q04499	76-87	ECO:0000256|SAM:MobiDB-lite	Polar residues	compositional_bias
Q04499	88-99	ECO:0000256|SAM:MobiDB-lite	Basic and acidic residues	compositional_bias
Q04652	1125-1137	ECO:0000256|SAM:MobiDB-lite	Polar residues	compositional_bias
Q04652	1166-1192	ECO:0000256|SAM:MobiDB-lite	Low complexity	compositional_bias
Q04652	1374-1391	ECO:0000256|SAM:MobiDB-lite	Low complexity	compositional_bias
Q04652	1456-1477	ECO:0000256|SAM:MobiDB-lite	Low complexity	compositional_bias
Q04652	20-46	ECO:0000256|SAM:MobiDB-lite	Low complexity	compositional_bias
Q04652	763-813	ECO:0000256|SAM:MobiDB-lite	Low complexity	compositional_bias
Q04652	820-839	ECO:0000256|SAM:MobiDB-lite	Low complexity	compositional_bias
Q04688	138-157	ECO:0000256|SAM:MobiDB-lite	Low complexity	compositional_bias
Q04688	291-300	ECO:0000256|SAM:MobiDB-lite	Polar residues	compositional_bias
Q04787	105-132	ECO:0000256|SAM:MobiDB-lite	Low complexity	compositional_bias
Q04787	158-170	ECO:0000256|SAM:MobiDB-lite	Polar residues	compositional_bias
Q04787	17-27	ECO:0000256|SAM:MobiDB-lite	Low complexity	compositional_bias
Q04787	177-192	ECO:0000256|SAM:MobiDB-lite	Pro residues	compositional_bias
Q04787	335-350	ECO:0000256|SAM:MobiDB-lite	Basic and acidic residues	compositional_bias
Q04787	376-388	ECO:0000256|SAM:MobiDB-lite	Polar residues	compositional_bias
Q04787	400-415	ECO:0000256|SAM:MobiDB-lite	Acidic residues	compositional_bias
Q04787	69-84	ECO:0000256|SAM:MobiDB-lite	Polar residues	compositional_bias
Q05192	1-14	ECO:0000256|SAM:MobiDB-lite	Polar residues	compositional_bias
Q05192	254-265	ECO:0000256|SAM:MobiDB-lite	Polar residues	compositional_bias
Q05192	280-289	ECO:0000256|SAM:MobiDB-lite	Low complexity	compositional_bias
Q05192	327-351	ECO:0000256|SAM:MobiDB-lite	Polar residues	compositional_bias
Q05192	516-525	ECO:0000256|SAM:MobiDB-lite	Polar residues	compositional_bias
Q05201	22-40	ECO:0000256|SAM:MobiDB-lite	Basic and acidic residues	compositional_bias
Q05201	365-384	ECO:0000256|SAM:MobiDB-lite	Low complexity	compositional_bias
Q05201	385-401	ECO:0000256|SAM:MobiDB-lite	Polar residues	compositional_bias
Q05201	45-76	ECO:0000256|SAM:MobiDB-lite	Low complexity	compositional_bias
Q05201	472-486	ECO:0000256|SAM:MobiDB-lite	Polar residues	compositional_bias
Q05201	89-110	ECO:0000256|SAM:MobiDB-lite	Gly residues	compositional_bias
Q05319	262-280	ECO:0000256|SAM:MobiDB-lite	Low complexity	compositional_bias
Q05319	287-303	ECO:0000256|SAM:MobiDB-lite	Low complexity	compositional_bias
Q05319	358-368	ECO:0000256|SAM:MobiDB-lite	Low complexity	compositional_bias
Q05319	393-438	ECO:0000256|SAM:MobiDB-lite	Low complexity	compositional_bias
Q05319	449-485	ECO:0000256|SAM:MobiDB-lite	Low complexity	compositional_bias
Q05319	502-512	ECO:0000256|SAM:MobiDB-lite	Polar residues	compositional_bias
Q05344	464-478	ECO:0000256|SAM:MobiDB-lite	Acidic residues	compositional_bias
Q05344	486-507	ECO:0000256|SAM:MobiDB-lite	Acidic residues	compositional_bias
Q05344	531-557	ECO:0000256|SAM:MobiDB-lite	Basic residues	compositional_bias
Q05344	586-621	ECO:0000256|SAM:MobiDB-lite	Basic and acidic residues	compositional_bias
Q05344	644-656	ECO:0000256|SAM:MobiDB-lite	Polar residues	compositional_bias
Q05344	664-676	ECO:0000256|SAM:MobiDB-lite	Acidic residues	compositional_bias
Q05344	677-692	ECO:0000256|SAM:MobiDB-lite	Basic and acidic residues	compositional_bias
Q05344	702-723	ECO:0000256|SAM:MobiDB-lite	Acidic residues	compositional_bias
Q05652	149-167	ECO:0000256|SAM:MobiDB-lite	Low complexity	compositional_bias
Q05652	7-18	ECO:0000256|SAM:MobiDB-lite	Low complexity	compositional_bias
Q05733	575-605	ECO:0000256|SAM:MobiDB-lite	Polar residues	compositional_bias
Q05733	606-616	ECO:0000256|SAM:MobiDB-lite	Acidic residues	compositional_bias
Q05733	634-657	ECO:0000256|SAM:MobiDB-lite	Low complexity	compositional_bias
Q05733	769-787	ECO:0000256|SAM:MobiDB-lite	Low complexity	compositional_bias
Q05733	832-847	ECO:0000256|SAM:MobiDB-lite	Polar residues	compositional_bias
Q05783	103-112	ECO:0000256|SAM:MobiDB-lite	Acidic residues	compositional_bias
Q05783	84-98	ECO:0000256|SAM:MobiDB-lite	Basic residues	compositional_bias
Q05856	176-199	ECO:0000256|SAM:MobiDB-lite	Pro residues	compositional_bias
Q05913	240-256	ECO:0000256|SAM:MobiDB-lite	Acidic residues	compositional_bias
Q05913	257-271	ECO:0000256|SAM:MobiDB-lite	Basic and acidic residues	compositional_bias
Q05913	272-285	ECO:0000256|SAM:MobiDB-lite	Basic residues	compositional_bias
Q05913	289-304	ECO:0000256|SAM:MobiDB-lite	Acidic residues	compositional_bias
Q05913	319-341	ECO:0000256|SAM:MobiDB-lite	Basic and acidic residues	compositional_bias
Q05913	362-376	ECO:0000256|SAM:MobiDB-lite	Basic and acidic residues	compositional_bias
Q05913	392-406	ECO:0000256|SAM:MobiDB-lite	Low complexity	compositional_bias
Q05913	423-437	ECO:0000256|SAM:MobiDB-lite	Basic and acidic residues	compositional_bias
Q05913	438-456	ECO:0000256|SAM:MobiDB-lite	Low complexity	compositional_bias
Q05913	471-489	ECO:0000256|SAM:MobiDB-lite	Polar residues	compositional_bias
Q05913	496-506	ECO:0000256|SAM:MobiDB-lite	Polar residues	compositional_bias
Q06453	287-296	ECO:0000256|SAM:MobiDB-lite	Low complexity	compositional_bias
Q06453	297-308	ECO:0000256|SAM:MobiDB-lite	Pro residues	compositional_bias
Q06453	331-352	ECO:0000256|SAM:MobiDB-lite	Polar residues	compositional_bias
Q06453	353-369	ECO:0000256|SAM:MobiDB-lite	Pro residues	compositional_bias
Q06559	214-228	ECO:0000256|SAM:MobiDB-lite	Basic and acidic residues	compositional_bias
Q06559	236-246	ECO:0000256|SAM:MobiDB-lite	Basic and acidic residues	compositional_bias
Q06943	102-111	ECO:0000256|SAM:MobiDB-lite	Acidic residues	compositional_bias
Q06943	82-98	ECO:0000256|SAM:MobiDB-lite	Basic residues	compositional_bias
Q07407	66-77	ECO:0000256|SAM:MobiDB-lite	Low complexity	compositional_bias
Q07407	78-89	ECO:0000256|SAM:MobiDB-lite	Acidic residues	compositional_bias
Q07436	1001-1019	ECO:0000256|SAM:MobiDB-lite	Pro residues	compositional_bias
Q07436	1214-1230	ECO:0000256|SAM:MobiDB-lite	Pro residues	compositional_bias
Q07436	1237-1246	ECO:0000256|SAM:MobiDB-lite	Pro residues	compositional_bias
Q07436	1253-1262	ECO:0000256|SAM:MobiDB-lite	Polar residues	compositional_bias
Q07436	1345-1370	ECO:0000256|SAM:MobiDB-lite	Polar residues	compositional_bias
Q07436	1376-1388	ECO:0000256|SAM:MobiDB-lite	Basic residues	compositional_bias
Q07436	192-211	ECO:0000256|SAM:MobiDB-lite	Polar residues	compositional_bias
Q07436	524-544	ECO:0000256|SAM:MobiDB-lite	Polar residues	compositional_bias
Q07436	545-559	ECO:0000256|SAM:MobiDB-lite	Low complexity	compositional_bias
Q07436	688-710	ECO:0000256|SAM:MobiDB-lite	Basic and acidic residues	compositional_bias
Q07436	818-838	ECO:0000256|SAM:MobiDB-lite	Pro residues	compositional_bias
Q07436	848-859	ECO:0000256|SAM:MobiDB-lite	Polar residues	compositional_bias
Q07436	860-877	ECO:0000256|SAM:MobiDB-lite	Low complexity	compositional_bias
Q07436	951-963	ECO:0000256|SAM:MobiDB-lite	Basic residues	compositional_bias
Q07886	460-482	ECO:0000256|SAM:MobiDB-lite	Basic and acidic residues	compositional_bias
Q07886	502-521	ECO:0000256|SAM:MobiDB-lite	Basic and acidic residues	compositional_bias
Q08180	692-701	ECO:0000256|SAM:MobiDB-lite	Polar residues	compositional_bias
Q08180	702-719	ECO:0000256|SAM:MobiDB-lite	Low complexity	compositional_bias
Q08473	222-238	ECO:0000256|SAM:MobiDB-lite	Gly residues	compositional_bias
Q08473	301-337	ECO:0000256|SAM:MobiDB-lite	Gly residues	compositional_bias
Q08473	36-49	ECO:0000256|SAM:MobiDB-lite	Polar residues	compositional_bias
Q08605	381-401	ECO:0000256|SAM:MobiDB-lite	Low complexity	compositional_bias
Q09101	129-138	ECO:0000256|SAM:MobiDB-lite	Acidic residues	compositional_bias
Q09101	139-149	ECO:0000256|SAM:MobiDB-lite	Basic and acidic residues	compositional_bias
Q09101	150-168	ECO:0000256|SAM:MobiDB-lite	Basic residues	compositional_bias
Q09101	267-292	ECO:0000256|SAM:MobiDB-lite	Basic and acidic residues	compositional_bias
Q09101	320-333	ECO:0000256|SAM:MobiDB-lite	Basic and acidic residues	compositional_bias
Q09101	437-447	ECO:0000256|SAM:MobiDB-lite	Acidic residues	compositional_bias
Q09103	141-154	ECO:0000256|SAM:MobiDB-lite	Low complexity	compositional_bias
Q09103	214-253	ECO:0000256|SAM:MobiDB-lite	Acidic residues	compositional_bias
Q09103	22-62	ECO:0000256|SAM:MobiDB-lite	Low complexity	compositional_bias
Q09103	254-266	ECO:0000256|SAM:MobiDB-lite	Basic and acidic residues	compositional_bias
Q09103	294-303	ECO:0000256|SAM:MobiDB-lite	Basic residues	compositional_bias
Q09103	763-778	ECO:0000256|SAM:MobiDB-lite	Gly residues	compositional_bias
Q09103	779-789	ECO:0000256|SAM:MobiDB-lite	Basic residues	compositional_bias
Q09103	98-115	ECO:0000256|SAM:MobiDB-lite	Low complexity	compositional_bias
Q09147	358-372	ECO:0000256|SAM:MobiDB-lite	Low complexity	compositional_bias
Q09332	1512-1523	ECO:0000256|SAM:MobiDB-lite	Basic and acidic residues	compositional_bias
Q09332	243-253	ECO:0000256|SAM:MobiDB-lite	Basic and acidic residues	compositional_bias
Q0E908	117-137	ECO:0000256|SAM:MobiDB-lite	Polar residues	compositional_bias
Q0E940	1-11	ECO:0000256|SAM:MobiDB-lite	Basic and acidic residues	compositional_bias
Q0E940	15-25	ECO:0000256|SAM:MobiDB-lite	Acidic residues	compositional_bias
Q0E961	1097-1115	ECO:0000256|SAM:MobiDB-lite	Polar residues	compositional_bias
Q0E961	1186-1196	ECO:0000256|SAM:MobiDB-lite	Polar residues	compositional_bias
Q0E961	1197-1209	ECO:0000256|SAM:MobiDB-lite	Low complexity	compositional_bias
Q0E961	16-25	ECO:0000256|SAM:MobiDB-lite	Polar residues	compositional_bias
Q0E961	258-282	ECO:0000256|SAM:MobiDB-lite	Polar residues	compositional_bias
Q0E961	28-43	ECO:0000256|SAM:MobiDB-lite	Gly residues	compositional_bias
Q0E961	369-383	ECO:0000256|SAM:MobiDB-lite	Basic and acidic residues	compositional_bias
Q0E961	413-436	ECO:0000256|SAM:MobiDB-lite	Polar residues	compositional_bias
Q0E961	437-453	ECO:0000256|SAM:MobiDB-lite	Low complexity	compositional_bias
Q0E961	463-473	ECO:0000256|SAM:MobiDB-lite	Polar residues	compositional_bias
Q0E9G3	389-398	ECO:0000256|SAM:MobiDB-lite	Acidic residues	compositional_bias
Q0E9G3	552-571	ECO:0000256|SAM:MobiDB-lite	Basic and acidic residues	compositional_bias
Q0E9G3	582-596	ECO:0000256|SAM:MobiDB-lite	Acidic residues	compositional_bias
Q0E9G3	597-607	ECO:0000256|SAM:MobiDB-lite	Low complexity	compositional_bias
Q0E9G3	608-619	ECO:0000256|SAM:MobiDB-lite	Basic residues	compositional_bias
Q0E9G3	759-773	ECO:0000256|SAM:MobiDB-lite	Basic residues	compositional_bias
Q0E9G3	785-798	ECO:0000256|SAM:MobiDB-lite	Basic and acidic residues	compositional_bias
Q0E9H9	1826-1836	ECO:0000256|SAM:MobiDB-lite	Polar residues	compositional_bias
Q0E9H9	1897-1918	ECO:0000256|SAM:MobiDB-lite	Low complexity	compositional_bias
Q0E9H9	1944-1962	ECO:0000256|SAM:MobiDB-lite	Basic and acidic residues	compositional_bias
Q0E9H9	1974-1993	ECO:0000256|SAM:MobiDB-lite	Basic and acidic residues	compositional_bias
Q0E9H9	1994-2004	ECO:0000256|SAM:MobiDB-lite	Polar residues	compositional_bias
Q0KHQ5	341-350	ECO:0000256|SAM:MobiDB-lite	Polar residues	compositional_bias
Q0KHQ5	359-376	ECO:0000256|SAM:MobiDB-lite	Low complexity	compositional_bias
Q0KHQ5	377-387	ECO:0000256|SAM:MobiDB-lite	Basic residues	compositional_bias
Q0KHQ5	388-397	ECO:0000256|SAM:MobiDB-lite	Low complexity	compositional_bias
Q0KHQ5	413-429	ECO:0000256|SAM:MobiDB-lite	Low complexity	compositional_bias
Q0KHQ5	444-454	ECO:0000256|SAM:MobiDB-lite	Polar residues	compositional_bias
Q0KHQ5	485-500	ECO:0000256|SAM:MobiDB-lite	Gly residues	compositional_bias
Q0KHQ5	677-693	ECO:0000256|SAM:MobiDB-lite	Basic and acidic residues	compositional_bias
Q0KHT7	312-343	ECO:0000256|SAM:MobiDB-lite	Acidic residues	compositional_bias
Q0KHT7	352-363	ECO:0000256|SAM:MobiDB-lite	Low complexity	compositional_bias
Q0KHT7	373-382	ECO:0000256|SAM:MobiDB-lite	Basic residues	compositional_bias
Q0KHT7	512-525	ECO:0000256|SAM:MobiDB-lite	Low complexity	compositional_bias
Q0KHT7	526-541	ECO:0000256|SAM:MobiDB-lite	Polar residues	compositional_bias
Q0KHT7	555-564	ECO:0000256|SAM:MobiDB-lite	Polar residues	compositional_bias
Q0KHT7	565-583	ECO:0000256|SAM:MobiDB-lite	Low complexity	compositional_bias
Q0KHT7	614-631	ECO:0000256|SAM:MobiDB-lite	Low complexity	compositional_bias
Q0KHT7	632-650	ECO:0000256|SAM:MobiDB-lite	Basic residues	compositional_bias
Q0KHV6	285-306	ECO:0000256|SAM:MobiDB-lite	Basic and acidic residues	compositional_bias
Q0KHV6	310-322	ECO:0000256|SAM:MobiDB-lite	Polar residues	compositional_bias
Q0KHY3	1233-1242	ECO:0000256|SAM:MobiDB-lite	Polar residues	compositional_bias
Q0KHY3	1329-1338	ECO:0000256|SAM:MobiDB-lite	Acidic residues	compositional_bias
Q0KHY3	1365-1396	ECO:0000256|SAM:MobiDB-lite	Polar residues	compositional_bias
Q0KHY3	1404-1434	ECO:0000256|SAM:MobiDB-lite	Polar residues	compositional_bias
Q0KI50	11-37	ECO:0000256|SAM:MobiDB-lite	Low complexity	compositional_bias
Q0KI50	143-157	ECO:0000256|SAM:MobiDB-lite	Polar residues	compositional_bias
Q0KI50	1682-1694	ECO:0000256|SAM:MobiDB-lite	Polar residues	compositional_bias
Q0KI50	1765-1796	ECO:0000256|SAM:MobiDB-lite	Polar residues	compositional_bias
Q0KI50	1815-1826	ECO:0000256|SAM:MobiDB-lite	Acidic residues	compositional_bias
Q0KI50	1827-1845	ECO:0000256|SAM:MobiDB-lite	Low complexity	compositional_bias
Q0KI50	276-296	ECO:0000256|SAM:MobiDB-lite	Low complexity	compositional_bias
Q0KI50	331-345	ECO:0000256|SAM:MobiDB-lite	Polar residues	compositional_bias
Q0KI50	518-536	ECO:0000256|SAM:MobiDB-lite	Polar residues	compositional_bias
Q0KI50	595-606	ECO:0000256|SAM:MobiDB-lite	Gly residues	compositional_bias
Q0KI50	716-727	ECO:0000256|SAM:MobiDB-lite	Polar residues	compositional_bias
Q0KI50	728-740	ECO:0000256|SAM:MobiDB-lite	Low complexity	compositional_bias
Q0KI50	783-814	ECO:0000256|SAM:MobiDB-lite	Low complexity	compositional_bias
Q0KI50	815-830	ECO:0000256|SAM:MobiDB-lite	Polar residues	compositional_bias
Q0KI50	84-96	ECO:0000256|SAM:MobiDB-lite	Low complexity	compositional_bias
Q0KIA2	130-143	ECO:0000256|SAM:MobiDB-lite	Polar residues	compositional_bias
Q0KIA2	182-196	ECO:0000256|SAM:MobiDB-lite	Low complexity	compositional_bias
Q0KIA2	197-217	ECO:0000256|SAM:MobiDB-lite	Polar residues	compositional_bias
Q0KIC3	1151-1160	ECO:0000256|SAM:MobiDB-lite	Polar residues	compositional_bias
Q0KIC3	17-28	ECO:0000256|SAM:MobiDB-lite	Polar residues	compositional_bias
Q0KIC3	184-198	ECO:0000256|SAM:MobiDB-lite	Low complexity	compositional_bias
Q0KIC3	238-251	ECO:0000256|SAM:MobiDB-lite	Low complexity	compositional_bias
Q0KIC3	257-287	ECO:0000256|SAM:MobiDB-lite	Polar residues	compositional_bias
Q0KIC3	399-408	ECO:0000256|SAM:MobiDB-lite	Polar residues	compositional_bias
Q0KIC3	486-499	ECO:0000256|SAM:MobiDB-lite	Basic and acidic residues	compositional_bias
Q0KIC3	514-523	ECO:0000256|SAM:MobiDB-lite	Low complexity	compositional_bias
Q0KIC3	652-673	ECO:0000256|SAM:MobiDB-lite	Low complexity	compositional_bias
Q0KIC3	860-871	ECO:0000256|SAM:MobiDB-lite	Polar residues	compositional_bias
Q23971	49-67	ECO:0000256|SAM:MobiDB-lite	Acidic residues	compositional_bias
Q23972	1-36	ECO:0000256|SAM:MobiDB-lite	Polar residues	compositional_bias
Q23972	329-338	ECO:0000256|SAM:MobiDB-lite	Low complexity	compositional_bias
Q23972	44-69	ECO:0000256|SAM:MobiDB-lite	Low complexity	compositional_bias
Q23972	801-822	ECO:0000256|SAM:MobiDB-lite	Polar residues	compositional_bias
Q23972	854-864	ECO:0000256|SAM:MobiDB-lite	Polar residues	compositional_bias
Q23977	1042-1055	ECO:0000256|SAM:MobiDB-lite	Low complexity	compositional_bias
Q23977	115-128	ECO:0000256|SAM:MobiDB-lite	Low complexity	compositional_bias
Q23977	1168-1178	ECO:0000256|SAM:MobiDB-lite	Basic and acidic residues	compositional_bias
Q23977	523-543	ECO:0000256|SAM:MobiDB-lite	Polar residues	compositional_bias
Q23977	544-570	ECO:0000256|SAM:MobiDB-lite	Low complexity	compositional_bias
Q23977	574-593	ECO:0000256|SAM:MobiDB-lite	Gly residues	compositional_bias
Q23977	594-608	ECO:0000256|SAM:MobiDB-lite	Low complexity	compositional_bias
Q23977	636-646	ECO:0000256|SAM:MobiDB-lite	Basic and acidic residues	compositional_bias
Q23977	724-734	ECO:0000256|SAM:MobiDB-lite	Polar residues	compositional_bias
Q23977	735-783	ECO:0000256|SAM:MobiDB-lite	Low complexity	compositional_bias
Q23977	808-817	ECO:0000256|SAM:MobiDB-lite	Low complexity	compositional_bias
Q23977	837-851	ECO:0000256|SAM:MobiDB-lite	Low complexity	compositional_bias
Q23977	91-103	ECO:0000256|SAM:MobiDB-lite	Low complexity	compositional_bias
Q23977	912-928	ECO:0000256|SAM:MobiDB-lite	Polar residues	compositional_bias
Q23985	216-233	ECO:0000256|SAM:MobiDB-lite	Polar residues	compositional_bias
Q23985	249-258	ECO:0000256|SAM:MobiDB-lite	Polar residues	compositional_bias
Q23985	259-276	ECO:0000256|SAM:MobiDB-lite	Low complexity	compositional_bias
Q23985	283-294	ECO:0000256|SAM:MobiDB-lite	Low complexity	compositional_bias
Q23985	295-311	ECO:0000256|SAM:MobiDB-lite	Basic residues	compositional_bias
Q23985	342-357	ECO:0000256|SAM:MobiDB-lite	Low complexity	compositional_bias
Q23985	377-391	ECO:0000256|SAM:MobiDB-lite	Polar residues	compositional_bias
Q23985	486-506	ECO:0000256|SAM:MobiDB-lite	Low complexity	compositional_bias
Q24008	141-155	ECO:0000256|SAM:MobiDB-lite	Gly residues	compositional_bias
Q24008	159-175	ECO:0000256|SAM:MobiDB-lite	Polar residues	compositional_bias
Q24008	458-475	ECO:0000256|SAM:MobiDB-lite	Basic and acidic residues	compositional_bias
Q24009	559-569	ECO:0000256|SAM:MobiDB-lite	Polar residues	compositional_bias
Q24009	592-611	ECO:0000256|SAM:MobiDB-lite	Low complexity	compositional_bias
Q24009	630-645	ECO:0000256|SAM:MobiDB-lite	Polar residues	compositional_bias
Q24009	646-660	ECO:0000256|SAM:MobiDB-lite	Gly residues	compositional_bias
Q24009	874-892	ECO:0000256|SAM:MobiDB-lite	Low complexity	compositional_bias
Q24020	431-476	ECO:0000256|SAM:MobiDB-lite	Basic and acidic residues	compositional_bias
Q24039	203-213	ECO:0000256|SAM:MobiDB-lite	Gly residues	compositional_bias
Q24050	200-211	ECO:0000256|SAM:MobiDB-lite	Polar residues	compositional_bias
Q24050	246-262	ECO:0000256|SAM:MobiDB-lite	Acidic residues	compositional_bias
Q24087	13-22	ECO:0000256|SAM:MobiDB-lite	Basic and acidic residues	compositional_bias
Q24087	458-469	ECO:0000256|SAM:MobiDB-lite	Polar residues	compositional_bias
Q24106	13-27	ECO:0000256|SAM:MobiDB-lite	Low complexity	compositional_bias
Q24106	134-145	ECO:0000256|SAM:MobiDB-lite	Low complexity	compositional_bias
Q24106	149-159	ECO:0000256|SAM:MobiDB-lite	Polar residues	compositional_bias
Q24106	170-189	ECO:0000256|SAM:MobiDB-lite	Pro residues	compositional_bias
Q24106	230-242	ECO:0000256|SAM:MobiDB-lite	Low complexity	compositional_bias
Q24106	292-301	ECO:0000256|SAM:MobiDB-lite	Basic and acidic residues	compositional_bias
Q24106	343-358	ECO:0000256|SAM:MobiDB-lite	Polar residues	compositional_bias
Q24106	35-70	ECO:0000256|SAM:MobiDB-lite	Low complexity	compositional_bias
Q24106	371-380	ECO:0000256|SAM:MobiDB-lite	Basic and acidic residues	compositional_bias
Q24106	71-88	ECO:0000256|SAM:MobiDB-lite	Polar residues	compositional_bias
Q24114	41-52	ECO:0000256|SAM:MobiDB-lite	Basic residues	compositional_bias
Q24114	565-575	ECO:0000256|SAM:MobiDB-lite	Gly residues	compositional_bias
Q24119	243-265	ECO:0000256|SAM:MobiDB-lite	Gly residues	compositional_bias
Q24119	280-289	ECO:0000256|SAM:MobiDB-lite	Polar residues	compositional_bias
Q24119	578-587	ECO:0000256|SAM:MobiDB-lite	Low complexity	compositional_bias
Q24119	611-625	ECO:0000256|SAM:MobiDB-lite	Low complexity	compositional_bias
Q24119	851-864	ECO:0000256|SAM:MobiDB-lite	Polar residues	compositional_bias
Q24119	987-996	ECO:0000256|SAM:MobiDB-lite	Low complexity	compositional_bias
Q24120	133-142	ECO:0000256|SAM:MobiDB-lite	Pro residues	compositional_bias
Q24120	468-481	ECO:0000256|SAM:MobiDB-lite	Basic and acidic residues	compositional_bias
Q24120	483-541	ECO:0000256|SAM:MobiDB-lite	Pro residues	compositional_bias
Q24120	62-80	ECO:0000256|SAM:MobiDB-lite	Polar residues	compositional_bias
Q24120	620-629	ECO:0000256|SAM:MobiDB-lite	Polar residues	compositional_bias
Q24120	90-123	ECO:0000256|SAM:MobiDB-lite	Polar residues	compositional_bias
Q24139	294-312	ECO:0000256|SAM:MobiDB-lite	Low complexity	compositional_bias
Q24141	114-137	ECO:0000256|SAM:MobiDB-lite	Low complexity	compositional_bias
Q24141	171-183	ECO:0000256|SAM:MobiDB-lite	Acidic residues	compositional_bias
Q24141	348-377	ECO:0000256|SAM:MobiDB-lite	Polar residues	compositional_bias
Q24141	387-401	ECO:0000256|SAM:MobiDB-lite	Basic residues	compositional_bias
Q24141	98-108	ECO:0000256|SAM:MobiDB-lite	Basic and acidic residues	compositional_bias
Q24142	215-226	ECO:0000256|SAM:MobiDB-lite	Low complexity	compositional_bias
Q24143	122-142	ECO:0000256|SAM:MobiDB-lite	Polar residues	compositional_bias
Q24143	151-163	ECO:0000256|SAM:MobiDB-lite	Polar residues	compositional_bias
Q24145	496-505	ECO:0000256|SAM:MobiDB-lite	Polar residues	compositional_bias
Q24154	1-29	ECO:0000256|SAM:MobiDB-lite	Basic residues	compositional_bias
Q24154	51-62	ECO:0000256|SAM:MobiDB-lite	Basic and acidic residues	compositional_bias
Q24167	1413-1423	ECO:0000256|SAM:MobiDB-lite	Polar residues	compositional_bias
Q24167	26-49	ECO:0000256|SAM:MobiDB-lite	Low complexity	compositional_bias
Q24167	439-459	ECO:0000256|SAM:MobiDB-lite	Basic and acidic residues	compositional_bias
Q24167	548-559	ECO:0000256|SAM:MobiDB-lite	Polar residues	compositional_bias
Q24167	578-588	ECO:0000256|SAM:MobiDB-lite	Pro residues	compositional_bias
Q24167	706-717	ECO:0000256|SAM:MobiDB-lite	Polar residues	compositional_bias
Q24167	718-745	ECO:0000256|SAM:MobiDB-lite	Low complexity	compositional_bias
Q24167	72-85	ECO:0000256|SAM:MobiDB-lite	Basic and acidic residues	compositional_bias
Q24167	754-777	ECO:0000256|SAM:MobiDB-lite	Low complexity	compositional_bias
Q24167	803-818	ECO:0000256|SAM:MobiDB-lite	Polar residues	compositional_bias
Q24167	823-832	ECO:0000256|SAM:MobiDB-lite	Low complexity	compositional_bias
Q24167	907-918	ECO:0000256|SAM:MobiDB-lite	Low complexity	compositional_bias
Q24167	926-951	ECO:0000256|SAM:MobiDB-lite	Low complexity	compositional_bias
Q24168	151-161	ECO:0000256|SAM:MobiDB-lite	Low complexity	compositional_bias
Q24168	183-193	ECO:0000256|SAM:MobiDB-lite	Basic residues	compositional_bias
Q24168	199-208	ECO:0000256|SAM:MobiDB-lite	Acidic residues	compositional_bias
Q24168	219-233	ECO:0000256|SAM:MobiDB-lite	Low complexity	compositional_bias
Q24168	49-59	ECO:0000256|SAM:MobiDB-lite	Basic residues	compositional_bias
Q24168	70-79	ECO:0000256|SAM:MobiDB-lite	Basic and acidic residues	compositional_bias
Q24168	94-107	ECO:0000256|SAM:MobiDB-lite	Acidic residues	compositional_bias
Q24174	1-15	ECO:0000256|SAM:MobiDB-lite	Polar residues	compositional_bias
Q24174	204-238	ECO:0000256|SAM:MobiDB-lite	Low complexity	compositional_bias
Q24174	239-253	ECO:0000256|SAM:MobiDB-lite	Polar residues	compositional_bias
Q24174	254-286	ECO:0000256|SAM:MobiDB-lite	Low complexity	compositional_bias
Q24174	429-438	ECO:0000256|SAM:MobiDB-lite	Basic and acidic residues	compositional_bias
Q24174	452-461	ECO:0000256|SAM:MobiDB-lite	Polar residues	compositional_bias
Q24174	481-500	ECO:0000256|SAM:MobiDB-lite	Basic and acidic residues	compositional_bias
Q24174	642-655	ECO:0000256|SAM:MobiDB-lite	Gly residues	compositional_bias
Q24174	671-682	ECO:0000256|SAM:MobiDB-lite	Acidic residues	compositional_bias
Q24174	851-868	ECO:0000256|SAM:MobiDB-lite	Basic and acidic residues	compositional_bias
Q24174	876-886	ECO:0000256|SAM:MobiDB-lite	Polar residues	compositional_bias
Q24180	191-207	ECO:0000256|SAM:MobiDB-lite	Gly residues	compositional_bias
Q24180	345-362	ECO:0000256|SAM:MobiDB-lite	Low complexity	compositional_bias
Q24180	61-76	ECO:0000256|SAM:MobiDB-lite	Gly residues	compositional_bias
Q24206	135-149	ECO:0000256|SAM:MobiDB-lite	Polar residues	compositional_bias
Q24206	227-238	ECO:0000256|SAM:MobiDB-lite	Low complexity	compositional_bias
Q24206	281-298	ECO:0000256|SAM:MobiDB-lite	Gly residues	compositional_bias
Q24206	341-355	ECO:0000256|SAM:MobiDB-lite	Basic and acidic residues	compositional_bias
Q24206	453-466	ECO:0000256|SAM:MobiDB-lite	Low complexity	compositional_bias
Q24206	473-491	ECO:0000256|SAM:MobiDB-lite	Low complexity	compositional_bias
Q24206	547-577	ECO:0000256|SAM:MobiDB-lite	Basic and acidic residues	compositional_bias
Q24206	622-632	ECO:0000256|SAM:MobiDB-lite	Basic residues	compositional_bias
Q24206	655-666	ECO:0000256|SAM:MobiDB-lite	Low complexity	compositional_bias
Q24206	667-683	ECO:0000256|SAM:MobiDB-lite	Gly residues	compositional_bias
Q24207	193-214	ECO:0000256|SAM:MobiDB-lite	Low complexity	compositional_bias
Q24207	219-228	ECO:0000256|SAM:MobiDB-lite	Basic and acidic residues	compositional_bias
Q24211	1-16	ECO:0000256|SAM:MobiDB-lite	Basic residues	compositional_bias
Q24211	136-164	ECO:0000256|SAM:MobiDB-lite	Basic and acidic residues	compositional_bias
Q24211	28-38	ECO:0000256|SAM:MobiDB-lite	Basic and acidic residues	compositional_bias
Q24211	431-440	ECO:0000256|SAM:MobiDB-lite	Pro residues	compositional_bias
Q24211	451-462	ECO:0000256|SAM:MobiDB-lite	Acidic residues	compositional_bias
Q24211	574-588	ECO:0000256|SAM:MobiDB-lite	Basic and acidic residues	compositional_bias
Q24211	596-607	ECO:0000256|SAM:MobiDB-lite	Basic and acidic residues	compositional_bias
Q24211	78-91	ECO:0000256|SAM:MobiDB-lite	Polar residues	compositional_bias
Q24212	101-111	ECO:0000256|SAM:MobiDB-lite	Low complexity	compositional_bias
Q24212	115-124	ECO:0000256|SAM:MobiDB-lite	Pro residues	compositional_bias
Q24212	1241-1254	ECO:0000256|SAM:MobiDB-lite	Low complexity	compositional_bias
Q24212	128-145	ECO:0000256|SAM:MobiDB-lite	Polar residues	compositional_bias
Q24212	172-189	ECO:0000256|SAM:MobiDB-lite	Low complexity	compositional_bias
Q24212	233-272	ECO:0000256|SAM:MobiDB-lite	Pro residues	compositional_bias
Q24212	325-345	ECO:0000256|SAM:MobiDB-lite	Acidic residues	compositional_bias
Q24212	384-401	ECO:0000256|SAM:MobiDB-lite	Polar residues	compositional_bias
Q24212	417-429	ECO:0000256|SAM:MobiDB-lite	Acidic residues	compositional_bias
Q24212	50-60	ECO:0000256|SAM:MobiDB-lite	Acidic residues	compositional_bias
Q24238	548-566	ECO:0000256|SAM:MobiDB-lite	Basic and acidic residues	compositional_bias
Q24246	17-37	ECO:0000256|SAM:MobiDB-lite	Basic and acidic residues	compositional_bias
Q24246	75-85	ECO:0000256|SAM:MobiDB-lite	Low complexity	compositional_bias
Q24246	86-99	ECO:0000256|SAM:MobiDB-lite	Polar residues	compositional_bias
Q24247	942-952	ECO:0000256|SAM:MobiDB-lite	Basic and acidic residues	compositional_bias
Q24248	317-327	ECO:0000256|SAM:MobiDB-lite	Basic and acidic residues	compositional_bias
Q24248	337-347	ECO:0000256|SAM:MobiDB-lite	Basic and acidic residues	compositional_bias
Q24248	395-410	ECO:0000256|SAM:MobiDB-lite	Gly residues	compositional_bias
Q24248	492-507	ECO:0000256|SAM:MobiDB-lite	Low complexity	compositional_bias
Q24248	559-589	ECO:0000256|SAM:MobiDB-lite	Low complexity	compositional_bias
Q24248	599-614	ECO:0000256|SAM:MobiDB-lite	Low complexity	compositional_bias
Q24248	687-698	ECO:0000256|SAM:MobiDB-lite	Low complexity	compositional_bias
Q24248	94-103	ECO:0000256|SAM:MobiDB-lite	Gly residues	compositional_bias
Q24251	165-178	ECO:0000256|SAM:MobiDB-lite	Basic and acidic residues	compositional_bias
Q24255	106-131	ECO:0000256|SAM:MobiDB-lite	Low complexity	compositional_bias
Q24255	156-172	ECO:0000256|SAM:MobiDB-lite	Basic residues	compositional_bias
Q24255	247-262	ECO:0000256|SAM:MobiDB-lite	Acidic residues	compositional_bias
Q24255	266-282	ECO:0000256|SAM:MobiDB-lite	Basic and acidic residues	compositional_bias
Q24255	283-293	ECO:0000256|SAM:MobiDB-lite	Polar residues	compositional_bias
Q24255	476-485	ECO:0000256|SAM:MobiDB-lite	Pro residues	compositional_bias
Q24255	492-506	ECO:0000256|SAM:MobiDB-lite	Low complexity	compositional_bias
Q24255	507-516	ECO:0000256|SAM:MobiDB-lite	Pro residues	compositional_bias
Q24255	53-70	ECO:0000256|SAM:MobiDB-lite	Low complexity	compositional_bias
Q24255	95-105	ECO:0000256|SAM:MobiDB-lite	Basic residues	compositional_bias
Q24256	106-121	ECO:0000256|SAM:MobiDB-lite	Basic residues	compositional_bias
Q24256	122-134	ECO:0000256|SAM:MobiDB-lite	Low complexity	compositional_bias
Q24256	149-165	ECO:0000256|SAM:MobiDB-lite	Basic and acidic residues	compositional_bias
Q24256	18-29	ECO:0000256|SAM:MobiDB-lite	Low complexity	compositional_bias
Q24256	244-253	ECO:0000256|SAM:MobiDB-lite	Basic residues	compositional_bias
Q24256	275-316	ECO:0000256|SAM:MobiDB-lite	Low complexity	compositional_bias
Q24256	317-328	ECO:0000256|SAM:MobiDB-lite	Gly residues	compositional_bias
Q24256	329-339	ECO:0000256|SAM:MobiDB-lite	Polar residues	compositional_bias
Q24256	362-377	ECO:0000256|SAM:MobiDB-lite	Low complexity	compositional_bias
Q24256	553-574	ECO:0000256|SAM:MobiDB-lite	Low complexity	compositional_bias
Q24256	583-592	ECO:0000256|SAM:MobiDB-lite	Polar residues	compositional_bias
Q24256	594-603	ECO:0000256|SAM:MobiDB-lite	Pro residues	compositional_bias
Q24256	618-632	ECO:0000256|SAM:MobiDB-lite	Basic and acidic residues	compositional_bias
Q24256	633-645	ECO:0000256|SAM:MobiDB-lite	Acidic residues	compositional_bias
Q24266	101-119	ECO:0000256|SAM:MobiDB-lite	Low complexity	compositional_bias
Q24266	140-196	ECO:0000256|SAM:MobiDB-lite	Low complexity	compositional_bias
Q24266	499-508	ECO:0000256|SAM:MobiDB-lite	Low complexity	compositional_bias
Q24266	521-537	ECO:0000256|SAM:MobiDB-lite	Low complexity	compositional_bias
Q24270	166-177	ECO:0000256|SAM:MobiDB-lite	Polar residues	compositional_bias
Q24270	179-196	ECO:0000256|SAM:MobiDB-lite	Low complexity	compositional_bias
Q24270	231-244	ECO:0000256|SAM:MobiDB-lite	Low complexity	compositional_bias
Q24270	2438-2448	ECO:0000256|SAM:MobiDB-lite	Polar residues	compositional_bias
Q24270	2459-2484	ECO:0000256|SAM:MobiDB-lite	Low complexity	compositional_bias
Q24270	2485-2516	ECO:0000256|SAM:MobiDB-lite	Polar residues	compositional_bias
Q24270	253-265	ECO:0000256|SAM:MobiDB-lite	Low complexity	compositional_bias
Q24270	400-436	ECO:0000256|SAM:MobiDB-lite	Acidic residues	compositional_bias
Q24270	43-52	ECO:0000256|SAM:MobiDB-lite	Basic residues	compositional_bias
Q24270	444-466	ECO:0000256|SAM:MobiDB-lite	Acidic residues	compositional_bias
Q24270	502-516	ECO:0000256|SAM:MobiDB-lite	Gly residues	compositional_bias
Q24270	561-571	ECO:0000256|SAM:MobiDB-lite	Gly residues	compositional_bias
Q24270	83-100	ECO:0000256|SAM:MobiDB-lite	Low complexity	compositional_bias
Q24276	1-11	ECO:0000256|SAM:MobiDB-lite	Basic and acidic residues	compositional_bias
Q24276	361-378	ECO:0000256|SAM:MobiDB-lite	Basic and acidic residues	compositional_bias
Q24278	654-665	ECO:0000256|SAM:MobiDB-lite	Polar residues	compositional_bias
Q24292	2200-2210	ECO:0000256|SAM:MobiDB-lite	Acidic residues	compositional_bias
Q24292	2211-2225	ECO:0000256|SAM:MobiDB-lite	Polar residues	compositional_bias
Q24292	3133-3159	ECO:0000256|SAM:MobiDB-lite	Low complexity	compositional_bias
Q24292	3363-3372	ECO:0000256|SAM:MobiDB-lite	Low complexity	compositional_bias
Q24292	3391-3404	ECO:0000256|SAM:MobiDB-lite	Pro residues	compositional_bias
Q24292	3440-3463	ECO:0000256|SAM:MobiDB-lite	Low complexity	compositional_bias
Q24292	3492-3503	ECO:0000256|SAM:MobiDB-lite	Polar residues	compositional_bias
Q24306	327-345	ECO:0000256|SAM:MobiDB-lite	Low complexity	compositional_bias
Q24312	18-37	ECO:0000256|SAM:MobiDB-lite	Low complexity	compositional_bias
Q24318	145-156	ECO:0000256|SAM:MobiDB-lite	Low complexity	compositional_bias
Q24318	158-168	ECO:0000256|SAM:MobiDB-lite	Basic residues	compositional_bias
Q24318	412-426	ECO:0000256|SAM:MobiDB-lite	Polar residues	compositional_bias
Q24318	435-445	ECO:0000256|SAM:MobiDB-lite	Acidic residues	compositional_bias
Q24322	1-20	ECO:0000256|SAM:MobiDB-lite	Low complexity	compositional_bias
Q24322	809-827	ECO:0000256|SAM:MobiDB-lite	Polar residues	compositional_bias
Q24322	828-837	ECO:0000256|SAM:MobiDB-lite	Basic residues	compositional_bias
Q24322	847-876	ECO:0000256|SAM:MobiDB-lite	Low complexity	compositional_bias
Q24325	1027-1037	ECO:0000256|SAM:MobiDB-lite	Polar residues	compositional_bias
Q24325	1129-1144	ECO:0000256|SAM:MobiDB-lite	Basic and acidic residues	compositional_bias
Q24325	1150-1169	ECO:0000256|SAM:MobiDB-lite	Basic residues	compositional_bias
Q24325	1170-1190	ECO:0000256|SAM:MobiDB-lite	Basic and acidic residues	compositional_bias
Q24325	1206-1221	ECO:0000256|SAM:MobiDB-lite	Low complexity	compositional_bias
Q24338	1-10	ECO:0000256|SAM:MobiDB-lite	Basic and acidic residues	compositional_bias
Q24338	11-20	ECO:0000256|SAM:MobiDB-lite	Acidic residues	compositional_bias
Q24338	21-42	ECO:0000256|SAM:MobiDB-lite	Low complexity	compositional_bias
Q24338	43-60	ECO:0000256|SAM:MobiDB-lite	Basic residues	compositional_bias
Q24352	586-596	ECO:0000256|SAM:MobiDB-lite	Polar residues	compositional_bias
Q24352	597-609	ECO:0000256|SAM:MobiDB-lite	Low complexity	compositional_bias
Q24368	1-10	ECO:0000256|SAM:MobiDB-lite	Low complexity	compositional_bias
Q24368	29-39	ECO:0000256|SAM:MobiDB-lite	Basic and acidic residues	compositional_bias
Q24368	69-78	ECO:0000256|SAM:MobiDB-lite	Basic residues	compositional_bias
Q24368	79-89	ECO:0000256|SAM:MobiDB-lite	Basic and acidic residues	compositional_bias
Q24368	984-999	ECO:0000256|SAM:MobiDB-lite	Low complexity	compositional_bias
Q24371	503-518	ECO:0000256|SAM:MobiDB-lite	Polar residues	compositional_bias
Q24371	524-533	ECO:0000256|SAM:MobiDB-lite	Basic and acidic residues	compositional_bias
Q24371	546-562	ECO:0000256|SAM:MobiDB-lite	Polar residues	compositional_bias
Q24371	657-666	ECO:0000256|SAM:MobiDB-lite	Polar residues	compositional_bias
Q24371	689-704	ECO:0000256|SAM:MobiDB-lite	Low complexity	compositional_bias
Q24371	705-714	ECO:0000256|SAM:MobiDB-lite	Polar residues	compositional_bias
Q24371	728-743	ECO:0000256|SAM:MobiDB-lite	Low complexity	compositional_bias
Q24371	758-769	ECO:0000256|SAM:MobiDB-lite	Polar residues	compositional_bias
Q24395	40-52	ECO:0000256|SAM:MobiDB-lite	Pro residues	compositional_bias
Q24418	987-997	ECO:0000256|SAM:MobiDB-lite	Polar residues	compositional_bias
Q24423	138-177	ECO:0000256|SAM:MobiDB-lite	Polar residues	compositional_bias
Q24423	188-206	ECO:0000256|SAM:MobiDB-lite	Polar residues	compositional_bias
Q24423	70-116	ECO:0000256|SAM:MobiDB-lite	Low complexity	compositional_bias
Q24432	155-176	ECO:0000256|SAM:MobiDB-lite	Pro residues	compositional_bias
Q24432	177-193	ECO:0000256|SAM:MobiDB-lite	Low complexity	compositional_bias
Q24432	201-212	ECO:0000256|SAM:MobiDB-lite	Low complexity	compositional_bias
Q24432	213-225	ECO:0000256|SAM:MobiDB-lite	Pro residues	compositional_bias
Q24432	226-237	ECO:0000256|SAM:MobiDB-lite	Low complexity	compositional_bias
Q24432	274-286	ECO:0000256|SAM:MobiDB-lite	Basic residues	compositional_bias
Q24432	49-80	ECO:0000256|SAM:MobiDB-lite	Low complexity	compositional_bias
Q24432	818-831	ECO:0000256|SAM:MobiDB-lite	Gly residues	compositional_bias
Q24432	835-851	ECO:0000256|SAM:MobiDB-lite	Low complexity	compositional_bias
Q24432	952-963	ECO:0000256|SAM:MobiDB-lite	Basic residues	compositional_bias
Q24432	97-142	ECO:0000256|SAM:MobiDB-lite	Low complexity	compositional_bias
Q24434	104-116	ECO:0000256|SAM:MobiDB-lite	Acidic residues	compositional_bias
Q24434	124-140	ECO:0000256|SAM:MobiDB-lite	Basic and acidic residues	compositional_bias
Q24459	25-34	ECO:0000256|SAM:MobiDB-lite	Low complexity	compositional_bias
Q24459	324-344	ECO:0000256|SAM:MobiDB-lite	Pro residues	compositional_bias
Q24459	399-412	ECO:0000256|SAM:MobiDB-lite	Gly residues	compositional_bias
Q24459	737-757	ECO:0000256|SAM:MobiDB-lite	Basic and acidic residues	compositional_bias
Q24459	783-792	ECO:0000256|SAM:MobiDB-lite	Basic residues	compositional_bias
Q24459	793-804	ECO:0000256|SAM:MobiDB-lite	Basic and acidic residues	compositional_bias
Q24459	807-819	ECO:0000256|SAM:MobiDB-lite	Low complexity	compositional_bias
Q24459	945-954	ECO:0000256|SAM:MobiDB-lite	Basic residues	compositional_bias
Q24459	955-977	ECO:0000256|SAM:MobiDB-lite	Low complexity	compositional_bias
Q24478	1011-1035	ECO:0000256|SAM:MobiDB-lite	Basic and acidic residues	compositional_bias
Q24478	1076-1086	ECO:0000256|SAM:MobiDB-lite	Acidic residues	compositional_bias
Q24478	175-213	ECO:0000256|SAM:MobiDB-lite	Polar residues	compositional_bias
Q24478	220-230	ECO:0000256|SAM:MobiDB-lite	Polar residues	compositional_bias
Q24478	239-252	ECO:0000256|SAM:MobiDB-lite	Basic and acidic residues	compositional_bias
Q24478	292-305	ECO:0000256|SAM:MobiDB-lite	Low complexity	compositional_bias
Q24478	412-445	ECO:0000256|SAM:MobiDB-lite	Low complexity	compositional_bias
Q24478	608-625	ECO:0000256|SAM:MobiDB-lite	Acidic residues	compositional_bias
Q24478	711-723	ECO:0000256|SAM:MobiDB-lite	Basic and acidic residues	compositional_bias
Q24478	777-799	ECO:0000256|SAM:MobiDB-lite	Basic and acidic residues	compositional_bias
Q24478	802-812	ECO:0000256|SAM:MobiDB-lite	Acidic residues	compositional_bias
Q24478	825-834	ECO:0000256|SAM:MobiDB-lite	Basic and acidic residues	compositional_bias
Q24478	849-861	ECO:0000256|SAM:MobiDB-lite	Basic and acidic residues	compositional_bias
Q24478	882-907	ECO:0000256|SAM:MobiDB-lite	Basic and acidic residues	compositional_bias
Q24478	914-927	ECO:0000256|SAM:MobiDB-lite	Basic and acidic residues	compositional_bias
Q24478	960-973	ECO:0000256|SAM:MobiDB-lite	Basic and acidic residues	compositional_bias
Q24491	117-144	ECO:0000256|SAM:MobiDB-lite	Low complexity	compositional_bias
Q24491	166-176	ECO:0000256|SAM:MobiDB-lite	Low complexity	compositional_bias
Q24491	89-102	ECO:0000256|SAM:MobiDB-lite	Basic and acidic residues	compositional_bias
Q24498	1442-1452	ECO:0000256|SAM:MobiDB-lite	Basic and acidic residues	compositional_bias
Q24498	1501-1511	ECO:0000256|SAM:MobiDB-lite	Polar residues	compositional_bias
Q24498	2287-2297	ECO:0000256|SAM:MobiDB-lite	Polar residues	compositional_bias
Q24498	3599-3608	ECO:0000256|SAM:MobiDB-lite	Basic residues	compositional_bias
Q24498	3811-3826	ECO:0000256|SAM:MobiDB-lite	Basic and acidic residues	compositional_bias
Q24498	3868-3885	ECO:0000256|SAM:MobiDB-lite	Acidic residues	compositional_bias
Q24498	4690-4710	ECO:0000256|SAM:MobiDB-lite	Gly residues	compositional_bias
Q24509	10-22	ECO:0000256|SAM:MobiDB-lite	Low complexity	compositional_bias
Q24509	29-45	ECO:0000256|SAM:MobiDB-lite	Gly residues	compositional_bias
Q24509	68-77	ECO:0000256|SAM:MobiDB-lite	Polar residues	compositional_bias
Q24523	106-165	ECO:0000256|SAM:MobiDB-lite	Low complexity	compositional_bias
Q24523	13-31	ECO:0000256|SAM:MobiDB-lite	Polar residues	compositional_bias
Q24523	175-190	ECO:0000256|SAM:MobiDB-lite	Low complexity	compositional_bias
Q24523	191-212	ECO:0000256|SAM:MobiDB-lite	Basic residues	compositional_bias
Q24523	236-248	ECO:0000256|SAM:MobiDB-lite	Gly residues	compositional_bias
Q24523	263-273	ECO:0000256|SAM:MobiDB-lite	Polar residues	compositional_bias
Q24523	285-294	ECO:0000256|SAM:MobiDB-lite	Acidic residues	compositional_bias
Q24523	295-306	ECO:0000256|SAM:MobiDB-lite	Basic and acidic residues	compositional_bias
Q24523	432-443	ECO:0000256|SAM:MobiDB-lite	Polar residues	compositional_bias
Q24523	553-580	ECO:0000256|SAM:MobiDB-lite	Low complexity	compositional_bias
Q24523	614-641	ECO:0000256|SAM:MobiDB-lite	Low complexity	compositional_bias
Q24523	701-734	ECO:0000256|SAM:MobiDB-lite	Low complexity	compositional_bias
Q24523	740-750	ECO:0000256|SAM:MobiDB-lite	Polar residues	compositional_bias
Q24523	917-933	ECO:0000256|SAM:MobiDB-lite	Polar residues	compositional_bias
Q24533	347-360	ECO:0000256|SAM:MobiDB-lite	Low complexity	compositional_bias
Q24533	60-69	ECO:0000256|SAM:MobiDB-lite	Gly residues	compositional_bias
Q24533	96-123	ECO:0000256|SAM:MobiDB-lite	Low complexity	compositional_bias
Q24535	317-331	ECO:0000256|SAM:MobiDB-lite	Low complexity	compositional_bias
Q24535	345-354	ECO:0000256|SAM:MobiDB-lite	Low complexity	compositional_bias
Q24535	69-80	ECO:0000256|SAM:MobiDB-lite	Polar residues	compositional_bias
Q24535	81-107	ECO:0000256|SAM:MobiDB-lite	Low complexity	compositional_bias
Q24536	204-219	ECO:0000256|SAM:MobiDB-lite	Polar residues	compositional_bias
Q24537	364-374	ECO:0000256|SAM:MobiDB-lite	Low complexity	compositional_bias
Q24537	379-393	ECO:0000256|SAM:MobiDB-lite	Acidic residues	compositional_bias
Q24546	34-52	ECO:0000256|SAM:MobiDB-lite	Pro residues	compositional_bias
Q24546	454-463	ECO:0000256|SAM:MobiDB-lite	Low complexity	compositional_bias
Q24546	472-492	ECO:0000256|SAM:MobiDB-lite	Pro residues	compositional_bias
Q24546	499-546	ECO:0000256|SAM:MobiDB-lite	Low complexity	compositional_bias
Q24546	594-626	ECO:0000256|SAM:MobiDB-lite	Low complexity	compositional_bias
Q24546	651-673	ECO:0000256|SAM:MobiDB-lite	Polar residues	compositional_bias
Q24546	690-702	ECO:0000256|SAM:MobiDB-lite	Basic and acidic residues	compositional_bias
Q24546	703-725	ECO:0000256|SAM:MobiDB-lite	Low complexity	compositional_bias
Q24546	726-735	ECO:0000256|SAM:MobiDB-lite	Polar residues	compositional_bias
Q24546	736-749	ECO:0000256|SAM:MobiDB-lite	Pro residues	compositional_bias
Q24546	750-759	ECO:0000256|SAM:MobiDB-lite	Polar residues	compositional_bias
Q24546	760-772	ECO:0000256|SAM:MobiDB-lite	Low complexity	compositional_bias
Q24546	872-904	ECO:0000256|SAM:MobiDB-lite	Polar residues	compositional_bias
Q24546	995-1007	ECO:0000256|SAM:MobiDB-lite	Low complexity	compositional_bias
Q24558	432-442	ECO:0000256|SAM:MobiDB-lite	Basic and acidic residues	compositional_bias
Q24558	457-467	ECO:0000256|SAM:MobiDB-lite	Basic and acidic residues	compositional_bias
Q24558	525-537	ECO:0000256|SAM:MobiDB-lite	Basic and acidic residues	compositional_bias
Q24558	572-593	ECO:0000256|SAM:MobiDB-lite	Polar residues	compositional_bias
Q24558	608-625	ECO:0000256|SAM:MobiDB-lite	Polar residues	compositional_bias
Q24558	661-677	ECO:0000256|SAM:MobiDB-lite	Low complexity	compositional_bias
Q24558	703-716	ECO:0000256|SAM:MobiDB-lite	Polar residues	compositional_bias
Q24560	429-447	ECO:0000256|SAM:MobiDB-lite	Acidic residues	compositional_bias
Q24562	1-10	ECO:0000256|SAM:MobiDB-lite	Basic and acidic residues	compositional_bias
Q24562	11-21	ECO:0000256|SAM:MobiDB-lite	Basic residues	compositional_bias
Q24562	29-40	ECO:0000256|SAM:MobiDB-lite	Basic residues	compositional_bias
Q24563	337-352	ECO:0000256|SAM:MobiDB-lite	Gly residues	compositional_bias
Q24563	356-367	ECO:0000256|SAM:MobiDB-lite	Basic residues	compositional_bias
Q24568	367-378	ECO:0000256|SAM:MobiDB-lite	Low complexity	compositional_bias
Q24568	428-437	ECO:0000256|SAM:MobiDB-lite	Acidic residues	compositional_bias
Q24570	23-51	ECO:0000256|SAM:MobiDB-lite	Low complexity	compositional_bias
Q24573	174-201	ECO:0000256|SAM:MobiDB-lite	Low complexity	compositional_bias
Q24573	19-34	ECO:0000256|SAM:MobiDB-lite	Basic and acidic residues	compositional_bias
Q24573	202-231	ECO:0000256|SAM:MobiDB-lite	Gly residues	compositional_bias
Q24573	252-273	ECO:0000256|SAM:MobiDB-lite	Low complexity	compositional_bias
Q24573	512-550	ECO:0000256|SAM:MobiDB-lite	Low complexity	compositional_bias
Q24573	570-600	ECO:0000256|SAM:MobiDB-lite	Polar residues	compositional_bias
Q24573	601-621	ECO:0000256|SAM:MobiDB-lite	Basic and acidic residues	compositional_bias
Q24573	737-751	ECO:0000256|SAM:MobiDB-lite	Basic residues	compositional_bias
Q24573	841-853	ECO:0000256|SAM:MobiDB-lite	Acidic residues	compositional_bias
Q24573	854-870	ECO:0000256|SAM:MobiDB-lite	Basic and acidic residues	compositional_bias
Q24574	1109-1125	ECO:0000256|SAM:MobiDB-lite	Basic and acidic residues	compositional_bias
Q24574	1128-1141	ECO:0000256|SAM:MobiDB-lite	Low complexity	compositional_bias
Q24574	146-156	ECO:0000256|SAM:MobiDB-lite	Low complexity	compositional_bias
Q24574	180-189	ECO:0000256|SAM:MobiDB-lite	Low complexity	compositional_bias
Q24574	191-200	ECO:0000256|SAM:MobiDB-lite	Basic and acidic residues	compositional_bias
Q24574	208-219	ECO:0000256|SAM:MobiDB-lite	Polar residues	compositional_bias
Q24574	628-642	ECO:0000256|SAM:MobiDB-lite	Polar residues	compositional_bias
Q24574	661-673	ECO:0000256|SAM:MobiDB-lite	Polar residues	compositional_bias
Q24574	688-697	ECO:0000256|SAM:MobiDB-lite	Low complexity	compositional_bias
Q24592	16-41	ECO:0000256|SAM:MobiDB-lite	Polar residues	compositional_bias
Q24595	101-130	ECO:0000256|SAM:MobiDB-lite	Polar residues	compositional_bias
Q24595	18-30	ECO:0000256|SAM:MobiDB-lite	Basic and acidic residues	compositional_bias
Q24595	226-238	ECO:0000256|SAM:MobiDB-lite	Polar residues	compositional_bias
Q24595	288-301	ECO:0000256|SAM:MobiDB-lite	Basic residues	compositional_bias
Q24595	31-43	ECO:0000256|SAM:MobiDB-lite	Acidic residues	compositional_bias
Q24595	313-335	ECO:0000256|SAM:MobiDB-lite	Acidic residues	compositional_bias
Q24595	51-60	ECO:0000256|SAM:MobiDB-lite	Low complexity	compositional_bias
Q24595	520-578	ECO:0000256|SAM:MobiDB-lite	Basic and acidic residues	compositional_bias
Q24595	580-594	ECO:0000256|SAM:MobiDB-lite	Low complexity	compositional_bias
Q24595	598-612	ECO:0000256|SAM:MobiDB-lite	Basic and acidic residues	compositional_bias
Q24595	658-692	ECO:0000256|SAM:MobiDB-lite	Low complexity	compositional_bias
Q24595	693-711	ECO:0000256|SAM:MobiDB-lite	Basic and acidic residues	compositional_bias
Q24595	720-737	ECO:0000256|SAM:MobiDB-lite	Polar residues	compositional_bias
Q24595	806-818	ECO:0000256|SAM:MobiDB-lite	Basic and acidic residues	compositional_bias
Q26263	18-27	ECO:0000256|SAM:MobiDB-lite	Low complexity	compositional_bias
Q26263	311-324	ECO:0000256|SAM:MobiDB-lite	Low complexity	compositional_bias
Q26263	355-378	ECO:0000256|SAM:MobiDB-lite	Polar residues	compositional_bias
Q26263	385-395	ECO:0000256|SAM:MobiDB-lite	Polar residues	compositional_bias
Q26307	183-195	ECO:0000256|SAM:MobiDB-lite	Polar residues	compositional_bias
Q26307	359-372	ECO:0000256|SAM:MobiDB-lite	Polar residues	compositional_bias
Q26307	390-400	ECO:0000256|SAM:MobiDB-lite	Basic residues	compositional_bias
Q26307	437-474	ECO:0000256|SAM:MobiDB-lite	Basic residues	compositional_bias
Q26366	151-177	ECO:0000256|SAM:MobiDB-lite	Basic residues	compositional_bias
Q26366	178-193	ECO:0000256|SAM:MobiDB-lite	Basic and acidic residues	compositional_bias
Q26366	227-253	ECO:0000256|SAM:MobiDB-lite	Gly residues	compositional_bias
Q26366	267-278	ECO:0000256|SAM:MobiDB-lite	Gly residues	compositional_bias
Q26377	109-119	ECO:0000256|SAM:MobiDB-lite	Polar residues	compositional_bias
Q26454	47-63	ECO:0000256|SAM:MobiDB-lite	Polar residues	compositional_bias
Q26454	81-93	ECO:0000256|SAM:MobiDB-lite	Polar residues	compositional_bias
Q27237	446-476	ECO:0000256|SAM:MobiDB-lite	Low complexity	compositional_bias
Q27237	479-495	ECO:0000256|SAM:MobiDB-lite	Basic and acidic residues	compositional_bias
Q27237	496-511	ECO:0000256|SAM:MobiDB-lite	Gly residues	compositional_bias
Q27268	1-16	ECO:0000256|SAM:MobiDB-lite	Acidic residues	compositional_bias
Q27272	200-210	ECO:0000256|SAM:MobiDB-lite	Gly residues	compositional_bias
Q27272	231-240	ECO:0000256|SAM:MobiDB-lite	Low complexity	compositional_bias
Q27272	241-259	ECO:0000256|SAM:MobiDB-lite	Gly residues	compositional_bias
Q27272	269-278	ECO:0000256|SAM:MobiDB-lite	Acidic residues	compositional_bias
Q27294	1-12	ECO:0000256|SAM:MobiDB-lite	Gly residues	compositional_bias
Q27294	212-271	ECO:0000256|SAM:MobiDB-lite	Gly residues	compositional_bias
Q27294	24-34	ECO:0000256|SAM:MobiDB-lite	Polar residues	compositional_bias
Q27294	308-339	ECO:0000256|SAM:MobiDB-lite	Gly residues	compositional_bias
Q27294	347-361	ECO:0000256|SAM:MobiDB-lite	Gly residues	compositional_bias
Q27294	368-380	ECO:0000256|SAM:MobiDB-lite	Gly residues	compositional_bias
Q27294	387-399	ECO:0000256|SAM:MobiDB-lite	Low complexity	compositional_bias
Q27294	43-69	ECO:0000256|SAM:MobiDB-lite	Gly residues	compositional_bias
Q27297	1-10	ECO:0000256|SAM:MobiDB-lite	Polar residues	compositional_bias
Q27333	348-358	ECO:0000256|SAM:MobiDB-lite	Basic and acidic residues	compositional_bias
Q27350	273-290	ECO:0000256|SAM:MobiDB-lite	Basic and acidic residues	compositional_bias
Q27350	291-329	ECO:0000256|SAM:MobiDB-lite	Low complexity	compositional_bias
Q27350	42-57	ECO:0000256|SAM:MobiDB-lite	Low complexity	compositional_bias
Q27350	79-91	ECO:0000256|SAM:MobiDB-lite	Gly residues	compositional_bias
Q27368	119-134	ECO:0000256|SAM:MobiDB-lite	Low complexity	compositional_bias
Q27368	12-37	ECO:0000256|SAM:MobiDB-lite	Low complexity	compositional_bias
Q27368	144-154	ECO:0000256|SAM:MobiDB-lite	Polar residues	compositional_bias
Q27368	181-195	ECO:0000256|SAM:MobiDB-lite	Polar residues	compositional_bias
Q27368	240-249	ECO:0000256|SAM:MobiDB-lite	Low complexity	compositional_bias
Q27368	595-615	ECO:0000256|SAM:MobiDB-lite	Low complexity	compositional_bias
Q27368	623-636	ECO:0000256|SAM:MobiDB-lite	Low complexity	compositional_bias
Q27368	637-647	ECO:0000256|SAM:MobiDB-lite	Polar residues	compositional_bias
Q27403	313-325	ECO:0000256|SAM:MobiDB-lite	Polar residues	compositional_bias
Q27403	326-343	ECO:0000256|SAM:MobiDB-lite	Low complexity	compositional_bias
Q27415	109-128	ECO:0000256|SAM:MobiDB-lite	Acidic residues	compositional_bias
Q27415	136-145	ECO:0000256|SAM:MobiDB-lite	Basic and acidic residues	compositional_bias
Q27421	1-16	ECO:0000256|SAM:MobiDB-lite	Low complexity	compositional_bias
Q27421	1393-1414	ECO:0000256|SAM:MobiDB-lite	Low complexity	compositional_bias
Q27421	1423-1438	ECO:0000256|SAM:MobiDB-lite	Basic and acidic residues	compositional_bias
Q27421	1520-1536	ECO:0000256|SAM:MobiDB-lite	Low complexity	compositional_bias
Q27421	211-224	ECO:0000256|SAM:MobiDB-lite	Polar residues	compositional_bias
Q27421	23-32	ECO:0000256|SAM:MobiDB-lite	Low complexity	compositional_bias
Q27421	236-269	ECO:0000256|SAM:MobiDB-lite	Polar residues	compositional_bias
Q27421	271-293	ECO:0000256|SAM:MobiDB-lite	Acidic residues	compositional_bias
Q27421	373-382	ECO:0000256|SAM:MobiDB-lite	Polar residues	compositional_bias
Q27421	392-405	ECO:0000256|SAM:MobiDB-lite	Low complexity	compositional_bias
Q27421	487-496	ECO:0000256|SAM:MobiDB-lite	Polar residues	compositional_bias
Q27421	627-636	ECO:0000256|SAM:MobiDB-lite	Polar residues	compositional_bias
Q27421	646-663	ECO:0000256|SAM:MobiDB-lite	Basic and acidic residues	compositional_bias
Q27421	976-989	ECO:0000256|SAM:MobiDB-lite	Basic and acidic residues	compositional_bias
Q27421	990-1003	ECO:0000256|SAM:MobiDB-lite	Low complexity	compositional_bias
Q27571	142-159	ECO:0000256|SAM:MobiDB-lite	Gly residues	compositional_bias
Q27571	165-189	ECO:0000256|SAM:MobiDB-lite	Polar residues	compositional_bias
Q27571	24-51	ECO:0000256|SAM:MobiDB-lite	Low complexity	compositional_bias
Q27571	64-73	ECO:0000256|SAM:MobiDB-lite	Low complexity	compositional_bias
Q27601	1-26	ECO:0000256|SAM:MobiDB-lite	Low complexity	compositional_bias
Q27889	1-67	ECO:0000256|SAM:MobiDB-lite	Low complexity	compositional_bias
Q27889	537-547	ECO:0000256|SAM:MobiDB-lite	Basic and acidic residues	compositional_bias
Q27889	553-562	ECO:0000256|SAM:MobiDB-lite	Polar residues	compositional_bias
Q27896	17-34	ECO:0000256|SAM:MobiDB-lite	Low complexity	compositional_bias
Q27934	127-138	ECO:0000256|SAM:MobiDB-lite	Low complexity	compositional_bias
Q2MGL3	12-31	ECO:0000256|SAM:MobiDB-lite	Basic residues	compositional_bias
Q2PE14	395-409	ECO:0000256|SAM:MobiDB-lite	Pro residues	compositional_bias
Q2PE14	444-456	ECO:0000256|SAM:MobiDB-lite	Polar residues	compositional_bias
Q2PE14	473-485	ECO:0000256|SAM:MobiDB-lite	Polar residues	compositional_bias
Q32KD2	1086-1097	ECO:0000256|SAM:MobiDB-lite	Basic and acidic residues	compositional_bias
Q32KD2	1098-1113	ECO:0000256|SAM:MobiDB-lite	Acidic residues	compositional_bias
Q32KD2	1129-1141	ECO:0000256|SAM:MobiDB-lite	Low complexity	compositional_bias
Q32KD2	157-166	ECO:0000256|SAM:MobiDB-lite	Low complexity	compositional_bias
Q32KD2	167-179	ECO:0000256|SAM:MobiDB-lite	Basic and acidic residues	compositional_bias
Q32KD2	26-41	ECO:0000256|SAM:MobiDB-lite	Basic and acidic residues	compositional_bias
Q32KD2	50-61	ECO:0000256|SAM:MobiDB-lite	Basic and acidic residues	compositional_bias
Q32KD2	81-99	ECO:0000256|SAM:MobiDB-lite	Basic and acidic residues	compositional_bias
Q3KN41	1447-1472	ECO:0000256|SAM:MobiDB-lite	Low complexity	compositional_bias
Q3KN41	1491-1527	ECO:0000256|SAM:MobiDB-lite	Polar residues	compositional_bias
Q3KN41	1528-1600	ECO:0000256|SAM:MobiDB-lite	Low complexity	compositional_bias
Q3KN41	1632-1646	ECO:0000256|SAM:MobiDB-lite	Basic and acidic residues	compositional_bias
Q3KN41	1747-1757	ECO:0000256|SAM:MobiDB-lite	Polar residues	compositional_bias
Q3KN41	1774-1787	ECO:0000256|SAM:MobiDB-lite	Low complexity	compositional_bias
Q3KN41	1788-1813	ECO:0000256|SAM:MobiDB-lite	Gly residues	compositional_bias
Q3KN41	1831-1840	ECO:0000256|SAM:MobiDB-lite	Basic and acidic residues	compositional_bias
Q3KN41	24-37	ECO:0000256|SAM:MobiDB-lite	Basic and acidic residues	compositional_bias
Q3LHL9	1020-1040	ECO:0000256|SAM:MobiDB-lite	Low complexity	compositional_bias
Q3LHL9	1057-1070	ECO:0000256|SAM:MobiDB-lite	Low complexity	compositional_bias
Q3LHL9	106-122	ECO:0000256|SAM:MobiDB-lite	Low complexity	compositional_bias
Q3LHL9	1325-1337	ECO:0000256|SAM:MobiDB-lite	Basic residues	compositional_bias
Q3LHL9	1346-1361	ECO:0000256|SAM:MobiDB-lite	Low complexity	compositional_bias
Q3LHL9	1369-1386	ECO:0000256|SAM:MobiDB-lite	Basic residues	compositional_bias
Q3LHL9	1411-1423	ECO:0000256|SAM:MobiDB-lite	Polar residues	compositional_bias
Q3LHL9	612-637	ECO:0000256|SAM:MobiDB-lite	Polar residues	compositional_bias
Q3LHL9	650-662	ECO:0000256|SAM:MobiDB-lite	Polar residues	compositional_bias
Q3LHL9	832-841	ECO:0000256|SAM:MobiDB-lite	Basic residues	compositional_bias
Q3LHL9	850-865	ECO:0000256|SAM:MobiDB-lite	Basic residues	compositional_bias
Q3LHL9	948-973	ECO:0000256|SAM:MobiDB-lite	Low complexity	compositional_bias
Q45VV3	162-179	ECO:0000256|SAM:MobiDB-lite	Low complexity	compositional_bias
Q45VV3	84-100	ECO:0000256|SAM:MobiDB-lite	Polar residues	compositional_bias
Q4LBB6	396-406	ECO:0000256|SAM:MobiDB-lite	Acidic residues	compositional_bias
Q4LBB6	489-498	ECO:0000256|SAM:MobiDB-lite	Polar residues	compositional_bias
Q4LBB6	757-770	ECO:0000256|SAM:MobiDB-lite	Pro residues	compositional_bias
Q4LBB9	14-26	ECO:0000256|SAM:MobiDB-lite	Basic residues	compositional_bias
Q4V4I9	87-103	ECO:0000256|SAM:MobiDB-lite	Low complexity	compositional_bias
Q4V516	40-49	ECO:0000256|SAM:MobiDB-lite	Acidic residues	compositional_bias
Q4V5A3	114-128	ECO:0000256|SAM:MobiDB-lite	Low complexity	compositional_bias
Q4V5A3	223-234	ECO:0000256|SAM:MobiDB-lite	Polar residues	compositional_bias
Q4V5A3	254-267	ECO:0000256|SAM:MobiDB-lite	Polar residues	compositional_bias
Q4V5A3	284-293	ECO:0000256|SAM:MobiDB-lite	Acidic residues	compositional_bias
Q4V5A3	308-317	ECO:0000256|SAM:MobiDB-lite	Low complexity	compositional_bias
Q4V5A3	54-64	ECO:0000256|SAM:MobiDB-lite	Acidic residues	compositional_bias
Q4V622	452-468	ECO:0000256|SAM:MobiDB-lite	Gly residues	compositional_bias
Q4Z8K6	1-33	ECO:0000256|SAM:MobiDB-lite	Low complexity	compositional_bias
Q4Z8K6	118-132	ECO:0000256|SAM:MobiDB-lite	Low complexity	compositional_bias
Q4Z8K6	146-164	ECO:0000256|SAM:MobiDB-lite	Polar residues	compositional_bias
Q4Z8K6	165-202	ECO:0000256|SAM:MobiDB-lite	Basic and acidic residues	compositional_bias
Q4Z8K6	236-245	ECO:0000256|SAM:MobiDB-lite	Polar residues	compositional_bias
Q4Z8K6	271-284	ECO:0000256|SAM:MobiDB-lite	Acidic residues	compositional_bias
Q4Z8K6	321-343	ECO:0000256|SAM:MobiDB-lite	Low complexity	compositional_bias
Q4Z8K6	351-360	ECO:0000256|SAM:MobiDB-lite	Polar residues	compositional_bias
Q4Z8K6	368-378	ECO:0000256|SAM:MobiDB-lite	Polar residues	compositional_bias
Q4Z8K6	389-398	ECO:0000256|SAM:MobiDB-lite	Polar residues	compositional_bias
Q4Z8K6	41-52	ECO:0000256|SAM:MobiDB-lite	Low complexity	compositional_bias
Q4Z8K6	80-91	ECO:0000256|SAM:MobiDB-lite	Basic and acidic residues	compositional_bias
Q4Z8K6	806-820	ECO:0000256|SAM:MobiDB-lite	Low complexity	compositional_bias
Q59E36	21-37	ECO:0000256|SAM:MobiDB-lite	Polar residues	compositional_bias
Q59E36	378-404	ECO:0000256|SAM:MobiDB-lite	Low complexity	compositional_bias
Q59E36	39-53	ECO:0000256|SAM:MobiDB-lite	Low complexity	compositional_bias
Q59E36	411-423	ECO:0000256|SAM:MobiDB-lite	Polar residues	compositional_bias
Q59E36	503-524	ECO:0000256|SAM:MobiDB-lite	Low complexity	compositional_bias
Q59E36	532-543	ECO:0000256|SAM:MobiDB-lite	Low complexity	compositional_bias
Q59E55	224-234	ECO:0000256|SAM:MobiDB-lite	Polar residues	compositional_bias
Q59E55	284-305	ECO:0000256|SAM:MobiDB-lite	Polar residues	compositional_bias
Q59E55	558-568	ECO:0000256|SAM:MobiDB-lite	Polar residues	compositional_bias
Q59E55	79-94	ECO:0000256|SAM:MobiDB-lite	Low complexity	compositional_bias
Q5BI31	1092-1107	ECO:0000256|SAM:MobiDB-lite	Low complexity	compositional_bias
Q5BI31	165-189	ECO:0000256|SAM:MobiDB-lite	Polar residues	compositional_bias
Q5BI31	279-292	ECO:0000256|SAM:MobiDB-lite	Low complexity	compositional_bias
Q5BI31	309-318	ECO:0000256|SAM:MobiDB-lite	Polar residues	compositional_bias
Q5BI31	319-330	ECO:0000256|SAM:MobiDB-lite	Low complexity	compositional_bias
Q5BI31	338-350	ECO:0000256|SAM:MobiDB-lite	Polar residues	compositional_bias
Q5BI31	354-364	ECO:0000256|SAM:MobiDB-lite	Acidic residues	compositional_bias
Q5BI31	365-375	ECO:0000256|SAM:MobiDB-lite	Basic and acidic residues	compositional_bias
Q5BI31	394-408	ECO:0000256|SAM:MobiDB-lite	Basic and acidic residues	compositional_bias
Q5BI31	409-430	ECO:0000256|SAM:MobiDB-lite	Low complexity	compositional_bias
Q5BI31	464-487	ECO:0000256|SAM:MobiDB-lite	Basic and acidic residues	compositional_bias
Q5BI31	495-512	ECO:0000256|SAM:MobiDB-lite	Basic and acidic residues	compositional_bias
Q5BI31	519-538	ECO:0000256|SAM:MobiDB-lite	Basic and acidic residues	compositional_bias
Q5BI31	53-62	ECO:0000256|SAM:MobiDB-lite	Low complexity	compositional_bias
Q5BI31	594-605	ECO:0000256|SAM:MobiDB-lite	Low complexity	compositional_bias
Q5BI31	657-669	ECO:0000256|SAM:MobiDB-lite	Low complexity	compositional_bias
Q5BI31	678-696	ECO:0000256|SAM:MobiDB-lite	Polar residues	compositional_bias
Q5BI31	714-735	ECO:0000256|SAM:MobiDB-lite	Low complexity	compositional_bias
Q5BI31	737-751	ECO:0000256|SAM:MobiDB-lite	Polar residues	compositional_bias
Q5BI31	78-111	ECO:0000256|SAM:MobiDB-lite	Basic and acidic residues	compositional_bias
Q5BI31	822-832	ECO:0000256|SAM:MobiDB-lite	Polar residues	compositional_bias
Q5BI31	893-907	ECO:0000256|SAM:MobiDB-lite	Pro residues	compositional_bias
Q5BI42	1359-1369	ECO:0000256|SAM:MobiDB-lite	Low complexity	compositional_bias
Q5BI42	1370-1392	ECO:0000256|SAM:MobiDB-lite	Polar residues	compositional_bias
Q5LJZ2	1119-1128	ECO:0000256|SAM:MobiDB-lite	Basic and acidic residues	compositional_bias
Q5LJZ2	1129-1145	ECO:0000256|SAM:MobiDB-lite	Polar residues	compositional_bias
Q5LJZ2	1205-1217	ECO:0000256|SAM:MobiDB-lite	Polar residues	compositional_bias
Q5LJZ2	244-284	ECO:0000256|SAM:MobiDB-lite	Basic and acidic residues	compositional_bias
Q5LJZ2	291-300	ECO:0000256|SAM:MobiDB-lite	Basic residues	compositional_bias
Q5LJZ2	308-341	ECO:0000256|SAM:MobiDB-lite	Basic and acidic residues	compositional_bias
Q5LJZ2	349-384	ECO:0000256|SAM:MobiDB-lite	Basic and acidic residues	compositional_bias
Q5LJZ2	556-568	ECO:0000256|SAM:MobiDB-lite	Low complexity	compositional_bias
Q5LJZ2	569-579	ECO:0000256|SAM:MobiDB-lite	Basic and acidic residues	compositional_bias
Q5LJZ2	8-23	ECO:0000256|SAM:MobiDB-lite	Low complexity	compositional_bias
Q5LJZ2	844-867	ECO:0000256|SAM:MobiDB-lite	Basic and acidic residues	compositional_bias
Q5LJZ2	904-915	ECO:0000256|SAM:MobiDB-lite	Low complexity	compositional_bias
Q5LJZ2	930-939	ECO:0000256|SAM:MobiDB-lite	Basic and acidic residues	compositional_bias
Q5U117	28-43	ECO:0000256|SAM:MobiDB-lite	Polar residues	compositional_bias
Q5U117	48-65	ECO:0000256|SAM:MobiDB-lite	Basic and acidic residues	compositional_bias
Q6AWG9	1071-1089	ECO:0000256|SAM:MobiDB-lite	Polar residues	compositional_bias
Q6AWG9	125-145	ECO:0000256|SAM:MobiDB-lite	Low complexity	compositional_bias
Q6AWG9	188-204	ECO:0000256|SAM:MobiDB-lite	Polar residues	compositional_bias
Q6AWG9	272-287	ECO:0000256|SAM:MobiDB-lite	Low complexity	compositional_bias
Q6AWG9	309-334	ECO:0000256|SAM:MobiDB-lite	Low complexity	compositional_bias
Q6AWG9	35-49	ECO:0000256|SAM:MobiDB-lite	Low complexity	compositional_bias
Q6AWG9	393-406	ECO:0000256|SAM:MobiDB-lite	Low complexity	compositional_bias
Q6AWG9	433-450	ECO:0000256|SAM:MobiDB-lite	Polar residues	compositional_bias
Q6AWG9	463-472	ECO:0000256|SAM:MobiDB-lite	Polar residues	compositional_bias
Q6AWG9	523-536	ECO:0000256|SAM:MobiDB-lite	Basic and acidic residues	compositional_bias
Q6AWG9	549-570	ECO:0000256|SAM:MobiDB-lite	Low complexity	compositional_bias
Q6AWG9	58-72	ECO:0000256|SAM:MobiDB-lite	Polar residues	compositional_bias
Q6AWG9	632-641	ECO:0000256|SAM:MobiDB-lite	Low complexity	compositional_bias
Q6AWG9	678-688	ECO:0000256|SAM:MobiDB-lite	Basic and acidic residues	compositional_bias
Q6AWG9	73-83	ECO:0000256|SAM:MobiDB-lite	Low complexity	compositional_bias
Q6AWG9	755-764	ECO:0000256|SAM:MobiDB-lite	Polar residues	compositional_bias
Q6AWG9	832-860	ECO:0000256|SAM:MobiDB-lite	Low complexity	compositional_bias
Q6AWG9	861-874	ECO:0000256|SAM:MobiDB-lite	Basic residues	compositional_bias
Q6AWG9	937-947	ECO:0000256|SAM:MobiDB-lite	Basic and acidic residues	compositional_bias
Q6AWG9	96-110	ECO:0000256|SAM:MobiDB-lite	Polar residues	compositional_bias
Q6AWJ9	655-673	ECO:0000256|SAM:MobiDB-lite	Polar residues	compositional_bias
Q6AWJ9	720-731	ECO:0000256|SAM:MobiDB-lite	Basic and acidic residues	compositional_bias
Q6IDD9	1012-1026	ECO:0000256|SAM:MobiDB-lite	Gly residues	compositional_bias
Q6IDD9	1046-1073	ECO:0000256|SAM:MobiDB-lite	Polar residues	compositional_bias
Q6IDD9	1125-1135	ECO:0000256|SAM:MobiDB-lite	Gly residues	compositional_bias
Q6IDD9	1321-1335	ECO:0000256|SAM:MobiDB-lite	Low complexity	compositional_bias
Q6IDD9	34-48	ECO:0000256|SAM:MobiDB-lite	Low complexity	compositional_bias
Q6IDD9	997-1010	ECO:0000256|SAM:MobiDB-lite	Polar residues	compositional_bias
Q6NL34	116-127	ECO:0000256|SAM:MobiDB-lite	Acidic residues	compositional_bias
Q6NLL1	292-307	ECO:0000256|SAM:MobiDB-lite	Low complexity	compositional_bias
Q6NLL1	613-624	ECO:0000256|SAM:MobiDB-lite	Polar residues	compositional_bias
Q6NLL1	694-704	ECO:0000256|SAM:MobiDB-lite	Polar residues	compositional_bias
Q6NN40	34-57	ECO:0000256|SAM:MobiDB-lite	Low complexity	compositional_bias
Q6NN55	485-511	ECO:0000256|SAM:MobiDB-lite	Polar residues	compositional_bias
Q6NN55	549-570	ECO:0000256|SAM:MobiDB-lite	Polar residues	compositional_bias
Q6NN85	1-20	ECO:0000256|SAM:MobiDB-lite	Polar residues	compositional_bias
Q6NN85	1008-1021	ECO:0000256|SAM:MobiDB-lite	Polar residues	compositional_bias
Q6NN85	1029-1045	ECO:0000256|SAM:MobiDB-lite	Low complexity	compositional_bias
Q6NN85	149-174	ECO:0000256|SAM:MobiDB-lite	Polar residues	compositional_bias
Q6NN85	175-185	ECO:0000256|SAM:MobiDB-lite	Basic and acidic residues	compositional_bias
Q6NN85	529-547	ECO:0000256|SAM:MobiDB-lite	Basic and acidic residues	compositional_bias
Q6NN85	560-569	ECO:0000256|SAM:MobiDB-lite	Polar residues	compositional_bias
Q6NN85	586-601	ECO:0000256|SAM:MobiDB-lite	Basic residues	compositional_bias
Q6NN85	602-625	ECO:0000256|SAM:MobiDB-lite	Polar residues	compositional_bias
Q6NN85	66-80	ECO:0000256|SAM:MobiDB-lite	Low complexity	compositional_bias
Q6NN85	704-713	ECO:0000256|SAM:MobiDB-lite	Low complexity	compositional_bias
Q6NN85	721-732	ECO:0000256|SAM:MobiDB-lite	Low complexity	compositional_bias
Q6NN85	764-774	ECO:0000256|SAM:MobiDB-lite	Polar residues	compositional_bias
Q6NNF2	116-129	ECO:0000256|SAM:MobiDB-lite	Low complexity	compositional_bias
Q6NP60	18-34	ECO:0000256|SAM:MobiDB-lite	Low complexity	compositional_bias
Q6NP91	743-760	ECO:0000256|SAM:MobiDB-lite	Polar residues	compositional_bias
Q6NP91	87-112	ECO:0000256|SAM:MobiDB-lite	Polar residues	compositional_bias
Q6NR09	109-120	ECO:0000256|SAM:MobiDB-lite	Basic and acidic residues	compositional_bias
Q6NR09	181-194	ECO:0000256|SAM:MobiDB-lite	Low complexity	compositional_bias
Q6NR09	21-30	ECO:0000256|SAM:MobiDB-lite	Low complexity	compositional_bias
Q6NR09	62-89	ECO:0000256|SAM:MobiDB-lite	Basic residues	compositional_bias
Q6WV16	107-120	ECO:0000256|SAM:MobiDB-lite	Low complexity	compositional_bias
Q6WV19	54-65	ECO:0000256|SAM:MobiDB-lite	Low complexity	compositional_bias
Q709R6	233-256	ECO:0000256|SAM:MobiDB-lite	Polar residues	compositional_bias
Q709R6	68-77	ECO:0000256|SAM:MobiDB-lite	Polar residues	compositional_bias
Q709R6	89-99	ECO:0000256|SAM:MobiDB-lite	Polar residues	compositional_bias
Q70PP2	33-43	ECO:0000256|SAM:MobiDB-lite	Low complexity	compositional_bias
Q70PP2	44-67	ECO:0000256|SAM:MobiDB-lite	Gly residues	compositional_bias
Q76NQ1	22-33	ECO:0000256|SAM:MobiDB-lite	Low complexity	compositional_bias
Q76NQ1	564-573	ECO:0000256|SAM:MobiDB-lite	Polar residues	compositional_bias
Q76NQ1	740-763	ECO:0000256|SAM:MobiDB-lite	Polar residues	compositional_bias
Q7JQ32	1147-1162	ECO:0000256|SAM:MobiDB-lite	Basic and acidic residues	compositional_bias
Q7JQ32	1202-1212	ECO:0000256|SAM:MobiDB-lite	Gly residues	compositional_bias
Q7JQ32	1282-1308	ECO:0000256|SAM:MobiDB-lite	Polar residues	compositional_bias
Q7JQF1	369-385	ECO:0000256|SAM:MobiDB-lite	Low complexity	compositional_bias
Q7JQF1	629-645	ECO:0000256|SAM:MobiDB-lite	Basic and acidic residues	compositional_bias
Q7JRE4	83-104	ECO:0000256|SAM:MobiDB-lite	Polar residues	compositional_bias
Q7JRJ1	174-184	ECO:0000256|SAM:MobiDB-lite	Polar residues	compositional_bias
Q7JRJ1	200-213	ECO:0000256|SAM:MobiDB-lite	Low complexity	compositional_bias
Q7JRJ1	248-271	ECO:0000256|SAM:MobiDB-lite	Polar residues	compositional_bias
Q7JRJ1	304-334	ECO:0000256|SAM:MobiDB-lite	Low complexity	compositional_bias
Q7JRJ1	383-398	ECO:0000256|SAM:MobiDB-lite	Acidic residues	compositional_bias
Q7JRJ1	404-438	ECO:0000256|SAM:MobiDB-lite	Low complexity	compositional_bias
Q7JRJ1	455-473	ECO:0000256|SAM:MobiDB-lite	Low complexity	compositional_bias
Q7JRJ1	488-498	ECO:0000256|SAM:MobiDB-lite	Low complexity	compositional_bias
Q7JUY7	1-19	ECO:0000256|SAM:MobiDB-lite	Low complexity	compositional_bias
Q7JUY7	185-197	ECO:0000256|SAM:MobiDB-lite	Polar residues	compositional_bias
Q7JVA5	180-190	ECO:0000256|SAM:MobiDB-lite	Polar residues	compositional_bias
Q7JVL3	184-199	ECO:0000256|SAM:MobiDB-lite	Acidic residues	compositional_bias
Q7JVL3	213-224	ECO:0000256|SAM:MobiDB-lite	Basic residues	compositional_bias
Q7JVL3	240-330	ECO:0000256|SAM:MobiDB-lite	Basic and acidic residues	compositional_bias
Q7JVP4	1034-1043	ECO:0000256|SAM:MobiDB-lite	Low complexity	compositional_bias
Q7JVP4	1085-1107	ECO:0000256|SAM:MobiDB-lite	Low complexity	compositional_bias
Q7JVP4	1108-1120	ECO:0000256|SAM:MobiDB-lite	Acidic residues	compositional_bias
Q7JVP4	1121-1137	ECO:0000256|SAM:MobiDB-lite	Basic and acidic residues	compositional_bias
Q7JVP4	1151-1165	ECO:0000256|SAM:MobiDB-lite	Polar residues	compositional_bias
Q7JVP4	1265-1278	ECO:0000256|SAM:MobiDB-lite	Polar residues	compositional_bias
Q7JVP4	1281-1293	ECO:0000256|SAM:MobiDB-lite	Basic and acidic residues	compositional_bias
Q7JVP4	62-81	ECO:0000256|SAM:MobiDB-lite	Basic residues	compositional_bias
Q7JVP4	796-805	ECO:0000256|SAM:MobiDB-lite	Basic residues	compositional_bias
Q7JVP4	842-857	ECO:0000256|SAM:MobiDB-lite	Acidic residues	compositional_bias
Q7JVP4	865-887	ECO:0000256|SAM:MobiDB-lite	Polar residues	compositional_bias
Q7JVP4	922-942	ECO:0000256|SAM:MobiDB-lite	Low complexity	compositional_bias
Q7JW27	333-363	ECO:0000256|SAM:MobiDB-lite	Pro residues	compositional_bias
Q7JW27	490-499	ECO:0000256|SAM:MobiDB-lite	Acidic residues	compositional_bias
Q7JWP6	86-103	ECO:0000256|SAM:MobiDB-lite	Low complexity	compositional_bias
Q7JWR9	1-10	ECO:0000256|SAM:MobiDB-lite	Pro residues	compositional_bias
Q7JWR9	12-28	ECO:0000256|SAM:MobiDB-lite	Basic and acidic residues	compositional_bias
Q7JWR9	352-361	ECO:0000256|SAM:MobiDB-lite	Low complexity	compositional_bias
Q7JWR9	369-380	ECO:0000256|SAM:MobiDB-lite	Low complexity	compositional_bias
Q7JWR9	38-50	ECO:0000256|SAM:MobiDB-lite	Low complexity	compositional_bias
Q7JWR9	56-71	ECO:0000256|SAM:MobiDB-lite	Basic and acidic residues	compositional_bias
Q7JXA8	107-120	ECO:0000256|SAM:MobiDB-lite	Low complexity	compositional_bias
Q7JXA8	131-143	ECO:0000256|SAM:MobiDB-lite	Basic residues	compositional_bias
Q7JXA8	152-167	ECO:0000256|SAM:MobiDB-lite	Polar residues	compositional_bias
Q7JXA8	218-228	ECO:0000256|SAM:MobiDB-lite	Basic and acidic residues	compositional_bias
Q7JXA8	258-275	ECO:0000256|SAM:MobiDB-lite	Low complexity	compositional_bias
Q7JXA8	276-285	ECO:0000256|SAM:MobiDB-lite	Basic and acidic residues	compositional_bias
Q7JXA8	84-99	ECO:0000256|SAM:MobiDB-lite	Low complexity	compositional_bias
Q7JXF5	45-57	ECO:0000256|SAM:MobiDB-lite	Low complexity	compositional_bias
Q7JXG9	1203-1212	ECO:0000256|SAM:MobiDB-lite	Low complexity	compositional_bias
Q7JXG9	133-144	ECO:0000256|SAM:MobiDB-lite	Low complexity	compositional_bias
Q7JXG9	213-226	ECO:0000256|SAM:MobiDB-lite	Low complexity	compositional_bias
Q7JXG9	287-305	ECO:0000256|SAM:MobiDB-lite	Low complexity	compositional_bias
Q7JXG9	564-578	ECO:0000256|SAM:MobiDB-lite	Polar residues	compositional_bias
Q7JXG9	605-620	ECO:0000256|SAM:MobiDB-lite	Basic residues	compositional_bias
Q7JXG9	643-655	ECO:0000256|SAM:MobiDB-lite	Low complexity	compositional_bias
Q7JXG9	706-716	ECO:0000256|SAM:MobiDB-lite	Low complexity	compositional_bias
Q7JXG9	717-731	ECO:0000256|SAM:MobiDB-lite	Acidic residues	compositional_bias
Q7JYV2	220-241	ECO:0000256|SAM:MobiDB-lite	Low complexity	compositional_bias
Q7K0D8	1-13	ECO:0000256|SAM:MobiDB-lite	Polar residues	compositional_bias
Q7K0D8	110-123	ECO:0000256|SAM:MobiDB-lite	Low complexity	compositional_bias
Q7K0D8	149-165	ECO:0000256|SAM:MobiDB-lite	Polar residues	compositional_bias
Q7K0D8	177-192	ECO:0000256|SAM:MobiDB-lite	Low complexity	compositional_bias
Q7K0D8	24-38	ECO:0000256|SAM:MobiDB-lite	Basic and acidic residues	compositional_bias
Q7K0D8	243-256	ECO:0000256|SAM:MobiDB-lite	Polar residues	compositional_bias
Q7K0D8	372-383	ECO:0000256|SAM:MobiDB-lite	Polar residues	compositional_bias
Q7K0D8	39-48	ECO:0000256|SAM:MobiDB-lite	Basic residues	compositional_bias
Q7K0D8	77-92	ECO:0000256|SAM:MobiDB-lite	Low complexity	compositional_bias
Q7K0L4	1-13	ECO:0000256|SAM:MobiDB-lite	Low complexity	compositional_bias
Q7K0L4	48-57	ECO:0000256|SAM:MobiDB-lite	Polar residues	compositional_bias
Q7K0L4	609-630	ECO:0000256|SAM:MobiDB-lite	Low complexity	compositional_bias
Q7K0L4	66-75	ECO:0000256|SAM:MobiDB-lite	Polar residues	compositional_bias
Q7K0Y1	1-11	ECO:0000256|SAM:MobiDB-lite	Basic residues	compositional_bias
Q7K0Y1	112-123	ECO:0000256|SAM:MobiDB-lite	Basic and acidic residues	compositional_bias
Q7K0Y1	138-148	ECO:0000256|SAM:MobiDB-lite	Basic and acidic residues	compositional_bias
Q7K0Y1	149-158	ECO:0000256|SAM:MobiDB-lite	Acidic residues	compositional_bias
Q7K0Y1	27-36	ECO:0000256|SAM:MobiDB-lite	Acidic residues	compositional_bias
Q7K0Y1	45-54	ECO:0000256|SAM:MobiDB-lite	Acidic residues	compositional_bias
Q7K0Y1	62-73	ECO:0000256|SAM:MobiDB-lite	Acidic residues	compositional_bias
Q7K0Y1	84-111	ECO:0000256|SAM:MobiDB-lite	Acidic residues	compositional_bias
Q7K175	374-384	ECO:0000256|SAM:MobiDB-lite	Acidic residues	compositional_bias
Q7K237	378-388	ECO:0000256|SAM:MobiDB-lite	Basic and acidic residues	compositional_bias
Q7K2B0	30-44	ECO:0000256|SAM:MobiDB-lite	Basic residues	compositional_bias
Q7K2D2	21-32	ECO:0000256|SAM:MobiDB-lite	Acidic residues	compositional_bias
Q7K2G1	168-185	ECO:0000256|SAM:MobiDB-lite	Low complexity	compositional_bias
Q7K2G1	194-204	ECO:0000256|SAM:MobiDB-lite	Polar residues	compositional_bias
Q7K2G1	207-223	ECO:0000256|SAM:MobiDB-lite	Low complexity	compositional_bias
Q7K2G1	372-389	ECO:0000256|SAM:MobiDB-lite	Basic and acidic residues	compositional_bias
Q7K3D8	252-264	ECO:0000256|SAM:MobiDB-lite	Basic and acidic residues	compositional_bias
Q7K3D8	268-285	ECO:0000256|SAM:MobiDB-lite	Polar residues	compositional_bias
Q7K3D8	288-299	ECO:0000256|SAM:MobiDB-lite	Basic residues	compositional_bias
Q7K3L1	193-208	ECO:0000256|SAM:MobiDB-lite	Low complexity	compositional_bias
Q7K3L1	273-285	ECO:0000256|SAM:MobiDB-lite	Low complexity	compositional_bias
Q7K3L1	878-907	ECO:0000256|SAM:MobiDB-lite	Polar residues	compositional_bias
Q7K480	1166-1177	ECO:0000256|SAM:MobiDB-lite	Polar residues	compositional_bias
Q7K480	1185-1203	ECO:0000256|SAM:MobiDB-lite	Polar residues	compositional_bias
Q7K480	1260-1271	ECO:0000256|SAM:MobiDB-lite	Gly residues	compositional_bias
Q7K480	15-31	ECO:0000256|SAM:MobiDB-lite	Polar residues	compositional_bias
Q7K480	330-345	ECO:0000256|SAM:MobiDB-lite	Low complexity	compositional_bias
Q7K480	397-414	ECO:0000256|SAM:MobiDB-lite	Basic residues	compositional_bias
Q7K480	488-515	ECO:0000256|SAM:MobiDB-lite	Low complexity	compositional_bias
Q7K480	527-538	ECO:0000256|SAM:MobiDB-lite	Polar residues	compositional_bias
Q7K480	540-559	ECO:0000256|SAM:MobiDB-lite	Low complexity	compositional_bias
Q7K480	60-74	ECO:0000256|SAM:MobiDB-lite	Low complexity	compositional_bias
Q7K480	676-691	ECO:0000256|SAM:MobiDB-lite	Low complexity	compositional_bias
Q7K480	705-715	ECO:0000256|SAM:MobiDB-lite	Basic and acidic residues	compositional_bias
Q7K480	723-733	ECO:0000256|SAM:MobiDB-lite	Low complexity	compositional_bias
Q7K480	78-92	ECO:0000256|SAM:MobiDB-lite	Basic residues	compositional_bias
Q7K480	901-925	ECO:0000256|SAM:MobiDB-lite	Basic residues	compositional_bias
Q7K4H4	1-12	ECO:0000256|SAM:MobiDB-lite	Low complexity	compositional_bias
Q7K4H4	13-26	ECO:0000256|SAM:MobiDB-lite	Polar residues	compositional_bias
Q7K4H4	194-208	ECO:0000256|SAM:MobiDB-lite	Basic and acidic residues	compositional_bias
Q7K4H4	72-86	ECO:0000256|SAM:MobiDB-lite	Low complexity	compositional_bias
Q7K4M4	88-104	ECO:0000256|SAM:MobiDB-lite	Low complexity	compositional_bias
Q7K4Q5	238-252	ECO:0000256|SAM:MobiDB-lite	Polar residues	compositional_bias
Q7K4Q5	261-275	ECO:0000256|SAM:MobiDB-lite	Polar residues	compositional_bias
Q7K4Q5	288-319	ECO:0000256|SAM:MobiDB-lite	Polar residues	compositional_bias
Q7K4Q5	320-334	ECO:0000256|SAM:MobiDB-lite	Acidic residues	compositional_bias
Q7K4Q5	337-347	ECO:0000256|SAM:MobiDB-lite	Polar residues	compositional_bias
Q7K4Q5	349-374	ECO:0000256|SAM:MobiDB-lite	Acidic residues	compositional_bias
Q7K4Q5	591-609	ECO:0000256|SAM:MobiDB-lite	Polar residues	compositional_bias
Q7K4Q5	616-637	ECO:0000256|SAM:MobiDB-lite	Basic and acidic residues	compositional_bias
Q7K4Y6	1-13	ECO:0000256|SAM:MobiDB-lite	Polar residues	compositional_bias
Q7K4Y6	14-24	ECO:0000256|SAM:MobiDB-lite	Basic and acidic residues	compositional_bias
Q7K4Z4	134-144	ECO:0000256|SAM:MobiDB-lite	Polar residues	compositional_bias
Q7K4Z4	52-63	ECO:0000256|SAM:MobiDB-lite	Polar residues	compositional_bias
Q7K550	28-46	ECO:0000256|SAM:MobiDB-lite	Acidic residues	compositional_bias
Q7K550	47-58	ECO:0000256|SAM:MobiDB-lite	Basic and acidic residues	compositional_bias
Q7K556	1-19	ECO:0000256|SAM:MobiDB-lite	Polar residues	compositional_bias
Q7K5M0	213-225	ECO:0000256|SAM:MobiDB-lite	Polar residues	compositional_bias
Q7K5M0	237-252	ECO:0000256|SAM:MobiDB-lite	Polar residues	compositional_bias
Q7K5N4	314-326	ECO:0000256|SAM:MobiDB-lite	Polar residues	compositional_bias
Q7K5N4	420-447	ECO:0000256|SAM:MobiDB-lite	Low complexity	compositional_bias
Q7K5N4	457-471	ECO:0000256|SAM:MobiDB-lite	Basic residues	compositional_bias
Q7K7A9	368-385	ECO:0000256|SAM:MobiDB-lite	Basic residues	compositional_bias
Q7KBL8	1-23	ECO:0000256|SAM:MobiDB-lite	Low complexity	compositional_bias
Q7KBL8	30-43	ECO:0000256|SAM:MobiDB-lite	Low complexity	compositional_bias
Q7KHG2	1027-1092	ECO:0000256|SAM:MobiDB-lite	Low complexity	compositional_bias
Q7KHG2	1244-1254	ECO:0000256|SAM:MobiDB-lite	Basic and acidic residues	compositional_bias
Q7KHG2	1405-1430	ECO:0000256|SAM:MobiDB-lite	Acidic residues	compositional_bias
Q7KHG2	1431-1440	ECO:0000256|SAM:MobiDB-lite	Low complexity	compositional_bias
Q7KHG2	1458-1467	ECO:0000256|SAM:MobiDB-lite	Basic residues	compositional_bias
Q7KHG2	166-180	ECO:0000256|SAM:MobiDB-lite	Polar residues	compositional_bias
Q7KHG2	199-217	ECO:0000256|SAM:MobiDB-lite	Low complexity	compositional_bias
Q7KHG2	272-291	ECO:0000256|SAM:MobiDB-lite	Low complexity	compositional_bias
Q7KHG2	327-337	ECO:0000256|SAM:MobiDB-lite	Polar residues	compositional_bias
Q7KHG2	349-360	ECO:0000256|SAM:MobiDB-lite	Pro residues	compositional_bias
Q7KHG2	40-80	ECO:0000256|SAM:MobiDB-lite	Polar residues	compositional_bias
Q7KHG2	648-669	ECO:0000256|SAM:MobiDB-lite	Low complexity	compositional_bias
Q7KHG2	776-802	ECO:0000256|SAM:MobiDB-lite	Low complexity	compositional_bias
Q7KHG2	8-28	ECO:0000256|SAM:MobiDB-lite	Low complexity	compositional_bias
Q7KHG2	831-844	ECO:0000256|SAM:MobiDB-lite	Low complexity	compositional_bias
Q7KHG2	852-868	ECO:0000256|SAM:MobiDB-lite	Basic and acidic residues	compositional_bias
Q7KHG2	873-903	ECO:0000256|SAM:MobiDB-lite	Low complexity	compositional_bias
Q7KHG2	911-935	ECO:0000256|SAM:MobiDB-lite	Low complexity	compositional_bias
Q7KHG2	93-102	ECO:0000256|SAM:MobiDB-lite	Low complexity	compositional_bias
Q7KHG2	936-945	ECO:0000256|SAM:MobiDB-lite	Polar residues	compositional_bias
Q7KHG2	946-957	ECO:0000256|SAM:MobiDB-lite	Low complexity	compositional_bias
Q7KIN0	1395-1413	ECO:0000256|SAM:MobiDB-lite	Polar residues	compositional_bias
Q7KIN0	1414-1426	ECO:0000256|SAM:MobiDB-lite	Low complexity	compositional_bias
Q7KIN0	1427-1439	ECO:0000256|SAM:MobiDB-lite	Polar residues	compositional_bias
Q7KKH3	491-501	ECO:0000256|SAM:MobiDB-lite	Acidic residues	compositional_bias
Q7KKH3	516-559	ECO:0000256|SAM:MobiDB-lite	Acidic residues	compositional_bias
Q7KKH3	560-572	ECO:0000256|SAM:MobiDB-lite	Basic and acidic residues	compositional_bias
Q7KKH3	671-692	ECO:0000256|SAM:MobiDB-lite	Basic residues	compositional_bias
Q7KKH3	700-712	ECO:0000256|SAM:MobiDB-lite	Basic residues	compositional_bias
Q7KLI1	1273-1283	ECO:0000256|SAM:MobiDB-lite	Basic residues	compositional_bias
Q7KM13	272-297	ECO:0000256|SAM:MobiDB-lite	Low complexity	compositional_bias
Q7KM13	305-346	ECO:0000256|SAM:MobiDB-lite	Low complexity	compositional_bias
Q7KM13	45-58	ECO:0000256|SAM:MobiDB-lite	Basic residues	compositional_bias
Q7KM13	86-98	ECO:0000256|SAM:MobiDB-lite	Polar residues	compositional_bias
Q7KMJ6	25-42	ECO:0000256|SAM:MobiDB-lite	Low complexity	compositional_bias
Q7KMJ6	257-268	ECO:0000256|SAM:MobiDB-lite	Basic residues	compositional_bias
Q7KMJ6	285-296	ECO:0000256|SAM:MobiDB-lite	Basic and acidic residues	compositional_bias
Q7KMJ6	526-536	ECO:0000256|SAM:MobiDB-lite	Basic residues	compositional_bias
Q7KMJ6	566-593	ECO:0000256|SAM:MobiDB-lite	Basic and acidic residues	compositional_bias
Q7KN62	776-785	ECO:0000256|SAM:MobiDB-lite	Low complexity	compositional_bias
Q7KN79	176-207	ECO:0000256|SAM:MobiDB-lite	Acidic residues	compositional_bias
Q7KN79	465-474	ECO:0000256|SAM:MobiDB-lite	Basic and acidic residues	compositional_bias
Q7KN79	479-493	ECO:0000256|SAM:MobiDB-lite	Polar residues	compositional_bias
Q7KN90	704-713	ECO:0000256|SAM:MobiDB-lite	Basic and acidic residues	compositional_bias
Q7KNF2	1-36	ECO:0000256|SAM:MobiDB-lite	Acidic residues	compositional_bias
Q7KQM6	1038-1058	ECO:0000256|SAM:MobiDB-lite	Polar residues	compositional_bias
Q7KQM6	105-114	ECO:0000256|SAM:MobiDB-lite	Polar residues	compositional_bias
Q7KQM6	1067-1115	ECO:0000256|SAM:MobiDB-lite	Basic and acidic residues	compositional_bias
Q7KQM6	1159-1169	ECO:0000256|SAM:MobiDB-lite	Polar residues	compositional_bias
Q7KQM6	120-131	ECO:0000256|SAM:MobiDB-lite	Low complexity	compositional_bias
Q7KQM6	1408-1417	ECO:0000256|SAM:MobiDB-lite	Basic and acidic residues	compositional_bias
Q7KQM6	1419-1430	ECO:0000256|SAM:MobiDB-lite	Polar residues	compositional_bias
Q7KQM6	180-195	ECO:0000256|SAM:MobiDB-lite	Low complexity	compositional_bias
Q7KQM6	206-227	ECO:0000256|SAM:MobiDB-lite	Basic and acidic residues	compositional_bias
Q7KQM6	232-243	ECO:0000256|SAM:MobiDB-lite	Low complexity	compositional_bias
Q7KQM6	254-271	ECO:0000256|SAM:MobiDB-lite	Polar residues	compositional_bias
Q7KQM6	282-304	ECO:0000256|SAM:MobiDB-lite	Polar residues	compositional_bias
Q7KQM6	388-403	ECO:0000256|SAM:MobiDB-lite	Basic and acidic residues	compositional_bias
Q7KQM6	409-443	ECO:0000256|SAM:MobiDB-lite	Polar residues	compositional_bias
Q7KQZ4	162-175	ECO:0000256|SAM:MobiDB-lite	Low complexity	compositional_bias
Q7KQZ4	228-251	ECO:0000256|SAM:MobiDB-lite	Low complexity	compositional_bias
Q7KQZ4	263-293	ECO:0000256|SAM:MobiDB-lite	Low complexity	compositional_bias
Q7KQZ4	329-340	ECO:0000256|SAM:MobiDB-lite	Low complexity	compositional_bias
Q7KQZ4	537-560	ECO:0000256|SAM:MobiDB-lite	Low complexity	compositional_bias
Q7KQZ4	659-668	ECO:0000256|SAM:MobiDB-lite	Low complexity	compositional_bias
Q7KRS9	1-16	ECO:0000256|SAM:MobiDB-lite	Low complexity	compositional_bias
Q7KRS9	1006-1019	ECO:0000256|SAM:MobiDB-lite	Pro residues	compositional_bias
Q7KRS9	1037-1053	ECO:0000256|SAM:MobiDB-lite	Polar residues	compositional_bias
Q7KRS9	1073-1097	ECO:0000256|SAM:MobiDB-lite	Low complexity	compositional_bias
Q7KRS9	1620-1648	ECO:0000256|SAM:MobiDB-lite	Polar residues	compositional_bias
Q7KRS9	258-271	ECO:0000256|SAM:MobiDB-lite	Basic and acidic residues	compositional_bias
Q7KRS9	296-308	ECO:0000256|SAM:MobiDB-lite	Polar residues	compositional_bias
Q7KRS9	30-40	ECO:0000256|SAM:MobiDB-lite	Low complexity	compositional_bias
Q7KRS9	309-320	ECO:0000256|SAM:MobiDB-lite	Low complexity	compositional_bias
Q7KRS9	61-84	ECO:0000256|SAM:MobiDB-lite	Low complexity	compositional_bias
Q7KRS9	676-690	ECO:0000256|SAM:MobiDB-lite	Polar residues	compositional_bias
Q7KRS9	775-784	ECO:0000256|SAM:MobiDB-lite	Basic residues	compositional_bias
Q7KRS9	785-800	ECO:0000256|SAM:MobiDB-lite	Basic and acidic residues	compositional_bias
Q7KRS9	874-884	ECO:0000256|SAM:MobiDB-lite	Pro residues	compositional_bias
Q7KRS9	935-952	ECO:0000256|SAM:MobiDB-lite	Polar residues	compositional_bias
Q7KRS9	953-962	ECO:0000256|SAM:MobiDB-lite	Low complexity	compositional_bias
Q7KRW1	711-724	ECO:0000256|SAM:MobiDB-lite	Low complexity	compositional_bias
Q7KRW8	171-190	ECO:0000256|SAM:MobiDB-lite	Polar residues	compositional_bias
Q7KRW8	200-211	ECO:0000256|SAM:MobiDB-lite	Polar residues	compositional_bias
Q7KRW8	226-236	ECO:0000256|SAM:MobiDB-lite	Acidic residues	compositional_bias
Q7KRW8	245-256	ECO:0000256|SAM:MobiDB-lite	Acidic residues	compositional_bias
Q7KRW8	274-301	ECO:0000256|SAM:MobiDB-lite	Basic and acidic residues	compositional_bias
Q7KRW8	303-317	ECO:0000256|SAM:MobiDB-lite	Polar residues	compositional_bias
Q7KRW8	318-358	ECO:0000256|SAM:MobiDB-lite	Basic and acidic residues	compositional_bias
Q7KRW8	48-64	ECO:0000256|SAM:MobiDB-lite	Acidic residues	compositional_bias
Q7KRW8	575-602	ECO:0000256|SAM:MobiDB-lite	Basic and acidic residues	compositional_bias
Q7KRW8	957-966	ECO:0000256|SAM:MobiDB-lite	Basic and acidic residues	compositional_bias
Q7KRW8	967-978	ECO:0000256|SAM:MobiDB-lite	Low complexity	compositional_bias
Q7KRY6	349-361	ECO:0000256|SAM:MobiDB-lite	Polar residues	compositional_bias
Q7KRY6	435-448	ECO:0000256|SAM:MobiDB-lite	Basic and acidic residues	compositional_bias
Q7KRY6	546-558	ECO:0000256|SAM:MobiDB-lite	Low complexity	compositional_bias
Q7KRY7	1080-1097	ECO:0000256|SAM:MobiDB-lite	Polar residues	compositional_bias
Q7KRY7	1132-1149	ECO:0000256|SAM:MobiDB-lite	Polar residues	compositional_bias
Q7KRY7	1448-1467	ECO:0000256|SAM:MobiDB-lite	Polar residues	compositional_bias
Q7KRY7	1468-1478	ECO:0000256|SAM:MobiDB-lite	Low complexity	compositional_bias
Q7KRY7	1647-1669	ECO:0000256|SAM:MobiDB-lite	Low complexity	compositional_bias
Q7KRY7	1725-1751	ECO:0000256|SAM:MobiDB-lite	Basic and acidic residues	compositional_bias
Q7KRY7	1807-1816	ECO:0000256|SAM:MobiDB-lite	Acidic residues	compositional_bias
Q7KRY7	1831-1851	ECO:0000256|SAM:MobiDB-lite	Basic and acidic residues	compositional_bias
Q7KRY7	438-461	ECO:0000256|SAM:MobiDB-lite	Basic and acidic residues	compositional_bias
Q7KRY7	589-601	ECO:0000256|SAM:MobiDB-lite	Acidic residues	compositional_bias
Q7KRY7	620-639	ECO:0000256|SAM:MobiDB-lite	Basic residues	compositional_bias
Q7KRY7	656-672	ECO:0000256|SAM:MobiDB-lite	Polar residues	compositional_bias
Q7KRY7	676-686	ECO:0000256|SAM:MobiDB-lite	Acidic residues	compositional_bias
Q7KT91	177-195	ECO:0000256|SAM:MobiDB-lite	Basic and acidic residues	compositional_bias
Q7KTX8	1272-1295	ECO:0000256|SAM:MobiDB-lite	Polar residues	compositional_bias
Q7KTX8	1375-1384	ECO:0000256|SAM:MobiDB-lite	Gly residues	compositional_bias
Q7KTX8	1528-1538	ECO:0000256|SAM:MobiDB-lite	Gly residues	compositional_bias
Q7KTX8	1539-1553	ECO:0000256|SAM:MobiDB-lite	Low complexity	compositional_bias
Q7KTX8	1614-1629	ECO:0000256|SAM:MobiDB-lite	Polar residues	compositional_bias
Q7KTX8	1993-2014	ECO:0000256|SAM:MobiDB-lite	Low complexity	compositional_bias
Q7KTX8	232-255	ECO:0000256|SAM:MobiDB-lite	Low complexity	compositional_bias
Q7KTX8	509-519	ECO:0000256|SAM:MobiDB-lite	Low complexity	compositional_bias
Q7KTX8	532-543	ECO:0000256|SAM:MobiDB-lite	Low complexity	compositional_bias
Q7KTX8	581-590	ECO:0000256|SAM:MobiDB-lite	Polar residues	compositional_bias
Q7KTX8	634-643	ECO:0000256|SAM:MobiDB-lite	Polar residues	compositional_bias
Q7KTX8	669-681	ECO:0000256|SAM:MobiDB-lite	Polar residues	compositional_bias
Q7KTX8	692-706	ECO:0000256|SAM:MobiDB-lite	Gly residues	compositional_bias
Q7KTX8	711-723	ECO:0000256|SAM:MobiDB-lite	Low complexity	compositional_bias
Q7KTX8	939-949	ECO:0000256|SAM:MobiDB-lite	Gly residues	compositional_bias
Q7KU24	1-14	ECO:0000256|SAM:MobiDB-lite	Polar residues	compositional_bias
Q7KU24	1091-1103	ECO:0000256|SAM:MobiDB-lite	Acidic residues	compositional_bias
Q7KU24	1106-1121	ECO:0000256|SAM:MobiDB-lite	Basic and acidic residues	compositional_bias
Q7KU24	114-128	ECO:0000256|SAM:MobiDB-lite	Polar residues	compositional_bias
Q7KU24	1393-1402	ECO:0000256|SAM:MobiDB-lite	Basic residues	compositional_bias
Q7KU24	1437-1451	ECO:0000256|SAM:MobiDB-lite	Polar residues	compositional_bias
Q7KU24	1466-1476	ECO:0000256|SAM:MobiDB-lite	Basic residues	compositional_bias
Q7KU24	159-172	ECO:0000256|SAM:MobiDB-lite	Low complexity	compositional_bias
Q7KU24	1600-1612	ECO:0000256|SAM:MobiDB-lite	Basic and acidic residues	compositional_bias
Q7KU24	1613-1622	ECO:0000256|SAM:MobiDB-lite	Low complexity	compositional_bias
Q7KU24	1627-1638	ECO:0000256|SAM:MobiDB-lite	Basic and acidic residues	compositional_bias
Q7KU24	1724-1738	ECO:0000256|SAM:MobiDB-lite	Gly residues	compositional_bias
Q7KU24	1742-1755	ECO:0000256|SAM:MobiDB-lite	Polar residues	compositional_bias
Q7KU24	1773-1794	ECO:0000256|SAM:MobiDB-lite	Basic and acidic residues	compositional_bias
Q7KU24	1805-1817	ECO:0000256|SAM:MobiDB-lite	Basic and acidic residues	compositional_bias
Q7KU24	1868-1883	ECO:0000256|SAM:MobiDB-lite	Basic and acidic residues	compositional_bias
Q7KU24	213-226	ECO:0000256|SAM:MobiDB-lite	Acidic residues	compositional_bias
Q7KU24	236-247	ECO:0000256|SAM:MobiDB-lite	Polar residues	compositional_bias
Q7KU24	284-293	ECO:0000256|SAM:MobiDB-lite	Acidic residues	compositional_bias
Q7KU24	39-56	ECO:0000256|SAM:MobiDB-lite	Low complexity	compositional_bias
Q7KUT2	239-250	ECO:0000256|SAM:MobiDB-lite	Basic residues	compositional_bias
Q7KUT2	285-297	ECO:0000256|SAM:MobiDB-lite	Basic and acidic residues	compositional_bias
Q7KVQ0	1-59	ECO:0000256|SAM:MobiDB-lite	Gly residues	compositional_bias
Q7KVQ0	172-237	ECO:0000256|SAM:MobiDB-lite	Gly residues	compositional_bias
Q7KVS9	127-163	ECO:0000256|SAM:MobiDB-lite	Low complexity	compositional_bias
Q7KVS9	164-178	ECO:0000256|SAM:MobiDB-lite	Gly residues	compositional_bias
Q7KVS9	179-216	ECO:0000256|SAM:MobiDB-lite	Low complexity	compositional_bias
Q7KVS9	44-86	ECO:0000256|SAM:MobiDB-lite	Low complexity	compositional_bias
Q7KVS9	635-649	ECO:0000256|SAM:MobiDB-lite	Basic residues	compositional_bias
Q7KVS9	687-708	ECO:0000256|SAM:MobiDB-lite	Low complexity	compositional_bias
Q7KVS9	768-788	ECO:0000256|SAM:MobiDB-lite	Low complexity	compositional_bias
Q7KVS9	827-841	ECO:0000256|SAM:MobiDB-lite	Gly residues	compositional_bias
Q7KVS9	844-854	ECO:0000256|SAM:MobiDB-lite	Polar residues	compositional_bias
Q7KVS9	855-880	ECO:0000256|SAM:MobiDB-lite	Low complexity	compositional_bias
Q7KVS9	881-912	ECO:0000256|SAM:MobiDB-lite	Basic residues	compositional_bias
Q7KVS9	932-955	ECO:0000256|SAM:MobiDB-lite	Low complexity	compositional_bias
Q7KVS9	977-992	ECO:0000256|SAM:MobiDB-lite	Low complexity	compositional_bias
Q7KVW5	1-31	ECO:0000256|SAM:MobiDB-lite	Polar residues	compositional_bias
Q7KVW5	200-214	ECO:0000256|SAM:MobiDB-lite	Polar residues	compositional_bias
Q7KVW5	219-232	ECO:0000256|SAM:MobiDB-lite	Low complexity	compositional_bias
Q7KVW5	296-308	ECO:0000256|SAM:MobiDB-lite	Low complexity	compositional_bias
Q7KVW5	314-336	ECO:0000256|SAM:MobiDB-lite	Polar residues	compositional_bias
Q7KVW5	45-62	ECO:0000256|SAM:MobiDB-lite	Low complexity	compositional_bias
Q7KVW5	63-77	ECO:0000256|SAM:MobiDB-lite	Gly residues	compositional_bias
Q7KVW5	95-107	ECO:0000256|SAM:MobiDB-lite	Polar residues	compositional_bias
Q7KVY7	50-66	ECO:0000256|SAM:MobiDB-lite	Low complexity	compositional_bias
Q7KW09	20-33	ECO:0000256|SAM:MobiDB-lite	Basic and acidic residues	compositional_bias
Q7KW09	298-316	ECO:0000256|SAM:MobiDB-lite	Polar residues	compositional_bias
Q7KW09	329-349	ECO:0000256|SAM:MobiDB-lite	Polar residues	compositional_bias
Q7KW09	505-516	ECO:0000256|SAM:MobiDB-lite	Polar residues	compositional_bias
Q7KW09	541-553	ECO:0000256|SAM:MobiDB-lite	Basic and acidic residues	compositional_bias
Q7KW09	578-594	ECO:0000256|SAM:MobiDB-lite	Basic and acidic residues	compositional_bias
Q7KW09	720-748	ECO:0000256|SAM:MobiDB-lite	Low complexity	compositional_bias
Q7KW14	1-11	ECO:0000256|SAM:MobiDB-lite	Basic and acidic residues	compositional_bias
Q7KW14	1028-1039	ECO:0000256|SAM:MobiDB-lite	Low complexity	compositional_bias
Q7KW14	1046-1068	ECO:0000256|SAM:MobiDB-lite	Low complexity	compositional_bias
Q7KW14	12-25	ECO:0000256|SAM:MobiDB-lite	Low complexity	compositional_bias
Q7KW14	55-69	ECO:0000256|SAM:MobiDB-lite	Basic and acidic residues	compositional_bias
Q7KW14	817-837	ECO:0000256|SAM:MobiDB-lite	Low complexity	compositional_bias
Q7KW14	952-965	ECO:0000256|SAM:MobiDB-lite	Low complexity	compositional_bias
Q7KW14	993-1004	ECO:0000256|SAM:MobiDB-lite	Low complexity	compositional_bias
Q7M3M8	210-221	ECO:0000256|SAM:MobiDB-lite	Low complexity	compositional_bias
Q7M3M8	233-242	ECO:0000256|SAM:MobiDB-lite	Acidic residues	compositional_bias
Q7M3M8	245-254	ECO:0000256|SAM:MobiDB-lite	Low complexity	compositional_bias
Q7M3M8	273-284	ECO:0000256|SAM:MobiDB-lite	Polar residues	compositional_bias
Q7M3M8	44-53	ECO:0000256|SAM:MobiDB-lite	Polar residues	compositional_bias
Q7M3M8	54-68	ECO:0000256|SAM:MobiDB-lite	Low complexity	compositional_bias
Q7M3M8	608-629	ECO:0000256|SAM:MobiDB-lite	Low complexity	compositional_bias
Q7M3M8	630-644	ECO:0000256|SAM:MobiDB-lite	Polar residues	compositional_bias
Q7M3M8	81-98	ECO:0000256|SAM:MobiDB-lite	Low complexity	compositional_bias
Q7PLI2	2042-2055	ECO:0000256|SAM:MobiDB-lite	Polar residues	compositional_bias
Q7PLI2	2067-2077	ECO:0000256|SAM:MobiDB-lite	Acidic residues	compositional_bias
Q7PLI7	22-35	ECO:0000256|SAM:MobiDB-lite	Polar residues	compositional_bias
Q7PLI7	47-59	ECO:0000256|SAM:MobiDB-lite	Polar residues	compositional_bias
Q7YU24	20-32	ECO:0000256|SAM:MobiDB-lite	Basic and acidic residues	compositional_bias
Q7YU29	1-12	ECO:0000256|SAM:MobiDB-lite	Polar residues	compositional_bias
Q7YU29	1012-1023	ECO:0000256|SAM:MobiDB-lite	Acidic residues	compositional_bias
Q7YU29	1024-1042	ECO:0000256|SAM:MobiDB-lite	Low complexity	compositional_bias
Q7YU29	129-139	ECO:0000256|SAM:MobiDB-lite	Low complexity	compositional_bias
Q7YU29	149-168	ECO:0000256|SAM:MobiDB-lite	Acidic residues	compositional_bias
Q7YU29	169-179	ECO:0000256|SAM:MobiDB-lite	Low complexity	compositional_bias
Q7YU29	182-191	ECO:0000256|SAM:MobiDB-lite	Acidic residues	compositional_bias
Q7YU29	85-94	ECO:0000256|SAM:MobiDB-lite	Basic residues	compositional_bias
Q7YU29	879-891	ECO:0000256|SAM:MobiDB-lite	Polar residues	compositional_bias
Q7YU29	962-993	ECO:0000256|SAM:MobiDB-lite	Polar residues	compositional_bias
Q7YU81	1071-1084	ECO:0000256|SAM:MobiDB-lite	Low complexity	compositional_bias
Q7YU81	258-276	ECO:0000256|SAM:MobiDB-lite	Low complexity	compositional_bias
Q7YU81	473-485	ECO:0000256|SAM:MobiDB-lite	Gly residues	compositional_bias
Q7YU81	855-871	ECO:0000256|SAM:MobiDB-lite	Low complexity	compositional_bias
Q7YU81	885-896	ECO:0000256|SAM:MobiDB-lite	Low complexity	compositional_bias
Q7YU81	923-946	ECO:0000256|SAM:MobiDB-lite	Low complexity	compositional_bias
Q7YZA2	1076-1103	ECO:0000256|SAM:MobiDB-lite	Polar residues	compositional_bias
Q7YZA2	1118-1127	ECO:0000256|SAM:MobiDB-lite	Low complexity	compositional_bias
Q7YZA2	1178-1203	ECO:0000256|SAM:MobiDB-lite	Pro residues	compositional_bias
Q7YZA2	440-450	ECO:0000256|SAM:MobiDB-lite	Basic residues	compositional_bias
Q7YZA2	458-502	ECO:0000256|SAM:MobiDB-lite	Basic residues	compositional_bias
Q7YZA2	503-541	ECO:0000256|SAM:MobiDB-lite	Basic and acidic residues	compositional_bias
Q7YZH1	1-16	ECO:0000256|SAM:MobiDB-lite	Basic residues	compositional_bias
Q7YZH1	1019-1031	ECO:0000256|SAM:MobiDB-lite	Low complexity	compositional_bias
Q7YZH1	1060-1075	ECO:0000256|SAM:MobiDB-lite	Polar residues	compositional_bias
Q7YZH1	1087-1104	ECO:0000256|SAM:MobiDB-lite	Low complexity	compositional_bias
Q7YZH1	1117-1126	ECO:0000256|SAM:MobiDB-lite	Polar residues	compositional_bias
Q7YZH1	1151-1163	ECO:0000256|SAM:MobiDB-lite	Polar residues	compositional_bias
Q7YZH1	1184-1211	ECO:0000256|SAM:MobiDB-lite	Basic and acidic residues	compositional_bias
Q7YZH1	1313-1327	ECO:0000256|SAM:MobiDB-lite	Polar residues	compositional_bias
Q7YZH1	1382-1426	ECO:0000256|SAM:MobiDB-lite	Low complexity	compositional_bias
Q7YZH1	1463-1483	ECO:0000256|SAM:MobiDB-lite	Polar residues	compositional_bias
Q7YZH1	1541-1558	ECO:0000256|SAM:MobiDB-lite	Basic and acidic residues	compositional_bias
Q7YZH1	1576-1594	ECO:0000256|SAM:MobiDB-lite	Polar residues	compositional_bias
Q7YZH1	1599-1608	ECO:0000256|SAM:MobiDB-lite	Pro residues	compositional_bias
Q7YZH1	1664-1675	ECO:0000256|SAM:MobiDB-lite	Polar residues	compositional_bias
Q7YZH1	1688-1699	ECO:0000256|SAM:MobiDB-lite	Pro residues	compositional_bias
Q7YZH1	1717-1731	ECO:0000256|SAM:MobiDB-lite	Basic residues	compositional_bias
Q7YZH1	2359-2381	ECO:0000256|SAM:MobiDB-lite	Polar residues	compositional_bias
Q7YZH1	2392-2402	ECO:0000256|SAM:MobiDB-lite	Pro residues	compositional_bias
Q7YZH1	2430-2439	ECO:0000256|SAM:MobiDB-lite	Gly residues	compositional_bias
Q7YZH1	2598-2611	ECO:0000256|SAM:MobiDB-lite	Polar residues	compositional_bias
Q7YZH1	2673-2689	ECO:0000256|SAM:MobiDB-lite	Polar residues	compositional_bias
Q7YZH1	2855-2865	ECO:0000256|SAM:MobiDB-lite	Polar residues	compositional_bias
Q7YZH1	2876-2887	ECO:0000256|SAM:MobiDB-lite	Basic and acidic residues	compositional_bias
Q7YZH1	2899-2911	ECO:0000256|SAM:MobiDB-lite	Polar residues	compositional_bias
Q7YZH1	2964-2974	ECO:0000256|SAM:MobiDB-lite	Basic and acidic residues	compositional_bias
Q7YZH1	2984-3002	ECO:0000256|SAM:MobiDB-lite	Basic residues	compositional_bias
Q7YZH1	3003-3015	ECO:0000256|SAM:MobiDB-lite	Low complexity	compositional_bias
Q7YZH1	3115-3130	ECO:0000256|SAM:MobiDB-lite	Polar residues	compositional_bias
Q7YZH1	3184-3197	ECO:0000256|SAM:MobiDB-lite	Polar residues	compositional_bias
Q7YZH1	3198-3218	ECO:0000256|SAM:MobiDB-lite	Low complexity	compositional_bias
Q7YZH1	3219-3230	ECO:0000256|SAM:MobiDB-lite	Gly residues	compositional_bias
Q7YZH1	42-55	ECO:0000256|SAM:MobiDB-lite	Low complexity	compositional_bias
Q7YZH1	540-554	ECO:0000256|SAM:MobiDB-lite	Basic and acidic residues	compositional_bias
Q7YZH1	762-777	ECO:0000256|SAM:MobiDB-lite	Polar residues	compositional_bias
Q7YZH1	807-874	ECO:0000256|SAM:MobiDB-lite	Low complexity	compositional_bias
Q7YZH1	90-126	ECO:0000256|SAM:MobiDB-lite	Low complexity	compositional_bias
Q7YZH1	931-943	ECO:0000256|SAM:MobiDB-lite	Basic and acidic residues	compositional_bias
Q7YZH1	949-965	ECO:0000256|SAM:MobiDB-lite	Polar residues	compositional_bias
Q7YZH1	995-1007	ECO:0000256|SAM:MobiDB-lite	Acidic residues	compositional_bias
Q7Z2C4	56-85	ECO:0000256|SAM:MobiDB-lite	Gly residues	compositional_bias
Q867Z4	162-175	ECO:0000256|SAM:MobiDB-lite	Low complexity	compositional_bias
Q867Z4	228-251	ECO:0000256|SAM:MobiDB-lite	Low complexity	compositional_bias
Q867Z4	263-293	ECO:0000256|SAM:MobiDB-lite	Low complexity	compositional_bias
Q867Z4	329-340	ECO:0000256|SAM:MobiDB-lite	Low complexity	compositional_bias
Q867Z4	447-456	ECO:0000256|SAM:MobiDB-lite	Polar residues	compositional_bias
Q867Z4	808-818	ECO:0000256|SAM:MobiDB-lite	Polar residues	compositional_bias
Q867Z4	819-828	ECO:0000256|SAM:MobiDB-lite	Low complexity	compositional_bias
Q868T3	24-33	ECO:0000256|SAM:MobiDB-lite	Low complexity	compositional_bias
Q868Z9	1064-1073	ECO:0000256|SAM:MobiDB-lite	Polar residues	compositional_bias
Q868Z9	1076-1091	ECO:0000256|SAM:MobiDB-lite	Low complexity	compositional_bias
Q868Z9	1104-1215	ECO:0000256|SAM:MobiDB-lite	Low complexity	compositional_bias
Q868Z9	1237-1248	ECO:0000256|SAM:MobiDB-lite	Basic residues	compositional_bias
Q868Z9	1330-1351	ECO:0000256|SAM:MobiDB-lite	Low complexity	compositional_bias
Q868Z9	1905-1916	ECO:0000256|SAM:MobiDB-lite	Low complexity	compositional_bias
Q868Z9	1977-1995	ECO:0000256|SAM:MobiDB-lite	Pro residues	compositional_bias
Q868Z9	708-720	ECO:0000256|SAM:MobiDB-lite	Acidic residues	compositional_bias
Q868Z9	727-738	ECO:0000256|SAM:MobiDB-lite	Acidic residues	compositional_bias
Q868Z9	768-788	ECO:0000256|SAM:MobiDB-lite	Polar residues	compositional_bias
Q868Z9	801-879	ECO:0000256|SAM:MobiDB-lite	Low complexity	compositional_bias
Q868Z9	890-1053	ECO:0000256|SAM:MobiDB-lite	Low complexity	compositional_bias
Q86B47	1-24	ECO:0000256|SAM:MobiDB-lite	Polar residues	compositional_bias
Q86B47	190-203	ECO:0000256|SAM:MobiDB-lite	Basic and acidic residues	compositional_bias
Q86B47	242-261	ECO:0000256|SAM:MobiDB-lite	Acidic residues	compositional_bias
Q86B47	269-285	ECO:0000256|SAM:MobiDB-lite	Basic and acidic residues	compositional_bias
Q86B47	64-94	ECO:0000256|SAM:MobiDB-lite	Low complexity	compositional_bias
Q86B61	26-35	ECO:0000256|SAM:MobiDB-lite	Basic residues	compositional_bias
Q86B61	38-61	ECO:0000256|SAM:MobiDB-lite	Low complexity	compositional_bias
Q86B87	122-135	ECO:0000256|SAM:MobiDB-lite	Pro residues	compositional_bias
Q86B87	136-156	ECO:0000256|SAM:MobiDB-lite	Low complexity	compositional_bias
Q86B87	222-238	ECO:0000256|SAM:MobiDB-lite	Polar residues	compositional_bias
Q86B87	312-325	ECO:0000256|SAM:MobiDB-lite	Basic and acidic residues	compositional_bias
Q86B87	386-400	ECO:0000256|SAM:MobiDB-lite	Polar residues	compositional_bias
Q86B87	401-410	ECO:0000256|SAM:MobiDB-lite	Low complexity	compositional_bias
Q86B87	422-432	ECO:0000256|SAM:MobiDB-lite	Basic and acidic residues	compositional_bias
Q86B87	567-577	ECO:0000256|SAM:MobiDB-lite	Acidic residues	compositional_bias
Q86B87	578-595	ECO:0000256|SAM:MobiDB-lite	Basic and acidic residues	compositional_bias
Q86B91	1060-1071	ECO:0000256|SAM:MobiDB-lite	Low complexity	compositional_bias
Q86B91	1122-1149	ECO:0000256|SAM:MobiDB-lite	Pro residues	compositional_bias
Q86B91	1179-1208	ECO:0000256|SAM:MobiDB-lite	Low complexity	compositional_bias
Q86B91	1255-1285	ECO:0000256|SAM:MobiDB-lite	Low complexity	compositional_bias
Q86B91	1286-1296	ECO:0000256|SAM:MobiDB-lite	Basic and acidic residues	compositional_bias
Q86B91	1303-1314	ECO:0000256|SAM:MobiDB-lite	Pro residues	compositional_bias
Q86B91	1324-1335	ECO:0000256|SAM:MobiDB-lite	Polar residues	compositional_bias
Q86B91	427-466	ECO:0000256|SAM:MobiDB-lite	Low complexity	compositional_bias
Q86B91	478-507	ECO:0000256|SAM:MobiDB-lite	Basic residues	compositional_bias
Q86B91	523-532	ECO:0000256|SAM:MobiDB-lite	Basic and acidic residues	compositional_bias
Q86B91	879-903	ECO:0000256|SAM:MobiDB-lite	Low complexity	compositional_bias
Q86BA1	1-16	ECO:0000256|SAM:MobiDB-lite	Basic residues	compositional_bias
Q86BA1	1028-1039	ECO:0000256|SAM:MobiDB-lite	Basic and acidic residues	compositional_bias
Q86BA1	1219-1229	ECO:0000256|SAM:MobiDB-lite	Low complexity	compositional_bias
Q86BA1	1230-1248	ECO:0000256|SAM:MobiDB-lite	Acidic residues	compositional_bias
Q86BA1	1269-1294	ECO:0000256|SAM:MobiDB-lite	Acidic residues	compositional_bias
Q86BA1	1295-1308	ECO:0000256|SAM:MobiDB-lite	Basic and acidic residues	compositional_bias
Q86BA1	1322-1341	ECO:0000256|SAM:MobiDB-lite	Basic and acidic residues	compositional_bias
Q86BA1	1342-1363	ECO:0000256|SAM:MobiDB-lite	Polar residues	compositional_bias
Q86BA1	1365-1378	ECO:0000256|SAM:MobiDB-lite	Basic and acidic residues	compositional_bias
Q86BA1	1483-1507	ECO:0000256|SAM:MobiDB-lite	Basic and acidic residues	compositional_bias
Q86BA1	1516-1535	ECO:0000256|SAM:MobiDB-lite	Polar residues	compositional_bias
Q86BA1	1568-1578	ECO:0000256|SAM:MobiDB-lite	Acidic residues	compositional_bias
Q86BA1	1579-1591	ECO:0000256|SAM:MobiDB-lite	Basic and acidic residues	compositional_bias
Q86BA1	1629-1648	ECO:0000256|SAM:MobiDB-lite	Polar residues	compositional_bias
Q86BA1	1700-1721	ECO:0000256|SAM:MobiDB-lite	Basic and acidic residues	compositional_bias
Q86BA1	1767-1781	ECO:0000256|SAM:MobiDB-lite	Low complexity	compositional_bias
Q86BA1	1804-1814	ECO:0000256|SAM:MobiDB-lite	Low complexity	compositional_bias
Q86BA1	1815-1825	ECO:0000256|SAM:MobiDB-lite	Basic and acidic residues	compositional_bias
Q86BA1	1992-2009	ECO:0000256|SAM:MobiDB-lite	Basic and acidic residues	compositional_bias
Q86BA1	20-36	ECO:0000256|SAM:MobiDB-lite	Low complexity	compositional_bias
Q86BA1	2155-2169	ECO:0000256|SAM:MobiDB-lite	Low complexity	compositional_bias
Q86BA1	2349-2358	ECO:0000256|SAM:MobiDB-lite	Low complexity	compositional_bias
Q86BA1	2423-2450	ECO:0000256|SAM:MobiDB-lite	Basic and acidic residues	compositional_bias
Q86BA1	2453-2476	ECO:0000256|SAM:MobiDB-lite	Low complexity	compositional_bias
Q86BA1	2490-2502	ECO:0000256|SAM:MobiDB-lite	Basic and acidic residues	compositional_bias
Q86BA1	2612-2623	ECO:0000256|SAM:MobiDB-lite	Low complexity	compositional_bias
Q86BA1	2636-2648	ECO:0000256|SAM:MobiDB-lite	Polar residues	compositional_bias
Q86BA1	2649-2664	ECO:0000256|SAM:MobiDB-lite	Basic and acidic residues	compositional_bias
Q86BA1	2667-2676	ECO:0000256|SAM:MobiDB-lite	Polar residues	compositional_bias
Q86BA1	2739-2752	ECO:0000256|SAM:MobiDB-lite	Acidic residues	compositional_bias
Q86BA1	2777-2791	ECO:0000256|SAM:MobiDB-lite	Basic and acidic residues	compositional_bias
Q86BA1	2846-2866	ECO:0000256|SAM:MobiDB-lite	Low complexity	compositional_bias
Q86BA1	3435-3451	ECO:0000256|SAM:MobiDB-lite	Basic and acidic residues	compositional_bias
Q86BA1	3474-3488	ECO:0000256|SAM:MobiDB-lite	Low complexity	compositional_bias
Q86BA1	3900-3909	ECO:0000256|SAM:MobiDB-lite	Polar residues	compositional_bias
Q86BA1	3927-3937	ECO:0000256|SAM:MobiDB-lite	Polar residues	compositional_bias
Q86BA1	3938-3957	ECO:0000256|SAM:MobiDB-lite	Low complexity	compositional_bias
Q86BA1	4084-4099	ECO:0000256|SAM:MobiDB-lite	Polar residues	compositional_bias
Q86BA1	4109-4118	ECO:0000256|SAM:MobiDB-lite	Polar residues	compositional_bias
Q86BA1	4127-4137	ECO:0000256|SAM:MobiDB-lite	Basic and acidic residues	compositional_bias
Q86BA1	4260-4270	ECO:0000256|SAM:MobiDB-lite	Basic and acidic residues	compositional_bias
Q86BA1	4360-4374	ECO:0000256|SAM:MobiDB-lite	Low complexity	compositional_bias
Q86BA1	4387-4396	ECO:0000256|SAM:MobiDB-lite	Low complexity	compositional_bias
Q86BA1	4401-4410	ECO:0000256|SAM:MobiDB-lite	Gly residues	compositional_bias
Q86BA1	4450-4479	ECO:0000256|SAM:MobiDB-lite	Polar residues	compositional_bias
Q86BA1	753-769	ECO:0000256|SAM:MobiDB-lite	Low complexity	compositional_bias
Q86BA1	783-795	ECO:0000256|SAM:MobiDB-lite	Basic and acidic residues	compositional_bias
Q86BA1	948-966	ECO:0000256|SAM:MobiDB-lite	Basic and acidic residues	compositional_bias
Q86BA1	980-993	ECO:0000256|SAM:MobiDB-lite	Basic and acidic residues	compositional_bias
Q86BF9	43-53	ECO:0000256|SAM:MobiDB-lite	Basic and acidic residues	compositional_bias
Q86BF9	54-65	ECO:0000256|SAM:MobiDB-lite	Gly residues	compositional_bias
Q86BJ3	112-121	ECO:0000256|SAM:MobiDB-lite	Basic and acidic residues	compositional_bias
Q86BJ3	127-140	ECO:0000256|SAM:MobiDB-lite	Basic residues	compositional_bias
Q86BJ3	155-170	ECO:0000256|SAM:MobiDB-lite	Basic and acidic residues	compositional_bias
Q86BJ3	171-185	ECO:0000256|SAM:MobiDB-lite	Acidic residues	compositional_bias
Q86BP6	125-136	ECO:0000256|SAM:MobiDB-lite	Polar residues	compositional_bias
Q86BP6	268-278	ECO:0000256|SAM:MobiDB-lite	Basic residues	compositional_bias
Q86BP6	65-78	ECO:0000256|SAM:MobiDB-lite	Basic residues	compositional_bias
Q86BP6	666-676	ECO:0000256|SAM:MobiDB-lite	Low complexity	compositional_bias
Q86BP6	684-697	ECO:0000256|SAM:MobiDB-lite	Low complexity	compositional_bias
Q86BP6	79-111	ECO:0000256|SAM:MobiDB-lite	Basic and acidic residues	compositional_bias
Q86BP6	984-993	ECO:0000256|SAM:MobiDB-lite	Basic residues	compositional_bias
Q86BP6	998-1008	ECO:0000256|SAM:MobiDB-lite	Polar residues	compositional_bias
Q86BY9	234-248	ECO:0000256|SAM:MobiDB-lite	Basic and acidic residues	compositional_bias
Q86BY9	352-368	ECO:0000256|SAM:MobiDB-lite	Polar residues	compositional_bias
Q86BY9	963-980	ECO:0000256|SAM:MobiDB-lite	Basic and acidic residues	compositional_bias
Q86DS1	243-277	ECO:0000256|SAM:MobiDB-lite	Basic and acidic residues	compositional_bias
Q86DS1	282-293	ECO:0000256|SAM:MobiDB-lite	Gly residues	compositional_bias
Q86DS1	355-369	ECO:0000256|SAM:MobiDB-lite	Basic and acidic residues	compositional_bias
Q86DS1	89-105	ECO:0000256|SAM:MobiDB-lite	Acidic residues	compositional_bias
Q86NP2	1119-1151	ECO:0000256|SAM:MobiDB-lite	Low complexity	compositional_bias
Q86NP2	277-289	ECO:0000256|SAM:MobiDB-lite	Basic and acidic residues	compositional_bias
Q86NP2	290-306	ECO:0000256|SAM:MobiDB-lite	Low complexity	compositional_bias
Q86NP2	309-318	ECO:0000256|SAM:MobiDB-lite	Polar residues	compositional_bias
Q86NP2	417-426	ECO:0000256|SAM:MobiDB-lite	Low complexity	compositional_bias
Q86NP2	493-509	ECO:0000256|SAM:MobiDB-lite	Low complexity	compositional_bias
Q86NP2	578-600	ECO:0000256|SAM:MobiDB-lite	Low complexity	compositional_bias
Q86P48	138-165	ECO:0000256|SAM:MobiDB-lite	Low complexity	compositional_bias
Q86P48	249-265	ECO:0000256|SAM:MobiDB-lite	Low complexity	compositional_bias
Q86PC9	130-145	ECO:0000256|SAM:MobiDB-lite	Low complexity	compositional_bias
Q86PC9	194-203	ECO:0000256|SAM:MobiDB-lite	Gly residues	compositional_bias
Q86PC9	85-97	ECO:0000256|SAM:MobiDB-lite	Polar residues	compositional_bias
Q86S05	1009-1036	ECO:0000256|SAM:MobiDB-lite	Gly residues	compositional_bias
Q86S05	1265-1277	ECO:0000256|SAM:MobiDB-lite	Polar residues	compositional_bias
Q86S05	142-161	ECO:0000256|SAM:MobiDB-lite	Low complexity	compositional_bias
Q86S05	173-184	ECO:0000256|SAM:MobiDB-lite	Low complexity	compositional_bias
Q86S05	185-204	ECO:0000256|SAM:MobiDB-lite	Basic and acidic residues	compositional_bias
Q86S05	228-282	ECO:0000256|SAM:MobiDB-lite	Gly residues	compositional_bias
Q86S05	374-387	ECO:0000256|SAM:MobiDB-lite	Polar residues	compositional_bias
Q86S05	395-412	ECO:0000256|SAM:MobiDB-lite	Polar residues	compositional_bias
Q86S05	426-441	ECO:0000256|SAM:MobiDB-lite	Gly residues	compositional_bias
Q86S05	442-453	ECO:0000256|SAM:MobiDB-lite	Low complexity	compositional_bias
Q86S05	53-62	ECO:0000256|SAM:MobiDB-lite	Basic and acidic residues	compositional_bias
Q86S05	629-646	ECO:0000256|SAM:MobiDB-lite	Low complexity	compositional_bias
Q86S05	750-767	ECO:0000256|SAM:MobiDB-lite	Low complexity	compositional_bias
Q86S05	768-781	ECO:0000256|SAM:MobiDB-lite	Gly residues	compositional_bias
Q86S05	789-801	ECO:0000256|SAM:MobiDB-lite	Low complexity	compositional_bias
Q86S05	869-882	ECO:0000256|SAM:MobiDB-lite	Low complexity	compositional_bias
Q86S05	987-1008	ECO:0000256|SAM:MobiDB-lite	Low complexity	compositional_bias
Q8I0P1	169-180	ECO:0000256|SAM:MobiDB-lite	Polar residues	compositional_bias
Q8I0P1	189-198	ECO:0000256|SAM:MobiDB-lite	Polar residues	compositional_bias
Q8I0P1	390-406	ECO:0000256|SAM:MobiDB-lite	Polar residues	compositional_bias
Q8I0P1	425-454	ECO:0000256|SAM:MobiDB-lite	Polar residues	compositional_bias
Q8I0P1	43-58	ECO:0000256|SAM:MobiDB-lite	Low complexity	compositional_bias
Q8I0P1	66-76	ECO:0000256|SAM:MobiDB-lite	Low complexity	compositional_bias
Q8I0P1	8-28	ECO:0000256|SAM:MobiDB-lite	Low complexity	compositional_bias
Q8I0P1	85-95	ECO:0000256|SAM:MobiDB-lite	Low complexity	compositional_bias
Q8I7C3	140-150	ECO:0000256|SAM:MobiDB-lite	Polar residues	compositional_bias
Q8I7C3	172-215	ECO:0000256|SAM:MobiDB-lite	Low complexity	compositional_bias
Q8I7C3	236-254	ECO:0000256|SAM:MobiDB-lite	Low complexity	compositional_bias
Q8I7C3	332-341	ECO:0000256|SAM:MobiDB-lite	Polar residues	compositional_bias
Q8I7C3	342-357	ECO:0000256|SAM:MobiDB-lite	Low complexity	compositional_bias
Q8I7C3	358-370	ECO:0000256|SAM:MobiDB-lite	Polar residues	compositional_bias
Q8I7C3	371-403	ECO:0000256|SAM:MobiDB-lite	Low complexity	compositional_bias
Q8I7C3	460-475	ECO:0000256|SAM:MobiDB-lite	Polar residues	compositional_bias
Q8I7C3	549-586	ECO:0000256|SAM:MobiDB-lite	Low complexity	compositional_bias
Q8I7Q0	287-298	ECO:0000256|SAM:MobiDB-lite	Polar residues	compositional_bias
Q8I7Q0	308-319	ECO:0000256|SAM:MobiDB-lite	Low complexity	compositional_bias
Q8I7Q0	320-331	ECO:0000256|SAM:MobiDB-lite	Basic and acidic residues	compositional_bias
Q8I7Q0	407-417	ECO:0000256|SAM:MobiDB-lite	Polar residues	compositional_bias
Q8I7Z8	400-412	ECO:0000256|SAM:MobiDB-lite	Basic residues	compositional_bias
Q8I7Z8	416-427	ECO:0000256|SAM:MobiDB-lite	Low complexity	compositional_bias
Q8I7Z8	564-597	ECO:0000256|SAM:MobiDB-lite	Basic and acidic residues	compositional_bias
Q8I7Z8	683-695	ECO:0000256|SAM:MobiDB-lite	Low complexity	compositional_bias
Q8I7Z8	696-712	ECO:0000256|SAM:MobiDB-lite	Pro residues	compositional_bias
Q8I7Z8	900-911	ECO:0000256|SAM:MobiDB-lite	Polar residues	compositional_bias
Q8I7Z8	960-983	ECO:0000256|SAM:MobiDB-lite	Low complexity	compositional_bias
Q8I8V0	339-352	ECO:0000256|SAM:MobiDB-lite	Low complexity	compositional_bias
Q8I8V0	363-372	ECO:0000256|SAM:MobiDB-lite	Polar residues	compositional_bias
Q8IFW4	147-157	ECO:0000256|SAM:MobiDB-lite	Basic and acidic residues	compositional_bias
Q8IH00	1151-1161	ECO:0000256|SAM:MobiDB-lite	Basic and acidic residues	compositional_bias
Q8IH00	1162-1184	ECO:0000256|SAM:MobiDB-lite	Basic residues	compositional_bias
Q8IH00	31-46	ECO:0000256|SAM:MobiDB-lite	Basic and acidic residues	compositional_bias
Q8IH18	201-211	ECO:0000256|SAM:MobiDB-lite	Polar residues	compositional_bias
Q8IH18	227-247	ECO:0000256|SAM:MobiDB-lite	Basic and acidic residues	compositional_bias
Q8IH18	248-263	ECO:0000256|SAM:MobiDB-lite	Polar residues	compositional_bias
Q8IH18	354-364	ECO:0000256|SAM:MobiDB-lite	Basic and acidic residues	compositional_bias
Q8IH18	372-384	ECO:0000256|SAM:MobiDB-lite	Basic and acidic residues	compositional_bias
Q8IH18	934-953	ECO:0000256|SAM:MobiDB-lite	Polar residues	compositional_bias
Q8IH24	161-194	ECO:0000256|SAM:MobiDB-lite	Low complexity	compositional_bias
Q8IMA8	1140-1162	ECO:0000256|SAM:MobiDB-lite	Polar residues	compositional_bias
Q8IMA8	1170-1192	ECO:0000256|SAM:MobiDB-lite	Polar residues	compositional_bias
Q8IMA8	862-871	ECO:0000256|SAM:MobiDB-lite	Acidic residues	compositional_bias
Q8IMA8	898-915	ECO:0000256|SAM:MobiDB-lite	Low complexity	compositional_bias
Q8IMA8	957-986	ECO:0000256|SAM:MobiDB-lite	Low complexity	compositional_bias
Q8IMC6	20-35	ECO:0000256|SAM:MobiDB-lite	Polar residues	compositional_bias
Q8IMC6	667-679	ECO:0000256|SAM:MobiDB-lite	Basic and acidic residues	compositional_bias
Q8IMC6	755-776	ECO:0000256|SAM:MobiDB-lite	Polar residues	compositional_bias
Q8IMP6	162-181	ECO:0000256|SAM:MobiDB-lite	Basic and acidic residues	compositional_bias
Q8IMP6	182-197	ECO:0000256|SAM:MobiDB-lite	Polar residues	compositional_bias
Q8IMP6	204-213	ECO:0000256|SAM:MobiDB-lite	Polar residues	compositional_bias
Q8IMP6	218-236	ECO:0000256|SAM:MobiDB-lite	Basic and acidic residues	compositional_bias
Q8IMP6	256-312	ECO:0000256|SAM:MobiDB-lite	Basic and acidic residues	compositional_bias
Q8IMP6	26-35	ECO:0000256|SAM:MobiDB-lite	Low complexity	compositional_bias
Q8IMP6	352-376	ECO:0000256|SAM:MobiDB-lite	Low complexity	compositional_bias
Q8IMP6	447-461	ECO:0000256|SAM:MobiDB-lite	Polar residues	compositional_bias
Q8IMP6	486-495	ECO:0000256|SAM:MobiDB-lite	Acidic residues	compositional_bias
Q8IMZ9	144-157	ECO:0000256|SAM:MobiDB-lite	Basic residues	compositional_bias
Q8IMZ9	169-179	ECO:0000256|SAM:MobiDB-lite	Acidic residues	compositional_bias
Q8IN35	18-28	ECO:0000256|SAM:MobiDB-lite	Polar residues	compositional_bias
Q8IN35	7-16	ECO:0000256|SAM:MobiDB-lite	Basic residues	compositional_bias
Q8IN81	233-246	ECO:0000256|SAM:MobiDB-lite	Polar residues	compositional_bias
Q8IN81	258-279	ECO:0000256|SAM:MobiDB-lite	Basic and acidic residues	compositional_bias
Q8IN81	35-55	ECO:0000256|SAM:MobiDB-lite	Basic residues	compositional_bias
Q8IN81	360-379	ECO:0000256|SAM:MobiDB-lite	Basic and acidic residues	compositional_bias
Q8IN81	387-420	ECO:0000256|SAM:MobiDB-lite	Low complexity	compositional_bias
Q8IN81	421-446	ECO:0000256|SAM:MobiDB-lite	Basic and acidic residues	compositional_bias
Q8IN81	464-475	ECO:0000256|SAM:MobiDB-lite	Low complexity	compositional_bias
Q8IN81	76-89	ECO:0000256|SAM:MobiDB-lite	Pro residues	compositional_bias
Q8IN81	790-814	ECO:0000256|SAM:MobiDB-lite	Low complexity	compositional_bias
Q8IN94	1129-1139	ECO:0000256|SAM:MobiDB-lite	Low complexity	compositional_bias
Q8IN94	1164-1173	ECO:0000256|SAM:MobiDB-lite	Low complexity	compositional_bias
Q8IN94	1181-1193	ECO:0000256|SAM:MobiDB-lite	Polar residues	compositional_bias
Q8IN94	1221-1256	ECO:0000256|SAM:MobiDB-lite	Gly residues	compositional_bias
Q8IN94	1266-1288	ECO:0000256|SAM:MobiDB-lite	Low complexity	compositional_bias
Q8IN94	1305-1318	ECO:0000256|SAM:MobiDB-lite	Pro residues	compositional_bias
Q8IN94	1407-1427	ECO:0000256|SAM:MobiDB-lite	Low complexity	compositional_bias
Q8IN94	1428-1438	ECO:0000256|SAM:MobiDB-lite	Pro residues	compositional_bias
Q8IN94	1456-1471	ECO:0000256|SAM:MobiDB-lite	Low complexity	compositional_bias
Q8IN94	1508-1524	ECO:0000256|SAM:MobiDB-lite	Polar residues	compositional_bias
Q8IN94	1534-1548	ECO:0000256|SAM:MobiDB-lite	Pro residues	compositional_bias
Q8IN94	1573-1593	ECO:0000256|SAM:MobiDB-lite	Low complexity	compositional_bias
Q8IN94	1620-1629	ECO:0000256|SAM:MobiDB-lite	Pro residues	compositional_bias
Q8IN94	1636-1652	ECO:0000256|SAM:MobiDB-lite	Low complexity	compositional_bias
Q8IN94	164-180	ECO:0000256|SAM:MobiDB-lite	Low complexity	compositional_bias
Q8IN94	1715-1729	ECO:0000256|SAM:MobiDB-lite	Low complexity	compositional_bias
Q8IN94	1731-1744	ECO:0000256|SAM:MobiDB-lite	Basic residues	compositional_bias
Q8IN94	1755-1766	ECO:0000256|SAM:MobiDB-lite	Gly residues	compositional_bias
Q8IN94	2091-2100	ECO:0000256|SAM:MobiDB-lite	Basic and acidic residues	compositional_bias
Q8IN94	2109-2123	ECO:0000256|SAM:MobiDB-lite	Basic and acidic residues	compositional_bias
Q8IN94	212-222	ECO:0000256|SAM:MobiDB-lite	Low complexity	compositional_bias
Q8IN94	238-257	ECO:0000256|SAM:MobiDB-lite	Low complexity	compositional_bias
Q8IN94	2520-2566	ECO:0000256|SAM:MobiDB-lite	Low complexity	compositional_bias
Q8IN94	2570-2579	ECO:0000256|SAM:MobiDB-lite	Polar residues	compositional_bias
Q8IN94	258-272	ECO:0000256|SAM:MobiDB-lite	Pro residues	compositional_bias
Q8IN94	2584-2617	ECO:0000256|SAM:MobiDB-lite	Low complexity	compositional_bias
Q8IN94	2684-2701	ECO:0000256|SAM:MobiDB-lite	Low complexity	compositional_bias
Q8IN94	294-312	ECO:0000256|SAM:MobiDB-lite	Polar residues	compositional_bias
Q8IN94	320-346	ECO:0000256|SAM:MobiDB-lite	Low complexity	compositional_bias
Q8IN94	350-359	ECO:0000256|SAM:MobiDB-lite	Pro residues	compositional_bias
Q8IN94	360-377	ECO:0000256|SAM:MobiDB-lite	Low complexity	compositional_bias
Q8IN94	394-403	ECO:0000256|SAM:MobiDB-lite	Polar residues	compositional_bias
Q8IN94	411-423	ECO:0000256|SAM:MobiDB-lite	Low complexity	compositional_bias
Q8IN94	424-466	ECO:0000256|SAM:MobiDB-lite	Pro residues	compositional_bias
Q8IN94	467-476	ECO:0000256|SAM:MobiDB-lite	Low complexity	compositional_bias
Q8IN94	509-526	ECO:0000256|SAM:MobiDB-lite	Low complexity	compositional_bias
Q8IN94	54-64	ECO:0000256|SAM:MobiDB-lite	Polar residues	compositional_bias
Q8IN94	557-571	ECO:0000256|SAM:MobiDB-lite	Pro residues	compositional_bias
Q8IN94	572-594	ECO:0000256|SAM:MobiDB-lite	Low complexity	compositional_bias
Q8IN94	595-604	ECO:0000256|SAM:MobiDB-lite	Pro residues	compositional_bias
Q8IN94	651-669	ECO:0000256|SAM:MobiDB-lite	Pro residues	compositional_bias
Q8IN94	69-86	ECO:0000256|SAM:MobiDB-lite	Pro residues	compositional_bias
Q8IN94	7-38	ECO:0000256|SAM:MobiDB-lite	Low complexity	compositional_bias
Q8IN94	747-760	ECO:0000256|SAM:MobiDB-lite	Pro residues	compositional_bias
Q8IN94	806-818	ECO:0000256|SAM:MobiDB-lite	Pro residues	compositional_bias
Q8IN94	819-838	ECO:0000256|SAM:MobiDB-lite	Low complexity	compositional_bias
Q8IN94	839-851	ECO:0000256|SAM:MobiDB-lite	Gly residues	compositional_bias
Q8IN94	859-868	ECO:0000256|SAM:MobiDB-lite	Polar residues	compositional_bias
Q8IN94	879-904	ECO:0000256|SAM:MobiDB-lite	Polar residues	compositional_bias
Q8INB9	14-25	ECO:0000256|SAM:MobiDB-lite	Low complexity	compositional_bias
Q8INF0	1027-1037	ECO:0000256|SAM:MobiDB-lite	Polar residues	compositional_bias
Q8INF0	795-805	ECO:0000256|SAM:MobiDB-lite	Polar residues	compositional_bias
Q8INI8	613-633	ECO:0000256|SAM:MobiDB-lite	Gly residues	compositional_bias
Q8INK9	27-36	ECO:0000256|SAM:MobiDB-lite	Basic and acidic residues	compositional_bias
Q8INM3	1-10	ECO:0000256|SAM:MobiDB-lite	Basic residues	compositional_bias
Q8INM3	1041-1051	ECO:0000256|SAM:MobiDB-lite	Basic residues	compositional_bias
Q8INM3	1141-1158	ECO:0000256|SAM:MobiDB-lite	Basic and acidic residues	compositional_bias
Q8INM3	1228-1241	ECO:0000256|SAM:MobiDB-lite	Polar residues	compositional_bias
Q8INM3	129-144	ECO:0000256|SAM:MobiDB-lite	Polar residues	compositional_bias
Q8INM3	1295-1304	ECO:0000256|SAM:MobiDB-lite	Basic residues	compositional_bias
Q8INM3	152-170	ECO:0000256|SAM:MobiDB-lite	Polar residues	compositional_bias
Q8INM3	171-182	ECO:0000256|SAM:MobiDB-lite	Basic and acidic residues	compositional_bias
Q8INM3	221-231	ECO:0000256|SAM:MobiDB-lite	Basic and acidic residues	compositional_bias
Q8INM3	232-242	ECO:0000256|SAM:MobiDB-lite	Polar residues	compositional_bias
Q8INM3	243-255	ECO:0000256|SAM:MobiDB-lite	Basic and acidic residues	compositional_bias
Q8INM3	259-273	ECO:0000256|SAM:MobiDB-lite	Polar residues	compositional_bias
Q8INM3	284-294	ECO:0000256|SAM:MobiDB-lite	Low complexity	compositional_bias
Q8INM3	332-354	ECO:0000256|SAM:MobiDB-lite	Basic and acidic residues	compositional_bias
Q8INM3	449-468	ECO:0000256|SAM:MobiDB-lite	Basic and acidic residues	compositional_bias
Q8INM3	577-591	ECO:0000256|SAM:MobiDB-lite	Basic and acidic residues	compositional_bias
Q8INM3	600-612	ECO:0000256|SAM:MobiDB-lite	Basic and acidic residues	compositional_bias
Q8INM3	613-631	ECO:0000256|SAM:MobiDB-lite	Acidic residues	compositional_bias
Q8INM3	684-707	ECO:0000256|SAM:MobiDB-lite	Acidic residues	compositional_bias
Q8INM3	715-726	ECO:0000256|SAM:MobiDB-lite	Acidic residues	compositional_bias
Q8INM3	768-778	ECO:0000256|SAM:MobiDB-lite	Polar residues	compositional_bias
Q8INM3	84-96	ECO:0000256|SAM:MobiDB-lite	Polar residues	compositional_bias
Q8INM3	857-870	ECO:0000256|SAM:MobiDB-lite	Acidic residues	compositional_bias
Q8INM3	871-886	ECO:0000256|SAM:MobiDB-lite	Basic and acidic residues	compositional_bias
Q8INM3	913-953	ECO:0000256|SAM:MobiDB-lite	Basic and acidic residues	compositional_bias
Q8INR6	1221-1235	ECO:0000256|SAM:MobiDB-lite	Low complexity	compositional_bias
Q8INR6	1236-1263	ECO:0000256|SAM:MobiDB-lite	Basic residues	compositional_bias
Q8INR6	1289-1300	ECO:0000256|SAM:MobiDB-lite	Low complexity	compositional_bias
Q8INR6	1532-1545	ECO:0000256|SAM:MobiDB-lite	Low complexity	compositional_bias
Q8INR6	1574-1583	ECO:0000256|SAM:MobiDB-lite	Basic and acidic residues	compositional_bias
Q8INR6	1585-1598	ECO:0000256|SAM:MobiDB-lite	Low complexity	compositional_bias
Q8INR6	1681-1696	ECO:0000256|SAM:MobiDB-lite	Low complexity	compositional_bias
Q8INR6	1697-1706	ECO:0000256|SAM:MobiDB-lite	Polar residues	compositional_bias
Q8INR6	339-360	ECO:0000256|SAM:MobiDB-lite	Basic and acidic residues	compositional_bias
Q8INR6	364-373	ECO:0000256|SAM:MobiDB-lite	Basic residues	compositional_bias
Q8INR6	391-405	ECO:0000256|SAM:MobiDB-lite	Low complexity	compositional_bias
Q8INR6	419-428	ECO:0000256|SAM:MobiDB-lite	Polar residues	compositional_bias
Q8INR6	429-439	ECO:0000256|SAM:MobiDB-lite	Low complexity	compositional_bias
Q8INR6	453-474	ECO:0000256|SAM:MobiDB-lite	Low complexity	compositional_bias
Q8INR6	507-518	ECO:0000256|SAM:MobiDB-lite	Gly residues	compositional_bias
Q8INR6	526-535	ECO:0000256|SAM:MobiDB-lite	Basic residues	compositional_bias
Q8INR6	582-593	ECO:0000256|SAM:MobiDB-lite	Basic residues	compositional_bias
Q8INT5	1183-1196	ECO:0000256|SAM:MobiDB-lite	Basic and acidic residues	compositional_bias
Q8INT5	311-327	ECO:0000256|SAM:MobiDB-lite	Polar residues	compositional_bias
Q8INX3	262-271	ECO:0000256|SAM:MobiDB-lite	Pro residues	compositional_bias
Q8IP68	109-172	ECO:0000256|SAM:MobiDB-lite	Basic residues	compositional_bias
Q8IP68	35-50	ECO:0000256|SAM:MobiDB-lite	Basic and acidic residues	compositional_bias
Q8IP68	58-90	ECO:0000256|SAM:MobiDB-lite	Basic and acidic residues	compositional_bias
Q8IP68	97-108	ECO:0000256|SAM:MobiDB-lite	Basic and acidic residues	compositional_bias
Q8IPH9	7-20	ECO:0000256|SAM:MobiDB-lite	Polar residues	compositional_bias
Q8IPH9	73-82	ECO:0000256|SAM:MobiDB-lite	Polar residues	compositional_bias
Q8IPJ3	1241-1252	ECO:0000256|SAM:MobiDB-lite	Polar residues	compositional_bias
Q8IPJ3	1510-1519	ECO:0000256|SAM:MobiDB-lite	Basic and acidic residues	compositional_bias
Q8IPJ3	1560-1571	ECO:0000256|SAM:MobiDB-lite	Polar residues	compositional_bias
Q8IPJ3	1576-1587	ECO:0000256|SAM:MobiDB-lite	Basic residues	compositional_bias
Q8IPJ3	1595-1607	ECO:0000256|SAM:MobiDB-lite	Polar residues	compositional_bias
Q8IPJ3	1608-1627	ECO:0000256|SAM:MobiDB-lite	Basic and acidic residues	compositional_bias
Q8IPJ3	1630-1653	ECO:0000256|SAM:MobiDB-lite	Polar residues	compositional_bias
Q8IPJ3	1717-1726	ECO:0000256|SAM:MobiDB-lite	Polar residues	compositional_bias
Q8IPJ3	1764-1779	ECO:0000256|SAM:MobiDB-lite	Polar residues	compositional_bias
Q8IPJ3	1822-1834	ECO:0000256|SAM:MobiDB-lite	Low complexity	compositional_bias
Q8IPJ3	1859-1881	ECO:0000256|SAM:MobiDB-lite	Polar residues	compositional_bias
Q8IPJ3	189-198	ECO:0000256|SAM:MobiDB-lite	Gly residues	compositional_bias
Q8IPJ3	1918-1927	ECO:0000256|SAM:MobiDB-lite	Acidic residues	compositional_bias
Q8IPJ3	1953-1963	ECO:0000256|SAM:MobiDB-lite	Basic and acidic residues	compositional_bias
Q8IPJ3	1964-1975	ECO:0000256|SAM:MobiDB-lite	Acidic residues	compositional_bias
Q8IPJ3	2036-2079	ECO:0000256|SAM:MobiDB-lite	Acidic residues	compositional_bias
Q8IPJ3	206-215	ECO:0000256|SAM:MobiDB-lite	Polar residues	compositional_bias
Q8IPJ3	2214-2230	ECO:0000256|SAM:MobiDB-lite	Low complexity	compositional_bias
Q8IPJ3	2269-2291	ECO:0000256|SAM:MobiDB-lite	Low complexity	compositional_bias
Q8IPJ3	2297-2308	ECO:0000256|SAM:MobiDB-lite	Polar residues	compositional_bias
Q8IPJ3	2411-2425	ECO:0000256|SAM:MobiDB-lite	Acidic residues	compositional_bias
Q8IPJ3	40-52	ECO:0000256|SAM:MobiDB-lite	Low complexity	compositional_bias
Q8IPJ3	402-412	ECO:0000256|SAM:MobiDB-lite	Low complexity	compositional_bias
Q8IPJ3	483-503	ECO:0000256|SAM:MobiDB-lite	Low complexity	compositional_bias
Q8IPJ3	516-528	ECO:0000256|SAM:MobiDB-lite	Acidic residues	compositional_bias
Q8IPJ3	535-546	ECO:0000256|SAM:MobiDB-lite	Polar residues	compositional_bias
Q8IPJ3	547-560	ECO:0000256|SAM:MobiDB-lite	Basic residues	compositional_bias
Q8IPJ3	606-623	ECO:0000256|SAM:MobiDB-lite	Polar residues	compositional_bias
Q8IPJ3	647-670	ECO:0000256|SAM:MobiDB-lite	Basic and acidic residues	compositional_bias
Q8IPJ3	801-813	ECO:0000256|SAM:MobiDB-lite	Polar residues	compositional_bias
Q8IPJ3	818-837	ECO:0000256|SAM:MobiDB-lite	Low complexity	compositional_bias
Q8IPJ3	846-856	ECO:0000256|SAM:MobiDB-lite	Low complexity	compositional_bias
Q8IPM8	31-70	ECO:0000256|SAM:MobiDB-lite	Basic and acidic residues	compositional_bias
Q8IPW2	113-122	ECO:0000256|SAM:MobiDB-lite	Gly residues	compositional_bias
Q8IPW2	123-135	ECO:0000256|SAM:MobiDB-lite	Low complexity	compositional_bias
Q8IPW2	20-37	ECO:0000256|SAM:MobiDB-lite	Low complexity	compositional_bias
Q8IPW2	227-242	ECO:0000256|SAM:MobiDB-lite	Polar residues	compositional_bias
Q8IPW2	401-417	ECO:0000256|SAM:MobiDB-lite	Gly residues	compositional_bias
Q8IPZ3	31-40	ECO:0000256|SAM:MobiDB-lite	Polar residues	compositional_bias
Q8IQ05	60-72	ECO:0000256|SAM:MobiDB-lite	Polar residues	compositional_bias
Q8IQ05	894-913	ECO:0000256|SAM:MobiDB-lite	Low complexity	compositional_bias
Q8IQ13	146-159	ECO:0000256|SAM:MobiDB-lite	Acidic residues	compositional_bias
Q8IQ27	137-158	ECO:0000256|SAM:MobiDB-lite	Low complexity	compositional_bias
Q8IQ27	167-177	ECO:0000256|SAM:MobiDB-lite	Low complexity	compositional_bias
Q8IQ27	198-227	ECO:0000256|SAM:MobiDB-lite	Low complexity	compositional_bias
Q8IQ27	22-36	ECO:0000256|SAM:MobiDB-lite	Low complexity	compositional_bias
Q8IQ27	275-289	ECO:0000256|SAM:MobiDB-lite	Low complexity	compositional_bias
Q8IQ27	392-410	ECO:0000256|SAM:MobiDB-lite	Polar residues	compositional_bias
Q8IQ27	502-555	ECO:0000256|SAM:MobiDB-lite	Low complexity	compositional_bias
Q8IQ27	574-583	ECO:0000256|SAM:MobiDB-lite	Low complexity	compositional_bias
Q8IQ27	592-610	ECO:0000256|SAM:MobiDB-lite	Basic and acidic residues	compositional_bias
Q8IQ70	346-355	ECO:0000256|SAM:MobiDB-lite	Polar residues	compositional_bias
Q8IQ70	357-366	ECO:0000256|SAM:MobiDB-lite	Basic and acidic residues	compositional_bias
Q8IQC1	12-25	ECO:0000256|SAM:MobiDB-lite	Acidic residues	compositional_bias
Q8IQG1	35-57	ECO:0000256|SAM:MobiDB-lite	Low complexity	compositional_bias
Q8IQG1	367-388	ECO:0000256|SAM:MobiDB-lite	Low complexity	compositional_bias
Q8IQG1	394-407	ECO:0000256|SAM:MobiDB-lite	Polar residues	compositional_bias
Q8IQG1	498-507	ECO:0000256|SAM:MobiDB-lite	Low complexity	compositional_bias
Q8IQG1	508-526	ECO:0000256|SAM:MobiDB-lite	Basic residues	compositional_bias
Q8IQG1	85-115	ECO:0000256|SAM:MobiDB-lite	Gly residues	compositional_bias
Q8IQQ4	1-14	ECO:0000256|SAM:MobiDB-lite	Basic and acidic residues	compositional_bias
Q8IQQ4	153-167	ECO:0000256|SAM:MobiDB-lite	Low complexity	compositional_bias
Q8IQQ4	46-59	ECO:0000256|SAM:MobiDB-lite	Basic and acidic residues	compositional_bias
Q8IQQ4	60-73	ECO:0000256|SAM:MobiDB-lite	Low complexity	compositional_bias
Q8IR45	159-183	ECO:0000256|SAM:MobiDB-lite	Polar residues	compositional_bias
Q8IR79	1085-1095	ECO:0000256|SAM:MobiDB-lite	Polar residues	compositional_bias
Q8IR79	11-24	ECO:0000256|SAM:MobiDB-lite	Gly residues	compositional_bias
Q8IR79	1113-1125	ECO:0000256|SAM:MobiDB-lite	Polar residues	compositional_bias
Q8IR79	1126-1137	ECO:0000256|SAM:MobiDB-lite	Low complexity	compositional_bias
Q8IR79	1145-1166	ECO:0000256|SAM:MobiDB-lite	Low complexity	compositional_bias
Q8IR79	794-811	ECO:0000256|SAM:MobiDB-lite	Basic and acidic residues	compositional_bias
Q8IRB5	1-12	ECO:0000256|SAM:MobiDB-lite	Low complexity	compositional_bias
Q8IRB5	1067-1076	ECO:0000256|SAM:MobiDB-lite	Low complexity	compositional_bias
Q8IRB5	1094-1103	ECO:0000256|SAM:MobiDB-lite	Acidic residues	compositional_bias
Q8IRB5	1109-1123	ECO:0000256|SAM:MobiDB-lite	Basic residues	compositional_bias
Q8IRB5	1127-1154	ECO:0000256|SAM:MobiDB-lite	Acidic residues	compositional_bias
Q8IRB5	121-133	ECO:0000256|SAM:MobiDB-lite	Basic and acidic residues	compositional_bias
Q8IRB5	154-163	ECO:0000256|SAM:MobiDB-lite	Basic residues	compositional_bias
Q8IRB5	205-216	ECO:0000256|SAM:MobiDB-lite	Basic and acidic residues	compositional_bias
Q8IRB5	217-228	ECO:0000256|SAM:MobiDB-lite	Basic residues	compositional_bias
Q8IRB5	229-246	ECO:0000256|SAM:MobiDB-lite	Basic and acidic residues	compositional_bias
Q8IRB5	254-263	ECO:0000256|SAM:MobiDB-lite	Basic and acidic residues	compositional_bias
Q8IRB5	273-286	ECO:0000256|SAM:MobiDB-lite	Basic and acidic residues	compositional_bias
Q8IRB5	296-335	ECO:0000256|SAM:MobiDB-lite	Basic and acidic residues	compositional_bias
Q8IRB5	336-346	ECO:0000256|SAM:MobiDB-lite	Basic residues	compositional_bias
Q8IRB5	358-373	ECO:0000256|SAM:MobiDB-lite	Basic and acidic residues	compositional_bias
Q8IRB5	375-388	ECO:0000256|SAM:MobiDB-lite	Acidic residues	compositional_bias
Q8IRB5	400-417	ECO:0000256|SAM:MobiDB-lite	Basic and acidic residues	compositional_bias
Q8IRB5	432-441	ECO:0000256|SAM:MobiDB-lite	Acidic residues	compositional_bias
Q8IRB5	456-470	ECO:0000256|SAM:MobiDB-lite	Acidic residues	compositional_bias
Q8IRB5	594-606	ECO:0000256|SAM:MobiDB-lite	Acidic residues	compositional_bias
Q8IRB5	845-859	ECO:0000256|SAM:MobiDB-lite	Basic and acidic residues	compositional_bias
Q8IRB5	860-875	ECO:0000256|SAM:MobiDB-lite	Acidic residues	compositional_bias
Q8IRB5	913-942	ECO:0000256|SAM:MobiDB-lite	Acidic residues	compositional_bias
Q8IRB5	960-969	ECO:0000256|SAM:MobiDB-lite	Acidic residues	compositional_bias
Q8IRG6	1024-1033	ECO:0000256|SAM:MobiDB-lite	Basic residues	compositional_bias
Q8IRG6	1058-1076	ECO:0000256|SAM:MobiDB-lite	Basic and acidic residues	compositional_bias
Q8IRG6	935-987	ECO:0000256|SAM:MobiDB-lite	Acidic residues	compositional_bias
Q8IRG6	988-1023	ECO:0000256|SAM:MobiDB-lite	Basic and acidic residues	compositional_bias
Q8IRH5	285-316	ECO:0000256|SAM:MobiDB-lite	Basic and acidic residues	compositional_bias
Q8IRH5	592-602	ECO:0000256|SAM:MobiDB-lite	Polar residues	compositional_bias
Q8IRH5	90-100	ECO:0000256|SAM:MobiDB-lite	Basic and acidic residues	compositional_bias
Q8IRI6	1313-1330	ECO:0000256|SAM:MobiDB-lite	Low complexity	compositional_bias
Q8IRI6	669-678	ECO:0000256|SAM:MobiDB-lite	Polar residues	compositional_bias
Q8IRI6	686-704	ECO:0000256|SAM:MobiDB-lite	Low complexity	compositional_bias
Q8IRI6	730-739	ECO:0000256|SAM:MobiDB-lite	Pro residues	compositional_bias
Q8IRI6	754-789	ECO:0000256|SAM:MobiDB-lite	Basic residues	compositional_bias
Q8IRJ8	201-210	ECO:0000256|SAM:MobiDB-lite	Low complexity	compositional_bias
Q8IRJ8	219-235	ECO:0000256|SAM:MobiDB-lite	Acidic residues	compositional_bias
Q8IRJ8	244-261	ECO:0000256|SAM:MobiDB-lite	Basic and acidic residues	compositional_bias
Q8IRU4	599-616	ECO:0000256|SAM:MobiDB-lite	Acidic residues	compositional_bias
Q8IRU4	617-634	ECO:0000256|SAM:MobiDB-lite	Low complexity	compositional_bias
Q8IRU4	635-646	ECO:0000256|SAM:MobiDB-lite	Gly residues	compositional_bias
Q8IRU4	652-662	ECO:0000256|SAM:MobiDB-lite	Polar residues	compositional_bias
Q8IRU4	80-98	ECO:0000256|SAM:MobiDB-lite	Polar residues	compositional_bias
Q8IRW8	1226-1241	ECO:0000256|SAM:MobiDB-lite	Low complexity	compositional_bias
Q8IRW8	1269-1281	ECO:0000256|SAM:MobiDB-lite	Basic residues	compositional_bias
Q8IRW8	1410-1422	ECO:0000256|SAM:MobiDB-lite	Low complexity	compositional_bias
Q8IRW8	142-165	ECO:0000256|SAM:MobiDB-lite	Polar residues	compositional_bias
Q8IRW8	1423-1433	ECO:0000256|SAM:MobiDB-lite	Gly residues	compositional_bias
Q8IRW8	171-183	ECO:0000256|SAM:MobiDB-lite	Low complexity	compositional_bias
Q8IRW8	1794-1811	ECO:0000256|SAM:MobiDB-lite	Polar residues	compositional_bias
Q8IRW8	218-235	ECO:0000256|SAM:MobiDB-lite	Low complexity	compositional_bias
Q8IRW8	767-787	ECO:0000256|SAM:MobiDB-lite	Low complexity	compositional_bias
Q8IRW8	866-895	ECO:0000256|SAM:MobiDB-lite	Low complexity	compositional_bias
Q8IRW8	952-970	ECO:0000256|SAM:MobiDB-lite	Low complexity	compositional_bias
Q8IS44	702-722	ECO:0000256|SAM:MobiDB-lite	Low complexity	compositional_bias
Q8IS44	723-734	ECO:0000256|SAM:MobiDB-lite	Polar residues	compositional_bias
Q8IS44	735-746	ECO:0000256|SAM:MobiDB-lite	Basic and acidic residues	compositional_bias
Q8ITC9	388-397	ECO:0000256|SAM:MobiDB-lite	Polar residues	compositional_bias
Q8MKN0	49-78	ECO:0000256|SAM:MobiDB-lite	Basic and acidic residues	compositional_bias
Q8MLV1	109-126	ECO:0000256|SAM:MobiDB-lite	Low complexity	compositional_bias
Q8MLV1	160-184	ECO:0000256|SAM:MobiDB-lite	Polar residues	compositional_bias
Q8MLV1	185-194	ECO:0000256|SAM:MobiDB-lite	Low complexity	compositional_bias
Q8MLV1	231-240	ECO:0000256|SAM:MobiDB-lite	Polar residues	compositional_bias
Q8MLV1	267-277	ECO:0000256|SAM:MobiDB-lite	Acidic residues	compositional_bias
Q8MLV1	57-84	ECO:0000256|SAM:MobiDB-lite	Low complexity	compositional_bias
Q8MLY8	8-23	ECO:0000256|SAM:MobiDB-lite	Basic residues	compositional_bias
Q8MMC4	224-242	ECO:0000256|SAM:MobiDB-lite	Basic and acidic residues	compositional_bias
Q8MMC4	37-47	ECO:0000256|SAM:MobiDB-lite	Basic and acidic residues	compositional_bias
Q8MMC4	48-61	ECO:0000256|SAM:MobiDB-lite	Low complexity	compositional_bias
Q8MMC4	73-82	ECO:0000256|SAM:MobiDB-lite	Acidic residues	compositional_bias
Q8MMC4	95-114	ECO:0000256|SAM:MobiDB-lite	Polar residues	compositional_bias
Q8MPP0	92-101	ECO:0000256|SAM:MobiDB-lite	Low complexity	compositional_bias
Q8MPP3	338-348	ECO:0000256|SAM:MobiDB-lite	Low complexity	compositional_bias
Q8MPP3	349-476	ECO:0000256|SAM:MobiDB-lite	Basic and acidic residues	compositional_bias
Q8MPP3	479-494	ECO:0000256|SAM:MobiDB-lite	Low complexity	compositional_bias
Q8MPP3	499-510	ECO:0000256|SAM:MobiDB-lite	Basic residues	compositional_bias
Q8MQJ9	159-175	ECO:0000256|SAM:MobiDB-lite	Low complexity	compositional_bias
Q8MQJ9	31-42	ECO:0000256|SAM:MobiDB-lite	Polar residues	compositional_bias
Q8MQJ9	54-63	ECO:0000256|SAM:MobiDB-lite	Polar residues	compositional_bias
Q8MQJ9	543-554	ECO:0000256|SAM:MobiDB-lite	Polar residues	compositional_bias
Q8MQJ9	565-577	ECO:0000256|SAM:MobiDB-lite	Low complexity	compositional_bias
Q8MQJ9	579-598	ECO:0000256|SAM:MobiDB-lite	Basic residues	compositional_bias
Q8MQW8	1048-1065	ECO:0000256|SAM:MobiDB-lite	Polar residues	compositional_bias
Q8MQW8	1143-1154	ECO:0000256|SAM:MobiDB-lite	Low complexity	compositional_bias
Q8MQW8	140-149	ECO:0000256|SAM:MobiDB-lite	Polar residues	compositional_bias
Q8MQW8	176-185	ECO:0000256|SAM:MobiDB-lite	Acidic residues	compositional_bias
Q8MQW8	223-233	ECO:0000256|SAM:MobiDB-lite	Polar residues	compositional_bias
Q8MQW8	295-317	ECO:0000256|SAM:MobiDB-lite	Low complexity	compositional_bias
Q8MQW8	337-361	ECO:0000256|SAM:MobiDB-lite	Polar residues	compositional_bias
Q8MQW8	409-418	ECO:0000256|SAM:MobiDB-lite	Low complexity	compositional_bias
Q8MQW8	428-445	ECO:0000256|SAM:MobiDB-lite	Acidic residues	compositional_bias
Q8MQW8	639-649	ECO:0000256|SAM:MobiDB-lite	Pro residues	compositional_bias
Q8MQW8	671-686	ECO:0000256|SAM:MobiDB-lite	Low complexity	compositional_bias
Q8MQW8	82-114	ECO:0000256|SAM:MobiDB-lite	Low complexity	compositional_bias
Q8MQW8	857-868	ECO:0000256|SAM:MobiDB-lite	Polar residues	compositional_bias
Q8MQW8	903-914	ECO:0000256|SAM:MobiDB-lite	Basic and acidic residues	compositional_bias
Q8MQW8	974-984	ECO:0000256|SAM:MobiDB-lite	Low complexity	compositional_bias
Q8MQW8	994-1006	ECO:0000256|SAM:MobiDB-lite	Polar residues	compositional_bias
Q8MQX9	150-164	ECO:0000256|SAM:MobiDB-lite	Low complexity	compositional_bias
Q8MQX9	174-198	ECO:0000256|SAM:MobiDB-lite	Low complexity	compositional_bias
Q8MQX9	205-219	ECO:0000256|SAM:MobiDB-lite	Low complexity	compositional_bias
Q8MQX9	37-56	ECO:0000256|SAM:MobiDB-lite	Low complexity	compositional_bias
Q8MQX9	521-532	ECO:0000256|SAM:MobiDB-lite	Polar residues	compositional_bias
Q8MQX9	533-543	ECO:0000256|SAM:MobiDB-lite	Low complexity	compositional_bias
Q8MR31	532-555	ECO:0000256|SAM:MobiDB-lite	Polar residues	compositional_bias
Q8MR31	744-755	ECO:0000256|SAM:MobiDB-lite	Basic and acidic residues	compositional_bias
Q8MR37	269-286	ECO:0000256|SAM:MobiDB-lite	Low complexity	compositional_bias
Q8MR37	287-297	ECO:0000256|SAM:MobiDB-lite	Polar residues	compositional_bias
Q8MR37	335-371	ECO:0000256|SAM:MobiDB-lite	Low complexity	compositional_bias
Q8MR37	372-383	ECO:0000256|SAM:MobiDB-lite	Polar residues	compositional_bias
Q8MR37	424-447	ECO:0000256|SAM:MobiDB-lite	Low complexity	compositional_bias
Q8MR37	448-466	ECO:0000256|SAM:MobiDB-lite	Polar residues	compositional_bias
Q8MR37	474-483	ECO:0000256|SAM:MobiDB-lite	Basic and acidic residues	compositional_bias
Q8MRC9	107-136	ECO:0000256|SAM:MobiDB-lite	Basic and acidic residues	compositional_bias
Q8MRW5	322-355	ECO:0000256|SAM:MobiDB-lite	Low complexity	compositional_bias
Q8MRW5	356-369	ECO:0000256|SAM:MobiDB-lite	Basic residues	compositional_bias
Q8MRW5	609-624	ECO:0000256|SAM:MobiDB-lite	Polar residues	compositional_bias
Q8MSG8	490-500	ECO:0000256|SAM:MobiDB-lite	Low complexity	compositional_bias
Q8MSG8	501-513	ECO:0000256|SAM:MobiDB-lite	Polar residues	compositional_bias
Q8MSG8	560-569	ECO:0000256|SAM:MobiDB-lite	Polar residues	compositional_bias
Q8MSG8	570-582	ECO:0000256|SAM:MobiDB-lite	Gly residues	compositional_bias
Q8MSG8	588-599	ECO:0000256|SAM:MobiDB-lite	Polar residues	compositional_bias
Q8MSG8	600-626	ECO:0000256|SAM:MobiDB-lite	Low complexity	compositional_bias
Q8MSG8	653-662	ECO:0000256|SAM:MobiDB-lite	Pro residues	compositional_bias
Q8MSS1	1716-1740	ECO:0000256|SAM:MobiDB-lite	Low complexity	compositional_bias
Q8MSS1	2488-2502	ECO:0000256|SAM:MobiDB-lite	Low complexity	compositional_bias
Q8MSS1	2643-2665	ECO:0000256|SAM:MobiDB-lite	Low complexity	compositional_bias
Q8MSS1	33-51	ECO:0000256|SAM:MobiDB-lite	Polar residues	compositional_bias
Q8MSS1	337-352	ECO:0000256|SAM:MobiDB-lite	Basic and acidic residues	compositional_bias
Q8MSS1	717-730	ECO:0000256|SAM:MobiDB-lite	Low complexity	compositional_bias
Q8MSS1	79-91	ECO:0000256|SAM:MobiDB-lite	Basic and acidic residues	compositional_bias
Q8MSU4	367-384	ECO:0000256|SAM:MobiDB-lite	Basic and acidic residues	compositional_bias
Q8MSV2	1-12	ECO:0000256|SAM:MobiDB-lite	Pro residues	compositional_bias
Q8MSV2	13-24	ECO:0000256|SAM:MobiDB-lite	Low complexity	compositional_bias
Q8MSV2	190-237	ECO:0000256|SAM:MobiDB-lite	Low complexity	compositional_bias
Q8MSV2	25-34	ECO:0000256|SAM:MobiDB-lite	Gly residues	compositional_bias
Q8MSV2	37-54	ECO:0000256|SAM:MobiDB-lite	Polar residues	compositional_bias
Q8MSV2	55-66	ECO:0000256|SAM:MobiDB-lite	Low complexity	compositional_bias
Q8MSX1	1176-1197	ECO:0000256|SAM:MobiDB-lite	Low complexity	compositional_bias
Q8MSX1	1220-1231	ECO:0000256|SAM:MobiDB-lite	Polar residues	compositional_bias
Q8MSX1	124-137	ECO:0000256|SAM:MobiDB-lite	Polar residues	compositional_bias
Q8MSX1	1381-1392	ECO:0000256|SAM:MobiDB-lite	Low complexity	compositional_bias
Q8MSX1	141-152	ECO:0000256|SAM:MobiDB-lite	Basic residues	compositional_bias
Q8MSX1	1430-1443	ECO:0000256|SAM:MobiDB-lite	Polar residues	compositional_bias
Q8MSX1	1503-1521	ECO:0000256|SAM:MobiDB-lite	Low complexity	compositional_bias
Q8MSX1	1554-1565	ECO:0000256|SAM:MobiDB-lite	Polar residues	compositional_bias
Q8MSX1	156-179	ECO:0000256|SAM:MobiDB-lite	Low complexity	compositional_bias
Q8MSX1	1579-1596	ECO:0000256|SAM:MobiDB-lite	Polar residues	compositional_bias
Q8MSX1	1608-1633	ECO:0000256|SAM:MobiDB-lite	Low complexity	compositional_bias
Q8MSX1	1684-1705	ECO:0000256|SAM:MobiDB-lite	Gly residues	compositional_bias
Q8MSX1	186-199	ECO:0000256|SAM:MobiDB-lite	Low complexity	compositional_bias
Q8MSX1	217-233	ECO:0000256|SAM:MobiDB-lite	Low complexity	compositional_bias
Q8MSX1	266-282	ECO:0000256|SAM:MobiDB-lite	Low complexity	compositional_bias
Q8MSX1	317-328	ECO:0000256|SAM:MobiDB-lite	Basic and acidic residues	compositional_bias
Q8MSX1	338-348	ECO:0000256|SAM:MobiDB-lite	Basic and acidic residues	compositional_bias
Q8MSX1	372-381	ECO:0000256|SAM:MobiDB-lite	Low complexity	compositional_bias
Q8MSX1	391-410	ECO:0000256|SAM:MobiDB-lite	Low complexity	compositional_bias
Q8MSX1	52-66	ECO:0000256|SAM:MobiDB-lite	Gly residues	compositional_bias
Q8MSX1	557-568	ECO:0000256|SAM:MobiDB-lite	Basic and acidic residues	compositional_bias
Q8MSX1	592-606	ECO:0000256|SAM:MobiDB-lite	Low complexity	compositional_bias
Q8MSX1	644-655	ECO:0000256|SAM:MobiDB-lite	Gly residues	compositional_bias
Q8MSX1	678-695	ECO:0000256|SAM:MobiDB-lite	Polar residues	compositional_bias
Q8MSX1	713-771	ECO:0000256|SAM:MobiDB-lite	Low complexity	compositional_bias
Q8MSX1	772-784	ECO:0000256|SAM:MobiDB-lite	Polar residues	compositional_bias
Q8MSX1	893-904	ECO:0000256|SAM:MobiDB-lite	Low complexity	compositional_bias
Q8MSX2	156-173	ECO:0000256|SAM:MobiDB-lite	Basic and acidic residues	compositional_bias
Q8MSX2	217-228	ECO:0000256|SAM:MobiDB-lite	Polar residues	compositional_bias
Q8MSX2	233-249	ECO:0000256|SAM:MobiDB-lite	Basic and acidic residues	compositional_bias
Q8MT06	1-49	ECO:0000256|SAM:MobiDB-lite	Basic residues	compositional_bias
Q8MT06	500-517	ECO:0000256|SAM:MobiDB-lite	Basic and acidic residues	compositional_bias
Q8MT36	1-15	ECO:0000256|SAM:MobiDB-lite	Basic and acidic residues	compositional_bias
Q8MT36	173-182	ECO:0000256|SAM:MobiDB-lite	Gly residues	compositional_bias
Q8MT36	21-31	ECO:0000256|SAM:MobiDB-lite	Polar residues	compositional_bias
Q8MT36	249-264	ECO:0000256|SAM:MobiDB-lite	Basic and acidic residues	compositional_bias
Q8MT36	594-603	ECO:0000256|SAM:MobiDB-lite	Basic residues	compositional_bias
Q8MT36	604-630	ECO:0000256|SAM:MobiDB-lite	Polar residues	compositional_bias
Q8MT36	723-733	ECO:0000256|SAM:MobiDB-lite	Low complexity	compositional_bias
Q8MT36	736-746	ECO:0000256|SAM:MobiDB-lite	Basic and acidic residues	compositional_bias
Q8MT36	89-100	ECO:0000256|SAM:MobiDB-lite	Low complexity	compositional_bias
Q8MUJ1	114-137	ECO:0000256|SAM:MobiDB-lite	Acidic residues	compositional_bias
Q8MUJ1	164-173	ECO:0000256|SAM:MobiDB-lite	Low complexity	compositional_bias
Q8MUJ1	181-196	ECO:0000256|SAM:MobiDB-lite	Low complexity	compositional_bias
Q8MUJ1	209-220	ECO:0000256|SAM:MobiDB-lite	Basic and acidic residues	compositional_bias
Q8MUJ1	247-256	ECO:0000256|SAM:MobiDB-lite	Basic residues	compositional_bias
Q8MYL1	1429-1442	ECO:0000256|SAM:MobiDB-lite	Acidic residues	compositional_bias
Q8MYL1	1468-1478	ECO:0000256|SAM:MobiDB-lite	Basic residues	compositional_bias
Q8MYL1	35-45	ECO:0000256|SAM:MobiDB-lite	Low complexity	compositional_bias
Q8SWR2	23-41	ECO:0000256|SAM:MobiDB-lite	Low complexity	compositional_bias
Q8SWR2	493-503	ECO:0000256|SAM:MobiDB-lite	Basic and acidic residues	compositional_bias
Q8SWR2	509-528	ECO:0000256|SAM:MobiDB-lite	Basic and acidic residues	compositional_bias
Q8SWR8	1-10	ECO:0000256|SAM:MobiDB-lite	Basic residues	compositional_bias
Q8SWR8	1000-1017	ECO:0000256|SAM:MobiDB-lite	Low complexity	compositional_bias
Q8SWR8	1066-1084	ECO:0000256|SAM:MobiDB-lite	Low complexity	compositional_bias
Q8SWR8	22-33	ECO:0000256|SAM:MobiDB-lite	Polar residues	compositional_bias
Q8SWR8	265-300	ECO:0000256|SAM:MobiDB-lite	Basic and acidic residues	compositional_bias
Q8SWR8	312-331	ECO:0000256|SAM:MobiDB-lite	Polar residues	compositional_bias
Q8SWR8	384-403	ECO:0000256|SAM:MobiDB-lite	Low complexity	compositional_bias
Q8SWR8	424-445	ECO:0000256|SAM:MobiDB-lite	Low complexity	compositional_bias
Q8SWR8	452-476	ECO:0000256|SAM:MobiDB-lite	Polar residues	compositional_bias
Q8SWR8	484-513	ECO:0000256|SAM:MobiDB-lite	Polar residues	compositional_bias
Q8SWR8	540-584	ECO:0000256|SAM:MobiDB-lite	Low complexity	compositional_bias
Q8SWR8	613-694	ECO:0000256|SAM:MobiDB-lite	Low complexity	compositional_bias
Q8SWR8	701-711	ECO:0000256|SAM:MobiDB-lite	Low complexity	compositional_bias
Q8SWR8	733-743	ECO:0000256|SAM:MobiDB-lite	Low complexity	compositional_bias
Q8SWR8	754-765	ECO:0000256|SAM:MobiDB-lite	Low complexity	compositional_bias
Q8SWR8	773-788	ECO:0000256|SAM:MobiDB-lite	Low complexity	compositional_bias
Q8SWR8	796-812	ECO:0000256|SAM:MobiDB-lite	Low complexity	compositional_bias
Q8SWR8	822-853	ECO:0000256|SAM:MobiDB-lite	Low complexity	compositional_bias
Q8SWR8	871-885	ECO:0000256|SAM:MobiDB-lite	Pro residues	compositional_bias
Q8SWR8	886-896	ECO:0000256|SAM:MobiDB-lite	Polar residues	compositional_bias
Q8SWV6	1-18	ECO:0000256|SAM:MobiDB-lite	Low complexity	compositional_bias
Q8SWX0	128-161	ECO:0000256|SAM:MobiDB-lite	Basic and acidic residues	compositional_bias
Q8SX68	1-10	ECO:0000256|SAM:MobiDB-lite	Polar residues	compositional_bias
Q8SX68	563-574	ECO:0000256|SAM:MobiDB-lite	Pro residues	compositional_bias
Q8SX83	1028-1037	ECO:0000256|SAM:MobiDB-lite	Gly residues	compositional_bias
Q8SX83	1096-1111	ECO:0000256|SAM:MobiDB-lite	Polar residues	compositional_bias
Q8SX83	120-129	ECO:0000256|SAM:MobiDB-lite	Basic and acidic residues	compositional_bias
Q8SX83	1217-1237	ECO:0000256|SAM:MobiDB-lite	Low complexity	compositional_bias
Q8SX83	1245-1258	ECO:0000256|SAM:MobiDB-lite	Basic residues	compositional_bias
Q8SX83	1278-1298	ECO:0000256|SAM:MobiDB-lite	Basic and acidic residues	compositional_bias
Q8SX83	1386-1438	ECO:0000256|SAM:MobiDB-lite	Low complexity	compositional_bias
Q8SX83	1450-1462	ECO:0000256|SAM:MobiDB-lite	Basic and acidic residues	compositional_bias
Q8SX83	1476-1501	ECO:0000256|SAM:MobiDB-lite	Polar residues	compositional_bias
Q8SX83	1502-1521	ECO:0000256|SAM:MobiDB-lite	Low complexity	compositional_bias
Q8SX83	166-177	ECO:0000256|SAM:MobiDB-lite	Gly residues	compositional_bias
Q8SX83	1675-1703	ECO:0000256|SAM:MobiDB-lite	Low complexity	compositional_bias
Q8SX83	1711-1734	ECO:0000256|SAM:MobiDB-lite	Pro residues	compositional_bias
Q8SX83	1740-1791	ECO:0000256|SAM:MobiDB-lite	Polar residues	compositional_bias
Q8SX83	1792-1818	ECO:0000256|SAM:MobiDB-lite	Low complexity	compositional_bias
Q8SX83	1838-1853	ECO:0000256|SAM:MobiDB-lite	Low complexity	compositional_bias
Q8SX83	185-197	ECO:0000256|SAM:MobiDB-lite	Polar residues	compositional_bias
Q8SX83	1913-2079	ECO:0000256|SAM:MobiDB-lite	Basic and acidic residues	compositional_bias
Q8SX83	2114-2128	ECO:0000256|SAM:MobiDB-lite	Polar residues	compositional_bias
Q8SX83	2133-2150	ECO:0000256|SAM:MobiDB-lite	Basic residues	compositional_bias
Q8SX83	2172-2183	ECO:0000256|SAM:MobiDB-lite	Basic and acidic residues	compositional_bias
Q8SX83	2184-2197	ECO:0000256|SAM:MobiDB-lite	Polar residues	compositional_bias
Q8SX83	2198-2218	ECO:0000256|SAM:MobiDB-lite	Basic and acidic residues	compositional_bias
Q8SX83	2236-2248	ECO:0000256|SAM:MobiDB-lite	Basic residues	compositional_bias
Q8SX83	2249-2260	ECO:0000256|SAM:MobiDB-lite	Polar residues	compositional_bias
Q8SX83	2267-2276	ECO:0000256|SAM:MobiDB-lite	Polar residues	compositional_bias
Q8SX83	2286-2296	ECO:0000256|SAM:MobiDB-lite	Basic and acidic residues	compositional_bias
Q8SX83	2304-2321	ECO:0000256|SAM:MobiDB-lite	Basic residues	compositional_bias
Q8SX83	2345-2359	ECO:0000256|SAM:MobiDB-lite	Low complexity	compositional_bias
Q8SX83	2366-2376	ECO:0000256|SAM:MobiDB-lite	Basic residues	compositional_bias
Q8SX83	2377-2389	ECO:0000256|SAM:MobiDB-lite	Basic and acidic residues	compositional_bias
Q8SX83	2511-2526	ECO:0000256|SAM:MobiDB-lite	Basic and acidic residues	compositional_bias
Q8SX83	2565-2574	ECO:0000256|SAM:MobiDB-lite	Basic residues	compositional_bias
Q8SX83	2575-2592	ECO:0000256|SAM:MobiDB-lite	Polar residues	compositional_bias
Q8SX83	2609-2637	ECO:0000256|SAM:MobiDB-lite	Basic and acidic residues	compositional_bias
Q8SX83	2670-2681	ECO:0000256|SAM:MobiDB-lite	Basic residues	compositional_bias
Q8SX83	2682-2693	ECO:0000256|SAM:MobiDB-lite	Low complexity	compositional_bias
Q8SX83	272-287	ECO:0000256|SAM:MobiDB-lite	Low complexity	compositional_bias
Q8SX83	2739-2752	ECO:0000256|SAM:MobiDB-lite	Basic residues	compositional_bias
Q8SX83	2757-2770	ECO:0000256|SAM:MobiDB-lite	Polar residues	compositional_bias
Q8SX83	2771-2781	ECO:0000256|SAM:MobiDB-lite	Basic and acidic residues	compositional_bias
Q8SX83	2792-2807	ECO:0000256|SAM:MobiDB-lite	Polar residues	compositional_bias
Q8SX83	2808-2828	ECO:0000256|SAM:MobiDB-lite	Low complexity	compositional_bias
Q8SX83	2863-2888	ECO:0000256|SAM:MobiDB-lite	Polar residues	compositional_bias
Q8SX83	2927-2940	ECO:0000256|SAM:MobiDB-lite	Basic residues	compositional_bias
Q8SX83	3003-3012	ECO:0000256|SAM:MobiDB-lite	Basic and acidic residues	compositional_bias
Q8SX83	3036-3045	ECO:0000256|SAM:MobiDB-lite	Basic residues	compositional_bias
Q8SX83	3046-3062	ECO:0000256|SAM:MobiDB-lite	Basic and acidic residues	compositional_bias
Q8SX83	3088-3098	ECO:0000256|SAM:MobiDB-lite	Basic and acidic residues	compositional_bias
Q8SX83	3159-3181	ECO:0000256|SAM:MobiDB-lite	Polar residues	compositional_bias
Q8SX83	3182-3201	ECO:0000256|SAM:MobiDB-lite	Low complexity	compositional_bias
Q8SX83	3270-3280	ECO:0000256|SAM:MobiDB-lite	Basic and acidic residues	compositional_bias
Q8SX83	3367-3387	ECO:0000256|SAM:MobiDB-lite	Acidic residues	compositional_bias
Q8SX83	339-366	ECO:0000256|SAM:MobiDB-lite	Low complexity	compositional_bias
Q8SX83	3396-3416	ECO:0000256|SAM:MobiDB-lite	Basic and acidic residues	compositional_bias
Q8SX83	3417-3429	ECO:0000256|SAM:MobiDB-lite	Acidic residues	compositional_bias
Q8SX83	3443-3456	ECO:0000256|SAM:MobiDB-lite	Low complexity	compositional_bias
Q8SX83	3469-3485	ECO:0000256|SAM:MobiDB-lite	Polar residues	compositional_bias
Q8SX83	3574-3597	ECO:0000256|SAM:MobiDB-lite	Polar residues	compositional_bias
Q8SX83	3679-3694	ECO:0000256|SAM:MobiDB-lite	Low complexity	compositional_bias
Q8SX83	3695-3735	ECO:0000256|SAM:MobiDB-lite	Polar residues	compositional_bias
Q8SX83	3736-3747	ECO:0000256|SAM:MobiDB-lite	Low complexity	compositional_bias
Q8SX83	3827-3963	ECO:0000256|SAM:MobiDB-lite	Low complexity	compositional_bias
Q8SX83	3965-3974	ECO:0000256|SAM:MobiDB-lite	Polar residues	compositional_bias
Q8SX83	3982-3996	ECO:0000256|SAM:MobiDB-lite	Polar residues	compositional_bias
Q8SX83	4002-4015	ECO:0000256|SAM:MobiDB-lite	Low complexity	compositional_bias
Q8SX83	4039-4058	ECO:0000256|SAM:MobiDB-lite	Low complexity	compositional_bias
Q8SX83	4064-4075	ECO:0000256|SAM:MobiDB-lite	Polar residues	compositional_bias
Q8SX83	4098-4117	ECO:0000256|SAM:MobiDB-lite	Polar residues	compositional_bias
Q8SX83	4288-4299	ECO:0000256|SAM:MobiDB-lite	Basic residues	compositional_bias
Q8SX83	44-55	ECO:0000256|SAM:MobiDB-lite	Low complexity	compositional_bias
Q8SX83	440-480	ECO:0000256|SAM:MobiDB-lite	Low complexity	compositional_bias
Q8SX83	4426-4437	ECO:0000256|SAM:MobiDB-lite	Basic and acidic residues	compositional_bias
Q8SX83	4483-4502	ECO:0000256|SAM:MobiDB-lite	Polar residues	compositional_bias
Q8SX83	4507-4517	ECO:0000256|SAM:MobiDB-lite	Basic and acidic residues	compositional_bias
Q8SX83	4755-4771	ECO:0000256|SAM:MobiDB-lite	Low complexity	compositional_bias
Q8SX83	491-516	ECO:0000256|SAM:MobiDB-lite	Low complexity	compositional_bias
Q8SX83	4984-5001	ECO:0000256|SAM:MobiDB-lite	Low complexity	compositional_bias
Q8SX83	524-539	ECO:0000256|SAM:MobiDB-lite	Low complexity	compositional_bias
Q8SX83	833-851	ECO:0000256|SAM:MobiDB-lite	Low complexity	compositional_bias
Q8SX83	852-864	ECO:0000256|SAM:MobiDB-lite	Polar residues	compositional_bias
Q8SX83	867-876	ECO:0000256|SAM:MobiDB-lite	Low complexity	compositional_bias
Q8SX86	21-34	ECO:0000256|SAM:MobiDB-lite	Low complexity	compositional_bias
Q8SXD4	1071-1085	ECO:0000256|SAM:MobiDB-lite	Polar residues	compositional_bias
Q8SXD4	1086-1107	ECO:0000256|SAM:MobiDB-lite	Low complexity	compositional_bias
Q8SXD4	266-298	ECO:0000256|SAM:MobiDB-lite	Low complexity	compositional_bias
Q8SXD4	300-310	ECO:0000256|SAM:MobiDB-lite	Basic residues	compositional_bias
Q8SXD4	321-352	ECO:0000256|SAM:MobiDB-lite	Basic residues	compositional_bias
Q8SXD4	375-397	ECO:0000256|SAM:MobiDB-lite	Low complexity	compositional_bias
Q8SXD4	596-610	ECO:0000256|SAM:MobiDB-lite	Basic residues	compositional_bias
Q8SXD4	612-627	ECO:0000256|SAM:MobiDB-lite	Low complexity	compositional_bias
Q8SXD4	648-663	ECO:0000256|SAM:MobiDB-lite	Low complexity	compositional_bias
Q8SXD4	746-766	ECO:0000256|SAM:MobiDB-lite	Low complexity	compositional_bias
Q8SXD4	856-867	ECO:0000256|SAM:MobiDB-lite	Low complexity	compositional_bias
Q8SXD4	889-903	ECO:0000256|SAM:MobiDB-lite	Low complexity	compositional_bias
Q8SXD4	922-936	ECO:0000256|SAM:MobiDB-lite	Low complexity	compositional_bias
Q8SXD4	937-954	ECO:0000256|SAM:MobiDB-lite	Polar residues	compositional_bias
Q8SXL2	48-59	ECO:0000256|SAM:MobiDB-lite	Gly residues	compositional_bias
Q8SXX4	201-217	ECO:0000256|SAM:MobiDB-lite	Basic and acidic residues	compositional_bias
Q8SXX4	396-423	ECO:0000256|SAM:MobiDB-lite	Low complexity	compositional_bias
Q8SXX4	436-447	ECO:0000256|SAM:MobiDB-lite	Polar residues	compositional_bias
Q8SXX4	448-458	ECO:0000256|SAM:MobiDB-lite	Low complexity	compositional_bias
Q8SXX4	590-640	ECO:0000256|SAM:MobiDB-lite	Low complexity	compositional_bias
Q8SXX4	662-672	ECO:0000256|SAM:MobiDB-lite	Polar residues	compositional_bias
Q8SXX4	679-698	ECO:0000256|SAM:MobiDB-lite	Polar residues	compositional_bias
Q8SY33	1010-1022	ECO:0000256|SAM:MobiDB-lite	Low complexity	compositional_bias
Q8SY33	1052-1061	ECO:0000256|SAM:MobiDB-lite	Polar residues	compositional_bias
Q8SY33	1068-1084	ECO:0000256|SAM:MobiDB-lite	Low complexity	compositional_bias
Q8SY33	1188-1203	ECO:0000256|SAM:MobiDB-lite	Polar residues	compositional_bias
Q8SY33	1211-1220	ECO:0000256|SAM:MobiDB-lite	Gly residues	compositional_bias
Q8SY33	1318-1349	ECO:0000256|SAM:MobiDB-lite	Low complexity	compositional_bias
Q8SY33	1350-1365	ECO:0000256|SAM:MobiDB-lite	Polar residues	compositional_bias
Q8SY33	15-24	ECO:0000256|SAM:MobiDB-lite	Polar residues	compositional_bias
Q8SY33	150-171	ECO:0000256|SAM:MobiDB-lite	Low complexity	compositional_bias
Q8SY33	208-225	ECO:0000256|SAM:MobiDB-lite	Basic and acidic residues	compositional_bias
Q8SY33	449-475	ECO:0000256|SAM:MobiDB-lite	Polar residues	compositional_bias
Q8SY33	485-501	ECO:0000256|SAM:MobiDB-lite	Polar residues	compositional_bias
Q8SY33	809-826	ECO:0000256|SAM:MobiDB-lite	Low complexity	compositional_bias
Q8SY33	898-924	ECO:0000256|SAM:MobiDB-lite	Polar residues	compositional_bias
Q8SY41	1036-1051	ECO:0000256|SAM:MobiDB-lite	Low complexity	compositional_bias
Q8SY41	1087-1112	ECO:0000256|SAM:MobiDB-lite	Acidic residues	compositional_bias
Q8SY41	1113-1122	ECO:0000256|SAM:MobiDB-lite	Basic and acidic residues	compositional_bias
Q8SY41	14-37	ECO:0000256|SAM:MobiDB-lite	Gly residues	compositional_bias
Q8SY41	357-377	ECO:0000256|SAM:MobiDB-lite	Low complexity	compositional_bias
Q8SY41	626-641	ECO:0000256|SAM:MobiDB-lite	Low complexity	compositional_bias
Q8SY41	966-987	ECO:0000256|SAM:MobiDB-lite	Low complexity	compositional_bias
Q8SYG2	433-445	ECO:0000256|SAM:MobiDB-lite	Polar residues	compositional_bias
Q8SZ63	42-80	ECO:0000256|SAM:MobiDB-lite	Low complexity	compositional_bias
Q8T079	176-188	ECO:0000256|SAM:MobiDB-lite	Polar residues	compositional_bias
Q8T079	204-217	ECO:0000256|SAM:MobiDB-lite	Polar residues	compositional_bias
Q8T079	224-233	ECO:0000256|SAM:MobiDB-lite	Polar residues	compositional_bias
Q8T088	12-23	ECO:0000256|SAM:MobiDB-lite	Acidic residues	compositional_bias
Q8T088	31-48	ECO:0000256|SAM:MobiDB-lite	Acidic residues	compositional_bias
Q8T088	67-82	ECO:0000256|SAM:MobiDB-lite	Low complexity	compositional_bias
Q8T088	93-103	ECO:0000256|SAM:MobiDB-lite	Low complexity	compositional_bias
Q8T0D4	20-35	ECO:0000256|SAM:MobiDB-lite	Polar residues	compositional_bias
Q8T0D4	53-69	ECO:0000256|SAM:MobiDB-lite	Acidic residues	compositional_bias
Q8T0D4	84-93	ECO:0000256|SAM:MobiDB-lite	Low complexity	compositional_bias
Q8T0G4	240-258	ECO:0000256|SAM:MobiDB-lite	Basic and acidic residues	compositional_bias
Q8T0S6	432-445	ECO:0000256|SAM:MobiDB-lite	Polar residues	compositional_bias
Q8T0S6	460-479	ECO:0000256|SAM:MobiDB-lite	Basic and acidic residues	compositional_bias
Q8T0S6	490-503	ECO:0000256|SAM:MobiDB-lite	Low complexity	compositional_bias
Q8T390	277-294	ECO:0000256|SAM:MobiDB-lite	Low complexity	compositional_bias
Q8T3U2	1-19	ECO:0000256|SAM:MobiDB-lite	Basic residues	compositional_bias
Q8T3Y0	18-27	ECO:0000256|SAM:MobiDB-lite	Polar residues	compositional_bias
Q8T498	1140-1150	ECO:0000256|SAM:MobiDB-lite	Polar residues	compositional_bias
Q8T498	1151-1169	ECO:0000256|SAM:MobiDB-lite	Low complexity	compositional_bias
Q8T498	1186-1206	ECO:0000256|SAM:MobiDB-lite	Polar residues	compositional_bias
Q8T498	1207-1216	ECO:0000256|SAM:MobiDB-lite	Low complexity	compositional_bias
Q8T498	1285-1299	ECO:0000256|SAM:MobiDB-lite	Low complexity	compositional_bias
Q8T498	1351-1362	ECO:0000256|SAM:MobiDB-lite	Low complexity	compositional_bias
Q8T498	1363-1372	ECO:0000256|SAM:MobiDB-lite	Basic and acidic residues	compositional_bias
Q8T498	1374-1388	ECO:0000256|SAM:MobiDB-lite	Low complexity	compositional_bias
Q8T498	1396-1415	ECO:0000256|SAM:MobiDB-lite	Polar residues	compositional_bias
Q8T498	1427-1438	ECO:0000256|SAM:MobiDB-lite	Gly residues	compositional_bias
Q8T498	1563-1580	ECO:0000256|SAM:MobiDB-lite	Low complexity	compositional_bias
Q8T498	776-805	ECO:0000256|SAM:MobiDB-lite	Polar residues	compositional_bias
Q8T498	806-818	ECO:0000256|SAM:MobiDB-lite	Low complexity	compositional_bias
Q8T498	857-885	ECO:0000256|SAM:MobiDB-lite	Low complexity	compositional_bias
Q8T498	926-939	ECO:0000256|SAM:MobiDB-lite	Low complexity	compositional_bias
Q8T498	940-954	ECO:0000256|SAM:MobiDB-lite	Basic residues	compositional_bias
Q8T498	987-1020	ECO:0000256|SAM:MobiDB-lite	Low complexity	compositional_bias
Q8T4F7	194-206	ECO:0000256|SAM:MobiDB-lite	Low complexity	compositional_bias
Q8T4F7	448-469	ECO:0000256|SAM:MobiDB-lite	Polar residues	compositional_bias
Q8T4F7	490-501	ECO:0000256|SAM:MobiDB-lite	Low complexity	compositional_bias
Q8T4F7	514-527	ECO:0000256|SAM:MobiDB-lite	Polar residues	compositional_bias
Q8T4F7	535-547	ECO:0000256|SAM:MobiDB-lite	Low complexity	compositional_bias
Q8T4F7	570-581	ECO:0000256|SAM:MobiDB-lite	Polar residues	compositional_bias
Q8T4F7	583-593	ECO:0000256|SAM:MobiDB-lite	Low complexity	compositional_bias
Q8T4F7	630-642	ECO:0000256|SAM:MobiDB-lite	Low complexity	compositional_bias
Q8T4F7	643-659	ECO:0000256|SAM:MobiDB-lite	Pro residues	compositional_bias
Q8T4F7	677-687	ECO:0000256|SAM:MobiDB-lite	Low complexity	compositional_bias
Q8T4F7	698-711	ECO:0000256|SAM:MobiDB-lite	Pro residues	compositional_bias
Q8T4F7	719-774	ECO:0000256|SAM:MobiDB-lite	Pro residues	compositional_bias
Q8T4F7	852-871	ECO:0000256|SAM:MobiDB-lite	Basic and acidic residues	compositional_bias
Q8T4F7	882-904	ECO:0000256|SAM:MobiDB-lite	Gly residues	compositional_bias
Q8T4F7	905-914	ECO:0000256|SAM:MobiDB-lite	Low complexity	compositional_bias
Q8T626	113-127	ECO:0000256|SAM:MobiDB-lite	Low complexity	compositional_bias
Q8T626	128-155	ECO:0000256|SAM:MobiDB-lite	Polar residues	compositional_bias
Q8T6B9	1-20	ECO:0000256|SAM:MobiDB-lite	Basic and acidic residues	compositional_bias
Q8T6B9	28-37	ECO:0000256|SAM:MobiDB-lite	Basic and acidic residues	compositional_bias
Q8T8S1	325-334	ECO:0000256|SAM:MobiDB-lite	Basic and acidic residues	compositional_bias
Q8T9B6	48-61	ECO:0000256|SAM:MobiDB-lite	Acidic residues	compositional_bias
Q94517	386-395	ECO:0000256|SAM:MobiDB-lite	Acidic residues	compositional_bias
Q94517	396-414	ECO:0000256|SAM:MobiDB-lite	Basic and acidic residues	compositional_bias
Q94517	459-470	ECO:0000256|SAM:MobiDB-lite	Basic and acidic residues	compositional_bias
Q94517	476-502	ECO:0000256|SAM:MobiDB-lite	Low complexity	compositional_bias
Q94517	503-513	ECO:0000256|SAM:MobiDB-lite	Gly residues	compositional_bias
Q94518	165-176	ECO:0000256|SAM:MobiDB-lite	Acidic residues	compositional_bias
Q94518	19-28	ECO:0000256|SAM:MobiDB-lite	Basic and acidic residues	compositional_bias
Q94526	832-841	ECO:0000256|SAM:MobiDB-lite	Low complexity	compositional_bias
Q94526	855-873	ECO:0000256|SAM:MobiDB-lite	Polar residues	compositional_bias
Q94526	911-926	ECO:0000256|SAM:MobiDB-lite	Low complexity	compositional_bias
Q94526	961-983	ECO:0000256|SAM:MobiDB-lite	Polar residues	compositional_bias
Q94526	984-1001	ECO:0000256|SAM:MobiDB-lite	Low complexity	compositional_bias
Q94527	23-41	ECO:0000256|SAM:MobiDB-lite	Low complexity	compositional_bias
Q94527	460-475	ECO:0000256|SAM:MobiDB-lite	Low complexity	compositional_bias
Q94527	866-877	ECO:0000256|SAM:MobiDB-lite	Basic and acidic residues	compositional_bias
Q94535	190-219	ECO:0000256|SAM:MobiDB-lite	Basic residues	compositional_bias
Q94535	233-251	ECO:0000256|SAM:MobiDB-lite	Basic and acidic residues	compositional_bias
Q94535	253-264	ECO:0000256|SAM:MobiDB-lite	Gly residues	compositional_bias
Q94545	1-19	ECO:0000256|SAM:MobiDB-lite	Polar residues	compositional_bias
Q94546	1-10	ECO:0000256|SAM:MobiDB-lite	Acidic residues	compositional_bias
Q94546	104-116	ECO:0000256|SAM:MobiDB-lite	Polar residues	compositional_bias
Q94546	11-70	ECO:0000256|SAM:MobiDB-lite	Low complexity	compositional_bias
Q94546	117-140	ECO:0000256|SAM:MobiDB-lite	Low complexity	compositional_bias
Q94546	141-160	ECO:0000256|SAM:MobiDB-lite	Basic residues	compositional_bias
Q94546	206-223	ECO:0000256|SAM:MobiDB-lite	Basic residues	compositional_bias
Q94546	224-242	ECO:0000256|SAM:MobiDB-lite	Low complexity	compositional_bias
Q94546	306-318	ECO:0000256|SAM:MobiDB-lite	Acidic residues	compositional_bias
Q94546	325-353	ECO:0000256|SAM:MobiDB-lite	Basic residues	compositional_bias
Q94546	354-369	ECO:0000256|SAM:MobiDB-lite	Basic and acidic residues	compositional_bias
Q94546	571-582	ECO:0000256|SAM:MobiDB-lite	Basic residues	compositional_bias
Q94546	644-665	ECO:0000256|SAM:MobiDB-lite	Basic and acidic residues	compositional_bias
Q94546	710-725	ECO:0000256|SAM:MobiDB-lite	Gly residues	compositional_bias
Q94546	82-101	ECO:0000256|SAM:MobiDB-lite	Basic residues	compositional_bias
Q94547	166-184	ECO:0000256|SAM:MobiDB-lite	Polar residues	compositional_bias
Q94547	349-367	ECO:0000256|SAM:MobiDB-lite	Gly residues	compositional_bias
Q94547	372-388	ECO:0000256|SAM:MobiDB-lite	Polar residues	compositional_bias
Q94547	42-56	ECO:0000256|SAM:MobiDB-lite	Polar residues	compositional_bias
Q94547	58-71	ECO:0000256|SAM:MobiDB-lite	Low complexity	compositional_bias
Q94890	1-11	ECO:0000256|SAM:MobiDB-lite	Polar residues	compositional_bias
Q94890	12-22	ECO:0000256|SAM:MobiDB-lite	Low complexity	compositional_bias
Q94890	169-179	ECO:0000256|SAM:MobiDB-lite	Low complexity	compositional_bias
Q94890	180-198	ECO:0000256|SAM:MobiDB-lite	Basic residues	compositional_bias
Q94890	199-233	ECO:0000256|SAM:MobiDB-lite	Low complexity	compositional_bias
Q94890	23-33	ECO:0000256|SAM:MobiDB-lite	Polar residues	compositional_bias
Q94890	234-243	ECO:0000256|SAM:MobiDB-lite	Pro residues	compositional_bias
Q94890	35-47	ECO:0000256|SAM:MobiDB-lite	Low complexity	compositional_bias
Q94890	48-71	ECO:0000256|SAM:MobiDB-lite	Basic residues	compositional_bias
Q94890	600-613	ECO:0000256|SAM:MobiDB-lite	Pro residues	compositional_bias
Q94890	614-624	ECO:0000256|SAM:MobiDB-lite	Low complexity	compositional_bias
Q94890	643-660	ECO:0000256|SAM:MobiDB-lite	Polar residues	compositional_bias
Q94890	93-108	ECO:0000256|SAM:MobiDB-lite	Low complexity	compositional_bias
Q94901	214-224	ECO:0000256|SAM:MobiDB-lite	Pro residues	compositional_bias
Q94901	262-277	ECO:0000256|SAM:MobiDB-lite	Pro residues	compositional_bias
Q94901	279-288	ECO:0000256|SAM:MobiDB-lite	Polar residues	compositional_bias
Q94901	320-334	ECO:0000256|SAM:MobiDB-lite	Basic and acidic residues	compositional_bias
Q94918	136-158	ECO:0000256|SAM:MobiDB-lite	Low complexity	compositional_bias
Q94918	233-248	ECO:0000256|SAM:MobiDB-lite	Basic and acidic residues	compositional_bias
Q94918	255-267	ECO:0000256|SAM:MobiDB-lite	Low complexity	compositional_bias
Q94918	305-316	ECO:0000256|SAM:MobiDB-lite	Basic residues	compositional_bias
Q94918	72-98	ECO:0000256|SAM:MobiDB-lite	Low complexity	compositional_bias
Q94981	1-11	ECO:0000256|SAM:MobiDB-lite	Acidic residues	compositional_bias
Q94981	12-21	ECO:0000256|SAM:MobiDB-lite	Low complexity	compositional_bias
Q95R48	310-320	ECO:0000256|SAM:MobiDB-lite	Basic and acidic residues	compositional_bias
Q95R48	555-567	ECO:0000256|SAM:MobiDB-lite	Polar residues	compositional_bias
Q95RC0	153-169	ECO:0000256|SAM:MobiDB-lite	Polar residues	compositional_bias
Q95RC0	192-201	ECO:0000256|SAM:MobiDB-lite	Basic and acidic residues	compositional_bias
Q95RC0	26-45	ECO:0000256|SAM:MobiDB-lite	Polar residues	compositional_bias
Q95RC0	90-127	ECO:0000256|SAM:MobiDB-lite	Low complexity	compositional_bias
Q95RG8	443-459	ECO:0000256|SAM:MobiDB-lite	Acidic residues	compositional_bias
Q95RG8	557-570	ECO:0000256|SAM:MobiDB-lite	Low complexity	compositional_bias
Q95RI5	28-45	ECO:0000256|SAM:MobiDB-lite	Low complexity	compositional_bias
Q95RI5	364-418	ECO:0000256|SAM:MobiDB-lite	Basic and acidic residues	compositional_bias
Q95RI5	46-77	ECO:0000256|SAM:MobiDB-lite	Basic and acidic residues	compositional_bias
Q95RI5	9-19	ECO:0000256|SAM:MobiDB-lite	Low complexity	compositional_bias
Q95RJ9	142-160	ECO:0000256|SAM:MobiDB-lite	Polar residues	compositional_bias
Q95RJ9	161-198	ECO:0000256|SAM:MobiDB-lite	Low complexity	compositional_bias
Q95RJ9	212-250	ECO:0000256|SAM:MobiDB-lite	Low complexity	compositional_bias
Q95RJ9	251-270	ECO:0000256|SAM:MobiDB-lite	Polar residues	compositional_bias
Q95RJ9	272-287	ECO:0000256|SAM:MobiDB-lite	Low complexity	compositional_bias
Q95RQ4	27-39	ECO:0000256|SAM:MobiDB-lite	Acidic residues	compositional_bias
Q95RQ8	610-624	ECO:0000256|SAM:MobiDB-lite	Acidic residues	compositional_bias
Q95RQ8	668-683	ECO:0000256|SAM:MobiDB-lite	Basic residues	compositional_bias
Q95RR8	168-191	ECO:0000256|SAM:MobiDB-lite	Low complexity	compositional_bias
Q95RW8	255-277	ECO:0000256|SAM:MobiDB-lite	Polar residues	compositional_bias
Q95RW8	278-293	ECO:0000256|SAM:MobiDB-lite	Basic and acidic residues	compositional_bias
Q95RW8	294-312	ECO:0000256|SAM:MobiDB-lite	Low complexity	compositional_bias
Q95RW8	321-330	ECO:0000256|SAM:MobiDB-lite	Gly residues	compositional_bias
Q95RX5	160-170	ECO:0000256|SAM:MobiDB-lite	Low complexity	compositional_bias
Q95RX5	180-192	ECO:0000256|SAM:MobiDB-lite	Low complexity	compositional_bias
Q95RX5	269-285	ECO:0000256|SAM:MobiDB-lite	Gly residues	compositional_bias
Q95RX5	513-532	ECO:0000256|SAM:MobiDB-lite	Gly residues	compositional_bias
Q95RX5	538-547	ECO:0000256|SAM:MobiDB-lite	Basic and acidic residues	compositional_bias
Q95RX5	559-593	ECO:0000256|SAM:MobiDB-lite	Low complexity	compositional_bias
Q95SP2	577-587	ECO:0000256|SAM:MobiDB-lite	Polar residues	compositional_bias
Q95ST2	573-588	ECO:0000256|SAM:MobiDB-lite	Polar residues	compositional_bias
Q95T64	102-113	ECO:0000256|SAM:MobiDB-lite	Low complexity	compositional_bias
Q95T64	33-43	ECO:0000256|SAM:MobiDB-lite	Low complexity	compositional_bias
Q95UN8	1052-1063	ECO:0000256|SAM:MobiDB-lite	Basic residues	compositional_bias
Q95UN8	1073-1086	ECO:0000256|SAM:MobiDB-lite	Basic and acidic residues	compositional_bias
Q95UN8	1150-1161	ECO:0000256|SAM:MobiDB-lite	Polar residues	compositional_bias
Q95UN8	571-583	ECO:0000256|SAM:MobiDB-lite	Polar residues	compositional_bias
Q95UN8	591-601	ECO:0000256|SAM:MobiDB-lite	Low complexity	compositional_bias
Q95UN8	812-830	ECO:0000256|SAM:MobiDB-lite	Polar residues	compositional_bias
Q95UN8	989-1010	ECO:0000256|SAM:MobiDB-lite	Low complexity	compositional_bias
Q95V55	221-230	ECO:0000256|SAM:MobiDB-lite	Polar residues	compositional_bias
Q95V55	256-265	ECO:0000256|SAM:MobiDB-lite	Polar residues	compositional_bias
Q95V55	327-336	ECO:0000256|SAM:MobiDB-lite	Pro residues	compositional_bias
Q95V55	337-353	ECO:0000256|SAM:MobiDB-lite	Low complexity	compositional_bias
Q95V55	63-80	ECO:0000256|SAM:MobiDB-lite	Polar residues	compositional_bias
Q95V55	81-90	ECO:0000256|SAM:MobiDB-lite	Low complexity	compositional_bias
Q960C5	319-336	ECO:0000256|SAM:MobiDB-lite	Polar residues	compositional_bias
Q960C5	34-44	ECO:0000256|SAM:MobiDB-lite	Gly residues	compositional_bias
Q960C5	351-368	ECO:0000256|SAM:MobiDB-lite	Basic and acidic residues	compositional_bias
Q960C5	518-532	ECO:0000256|SAM:MobiDB-lite	Polar residues	compositional_bias
Q960C5	788-809	ECO:0000256|SAM:MobiDB-lite	Polar residues	compositional_bias
Q960E8	324-362	ECO:0000256|SAM:MobiDB-lite	Polar residues	compositional_bias
Q960E8	363-374	ECO:0000256|SAM:MobiDB-lite	Basic and acidic residues	compositional_bias
Q960T2	117-128	ECO:0000256|SAM:MobiDB-lite	Low complexity	compositional_bias
Q960T2	137-146	ECO:0000256|SAM:MobiDB-lite	Low complexity	compositional_bias
Q960T2	182-197	ECO:0000256|SAM:MobiDB-lite	Gly residues	compositional_bias
Q960T2	26-59	ECO:0000256|SAM:MobiDB-lite	Low complexity	compositional_bias
Q960T2	373-386	ECO:0000256|SAM:MobiDB-lite	Basic and acidic residues	compositional_bias
Q960T2	514-523	ECO:0000256|SAM:MobiDB-lite	Acidic residues	compositional_bias
Q960T2	524-535	ECO:0000256|SAM:MobiDB-lite	Polar residues	compositional_bias
Q960T2	536-551	ECO:0000256|SAM:MobiDB-lite	Acidic residues	compositional_bias
Q960V3	1007-1022	ECO:0000256|SAM:MobiDB-lite	Low complexity	compositional_bias
Q960V3	1023-1032	ECO:0000256|SAM:MobiDB-lite	Polar residues	compositional_bias
Q960V3	1033-1043	ECO:0000256|SAM:MobiDB-lite	Basic residues	compositional_bias
Q960V3	536-546	ECO:0000256|SAM:MobiDB-lite	Polar residues	compositional_bias
Q960V3	750-760	ECO:0000256|SAM:MobiDB-lite	Low complexity	compositional_bias
Q960V3	812-823	ECO:0000256|SAM:MobiDB-lite	Polar residues	compositional_bias
Q960V3	854-871	ECO:0000256|SAM:MobiDB-lite	Low complexity	compositional_bias
Q960V3	9-26	ECO:0000256|SAM:MobiDB-lite	Basic and acidic residues	compositional_bias
Q960V3	956-983	ECO:0000256|SAM:MobiDB-lite	Low complexity	compositional_bias
Q960X4	178-189	ECO:0000256|SAM:MobiDB-lite	Basic residues	compositional_bias
Q960X4	190-216	ECO:0000256|SAM:MobiDB-lite	Low complexity	compositional_bias
Q960X4	234-248	ECO:0000256|SAM:MobiDB-lite	Polar residues	compositional_bias
Q960X4	89-99	ECO:0000256|SAM:MobiDB-lite	Low complexity	compositional_bias
Q960X8	307-316	ECO:0000256|SAM:MobiDB-lite	Basic and acidic residues	compositional_bias
Q960X8	349-358	ECO:0000256|SAM:MobiDB-lite	Pro residues	compositional_bias
Q960X8	609-622	ECO:0000256|SAM:MobiDB-lite	Pro residues	compositional_bias
Q960X8	653-694	ECO:0000256|SAM:MobiDB-lite	Low complexity	compositional_bias
Q960X8	706-733	ECO:0000256|SAM:MobiDB-lite	Low complexity	compositional_bias
Q960X8	734-744	ECO:0000256|SAM:MobiDB-lite	Pro residues	compositional_bias
Q960Z0	123-136	ECO:0000256|SAM:MobiDB-lite	Low complexity	compositional_bias
Q960Z0	158-179	ECO:0000256|SAM:MobiDB-lite	Polar residues	compositional_bias
Q960Z0	180-200	ECO:0000256|SAM:MobiDB-lite	Low complexity	compositional_bias
Q960Z0	648-664	ECO:0000256|SAM:MobiDB-lite	Polar residues	compositional_bias
Q960Z0	676-688	ECO:0000256|SAM:MobiDB-lite	Low complexity	compositional_bias
Q960Z0	80-94	ECO:0000256|SAM:MobiDB-lite	Polar residues	compositional_bias
Q961C9	174-200	ECO:0000256|SAM:MobiDB-lite	Polar residues	compositional_bias
Q961D9	1-16	ECO:0000256|SAM:MobiDB-lite	Polar residues	compositional_bias
Q961D9	116-130	ECO:0000256|SAM:MobiDB-lite	Low complexity	compositional_bias
Q961D9	17-34	ECO:0000256|SAM:MobiDB-lite	Low complexity	compositional_bias
Q961D9	40-60	ECO:0000256|SAM:MobiDB-lite	Polar residues	compositional_bias
Q961D9	422-438	ECO:0000256|SAM:MobiDB-lite	Polar residues	compositional_bias
Q961D9	455-474	ECO:0000256|SAM:MobiDB-lite	Polar residues	compositional_bias
Q961D9	731-745	ECO:0000256|SAM:MobiDB-lite	Low complexity	compositional_bias
Q961D9	770-781	ECO:0000256|SAM:MobiDB-lite	Polar residues	compositional_bias
Q961D9	782-796	ECO:0000256|SAM:MobiDB-lite	Low complexity	compositional_bias
Q961D9	806-830	ECO:0000256|SAM:MobiDB-lite	Polar residues	compositional_bias
Q961D9	844-880	ECO:0000256|SAM:MobiDB-lite	Polar residues	compositional_bias
Q961D9	90-113	ECO:0000256|SAM:MobiDB-lite	Polar residues	compositional_bias
Q961D9	904-913	ECO:0000256|SAM:MobiDB-lite	Polar residues	compositional_bias
Q961G1	64-78	ECO:0000256|SAM:MobiDB-lite	Polar residues	compositional_bias
Q967D7	1333-1349	ECO:0000256|SAM:MobiDB-lite	Low complexity	compositional_bias
Q967D7	1380-1389	ECO:0000256|SAM:MobiDB-lite	Polar residues	compositional_bias
Q967S7	1-17	ECO:0000256|SAM:MobiDB-lite	Polar residues	compositional_bias
Q967S7	272-284	ECO:0000256|SAM:MobiDB-lite	Polar residues	compositional_bias
Q99323	1782-1792	ECO:0000256|SAM:MobiDB-lite	Basic and acidic residues	compositional_bias
Q99323	2044-2057	ECO:0000256|SAM:MobiDB-lite	Acidic residues	compositional_bias
Q9BIR7	613-633	ECO:0000256|SAM:MobiDB-lite	Gly residues	compositional_bias
Q9BIS2	613-633	ECO:0000256|SAM:MobiDB-lite	Gly residues	compositional_bias
Q9BJZ5	65-80	ECO:0000256|SAM:MobiDB-lite	Low complexity	compositional_bias
Q9BJZ5	673-687	ECO:0000256|SAM:MobiDB-lite	Polar residues	compositional_bias
Q9BJZ5	694-708	ECO:0000256|SAM:MobiDB-lite	Basic residues	compositional_bias
Q9BJZ5	89-100	ECO:0000256|SAM:MobiDB-lite	Low complexity	compositional_bias
Q9GNK5	1-14	ECO:0000256|SAM:MobiDB-lite	Polar residues	compositional_bias
Q9GNK5	27-36	ECO:0000256|SAM:MobiDB-lite	Polar residues	compositional_bias
Q9GNK5	48-58	ECO:0000256|SAM:MobiDB-lite	Basic and acidic residues	compositional_bias
Q9GNK5	66-78	ECO:0000256|SAM:MobiDB-lite	Basic and acidic residues	compositional_bias
Q9GPJ1	1452-1491	ECO:0000256|SAM:MobiDB-lite	Low complexity	compositional_bias
Q9GPJ1	830-840	ECO:0000256|SAM:MobiDB-lite	Low complexity	compositional_bias
Q9GQF1	290-308	ECO:0000256|SAM:MobiDB-lite	Low complexity	compositional_bias
Q9GQF1	526-540	ECO:0000256|SAM:MobiDB-lite	Gly residues	compositional_bias
Q9GQF1	541-550	ECO:0000256|SAM:MobiDB-lite	Low complexity	compositional_bias
Q9GQF1	807-817	ECO:0000256|SAM:MobiDB-lite	Basic and acidic residues	compositional_bias
Q9GQF1	879-889	ECO:0000256|SAM:MobiDB-lite	Low complexity	compositional_bias
Q9GQN5	114-125	ECO:0000256|SAM:MobiDB-lite	Polar residues	compositional_bias
Q9GQN5	155-166	ECO:0000256|SAM:MobiDB-lite	Acidic residues	compositional_bias
Q9GQN5	181-202	ECO:0000256|SAM:MobiDB-lite	Basic and acidic residues	compositional_bias
Q9GQN5	219-237	ECO:0000256|SAM:MobiDB-lite	Low complexity	compositional_bias
Q9GQN5	241-265	ECO:0000256|SAM:MobiDB-lite	Basic residues	compositional_bias
Q9GQN5	28-40	ECO:0000256|SAM:MobiDB-lite	Basic and acidic residues	compositional_bias
Q9GQN5	290-306	ECO:0000256|SAM:MobiDB-lite	Acidic residues	compositional_bias
Q9GQN5	336-351	ECO:0000256|SAM:MobiDB-lite	Basic and acidic residues	compositional_bias
Q9GQN5	352-361	ECO:0000256|SAM:MobiDB-lite	Basic residues	compositional_bias
Q9GQN5	61-83	ECO:0000256|SAM:MobiDB-lite	Low complexity	compositional_bias
Q9GQQ0	27-38	ECO:0000256|SAM:MobiDB-lite	Low complexity	compositional_bias
Q9GQQ0	55-67	ECO:0000256|SAM:MobiDB-lite	Polar residues	compositional_bias
Q9GQQ0	76-85	ECO:0000256|SAM:MobiDB-lite	Basic residues	compositional_bias
Q9GSR1	1228-1243	ECO:0000256|SAM:MobiDB-lite	Low complexity	compositional_bias
Q9GSR1	553-574	ECO:0000256|SAM:MobiDB-lite	Low complexity	compositional_bias
Q9GSR1	620-629	ECO:0000256|SAM:MobiDB-lite	Polar residues	compositional_bias
Q9GSR1	735-753	ECO:0000256|SAM:MobiDB-lite	Basic and acidic residues	compositional_bias
Q9GSR1	771-786	ECO:0000256|SAM:MobiDB-lite	Polar residues	compositional_bias
Q9GSR1	794-808	ECO:0000256|SAM:MobiDB-lite	Polar residues	compositional_bias
Q9GSR1	818-835	ECO:0000256|SAM:MobiDB-lite	Polar residues	compositional_bias
Q9GSR1	840-860	ECO:0000256|SAM:MobiDB-lite	Basic and acidic residues	compositional_bias
Q9GSR1	938-954	ECO:0000256|SAM:MobiDB-lite	Polar residues	compositional_bias
Q9GYV5	325-337	ECO:0000256|SAM:MobiDB-lite	Polar residues	compositional_bias
Q9I7D3	384-393	ECO:0000256|SAM:MobiDB-lite	Basic and acidic residues	compositional_bias
Q9I7D3	400-410	ECO:0000256|SAM:MobiDB-lite	Polar residues	compositional_bias
Q9I7D3	501-518	ECO:0000256|SAM:MobiDB-lite	Low complexity	compositional_bias
Q9I7D3	61-79	ECO:0000256|SAM:MobiDB-lite	Polar residues	compositional_bias
Q9I7D3	630-641	ECO:0000256|SAM:MobiDB-lite	Low complexity	compositional_bias
Q9I7D3	678-700	ECO:0000256|SAM:MobiDB-lite	Low complexity	compositional_bias
Q9I7D3	753-765	ECO:0000256|SAM:MobiDB-lite	Low complexity	compositional_bias
Q9I7D3	766-777	ECO:0000256|SAM:MobiDB-lite	Basic and acidic residues	compositional_bias
Q9I7D3	788-797	ECO:0000256|SAM:MobiDB-lite	Low complexity	compositional_bias
Q9I7D3	80-89	ECO:0000256|SAM:MobiDB-lite	Low complexity	compositional_bias
Q9I7D3	812-838	ECO:0000256|SAM:MobiDB-lite	Basic and acidic residues	compositional_bias
Q9I7D3	845-868	ECO:0000256|SAM:MobiDB-lite	Low complexity	compositional_bias
Q9I7D3	869-886	ECO:0000256|SAM:MobiDB-lite	Gly residues	compositional_bias
Q9I7D3	896-908	ECO:0000256|SAM:MobiDB-lite	Gly residues	compositional_bias
Q9I7D3	931-943	ECO:0000256|SAM:MobiDB-lite	Gly residues	compositional_bias
Q9I7F7	805-815	ECO:0000256|SAM:MobiDB-lite	Polar residues	compositional_bias
Q9I7F7	947-957	ECO:0000256|SAM:MobiDB-lite	Pro residues	compositional_bias
Q9I7H9	14-24	ECO:0000256|SAM:MobiDB-lite	Basic and acidic residues	compositional_bias
Q9I7I7	330-355	ECO:0000256|SAM:MobiDB-lite	Basic and acidic residues	compositional_bias
Q9I7K0	137-150	ECO:0000256|SAM:MobiDB-lite	Low complexity	compositional_bias
Q9I7K0	151-165	ECO:0000256|SAM:MobiDB-lite	Polar residues	compositional_bias
Q9I7K0	178-189	ECO:0000256|SAM:MobiDB-lite	Polar residues	compositional_bias
Q9I7K0	82-93	ECO:0000256|SAM:MobiDB-lite	Basic and acidic residues	compositional_bias
Q9I7K6	1-14	ECO:0000256|SAM:MobiDB-lite	Low complexity	compositional_bias
Q9I7K6	124-145	ECO:0000256|SAM:MobiDB-lite	Acidic residues	compositional_bias
Q9I7K6	147-159	ECO:0000256|SAM:MobiDB-lite	Basic and acidic residues	compositional_bias
Q9I7K6	170-179	ECO:0000256|SAM:MobiDB-lite	Basic and acidic residues	compositional_bias
Q9I7K6	226-238	ECO:0000256|SAM:MobiDB-lite	Polar residues	compositional_bias
Q9I7K6	244-253	ECO:0000256|SAM:MobiDB-lite	Acidic residues	compositional_bias
Q9I7K6	418-459	ECO:0000256|SAM:MobiDB-lite	Low complexity	compositional_bias
Q9I7S6	1-43	ECO:0000256|SAM:MobiDB-lite	Low complexity	compositional_bias
Q9I7S6	1033-1057	ECO:0000256|SAM:MobiDB-lite	Gly residues	compositional_bias
Q9I7S6	1065-1093	ECO:0000256|SAM:MobiDB-lite	Polar residues	compositional_bias
Q9I7S6	1125-1136	ECO:0000256|SAM:MobiDB-lite	Basic and acidic residues	compositional_bias
Q9I7S6	1139-1148	ECO:0000256|SAM:MobiDB-lite	Low complexity	compositional_bias
Q9I7S6	1314-1324	ECO:0000256|SAM:MobiDB-lite	Low complexity	compositional_bias
Q9I7S6	1325-1340	ECO:0000256|SAM:MobiDB-lite	Gly residues	compositional_bias
Q9I7S6	1341-1350	ECO:0000256|SAM:MobiDB-lite	Low complexity	compositional_bias
Q9I7S6	1375-1397	ECO:0000256|SAM:MobiDB-lite	Low complexity	compositional_bias
Q9I7S6	1470-1486	ECO:0000256|SAM:MobiDB-lite	Polar residues	compositional_bias
Q9I7S6	270-282	ECO:0000256|SAM:MobiDB-lite	Basic and acidic residues	compositional_bias
Q9I7S6	305-314	ECO:0000256|SAM:MobiDB-lite	Basic and acidic residues	compositional_bias
Q9I7S6	324-348	ECO:0000256|SAM:MobiDB-lite	Low complexity	compositional_bias
Q9I7S6	401-440	ECO:0000256|SAM:MobiDB-lite	Low complexity	compositional_bias
Q9I7S6	441-462	ECO:0000256|SAM:MobiDB-lite	Polar residues	compositional_bias
Q9I7S6	993-1005	ECO:0000256|SAM:MobiDB-lite	Low complexity	compositional_bias
Q9I7T7	1031-1045	ECO:0000256|SAM:MobiDB-lite	Low complexity	compositional_bias
Q9I7T7	1068-1086	ECO:0000256|SAM:MobiDB-lite	Polar residues	compositional_bias
Q9I7T7	1087-1115	ECO:0000256|SAM:MobiDB-lite	Low complexity	compositional_bias
Q9I7T7	112-147	ECO:0000256|SAM:MobiDB-lite	Low complexity	compositional_bias
Q9I7T7	1164-1173	ECO:0000256|SAM:MobiDB-lite	Gly residues	compositional_bias
Q9I7T7	1183-1200	ECO:0000256|SAM:MobiDB-lite	Polar residues	compositional_bias
Q9I7T7	1270-1280	ECO:0000256|SAM:MobiDB-lite	Basic and acidic residues	compositional_bias
Q9I7T7	1467-1477	ECO:0000256|SAM:MobiDB-lite	Polar residues	compositional_bias
Q9I7T7	1502-1515	ECO:0000256|SAM:MobiDB-lite	Polar residues	compositional_bias
Q9I7T7	565-578	ECO:0000256|SAM:MobiDB-lite	Low complexity	compositional_bias
Q9I7T7	754-768	ECO:0000256|SAM:MobiDB-lite	Low complexity	compositional_bias
Q9I7T7	810-826	ECO:0000256|SAM:MobiDB-lite	Low complexity	compositional_bias
Q9I7T7	860-884	ECO:0000256|SAM:MobiDB-lite	Polar residues	compositional_bias
Q9I7T7	945-959	ECO:0000256|SAM:MobiDB-lite	Low complexity	compositional_bias
Q9I7T7	966-975	ECO:0000256|SAM:MobiDB-lite	Basic residues	compositional_bias
Q9I7T7	983-1004	ECO:0000256|SAM:MobiDB-lite	Gly residues	compositional_bias
Q9I7U4	1-31	ECO:0000256|SAM:MobiDB-lite	Low complexity	compositional_bias
Q9I7U4	10068-10080	ECO:0000256|SAM:MobiDB-lite	Acidic residues	compositional_bias
Q9I7U4	10139-10149	ECO:0000256|SAM:MobiDB-lite	Acidic residues	compositional_bias
Q9I7U4	10210-10220	ECO:0000256|SAM:MobiDB-lite	Acidic residues	compositional_bias
Q9I7U4	10281-10291	ECO:0000256|SAM:MobiDB-lite	Acidic residues	compositional_bias
Q9I7U4	10352-10364	ECO:0000256|SAM:MobiDB-lite	Acidic residues	compositional_bias
Q9I7U4	10423-10433	ECO:0000256|SAM:MobiDB-lite	Acidic residues	compositional_bias
Q9I7U4	10494-10504	ECO:0000256|SAM:MobiDB-lite	Acidic residues	compositional_bias
Q9I7U4	10565-10576	ECO:0000256|SAM:MobiDB-lite	Acidic residues	compositional_bias
Q9I7U4	10636-10648	ECO:0000256|SAM:MobiDB-lite	Acidic residues	compositional_bias
Q9I7U4	10707-10717	ECO:0000256|SAM:MobiDB-lite	Acidic residues	compositional_bias
Q9I7U4	10778-10788	ECO:0000256|SAM:MobiDB-lite	Acidic residues	compositional_bias
Q9I7U4	10849-10860	ECO:0000256|SAM:MobiDB-lite	Acidic residues	compositional_bias
Q9I7U4	10920-10932	ECO:0000256|SAM:MobiDB-lite	Acidic residues	compositional_bias
Q9I7U4	11062-11073	ECO:0000256|SAM:MobiDB-lite	Acidic residues	compositional_bias
Q9I7U4	11133-11143	ECO:0000256|SAM:MobiDB-lite	Acidic residues	compositional_bias
Q9I7U4	11204-11216	ECO:0000256|SAM:MobiDB-lite	Acidic residues	compositional_bias
Q9I7U4	11275-11286	ECO:0000256|SAM:MobiDB-lite	Acidic residues	compositional_bias
Q9I7U4	11686-11699	ECO:0000256|SAM:MobiDB-lite	Basic residues	compositional_bias
Q9I7U4	11780-11792	ECO:0000256|SAM:MobiDB-lite	Basic and acidic residues	compositional_bias
Q9I7U4	12022-12035	ECO:0000256|SAM:MobiDB-lite	Basic and acidic residues	compositional_bias
Q9I7U4	12044-12054	ECO:0000256|SAM:MobiDB-lite	Basic and acidic residues	compositional_bias
Q9I7U4	12124-12134	ECO:0000256|SAM:MobiDB-lite	Basic and acidic residues	compositional_bias
Q9I7U4	12183-12201	ECO:0000256|SAM:MobiDB-lite	Basic and acidic residues	compositional_bias
Q9I7U4	12457-12471	ECO:0000256|SAM:MobiDB-lite	Basic and acidic residues	compositional_bias
Q9I7U4	12685-12709	ECO:0000256|SAM:MobiDB-lite	Basic and acidic residues	compositional_bias
Q9I7U4	12731-12741	ECO:0000256|SAM:MobiDB-lite	Acidic residues	compositional_bias
Q9I7U4	12750-12760	ECO:0000256|SAM:MobiDB-lite	Basic residues	compositional_bias
Q9I7U4	13141-13154	ECO:0000256|SAM:MobiDB-lite	Basic and acidic residues	compositional_bias
Q9I7U4	13482-13492	ECO:0000256|SAM:MobiDB-lite	Basic residues	compositional_bias
Q9I7U4	13733-13747	ECO:0000256|SAM:MobiDB-lite	Basic and acidic residues	compositional_bias
Q9I7U4	13771-13781	ECO:0000256|SAM:MobiDB-lite	Basic residues	compositional_bias
Q9I7U4	13893-13906	ECO:0000256|SAM:MobiDB-lite	Basic and acidic residues	compositional_bias
Q9I7U4	13975-13984	ECO:0000256|SAM:MobiDB-lite	Basic and acidic residues	compositional_bias
Q9I7U4	14221-14240	ECO:0000256|SAM:MobiDB-lite	Basic and acidic residues	compositional_bias
Q9I7U4	14264-14274	ECO:0000256|SAM:MobiDB-lite	Low complexity	compositional_bias
Q9I7U4	14282-14294	ECO:0000256|SAM:MobiDB-lite	Basic and acidic residues	compositional_bias
Q9I7U4	14542-14554	ECO:0000256|SAM:MobiDB-lite	Basic and acidic residues	compositional_bias
Q9I7U4	14555-14564	ECO:0000256|SAM:MobiDB-lite	Basic residues	compositional_bias
Q9I7U4	14583-14599	ECO:0000256|SAM:MobiDB-lite	Basic and acidic residues	compositional_bias
Q9I7U4	14652-14662	ECO:0000256|SAM:MobiDB-lite	Low complexity	compositional_bias
Q9I7U4	14664-14683	ECO:0000256|SAM:MobiDB-lite	Polar residues	compositional_bias
Q9I7U4	14684-14697	ECO:0000256|SAM:MobiDB-lite	Basic and acidic residues	compositional_bias
Q9I7U4	14756-14771	ECO:0000256|SAM:MobiDB-lite	Acidic residues	compositional_bias
Q9I7U4	14967-14989	ECO:0000256|SAM:MobiDB-lite	Basic and acidic residues	compositional_bias
Q9I7U4	15024-15046	ECO:0000256|SAM:MobiDB-lite	Basic and acidic residues	compositional_bias
Q9I7U4	15069-15080	ECO:0000256|SAM:MobiDB-lite	Basic and acidic residues	compositional_bias
Q9I7U4	15088-15097	ECO:0000256|SAM:MobiDB-lite	Basic and acidic residues	compositional_bias
Q9I7U4	15109-15139	ECO:0000256|SAM:MobiDB-lite	Basic and acidic residues	compositional_bias
Q9I7U4	15169-15179	ECO:0000256|SAM:MobiDB-lite	Basic and acidic residues	compositional_bias
Q9I7U4	15189-15198	ECO:0000256|SAM:MobiDB-lite	Basic and acidic residues	compositional_bias
Q9I7U4	15316-15325	ECO:0000256|SAM:MobiDB-lite	Basic and acidic residues	compositional_bias
Q9I7U4	15425-15437	ECO:0000256|SAM:MobiDB-lite	Basic and acidic residues	compositional_bias
Q9I7U4	15578-15589	ECO:0000256|SAM:MobiDB-lite	Basic and acidic residues	compositional_bias
Q9I7U4	15703-15716	ECO:0000256|SAM:MobiDB-lite	Acidic residues	compositional_bias
Q9I7U4	15951-15964	ECO:0000256|SAM:MobiDB-lite	Basic and acidic residues	compositional_bias
Q9I7U4	16183-16193	ECO:0000256|SAM:MobiDB-lite	Acidic residues	compositional_bias
Q9I7U4	2338-2347	ECO:0000256|SAM:MobiDB-lite	Basic and acidic residues	compositional_bias
Q9I7U4	2734-2746	ECO:0000256|SAM:MobiDB-lite	Basic and acidic residues	compositional_bias
Q9I7U4	32-47	ECO:0000256|SAM:MobiDB-lite	Basic and acidic residues	compositional_bias
Q9I7U4	4309-4322	ECO:0000256|SAM:MobiDB-lite	Polar residues	compositional_bias
Q9I7U4	48-62	ECO:0000256|SAM:MobiDB-lite	Low complexity	compositional_bias
Q9I7U4	4822-4841	ECO:0000256|SAM:MobiDB-lite	Low complexity	compositional_bias
Q9I7U4	4852-4863	ECO:0000256|SAM:MobiDB-lite	Basic residues	compositional_bias
Q9I7U4	5344-5357	ECO:0000256|SAM:MobiDB-lite	Basic and acidic residues	compositional_bias
Q9I7U4	5436-5447	ECO:0000256|SAM:MobiDB-lite	Basic and acidic residues	compositional_bias
Q9I7U4	5541-5552	ECO:0000256|SAM:MobiDB-lite	Basic and acidic residues	compositional_bias
Q9I7U4	5591-5621	ECO:0000256|SAM:MobiDB-lite	Basic and acidic residues	compositional_bias
Q9I7U4	5633-5645	ECO:0000256|SAM:MobiDB-lite	Basic and acidic residues	compositional_bias
Q9I7U4	5681-5697	ECO:0000256|SAM:MobiDB-lite	Acidic residues	compositional_bias
Q9I7U4	5779-5792	ECO:0000256|SAM:MobiDB-lite	Acidic residues	compositional_bias
Q9I7U4	5818-5860	ECO:0000256|SAM:MobiDB-lite	Acidic residues	compositional_bias
Q9I7U4	5865-5874	ECO:0000256|SAM:MobiDB-lite	Basic residues	compositional_bias
Q9I7U4	5883-5904	ECO:0000256|SAM:MobiDB-lite	Acidic residues	compositional_bias
Q9I7U4	5910-5920	ECO:0000256|SAM:MobiDB-lite	Basic residues	compositional_bias
Q9I7U4	5921-5971	ECO:0000256|SAM:MobiDB-lite	Basic and acidic residues	compositional_bias
Q9I7U4	6034-6043	ECO:0000256|SAM:MobiDB-lite	Basic residues	compositional_bias
Q9I7U4	6049-6079	ECO:0000256|SAM:MobiDB-lite	Acidic residues	compositional_bias
Q9I7U4	6081-6092	ECO:0000256|SAM:MobiDB-lite	Basic and acidic residues	compositional_bias
Q9I7U4	6099-6133	ECO:0000256|SAM:MobiDB-lite	Basic and acidic residues	compositional_bias
Q9I7U4	6141-6169	ECO:0000256|SAM:MobiDB-lite	Basic and acidic residues	compositional_bias
Q9I7U4	6195-6209	ECO:0000256|SAM:MobiDB-lite	Basic and acidic residues	compositional_bias
Q9I7U4	6217-6234	ECO:0000256|SAM:MobiDB-lite	Basic and acidic residues	compositional_bias
Q9I7U4	6259-6268	ECO:0000256|SAM:MobiDB-lite	Basic and acidic residues	compositional_bias
Q9I7U4	6281-6290	ECO:0000256|SAM:MobiDB-lite	Acidic residues	compositional_bias
Q9I7U4	6291-6306	ECO:0000256|SAM:MobiDB-lite	Basic and acidic residues	compositional_bias
Q9I7U4	6307-6318	ECO:0000256|SAM:MobiDB-lite	Basic residues	compositional_bias
Q9I7U4	6325-6349	ECO:0000256|SAM:MobiDB-lite	Acidic residues	compositional_bias
Q9I7U4	6364-6373	ECO:0000256|SAM:MobiDB-lite	Acidic residues	compositional_bias
Q9I7U4	7774-7783	ECO:0000256|SAM:MobiDB-lite	Basic and acidic residues	compositional_bias
Q9I7U4	9429-9440	ECO:0000256|SAM:MobiDB-lite	Acidic residues	compositional_bias
Q9I7U4	9500-9510	ECO:0000256|SAM:MobiDB-lite	Acidic residues	compositional_bias
Q9I7U4	9571-9582	ECO:0000256|SAM:MobiDB-lite	Acidic residues	compositional_bias
Q9I7U4	9642-9652	ECO:0000256|SAM:MobiDB-lite	Acidic residues	compositional_bias
Q9I7U4	9713-9724	ECO:0000256|SAM:MobiDB-lite	Acidic residues	compositional_bias
Q9I7U4	9784-9796	ECO:0000256|SAM:MobiDB-lite	Acidic residues	compositional_bias
Q9I7U4	9855-9865	ECO:0000256|SAM:MobiDB-lite	Acidic residues	compositional_bias
Q9I7U4	9926-9937	ECO:0000256|SAM:MobiDB-lite	Acidic residues	compositional_bias
Q9I7U4	9997-10008	ECO:0000256|SAM:MobiDB-lite	Acidic residues	compositional_bias
Q9I7W5	15-24	ECO:0000256|SAM:MobiDB-lite	Acidic residues	compositional_bias
Q9I7W5	324-336	ECO:0000256|SAM:MobiDB-lite	Acidic residues	compositional_bias
Q9I7W5	344-353	ECO:0000256|SAM:MobiDB-lite	Acidic residues	compositional_bias
Q9I7W5	370-386	ECO:0000256|SAM:MobiDB-lite	Basic residues	compositional_bias
Q9I7W5	46-62	ECO:0000256|SAM:MobiDB-lite	Acidic residues	compositional_bias
Q9I7X6	402-418	ECO:0000256|SAM:MobiDB-lite	Basic and acidic residues	compositional_bias
Q9I7X6	427-438	ECO:0000256|SAM:MobiDB-lite	Basic and acidic residues	compositional_bias
Q9N2M8	181-197	ECO:0000256|SAM:MobiDB-lite	Polar residues	compositional_bias
Q9N2M8	218-228	ECO:0000256|SAM:MobiDB-lite	Gly residues	compositional_bias
Q9N2M8	232-251	ECO:0000256|SAM:MobiDB-lite	Polar residues	compositional_bias
Q9N2M8	263-277	ECO:0000256|SAM:MobiDB-lite	Low complexity	compositional_bias
Q9N2M8	663-688	ECO:0000256|SAM:MobiDB-lite	Polar residues	compositional_bias
Q9N2M8	801-826	ECO:0000256|SAM:MobiDB-lite	Low complexity	compositional_bias
Q9N2M8	900-913	ECO:0000256|SAM:MobiDB-lite	Polar residues	compositional_bias
Q9N2M8	941-974	ECO:0000256|SAM:MobiDB-lite	Low complexity	compositional_bias
Q9N658	1-10	ECO:0000256|SAM:MobiDB-lite	Pro residues	compositional_bias
Q9N658	141-155	ECO:0000256|SAM:MobiDB-lite	Basic and acidic residues	compositional_bias
Q9N658	157-169	ECO:0000256|SAM:MobiDB-lite	Low complexity	compositional_bias
Q9N658	194-206	ECO:0000256|SAM:MobiDB-lite	Low complexity	compositional_bias
Q9N658	355-383	ECO:0000256|SAM:MobiDB-lite	Low complexity	compositional_bias
Q9N658	518-533	ECO:0000256|SAM:MobiDB-lite	Basic and acidic residues	compositional_bias
Q9NB04	437-451	ECO:0000256|SAM:MobiDB-lite	Low complexity	compositional_bias
Q9NB04	822-833	ECO:0000256|SAM:MobiDB-lite	Polar residues	compositional_bias
Q9NB04	840-854	ECO:0000256|SAM:MobiDB-lite	Pro residues	compositional_bias
Q9NB71	1092-1103	ECO:0000256|SAM:MobiDB-lite	Polar residues	compositional_bias
Q9NB71	1287-1302	ECO:0000256|SAM:MobiDB-lite	Low complexity	compositional_bias
Q9NB71	1699-1709	ECO:0000256|SAM:MobiDB-lite	Polar residues	compositional_bias
Q9NB71	205-214	ECO:0000256|SAM:MobiDB-lite	Basic and acidic residues	compositional_bias
Q9NB71	2336-2350	ECO:0000256|SAM:MobiDB-lite	Low complexity	compositional_bias
Q9NB71	3176-3191	ECO:0000256|SAM:MobiDB-lite	Basic and acidic residues	compositional_bias
Q9NB71	3192-3210	ECO:0000256|SAM:MobiDB-lite	Acidic residues	compositional_bias
Q9NB71	3282-3292	ECO:0000256|SAM:MobiDB-lite	Polar residues	compositional_bias
Q9NB71	3348-3371	ECO:0000256|SAM:MobiDB-lite	Low complexity	compositional_bias
Q9NB71	3917-3932	ECO:0000256|SAM:MobiDB-lite	Low complexity	compositional_bias
Q9NB71	4638-4652	ECO:0000256|SAM:MobiDB-lite	Gly residues	compositional_bias
Q9NB71	689-700	ECO:0000256|SAM:MobiDB-lite	Basic residues	compositional_bias
Q9NB71	908-917	ECO:0000256|SAM:MobiDB-lite	Polar residues	compositional_bias
Q9NBD7	1070-1097	ECO:0000256|SAM:MobiDB-lite	Low complexity	compositional_bias
Q9NBD7	1111-1124	ECO:0000256|SAM:MobiDB-lite	Low complexity	compositional_bias
Q9NBD7	1181-1200	ECO:0000256|SAM:MobiDB-lite	Low complexity	compositional_bias
Q9NBD7	542-551	ECO:0000256|SAM:MobiDB-lite	Gly residues	compositional_bias
Q9NBD7	569-580	ECO:0000256|SAM:MobiDB-lite	Polar residues	compositional_bias
Q9NBD7	632-646	ECO:0000256|SAM:MobiDB-lite	Polar residues	compositional_bias
Q9NBD7	657-671	ECO:0000256|SAM:MobiDB-lite	Polar residues	compositional_bias
Q9NBD7	699-712	ECO:0000256|SAM:MobiDB-lite	Polar residues	compositional_bias
Q9NBW1	21-37	ECO:0000256|SAM:MobiDB-lite	Low complexity	compositional_bias
Q9NBW1	636-670	ECO:0000256|SAM:MobiDB-lite	Basic residues	compositional_bias
Q9NBX5	407-422	ECO:0000256|SAM:MobiDB-lite	Low complexity	compositional_bias
Q9NBX5	434-443	ECO:0000256|SAM:MobiDB-lite	Polar residues	compositional_bias
Q9NDJ2	1-12	ECO:0000256|SAM:MobiDB-lite	Gly residues	compositional_bias
Q9NDJ2	134-143	ECO:0000256|SAM:MobiDB-lite	Basic and acidic residues	compositional_bias
Q9NDJ2	1836-1846	ECO:0000256|SAM:MobiDB-lite	Basic and acidic residues	compositional_bias
Q9NDJ2	2067-2086	ECO:0000256|SAM:MobiDB-lite	Basic and acidic residues	compositional_bias
Q9NDJ2	2325-2349	ECO:0000256|SAM:MobiDB-lite	Low complexity	compositional_bias
Q9NDJ2	264-281	ECO:0000256|SAM:MobiDB-lite	Polar residues	compositional_bias
Q9NDJ2	297-329	ECO:0000256|SAM:MobiDB-lite	Polar residues	compositional_bias
Q9NDJ2	330-350	ECO:0000256|SAM:MobiDB-lite	Low complexity	compositional_bias
Q9NDJ2	391-404	ECO:0000256|SAM:MobiDB-lite	Polar residues	compositional_bias
Q9NDJ2	452-464	ECO:0000256|SAM:MobiDB-lite	Low complexity	compositional_bias
Q9NDJ2	638-650	ECO:0000256|SAM:MobiDB-lite	Polar residues	compositional_bias
Q9NDJ2	652-664	ECO:0000256|SAM:MobiDB-lite	Basic and acidic residues	compositional_bias
Q9NDJ2	672-695	ECO:0000256|SAM:MobiDB-lite	Basic and acidic residues	compositional_bias
Q9NDJ2	711-721	ECO:0000256|SAM:MobiDB-lite	Basic and acidic residues	compositional_bias
Q9NDJ2	753-767	ECO:0000256|SAM:MobiDB-lite	Basic and acidic residues	compositional_bias
Q9NDJ2	805-831	ECO:0000256|SAM:MobiDB-lite	Acidic residues	compositional_bias
Q9NFP5	40-51	ECO:0000256|SAM:MobiDB-lite	Basic and acidic residues	compositional_bias
Q9NFP5	52-61	ECO:0000256|SAM:MobiDB-lite	Polar residues	compositional_bias
Q9NFU0	387-398	ECO:0000256|SAM:MobiDB-lite	Polar residues	compositional_bias
Q9NFU0	401-415	ECO:0000256|SAM:MobiDB-lite	Basic and acidic residues	compositional_bias
Q9NFU0	418-441	ECO:0000256|SAM:MobiDB-lite	Gly residues	compositional_bias
Q9NFU0	449-475	ECO:0000256|SAM:MobiDB-lite	Basic and acidic residues	compositional_bias
Q9NFU0	476-493	ECO:0000256|SAM:MobiDB-lite	Gly residues	compositional_bias
Q9NFU0	514-538	ECO:0000256|SAM:MobiDB-lite	Basic and acidic residues	compositional_bias
Q9NFU0	555-581	ECO:0000256|SAM:MobiDB-lite	Low complexity	compositional_bias
Q9NFU0	588-613	ECO:0000256|SAM:MobiDB-lite	Low complexity	compositional_bias
Q9NFU0	614-623	ECO:0000256|SAM:MobiDB-lite	Basic and acidic residues	compositional_bias
Q9NFU0	625-648	ECO:0000256|SAM:MobiDB-lite	Low complexity	compositional_bias
Q9NFU0	660-671	ECO:0000256|SAM:MobiDB-lite	Polar residues	compositional_bias
Q9NG98	1012-1021	ECO:0000256|SAM:MobiDB-lite	Basic and acidic residues	compositional_bias
Q9NG98	1022-1033	ECO:0000256|SAM:MobiDB-lite	Low complexity	compositional_bias
Q9NG98	1079-1101	ECO:0000256|SAM:MobiDB-lite	Polar residues	compositional_bias
Q9NG98	1106-1134	ECO:0000256|SAM:MobiDB-lite	Low complexity	compositional_bias
Q9NG98	1195-1220	ECO:0000256|SAM:MobiDB-lite	Polar residues	compositional_bias
Q9NG98	769-835	ECO:0000256|SAM:MobiDB-lite	Gly residues	compositional_bias
Q9NG98	840-865	ECO:0000256|SAM:MobiDB-lite	Basic and acidic residues	compositional_bias
Q9NG98	866-886	ECO:0000256|SAM:MobiDB-lite	Low complexity	compositional_bias
Q9NG98	956-965	ECO:0000256|SAM:MobiDB-lite	Polar residues	compositional_bias
Q9NG98	966-994	ECO:0000256|SAM:MobiDB-lite	Basic and acidic residues	compositional_bias
Q9NGC3	1-14	ECO:0000256|SAM:MobiDB-lite	Basic residues	compositional_bias
Q9NGC3	15-32	ECO:0000256|SAM:MobiDB-lite	Low complexity	compositional_bias
Q9NGC3	331-340	ECO:0000256|SAM:MobiDB-lite	Polar residues	compositional_bias
Q9NGC3	409-418	ECO:0000256|SAM:MobiDB-lite	Low complexity	compositional_bias
Q9NGC3	42-56	ECO:0000256|SAM:MobiDB-lite	Low complexity	compositional_bias
Q9NGC3	434-444	ECO:0000256|SAM:MobiDB-lite	Basic and acidic residues	compositional_bias
Q9NGC3	583-599	ECO:0000256|SAM:MobiDB-lite	Polar residues	compositional_bias
Q9NHD5	157-174	ECO:0000256|SAM:MobiDB-lite	Low complexity	compositional_bias
Q9NHE5	1-15	ECO:0000256|SAM:MobiDB-lite	Acidic residues	compositional_bias
Q9NHE5	111-126	ECO:0000256|SAM:MobiDB-lite	Polar residues	compositional_bias
Q9NHE5	127-144	ECO:0000256|SAM:MobiDB-lite	Low complexity	compositional_bias
Q9NHE5	1386-1395	ECO:0000256|SAM:MobiDB-lite	Acidic residues	compositional_bias
Q9NHE5	145-163	ECO:0000256|SAM:MobiDB-lite	Basic and acidic residues	compositional_bias
Q9NHE5	18-32	ECO:0000256|SAM:MobiDB-lite	Polar residues	compositional_bias
Q9NHX0	1-23	ECO:0000256|SAM:MobiDB-lite	Acidic residues	compositional_bias
Q9NII1	40-51	ECO:0000256|SAM:MobiDB-lite	Basic and acidic residues	compositional_bias
Q9NII1	8-31	ECO:0000256|SAM:MobiDB-lite	Polar residues	compositional_bias
Q9NIV1	1151-1162	ECO:0000256|SAM:MobiDB-lite	Low complexity	compositional_bias
Q9NIV1	499-517	ECO:0000256|SAM:MobiDB-lite	Polar residues	compositional_bias
Q9NIV1	813-828	ECO:0000256|SAM:MobiDB-lite	Acidic residues	compositional_bias
Q9NJB5	1007-1041	ECO:0000256|SAM:MobiDB-lite	Polar residues	compositional_bias
Q9NJB5	1047-1056	ECO:0000256|SAM:MobiDB-lite	Acidic residues	compositional_bias
Q9NJB5	1057-1073	ECO:0000256|SAM:MobiDB-lite	Basic and acidic residues	compositional_bias
Q9NJB5	278-301	ECO:0000256|SAM:MobiDB-lite	Acidic residues	compositional_bias
Q9NJB5	311-326	ECO:0000256|SAM:MobiDB-lite	Polar residues	compositional_bias
Q9NJB5	485-499	ECO:0000256|SAM:MobiDB-lite	Basic and acidic residues	compositional_bias
Q9NJB5	658-686	ECO:0000256|SAM:MobiDB-lite	Basic and acidic residues	compositional_bias
Q9NJB5	851-867	ECO:0000256|SAM:MobiDB-lite	Low complexity	compositional_bias
Q9NJB5	995-1006	ECO:0000256|SAM:MobiDB-lite	Basic and acidic residues	compositional_bias
Q9NJG9	1-12	ECO:0000256|SAM:MobiDB-lite	Basic and acidic residues	compositional_bias
Q9NJG9	698-714	ECO:0000256|SAM:MobiDB-lite	Low complexity	compositional_bias
Q9NJG9	738-757	ECO:0000256|SAM:MobiDB-lite	Low complexity	compositional_bias
Q9NJG9	773-782	ECO:0000256|SAM:MobiDB-lite	Basic and acidic residues	compositional_bias
Q9NJG9	820-834	ECO:0000256|SAM:MobiDB-lite	Gly residues	compositional_bias
Q9NJG9	850-862	ECO:0000256|SAM:MobiDB-lite	Low complexity	compositional_bias
Q9NJH0	226-236	ECO:0000256|SAM:MobiDB-lite	Low complexity	compositional_bias
Q9NJH0	237-254	ECO:0000256|SAM:MobiDB-lite	Basic and acidic residues	compositional_bias
Q9NK54	10-30	ECO:0000256|SAM:MobiDB-lite	Low complexity	compositional_bias
Q9NK54	1006-1018	ECO:0000256|SAM:MobiDB-lite	Low complexity	compositional_bias
Q9NK54	1092-1101	ECO:0000256|SAM:MobiDB-lite	Polar residues	compositional_bias
Q9NK54	1398-1407	ECO:0000256|SAM:MobiDB-lite	Low complexity	compositional_bias
Q9NK54	1435-1445	ECO:0000256|SAM:MobiDB-lite	Basic and acidic residues	compositional_bias
Q9NK54	1453-1475	ECO:0000256|SAM:MobiDB-lite	Acidic residues	compositional_bias
Q9NK54	1483-1518	ECO:0000256|SAM:MobiDB-lite	Acidic residues	compositional_bias
Q9NK54	1536-1545	ECO:0000256|SAM:MobiDB-lite	Polar residues	compositional_bias
Q9NK54	1556-1591	ECO:0000256|SAM:MobiDB-lite	Polar residues	compositional_bias
Q9NK54	365-378	ECO:0000256|SAM:MobiDB-lite	Acidic residues	compositional_bias
Q9NK54	429-439	ECO:0000256|SAM:MobiDB-lite	Polar residues	compositional_bias
Q9NK54	445-454	ECO:0000256|SAM:MobiDB-lite	Low complexity	compositional_bias
Q9NK54	537-546	ECO:0000256|SAM:MobiDB-lite	Polar residues	compositional_bias
Q9NK54	549-560	ECO:0000256|SAM:MobiDB-lite	Basic and acidic residues	compositional_bias
Q9NK54	563-575	ECO:0000256|SAM:MobiDB-lite	Low complexity	compositional_bias
Q9NK54	588-601	ECO:0000256|SAM:MobiDB-lite	Basic residues	compositional_bias
Q9NK54	793-812	ECO:0000256|SAM:MobiDB-lite	Polar residues	compositional_bias
Q9NK54	908-932	ECO:0000256|SAM:MobiDB-lite	Basic and acidic residues	compositional_bias
Q9NK54	97-109	ECO:0000256|SAM:MobiDB-lite	Low complexity	compositional_bias
Q9NKV0	262-273	ECO:0000256|SAM:MobiDB-lite	Polar residues	compositional_bias
Q9NKV0	274-318	ECO:0000256|SAM:MobiDB-lite	Low complexity	compositional_bias
Q9NLA6	423-433	ECO:0000256|SAM:MobiDB-lite	Low complexity	compositional_bias
Q9NLA6	434-445	ECO:0000256|SAM:MobiDB-lite	Basic residues	compositional_bias
Q9NLA6	456-480	ECO:0000256|SAM:MobiDB-lite	Low complexity	compositional_bias
Q9U1H0	1078-1091	ECO:0000256|SAM:MobiDB-lite	Polar residues	compositional_bias
Q9U1H0	1092-1105	ECO:0000256|SAM:MobiDB-lite	Low complexity	compositional_bias
Q9U1H0	1462-1471	ECO:0000256|SAM:MobiDB-lite	Low complexity	compositional_bias
Q9U1H0	1503-1525	ECO:0000256|SAM:MobiDB-lite	Polar residues	compositional_bias
Q9U1H0	1547-1589	ECO:0000256|SAM:MobiDB-lite	Low complexity	compositional_bias
Q9U1H0	172-186	ECO:0000256|SAM:MobiDB-lite	Pro residues	compositional_bias
Q9U1H0	1724-1733	ECO:0000256|SAM:MobiDB-lite	Basic and acidic residues	compositional_bias
Q9U1H0	1789-1799	ECO:0000256|SAM:MobiDB-lite	Polar residues	compositional_bias
Q9U1H0	1800-1817	ECO:0000256|SAM:MobiDB-lite	Low complexity	compositional_bias
Q9U1H0	187-203	ECO:0000256|SAM:MobiDB-lite	Low complexity	compositional_bias
Q9U1H0	211-223	ECO:0000256|SAM:MobiDB-lite	Low complexity	compositional_bias
Q9U1H0	323-342	ECO:0000256|SAM:MobiDB-lite	Low complexity	compositional_bias
Q9U1H0	397-408	ECO:0000256|SAM:MobiDB-lite	Acidic residues	compositional_bias
Q9U1H0	409-422	ECO:0000256|SAM:MobiDB-lite	Polar residues	compositional_bias
Q9U1H0	446-484	ECO:0000256|SAM:MobiDB-lite	Low complexity	compositional_bias
Q9U1H0	610-619	ECO:0000256|SAM:MobiDB-lite	Gly residues	compositional_bias
Q9U1H0	903-914	ECO:0000256|SAM:MobiDB-lite	Basic and acidic residues	compositional_bias
Q9U1H0	915-938	ECO:0000256|SAM:MobiDB-lite	Acidic residues	compositional_bias
Q9U1H0	96-121	ECO:0000256|SAM:MobiDB-lite	Low complexity	compositional_bias
Q9U1H9	40-49	ECO:0000256|SAM:MobiDB-lite	Basic residues	compositional_bias
Q9U1H9	553-563	ECO:0000256|SAM:MobiDB-lite	Polar residues	compositional_bias
Q9U1I1	1-10	ECO:0000256|SAM:MobiDB-lite	Low complexity	compositional_bias
Q9U1I1	15-25	ECO:0000256|SAM:MobiDB-lite	Polar residues	compositional_bias
Q9U1I1	459-469	ECO:0000256|SAM:MobiDB-lite	Basic and acidic residues	compositional_bias
Q9U1I1	641-653	ECO:0000256|SAM:MobiDB-lite	Polar residues	compositional_bias
Q9U1I1	657-666	ECO:0000256|SAM:MobiDB-lite	Basic residues	compositional_bias
Q9U1I1	67-79	ECO:0000256|SAM:MobiDB-lite	Gly residues	compositional_bias
Q9U1K1	12-21	ECO:0000256|SAM:MobiDB-lite	Low complexity	compositional_bias
Q9U1K1	205-215	ECO:0000256|SAM:MobiDB-lite	Basic residues	compositional_bias
Q9U1K1	651-676	ECO:0000256|SAM:MobiDB-lite	Basic and acidic residues	compositional_bias
Q9U1K1	799-818	ECO:0000256|SAM:MobiDB-lite	Low complexity	compositional_bias
Q9U1K1	846-866	ECO:0000256|SAM:MobiDB-lite	Polar residues	compositional_bias
Q9U1M2	352-381	ECO:0000256|SAM:MobiDB-lite	Low complexity	compositional_bias
Q9U3V5	159-175	ECO:0000256|SAM:MobiDB-lite	Acidic residues	compositional_bias
Q9U3V5	20-35	ECO:0000256|SAM:MobiDB-lite	Polar residues	compositional_bias
Q9U3V5	368-391	ECO:0000256|SAM:MobiDB-lite	Low complexity	compositional_bias
Q9U3V5	477-489	ECO:0000256|SAM:MobiDB-lite	Low complexity	compositional_bias
Q9U3V5	527-537	ECO:0000256|SAM:MobiDB-lite	Low complexity	compositional_bias
Q9U3V5	543-558	ECO:0000256|SAM:MobiDB-lite	Basic residues	compositional_bias
Q9U3V5	718-729	ECO:0000256|SAM:MobiDB-lite	Low complexity	compositional_bias
Q9U3V5	745-755	ECO:0000256|SAM:MobiDB-lite	Pro residues	compositional_bias
Q9U3V5	786-795	ECO:0000256|SAM:MobiDB-lite	Basic and acidic residues	compositional_bias
Q9U3V5	796-808	ECO:0000256|SAM:MobiDB-lite	Polar residues	compositional_bias
Q9U3V5	874-891	ECO:0000256|SAM:MobiDB-lite	Low complexity	compositional_bias
Q9U3V5	968-990	ECO:0000256|SAM:MobiDB-lite	Low complexity	compositional_bias
Q9U3V9	1764-1776	ECO:0000256|SAM:MobiDB-lite	Basic residues	compositional_bias
Q9U3V9	2048-2059	ECO:0000256|SAM:MobiDB-lite	Low complexity	compositional_bias
Q9U3V9	2070-2079	ECO:0000256|SAM:MobiDB-lite	Polar residues	compositional_bias
Q9U405	132-145	ECO:0000256|SAM:MobiDB-lite	Basic and acidic residues	compositional_bias
Q9U405	149-172	ECO:0000256|SAM:MobiDB-lite	Acidic residues	compositional_bias
Q9U405	178-194	ECO:0000256|SAM:MobiDB-lite	Basic residues	compositional_bias
Q9U4G1	688-704	ECO:0000256|SAM:MobiDB-lite	Acidic residues	compositional_bias
Q9U4G1	705-719	ECO:0000256|SAM:MobiDB-lite	Basic and acidic residues	compositional_bias
Q9U4H5	42-51	ECO:0000256|SAM:MobiDB-lite	Basic and acidic residues	compositional_bias
Q9U4H5	52-63	ECO:0000256|SAM:MobiDB-lite	Low complexity	compositional_bias
Q9U4L6	1-23	ECO:0000256|SAM:MobiDB-lite	Low complexity	compositional_bias
Q9U4L6	31-44	ECO:0000256|SAM:MobiDB-lite	Low complexity	compositional_bias
Q9U5L1	149-160	ECO:0000256|SAM:MobiDB-lite	Basic and acidic residues	compositional_bias
Q9U5L1	164-178	ECO:0000256|SAM:MobiDB-lite	Pro residues	compositional_bias
Q9U5L1	232-241	ECO:0000256|SAM:MobiDB-lite	Basic and acidic residues	compositional_bias
Q9U5L1	268-285	ECO:0000256|SAM:MobiDB-lite	Acidic residues	compositional_bias
Q9U5W9	130-139	ECO:0000256|SAM:MobiDB-lite	Basic and acidic residues	compositional_bias
Q9U5W9	41-56	ECO:0000256|SAM:MobiDB-lite	Acidic residues	compositional_bias
Q9U6A0	149-175	ECO:0000256|SAM:MobiDB-lite	Low complexity	compositional_bias
Q9U6A0	228-240	ECO:0000256|SAM:MobiDB-lite	Low complexity	compositional_bias
Q9U6A0	296-315	ECO:0000256|SAM:MobiDB-lite	Polar residues	compositional_bias
Q9U6A0	512-537	ECO:0000256|SAM:MobiDB-lite	Polar residues	compositional_bias
Q9U6A0	542-551	ECO:0000256|SAM:MobiDB-lite	Low complexity	compositional_bias
Q9U6A0	85-95	ECO:0000256|SAM:MobiDB-lite	Polar residues	compositional_bias
Q9U6B8	1-21	ECO:0000256|SAM:MobiDB-lite	Polar residues	compositional_bias
Q9U6B8	22-33	ECO:0000256|SAM:MobiDB-lite	Low complexity	compositional_bias
Q9U6B8	80-93	ECO:0000256|SAM:MobiDB-lite	Low complexity	compositional_bias
Q9U6B8	94-106	ECO:0000256|SAM:MobiDB-lite	Polar residues	compositional_bias
Q9U6L4	532-571	ECO:0000256|SAM:MobiDB-lite	Low complexity	compositional_bias
Q9U6L4	572-587	ECO:0000256|SAM:MobiDB-lite	Basic residues	compositional_bias
Q9U6L4	689-700	ECO:0000256|SAM:MobiDB-lite	Low complexity	compositional_bias
Q9U6L4	707-737	ECO:0000256|SAM:MobiDB-lite	Low complexity	compositional_bias
Q9U6L4	745-759	ECO:0000256|SAM:MobiDB-lite	Low complexity	compositional_bias
Q9U6L4	852-868	ECO:0000256|SAM:MobiDB-lite	Pro residues	compositional_bias
Q9U6L4	883-894	ECO:0000256|SAM:MobiDB-lite	Gly residues	compositional_bias
Q9U6L4	931-945	ECO:0000256|SAM:MobiDB-lite	Gly residues	compositional_bias
Q9U6L4	961-970	ECO:0000256|SAM:MobiDB-lite	Polar residues	compositional_bias
Q9U6L5	165-228	ECO:0000256|SAM:MobiDB-lite	Pro residues	compositional_bias
Q9U6M0	400-409	ECO:0000256|SAM:MobiDB-lite	Basic and acidic residues	compositional_bias
Q9U969	1337-1347	ECO:0000256|SAM:MobiDB-lite	Low complexity	compositional_bias
Q9U969	1348-1358	ECO:0000256|SAM:MobiDB-lite	Basic and acidic residues	compositional_bias
Q9U969	1380-1403	ECO:0000256|SAM:MobiDB-lite	Low complexity	compositional_bias
Q9U969	1404-1416	ECO:0000256|SAM:MobiDB-lite	Basic and acidic residues	compositional_bias
Q9U969	332-348	ECO:0000256|SAM:MobiDB-lite	Polar residues	compositional_bias
Q9U969	357-366	ECO:0000256|SAM:MobiDB-lite	Polar residues	compositional_bias
Q9U969	367-381	ECO:0000256|SAM:MobiDB-lite	Low complexity	compositional_bias
Q9V3A4	100-121	ECO:0000256|SAM:MobiDB-lite	Basic and acidic residues	compositional_bias
Q9V3A4	193-218	ECO:0000256|SAM:MobiDB-lite	Basic and acidic residues	compositional_bias
Q9V3A4	249-268	ECO:0000256|SAM:MobiDB-lite	Basic residues	compositional_bias
Q9V3A4	269-283	ECO:0000256|SAM:MobiDB-lite	Basic and acidic residues	compositional_bias
Q9V3A4	63-80	ECO:0000256|SAM:MobiDB-lite	Basic residues	compositional_bias
Q9V3A4	81-91	ECO:0000256|SAM:MobiDB-lite	Basic and acidic residues	compositional_bias
Q9V3B6	114-126	ECO:0000256|SAM:MobiDB-lite	Low complexity	compositional_bias
Q9V3B6	129-150	ECO:0000256|SAM:MobiDB-lite	Acidic residues	compositional_bias
Q9V3B6	157-182	ECO:0000256|SAM:MobiDB-lite	Basic and acidic residues	compositional_bias
Q9V3B6	52-71	ECO:0000256|SAM:MobiDB-lite	Basic and acidic residues	compositional_bias
Q9V3B6	72-82	ECO:0000256|SAM:MobiDB-lite	Low complexity	compositional_bias
Q9V3C0	1-11	ECO:0000256|SAM:MobiDB-lite	Basic residues	compositional_bias
Q9V3C5	1166-1176	ECO:0000256|SAM:MobiDB-lite	Polar residues	compositional_bias
Q9V3C5	1398-1418	ECO:0000256|SAM:MobiDB-lite	Polar residues	compositional_bias
Q9V3C5	1419-1429	ECO:0000256|SAM:MobiDB-lite	Basic and acidic residues	compositional_bias
Q9V3D5	506-519	ECO:0000256|SAM:MobiDB-lite	Low complexity	compositional_bias
Q9V3D5	557-576	ECO:0000256|SAM:MobiDB-lite	Polar residues	compositional_bias
Q9V3D5	626-635	ECO:0000256|SAM:MobiDB-lite	Low complexity	compositional_bias
Q9V3D5	66-119	ECO:0000256|SAM:MobiDB-lite	Low complexity	compositional_bias
Q9V3D5	689-707	ECO:0000256|SAM:MobiDB-lite	Low complexity	compositional_bias
Q9V3G6	456-470	ECO:0000256|SAM:MobiDB-lite	Basic and acidic residues	compositional_bias
Q9V3I2	13-24	ECO:0000256|SAM:MobiDB-lite	Polar residues	compositional_bias
Q9V3I2	195-219	ECO:0000256|SAM:MobiDB-lite	Polar residues	compositional_bias
Q9V3I5	1-19	ECO:0000256|SAM:MobiDB-lite	Polar residues	compositional_bias
Q9V3I5	109-118	ECO:0000256|SAM:MobiDB-lite	Low complexity	compositional_bias
Q9V3I5	164-178	ECO:0000256|SAM:MobiDB-lite	Acidic residues	compositional_bias
Q9V3I5	213-226	ECO:0000256|SAM:MobiDB-lite	Polar residues	compositional_bias
Q9V3I5	45-69	ECO:0000256|SAM:MobiDB-lite	Polar residues	compositional_bias
Q9V3I5	88-97	ECO:0000256|SAM:MobiDB-lite	Low complexity	compositional_bias
Q9V3I5	98-108	ECO:0000256|SAM:MobiDB-lite	Polar residues	compositional_bias
Q9V3J4	308-356	ECO:0000256|SAM:MobiDB-lite	Low complexity	compositional_bias
Q9V3J8	27-38	ECO:0000256|SAM:MobiDB-lite	Polar residues	compositional_bias
Q9V3J8	42-56	ECO:0000256|SAM:MobiDB-lite	Low complexity	compositional_bias
Q9V3P6	1003-1020	ECO:0000256|SAM:MobiDB-lite	Acidic residues	compositional_bias
Q9V3P6	281-293	ECO:0000256|SAM:MobiDB-lite	Polar residues	compositional_bias
Q9V3P6	294-307	ECO:0000256|SAM:MobiDB-lite	Basic and acidic residues	compositional_bias
Q9V3P6	858-867	ECO:0000256|SAM:MobiDB-lite	Basic and acidic residues	compositional_bias
Q9V3P6	876-939	ECO:0000256|SAM:MobiDB-lite	Basic and acidic residues	compositional_bias
Q9V3Q6	313-322	ECO:0000256|SAM:MobiDB-lite	Low complexity	compositional_bias
Q9V3Q6	339-352	ECO:0000256|SAM:MobiDB-lite	Low complexity	compositional_bias
Q9V3Q6	353-364	ECO:0000256|SAM:MobiDB-lite	Polar residues	compositional_bias
Q9V3R1	193-220	ECO:0000256|SAM:MobiDB-lite	Low complexity	compositional_bias
Q9V3R1	230-255	ECO:0000256|SAM:MobiDB-lite	Low complexity	compositional_bias
Q9V3R1	271-324	ECO:0000256|SAM:MobiDB-lite	Low complexity	compositional_bias
Q9V3R1	521-544	ECO:0000256|SAM:MobiDB-lite	Low complexity	compositional_bias
Q9V3R1	732-757	ECO:0000256|SAM:MobiDB-lite	Low complexity	compositional_bias
Q9V3R1	765-785	ECO:0000256|SAM:MobiDB-lite	Low complexity	compositional_bias
Q9V3R1	803-818	ECO:0000256|SAM:MobiDB-lite	Basic and acidic residues	compositional_bias
Q9V3R1	821-845	ECO:0000256|SAM:MobiDB-lite	Low complexity	compositional_bias
Q9V3R1	851-861	ECO:0000256|SAM:MobiDB-lite	Polar residues	compositional_bias
Q9V3R1	862-897	ECO:0000256|SAM:MobiDB-lite	Low complexity	compositional_bias
Q9V3R1	898-912	ECO:0000256|SAM:MobiDB-lite	Polar residues	compositional_bias
Q9V3R8	1-16	ECO:0000256|SAM:MobiDB-lite	Polar residues	compositional_bias
Q9V3V0	104-113	ECO:0000256|SAM:MobiDB-lite	Basic and acidic residues	compositional_bias
Q9V3V0	130-141	ECO:0000256|SAM:MobiDB-lite	Basic residues	compositional_bias
Q9V3V0	149-166	ECO:0000256|SAM:MobiDB-lite	Basic residues	compositional_bias
Q9V3V0	180-197	ECO:0000256|SAM:MobiDB-lite	Basic and acidic residues	compositional_bias
Q9V3V0	210-221	ECO:0000256|SAM:MobiDB-lite	Basic and acidic residues	compositional_bias
Q9V3V0	231-240	ECO:0000256|SAM:MobiDB-lite	Low complexity	compositional_bias
Q9V3V0	249-258	ECO:0000256|SAM:MobiDB-lite	Low complexity	compositional_bias
Q9V3V0	86-103	ECO:0000256|SAM:MobiDB-lite	Gly residues	compositional_bias
Q9V3W6	418-431	ECO:0000256|SAM:MobiDB-lite	Low complexity	compositional_bias
Q9V3X4	350-359	ECO:0000256|SAM:MobiDB-lite	Basic and acidic residues	compositional_bias
Q9V3Z1	1-23	ECO:0000256|SAM:MobiDB-lite	Polar residues	compositional_bias
Q9V3Z1	24-49	ECO:0000256|SAM:MobiDB-lite	Low complexity	compositional_bias
Q9V3Z1	420-437	ECO:0000256|SAM:MobiDB-lite	Acidic residues	compositional_bias
Q9V3Z1	475-484	ECO:0000256|SAM:MobiDB-lite	Acidic residues	compositional_bias
Q9V407	188-202	ECO:0000256|SAM:MobiDB-lite	Gly residues	compositional_bias
Q9V407	248-265	ECO:0000256|SAM:MobiDB-lite	Low complexity	compositional_bias
Q9V407	266-275	ECO:0000256|SAM:MobiDB-lite	Polar residues	compositional_bias
Q9V407	347-357	ECO:0000256|SAM:MobiDB-lite	Polar residues	compositional_bias
Q9V407	366-385	ECO:0000256|SAM:MobiDB-lite	Polar residues	compositional_bias
Q9V407	561-581	ECO:0000256|SAM:MobiDB-lite	Polar residues	compositional_bias
Q9V407	607-620	ECO:0000256|SAM:MobiDB-lite	Basic and acidic residues	compositional_bias
Q9V407	640-653	ECO:0000256|SAM:MobiDB-lite	Low complexity	compositional_bias
Q9V407	654-663	ECO:0000256|SAM:MobiDB-lite	Pro residues	compositional_bias
Q9V410	16-32	ECO:0000256|SAM:MobiDB-lite	Gly residues	compositional_bias
Q9V410	174-186	ECO:0000256|SAM:MobiDB-lite	Low complexity	compositional_bias
Q9V422	250-261	ECO:0000256|SAM:MobiDB-lite	Polar residues	compositional_bias
Q9V431	472-487	ECO:0000256|SAM:MobiDB-lite	Basic and acidic residues	compositional_bias
Q9V431	498-507	ECO:0000256|SAM:MobiDB-lite	Polar residues	compositional_bias
Q9V431	516-528	ECO:0000256|SAM:MobiDB-lite	Gly residues	compositional_bias
Q9V438	417-433	ECO:0000256|SAM:MobiDB-lite	Acidic residues	compositional_bias
Q9V444	111-128	ECO:0000256|SAM:MobiDB-lite	Low complexity	compositional_bias
Q9V444	98-110	ECO:0000256|SAM:MobiDB-lite	Basic and acidic residues	compositional_bias
Q9V447	18-35	ECO:0000256|SAM:MobiDB-lite	Low complexity	compositional_bias
Q9V452	117-140	ECO:0000256|SAM:MobiDB-lite	Acidic residues	compositional_bias
Q9V460	1-22	ECO:0000256|SAM:MobiDB-lite	Polar residues	compositional_bias
Q9V460	117-135	ECO:0000256|SAM:MobiDB-lite	Acidic residues	compositional_bias
Q9V460	25-37	ECO:0000256|SAM:MobiDB-lite	Basic residues	compositional_bias
Q9V460	38-63	ECO:0000256|SAM:MobiDB-lite	Low complexity	compositional_bias
Q9V460	64-75	ECO:0000256|SAM:MobiDB-lite	Basic and acidic residues	compositional_bias
Q9V460	718-732	ECO:0000256|SAM:MobiDB-lite	Gly residues	compositional_bias
Q9V460	76-99	ECO:0000256|SAM:MobiDB-lite	Acidic residues	compositional_bias
Q9V460	814-852	ECO:0000256|SAM:MobiDB-lite	Polar residues	compositional_bias
Q9V460	886-907	ECO:0000256|SAM:MobiDB-lite	Polar residues	compositional_bias
Q9V460	920-930	ECO:0000256|SAM:MobiDB-lite	Pro residues	compositional_bias
Q9V460	936-948	ECO:0000256|SAM:MobiDB-lite	Low complexity	compositional_bias
Q9V460	954-967	ECO:0000256|SAM:MobiDB-lite	Polar residues	compositional_bias
Q9V466	685-694	ECO:0000256|SAM:MobiDB-lite	Polar residues	compositional_bias
Q9V466	7-26	ECO:0000256|SAM:MobiDB-lite	Polar residues	compositional_bias
Q9V468	102-116	ECO:0000256|SAM:MobiDB-lite	Basic and acidic residues	compositional_bias
Q9V468	1042-1061	ECO:0000256|SAM:MobiDB-lite	Basic and acidic residues	compositional_bias
Q9V468	11-23	ECO:0000256|SAM:MobiDB-lite	Basic and acidic residues	compositional_bias
Q9V468	117-130	ECO:0000256|SAM:MobiDB-lite	Basic residues	compositional_bias
Q9V468	137-147	ECO:0000256|SAM:MobiDB-lite	Basic residues	compositional_bias
Q9V468	148-158	ECO:0000256|SAM:MobiDB-lite	Pro residues	compositional_bias
Q9V468	381-392	ECO:0000256|SAM:MobiDB-lite	Polar residues	compositional_bias
Q9V468	400-421	ECO:0000256|SAM:MobiDB-lite	Low complexity	compositional_bias
Q9V468	48-60	ECO:0000256|SAM:MobiDB-lite	Basic residues	compositional_bias
Q9V468	594-617	ECO:0000256|SAM:MobiDB-lite	Basic and acidic residues	compositional_bias
Q9V468	618-641	ECO:0000256|SAM:MobiDB-lite	Basic residues	compositional_bias
Q9V468	672-686	ECO:0000256|SAM:MobiDB-lite	Polar residues	compositional_bias
Q9V468	738-750	ECO:0000256|SAM:MobiDB-lite	Basic and acidic residues	compositional_bias
Q9V468	752-761	ECO:0000256|SAM:MobiDB-lite	Polar residues	compositional_bias
Q9V468	763-773	ECO:0000256|SAM:MobiDB-lite	Basic and acidic residues	compositional_bias
Q9V468	801-816	ECO:0000256|SAM:MobiDB-lite	Basic residues	compositional_bias
Q9V468	822-837	ECO:0000256|SAM:MobiDB-lite	Basic and acidic residues	compositional_bias
Q9V468	838-873	ECO:0000256|SAM:MobiDB-lite	Basic residues	compositional_bias
Q9V468	874-913	ECO:0000256|SAM:MobiDB-lite	Basic and acidic residues	compositional_bias
Q9V477	1267-1300	ECO:0000256|SAM:MobiDB-lite	Low complexity	compositional_bias
Q9V498	948-957	ECO:0000256|SAM:MobiDB-lite	Acidic residues	compositional_bias
Q9V4C8	1036-1047	ECO:0000256|SAM:MobiDB-lite	Low complexity	compositional_bias
Q9V4C8	1166-1178	ECO:0000256|SAM:MobiDB-lite	Basic and acidic residues	compositional_bias
Q9V4C8	1477-1488	ECO:0000256|SAM:MobiDB-lite	Polar residues	compositional_bias
Q9V4C8	1490-1500	ECO:0000256|SAM:MobiDB-lite	Basic residues	compositional_bias
Q9V4C8	517-528	ECO:0000256|SAM:MobiDB-lite	Polar residues	compositional_bias
Q9V4F9	1000-1011	ECO:0000256|SAM:MobiDB-lite	Low complexity	compositional_bias
Q9V4F9	1020-1033	ECO:0000256|SAM:MobiDB-lite	Polar residues	compositional_bias
Q9V4F9	426-435	ECO:0000256|SAM:MobiDB-lite	Basic residues	compositional_bias
Q9V4F9	480-495	ECO:0000256|SAM:MobiDB-lite	Low complexity	compositional_bias
Q9V4F9	496-518	ECO:0000256|SAM:MobiDB-lite	Polar residues	compositional_bias
Q9V4F9	550-564	ECO:0000256|SAM:MobiDB-lite	Basic and acidic residues	compositional_bias
Q9V4F9	565-575	ECO:0000256|SAM:MobiDB-lite	Polar residues	compositional_bias
Q9V4F9	989-999	ECO:0000256|SAM:MobiDB-lite	Polar residues	compositional_bias
Q9V4M2	1-14	ECO:0000256|SAM:MobiDB-lite	Polar residues	compositional_bias
Q9V4M2	15-32	ECO:0000256|SAM:MobiDB-lite	Low complexity	compositional_bias
Q9V4N3	87-105	ECO:0000256|SAM:MobiDB-lite	Polar residues	compositional_bias
Q9V4P1	252-265	ECO:0000256|SAM:MobiDB-lite	Basic and acidic residues	compositional_bias
Q9V4P1	500-518	ECO:0000256|SAM:MobiDB-lite	Low complexity	compositional_bias
Q9V4P1	519-528	ECO:0000256|SAM:MobiDB-lite	Pro residues	compositional_bias
Q9V4P1	53-63	ECO:0000256|SAM:MobiDB-lite	Low complexity	compositional_bias
Q9V4P1	551-563	ECO:0000256|SAM:MobiDB-lite	Basic and acidic residues	compositional_bias
Q9V4P1	594-610	ECO:0000256|SAM:MobiDB-lite	Acidic residues	compositional_bias
Q9V4P1	699-716	ECO:0000256|SAM:MobiDB-lite	Polar residues	compositional_bias
Q9V4W1	294-340	ECO:0000256|SAM:MobiDB-lite	Basic and acidic residues	compositional_bias
Q9V4W1	34-48	ECO:0000256|SAM:MobiDB-lite	Basic and acidic residues	compositional_bias
Q9V4W1	49-60	ECO:0000256|SAM:MobiDB-lite	Pro residues	compositional_bias
Q9V4Z9	20-30	ECO:0000256|SAM:MobiDB-lite	Low complexity	compositional_bias
Q9V4Z9	65-102	ECO:0000256|SAM:MobiDB-lite	Low complexity	compositional_bias
Q9V574	151-160	ECO:0000256|SAM:MobiDB-lite	Basic residues	compositional_bias
Q9V576	19-33	ECO:0000256|SAM:MobiDB-lite	Basic and acidic residues	compositional_bias
Q9V576	35-53	ECO:0000256|SAM:MobiDB-lite	Low complexity	compositional_bias
Q9V576	9-18	ECO:0000256|SAM:MobiDB-lite	Polar residues	compositional_bias
Q9V5C6	231-253	ECO:0000256|SAM:MobiDB-lite	Basic and acidic residues	compositional_bias
Q9V5L3	57-71	ECO:0000256|SAM:MobiDB-lite	Polar residues	compositional_bias
Q9V5L3	72-84	ECO:0000256|SAM:MobiDB-lite	Low complexity	compositional_bias
Q9V5M3	162-175	ECO:0000256|SAM:MobiDB-lite	Low complexity	compositional_bias
Q9V5M3	228-251	ECO:0000256|SAM:MobiDB-lite	Low complexity	compositional_bias
Q9V5M3	263-293	ECO:0000256|SAM:MobiDB-lite	Low complexity	compositional_bias
Q9V5M3	329-340	ECO:0000256|SAM:MobiDB-lite	Low complexity	compositional_bias
Q9V5M3	546-569	ECO:0000256|SAM:MobiDB-lite	Low complexity	compositional_bias
Q9V5M3	831-841	ECO:0000256|SAM:MobiDB-lite	Polar residues	compositional_bias
Q9V5M6	162-175	ECO:0000256|SAM:MobiDB-lite	Low complexity	compositional_bias
Q9V5M6	228-251	ECO:0000256|SAM:MobiDB-lite	Low complexity	compositional_bias
Q9V5M6	263-293	ECO:0000256|SAM:MobiDB-lite	Low complexity	compositional_bias
Q9V5M6	329-340	ECO:0000256|SAM:MobiDB-lite	Low complexity	compositional_bias
Q9V5M6	491-512	ECO:0000256|SAM:MobiDB-lite	Polar residues	compositional_bias
Q9V5M6	901-915	ECO:0000256|SAM:MobiDB-lite	Basic and acidic residues	compositional_bias
Q9V5M6	937-953	ECO:0000256|SAM:MobiDB-lite	Low complexity	compositional_bias
Q9V5M6	954-963	ECO:0000256|SAM:MobiDB-lite	Polar residues	compositional_bias
Q9V5N8	2553-2562	ECO:0000256|SAM:MobiDB-lite	Basic and acidic residues	compositional_bias
Q9V5N8	2567-2579	ECO:0000256|SAM:MobiDB-lite	Low complexity	compositional_bias
Q9V5N8	3113-3128	ECO:0000256|SAM:MobiDB-lite	Low complexity	compositional_bias
Q9V5N8	3167-3191	ECO:0000256|SAM:MobiDB-lite	Basic and acidic residues	compositional_bias
Q9V5N8	3208-3223	ECO:0000256|SAM:MobiDB-lite	Polar residues	compositional_bias
Q9V5N8	3343-3352	ECO:0000256|SAM:MobiDB-lite	Basic and acidic residues	compositional_bias
Q9V5N8	3459-3468	ECO:0000256|SAM:MobiDB-lite	Low complexity	compositional_bias
Q9V5N8	3469-3482	ECO:0000256|SAM:MobiDB-lite	Basic and acidic residues	compositional_bias
Q9V5N8	3501-3513	ECO:0000256|SAM:MobiDB-lite	Polar residues	compositional_bias
Q9V637	158-169	ECO:0000256|SAM:MobiDB-lite	Polar residues	compositional_bias
Q9V637	177-186	ECO:0000256|SAM:MobiDB-lite	Basic and acidic residues	compositional_bias
Q9V6G5	51-67	ECO:0000256|SAM:MobiDB-lite	Basic and acidic residues	compositional_bias
Q9V6K1	1139-1155	ECO:0000256|SAM:MobiDB-lite	Low complexity	compositional_bias
Q9V6K1	1265-1274	ECO:0000256|SAM:MobiDB-lite	Basic and acidic residues	compositional_bias
Q9V6K1	75-85	ECO:0000256|SAM:MobiDB-lite	Basic and acidic residues	compositional_bias
Q9V6L0	445-458	ECO:0000256|SAM:MobiDB-lite	Acidic residues	compositional_bias
Q9V6L0	480-494	ECO:0000256|SAM:MobiDB-lite	Basic residues	compositional_bias
Q9V6L0	502-513	ECO:0000256|SAM:MobiDB-lite	Low complexity	compositional_bias
Q9V6L0	537-571	ECO:0000256|SAM:MobiDB-lite	Low complexity	compositional_bias
Q9V6Q2	1-11	ECO:0000256|SAM:MobiDB-lite	Basic residues	compositional_bias
Q9V6Q2	43-52	ECO:0000256|SAM:MobiDB-lite	Polar residues	compositional_bias
Q9V6Q2	86-103	ECO:0000256|SAM:MobiDB-lite	Polar residues	compositional_bias
Q9V719	169-180	ECO:0000256|SAM:MobiDB-lite	Basic and acidic residues	compositional_bias
Q9V719	187-200	ECO:0000256|SAM:MobiDB-lite	Polar residues	compositional_bias
Q9V719	361-371	ECO:0000256|SAM:MobiDB-lite	Gly residues	compositional_bias
Q9V727	1174-1192	ECO:0000256|SAM:MobiDB-lite	Low complexity	compositional_bias
Q9V727	1404-1436	ECO:0000256|SAM:MobiDB-lite	Low complexity	compositional_bias
Q9V727	1592-1610	ECO:0000256|SAM:MobiDB-lite	Low complexity	compositional_bias
Q9V727	336-352	ECO:0000256|SAM:MobiDB-lite	Basic and acidic residues	compositional_bias
Q9V727	367-378	ECO:0000256|SAM:MobiDB-lite	Polar residues	compositional_bias
Q9V727	413-425	ECO:0000256|SAM:MobiDB-lite	Polar residues	compositional_bias
Q9V727	434-450	ECO:0000256|SAM:MobiDB-lite	Polar residues	compositional_bias
Q9V727	465-474	ECO:0000256|SAM:MobiDB-lite	Basic and acidic residues	compositional_bias
Q9V727	635-650	ECO:0000256|SAM:MobiDB-lite	Low complexity	compositional_bias
Q9V727	651-661	ECO:0000256|SAM:MobiDB-lite	Basic and acidic residues	compositional_bias
Q9V727	666-718	ECO:0000256|SAM:MobiDB-lite	Low complexity	compositional_bias
Q9V730	541-560	ECO:0000256|SAM:MobiDB-lite	Polar residues	compositional_bias
Q9V780	725-735	ECO:0000256|SAM:MobiDB-lite	Acidic residues	compositional_bias
Q9V780	736-752	ECO:0000256|SAM:MobiDB-lite	Polar residues	compositional_bias
Q9V785	291-305	ECO:0000256|SAM:MobiDB-lite	Acidic residues	compositional_bias
Q9V7H4	1132-1150	ECO:0000256|SAM:MobiDB-lite	Low complexity	compositional_bias
Q9V7H4	1166-1183	ECO:0000256|SAM:MobiDB-lite	Low complexity	compositional_bias
Q9V7H4	1247-1259	ECO:0000256|SAM:MobiDB-lite	Polar residues	compositional_bias
Q9V7H4	1284-1298	ECO:0000256|SAM:MobiDB-lite	Basic and acidic residues	compositional_bias
Q9V7H4	1319-1331	ECO:0000256|SAM:MobiDB-lite	Polar residues	compositional_bias
Q9V7H4	1507-1519	ECO:0000256|SAM:MobiDB-lite	Polar residues	compositional_bias
Q9V7H4	1536-1561	ECO:0000256|SAM:MobiDB-lite	Polar residues	compositional_bias
Q9V7N5	116-144	ECO:0000256|SAM:MobiDB-lite	Basic residues	compositional_bias
Q9V7N5	160-169	ECO:0000256|SAM:MobiDB-lite	Pro residues	compositional_bias
Q9V7N5	302-316	ECO:0000256|SAM:MobiDB-lite	Low complexity	compositional_bias
Q9V7N5	319-348	ECO:0000256|SAM:MobiDB-lite	Polar residues	compositional_bias
Q9V7N5	364-374	ECO:0000256|SAM:MobiDB-lite	Polar residues	compositional_bias
Q9V7N5	425-450	ECO:0000256|SAM:MobiDB-lite	Low complexity	compositional_bias
Q9V7N5	496-511	ECO:0000256|SAM:MobiDB-lite	Polar residues	compositional_bias
Q9V7N5	512-529	ECO:0000256|SAM:MobiDB-lite	Low complexity	compositional_bias
Q9V7P1	1-11	ECO:0000256|SAM:MobiDB-lite	Acidic residues	compositional_bias
Q9V7P1	24-37	ECO:0000256|SAM:MobiDB-lite	Basic and acidic residues	compositional_bias
Q9V7S5	504-529	ECO:0000256|SAM:MobiDB-lite	Polar residues	compositional_bias
Q9V7U0	137-147	ECO:0000256|SAM:MobiDB-lite	Gly residues	compositional_bias
Q9V7U0	156-166	ECO:0000256|SAM:MobiDB-lite	Gly residues	compositional_bias
Q9V7U0	235-246	ECO:0000256|SAM:MobiDB-lite	Gly residues	compositional_bias
Q9V7U0	255-264	ECO:0000256|SAM:MobiDB-lite	Gly residues	compositional_bias
Q9V7U0	310-321	ECO:0000256|SAM:MobiDB-lite	Low complexity	compositional_bias
Q9V7U0	322-334	ECO:0000256|SAM:MobiDB-lite	Gly residues	compositional_bias
Q9V7U0	411-422	ECO:0000256|SAM:MobiDB-lite	Gly residues	compositional_bias
Q9V7U0	423-432	ECO:0000256|SAM:MobiDB-lite	Low complexity	compositional_bias
Q9V7U0	433-513	ECO:0000256|SAM:MobiDB-lite	Gly residues	compositional_bias
Q9V7U0	523-563	ECO:0000256|SAM:MobiDB-lite	Gly residues	compositional_bias
Q9V7U0	573-582	ECO:0000256|SAM:MobiDB-lite	Gly residues	compositional_bias
Q9V7U0	583-595	ECO:0000256|SAM:MobiDB-lite	Low complexity	compositional_bias
Q9V7U0	596-610	ECO:0000256|SAM:MobiDB-lite	Gly residues	compositional_bias
Q9V7U0	611-620	ECO:0000256|SAM:MobiDB-lite	Low complexity	compositional_bias
Q9V7U0	67-81	ECO:0000256|SAM:MobiDB-lite	Gly residues	compositional_bias
Q9V7U0	90-99	ECO:0000256|SAM:MobiDB-lite	Gly residues	compositional_bias
Q9V853	207-225	ECO:0000256|SAM:MobiDB-lite	Polar residues	compositional_bias
Q9V853	233-255	ECO:0000256|SAM:MobiDB-lite	Polar residues	compositional_bias
Q9V853	264-273	ECO:0000256|SAM:MobiDB-lite	Polar residues	compositional_bias
Q9V853	274-300	ECO:0000256|SAM:MobiDB-lite	Low complexity	compositional_bias
Q9V853	311-322	ECO:0000256|SAM:MobiDB-lite	Low complexity	compositional_bias
Q9V853	348-359	ECO:0000256|SAM:MobiDB-lite	Polar residues	compositional_bias
Q9V853	360-378	ECO:0000256|SAM:MobiDB-lite	Low complexity	compositional_bias
Q9V853	379-392	ECO:0000256|SAM:MobiDB-lite	Polar residues	compositional_bias
Q9V853	393-409	ECO:0000256|SAM:MobiDB-lite	Low complexity	compositional_bias
Q9V853	417-439	ECO:0000256|SAM:MobiDB-lite	Polar residues	compositional_bias
Q9V853	480-494	ECO:0000256|SAM:MobiDB-lite	Gly residues	compositional_bias
Q9V853	608-617	ECO:0000256|SAM:MobiDB-lite	Low complexity	compositional_bias
Q9V853	624-656	ECO:0000256|SAM:MobiDB-lite	Low complexity	compositional_bias
Q9V877	44-58	ECO:0000256|SAM:MobiDB-lite	Acidic residues	compositional_bias
Q9V895	145-185	ECO:0000256|SAM:MobiDB-lite	Acidic residues	compositional_bias
Q9V895	194-229	ECO:0000256|SAM:MobiDB-lite	Acidic residues	compositional_bias
Q9V895	238-252	ECO:0000256|SAM:MobiDB-lite	Basic and acidic residues	compositional_bias
Q9V8P9	633-642	ECO:0000256|SAM:MobiDB-lite	Basic residues	compositional_bias
Q9V8P9	643-668	ECO:0000256|SAM:MobiDB-lite	Low complexity	compositional_bias
Q9V8P9	686-699	ECO:0000256|SAM:MobiDB-lite	Basic residues	compositional_bias
Q9V8P9	723-744	ECO:0000256|SAM:MobiDB-lite	Low complexity	compositional_bias
Q9V8P9	792-801	ECO:0000256|SAM:MobiDB-lite	Basic and acidic residues	compositional_bias
Q9V8P9	841-858	ECO:0000256|SAM:MobiDB-lite	Low complexity	compositional_bias
Q9V8P9	987-1031	ECO:0000256|SAM:MobiDB-lite	Acidic residues	compositional_bias
Q9V8R9	12-27	ECO:0000256|SAM:MobiDB-lite	Low complexity	compositional_bias
Q9V8R9	1509-1532	ECO:0000256|SAM:MobiDB-lite	Basic and acidic residues	compositional_bias
Q9V8R9	1533-1554	ECO:0000256|SAM:MobiDB-lite	Polar residues	compositional_bias
Q9V8R9	1561-1571	ECO:0000256|SAM:MobiDB-lite	Low complexity	compositional_bias
Q9V8R9	1584-1599	ECO:0000256|SAM:MobiDB-lite	Polar residues	compositional_bias
Q9V8R9	374-448	ECO:0000256|SAM:MobiDB-lite	Basic and acidic residues	compositional_bias
Q9V8R9	449-461	ECO:0000256|SAM:MobiDB-lite	Low complexity	compositional_bias
Q9V8R9	499-514	ECO:0000256|SAM:MobiDB-lite	Basic and acidic residues	compositional_bias
Q9V8R9	562-571	ECO:0000256|SAM:MobiDB-lite	Polar residues	compositional_bias
Q9V8R9	579-589	ECO:0000256|SAM:MobiDB-lite	Basic and acidic residues	compositional_bias
Q9V8R9	594-603	ECO:0000256|SAM:MobiDB-lite	Polar residues	compositional_bias
Q9V8R9	618-627	ECO:0000256|SAM:MobiDB-lite	Basic and acidic residues	compositional_bias
Q9V8R9	684-696	ECO:0000256|SAM:MobiDB-lite	Polar residues	compositional_bias
Q9V968	12-27	ECO:0000256|SAM:MobiDB-lite	Low complexity	compositional_bias
Q9V968	28-37	ECO:0000256|SAM:MobiDB-lite	Gly residues	compositional_bias
Q9V968	38-54	ECO:0000256|SAM:MobiDB-lite	Low complexity	compositional_bias
Q9V9A8	265-274	ECO:0000256|SAM:MobiDB-lite	Low complexity	compositional_bias
Q9V9A8	394-407	ECO:0000256|SAM:MobiDB-lite	Polar residues	compositional_bias
Q9V9A8	449-459	ECO:0000256|SAM:MobiDB-lite	Polar residues	compositional_bias
Q9V9J3	10-23	ECO:0000256|SAM:MobiDB-lite	Basic and acidic residues	compositional_bias
Q9V9K7	284-308	ECO:0000256|SAM:MobiDB-lite	Basic and acidic residues	compositional_bias
Q9V9K7	340-361	ECO:0000256|SAM:MobiDB-lite	Basic and acidic residues	compositional_bias
Q9V9K7	362-371	ECO:0000256|SAM:MobiDB-lite	Basic residues	compositional_bias
Q9V9K7	388-419	ECO:0000256|SAM:MobiDB-lite	Basic and acidic residues	compositional_bias
Q9V9K7	40-49	ECO:0000256|SAM:MobiDB-lite	Basic and acidic residues	compositional_bias
Q9V9K7	456-473	ECO:0000256|SAM:MobiDB-lite	Polar residues	compositional_bias
Q9V9K7	474-493	ECO:0000256|SAM:MobiDB-lite	Basic and acidic residues	compositional_bias
Q9V9K7	642-653	ECO:0000256|SAM:MobiDB-lite	Low complexity	compositional_bias
Q9V9K7	8-33	ECO:0000256|SAM:MobiDB-lite	Basic and acidic residues	compositional_bias
Q9V9S7	1282-1292	ECO:0000256|SAM:MobiDB-lite	Pro residues	compositional_bias
Q9V9S7	1293-1302	ECO:0000256|SAM:MobiDB-lite	Low complexity	compositional_bias
Q9V9S7	1356-1377	ECO:0000256|SAM:MobiDB-lite	Polar residues	compositional_bias
Q9V9S7	1393-1408	ECO:0000256|SAM:MobiDB-lite	Polar residues	compositional_bias
Q9V9S7	1416-1429	ECO:0000256|SAM:MobiDB-lite	Polar residues	compositional_bias
Q9V9S7	1443-1479	ECO:0000256|SAM:MobiDB-lite	Low complexity	compositional_bias
Q9V9S7	1538-1587	ECO:0000256|SAM:MobiDB-lite	Polar residues	compositional_bias
Q9V9S7	1590-1607	ECO:0000256|SAM:MobiDB-lite	Low complexity	compositional_bias
Q9V9S7	1644-1658	ECO:0000256|SAM:MobiDB-lite	Low complexity	compositional_bias
Q9V9S7	1659-1670	ECO:0000256|SAM:MobiDB-lite	Gly residues	compositional_bias
Q9V9S7	1671-1688	ECO:0000256|SAM:MobiDB-lite	Low complexity	compositional_bias
Q9V9S7	1696-1720	ECO:0000256|SAM:MobiDB-lite	Low complexity	compositional_bias
Q9V9S7	1830-1839	ECO:0000256|SAM:MobiDB-lite	Basic and acidic residues	compositional_bias
Q9V9S7	271-286	ECO:0000256|SAM:MobiDB-lite	Pro residues	compositional_bias
Q9V9S7	301-326	ECO:0000256|SAM:MobiDB-lite	Basic and acidic residues	compositional_bias
Q9V9S7	59-77	ECO:0000256|SAM:MobiDB-lite	Low complexity	compositional_bias
Q9V9S7	750-760	ECO:0000256|SAM:MobiDB-lite	Polar residues	compositional_bias
Q9V9W8	188-199	ECO:0000256|SAM:MobiDB-lite	Low complexity	compositional_bias
Q9V9W8	230-248	ECO:0000256|SAM:MobiDB-lite	Gly residues	compositional_bias
Q9V9W8	257-269	ECO:0000256|SAM:MobiDB-lite	Gly residues	compositional_bias
Q9V9W8	307-316	ECO:0000256|SAM:MobiDB-lite	Pro residues	compositional_bias
Q9V9W8	323-341	ECO:0000256|SAM:MobiDB-lite	Low complexity	compositional_bias
Q9V9W8	407-424	ECO:0000256|SAM:MobiDB-lite	Low complexity	compositional_bias
Q9V9W8	444-478	ECO:0000256|SAM:MobiDB-lite	Low complexity	compositional_bias
Q9V9W8	46-73	ECO:0000256|SAM:MobiDB-lite	Low complexity	compositional_bias
Q9V9W8	495-545	ECO:0000256|SAM:MobiDB-lite	Low complexity	compositional_bias
Q9V9W8	569-580	ECO:0000256|SAM:MobiDB-lite	Pro residues	compositional_bias
Q9V9W8	602-621	ECO:0000256|SAM:MobiDB-lite	Gly residues	compositional_bias
Q9V9W8	622-636	ECO:0000256|SAM:MobiDB-lite	Low complexity	compositional_bias
Q9V9W8	640-656	ECO:0000256|SAM:MobiDB-lite	Gly residues	compositional_bias
Q9V9W8	663-675	ECO:0000256|SAM:MobiDB-lite	Basic residues	compositional_bias
Q9V9W8	678-711	ECO:0000256|SAM:MobiDB-lite	Gly residues	compositional_bias
Q9V9W8	74-86	ECO:0000256|SAM:MobiDB-lite	Pro residues	compositional_bias
Q9V9Y9	9-26	ECO:0000256|SAM:MobiDB-lite	Low complexity	compositional_bias
Q9V9Z9	236-245	ECO:0000256|SAM:MobiDB-lite	Basic and acidic residues	compositional_bias
Q9V9Z9	246-266	ECO:0000256|SAM:MobiDB-lite	Basic residues	compositional_bias
Q9V9Z9	294-307	ECO:0000256|SAM:MobiDB-lite	Basic residues	compositional_bias
Q9VA38	242-253	ECO:0000256|SAM:MobiDB-lite	Polar residues	compositional_bias
Q9VA38	307-320	ECO:0000256|SAM:MobiDB-lite	Low complexity	compositional_bias
Q9VA38	325-343	ECO:0000256|SAM:MobiDB-lite	Polar residues	compositional_bias
Q9VA38	33-54	ECO:0000256|SAM:MobiDB-lite	Polar residues	compositional_bias
Q9VA38	387-400	ECO:0000256|SAM:MobiDB-lite	Low complexity	compositional_bias
Q9VA38	415-437	ECO:0000256|SAM:MobiDB-lite	Low complexity	compositional_bias
Q9VA38	515-533	ECO:0000256|SAM:MobiDB-lite	Basic and acidic residues	compositional_bias
Q9VA38	551-576	ECO:0000256|SAM:MobiDB-lite	Low complexity	compositional_bias
Q9VA38	589-616	ECO:0000256|SAM:MobiDB-lite	Low complexity	compositional_bias
Q9VA38	627-643	ECO:0000256|SAM:MobiDB-lite	Basic and acidic residues	compositional_bias
Q9VA38	69-81	ECO:0000256|SAM:MobiDB-lite	Pro residues	compositional_bias
Q9VAC5	196-214	ECO:0000256|SAM:MobiDB-lite	Basic and acidic residues	compositional_bias
Q9VAF7	125-143	ECO:0000256|SAM:MobiDB-lite	Basic residues	compositional_bias
Q9VAF7	94-104	ECO:0000256|SAM:MobiDB-lite	Polar residues	compositional_bias
Q9VAN6	121-146	ECO:0000256|SAM:MobiDB-lite	Low complexity	compositional_bias
Q9VAN6	176-188	ECO:0000256|SAM:MobiDB-lite	Low complexity	compositional_bias
Q9VAN6	18-29	ECO:0000256|SAM:MobiDB-lite	Low complexity	compositional_bias
Q9VAN6	213-229	ECO:0000256|SAM:MobiDB-lite	Basic and acidic residues	compositional_bias
Q9VAN6	53-67	ECO:0000256|SAM:MobiDB-lite	Low complexity	compositional_bias
Q9VAN6	68-83	ECO:0000256|SAM:MobiDB-lite	Basic and acidic residues	compositional_bias
Q9VAP2	354-363	ECO:0000256|SAM:MobiDB-lite	Basic and acidic residues	compositional_bias
Q9VAP2	365-376	ECO:0000256|SAM:MobiDB-lite	Polar residues	compositional_bias
Q9VAQ1	595-611	ECO:0000256|SAM:MobiDB-lite	Acidic residues	compositional_bias
Q9VAQ7	1-14	ECO:0000256|SAM:MobiDB-lite	Polar residues	compositional_bias
Q9VAQ7	16-45	ECO:0000256|SAM:MobiDB-lite	Basic and acidic residues	compositional_bias
Q9VAQ7	441-456	ECO:0000256|SAM:MobiDB-lite	Low complexity	compositional_bias
Q9VAQ7	470-480	ECO:0000256|SAM:MobiDB-lite	Low complexity	compositional_bias
Q9VAQ7	490-509	ECO:0000256|SAM:MobiDB-lite	Basic residues	compositional_bias
Q9VAQ7	510-540	ECO:0000256|SAM:MobiDB-lite	Basic and acidic residues	compositional_bias
Q9VAQ7	87-100	ECO:0000256|SAM:MobiDB-lite	Basic and acidic residues	compositional_bias
Q9VAT2	324-342	ECO:0000256|SAM:MobiDB-lite	Polar residues	compositional_bias
Q9VAT2	454-478	ECO:0000256|SAM:MobiDB-lite	Low complexity	compositional_bias
Q9VAU9	272-303	ECO:0000256|SAM:MobiDB-lite	Acidic residues	compositional_bias
Q9VAU9	304-315	ECO:0000256|SAM:MobiDB-lite	Basic and acidic residues	compositional_bias
Q9VAW5	125-137	ECO:0000256|SAM:MobiDB-lite	Basic residues	compositional_bias
Q9VAW5	1299-1317	ECO:0000256|SAM:MobiDB-lite	Low complexity	compositional_bias
Q9VAW5	1543-1568	ECO:0000256|SAM:MobiDB-lite	Low complexity	compositional_bias
Q9VAW5	1575-1602	ECO:0000256|SAM:MobiDB-lite	Polar residues	compositional_bias
Q9VAW5	1622-1673	ECO:0000256|SAM:MobiDB-lite	Low complexity	compositional_bias
Q9VAW5	179-208	ECO:0000256|SAM:MobiDB-lite	Low complexity	compositional_bias
Q9VAW5	239-251	ECO:0000256|SAM:MobiDB-lite	Low complexity	compositional_bias
Q9VAW5	252-265	ECO:0000256|SAM:MobiDB-lite	Pro residues	compositional_bias
Q9VAW5	294-392	ECO:0000256|SAM:MobiDB-lite	Low complexity	compositional_bias
Q9VAW5	41-54	ECO:0000256|SAM:MobiDB-lite	Low complexity	compositional_bias
Q9VAW5	437-493	ECO:0000256|SAM:MobiDB-lite	Low complexity	compositional_bias
Q9VAW5	501-510	ECO:0000256|SAM:MobiDB-lite	Basic and acidic residues	compositional_bias
Q9VAW5	512-527	ECO:0000256|SAM:MobiDB-lite	Low complexity	compositional_bias
Q9VAW5	560-579	ECO:0000256|SAM:MobiDB-lite	Basic and acidic residues	compositional_bias
Q9VAW5	60-69	ECO:0000256|SAM:MobiDB-lite	Polar residues	compositional_bias
Q9VAW5	632-643	ECO:0000256|SAM:MobiDB-lite	Gly residues	compositional_bias
Q9VAW5	943-954	ECO:0000256|SAM:MobiDB-lite	Low complexity	compositional_bias
Q9VAW5	981-1083	ECO:0000256|SAM:MobiDB-lite	Low complexity	compositional_bias
Q9VAY7	123-136	ECO:0000256|SAM:MobiDB-lite	Acidic residues	compositional_bias
Q9VAY7	137-150	ECO:0000256|SAM:MobiDB-lite	Basic and acidic residues	compositional_bias
Q9VB08	157-170	ECO:0000256|SAM:MobiDB-lite	Gly residues	compositional_bias
Q9VB08	171-188	ECO:0000256|SAM:MobiDB-lite	Low complexity	compositional_bias
Q9VB08	202-211	ECO:0000256|SAM:MobiDB-lite	Low complexity	compositional_bias
Q9VB08	222-251	ECO:0000256|SAM:MobiDB-lite	Low complexity	compositional_bias
Q9VB08	259-278	ECO:0000256|SAM:MobiDB-lite	Low complexity	compositional_bias
Q9VB08	309-322	ECO:0000256|SAM:MobiDB-lite	Acidic residues	compositional_bias
Q9VB11	1-37	ECO:0000256|SAM:MobiDB-lite	Low complexity	compositional_bias
Q9VB11	1058-1067	ECO:0000256|SAM:MobiDB-lite	Polar residues	compositional_bias
Q9VB11	1490-1499	ECO:0000256|SAM:MobiDB-lite	Basic residues	compositional_bias
Q9VB11	1546-1556	ECO:0000256|SAM:MobiDB-lite	Polar residues	compositional_bias
Q9VB11	1660-1671	ECO:0000256|SAM:MobiDB-lite	Basic and acidic residues	compositional_bias
Q9VB11	3003-3018	ECO:0000256|SAM:MobiDB-lite	Basic and acidic residues	compositional_bias
Q9VB11	3033-3053	ECO:0000256|SAM:MobiDB-lite	Polar residues	compositional_bias
Q9VB11	3071-3106	ECO:0000256|SAM:MobiDB-lite	Polar residues	compositional_bias
Q9VB11	3124-3134	ECO:0000256|SAM:MobiDB-lite	Gly residues	compositional_bias
Q9VB11	3135-3152	ECO:0000256|SAM:MobiDB-lite	Low complexity	compositional_bias
Q9VB11	3198-3217	ECO:0000256|SAM:MobiDB-lite	Basic residues	compositional_bias
Q9VB11	3226-3239	ECO:0000256|SAM:MobiDB-lite	Polar residues	compositional_bias
Q9VB11	3246-3257	ECO:0000256|SAM:MobiDB-lite	Low complexity	compositional_bias
Q9VB11	361-377	ECO:0000256|SAM:MobiDB-lite	Low complexity	compositional_bias
Q9VB11	378-391	ECO:0000256|SAM:MobiDB-lite	Basic and acidic residues	compositional_bias
Q9VB11	401-422	ECO:0000256|SAM:MobiDB-lite	Basic and acidic residues	compositional_bias
Q9VB11	495-505	ECO:0000256|SAM:MobiDB-lite	Polar residues	compositional_bias
Q9VB14	105-116	ECO:0000256|SAM:MobiDB-lite	Gly residues	compositional_bias
Q9VB25	846-857	ECO:0000256|SAM:MobiDB-lite	Polar residues	compositional_bias
Q9VB25	884-901	ECO:0000256|SAM:MobiDB-lite	Polar residues	compositional_bias
Q9VB25	917-927	ECO:0000256|SAM:MobiDB-lite	Polar residues	compositional_bias
Q9VB25	933-946	ECO:0000256|SAM:MobiDB-lite	Gly residues	compositional_bias
Q9VB46	435-529	ECO:0000256|SAM:MobiDB-lite	Low complexity	compositional_bias
Q9VB70	324-362	ECO:0000256|SAM:MobiDB-lite	Low complexity	compositional_bias
Q9VB70	374-385	ECO:0000256|SAM:MobiDB-lite	Low complexity	compositional_bias
Q9VB70	395-409	ECO:0000256|SAM:MobiDB-lite	Low complexity	compositional_bias
Q9VB70	417-436	ECO:0000256|SAM:MobiDB-lite	Low complexity	compositional_bias
Q9VB70	439-466	ECO:0000256|SAM:MobiDB-lite	Acidic residues	compositional_bias
Q9VB70	576-616	ECO:0000256|SAM:MobiDB-lite	Basic residues	compositional_bias
Q9VB70	623-633	ECO:0000256|SAM:MobiDB-lite	Basic and acidic residues	compositional_bias
Q9VB70	635-647	ECO:0000256|SAM:MobiDB-lite	Low complexity	compositional_bias
Q9VB70	765-784	ECO:0000256|SAM:MobiDB-lite	Polar residues	compositional_bias
Q9VB70	794-811	ECO:0000256|SAM:MobiDB-lite	Polar residues	compositional_bias
Q9VB70	816-874	ECO:0000256|SAM:MobiDB-lite	Low complexity	compositional_bias
Q9VB70	891-904	ECO:0000256|SAM:MobiDB-lite	Low complexity	compositional_bias
Q9VB74	1-14	ECO:0000256|SAM:MobiDB-lite	Basic residues	compositional_bias
Q9VB74	107-125	ECO:0000256|SAM:MobiDB-lite	Basic and acidic residues	compositional_bias
Q9VB74	15-29	ECO:0000256|SAM:MobiDB-lite	Basic and acidic residues	compositional_bias
Q9VB74	208-238	ECO:0000256|SAM:MobiDB-lite	Basic residues	compositional_bias
Q9VB74	241-267	ECO:0000256|SAM:MobiDB-lite	Low complexity	compositional_bias
Q9VB74	268-278	ECO:0000256|SAM:MobiDB-lite	Acidic residues	compositional_bias
Q9VB74	279-288	ECO:0000256|SAM:MobiDB-lite	Basic and acidic residues	compositional_bias
Q9VB74	289-312	ECO:0000256|SAM:MobiDB-lite	Basic residues	compositional_bias
Q9VB74	330-340	ECO:0000256|SAM:MobiDB-lite	Basic and acidic residues	compositional_bias
Q9VB74	39-71	ECO:0000256|SAM:MobiDB-lite	Basic and acidic residues	compositional_bias
Q9VB74	78-98	ECO:0000256|SAM:MobiDB-lite	Low complexity	compositional_bias
Q9VB98	1546-1568	ECO:0000256|SAM:MobiDB-lite	Polar residues	compositional_bias
Q9VB98	400-414	ECO:0000256|SAM:MobiDB-lite	Pro residues	compositional_bias
Q9VB98	640-656	ECO:0000256|SAM:MobiDB-lite	Low complexity	compositional_bias
Q9VB98	758-774	ECO:0000256|SAM:MobiDB-lite	Basic and acidic residues	compositional_bias
Q9VB98	775-785	ECO:0000256|SAM:MobiDB-lite	Acidic residues	compositional_bias
Q9VB98	788-800	ECO:0000256|SAM:MobiDB-lite	Polar residues	compositional_bias
Q9VBB3	215-233	ECO:0000256|SAM:MobiDB-lite	Low complexity	compositional_bias
Q9VBB3	241-264	ECO:0000256|SAM:MobiDB-lite	Low complexity	compositional_bias
Q9VBB3	274-283	ECO:0000256|SAM:MobiDB-lite	Low complexity	compositional_bias
Q9VBB3	292-311	ECO:0000256|SAM:MobiDB-lite	Low complexity	compositional_bias
Q9VBC4	115-127	ECO:0000256|SAM:MobiDB-lite	Low complexity	compositional_bias
Q9VBC4	555-569	ECO:0000256|SAM:MobiDB-lite	Polar residues	compositional_bias
Q9VBC4	595-606	ECO:0000256|SAM:MobiDB-lite	Polar residues	compositional_bias
Q9VBC4	612-628	ECO:0000256|SAM:MobiDB-lite	Low complexity	compositional_bias
Q9VBC4	673-699	ECO:0000256|SAM:MobiDB-lite	Low complexity	compositional_bias
Q9VBC4	80-107	ECO:0000256|SAM:MobiDB-lite	Low complexity	compositional_bias
Q9VBL6	56-75	ECO:0000256|SAM:MobiDB-lite	Low complexity	compositional_bias
Q9VBQ9	129-139	ECO:0000256|SAM:MobiDB-lite	Gly residues	compositional_bias
Q9VBV5	75-84	ECO:0000256|SAM:MobiDB-lite	Polar residues	compositional_bias
Q9VBV5	85-94	ECO:0000256|SAM:MobiDB-lite	Basic and acidic residues	compositional_bias
Q9VBW0	57-70	ECO:0000256|SAM:MobiDB-lite	Polar residues	compositional_bias
Q9VBW3	209-235	ECO:0000256|SAM:MobiDB-lite	Pro residues	compositional_bias
Q9VBW3	243-253	ECO:0000256|SAM:MobiDB-lite	Acidic residues	compositional_bias
Q9VBW3	254-283	ECO:0000256|SAM:MobiDB-lite	Polar residues	compositional_bias
Q9VBW3	290-302	ECO:0000256|SAM:MobiDB-lite	Polar residues	compositional_bias
Q9VBW3	361-373	ECO:0000256|SAM:MobiDB-lite	Polar residues	compositional_bias
Q9VBW3	411-433	ECO:0000256|SAM:MobiDB-lite	Low complexity	compositional_bias
Q9VBW6	241-254	ECO:0000256|SAM:MobiDB-lite	Polar residues	compositional_bias
Q9VBW6	349-363	ECO:0000256|SAM:MobiDB-lite	Polar residues	compositional_bias
Q9VBW6	372-381	ECO:0000256|SAM:MobiDB-lite	Low complexity	compositional_bias
Q9VBW6	449-461	ECO:0000256|SAM:MobiDB-lite	Polar residues	compositional_bias
Q9VBW6	462-478	ECO:0000256|SAM:MobiDB-lite	Acidic residues	compositional_bias
Q9VBW6	495-508	ECO:0000256|SAM:MobiDB-lite	Polar residues	compositional_bias
Q9VBW6	570-586	ECO:0000256|SAM:MobiDB-lite	Low complexity	compositional_bias
Q9VBW6	657-667	ECO:0000256|SAM:MobiDB-lite	Acidic residues	compositional_bias
Q9VBX1	214-231	ECO:0000256|SAM:MobiDB-lite	Basic and acidic residues	compositional_bias
Q9VBX1	702-715	ECO:0000256|SAM:MobiDB-lite	Polar residues	compositional_bias
Q9VBX1	782-796	ECO:0000256|SAM:MobiDB-lite	Basic and acidic residues	compositional_bias
Q9VBX1	814-825	ECO:0000256|SAM:MobiDB-lite	Basic residues	compositional_bias
Q9VBX1	845-874	ECO:0000256|SAM:MobiDB-lite	Basic and acidic residues	compositional_bias
Q9VBZ5	114-125	ECO:0000256|SAM:MobiDB-lite	Polar residues	compositional_bias
Q9VBZ5	147-168	ECO:0000256|SAM:MobiDB-lite	Polar residues	compositional_bias
Q9VBZ5	23-39	ECO:0000256|SAM:MobiDB-lite	Polar residues	compositional_bias
Q9VBZ5	300-313	ECO:0000256|SAM:MobiDB-lite	Basic and acidic residues	compositional_bias
Q9VBZ5	324-339	ECO:0000256|SAM:MobiDB-lite	Basic and acidic residues	compositional_bias
Q9VBZ5	568-579	ECO:0000256|SAM:MobiDB-lite	Basic and acidic residues	compositional_bias
Q9VBZ5	589-608	ECO:0000256|SAM:MobiDB-lite	Gly residues	compositional_bias
Q9VBZ5	62-72	ECO:0000256|SAM:MobiDB-lite	Polar residues	compositional_bias
Q9VBZ5	624-645	ECO:0000256|SAM:MobiDB-lite	Basic and acidic residues	compositional_bias
Q9VBZ5	73-89	ECO:0000256|SAM:MobiDB-lite	Basic residues	compositional_bias
Q9VC07	357-371	ECO:0000256|SAM:MobiDB-lite	Low complexity	compositional_bias
Q9VC45	498-507	ECO:0000256|SAM:MobiDB-lite	Polar residues	compositional_bias
Q9VC45	528-548	ECO:0000256|SAM:MobiDB-lite	Low complexity	compositional_bias
Q9VC47	191-203	ECO:0000256|SAM:MobiDB-lite	Low complexity	compositional_bias
Q9VC47	279-291	ECO:0000256|SAM:MobiDB-lite	Polar residues	compositional_bias
Q9VC47	328-340	ECO:0000256|SAM:MobiDB-lite	Basic and acidic residues	compositional_bias
Q9VC47	396-412	ECO:0000256|SAM:MobiDB-lite	Basic residues	compositional_bias
Q9VC47	438-471	ECO:0000256|SAM:MobiDB-lite	Basic residues	compositional_bias
Q9VC47	84-96	ECO:0000256|SAM:MobiDB-lite	Acidic residues	compositional_bias
Q9VC56	106-133	ECO:0000256|SAM:MobiDB-lite	Basic and acidic residues	compositional_bias
Q9VC56	134-143	ECO:0000256|SAM:MobiDB-lite	Low complexity	compositional_bias
Q9VC56	150-164	ECO:0000256|SAM:MobiDB-lite	Pro residues	compositional_bias
Q9VC56	1511-1520	ECO:0000256|SAM:MobiDB-lite	Basic residues	compositional_bias
Q9VC56	1550-1567	ECO:0000256|SAM:MobiDB-lite	Polar residues	compositional_bias
Q9VC56	1583-1594	ECO:0000256|SAM:MobiDB-lite	Basic and acidic residues	compositional_bias
Q9VC56	1600-1609	ECO:0000256|SAM:MobiDB-lite	Pro residues	compositional_bias
Q9VC56	2249-2263	ECO:0000256|SAM:MobiDB-lite	Basic and acidic residues	compositional_bias
Q9VC56	2402-2413	ECO:0000256|SAM:MobiDB-lite	Basic and acidic residues	compositional_bias
Q9VC56	2433-2488	ECO:0000256|SAM:MobiDB-lite	Basic and acidic residues	compositional_bias
Q9VC56	2504-2523	ECO:0000256|SAM:MobiDB-lite	Low complexity	compositional_bias
Q9VC56	3657-3703	ECO:0000256|SAM:MobiDB-lite	Basic and acidic residues	compositional_bias
Q9VC56	3706-3721	ECO:0000256|SAM:MobiDB-lite	Polar residues	compositional_bias
Q9VC56	3741-3751	ECO:0000256|SAM:MobiDB-lite	Acidic residues	compositional_bias
Q9VC56	3766-3776	ECO:0000256|SAM:MobiDB-lite	Basic and acidic residues	compositional_bias
Q9VC56	3865-3877	ECO:0000256|SAM:MobiDB-lite	Polar residues	compositional_bias
Q9VC56	3878-3912	ECO:0000256|SAM:MobiDB-lite	Low complexity	compositional_bias
Q9VC56	522-532	ECO:0000256|SAM:MobiDB-lite	Low complexity	compositional_bias
Q9VC56	576-585	ECO:0000256|SAM:MobiDB-lite	Basic and acidic residues	compositional_bias
Q9VC56	660-687	ECO:0000256|SAM:MobiDB-lite	Acidic residues	compositional_bias
Q9VC56	862-876	ECO:0000256|SAM:MobiDB-lite	Polar residues	compositional_bias
Q9VC61	133-154	ECO:0000256|SAM:MobiDB-lite	Low complexity	compositional_bias
Q9VC61	368-378	ECO:0000256|SAM:MobiDB-lite	Low complexity	compositional_bias
Q9VC61	385-409	ECO:0000256|SAM:MobiDB-lite	Polar residues	compositional_bias
Q9VC61	450-483	ECO:0000256|SAM:MobiDB-lite	Low complexity	compositional_bias
Q9VC61	52-80	ECO:0000256|SAM:MobiDB-lite	Low complexity	compositional_bias
Q9VC61	538-547	ECO:0000256|SAM:MobiDB-lite	Low complexity	compositional_bias
Q9VC61	554-584	ECO:0000256|SAM:MobiDB-lite	Acidic residues	compositional_bias
Q9VC61	587-596	ECO:0000256|SAM:MobiDB-lite	Polar residues	compositional_bias
Q9VC70	244-266	ECO:0000256|SAM:MobiDB-lite	Basic and acidic residues	compositional_bias
Q9VC70	415-438	ECO:0000256|SAM:MobiDB-lite	Basic and acidic residues	compositional_bias
Q9VC70	457-469	ECO:0000256|SAM:MobiDB-lite	Polar residues	compositional_bias
Q9VC70	492-510	ECO:0000256|SAM:MobiDB-lite	Acidic residues	compositional_bias
Q9VC70	665-677	ECO:0000256|SAM:MobiDB-lite	Polar residues	compositional_bias
Q9VC70	724-737	ECO:0000256|SAM:MobiDB-lite	Basic and acidic residues	compositional_bias
Q9VC94	1043-1053	ECO:0000256|SAM:MobiDB-lite	Polar residues	compositional_bias
Q9VC94	1057-1082	ECO:0000256|SAM:MobiDB-lite	Basic and acidic residues	compositional_bias
Q9VC94	1135-1145	ECO:0000256|SAM:MobiDB-lite	Basic and acidic residues	compositional_bias
Q9VCA8	1-14	ECO:0000256|SAM:MobiDB-lite	Basic and acidic residues	compositional_bias
Q9VCA8	118-159	ECO:0000256|SAM:MobiDB-lite	Low complexity	compositional_bias
Q9VCA8	1367-1376	ECO:0000256|SAM:MobiDB-lite	Polar residues	compositional_bias
Q9VCA8	15-30	ECO:0000256|SAM:MobiDB-lite	Polar residues	compositional_bias
Q9VCA8	160-174	ECO:0000256|SAM:MobiDB-lite	Gly residues	compositional_bias
Q9VCA8	1646-1657	ECO:0000256|SAM:MobiDB-lite	Acidic residues	compositional_bias
Q9VCA8	1685-1704	ECO:0000256|SAM:MobiDB-lite	Acidic residues	compositional_bias
Q9VCA8	1716-1759	ECO:0000256|SAM:MobiDB-lite	Acidic residues	compositional_bias
Q9VCA8	1760-1776	ECO:0000256|SAM:MobiDB-lite	Low complexity	compositional_bias
Q9VCA8	2084-2093	ECO:0000256|SAM:MobiDB-lite	Low complexity	compositional_bias
Q9VCA8	2228-2237	ECO:0000256|SAM:MobiDB-lite	Polar residues	compositional_bias
Q9VCA8	2706-2719	ECO:0000256|SAM:MobiDB-lite	Basic residues	compositional_bias
Q9VCA8	2739-2762	ECO:0000256|SAM:MobiDB-lite	Acidic residues	compositional_bias
Q9VCA8	2793-2810	ECO:0000256|SAM:MobiDB-lite	Low complexity	compositional_bias
Q9VCA8	2828-2839	ECO:0000256|SAM:MobiDB-lite	Polar residues	compositional_bias
Q9VCA8	2868-2886	ECO:0000256|SAM:MobiDB-lite	Basic and acidic residues	compositional_bias
Q9VCA8	2906-2941	ECO:0000256|SAM:MobiDB-lite	Low complexity	compositional_bias
Q9VCA8	2950-2960	ECO:0000256|SAM:MobiDB-lite	Polar residues	compositional_bias
Q9VCA8	2963-2975	ECO:0000256|SAM:MobiDB-lite	Basic and acidic residues	compositional_bias
Q9VCA8	2995-3004	ECO:0000256|SAM:MobiDB-lite	Polar residues	compositional_bias
Q9VCA8	3012-3032	ECO:0000256|SAM:MobiDB-lite	Low complexity	compositional_bias
Q9VCA8	3156-3178	ECO:0000256|SAM:MobiDB-lite	Low complexity	compositional_bias
Q9VCA8	3195-3227	ECO:0000256|SAM:MobiDB-lite	Low complexity	compositional_bias
Q9VCA8	3244-3257	ECO:0000256|SAM:MobiDB-lite	Low complexity	compositional_bias
Q9VCA8	3262-3278	ECO:0000256|SAM:MobiDB-lite	Polar residues	compositional_bias
Q9VCA8	3396-3416	ECO:0000256|SAM:MobiDB-lite	Low complexity	compositional_bias
Q9VCA8	3417-3427	ECO:0000256|SAM:MobiDB-lite	Pro residues	compositional_bias
Q9VCA8	3428-3457	ECO:0000256|SAM:MobiDB-lite	Low complexity	compositional_bias
Q9VCA8	3539-3559	ECO:0000256|SAM:MobiDB-lite	Polar residues	compositional_bias
Q9VCA8	3565-3577	ECO:0000256|SAM:MobiDB-lite	Low complexity	compositional_bias
Q9VCA8	3774-3786	ECO:0000256|SAM:MobiDB-lite	Low complexity	compositional_bias
Q9VCA8	38-61	ECO:0000256|SAM:MobiDB-lite	Low complexity	compositional_bias
Q9VCA8	3891-3910	ECO:0000256|SAM:MobiDB-lite	Low complexity	compositional_bias
Q9VCA8	408-425	ECO:0000256|SAM:MobiDB-lite	Acidic residues	compositional_bias
Q9VCA8	434-486	ECO:0000256|SAM:MobiDB-lite	Acidic residues	compositional_bias
Q9VCA8	94-117	ECO:0000256|SAM:MobiDB-lite	Polar residues	compositional_bias
Q9VCE6	250-265	ECO:0000256|SAM:MobiDB-lite	Basic and acidic residues	compositional_bias
Q9VCE8	8-17	ECO:0000256|SAM:MobiDB-lite	Pro residues	compositional_bias
Q9VCE9	466-479	ECO:0000256|SAM:MobiDB-lite	Basic and acidic residues	compositional_bias
Q9VCF0	1-18	ECO:0000256|SAM:MobiDB-lite	Low complexity	compositional_bias
Q9VCH5	704-718	ECO:0000256|SAM:MobiDB-lite	Polar residues	compositional_bias
Q9VCH5	755-768	ECO:0000256|SAM:MobiDB-lite	Basic and acidic residues	compositional_bias
Q9VCH5	781-794	ECO:0000256|SAM:MobiDB-lite	Polar residues	compositional_bias
Q9VCH5	806-850	ECO:0000256|SAM:MobiDB-lite	Polar residues	compositional_bias
Q9VCI3	418-431	ECO:0000256|SAM:MobiDB-lite	Polar residues	compositional_bias
Q9VCK0	100-121	ECO:0000256|SAM:MobiDB-lite	Basic residues	compositional_bias
Q9VCK0	147-156	ECO:0000256|SAM:MobiDB-lite	Basic residues	compositional_bias
Q9VCN1	1958-1985	ECO:0000256|SAM:MobiDB-lite	Acidic residues	compositional_bias
Q9VCN9	1-31	ECO:0000256|SAM:MobiDB-lite	Low complexity	compositional_bias
Q9VCN9	312-331	ECO:0000256|SAM:MobiDB-lite	Basic and acidic residues	compositional_bias
Q9VCP0	114-124	ECO:0000256|SAM:MobiDB-lite	Polar residues	compositional_bias
Q9VCP0	127-136	ECO:0000256|SAM:MobiDB-lite	Basic residues	compositional_bias
Q9VCP0	164-198	ECO:0000256|SAM:MobiDB-lite	Basic and acidic residues	compositional_bias
Q9VCP0	207-237	ECO:0000256|SAM:MobiDB-lite	Basic and acidic residues	compositional_bias
Q9VCP0	238-255	ECO:0000256|SAM:MobiDB-lite	Basic residues	compositional_bias
Q9VCP0	302-336	ECO:0000256|SAM:MobiDB-lite	Low complexity	compositional_bias
Q9VCP0	94-106	ECO:0000256|SAM:MobiDB-lite	Basic and acidic residues	compositional_bias
Q9VCP1	104-123	ECO:0000256|SAM:MobiDB-lite	Basic and acidic residues	compositional_bias
Q9VCP1	156-166	ECO:0000256|SAM:MobiDB-lite	Basic residues	compositional_bias
Q9VCP1	167-177	ECO:0000256|SAM:MobiDB-lite	Low complexity	compositional_bias
Q9VCP1	48-57	ECO:0000256|SAM:MobiDB-lite	Basic residues	compositional_bias
Q9VCP1	77-93	ECO:0000256|SAM:MobiDB-lite	Basic and acidic residues	compositional_bias
Q9VCR3	128-143	ECO:0000256|SAM:MobiDB-lite	Acidic residues	compositional_bias
Q9VCR3	144-159	ECO:0000256|SAM:MobiDB-lite	Low complexity	compositional_bias
Q9VCR3	167-186	ECO:0000256|SAM:MobiDB-lite	Acidic residues	compositional_bias
Q9VCR3	301-340	ECO:0000256|SAM:MobiDB-lite	Low complexity	compositional_bias
Q9VCR3	606-619	ECO:0000256|SAM:MobiDB-lite	Acidic residues	compositional_bias
Q9VCR3	620-629	ECO:0000256|SAM:MobiDB-lite	Low complexity	compositional_bias
Q9VCR6	108-125	ECO:0000256|SAM:MobiDB-lite	Basic residues	compositional_bias
Q9VCR6	160-172	ECO:0000256|SAM:MobiDB-lite	Low complexity	compositional_bias
Q9VCR6	22-37	ECO:0000256|SAM:MobiDB-lite	Basic and acidic residues	compositional_bias
Q9VCR6	229-242	ECO:0000256|SAM:MobiDB-lite	Low complexity	compositional_bias
Q9VCR6	275-289	ECO:0000256|SAM:MobiDB-lite	Low complexity	compositional_bias
Q9VCR6	358-373	ECO:0000256|SAM:MobiDB-lite	Gly residues	compositional_bias
Q9VCR6	64-89	ECO:0000256|SAM:MobiDB-lite	Polar residues	compositional_bias
Q9VCR7	373-385	ECO:0000256|SAM:MobiDB-lite	Polar residues	compositional_bias
Q9VCT9	133-144	ECO:0000256|SAM:MobiDB-lite	Polar residues	compositional_bias
Q9VCT9	145-189	ECO:0000256|SAM:MobiDB-lite	Low complexity	compositional_bias
Q9VCU9	1437-1446	ECO:0000256|SAM:MobiDB-lite	Low complexity	compositional_bias
Q9VCU9	1462-1471	ECO:0000256|SAM:MobiDB-lite	Polar residues	compositional_bias
Q9VCU9	472-484	ECO:0000256|SAM:MobiDB-lite	Basic residues	compositional_bias
Q9VCU9	716-726	ECO:0000256|SAM:MobiDB-lite	Low complexity	compositional_bias
Q9VCW0	141-155	ECO:0000256|SAM:MobiDB-lite	Basic and acidic residues	compositional_bias
Q9VCX1	11-36	ECO:0000256|SAM:MobiDB-lite	Low complexity	compositional_bias
Q9VCX1	1273-1285	ECO:0000256|SAM:MobiDB-lite	Polar residues	compositional_bias
Q9VCX1	1312-1325	ECO:0000256|SAM:MobiDB-lite	Low complexity	compositional_bias
Q9VCX1	1460-1469	ECO:0000256|SAM:MobiDB-lite	Pro residues	compositional_bias
Q9VCX1	1483-1499	ECO:0000256|SAM:MobiDB-lite	Polar residues	compositional_bias
Q9VCX1	201-214	ECO:0000256|SAM:MobiDB-lite	Basic and acidic residues	compositional_bias
Q9VCX1	40-53	ECO:0000256|SAM:MobiDB-lite	Polar residues	compositional_bias
Q9VCX1	457-473	ECO:0000256|SAM:MobiDB-lite	Polar residues	compositional_bias
Q9VCX1	744-761	ECO:0000256|SAM:MobiDB-lite	Polar residues	compositional_bias
Q9VCX1	987-999	ECO:0000256|SAM:MobiDB-lite	Basic residues	compositional_bias
Q9VCY3	11-27	ECO:0000256|SAM:MobiDB-lite	Low complexity	compositional_bias
Q9VCY8	1-13	ECO:0000256|SAM:MobiDB-lite	Polar residues	compositional_bias
Q9VCZ3	450-461	ECO:0000256|SAM:MobiDB-lite	Polar residues	compositional_bias
Q9VD28	345-361	ECO:0000256|SAM:MobiDB-lite	Low complexity	compositional_bias
Q9VD28	362-371	ECO:0000256|SAM:MobiDB-lite	Acidic residues	compositional_bias
Q9VD28	393-408	ECO:0000256|SAM:MobiDB-lite	Gly residues	compositional_bias
Q9VD28	8-22	ECO:0000256|SAM:MobiDB-lite	Basic residues	compositional_bias
Q9VD44	175-198	ECO:0000256|SAM:MobiDB-lite	Low complexity	compositional_bias
Q9VD44	27-51	ECO:0000256|SAM:MobiDB-lite	Low complexity	compositional_bias
Q9VD44	417-426	ECO:0000256|SAM:MobiDB-lite	Low complexity	compositional_bias
Q9VD44	427-444	ECO:0000256|SAM:MobiDB-lite	Polar residues	compositional_bias
Q9VD44	445-455	ECO:0000256|SAM:MobiDB-lite	Basic residues	compositional_bias
Q9VD44	461-493	ECO:0000256|SAM:MobiDB-lite	Low complexity	compositional_bias
Q9VD44	494-504	ECO:0000256|SAM:MobiDB-lite	Basic residues	compositional_bias
Q9VD44	509-535	ECO:0000256|SAM:MobiDB-lite	Polar residues	compositional_bias
Q9VD44	66-91	ECO:0000256|SAM:MobiDB-lite	Basic and acidic residues	compositional_bias
Q9VD51	29-42	ECO:0000256|SAM:MobiDB-lite	Polar residues	compositional_bias
Q9VD51	59-69	ECO:0000256|SAM:MobiDB-lite	Acidic residues	compositional_bias
Q9VD51	670-680	ECO:0000256|SAM:MobiDB-lite	Basic and acidic residues	compositional_bias
Q9VD51	74-83	ECO:0000256|SAM:MobiDB-lite	Basic residues	compositional_bias
Q9VD51	95-141	ECO:0000256|SAM:MobiDB-lite	Acidic residues	compositional_bias
Q9VD73	195-213	ECO:0000256|SAM:MobiDB-lite	Low complexity	compositional_bias
Q9VD73	218-228	ECO:0000256|SAM:MobiDB-lite	Polar residues	compositional_bias
Q9VDA0	1149-1161	ECO:0000256|SAM:MobiDB-lite	Basic and acidic residues	compositional_bias
Q9VDA0	1480-1489	ECO:0000256|SAM:MobiDB-lite	Acidic residues	compositional_bias
Q9VDA0	594-610	ECO:0000256|SAM:MobiDB-lite	Basic and acidic residues	compositional_bias
Q9VDA0	611-625	ECO:0000256|SAM:MobiDB-lite	Basic residues	compositional_bias
Q9VDA0	985-998	ECO:0000256|SAM:MobiDB-lite	Polar residues	compositional_bias
Q9VDD1	107-175	ECO:0000256|SAM:MobiDB-lite	Basic and acidic residues	compositional_bias
Q9VDD1	87-96	ECO:0000256|SAM:MobiDB-lite	Acidic residues	compositional_bias
Q9VDD3	513-540	ECO:0000256|SAM:MobiDB-lite	Polar residues	compositional_bias
Q9VDE5	323-355	ECO:0000256|SAM:MobiDB-lite	Basic and acidic residues	compositional_bias
Q9VDE5	401-446	ECO:0000256|SAM:MobiDB-lite	Basic and acidic residues	compositional_bias
Q9VDE5	447-460	ECO:0000256|SAM:MobiDB-lite	Basic residues	compositional_bias
Q9VDE8	837-850	ECO:0000256|SAM:MobiDB-lite	Basic and acidic residues	compositional_bias
Q9VDE8	855-868	ECO:0000256|SAM:MobiDB-lite	Pro residues	compositional_bias
Q9VDG2	1-11	ECO:0000256|SAM:MobiDB-lite	Basic and acidic residues	compositional_bias
Q9VDG2	20-60	ECO:0000256|SAM:MobiDB-lite	Basic and acidic residues	compositional_bias
Q9VDG2	475-484	ECO:0000256|SAM:MobiDB-lite	Polar residues	compositional_bias
Q9VDG2	94-157	ECO:0000256|SAM:MobiDB-lite	Basic and acidic residues	compositional_bias
Q9VDR1	225-264	ECO:0000256|SAM:MobiDB-lite	Low complexity	compositional_bias
Q9VDR1	272-344	ECO:0000256|SAM:MobiDB-lite	Low complexity	compositional_bias
Q9VDR1	370-381	ECO:0000256|SAM:MobiDB-lite	Gly residues	compositional_bias
Q9VDR1	456-466	ECO:0000256|SAM:MobiDB-lite	Low complexity	compositional_bias
Q9VDR1	467-484	ECO:0000256|SAM:MobiDB-lite	Polar residues	compositional_bias
Q9VDR1	485-516	ECO:0000256|SAM:MobiDB-lite	Low complexity	compositional_bias
Q9VDR1	669-687	ECO:0000256|SAM:MobiDB-lite	Low complexity	compositional_bias
Q9VDR1	695-725	ECO:0000256|SAM:MobiDB-lite	Low complexity	compositional_bias
Q9VDS5	506-520	ECO:0000256|SAM:MobiDB-lite	Polar residues	compositional_bias
Q9VDS5	566-577	ECO:0000256|SAM:MobiDB-lite	Pro residues	compositional_bias
Q9VDS5	643-655	ECO:0000256|SAM:MobiDB-lite	Polar residues	compositional_bias
Q9VDS5	659-672	ECO:0000256|SAM:MobiDB-lite	Basic and acidic residues	compositional_bias
Q9VDS5	673-686	ECO:0000256|SAM:MobiDB-lite	Polar residues	compositional_bias
Q9VDS5	694-713	ECO:0000256|SAM:MobiDB-lite	Low complexity	compositional_bias
Q9VDS5	725-734	ECO:0000256|SAM:MobiDB-lite	Pro residues	compositional_bias
Q9VDS6	115-128	ECO:0000256|SAM:MobiDB-lite	Basic residues	compositional_bias
Q9VDS6	157-166	ECO:0000256|SAM:MobiDB-lite	Basic and acidic residues	compositional_bias
Q9VDS6	264-275	ECO:0000256|SAM:MobiDB-lite	Basic residues	compositional_bias
Q9VDS6	276-303	ECO:0000256|SAM:MobiDB-lite	Basic and acidic residues	compositional_bias
Q9VDS6	304-324	ECO:0000256|SAM:MobiDB-lite	Basic residues	compositional_bias
Q9VDW3	1-11	ECO:0000256|SAM:MobiDB-lite	Pro residues	compositional_bias
Q9VDW3	118-131	ECO:0000256|SAM:MobiDB-lite	Pro residues	compositional_bias
Q9VDW3	132-147	ECO:0000256|SAM:MobiDB-lite	Low complexity	compositional_bias
Q9VDW3	1497-1509	ECO:0000256|SAM:MobiDB-lite	Polar residues	compositional_bias
Q9VDW3	153-166	ECO:0000256|SAM:MobiDB-lite	Basic and acidic residues	compositional_bias
Q9VDW3	1580-1611	ECO:0000256|SAM:MobiDB-lite	Polar residues	compositional_bias
Q9VDW3	1630-1641	ECO:0000256|SAM:MobiDB-lite	Acidic residues	compositional_bias
Q9VDW3	1642-1660	ECO:0000256|SAM:MobiDB-lite	Low complexity	compositional_bias
Q9VDW3	328-347	ECO:0000256|SAM:MobiDB-lite	Low complexity	compositional_bias
Q9VDW3	396-405	ECO:0000256|SAM:MobiDB-lite	Low complexity	compositional_bias
Q9VDW3	485-500	ECO:0000256|SAM:MobiDB-lite	Basic and acidic residues	compositional_bias
Q9VDW3	53-62	ECO:0000256|SAM:MobiDB-lite	Polar residues	compositional_bias
Q9VDW6	1663-1679	ECO:0000256|SAM:MobiDB-lite	Low complexity	compositional_bias
Q9VDW6	1803-1816	ECO:0000256|SAM:MobiDB-lite	Basic and acidic residues	compositional_bias
Q9VDW6	1834-1843	ECO:0000256|SAM:MobiDB-lite	Acidic residues	compositional_bias
Q9VDW6	1878-1893	ECO:0000256|SAM:MobiDB-lite	Basic and acidic residues	compositional_bias
Q9VDW6	2218-2233	ECO:0000256|SAM:MobiDB-lite	Polar residues	compositional_bias
Q9VDW6	267-286	ECO:0000256|SAM:MobiDB-lite	Polar residues	compositional_bias
Q9VDW6	3325-3337	ECO:0000256|SAM:MobiDB-lite	Polar residues	compositional_bias
Q9VDW6	3408-3439	ECO:0000256|SAM:MobiDB-lite	Polar residues	compositional_bias
Q9VDW6	3485-3499	ECO:0000256|SAM:MobiDB-lite	Low complexity	compositional_bias
Q9VDW6	3505-3523	ECO:0000256|SAM:MobiDB-lite	Gly residues	compositional_bias
Q9VDW6	3534-3545	ECO:0000256|SAM:MobiDB-lite	Low complexity	compositional_bias
Q9VDW6	3560-3570	ECO:0000256|SAM:MobiDB-lite	Acidic residues	compositional_bias
Q9VDW6	3571-3589	ECO:0000256|SAM:MobiDB-lite	Low complexity	compositional_bias
Q9VDY1	1338-1350	ECO:0000256|SAM:MobiDB-lite	Polar residues	compositional_bias
Q9VDY1	1473-1495	ECO:0000256|SAM:MobiDB-lite	Basic residues	compositional_bias
Q9VDY1	1505-1534	ECO:0000256|SAM:MobiDB-lite	Low complexity	compositional_bias
Q9VDY1	1618-1627	ECO:0000256|SAM:MobiDB-lite	Low complexity	compositional_bias
Q9VDY1	212-222	ECO:0000256|SAM:MobiDB-lite	Basic residues	compositional_bias
Q9VDY1	250-259	ECO:0000256|SAM:MobiDB-lite	Acidic residues	compositional_bias
Q9VDY1	502-511	ECO:0000256|SAM:MobiDB-lite	Acidic residues	compositional_bias
Q9VDY1	512-526	ECO:0000256|SAM:MobiDB-lite	Basic and acidic residues	compositional_bias
Q9VDY1	55-65	ECO:0000256|SAM:MobiDB-lite	Basic and acidic residues	compositional_bias
Q9VDZ3	131-142	ECO:0000256|SAM:MobiDB-lite	Low complexity	compositional_bias
Q9VDZ3	145-156	ECO:0000256|SAM:MobiDB-lite	Basic and acidic residues	compositional_bias
Q9VDZ3	419-443	ECO:0000256|SAM:MobiDB-lite	Low complexity	compositional_bias
Q9VDZ3	70-97	ECO:0000256|SAM:MobiDB-lite	Low complexity	compositional_bias
Q9VE17	73-91	ECO:0000256|SAM:MobiDB-lite	Pro residues	compositional_bias
Q9VE34	80-97	ECO:0000256|SAM:MobiDB-lite	Low complexity	compositional_bias
Q9VE86	13-30	ECO:0000256|SAM:MobiDB-lite	Basic and acidic residues	compositional_bias
Q9VE86	37-50	ECO:0000256|SAM:MobiDB-lite	Basic and acidic residues	compositional_bias
Q9VE86	59-70	ECO:0000256|SAM:MobiDB-lite	Basic residues	compositional_bias
Q9VE86	71-90	ECO:0000256|SAM:MobiDB-lite	Basic and acidic residues	compositional_bias
Q9VE87	135-183	ECO:0000256|SAM:MobiDB-lite	Acidic residues	compositional_bias
Q9VE87	194-214	ECO:0000256|SAM:MobiDB-lite	Acidic residues	compositional_bias
Q9VE87	288-300	ECO:0000256|SAM:MobiDB-lite	Acidic residues	compositional_bias
Q9VE87	368-379	ECO:0000256|SAM:MobiDB-lite	Low complexity	compositional_bias
Q9VE87	8-38	ECO:0000256|SAM:MobiDB-lite	Acidic residues	compositional_bias
Q9VEB3	302-311	ECO:0000256|SAM:MobiDB-lite	Low complexity	compositional_bias
Q9VEC1	220-232	ECO:0000256|SAM:MobiDB-lite	Low complexity	compositional_bias
Q9VEC3	414-428	ECO:0000256|SAM:MobiDB-lite	Basic and acidic residues	compositional_bias
Q9VED0	24-38	ECO:0000256|SAM:MobiDB-lite	Basic and acidic residues	compositional_bias
Q9VED0	633-647	ECO:0000256|SAM:MobiDB-lite	Basic residues	compositional_bias
Q9VEI9	135-149	ECO:0000256|SAM:MobiDB-lite	Low complexity	compositional_bias
Q9VEI9	161-171	ECO:0000256|SAM:MobiDB-lite	Basic and acidic residues	compositional_bias
Q9VEI9	173-183	ECO:0000256|SAM:MobiDB-lite	Low complexity	compositional_bias
Q9VEI9	315-351	ECO:0000256|SAM:MobiDB-lite	Low complexity	compositional_bias
Q9VEI9	358-405	ECO:0000256|SAM:MobiDB-lite	Low complexity	compositional_bias
Q9VEI9	435-450	ECO:0000256|SAM:MobiDB-lite	Acidic residues	compositional_bias
Q9VEI9	451-462	ECO:0000256|SAM:MobiDB-lite	Low complexity	compositional_bias
Q9VEI9	52-70	ECO:0000256|SAM:MobiDB-lite	Low complexity	compositional_bias
Q9VEJ2	20-35	ECO:0000256|SAM:MobiDB-lite	Polar residues	compositional_bias
Q9VEJ2	344-353	ECO:0000256|SAM:MobiDB-lite	Basic and acidic residues	compositional_bias
Q9VEJ2	354-381	ECO:0000256|SAM:MobiDB-lite	Acidic residues	compositional_bias
Q9VEK6	1-19	ECO:0000256|SAM:MobiDB-lite	Low complexity	compositional_bias
Q9VEK6	26-47	ECO:0000256|SAM:MobiDB-lite	Gly residues	compositional_bias
Q9VEK6	66-83	ECO:0000256|SAM:MobiDB-lite	Low complexity	compositional_bias
Q9VEK6	84-93	ECO:0000256|SAM:MobiDB-lite	Gly residues	compositional_bias
Q9VEK6	94-103	ECO:0000256|SAM:MobiDB-lite	Low complexity	compositional_bias
Q9VEU1	1939-1952	ECO:0000256|SAM:MobiDB-lite	Basic residues	compositional_bias
Q9VEU1	1953-1964	ECO:0000256|SAM:MobiDB-lite	Polar residues	compositional_bias
Q9VEU1	829-844	ECO:0000256|SAM:MobiDB-lite	Basic residues	compositional_bias
Q9VEU6	347-358	ECO:0000256|SAM:MobiDB-lite	Acidic residues	compositional_bias
Q9VEV4	1057-1067	ECO:0000256|SAM:MobiDB-lite	Basic and acidic residues	compositional_bias
Q9VEV4	409-418	ECO:0000256|SAM:MobiDB-lite	Low complexity	compositional_bias
Q9VEV4	421-432	ECO:0000256|SAM:MobiDB-lite	Polar residues	compositional_bias
Q9VEV4	876-888	ECO:0000256|SAM:MobiDB-lite	Polar residues	compositional_bias
Q9VEV4	917-926	ECO:0000256|SAM:MobiDB-lite	Basic and acidic residues	compositional_bias
Q9VEV4	927-947	ECO:0000256|SAM:MobiDB-lite	Low complexity	compositional_bias
Q9VEV4	951-974	ECO:0000256|SAM:MobiDB-lite	Basic and acidic residues	compositional_bias
Q9VEV4	975-993	ECO:0000256|SAM:MobiDB-lite	Polar residues	compositional_bias
Q9VEW2	1-53	ECO:0000256|SAM:MobiDB-lite	Basic and acidic residues	compositional_bias
Q9VEX0	1095-1114	ECO:0000256|SAM:MobiDB-lite	Polar residues	compositional_bias
Q9VEX0	466-479	ECO:0000256|SAM:MobiDB-lite	Low complexity	compositional_bias
Q9VEX0	483-502	ECO:0000256|SAM:MobiDB-lite	Acidic residues	compositional_bias
Q9VEX0	795-804	ECO:0000256|SAM:MobiDB-lite	Basic and acidic residues	compositional_bias
Q9VEX0	876-895	ECO:0000256|SAM:MobiDB-lite	Basic and acidic residues	compositional_bias
Q9VEX5	599-614	ECO:0000256|SAM:MobiDB-lite	Low complexity	compositional_bias
Q9VEX6	29-50	ECO:0000256|SAM:MobiDB-lite	Basic and acidic residues	compositional_bias
Q9VEX6	8-19	ECO:0000256|SAM:MobiDB-lite	Polar residues	compositional_bias
Q9VEZ3	1940-1957	ECO:0000256|SAM:MobiDB-lite	Polar residues	compositional_bias
Q9VEZ3	513-531	ECO:0000256|SAM:MobiDB-lite	Low complexity	compositional_bias
Q9VEZ3	819-830	ECO:0000256|SAM:MobiDB-lite	Polar residues	compositional_bias
Q9VEZ3	831-845	ECO:0000256|SAM:MobiDB-lite	Acidic residues	compositional_bias
Q9VF08	108-118	ECO:0000256|SAM:MobiDB-lite	Basic and acidic residues	compositional_bias
Q9VF30	796-805	ECO:0000256|SAM:MobiDB-lite	Polar residues	compositional_bias
Q9VF30	806-817	ECO:0000256|SAM:MobiDB-lite	Gly residues	compositional_bias
Q9VF59	20-34	ECO:0000256|SAM:MobiDB-lite	Basic residues	compositional_bias
Q9VF87	1271-1291	ECO:0000256|SAM:MobiDB-lite	Polar residues	compositional_bias
Q9VFC8	677-687	ECO:0000256|SAM:MobiDB-lite	Low complexity	compositional_bias
Q9VFC8	692-702	ECO:0000256|SAM:MobiDB-lite	Acidic residues	compositional_bias
Q9VFD5	450-460	ECO:0000256|SAM:MobiDB-lite	Low complexity	compositional_bias
Q9VFE4	7-16	ECO:0000256|SAM:MobiDB-lite	Low complexity	compositional_bias
Q9VFE6	226-245	ECO:0000256|SAM:MobiDB-lite	Basic and acidic residues	compositional_bias
Q9VFE6	254-276	ECO:0000256|SAM:MobiDB-lite	Acidic residues	compositional_bias
Q9VFE6	75-95	ECO:0000256|SAM:MobiDB-lite	Basic and acidic residues	compositional_bias
Q9VFF3	8-28	ECO:0000256|SAM:MobiDB-lite	Basic and acidic residues	compositional_bias
Q9VFF3	809-826	ECO:0000256|SAM:MobiDB-lite	Basic residues	compositional_bias
Q9VFF3	878-887	ECO:0000256|SAM:MobiDB-lite	Low complexity	compositional_bias
Q9VFG8	1-11	ECO:0000256|SAM:MobiDB-lite	Polar residues	compositional_bias
Q9VFG8	1224-1267	ECO:0000256|SAM:MobiDB-lite	Low complexity	compositional_bias
Q9VFG8	35-49	ECO:0000256|SAM:MobiDB-lite	Low complexity	compositional_bias
Q9VFG8	541-550	ECO:0000256|SAM:MobiDB-lite	Polar residues	compositional_bias
Q9VFG8	857-869	ECO:0000256|SAM:MobiDB-lite	Low complexity	compositional_bias
Q9VFG8	896-910	ECO:0000256|SAM:MobiDB-lite	Acidic residues	compositional_bias
Q9VFG8	942-966	ECO:0000256|SAM:MobiDB-lite	Basic and acidic residues	compositional_bias
Q9VFH6	514-539	ECO:0000256|SAM:MobiDB-lite	Acidic residues	compositional_bias
Q9VFH6	561-589	ECO:0000256|SAM:MobiDB-lite	Basic and acidic residues	compositional_bias
Q9VFH6	782-792	ECO:0000256|SAM:MobiDB-lite	Gly residues	compositional_bias
Q9VFI9	1011-1022	ECO:0000256|SAM:MobiDB-lite	Basic and acidic residues	compositional_bias
Q9VFI9	102-128	ECO:0000256|SAM:MobiDB-lite	Low complexity	compositional_bias
Q9VFI9	1065-1075	ECO:0000256|SAM:MobiDB-lite	Basic and acidic residues	compositional_bias
Q9VFI9	1084-1104	ECO:0000256|SAM:MobiDB-lite	Low complexity	compositional_bias
Q9VFI9	1108-1118	ECO:0000256|SAM:MobiDB-lite	Basic residues	compositional_bias
Q9VFI9	18-33	ECO:0000256|SAM:MobiDB-lite	Low complexity	compositional_bias
Q9VFI9	34-45	ECO:0000256|SAM:MobiDB-lite	Polar residues	compositional_bias
Q9VFI9	46-56	ECO:0000256|SAM:MobiDB-lite	Low complexity	compositional_bias
Q9VFI9	63-72	ECO:0000256|SAM:MobiDB-lite	Low complexity	compositional_bias
Q9VFI9	84-101	ECO:0000256|SAM:MobiDB-lite	Polar residues	compositional_bias
Q9VFJ3	42-54	ECO:0000256|SAM:MobiDB-lite	Low complexity	compositional_bias
Q9VFK3	82-93	ECO:0000256|SAM:MobiDB-lite	Polar residues	compositional_bias
Q9VFK6	14-27	ECO:0000256|SAM:MobiDB-lite	Low complexity	compositional_bias
Q9VFK6	421-430	ECO:0000256|SAM:MobiDB-lite	Polar residues	compositional_bias
Q9VFK6	471-481	ECO:0000256|SAM:MobiDB-lite	Polar residues	compositional_bias
Q9VFL5	566-576	ECO:0000256|SAM:MobiDB-lite	Basic residues	compositional_bias
Q9VFP2	122-140	ECO:0000256|SAM:MobiDB-lite	Low complexity	compositional_bias
Q9VFP2	24-36	ECO:0000256|SAM:MobiDB-lite	Low complexity	compositional_bias
Q9VFP2	266-288	ECO:0000256|SAM:MobiDB-lite	Low complexity	compositional_bias
Q9VFP2	313-322	ECO:0000256|SAM:MobiDB-lite	Basic residues	compositional_bias
Q9VFP2	323-353	ECO:0000256|SAM:MobiDB-lite	Low complexity	compositional_bias
Q9VFP2	372-382	ECO:0000256|SAM:MobiDB-lite	Low complexity	compositional_bias
Q9VFP2	389-400	ECO:0000256|SAM:MobiDB-lite	Low complexity	compositional_bias
Q9VFR1	201-214	ECO:0000256|SAM:MobiDB-lite	Basic and acidic residues	compositional_bias
Q9VFS2	449-459	ECO:0000256|SAM:MobiDB-lite	Basic and acidic residues	compositional_bias
Q9VFS5	695-708	ECO:0000256|SAM:MobiDB-lite	Polar residues	compositional_bias
Q9VFS5	709-749	ECO:0000256|SAM:MobiDB-lite	Low complexity	compositional_bias
Q9VFS5	757-789	ECO:0000256|SAM:MobiDB-lite	Low complexity	compositional_bias
Q9VFS5	803-859	ECO:0000256|SAM:MobiDB-lite	Low complexity	compositional_bias
Q9VFS5	885-926	ECO:0000256|SAM:MobiDB-lite	Low complexity	compositional_bias
Q9VFS5	929-939	ECO:0000256|SAM:MobiDB-lite	Polar residues	compositional_bias
Q9VFS5	940-951	ECO:0000256|SAM:MobiDB-lite	Basic and acidic residues	compositional_bias
Q9VFS5	953-968	ECO:0000256|SAM:MobiDB-lite	Acidic residues	compositional_bias
Q9VFS6	571-583	ECO:0000256|SAM:MobiDB-lite	Basic and acidic residues	compositional_bias
Q9VG58	613-633	ECO:0000256|SAM:MobiDB-lite	Gly residues	compositional_bias
Q9VG73	374-396	ECO:0000256|SAM:MobiDB-lite	Acidic residues	compositional_bias
Q9VG76	111-127	ECO:0000256|SAM:MobiDB-lite	Low complexity	compositional_bias
Q9VG76	168-181	ECO:0000256|SAM:MobiDB-lite	Polar residues	compositional_bias
Q9VGA4	107-122	ECO:0000256|SAM:MobiDB-lite	Polar residues	compositional_bias
Q9VGA4	140-160	ECO:0000256|SAM:MobiDB-lite	Basic and acidic residues	compositional_bias
Q9VGA4	190-202	ECO:0000256|SAM:MobiDB-lite	Low complexity	compositional_bias
Q9VGA4	353-363	ECO:0000256|SAM:MobiDB-lite	Polar residues	compositional_bias
Q9VGA4	542-559	ECO:0000256|SAM:MobiDB-lite	Polar residues	compositional_bias
Q9VGA4	726-742	ECO:0000256|SAM:MobiDB-lite	Low complexity	compositional_bias
Q9VGA4	774-784	ECO:0000256|SAM:MobiDB-lite	Polar residues	compositional_bias
Q9VGA4	798-810	ECO:0000256|SAM:MobiDB-lite	Basic residues	compositional_bias
Q9VGA4	853-862	ECO:0000256|SAM:MobiDB-lite	Polar residues	compositional_bias
Q9VGA4	869-881	ECO:0000256|SAM:MobiDB-lite	Polar residues	compositional_bias
Q9VGC3	834-846	ECO:0000256|SAM:MobiDB-lite	Basic and acidic residues	compositional_bias
Q9VGC3	848-857	ECO:0000256|SAM:MobiDB-lite	Polar residues	compositional_bias
Q9VGC7	121-136	ECO:0000256|SAM:MobiDB-lite	Low complexity	compositional_bias
Q9VGC7	531-542	ECO:0000256|SAM:MobiDB-lite	Acidic residues	compositional_bias
Q9VGC7	95-113	ECO:0000256|SAM:MobiDB-lite	Basic residues	compositional_bias
Q9VGE3	31-44	ECO:0000256|SAM:MobiDB-lite	Basic residues	compositional_bias
Q9VGE8	60-69	ECO:0000256|SAM:MobiDB-lite	Basic and acidic residues	compositional_bias
Q9VGG5	1887-1899	ECO:0000256|SAM:MobiDB-lite	Polar residues	compositional_bias
Q9VGG5	1900-1916	ECO:0000256|SAM:MobiDB-lite	Gly residues	compositional_bias
Q9VGG5	537-549	ECO:0000256|SAM:MobiDB-lite	Basic and acidic residues	compositional_bias
Q9VGG5	550-560	ECO:0000256|SAM:MobiDB-lite	Acidic residues	compositional_bias
Q9VGH7	1165-1193	ECO:0000256|SAM:MobiDB-lite	Polar residues	compositional_bias
Q9VGI8	126-136	ECO:0000256|SAM:MobiDB-lite	Basic and acidic residues	compositional_bias
Q9VGI8	163-174	ECO:0000256|SAM:MobiDB-lite	Basic and acidic residues	compositional_bias
Q9VGI8	17-29	ECO:0000256|SAM:MobiDB-lite	Polar residues	compositional_bias
Q9VGI8	182-195	ECO:0000256|SAM:MobiDB-lite	Basic and acidic residues	compositional_bias
Q9VGI8	203-214	ECO:0000256|SAM:MobiDB-lite	Basic and acidic residues	compositional_bias
Q9VGI8	271-283	ECO:0000256|SAM:MobiDB-lite	Polar residues	compositional_bias
Q9VGI8	318-328	ECO:0000256|SAM:MobiDB-lite	Polar residues	compositional_bias
Q9VGJ5	63-75	ECO:0000256|SAM:MobiDB-lite	Low complexity	compositional_bias
Q9VGK7	1106-1116	ECO:0000256|SAM:MobiDB-lite	Basic residues	compositional_bias
Q9VGN7	266-281	ECO:0000256|SAM:MobiDB-lite	Polar residues	compositional_bias
Q9VGP1	1512-1534	ECO:0000256|SAM:MobiDB-lite	Polar residues	compositional_bias
Q9VGP1	393-408	ECO:0000256|SAM:MobiDB-lite	Acidic residues	compositional_bias
Q9VGP1	517-528	ECO:0000256|SAM:MobiDB-lite	Basic and acidic residues	compositional_bias
Q9VGP1	534-543	ECO:0000256|SAM:MobiDB-lite	Basic residues	compositional_bias
Q9VGP4	926-939	ECO:0000256|SAM:MobiDB-lite	Acidic residues	compositional_bias
Q9VGR7	268-277	ECO:0000256|SAM:MobiDB-lite	Basic residues	compositional_bias
Q9VGU5	419-431	ECO:0000256|SAM:MobiDB-lite	Basic and acidic residues	compositional_bias
Q9VGU5	432-441	ECO:0000256|SAM:MobiDB-lite	Polar residues	compositional_bias
Q9VGU5	442-453	ECO:0000256|SAM:MobiDB-lite	Low complexity	compositional_bias
Q9VGU5	515-537	ECO:0000256|SAM:MobiDB-lite	Basic residues	compositional_bias
Q9VGU5	538-562	ECO:0000256|SAM:MobiDB-lite	Basic and acidic residues	compositional_bias
Q9VGU5	569-587	ECO:0000256|SAM:MobiDB-lite	Basic and acidic residues	compositional_bias
Q9VGU5	600-618	ECO:0000256|SAM:MobiDB-lite	Polar residues	compositional_bias
Q9VGU5	685-734	ECO:0000256|SAM:MobiDB-lite	Basic residues	compositional_bias
Q9VGU5	735-747	ECO:0000256|SAM:MobiDB-lite	Low complexity	compositional_bias
Q9VGU5	753-778	ECO:0000256|SAM:MobiDB-lite	Basic residues	compositional_bias
Q9VGU5	793-814	ECO:0000256|SAM:MobiDB-lite	Basic residues	compositional_bias
Q9VGU5	860-872	ECO:0000256|SAM:MobiDB-lite	Basic and acidic residues	compositional_bias
Q9VGW1	1047-1058	ECO:0000256|SAM:MobiDB-lite	Basic and acidic residues	compositional_bias
Q9VGW1	1426-1442	ECO:0000256|SAM:MobiDB-lite	Basic residues	compositional_bias
Q9VGW1	1486-1497	ECO:0000256|SAM:MobiDB-lite	Basic and acidic residues	compositional_bias
Q9VGW1	1507-1516	ECO:0000256|SAM:MobiDB-lite	Basic and acidic residues	compositional_bias
Q9VGW1	1552-1568	ECO:0000256|SAM:MobiDB-lite	Acidic residues	compositional_bias
Q9VGW1	1580-1602	ECO:0000256|SAM:MobiDB-lite	Basic and acidic residues	compositional_bias
Q9VGW1	1633-1667	ECO:0000256|SAM:MobiDB-lite	Polar residues	compositional_bias
Q9VGW1	1709-1724	ECO:0000256|SAM:MobiDB-lite	Low complexity	compositional_bias
Q9VGW1	1754-1764	ECO:0000256|SAM:MobiDB-lite	Basic and acidic residues	compositional_bias
Q9VGW1	1774-1793	ECO:0000256|SAM:MobiDB-lite	Basic and acidic residues	compositional_bias
Q9VGW1	1800-1810	ECO:0000256|SAM:MobiDB-lite	Basic and acidic residues	compositional_bias
Q9VGW1	1837-1863	ECO:0000256|SAM:MobiDB-lite	Basic and acidic residues	compositional_bias
Q9VGW1	1879-1889	ECO:0000256|SAM:MobiDB-lite	Polar residues	compositional_bias
Q9VGW1	50-89	ECO:0000256|SAM:MobiDB-lite	Basic residues	compositional_bias
Q9VGW1	90-100	ECO:0000256|SAM:MobiDB-lite	Low complexity	compositional_bias
Q9VGZ5	280-318	ECO:0000256|SAM:MobiDB-lite	Low complexity	compositional_bias
Q9VGZ5	359-369	ECO:0000256|SAM:MobiDB-lite	Basic and acidic residues	compositional_bias
Q9VGZ8	127-137	ECO:0000256|SAM:MobiDB-lite	Polar residues	compositional_bias
Q9VGZ8	216-228	ECO:0000256|SAM:MobiDB-lite	Acidic residues	compositional_bias
Q9VGZ8	233-245	ECO:0000256|SAM:MobiDB-lite	Basic and acidic residues	compositional_bias
Q9VGZ8	272-312	ECO:0000256|SAM:MobiDB-lite	Basic and acidic residues	compositional_bias
Q9VGZ8	400-410	ECO:0000256|SAM:MobiDB-lite	Basic residues	compositional_bias
Q9VGZ8	548-558	ECO:0000256|SAM:MobiDB-lite	Basic residues	compositional_bias
Q9VGZ8	73-97	ECO:0000256|SAM:MobiDB-lite	Basic residues	compositional_bias
Q9VH36	158-167	ECO:0000256|SAM:MobiDB-lite	Basic and acidic residues	compositional_bias
Q9VH36	178-189	ECO:0000256|SAM:MobiDB-lite	Pro residues	compositional_bias
Q9VH36	80-95	ECO:0000256|SAM:MobiDB-lite	Polar residues	compositional_bias
Q9VH38	421-436	ECO:0000256|SAM:MobiDB-lite	Acidic residues	compositional_bias
Q9VH70	691-705	ECO:0000256|SAM:MobiDB-lite	Polar residues	compositional_bias
Q9VH89	146-156	ECO:0000256|SAM:MobiDB-lite	Polar residues	compositional_bias
Q9VH89	165-176	ECO:0000256|SAM:MobiDB-lite	Polar residues	compositional_bias
Q9VH89	251-271	ECO:0000256|SAM:MobiDB-lite	Basic residues	compositional_bias
Q9VH89	771-781	ECO:0000256|SAM:MobiDB-lite	Basic and acidic residues	compositional_bias
Q9VH89	797-806	ECO:0000256|SAM:MobiDB-lite	Acidic residues	compositional_bias
Q9VH89	807-816	ECO:0000256|SAM:MobiDB-lite	Basic and acidic residues	compositional_bias
Q9VH89	817-826	ECO:0000256|SAM:MobiDB-lite	Basic residues	compositional_bias
Q9VH90	187-197	ECO:0000256|SAM:MobiDB-lite	Polar residues	compositional_bias
Q9VH90	198-226	ECO:0000256|SAM:MobiDB-lite	Low complexity	compositional_bias
Q9VH90	273-288	ECO:0000256|SAM:MobiDB-lite	Low complexity	compositional_bias
Q9VH95	147-158	ECO:0000256|SAM:MobiDB-lite	Acidic residues	compositional_bias
Q9VH95	175-184	ECO:0000256|SAM:MobiDB-lite	Basic and acidic residues	compositional_bias
Q9VHA0	560-569	ECO:0000256|SAM:MobiDB-lite	Polar residues	compositional_bias
Q9VHA0	598-620	ECO:0000256|SAM:MobiDB-lite	Low complexity	compositional_bias
Q9VHA0	7-50	ECO:0000256|SAM:MobiDB-lite	Low complexity	compositional_bias
Q9VHA0	724-735	ECO:0000256|SAM:MobiDB-lite	Low complexity	compositional_bias
Q9VHB0	12-24	ECO:0000256|SAM:MobiDB-lite	Polar residues	compositional_bias
Q9VHB0	128-147	ECO:0000256|SAM:MobiDB-lite	Basic residues	compositional_bias
Q9VHB0	162-175	ECO:0000256|SAM:MobiDB-lite	Basic residues	compositional_bias
Q9VHB0	176-219	ECO:0000256|SAM:MobiDB-lite	Basic and acidic residues	compositional_bias
Q9VHB0	226-277	ECO:0000256|SAM:MobiDB-lite	Basic and acidic residues	compositional_bias
Q9VHB0	70-89	ECO:0000256|SAM:MobiDB-lite	Low complexity	compositional_bias
Q9VHH9	1034-1051	ECO:0000256|SAM:MobiDB-lite	Gly residues	compositional_bias
Q9VHH9	8-37	ECO:0000256|SAM:MobiDB-lite	Low complexity	compositional_bias
Q9VHH9	885-894	ECO:0000256|SAM:MobiDB-lite	Basic and acidic residues	compositional_bias
Q9VHH9	973-987	ECO:0000256|SAM:MobiDB-lite	Polar residues	compositional_bias
Q9VHH9	999-1025	ECO:0000256|SAM:MobiDB-lite	Low complexity	compositional_bias
Q9VHI7	338-350	ECO:0000256|SAM:MobiDB-lite	Low complexity	compositional_bias
Q9VHI7	55-68	ECO:0000256|SAM:MobiDB-lite	Low complexity	compositional_bias
Q9VHI7	74-89	ECO:0000256|SAM:MobiDB-lite	Low complexity	compositional_bias
Q9VHJ6	114-123	ECO:0000256|SAM:MobiDB-lite	Polar residues	compositional_bias
Q9VHJ6	124-148	ECO:0000256|SAM:MobiDB-lite	Low complexity	compositional_bias
Q9VHJ6	356-369	ECO:0000256|SAM:MobiDB-lite	Gly residues	compositional_bias
Q9VHJ6	459-469	ECO:0000256|SAM:MobiDB-lite	Polar residues	compositional_bias
Q9VHJ6	488-500	ECO:0000256|SAM:MobiDB-lite	Low complexity	compositional_bias
Q9VHJ6	507-524	ECO:0000256|SAM:MobiDB-lite	Polar residues	compositional_bias
Q9VHN5	1-26	ECO:0000256|SAM:MobiDB-lite	Polar residues	compositional_bias
Q9VHN6	34-43	ECO:0000256|SAM:MobiDB-lite	Basic and acidic residues	compositional_bias
Q9VHN9	422-446	ECO:0000256|SAM:MobiDB-lite	Polar residues	compositional_bias
Q9VHP0	118-132	ECO:0000256|SAM:MobiDB-lite	Gly residues	compositional_bias
Q9VHP0	154-178	ECO:0000256|SAM:MobiDB-lite	Gly residues	compositional_bias
Q9VHP0	198-209	ECO:0000256|SAM:MobiDB-lite	Basic and acidic residues	compositional_bias
Q9VHP0	31-42	ECO:0000256|SAM:MobiDB-lite	Polar residues	compositional_bias
Q9VHP0	706-717	ECO:0000256|SAM:MobiDB-lite	Gly residues	compositional_bias
Q9VHP0	740-750	ECO:0000256|SAM:MobiDB-lite	Gly residues	compositional_bias
Q9VHP0	94-110	ECO:0000256|SAM:MobiDB-lite	Gly residues	compositional_bias
Q9VHS7	369-379	ECO:0000256|SAM:MobiDB-lite	Polar residues	compositional_bias
Q9VHU1	528-544	ECO:0000256|SAM:MobiDB-lite	Basic and acidic residues	compositional_bias
Q9VHU1	545-555	ECO:0000256|SAM:MobiDB-lite	Basic residues	compositional_bias
Q9VHV1	491-502	ECO:0000256|SAM:MobiDB-lite	Polar residues	compositional_bias
Q9VHV1	563-577	ECO:0000256|SAM:MobiDB-lite	Low complexity	compositional_bias
Q9VHV1	607-618	ECO:0000256|SAM:MobiDB-lite	Low complexity	compositional_bias
Q9VHV1	632-643	ECO:0000256|SAM:MobiDB-lite	Low complexity	compositional_bias
Q9VHY5	148-166	ECO:0000256|SAM:MobiDB-lite	Basic and acidic residues	compositional_bias
Q9VHY5	318-332	ECO:0000256|SAM:MobiDB-lite	Basic and acidic residues	compositional_bias
Q9VI10	1-18	ECO:0000256|SAM:MobiDB-lite	Basic and acidic residues	compositional_bias
Q9VI13	159-178	ECO:0000256|SAM:MobiDB-lite	Low complexity	compositional_bias
Q9VI13	23-42	ECO:0000256|SAM:MobiDB-lite	Gly residues	compositional_bias
Q9VI13	255-266	ECO:0000256|SAM:MobiDB-lite	Low complexity	compositional_bias
Q9VI13	50-60	ECO:0000256|SAM:MobiDB-lite	Basic and acidic residues	compositional_bias
Q9VI13	61-73	ECO:0000256|SAM:MobiDB-lite	Basic residues	compositional_bias
Q9VI20	307-334	ECO:0000256|SAM:MobiDB-lite	Low complexity	compositional_bias
Q9VI58	176-188	ECO:0000256|SAM:MobiDB-lite	Low complexity	compositional_bias
Q9VI74	489-498	ECO:0000256|SAM:MobiDB-lite	Low complexity	compositional_bias
Q9VI74	502-524	ECO:0000256|SAM:MobiDB-lite	Acidic residues	compositional_bias
Q9VI74	543-579	ECO:0000256|SAM:MobiDB-lite	Acidic residues	compositional_bias
Q9VI74	588-608	ECO:0000256|SAM:MobiDB-lite	Polar residues	compositional_bias
Q9VI75	459-468	ECO:0000256|SAM:MobiDB-lite	Acidic residues	compositional_bias
Q9VI82	116-126	ECO:0000256|SAM:MobiDB-lite	Polar residues	compositional_bias
Q9VI82	13-23	ECO:0000256|SAM:MobiDB-lite	Basic residues	compositional_bias
Q9VI82	181-199	ECO:0000256|SAM:MobiDB-lite	Acidic residues	compositional_bias
Q9VI82	35-45	ECO:0000256|SAM:MobiDB-lite	Basic and acidic residues	compositional_bias
Q9VI82	76-86	ECO:0000256|SAM:MobiDB-lite	Acidic residues	compositional_bias
Q9VI93	161-176	ECO:0000256|SAM:MobiDB-lite	Polar residues	compositional_bias
Q9VI93	177-188	ECO:0000256|SAM:MobiDB-lite	Low complexity	compositional_bias
Q9VI93	198-230	ECO:0000256|SAM:MobiDB-lite	Polar residues	compositional_bias
Q9VI93	242-269	ECO:0000256|SAM:MobiDB-lite	Polar residues	compositional_bias
Q9VI93	739-762	ECO:0000256|SAM:MobiDB-lite	Low complexity	compositional_bias
Q9VI93	770-790	ECO:0000256|SAM:MobiDB-lite	Low complexity	compositional_bias
Q9VI93	813-822	ECO:0000256|SAM:MobiDB-lite	Polar residues	compositional_bias
Q9VI93	828-841	ECO:0000256|SAM:MobiDB-lite	Basic and acidic residues	compositional_bias
Q9VIE6	32-43	ECO:0000256|SAM:MobiDB-lite	Basic and acidic residues	compositional_bias
Q9VIF0	1-12	ECO:0000256|SAM:MobiDB-lite	Basic residues	compositional_bias
Q9VIF0	100-115	ECO:0000256|SAM:MobiDB-lite	Acidic residues	compositional_bias
Q9VIF0	130-140	ECO:0000256|SAM:MobiDB-lite	Basic and acidic residues	compositional_bias
Q9VIF0	14-29	ECO:0000256|SAM:MobiDB-lite	Basic and acidic residues	compositional_bias
Q9VIF0	141-154	ECO:0000256|SAM:MobiDB-lite	Acidic residues	compositional_bias
Q9VIF0	33-42	ECO:0000256|SAM:MobiDB-lite	Polar residues	compositional_bias
Q9VIF0	58-67	ECO:0000256|SAM:MobiDB-lite	Basic residues	compositional_bias
Q9VIF0	706-720	ECO:0000256|SAM:MobiDB-lite	Acidic residues	compositional_bias
Q9VIF0	757-766	ECO:0000256|SAM:MobiDB-lite	Basic and acidic residues	compositional_bias
Q9VIF5	104-113	ECO:0000256|SAM:MobiDB-lite	Polar residues	compositional_bias
Q9VIF5	150-160	ECO:0000256|SAM:MobiDB-lite	Polar residues	compositional_bias
Q9VIF5	167-191	ECO:0000256|SAM:MobiDB-lite	Basic and acidic residues	compositional_bias
Q9VIF5	337-352	ECO:0000256|SAM:MobiDB-lite	Basic and acidic residues	compositional_bias
Q9VIF5	377-390	ECO:0000256|SAM:MobiDB-lite	Basic residues	compositional_bias
Q9VIF5	409-419	ECO:0000256|SAM:MobiDB-lite	Basic and acidic residues	compositional_bias
Q9VIF5	422-446	ECO:0000256|SAM:MobiDB-lite	Polar residues	compositional_bias
Q9VIF5	652-662	ECO:0000256|SAM:MobiDB-lite	Basic and acidic residues	compositional_bias
Q9VIF6	1-31	ECO:0000256|SAM:MobiDB-lite	Acidic residues	compositional_bias
Q9VIF6	451-471	ECO:0000256|SAM:MobiDB-lite	Basic and acidic residues	compositional_bias
Q9VIF6	494-507	ECO:0000256|SAM:MobiDB-lite	Basic residues	compositional_bias
Q9VIK2	614-631	ECO:0000256|SAM:MobiDB-lite	Basic and acidic residues	compositional_bias
Q9VIL0	314-327	ECO:0000256|SAM:MobiDB-lite	Polar residues	compositional_bias
Q9VIL0	329-340	ECO:0000256|SAM:MobiDB-lite	Basic and acidic residues	compositional_bias
Q9VIL0	345-361	ECO:0000256|SAM:MobiDB-lite	Polar residues	compositional_bias
Q9VIL0	362-400	ECO:0000256|SAM:MobiDB-lite	Low complexity	compositional_bias
Q9VIL0	945-954	ECO:0000256|SAM:MobiDB-lite	Polar residues	compositional_bias
Q9VIM5	281-291	ECO:0000256|SAM:MobiDB-lite	Basic and acidic residues	compositional_bias
Q9VIQ0	271-281	ECO:0000256|SAM:MobiDB-lite	Polar residues	compositional_bias
Q9VIQ9	1100-1119	ECO:0000256|SAM:MobiDB-lite	Polar residues	compositional_bias
Q9VIQ9	1379-1399	ECO:0000256|SAM:MobiDB-lite	Polar residues	compositional_bias
Q9VIQ9	1406-1415	ECO:0000256|SAM:MobiDB-lite	Polar residues	compositional_bias
Q9VIQ9	1455-1468	ECO:0000256|SAM:MobiDB-lite	Basic residues	compositional_bias
Q9VIQ9	1603-1616	ECO:0000256|SAM:MobiDB-lite	Polar residues	compositional_bias
Q9VIQ9	1650-1663	ECO:0000256|SAM:MobiDB-lite	Pro residues	compositional_bias
Q9VIQ9	175-197	ECO:0000256|SAM:MobiDB-lite	Low complexity	compositional_bias
Q9VIQ9	2184-2197	ECO:0000256|SAM:MobiDB-lite	Polar residues	compositional_bias
Q9VIQ9	261-290	ECO:0000256|SAM:MobiDB-lite	Polar residues	compositional_bias
Q9VIQ9	291-304	ECO:0000256|SAM:MobiDB-lite	Low complexity	compositional_bias
Q9VIQ9	331-341	ECO:0000256|SAM:MobiDB-lite	Polar residues	compositional_bias
Q9VIQ9	342-354	ECO:0000256|SAM:MobiDB-lite	Low complexity	compositional_bias
Q9VIQ9	379-398	ECO:0000256|SAM:MobiDB-lite	Low complexity	compositional_bias
Q9VIQ9	399-428	ECO:0000256|SAM:MobiDB-lite	Basic and acidic residues	compositional_bias
Q9VIQ9	429-441	ECO:0000256|SAM:MobiDB-lite	Polar residues	compositional_bias
Q9VIQ9	561-570	ECO:0000256|SAM:MobiDB-lite	Polar residues	compositional_bias
Q9VIQ9	577-588	ECO:0000256|SAM:MobiDB-lite	Polar residues	compositional_bias
Q9VIQ9	633-644	ECO:0000256|SAM:MobiDB-lite	Polar residues	compositional_bias
Q9VIQ9	755-766	ECO:0000256|SAM:MobiDB-lite	Low complexity	compositional_bias
Q9VIQ9	796-831	ECO:0000256|SAM:MobiDB-lite	Low complexity	compositional_bias
Q9VIQ9	887-904	ECO:0000256|SAM:MobiDB-lite	Low complexity	compositional_bias
Q9VIS1	1029-1053	ECO:0000256|SAM:MobiDB-lite	Low complexity	compositional_bias
Q9VIS1	1058-1069	ECO:0000256|SAM:MobiDB-lite	Basic and acidic residues	compositional_bias
Q9VIS1	1071-1097	ECO:0000256|SAM:MobiDB-lite	Polar residues	compositional_bias
Q9VIS1	1779-1790	ECO:0000256|SAM:MobiDB-lite	Polar residues	compositional_bias
Q9VIS1	1793-1806	ECO:0000256|SAM:MobiDB-lite	Basic and acidic residues	compositional_bias
Q9VIS1	1807-1818	ECO:0000256|SAM:MobiDB-lite	Polar residues	compositional_bias
Q9VIS1	759-771	ECO:0000256|SAM:MobiDB-lite	Polar residues	compositional_bias
Q9VIS1	928-939	ECO:0000256|SAM:MobiDB-lite	Polar residues	compositional_bias
Q9VIV2	1018-1037	ECO:0000256|SAM:MobiDB-lite	Polar residues	compositional_bias
Q9VIV2	1046-1056	ECO:0000256|SAM:MobiDB-lite	Acidic residues	compositional_bias
Q9VIV2	134-145	ECO:0000256|SAM:MobiDB-lite	Polar residues	compositional_bias
Q9VIV2	172-182	ECO:0000256|SAM:MobiDB-lite	Basic and acidic residues	compositional_bias
Q9VIV2	197-207	ECO:0000256|SAM:MobiDB-lite	Low complexity	compositional_bias
Q9VIV2	208-220	ECO:0000256|SAM:MobiDB-lite	Gly residues	compositional_bias
Q9VIV2	234-249	ECO:0000256|SAM:MobiDB-lite	Basic residues	compositional_bias
Q9VIV2	264-273	ECO:0000256|SAM:MobiDB-lite	Basic and acidic residues	compositional_bias
Q9VIV2	294-310	ECO:0000256|SAM:MobiDB-lite	Basic and acidic residues	compositional_bias
Q9VIV2	322-340	ECO:0000256|SAM:MobiDB-lite	Polar residues	compositional_bias
Q9VIV2	423-438	ECO:0000256|SAM:MobiDB-lite	Pro residues	compositional_bias
Q9VIV2	444-461	ECO:0000256|SAM:MobiDB-lite	Polar residues	compositional_bias
Q9VIV2	721-733	ECO:0000256|SAM:MobiDB-lite	Gly residues	compositional_bias
Q9VIV2	823-840	ECO:0000256|SAM:MobiDB-lite	Low complexity	compositional_bias
Q9VIW3	387-410	ECO:0000256|SAM:MobiDB-lite	Acidic residues	compositional_bias
Q9VJ26	1-28	ECO:0000256|SAM:MobiDB-lite	Low complexity	compositional_bias
Q9VJ26	191-204	ECO:0000256|SAM:MobiDB-lite	Basic and acidic residues	compositional_bias
Q9VJ26	206-217	ECO:0000256|SAM:MobiDB-lite	Low complexity	compositional_bias
Q9VJ62	146-157	ECO:0000256|SAM:MobiDB-lite	Low complexity	compositional_bias
Q9VJ62	238-249	ECO:0000256|SAM:MobiDB-lite	Acidic residues	compositional_bias
Q9VJ62	388-402	ECO:0000256|SAM:MobiDB-lite	Basic and acidic residues	compositional_bias
Q9VJ62	426-446	ECO:0000256|SAM:MobiDB-lite	Low complexity	compositional_bias
Q9VJ62	468-489	ECO:0000256|SAM:MobiDB-lite	Polar residues	compositional_bias
Q9VJ62	538-553	ECO:0000256|SAM:MobiDB-lite	Pro residues	compositional_bias
Q9VJ62	554-564	ECO:0000256|SAM:MobiDB-lite	Polar residues	compositional_bias
Q9VJ79	11-21	ECO:0000256|SAM:MobiDB-lite	Basic residues	compositional_bias
Q9VJ79	1142-1171	ECO:0000256|SAM:MobiDB-lite	Low complexity	compositional_bias
Q9VJ79	1218-1234	ECO:0000256|SAM:MobiDB-lite	Low complexity	compositional_bias
Q9VJ79	1268-1277	ECO:0000256|SAM:MobiDB-lite	Polar residues	compositional_bias
Q9VJ79	1328-1355	ECO:0000256|SAM:MobiDB-lite	Basic residues	compositional_bias
Q9VJ79	135-147	ECO:0000256|SAM:MobiDB-lite	Low complexity	compositional_bias
Q9VJ79	160-169	ECO:0000256|SAM:MobiDB-lite	Low complexity	compositional_bias
Q9VJ79	235-248	ECO:0000256|SAM:MobiDB-lite	Polar residues	compositional_bias
Q9VJ79	24-45	ECO:0000256|SAM:MobiDB-lite	Low complexity	compositional_bias
Q9VJ79	327-340	ECO:0000256|SAM:MobiDB-lite	Basic residues	compositional_bias
Q9VJ79	341-355	ECO:0000256|SAM:MobiDB-lite	Low complexity	compositional_bias
Q9VJ79	356-374	ECO:0000256|SAM:MobiDB-lite	Gly residues	compositional_bias
Q9VJ79	77-91	ECO:0000256|SAM:MobiDB-lite	Polar residues	compositional_bias
Q9VJ87	1013-1033	ECO:0000256|SAM:MobiDB-lite	Basic and acidic residues	compositional_bias
Q9VJ87	1034-1054	ECO:0000256|SAM:MobiDB-lite	Basic residues	compositional_bias
Q9VJ87	1072-1082	ECO:0000256|SAM:MobiDB-lite	Low complexity	compositional_bias
Q9VJ87	1089-1110	ECO:0000256|SAM:MobiDB-lite	Basic and acidic residues	compositional_bias
Q9VJ87	1133-1195	ECO:0000256|SAM:MobiDB-lite	Basic and acidic residues	compositional_bias
Q9VJ87	115-135	ECO:0000256|SAM:MobiDB-lite	Basic and acidic residues	compositional_bias
Q9VJ87	1203-1320	ECO:0000256|SAM:MobiDB-lite	Basic and acidic residues	compositional_bias
Q9VJ87	1321-1330	ECO:0000256|SAM:MobiDB-lite	Basic residues	compositional_bias
Q9VJ87	138-148	ECO:0000256|SAM:MobiDB-lite	Polar residues	compositional_bias
Q9VJ87	149-166	ECO:0000256|SAM:MobiDB-lite	Basic and acidic residues	compositional_bias
Q9VJ87	168-177	ECO:0000256|SAM:MobiDB-lite	Polar residues	compositional_bias
Q9VJ87	191-201	ECO:0000256|SAM:MobiDB-lite	Basic and acidic residues	compositional_bias
Q9VJ87	208-236	ECO:0000256|SAM:MobiDB-lite	Basic and acidic residues	compositional_bias
Q9VJ87	252-277	ECO:0000256|SAM:MobiDB-lite	Basic residues	compositional_bias
Q9VJ87	278-307	ECO:0000256|SAM:MobiDB-lite	Basic and acidic residues	compositional_bias
Q9VJ87	316-325	ECO:0000256|SAM:MobiDB-lite	Basic and acidic residues	compositional_bias
Q9VJ87	355-366	ECO:0000256|SAM:MobiDB-lite	Low complexity	compositional_bias
Q9VJ87	46-94	ECO:0000256|SAM:MobiDB-lite	Basic and acidic residues	compositional_bias
Q9VJ87	665-678	ECO:0000256|SAM:MobiDB-lite	Low complexity	compositional_bias
Q9VJ87	679-689	ECO:0000256|SAM:MobiDB-lite	Acidic residues	compositional_bias
Q9VJ87	9-36	ECO:0000256|SAM:MobiDB-lite	Low complexity	compositional_bias
Q9VJ87	941-951	ECO:0000256|SAM:MobiDB-lite	Low complexity	compositional_bias
Q9VJ87	952-963	ECO:0000256|SAM:MobiDB-lite	Acidic residues	compositional_bias
Q9VJ87	964-976	ECO:0000256|SAM:MobiDB-lite	Low complexity	compositional_bias
Q9VJ87	980-1012	ECO:0000256|SAM:MobiDB-lite	Basic residues	compositional_bias
Q9VJ87	99-113	ECO:0000256|SAM:MobiDB-lite	Low complexity	compositional_bias
Q9VJB6	1733-1744	ECO:0000256|SAM:MobiDB-lite	Gly residues	compositional_bias
Q9VJB6	1752-1763	ECO:0000256|SAM:MobiDB-lite	Gly residues	compositional_bias
Q9VJB6	1775-1786	ECO:0000256|SAM:MobiDB-lite	Gly residues	compositional_bias
Q9VJE5	1-11	ECO:0000256|SAM:MobiDB-lite	Polar residues	compositional_bias
Q9VJE5	1040-1052	ECO:0000256|SAM:MobiDB-lite	Basic and acidic residues	compositional_bias
Q9VJE5	1410-1419	ECO:0000256|SAM:MobiDB-lite	Basic and acidic residues	compositional_bias
Q9VJE5	214-226	ECO:0000256|SAM:MobiDB-lite	Polar residues	compositional_bias
Q9VJE5	39-51	ECO:0000256|SAM:MobiDB-lite	Polar residues	compositional_bias
Q9VJE5	865-885	ECO:0000256|SAM:MobiDB-lite	Polar residues	compositional_bias
Q9VJJ7	1085-1111	ECO:0000256|SAM:MobiDB-lite	Polar residues	compositional_bias
Q9VJJ7	878-893	ECO:0000256|SAM:MobiDB-lite	Low complexity	compositional_bias
Q9VJN5	195-208	ECO:0000256|SAM:MobiDB-lite	Acidic residues	compositional_bias
Q9VJN5	214-225	ECO:0000256|SAM:MobiDB-lite	Basic residues	compositional_bias
Q9VJN5	237-254	ECO:0000256|SAM:MobiDB-lite	Basic and acidic residues	compositional_bias
Q9VJN5	255-265	ECO:0000256|SAM:MobiDB-lite	Polar residues	compositional_bias
Q9VJQ4	44-57	ECO:0000256|SAM:MobiDB-lite	Basic and acidic residues	compositional_bias
Q9VJQ5	173-183	ECO:0000256|SAM:MobiDB-lite	Acidic residues	compositional_bias
Q9VJS8	121-134	ECO:0000256|SAM:MobiDB-lite	Low complexity	compositional_bias
Q9VJS8	137-146	ECO:0000256|SAM:MobiDB-lite	Polar residues	compositional_bias
Q9VJS8	153-173	ECO:0000256|SAM:MobiDB-lite	Polar residues	compositional_bias
Q9VJS8	224-236	ECO:0000256|SAM:MobiDB-lite	Polar residues	compositional_bias
Q9VJS8	388-406	ECO:0000256|SAM:MobiDB-lite	Gly residues	compositional_bias
Q9VJS8	96-110	ECO:0000256|SAM:MobiDB-lite	Low complexity	compositional_bias
Q9VJY6	124-133	ECO:0000256|SAM:MobiDB-lite	Low complexity	compositional_bias
Q9VJY8	131-149	ECO:0000256|SAM:MobiDB-lite	Basic residues	compositional_bias
Q9VJY8	160-178	ECO:0000256|SAM:MobiDB-lite	Low complexity	compositional_bias
Q9VJY9	211-223	ECO:0000256|SAM:MobiDB-lite	Polar residues	compositional_bias
Q9VJY9	228-242	ECO:0000256|SAM:MobiDB-lite	Gly residues	compositional_bias
Q9VJZ7	288-298	ECO:0000256|SAM:MobiDB-lite	Acidic residues	compositional_bias
Q9VJZ7	463-488	ECO:0000256|SAM:MobiDB-lite	Basic and acidic residues	compositional_bias
Q9VJZ7	497-520	ECO:0000256|SAM:MobiDB-lite	Basic and acidic residues	compositional_bias
Q9VJZ7	527-543	ECO:0000256|SAM:MobiDB-lite	Basic and acidic residues	compositional_bias
Q9VJZ7	554-564	ECO:0000256|SAM:MobiDB-lite	Low complexity	compositional_bias
Q9VJZ7	596-608	ECO:0000256|SAM:MobiDB-lite	Polar residues	compositional_bias
Q9VK07	681-696	ECO:0000256|SAM:MobiDB-lite	Polar residues	compositional_bias
Q9VK33	1052-1068	ECO:0000256|SAM:MobiDB-lite	Acidic residues	compositional_bias
Q9VK33	1071-1082	ECO:0000256|SAM:MobiDB-lite	Polar residues	compositional_bias
Q9VK33	1083-1092	ECO:0000256|SAM:MobiDB-lite	Low complexity	compositional_bias
Q9VK33	473-482	ECO:0000256|SAM:MobiDB-lite	Polar residues	compositional_bias
Q9VK33	991-1000	ECO:0000256|SAM:MobiDB-lite	Basic residues	compositional_bias
Q9VK34	104-137	ECO:0000256|SAM:MobiDB-lite	Acidic residues	compositional_bias
Q9VK34	41-67	ECO:0000256|SAM:MobiDB-lite	Low complexity	compositional_bias
Q9VK34	698-707	ECO:0000256|SAM:MobiDB-lite	Acidic residues	compositional_bias
Q9VK34	72-95	ECO:0000256|SAM:MobiDB-lite	Basic and acidic residues	compositional_bias
Q9VK34	798-813	ECO:0000256|SAM:MobiDB-lite	Basic and acidic residues	compositional_bias
Q9VK34	814-823	ECO:0000256|SAM:MobiDB-lite	Pro residues	compositional_bias
Q9VK45	2367-2376	ECO:0000256|SAM:MobiDB-lite	Gly residues	compositional_bias
Q9VK45	2377-2386	ECO:0000256|SAM:MobiDB-lite	Polar residues	compositional_bias
Q9VK71	602-617	ECO:0000256|SAM:MobiDB-lite	Low complexity	compositional_bias
Q9VK71	623-646	ECO:0000256|SAM:MobiDB-lite	Polar residues	compositional_bias
Q9VK71	647-665	ECO:0000256|SAM:MobiDB-lite	Low complexity	compositional_bias
Q9VK89	564-578	ECO:0000256|SAM:MobiDB-lite	Basic and acidic residues	compositional_bias
Q9VK91	288-324	ECO:0000256|SAM:MobiDB-lite	Acidic residues	compositional_bias
Q9VK91	352-368	ECO:0000256|SAM:MobiDB-lite	Low complexity	compositional_bias
Q9VKA4	849-867	ECO:0000256|SAM:MobiDB-lite	Polar residues	compositional_bias
Q9VKA5	251-264	ECO:0000256|SAM:MobiDB-lite	Basic and acidic residues	compositional_bias
Q9VKA5	265-281	ECO:0000256|SAM:MobiDB-lite	Acidic residues	compositional_bias
Q9VKB4	116-134	ECO:0000256|SAM:MobiDB-lite	Basic residues	compositional_bias
Q9VKB4	15-33	ECO:0000256|SAM:MobiDB-lite	Acidic residues	compositional_bias
Q9VKB4	59-88	ECO:0000256|SAM:MobiDB-lite	Acidic residues	compositional_bias
Q9VKB9	906-919	ECO:0000256|SAM:MobiDB-lite	Basic and acidic residues	compositional_bias
Q9VKG9	179-199	ECO:0000256|SAM:MobiDB-lite	Low complexity	compositional_bias
Q9VKG9	206-223	ECO:0000256|SAM:MobiDB-lite	Polar residues	compositional_bias
Q9VKG9	290-315	ECO:0000256|SAM:MobiDB-lite	Polar residues	compositional_bias
Q9VKG9	325-335	ECO:0000256|SAM:MobiDB-lite	Polar residues	compositional_bias
Q9VKG9	391-419	ECO:0000256|SAM:MobiDB-lite	Low complexity	compositional_bias
Q9VKJ1	1-10	ECO:0000256|SAM:MobiDB-lite	Basic and acidic residues	compositional_bias
Q9VKJ1	103-114	ECO:0000256|SAM:MobiDB-lite	Acidic residues	compositional_bias
Q9VKJ1	1036-1066	ECO:0000256|SAM:MobiDB-lite	Low complexity	compositional_bias
Q9VKJ1	1275-1290	ECO:0000256|SAM:MobiDB-lite	Polar residues	compositional_bias
Q9VKJ1	1360-1370	ECO:0000256|SAM:MobiDB-lite	Low complexity	compositional_bias
Q9VKJ1	23-35	ECO:0000256|SAM:MobiDB-lite	Acidic residues	compositional_bias
Q9VKJ1	702-720	ECO:0000256|SAM:MobiDB-lite	Polar residues	compositional_bias
Q9VKJ1	873-891	ECO:0000256|SAM:MobiDB-lite	Low complexity	compositional_bias
Q9VKJ9	1-11	ECO:0000256|SAM:MobiDB-lite	Basic and acidic residues	compositional_bias
Q9VKJ9	122-131	ECO:0000256|SAM:MobiDB-lite	Low complexity	compositional_bias
Q9VKJ9	220-243	ECO:0000256|SAM:MobiDB-lite	Pro residues	compositional_bias
Q9VKJ9	25-47	ECO:0000256|SAM:MobiDB-lite	Acidic residues	compositional_bias
Q9VKJ9	424-433	ECO:0000256|SAM:MobiDB-lite	Low complexity	compositional_bias
Q9VKJ9	434-449	ECO:0000256|SAM:MobiDB-lite	Pro residues	compositional_bias
Q9VKJ9	450-471	ECO:0000256|SAM:MobiDB-lite	Low complexity	compositional_bias
Q9VKJ9	483-492	ECO:0000256|SAM:MobiDB-lite	Polar residues	compositional_bias
Q9VKJ9	73-85	ECO:0000256|SAM:MobiDB-lite	Basic and acidic residues	compositional_bias
Q9VKJ9	86-100	ECO:0000256|SAM:MobiDB-lite	Acidic residues	compositional_bias
Q9VKK1	554-565	ECO:0000256|SAM:MobiDB-lite	Polar residues	compositional_bias
Q9VKK1	788-799	ECO:0000256|SAM:MobiDB-lite	Acidic residues	compositional_bias
Q9VKK1	853-884	ECO:0000256|SAM:MobiDB-lite	Low complexity	compositional_bias
Q9VKM1	41-72	ECO:0000256|SAM:MobiDB-lite	Basic and acidic residues	compositional_bias
Q9VKM6	105-121	ECO:0000256|SAM:MobiDB-lite	Basic residues	compositional_bias
Q9VKM6	36-72	ECO:0000256|SAM:MobiDB-lite	Acidic residues	compositional_bias
Q9VKM6	87-100	ECO:0000256|SAM:MobiDB-lite	Basic and acidic residues	compositional_bias
Q9VKN7	1-14	ECO:0000256|SAM:MobiDB-lite	Basic residues	compositional_bias
Q9VKQ6	568-589	ECO:0000256|SAM:MobiDB-lite	Acidic residues	compositional_bias
Q9VKQ6	629-640	ECO:0000256|SAM:MobiDB-lite	Polar residues	compositional_bias
Q9VKQ6	641-650	ECO:0000256|SAM:MobiDB-lite	Low complexity	compositional_bias
Q9VKQ9	31-68	ECO:0000256|SAM:MobiDB-lite	Low complexity	compositional_bias
Q9VKQ9	71-81	ECO:0000256|SAM:MobiDB-lite	Polar residues	compositional_bias
Q9VKV5	109-124	ECO:0000256|SAM:MobiDB-lite	Basic and acidic residues	compositional_bias
Q9VKV5	12-24	ECO:0000256|SAM:MobiDB-lite	Basic and acidic residues	compositional_bias
Q9VKV5	25-47	ECO:0000256|SAM:MobiDB-lite	Acidic residues	compositional_bias
Q9VKW2	340-363	ECO:0000256|SAM:MobiDB-lite	Polar residues	compositional_bias
Q9VKW2	383-399	ECO:0000256|SAM:MobiDB-lite	Basic and acidic residues	compositional_bias
Q9VL06	1401-1430	ECO:0000256|SAM:MobiDB-lite	Polar residues	compositional_bias
Q9VL06	1437-1448	ECO:0000256|SAM:MobiDB-lite	Polar residues	compositional_bias
Q9VL06	1575-1592	ECO:0000256|SAM:MobiDB-lite	Low complexity	compositional_bias
Q9VL06	1909-1930	ECO:0000256|SAM:MobiDB-lite	Acidic residues	compositional_bias
Q9VL06	2104-2115	ECO:0000256|SAM:MobiDB-lite	Polar residues	compositional_bias
Q9VL06	365-374	ECO:0000256|SAM:MobiDB-lite	Polar residues	compositional_bias
Q9VL14	1-20	ECO:0000256|SAM:MobiDB-lite	Polar residues	compositional_bias
Q9VL14	36-53	ECO:0000256|SAM:MobiDB-lite	Basic and acidic residues	compositional_bias
Q9VL18	114-125	ECO:0000256|SAM:MobiDB-lite	Basic and acidic residues	compositional_bias
Q9VL18	126-144	ECO:0000256|SAM:MobiDB-lite	Acidic residues	compositional_bias
Q9VL32	1141-1151	ECO:0000256|SAM:MobiDB-lite	Basic residues	compositional_bias
Q9VL32	1160-1176	ECO:0000256|SAM:MobiDB-lite	Low complexity	compositional_bias
Q9VL32	1212-1232	ECO:0000256|SAM:MobiDB-lite	Polar residues	compositional_bias
Q9VL32	1242-1251	ECO:0000256|SAM:MobiDB-lite	Basic and acidic residues	compositional_bias
Q9VL32	1766-1778	ECO:0000256|SAM:MobiDB-lite	Acidic residues	compositional_bias
Q9VL32	1793-1804	ECO:0000256|SAM:MobiDB-lite	Basic and acidic residues	compositional_bias
Q9VL32	1887-1902	ECO:0000256|SAM:MobiDB-lite	Basic and acidic residues	compositional_bias
Q9VL32	389-402	ECO:0000256|SAM:MobiDB-lite	Polar residues	compositional_bias
Q9VL32	403-421	ECO:0000256|SAM:MobiDB-lite	Basic and acidic residues	compositional_bias
Q9VL52	297-313	ECO:0000256|SAM:MobiDB-lite	Basic and acidic residues	compositional_bias
Q9VL52	339-348	ECO:0000256|SAM:MobiDB-lite	Polar residues	compositional_bias
Q9VL52	424-436	ECO:0000256|SAM:MobiDB-lite	Polar residues	compositional_bias
Q9VL59	252-261	ECO:0000256|SAM:MobiDB-lite	Acidic residues	compositional_bias
Q9VL59	262-271	ECO:0000256|SAM:MobiDB-lite	Low complexity	compositional_bias
Q9VL59	272-283	ECO:0000256|SAM:MobiDB-lite	Acidic residues	compositional_bias
Q9VL59	478-495	ECO:0000256|SAM:MobiDB-lite	Polar residues	compositional_bias
Q9VL59	496-513	ECO:0000256|SAM:MobiDB-lite	Basic and acidic residues	compositional_bias
Q9VL63	1-10	ECO:0000256|SAM:MobiDB-lite	Polar residues	compositional_bias
Q9VL63	12-28	ECO:0000256|SAM:MobiDB-lite	Basic residues	compositional_bias
Q9VL63	124-137	ECO:0000256|SAM:MobiDB-lite	Basic and acidic residues	compositional_bias
Q9VL63	249-269	ECO:0000256|SAM:MobiDB-lite	Basic and acidic residues	compositional_bias
Q9VL63	29-44	ECO:0000256|SAM:MobiDB-lite	Basic and acidic residues	compositional_bias
Q9VL63	53-76	ECO:0000256|SAM:MobiDB-lite	Basic and acidic residues	compositional_bias
Q9VL63	88-99	ECO:0000256|SAM:MobiDB-lite	Low complexity	compositional_bias
Q9VL72	1-23	ECO:0000256|SAM:MobiDB-lite	Low complexity	compositional_bias
Q9VL72	30-42	ECO:0000256|SAM:MobiDB-lite	Polar residues	compositional_bias
Q9VL96	454-469	ECO:0000256|SAM:MobiDB-lite	Acidic residues	compositional_bias
Q9VL96	497-521	ECO:0000256|SAM:MobiDB-lite	Acidic residues	compositional_bias
Q9VL96	522-533	ECO:0000256|SAM:MobiDB-lite	Basic and acidic residues	compositional_bias
Q9VL96	540-549	ECO:0000256|SAM:MobiDB-lite	Basic residues	compositional_bias
Q9VL96	550-559	ECO:0000256|SAM:MobiDB-lite	Basic and acidic residues	compositional_bias
Q9VL96	596-615	ECO:0000256|SAM:MobiDB-lite	Basic and acidic residues	compositional_bias
Q9VL96	616-627	ECO:0000256|SAM:MobiDB-lite	Low complexity	compositional_bias
Q9VLA1	398-409	ECO:0000256|SAM:MobiDB-lite	Basic and acidic residues	compositional_bias
Q9VLA2	20-37	ECO:0000256|SAM:MobiDB-lite	Polar residues	compositional_bias
Q9VLA2	44-61	ECO:0000256|SAM:MobiDB-lite	Low complexity	compositional_bias
Q9VLA2	490-501	ECO:0000256|SAM:MobiDB-lite	Polar residues	compositional_bias
Q9VLA2	569-580	ECO:0000256|SAM:MobiDB-lite	Pro residues	compositional_bias
Q9VLA2	583-593	ECO:0000256|SAM:MobiDB-lite	Basic residues	compositional_bias
Q9VLA2	594-606	ECO:0000256|SAM:MobiDB-lite	Low complexity	compositional_bias
Q9VLD6	153-162	ECO:0000256|SAM:MobiDB-lite	Basic residues	compositional_bias
Q9VLD6	178-188	ECO:0000256|SAM:MobiDB-lite	Low complexity	compositional_bias
Q9VLK2	103-112	ECO:0000256|SAM:MobiDB-lite	Low complexity	compositional_bias
Q9VLK2	189-217	ECO:0000256|SAM:MobiDB-lite	Low complexity	compositional_bias
Q9VLK2	54-74	ECO:0000256|SAM:MobiDB-lite	Basic and acidic residues	compositional_bias
Q9VLK2	599-610	ECO:0000256|SAM:MobiDB-lite	Basic and acidic residues	compositional_bias
Q9VLK2	611-681	ECO:0000256|SAM:MobiDB-lite	Acidic residues	compositional_bias
Q9VLK8	132-177	ECO:0000256|SAM:MobiDB-lite	Acidic residues	compositional_bias
Q9VLL3	120-132	ECO:0000256|SAM:MobiDB-lite	Basic residues	compositional_bias
Q9VLL3	139-151	ECO:0000256|SAM:MobiDB-lite	Basic and acidic residues	compositional_bias
Q9VLL3	152-181	ECO:0000256|SAM:MobiDB-lite	Low complexity	compositional_bias
Q9VLL3	216-227	ECO:0000256|SAM:MobiDB-lite	Basic and acidic residues	compositional_bias
Q9VLL3	246-262	ECO:0000256|SAM:MobiDB-lite	Low complexity	compositional_bias
Q9VLL3	468-480	ECO:0000256|SAM:MobiDB-lite	Pro residues	compositional_bias
Q9VLL3	532-544	ECO:0000256|SAM:MobiDB-lite	Basic and acidic residues	compositional_bias
Q9VLL3	545-561	ECO:0000256|SAM:MobiDB-lite	Low complexity	compositional_bias
Q9VLL3	578-594	ECO:0000256|SAM:MobiDB-lite	Basic and acidic residues	compositional_bias
Q9VLL3	59-77	ECO:0000256|SAM:MobiDB-lite	Basic and acidic residues	compositional_bias
Q9VLL3	626-638	ECO:0000256|SAM:MobiDB-lite	Low complexity	compositional_bias
Q9VLL3	674-684	ECO:0000256|SAM:MobiDB-lite	Basic and acidic residues	compositional_bias
Q9VLL3	8-38	ECO:0000256|SAM:MobiDB-lite	Basic and acidic residues	compositional_bias
Q9VLL3	81-93	ECO:0000256|SAM:MobiDB-lite	Low complexity	compositional_bias
Q9VLM6	1-11	ECO:0000256|SAM:MobiDB-lite	Basic residues	compositional_bias
Q9VLM6	38-49	ECO:0000256|SAM:MobiDB-lite	Polar residues	compositional_bias
Q9VLP4	167-176	ECO:0000256|SAM:MobiDB-lite	Basic and acidic residues	compositional_bias
Q9VLP4	177-191	ECO:0000256|SAM:MobiDB-lite	Low complexity	compositional_bias
Q9VLP4	393-414	ECO:0000256|SAM:MobiDB-lite	Polar residues	compositional_bias
Q9VLP4	485-503	ECO:0000256|SAM:MobiDB-lite	Polar residues	compositional_bias
Q9VLP7	382-397	ECO:0000256|SAM:MobiDB-lite	Basic residues	compositional_bias
Q9VLP7	40-51	ECO:0000256|SAM:MobiDB-lite	Polar residues	compositional_bias
Q9VLR5	17-42	ECO:0000256|SAM:MobiDB-lite	Basic and acidic residues	compositional_bias
Q9VLT5	1151-1170	ECO:0000256|SAM:MobiDB-lite	Polar residues	compositional_bias
Q9VLT5	1173-1184	ECO:0000256|SAM:MobiDB-lite	Basic and acidic residues	compositional_bias
Q9VLT5	146-162	ECO:0000256|SAM:MobiDB-lite	Low complexity	compositional_bias
Q9VLT5	1591-1603	ECO:0000256|SAM:MobiDB-lite	Gly residues	compositional_bias
Q9VLT5	163-177	ECO:0000256|SAM:MobiDB-lite	Basic and acidic residues	compositional_bias
Q9VLT5	2407-2419	ECO:0000256|SAM:MobiDB-lite	Low complexity	compositional_bias
Q9VLT5	2423-2434	ECO:0000256|SAM:MobiDB-lite	Polar residues	compositional_bias
Q9VLT5	2597-2610	ECO:0000256|SAM:MobiDB-lite	Low complexity	compositional_bias
Q9VLT5	3003-3013	ECO:0000256|SAM:MobiDB-lite	Polar residues	compositional_bias
Q9VLT5	3020-3030	ECO:0000256|SAM:MobiDB-lite	Gly residues	compositional_bias
Q9VLT5	3487-3500	ECO:0000256|SAM:MobiDB-lite	Low complexity	compositional_bias
Q9VLT5	417-437	ECO:0000256|SAM:MobiDB-lite	Low complexity	compositional_bias
Q9VLT5	678-694	ECO:0000256|SAM:MobiDB-lite	Low complexity	compositional_bias
Q9VLT8	104-115	ECO:0000256|SAM:MobiDB-lite	Low complexity	compositional_bias
Q9VLU6	105-118	ECO:0000256|SAM:MobiDB-lite	Basic and acidic residues	compositional_bias
Q9VLU6	66-81	ECO:0000256|SAM:MobiDB-lite	Basic and acidic residues	compositional_bias
Q9VLV7	104-120	ECO:0000256|SAM:MobiDB-lite	Low complexity	compositional_bias
Q9VLV7	127-153	ECO:0000256|SAM:MobiDB-lite	Low complexity	compositional_bias
Q9VLV7	169-185	ECO:0000256|SAM:MobiDB-lite	Low complexity	compositional_bias
Q9VLV7	191-210	ECO:0000256|SAM:MobiDB-lite	Polar residues	compositional_bias
Q9VLV7	218-239	ECO:0000256|SAM:MobiDB-lite	Pro residues	compositional_bias
Q9VLV7	288-306	ECO:0000256|SAM:MobiDB-lite	Acidic residues	compositional_bias
Q9VLV7	487-498	ECO:0000256|SAM:MobiDB-lite	Gly residues	compositional_bias
Q9VLW2	1-11	ECO:0000256|SAM:MobiDB-lite	Polar residues	compositional_bias
Q9VLW2	1016-1032	ECO:0000256|SAM:MobiDB-lite	Polar residues	compositional_bias
Q9VLW2	483-494	ECO:0000256|SAM:MobiDB-lite	Low complexity	compositional_bias
Q9VM17	122-131	ECO:0000256|SAM:MobiDB-lite	Low complexity	compositional_bias
Q9VM17	139-183	ECO:0000256|SAM:MobiDB-lite	Low complexity	compositional_bias
Q9VM17	187-198	ECO:0000256|SAM:MobiDB-lite	Gly residues	compositional_bias
Q9VM21	1-10	ECO:0000256|SAM:MobiDB-lite	Polar residues	compositional_bias
Q9VM21	37-51	ECO:0000256|SAM:MobiDB-lite	Acidic residues	compositional_bias
Q9VM35	22-41	ECO:0000256|SAM:MobiDB-lite	Low complexity	compositional_bias
Q9VM35	53-77	ECO:0000256|SAM:MobiDB-lite	Low complexity	compositional_bias
Q9VM46	1-21	ECO:0000256|SAM:MobiDB-lite	Basic and acidic residues	compositional_bias
Q9VM64	29-38	ECO:0000256|SAM:MobiDB-lite	Low complexity	compositional_bias
Q9VM64	671-684	ECO:0000256|SAM:MobiDB-lite	Polar residues	compositional_bias
Q9VM64	829-843	ECO:0000256|SAM:MobiDB-lite	Low complexity	compositional_bias
Q9VM64	870-886	ECO:0000256|SAM:MobiDB-lite	Low complexity	compositional_bias
Q9VM65	246-269	ECO:0000256|SAM:MobiDB-lite	Polar residues	compositional_bias
Q9VM71	432-454	ECO:0000256|SAM:MobiDB-lite	Polar residues	compositional_bias
Q9VM71	825-868	ECO:0000256|SAM:MobiDB-lite	Low complexity	compositional_bias
Q9VM71	878-908	ECO:0000256|SAM:MobiDB-lite	Low complexity	compositional_bias
Q9VM90	22-55	ECO:0000256|SAM:MobiDB-lite	Low complexity	compositional_bias
Q9VM91	39-49	ECO:0000256|SAM:MobiDB-lite	Pro residues	compositional_bias
Q9VM91	7-26	ECO:0000256|SAM:MobiDB-lite	Basic and acidic residues	compositional_bias
Q9VM91	794-807	ECO:0000256|SAM:MobiDB-lite	Polar residues	compositional_bias
Q9VM92	716-727	ECO:0000256|SAM:MobiDB-lite	Low complexity	compositional_bias
Q9VM95	148-159	ECO:0000256|SAM:MobiDB-lite	Basic and acidic residues	compositional_bias
Q9VM95	160-193	ECO:0000256|SAM:MobiDB-lite	Acidic residues	compositional_bias
Q9VM95	71-85	ECO:0000256|SAM:MobiDB-lite	Basic and acidic residues	compositional_bias
Q9VM95	86-108	ECO:0000256|SAM:MobiDB-lite	Acidic residues	compositional_bias
Q9VMA3	283-294	ECO:0000256|SAM:MobiDB-lite	Polar residues	compositional_bias
Q9VMA3	54-64	ECO:0000256|SAM:MobiDB-lite	Pro residues	compositional_bias
Q9VMA3	679-712	ECO:0000256|SAM:MobiDB-lite	Low complexity	compositional_bias
Q9VMA3	95-104	ECO:0000256|SAM:MobiDB-lite	Pro residues	compositional_bias
Q9VMA3	988-1001	ECO:0000256|SAM:MobiDB-lite	Low complexity	compositional_bias
Q9VMA7	1105-1114	ECO:0000256|SAM:MobiDB-lite	Low complexity	compositional_bias
Q9VMA7	1115-1126	ECO:0000256|SAM:MobiDB-lite	Basic and acidic residues	compositional_bias
Q9VMA7	1321-1334	ECO:0000256|SAM:MobiDB-lite	Pro residues	compositional_bias
Q9VMA7	1336-1346	ECO:0000256|SAM:MobiDB-lite	Basic and acidic residues	compositional_bias
Q9VMA7	1348-1361	ECO:0000256|SAM:MobiDB-lite	Acidic residues	compositional_bias
Q9VMA7	1364-1380	ECO:0000256|SAM:MobiDB-lite	Basic residues	compositional_bias
Q9VMA7	1387-1402	ECO:0000256|SAM:MobiDB-lite	Polar residues	compositional_bias
Q9VMA7	1408-1417	ECO:0000256|SAM:MobiDB-lite	Pro residues	compositional_bias
Q9VMA7	1420-1430	ECO:0000256|SAM:MobiDB-lite	Polar residues	compositional_bias
Q9VMA7	284-296	ECO:0000256|SAM:MobiDB-lite	Acidic residues	compositional_bias
Q9VMA7	331-357	ECO:0000256|SAM:MobiDB-lite	Basic and acidic residues	compositional_bias
Q9VMA7	497-524	ECO:0000256|SAM:MobiDB-lite	Basic and acidic residues	compositional_bias
Q9VMA7	568-588	ECO:0000256|SAM:MobiDB-lite	Basic and acidic residues	compositional_bias
Q9VMA7	594-621	ECO:0000256|SAM:MobiDB-lite	Polar residues	compositional_bias
Q9VMA7	640-651	ECO:0000256|SAM:MobiDB-lite	Low complexity	compositional_bias
Q9VMD0	1541-1555	ECO:0000256|SAM:MobiDB-lite	Acidic residues	compositional_bias
Q9VMD0	506-520	ECO:0000256|SAM:MobiDB-lite	Low complexity	compositional_bias
Q9VMD0	528-542	ECO:0000256|SAM:MobiDB-lite	Low complexity	compositional_bias
Q9VMD0	600-625	ECO:0000256|SAM:MobiDB-lite	Low complexity	compositional_bias
Q9VMD0	626-635	ECO:0000256|SAM:MobiDB-lite	Polar residues	compositional_bias
Q9VMD0	636-645	ECO:0000256|SAM:MobiDB-lite	Low complexity	compositional_bias
Q9VMD0	658-698	ECO:0000256|SAM:MobiDB-lite	Low complexity	compositional_bias
Q9VMD0	699-711	ECO:0000256|SAM:MobiDB-lite	Polar residues	compositional_bias
Q9VMD0	885-894	ECO:0000256|SAM:MobiDB-lite	Polar residues	compositional_bias
Q9VMD0	924-937	ECO:0000256|SAM:MobiDB-lite	Low complexity	compositional_bias
Q9VMD9	1985-1998	ECO:0000256|SAM:MobiDB-lite	Basic and acidic residues	compositional_bias
Q9VMD9	2000-2009	ECO:0000256|SAM:MobiDB-lite	Acidic residues	compositional_bias
Q9VMD9	2016-2033	ECO:0000256|SAM:MobiDB-lite	Pro residues	compositional_bias
Q9VMD9	2057-2077	ECO:0000256|SAM:MobiDB-lite	Low complexity	compositional_bias
Q9VMD9	2091-2101	ECO:0000256|SAM:MobiDB-lite	Low complexity	compositional_bias
Q9VMD9	2115-2139	ECO:0000256|SAM:MobiDB-lite	Polar residues	compositional_bias
Q9VMD9	2148-2165	ECO:0000256|SAM:MobiDB-lite	Low complexity	compositional_bias
Q9VMD9	2179-2188	ECO:0000256|SAM:MobiDB-lite	Basic and acidic residues	compositional_bias
Q9VMH0	35-51	ECO:0000256|SAM:MobiDB-lite	Low complexity	compositional_bias
Q9VMJ7	136-145	ECO:0000256|SAM:MobiDB-lite	Polar residues	compositional_bias
Q9VMJ7	1407-1417	ECO:0000256|SAM:MobiDB-lite	Low complexity	compositional_bias
Q9VMJ7	1453-1462	ECO:0000256|SAM:MobiDB-lite	Acidic residues	compositional_bias
Q9VMJ7	15-31	ECO:0000256|SAM:MobiDB-lite	Gly residues	compositional_bias
Q9VMJ7	1576-1595	ECO:0000256|SAM:MobiDB-lite	Low complexity	compositional_bias
Q9VMJ7	1624-1650	ECO:0000256|SAM:MobiDB-lite	Low complexity	compositional_bias
Q9VMJ7	1658-1667	ECO:0000256|SAM:MobiDB-lite	Low complexity	compositional_bias
Q9VMJ7	1674-1683	ECO:0000256|SAM:MobiDB-lite	Low complexity	compositional_bias
Q9VMJ7	1692-1736	ECO:0000256|SAM:MobiDB-lite	Low complexity	compositional_bias
Q9VMJ7	321-333	ECO:0000256|SAM:MobiDB-lite	Low complexity	compositional_bias
Q9VMJ7	351-361	ECO:0000256|SAM:MobiDB-lite	Polar residues	compositional_bias
Q9VMJ7	369-380	ECO:0000256|SAM:MobiDB-lite	Polar residues	compositional_bias
Q9VMJ7	416-430	ECO:0000256|SAM:MobiDB-lite	Polar residues	compositional_bias
Q9VMJ7	45-56	ECO:0000256|SAM:MobiDB-lite	Low complexity	compositional_bias
Q9VMK3	311-321	ECO:0000256|SAM:MobiDB-lite	Pro residues	compositional_bias
Q9VML1	110-119	ECO:0000256|SAM:MobiDB-lite	Low complexity	compositional_bias
Q9VML1	120-133	ECO:0000256|SAM:MobiDB-lite	Basic residues	compositional_bias
Q9VML1	134-149	ECO:0000256|SAM:MobiDB-lite	Low complexity	compositional_bias
Q9VML1	214-245	ECO:0000256|SAM:MobiDB-lite	Low complexity	compositional_bias
Q9VML1	295-327	ECO:0000256|SAM:MobiDB-lite	Low complexity	compositional_bias
Q9VML1	352-361	ECO:0000256|SAM:MobiDB-lite	Low complexity	compositional_bias
Q9VML1	363-396	ECO:0000256|SAM:MobiDB-lite	Polar residues	compositional_bias
Q9VML1	406-431	ECO:0000256|SAM:MobiDB-lite	Low complexity	compositional_bias
Q9VML1	432-441	ECO:0000256|SAM:MobiDB-lite	Pro residues	compositional_bias
Q9VML1	94-109	ECO:0000256|SAM:MobiDB-lite	Basic residues	compositional_bias
Q9VML9	1-15	ECO:0000256|SAM:MobiDB-lite	Polar residues	compositional_bias
Q9VML9	390-401	ECO:0000256|SAM:MobiDB-lite	Low complexity	compositional_bias
Q9VML9	414-429	ECO:0000256|SAM:MobiDB-lite	Basic residues	compositional_bias
Q9VML9	441-454	ECO:0000256|SAM:MobiDB-lite	Gly residues	compositional_bias
Q9VML9	455-470	ECO:0000256|SAM:MobiDB-lite	Low complexity	compositional_bias
Q9VML9	524-534	ECO:0000256|SAM:MobiDB-lite	Gly residues	compositional_bias
Q9VML9	55-74	ECO:0000256|SAM:MobiDB-lite	Low complexity	compositional_bias
Q9VML9	653-669	ECO:0000256|SAM:MobiDB-lite	Polar residues	compositional_bias
Q9VML9	79-89	ECO:0000256|SAM:MobiDB-lite	Pro residues	compositional_bias
Q9VMQ7	181-192	ECO:0000256|SAM:MobiDB-lite	Polar residues	compositional_bias
Q9VMQ7	220-237	ECO:0000256|SAM:MobiDB-lite	Low complexity	compositional_bias
Q9VMU5	161-201	ECO:0000256|SAM:MobiDB-lite	Low complexity	compositional_bias
Q9VMU5	17-31	ECO:0000256|SAM:MobiDB-lite	Basic and acidic residues	compositional_bias
Q9VMU5	362-379	ECO:0000256|SAM:MobiDB-lite	Basic and acidic residues	compositional_bias
Q9VMU5	406-420	ECO:0000256|SAM:MobiDB-lite	Low complexity	compositional_bias
Q9VMU5	441-454	ECO:0000256|SAM:MobiDB-lite	Polar residues	compositional_bias
Q9VMW9	1-13	ECO:0000256|SAM:MobiDB-lite	Polar residues	compositional_bias
Q9VMW9	24-36	ECO:0000256|SAM:MobiDB-lite	Polar residues	compositional_bias
Q9VMX6	32-63	ECO:0000256|SAM:MobiDB-lite	Polar residues	compositional_bias
Q9VN03	727-741	ECO:0000256|SAM:MobiDB-lite	Polar residues	compositional_bias
Q9VN12	298-310	ECO:0000256|SAM:MobiDB-lite	Polar residues	compositional_bias
Q9VN12	320-333	ECO:0000256|SAM:MobiDB-lite	Polar residues	compositional_bias
Q9VN12	395-405	ECO:0000256|SAM:MobiDB-lite	Polar residues	compositional_bias
Q9VN12	411-422	ECO:0000256|SAM:MobiDB-lite	Basic and acidic residues	compositional_bias
Q9VN14	58-67	ECO:0000256|SAM:MobiDB-lite	Polar residues	compositional_bias
Q9VN25	1059-1086	ECO:0000256|SAM:MobiDB-lite	Basic and acidic residues	compositional_bias
Q9VN25	1109-1130	ECO:0000256|SAM:MobiDB-lite	Basic and acidic residues	compositional_bias
Q9VN25	588-623	ECO:0000256|SAM:MobiDB-lite	Basic and acidic residues	compositional_bias
Q9VN25	829-899	ECO:0000256|SAM:MobiDB-lite	Basic and acidic residues	compositional_bias
Q9VN25	920-976	ECO:0000256|SAM:MobiDB-lite	Basic and acidic residues	compositional_bias
Q9VN25	990-1051	ECO:0000256|SAM:MobiDB-lite	Basic and acidic residues	compositional_bias
Q9VN45	113-123	ECO:0000256|SAM:MobiDB-lite	Basic and acidic residues	compositional_bias
Q9VN91	23-45	ECO:0000256|SAM:MobiDB-lite	Low complexity	compositional_bias
Q9VN93	29-45	ECO:0000256|SAM:MobiDB-lite	Low complexity	compositional_bias
Q9VNA8	315-335	ECO:0000256|SAM:MobiDB-lite	Polar residues	compositional_bias
Q9VNG1	373-384	ECO:0000256|SAM:MobiDB-lite	Basic residues	compositional_bias
Q9VNG1	385-395	ECO:0000256|SAM:MobiDB-lite	Basic and acidic residues	compositional_bias
Q9VNG1	396-420	ECO:0000256|SAM:MobiDB-lite	Acidic residues	compositional_bias
Q9VNG1	455-472	ECO:0000256|SAM:MobiDB-lite	Basic residues	compositional_bias
Q9VNG1	476-486	ECO:0000256|SAM:MobiDB-lite	Polar residues	compositional_bias
Q9VNG1	546-557	ECO:0000256|SAM:MobiDB-lite	Polar residues	compositional_bias
Q9VNH1	1-12	ECO:0000256|SAM:MobiDB-lite	Polar residues	compositional_bias
Q9VNH1	34-44	ECO:0000256|SAM:MobiDB-lite	Basic and acidic residues	compositional_bias
Q9VNI3	28-41	ECO:0000256|SAM:MobiDB-lite	Basic and acidic residues	compositional_bias
Q9VNI3	54-69	ECO:0000256|SAM:MobiDB-lite	Basic and acidic residues	compositional_bias
Q9VNJ5	104-124	ECO:0000256|SAM:MobiDB-lite	Basic residues	compositional_bias
Q9VNL4	217-227	ECO:0000256|SAM:MobiDB-lite	Basic and acidic residues	compositional_bias
Q9VNL4	33-45	ECO:0000256|SAM:MobiDB-lite	Polar residues	compositional_bias
Q9VNL4	58-69	ECO:0000256|SAM:MobiDB-lite	Low complexity	compositional_bias
Q9VNL4	70-84	ECO:0000256|SAM:MobiDB-lite	Polar residues	compositional_bias
Q9VNP5	757-775	ECO:0000256|SAM:MobiDB-lite	Basic and acidic residues	compositional_bias
Q9VNS0	63-78	ECO:0000256|SAM:MobiDB-lite	Basic and acidic residues	compositional_bias
Q9VNX1	608-618	ECO:0000256|SAM:MobiDB-lite	Acidic residues	compositional_bias
Q9VNX1	628-649	ECO:0000256|SAM:MobiDB-lite	Polar residues	compositional_bias
Q9VNX1	739-748	ECO:0000256|SAM:MobiDB-lite	Basic and acidic residues	compositional_bias
Q9VNX1	766-780	ECO:0000256|SAM:MobiDB-lite	Low complexity	compositional_bias
Q9VNX8	441-450	ECO:0000256|SAM:MobiDB-lite	Basic and acidic residues	compositional_bias
Q9VNX8	492-501	ECO:0000256|SAM:MobiDB-lite	Low complexity	compositional_bias
Q9VNX8	583-593	ECO:0000256|SAM:MobiDB-lite	Basic and acidic residues	compositional_bias
Q9VP05	1-10	ECO:0000256|SAM:MobiDB-lite	Polar residues	compositional_bias
Q9VP05	1143-1159	ECO:0000256|SAM:MobiDB-lite	Low complexity	compositional_bias
Q9VP05	1185-1225	ECO:0000256|SAM:MobiDB-lite	Low complexity	compositional_bias
Q9VP05	1265-1276	ECO:0000256|SAM:MobiDB-lite	Low complexity	compositional_bias
Q9VP05	1286-1296	ECO:0000256|SAM:MobiDB-lite	Polar residues	compositional_bias
Q9VP05	1334-1346	ECO:0000256|SAM:MobiDB-lite	Low complexity	compositional_bias
Q9VP05	1399-1409	ECO:0000256|SAM:MobiDB-lite	Low complexity	compositional_bias
Q9VP05	1415-1430	ECO:0000256|SAM:MobiDB-lite	Polar residues	compositional_bias
Q9VP05	1442-1458	ECO:0000256|SAM:MobiDB-lite	Polar residues	compositional_bias
Q9VP05	621-641	ECO:0000256|SAM:MobiDB-lite	Low complexity	compositional_bias
Q9VP05	711-729	ECO:0000256|SAM:MobiDB-lite	Low complexity	compositional_bias
Q9VP05	738-782	ECO:0000256|SAM:MobiDB-lite	Low complexity	compositional_bias
Q9VP05	860-874	ECO:0000256|SAM:MobiDB-lite	Polar residues	compositional_bias
Q9VP05	888-897	ECO:0000256|SAM:MobiDB-lite	Polar residues	compositional_bias
Q9VP05	919-934	ECO:0000256|SAM:MobiDB-lite	Low complexity	compositional_bias
Q9VP05	944-953	ECO:0000256|SAM:MobiDB-lite	Pro residues	compositional_bias
Q9VP05	954-966	ECO:0000256|SAM:MobiDB-lite	Low complexity	compositional_bias
Q9VP05	973-989	ECO:0000256|SAM:MobiDB-lite	Low complexity	compositional_bias
Q9VP22	134-162	ECO:0000256|SAM:MobiDB-lite	Basic residues	compositional_bias
Q9VP22	163-176	ECO:0000256|SAM:MobiDB-lite	Low complexity	compositional_bias
Q9VP22	18-32	ECO:0000256|SAM:MobiDB-lite	Acidic residues	compositional_bias
Q9VP22	189-215	ECO:0000256|SAM:MobiDB-lite	Polar residues	compositional_bias
Q9VP22	224-255	ECO:0000256|SAM:MobiDB-lite	Polar residues	compositional_bias
Q9VP22	256-281	ECO:0000256|SAM:MobiDB-lite	Low complexity	compositional_bias
Q9VP22	315-332	ECO:0000256|SAM:MobiDB-lite	Basic and acidic residues	compositional_bias
Q9VP22	392-403	ECO:0000256|SAM:MobiDB-lite	Basic and acidic residues	compositional_bias
Q9VP22	408-422	ECO:0000256|SAM:MobiDB-lite	Low complexity	compositional_bias
Q9VP22	444-468	ECO:0000256|SAM:MobiDB-lite	Polar residues	compositional_bias
Q9VP22	473-484	ECO:0000256|SAM:MobiDB-lite	Low complexity	compositional_bias
Q9VP22	495-508	ECO:0000256|SAM:MobiDB-lite	Basic residues	compositional_bias
Q9VP22	518-533	ECO:0000256|SAM:MobiDB-lite	Low complexity	compositional_bias
Q9VP22	55-76	ECO:0000256|SAM:MobiDB-lite	Basic and acidic residues	compositional_bias
Q9VP22	586-603	ECO:0000256|SAM:MobiDB-lite	Polar residues	compositional_bias
Q9VP22	609-623	ECO:0000256|SAM:MobiDB-lite	Low complexity	compositional_bias
Q9VP22	644-656	ECO:0000256|SAM:MobiDB-lite	Polar residues	compositional_bias
Q9VP22	721-731	ECO:0000256|SAM:MobiDB-lite	Polar residues	compositional_bias
Q9VP22	746-760	ECO:0000256|SAM:MobiDB-lite	Acidic residues	compositional_bias
Q9VP22	85-94	ECO:0000256|SAM:MobiDB-lite	Polar residues	compositional_bias
Q9VP47	16-27	ECO:0000256|SAM:MobiDB-lite	Basic residues	compositional_bias
Q9VP47	317-340	ECO:0000256|SAM:MobiDB-lite	Basic and acidic residues	compositional_bias
Q9VP47	395-426	ECO:0000256|SAM:MobiDB-lite	Acidic residues	compositional_bias
Q9VP47	431-442	ECO:0000256|SAM:MobiDB-lite	Basic and acidic residues	compositional_bias
Q9VP48	47-56	ECO:0000256|SAM:MobiDB-lite	Basic and acidic residues	compositional_bias
Q9VP48	67-86	ECO:0000256|SAM:MobiDB-lite	Low complexity	compositional_bias
Q9VP48	7-21	ECO:0000256|SAM:MobiDB-lite	Gly residues	compositional_bias
Q9VP48	87-109	ECO:0000256|SAM:MobiDB-lite	Basic residues	compositional_bias
Q9VP76	109-123	ECO:0000256|SAM:MobiDB-lite	Acidic residues	compositional_bias
Q9VP76	153-168	ECO:0000256|SAM:MobiDB-lite	Low complexity	compositional_bias
Q9VP76	1648-1659	ECO:0000256|SAM:MobiDB-lite	Polar residues	compositional_bias
Q9VP76	1668-1681	ECO:0000256|SAM:MobiDB-lite	Basic residues	compositional_bias
Q9VP76	1682-1693	ECO:0000256|SAM:MobiDB-lite	Polar residues	compositional_bias
Q9VP76	41-53	ECO:0000256|SAM:MobiDB-lite	Polar residues	compositional_bias
Q9VP76	75-84	ECO:0000256|SAM:MobiDB-lite	Basic and acidic residues	compositional_bias
Q9VPB1	100-109	ECO:0000256|SAM:MobiDB-lite	Low complexity	compositional_bias
Q9VPB1	67-84	ECO:0000256|SAM:MobiDB-lite	Low complexity	compositional_bias
Q9VPB1	85-99	ECO:0000256|SAM:MobiDB-lite	Gly residues	compositional_bias
Q9VPC0	16-26	ECO:0000256|SAM:MobiDB-lite	Basic and acidic residues	compositional_bias
Q9VPC0	169-196	ECO:0000256|SAM:MobiDB-lite	Basic and acidic residues	compositional_bias
Q9VPC0	216-240	ECO:0000256|SAM:MobiDB-lite	Basic and acidic residues	compositional_bias
Q9VPC0	302-333	ECO:0000256|SAM:MobiDB-lite	Basic and acidic residues	compositional_bias
Q9VPC0	357-378	ECO:0000256|SAM:MobiDB-lite	Basic and acidic residues	compositional_bias
Q9VPC0	379-400	ECO:0000256|SAM:MobiDB-lite	Acidic residues	compositional_bias
Q9VPC0	401-412	ECO:0000256|SAM:MobiDB-lite	Polar residues	compositional_bias
Q9VPC0	457-470	ECO:0000256|SAM:MobiDB-lite	Low complexity	compositional_bias
Q9VPC0	503-538	ECO:0000256|SAM:MobiDB-lite	Basic and acidic residues	compositional_bias
Q9VPC0	53-66	ECO:0000256|SAM:MobiDB-lite	Basic residues	compositional_bias
Q9VPC0	78-93	ECO:0000256|SAM:MobiDB-lite	Basic and acidic residues	compositional_bias
Q9VPD3	478-490	ECO:0000256|SAM:MobiDB-lite	Low complexity	compositional_bias
Q9VPD3	7-25	ECO:0000256|SAM:MobiDB-lite	Polar residues	compositional_bias
Q9VPF0	1253-1270	ECO:0000256|SAM:MobiDB-lite	Polar residues	compositional_bias
Q9VPF0	1271-1285	ECO:0000256|SAM:MobiDB-lite	Low complexity	compositional_bias
Q9VPF0	1293-1315	ECO:0000256|SAM:MobiDB-lite	Low complexity	compositional_bias
Q9VPF0	1316-1328	ECO:0000256|SAM:MobiDB-lite	Polar residues	compositional_bias
Q9VPF0	1377-1391	ECO:0000256|SAM:MobiDB-lite	Polar residues	compositional_bias
Q9VPF0	1398-1407	ECO:0000256|SAM:MobiDB-lite	Pro residues	compositional_bias
Q9VPH0	70-80	ECO:0000256|SAM:MobiDB-lite	Basic residues	compositional_bias
Q9VPH0	81-97	ECO:0000256|SAM:MobiDB-lite	Low complexity	compositional_bias
Q9VPH2	480-490	ECO:0000256|SAM:MobiDB-lite	Basic and acidic residues	compositional_bias
Q9VPM5	1-11	ECO:0000256|SAM:MobiDB-lite	Polar residues	compositional_bias
Q9VPM5	199-208	ECO:0000256|SAM:MobiDB-lite	Basic and acidic residues	compositional_bias
Q9VPM5	268-289	ECO:0000256|SAM:MobiDB-lite	Low complexity	compositional_bias
Q9VPM5	327-336	ECO:0000256|SAM:MobiDB-lite	Acidic residues	compositional_bias
Q9VPM5	428-447	ECO:0000256|SAM:MobiDB-lite	Basic residues	compositional_bias
Q9VPM5	456-480	ECO:0000256|SAM:MobiDB-lite	Acidic residues	compositional_bias
Q9VPM5	67-79	ECO:0000256|SAM:MobiDB-lite	Basic and acidic residues	compositional_bias
Q9VPM5	80-89	ECO:0000256|SAM:MobiDB-lite	Basic residues	compositional_bias
Q9VPM5	90-101	ECO:0000256|SAM:MobiDB-lite	Gly residues	compositional_bias
Q9VPN2	473-482	ECO:0000256|SAM:MobiDB-lite	Basic and acidic residues	compositional_bias
Q9VPQ6	1025-1040	ECO:0000256|SAM:MobiDB-lite	Polar residues	compositional_bias
Q9VPQ6	130-151	ECO:0000256|SAM:MobiDB-lite	Pro residues	compositional_bias
Q9VPQ6	19-28	ECO:0000256|SAM:MobiDB-lite	Basic and acidic residues	compositional_bias
Q9VPQ6	254-266	ECO:0000256|SAM:MobiDB-lite	Low complexity	compositional_bias
Q9VPQ6	383-394	ECO:0000256|SAM:MobiDB-lite	Gly residues	compositional_bias
Q9VPQ6	509-523	ECO:0000256|SAM:MobiDB-lite	Low complexity	compositional_bias
Q9VPQ6	602-613	ECO:0000256|SAM:MobiDB-lite	Low complexity	compositional_bias
Q9VPQ6	61-73	ECO:0000256|SAM:MobiDB-lite	Acidic residues	compositional_bias
Q9VPQ6	620-635	ECO:0000256|SAM:MobiDB-lite	Low complexity	compositional_bias
Q9VPT4	1-10	ECO:0000256|SAM:MobiDB-lite	Polar residues	compositional_bias
Q9VPT4	16-31	ECO:0000256|SAM:MobiDB-lite	Basic residues	compositional_bias
Q9VPU8	232-245	ECO:0000256|SAM:MobiDB-lite	Basic residues	compositional_bias
Q9VPU8	276-302	ECO:0000256|SAM:MobiDB-lite	Basic and acidic residues	compositional_bias
Q9VPU8	315-330	ECO:0000256|SAM:MobiDB-lite	Basic and acidic residues	compositional_bias
Q9VPU8	331-345	ECO:0000256|SAM:MobiDB-lite	Basic residues	compositional_bias
Q9VPW1	375-387	ECO:0000256|SAM:MobiDB-lite	Basic and acidic residues	compositional_bias
Q9VPW1	388-427	ECO:0000256|SAM:MobiDB-lite	Acidic residues	compositional_bias
Q9VPY8	397-417	ECO:0000256|SAM:MobiDB-lite	Basic and acidic residues	compositional_bias
Q9VQ26	545-562	ECO:0000256|SAM:MobiDB-lite	Acidic residues	compositional_bias
Q9VQ30	364-374	ECO:0000256|SAM:MobiDB-lite	Low complexity	compositional_bias
Q9VQ30	384-409	ECO:0000256|SAM:MobiDB-lite	Polar residues	compositional_bias
Q9VQ30	425-437	ECO:0000256|SAM:MobiDB-lite	Acidic residues	compositional_bias
Q9VQ30	461-470	ECO:0000256|SAM:MobiDB-lite	Low complexity	compositional_bias
Q9VQ36	709-720	ECO:0000256|SAM:MobiDB-lite	Polar residues	compositional_bias
Q9VQ36	757-771	ECO:0000256|SAM:MobiDB-lite	Polar residues	compositional_bias
Q9VQ36	818-828	ECO:0000256|SAM:MobiDB-lite	Polar residues	compositional_bias
Q9VQ36	930-942	ECO:0000256|SAM:MobiDB-lite	Low complexity	compositional_bias
Q9VQ56	252-262	ECO:0000256|SAM:MobiDB-lite	Polar residues	compositional_bias
Q9VQ56	283-298	ECO:0000256|SAM:MobiDB-lite	Low complexity	compositional_bias
Q9VQ56	30-47	ECO:0000256|SAM:MobiDB-lite	Low complexity	compositional_bias
Q9VQ56	305-314	ECO:0000256|SAM:MobiDB-lite	Low complexity	compositional_bias
Q9VQ56	513-547	ECO:0000256|SAM:MobiDB-lite	Polar residues	compositional_bias
Q9VQ56	581-602	ECO:0000256|SAM:MobiDB-lite	Low complexity	compositional_bias
Q9VQ56	86-98	ECO:0000256|SAM:MobiDB-lite	Acidic residues	compositional_bias
Q9VQ79	656-676	ECO:0000256|SAM:MobiDB-lite	Low complexity	compositional_bias
Q9VQ89	350-376	ECO:0000256|SAM:MobiDB-lite	Low complexity	compositional_bias
Q9VQ91	209-224	ECO:0000256|SAM:MobiDB-lite	Basic and acidic residues	compositional_bias
Q9VQ91	232-243	ECO:0000256|SAM:MobiDB-lite	Low complexity	compositional_bias
Q9VQ91	561-576	ECO:0000256|SAM:MobiDB-lite	Low complexity	compositional_bias
Q9VQ93	37-52	ECO:0000256|SAM:MobiDB-lite	Basic and acidic residues	compositional_bias
Q9VQB6	179-220	ECO:0000256|SAM:MobiDB-lite	Low complexity	compositional_bias
Q9VQB6	227-247	ECO:0000256|SAM:MobiDB-lite	Low complexity	compositional_bias
Q9VQB6	248-259	ECO:0000256|SAM:MobiDB-lite	Basic residues	compositional_bias
Q9VQB6	346-378	ECO:0000256|SAM:MobiDB-lite	Basic and acidic residues	compositional_bias
Q9VQB6	454-463	ECO:0000256|SAM:MobiDB-lite	Low complexity	compositional_bias
Q9VQB6	845-858	ECO:0000256|SAM:MobiDB-lite	Basic and acidic residues	compositional_bias
Q9VQB6	890-907	ECO:0000256|SAM:MobiDB-lite	Low complexity	compositional_bias
Q9VQB6	920-947	ECO:0000256|SAM:MobiDB-lite	Low complexity	compositional_bias
Q9VQB6	950-965	ECO:0000256|SAM:MobiDB-lite	Polar residues	compositional_bias
Q9VQF7	29-41	ECO:0000256|SAM:MobiDB-lite	Basic and acidic residues	compositional_bias
Q9VQF7	42-51	ECO:0000256|SAM:MobiDB-lite	Low complexity	compositional_bias
Q9VQF7	72-89	ECO:0000256|SAM:MobiDB-lite	Basic and acidic residues	compositional_bias
Q9VQF7	99-152	ECO:0000256|SAM:MobiDB-lite	Acidic residues	compositional_bias
Q9VQI9	1011-1022	ECO:0000256|SAM:MobiDB-lite	Polar residues	compositional_bias
Q9VQI9	1034-1060	ECO:0000256|SAM:MobiDB-lite	Low complexity	compositional_bias
Q9VQI9	1065-1082	ECO:0000256|SAM:MobiDB-lite	Basic and acidic residues	compositional_bias
Q9VQI9	1190-1205	ECO:0000256|SAM:MobiDB-lite	Polar residues	compositional_bias
Q9VQI9	1226-1243	ECO:0000256|SAM:MobiDB-lite	Basic and acidic residues	compositional_bias
Q9VQI9	1252-1282	ECO:0000256|SAM:MobiDB-lite	Basic and acidic residues	compositional_bias
Q9VQI9	146-180	ECO:0000256|SAM:MobiDB-lite	Low complexity	compositional_bias
Q9VQI9	1564-1583	ECO:0000256|SAM:MobiDB-lite	Low complexity	compositional_bias
Q9VQI9	223-244	ECO:0000256|SAM:MobiDB-lite	Low complexity	compositional_bias
Q9VQI9	428-441	ECO:0000256|SAM:MobiDB-lite	Basic and acidic residues	compositional_bias
Q9VQI9	443-454	ECO:0000256|SAM:MobiDB-lite	Acidic residues	compositional_bias
Q9VQI9	465-486	ECO:0000256|SAM:MobiDB-lite	Low complexity	compositional_bias
Q9VQI9	491-500	ECO:0000256|SAM:MobiDB-lite	Basic residues	compositional_bias
Q9VQI9	501-525	ECO:0000256|SAM:MobiDB-lite	Low complexity	compositional_bias
Q9VQI9	577-586	ECO:0000256|SAM:MobiDB-lite	Gly residues	compositional_bias
Q9VQI9	594-604	ECO:0000256|SAM:MobiDB-lite	Polar residues	compositional_bias
Q9VQI9	71-80	ECO:0000256|SAM:MobiDB-lite	Basic and acidic residues	compositional_bias
Q9VQI9	724-757	ECO:0000256|SAM:MobiDB-lite	Low complexity	compositional_bias
Q9VQI9	775-788	ECO:0000256|SAM:MobiDB-lite	Polar residues	compositional_bias
Q9VQI9	802-812	ECO:0000256|SAM:MobiDB-lite	Basic residues	compositional_bias
Q9VQI9	860-898	ECO:0000256|SAM:MobiDB-lite	Low complexity	compositional_bias
Q9VQI9	909-919	ECO:0000256|SAM:MobiDB-lite	Polar residues	compositional_bias
Q9VQI9	949-965	ECO:0000256|SAM:MobiDB-lite	Low complexity	compositional_bias
Q9VQI9	993-1004	ECO:0000256|SAM:MobiDB-lite	Low complexity	compositional_bias
Q9VQK0	628-637	ECO:0000256|SAM:MobiDB-lite	Polar residues	compositional_bias
Q9VQK0	800-818	ECO:0000256|SAM:MobiDB-lite	Polar residues	compositional_bias
Q9VQK0	903-925	ECO:0000256|SAM:MobiDB-lite	Polar residues	compositional_bias
Q9VQK0	927-947	ECO:0000256|SAM:MobiDB-lite	Low complexity	compositional_bias
Q9VQK0	959-968	ECO:0000256|SAM:MobiDB-lite	Polar residues	compositional_bias
Q9VQM4	87-110	ECO:0000256|SAM:MobiDB-lite	Low complexity	compositional_bias
Q9VQN8	141-151	ECO:0000256|SAM:MobiDB-lite	Low complexity	compositional_bias
Q9VQQ0	343-352	ECO:0000256|SAM:MobiDB-lite	Pro residues	compositional_bias
Q9VQQ0	363-388	ECO:0000256|SAM:MobiDB-lite	Low complexity	compositional_bias
Q9VQQ9	398-413	ECO:0000256|SAM:MobiDB-lite	Basic and acidic residues	compositional_bias
Q9VQS7	183-202	ECO:0000256|SAM:MobiDB-lite	Low complexity	compositional_bias
Q9VQS7	224-261	ECO:0000256|SAM:MobiDB-lite	Low complexity	compositional_bias
Q9VQU9	1-10	ECO:0000256|SAM:MobiDB-lite	Low complexity	compositional_bias
Q9VQU9	391-403	ECO:0000256|SAM:MobiDB-lite	Acidic residues	compositional_bias
Q9VQU9	424-441	ECO:0000256|SAM:MobiDB-lite	Basic and acidic residues	compositional_bias
Q9VQU9	442-458	ECO:0000256|SAM:MobiDB-lite	Acidic residues	compositional_bias
Q9VQU9	468-482	ECO:0000256|SAM:MobiDB-lite	Acidic residues	compositional_bias
Q9VQU9	492-504	ECO:0000256|SAM:MobiDB-lite	Low complexity	compositional_bias
Q9VQU9	508-522	ECO:0000256|SAM:MobiDB-lite	Basic and acidic residues	compositional_bias
Q9VQU9	53-64	ECO:0000256|SAM:MobiDB-lite	Gly residues	compositional_bias
Q9VQU9	561-576	ECO:0000256|SAM:MobiDB-lite	Pro residues	compositional_bias
Q9VQU9	719-731	ECO:0000256|SAM:MobiDB-lite	Pro residues	compositional_bias
Q9VQY9	182-203	ECO:0000256|SAM:MobiDB-lite	Low complexity	compositional_bias
Q9VR17	155-168	ECO:0000256|SAM:MobiDB-lite	Basic and acidic residues	compositional_bias
Q9VR17	198-209	ECO:0000256|SAM:MobiDB-lite	Acidic residues	compositional_bias
Q9VR20	375-389	ECO:0000256|SAM:MobiDB-lite	Polar residues	compositional_bias
Q9VR20	395-404	ECO:0000256|SAM:MobiDB-lite	Pro residues	compositional_bias
Q9VR35	314-323	ECO:0000256|SAM:MobiDB-lite	Low complexity	compositional_bias
Q9VR35	525-536	ECO:0000256|SAM:MobiDB-lite	Low complexity	compositional_bias
Q9VR35	546-563	ECO:0000256|SAM:MobiDB-lite	Basic and acidic residues	compositional_bias
Q9VR38	1-16	ECO:0000256|SAM:MobiDB-lite	Polar residues	compositional_bias
Q9VR56	17-33	ECO:0000256|SAM:MobiDB-lite	Polar residues	compositional_bias
Q9VR56	276-302	ECO:0000256|SAM:MobiDB-lite	Basic and acidic residues	compositional_bias
Q9VR56	40-58	ECO:0000256|SAM:MobiDB-lite	Basic and acidic residues	compositional_bias
Q9VR56	78-87	ECO:0000256|SAM:MobiDB-lite	Basic and acidic residues	compositional_bias
Q9VR59	14-29	ECO:0000256|SAM:MobiDB-lite	Low complexity	compositional_bias
Q9VR59	1677-1687	ECO:0000256|SAM:MobiDB-lite	Acidic residues	compositional_bias
Q9VR59	45-54	ECO:0000256|SAM:MobiDB-lite	Acidic residues	compositional_bias
Q9VR59	953-963	ECO:0000256|SAM:MobiDB-lite	Polar residues	compositional_bias
Q9VR89	1-15	ECO:0000256|SAM:MobiDB-lite	Basic and acidic residues	compositional_bias
Q9VR91	1446-1458	ECO:0000256|SAM:MobiDB-lite	Polar residues	compositional_bias
Q9VR91	18-31	ECO:0000256|SAM:MobiDB-lite	Low complexity	compositional_bias
Q9VR91	2396-2412	ECO:0000256|SAM:MobiDB-lite	Polar residues	compositional_bias
Q9VR91	2591-2604	ECO:0000256|SAM:MobiDB-lite	Low complexity	compositional_bias
Q9VR91	32-41	ECO:0000256|SAM:MobiDB-lite	Gly residues	compositional_bias
Q9VR91	3974-3988	ECO:0000256|SAM:MobiDB-lite	Low complexity	compositional_bias
Q9VR91	49-59	ECO:0000256|SAM:MobiDB-lite	Gly residues	compositional_bias
Q9VR91	8-17	ECO:0000256|SAM:MobiDB-lite	Gly residues	compositional_bias
Q9VR99	1-15	ECO:0000256|SAM:MobiDB-lite	Basic residues	compositional_bias
Q9VR99	113-156	ECO:0000256|SAM:MobiDB-lite	Basic and acidic residues	compositional_bias
Q9VR99	16-67	ECO:0000256|SAM:MobiDB-lite	Basic and acidic residues	compositional_bias
Q9VR99	465-489	ECO:0000256|SAM:MobiDB-lite	Acidic residues	compositional_bias
Q9VR99	512-521	ECO:0000256|SAM:MobiDB-lite	Basic and acidic residues	compositional_bias
Q9VR99	522-539	ECO:0000256|SAM:MobiDB-lite	Acidic residues	compositional_bias
Q9VR99	68-78	ECO:0000256|SAM:MobiDB-lite	Basic residues	compositional_bias
Q9VR99	79-92	ECO:0000256|SAM:MobiDB-lite	Low complexity	compositional_bias
Q9VRJ0	488-501	ECO:0000256|SAM:MobiDB-lite	Basic and acidic residues	compositional_bias
Q9VRJ0	502-511	ECO:0000256|SAM:MobiDB-lite	Basic residues	compositional_bias
Q9VRJ0	708-726	ECO:0000256|SAM:MobiDB-lite	Acidic residues	compositional_bias
Q9VRJ2	351-367	ECO:0000256|SAM:MobiDB-lite	Low complexity	compositional_bias
Q9VRJ2	409-423	ECO:0000256|SAM:MobiDB-lite	Basic and acidic residues	compositional_bias
Q9VRM7	449-460	ECO:0000256|SAM:MobiDB-lite	Polar residues	compositional_bias
Q9VRN3	1-15	ECO:0000256|SAM:MobiDB-lite	Polar residues	compositional_bias
Q9VRN3	127-158	ECO:0000256|SAM:MobiDB-lite	Polar residues	compositional_bias
Q9VRN3	159-172	ECO:0000256|SAM:MobiDB-lite	Basic and acidic residues	compositional_bias
Q9VRN3	173-189	ECO:0000256|SAM:MobiDB-lite	Low complexity	compositional_bias
Q9VRN3	197-213	ECO:0000256|SAM:MobiDB-lite	Low complexity	compositional_bias
Q9VRN3	214-225	ECO:0000256|SAM:MobiDB-lite	Basic residues	compositional_bias
Q9VRN5	170-188	ECO:0000256|SAM:MobiDB-lite	Low complexity	compositional_bias
Q9VRP5	23-44	ECO:0000256|SAM:MobiDB-lite	Polar residues	compositional_bias
Q9VRP5	502-517	ECO:0000256|SAM:MobiDB-lite	Low complexity	compositional_bias
Q9VRP5	546-559	ECO:0000256|SAM:MobiDB-lite	Low complexity	compositional_bias
Q9VRP5	587-606	ECO:0000256|SAM:MobiDB-lite	Low complexity	compositional_bias
Q9VRP5	629-641	ECO:0000256|SAM:MobiDB-lite	Polar residues	compositional_bias
Q9VRP5	703-728	ECO:0000256|SAM:MobiDB-lite	Polar residues	compositional_bias
Q9VRP5	729-746	ECO:0000256|SAM:MobiDB-lite	Basic and acidic residues	compositional_bias
Q9VRP5	747-756	ECO:0000256|SAM:MobiDB-lite	Acidic residues	compositional_bias
Q9VRP5	766-776	ECO:0000256|SAM:MobiDB-lite	Low complexity	compositional_bias
Q9VRP5	777-786	ECO:0000256|SAM:MobiDB-lite	Pro residues	compositional_bias
Q9VRP5	832-844	ECO:0000256|SAM:MobiDB-lite	Polar residues	compositional_bias
Q9VRP5	859-881	ECO:0000256|SAM:MobiDB-lite	Polar residues	compositional_bias
Q9VRP5	912-923	ECO:0000256|SAM:MobiDB-lite	Basic and acidic residues	compositional_bias
Q9VRP5	942-953	ECO:0000256|SAM:MobiDB-lite	Low complexity	compositional_bias
Q9VRP9	320-335	ECO:0000256|SAM:MobiDB-lite	Low complexity	compositional_bias
Q9VRP9	552-566	ECO:0000256|SAM:MobiDB-lite	Basic and acidic residues	compositional_bias
Q9VRP9	567-586	ECO:0000256|SAM:MobiDB-lite	Polar residues	compositional_bias
Q9VRP9	615-632	ECO:0000256|SAM:MobiDB-lite	Basic and acidic residues	compositional_bias
Q9VRP9	635-647	ECO:0000256|SAM:MobiDB-lite	Polar residues	compositional_bias
Q9VRP9	649-664	ECO:0000256|SAM:MobiDB-lite	Basic and acidic residues	compositional_bias
Q9VRX3	430-441	ECO:0000256|SAM:MobiDB-lite	Gly residues	compositional_bias
Q9VS05	133-160	ECO:0000256|SAM:MobiDB-lite	Polar residues	compositional_bias
Q9VS05	203-220	ECO:0000256|SAM:MobiDB-lite	Low complexity	compositional_bias
Q9VS05	257-273	ECO:0000256|SAM:MobiDB-lite	Polar residues	compositional_bias
Q9VS05	34-48	ECO:0000256|SAM:MobiDB-lite	Basic residues	compositional_bias
Q9VS05	583-593	ECO:0000256|SAM:MobiDB-lite	Low complexity	compositional_bias
Q9VS05	594-611	ECO:0000256|SAM:MobiDB-lite	Basic residues	compositional_bias
Q9VS05	612-625	ECO:0000256|SAM:MobiDB-lite	Low complexity	compositional_bias
Q9VS05	637-647	ECO:0000256|SAM:MobiDB-lite	Basic and acidic residues	compositional_bias
Q9VS24	415-433	ECO:0000256|SAM:MobiDB-lite	Low complexity	compositional_bias
Q9VS24	486-517	ECO:0000256|SAM:MobiDB-lite	Polar residues	compositional_bias
Q9VS24	540-553	ECO:0000256|SAM:MobiDB-lite	Low complexity	compositional_bias
Q9VS29	1757-1766	ECO:0000256|SAM:MobiDB-lite	Basic residues	compositional_bias
Q9VS29	1831-1846	ECO:0000256|SAM:MobiDB-lite	Polar residues	compositional_bias
Q9VS29	1848-1858	ECO:0000256|SAM:MobiDB-lite	Basic residues	compositional_bias
Q9VS29	1859-1868	ECO:0000256|SAM:MobiDB-lite	Polar residues	compositional_bias
Q9VS29	1875-1903	ECO:0000256|SAM:MobiDB-lite	Low complexity	compositional_bias
Q9VS29	1942-1974	ECO:0000256|SAM:MobiDB-lite	Low complexity	compositional_bias
Q9VS29	2036-2051	ECO:0000256|SAM:MobiDB-lite	Low complexity	compositional_bias
Q9VS29	2055-2066	ECO:0000256|SAM:MobiDB-lite	Polar residues	compositional_bias
Q9VS36	152-167	ECO:0000256|SAM:MobiDB-lite	Basic residues	compositional_bias
Q9VS36	168-181	ECO:0000256|SAM:MobiDB-lite	Polar residues	compositional_bias
Q9VS38	166-190	ECO:0000256|SAM:MobiDB-lite	Polar residues	compositional_bias
Q9VS38	194-204	ECO:0000256|SAM:MobiDB-lite	Gly residues	compositional_bias
Q9VS38	246-258	ECO:0000256|SAM:MobiDB-lite	Low complexity	compositional_bias
Q9VS48	382-393	ECO:0000256|SAM:MobiDB-lite	Low complexity	compositional_bias
Q9VS48	395-410	ECO:0000256|SAM:MobiDB-lite	Basic and acidic residues	compositional_bias
Q9VS48	411-430	ECO:0000256|SAM:MobiDB-lite	Polar residues	compositional_bias
Q9VS48	613-633	ECO:0000256|SAM:MobiDB-lite	Polar residues	compositional_bias
Q9VS48	678-689	ECO:0000256|SAM:MobiDB-lite	Polar residues	compositional_bias
Q9VS50	114-125	ECO:0000256|SAM:MobiDB-lite	Low complexity	compositional_bias
Q9VS50	138-153	ECO:0000256|SAM:MobiDB-lite	Low complexity	compositional_bias
Q9VS50	290-309	ECO:0000256|SAM:MobiDB-lite	Basic and acidic residues	compositional_bias
Q9VS50	329-343	ECO:0000256|SAM:MobiDB-lite	Polar residues	compositional_bias
Q9VS50	395-405	ECO:0000256|SAM:MobiDB-lite	Polar residues	compositional_bias
Q9VS50	432-447	ECO:0000256|SAM:MobiDB-lite	Polar residues	compositional_bias
Q9VS50	99-113	ECO:0000256|SAM:MobiDB-lite	Polar residues	compositional_bias
Q9VS59	112-122	ECO:0000256|SAM:MobiDB-lite	Low complexity	compositional_bias
Q9VS59	44-57	ECO:0000256|SAM:MobiDB-lite	Polar residues	compositional_bias
Q9VS59	65-75	ECO:0000256|SAM:MobiDB-lite	Polar residues	compositional_bias
Q9VS60	541-562	ECO:0000256|SAM:MobiDB-lite	Low complexity	compositional_bias
Q9VSA4	469-483	ECO:0000256|SAM:MobiDB-lite	Acidic residues	compositional_bias
Q9VSA4	813-822	ECO:0000256|SAM:MobiDB-lite	Basic and acidic residues	compositional_bias
Q9VSA4	841-850	ECO:0000256|SAM:MobiDB-lite	Polar residues	compositional_bias
Q9VSA4	859-874	ECO:0000256|SAM:MobiDB-lite	Low complexity	compositional_bias
Q9VSE2	1-10	ECO:0000256|SAM:MobiDB-lite	Basic residues	compositional_bias
Q9VSE2	103-112	ECO:0000256|SAM:MobiDB-lite	Basic and acidic residues	compositional_bias
Q9VSE2	64-78	ECO:0000256|SAM:MobiDB-lite	Polar residues	compositional_bias
Q9VSE2	89-102	ECO:0000256|SAM:MobiDB-lite	Polar residues	compositional_bias
Q9VSH4	187-203	ECO:0000256|SAM:MobiDB-lite	Pro residues	compositional_bias
Q9VSH4	205-223	ECO:0000256|SAM:MobiDB-lite	Gly residues	compositional_bias
Q9VSH4	256-266	ECO:0000256|SAM:MobiDB-lite	Pro residues	compositional_bias
Q9VSH4	295-307	ECO:0000256|SAM:MobiDB-lite	Pro residues	compositional_bias
Q9VSH4	338-352	ECO:0000256|SAM:MobiDB-lite	Pro residues	compositional_bias
Q9VSH4	391-406	ECO:0000256|SAM:MobiDB-lite	Low complexity	compositional_bias
Q9VSH4	420-435	ECO:0000256|SAM:MobiDB-lite	Pro residues	compositional_bias
Q9VSH4	518-528	ECO:0000256|SAM:MobiDB-lite	Basic and acidic residues	compositional_bias
Q9VSH4	529-538	ECO:0000256|SAM:MobiDB-lite	Basic residues	compositional_bias
Q9VSH4	539-590	ECO:0000256|SAM:MobiDB-lite	Basic and acidic residues	compositional_bias
Q9VSH4	598-610	ECO:0000256|SAM:MobiDB-lite	Low complexity	compositional_bias
Q9VSH4	612-652	ECO:0000256|SAM:MobiDB-lite	Basic and acidic residues	compositional_bias
Q9VSK8	542-562	ECO:0000256|SAM:MobiDB-lite	Basic and acidic residues	compositional_bias
Q9VSK9	1-12	ECO:0000256|SAM:MobiDB-lite	Basic residues	compositional_bias
Q9VSK9	13-23	ECO:0000256|SAM:MobiDB-lite	Polar residues	compositional_bias
Q9VSK9	184-197	ECO:0000256|SAM:MobiDB-lite	Basic and acidic residues	compositional_bias
Q9VSK9	505-523	ECO:0000256|SAM:MobiDB-lite	Acidic residues	compositional_bias
Q9VSK9	690-700	ECO:0000256|SAM:MobiDB-lite	Basic and acidic residues	compositional_bias
Q9VSK9	715-724	ECO:0000256|SAM:MobiDB-lite	Acidic residues	compositional_bias
Q9VSK9	725-734	ECO:0000256|SAM:MobiDB-lite	Low complexity	compositional_bias
Q9VSL7	40-56	ECO:0000256|SAM:MobiDB-lite	Polar residues	compositional_bias
Q9VSR3	176-205	ECO:0000256|SAM:MobiDB-lite	Low complexity	compositional_bias
Q9VSR3	218-233	ECO:0000256|SAM:MobiDB-lite	Low complexity	compositional_bias
Q9VSR3	417-429	ECO:0000256|SAM:MobiDB-lite	Low complexity	compositional_bias
Q9VSR3	9-42	ECO:0000256|SAM:MobiDB-lite	Low complexity	compositional_bias
Q9VSS2	1-12	ECO:0000256|SAM:MobiDB-lite	Polar residues	compositional_bias
Q9VSU7	138-147	ECO:0000256|SAM:MobiDB-lite	Polar residues	compositional_bias
Q9VSU7	76-92	ECO:0000256|SAM:MobiDB-lite	Polar residues	compositional_bias
Q9VSY4	233-254	ECO:0000256|SAM:MobiDB-lite	Polar residues	compositional_bias
Q9VSY4	283-293	ECO:0000256|SAM:MobiDB-lite	Low complexity	compositional_bias
Q9VSY4	318-336	ECO:0000256|SAM:MobiDB-lite	Acidic residues	compositional_bias
Q9VSY4	339-356	ECO:0000256|SAM:MobiDB-lite	Pro residues	compositional_bias
Q9VSY4	426-439	ECO:0000256|SAM:MobiDB-lite	Polar residues	compositional_bias
Q9VT00	1018-1027	ECO:0000256|SAM:MobiDB-lite	Low complexity	compositional_bias
Q9VT00	1036-1055	ECO:0000256|SAM:MobiDB-lite	Low complexity	compositional_bias
Q9VT00	1110-1124	ECO:0000256|SAM:MobiDB-lite	Low complexity	compositional_bias
Q9VT00	1235-1245	ECO:0000256|SAM:MobiDB-lite	Acidic residues	compositional_bias
Q9VT00	1305-1325	ECO:0000256|SAM:MobiDB-lite	Basic and acidic residues	compositional_bias
Q9VT00	1326-1341	ECO:0000256|SAM:MobiDB-lite	Polar residues	compositional_bias
Q9VT00	1343-1357	ECO:0000256|SAM:MobiDB-lite	Basic and acidic residues	compositional_bias
Q9VT00	1358-1394	ECO:0000256|SAM:MobiDB-lite	Low complexity	compositional_bias
Q9VT00	140-160	ECO:0000256|SAM:MobiDB-lite	Low complexity	compositional_bias
Q9VT00	1440-1451	ECO:0000256|SAM:MobiDB-lite	Low complexity	compositional_bias
Q9VT00	1465-1480	ECO:0000256|SAM:MobiDB-lite	Basic and acidic residues	compositional_bias
Q9VT00	17-26	ECO:0000256|SAM:MobiDB-lite	Pro residues	compositional_bias
Q9VT00	188-200	ECO:0000256|SAM:MobiDB-lite	Basic and acidic residues	compositional_bias
Q9VT00	1932-1951	ECO:0000256|SAM:MobiDB-lite	Acidic residues	compositional_bias
Q9VT00	228-238	ECO:0000256|SAM:MobiDB-lite	Basic and acidic residues	compositional_bias
Q9VT00	27-39	ECO:0000256|SAM:MobiDB-lite	Low complexity	compositional_bias
Q9VT00	279-298	ECO:0000256|SAM:MobiDB-lite	Acidic residues	compositional_bias
Q9VT00	304-324	ECO:0000256|SAM:MobiDB-lite	Basic and acidic residues	compositional_bias
Q9VT00	359-369	ECO:0000256|SAM:MobiDB-lite	Low complexity	compositional_bias
Q9VT00	386-429	ECO:0000256|SAM:MobiDB-lite	Basic and acidic residues	compositional_bias
Q9VT00	483-499	ECO:0000256|SAM:MobiDB-lite	Low complexity	compositional_bias
Q9VT00	507-556	ECO:0000256|SAM:MobiDB-lite	Basic and acidic residues	compositional_bias
Q9VT00	59-93	ECO:0000256|SAM:MobiDB-lite	Low complexity	compositional_bias
Q9VT00	658-671	ECO:0000256|SAM:MobiDB-lite	Basic and acidic residues	compositional_bias
Q9VT00	782-793	ECO:0000256|SAM:MobiDB-lite	Acidic residues	compositional_bias
Q9VT00	972-984	ECO:0000256|SAM:MobiDB-lite	Polar residues	compositional_bias
Q9VT28	123-157	ECO:0000256|SAM:MobiDB-lite	Polar residues	compositional_bias
Q9VT28	1263-1272	ECO:0000256|SAM:MobiDB-lite	Low complexity	compositional_bias
Q9VT28	2127-2157	ECO:0000256|SAM:MobiDB-lite	Low complexity	compositional_bias
Q9VT28	2359-2375	ECO:0000256|SAM:MobiDB-lite	Polar residues	compositional_bias
Q9VT28	2839-2854	ECO:0000256|SAM:MobiDB-lite	Polar residues	compositional_bias
Q9VT28	2909-2919	ECO:0000256|SAM:MobiDB-lite	Low complexity	compositional_bias
Q9VT28	3017-3029	ECO:0000256|SAM:MobiDB-lite	Acidic residues	compositional_bias
Q9VT28	33-49	ECO:0000256|SAM:MobiDB-lite	Low complexity	compositional_bias
Q9VT41	989-1001	ECO:0000256|SAM:MobiDB-lite	Polar residues	compositional_bias
Q9VT50	79-91	ECO:0000256|SAM:MobiDB-lite	Acidic residues	compositional_bias
Q9VT53	81-96	ECO:0000256|SAM:MobiDB-lite	Basic and acidic residues	compositional_bias
Q9VT57	373-400	ECO:0000256|SAM:MobiDB-lite	Low complexity	compositional_bias
Q9VT57	424-454	ECO:0000256|SAM:MobiDB-lite	Low complexity	compositional_bias
Q9VTE0	14-36	ECO:0000256|SAM:MobiDB-lite	Polar residues	compositional_bias
Q9VTE2	360-369	ECO:0000256|SAM:MobiDB-lite	Polar residues	compositional_bias
Q9VTE2	373-386	ECO:0000256|SAM:MobiDB-lite	Basic residues	compositional_bias
Q9VTE2	392-401	ECO:0000256|SAM:MobiDB-lite	Acidic residues	compositional_bias
Q9VTE2	516-526	ECO:0000256|SAM:MobiDB-lite	Polar residues	compositional_bias
Q9VTE2	527-543	ECO:0000256|SAM:MobiDB-lite	Basic and acidic residues	compositional_bias
Q9VTE2	552-563	ECO:0000256|SAM:MobiDB-lite	Basic residues	compositional_bias
Q9VTE2	674-685	ECO:0000256|SAM:MobiDB-lite	Basic residues	compositional_bias
Q9VTE2	825-856	ECO:0000256|SAM:MobiDB-lite	Polar residues	compositional_bias
Q9VTE2	863-880	ECO:0000256|SAM:MobiDB-lite	Polar residues	compositional_bias
Q9VTE2	915-944	ECO:0000256|SAM:MobiDB-lite	Polar residues	compositional_bias
Q9VTE2	953-962	ECO:0000256|SAM:MobiDB-lite	Basic residues	compositional_bias
Q9VTE6	1048-1065	ECO:0000256|SAM:MobiDB-lite	Acidic residues	compositional_bias
Q9VTE6	1127-1143	ECO:0000256|SAM:MobiDB-lite	Basic and acidic residues	compositional_bias
Q9VTE6	113-122	ECO:0000256|SAM:MobiDB-lite	Basic and acidic residues	compositional_bias
Q9VTE6	1156-1166	ECO:0000256|SAM:MobiDB-lite	Low complexity	compositional_bias
Q9VTE6	176-200	ECO:0000256|SAM:MobiDB-lite	Basic and acidic residues	compositional_bias
Q9VTE6	207-216	ECO:0000256|SAM:MobiDB-lite	Acidic residues	compositional_bias
Q9VTE6	33-63	ECO:0000256|SAM:MobiDB-lite	Basic and acidic residues	compositional_bias
Q9VTE6	715-724	ECO:0000256|SAM:MobiDB-lite	Acidic residues	compositional_bias
Q9VTE6	725-739	ECO:0000256|SAM:MobiDB-lite	Basic and acidic residues	compositional_bias
Q9VTE6	897-906	ECO:0000256|SAM:MobiDB-lite	Basic and acidic residues	compositional_bias
Q9VTE6	907-916	ECO:0000256|SAM:MobiDB-lite	Acidic residues	compositional_bias
Q9VTE6	945-954	ECO:0000256|SAM:MobiDB-lite	Acidic residues	compositional_bias
Q9VTE6	95-104	ECO:0000256|SAM:MobiDB-lite	Polar residues	compositional_bias
Q9VTE6	981-1038	ECO:0000256|SAM:MobiDB-lite	Acidic residues	compositional_bias
Q9VTG7	94-120	ECO:0000256|SAM:MobiDB-lite	Low complexity	compositional_bias
Q9VTH4	46-69	ECO:0000256|SAM:MobiDB-lite	Low complexity	compositional_bias
Q9VTH4	77-96	ECO:0000256|SAM:MobiDB-lite	Low complexity	compositional_bias
Q9VTI8	84-96	ECO:0000256|SAM:MobiDB-lite	Gly residues	compositional_bias
Q9VTK2	1-10	ECO:0000256|SAM:MobiDB-lite	Polar residues	compositional_bias
Q9VTK2	105-139	ECO:0000256|SAM:MobiDB-lite	Low complexity	compositional_bias
Q9VTK2	18-34	ECO:0000256|SAM:MobiDB-lite	Polar residues	compositional_bias
Q9VTM0	1-11	ECO:0000256|SAM:MobiDB-lite	Polar residues	compositional_bias
Q9VTT0	1041-1053	ECO:0000256|SAM:MobiDB-lite	Low complexity	compositional_bias
Q9VTT9	38-51	ECO:0000256|SAM:MobiDB-lite	Gly residues	compositional_bias
Q9VTT9	473-492	ECO:0000256|SAM:MobiDB-lite	Acidic residues	compositional_bias
Q9VTU0	160-176	ECO:0000256|SAM:MobiDB-lite	Basic and acidic residues	compositional_bias
Q9VTU0	441-452	ECO:0000256|SAM:MobiDB-lite	Acidic residues	compositional_bias
Q9VTU0	48-64	ECO:0000256|SAM:MobiDB-lite	Acidic residues	compositional_bias
Q9VTU0	609-619	ECO:0000256|SAM:MobiDB-lite	Low complexity	compositional_bias
Q9VTU0	630-640	ECO:0000256|SAM:MobiDB-lite	Basic residues	compositional_bias
Q9VTU0	650-664	ECO:0000256|SAM:MobiDB-lite	Basic and acidic residues	compositional_bias
Q9VTU0	674-692	ECO:0000256|SAM:MobiDB-lite	Basic and acidic residues	compositional_bias
Q9VTU0	720-748	ECO:0000256|SAM:MobiDB-lite	Polar residues	compositional_bias
Q9VTU0	756-773	ECO:0000256|SAM:MobiDB-lite	Polar residues	compositional_bias
Q9VTU0	792-805	ECO:0000256|SAM:MobiDB-lite	Polar residues	compositional_bias
Q9VTU0	812-826	ECO:0000256|SAM:MobiDB-lite	Low complexity	compositional_bias
Q9VTU0	82-91	ECO:0000256|SAM:MobiDB-lite	Basic and acidic residues	compositional_bias
Q9VTU0	842-855	ECO:0000256|SAM:MobiDB-lite	Basic residues	compositional_bias
Q9VTU1	1-18	ECO:0000256|SAM:MobiDB-lite	Polar residues	compositional_bias
Q9VTU3	257-266	ECO:0000256|SAM:MobiDB-lite	Polar residues	compositional_bias
Q9VTV1	328-340	ECO:0000256|SAM:MobiDB-lite	Acidic residues	compositional_bias
Q9VTW2	1-28	ECO:0000256|SAM:MobiDB-lite	Polar residues	compositional_bias
Q9VTW2	106-120	ECO:0000256|SAM:MobiDB-lite	Basic residues	compositional_bias
Q9VTX8	254-268	ECO:0000256|SAM:MobiDB-lite	Low complexity	compositional_bias
Q9VTY4	148-157	ECO:0000256|SAM:MobiDB-lite	Low complexity	compositional_bias
Q9VTY6	19-28	ECO:0000256|SAM:MobiDB-lite	Basic and acidic residues	compositional_bias
Q9VTZ5	332-361	ECO:0000256|SAM:MobiDB-lite	Polar residues	compositional_bias
Q9VU02	87-124	ECO:0000256|SAM:MobiDB-lite	Basic residues	compositional_bias
Q9VU08	3751-3764	ECO:0000256|SAM:MobiDB-lite	Basic and acidic residues	compositional_bias
Q9VU65	321-338	ECO:0000256|SAM:MobiDB-lite	Low complexity	compositional_bias
Q9VU84	289-300	ECO:0000256|SAM:MobiDB-lite	Polar residues	compositional_bias
Q9VU84	324-340	ECO:0000256|SAM:MobiDB-lite	Pro residues	compositional_bias
Q9VU84	387-422	ECO:0000256|SAM:MobiDB-lite	Polar residues	compositional_bias
Q9VU84	431-445	ECO:0000256|SAM:MobiDB-lite	Low complexity	compositional_bias
Q9VU86	1042-1071	ECO:0000256|SAM:MobiDB-lite	Low complexity	compositional_bias
Q9VU86	138-154	ECO:0000256|SAM:MobiDB-lite	Low complexity	compositional_bias
Q9VU86	1382-1406	ECO:0000256|SAM:MobiDB-lite	Low complexity	compositional_bias
Q9VU86	1449-1460	ECO:0000256|SAM:MobiDB-lite	Low complexity	compositional_bias
Q9VU86	1468-1482	ECO:0000256|SAM:MobiDB-lite	Low complexity	compositional_bias
Q9VU86	1569-1592	ECO:0000256|SAM:MobiDB-lite	Low complexity	compositional_bias
Q9VU86	1594-1613	ECO:0000256|SAM:MobiDB-lite	Polar residues	compositional_bias
Q9VU86	177-194	ECO:0000256|SAM:MobiDB-lite	Low complexity	compositional_bias
Q9VU86	1796-1809	ECO:0000256|SAM:MobiDB-lite	Polar residues	compositional_bias
Q9VU86	1852-1861	ECO:0000256|SAM:MobiDB-lite	Low complexity	compositional_bias
Q9VU86	213-227	ECO:0000256|SAM:MobiDB-lite	Basic residues	compositional_bias
Q9VU86	234-291	ECO:0000256|SAM:MobiDB-lite	Low complexity	compositional_bias
Q9VU86	616-635	ECO:0000256|SAM:MobiDB-lite	Low complexity	compositional_bias
Q9VUA0	107-123	ECO:0000256|SAM:MobiDB-lite	Basic and acidic residues	compositional_bias
Q9VUA0	214-233	ECO:0000256|SAM:MobiDB-lite	Acidic residues	compositional_bias
Q9VUA0	323-333	ECO:0000256|SAM:MobiDB-lite	Basic residues	compositional_bias
Q9VUA0	375-402	ECO:0000256|SAM:MobiDB-lite	Basic and acidic residues	compositional_bias
Q9VUA0	414-432	ECO:0000256|SAM:MobiDB-lite	Basic and acidic residues	compositional_bias
Q9VUA0	679-691	ECO:0000256|SAM:MobiDB-lite	Basic and acidic residues	compositional_bias
Q9VUA0	886-896	ECO:0000256|SAM:MobiDB-lite	Low complexity	compositional_bias
Q9VUA0	906-934	ECO:0000256|SAM:MobiDB-lite	Basic residues	compositional_bias
Q9VUA0	941-952	ECO:0000256|SAM:MobiDB-lite	Basic residues	compositional_bias
Q9VUB4	482-501	ECO:0000256|SAM:MobiDB-lite	Polar residues	compositional_bias
Q9VUC6	23-36	ECO:0000256|SAM:MobiDB-lite	Basic residues	compositional_bias
Q9VUC6	572-584	ECO:0000256|SAM:MobiDB-lite	Polar residues	compositional_bias
Q9VUC6	605-614	ECO:0000256|SAM:MobiDB-lite	Pro residues	compositional_bias
Q9VUC6	622-640	ECO:0000256|SAM:MobiDB-lite	Pro residues	compositional_bias
Q9VUC6	63-79	ECO:0000256|SAM:MobiDB-lite	Polar residues	compositional_bias
Q9VUC6	641-654	ECO:0000256|SAM:MobiDB-lite	Low complexity	compositional_bias
Q9VUI3	107-124	ECO:0000256|SAM:MobiDB-lite	Polar residues	compositional_bias
Q9VUI3	36-55	ECO:0000256|SAM:MobiDB-lite	Low complexity	compositional_bias
Q9VUI3	70-81	ECO:0000256|SAM:MobiDB-lite	Polar residues	compositional_bias
Q9VUK8	47-58	ECO:0000256|SAM:MobiDB-lite	Pro residues	compositional_bias
Q9VUL1	599-613	ECO:0000256|SAM:MobiDB-lite	Polar residues	compositional_bias
Q9VUL9	47-58	ECO:0000256|SAM:MobiDB-lite	Low complexity	compositional_bias
Q9VUM0	1-22	ECO:0000256|SAM:MobiDB-lite	Polar residues	compositional_bias
Q9VUM0	109-126	ECO:0000256|SAM:MobiDB-lite	Acidic residues	compositional_bias
Q9VUM0	138-147	ECO:0000256|SAM:MobiDB-lite	Polar residues	compositional_bias
Q9VUM0	159-168	ECO:0000256|SAM:MobiDB-lite	Low complexity	compositional_bias
Q9VUM0	38-49	ECO:0000256|SAM:MobiDB-lite	Basic and acidic residues	compositional_bias
Q9VUM0	56-65	ECO:0000256|SAM:MobiDB-lite	Basic and acidic residues	compositional_bias
Q9VUN0	1473-1484	ECO:0000256|SAM:MobiDB-lite	Low complexity	compositional_bias
Q9VUN0	255-273	ECO:0000256|SAM:MobiDB-lite	Low complexity	compositional_bias
Q9VUQ5	107-117	ECO:0000256|SAM:MobiDB-lite	Low complexity	compositional_bias
Q9VUQ5	118-131	ECO:0000256|SAM:MobiDB-lite	Gly residues	compositional_bias
Q9VUQ5	141-154	ECO:0000256|SAM:MobiDB-lite	Gly residues	compositional_bias
Q9VUQ5	164-177	ECO:0000256|SAM:MobiDB-lite	Gly residues	compositional_bias
Q9VUQ5	18-93	ECO:0000256|SAM:MobiDB-lite	Low complexity	compositional_bias
Q9VUQ5	187-200	ECO:0000256|SAM:MobiDB-lite	Gly residues	compositional_bias
Q9VUQ5	210-223	ECO:0000256|SAM:MobiDB-lite	Gly residues	compositional_bias
Q9VUQ5	233-246	ECO:0000256|SAM:MobiDB-lite	Gly residues	compositional_bias
Q9VUQ5	256-269	ECO:0000256|SAM:MobiDB-lite	Gly residues	compositional_bias
Q9VUQ5	270-282	ECO:0000256|SAM:MobiDB-lite	Low complexity	compositional_bias
Q9VUQ5	302-315	ECO:0000256|SAM:MobiDB-lite	Gly residues	compositional_bias
Q9VUQ5	325-338	ECO:0000256|SAM:MobiDB-lite	Gly residues	compositional_bias
Q9VUQ5	348-361	ECO:0000256|SAM:MobiDB-lite	Gly residues	compositional_bias
Q9VUQ5	362-394	ECO:0000256|SAM:MobiDB-lite	Low complexity	compositional_bias
Q9VUQ8	254-278	ECO:0000256|SAM:MobiDB-lite	Low complexity	compositional_bias
Q9VUQ8	279-288	ECO:0000256|SAM:MobiDB-lite	Polar residues	compositional_bias
Q9VUU5	20-32	ECO:0000256|SAM:MobiDB-lite	Gly residues	compositional_bias
Q9VUV9	369-391	ECO:0000256|SAM:MobiDB-lite	Basic and acidic residues	compositional_bias
Q9VUX2	1-12	ECO:0000256|SAM:MobiDB-lite	Polar residues	compositional_bias
Q9VUX2	19-30	ECO:0000256|SAM:MobiDB-lite	Gly residues	compositional_bias
Q9VUX2	31-42	ECO:0000256|SAM:MobiDB-lite	Low complexity	compositional_bias
Q9VUX2	73-86	ECO:0000256|SAM:MobiDB-lite	Low complexity	compositional_bias
Q9VUX2	900-914	ECO:0000256|SAM:MobiDB-lite	Low complexity	compositional_bias
Q9VUX3	439-454	ECO:0000256|SAM:MobiDB-lite	Basic residues	compositional_bias
Q9VUX3	470-486	ECO:0000256|SAM:MobiDB-lite	Basic and acidic residues	compositional_bias
Q9VUX3	487-497	ECO:0000256|SAM:MobiDB-lite	Basic residues	compositional_bias
Q9VUX3	505-514	ECO:0000256|SAM:MobiDB-lite	Basic and acidic residues	compositional_bias
Q9VUX3	570-583	ECO:0000256|SAM:MobiDB-lite	Polar residues	compositional_bias
Q9VV36	55-69	ECO:0000256|SAM:MobiDB-lite	Low complexity	compositional_bias
Q9VV36	78-88	ECO:0000256|SAM:MobiDB-lite	Low complexity	compositional_bias
Q9VV43	152-161	ECO:0000256|SAM:MobiDB-lite	Basic and acidic residues	compositional_bias
Q9VV43	183-192	ECO:0000256|SAM:MobiDB-lite	Basic and acidic residues	compositional_bias
Q9VV74	154-163	ECO:0000256|SAM:MobiDB-lite	Basic residues	compositional_bias
Q9VV74	35-44	ECO:0000256|SAM:MobiDB-lite	Basic and acidic residues	compositional_bias
Q9VVD9	27-42	ECO:0000256|SAM:MobiDB-lite	Polar residues	compositional_bias
Q9VVE5	298-310	ECO:0000256|SAM:MobiDB-lite	Low complexity	compositional_bias
Q9VVF7	115-135	ECO:0000256|SAM:MobiDB-lite	Low complexity	compositional_bias
Q9VVH9	144-157	ECO:0000256|SAM:MobiDB-lite	Low complexity	compositional_bias
Q9VVH9	24-34	ECO:0000256|SAM:MobiDB-lite	Polar residues	compositional_bias
Q9VVH9	43-62	ECO:0000256|SAM:MobiDB-lite	Polar residues	compositional_bias
Q9VVH9	71-81	ECO:0000256|SAM:MobiDB-lite	Polar residues	compositional_bias
Q9VVH9	807-819	ECO:0000256|SAM:MobiDB-lite	Polar residues	compositional_bias
Q9VVH9	91-111	ECO:0000256|SAM:MobiDB-lite	Low complexity	compositional_bias
Q9VVI1	242-259	ECO:0000256|SAM:MobiDB-lite	Basic and acidic residues	compositional_bias
Q9VVI1	282-363	ECO:0000256|SAM:MobiDB-lite	Basic and acidic residues	compositional_bias
Q9VVI1	373-399	ECO:0000256|SAM:MobiDB-lite	Basic and acidic residues	compositional_bias
Q9VVI2	277-304	ECO:0000256|SAM:MobiDB-lite	Low complexity	compositional_bias
Q9VVI3	15-26	ECO:0000256|SAM:MobiDB-lite	Low complexity	compositional_bias
Q9VVI3	312-327	ECO:0000256|SAM:MobiDB-lite	Polar residues	compositional_bias
Q9VVI3	441-462	ECO:0000256|SAM:MobiDB-lite	Low complexity	compositional_bias
Q9VVI3	463-474	ECO:0000256|SAM:MobiDB-lite	Basic and acidic residues	compositional_bias
Q9VVI3	485-497	ECO:0000256|SAM:MobiDB-lite	Basic and acidic residues	compositional_bias
Q9VVI3	498-507	ECO:0000256|SAM:MobiDB-lite	Polar residues	compositional_bias
Q9VVI9	188-198	ECO:0000256|SAM:MobiDB-lite	Basic and acidic residues	compositional_bias
Q9VVK8	36-47	ECO:0000256|SAM:MobiDB-lite	Basic and acidic residues	compositional_bias
Q9VVK8	505-561	ECO:0000256|SAM:MobiDB-lite	Basic and acidic residues	compositional_bias
Q9VVK8	571-586	ECO:0000256|SAM:MobiDB-lite	Basic and acidic residues	compositional_bias
Q9VVK8	77-86	ECO:0000256|SAM:MobiDB-lite	Basic and acidic residues	compositional_bias
Q9VVL6	159-171	ECO:0000256|SAM:MobiDB-lite	Basic residues	compositional_bias
Q9VVL6	208-221	ECO:0000256|SAM:MobiDB-lite	Basic residues	compositional_bias
Q9VVL6	28-38	ECO:0000256|SAM:MobiDB-lite	Polar residues	compositional_bias
Q9VVL6	297-309	ECO:0000256|SAM:MobiDB-lite	Low complexity	compositional_bias
Q9VVL6	310-330	ECO:0000256|SAM:MobiDB-lite	Gly residues	compositional_bias
Q9VVN4	144-162	ECO:0000256|SAM:MobiDB-lite	Low complexity	compositional_bias
Q9VVN4	655-676	ECO:0000256|SAM:MobiDB-lite	Low complexity	compositional_bias
Q9VVR2	32-43	ECO:0000256|SAM:MobiDB-lite	Low complexity	compositional_bias
Q9VVR2	408-428	ECO:0000256|SAM:MobiDB-lite	Acidic residues	compositional_bias
Q9VVR2	433-444	ECO:0000256|SAM:MobiDB-lite	Low complexity	compositional_bias
Q9VVR2	44-63	ECO:0000256|SAM:MobiDB-lite	Polar residues	compositional_bias
Q9VVR2	458-467	ECO:0000256|SAM:MobiDB-lite	Polar residues	compositional_bias
Q9VVR6	180-196	ECO:0000256|SAM:MobiDB-lite	Low complexity	compositional_bias
Q9VVS4	124-154	ECO:0000256|SAM:MobiDB-lite	Low complexity	compositional_bias
Q9VVS4	99-108	ECO:0000256|SAM:MobiDB-lite	Basic and acidic residues	compositional_bias
Q9VVT9	1-10	ECO:0000256|SAM:MobiDB-lite	Basic and acidic residues	compositional_bias
Q9VVT9	12-26	ECO:0000256|SAM:MobiDB-lite	Polar residues	compositional_bias
Q9VVT9	33-49	ECO:0000256|SAM:MobiDB-lite	Basic and acidic residues	compositional_bias
Q9VVV9	120-133	ECO:0000256|SAM:MobiDB-lite	Polar residues	compositional_bias
Q9VVV9	307-317	ECO:0000256|SAM:MobiDB-lite	Basic residues	compositional_bias
Q9VVV9	353-368	ECO:0000256|SAM:MobiDB-lite	Basic residues	compositional_bias
Q9VVV9	484-493	ECO:0000256|SAM:MobiDB-lite	Polar residues	compositional_bias
Q9VVV9	525-538	ECO:0000256|SAM:MobiDB-lite	Low complexity	compositional_bias
Q9VVV9	583-598	ECO:0000256|SAM:MobiDB-lite	Low complexity	compositional_bias
Q9VVV9	624-649	ECO:0000256|SAM:MobiDB-lite	Low complexity	compositional_bias
Q9VVV9	650-663	ECO:0000256|SAM:MobiDB-lite	Basic residues	compositional_bias
Q9VVV9	68-80	ECO:0000256|SAM:MobiDB-lite	Polar residues	compositional_bias
Q9VVV9	802-811	ECO:0000256|SAM:MobiDB-lite	Basic and acidic residues	compositional_bias
Q9VVV9	812-822	ECO:0000256|SAM:MobiDB-lite	Polar residues	compositional_bias
Q9VVV9	84-101	ECO:0000256|SAM:MobiDB-lite	Basic residues	compositional_bias
Q9VVW5	184-197	ECO:0000256|SAM:MobiDB-lite	Low complexity	compositional_bias
Q9VVX3	187-224	ECO:0000256|SAM:MobiDB-lite	Gly residues	compositional_bias
Q9VVX5	470-497	ECO:0000256|SAM:MobiDB-lite	Basic and acidic residues	compositional_bias
Q9VVY3	237-251	ECO:0000256|SAM:MobiDB-lite	Basic and acidic residues	compositional_bias
Q9VVY3	297-308	ECO:0000256|SAM:MobiDB-lite	Basic and acidic residues	compositional_bias
Q9VVY3	321-336	ECO:0000256|SAM:MobiDB-lite	Basic and acidic residues	compositional_bias
Q9VVY3	353-364	ECO:0000256|SAM:MobiDB-lite	Polar residues	compositional_bias
Q9VVY3	365-374	ECO:0000256|SAM:MobiDB-lite	Basic and acidic residues	compositional_bias
Q9VVY3	59-69	ECO:0000256|SAM:MobiDB-lite	Acidic residues	compositional_bias
Q9VVY3	72-91	ECO:0000256|SAM:MobiDB-lite	Polar residues	compositional_bias
Q9VW09	8-24	ECO:0000256|SAM:MobiDB-lite	Polar residues	compositional_bias
Q9VW15	1108-1117	ECO:0000256|SAM:MobiDB-lite	Pro residues	compositional_bias
Q9VW15	1186-1200	ECO:0000256|SAM:MobiDB-lite	Basic and acidic residues	compositional_bias
Q9VW15	1205-1219	ECO:0000256|SAM:MobiDB-lite	Polar residues	compositional_bias
Q9VW15	1556-1568	ECO:0000256|SAM:MobiDB-lite	Basic residues	compositional_bias
Q9VW15	1619-1628	ECO:0000256|SAM:MobiDB-lite	Low complexity	compositional_bias
Q9VW15	1639-1648	ECO:0000256|SAM:MobiDB-lite	Low complexity	compositional_bias
Q9VW15	2214-2226	ECO:0000256|SAM:MobiDB-lite	Low complexity	compositional_bias
Q9VW15	260-269	ECO:0000256|SAM:MobiDB-lite	Basic residues	compositional_bias
Q9VW15	294-306	ECO:0000256|SAM:MobiDB-lite	Low complexity	compositional_bias
Q9VW15	307-324	ECO:0000256|SAM:MobiDB-lite	Polar residues	compositional_bias
Q9VW15	32-52	ECO:0000256|SAM:MobiDB-lite	Polar residues	compositional_bias
Q9VW15	711-727	ECO:0000256|SAM:MobiDB-lite	Low complexity	compositional_bias
Q9VW15	820-831	ECO:0000256|SAM:MobiDB-lite	Low complexity	compositional_bias
Q9VW15	989-999	ECO:0000256|SAM:MobiDB-lite	Acidic residues	compositional_bias
Q9VW15	99-111	ECO:0000256|SAM:MobiDB-lite	Basic residues	compositional_bias
Q9VW27	140-152	ECO:0000256|SAM:MobiDB-lite	Polar residues	compositional_bias
Q9VW27	195-214	ECO:0000256|SAM:MobiDB-lite	Low complexity	compositional_bias
Q9VW27	235-263	ECO:0000256|SAM:MobiDB-lite	Basic residues	compositional_bias
Q9VW27	442-451	ECO:0000256|SAM:MobiDB-lite	Basic and acidic residues	compositional_bias
Q9VW27	452-466	ECO:0000256|SAM:MobiDB-lite	Acidic residues	compositional_bias
Q9VW27	471-482	ECO:0000256|SAM:MobiDB-lite	Polar residues	compositional_bias
Q9VW27	513-522	ECO:0000256|SAM:MobiDB-lite	Basic and acidic residues	compositional_bias
Q9VW27	523-533	ECO:0000256|SAM:MobiDB-lite	Low complexity	compositional_bias
Q9VW27	570-580	ECO:0000256|SAM:MobiDB-lite	Low complexity	compositional_bias
Q9VW27	630-640	ECO:0000256|SAM:MobiDB-lite	Polar residues	compositional_bias
Q9VW27	667-686	ECO:0000256|SAM:MobiDB-lite	Low complexity	compositional_bias
Q9VW27	687-704	ECO:0000256|SAM:MobiDB-lite	Polar residues	compositional_bias
Q9VW47	1585-1595	ECO:0000256|SAM:MobiDB-lite	Polar residues	compositional_bias
Q9VW47	1901-1910	ECO:0000256|SAM:MobiDB-lite	Polar residues	compositional_bias
Q9VW47	1919-1933	ECO:0000256|SAM:MobiDB-lite	Basic residues	compositional_bias
Q9VW47	1938-2038	ECO:0000256|SAM:MobiDB-lite	Low complexity	compositional_bias
Q9VW47	2045-2055	ECO:0000256|SAM:MobiDB-lite	Low complexity	compositional_bias
Q9VW47	2056-2066	ECO:0000256|SAM:MobiDB-lite	Gly residues	compositional_bias
Q9VW47	2067-2080	ECO:0000256|SAM:MobiDB-lite	Low complexity	compositional_bias
Q9VW47	210-247	ECO:0000256|SAM:MobiDB-lite	Low complexity	compositional_bias
Q9VW47	2121-2132	ECO:0000256|SAM:MobiDB-lite	Low complexity	compositional_bias
Q9VW47	2139-2205	ECO:0000256|SAM:MobiDB-lite	Low complexity	compositional_bias
Q9VW47	2469-2496	ECO:0000256|SAM:MobiDB-lite	Gly residues	compositional_bias
Q9VW47	2497-2507	ECO:0000256|SAM:MobiDB-lite	Low complexity	compositional_bias
Q9VW47	586-604	ECO:0000256|SAM:MobiDB-lite	Basic and acidic residues	compositional_bias
Q9VW47	748-757	ECO:0000256|SAM:MobiDB-lite	Pro residues	compositional_bias
Q9VW47	796-805	ECO:0000256|SAM:MobiDB-lite	Basic and acidic residues	compositional_bias
Q9VW51	1002-1026	ECO:0000256|SAM:MobiDB-lite	Low complexity	compositional_bias
Q9VW51	1027-1059	ECO:0000256|SAM:MobiDB-lite	Acidic residues	compositional_bias
Q9VW51	188-241	ECO:0000256|SAM:MobiDB-lite	Low complexity	compositional_bias
Q9VW51	258-273	ECO:0000256|SAM:MobiDB-lite	Low complexity	compositional_bias
Q9VW51	322-369	ECO:0000256|SAM:MobiDB-lite	Low complexity	compositional_bias
Q9VW51	467-485	ECO:0000256|SAM:MobiDB-lite	Low complexity	compositional_bias
Q9VW51	494-505	ECO:0000256|SAM:MobiDB-lite	Gly residues	compositional_bias
Q9VW51	543-562	ECO:0000256|SAM:MobiDB-lite	Low complexity	compositional_bias
Q9VW51	598-611	ECO:0000256|SAM:MobiDB-lite	Polar residues	compositional_bias
Q9VW51	612-624	ECO:0000256|SAM:MobiDB-lite	Low complexity	compositional_bias
Q9VW51	640-650	ECO:0000256|SAM:MobiDB-lite	Low complexity	compositional_bias
Q9VW51	660-697	ECO:0000256|SAM:MobiDB-lite	Low complexity	compositional_bias
Q9VW51	698-707	ECO:0000256|SAM:MobiDB-lite	Polar residues	compositional_bias
Q9VW51	738-751	ECO:0000256|SAM:MobiDB-lite	Polar residues	compositional_bias
Q9VW51	759-795	ECO:0000256|SAM:MobiDB-lite	Low complexity	compositional_bias
Q9VW51	807-824	ECO:0000256|SAM:MobiDB-lite	Low complexity	compositional_bias
Q9VW51	990-1001	ECO:0000256|SAM:MobiDB-lite	Basic residues	compositional_bias
Q9VW60	518-533	ECO:0000256|SAM:MobiDB-lite	Basic and acidic residues	compositional_bias
Q9VW60	599-613	ECO:0000256|SAM:MobiDB-lite	Basic and acidic residues	compositional_bias
Q9VW60	624-633	ECO:0000256|SAM:MobiDB-lite	Low complexity	compositional_bias
Q9VW60	647-683	ECO:0000256|SAM:MobiDB-lite	Low complexity	compositional_bias
Q9VW97	1-13	ECO:0000256|SAM:MobiDB-lite	Polar residues	compositional_bias
Q9VW97	110-122	ECO:0000256|SAM:MobiDB-lite	Basic and acidic residues	compositional_bias
Q9VW97	123-138	ECO:0000256|SAM:MobiDB-lite	Low complexity	compositional_bias
Q9VW97	84-109	ECO:0000256|SAM:MobiDB-lite	Polar residues	compositional_bias
Q9VW97	861-882	ECO:0000256|SAM:MobiDB-lite	Low complexity	compositional_bias
Q9VWA1	99-136	ECO:0000256|SAM:MobiDB-lite	Basic and acidic residues	compositional_bias
Q9VWA8	28-39	ECO:0000256|SAM:MobiDB-lite	Basic and acidic residues	compositional_bias
Q9VWB0	396-415	ECO:0000256|SAM:MobiDB-lite	Low complexity	compositional_bias
Q9VWB1	26-35	ECO:0000256|SAM:MobiDB-lite	Polar residues	compositional_bias
Q9VWC6	1019-1036	ECO:0000256|SAM:MobiDB-lite	Basic and acidic residues	compositional_bias
Q9VWC6	1037-1062	ECO:0000256|SAM:MobiDB-lite	Low complexity	compositional_bias
Q9VWC6	1252-1275	ECO:0000256|SAM:MobiDB-lite	Low complexity	compositional_bias
Q9VWC6	1276-1286	ECO:0000256|SAM:MobiDB-lite	Polar residues	compositional_bias
Q9VWC6	13-24	ECO:0000256|SAM:MobiDB-lite	Low complexity	compositional_bias
Q9VWC6	1309-1322	ECO:0000256|SAM:MobiDB-lite	Polar residues	compositional_bias
Q9VWC6	226-267	ECO:0000256|SAM:MobiDB-lite	Low complexity	compositional_bias
Q9VWC6	25-53	ECO:0000256|SAM:MobiDB-lite	Gly residues	compositional_bias
Q9VWC6	501-518	ECO:0000256|SAM:MobiDB-lite	Gly residues	compositional_bias
Q9VWC6	60-72	ECO:0000256|SAM:MobiDB-lite	Polar residues	compositional_bias
Q9VWC6	610-634	ECO:0000256|SAM:MobiDB-lite	Low complexity	compositional_bias
Q9VWC6	635-653	ECO:0000256|SAM:MobiDB-lite	Pro residues	compositional_bias
Q9VWC6	656-668	ECO:0000256|SAM:MobiDB-lite	Gly residues	compositional_bias
Q9VWC6	673-682	ECO:0000256|SAM:MobiDB-lite	Polar residues	compositional_bias
Q9VWC6	683-709	ECO:0000256|SAM:MobiDB-lite	Low complexity	compositional_bias
Q9VWC6	719-753	ECO:0000256|SAM:MobiDB-lite	Low complexity	compositional_bias
Q9VWC6	73-123	ECO:0000256|SAM:MobiDB-lite	Low complexity	compositional_bias
Q9VWC6	768-781	ECO:0000256|SAM:MobiDB-lite	Polar residues	compositional_bias
Q9VWC6	796-813	ECO:0000256|SAM:MobiDB-lite	Low complexity	compositional_bias
Q9VWC6	830-840	ECO:0000256|SAM:MobiDB-lite	Basic residues	compositional_bias
Q9VWC6	849-858	ECO:0000256|SAM:MobiDB-lite	Low complexity	compositional_bias
Q9VWC6	864-877	ECO:0000256|SAM:MobiDB-lite	Basic and acidic residues	compositional_bias
Q9VWC6	879-916	ECO:0000256|SAM:MobiDB-lite	Low complexity	compositional_bias
Q9VWC6	921-932	ECO:0000256|SAM:MobiDB-lite	Polar residues	compositional_bias
Q9VWC6	933-944	ECO:0000256|SAM:MobiDB-lite	Pro residues	compositional_bias
Q9VWD4	110-120	ECO:0000256|SAM:MobiDB-lite	Polar residues	compositional_bias
Q9VWD4	254-263	ECO:0000256|SAM:MobiDB-lite	Acidic residues	compositional_bias
Q9VWD4	298-313	ECO:0000256|SAM:MobiDB-lite	Acidic residues	compositional_bias
Q9VWD4	348-358	ECO:0000256|SAM:MobiDB-lite	Basic and acidic residues	compositional_bias
Q9VWD4	365-377	ECO:0000256|SAM:MobiDB-lite	Basic and acidic residues	compositional_bias
Q9VWD4	386-395	ECO:0000256|SAM:MobiDB-lite	Polar residues	compositional_bias
Q9VWD4	89-100	ECO:0000256|SAM:MobiDB-lite	Basic and acidic residues	compositional_bias
Q9VWE0	1033-1064	ECO:0000256|SAM:MobiDB-lite	Basic and acidic residues	compositional_bias
Q9VWE0	999-1009	ECO:0000256|SAM:MobiDB-lite	Basic and acidic residues	compositional_bias
Q9VWE6	1306-1317	ECO:0000256|SAM:MobiDB-lite	Low complexity	compositional_bias
Q9VWE6	1426-1436	ECO:0000256|SAM:MobiDB-lite	Basic and acidic residues	compositional_bias
Q9VWE6	1470-1500	ECO:0000256|SAM:MobiDB-lite	Polar residues	compositional_bias
Q9VWE6	1524-1553	ECO:0000256|SAM:MobiDB-lite	Polar residues	compositional_bias
Q9VWE6	1666-1682	ECO:0000256|SAM:MobiDB-lite	Basic and acidic residues	compositional_bias
Q9VWE6	1699-1708	ECO:0000256|SAM:MobiDB-lite	Basic and acidic residues	compositional_bias
Q9VWE6	1776-1787	ECO:0000256|SAM:MobiDB-lite	Acidic residues	compositional_bias
Q9VWE6	1792-1819	ECO:0000256|SAM:MobiDB-lite	Basic and acidic residues	compositional_bias
Q9VWE6	1863-1872	ECO:0000256|SAM:MobiDB-lite	Basic and acidic residues	compositional_bias
Q9VWE6	1896-1908	ECO:0000256|SAM:MobiDB-lite	Polar residues	compositional_bias
Q9VWE6	1953-1965	ECO:0000256|SAM:MobiDB-lite	Polar residues	compositional_bias
Q9VWE6	1973-1985	ECO:0000256|SAM:MobiDB-lite	Polar residues	compositional_bias
Q9VWE6	2005-2018	ECO:0000256|SAM:MobiDB-lite	Basic residues	compositional_bias
Q9VWE6	2078-2096	ECO:0000256|SAM:MobiDB-lite	Polar residues	compositional_bias
Q9VWE6	2097-2111	ECO:0000256|SAM:MobiDB-lite	Basic and acidic residues	compositional_bias
Q9VWF2	10-60	ECO:0000256|SAM:MobiDB-lite	Low complexity	compositional_bias
Q9VWF2	1018-1029	ECO:0000256|SAM:MobiDB-lite	Low complexity	compositional_bias
Q9VWF2	1053-1080	ECO:0000256|SAM:MobiDB-lite	Polar residues	compositional_bias
Q9VWF2	1103-1112	ECO:0000256|SAM:MobiDB-lite	Low complexity	compositional_bias
Q9VWF2	1147-1158	ECO:0000256|SAM:MobiDB-lite	Basic residues	compositional_bias
Q9VWF2	1161-1173	ECO:0000256|SAM:MobiDB-lite	Low complexity	compositional_bias
Q9VWF2	118-128	ECO:0000256|SAM:MobiDB-lite	Pro residues	compositional_bias
Q9VWF2	129-168	ECO:0000256|SAM:MobiDB-lite	Low complexity	compositional_bias
Q9VWF2	1627-1652	ECO:0000256|SAM:MobiDB-lite	Low complexity	compositional_bias
Q9VWF2	1660-1677	ECO:0000256|SAM:MobiDB-lite	Low complexity	compositional_bias
Q9VWF2	189-199	ECO:0000256|SAM:MobiDB-lite	Polar residues	compositional_bias
Q9VWF2	321-347	ECO:0000256|SAM:MobiDB-lite	Low complexity	compositional_bias
Q9VWF2	485-494	ECO:0000256|SAM:MobiDB-lite	Polar residues	compositional_bias
Q9VWF2	525-534	ECO:0000256|SAM:MobiDB-lite	Basic and acidic residues	compositional_bias
Q9VWF2	543-563	ECO:0000256|SAM:MobiDB-lite	Low complexity	compositional_bias
Q9VWF2	67-81	ECO:0000256|SAM:MobiDB-lite	Polar residues	compositional_bias
Q9VWF2	744-758	ECO:0000256|SAM:MobiDB-lite	Basic and acidic residues	compositional_bias
Q9VWF2	759-769	ECO:0000256|SAM:MobiDB-lite	Polar residues	compositional_bias
Q9VWF2	828-844	ECO:0000256|SAM:MobiDB-lite	Polar residues	compositional_bias
Q9VWF2	861-870	ECO:0000256|SAM:MobiDB-lite	Pro residues	compositional_bias
Q9VWF2	936-945	ECO:0000256|SAM:MobiDB-lite	Basic and acidic residues	compositional_bias
Q9VWF2	963-972	ECO:0000256|SAM:MobiDB-lite	Basic and acidic residues	compositional_bias
Q9VWF2	978-990	ECO:0000256|SAM:MobiDB-lite	Low complexity	compositional_bias
Q9VWF4	1-15	ECO:0000256|SAM:MobiDB-lite	Polar residues	compositional_bias
Q9VWI4	153-165	ECO:0000256|SAM:MobiDB-lite	Basic and acidic residues	compositional_bias
Q9VWI4	172-184	ECO:0000256|SAM:MobiDB-lite	Low complexity	compositional_bias
Q9VWN4	1-10	ECO:0000256|SAM:MobiDB-lite	Basic and acidic residues	compositional_bias
Q9VWN4	11-20	ECO:0000256|SAM:MobiDB-lite	Basic residues	compositional_bias
Q9VWN4	110-144	ECO:0000256|SAM:MobiDB-lite	Basic residues	compositional_bias
Q9VWN4	162-175	ECO:0000256|SAM:MobiDB-lite	Basic residues	compositional_bias
Q9VWN4	176-199	ECO:0000256|SAM:MobiDB-lite	Basic and acidic residues	compositional_bias
Q9VWN4	202-215	ECO:0000256|SAM:MobiDB-lite	Low complexity	compositional_bias
Q9VWN4	21-44	ECO:0000256|SAM:MobiDB-lite	Low complexity	compositional_bias
Q9VWN4	270-414	ECO:0000256|SAM:MobiDB-lite	Basic and acidic residues	compositional_bias
Q9VWN4	428-444	ECO:0000256|SAM:MobiDB-lite	Basic and acidic residues	compositional_bias
Q9VWN4	47-69	ECO:0000256|SAM:MobiDB-lite	Gly residues	compositional_bias
Q9VWN4	492-529	ECO:0000256|SAM:MobiDB-lite	Basic and acidic residues	compositional_bias
Q9VWN4	537-558	ECO:0000256|SAM:MobiDB-lite	Gly residues	compositional_bias
Q9VWN4	589-611	ECO:0000256|SAM:MobiDB-lite	Basic and acidic residues	compositional_bias
Q9VWN4	630-640	ECO:0000256|SAM:MobiDB-lite	Basic and acidic residues	compositional_bias
Q9VWN4	660-669	ECO:0000256|SAM:MobiDB-lite	Pro residues	compositional_bias
Q9VWN4	693-702	ECO:0000256|SAM:MobiDB-lite	Basic and acidic residues	compositional_bias
Q9VWN4	72-97	ECO:0000256|SAM:MobiDB-lite	Basic residues	compositional_bias
Q9VWN4	851-861	ECO:0000256|SAM:MobiDB-lite	Low complexity	compositional_bias
Q9VWN4	879-889	ECO:0000256|SAM:MobiDB-lite	Acidic residues	compositional_bias
Q9VWN4	890-903	ECO:0000256|SAM:MobiDB-lite	Basic and acidic residues	compositional_bias
Q9VWN4	905-914	ECO:0000256|SAM:MobiDB-lite	Acidic residues	compositional_bias
Q9VWN4	98-107	ECO:0000256|SAM:MobiDB-lite	Low complexity	compositional_bias
Q9VWN5	1-13	ECO:0000256|SAM:MobiDB-lite	Basic and acidic residues	compositional_bias
Q9VWN5	15-30	ECO:0000256|SAM:MobiDB-lite	Low complexity	compositional_bias
Q9VWN5	52-81	ECO:0000256|SAM:MobiDB-lite	Low complexity	compositional_bias
Q9VWN9	1237-1249	ECO:0000256|SAM:MobiDB-lite	Polar residues	compositional_bias
Q9VWN9	1320-1351	ECO:0000256|SAM:MobiDB-lite	Low complexity	compositional_bias
Q9VWN9	1352-1377	ECO:0000256|SAM:MobiDB-lite	Gly residues	compositional_bias
Q9VWN9	1755-1764	ECO:0000256|SAM:MobiDB-lite	Pro residues	compositional_bias
Q9VWN9	1786-1813	ECO:0000256|SAM:MobiDB-lite	Low complexity	compositional_bias
Q9VWN9	1820-1835	ECO:0000256|SAM:MobiDB-lite	Low complexity	compositional_bias
Q9VWN9	1836-1859	ECO:0000256|SAM:MobiDB-lite	Pro residues	compositional_bias
Q9VWN9	1894-1908	ECO:0000256|SAM:MobiDB-lite	Pro residues	compositional_bias
Q9VWN9	724-740	ECO:0000256|SAM:MobiDB-lite	Polar residues	compositional_bias
Q9VWN9	754-789	ECO:0000256|SAM:MobiDB-lite	Low complexity	compositional_bias
Q9VWN9	835-857	ECO:0000256|SAM:MobiDB-lite	Low complexity	compositional_bias
Q9VWP4	14-26	ECO:0000256|SAM:MobiDB-lite	Basic residues	compositional_bias
Q9VWQ2	1-19	ECO:0000256|SAM:MobiDB-lite	Polar residues	compositional_bias
Q9VWQ2	41-54	ECO:0000256|SAM:MobiDB-lite	Low complexity	compositional_bias
Q9VWQ2	55-73	ECO:0000256|SAM:MobiDB-lite	Polar residues	compositional_bias
Q9VWR5	303-314	ECO:0000256|SAM:MobiDB-lite	Basic and acidic residues	compositional_bias
Q9VWR5	320-333	ECO:0000256|SAM:MobiDB-lite	Acidic residues	compositional_bias
Q9VWR8	524-533	ECO:0000256|SAM:MobiDB-lite	Basic and acidic residues	compositional_bias
Q9VWR8	541-551	ECO:0000256|SAM:MobiDB-lite	Acidic residues	compositional_bias
Q9VWS2	35-56	ECO:0000256|SAM:MobiDB-lite	Polar residues	compositional_bias
Q9VWS2	8-20	ECO:0000256|SAM:MobiDB-lite	Polar residues	compositional_bias
Q9VWS2	84-104	ECO:0000256|SAM:MobiDB-lite	Polar residues	compositional_bias
Q9VWS4	13-24	ECO:0000256|SAM:MobiDB-lite	Low complexity	compositional_bias
Q9VWS4	29-39	ECO:0000256|SAM:MobiDB-lite	Basic residues	compositional_bias
Q9VWV8	127-155	ECO:0000256|SAM:MobiDB-lite	Low complexity	compositional_bias
Q9VWW0	217-227	ECO:0000256|SAM:MobiDB-lite	Basic and acidic residues	compositional_bias
Q9VWW0	33-47	ECO:0000256|SAM:MobiDB-lite	Gly residues	compositional_bias
Q9VWW0	48-70	ECO:0000256|SAM:MobiDB-lite	Low complexity	compositional_bias
Q9VWW0	9-32	ECO:0000256|SAM:MobiDB-lite	Low complexity	compositional_bias
Q9VWY6	239-251	ECO:0000256|SAM:MobiDB-lite	Acidic residues	compositional_bias
Q9VWY6	252-264	ECO:0000256|SAM:MobiDB-lite	Basic and acidic residues	compositional_bias
Q9VWY6	296-309	ECO:0000256|SAM:MobiDB-lite	Polar residues	compositional_bias
Q9VX09	1-12	ECO:0000256|SAM:MobiDB-lite	Polar residues	compositional_bias
Q9VX12	334-346	ECO:0000256|SAM:MobiDB-lite	Gly residues	compositional_bias
Q9VX25	184-194	ECO:0000256|SAM:MobiDB-lite	Basic and acidic residues	compositional_bias
Q9VX39	43-68	ECO:0000256|SAM:MobiDB-lite	Low complexity	compositional_bias
Q9VX88	109-119	ECO:0000256|SAM:MobiDB-lite	Gly residues	compositional_bias
Q9VX88	127-168	ECO:0000256|SAM:MobiDB-lite	Basic and acidic residues	compositional_bias
Q9VX88	181-246	ECO:0000256|SAM:MobiDB-lite	Basic and acidic residues	compositional_bias
Q9VX88	22-31	ECO:0000256|SAM:MobiDB-lite	Low complexity	compositional_bias
Q9VX88	268-303	ECO:0000256|SAM:MobiDB-lite	Basic and acidic residues	compositional_bias
Q9VX88	304-314	ECO:0000256|SAM:MobiDB-lite	Polar residues	compositional_bias
Q9VX88	33-50	ECO:0000256|SAM:MobiDB-lite	Basic and acidic residues	compositional_bias
Q9VX88	350-363	ECO:0000256|SAM:MobiDB-lite	Polar residues	compositional_bias
Q9VX88	369-384	ECO:0000256|SAM:MobiDB-lite	Gly residues	compositional_bias
Q9VX88	402-411	ECO:0000256|SAM:MobiDB-lite	Low complexity	compositional_bias
Q9VX88	431-466	ECO:0000256|SAM:MobiDB-lite	Low complexity	compositional_bias
Q9VX88	472-496	ECO:0000256|SAM:MobiDB-lite	Polar residues	compositional_bias
Q9VX88	53-77	ECO:0000256|SAM:MobiDB-lite	Gly residues	compositional_bias
Q9VX88	96-108	ECO:0000256|SAM:MobiDB-lite	Basic and acidic residues	compositional_bias
Q9VX91	1033-1043	ECO:0000256|SAM:MobiDB-lite	Basic and acidic residues	compositional_bias
Q9VXB0	166-177	ECO:0000256|SAM:MobiDB-lite	Polar residues	compositional_bias
Q9VXB0	181-196	ECO:0000256|SAM:MobiDB-lite	Pro residues	compositional_bias
Q9VXB0	227-246	ECO:0000256|SAM:MobiDB-lite	Low complexity	compositional_bias
Q9VXD6	388-405	ECO:0000256|SAM:MobiDB-lite	Acidic residues	compositional_bias
Q9VXD6	414-424	ECO:0000256|SAM:MobiDB-lite	Polar residues	compositional_bias
Q9VXD6	428-446	ECO:0000256|SAM:MobiDB-lite	Acidic residues	compositional_bias
Q9VXD9	609-621	ECO:0000256|SAM:MobiDB-lite	Polar residues	compositional_bias
Q9VXD9	631-646	ECO:0000256|SAM:MobiDB-lite	Low complexity	compositional_bias
Q9VXE5	138-159	ECO:0000256|SAM:MobiDB-lite	Low complexity	compositional_bias
Q9VXE5	227-241	ECO:0000256|SAM:MobiDB-lite	Low complexity	compositional_bias
Q9VXE5	274-295	ECO:0000256|SAM:MobiDB-lite	Low complexity	compositional_bias
Q9VXE5	296-308	ECO:0000256|SAM:MobiDB-lite	Basic residues	compositional_bias
Q9VXE5	309-331	ECO:0000256|SAM:MobiDB-lite	Low complexity	compositional_bias
Q9VXE5	91-129	ECO:0000256|SAM:MobiDB-lite	Low complexity	compositional_bias
Q9VXE6	1-17	ECO:0000256|SAM:MobiDB-lite	Basic and acidic residues	compositional_bias
Q9VXE6	105-115	ECO:0000256|SAM:MobiDB-lite	Basic residues	compositional_bias
Q9VXE6	1301-1323	ECO:0000256|SAM:MobiDB-lite	Polar residues	compositional_bias
Q9VXE6	182-209	ECO:0000256|SAM:MobiDB-lite	Acidic residues	compositional_bias
Q9VXE6	1869-1883	ECO:0000256|SAM:MobiDB-lite	Basic residues	compositional_bias
Q9VXE6	29-41	ECO:0000256|SAM:MobiDB-lite	Acidic residues	compositional_bias
Q9VXE6	420-433	ECO:0000256|SAM:MobiDB-lite	Basic and acidic residues	compositional_bias
Q9VXE6	498-515	ECO:0000256|SAM:MobiDB-lite	Low complexity	compositional_bias
Q9VXE6	582-591	ECO:0000256|SAM:MobiDB-lite	Polar residues	compositional_bias
Q9VXE6	627-636	ECO:0000256|SAM:MobiDB-lite	Basic and acidic residues	compositional_bias
Q9VXE6	637-657	ECO:0000256|SAM:MobiDB-lite	Polar residues	compositional_bias
Q9VXE6	694-706	ECO:0000256|SAM:MobiDB-lite	Polar residues	compositional_bias
Q9VXE6	73-101	ECO:0000256|SAM:MobiDB-lite	Polar residues	compositional_bias
Q9VXE6	736-748	ECO:0000256|SAM:MobiDB-lite	Basic residues	compositional_bias
Q9VXE6	802-812	ECO:0000256|SAM:MobiDB-lite	Low complexity	compositional_bias
Q9VXF1	1-33	ECO:0000256|SAM:MobiDB-lite	Low complexity	compositional_bias
Q9VXF1	48-57	ECO:0000256|SAM:MobiDB-lite	Gly residues	compositional_bias
Q9VXF1	546-555	ECO:0000256|SAM:MobiDB-lite	Basic and acidic residues	compositional_bias
Q9VXF1	569-584	ECO:0000256|SAM:MobiDB-lite	Low complexity	compositional_bias
Q9VXG1	1233-1253	ECO:0000256|SAM:MobiDB-lite	Polar residues	compositional_bias
Q9VXG1	1255-1267	ECO:0000256|SAM:MobiDB-lite	Basic residues	compositional_bias
Q9VXG1	1271-1283	ECO:0000256|SAM:MobiDB-lite	Acidic residues	compositional_bias
Q9VXG1	1445-1467	ECO:0000256|SAM:MobiDB-lite	Low complexity	compositional_bias
Q9VXG1	1639-1695	ECO:0000256|SAM:MobiDB-lite	Acidic residues	compositional_bias
Q9VXG1	1697-1715	ECO:0000256|SAM:MobiDB-lite	Low complexity	compositional_bias
Q9VXG1	1716-1758	ECO:0000256|SAM:MobiDB-lite	Acidic residues	compositional_bias
Q9VXG1	1782-1829	ECO:0000256|SAM:MobiDB-lite	Acidic residues	compositional_bias
Q9VXG1	1833-1851	ECO:0000256|SAM:MobiDB-lite	Low complexity	compositional_bias
Q9VXG1	192-205	ECO:0000256|SAM:MobiDB-lite	Basic and acidic residues	compositional_bias
Q9VXG1	1942-1952	ECO:0000256|SAM:MobiDB-lite	Low complexity	compositional_bias
Q9VXG1	677-693	ECO:0000256|SAM:MobiDB-lite	Polar residues	compositional_bias
Q9VXG1	716-727	ECO:0000256|SAM:MobiDB-lite	Low complexity	compositional_bias
Q9VXG1	741-759	ECO:0000256|SAM:MobiDB-lite	Low complexity	compositional_bias
Q9VXG4	106-116	ECO:0000256|SAM:MobiDB-lite	Polar residues	compositional_bias
Q9VXG4	138-149	ECO:0000256|SAM:MobiDB-lite	Gly residues	compositional_bias
Q9VXG4	165-181	ECO:0000256|SAM:MobiDB-lite	Gly residues	compositional_bias
Q9VXG4	47-67	ECO:0000256|SAM:MobiDB-lite	Low complexity	compositional_bias
Q9VXK6	174-184	ECO:0000256|SAM:MobiDB-lite	Polar residues	compositional_bias
Q9VXK6	410-427	ECO:0000256|SAM:MobiDB-lite	Acidic residues	compositional_bias
Q9VXK6	451-464	ECO:0000256|SAM:MobiDB-lite	Acidic residues	compositional_bias
Q9VXN9	1-16	ECO:0000256|SAM:MobiDB-lite	Basic and acidic residues	compositional_bias
Q9VXT5	114-125	ECO:0000256|SAM:MobiDB-lite	Basic residues	compositional_bias
Q9VXT5	146-157	ECO:0000256|SAM:MobiDB-lite	Basic and acidic residues	compositional_bias
Q9VXT5	168-180	ECO:0000256|SAM:MobiDB-lite	Basic and acidic residues	compositional_bias
Q9VXT5	24-50	ECO:0000256|SAM:MobiDB-lite	Basic and acidic residues	compositional_bias
Q9VXT5	66-92	ECO:0000256|SAM:MobiDB-lite	Basic residues	compositional_bias
Q9VXT5	93-107	ECO:0000256|SAM:MobiDB-lite	Low complexity	compositional_bias
Q9VXY2	1121-1131	ECO:0000256|SAM:MobiDB-lite	Low complexity	compositional_bias
Q9VXY2	1168-1183	ECO:0000256|SAM:MobiDB-lite	Basic and acidic residues	compositional_bias
Q9VXY2	118-131	ECO:0000256|SAM:MobiDB-lite	Low complexity	compositional_bias
Q9VXY2	1305-1315	ECO:0000256|SAM:MobiDB-lite	Low complexity	compositional_bias
Q9VXY2	132-152	ECO:0000256|SAM:MobiDB-lite	Gly residues	compositional_bias
Q9VXY2	1324-1353	ECO:0000256|SAM:MobiDB-lite	Polar residues	compositional_bias
Q9VXY2	1370-1382	ECO:0000256|SAM:MobiDB-lite	Polar residues	compositional_bias
Q9VXY2	160-173	ECO:0000256|SAM:MobiDB-lite	Basic and acidic residues	compositional_bias
Q9VXY2	174-183	ECO:0000256|SAM:MobiDB-lite	Low complexity	compositional_bias
Q9VXY2	1794-1842	ECO:0000256|SAM:MobiDB-lite	Low complexity	compositional_bias
Q9VXY2	1845-1858	ECO:0000256|SAM:MobiDB-lite	Polar residues	compositional_bias
Q9VXY2	189-204	ECO:0000256|SAM:MobiDB-lite	Basic and acidic residues	compositional_bias
Q9VXY2	1896-1907	ECO:0000256|SAM:MobiDB-lite	Pro residues	compositional_bias
Q9VXY2	1921-1932	ECO:0000256|SAM:MobiDB-lite	Polar residues	compositional_bias
Q9VXY2	1933-1953	ECO:0000256|SAM:MobiDB-lite	Pro residues	compositional_bias
Q9VXY2	1983-1993	ECO:0000256|SAM:MobiDB-lite	Pro residues	compositional_bias
Q9VXY2	2001-2029	ECO:0000256|SAM:MobiDB-lite	Low complexity	compositional_bias
Q9VXY2	205-215	ECO:0000256|SAM:MobiDB-lite	Basic residues	compositional_bias
Q9VXY2	2059-2077	ECO:0000256|SAM:MobiDB-lite	Low complexity	compositional_bias
Q9VXY2	234-245	ECO:0000256|SAM:MobiDB-lite	Polar residues	compositional_bias
Q9VXY2	558-588	ECO:0000256|SAM:MobiDB-lite	Polar residues	compositional_bias
Q9VXY2	824-839	ECO:0000256|SAM:MobiDB-lite	Low complexity	compositional_bias
Q9VXY2	913-925	ECO:0000256|SAM:MobiDB-lite	Basic and acidic residues	compositional_bias
Q9VXY2	946-963	ECO:0000256|SAM:MobiDB-lite	Low complexity	compositional_bias
Q9VXY4	1-12	ECO:0000256|SAM:MobiDB-lite	Basic and acidic residues	compositional_bias
Q9VXY4	13-32	ECO:0000256|SAM:MobiDB-lite	Basic residues	compositional_bias
Q9VXY7	298-309	ECO:0000256|SAM:MobiDB-lite	Polar residues	compositional_bias
Q9VXY7	315-329	ECO:0000256|SAM:MobiDB-lite	Low complexity	compositional_bias
Q9VY77	1-17	ECO:0000256|SAM:MobiDB-lite	Polar residues	compositional_bias
Q9VY77	29-49	ECO:0000256|SAM:MobiDB-lite	Gly residues	compositional_bias
Q9VY77	290-303	ECO:0000256|SAM:MobiDB-lite	Low complexity	compositional_bias
Q9VY77	304-317	ECO:0000256|SAM:MobiDB-lite	Polar residues	compositional_bias
Q9VY99	376-385	ECO:0000256|SAM:MobiDB-lite	Low complexity	compositional_bias
Q9VY99	386-398	ECO:0000256|SAM:MobiDB-lite	Basic and acidic residues	compositional_bias
Q9VY99	478-491	ECO:0000256|SAM:MobiDB-lite	Basic residues	compositional_bias
Q9VY99	506-519	ECO:0000256|SAM:MobiDB-lite	Acidic residues	compositional_bias
Q9VY99	639-650	ECO:0000256|SAM:MobiDB-lite	Low complexity	compositional_bias
Q9VY99	69-81	ECO:0000256|SAM:MobiDB-lite	Basic and acidic residues	compositional_bias
Q9VY99	84-94	ECO:0000256|SAM:MobiDB-lite	Acidic residues	compositional_bias
Q9VYA7	1-13	ECO:0000256|SAM:MobiDB-lite	Basic residues	compositional_bias
Q9VYA7	1090-1099	ECO:0000256|SAM:MobiDB-lite	Acidic residues	compositional_bias
Q9VYA7	1114-1127	ECO:0000256|SAM:MobiDB-lite	Acidic residues	compositional_bias
Q9VYA7	1176-1191	ECO:0000256|SAM:MobiDB-lite	Polar residues	compositional_bias
Q9VYA7	1276-1285	ECO:0000256|SAM:MobiDB-lite	Polar residues	compositional_bias
Q9VYA7	1297-1315	ECO:0000256|SAM:MobiDB-lite	Polar residues	compositional_bias
Q9VYA7	1321-1334	ECO:0000256|SAM:MobiDB-lite	Basic and acidic residues	compositional_bias
Q9VYA7	1348-1362	ECO:0000256|SAM:MobiDB-lite	Basic residues	compositional_bias
Q9VYA7	1369-1378	ECO:0000256|SAM:MobiDB-lite	Gly residues	compositional_bias
Q9VYA7	19-29	ECO:0000256|SAM:MobiDB-lite	Polar residues	compositional_bias
Q9VYB0	175-198	ECO:0000256|SAM:MobiDB-lite	Basic and acidic residues	compositional_bias
Q9VYB0	199-210	ECO:0000256|SAM:MobiDB-lite	Basic residues	compositional_bias
Q9VYB0	8-19	ECO:0000256|SAM:MobiDB-lite	Basic and acidic residues	compositional_bias
Q9VYB7	375-400	ECO:0000256|SAM:MobiDB-lite	Low complexity	compositional_bias
Q9VYB7	408-434	ECO:0000256|SAM:MobiDB-lite	Low complexity	compositional_bias
Q9VYB7	443-460	ECO:0000256|SAM:MobiDB-lite	Basic and acidic residues	compositional_bias
Q9VYB7	476-491	ECO:0000256|SAM:MobiDB-lite	Low complexity	compositional_bias
Q9VYD1	101-115	ECO:0000256|SAM:MobiDB-lite	Low complexity	compositional_bias
Q9VYD1	1016-1039	ECO:0000256|SAM:MobiDB-lite	Basic and acidic residues	compositional_bias
Q9VYD1	1085-1097	ECO:0000256|SAM:MobiDB-lite	Low complexity	compositional_bias
Q9VYD1	1118-1127	ECO:0000256|SAM:MobiDB-lite	Low complexity	compositional_bias
Q9VYD1	1163-1183	ECO:0000256|SAM:MobiDB-lite	Basic and acidic residues	compositional_bias
Q9VYD1	1199-1213	ECO:0000256|SAM:MobiDB-lite	Low complexity	compositional_bias
Q9VYD1	1505-1534	ECO:0000256|SAM:MobiDB-lite	Acidic residues	compositional_bias
Q9VYD1	1539-1551	ECO:0000256|SAM:MobiDB-lite	Basic residues	compositional_bias
Q9VYD1	1564-1574	ECO:0000256|SAM:MobiDB-lite	Basic and acidic residues	compositional_bias
Q9VYD1	1763-1774	ECO:0000256|SAM:MobiDB-lite	Basic and acidic residues	compositional_bias
Q9VYD1	1784-1806	ECO:0000256|SAM:MobiDB-lite	Basic and acidic residues	compositional_bias
Q9VYD1	1817-1832	ECO:0000256|SAM:MobiDB-lite	Polar residues	compositional_bias
Q9VYD1	1840-1860	ECO:0000256|SAM:MobiDB-lite	Basic and acidic residues	compositional_bias
Q9VYD1	2193-2206	ECO:0000256|SAM:MobiDB-lite	Basic residues	compositional_bias
Q9VYD1	2207-2216	ECO:0000256|SAM:MobiDB-lite	Polar residues	compositional_bias
Q9VYD1	221-241	ECO:0000256|SAM:MobiDB-lite	Low complexity	compositional_bias
Q9VYD1	252-265	ECO:0000256|SAM:MobiDB-lite	Basic residues	compositional_bias
Q9VYD1	266-288	ECO:0000256|SAM:MobiDB-lite	Low complexity	compositional_bias
Q9VYD1	330-345	ECO:0000256|SAM:MobiDB-lite	Basic and acidic residues	compositional_bias
Q9VYD1	347-356	ECO:0000256|SAM:MobiDB-lite	Acidic residues	compositional_bias
Q9VYD1	365-375	ECO:0000256|SAM:MobiDB-lite	Acidic residues	compositional_bias
Q9VYD1	388-398	ECO:0000256|SAM:MobiDB-lite	Acidic residues	compositional_bias
Q9VYD1	412-433	ECO:0000256|SAM:MobiDB-lite	Low complexity	compositional_bias
Q9VYD1	552-563	ECO:0000256|SAM:MobiDB-lite	Basic and acidic residues	compositional_bias
Q9VYD1	659-671	ECO:0000256|SAM:MobiDB-lite	Acidic residues	compositional_bias
Q9VYD1	676-685	ECO:0000256|SAM:MobiDB-lite	Polar residues	compositional_bias
Q9VYD1	689-708	ECO:0000256|SAM:MobiDB-lite	Basic and acidic residues	compositional_bias
Q9VYD1	719-732	ECO:0000256|SAM:MobiDB-lite	Basic and acidic residues	compositional_bias
Q9VYD1	73-82	ECO:0000256|SAM:MobiDB-lite	Basic and acidic residues	compositional_bias
Q9VYD1	740-749	ECO:0000256|SAM:MobiDB-lite	Basic and acidic residues	compositional_bias
Q9VYD1	758-782	ECO:0000256|SAM:MobiDB-lite	Basic and acidic residues	compositional_bias
Q9VYD1	800-833	ECO:0000256|SAM:MobiDB-lite	Polar residues	compositional_bias
Q9VYD1	918-928	ECO:0000256|SAM:MobiDB-lite	Polar residues	compositional_bias
Q9VYD1	938-955	ECO:0000256|SAM:MobiDB-lite	Polar residues	compositional_bias
Q9VYD1	959-969	ECO:0000256|SAM:MobiDB-lite	Basic residues	compositional_bias
Q9VYD1	997-1010	ECO:0000256|SAM:MobiDB-lite	Low complexity	compositional_bias
Q9VYF8	20-31	ECO:0000256|SAM:MobiDB-lite	Polar residues	compositional_bias
Q9VYG2	17-34	ECO:0000256|SAM:MobiDB-lite	Pro residues	compositional_bias
Q9VYG2	49-62	ECO:0000256|SAM:MobiDB-lite	Low complexity	compositional_bias
Q9VYG2	90-103	ECO:0000256|SAM:MobiDB-lite	Gly residues	compositional_bias
Q9VYM3	108-119	ECO:0000256|SAM:MobiDB-lite	Basic and acidic residues	compositional_bias
Q9VYN8	1553-1574	ECO:0000256|SAM:MobiDB-lite	Low complexity	compositional_bias
Q9VYN8	233-243	ECO:0000256|SAM:MobiDB-lite	Polar residues	compositional_bias
Q9VYN8	444-453	ECO:0000256|SAM:MobiDB-lite	Basic and acidic residues	compositional_bias
Q9VYQ0	69-78	ECO:0000256|SAM:MobiDB-lite	Basic residues	compositional_bias
Q9VYQ0	79-91	ECO:0000256|SAM:MobiDB-lite	Basic and acidic residues	compositional_bias
Q9VYQ5	439-457	ECO:0000256|SAM:MobiDB-lite	Basic and acidic residues	compositional_bias
Q9VYR0	190-217	ECO:0000256|SAM:MobiDB-lite	Low complexity	compositional_bias
Q9VYS3	1069-1078	ECO:0000256|SAM:MobiDB-lite	Gly residues	compositional_bias
Q9VYS3	40-51	ECO:0000256|SAM:MobiDB-lite	Polar residues	compositional_bias
Q9VYS4	130-152	ECO:0000256|SAM:MobiDB-lite	Low complexity	compositional_bias
Q9VYS4	1320-1341	ECO:0000256|SAM:MobiDB-lite	Low complexity	compositional_bias
Q9VYS4	180-219	ECO:0000256|SAM:MobiDB-lite	Low complexity	compositional_bias
Q9VYS4	228-251	ECO:0000256|SAM:MobiDB-lite	Low complexity	compositional_bias
Q9VYS4	274-284	ECO:0000256|SAM:MobiDB-lite	Low complexity	compositional_bias
Q9VYS4	295-340	ECO:0000256|SAM:MobiDB-lite	Polar residues	compositional_bias
Q9VYS4	430-442	ECO:0000256|SAM:MobiDB-lite	Polar residues	compositional_bias
Q9VYS4	443-485	ECO:0000256|SAM:MobiDB-lite	Low complexity	compositional_bias
Q9VYS4	486-502	ECO:0000256|SAM:MobiDB-lite	Basic residues	compositional_bias
Q9VYS4	735-753	ECO:0000256|SAM:MobiDB-lite	Low complexity	compositional_bias
Q9VYS4	75-91	ECO:0000256|SAM:MobiDB-lite	Low complexity	compositional_bias
Q9VYS4	819-844	ECO:0000256|SAM:MobiDB-lite	Low complexity	compositional_bias
Q9VYS4	855-866	ECO:0000256|SAM:MobiDB-lite	Polar residues	compositional_bias
Q9VYS4	880-890	ECO:0000256|SAM:MobiDB-lite	Low complexity	compositional_bias
Q9VYS4	96-112	ECO:0000256|SAM:MobiDB-lite	Polar residues	compositional_bias
Q9VYV9	43-77	ECO:0000256|SAM:MobiDB-lite	Low complexity	compositional_bias
Q9VYY3	382-391	ECO:0000256|SAM:MobiDB-lite	Low complexity	compositional_bias
Q9VYY4	295-304	ECO:0000256|SAM:MobiDB-lite	Polar residues	compositional_bias
Q9VYY4	305-317	ECO:0000256|SAM:MobiDB-lite	Basic and acidic residues	compositional_bias
Q9VZ08	1007-1017	ECO:0000256|SAM:MobiDB-lite	Basic and acidic residues	compositional_bias
Q9VZ08	1024-1034	ECO:0000256|SAM:MobiDB-lite	Basic and acidic residues	compositional_bias
Q9VZ08	1194-1238	ECO:0000256|SAM:MobiDB-lite	Basic and acidic residues	compositional_bias
Q9VZ08	1257-1276	ECO:0000256|SAM:MobiDB-lite	Low complexity	compositional_bias
Q9VZ08	1317-1327	ECO:0000256|SAM:MobiDB-lite	Low complexity	compositional_bias
Q9VZ08	454-466	ECO:0000256|SAM:MobiDB-lite	Basic and acidic residues	compositional_bias
Q9VZ08	503-513	ECO:0000256|SAM:MobiDB-lite	Polar residues	compositional_bias
Q9VZ08	527-537	ECO:0000256|SAM:MobiDB-lite	Low complexity	compositional_bias
Q9VZ08	652-661	ECO:0000256|SAM:MobiDB-lite	Basic and acidic residues	compositional_bias
Q9VZ08	666-691	ECO:0000256|SAM:MobiDB-lite	Polar residues	compositional_bias
Q9VZ08	847-859	ECO:0000256|SAM:MobiDB-lite	Polar residues	compositional_bias
Q9VZ08	883-895	ECO:0000256|SAM:MobiDB-lite	Basic and acidic residues	compositional_bias
Q9VZ08	961-977	ECO:0000256|SAM:MobiDB-lite	Polar residues	compositional_bias
Q9VZ08	986-1006	ECO:0000256|SAM:MobiDB-lite	Basic residues	compositional_bias
Q9VZ09	108-121	ECO:0000256|SAM:MobiDB-lite	Basic and acidic residues	compositional_bias
Q9VZ49	109-120	ECO:0000256|SAM:MobiDB-lite	Polar residues	compositional_bias
Q9VZ49	134-144	ECO:0000256|SAM:MobiDB-lite	Low complexity	compositional_bias
Q9VZ49	188-209	ECO:0000256|SAM:MobiDB-lite	Low complexity	compositional_bias
Q9VZ49	234-249	ECO:0000256|SAM:MobiDB-lite	Pro residues	compositional_bias
Q9VZ49	258-267	ECO:0000256|SAM:MobiDB-lite	Pro residues	compositional_bias
Q9VZ49	268-294	ECO:0000256|SAM:MobiDB-lite	Low complexity	compositional_bias
Q9VZA4	113-139	ECO:0000256|SAM:MobiDB-lite	Low complexity	compositional_bias
Q9VZA4	451-505	ECO:0000256|SAM:MobiDB-lite	Low complexity	compositional_bias
Q9VZA4	47-60	ECO:0000256|SAM:MobiDB-lite	Basic and acidic residues	compositional_bias
Q9VZA4	82-104	ECO:0000256|SAM:MobiDB-lite	Low complexity	compositional_bias
Q9VZD8	277-291	ECO:0000256|SAM:MobiDB-lite	Basic and acidic residues	compositional_bias
Q9VZD8	298-324	ECO:0000256|SAM:MobiDB-lite	Basic and acidic residues	compositional_bias
Q9VZD8	68-80	ECO:0000256|SAM:MobiDB-lite	Basic and acidic residues	compositional_bias
Q9VZE6	1-12	ECO:0000256|SAM:MobiDB-lite	Basic residues	compositional_bias
Q9VZE7	1-10	ECO:0000256|SAM:MobiDB-lite	Basic and acidic residues	compositional_bias
Q9VZF4	165-187	ECO:0000256|SAM:MobiDB-lite	Acidic residues	compositional_bias
Q9VZF4	320-348	ECO:0000256|SAM:MobiDB-lite	Low complexity	compositional_bias
Q9VZF4	403-464	ECO:0000256|SAM:MobiDB-lite	Polar residues	compositional_bias
Q9VZF4	465-486	ECO:0000256|SAM:MobiDB-lite	Low complexity	compositional_bias
Q9VZF4	495-504	ECO:0000256|SAM:MobiDB-lite	Polar residues	compositional_bias
Q9VZF4	510-520	ECO:0000256|SAM:MobiDB-lite	Low complexity	compositional_bias
Q9VZF4	528-546	ECO:0000256|SAM:MobiDB-lite	Low complexity	compositional_bias
Q9VZF4	616-631	ECO:0000256|SAM:MobiDB-lite	Low complexity	compositional_bias
Q9VZF4	632-642	ECO:0000256|SAM:MobiDB-lite	Polar residues	compositional_bias
Q9VZF4	797-824	ECO:0000256|SAM:MobiDB-lite	Polar residues	compositional_bias
Q9VZF4	9-39	ECO:0000256|SAM:MobiDB-lite	Polar residues	compositional_bias
Q9VZH2	148-175	ECO:0000256|SAM:MobiDB-lite	Low complexity	compositional_bias
Q9VZH2	176-189	ECO:0000256|SAM:MobiDB-lite	Basic and acidic residues	compositional_bias
Q9VZH2	263-280	ECO:0000256|SAM:MobiDB-lite	Low complexity	compositional_bias
Q9VZH2	307-325	ECO:0000256|SAM:MobiDB-lite	Acidic residues	compositional_bias
Q9VZH2	501-527	ECO:0000256|SAM:MobiDB-lite	Pro residues	compositional_bias
Q9VZH2	588-606	ECO:0000256|SAM:MobiDB-lite	Pro residues	compositional_bias
Q9VZH2	613-638	ECO:0000256|SAM:MobiDB-lite	Pro residues	compositional_bias
Q9VZH2	650-661	ECO:0000256|SAM:MobiDB-lite	Pro residues	compositional_bias
Q9VZH2	662-672	ECO:0000256|SAM:MobiDB-lite	Low complexity	compositional_bias
Q9VZH2	98-139	ECO:0000256|SAM:MobiDB-lite	Low complexity	compositional_bias
Q9VZI2	812-826	ECO:0000256|SAM:MobiDB-lite	Low complexity	compositional_bias
Q9VZL6	97-107	ECO:0000256|SAM:MobiDB-lite	Low complexity	compositional_bias
Q9VZM5	535-546	ECO:0000256|SAM:MobiDB-lite	Basic and acidic residues	compositional_bias
Q9VZM7	545-570	ECO:0000256|SAM:MobiDB-lite	Polar residues	compositional_bias
Q9VZN4	153-167	ECO:0000256|SAM:MobiDB-lite	Polar residues	compositional_bias
Q9VZN4	251-267	ECO:0000256|SAM:MobiDB-lite	Low complexity	compositional_bias
Q9VZN4	309-351	ECO:0000256|SAM:MobiDB-lite	Low complexity	compositional_bias
Q9VZN4	374-393	ECO:0000256|SAM:MobiDB-lite	Low complexity	compositional_bias
Q9VZN4	400-410	ECO:0000256|SAM:MobiDB-lite	Polar residues	compositional_bias
Q9VZN4	458-513	ECO:0000256|SAM:MobiDB-lite	Low complexity	compositional_bias
Q9VZN4	527-548	ECO:0000256|SAM:MobiDB-lite	Low complexity	compositional_bias
Q9VZN4	57-89	ECO:0000256|SAM:MobiDB-lite	Low complexity	compositional_bias
Q9VZN4	594-610	ECO:0000256|SAM:MobiDB-lite	Low complexity	compositional_bias
Q9VZN4	95-125	ECO:0000256|SAM:MobiDB-lite	Basic residues	compositional_bias
Q9VZQ1	135-151	ECO:0000256|SAM:MobiDB-lite	Basic and acidic residues	compositional_bias
Q9VZQ1	29-38	ECO:0000256|SAM:MobiDB-lite	Acidic residues	compositional_bias
Q9VZQ1	432-443	ECO:0000256|SAM:MobiDB-lite	Gly residues	compositional_bias
Q9VZQ1	451-471	ECO:0000256|SAM:MobiDB-lite	Basic residues	compositional_bias
Q9VZQ1	48-75	ECO:0000256|SAM:MobiDB-lite	Low complexity	compositional_bias
Q9VZQ1	583-600	ECO:0000256|SAM:MobiDB-lite	Pro residues	compositional_bias
Q9VZQ1	651-670	ECO:0000256|SAM:MobiDB-lite	Gly residues	compositional_bias
Q9VZQ1	699-708	ECO:0000256|SAM:MobiDB-lite	Basic and acidic residues	compositional_bias
Q9VZS5	133-144	ECO:0000256|SAM:MobiDB-lite	Basic and acidic residues	compositional_bias
Q9VZS6	318-330	ECO:0000256|SAM:MobiDB-lite	Polar residues	compositional_bias
Q9VZS7	2119-2140	ECO:0000256|SAM:MobiDB-lite	Low complexity	compositional_bias
Q9VZS7	270-282	ECO:0000256|SAM:MobiDB-lite	Polar residues	compositional_bias
Q9VZV5	1-17	ECO:0000256|SAM:MobiDB-lite	Low complexity	compositional_bias
Q9VZV5	29-48	ECO:0000256|SAM:MobiDB-lite	Low complexity	compositional_bias
Q9VZX1	237-247	ECO:0000256|SAM:MobiDB-lite	Acidic residues	compositional_bias
Q9VZX1	276-286	ECO:0000256|SAM:MobiDB-lite	Basic residues	compositional_bias
Q9VZX9	54-73	ECO:0000256|SAM:MobiDB-lite	Low complexity	compositional_bias
Q9VZZ9	136-159	ECO:0000256|SAM:MobiDB-lite	Low complexity	compositional_bias
Q9VZZ9	160-169	ECO:0000256|SAM:MobiDB-lite	Polar residues	compositional_bias
Q9VZZ9	707-718	ECO:0000256|SAM:MobiDB-lite	Polar residues	compositional_bias
Q9VZZ9	760-770	ECO:0000256|SAM:MobiDB-lite	Polar residues	compositional_bias
Q9W020	135-156	ECO:0000256|SAM:MobiDB-lite	Basic and acidic residues	compositional_bias
Q9W020	15-28	ECO:0000256|SAM:MobiDB-lite	Basic and acidic residues	compositional_bias
Q9W020	217-238	ECO:0000256|SAM:MobiDB-lite	Basic and acidic residues	compositional_bias
Q9W020	242-289	ECO:0000256|SAM:MobiDB-lite	Acidic residues	compositional_bias
Q9W020	290-306	ECO:0000256|SAM:MobiDB-lite	Basic and acidic residues	compositional_bias
Q9W020	60-71	ECO:0000256|SAM:MobiDB-lite	Basic residues	compositional_bias
Q9W020	88-105	ECO:0000256|SAM:MobiDB-lite	Acidic residues	compositional_bias
Q9W032	491-501	ECO:0000256|SAM:MobiDB-lite	Acidic residues	compositional_bias
Q9W060	1066-1096	ECO:0000256|SAM:MobiDB-lite	Polar residues	compositional_bias
Q9W060	1596-1610	ECO:0000256|SAM:MobiDB-lite	Low complexity	compositional_bias
Q9W060	3273-3285	ECO:0000256|SAM:MobiDB-lite	Low complexity	compositional_bias
Q9W062	1-20	ECO:0000256|SAM:MobiDB-lite	Low complexity	compositional_bias
Q9W062	107-128	ECO:0000256|SAM:MobiDB-lite	Basic and acidic residues	compositional_bias
Q9W062	140-153	ECO:0000256|SAM:MobiDB-lite	Acidic residues	compositional_bias
Q9W062	160-170	ECO:0000256|SAM:MobiDB-lite	Polar residues	compositional_bias
Q9W062	171-181	ECO:0000256|SAM:MobiDB-lite	Acidic residues	compositional_bias
Q9W062	197-212	ECO:0000256|SAM:MobiDB-lite	Basic and acidic residues	compositional_bias
Q9W062	214-231	ECO:0000256|SAM:MobiDB-lite	Acidic residues	compositional_bias
Q9W062	245-268	ECO:0000256|SAM:MobiDB-lite	Basic and acidic residues	compositional_bias
Q9W062	53-62	ECO:0000256|SAM:MobiDB-lite	Acidic residues	compositional_bias
Q9W074	189-200	ECO:0000256|SAM:MobiDB-lite	Low complexity	compositional_bias
Q9W074	63-75	ECO:0000256|SAM:MobiDB-lite	Acidic residues	compositional_bias
Q9W0A0	1009-1031	ECO:0000256|SAM:MobiDB-lite	Polar residues	compositional_bias
Q9W0A0	940-954	ECO:0000256|SAM:MobiDB-lite	Basic and acidic residues	compositional_bias
Q9W0C1	1-17	ECO:0000256|SAM:MobiDB-lite	Low complexity	compositional_bias
Q9W0C1	141-151	ECO:0000256|SAM:MobiDB-lite	Pro residues	compositional_bias
Q9W0C1	165-183	ECO:0000256|SAM:MobiDB-lite	Gly residues	compositional_bias
Q9W0C1	18-27	ECO:0000256|SAM:MobiDB-lite	Gly residues	compositional_bias
Q9W0E3	1041-1057	ECO:0000256|SAM:MobiDB-lite	Polar residues	compositional_bias
Q9W0E3	1058-1072	ECO:0000256|SAM:MobiDB-lite	Basic and acidic residues	compositional_bias
Q9W0E3	623-639	ECO:0000256|SAM:MobiDB-lite	Polar residues	compositional_bias
Q9W0G1	404-428	ECO:0000256|SAM:MobiDB-lite	Acidic residues	compositional_bias
Q9W0G1	502-517	ECO:0000256|SAM:MobiDB-lite	Basic and acidic residues	compositional_bias
Q9W0K0	231-249	ECO:0000256|SAM:MobiDB-lite	Polar residues	compositional_bias
Q9W0K4	326-335	ECO:0000256|SAM:MobiDB-lite	Acidic residues	compositional_bias
Q9W0K4	391-412	ECO:0000256|SAM:MobiDB-lite	Low complexity	compositional_bias
Q9W0K4	47-62	ECO:0000256|SAM:MobiDB-lite	Basic and acidic residues	compositional_bias
Q9W0K4	525-538	ECO:0000256|SAM:MobiDB-lite	Gly residues	compositional_bias
Q9W0K4	545-556	ECO:0000256|SAM:MobiDB-lite	Gly residues	compositional_bias
Q9W0K4	812-829	ECO:0000256|SAM:MobiDB-lite	Low complexity	compositional_bias
Q9W0K4	86-98	ECO:0000256|SAM:MobiDB-lite	Basic and acidic residues	compositional_bias
Q9W0K4	904-914	ECO:0000256|SAM:MobiDB-lite	Low complexity	compositional_bias
Q9W0K4	915-933	ECO:0000256|SAM:MobiDB-lite	Basic and acidic residues	compositional_bias
Q9W0K4	934-949	ECO:0000256|SAM:MobiDB-lite	Low complexity	compositional_bias
Q9W0K7	316-330	ECO:0000256|SAM:MobiDB-lite	Basic and acidic residues	compositional_bias
Q9W0K7	34-43	ECO:0000256|SAM:MobiDB-lite	Polar residues	compositional_bias
Q9W0K7	372-396	ECO:0000256|SAM:MobiDB-lite	Low complexity	compositional_bias
Q9W0K7	44-69	ECO:0000256|SAM:MobiDB-lite	Basic and acidic residues	compositional_bias
Q9W0K7	469-491	ECO:0000256|SAM:MobiDB-lite	Gly residues	compositional_bias
Q9W0K7	80-97	ECO:0000256|SAM:MobiDB-lite	Low complexity	compositional_bias
Q9W0K7	804-816	ECO:0000256|SAM:MobiDB-lite	Low complexity	compositional_bias
Q9W0K7	838-853	ECO:0000256|SAM:MobiDB-lite	Low complexity	compositional_bias
Q9W0K7	862-872	ECO:0000256|SAM:MobiDB-lite	Low complexity	compositional_bias
Q9W0K7	925-966	ECO:0000256|SAM:MobiDB-lite	Low complexity	compositional_bias
Q9W0M1	1313-1324	ECO:0000256|SAM:MobiDB-lite	Basic and acidic residues	compositional_bias
Q9W0M1	1329-1341	ECO:0000256|SAM:MobiDB-lite	Low complexity	compositional_bias
Q9W0M1	1379-1391	ECO:0000256|SAM:MobiDB-lite	Acidic residues	compositional_bias
Q9W0M1	1693-1708	ECO:0000256|SAM:MobiDB-lite	Polar residues	compositional_bias
Q9W0M1	276-290	ECO:0000256|SAM:MobiDB-lite	Low complexity	compositional_bias
Q9W0P2	136-164	ECO:0000256|SAM:MobiDB-lite	Basic and acidic residues	compositional_bias
Q9W0P2	192-211	ECO:0000256|SAM:MobiDB-lite	Low complexity	compositional_bias
Q9W0P3	1-13	ECO:0000256|SAM:MobiDB-lite	Low complexity	compositional_bias
Q9W0P3	124-142	ECO:0000256|SAM:MobiDB-lite	Low complexity	compositional_bias
Q9W0P3	14-33	ECO:0000256|SAM:MobiDB-lite	Gly residues	compositional_bias
Q9W0P3	34-55	ECO:0000256|SAM:MobiDB-lite	Low complexity	compositional_bias
Q9W0P3	78-92	ECO:0000256|SAM:MobiDB-lite	Low complexity	compositional_bias
Q9W0P8	1024-1039	ECO:0000256|SAM:MobiDB-lite	Low complexity	compositional_bias
Q9W0P8	1065-1080	ECO:0000256|SAM:MobiDB-lite	Low complexity	compositional_bias
Q9W0P8	1081-1090	ECO:0000256|SAM:MobiDB-lite	Gly residues	compositional_bias
Q9W0P8	1099-1108	ECO:0000256|SAM:MobiDB-lite	Pro residues	compositional_bias
Q9W0P8	1131-1155	ECO:0000256|SAM:MobiDB-lite	Polar residues	compositional_bias
Q9W0P8	1159-1169	ECO:0000256|SAM:MobiDB-lite	Pro residues	compositional_bias
Q9W0P8	1177-1193	ECO:0000256|SAM:MobiDB-lite	Gly residues	compositional_bias
Q9W0P8	1515-1534	ECO:0000256|SAM:MobiDB-lite	Low complexity	compositional_bias
Q9W0S3	102-111	ECO:0000256|SAM:MobiDB-lite	Basic and acidic residues	compositional_bias
Q9W0S7	1-17	ECO:0000256|SAM:MobiDB-lite	Low complexity	compositional_bias
Q9W0S9	113-125	ECO:0000256|SAM:MobiDB-lite	Polar residues	compositional_bias
Q9W0S9	146-165	ECO:0000256|SAM:MobiDB-lite	Polar residues	compositional_bias
Q9W0S9	166-175	ECO:0000256|SAM:MobiDB-lite	Basic residues	compositional_bias
Q9W0S9	176-185	ECO:0000256|SAM:MobiDB-lite	Basic and acidic residues	compositional_bias
Q9W0S9	224-236	ECO:0000256|SAM:MobiDB-lite	Acidic residues	compositional_bias
Q9W0S9	241-253	ECO:0000256|SAM:MobiDB-lite	Basic and acidic residues	compositional_bias
Q9W0S9	272-297	ECO:0000256|SAM:MobiDB-lite	Polar residues	compositional_bias
Q9W0T1	1-12	ECO:0000256|SAM:MobiDB-lite	Basic residues	compositional_bias
Q9W0T1	109-125	ECO:0000256|SAM:MobiDB-lite	Acidic residues	compositional_bias
Q9W0T1	1559-1590	ECO:0000256|SAM:MobiDB-lite	Low complexity	compositional_bias
Q9W0T1	2283-2293	ECO:0000256|SAM:MobiDB-lite	Polar residues	compositional_bias
Q9W0T1	2404-2419	ECO:0000256|SAM:MobiDB-lite	Basic and acidic residues	compositional_bias
Q9W0T1	38-56	ECO:0000256|SAM:MobiDB-lite	Polar residues	compositional_bias
Q9W0T1	528-537	ECO:0000256|SAM:MobiDB-lite	Basic and acidic residues	compositional_bias
Q9W0T1	66-82	ECO:0000256|SAM:MobiDB-lite	Basic residues	compositional_bias
Q9W0V1	206-235	ECO:0000256|SAM:MobiDB-lite	Low complexity	compositional_bias
Q9W0V1	401-415	ECO:0000256|SAM:MobiDB-lite	Basic and acidic residues	compositional_bias
Q9W0V1	416-452	ECO:0000256|SAM:MobiDB-lite	Acidic residues	compositional_bias
Q9W0V1	788-797	ECO:0000256|SAM:MobiDB-lite	Low complexity	compositional_bias
Q9W0V1	798-836	ECO:0000256|SAM:MobiDB-lite	Polar residues	compositional_bias
Q9W0W6	133-144	ECO:0000256|SAM:MobiDB-lite	Acidic residues	compositional_bias
Q9W0Y8	1129-1157	ECO:0000256|SAM:MobiDB-lite	Polar residues	compositional_bias
Q9W0Y8	1191-1203	ECO:0000256|SAM:MobiDB-lite	Low complexity	compositional_bias
Q9W0Y8	1204-1213	ECO:0000256|SAM:MobiDB-lite	Basic and acidic residues	compositional_bias
Q9W0Y8	1277-1286	ECO:0000256|SAM:MobiDB-lite	Polar residues	compositional_bias
Q9W0Y8	1604-1618	ECO:0000256|SAM:MobiDB-lite	Polar residues	compositional_bias
Q9W0Y8	1640-1654	ECO:0000256|SAM:MobiDB-lite	Polar residues	compositional_bias
Q9W0Y8	2467-2479	ECO:0000256|SAM:MobiDB-lite	Polar residues	compositional_bias
Q9W0Y8	2595-2632	ECO:0000256|SAM:MobiDB-lite	Low complexity	compositional_bias
Q9W0Y8	2647-2658	ECO:0000256|SAM:MobiDB-lite	Basic residues	compositional_bias
Q9W0Y8	2825-2836	ECO:0000256|SAM:MobiDB-lite	Polar residues	compositional_bias
Q9W0Y8	455-465	ECO:0000256|SAM:MobiDB-lite	Basic residues	compositional_bias
Q9W0Y8	469-479	ECO:0000256|SAM:MobiDB-lite	Gly residues	compositional_bias
Q9W0Y8	511-520	ECO:0000256|SAM:MobiDB-lite	Low complexity	compositional_bias
Q9W0Y8	577-586	ECO:0000256|SAM:MobiDB-lite	Low complexity	compositional_bias
Q9W0Y8	593-603	ECO:0000256|SAM:MobiDB-lite	Acidic residues	compositional_bias
Q9W123	332-342	ECO:0000256|SAM:MobiDB-lite	Low complexity	compositional_bias
Q9W123	345-358	ECO:0000256|SAM:MobiDB-lite	Basic and acidic residues	compositional_bias
Q9W123	472-495	ECO:0000256|SAM:MobiDB-lite	Basic and acidic residues	compositional_bias
Q9W148	205-217	ECO:0000256|SAM:MobiDB-lite	Polar residues	compositional_bias
Q9W148	285-300	ECO:0000256|SAM:MobiDB-lite	Acidic residues	compositional_bias
Q9W148	508-518	ECO:0000256|SAM:MobiDB-lite	Polar residues	compositional_bias
Q9W148	575-599	ECO:0000256|SAM:MobiDB-lite	Polar residues	compositional_bias
Q9W148	611-621	ECO:0000256|SAM:MobiDB-lite	Basic and acidic residues	compositional_bias
Q9W148	623-644	ECO:0000256|SAM:MobiDB-lite	Polar residues	compositional_bias
Q9W148	661-673	ECO:0000256|SAM:MobiDB-lite	Basic residues	compositional_bias
Q9W148	721-731	ECO:0000256|SAM:MobiDB-lite	Basic and acidic residues	compositional_bias
Q9W157	1-15	ECO:0000256|SAM:MobiDB-lite	Polar residues	compositional_bias
Q9W157	130-139	ECO:0000256|SAM:MobiDB-lite	Basic residues	compositional_bias
Q9W157	349-364	ECO:0000256|SAM:MobiDB-lite	Basic and acidic residues	compositional_bias
Q9W157	375-392	ECO:0000256|SAM:MobiDB-lite	Polar residues	compositional_bias
Q9W157	420-432	ECO:0000256|SAM:MobiDB-lite	Polar residues	compositional_bias
Q9W157	453-466	ECO:0000256|SAM:MobiDB-lite	Polar residues	compositional_bias
Q9W157	931-948	ECO:0000256|SAM:MobiDB-lite	Basic and acidic residues	compositional_bias
Q9W157	959-971	ECO:0000256|SAM:MobiDB-lite	Basic residues	compositional_bias
Q9W1A2	617-630	ECO:0000256|SAM:MobiDB-lite	Basic residues	compositional_bias
Q9W1A4	662-679	ECO:0000256|SAM:MobiDB-lite	Basic and acidic residues	compositional_bias
Q9W1B0	1616-1626	ECO:0000256|SAM:MobiDB-lite	Polar residues	compositional_bias
Q9W1B0	563-575	ECO:0000256|SAM:MobiDB-lite	Basic and acidic residues	compositional_bias
Q9W1C5	268-283	ECO:0000256|SAM:MobiDB-lite	Polar residues	compositional_bias
Q9W1H4	26-42	ECO:0000256|SAM:MobiDB-lite	Basic and acidic residues	compositional_bias
Q9W1H4	60-84	ECO:0000256|SAM:MobiDB-lite	Basic and acidic residues	compositional_bias
Q9W1H4	725-740	ECO:0000256|SAM:MobiDB-lite	Polar residues	compositional_bias
Q9W1I9	44-54	ECO:0000256|SAM:MobiDB-lite	Acidic residues	compositional_bias
Q9W1J3	134-146	ECO:0000256|SAM:MobiDB-lite	Basic and acidic residues	compositional_bias
Q9W1J3	147-164	ECO:0000256|SAM:MobiDB-lite	Acidic residues	compositional_bias
Q9W1J3	23-36	ECO:0000256|SAM:MobiDB-lite	Basic and acidic residues	compositional_bias
Q9W1J3	554-564	ECO:0000256|SAM:MobiDB-lite	Basic and acidic residues	compositional_bias
Q9W1J3	639-655	ECO:0000256|SAM:MobiDB-lite	Basic and acidic residues	compositional_bias
Q9W1J3	91-115	ECO:0000256|SAM:MobiDB-lite	Basic and acidic residues	compositional_bias
Q9W1K5	226-241	ECO:0000256|SAM:MobiDB-lite	Polar residues	compositional_bias
Q9W1M8	971-980	ECO:0000256|SAM:MobiDB-lite	Basic and acidic residues	compositional_bias
Q9W1R4	478-489	ECO:0000256|SAM:MobiDB-lite	Basic residues	compositional_bias
Q9W1R4	710-720	ECO:0000256|SAM:MobiDB-lite	Acidic residues	compositional_bias
Q9W1R4	721-731	ECO:0000256|SAM:MobiDB-lite	Basic and acidic residues	compositional_bias
Q9W1R4	745-762	ECO:0000256|SAM:MobiDB-lite	Acidic residues	compositional_bias
Q9W1R4	763-776	ECO:0000256|SAM:MobiDB-lite	Basic and acidic residues	compositional_bias
Q9W1R4	913-936	ECO:0000256|SAM:MobiDB-lite	Basic and acidic residues	compositional_bias
Q9W1R5	1738-1748	ECO:0000256|SAM:MobiDB-lite	Low complexity	compositional_bias
Q9W1R5	1816-1838	ECO:0000256|SAM:MobiDB-lite	Low complexity	compositional_bias
Q9W1R5	202-214	ECO:0000256|SAM:MobiDB-lite	Basic and acidic residues	compositional_bias
Q9W1R5	236-259	ECO:0000256|SAM:MobiDB-lite	Basic and acidic residues	compositional_bias
Q9W1R5	275-285	ECO:0000256|SAM:MobiDB-lite	Basic and acidic residues	compositional_bias
Q9W1R5	325-343	ECO:0000256|SAM:MobiDB-lite	Basic and acidic residues	compositional_bias
Q9W1R5	777-796	ECO:0000256|SAM:MobiDB-lite	Basic and acidic residues	compositional_bias
Q9W1U4	101-112	ECO:0000256|SAM:MobiDB-lite	Low complexity	compositional_bias
Q9W1U4	113-150	ECO:0000256|SAM:MobiDB-lite	Basic and acidic residues	compositional_bias
Q9W1U4	72-96	ECO:0000256|SAM:MobiDB-lite	Polar residues	compositional_bias
Q9W1V3	8-107	ECO:0000256|SAM:MobiDB-lite	Gly residues	compositional_bias
Q9W1V7	252-261	ECO:0000256|SAM:MobiDB-lite	Basic residues	compositional_bias
Q9W1X4	1037-1051	ECO:0000256|SAM:MobiDB-lite	Basic and acidic residues	compositional_bias
Q9W1X4	1058-1072	ECO:0000256|SAM:MobiDB-lite	Basic and acidic residues	compositional_bias
Q9W1X4	1251-1261	ECO:0000256|SAM:MobiDB-lite	Polar residues	compositional_bias
Q9W1X4	1560-1572	ECO:0000256|SAM:MobiDB-lite	Gly residues	compositional_bias
Q9W1X4	1582-1595	ECO:0000256|SAM:MobiDB-lite	Gly residues	compositional_bias
Q9W1X4	1596-1614	ECO:0000256|SAM:MobiDB-lite	Low complexity	compositional_bias
Q9W1X4	1688-1698	ECO:0000256|SAM:MobiDB-lite	Polar residues	compositional_bias
Q9W1X7	1348-1372	ECO:0000256|SAM:MobiDB-lite	Low complexity	compositional_bias
Q9W1X7	1411-1439	ECO:0000256|SAM:MobiDB-lite	Low complexity	compositional_bias
Q9W1X9	156-170	ECO:0000256|SAM:MobiDB-lite	Polar residues	compositional_bias
Q9W1X9	204-216	ECO:0000256|SAM:MobiDB-lite	Basic and acidic residues	compositional_bias
Q9W252	454-466	ECO:0000256|SAM:MobiDB-lite	Basic and acidic residues	compositional_bias
Q9W256	1-16	ECO:0000256|SAM:MobiDB-lite	Acidic residues	compositional_bias
Q9W256	24-48	ECO:0000256|SAM:MobiDB-lite	Acidic residues	compositional_bias
Q9W256	49-65	ECO:0000256|SAM:MobiDB-lite	Polar residues	compositional_bias
Q9W261	120-129	ECO:0000256|SAM:MobiDB-lite	Acidic residues	compositional_bias
Q9W261	136-153	ECO:0000256|SAM:MobiDB-lite	Low complexity	compositional_bias
Q9W261	154-168	ECO:0000256|SAM:MobiDB-lite	Acidic residues	compositional_bias
Q9W261	169-224	ECO:0000256|SAM:MobiDB-lite	Basic and acidic residues	compositional_bias
Q9W261	225-239	ECO:0000256|SAM:MobiDB-lite	Basic residues	compositional_bias
Q9W261	247-256	ECO:0000256|SAM:MobiDB-lite	Polar residues	compositional_bias
Q9W261	266-288	ECO:0000256|SAM:MobiDB-lite	Polar residues	compositional_bias
Q9W261	306-330	ECO:0000256|SAM:MobiDB-lite	Basic and acidic residues	compositional_bias
Q9W261	338-360	ECO:0000256|SAM:MobiDB-lite	Basic and acidic residues	compositional_bias
Q9W261	709-718	ECO:0000256|SAM:MobiDB-lite	Polar residues	compositional_bias
Q9W266	347-372	ECO:0000256|SAM:MobiDB-lite	Basic and acidic residues	compositional_bias
Q9W266	374-385	ECO:0000256|SAM:MobiDB-lite	Polar residues	compositional_bias
Q9W266	595-607	ECO:0000256|SAM:MobiDB-lite	Low complexity	compositional_bias
Q9W2E1	1-12	ECO:0000256|SAM:MobiDB-lite	Low complexity	compositional_bias
Q9W2E1	1034-1044	ECO:0000256|SAM:MobiDB-lite	Polar residues	compositional_bias
Q9W2E1	1080-1095	ECO:0000256|SAM:MobiDB-lite	Low complexity	compositional_bias
Q9W2E1	1111-1124	ECO:0000256|SAM:MobiDB-lite	Polar residues	compositional_bias
Q9W2E1	1133-1146	ECO:0000256|SAM:MobiDB-lite	Basic and acidic residues	compositional_bias
Q9W2E1	1161-1173	ECO:0000256|SAM:MobiDB-lite	Low complexity	compositional_bias
Q9W2E1	1187-1202	ECO:0000256|SAM:MobiDB-lite	Polar residues	compositional_bias
Q9W2E1	1368-1384	ECO:0000256|SAM:MobiDB-lite	Polar residues	compositional_bias
Q9W2E1	1450-1461	ECO:0000256|SAM:MobiDB-lite	Basic and acidic residues	compositional_bias
Q9W2E1	1463-1473	ECO:0000256|SAM:MobiDB-lite	Gly residues	compositional_bias
Q9W2E1	250-265	ECO:0000256|SAM:MobiDB-lite	Polar residues	compositional_bias
Q9W2E1	386-410	ECO:0000256|SAM:MobiDB-lite	Basic and acidic residues	compositional_bias
Q9W2E1	616-627	ECO:0000256|SAM:MobiDB-lite	Pro residues	compositional_bias
Q9W2E1	651-660	ECO:0000256|SAM:MobiDB-lite	Polar residues	compositional_bias
Q9W2E1	686-700	ECO:0000256|SAM:MobiDB-lite	Basic and acidic residues	compositional_bias
Q9W2E1	789-802	ECO:0000256|SAM:MobiDB-lite	Polar residues	compositional_bias
Q9W2E1	848-866	ECO:0000256|SAM:MobiDB-lite	Polar residues	compositional_bias
Q9W2E1	867-879	ECO:0000256|SAM:MobiDB-lite	Low complexity	compositional_bias
Q9W2E1	880-889	ECO:0000256|SAM:MobiDB-lite	Basic and acidic residues	compositional_bias
Q9W2E1	890-904	ECO:0000256|SAM:MobiDB-lite	Low complexity	compositional_bias
Q9W2E1	90-108	ECO:0000256|SAM:MobiDB-lite	Polar residues	compositional_bias
Q9W2E1	911-938	ECO:0000256|SAM:MobiDB-lite	Basic and acidic residues	compositional_bias
Q9W2E1	943-968	ECO:0000256|SAM:MobiDB-lite	Low complexity	compositional_bias
Q9W2E1	978-993	ECO:0000256|SAM:MobiDB-lite	Polar residues	compositional_bias
Q9W2F2	10-35	ECO:0000256|SAM:MobiDB-lite	Low complexity	compositional_bias
Q9W2F2	1016-1027	ECO:0000256|SAM:MobiDB-lite	Polar residues	compositional_bias
Q9W2F2	1451-1467	ECO:0000256|SAM:MobiDB-lite	Acidic residues	compositional_bias
Q9W2F2	1495-1535	ECO:0000256|SAM:MobiDB-lite	Acidic residues	compositional_bias
Q9W2F2	38-91	ECO:0000256|SAM:MobiDB-lite	Acidic residues	compositional_bias
Q9W2F2	961-971	ECO:0000256|SAM:MobiDB-lite	Low complexity	compositional_bias
Q9W2H9	203-220	ECO:0000256|SAM:MobiDB-lite	Basic residues	compositional_bias
Q9W2H9	241-251	ECO:0000256|SAM:MobiDB-lite	Basic and acidic residues	compositional_bias
Q9W2H9	269-279	ECO:0000256|SAM:MobiDB-lite	Basic and acidic residues	compositional_bias
Q9W2Q1	127-137	ECO:0000256|SAM:MobiDB-lite	Low complexity	compositional_bias
Q9W2Q1	224-235	ECO:0000256|SAM:MobiDB-lite	Basic residues	compositional_bias
Q9W2Q1	293-316	ECO:0000256|SAM:MobiDB-lite	Low complexity	compositional_bias
Q9W2Q1	438-474	ECO:0000256|SAM:MobiDB-lite	Low complexity	compositional_bias
Q9W2Q1	483-513	ECO:0000256|SAM:MobiDB-lite	Polar residues	compositional_bias
Q9W2Q1	683-694	ECO:0000256|SAM:MobiDB-lite	Pro residues	compositional_bias
Q9W2Q1	702-714	ECO:0000256|SAM:MobiDB-lite	Low complexity	compositional_bias
Q9W2Q1	731-763	ECO:0000256|SAM:MobiDB-lite	Low complexity	compositional_bias
Q9W2Q1	774-785	ECO:0000256|SAM:MobiDB-lite	Polar residues	compositional_bias
Q9W2Q1	835-844	ECO:0000256|SAM:MobiDB-lite	Low complexity	compositional_bias
Q9W2Q7	209-221	ECO:0000256|SAM:MobiDB-lite	Gly residues	compositional_bias
Q9W2Q7	397-416	ECO:0000256|SAM:MobiDB-lite	Low complexity	compositional_bias
Q9W2Q7	529-539	ECO:0000256|SAM:MobiDB-lite	Low complexity	compositional_bias
Q9W2Q7	540-565	ECO:0000256|SAM:MobiDB-lite	Polar residues	compositional_bias
Q9W2Q7	87-108	ECO:0000256|SAM:MobiDB-lite	Basic and acidic residues	compositional_bias
Q9W2R3	1-21	ECO:0000256|SAM:MobiDB-lite	Basic and acidic residues	compositional_bias
Q9W2R3	105-131	ECO:0000256|SAM:MobiDB-lite	Polar residues	compositional_bias
Q9W2R3	52-62	ECO:0000256|SAM:MobiDB-lite	Polar residues	compositional_bias
Q9W2R3	642-658	ECO:0000256|SAM:MobiDB-lite	Low complexity	compositional_bias
Q9W2R3	678-702	ECO:0000256|SAM:MobiDB-lite	Polar residues	compositional_bias
Q9W2S3	577-594	ECO:0000256|SAM:MobiDB-lite	Basic and acidic residues	compositional_bias
Q9W2S3	597-606	ECO:0000256|SAM:MobiDB-lite	Polar residues	compositional_bias
Q9W2S3	607-626	ECO:0000256|SAM:MobiDB-lite	Low complexity	compositional_bias
Q9W2S3	641-658	ECO:0000256|SAM:MobiDB-lite	Pro residues	compositional_bias
Q9W2S3	670-679	ECO:0000256|SAM:MobiDB-lite	Polar residues	compositional_bias
Q9W2S3	686-704	ECO:0000256|SAM:MobiDB-lite	Low complexity	compositional_bias
Q9W2U4	183-194	ECO:0000256|SAM:MobiDB-lite	Low complexity	compositional_bias
Q9W2U4	201-225	ECO:0000256|SAM:MobiDB-lite	Basic and acidic residues	compositional_bias
Q9W2U4	233-244	ECO:0000256|SAM:MobiDB-lite	Basic and acidic residues	compositional_bias
Q9W2U4	258-270	ECO:0000256|SAM:MobiDB-lite	Acidic residues	compositional_bias
Q9W2U4	310-351	ECO:0000256|SAM:MobiDB-lite	Basic and acidic residues	compositional_bias
Q9W2U4	375-400	ECO:0000256|SAM:MobiDB-lite	Basic and acidic residues	compositional_bias
Q9W2U4	401-410	ECO:0000256|SAM:MobiDB-lite	Acidic residues	compositional_bias
Q9W2U4	414-462	ECO:0000256|SAM:MobiDB-lite	Basic and acidic residues	compositional_bias
Q9W345	337-349	ECO:0000256|SAM:MobiDB-lite	Polar residues	compositional_bias
Q9W345	381-394	ECO:0000256|SAM:MobiDB-lite	Polar residues	compositional_bias
Q9W345	397-411	ECO:0000256|SAM:MobiDB-lite	Gly residues	compositional_bias
Q9W345	415-429	ECO:0000256|SAM:MobiDB-lite	Basic residues	compositional_bias
Q9W345	688-705	ECO:0000256|SAM:MobiDB-lite	Low complexity	compositional_bias
Q9W345	751-765	ECO:0000256|SAM:MobiDB-lite	Low complexity	compositional_bias
Q9W345	768-780	ECO:0000256|SAM:MobiDB-lite	Polar residues	compositional_bias
Q9W345	910-919	ECO:0000256|SAM:MobiDB-lite	Polar residues	compositional_bias
Q9W349	106-141	ECO:0000256|SAM:MobiDB-lite	Basic residues	compositional_bias
Q9W349	12-24	ECO:0000256|SAM:MobiDB-lite	Pro residues	compositional_bias
Q9W349	142-153	ECO:0000256|SAM:MobiDB-lite	Pro residues	compositional_bias
Q9W349	156-171	ECO:0000256|SAM:MobiDB-lite	Polar residues	compositional_bias
Q9W349	774-798	ECO:0000256|SAM:MobiDB-lite	Low complexity	compositional_bias
Q9W352	134-161	ECO:0000256|SAM:MobiDB-lite	Low complexity	compositional_bias
Q9W354	364-376	ECO:0000256|SAM:MobiDB-lite	Polar residues	compositional_bias
Q9W354	390-403	ECO:0000256|SAM:MobiDB-lite	Polar residues	compositional_bias
Q9W354	590-608	ECO:0000256|SAM:MobiDB-lite	Basic and acidic residues	compositional_bias
Q9W354	715-730	ECO:0000256|SAM:MobiDB-lite	Basic and acidic residues	compositional_bias
Q9W354	800-811	ECO:0000256|SAM:MobiDB-lite	Basic and acidic residues	compositional_bias
Q9W354	883-892	ECO:0000256|SAM:MobiDB-lite	Basic residues	compositional_bias
Q9W354	894-903	ECO:0000256|SAM:MobiDB-lite	Basic and acidic residues	compositional_bias
Q9W358	308-324	ECO:0000256|SAM:MobiDB-lite	Basic and acidic residues	compositional_bias
Q9W379	1-13	ECO:0000256|SAM:MobiDB-lite	Polar residues	compositional_bias
Q9W379	425-438	ECO:0000256|SAM:MobiDB-lite	Basic and acidic residues	compositional_bias
Q9W379	448-457	ECO:0000256|SAM:MobiDB-lite	Basic and acidic residues	compositional_bias
Q9W3C0	1-11	ECO:0000256|SAM:MobiDB-lite	Polar residues	compositional_bias
Q9W3C0	180-189	ECO:0000256|SAM:MobiDB-lite	Basic and acidic residues	compositional_bias
Q9W3C0	19-37	ECO:0000256|SAM:MobiDB-lite	Basic and acidic residues	compositional_bias
Q9W3C0	211-220	ECO:0000256|SAM:MobiDB-lite	Basic residues	compositional_bias
Q9W3C1	970-982	ECO:0000256|SAM:MobiDB-lite	Basic and acidic residues	compositional_bias
Q9W3C1	989-1008	ECO:0000256|SAM:MobiDB-lite	Basic residues	compositional_bias
Q9W3C2	100-110	ECO:0000256|SAM:MobiDB-lite	Basic residues	compositional_bias
Q9W3C2	259-269	ECO:0000256|SAM:MobiDB-lite	Basic and acidic residues	compositional_bias
Q9W3C2	275-287	ECO:0000256|SAM:MobiDB-lite	Acidic residues	compositional_bias
Q9W3C2	442-452	ECO:0000256|SAM:MobiDB-lite	Basic and acidic residues	compositional_bias
Q9W3D3	1011-1023	ECO:0000256|SAM:MobiDB-lite	Acidic residues	compositional_bias
Q9W3D3	1050-1061	ECO:0000256|SAM:MobiDB-lite	Acidic residues	compositional_bias
Q9W3D3	1072-1089	ECO:0000256|SAM:MobiDB-lite	Polar residues	compositional_bias
Q9W3D3	1100-1119	ECO:0000256|SAM:MobiDB-lite	Low complexity	compositional_bias
Q9W3D3	1136-1147	ECO:0000256|SAM:MobiDB-lite	Polar residues	compositional_bias
Q9W3D3	1254-1277	ECO:0000256|SAM:MobiDB-lite	Basic residues	compositional_bias
Q9W3D3	1281-1301	ECO:0000256|SAM:MobiDB-lite	Basic and acidic residues	compositional_bias
Q9W3E2	1-10	ECO:0000256|SAM:MobiDB-lite	Low complexity	compositional_bias
Q9W3E2	1075-1085	ECO:0000256|SAM:MobiDB-lite	Polar residues	compositional_bias
Q9W3E2	1086-1095	ECO:0000256|SAM:MobiDB-lite	Basic and acidic residues	compositional_bias
Q9W3E2	109-118	ECO:0000256|SAM:MobiDB-lite	Low complexity	compositional_bias
Q9W3E2	11-26	ECO:0000256|SAM:MobiDB-lite	Basic residues	compositional_bias
Q9W3E2	1102-1111	ECO:0000256|SAM:MobiDB-lite	Polar residues	compositional_bias
Q9W3E2	1114-1149	ECO:0000256|SAM:MobiDB-lite	Low complexity	compositional_bias
Q9W3E2	1179-1195	ECO:0000256|SAM:MobiDB-lite	Low complexity	compositional_bias
Q9W3E2	119-132	ECO:0000256|SAM:MobiDB-lite	Polar residues	compositional_bias
Q9W3E2	300-313	ECO:0000256|SAM:MobiDB-lite	Basic and acidic residues	compositional_bias
Q9W3E2	351-360	ECO:0000256|SAM:MobiDB-lite	Low complexity	compositional_bias
Q9W3E2	361-371	ECO:0000256|SAM:MobiDB-lite	Pro residues	compositional_bias
Q9W3E2	37-50	ECO:0000256|SAM:MobiDB-lite	Basic and acidic residues	compositional_bias
Q9W3E2	422-438	ECO:0000256|SAM:MobiDB-lite	Basic residues	compositional_bias
Q9W3E2	494-505	ECO:0000256|SAM:MobiDB-lite	Basic and acidic residues	compositional_bias
Q9W3E2	545-560	ECO:0000256|SAM:MobiDB-lite	Polar residues	compositional_bias
Q9W3E2	732-742	ECO:0000256|SAM:MobiDB-lite	Polar residues	compositional_bias
Q9W3E2	856-867	ECO:0000256|SAM:MobiDB-lite	Polar residues	compositional_bias
Q9W3E2	872-891	ECO:0000256|SAM:MobiDB-lite	Acidic residues	compositional_bias
Q9W3E2	898-910	ECO:0000256|SAM:MobiDB-lite	Pro residues	compositional_bias
Q9W3E2	925-939	ECO:0000256|SAM:MobiDB-lite	Pro residues	compositional_bias
Q9W3E2	940-968	ECO:0000256|SAM:MobiDB-lite	Low complexity	compositional_bias
Q9W3F7	211-220	ECO:0000256|SAM:MobiDB-lite	Acidic residues	compositional_bias
Q9W3F7	47-67	ECO:0000256|SAM:MobiDB-lite	Basic residues	compositional_bias
Q9W3J8	1-10	ECO:0000256|SAM:MobiDB-lite	Acidic residues	compositional_bias
Q9W3J8	19-28	ECO:0000256|SAM:MobiDB-lite	Acidic residues	compositional_bias
Q9W3K5	492-518	ECO:0000256|SAM:MobiDB-lite	Low complexity	compositional_bias
Q9W3K5	551-567	ECO:0000256|SAM:MobiDB-lite	Low complexity	compositional_bias
Q9W3M2	457-471	ECO:0000256|SAM:MobiDB-lite	Acidic residues	compositional_bias
Q9W3M3	114-134	ECO:0000256|SAM:MobiDB-lite	Low complexity	compositional_bias
Q9W3M3	1353-1367	ECO:0000256|SAM:MobiDB-lite	Acidic residues	compositional_bias
Q9W3M3	1877-1888	ECO:0000256|SAM:MobiDB-lite	Low complexity	compositional_bias
Q9W3M3	20-29	ECO:0000256|SAM:MobiDB-lite	Basic and acidic residues	compositional_bias
Q9W3M3	31-42	ECO:0000256|SAM:MobiDB-lite	Acidic residues	compositional_bias
Q9W3N6	12-22	ECO:0000256|SAM:MobiDB-lite	Polar residues	compositional_bias
Q9W3N6	806-816	ECO:0000256|SAM:MobiDB-lite	Polar residues	compositional_bias
Q9W3N6	817-836	ECO:0000256|SAM:MobiDB-lite	Low complexity	compositional_bias
Q9W3U1	1-12	ECO:0000256|SAM:MobiDB-lite	Basic residues	compositional_bias
Q9W3W5	44-55	ECO:0000256|SAM:MobiDB-lite	Basic and acidic residues	compositional_bias
Q9W3W5	77-87	ECO:0000256|SAM:MobiDB-lite	Basic residues	compositional_bias
Q9W3W5	88-107	ECO:0000256|SAM:MobiDB-lite	Gly residues	compositional_bias
Q9W3W8	177-186	ECO:0000256|SAM:MobiDB-lite	Basic and acidic residues	compositional_bias
Q9W3Y0	115-136	ECO:0000256|SAM:MobiDB-lite	Basic and acidic residues	compositional_bias
Q9W3Y0	151-162	ECO:0000256|SAM:MobiDB-lite	Basic residues	compositional_bias
Q9W3Y1	293-306	ECO:0000256|SAM:MobiDB-lite	Low complexity	compositional_bias
Q9W3Y1	368-417	ECO:0000256|SAM:MobiDB-lite	Low complexity	compositional_bias
Q9W3Y1	418-430	ECO:0000256|SAM:MobiDB-lite	Polar residues	compositional_bias
Q9W3Y1	664-673	ECO:0000256|SAM:MobiDB-lite	Basic residues	compositional_bias
Q9W3Y4	221-236	ECO:0000256|SAM:MobiDB-lite	Acidic residues	compositional_bias
Q9W3Y4	399-428	ECO:0000256|SAM:MobiDB-lite	Polar residues	compositional_bias
Q9W3Y4	436-454	ECO:0000256|SAM:MobiDB-lite	Polar residues	compositional_bias
Q9W3Y4	502-527	ECO:0000256|SAM:MobiDB-lite	Gly residues	compositional_bias
Q9W3Y4	577-589	ECO:0000256|SAM:MobiDB-lite	Polar residues	compositional_bias
Q9W3Y4	601-620	ECO:0000256|SAM:MobiDB-lite	Acidic residues	compositional_bias
Q9W3Y4	666-677	ECO:0000256|SAM:MobiDB-lite	Polar residues	compositional_bias
Q9W3Y4	731-741	ECO:0000256|SAM:MobiDB-lite	Polar residues	compositional_bias
Q9W3Y4	928-953	ECO:0000256|SAM:MobiDB-lite	Low complexity	compositional_bias
Q9W3Y5	125-160	ECO:0000256|SAM:MobiDB-lite	Low complexity	compositional_bias
Q9W3Y5	190-199	ECO:0000256|SAM:MobiDB-lite	Basic and acidic residues	compositional_bias
Q9W3Y5	277-296	ECO:0000256|SAM:MobiDB-lite	Polar residues	compositional_bias
Q9W3Y5	34-58	ECO:0000256|SAM:MobiDB-lite	Low complexity	compositional_bias
Q9W415	46-68	ECO:0000256|SAM:MobiDB-lite	Low complexity	compositional_bias
Q9W420	1-19	ECO:0000256|SAM:MobiDB-lite	Acidic residues	compositional_bias
Q9W420	119-140	ECO:0000256|SAM:MobiDB-lite	Basic and acidic residues	compositional_bias
Q9W420	151-163	ECO:0000256|SAM:MobiDB-lite	Basic and acidic residues	compositional_bias
Q9W420	1531-1542	ECO:0000256|SAM:MobiDB-lite	Low complexity	compositional_bias
Q9W420	1565-1575	ECO:0000256|SAM:MobiDB-lite	Polar residues	compositional_bias
Q9W420	1602-1627	ECO:0000256|SAM:MobiDB-lite	Low complexity	compositional_bias
Q9W420	1631-1641	ECO:0000256|SAM:MobiDB-lite	Polar residues	compositional_bias
Q9W420	164-180	ECO:0000256|SAM:MobiDB-lite	Acidic residues	compositional_bias
Q9W420	1660-1683	ECO:0000256|SAM:MobiDB-lite	Low complexity	compositional_bias
Q9W420	1689-1703	ECO:0000256|SAM:MobiDB-lite	Gly residues	compositional_bias
Q9W420	1736-1746	ECO:0000256|SAM:MobiDB-lite	Low complexity	compositional_bias
Q9W420	1772-1783	ECO:0000256|SAM:MobiDB-lite	Gly residues	compositional_bias
Q9W420	1799-1818	ECO:0000256|SAM:MobiDB-lite	Polar residues	compositional_bias
Q9W420	223-240	ECO:0000256|SAM:MobiDB-lite	Acidic residues	compositional_bias
Q9W420	45-55	ECO:0000256|SAM:MobiDB-lite	Basic and acidic residues	compositional_bias
Q9W420	470-482	ECO:0000256|SAM:MobiDB-lite	Basic and acidic residues	compositional_bias
Q9W420	56-66	ECO:0000256|SAM:MobiDB-lite	Acidic residues	compositional_bias
Q9W420	85-99	ECO:0000256|SAM:MobiDB-lite	Acidic residues	compositional_bias
Q9W422	9-20	ECO:0000256|SAM:MobiDB-lite	Low complexity	compositional_bias
Q9W436	146-155	ECO:0000256|SAM:MobiDB-lite	Basic and acidic residues	compositional_bias
Q9W436	41-61	ECO:0000256|SAM:MobiDB-lite	Low complexity	compositional_bias
Q9W462	280-289	ECO:0000256|SAM:MobiDB-lite	Low complexity	compositional_bias
Q9W484	872-882	ECO:0000256|SAM:MobiDB-lite	Polar residues	compositional_bias
Q9W485	1053-1074	ECO:0000256|SAM:MobiDB-lite	Low complexity	compositional_bias
Q9W485	1125-1141	ECO:0000256|SAM:MobiDB-lite	Low complexity	compositional_bias
Q9W485	1159-1171	ECO:0000256|SAM:MobiDB-lite	Polar residues	compositional_bias
Q9W485	690-721	ECO:0000256|SAM:MobiDB-lite	Gly residues	compositional_bias
Q9W485	752-781	ECO:0000256|SAM:MobiDB-lite	Low complexity	compositional_bias
Q9W485	803-824	ECO:0000256|SAM:MobiDB-lite	Low complexity	compositional_bias
Q9W485	879-890	ECO:0000256|SAM:MobiDB-lite	Polar residues	compositional_bias
Q9W495	824-834	ECO:0000256|SAM:MobiDB-lite	Acidic residues	compositional_bias
Q9W4C3	1-15	ECO:0000256|SAM:MobiDB-lite	Basic and acidic residues	compositional_bias
Q9W4C3	1046-1086	ECO:0000256|SAM:MobiDB-lite	Low complexity	compositional_bias
Q9W4C3	215-229	ECO:0000256|SAM:MobiDB-lite	Low complexity	compositional_bias
Q9W4C3	254-264	ECO:0000256|SAM:MobiDB-lite	Low complexity	compositional_bias
Q9W4C3	32-44	ECO:0000256|SAM:MobiDB-lite	Polar residues	compositional_bias
Q9W4C3	524-539	ECO:0000256|SAM:MobiDB-lite	Low complexity	compositional_bias
Q9W4C3	586-598	ECO:0000256|SAM:MobiDB-lite	Basic residues	compositional_bias
Q9W4C3	599-614	ECO:0000256|SAM:MobiDB-lite	Low complexity	compositional_bias
Q9W4C3	646-657	ECO:0000256|SAM:MobiDB-lite	Low complexity	compositional_bias
Q9W4C3	674-701	ECO:0000256|SAM:MobiDB-lite	Polar residues	compositional_bias
Q9W4C3	705-718	ECO:0000256|SAM:MobiDB-lite	Basic and acidic residues	compositional_bias
Q9W4C3	730-762	ECO:0000256|SAM:MobiDB-lite	Low complexity	compositional_bias
Q9W4C3	807-816	ECO:0000256|SAM:MobiDB-lite	Basic and acidic residues	compositional_bias
Q9W4C3	821-830	ECO:0000256|SAM:MobiDB-lite	Low complexity	compositional_bias
Q9W4C5	27-36	ECO:0000256|SAM:MobiDB-lite	Basic and acidic residues	compositional_bias
Q9W4C5	9-26	ECO:0000256|SAM:MobiDB-lite	Low complexity	compositional_bias
Q9W4D2	1-13	ECO:0000256|SAM:MobiDB-lite	Basic and acidic residues	compositional_bias
Q9W4D2	111-134	ECO:0000256|SAM:MobiDB-lite	Low complexity	compositional_bias
Q9W4D2	14-32	ECO:0000256|SAM:MobiDB-lite	Acidic residues	compositional_bias
Q9W4D2	42-52	ECO:0000256|SAM:MobiDB-lite	Polar residues	compositional_bias
Q9W4D2	55-65	ECO:0000256|SAM:MobiDB-lite	Basic and acidic residues	compositional_bias
Q9W4D2	671-680	ECO:0000256|SAM:MobiDB-lite	Low complexity	compositional_bias
Q9W4D2	862-902	ECO:0000256|SAM:MobiDB-lite	Basic and acidic residues	compositional_bias
Q9W4D2	87-98	ECO:0000256|SAM:MobiDB-lite	Acidic residues	compositional_bias
Q9W4D2	913-922	ECO:0000256|SAM:MobiDB-lite	Basic and acidic residues	compositional_bias
Q9W4D2	930-941	ECO:0000256|SAM:MobiDB-lite	Basic and acidic residues	compositional_bias
Q9W4E2	1364-1380	ECO:0000256|SAM:MobiDB-lite	Basic and acidic residues	compositional_bias
Q9W4E2	1393-1430	ECO:0000256|SAM:MobiDB-lite	Low complexity	compositional_bias
Q9W4E2	1547-1561	ECO:0000256|SAM:MobiDB-lite	Low complexity	compositional_bias
Q9W4E2	1606-1681	ECO:0000256|SAM:MobiDB-lite	Basic and acidic residues	compositional_bias
Q9W4E2	1719-1734	ECO:0000256|SAM:MobiDB-lite	Polar residues	compositional_bias
Q9W4E2	1752-1765	ECO:0000256|SAM:MobiDB-lite	Polar residues	compositional_bias
Q9W4E2	1796-1811	ECO:0000256|SAM:MobiDB-lite	Low complexity	compositional_bias
Q9W4E2	1824-1835	ECO:0000256|SAM:MobiDB-lite	Low complexity	compositional_bias
Q9W4E2	2227-2241	ECO:0000256|SAM:MobiDB-lite	Low complexity	compositional_bias
Q9W4E2	2244-2254	ECO:0000256|SAM:MobiDB-lite	Basic and acidic residues	compositional_bias
Q9W4E2	2298-2312	ECO:0000256|SAM:MobiDB-lite	Low complexity	compositional_bias
Q9W4E2	2318-2327	ECO:0000256|SAM:MobiDB-lite	Basic and acidic residues	compositional_bias
Q9W4E2	2337-2353	ECO:0000256|SAM:MobiDB-lite	Gly residues	compositional_bias
Q9W4I5	218-252	ECO:0000256|SAM:MobiDB-lite	Basic and acidic residues	compositional_bias
Q9W4K2	61-83	ECO:0000256|SAM:MobiDB-lite	Polar residues	compositional_bias
Q9W4K2	84-119	ECO:0000256|SAM:MobiDB-lite	Low complexity	compositional_bias
Q9W4M9	18-30	ECO:0000256|SAM:MobiDB-lite	Basic and acidic residues	compositional_bias
Q9W4M9	463-472	ECO:0000256|SAM:MobiDB-lite	Basic and acidic residues	compositional_bias
Q9W4M9	704-714	ECO:0000256|SAM:MobiDB-lite	Acidic residues	compositional_bias
Q9W4M9	731-746	ECO:0000256|SAM:MobiDB-lite	Polar residues	compositional_bias
Q9W4S1	217-227	ECO:0000256|SAM:MobiDB-lite	Polar residues	compositional_bias
Q9W4S1	291-300	ECO:0000256|SAM:MobiDB-lite	Low complexity	compositional_bias
Q9W4S7	298-311	ECO:0000256|SAM:MobiDB-lite	Low complexity	compositional_bias
Q9W4S7	351-360	ECO:0000256|SAM:MobiDB-lite	Polar residues	compositional_bias
Q9W4S7	361-376	ECO:0000256|SAM:MobiDB-lite	Low complexity	compositional_bias
Q9W4S7	462-488	ECO:0000256|SAM:MobiDB-lite	Polar residues	compositional_bias
Q9W4S7	489-523	ECO:0000256|SAM:MobiDB-lite	Low complexity	compositional_bias
Q9W4S9	112-121	ECO:0000256|SAM:MobiDB-lite	Low complexity	compositional_bias
Q9W4S9	145-167	ECO:0000256|SAM:MobiDB-lite	Low complexity	compositional_bias
Q9W4S9	174-199	ECO:0000256|SAM:MobiDB-lite	Acidic residues	compositional_bias
Q9W4S9	219-234	ECO:0000256|SAM:MobiDB-lite	Low complexity	compositional_bias
Q9W4S9	248-261	ECO:0000256|SAM:MobiDB-lite	Low complexity	compositional_bias
Q9W4S9	268-287	ECO:0000256|SAM:MobiDB-lite	Polar residues	compositional_bias
Q9W4S9	35-50	ECO:0000256|SAM:MobiDB-lite	Basic and acidic residues	compositional_bias
Q9W4S9	358-368	ECO:0000256|SAM:MobiDB-lite	Polar residues	compositional_bias
Q9W4S9	401-419	ECO:0000256|SAM:MobiDB-lite	Polar residues	compositional_bias
Q9W4S9	51-60	ECO:0000256|SAM:MobiDB-lite	Polar residues	compositional_bias
Q9W4S9	84-97	ECO:0000256|SAM:MobiDB-lite	Gly residues	compositional_bias
Q9W4S9	920-937	ECO:0000256|SAM:MobiDB-lite	Acidic residues	compositional_bias
Q9W4S9	938-955	ECO:0000256|SAM:MobiDB-lite	Low complexity	compositional_bias
Q9W4S9	956-967	ECO:0000256|SAM:MobiDB-lite	Gly residues	compositional_bias
Q9W4S9	973-983	ECO:0000256|SAM:MobiDB-lite	Polar residues	compositional_bias
Q9W4T4	1146-1163	ECO:0000256|SAM:MobiDB-lite	Acidic residues	compositional_bias
Q9W4T4	1164-1181	ECO:0000256|SAM:MobiDB-lite	Low complexity	compositional_bias
Q9W4T4	1182-1193	ECO:0000256|SAM:MobiDB-lite	Gly residues	compositional_bias
Q9W4T4	1199-1209	ECO:0000256|SAM:MobiDB-lite	Polar residues	compositional_bias
Q9W4T4	25-35	ECO:0000256|SAM:MobiDB-lite	Gly residues	compositional_bias
Q9W4T4	275-290	ECO:0000256|SAM:MobiDB-lite	Polar residues	compositional_bias
Q9W4T4	291-314	ECO:0000256|SAM:MobiDB-lite	Low complexity	compositional_bias
Q9W4T4	315-324	ECO:0000256|SAM:MobiDB-lite	Polar residues	compositional_bias
Q9W4T4	372-383	ECO:0000256|SAM:MobiDB-lite	Low complexity	compositional_bias
Q9W4T4	385-400	ECO:0000256|SAM:MobiDB-lite	Polar residues	compositional_bias
Q9W4T4	445-462	ECO:0000256|SAM:MobiDB-lite	Low complexity	compositional_bias
Q9W4T4	472-483	ECO:0000256|SAM:MobiDB-lite	Low complexity	compositional_bias
Q9W4T4	484-498	ECO:0000256|SAM:MobiDB-lite	Polar residues	compositional_bias
Q9W4T4	59-77	ECO:0000256|SAM:MobiDB-lite	Gly residues	compositional_bias
Q9W4T4	627-645	ECO:0000256|SAM:MobiDB-lite	Polar residues	compositional_bias
Q9W4V8	124-138	ECO:0000256|SAM:MobiDB-lite	Basic and acidic residues	compositional_bias
Q9W4Y2	26-40	ECO:0000256|SAM:MobiDB-lite	Low complexity	compositional_bias
Q9W4Y2	595-609	ECO:0000256|SAM:MobiDB-lite	Basic and acidic residues	compositional_bias
Q9W517	1047-1065	ECO:0000256|SAM:MobiDB-lite	Low complexity	compositional_bias
Q9W517	1117-1136	ECO:0000256|SAM:MobiDB-lite	Gly residues	compositional_bias
Q9W517	165-174	ECO:0000256|SAM:MobiDB-lite	Basic residues	compositional_bias
Q9W517	1708-1730	ECO:0000256|SAM:MobiDB-lite	Low complexity	compositional_bias
Q9W517	175-185	ECO:0000256|SAM:MobiDB-lite	Low complexity	compositional_bias
Q9W517	309-334	ECO:0000256|SAM:MobiDB-lite	Low complexity	compositional_bias
Q9W517	367-377	ECO:0000256|SAM:MobiDB-lite	Polar residues	compositional_bias
Q9W517	408-426	ECO:0000256|SAM:MobiDB-lite	Low complexity	compositional_bias
Q9W517	438-456	ECO:0000256|SAM:MobiDB-lite	Acidic residues	compositional_bias
Q9W517	503-512	ECO:0000256|SAM:MobiDB-lite	Basic residues	compositional_bias
Q9W517	515-529	ECO:0000256|SAM:MobiDB-lite	Low complexity	compositional_bias
Q9W517	553-568	ECO:0000256|SAM:MobiDB-lite	Low complexity	compositional_bias
Q9W517	586-604	ECO:0000256|SAM:MobiDB-lite	Polar residues	compositional_bias
Q9W517	796-810	ECO:0000256|SAM:MobiDB-lite	Low complexity	compositional_bias
Q9W517	849-859	ECO:0000256|SAM:MobiDB-lite	Low complexity	compositional_bias
Q9W517	860-873	ECO:0000256|SAM:MobiDB-lite	Acidic residues	compositional_bias
Q9W517	880-894	ECO:0000256|SAM:MobiDB-lite	Basic and acidic residues	compositional_bias
Q9W517	939-952	ECO:0000256|SAM:MobiDB-lite	Low complexity	compositional_bias
Q9W534	267-279	ECO:0000256|SAM:MobiDB-lite	Low complexity	compositional_bias
Q9W534	564-584	ECO:0000256|SAM:MobiDB-lite	Pro residues	compositional_bias
Q9W534	585-598	ECO:0000256|SAM:MobiDB-lite	Low complexity	compositional_bias
Q9W534	646-660	ECO:0000256|SAM:MobiDB-lite	Polar residues	compositional_bias
Q9W539	1021-1060	ECO:0000256|SAM:MobiDB-lite	Low complexity	compositional_bias
Q9W539	1061-1077	ECO:0000256|SAM:MobiDB-lite	Basic residues	compositional_bias
Q9W539	1078-1101	ECO:0000256|SAM:MobiDB-lite	Low complexity	compositional_bias
Q9W539	1144-1193	ECO:0000256|SAM:MobiDB-lite	Low complexity	compositional_bias
Q9W539	1194-1205	ECO:0000256|SAM:MobiDB-lite	Gly residues	compositional_bias
Q9W539	1351-1368	ECO:0000256|SAM:MobiDB-lite	Low complexity	compositional_bias
Q9W539	145-189	ECO:0000256|SAM:MobiDB-lite	Low complexity	compositional_bias
Q9W539	208-219	ECO:0000256|SAM:MobiDB-lite	Low complexity	compositional_bias
Q9W539	238-260	ECO:0000256|SAM:MobiDB-lite	Gly residues	compositional_bias
Q9W539	291-323	ECO:0000256|SAM:MobiDB-lite	Low complexity	compositional_bias
Q9W539	34-46	ECO:0000256|SAM:MobiDB-lite	Polar residues	compositional_bias
Q9W539	400-429	ECO:0000256|SAM:MobiDB-lite	Basic and acidic residues	compositional_bias
Q9W539	430-451	ECO:0000256|SAM:MobiDB-lite	Polar residues	compositional_bias
Q9W539	475-489	ECO:0000256|SAM:MobiDB-lite	Polar residues	compositional_bias
Q9W539	490-529	ECO:0000256|SAM:MobiDB-lite	Low complexity	compositional_bias
Q9W539	546-586	ECO:0000256|SAM:MobiDB-lite	Low complexity	compositional_bias
Q9W539	681-705	ECO:0000256|SAM:MobiDB-lite	Low complexity	compositional_bias
Q9W539	738-799	ECO:0000256|SAM:MobiDB-lite	Low complexity	compositional_bias
Q9W539	800-812	ECO:0000256|SAM:MobiDB-lite	Gly residues	compositional_bias
Q9W539	892-902	ECO:0000256|SAM:MobiDB-lite	Gly residues	compositional_bias
Q9W552	303-323	ECO:0000256|SAM:MobiDB-lite	Low complexity	compositional_bias
Q9W552	347-356	ECO:0000256|SAM:MobiDB-lite	Low complexity	compositional_bias
Q9W552	367-379	ECO:0000256|SAM:MobiDB-lite	Polar residues	compositional_bias
Q9W552	386-406	ECO:0000256|SAM:MobiDB-lite	Low complexity	compositional_bias
Q9W552	416-431	ECO:0000256|SAM:MobiDB-lite	Low complexity	compositional_bias
Q9W568	102-123	ECO:0000256|SAM:MobiDB-lite	Low complexity	compositional_bias
Q9W568	159-183	ECO:0000256|SAM:MobiDB-lite	Polar residues	compositional_bias
Q9W568	43-59	ECO:0000256|SAM:MobiDB-lite	Basic residues	compositional_bias
Q9W568	90-101	ECO:0000256|SAM:MobiDB-lite	Polar residues	compositional_bias
Q9W590	584-600	ECO:0000256|SAM:MobiDB-lite	Basic residues	compositional_bias
Q9W596	1012-1041	ECO:0000256|SAM:MobiDB-lite	Acidic residues	compositional_bias
Q9W596	1047-1065	ECO:0000256|SAM:MobiDB-lite	Basic and acidic residues	compositional_bias
Q9W596	1128-1140	ECO:0000256|SAM:MobiDB-lite	Basic and acidic residues	compositional_bias
Q9W596	1148-1163	ECO:0000256|SAM:MobiDB-lite	Basic and acidic residues	compositional_bias
Q9W596	1187-1196	ECO:0000256|SAM:MobiDB-lite	Polar residues	compositional_bias
Q9W596	1306-1319	ECO:0000256|SAM:MobiDB-lite	Basic and acidic residues	compositional_bias
Q9W596	1327-1337	ECO:0000256|SAM:MobiDB-lite	Basic and acidic residues	compositional_bias
Q9W596	1343-1358	ECO:0000256|SAM:MobiDB-lite	Basic and acidic residues	compositional_bias
Q9W596	1408-1443	ECO:0000256|SAM:MobiDB-lite	Basic and acidic residues	compositional_bias
Q9W596	1546-1555	ECO:0000256|SAM:MobiDB-lite	Basic and acidic residues	compositional_bias
Q9W596	1571-1663	ECO:0000256|SAM:MobiDB-lite	Basic and acidic residues	compositional_bias
Q9W596	1679-1696	ECO:0000256|SAM:MobiDB-lite	Basic and acidic residues	compositional_bias
Q9W596	1718-1732	ECO:0000256|SAM:MobiDB-lite	Basic and acidic residues	compositional_bias
Q9W596	1748-1779	ECO:0000256|SAM:MobiDB-lite	Basic and acidic residues	compositional_bias
Q9W596	1804-1815	ECO:0000256|SAM:MobiDB-lite	Polar residues	compositional_bias
Q9W596	1887-1896	ECO:0000256|SAM:MobiDB-lite	Basic and acidic residues	compositional_bias
Q9W596	1904-1942	ECO:0000256|SAM:MobiDB-lite	Basic and acidic residues	compositional_bias
Q9W596	1960-1976	ECO:0000256|SAM:MobiDB-lite	Basic and acidic residues	compositional_bias
Q9W596	1994-2007	ECO:0000256|SAM:MobiDB-lite	Basic and acidic residues	compositional_bias
Q9W596	2041-2059	ECO:0000256|SAM:MobiDB-lite	Basic and acidic residues	compositional_bias
Q9W596	2078-2096	ECO:0000256|SAM:MobiDB-lite	Basic and acidic residues	compositional_bias
Q9W596	2115-2133	ECO:0000256|SAM:MobiDB-lite	Basic and acidic residues	compositional_bias
Q9W596	2152-2170	ECO:0000256|SAM:MobiDB-lite	Basic and acidic residues	compositional_bias
Q9W596	2189-2207	ECO:0000256|SAM:MobiDB-lite	Basic and acidic residues	compositional_bias
Q9W596	2226-2244	ECO:0000256|SAM:MobiDB-lite	Basic and acidic residues	compositional_bias
Q9W596	2263-2281	ECO:0000256|SAM:MobiDB-lite	Basic and acidic residues	compositional_bias
Q9W596	2300-2318	ECO:0000256|SAM:MobiDB-lite	Basic and acidic residues	compositional_bias
Q9W596	2337-2355	ECO:0000256|SAM:MobiDB-lite	Basic and acidic residues	compositional_bias
Q9W596	2374-2391	ECO:0000256|SAM:MobiDB-lite	Basic and acidic residues	compositional_bias
Q9W596	2419-2435	ECO:0000256|SAM:MobiDB-lite	Basic and acidic residues	compositional_bias
Q9W596	2466-2482	ECO:0000256|SAM:MobiDB-lite	Basic and acidic residues	compositional_bias
Q9W596	2560-2588	ECO:0000256|SAM:MobiDB-lite	Basic and acidic residues	compositional_bias
Q9W596	2604-2627	ECO:0000256|SAM:MobiDB-lite	Basic and acidic residues	compositional_bias
Q9W596	2764-2780	ECO:0000256|SAM:MobiDB-lite	Basic and acidic residues	compositional_bias
Q9W596	2845-2861	ECO:0000256|SAM:MobiDB-lite	Low complexity	compositional_bias
Q9W596	2889-2914	ECO:0000256|SAM:MobiDB-lite	Basic and acidic residues	compositional_bias
Q9W596	2942-2954	ECO:0000256|SAM:MobiDB-lite	Basic and acidic residues	compositional_bias
Q9W596	2955-2966	ECO:0000256|SAM:MobiDB-lite	Polar residues	compositional_bias
Q9W596	2980-2996	ECO:0000256|SAM:MobiDB-lite	Basic and acidic residues	compositional_bias
Q9W596	3017-3051	ECO:0000256|SAM:MobiDB-lite	Basic and acidic residues	compositional_bias
Q9W596	3061-3075	ECO:0000256|SAM:MobiDB-lite	Basic and acidic residues	compositional_bias
Q9W596	3087-3116	ECO:0000256|SAM:MobiDB-lite	Basic and acidic residues	compositional_bias
Q9W596	3156-3168	ECO:0000256|SAM:MobiDB-lite	Basic and acidic residues	compositional_bias
Q9W596	3175-3208	ECO:0000256|SAM:MobiDB-lite	Basic and acidic residues	compositional_bias
Q9W596	3226-3248	ECO:0000256|SAM:MobiDB-lite	Basic and acidic residues	compositional_bias
Q9W596	3300-3310	ECO:0000256|SAM:MobiDB-lite	Basic and acidic residues	compositional_bias
Q9W596	3316-3327	ECO:0000256|SAM:MobiDB-lite	Polar residues	compositional_bias
Q9W596	3350-3363	ECO:0000256|SAM:MobiDB-lite	Basic and acidic residues	compositional_bias
Q9W596	3373-3399	ECO:0000256|SAM:MobiDB-lite	Basic and acidic residues	compositional_bias
Q9W596	3419-3431	ECO:0000256|SAM:MobiDB-lite	Basic and acidic residues	compositional_bias
Q9W596	3448-3465	ECO:0000256|SAM:MobiDB-lite	Basic and acidic residues	compositional_bias
Q9W596	3484-3502	ECO:0000256|SAM:MobiDB-lite	Basic and acidic residues	compositional_bias
Q9W596	35-48	ECO:0000256|SAM:MobiDB-lite	Low complexity	compositional_bias
Q9W596	3521-3539	ECO:0000256|SAM:MobiDB-lite	Basic and acidic residues	compositional_bias
Q9W596	3558-3576	ECO:0000256|SAM:MobiDB-lite	Basic and acidic residues	compositional_bias
Q9W596	3599-3613	ECO:0000256|SAM:MobiDB-lite	Basic and acidic residues	compositional_bias
Q9W596	3632-3650	ECO:0000256|SAM:MobiDB-lite	Basic and acidic residues	compositional_bias
Q9W596	3669-3687	ECO:0000256|SAM:MobiDB-lite	Basic and acidic residues	compositional_bias
Q9W596	3710-3724	ECO:0000256|SAM:MobiDB-lite	Basic and acidic residues	compositional_bias
Q9W596	3743-3761	ECO:0000256|SAM:MobiDB-lite	Basic and acidic residues	compositional_bias
Q9W596	3780-3798	ECO:0000256|SAM:MobiDB-lite	Basic and acidic residues	compositional_bias
Q9W596	3817-3835	ECO:0000256|SAM:MobiDB-lite	Basic and acidic residues	compositional_bias
Q9W596	3836-3850	ECO:0000256|SAM:MobiDB-lite	Low complexity	compositional_bias
Q9W596	3854-3872	ECO:0000256|SAM:MobiDB-lite	Basic and acidic residues	compositional_bias
Q9W596	3891-3909	ECO:0000256|SAM:MobiDB-lite	Basic and acidic residues	compositional_bias
Q9W596	3928-3946	ECO:0000256|SAM:MobiDB-lite	Basic and acidic residues	compositional_bias
Q9W596	3965-3983	ECO:0000256|SAM:MobiDB-lite	Basic and acidic residues	compositional_bias
Q9W596	4002-4020	ECO:0000256|SAM:MobiDB-lite	Basic and acidic residues	compositional_bias
Q9W596	4039-4066	ECO:0000256|SAM:MobiDB-lite	Basic and acidic residues	compositional_bias
Q9W596	4086-4095	ECO:0000256|SAM:MobiDB-lite	Basic and acidic residues	compositional_bias
Q9W596	4115-4141	ECO:0000256|SAM:MobiDB-lite	Basic and acidic residues	compositional_bias
Q9W596	4142-4152	ECO:0000256|SAM:MobiDB-lite	Polar residues	compositional_bias
Q9W596	4214-4223	ECO:0000256|SAM:MobiDB-lite	Polar residues	compositional_bias
Q9W596	4362-4379	ECO:0000256|SAM:MobiDB-lite	Basic and acidic residues	compositional_bias
Q9W596	4386-4410	ECO:0000256|SAM:MobiDB-lite	Basic and acidic residues	compositional_bias
Q9W596	4419-4432	ECO:0000256|SAM:MobiDB-lite	Basic and acidic residues	compositional_bias
Q9W596	4443-4461	ECO:0000256|SAM:MobiDB-lite	Low complexity	compositional_bias
Q9W596	4462-4481	ECO:0000256|SAM:MobiDB-lite	Basic and acidic residues	compositional_bias
Q9W596	4498-4508	ECO:0000256|SAM:MobiDB-lite	Polar residues	compositional_bias
Q9W596	4517-4528	ECO:0000256|SAM:MobiDB-lite	Low complexity	compositional_bias
Q9W596	4529-4539	ECO:0000256|SAM:MobiDB-lite	Basic and acidic residues	compositional_bias
Q9W596	4540-4560	ECO:0000256|SAM:MobiDB-lite	Low complexity	compositional_bias
Q9W596	4575-4584	ECO:0000256|SAM:MobiDB-lite	Basic and acidic residues	compositional_bias
Q9W596	4639-4650	ECO:0000256|SAM:MobiDB-lite	Basic and acidic residues	compositional_bias
Q9W596	4651-4662	ECO:0000256|SAM:MobiDB-lite	Low complexity	compositional_bias
Q9W596	4703-4714	ECO:0000256|SAM:MobiDB-lite	Low complexity	compositional_bias
Q9W596	4744-4754	ECO:0000256|SAM:MobiDB-lite	Acidic residues	compositional_bias
Q9W596	4755-4764	ECO:0000256|SAM:MobiDB-lite	Basic and acidic residues	compositional_bias
Q9W596	4788-4798	ECO:0000256|SAM:MobiDB-lite	Basic and acidic residues	compositional_bias
Q9W596	4804-4829	ECO:0000256|SAM:MobiDB-lite	Low complexity	compositional_bias
Q9W596	4835-4851	ECO:0000256|SAM:MobiDB-lite	Polar residues	compositional_bias
Q9W596	4875-4905	ECO:0000256|SAM:MobiDB-lite	Low complexity	compositional_bias
Q9W596	4915-4930	ECO:0000256|SAM:MobiDB-lite	Polar residues	compositional_bias
Q9W596	4955-4970	ECO:0000256|SAM:MobiDB-lite	Basic and acidic residues	compositional_bias
Q9W596	5101-5112	ECO:0000256|SAM:MobiDB-lite	Polar residues	compositional_bias
Q9W596	5185-5196	ECO:0000256|SAM:MobiDB-lite	Low complexity	compositional_bias
Q9W596	656-672	ECO:0000256|SAM:MobiDB-lite	Basic and acidic residues	compositional_bias
Q9W596	696-716	ECO:0000256|SAM:MobiDB-lite	Basic and acidic residues	compositional_bias
Q9W596	758-795	ECO:0000256|SAM:MobiDB-lite	Basic and acidic residues	compositional_bias
Q9W596	797-806	ECO:0000256|SAM:MobiDB-lite	Low complexity	compositional_bias
Q9W596	819-831	ECO:0000256|SAM:MobiDB-lite	Low complexity	compositional_bias
Q9W596	832-843	ECO:0000256|SAM:MobiDB-lite	Basic and acidic residues	compositional_bias
Q9W596	850-888	ECO:0000256|SAM:MobiDB-lite	Low complexity	compositional_bias
Q9W596	918-931	ECO:0000256|SAM:MobiDB-lite	Basic and acidic residues	compositional_bias
Q9W596	932-942	ECO:0000256|SAM:MobiDB-lite	Polar residues	compositional_bias
Q9W596	962-975	ECO:0000256|SAM:MobiDB-lite	Basic and acidic residues	compositional_bias
Q9W596	988-1007	ECO:0000256|SAM:MobiDB-lite	Basic and acidic residues	compositional_bias
Q9W5A5	450-464	ECO:0000256|SAM:MobiDB-lite	Low complexity	compositional_bias
Q9W5A5	465-480	ECO:0000256|SAM:MobiDB-lite	Polar residues	compositional_bias
Q9W5A5	482-509	ECO:0000256|SAM:MobiDB-lite	Gly residues	compositional_bias
Q9W5A5	526-539	ECO:0000256|SAM:MobiDB-lite	Low complexity	compositional_bias
Q9W5A5	546-576	ECO:0000256|SAM:MobiDB-lite	Low complexity	compositional_bias
Q9W5D0	129-146	ECO:0000256|SAM:MobiDB-lite	Basic residues	compositional_bias
Q9W5D0	1714-1724	ECO:0000256|SAM:MobiDB-lite	Polar residues	compositional_bias
Q9W5D0	1764-1781	ECO:0000256|SAM:MobiDB-lite	Low complexity	compositional_bias
Q9W5D0	1805-1820	ECO:0000256|SAM:MobiDB-lite	Basic and acidic residues	compositional_bias
Q9W5D0	20-31	ECO:0000256|SAM:MobiDB-lite	Polar residues	compositional_bias
Q9W5D0	247-259	ECO:0000256|SAM:MobiDB-lite	Low complexity	compositional_bias
Q9W5D0	294-305	ECO:0000256|SAM:MobiDB-lite	Basic and acidic residues	compositional_bias
Q9W5D0	346-358	ECO:0000256|SAM:MobiDB-lite	Low complexity	compositional_bias
Q9W5D0	453-463	ECO:0000256|SAM:MobiDB-lite	Polar residues	compositional_bias
Q9W5D0	623-632	ECO:0000256|SAM:MobiDB-lite	Low complexity	compositional_bias
Q9W5D0	655-669	ECO:0000256|SAM:MobiDB-lite	Gly residues	compositional_bias
Q9W5D0	738-769	ECO:0000256|SAM:MobiDB-lite	Low complexity	compositional_bias
Q9W5D0	787-818	ECO:0000256|SAM:MobiDB-lite	Polar residues	compositional_bias
Q9W5D0	86-128	ECO:0000256|SAM:MobiDB-lite	Low complexity	compositional_bias
Q9W5E0	1009-1029	ECO:0000256|SAM:MobiDB-lite	Acidic residues	compositional_bias
Q9W5E0	1041-1055	ECO:0000256|SAM:MobiDB-lite	Basic residues	compositional_bias
Q9W5E0	1117-1145	ECO:0000256|SAM:MobiDB-lite	Low complexity	compositional_bias
Q9W5E0	116-128	ECO:0000256|SAM:MobiDB-lite	Gly residues	compositional_bias
Q9W5E0	1161-1178	ECO:0000256|SAM:MobiDB-lite	Low complexity	compositional_bias
Q9W5E0	1289-1300	ECO:0000256|SAM:MobiDB-lite	Basic residues	compositional_bias
Q9W5E0	14-62	ECO:0000256|SAM:MobiDB-lite	Low complexity	compositional_bias
Q9W5E0	435-451	ECO:0000256|SAM:MobiDB-lite	Low complexity	compositional_bias
Q9W5E0	452-462	ECO:0000256|SAM:MobiDB-lite	Polar residues	compositional_bias
Q9W5E0	536-557	ECO:0000256|SAM:MobiDB-lite	Basic residues	compositional_bias
Q9W5E0	564-574	ECO:0000256|SAM:MobiDB-lite	Low complexity	compositional_bias
Q9W5E0	677-688	ECO:0000256|SAM:MobiDB-lite	Basic and acidic residues	compositional_bias
Q9W5E0	698-707	ECO:0000256|SAM:MobiDB-lite	Basic and acidic residues	compositional_bias
Q9W5E0	722-735	ECO:0000256|SAM:MobiDB-lite	Basic and acidic residues	compositional_bias
Q9W5E0	756-821	ECO:0000256|SAM:MobiDB-lite	Low complexity	compositional_bias
Q9W5E0	79-97	ECO:0000256|SAM:MobiDB-lite	Polar residues	compositional_bias
Q9W5E0	822-834	ECO:0000256|SAM:MobiDB-lite	Polar residues	compositional_bias
Q9W5E0	911-923	ECO:0000256|SAM:MobiDB-lite	Polar residues	compositional_bias
Q9W5E4	20-35	ECO:0000256|SAM:MobiDB-lite	Basic and acidic residues	compositional_bias
Q9W5E4	50-60	ECO:0000256|SAM:MobiDB-lite	Basic and acidic residues	compositional_bias
Q9W5E4	725-735	ECO:0000256|SAM:MobiDB-lite	Acidic residues	compositional_bias
Q9W5E4	744-762	ECO:0000256|SAM:MobiDB-lite	Acidic residues	compositional_bias
Q9W5N0	166-179	ECO:0000256|SAM:MobiDB-lite	Low complexity	compositional_bias
Q9W5U2	780-789	ECO:0000256|SAM:MobiDB-lite	Polar residues	compositional_bias
Q9XTN2	304-329	ECO:0000256|SAM:MobiDB-lite	Polar residues	compositional_bias
Q9XTN2	529-555	ECO:0000256|SAM:MobiDB-lite	Polar residues	compositional_bias
Q9XTN2	697-711	ECO:0000256|SAM:MobiDB-lite	Basic and acidic residues	compositional_bias
Q9XTN2	712-730	ECO:0000256|SAM:MobiDB-lite	Polar residues	compositional_bias
Q9XTN2	956-968	ECO:0000256|SAM:MobiDB-lite	Low complexity	compositional_bias
Q9XYQ2	13-37	ECO:0000256|SAM:MobiDB-lite	Low complexity	compositional_bias
Q9XYQ2	47-57	ECO:0000256|SAM:MobiDB-lite	Low complexity	compositional_bias
Q9XZ25	469-490	ECO:0000256|SAM:MobiDB-lite	Polar residues	compositional_bias
Q9XZ34	1029-1050	ECO:0000256|SAM:MobiDB-lite	Polar residues	compositional_bias
Q9XZ34	928-945	ECO:0000256|SAM:MobiDB-lite	Low complexity	compositional_bias
Q9XZL8	1-51	ECO:0000256|SAM:MobiDB-lite	Low complexity	compositional_bias
Q9XZL8	98-111	ECO:0000256|SAM:MobiDB-lite	Acidic residues	compositional_bias
Q9XZS3	27-38	ECO:0000256|SAM:MobiDB-lite	Basic and acidic residues	compositional_bias
Q9XZS3	39-50	ECO:0000256|SAM:MobiDB-lite	Low complexity	compositional_bias
Q9XZS3	53-64	ECO:0000256|SAM:MobiDB-lite	Gly residues	compositional_bias
Q9XZS8	138-147	ECO:0000256|SAM:MobiDB-lite	Polar residues	compositional_bias
Q9XZS8	158-175	ECO:0000256|SAM:MobiDB-lite	Low complexity	compositional_bias
Q9XZS8	178-191	ECO:0000256|SAM:MobiDB-lite	Acidic residues	compositional_bias
Q9XZS8	356-368	ECO:0000256|SAM:MobiDB-lite	Low complexity	compositional_bias
Q9XZS8	369-389	ECO:0000256|SAM:MobiDB-lite	Polar residues	compositional_bias
Q9XZS8	402-446	ECO:0000256|SAM:MobiDB-lite	Low complexity	compositional_bias
Q9XZS8	85-105	ECO:0000256|SAM:MobiDB-lite	Low complexity	compositional_bias
Q9Y091	28-39	ECO:0000256|SAM:MobiDB-lite	Low complexity	compositional_bias
Q9Y091	57-69	ECO:0000256|SAM:MobiDB-lite	Basic residues	compositional_bias
Q9Y091	72-91	ECO:0000256|SAM:MobiDB-lite	Low complexity	compositional_bias
Q9Y0A7	111-129	ECO:0000256|SAM:MobiDB-lite	Low complexity	compositional_bias
Q9Y0E4	1006-1018	ECO:0000256|SAM:MobiDB-lite	Low complexity	compositional_bias
Q9Y0E4	1019-1028	ECO:0000256|SAM:MobiDB-lite	Polar residues	compositional_bias
Q9Y0E4	1246-1259	ECO:0000256|SAM:MobiDB-lite	Polar residues	compositional_bias
Q9Y0E4	1267-1280	ECO:0000256|SAM:MobiDB-lite	Low complexity	compositional_bias
Q9Y0E4	1288-1299	ECO:0000256|SAM:MobiDB-lite	Basic residues	compositional_bias
Q9Y0E4	131-140	ECO:0000256|SAM:MobiDB-lite	Polar residues	compositional_bias
Q9Y0E4	1550-1559	ECO:0000256|SAM:MobiDB-lite	Low complexity	compositional_bias
Q9Y0E4	1560-1583	ECO:0000256|SAM:MobiDB-lite	Polar residues	compositional_bias
Q9Y0E4	1586-1596	ECO:0000256|SAM:MobiDB-lite	Basic and acidic residues	compositional_bias
Q9Y0E4	1610-1640	ECO:0000256|SAM:MobiDB-lite	Basic and acidic residues	compositional_bias
Q9Y0E4	2093-2105	ECO:0000256|SAM:MobiDB-lite	Low complexity	compositional_bias
Q9Y0E4	2130-2142	ECO:0000256|SAM:MobiDB-lite	Basic residues	compositional_bias
Q9Y0E4	345-402	ECO:0000256|SAM:MobiDB-lite	Low complexity	compositional_bias
Q9Y0E4	446-475	ECO:0000256|SAM:MobiDB-lite	Acidic residues	compositional_bias
Q9Y0E4	514-525	ECO:0000256|SAM:MobiDB-lite	Low complexity	compositional_bias
Q9Y0E4	546-560	ECO:0000256|SAM:MobiDB-lite	Acidic residues	compositional_bias
Q9Y0E4	58-67	ECO:0000256|SAM:MobiDB-lite	Basic and acidic residues	compositional_bias
Q9Y0E4	809-818	ECO:0000256|SAM:MobiDB-lite	Low complexity	compositional_bias
Q9Y0E4	859-881	ECO:0000256|SAM:MobiDB-lite	Low complexity	compositional_bias
Q9Y0E4	882-894	ECO:0000256|SAM:MobiDB-lite	Polar residues	compositional_bias
Q9Y0H4	24-44	ECO:0000256|SAM:MobiDB-lite	Low complexity	compositional_bias
Q9Y0H4	261-271	ECO:0000256|SAM:MobiDB-lite	Low complexity	compositional_bias
Q9Y0H4	347-359	ECO:0000256|SAM:MobiDB-lite	Polar residues	compositional_bias
Q9Y0I1	107-116	ECO:0000256|SAM:MobiDB-lite	Basic and acidic residues	compositional_bias
Q9Y0I1	122-165	ECO:0000256|SAM:MobiDB-lite	Low complexity	compositional_bias
Q9Y0I1	232-242	ECO:0000256|SAM:MobiDB-lite	Low complexity	compositional_bias
Q9Y0I1	97-106	ECO:0000256|SAM:MobiDB-lite	Basic residues	compositional_bias
Q9Y0V3	75-97	ECO:0000256|SAM:MobiDB-lite	Basic and acidic residues	compositional_bias
Q9Y0Y6	1-14	ECO:0000256|SAM:MobiDB-lite	Polar residues	compositional_bias
Q9Y0Y6	36-46	ECO:0000256|SAM:MobiDB-lite	Low complexity	compositional_bias
Q9Y0Y6	88-98	ECO:0000256|SAM:MobiDB-lite	Acidic residues	compositional_bias
Q9Y103	102-111	ECO:0000256|SAM:MobiDB-lite	Acidic residues	compositional_bias
Q9Y103	140-149	ECO:0000256|SAM:MobiDB-lite	Polar residues	compositional_bias
Q9Y103	88-101	ECO:0000256|SAM:MobiDB-lite	Basic and acidic residues	compositional_bias
Q9Y105	188-205	ECO:0000256|SAM:MobiDB-lite	Basic and acidic residues	compositional_bias
Q9Y118	156-171	ECO:0000256|SAM:MobiDB-lite	Low complexity	compositional_bias
Q9Y118	172-200	ECO:0000256|SAM:MobiDB-lite	Basic and acidic residues	compositional_bias
Q9Y118	252-271	ECO:0000256|SAM:MobiDB-lite	Basic and acidic residues	compositional_bias
Q9Y118	278-290	ECO:0000256|SAM:MobiDB-lite	Low complexity	compositional_bias
Q9Y118	294-307	ECO:0000256|SAM:MobiDB-lite	Acidic residues	compositional_bias
Q9Y118	308-328	ECO:0000256|SAM:MobiDB-lite	Basic and acidic residues	compositional_bias
Q9Y118	343-362	ECO:0000256|SAM:MobiDB-lite	Basic and acidic residues	compositional_bias
Q9Y118	387-411	ECO:0000256|SAM:MobiDB-lite	Low complexity	compositional_bias
Q9Y149	229-246	ECO:0000256|SAM:MobiDB-lite	Gly residues	compositional_bias
Q9Y149	368-378	ECO:0000256|SAM:MobiDB-lite	Gly residues	compositional_bias
Q9Y149	393-420	ECO:0000256|SAM:MobiDB-lite	Low complexity	compositional_bias
Q9Y149	421-434	ECO:0000256|SAM:MobiDB-lite	Pro residues	compositional_bias
Q9Y149	441-463	ECO:0000256|SAM:MobiDB-lite	Low complexity	compositional_bias
Q9Y149	464-479	ECO:0000256|SAM:MobiDB-lite	Polar residues	compositional_bias
Q9Y149	69-78	ECO:0000256|SAM:MobiDB-lite	Low complexity	compositional_bias
Q9Y1B2	197-222	ECO:0000256|SAM:MobiDB-lite	Basic and acidic residues	compositional_bias
X2JAU8	431-453	ECO:0000256|SAM:MobiDB-lite	Polar residues	compositional_bias
X2JAU8	469-482	ECO:0000256|SAM:MobiDB-lite	Basic and acidic residues	compositional_bias
X2JAU8	493-512	ECO:0000256|SAM:MobiDB-lite	Low complexity	compositional_bias
X2JAU8	733-747	ECO:0000256|SAM:MobiDB-lite	Pro residues	compositional_bias
X2JAU8	809-818	ECO:0000256|SAM:MobiDB-lite	Pro residues	compositional_bias
X2JAU8	819-837	ECO:0000256|SAM:MobiDB-lite	Low complexity	compositional_bias
X2JAU8	883-897	ECO:0000256|SAM:MobiDB-lite	Basic and acidic residues	compositional_bias
X2JDY8	854-866	ECO:0000256|SAM:MobiDB-lite	Low complexity	compositional_bias
