entry	pos	evidence	origin
A0A0B7P9G0	409-417	ECO:0007829|PDB:8CT8	beta_strand
A0A0B7P9G0	421-426	ECO:0007829|PDB:8CT8	beta_strand
A0A0B7P9G0	475-483	ECO:0007829|PDB:8CT8	beta_strand
A0A0B7P9G0	486-489	ECO:0007829|PDB:8CT8	beta_strand
A0A0B7P9G0	491-499	ECO:0007829|PDB:8CT8	beta_strand
A1Z6E0	116-120	ECO:0007829|PDB:2FNJ	beta_strand
A1Z6E0	126-131	ECO:0007829|PDB:2FNJ	beta_strand
A1Z6E0	141-145	ECO:0007829|PDB:2FNJ	beta_strand
A1Z6E0	150-154	ECO:0007829|PDB:2FNJ	beta_strand
A1Z6E0	161-164	ECO:0007829|PDB:2FNJ	beta_strand
A1Z6E0	177-184	ECO:0007829|PDB:2FNJ	beta_strand
A1Z6E0	189-194	ECO:0007829|PDB:2FNJ	beta_strand
A1Z6E0	197-203	ECO:0007829|PDB:2FNJ	beta_strand
A1Z6E0	211-217	ECO:0007829|PDB:2FNJ	beta_strand
A1Z6E0	223-232	ECO:0007829|PDB:2FNJ	beta_strand
A1Z6E0	57-63	ECO:0007829|PDB:2FNJ	beta_strand
A1Z6E0	67-70	ECO:0007829|PDB:2FNJ	beta_strand
A1Z6E0	73-79	ECO:0007829|PDB:2FNJ	beta_strand
A1Z6E0	85-92	ECO:0007829|PDB:2FNJ	beta_strand
A1Z6E0	97-105	ECO:0007829|PDB:2FNJ	beta_strand
A1ZAC4	318-327	ECO:0007829|PDB:7CFB	beta_strand
A1ZAC4	334-337	ECO:0007829|PDB:7CFB	beta_strand
A1ZAC4	357-361	ECO:0007829|PDB:7CFB	beta_strand
A1ZAC4	369-373	ECO:0007829|PDB:7CFB	beta_strand
A1ZAC4	378-387	ECO:0007829|PDB:7CFB	beta_strand
A1ZAC4	391-397	ECO:0007829|PDB:7CFB	beta_strand
A1ZAC4	402-406	ECO:0007829|PDB:7CFB	beta_strand
A1ZAC4	412-414	ECO:0007829|PDB:7CFB	beta_strand
A1ZAC4	427-431	ECO:0007829|PDB:7CFB	beta_strand
A1ZAC4	445-454	ECO:0007829|PDB:7CFB	beta_strand
A1ZAC4	459-464	ECO:0007829|PDB:7CFB	beta_strand
A1ZAC4	571-581	ECO:0007829|PDB:7CFD	beta_strand
A1ZAC4	584-589	ECO:0007829|PDB:7CFD	beta_strand
A1ZAC4	619-623	ECO:0007829|PDB:7CFD	beta_strand
A1ZAC4	629-637	ECO:0007829|PDB:7CFD	beta_strand
A1ZAC4	642-646	ECO:0007829|PDB:7CFD	beta_strand
A1ZAC4	652-655	ECO:0007829|PDB:7CFD	beta_strand
A1ZAC4	660-662	ECO:0007829|PDB:7CFD	beta_strand
A1ZAC4	675-679	ECO:0007829|PDB:7CFD	beta_strand
A1ZAC4	682-684	ECO:0007829|PDB:7CFD	beta_strand
A1ZAC4	708-716	ECO:0007829|PDB:7CFD	beta_strand
A1ZAC4	718-724	ECO:0007829|PDB:7CFD	beta_strand
A1ZAC4	741-744	ECO:0007829|PDB:7CFD	beta_strand
A1ZAW0	1037-1040	ECO:0007829|PDB:7V6B	beta_strand
A1ZAW0	1070-1072	ECO:0007829|PDB:7V6C	beta_strand
A1ZAW0	110-115	ECO:0007829|PDB:7W0A	beta_strand
A1ZAW0	1201-1203	ECO:0007829|PDB:7W0A	beta_strand
A1ZAW0	1282-1284	ECO:0007829|PDB:7W0A	beta_strand
A1ZAW0	133-140	ECO:0007829|PDB:7W0A	beta_strand
A1ZAW0	1358-1362	ECO:0007829|PDB:7W0A	beta_strand
A1ZAW0	1400-1402	ECO:0007829|PDB:7W0A	beta_strand
A1ZAW0	145-147	ECO:0007829|PDB:7V6B	beta_strand
A1ZAW0	167-173	ECO:0007829|PDB:7W0A	beta_strand
A1ZAW0	1678-1680	ECO:0007829|PDB:7W0B	beta_strand
A1ZAW0	1684-1688	ECO:0007829|PDB:7V6B	beta_strand
A1ZAW0	1691-1695	ECO:0007829|PDB:7V6B	beta_strand
A1ZAW0	197-200	ECO:0007829|PDB:7W0A	beta_strand
A1ZAW0	219-225	ECO:0007829|PDB:7W0A	beta_strand
A1ZAW0	24-27	ECO:0007829|PDB:7W0A	beta_strand
A1ZAW0	265-269	ECO:0007829|PDB:7W0A	beta_strand
A1ZAW0	378-380	ECO:0007829|PDB:7W0A	beta_strand
A1ZAW0	388-391	ECO:0007829|PDB:7W0A	beta_strand
A1ZAW0	421-424	ECO:0007829|PDB:7W0A	beta_strand
A1ZAW0	426-428	ECO:0007829|PDB:7W0A	beta_strand
A1ZAW0	433-435	ECO:0007829|PDB:7W0B	beta_strand
A1ZAW0	457-463	ECO:0007829|PDB:7W0A	beta_strand
A1ZAW0	466-468	ECO:0007829|PDB:7W0A	beta_strand
A1ZAW0	474-478	ECO:0007829|PDB:7W0A	beta_strand
A1ZAW0	49-51	ECO:0007829|PDB:7W0A	beta_strand
A1ZAW0	501-507	ECO:0007829|PDB:7W0A	beta_strand
A1ZAW0	561-563	ECO:0007829|PDB:7V6C	beta_strand
A1ZAW0	585-587	ECO:0007829|PDB:7W0A	beta_strand
A1ZAW0	59-66	ECO:0007829|PDB:7W0A	beta_strand
A1ZAW0	593-596	ECO:0007829|PDB:7W0A	beta_strand
A1ZAW0	611-614	ECO:0007829|PDB:7V6B	beta_strand
A1ZAW0	616-619	ECO:0007829|PDB:7W0A	beta_strand
A1ZAW0	622-625	ECO:0007829|PDB:7W0A	beta_strand
A1ZAW0	635-637	ECO:0007829|PDB:7W0A	beta_strand
A1ZAW0	661-665	ECO:0007829|PDB:7W0A	beta_strand
A1ZAW0	702-706	ECO:0007829|PDB:7W0A	beta_strand
A1ZAW0	722-733	ECO:0007829|PDB:7W0A	beta_strand
A1ZAW0	754-760	ECO:0007829|PDB:7W0A	beta_strand
A1ZAW0	768-772	ECO:0007829|PDB:7W0A	beta_strand
A1ZAW0	775-781	ECO:0007829|PDB:7W0A	beta_strand
A1ZAW0	786-790	ECO:0007829|PDB:7W0A	beta_strand
A1ZAW0	81-83	ECO:0007829|PDB:7W0A	beta_strand
A1ZAW0	825-827	ECO:0007829|PDB:7V6B	beta_strand
A1ZAW0	830-836	ECO:0007829|PDB:7W0A	beta_strand
A1ZAW0	838-841	ECO:0007829|PDB:7V6C	beta_strand
A1ZAW0	842-844	ECO:0007829|PDB:7W0A	beta_strand
A1ZAW0	85-88	ECO:0007829|PDB:7W0A	beta_strand
A1ZAW0	880-883	ECO:0007829|PDB:7W0A	beta_strand
A1ZAW0	885-888	ECO:0007829|PDB:7W0A	beta_strand
A1ZAW0	892-901	ECO:0007829|PDB:7W0A	beta_strand
A1ZAW0	909-911	ECO:0007829|PDB:7W0A	beta_strand
A1ZAW0	935-937	ECO:0007829|PDB:7W0B	beta_strand
A1ZAW0	939-943	ECO:0007829|PDB:7W0A	beta_strand
A1ZAW0	969-971	ECO:0007829|PDB:7W0A	beta_strand
A1ZAW0	976-982	ECO:0007829|PDB:7W0A	beta_strand
A1ZAW5	133-141	ECO:0007829|PDB:4F7U	beta_strand
A1ZAW5	14-27	ECO:0007829|PDB:4F7U	beta_strand
A1ZAW5	2-5	ECO:0007829|PDB:4F7U	beta_strand
A1ZAW5	29-50	ECO:0007829|PDB:4F7U	beta_strand
A1ZAW5	52-56	ECO:0007829|PDB:4F7U	beta_strand
A1ZAW5	60-79	ECO:0007829|PDB:4F7U	beta_strand
A8DYP0	3186-3194	ECO:0007829|PDB:8AK2	beta_strand
A8DYP0	3196-3205	ECO:0007829|PDB:8AK2	beta_strand
A8DYP0	3211-3217	ECO:0007829|PDB:8AK2	beta_strand
A8DYP0	3245-3250	ECO:0007829|PDB:8AK2	beta_strand
A8DYP0	3255-3259	ECO:0007829|PDB:8AK2	beta_strand
A8DYP0	3275-3278	ECO:0007829|PDB:8AK2	beta_strand
A8DYP0	3312-3316	ECO:0007829|PDB:8AK2	beta_strand
A8DYP0	3322-3324	ECO:0007829|PDB:8AK2	beta_strand
A8DYP0	3454-3456	ECO:0007829|PDB:8AK2	beta_strand
B7Z0E2	187-194	ECO:0007829|PDB:4QQB	beta_strand
B7Z0E2	196-207	ECO:0007829|PDB:4QQB	beta_strand
B7Z0E2	209-213	ECO:0007829|PDB:4QQB	beta_strand
B7Z0E2	229-236	ECO:0007829|PDB:4QQB	beta_strand
B7Z0E2	238-240	ECO:0007829|PDB:4QQB	beta_strand
B7Z0E2	243-250	ECO:0007829|PDB:4QQB	beta_strand
B7Z0E2	261-268	ECO:0007829|PDB:6Y6M	beta_strand
B7Z0E2	286-292	ECO:0007829|PDB:6Y6M	beta_strand
B7Z0E2	295-301	ECO:0007829|PDB:6Y6M	beta_strand
B7Z0E2	316-321	ECO:0007829|PDB:6Y6M	beta_strand
B7Z0E2	333-339	ECO:0007829|PDB:6Y6M	beta_strand
B7Z0E2	429-435	ECO:0007829|PDB:6Y6E	beta_strand
B7Z0E2	452-457	ECO:0007829|PDB:6Y6E	beta_strand
B7Z0E2	463-468	ECO:0007829|PDB:6Y6E	beta_strand
B7Z0E2	473-476	ECO:0007829|PDB:6Y6E	beta_strand
B7Z0E2	484-492	ECO:0007829|PDB:6Y6E	beta_strand
B7Z0E2	497-505	ECO:0007829|PDB:6Y6E	beta_strand
B7Z0E2	517-525	ECO:0007829|PDB:6Y6E	beta_strand
B7Z0E2	527-536	ECO:0007829|PDB:6Y6E	beta_strand
B7Z0E2	541-544	ECO:0007829|PDB:6Y6E	beta_strand
B7Z0E2	551-553	ECO:0007829|PDB:6Y6E	beta_strand
B7Z0E2	560-567	ECO:0007829|PDB:6Y6E	beta_strand
B7Z0E2	578-585	ECO:0007829|PDB:6Y6E	beta_strand
B7Z0E2	593-607	ECO:0007829|PDB:6Y6E	beta_strand
B7Z0E2	619-621	ECO:0007829|PDB:6Y6E	beta_strand
B7Z0E2	623-627	ECO:0007829|PDB:6Y6E	beta_strand
B7Z0E2	634-638	ECO:0007829|PDB:6Y6E	beta_strand
B7Z0E2	643-645	ECO:0007829|PDB:6Y6E	beta_strand
B7Z0E2	652-660	ECO:0007829|PDB:6Y6E	beta_strand
B7Z0E2	665-673	ECO:0007829|PDB:6Y6E	beta_strand
B7Z0E2	757-760	ECO:0007829|PDB:6Y4H	beta_strand
B7Z0E2	763-771	ECO:0007829|PDB:7ZHH	beta_strand
B7Z0E2	773-780	ECO:0007829|PDB:7ZHH	beta_strand
B7Z0E2	786-790	ECO:0007829|PDB:7ZHH	beta_strand
B7Z0E2	794-796	ECO:0007829|PDB:7ZHH	beta_strand
B7Z0E2	806-811	ECO:0007829|PDB:7ZHH	beta_strand
B7Z0E2	819-822	ECO:0007829|PDB:6Y4H	beta_strand
B7Z0E2	826-831	ECO:0007829|PDB:7ZHH	beta_strand
B7Z0E2	847-853	ECO:0007829|PDB:7ZHH	beta_strand
B7Z0E2	865-872	ECO:0007829|PDB:7ZHH	beta_strand
B7Z0E2	878-885	ECO:0007829|PDB:7ZHH	beta_strand
B7Z0E2	890-892	ECO:0007829|PDB:7ZHH	beta_strand
B7Z0E2	902-908	ECO:0007829|PDB:7ZHH	beta_strand
B7Z0E2	913-919	ECO:0007829|PDB:7ZHH	beta_strand
B7Z0E2	923-931	ECO:0007829|PDB:7ZHH	beta_strand
B7Z0E2	934-940	ECO:0007829|PDB:7ZHH	beta_strand
B7Z0E2	946-950	ECO:0007829|PDB:7ZHH	beta_strand
B7Z0E2	966-973	ECO:0007829|PDB:7ZHH	beta_strand
B7Z0E2	980-987	ECO:0007829|PDB:7ZHH	beta_strand
M9PH32	1002-1005	ECO:0007829|PDB:7NYQ	beta_strand
M9PH32	1012-1017	ECO:0007829|PDB:7NYQ	beta_strand
M9PH32	1019-1027	ECO:0007829|PDB:7NYQ	beta_strand
M9PH32	1033-1037	ECO:0007829|PDB:7NYQ	beta_strand
M9PH32	1045-1050	ECO:0007829|PDB:7NYQ	beta_strand
M9PH32	1056-1060	ECO:0007829|PDB:7NYQ	beta_strand
M9PH32	1065-1069	ECO:0007829|PDB:7NYQ	beta_strand
M9PH32	1075-1080	ECO:0007829|PDB:7NYQ	beta_strand
M9PH32	1088-1094	ECO:0007829|PDB:7NYQ	beta_strand
M9PH32	1097-1102	ECO:0007829|PDB:7NYQ	beta_strand
M9PH32	1107-1112	ECO:0007829|PDB:7NYQ	beta_strand
M9PH32	1117-1121	ECO:0007829|PDB:7NYQ	beta_strand
M9PH32	1127-1129	ECO:0007829|PDB:7NYQ	beta_strand
M9PH32	1132-1135	ECO:0007829|PDB:7NYQ	beta_strand
M9PH32	1141-1145	ECO:0007829|PDB:7NYQ	beta_strand
M9PH32	1152-1156	ECO:0007829|PDB:7NYQ	beta_strand
M9PH32	1162-1167	ECO:0007829|PDB:7NYQ	beta_strand
M9PH32	1177-1181	ECO:0007829|PDB:7NYQ	beta_strand
M9PH32	1187-1191	ECO:0007829|PDB:7NYQ	beta_strand
M9PH32	1196-1202	ECO:0007829|PDB:7NYQ	beta_strand
M9PH32	932-940	ECO:0007829|PDB:7NYQ	beta_strand
M9PH32	943-946	ECO:0007829|PDB:7NYQ	beta_strand
M9PH32	950-952	ECO:0007829|PDB:7NYQ	beta_strand
M9PH32	956-958	ECO:0007829|PDB:7NYQ	beta_strand
M9PH32	964-968	ECO:0007829|PDB:7NYQ	beta_strand
M9PH32	973-977	ECO:0007829|PDB:7NYQ	beta_strand
M9PH32	983-987	ECO:0007829|PDB:7NYQ	beta_strand
M9PH32	990-993	ECO:0007829|PDB:7NYQ	beta_strand
M9PH32	997-999	ECO:0007829|PDB:7NYQ	beta_strand
O01382	105-108	ECO:0007829|PDB:3SIP	beta_strand
O01382	132-138	ECO:0007829|PDB:3SIR	beta_strand
O01382	159-168	ECO:0007829|PDB:3SIR	beta_strand
O01382	200-202	ECO:0007829|PDB:3SIR	beta_strand
O01382	204-211	ECO:0007829|PDB:3SIR	beta_strand
O01382	245-252	ECO:0007829|PDB:3SIR	beta_strand
O01382	317-320	ECO:0007829|PDB:3SIR	beta_strand
O01382	323-325	ECO:0007829|PDB:3SIR	beta_strand
O01382	90-101	ECO:0007829|PDB:3SIR	beta_strand
O02193	383-386	ECO:0007829|PDB:2BUD	beta_strand
O02193	392-401	ECO:0007829|PDB:2BUD	beta_strand
O02193	411-415	ECO:0007829|PDB:2BUD	beta_strand
O02193	417-419	ECO:0007829|PDB:2BUD	beta_strand
O02193	425-428	ECO:0007829|PDB:2BUD	beta_strand
O02193	432-434	ECO:0007829|PDB:2BUD	beta_strand
O15943	440-450	ECO:0007829|PDB:3UBF	beta_strand
O15943	459-462	ECO:0007829|PDB:3UBF	beta_strand
O15943	466-469	ECO:0007829|PDB:3UBG	beta_strand
O15943	471-476	ECO:0007829|PDB:3UBF	beta_strand
O15943	479-483	ECO:0007829|PDB:3UBF	beta_strand
O15943	487-493	ECO:0007829|PDB:3UBF	beta_strand
O15943	505-513	ECO:0007829|PDB:3UBF	beta_strand
O15943	519-521	ECO:0007829|PDB:3UBH	beta_strand
O15943	525-534	ECO:0007829|PDB:3UBF	beta_strand
O15943	546-554	ECO:0007829|PDB:3UBF	beta_strand
O15943	563-566	ECO:0007829|PDB:3UBF	beta_strand
O15943	578-589	ECO:0007829|PDB:3UBF	beta_strand
O15943	591-593	ECO:0007829|PDB:3UBF	beta_strand
O15943	599-602	ECO:0007829|PDB:3UBF	beta_strand
O15943	604-606	ECO:0007829|PDB:3UBH	beta_strand
O15943	613-623	ECO:0007829|PDB:3UBF	beta_strand
O15943	632-634	ECO:0007829|PDB:3UBG	beta_strand
O15943	638-645	ECO:0007829|PDB:3UBF	beta_strand
O15943	650-661	ECO:0007829|PDB:3UBF	beta_strand
O15943	669-672	ECO:0007829|PDB:3UBF	beta_strand
O15943	683-692	ECO:0007829|PDB:3UBF	beta_strand
O15943	697-699	ECO:0007829|PDB:3UBF	beta_strand
O15943	705-708	ECO:0007829|PDB:3UBF	beta_strand
O15943	721-735	ECO:0007829|PDB:3UBF	beta_strand
O15943	737-747	ECO:0007829|PDB:3UBF	beta_strand
O15943	755-767	ECO:0007829|PDB:3UBH	beta_strand
O15943	775-778	ECO:0007829|PDB:3UBH	beta_strand
O15943	792-797	ECO:0007829|PDB:3UBH	beta_strand
O15943	801-803	ECO:0007829|PDB:3UBH	beta_strand
O15943	808-811	ECO:0007829|PDB:3UBH	beta_strand
O15943	815-818	ECO:0007829|PDB:3UBH	beta_strand
O15943	823-832	ECO:0007829|PDB:3UBH	beta_strand
O15943	839-849	ECO:0007829|PDB:3UBH	beta_strand
O16810	592-599	ECO:0007829|PDB:7JGS	beta_strand
O16810	627-633	ECO:0007829|PDB:7JGS	beta_strand
O16810	678-684	ECO:0007829|PDB:7JGS	beta_strand
O16810	706-708	ECO:0007829|PDB:7JK3	beta_strand
O16810	711-718	ECO:0007829|PDB:7JGS	beta_strand
O16810	739-742	ECO:0007829|PDB:7JGS	beta_strand
O16810	762-764	ECO:0007829|PDB:7JK3	beta_strand
O16810	803-805	ECO:0007829|PDB:7JGS	beta_strand
O16810	848-850	ECO:0007829|PDB:7JK3	beta_strand
O16810	890-892	ECO:0007829|PDB:7JGS	beta_strand
O16810	903-906	ECO:0007829|PDB:7JGS	beta_strand
O18333	113-119	ECO:0007829|PDB:4RKE	beta_strand
O18333	144-148	ECO:0007829|PDB:4RKE	beta_strand
O18333	4-14	ECO:0007829|PDB:4RKE	beta_strand
O18333	42-50	ECO:0007829|PDB:4RKE	beta_strand
O18333	53-61	ECO:0007829|PDB:4RKE	beta_strand
O18333	80-87	ECO:0007829|PDB:4RKE	beta_strand
O18334	11-20	ECO:0007829|PDB:2Y8E	beta_strand
O18334	117-125	ECO:0007829|PDB:2Y8E	beta_strand
O18334	150-155	ECO:0007829|PDB:2Y8E	beta_strand
O18334	46-56	ECO:0007829|PDB:2Y8E	beta_strand
O18334	59-68	ECO:0007829|PDB:2Y8E	beta_strand
O18334	86-93	ECO:0007829|PDB:2Y8E	beta_strand
O44342	107-120	ECO:0007829|PDB:2C0G	beta_strand
O44342	28-30	ECO:0007829|PDB:1OVN	beta_strand
O44342	42-53	ECO:0007829|PDB:2C0G	beta_strand
O44342	74-83	ECO:0007829|PDB:2C0G	beta_strand
O44342	86-88	ECO:0007829|PDB:1OVN	beta_strand
O46043	104-108	ECO:0007829|PDB:8ADK	beta_strand
O46043	195-200	ECO:0007829|PDB:8ADK	beta_strand
O46043	275-282	ECO:0007829|PDB:8ADK	beta_strand
O46043	28-32	ECO:0007829|PDB:8ADK	beta_strand
O46043	303-308	ECO:0007829|PDB:8ADK	beta_strand
O46043	318-324	ECO:0007829|PDB:8ADK	beta_strand
O46043	364-369	ECO:0007829|PDB:8ADK	beta_strand
O46043	375-378	ECO:0007829|PDB:8ADK	beta_strand
O46043	385-389	ECO:0007829|PDB:8ADK	beta_strand
O46043	400-403	ECO:0007829|PDB:8ADJ	beta_strand
O46043	405-410	ECO:0007829|PDB:8ADK	beta_strand
O46043	441-443	ECO:0007829|PDB:8ADK	beta_strand
O46043	448-452	ECO:0007829|PDB:8ADK	beta_strand
O46043	480-483	ECO:0007829|PDB:8ADK	beta_strand
O46043	58-62	ECO:0007829|PDB:8ADK	beta_strand
O46043	68-70	ECO:0007829|PDB:8ADK	beta_strand
O46043	94-98	ECO:0007829|PDB:8ADK	beta_strand
O61307	1005-1009	ECO:0007829|PDB:8FIA	beta_strand
O61307	1018-1023	ECO:0007829|PDB:8FIA	beta_strand
O61307	1033-1042	ECO:0007829|PDB:8FIA	beta_strand
O61307	1045-1053	ECO:0007829|PDB:8FIA	beta_strand
O61307	1058-1063	ECO:0007829|PDB:8FIA	beta_strand
O61307	1077-1089	ECO:0007829|PDB:8FIA	beta_strand
O61307	1094-1102	ECO:0007829|PDB:8FIA	beta_strand
O61307	1112-1114	ECO:0007829|PDB:8FIA	beta_strand
O61307	1121-1124	ECO:0007829|PDB:8FIA	beta_strand
O61307	1129-1132	ECO:0007829|PDB:8FIA	beta_strand
O61307	1137-1139	ECO:0007829|PDB:8FIA	beta_strand
O61307	1146-1151	ECO:0007829|PDB:8FIA	beta_strand
O61307	1154-1156	ECO:0007829|PDB:8FIA	beta_strand
O61307	1176-1181	ECO:0007829|PDB:8FIA	beta_strand
O61307	1187-1191	ECO:0007829|PDB:8FIA	beta_strand
O61307	1194-1198	ECO:0007829|PDB:8FIA	beta_strand
O61307	1202-1209	ECO:0007829|PDB:8FIA	beta_strand
O61307	1220-1223	ECO:0007829|PDB:8FIA	beta_strand
O61307	1230-1234	ECO:0007829|PDB:8FIA	beta_strand
O61307	1239-1242	ECO:0007829|PDB:8FIA	beta_strand
O61307	1257-1260	ECO:0007829|PDB:8FIA	beta_strand
O61307	1278-1282	ECO:0007829|PDB:8FIA	beta_strand
O61307	1286-1293	ECO:0007829|PDB:8FIA	beta_strand
O61307	1299-1303	ECO:0007829|PDB:8FIA	beta_strand
O61307	1306-1310	ECO:0007829|PDB:8FIA	beta_strand
O61307	1315-1320	ECO:0007829|PDB:8FIA	beta_strand
O61307	1334-1338	ECO:0007829|PDB:8FIA	beta_strand
O61307	1351-1353	ECO:0007829|PDB:8FIA	beta_strand
O61307	1360-1364	ECO:0007829|PDB:8FIA	beta_strand
O61307	1367-1372	ECO:0007829|PDB:8FIA	beta_strand
O61307	1376-1381	ECO:0007829|PDB:8FIA	beta_strand
O61307	1405-1412	ECO:0007829|PDB:8FIA	beta_strand
O61307	1418-1423	ECO:0007829|PDB:8FIA	beta_strand
O61307	1425-1427	ECO:0007829|PDB:8FIA	beta_strand
O61307	1429-1434	ECO:0007829|PDB:8FIA	beta_strand
O61307	1438-1444	ECO:0007829|PDB:8FIA	beta_strand
O61307	1473-1480	ECO:0007829|PDB:8FIA	beta_strand
O61307	1486-1490	ECO:0007829|PDB:8FIA	beta_strand
O61307	1495-1500	ECO:0007829|PDB:8FIA	beta_strand
O61307	1512-1516	ECO:0007829|PDB:8FIA	beta_strand
O61307	1521-1525	ECO:0007829|PDB:8FIA	beta_strand
O61307	1529-1536	ECO:0007829|PDB:8FIA	beta_strand
O61307	1542-1552	ECO:0007829|PDB:8FIA	beta_strand
O61307	1557-1561	ECO:0007829|PDB:8FIA	beta_strand
O61307	1563-1565	ECO:0007829|PDB:8FIA	beta_strand
O61307	1567-1572	ECO:0007829|PDB:8FIA	beta_strand
O61307	1578-1582	ECO:0007829|PDB:8FIA	beta_strand
O61307	1588-1593	ECO:0007829|PDB:8FIA	beta_strand
O61307	1599-1603	ECO:0007829|PDB:8FIA	beta_strand
O61307	1609-1615	ECO:0007829|PDB:8FIA	beta_strand
O61307	1621-1626	ECO:0007829|PDB:8FIA	beta_strand
O61307	1631-1636	ECO:0007829|PDB:8FIA	beta_strand
O61307	1642-1646	ECO:0007829|PDB:8FIA	beta_strand
O61307	1652-1660	ECO:0007829|PDB:8FIA	beta_strand
O61307	1663-1670	ECO:0007829|PDB:8FIA	beta_strand
O61307	1673-1681	ECO:0007829|PDB:8FIA	beta_strand
O61307	1684-1689	ECO:0007829|PDB:8FIA	beta_strand
O61307	1692-1698	ECO:0007829|PDB:8FIA	beta_strand
O61307	1704-1707	ECO:0007829|PDB:8FIA	beta_strand
O61307	1711-1719	ECO:0007829|PDB:8FIA	beta_strand
O61307	1737-1745	ECO:0007829|PDB:8FIA	beta_strand
O61307	1748-1761	ECO:0007829|PDB:8FIA	beta_strand
O61307	1778-1787	ECO:0007829|PDB:8FIA	beta_strand
O61307	1790-1798	ECO:0007829|PDB:8FIA	beta_strand
O61307	1803-1808	ECO:0007829|PDB:8FIA	beta_strand
O61307	1812-1819	ECO:0007829|PDB:8FIA	beta_strand
O61307	1825-1830	ECO:0007829|PDB:8FIA	beta_strand
O61307	1832-1834	ECO:0007829|PDB:8FIA	beta_strand
O61307	1838-1842	ECO:0007829|PDB:8FIA	beta_strand
O61307	1848-1853	ECO:0007829|PDB:8FIA	beta_strand
O61307	1856-1862	ECO:0007829|PDB:8FIA	beta_strand
O61307	1868-1873	ECO:0007829|PDB:8FIA	beta_strand
O61307	1878-1882	ECO:0007829|PDB:8FIA	beta_strand
O61307	1892-1895	ECO:0007829|PDB:8FIA	beta_strand
O61307	1901-1906	ECO:0007829|PDB:8FIA	beta_strand
O61307	1912-1916	ECO:0007829|PDB:8FIA	beta_strand
O61307	1922-1929	ECO:0007829|PDB:8FIA	beta_strand
O61307	1931-1939	ECO:0007829|PDB:8FIA	beta_strand
O61307	1947-1951	ECO:0007829|PDB:8FIA	beta_strand
O61307	1956-1961	ECO:0007829|PDB:8FIA	beta_strand
O61307	1968-1973	ECO:0007829|PDB:8FIA	beta_strand
O61307	1979-1984	ECO:0007829|PDB:8FIA	beta_strand
O61307	1987-1993	ECO:0007829|PDB:8FIA	beta_strand
O61307	2000-2007	ECO:0007829|PDB:8FIA	beta_strand
O61307	2010-2019	ECO:0007829|PDB:8FIA	beta_strand
O61307	2022-2030	ECO:0007829|PDB:8FIA	beta_strand
O61307	2039-2045	ECO:0007829|PDB:8FIA	beta_strand
O61307	2051-2058	ECO:0007829|PDB:8FIA	beta_strand
O61307	2066-2070	ECO:0007829|PDB:8FIA	beta_strand
O61307	2077-2080	ECO:0007829|PDB:8FIA	beta_strand
O61307	2083-2088	ECO:0007829|PDB:8FIA	beta_strand
O61307	2092-2097	ECO:0007829|PDB:8FIA	beta_strand
O61307	2102-2108	ECO:0007829|PDB:8FIA	beta_strand
O61307	2114-2121	ECO:0007829|PDB:8FIA	beta_strand
O61307	2124-2133	ECO:0007829|PDB:8FIA	beta_strand
O61307	2139-2146	ECO:0007829|PDB:8FIA	beta_strand
O61307	2149-2157	ECO:0007829|PDB:8FIA	beta_strand
O61307	2163-2176	ECO:0007829|PDB:8FIA	beta_strand
O61307	2182-2187	ECO:0007829|PDB:8FIA	beta_strand
O61307	2190-2196	ECO:0007829|PDB:8FIA	beta_strand
O61307	2202-2205	ECO:0007829|PDB:8FIA	beta_strand
O61307	2211-2213	ECO:0007829|PDB:8FIA	beta_strand
O61307	2219-2222	ECO:0007829|PDB:8FIA	beta_strand
O61307	2225-2229	ECO:0007829|PDB:8FIA	beta_strand
O61307	2235-2240	ECO:0007829|PDB:8FIA	beta_strand
O61307	2244-2250	ECO:0007829|PDB:8FIA	beta_strand
O61307	2256-2261	ECO:0007829|PDB:8FIA	beta_strand
O61307	2266-2270	ECO:0007829|PDB:8FIA	beta_strand
O61307	2274-2276	ECO:0007829|PDB:8FIA	beta_strand
O61307	2282-2285	ECO:0007829|PDB:8FIA	beta_strand
O61307	2290-2296	ECO:0007829|PDB:8FIA	beta_strand
O61307	2302-2307	ECO:0007829|PDB:8FIA	beta_strand
O61307	2310-2316	ECO:0007829|PDB:8FIA	beta_strand
O61307	2322-2326	ECO:0007829|PDB:8FIA	beta_strand
O61307	2332-2338	ECO:0007829|PDB:8FIA	beta_strand
O61307	2344-2348	ECO:0007829|PDB:8FIA	beta_strand
O61307	2370-2372	ECO:0007829|PDB:8FIA	beta_strand
O61307	2375-2378	ECO:0007829|PDB:8FIA	beta_strand
O61307	2383-2386	ECO:0007829|PDB:8FIA	beta_strand
O61307	2455-2457	ECO:0007829|PDB:8FIA	beta_strand
O61307	2515-2522	ECO:0007829|PDB:8FIA	beta_strand
O61307	2525-2530	ECO:0007829|PDB:8FIA	beta_strand
O61307	2555-2558	ECO:0007829|PDB:8FIA	beta_strand
O61307	2561-2568	ECO:0007829|PDB:8FIA	beta_strand
O61307	2589-2592	ECO:0007829|PDB:8FIA	beta_strand
O61307	2606-2609	ECO:0007829|PDB:8FIA	beta_strand
O61307	2611-2621	ECO:0007829|PDB:8FIA	beta_strand
O61307	861-869	ECO:0007829|PDB:8FIA	beta_strand
O61307	880-883	ECO:0007829|PDB:8FIA	beta_strand
O61307	890-892	ECO:0007829|PDB:8FIA	beta_strand
O61307	897-904	ECO:0007829|PDB:8FIA	beta_strand
O61307	906-914	ECO:0007829|PDB:8FIA	beta_strand
O61307	921-926	ECO:0007829|PDB:8FIA	beta_strand
O61307	932-934	ECO:0007829|PDB:8FIA	beta_strand
O61307	967-970	ECO:0007829|PDB:8FIA	beta_strand
O61307	985-987	ECO:0007829|PDB:8FIA	beta_strand
O61307	992-998	ECO:0007829|PDB:8FIA	beta_strand
O61722	104-108	ECO:0007829|PDB:8CT8	beta_strand
O61722	110-114	ECO:0007829|PDB:8CT8	beta_strand
O61722	16-19	ECO:0007829|PDB:8CT8	beta_strand
O61722	22-27	ECO:0007829|PDB:8CT8	beta_strand
O61722	47-52	ECO:0007829|PDB:8CT8	beta_strand
O61722	69-72	ECO:0007829|PDB:8CT8	beta_strand
O61734	311-315	ECO:0007829|PDB:5F68	beta_strand
O61734	320-324	ECO:0007829|PDB:5F68	beta_strand
O61734	366-368	ECO:0007829|PDB:5F69	beta_strand
O61734	375-378	ECO:0007829|PDB:5F68	beta_strand
O61734	384-395	ECO:0007829|PDB:5F68	beta_strand
O61734	402-411	ECO:0007829|PDB:5F68	beta_strand
O77059	101-107	ECO:0007829|PDB:4GU5	beta_strand
O77059	131-135	ECO:0007829|PDB:4GU5	beta_strand
O77059	138-141	ECO:0007829|PDB:4GU5	beta_strand
O77059	17-19	ECO:0007829|PDB:4GU5	beta_strand
O77059	212-214	ECO:0007829|PDB:4JZY	beta_strand
O77059	296-301	ECO:0007829|PDB:6WTB	beta_strand
O77059	335-337	ECO:0007829|PDB:8DD7	beta_strand
O77059	35-42	ECO:0007829|PDB:4GU5	beta_strand
O77059	462-464	ECO:0007829|PDB:4K03	beta_strand
O77059	6-13	ECO:0007829|PDB:4GU5	beta_strand
O77059	82-86	ECO:0007829|PDB:4GU5	beta_strand
O97143	397-400	ECO:0007829|PDB:4G7N	beta_strand
O97143	402-408	ECO:0007829|PDB:4G7N	beta_strand
O97143	414-421	ECO:0007829|PDB:4G7N	beta_strand
O97143	426-436	ECO:0007829|PDB:4G7N	beta_strand
O97143	442-446	ECO:0007829|PDB:4G7N	beta_strand
O97143	471-473	ECO:0007829|PDB:4G7N	beta_strand
O97143	499-505	ECO:0007829|PDB:4G7N	beta_strand
O97143	507-514	ECO:0007829|PDB:4G7N	beta_strand
O97143	520-524	ECO:0007829|PDB:4G7N	beta_strand
O97143	529-533	ECO:0007829|PDB:4G7N	beta_strand
O97143	537-541	ECO:0007829|PDB:4G7N	beta_strand
O97143	589-593	ECO:0007829|PDB:4G7N	beta_strand
O97143	660-666	ECO:0007829|PDB:5LHX	beta_strand
O97143	670-675	ECO:0007829|PDB:5LHX	beta_strand
O97143	680-684	ECO:0007829|PDB:5LHX	beta_strand
O97143	689-692	ECO:0007829|PDB:5LHX	beta_strand
O97143	701-704	ECO:0007829|PDB:5LHX	beta_strand
O97143	710-713	ECO:0007829|PDB:5LHX	beta_strand
O97148	100-102	ECO:0007829|PDB:1FJR	beta_strand
O97148	105-107	ECO:0007829|PDB:1FJR	beta_strand
O97148	121-125	ECO:0007829|PDB:1FJR	beta_strand
O97148	131-135	ECO:0007829|PDB:1FJR	beta_strand
O97148	140-143	ECO:0007829|PDB:1FJR	beta_strand
O97148	165-168	ECO:0007829|PDB:1FJR	beta_strand
O97148	173-175	ECO:0007829|PDB:1FJR	beta_strand
O97148	180-182	ECO:0007829|PDB:1FJR	beta_strand
O97148	186-195	ECO:0007829|PDB:1FJR	beta_strand
O97148	197-208	ECO:0007829|PDB:1FJR	beta_strand
O97148	40-42	ECO:0007829|PDB:1FJR	beta_strand
O97148	48-50	ECO:0007829|PDB:1FJR	beta_strand
O97148	53-55	ECO:0007829|PDB:1FJR	beta_strand
O97148	60-67	ECO:0007829|PDB:1FJR	beta_strand
O97148	73-82	ECO:0007829|PDB:1FJR	beta_strand
O97148	90-95	ECO:0007829|PDB:1FJR	beta_strand
P00334	133-138	ECO:0007829|PDB:1MG5	beta_strand
P00334	175-183	ECO:0007829|PDB:1MG5	beta_strand
P00334	185-188	ECO:0007829|PDB:1MG5	beta_strand
P00334	235-239	ECO:0007829|PDB:1MG5	beta_strand
P00334	242-245	ECO:0007829|PDB:1MG5	beta_strand
P00334	33-40	ECO:0007829|PDB:1MG5	beta_strand
P00334	57-63	ECO:0007829|PDB:1MG5	beta_strand
P00334	89-92	ECO:0007829|PDB:1MG5	beta_strand
P00334	9-13	ECO:0007829|PDB:1MG5	beta_strand
P02283	22-24	ECO:0007829|PDB:7PJ1	beta_strand
P02283	85-87	ECO:0007829|PDB:8UX1	beta_strand
P02299	118-120	ECO:0007829|PDB:2NQB	beta_strand
P02299	7-9	ECO:0007829|PDB:6AT0	beta_strand
P02299	80-82	ECO:0007829|PDB:2NQB	beta_strand
P02833	299-301	ECO:0007829|PDB:1HOM	beta_strand
P02836	458-460	ECO:0007829|PDB:1ZTR	beta_strand
P03896	303-306	ECO:0007829|PDB:8B9Z	beta_strand
P03896	82-86	ECO:0007829|PDB:8B9Z	beta_strand
P04146	11-14	ECO:0007829|PDB:8VVW	beta_strand
P04146	110-112	ECO:0007829|PDB:8VVW	beta_strand
P04146	164-166	ECO:0007829|PDB:8VVW	beta_strand
P04412	101-103	ECO:0007829|PDB:3I2T	beta_strand
P04412	131-134	ECO:0007829|PDB:3I2T	beta_strand
P04412	136-141	ECO:0007829|PDB:3I2T	beta_strand
P04412	156-159	ECO:0007829|PDB:3I2T	beta_strand
P04412	161-166	ECO:0007829|PDB:3I2T	beta_strand
P04412	169-172	ECO:0007829|PDB:3I2T	beta_strand
P04412	194-200	ECO:0007829|PDB:3I2T	beta_strand
P04412	204-207	ECO:0007829|PDB:3I2T	beta_strand
P04412	216-223	ECO:0007829|PDB:3I2T	beta_strand
P04412	239-241	ECO:0007829|PDB:3LTF	beta_strand
P04412	246-248	ECO:0007829|PDB:3I2T	beta_strand
P04412	269-273	ECO:0007829|PDB:3I2T	beta_strand
P04412	281-285	ECO:0007829|PDB:3I2T	beta_strand
P04412	287-289	ECO:0007829|PDB:3I2T	beta_strand
P04412	290-292	ECO:0007829|PDB:3LTF	beta_strand
P04412	295-300	ECO:0007829|PDB:3I2T	beta_strand
P04412	305-316	ECO:0007829|PDB:3I2T	beta_strand
P04412	319-327	ECO:0007829|PDB:3I2T	beta_strand
P04412	330-334	ECO:0007829|PDB:3I2T	beta_strand
P04412	338-342	ECO:0007829|PDB:3I2T	beta_strand
P04412	347-350	ECO:0007829|PDB:3I2T	beta_strand
P04412	356-358	ECO:0007829|PDB:3I2T	beta_strand
P04412	361-365	ECO:0007829|PDB:3I2T	beta_strand
P04412	370-373	ECO:0007829|PDB:3I2T	beta_strand
P04412	376-380	ECO:0007829|PDB:3I2T	beta_strand
P04412	385-394	ECO:0007829|PDB:3I2T	beta_strand
P04412	396-398	ECO:0007829|PDB:3I2T	beta_strand
P04412	402-404	ECO:0007829|PDB:3I2T	beta_strand
P04412	421-425	ECO:0007829|PDB:3I2T	beta_strand
P04412	427-429	ECO:0007829|PDB:3I2T	beta_strand
P04412	438-440	ECO:0007829|PDB:3I2T	beta_strand
P04412	446-449	ECO:0007829|PDB:3I2T	beta_strand
P04412	466-469	ECO:0007829|PDB:3I2T	beta_strand
P04412	471-473	ECO:0007829|PDB:3I2T	beta_strand
P04412	491-493	ECO:0007829|PDB:3LTF	beta_strand
P04412	503-509	ECO:0007829|PDB:3I2T	beta_strand
P04412	525-531	ECO:0007829|PDB:3I2T	beta_strand
P04412	555-561	ECO:0007829|PDB:3I2T	beta_strand
P04412	575-577	ECO:0007829|PDB:3LTG	beta_strand
P04412	582-586	ECO:0007829|PDB:3I2T	beta_strand
P04412	590-598	ECO:0007829|PDB:3I2T	beta_strand
P04412	601-604	ECO:0007829|PDB:3I2T	beta_strand
P04412	608-610	ECO:0007829|PDB:3I2T	beta_strand
P04412	616-618	ECO:0007829|PDB:3I2T	beta_strand
P04412	628-630	ECO:0007829|PDB:3I2T	beta_strand
P04412	632-636	ECO:0007829|PDB:3LTF	beta_strand
P04412	638-640	ECO:0007829|PDB:3I2T	beta_strand
P05031	137-139	ECO:0007829|PDB:3K40	beta_strand
P05031	176-181	ECO:0007829|PDB:3K40	beta_strand
P05031	218-223	ECO:0007829|PDB:3K40	beta_strand
P05031	240-244	ECO:0007829|PDB:3K40	beta_strand
P05031	269-278	ECO:0007829|PDB:3K40	beta_strand
P05031	301-305	ECO:0007829|PDB:3K40	beta_strand
P05031	329-333	ECO:0007829|PDB:3K40	beta_strand
P05031	346-352	ECO:0007829|PDB:3K40	beta_strand
P05031	430-434	ECO:0007829|PDB:3K40	beta_strand
P05031	440-447	ECO:0007829|PDB:3K40	beta_strand
P05031	468-472	ECO:0007829|PDB:3K40	beta_strand
P05031	475-481	ECO:0007829|PDB:3K40	beta_strand
P05205	149-158	ECO:0007829|PDB:3P7J	beta_strand
P05205	161-168	ECO:0007829|PDB:3P7J	beta_strand
P05205	175-178	ECO:0007829|PDB:3P7J	beta_strand
P05205	23-35	ECO:0007829|PDB:6AT0	beta_strand
P05205	38-45	ECO:0007829|PDB:6AT0	beta_strand
P05205	54-57	ECO:0007829|PDB:6AT0	beta_strand
P05623	32-35	ECO:0007829|PDB:2LAQ	beta_strand
P05661	116-119	ECO:0007829|PDB:5W1A	beta_strand
P05661	122-126	ECO:0007829|PDB:5W1A	beta_strand
P05661	173-178	ECO:0007829|PDB:5W1A	beta_strand
P05661	231-234	ECO:0007829|PDB:5W1A	beta_strand
P05661	237-241	ECO:0007829|PDB:5W1A	beta_strand
P05661	243-251	ECO:0007829|PDB:5W1A	beta_strand
P05661	257-265	ECO:0007829|PDB:5W1A	beta_strand
P05661	37-42	ECO:0007829|PDB:5W1A	beta_strand
P05661	373-375	ECO:0007829|PDB:5W1A	beta_strand
P05661	402-404	ECO:0007829|PDB:5W1A	beta_strand
P05661	406-411	ECO:0007829|PDB:5W1A	beta_strand
P05661	454-460	ECO:0007829|PDB:5W1A	beta_strand
P05661	46-56	ECO:0007829|PDB:5W1A	beta_strand
P05661	576-581	ECO:0007829|PDB:5W1A	beta_strand
P05661	584-588	ECO:0007829|PDB:5W1A	beta_strand
P05661	59-63	ECO:0007829|PDB:5W1A	beta_strand
P05661	666-674	ECO:0007829|PDB:5W1A	beta_strand
P05661	69-73	ECO:0007829|PDB:5W1A	beta_strand
P05661	712-715	ECO:0007829|PDB:5W1A	beta_strand
P05661	755-757	ECO:0007829|PDB:5W1A	beta_strand
P05661	759-764	ECO:0007829|PDB:5W1A	beta_strand
P06601	133-135	ECO:0007829|PDB:1PDN	beta_strand
P06601	29-31	ECO:0007829|PDB:1PDN	beta_strand
P06601	37-39	ECO:0007829|PDB:1PDN	beta_strand
P06603	134-143	ECO:0007829|PDB:6TIZ	beta_strand
P06603	164-172	ECO:0007829|PDB:6TIZ	beta_strand
P06603	199-205	ECO:0007829|PDB:6TIZ	beta_strand
P06603	247-249	ECO:0007829|PDB:6TIZ	beta_strand
P06603	261-264	ECO:0007829|PDB:6TIY	beta_strand
P06603	269-273	ECO:0007829|PDB:6TIZ	beta_strand
P06603	301-303	ECO:0007829|PDB:6TIZ	beta_strand
P06603	312-322	ECO:0007829|PDB:6TIZ	beta_strand
P06603	349-356	ECO:0007829|PDB:6TIZ	beta_strand
P06603	366-368	ECO:0007829|PDB:6TIZ	beta_strand
P06603	372-381	ECO:0007829|PDB:6TIZ	beta_strand
P06603	4-9	ECO:0007829|PDB:6TIZ	beta_strand
P06603	45-47	ECO:0007829|PDB:6TIY	beta_strand
P06603	53-55	ECO:0007829|PDB:6TIZ	beta_strand
P06603	61-72	ECO:0007829|PDB:6TIZ	beta_strand
P06603	92-94	ECO:0007829|PDB:6TIZ	beta_strand
P06742	112-114	ECO:0007829|PDB:5W1A	beta_strand
P06742	134-139	ECO:0007829|PDB:5W1A	beta_strand
P06742	25-27	ECO:0007829|PDB:5W1A	beta_strand
P06742	96-101	ECO:0007829|PDB:5W1A	beta_strand
P07140	111-114	ECO:0007829|PDB:6XYS	beta_strand
P07140	133-139	ECO:0007829|PDB:6XYS	beta_strand
P07140	179-185	ECO:0007829|PDB:6XYS	beta_strand
P07140	212-216	ECO:0007829|PDB:6XYS	beta_strand
P07140	240-242	ECO:0007829|PDB:6XYS	beta_strand
P07140	265-275	ECO:0007829|PDB:6XYS	beta_strand
P07140	297-302	ECO:0007829|PDB:6XYS	beta_strand
P07140	332-334	ECO:0007829|PDB:6XYS	beta_strand
P07140	376-379	ECO:0007829|PDB:6XYS	beta_strand
P07140	396-402	ECO:0007829|PDB:6XYS	beta_strand
P07140	420-422	ECO:0007829|PDB:6XYS	beta_strand
P07140	44-47	ECO:0007829|PDB:6XYS	beta_strand
P07140	457-459	ECO:0007829|PDB:6XYS	beta_strand
P07140	495-501	ECO:0007829|PDB:6XYS	beta_strand
P07140	50-53	ECO:0007829|PDB:6XYS	beta_strand
P07140	55-59	ECO:0007829|PDB:6XYS	beta_strand
P07140	572-574	ECO:0007829|PDB:6XYS	beta_strand
P07140	577-580	ECO:0007829|PDB:6XYS	beta_strand
P07140	584-586	ECO:0007829|PDB:6XYY	beta_strand
P07140	588-590	ECO:0007829|PDB:6XYS	beta_strand
P07140	62-71	ECO:0007829|PDB:6XYS	beta_strand
P07207	464-468	ECO:0007829|PDB:7ALJ	beta_strand
P07207	471-475	ECO:0007829|PDB:7ALJ	beta_strand
P07207	480-482	ECO:0007829|PDB:7ALJ	beta_strand
P07207	502-506	ECO:0007829|PDB:7ALJ	beta_strand
P07207	509-513	ECO:0007829|PDB:7ALJ	beta_strand
P07207	518-520	ECO:0007829|PDB:7ALJ	beta_strand
P07207	540-544	ECO:0007829|PDB:7ALJ	beta_strand
P07207	547-551	ECO:0007829|PDB:7ALJ	beta_strand
P07663	240-245	ECO:0007829|PDB:3RTY	beta_strand
P07663	250-254	ECO:0007829|PDB:3RTY	beta_strand
P07663	310-316	ECO:0007829|PDB:3RTY	beta_strand
P07663	326-328	ECO:0007829|PDB:1WA9	beta_strand
P07663	335-346	ECO:0007829|PDB:3RTY	beta_strand
P07663	352-354	ECO:0007829|PDB:3RTY	beta_strand
P07663	364-372	ECO:0007829|PDB:3RTY	beta_strand
P07663	390-396	ECO:0007829|PDB:3RTY	beta_strand
P07663	400-404	ECO:0007829|PDB:3RTY	beta_strand
P07663	459-462	ECO:0007829|PDB:3RTY	beta_strand
P07663	468-479	ECO:0007829|PDB:3RTY	beta_strand
P07663	485-497	ECO:0007829|PDB:3RTY	beta_strand
P07663	500-502	ECO:0007829|PDB:3RTY	beta_strand
P07663	504-507	ECO:0007829|PDB:3RTY	beta_strand
P07664	2-4	ECO:0007829|PDB:7POH	beta_strand
P07764	104-108	ECO:0007829|PDB:1FBA	beta_strand
P07764	113-115	ECO:0007829|PDB:1FBA	beta_strand
P07764	119-121	ECO:0007829|PDB:1FBA	beta_strand
P07764	123-125	ECO:0007829|PDB:1FBA	beta_strand
P07764	143-152	ECO:0007829|PDB:1FBA	beta_strand
P07764	155-157	ECO:0007829|PDB:1FBA	beta_strand
P07764	184-191	ECO:0007829|PDB:1FBA	beta_strand
P07764	266-269	ECO:0007829|PDB:1FBA	beta_strand
P07764	29-33	ECO:0007829|PDB:1FBA	beta_strand
P07764	295-302	ECO:0007829|PDB:1FBA	beta_strand
P07764	74-79	ECO:0007829|PDB:1FBA	beta_strand
P08120	1556-1561	ECO:0007829|PDB:8TXN	beta_strand
P08120	1563-1566	ECO:0007829|PDB:8TXN	beta_strand
P08120	1574-1588	ECO:0007829|PDB:8TXN	beta_strand
P08120	1591-1594	ECO:0007829|PDB:8TXN	beta_strand
P08120	1603-1606	ECO:0007829|PDB:8TXN	beta_strand
P08120	1612-1615	ECO:0007829|PDB:8TXN	beta_strand
P08120	1620-1624	ECO:0007829|PDB:8TXN	beta_strand
P08120	1629-1633	ECO:0007829|PDB:8TXN	beta_strand
P08120	1655-1663	ECO:0007829|PDB:8TXN	beta_strand
P08120	1665-1669	ECO:0007829|PDB:8TXN	beta_strand
P08120	1671-1674	ECO:0007829|PDB:8TXN	beta_strand
P08120	1683-1695	ECO:0007829|PDB:8TXN	beta_strand
P08120	1701-1703	ECO:0007829|PDB:8TXN	beta_strand
P08120	1706-1708	ECO:0007829|PDB:8TYS	beta_strand
P08120	1712-1715	ECO:0007829|PDB:8TXN	beta_strand
P08120	1721-1725	ECO:0007829|PDB:8TXN	beta_strand
P08120	1730-1732	ECO:0007829|PDB:8TXN	beta_strand
P08120	1738-1743	ECO:0007829|PDB:8TXN	beta_strand
P08120	1757-1760	ECO:0007829|PDB:8TXN	beta_strand
P08120	1770-1775	ECO:0007829|PDB:8TXN	beta_strand
P08144	108-113	ECO:0007829|PDB:8OR6	beta_strand
P08144	116-118	ECO:0007829|PDB:8OR6	beta_strand
P08144	167-169	ECO:0007829|PDB:8OR6	beta_strand
P08144	172-175	ECO:0007829|PDB:8OR6	beta_strand
P08144	200-203	ECO:0007829|PDB:8OR6	beta_strand
P08144	237-240	ECO:0007829|PDB:8OR6	beta_strand
P08144	259-262	ECO:0007829|PDB:8OR6	beta_strand
P08144	298-302	ECO:0007829|PDB:8OR6	beta_strand
P08144	31-34	ECO:0007829|PDB:8OR6	beta_strand
P08144	310-314	ECO:0007829|PDB:8OR6	beta_strand
P08144	339-346	ECO:0007829|PDB:8OR6	beta_strand
P08144	359-365	ECO:0007829|PDB:8OR6	beta_strand
P08144	376-380	ECO:0007829|PDB:8OR6	beta_strand
P08144	404-409	ECO:0007829|PDB:8OR6	beta_strand
P08144	411-419	ECO:0007829|PDB:8OR6	beta_strand
P08144	423-428	ECO:0007829|PDB:8OR6	beta_strand
P08144	430-432	ECO:0007829|PDB:8OR6	beta_strand
P08144	434-439	ECO:0007829|PDB:8OR6	beta_strand
P08144	444-448	ECO:0007829|PDB:8OR6	beta_strand
P08144	459-462	ECO:0007829|PDB:8OR6	beta_strand
P08144	464-467	ECO:0007829|PDB:8OR6	beta_strand
P08144	471-477	ECO:0007829|PDB:8OR6	beta_strand
P08144	485-489	ECO:0007829|PDB:8OR6	beta_strand
P08144	57-60	ECO:0007829|PDB:8OR6	beta_strand
P08144	79-81	ECO:0007829|PDB:8OR6	beta_strand
P08144	83-87	ECO:0007829|PDB:8OR6	beta_strand
P08171	107-113	ECO:0007829|PDB:5THM	beta_strand
P08171	121-127	ECO:0007829|PDB:5THM	beta_strand
P08171	152-156	ECO:0007829|PDB:5THM	beta_strand
P08171	198-208	ECO:0007829|PDB:5THM	beta_strand
P08171	231-235	ECO:0007829|PDB:5THM	beta_strand
P08171	29-32	ECO:0007829|PDB:5THM	beta_strand
P08171	291-294	ECO:0007829|PDB:5THM	beta_strand
P08171	332-337	ECO:0007829|PDB:5THM	beta_strand
P08171	35-38	ECO:0007829|PDB:5THM	beta_strand
P08171	43-52	ECO:0007829|PDB:5THM	beta_strand
P08171	437-443	ECO:0007829|PDB:5THM	beta_strand
P08171	458-460	ECO:0007829|PDB:5THM	beta_strand
P08171	477-479	ECO:0007829|PDB:5THM	beta_strand
P08171	526-531	ECO:0007829|PDB:5THM	beta_strand
P08171	534-539	ECO:0007829|PDB:5THM	beta_strand
P08171	86-89	ECO:0007829|PDB:5THM	beta_strand
P08171	99-103	ECO:0007829|PDB:5THM	beta_strand
P08510	421-423	ECO:0007829|PDB:7SJ1	beta_strand
P08510	427-429	ECO:0007829|PDB:7SJ1	beta_strand
P08879	118-120	ECO:0007829|PDB:3WX8	beta_strand
P08879	35-39	ECO:0007829|PDB:3WX8	beta_strand
P08879	7-12	ECO:0007829|PDB:3WX8	beta_strand
P08879	74-81	ECO:0007829|PDB:3WX8	beta_strand
P08953	111-113	ECO:0007829|PDB:4ARN	beta_strand
P08953	124-126	ECO:0007829|PDB:4ARR	beta_strand
P08953	128-133	ECO:0007829|PDB:4LXR	beta_strand
P08953	153-158	ECO:0007829|PDB:4LXR	beta_strand
P08953	177-183	ECO:0007829|PDB:4LXR	beta_strand
P08953	201-203	ECO:0007829|PDB:4LXR	beta_strand
P08953	225-227	ECO:0007829|PDB:4LXR	beta_strand
P08953	249-251	ECO:0007829|PDB:4LXR	beta_strand
P08953	273-275	ECO:0007829|PDB:4LXR	beta_strand
P08953	297-300	ECO:0007829|PDB:4LXR	beta_strand
P08953	323-326	ECO:0007829|PDB:4LXR	beta_strand
P08953	346-348	ECO:0007829|PDB:4LXR	beta_strand
P08953	370-372	ECO:0007829|PDB:4LXR	beta_strand
P08953	394-396	ECO:0007829|PDB:4LXR	beta_strand
P08953	418-420	ECO:0007829|PDB:4LXR	beta_strand
P08953	42-48	ECO:0007829|PDB:4LXR	beta_strand
P08953	442-444	ECO:0007829|PDB:4LXR	beta_strand
P08953	477-479	ECO:0007829|PDB:4LXR	beta_strand
P08953	501-503	ECO:0007829|PDB:4LXR	beta_strand
P08953	51-57	ECO:0007829|PDB:4LXR	beta_strand
P08953	511-513	ECO:0007829|PDB:4LXS	beta_strand
P08953	526-528	ECO:0007829|PDB:4LXR	beta_strand
P08953	536-538	ECO:0007829|PDB:4LXS	beta_strand
P08953	554-557	ECO:0007829|PDB:4LXR	beta_strand
P08953	577-579	ECO:0007829|PDB:4LXR	beta_strand
P08953	588-591	ECO:0007829|PDB:4LXR	beta_strand
P08953	596-600	ECO:0007829|PDB:4LXR	beta_strand
P08953	617-619	ECO:0007829|PDB:4LXR	beta_strand
P08953	636-640	ECO:0007829|PDB:4LXR	beta_strand
P08953	64-70	ECO:0007829|PDB:4LXR	beta_strand
P08953	645-649	ECO:0007829|PDB:4LXR	beta_strand
P08953	670-674	ECO:0007829|PDB:4LXR	beta_strand
P08953	695-698	ECO:0007829|PDB:4LXR	beta_strand
P08953	718-720	ECO:0007829|PDB:4LXR	beta_strand
P08953	72-79	ECO:0007829|PDB:4LXR	beta_strand
P08953	723-725	ECO:0007829|PDB:4LXS	beta_strand
P08953	745-747	ECO:0007829|PDB:4LXR	beta_strand
P08953	97-106	ECO:0007829|PDB:4LXR	beta_strand
P09052	189-192	ECO:0007829|PDB:3F2O	beta_strand
P09052	233-239	ECO:0007829|PDB:2DB3	beta_strand
P09052	285-288	ECO:0007829|PDB:2DB3	beta_strand
P09052	320-324	ECO:0007829|PDB:2DB3	beta_strand
P09052	370-374	ECO:0007829|PDB:2DB3	beta_strand
P09052	395-399	ECO:0007829|PDB:2DB3	beta_strand
P09052	427-433	ECO:0007829|PDB:2DB3	beta_strand
P09052	451-457	ECO:0007829|PDB:2DB3	beta_strand
P09052	466-471	ECO:0007829|PDB:5NT7	beta_strand
P09052	492-497	ECO:0007829|PDB:5NT7	beta_strand
P09052	516-519	ECO:0007829|PDB:5NT7	beta_strand
P09052	541-546	ECO:0007829|PDB:5NT7	beta_strand
P09052	559-565	ECO:0007829|PDB:5NT7	beta_strand
P09052	588-593	ECO:0007829|PDB:5NT7	beta_strand
P10040	2116-2119	ECO:0007829|PDB:4YL8	beta_strand
P10041	112-117	ECO:0007829|PDB:7ALK	beta_strand
P10041	124-135	ECO:0007829|PDB:7ALK	beta_strand
P10041	146-157	ECO:0007829|PDB:7ALK	beta_strand
P10041	165-170	ECO:0007829|PDB:7ALK	beta_strand
P10041	175-183	ECO:0007829|PDB:7ALK	beta_strand
P10041	200-202	ECO:0007829|PDB:7ALK	beta_strand
P10041	205-209	ECO:0007829|PDB:7ALK	beta_strand
P10041	211-213	ECO:0007829|PDB:7ALK	beta_strand
P10041	215-217	ECO:0007829|PDB:7ALK	beta_strand
P10041	221-225	ECO:0007829|PDB:7ALK	beta_strand
P10041	241-244	ECO:0007829|PDB:7ALK	beta_strand
P10041	25-34	ECO:0007829|PDB:7ALK	beta_strand
P10041	43-47	ECO:0007829|PDB:7ALK	beta_strand
P10041	52-54	ECO:0007829|PDB:7ALK	beta_strand
P10041	57-59	ECO:0007829|PDB:7ALK	beta_strand
P10041	62-70	ECO:0007829|PDB:7ALK	beta_strand
P10041	78-80	ECO:0007829|PDB:7ALK	beta_strand
P10041	83-88	ECO:0007829|PDB:7ALK	beta_strand
P10041	93-98	ECO:0007829|PDB:7ALK	beta_strand
P10674	355-362	ECO:0007829|PDB:1O70	beta_strand
P10674	390-393	ECO:0007829|PDB:1O70	beta_strand
P10674	405-407	ECO:0007829|PDB:1O70	beta_strand
P10674	411-415	ECO:0007829|PDB:1O70	beta_strand
P10674	419-426	ECO:0007829|PDB:1O70	beta_strand
P10674	432-437	ECO:0007829|PDB:1O70	beta_strand
P10674	440-450	ECO:0007829|PDB:1O70	beta_strand
P10674	452-461	ECO:0007829|PDB:1O70	beta_strand
P10674	499-508	ECO:0007829|PDB:1O70	beta_strand
P10674	544-549	ECO:0007829|PDB:1O70	beta_strand
P10674	563-569	ECO:0007829|PDB:1O70	beta_strand
P10674	571-582	ECO:0007829|PDB:1O70	beta_strand
P10674	585-590	ECO:0007829|PDB:1O70	beta_strand
P10674	593-604	ECO:0007829|PDB:1O70	beta_strand
P10674	607-614	ECO:0007829|PDB:1O70	beta_strand
P10987	104-108	ECO:0007829|PDB:2HF3	beta_strand
P10987	131-137	ECO:0007829|PDB:2HF3	beta_strand
P10987	149-156	ECO:0007829|PDB:2HF3	beta_strand
P10987	15-22	ECO:0007829|PDB:2HF3	beta_strand
P10987	161-167	ECO:0007829|PDB:2HF3	beta_strand
P10987	177-180	ECO:0007829|PDB:2HF3	beta_strand
P10987	239-242	ECO:0007829|PDB:2HF3	beta_strand
P10987	248-251	ECO:0007829|PDB:2HF3	beta_strand
P10987	25-27	ECO:0007829|PDB:3MN6	beta_strand
P10987	29-34	ECO:0007829|PDB:2HF3	beta_strand
P10987	298-302	ECO:0007829|PDB:2HF3	beta_strand
P10987	357-359	ECO:0007829|PDB:2HF3	beta_strand
P10987	36-39	ECO:0007829|PDB:2HF3	beta_strand
P10987	41-43	ECO:0007829|PDB:4RWT	beta_strand
P10987	46-48	ECO:0007829|PDB:3EKS	beta_strand
P10987	54-56	ECO:0007829|PDB:3MMV	beta_strand
P10987	66-69	ECO:0007829|PDB:2HF3	beta_strand
P10987	76-78	ECO:0007829|PDB:4M63	beta_strand
P10987	9-12	ECO:0007829|PDB:2HF3	beta_strand
P13217	1093-1095	ECO:0007829|PDB:6IRE	beta_strand
P13368	1011-1016	ECO:0007829|PDB:9BFP	beta_strand
P13368	1021-1025	ECO:0007829|PDB:9BFP	beta_strand
P13368	1032-1035	ECO:0007829|PDB:9BFP	beta_strand
P13368	1041-1045	ECO:0007829|PDB:9BFP	beta_strand
P13368	1052-1055	ECO:0007829|PDB:9BFP	beta_strand
P13368	1057-1063	ECO:0007829|PDB:9BFP	beta_strand
P13368	1072-1075	ECO:0007829|PDB:9BFP	beta_strand
P13368	1081-1089	ECO:0007829|PDB:9BFP	beta_strand
P13368	1094-1111	ECO:0007829|PDB:9BFP	beta_strand
P13368	1120-1128	ECO:0007829|PDB:9BFP	beta_strand
P13368	1137-1139	ECO:0007829|PDB:9BFP	beta_strand
P13368	1144-1149	ECO:0007829|PDB:9BFP	beta_strand
P13368	1152-1161	ECO:0007829|PDB:9BFP	beta_strand
P13368	1166-1170	ECO:0007829|PDB:9BFP	beta_strand
P13368	1177-1183	ECO:0007829|PDB:9BFP	beta_strand
P13368	1194-1197	ECO:0007829|PDB:9BFS	beta_strand
P13368	1203-1205	ECO:0007829|PDB:9BFS	beta_strand
P13368	1207-1210	ECO:0007829|PDB:9BFP	beta_strand
P13368	1213-1219	ECO:0007829|PDB:9BFP	beta_strand
P13368	1232-1238	ECO:0007829|PDB:9BFP	beta_strand
P13368	1243-1255	ECO:0007829|PDB:9BFP	beta_strand
P13368	1260-1262	ECO:0007829|PDB:9BFQ	beta_strand
P13368	1264-1272	ECO:0007829|PDB:9BFP	beta_strand
P13368	1281-1286	ECO:0007829|PDB:9BFP	beta_strand
P13368	1299-1305	ECO:0007829|PDB:9BFS	beta_strand
P13368	1313-1320	ECO:0007829|PDB:9BFS	beta_strand
P13368	1327-1329	ECO:0007829|PDB:9BFS	beta_strand
P13368	1334-1342	ECO:0007829|PDB:9BFS	beta_strand
P13368	1345-1364	ECO:0007829|PDB:9BFS	beta_strand
P13368	1369-1378	ECO:0007829|PDB:9BFS	beta_strand
P13368	1384-1393	ECO:0007829|PDB:9BFS	beta_strand
P13368	1403-1407	ECO:0007829|PDB:9BFS	beta_strand
P13368	1409-1416	ECO:0007829|PDB:9BFS	beta_strand
P13368	1425-1427	ECO:0007829|PDB:9BFS	beta_strand
P13368	1432-1438	ECO:0007829|PDB:9BFS	beta_strand
P13368	1443-1450	ECO:0007829|PDB:9BFS	beta_strand
P13368	1452-1456	ECO:0007829|PDB:9BFS	beta_strand
P13368	1463-1467	ECO:0007829|PDB:9BFS	beta_strand
P13368	1472-1478	ECO:0007829|PDB:9BFS	beta_strand
P13368	1483-1489	ECO:0007829|PDB:9BFS	beta_strand
P13368	1492-1494	ECO:0007829|PDB:9BFS	beta_strand
P13368	1497-1503	ECO:0007829|PDB:9BFS	beta_strand
P13368	1508-1510	ECO:0007829|PDB:9BFS	beta_strand
P13368	1515-1518	ECO:0007829|PDB:9BFS	beta_strand
P13368	1524-1532	ECO:0007829|PDB:9BFS	beta_strand
P13368	1537-1544	ECO:0007829|PDB:9BFS	beta_strand
P13368	1547-1560	ECO:0007829|PDB:9BFS	beta_strand
P13368	1563-1566	ECO:0007829|PDB:9BFS	beta_strand
P13368	1572-1577	ECO:0007829|PDB:9BFS	beta_strand
P13368	1586-1591	ECO:0007829|PDB:9BFS	beta_strand
P13368	1596-1600	ECO:0007829|PDB:9BFS	beta_strand
P13368	1605-1607	ECO:0007829|PDB:9BFS	beta_strand
P13368	1627-1629	ECO:0007829|PDB:9BFS	beta_strand
P13368	1631-1637	ECO:0007829|PDB:9BFS	beta_strand
P13368	1639-1646	ECO:0007829|PDB:9BFS	beta_strand
P13368	1651-1657	ECO:0007829|PDB:9BFS	beta_strand
P13368	1664-1668	ECO:0007829|PDB:9BFS	beta_strand
P13368	1709-1712	ECO:0007829|PDB:9BFS	beta_strand
P13368	1721-1728	ECO:0007829|PDB:9BFS	beta_strand
P13368	1745-1755	ECO:0007829|PDB:9BFS	beta_strand
P13368	1765-1773	ECO:0007829|PDB:9BFS	beta_strand
P13368	1791-1793	ECO:0007829|PDB:9BFS	beta_strand
P13368	246-248	ECO:0007829|PDB:9BFQ	beta_strand
P13368	258-261	ECO:0007829|PDB:9BFP	beta_strand
P13368	277-279	ECO:0007829|PDB:9BFP	beta_strand
P13368	315-317	ECO:0007829|PDB:9BFP	beta_strand
P13368	329-332	ECO:0007829|PDB:9BFP	beta_strand
P13368	348-353	ECO:0007829|PDB:9BFP	beta_strand
P13368	379-381	ECO:0007829|PDB:9BFQ	beta_strand
P13368	385-387	ECO:0007829|PDB:9BFP	beta_strand
P13368	392-395	ECO:0007829|PDB:9BFP	beta_strand
P13368	404-411	ECO:0007829|PDB:9BFP	beta_strand
P13368	414-416	ECO:0007829|PDB:9BFP	beta_strand
P13368	420-422	ECO:0007829|PDB:9BFS	beta_strand
P13368	442-450	ECO:0007829|PDB:9BFP	beta_strand
P13368	453-459	ECO:0007829|PDB:9BFP	beta_strand
P13368	470-479	ECO:0007829|PDB:9BFP	beta_strand
P13368	484-488	ECO:0007829|PDB:9BFP	beta_strand
P13368	494-497	ECO:0007829|PDB:9BFP	beta_strand
P13368	505-513	ECO:0007829|PDB:9BFP	beta_strand
P13368	522-527	ECO:0007829|PDB:9BFP	beta_strand
P13368	537-539	ECO:0007829|PDB:9BFP	beta_strand
P13368	543-547	ECO:0007829|PDB:9BFP	beta_strand
P13368	549-556	ECO:0007829|PDB:9BFP	beta_strand
P13368	558-560	ECO:0007829|PDB:9BFP	beta_strand
P13368	563-568	ECO:0007829|PDB:9BFP	beta_strand
P13368	573-576	ECO:0007829|PDB:9BFP	beta_strand
P13368	580-582	ECO:0007829|PDB:9BFP	beta_strand
P13368	587-591	ECO:0007829|PDB:9BFP	beta_strand
P13368	594-600	ECO:0007829|PDB:9BFP	beta_strand
P13368	603-610	ECO:0007829|PDB:9BFP	beta_strand
P13368	624-631	ECO:0007829|PDB:9BFP	beta_strand
P13368	636-642	ECO:0007829|PDB:9BFP	beta_strand
P13368	654-657	ECO:0007829|PDB:9BFP	beta_strand
P13368	658-660	ECO:0007829|PDB:9BFQ	beta_strand
P13368	670-672	ECO:0007829|PDB:9BFP	beta_strand
P13368	675-680	ECO:0007829|PDB:9BFP	beta_strand
P13368	685-689	ECO:0007829|PDB:9BFP	beta_strand
P13368	691-698	ECO:0007829|PDB:9BFP	beta_strand
P13368	699-701	ECO:0007829|PDB:9BFS	beta_strand
P13368	705-709	ECO:0007829|PDB:9BFP	beta_strand
P13368	716-719	ECO:0007829|PDB:9BFP	beta_strand
P13368	724-729	ECO:0007829|PDB:9BFP	beta_strand
P13368	734-742	ECO:0007829|PDB:9BFP	beta_strand
P13368	745-748	ECO:0007829|PDB:9BFQ	beta_strand
P13368	770-772	ECO:0007829|PDB:9BFP	beta_strand
P13368	775-779	ECO:0007829|PDB:9BFP	beta_strand
P13368	781-787	ECO:0007829|PDB:9BFP	beta_strand
P13368	789-791	ECO:0007829|PDB:9BFP	beta_strand
P13368	793-795	ECO:0007829|PDB:9BFP	beta_strand
P13368	797-801	ECO:0007829|PDB:9BFP	beta_strand
P13368	810-813	ECO:0007829|PDB:9BFP	beta_strand
P13368	832-835	ECO:0007829|PDB:9BFP	beta_strand
P13368	840-843	ECO:0007829|PDB:9BFP	beta_strand
P13368	851-853	ECO:0007829|PDB:9BFS	beta_strand
P13368	862-869	ECO:0007829|PDB:9BFP	beta_strand
P13368	875-881	ECO:0007829|PDB:9BFP	beta_strand
P13368	883-888	ECO:0007829|PDB:9BFP	beta_strand
P13368	896-904	ECO:0007829|PDB:9BFP	beta_strand
P13368	906-908	ECO:0007829|PDB:9BFS	beta_strand
P13368	917-920	ECO:0007829|PDB:9BFP	beta_strand
P13368	929-941	ECO:0007829|PDB:9BFP	beta_strand
P13368	943-945	ECO:0007829|PDB:9BFP	beta_strand
P13368	949-954	ECO:0007829|PDB:9BFP	beta_strand
P13368	957-959	ECO:0007829|PDB:9BFP	beta_strand
P13368	963-974	ECO:0007829|PDB:9BFP	beta_strand
P13368	979-985	ECO:0007829|PDB:9BFP	beta_strand
P13368	987-990	ECO:0007829|PDB:9BFQ	beta_strand
P13368	997-1006	ECO:0007829|PDB:9BFP	beta_strand
P15007	110-112	ECO:0007829|PDB:5WRO	beta_strand
P15007	217-221	ECO:0007829|PDB:5WRO	beta_strand
P15007	226-229	ECO:0007829|PDB:5WRO	beta_strand
P15007	234-238	ECO:0007829|PDB:5WRO	beta_strand
P15007	308-312	ECO:0007829|PDB:5WRO	beta_strand
P15007	357-361	ECO:0007829|PDB:5WRO	beta_strand
P15007	381-386	ECO:0007829|PDB:5WRO	beta_strand
P15007	406-410	ECO:0007829|PDB:5WRO	beta_strand
P15007	434-438	ECO:0007829|PDB:5WRO	beta_strand
P15007	459-462	ECO:0007829|PDB:5WRO	beta_strand
P15007	72-79	ECO:0007829|PDB:5WRO	beta_strand
P15007	85-93	ECO:0007829|PDB:5WRO	beta_strand
P15007	96-101	ECO:0007829|PDB:5WRO	beta_strand
P16554	112-114	ECO:0007829|PDB:1DDM	beta_strand
P16554	117-124	ECO:0007829|PDB:5YI7	beta_strand
P16554	127-132	ECO:0007829|PDB:5YI7	beta_strand
P16554	138-142	ECO:0007829|PDB:5YI7	beta_strand
P16554	147-152	ECO:0007829|PDB:5YI7	beta_strand
P16554	154-157	ECO:0007829|PDB:1DDM	beta_strand
P16554	159-166	ECO:0007829|PDB:5YI7	beta_strand
P16554	171-182	ECO:0007829|PDB:5YI7	beta_strand
P16554	82-96	ECO:0007829|PDB:5YI7	beta_strand
P16621	107-114	ECO:0007829|PDB:2YD1	beta_strand
P16621	116-118	ECO:0007829|PDB:2YD1	beta_strand
P16621	120-130	ECO:0007829|PDB:2YD1	beta_strand
P16621	141-144	ECO:0007829|PDB:2YD1	beta_strand
P16621	149-152	ECO:0007829|PDB:2YD1	beta_strand
P16621	157-159	ECO:0007829|PDB:2YD1	beta_strand
P16621	162-164	ECO:0007829|PDB:2YD1	beta_strand
P16621	170-175	ECO:0007829|PDB:2YD1	beta_strand
P16621	187-190	ECO:0007829|PDB:2YD1	beta_strand
P16621	193-196	ECO:0007829|PDB:2YD1	beta_strand
P16621	205-213	ECO:0007829|PDB:2YD1	beta_strand
P16621	216-219	ECO:0007829|PDB:2YD1	beta_strand
P16621	223-228	ECO:0007829|PDB:2YD1	beta_strand
P16621	37-40	ECO:0007829|PDB:2YD1	beta_strand
P16621	45-48	ECO:0007829|PDB:2YD1	beta_strand
P16621	53-60	ECO:0007829|PDB:2YD1	beta_strand
P16621	66-71	ECO:0007829|PDB:2YD1	beta_strand
P16621	713-721	ECO:0007829|PDB:6X38	beta_strand
P16621	724-730	ECO:0007829|PDB:6X38	beta_strand
P16621	743-751	ECO:0007829|PDB:6X38	beta_strand
P16621	763-769	ECO:0007829|PDB:6X38	beta_strand
P16621	771-775	ECO:0007829|PDB:6X38	beta_strand
P16621	783-792	ECO:0007829|PDB:6X38	beta_strand
P16621	803-806	ECO:0007829|PDB:6X38	beta_strand
P16621	83-88	ECO:0007829|PDB:2YD1	beta_strand
P16621	92-99	ECO:0007829|PDB:2YD1	beta_strand
P17210	10-12	ECO:0007829|PDB:2Y65	beta_strand
P17210	133-145	ECO:0007829|PDB:2Y65	beta_strand
P17210	14-19	ECO:0007829|PDB:2Y65	beta_strand
P17210	148-151	ECO:0007829|PDB:2Y65	beta_strand
P17210	162-164	ECO:0007829|PDB:2Y65	beta_strand
P17210	166-168	ECO:0007829|PDB:2Y65	beta_strand
P17210	170-172	ECO:0007829|PDB:2Y65	beta_strand
P17210	178-180	ECO:0007829|PDB:2Y65	beta_strand
P17210	211-223	ECO:0007829|PDB:2Y65	beta_strand
P17210	229-238	ECO:0007829|PDB:2Y65	beta_strand
P17210	300-310	ECO:0007829|PDB:2Y65	beta_strand
P17210	334-336	ECO:0007829|PDB:2Y65	beta_strand
P17210	340-342	ECO:0007829|PDB:2Y65	beta_strand
P17210	39-41	ECO:0007829|PDB:2Y65	beta_strand
P17210	45-48	ECO:0007829|PDB:2Y65	beta_strand
P17210	51-54	ECO:0007829|PDB:2Y65	beta_strand
P17210	56-59	ECO:0007829|PDB:2Y65	beta_strand
P17210	86-91	ECO:0007829|PDB:2Y65	beta_strand
P17789	501-504	ECO:0007829|PDB:2DRP	beta_strand
P17789	507-509	ECO:0007829|PDB:2DRP	beta_strand
P17789	516-519	ECO:0007829|PDB:2DRP	beta_strand
P17789	531-534	ECO:0007829|PDB:2DRP	beta_strand
P17789	546-548	ECO:0007829|PDB:2DRP	beta_strand
P17917	111-117	ECO:0007829|PDB:4HK1	beta_strand
P17917	137-140	ECO:0007829|PDB:4HK1	beta_strand
P17917	156-162	ECO:0007829|PDB:4HK1	beta_strand
P17917	167-173	ECO:0007829|PDB:4HK1	beta_strand
P17917	176-182	ECO:0007829|PDB:4HK1	beta_strand
P17917	2-7	ECO:0007829|PDB:4HK1	beta_strand
P17917	203-208	ECO:0007829|PDB:4HK1	beta_strand
P17917	223-228	ECO:0007829|PDB:4HK1	beta_strand
P17917	235-241	ECO:0007829|PDB:4HK1	beta_strand
P17917	24-31	ECO:0007829|PDB:4HK1	beta_strand
P17917	245-251	ECO:0007829|PDB:4HK1	beta_strand
P17917	34-40	ECO:0007829|PDB:4HK1	beta_strand
P17917	44-53	ECO:0007829|PDB:4HK1	beta_strand
P17917	57-64	ECO:0007829|PDB:4HK1	beta_strand
P17917	66-71	ECO:0007829|PDB:4HK1	beta_strand
P17917	87-92	ECO:0007829|PDB:4HK1	beta_strand
P17917	98-104	ECO:0007829|PDB:4HK1	beta_strand
P18105	127-130	ECO:0007829|PDB:3DC4	beta_strand
P18105	136-147	ECO:0007829|PDB:3DC4	beta_strand
P18105	149-151	ECO:0007829|PDB:3DC4	beta_strand
P18105	172-176	ECO:0007829|PDB:3DCB	beta_strand
P18105	205-214	ECO:0007829|PDB:3DC4	beta_strand
P18105	219-226	ECO:0007829|PDB:3DC4	beta_strand
P18105	29-31	ECO:0007829|PDB:3DC4	beta_strand
P18105	290-297	ECO:0007829|PDB:3DC4	beta_strand
P18105	34-36	ECO:0007829|PDB:3DC4	beta_strand
P18105	38-43	ECO:0007829|PDB:3DC4	beta_strand
P18105	46-49	ECO:0007829|PDB:3DC4	beta_strand
P18105	51-54	ECO:0007829|PDB:3DC4	beta_strand
P18105	7-15	ECO:0007829|PDB:3DC4	beta_strand
P18105	81-88	ECO:0007829|PDB:3DC4	beta_strand
P18168	103-108	ECO:0007829|PDB:7ALT	beta_strand
P18168	125-133	ECO:0007829|PDB:7ALT	beta_strand
P18168	150-153	ECO:0007829|PDB:7ALT	beta_strand
P18168	158-163	ECO:0007829|PDB:7ALT	beta_strand
P18168	172-176	ECO:0007829|PDB:7ALT	beta_strand
P18168	182-192	ECO:0007829|PDB:7ALT	beta_strand
P18168	196-198	ECO:0007829|PDB:7ALT	beta_strand
P18168	204-213	ECO:0007829|PDB:7ALT	beta_strand
P18168	221-226	ECO:0007829|PDB:7ALT	beta_strand
P18168	231-240	ECO:0007829|PDB:7ALT	beta_strand
P18168	256-258	ECO:0007829|PDB:7ALT	beta_strand
P18168	261-265	ECO:0007829|PDB:7ALT	beta_strand
P18168	271-273	ECO:0007829|PDB:7ALT	beta_strand
P18168	277-279	ECO:0007829|PDB:7ALT	beta_strand
P18168	310-312	ECO:0007829|PDB:7ALT	beta_strand
P18168	326-328	ECO:0007829|PDB:7ALT	beta_strand
P18168	84-94	ECO:0007829|PDB:7ALT	beta_strand
P18486	133-139	ECO:0007829|PDB:6JRL	beta_strand
P18486	141-146	ECO:0007829|PDB:6JRL	beta_strand
P18486	183-188	ECO:0007829|PDB:6JRL	beta_strand
P18486	206-209	ECO:0007829|PDB:6JRL	beta_strand
P18486	235-244	ECO:0007829|PDB:6JRL	beta_strand
P18486	267-271	ECO:0007829|PDB:6JRL	beta_strand
P18486	295-300	ECO:0007829|PDB:6JRL	beta_strand
P18486	312-317	ECO:0007829|PDB:6JRL	beta_strand
P18486	349-354	ECO:0007829|PDB:6JRL	beta_strand
P18486	398-402	ECO:0007829|PDB:6JRL	beta_strand
P18486	408-415	ECO:0007829|PDB:6JRL	beta_strand
P18486	432-434	ECO:0007829|PDB:6JRL	beta_strand
P18486	436-440	ECO:0007829|PDB:6JRL	beta_strand
P18486	443-449	ECO:0007829|PDB:6JRL	beta_strand
P18486	78-80	ECO:0007829|PDB:6JRL	beta_strand
P18929	162-164	ECO:0007829|PDB:8B9Z	beta_strand
P18929	174-176	ECO:0007829|PDB:8B9Z	beta_strand
P18929	211-213	ECO:0007829|PDB:8B9Z	beta_strand
P18929	36-38	ECO:0007829|PDB:8B9Z	beta_strand
P18930	81-84	ECO:0007829|PDB:8B9Z	beta_strand
P18931	17-19	ECO:0007829|PDB:8B9Z	beta_strand
P18931	409-412	ECO:0007829|PDB:8B9Z	beta_strand
P18931	46-49	ECO:0007829|PDB:8B9Z	beta_strand
P18931	52-54	ECO:0007829|PDB:8B9Z	beta_strand
P18932	171-174	ECO:0007829|PDB:8B9Z	beta_strand
P18932	30-39	ECO:0007829|PDB:8B9Z	beta_strand
P18932	406-408	ECO:0007829|PDB:8B9Z	beta_strand
P18932	42-50	ECO:0007829|PDB:8B9Z	beta_strand
P18932	76-80	ECO:0007829|PDB:8B9Z	beta_strand
P18934	53-55	ECO:0007829|PDB:8B9Z	beta_strand
P19334	1262-1264	ECO:0007829|PDB:5F67	beta_strand
P19339	125-130	ECO:0007829|PDB:1B7F	beta_strand
P19339	151-155	ECO:0007829|PDB:1B7F	beta_strand
P19339	167-175	ECO:0007829|PDB:1B7F	beta_strand
P19339	190-193	ECO:0007829|PDB:4QQB	beta_strand
P19339	197-200	ECO:0007829|PDB:1B7F	beta_strand
P19339	212-217	ECO:0007829|PDB:1B7F	beta_strand
P19339	233-235	ECO:0007829|PDB:1B7F	beta_strand
P19339	237-244	ECO:0007829|PDB:1B7F	beta_strand
P19339	251-261	ECO:0007829|PDB:1B7F	beta_strand
P19339	285-288	ECO:0007829|PDB:1B7F	beta_strand
P20153	113-115	ECO:0007829|PDB:2HAN	beta_strand
P20153	118-120	ECO:0007829|PDB:2HAN	beta_strand
P20153	363-369	ECO:0007829|PDB:1HG4	beta_strand
P20153	371-373	ECO:0007829|PDB:1HG4	beta_strand
P20241	619-625	ECO:0007829|PDB:1CFB	beta_strand
P20241	627-635	ECO:0007829|PDB:1CFB	beta_strand
P20241	646-656	ECO:0007829|PDB:1CFB	beta_strand
P20241	661-668	ECO:0007829|PDB:1CFB	beta_strand
P20241	672-677	ECO:0007829|PDB:1CFB	beta_strand
P20241	680-692	ECO:0007829|PDB:1CFB	beta_strand
P20241	706-708	ECO:0007829|PDB:1CFB	beta_strand
P20241	721-723	ECO:0007829|PDB:1CFB	beta_strand
P20241	730-733	ECO:0007829|PDB:1CFB	beta_strand
P20241	744-746	ECO:0007829|PDB:1CFB	beta_strand
P20241	748-757	ECO:0007829|PDB:1CFB	beta_strand
P20241	763-767	ECO:0007829|PDB:1CFB	beta_strand
P20241	774-777	ECO:0007829|PDB:1CFB	beta_strand
P20241	785-794	ECO:0007829|PDB:1CFB	beta_strand
P20241	806-812	ECO:0007829|PDB:1CFB	beta_strand
P20351	83-85	ECO:0007829|PDB:4HKA	beta_strand
P20432	146-152	ECO:0007829|PDB:3EIN	beta_strand
P20432	28-31	ECO:0007829|PDB:3EIN	beta_strand
P20432	3-6	ECO:0007829|PDB:3EIN	beta_strand
P20432	55-58	ECO:0007829|PDB:3EIN	beta_strand
P20432	61-64	ECO:0007829|PDB:3EIN	beta_strand
P20432	79-81	ECO:0007829|PDB:3EIN	beta_strand
P20478	101-108	ECO:0007829|PDB:7CPR	beta_strand
P20478	136-146	ECO:0007829|PDB:7CPR	beta_strand
P20478	150-152	ECO:0007829|PDB:7CPR	beta_strand
P20478	164-166	ECO:0007829|PDB:7CPR	beta_strand
P20478	196-201	ECO:0007829|PDB:7CPR	beta_strand
P20478	207-216	ECO:0007829|PDB:7CPR	beta_strand
P20478	241-243	ECO:0007829|PDB:7CPR	beta_strand
P20478	251-253	ECO:0007829|PDB:7CPR	beta_strand
P20478	257-263	ECO:0007829|PDB:7CPR	beta_strand
P20478	293-295	ECO:0007829|PDB:7CPR	beta_strand
P20478	306-312	ECO:0007829|PDB:7CPR	beta_strand
P20478	315-317	ECO:0007829|PDB:7CPR	beta_strand
P20478	32-39	ECO:0007829|PDB:7CPR	beta_strand
P20478	320-323	ECO:0007829|PDB:7CPR	beta_strand
P20478	327-331	ECO:0007829|PDB:7CPR	beta_strand
P20478	343-345	ECO:0007829|PDB:7CPR	beta_strand
P20478	46-55	ECO:0007829|PDB:7CPR	beta_strand
P20478	66-69	ECO:0007829|PDB:7CPR	beta_strand
P20478	82-92	ECO:0007829|PDB:7CPR	beta_strand
P20480	348-355	ECO:0007829|PDB:3U06	beta_strand
P20480	363-365	ECO:0007829|PDB:3L1C	beta_strand
P20480	369-374	ECO:0007829|PDB:3U06	beta_strand
P20480	377-381	ECO:0007829|PDB:3U06	beta_strand
P20480	395-397	ECO:0007829|PDB:3U06	beta_strand
P20480	399-402	ECO:0007829|PDB:3U06	beta_strand
P20480	428-435	ECO:0007829|PDB:3U06	beta_strand
P20480	448-451	ECO:0007829|PDB:1CZ7	beta_strand
P20480	473-485	ECO:0007829|PDB:3U06	beta_strand
P20480	488-491	ECO:0007829|PDB:3U06	beta_strand
P20480	502-504	ECO:0007829|PDB:3U06	beta_strand
P20480	511-514	ECO:0007829|PDB:3U06	beta_strand
P20480	520-522	ECO:0007829|PDB:2NCD	beta_strand
P20480	543-545	ECO:0007829|PDB:2NCD	beta_strand
P20480	554-565	ECO:0007829|PDB:3U06	beta_strand
P20480	570-580	ECO:0007829|PDB:3U06	beta_strand
P20480	635-638	ECO:0007829|PDB:1N6M	beta_strand
P20480	640-647	ECO:0007829|PDB:3U06	beta_strand
P21187	184-189	ECO:0007829|PDB:7ZHR	beta_strand
P21187	209-213	ECO:0007829|PDB:7ZHR	beta_strand
P21187	226-232	ECO:0007829|PDB:7ZHR	beta_strand
P21187	255-257	ECO:0007829|PDB:7ZHR	beta_strand
P22808	542-545	ECO:0007829|PDB:1VND	beta_strand
P22808	608-611	ECO:0007829|PDB:1QRY	beta_strand
P22812	121-123	ECO:0007829|PDB:1D2Z	beta_strand
P22812	162-164	ECO:0007829|PDB:1D2Z	beta_strand
P22812	62-64	ECO:0007829|PDB:1D2Z	beta_strand
P22812	86-88	ECO:0007829|PDB:1D2Z	beta_strand
P22813	115-117	ECO:0007829|PDB:1HKS	beta_strand
P22813	128-130	ECO:0007829|PDB:1HKT	beta_strand
P22813	58-60	ECO:0007829|PDB:1HKS	beta_strand
P22813	66-69	ECO:0007829|PDB:1HKS	beta_strand
P22813	74-76	ECO:0007829|PDB:1HKT	beta_strand
P22815	136-139	ECO:0007829|PDB:9BFQ	beta_strand
P22815	142-150	ECO:0007829|PDB:9BFQ	beta_strand
P22815	170-172	ECO:0007829|PDB:9BFQ	beta_strand
P22815	174-180	ECO:0007829|PDB:9BFQ	beta_strand
P22815	205-210	ECO:0007829|PDB:9BFQ	beta_strand
P22815	229-231	ECO:0007829|PDB:9BFQ	beta_strand
P22815	258-265	ECO:0007829|PDB:9BFQ	beta_strand
P22815	291-303	ECO:0007829|PDB:9BFQ	beta_strand
P22815	308-313	ECO:0007829|PDB:9BFQ	beta_strand
P22815	330-335	ECO:0007829|PDB:9BFQ	beta_strand
P22815	355-357	ECO:0007829|PDB:9BFQ	beta_strand
P22815	441-447	ECO:0007829|PDB:9BFQ	beta_strand
P22815	463-473	ECO:0007829|PDB:9BFQ	beta_strand
P22815	476-481	ECO:0007829|PDB:9BFQ	beta_strand
P22815	487-490	ECO:0007829|PDB:9BFQ	beta_strand
P22815	522-528	ECO:0007829|PDB:9BFR	beta_strand
P23023	411-413	ECO:0007829|PDB:2JZ1	beta_strand
P23128	270-276	ECO:0007829|PDB:6S8R	beta_strand
P23128	296-301	ECO:0007829|PDB:6S8R	beta_strand
P23128	323-325	ECO:0007829|PDB:6S8R	beta_strand
P23128	345-351	ECO:0007829|PDB:6S8R	beta_strand
P23128	364-371	ECO:0007829|PDB:6S8R	beta_strand
P23128	385-390	ECO:0007829|PDB:6S8R	beta_strand
P23128	393-399	ECO:0007829|PDB:6S8R	beta_strand
P23226	280-282	ECO:0007829|PDB:4J7B	beta_strand
P23226	293-295	ECO:0007829|PDB:4J7B	beta_strand
P23647	378-382	ECO:0007829|PDB:6LPH	beta_strand
P24014	547-550	ECO:0007829|PDB:1W8A	beta_strand
P24014	553-555	ECO:0007829|PDB:1W8A	beta_strand
P24014	573-576	ECO:0007829|PDB:1W8A	beta_strand
P24014	599-601	ECO:0007829|PDB:1W8A	beta_strand
P24014	623-625	ECO:0007829|PDB:1W8A	beta_strand
P24014	636-639	ECO:0007829|PDB:1W8A	beta_strand
P24014	647-649	ECO:0007829|PDB:1W8A	beta_strand
P24014	671-673	ECO:0007829|PDB:1W8A	beta_strand
P24785	1012-1017	ECO:0007829|PDB:5AOR	beta_strand
P24785	1020-1023	ECO:0007829|PDB:5AOR	beta_strand
P24785	1027-1031	ECO:0007829|PDB:5AOR	beta_strand
P24785	1049-1069	ECO:0007829|PDB:5AOR	beta_strand
P24785	1082-1084	ECO:0007829|PDB:5AOR	beta_strand
P24785	1090-1092	ECO:0007829|PDB:5AOR	beta_strand
P24785	1096-1100	ECO:0007829|PDB:5AOR	beta_strand
P24785	1129-1131	ECO:0007829|PDB:8B9I	beta_strand
P24785	188-193	ECO:0007829|PDB:5AOR	beta_strand
P24785	19-24	ECO:0007829|PDB:5ZTM	beta_strand
P24785	199-208	ECO:0007829|PDB:5AOR	beta_strand
P24785	213-223	ECO:0007829|PDB:5AOR	beta_strand
P24785	28-30	ECO:0007829|PDB:6I3R	beta_strand
P24785	296-298	ECO:0007829|PDB:5AOR	beta_strand
P24785	33-38	ECO:0007829|PDB:5ZTM	beta_strand
P24785	345-350	ECO:0007829|PDB:5AOR	beta_strand
P24785	401-407	ECO:0007829|PDB:5AOR	beta_strand
P24785	435-442	ECO:0007829|PDB:5AOR	beta_strand
P24785	46-52	ECO:0007829|PDB:5ZTM	beta_strand
P24785	463-469	ECO:0007829|PDB:5AOR	beta_strand
P24785	472-474	ECO:0007829|PDB:5AOR	beta_strand
P24785	478-486	ECO:0007829|PDB:5AOR	beta_strand
P24785	503-508	ECO:0007829|PDB:5AOR	beta_strand
P24785	534-541	ECO:0007829|PDB:5AOR	beta_strand
P24785	556-559	ECO:0007829|PDB:5AOR	beta_strand
P24785	566-569	ECO:0007829|PDB:5AOR	beta_strand
P24785	617-619	ECO:0007829|PDB:8B9I	beta_strand
P24785	632-634	ECO:0007829|PDB:5AOR	beta_strand
P24785	655-659	ECO:0007829|PDB:5AOR	beta_strand
P24785	685-690	ECO:0007829|PDB:5AOR	beta_strand
P24785	692-694	ECO:0007829|PDB:8B9J	beta_strand
P24785	711-716	ECO:0007829|PDB:5AOR	beta_strand
P24785	721-723	ECO:0007829|PDB:5AOR	beta_strand
P24785	729-734	ECO:0007829|PDB:5AOR	beta_strand
P24785	737-744	ECO:0007829|PDB:5AOR	beta_strand
P24785	749-756	ECO:0007829|PDB:5AOR	beta_strand
P24785	769-773	ECO:0007829|PDB:5AOR	beta_strand
P24785	775-779	ECO:0007829|PDB:5AOR	beta_strand
P24785	824-826	ECO:0007829|PDB:5AOR	beta_strand
P24785	845-847	ECO:0007829|PDB:8B9J	beta_strand
P24785	850-852	ECO:0007829|PDB:8B9J	beta_strand
P24785	862-864	ECO:0007829|PDB:5AOR	beta_strand
P24785	902-904	ECO:0007829|PDB:8B9L	beta_strand
P25158	205-209	ECO:0007829|PDB:5NT7	beta_strand
P25158	215-219	ECO:0007829|PDB:5NT7	beta_strand
P25158	423-428	ECO:0007829|PDB:5A4A	beta_strand
P25158	454-456	ECO:0007829|PDB:5A4A	beta_strand
P25158	478-482	ECO:0007829|PDB:5A4A	beta_strand
P25158	514-518	ECO:0007829|PDB:5A4A	beta_strand
P25159	595-601	ECO:0007829|PDB:1EKZ	beta_strand
P25159	604-606	ECO:0007829|PDB:1EKZ	beta_strand
P25159	610-616	ECO:0007829|PDB:1EKZ	beta_strand
P25159	619-623	ECO:0007829|PDB:1EKZ	beta_strand
P25159	630-632	ECO:0007829|PDB:1EKZ	beta_strand
P25159	967-972	ECO:0007829|PDB:5CFF	beta_strand
P25159	977-986	ECO:0007829|PDB:5CFF	beta_strand
P25159	992-1000	ECO:0007829|PDB:5CFF	beta_strand
P25171	102-104	ECO:0007829|PDB:3MVD	beta_strand
P25171	115-118	ECO:0007829|PDB:3MVD	beta_strand
P25171	128-133	ECO:0007829|PDB:3MVD	beta_strand
P25171	135-142	ECO:0007829|PDB:3MVD	beta_strand
P25171	147-151	ECO:0007829|PDB:3MVD	beta_strand
P25171	156-163	ECO:0007829|PDB:3MVD	beta_strand
P25171	168-175	ECO:0007829|PDB:3MVD	beta_strand
P25171	180-185	ECO:0007829|PDB:3MVD	beta_strand
P25171	187-194	ECO:0007829|PDB:3MVD	beta_strand
P25171	199-203	ECO:0007829|PDB:3MVD	beta_strand
P25171	233-235	ECO:0007829|PDB:3MVD	beta_strand
P25171	243-249	ECO:0007829|PDB:3MVD	beta_strand
P25171	252-257	ECO:0007829|PDB:3MVD	beta_strand
P25171	263-268	ECO:0007829|PDB:3MVD	beta_strand
P25171	282-290	ECO:0007829|PDB:3MVD	beta_strand
P25171	294-300	ECO:0007829|PDB:3MVD	beta_strand
P25171	302-309	ECO:0007829|PDB:3MVD	beta_strand
P25171	314-318	ECO:0007829|PDB:3MVD	beta_strand
P25171	327-329	ECO:0007829|PDB:3MVD	beta_strand
P25171	334-339	ECO:0007829|PDB:3MVD	beta_strand
P25171	347-353	ECO:0007829|PDB:3MVD	beta_strand
P25171	356-361	ECO:0007829|PDB:3MVD	beta_strand
P25171	366-370	ECO:0007829|PDB:3MVD	beta_strand
P25171	377-382	ECO:0007829|PDB:3MVD	beta_strand
P25171	385-390	ECO:0007829|PDB:3MVD	beta_strand
P25171	401-406	ECO:0007829|PDB:3MVD	beta_strand
P25171	408-416	ECO:0007829|PDB:3MVD	beta_strand
P25171	42-49	ECO:0007829|PDB:3MVD	beta_strand
P25171	63-69	ECO:0007829|PDB:3MVD	beta_strand
P25171	74-81	ECO:0007829|PDB:3MVD	beta_strand
P25171	83-90	ECO:0007829|PDB:3MVD	beta_strand
P25171	95-99	ECO:0007829|PDB:3MVD	beta_strand
P25228	128-134	ECO:0007829|PDB:4RKF	beta_strand
P25228	159-162	ECO:0007829|PDB:4RKF	beta_strand
P25228	19-29	ECO:0007829|PDB:4RKF	beta_strand
P25228	55-65	ECO:0007829|PDB:4RKF	beta_strand
P25228	68-77	ECO:0007829|PDB:4RKF	beta_strand
P25228	95-102	ECO:0007829|PDB:4RKF	beta_strand
P25822	1366-1370	ECO:0007829|PDB:5KLA	beta_strand
P25823	1982-1990	ECO:0007829|PDB:4Q5W	beta_strand
P25823	1993-1998	ECO:0007829|PDB:4Q5W	beta_strand
P25823	2029-2033	ECO:0007829|PDB:4Q5W	beta_strand
P25823	2040-2048	ECO:0007829|PDB:4Q5W	beta_strand
P25823	2054-2058	ECO:0007829|PDB:4Q5W	beta_strand
P25823	2064-2068	ECO:0007829|PDB:4Q5W	beta_strand
P25823	2085-2089	ECO:0007829|PDB:4Q5W	beta_strand
P25823	2116-2123	ECO:0007829|PDB:4Q5W	beta_strand
P25823	2126-2128	ECO:0007829|PDB:4Q5W	beta_strand
P25823	2130-2137	ECO:0007829|PDB:4Q5W	beta_strand
P25823	2164-2174	ECO:0007829|PDB:4Q5Y	beta_strand
P25823	2177-2182	ECO:0007829|PDB:4Q5Y	beta_strand
P25823	2217-2220	ECO:0007829|PDB:4Q5Y	beta_strand
P25823	2225-2228	ECO:0007829|PDB:4Q5Y	beta_strand
P25823	2231-2234	ECO:0007829|PDB:4Q5Y	beta_strand
P25823	2241-2244	ECO:0007829|PDB:4Q5Y	beta_strand
P25823	2251-2255	ECO:0007829|PDB:4Q5Y	beta_strand
P25823	2272-2277	ECO:0007829|PDB:4Q5Y	beta_strand
P25823	2304-2309	ECO:0007829|PDB:4Q5Y	beta_strand
P25823	2318-2324	ECO:0007829|PDB:4Q5Y	beta_strand
P25823	2349-2358	ECO:0007829|PDB:3NTK	beta_strand
P25823	2361-2366	ECO:0007829|PDB:3NTK	beta_strand
P25823	2398-2402	ECO:0007829|PDB:3NTK	beta_strand
P25823	2409-2417	ECO:0007829|PDB:3NTK	beta_strand
P25823	2419-2421	ECO:0007829|PDB:4Q5Y	beta_strand
P25823	2423-2426	ECO:0007829|PDB:3NTK	beta_strand
P25823	2433-2437	ECO:0007829|PDB:3NTK	beta_strand
P25823	2452-2458	ECO:0007829|PDB:3NTK	beta_strand
P25823	2481-2490	ECO:0007829|PDB:3NTK	beta_strand
P25823	2492-2494	ECO:0007829|PDB:4Q5Y	beta_strand
P25823	2496-2502	ECO:0007829|PDB:3NTK	beta_strand
P26017	24-37	ECO:0007829|PDB:1PFB	beta_strand
P26017	40-47	ECO:0007829|PDB:1PFB	beta_strand
P26017	56-59	ECO:0007829|PDB:1PFB	beta_strand
P28159	120-131	ECO:0007829|PDB:5E24	beta_strand
P28159	146-151	ECO:0007829|PDB:5E24	beta_strand
P28159	172-178	ECO:0007829|PDB:5E24	beta_strand
P28159	187-189	ECO:0007829|PDB:5E24	beta_strand
P28159	195-198	ECO:0007829|PDB:5E24	beta_strand
P28159	211-213	ECO:0007829|PDB:5E24	beta_strand
P28159	216-221	ECO:0007829|PDB:5E24	beta_strand
P28159	226-231	ECO:0007829|PDB:5E24	beta_strand
P28159	235-238	ECO:0007829|PDB:5E24	beta_strand
P28159	259-266	ECO:0007829|PDB:5E24	beta_strand
P28159	274-280	ECO:0007829|PDB:5E24	beta_strand
P28159	283-289	ECO:0007829|PDB:5E24	beta_strand
P28159	294-299	ECO:0007829|PDB:5E24	beta_strand
P28159	321-326	ECO:0007829|PDB:5E24	beta_strand
P28159	336-342	ECO:0007829|PDB:5E24	beta_strand
P28159	345-347	ECO:0007829|PDB:5E24	beta_strand
P28159	359-364	ECO:0007829|PDB:5E24	beta_strand
P28159	367-375	ECO:0007829|PDB:5E24	beta_strand
P28159	378-383	ECO:0007829|PDB:5E24	beta_strand
P28159	388-395	ECO:0007829|PDB:5E24	beta_strand
P28159	402-416	ECO:0007829|PDB:5E24	beta_strand
P28159	430-437	ECO:0007829|PDB:5E24	beta_strand
P28159	439-442	ECO:0007829|PDB:5E24	beta_strand
P28159	444-450	ECO:0007829|PDB:5E24	beta_strand
P28159	456-460	ECO:0007829|PDB:5E24	beta_strand
P28159	467-471	ECO:0007829|PDB:5E24	beta_strand
P28159	474-477	ECO:0007829|PDB:5E24	beta_strand
P28159	492-494	ECO:0007829|PDB:5E24	beta_strand
P28159	498-504	ECO:0007829|PDB:5E24	beta_strand
P28159	507-520	ECO:0007829|PDB:5E24	beta_strand
P28750	101-103	ECO:0007829|PDB:5L80	beta_strand
P28750	132-137	ECO:0007829|PDB:5L7Z	beta_strand
P28750	165-170	ECO:0007829|PDB:5L7Z	beta_strand
P28750	301-303	ECO:0007829|PDB:5L7Z	beta_strand
P28750	33-43	ECO:0007829|PDB:5L7Z	beta_strand
P28750	51-58	ECO:0007829|PDB:5L7Z	beta_strand
P28750	61-67	ECO:0007829|PDB:5L7Z	beta_strand
P28750	83-88	ECO:0007829|PDB:5L7Z	beta_strand
P28750	91-96	ECO:0007829|PDB:5L7Z	beta_strand
P29503	109-113	ECO:0007829|PDB:2YUE	beta_strand
P29503	117-119	ECO:0007829|PDB:4KG0	beta_strand
P29503	125-128	ECO:0007829|PDB:4KG0	beta_strand
P29503	130-133	ECO:0007829|PDB:4KG0	beta_strand
P29503	136-141	ECO:0007829|PDB:4KG0	beta_strand
P29503	149-156	ECO:0007829|PDB:4KG0	beta_strand
P29503	158-162	ECO:0007829|PDB:2YUE	beta_strand
P29503	165-171	ECO:0007829|PDB:4KG0	beta_strand
P29503	194-198	ECO:0007829|PDB:4KG0	beta_strand
P29503	209-214	ECO:0007829|PDB:4KG0	beta_strand
P29503	220-224	ECO:0007829|PDB:4KG0	beta_strand
P29503	227-233	ECO:0007829|PDB:4KG0	beta_strand
P29503	242-247	ECO:0007829|PDB:4KG0	beta_strand
P29503	250-257	ECO:0007829|PDB:4KG0	beta_strand
P30052	224-226	ECO:0007829|PDB:6Y20	beta_strand
P30052	228-243	ECO:0007829|PDB:8A8Q	beta_strand
P30052	246-255	ECO:0007829|PDB:8A8Q	beta_strand
P30052	267-270	ECO:0007829|PDB:8A8Q	beta_strand
P30052	297-304	ECO:0007829|PDB:8A8Q	beta_strand
P30052	319-330	ECO:0007829|PDB:8A8Q	beta_strand
P30052	334-342	ECO:0007829|PDB:8A8Q	beta_strand
P30052	345-349	ECO:0007829|PDB:8A8Q	beta_strand
P30052	352-354	ECO:0007829|PDB:8A8Q	beta_strand
P30052	357-359	ECO:0007829|PDB:8A8Q	beta_strand
P30052	362-371	ECO:0007829|PDB:8A8Q	beta_strand
P30052	399-407	ECO:0007829|PDB:8A8Q	beta_strand
P30052	413-423	ECO:0007829|PDB:8A8Q	beta_strand
P30052	431-438	ECO:0007829|PDB:8A8Q	beta_strand
P31007	624-627	ECO:0007829|PDB:3TVT	beta_strand
P31007	651-656	ECO:0007829|PDB:3TVT	beta_strand
P31007	659-665	ECO:0007829|PDB:3TVT	beta_strand
P31007	679-681	ECO:0007829|PDB:3TVT	beta_strand
P31007	769-776	ECO:0007829|PDB:3TVT	beta_strand
P31007	783-787	ECO:0007829|PDB:3TVT	beta_strand
P31007	844-850	ECO:0007829|PDB:3TVT	beta_strand
P31007	853-858	ECO:0007829|PDB:3TVT	beta_strand
P31007	87-90	ECO:0007829|PDB:4RP3	beta_strand
P31007	871-874	ECO:0007829|PDB:3TVT	beta_strand
P31007	892-896	ECO:0007829|PDB:3TVT	beta_strand
P31007	935-938	ECO:0007829|PDB:3TVT	beta_strand
P31007	960-965	ECO:0007829|PDB:3TVT	beta_strand
P33244	1013-1015	ECO:0007829|PDB:2XHS	beta_strand
P33244	889-892	ECO:0007829|PDB:2XHS	beta_strand
P33244	894-896	ECO:0007829|PDB:2XHS	beta_strand
P33244	898-900	ECO:0007829|PDB:2XHS	beta_strand
P34021	268-270	ECO:0007829|PDB:1R0N	beta_strand
P34021	273-275	ECO:0007829|PDB:2HAN	beta_strand
P34021	278-280	ECO:0007829|PDB:2HAN	beta_strand
P35992	1312-1314	ECO:0007829|PDB:3S3E	beta_strand
P35992	1326-1332	ECO:0007829|PDB:3S3E	beta_strand
P35992	1340-1344	ECO:0007829|PDB:3S3E	beta_strand
P35992	1366-1369	ECO:0007829|PDB:3S3E	beta_strand
P35992	1373-1375	ECO:0007829|PDB:3S3E	beta_strand
P35992	1387-1390	ECO:0007829|PDB:3S3E	beta_strand
P35992	1392-1394	ECO:0007829|PDB:3S3E	beta_strand
P35992	1397-1406	ECO:0007829|PDB:3S3E	beta_strand
P35992	1408-1419	ECO:0007829|PDB:3S3E	beta_strand
P35992	1422-1431	ECO:0007829|PDB:3S3E	beta_strand
P35992	1436-1438	ECO:0007829|PDB:3S3E	beta_strand
P35992	1464-1467	ECO:0007829|PDB:3S3E	beta_strand
P35992	1469-1472	ECO:0007829|PDB:3S3E	beta_strand
P35992	1492-1494	ECO:0007829|PDB:3S3E	beta_strand
P40421	115-117	ECO:0007829|PDB:8JFY	beta_strand
P40421	141-145	ECO:0007829|PDB:8JFY	beta_strand
P40421	151-156	ECO:0007829|PDB:8JFY	beta_strand
P40421	182-184	ECO:0007829|PDB:8JFY	beta_strand
P40421	189-192	ECO:0007829|PDB:8JFY	beta_strand
P40421	213-215	ECO:0007829|PDB:8JFY	beta_strand
P40421	260-263	ECO:0007829|PDB:8JFY	beta_strand
P40421	267-269	ECO:0007829|PDB:8JFY	beta_strand
P40421	294-296	ECO:0007829|PDB:8JFY	beta_strand
P40421	323-329	ECO:0007829|PDB:8JFY	beta_strand
P40421	334-339	ECO:0007829|PDB:8JFY	beta_strand
P40421	354-358	ECO:0007829|PDB:8JFY	beta_strand
P40421	366-370	ECO:0007829|PDB:8JFY	beta_strand
P40421	375-378	ECO:0007829|PDB:8JFY	beta_strand
P40421	382-386	ECO:0007829|PDB:8JFY	beta_strand
P40421	392-398	ECO:0007829|PDB:8JFY	beta_strand
P40421	403-408	ECO:0007829|PDB:8JFY	beta_strand
P40421	459-462	ECO:0007829|PDB:8JFY	beta_strand
P40421	493-497	ECO:0007829|PDB:8JFY	beta_strand
P40421	580-584	ECO:0007829|PDB:8JFY	beta_strand
P40688	288-294	ECO:0007829|PDB:3BRL	beta_strand
P41043	105-108	ECO:0007829|PDB:1M0U	beta_strand
P41043	188-191	ECO:0007829|PDB:1M0U	beta_strand
P41043	50-58	ECO:0007829|PDB:1M0U	beta_strand
P41043	76-80	ECO:0007829|PDB:1M0U	beta_strand
P41043	99-102	ECO:0007829|PDB:1M0U	beta_strand
P41964	54-60	ECO:0007829|PDB:1MYN	beta_strand
P41964	64-68	ECO:0007829|PDB:1MYN	beta_strand
P42003	261-268	ECO:0007829|PDB:3GMJ	beta_strand
P42003	271-279	ECO:0007829|PDB:3GMJ	beta_strand
P42003	281-289	ECO:0007829|PDB:3GMJ	beta_strand
P42003	297-300	ECO:0007829|PDB:3GMJ	beta_strand
P42003	324-329	ECO:0007829|PDB:3GMJ	beta_strand
P42003	332-337	ECO:0007829|PDB:3GMJ	beta_strand
P42003	339-341	ECO:0007829|PDB:3GMJ	beta_strand
P42003	343-346	ECO:0007829|PDB:3GMJ	beta_strand
P42003	362-364	ECO:0007829|PDB:3GMJ	beta_strand
P42003	369-373	ECO:0007829|PDB:3GMJ	beta_strand
P42003	401-408	ECO:0007829|PDB:3GMJ	beta_strand
P42003	411-415	ECO:0007829|PDB:3DIT	beta_strand
P42003	422-430	ECO:0007829|PDB:3GMJ	beta_strand
P42207	106-108	ECO:0007829|PDB:8DKT	beta_strand
P42207	146-151	ECO:0007829|PDB:8DKT	beta_strand
P42207	155-157	ECO:0007829|PDB:8DKT	beta_strand
P42207	175-180	ECO:0007829|PDB:8DKT	beta_strand
P42207	234-236	ECO:0007829|PDB:8DKT	beta_strand
P42207	252-256	ECO:0007829|PDB:8DKT	beta_strand
P42207	259-264	ECO:0007829|PDB:8DKT	beta_strand
P42207	36-41	ECO:0007829|PDB:8DKT	beta_strand
P42207	80-88	ECO:0007829|PDB:8DKT	beta_strand
P42207	91-99	ECO:0007829|PDB:8DKT	beta_strand
P42287	244-246	ECO:0007829|PDB:6PJU	beta_strand
P42787	136-141	ECO:0007829|PDB:3MN8	beta_strand
P42787	212-217	ECO:0007829|PDB:3MN8	beta_strand
P42787	222-226	ECO:0007829|PDB:3MN8	beta_strand
P42787	235-237	ECO:0007829|PDB:3MN8	beta_strand
P42787	276-278	ECO:0007829|PDB:3MN8	beta_strand
P42787	300-305	ECO:0007829|PDB:3MN8	beta_strand
P42787	308-311	ECO:0007829|PDB:3MN8	beta_strand
P42787	337-344	ECO:0007829|PDB:3MN8	beta_strand
P42787	346-348	ECO:0007829|PDB:3MN8	beta_strand
P42787	355-358	ECO:0007829|PDB:3MN8	beta_strand
P42787	373-376	ECO:0007829|PDB:3MN8	beta_strand
P42787	380-389	ECO:0007829|PDB:3MN8	beta_strand
P42787	398-402	ECO:0007829|PDB:3MN8	beta_strand
P42787	406-408	ECO:0007829|PDB:3MN8	beta_strand
P42787	61-68	ECO:0007829|PDB:3MN8	beta_strand
P42787	74-80	ECO:0007829|PDB:3MN8	beta_strand
P42787	93-97	ECO:0007829|PDB:3MN8	beta_strand
P43332	142-148	ECO:0007829|PDB:2AYM	beta_strand
P43332	168-173	ECO:0007829|PDB:2AYM	beta_strand
P43332	179-186	ECO:0007829|PDB:2AYM	beta_strand
P43332	201-204	ECO:0007829|PDB:2AYM	beta_strand
P43332	208-213	ECO:0007829|PDB:2AYM	beta_strand
P43332	37-41	ECO:0007829|PDB:6F4J	beta_strand
P43332	44-46	ECO:0007829|PDB:6F4J	beta_strand
P43332	52-58	ECO:0007829|PDB:6F4J	beta_strand
P43332	7-13	ECO:0007829|PDB:6F4J	beta_strand
P43332	73-78	ECO:0007829|PDB:2K3K	beta_strand
P43332	80-83	ECO:0007829|PDB:6F4J	beta_strand
P45594	122-127	ECO:0007829|PDB:2MV2	beta_strand
P45594	26-32	ECO:0007829|PDB:2MV2	beta_strand
P45594	36-43	ECO:0007829|PDB:2MV2	beta_strand
P45594	61-63	ECO:0007829|PDB:2MV2	beta_strand
P45594	65-77	ECO:0007829|PDB:2MV2	beta_strand
P45594	80-94	ECO:0007829|PDB:2MV2	beta_strand
P46863	149-162	ECO:0007829|PDB:7LXR	beta_strand
P46863	165-168	ECO:0007829|PDB:7LXR	beta_strand
P46863	172-174	ECO:0007829|PDB:7LXR	beta_strand
P46863	179-182	ECO:0007829|PDB:7LXR	beta_strand
P46863	190-193	ECO:0007829|PDB:7LXR	beta_strand
P46863	198-200	ECO:0007829|PDB:7LXR	beta_strand
P46863	21-26	ECO:0007829|PDB:7LXR	beta_strand
P46863	219-222	ECO:0007829|PDB:7LXR	beta_strand
P46863	225-229	ECO:0007829|PDB:7LXR	beta_strand
P46863	231-243	ECO:0007829|PDB:7LXR	beta_strand
P46863	252-261	ECO:0007829|PDB:7LXR	beta_strand
P46863	323-333	ECO:0007829|PDB:7LXR	beta_strand
P46863	42-45	ECO:0007829|PDB:7LXR	beta_strand
P46863	49-53	ECO:0007829|PDB:7LXR	beta_strand
P46863	60-65	ECO:0007829|PDB:7LXR	beta_strand
P46863	67-70	ECO:0007829|PDB:7LXR	beta_strand
P46863	96-104	ECO:0007829|PDB:7LXR	beta_strand
P47938	20-27	ECO:0007829|PDB:6ZMU	beta_strand
P47938	52-58	ECO:0007829|PDB:6ZMU	beta_strand
P47938	73-81	ECO:0007829|PDB:6ZMU	beta_strand
P47938	84-92	ECO:0007829|PDB:6ZMU	beta_strand
P48555	11-17	ECO:0007829|PDB:5CM8	beta_strand
P48555	118-123	ECO:0007829|PDB:5CM8	beta_strand
P48555	150-152	ECO:0007829|PDB:5CM8	beta_strand
P48555	49-54	ECO:0007829|PDB:5CM8	beta_strand
P48555	57-65	ECO:0007829|PDB:5CM8	beta_strand
P48555	84-90	ECO:0007829|PDB:5CM8	beta_strand
P48598	105-112	ECO:0007829|PDB:4UE8	beta_strand
P48598	134-139	ECO:0007829|PDB:4UE8	beta_strand
P48598	144-148	ECO:0007829|PDB:4UEB	beta_strand
P48598	155-163	ECO:0007829|PDB:4UE8	beta_strand
P48598	191-199	ECO:0007829|PDB:4UE8	beta_strand
P48598	202-210	ECO:0007829|PDB:4UE8	beta_strand
P48598	238-241	ECO:0007829|PDB:4UE8	beta_strand
P48598	256-258	ECO:0007829|PDB:5ABV	beta_strand
P48598	82-92	ECO:0007829|PDB:4UE8	beta_strand
P48607	227-230	ECO:0007829|PDB:3E07	beta_strand
P48607	232-236	ECO:0007829|PDB:4LXR	beta_strand
P48607	263-269	ECO:0007829|PDB:4LXR	beta_strand
P48607	285-293	ECO:0007829|PDB:4LXR	beta_strand
P48607	296-300	ECO:0007829|PDB:3E07	beta_strand
P48607	306-309	ECO:0007829|PDB:3E07	beta_strand
P48607	315-325	ECO:0007829|PDB:4LXR	beta_strand
P48809	33-40	ECO:0007829|PDB:9EN7	beta_strand
P48809	47-57	ECO:0007829|PDB:9EN7	beta_strand
P48809	70-72	ECO:0007829|PDB:9EN7	beta_strand
P48809	75-81	ECO:0007829|PDB:9EN7	beta_strand
P48809	8-12	ECO:0007829|PDB:9EN7	beta_strand
P49021	103-105	ECO:0007829|PDB:8DD7	beta_strand
P49021	1087-1090	ECO:0007829|PDB:8DD7	beta_strand
P49021	1126-1130	ECO:0007829|PDB:8DD7	beta_strand
P49021	18-21	ECO:0007829|PDB:8DD7	beta_strand
P49021	24-27	ECO:0007829|PDB:8DD7	beta_strand
P49021	287-291	ECO:0007829|PDB:8DD7	beta_strand
P49021	572-574	ECO:0007829|PDB:8DD7	beta_strand
P49021	671-674	ECO:0007829|PDB:8DD7	beta_strand
P49021	820-822	ECO:0007829|PDB:8DD7	beta_strand
P49021	988-990	ECO:0007829|PDB:8DD7	beta_strand
P49028	114-116	ECO:0007829|PDB:1RK8	beta_strand
P49028	19-27	ECO:0007829|PDB:1OO0	beta_strand
P49028	31-38	ECO:0007829|PDB:1OO0	beta_strand
P49028	47-53	ECO:0007829|PDB:1OO0	beta_strand
P49028	6-16	ECO:0007829|PDB:1OO0	beta_strand
P49028	75-78	ECO:0007829|PDB:2X1G	beta_strand
P49028	83-93	ECO:0007829|PDB:1OO0	beta_strand
P49028	96-102	ECO:0007829|PDB:1OO0	beta_strand
P49258	134-137	ECO:0007829|PDB:2LMT	beta_strand
P49258	26-28	ECO:0007829|PDB:2LMT	beta_strand
P49258	62-64	ECO:0007829|PDB:2LMT	beta_strand
P49258	97-100	ECO:0007829|PDB:2LMT	beta_strand
P49847	71-73	ECO:0007829|PDB:1TAF	beta_strand
P49869	935-938	ECO:0007829|PDB:1PDU	beta_strand
P49869	942-946	ECO:0007829|PDB:1PDU	beta_strand
P50534	530-533	ECO:0007829|PDB:4RKG	beta_strand
P50536	16-20	ECO:0007829|PDB:3M9Q	beta_strand
P50536	30-42	ECO:0007829|PDB:3M9Q	beta_strand
P50536	48-56	ECO:0007829|PDB:3M9Q	beta_strand
P50536	65-67	ECO:0007829|PDB:3M9Q	beta_strand
P50536	72-74	ECO:0007829|PDB:3M9Q	beta_strand
P51123	42-44	ECO:0007829|PDB:1TBA	beta_strand
P54195	75-77	ECO:0007829|PDB:6QQ4	beta_strand
P54195	81-83	ECO:0007829|PDB:6QQ4	beta_strand
P54359	109-111	ECO:0007829|PDB:8DKT	beta_strand
P54359	151-156	ECO:0007829|PDB:8DKT	beta_strand
P54359	178-186	ECO:0007829|PDB:8DKT	beta_strand
P54359	235-237	ECO:0007829|PDB:8DKT	beta_strand
P54359	253-257	ECO:0007829|PDB:8DKT	beta_strand
P54359	260-263	ECO:0007829|PDB:8DKT	beta_strand
P54359	42-49	ECO:0007829|PDB:8DKT	beta_strand
P54359	81-89	ECO:0007829|PDB:8DKT	beta_strand
P54359	96-105	ECO:0007829|PDB:8DKT	beta_strand
P54397	14-18	ECO:0007829|PDB:4CA9	beta_strand
P54397	23-42	ECO:0007829|PDB:4CA9	beta_strand
P54397	3-9	ECO:0007829|PDB:4CA9	beta_strand
P54397	45-56	ECO:0007829|PDB:4CA9	beta_strand
P54397	63-65	ECO:0007829|PDB:4CA9	beta_strand
P54397	69-88	ECO:0007829|PDB:4CA9	beta_strand
P62152	133-138	ECO:0007829|PDB:1MXE	beta_strand
P62152	25-28	ECO:0007829|PDB:1MXE	beta_strand
P62152	61-65	ECO:0007829|PDB:1MXE	beta_strand
P62152	98-101	ECO:0007829|PDB:1MXE	beta_strand
P82804	10-13	ECO:0007829|PDB:1RK8	beta_strand
P82804	5-7	ECO:0007829|PDB:1RK8	beta_strand
P82890	106-109	ECO:0007829|PDB:7CUY	beta_strand
P82890	113-115	ECO:0007829|PDB:7CUY	beta_strand
P82890	128-131	ECO:0007829|PDB:7CUY	beta_strand
P82890	3-14	ECO:0007829|PDB:7CUY	beta_strand
P82890	34-43	ECO:0007829|PDB:7CUY	beta_strand
P82890	82-88	ECO:0007829|PDB:7CUY	beta_strand
P83293	214-216	ECO:0007829|PDB:8ZE0	beta_strand
P83293	417-419	ECO:0007829|PDB:8JMH	beta_strand
P83293	83-85	ECO:0007829|PDB:8ZE2	beta_strand
P83293	93-95	ECO:0007829|PDB:8JME	beta_strand
P84040	45-47	ECO:0007829|PDB:8UX1	beta_strand
P84040	80-82	ECO:0007829|PDB:2NQB	beta_strand
P84040	98-101	ECO:0007829|PDB:2NQB	beta_strand
P84051	100-102	ECO:0007829|PDB:2NQB	beta_strand
P84051	110-112	ECO:0007829|PDB:7PJ1	beta_strand
P84051	12-15	ECO:0007829|PDB:7PJ1	beta_strand
P84051	37-39	ECO:0007829|PDB:8PP7	beta_strand
P84051	41-43	ECO:0007829|PDB:2NQB	beta_strand
P84051	76-78	ECO:0007829|PDB:2NQB	beta_strand
P91682	108-110	ECO:0007829|PDB:2MAH	beta_strand
P91682	156-160	ECO:0007829|PDB:2MAH	beta_strand
P91682	162-165	ECO:0007829|PDB:2MAH	beta_strand
P91682	94-96	ECO:0007829|PDB:2MAH	beta_strand
P91929	109-111	ECO:0007829|PDB:8B9Z	beta_strand
P91929	185-189	ECO:0007829|PDB:8B9Z	beta_strand
P91929	230-235	ECO:0007829|PDB:8B9Z	beta_strand
P91929	258-260	ECO:0007829|PDB:8B9Z	beta_strand
P91929	284-290	ECO:0007829|PDB:8B9Z	beta_strand
P91929	381-383	ECO:0007829|PDB:8B9Z	beta_strand
P91929	84-88	ECO:0007829|PDB:8B9Z	beta_strand
P91938	114-120	ECO:0007829|PDB:3DGH	beta_strand
P91938	140-143	ECO:0007829|PDB:3DGH	beta_strand
P91938	229-231	ECO:0007829|PDB:3DGH	beta_strand
P91938	233-239	ECO:0007829|PDB:3DGH	beta_strand
P91938	242-246	ECO:0007829|PDB:3DGH	beta_strand
P91938	252-261	ECO:0007829|PDB:3DGH	beta_strand
P91938	265-267	ECO:0007829|PDB:3DGH	beta_strand
P91938	294-298	ECO:0007829|PDB:3DGH	beta_strand
P91938	317-324	ECO:0007829|PDB:3DGH	beta_strand
P91938	349-351	ECO:0007829|PDB:3DGH	beta_strand
P91938	353-360	ECO:0007829|PDB:3DGH	beta_strand
P91938	366-372	ECO:0007829|PDB:3DGH	beta_strand
P91938	378-388	ECO:0007829|PDB:3DGH	beta_strand
P91938	392-394	ECO:0007829|PDB:3DGH	beta_strand
P91938	409-413	ECO:0007829|PDB:2NVK	beta_strand
P91938	426-428	ECO:0007829|PDB:3DGH	beta_strand
P91938	469-471	ECO:0007829|PDB:3DGH	beta_strand
P91938	473-481	ECO:0007829|PDB:3DGH	beta_strand
P91938	496-502	ECO:0007829|PDB:3DGH	beta_strand
P91938	519-527	ECO:0007829|PDB:3DGH	beta_strand
P91938	531-539	ECO:0007829|PDB:3DGH	beta_strand
P92208	101-107	ECO:0007829|PDB:5AWM	beta_strand
P92208	110-112	ECO:0007829|PDB:5AWM	beta_strand
P92208	155-157	ECO:0007829|PDB:5AWM	beta_strand
P92208	16-21	ECO:0007829|PDB:5AWM	beta_strand
P92208	163-165	ECO:0007829|PDB:5AWM	beta_strand
P92208	24-29	ECO:0007829|PDB:5AWM	beta_strand
P92208	38-43	ECO:0007829|PDB:5AWM	beta_strand
P92208	48-56	ECO:0007829|PDB:5AWM	beta_strand
P92208	8-13	ECO:0007829|PDB:5AWM	beta_strand
P92208	87-90	ECO:0007829|PDB:5AWM	beta_strand
P92208	93-95	ECO:0007829|PDB:5AWM	beta_strand
Q00168	14-23	ECO:0007829|PDB:5HU3	beta_strand
Q00168	142-145	ECO:0007829|PDB:5HU3	beta_strand
Q00168	153-155	ECO:0007829|PDB:5HU3	beta_strand
Q00168	174-176	ECO:0007829|PDB:5HU3	beta_strand
Q00168	26-33	ECO:0007829|PDB:5HU3	beta_strand
Q00168	39-46	ECO:0007829|PDB:5HU3	beta_strand
Q00168	76-81	ECO:0007829|PDB:5HU3	beta_strand
Q00168	83-91	ECO:0007829|PDB:5HU3	beta_strand
Q00805	126-134	ECO:0007829|PDB:3C9A	beta_strand
Q00805	145-151	ECO:0007829|PDB:3C9A	beta_strand
Q00805	153-155	ECO:0007829|PDB:3C9A	beta_strand
Q00805	157-160	ECO:0007829|PDB:3C9A	beta_strand
Q00805	289-291	ECO:0007829|PDB:3C9A	beta_strand
Q00805	294-299	ECO:0007829|PDB:3C9A	beta_strand
Q00805	302-308	ECO:0007829|PDB:3C9A	beta_strand
Q00805	324-329	ECO:0007829|PDB:3C9A	beta_strand
Q00805	334-339	ECO:0007829|PDB:3C9A	beta_strand
Q00805	347-356	ECO:0007829|PDB:3C9A	beta_strand
Q00805	363-372	ECO:0007829|PDB:3C9A	beta_strand
Q00805	383-393	ECO:0007829|PDB:3C9A	beta_strand
Q00805	396-403	ECO:0007829|PDB:3C9A	beta_strand
Q00805	422-427	ECO:0007829|PDB:3C9A	beta_strand
Q00805	433-439	ECO:0007829|PDB:3C9A	beta_strand
Q00963	2146-2157	ECO:0007829|PDB:1DRO	beta_strand
Q00963	2173-2182	ECO:0007829|PDB:1DRO	beta_strand
Q00963	2185-2191	ECO:0007829|PDB:1DRO	beta_strand
Q00963	2219-2223	ECO:0007829|PDB:1DRO	beta_strand
Q00963	2226-2230	ECO:0007829|PDB:1DRO	beta_strand
Q00963	2232-2234	ECO:0007829|PDB:1DRO	beta_strand
Q00963	2236-2240	ECO:0007829|PDB:1DRO	beta_strand
Q00963	2242-2244	ECO:0007829|PDB:1DRO	beta_strand
Q01083	105-111	ECO:0007829|PDB:3CA7	beta_strand
Q01083	116-118	ECO:0007829|PDB:3CA7	beta_strand
Q01083	96-102	ECO:0007829|PDB:3CA7	beta_strand
Q02280	788-791	ECO:0007829|PDB:5FG8	beta_strand
Q02308	233-239	ECO:0007829|PDB:5E24	beta_strand
Q02308	242-249	ECO:0007829|PDB:5E24	beta_strand
Q02308	252-254	ECO:0007829|PDB:5E24	beta_strand
Q02308	258-260	ECO:0007829|PDB:5E24	beta_strand
Q02936	107-111	ECO:0007829|PDB:2IBG	beta_strand
Q02936	144-146	ECO:0007829|PDB:2IBG	beta_strand
Q02936	182-188	ECO:0007829|PDB:2IBG	beta_strand
Q02936	205-210	ECO:0007829|PDB:2IBG	beta_strand
Q02936	231-234	ECO:0007829|PDB:2IBG	beta_strand
Q02936	241-244	ECO:0007829|PDB:2IBG	beta_strand
Q02936	264-267	ECO:0007829|PDB:6TYY	beta_strand
Q02936	272-274	ECO:0007829|PDB:6TYY	beta_strand
Q02936	283-287	ECO:0007829|PDB:6TYY	beta_strand
Q02936	293-317	ECO:0007829|PDB:6TYY	beta_strand
Q02936	322-325	ECO:0007829|PDB:6TYY	beta_strand
Q02936	329-335	ECO:0007829|PDB:6TYY	beta_strand
Q02936	340-345	ECO:0007829|PDB:6TYY	beta_strand
Q02936	354-358	ECO:0007829|PDB:6TYY	beta_strand
Q02936	365-393	ECO:0007829|PDB:6TYY	beta_strand
Q02936	396-402	ECO:0007829|PDB:6TYY	beta_strand
Q03445	476-484	ECO:0007829|PDB:5DT6	beta_strand
Q03445	491-493	ECO:0007829|PDB:5DT6	beta_strand
Q03445	508-510	ECO:0007829|PDB:5DT6	beta_strand
Q03445	526-531	ECO:0007829|PDB:5DT6	beta_strand
Q03445	561-563	ECO:0007829|PDB:5DT6	beta_strand
Q03445	577-579	ECO:0007829|PDB:5DT6	beta_strand
Q03445	583-586	ECO:0007829|PDB:5DT6	beta_strand
Q03445	588-593	ECO:0007829|PDB:5DT6	beta_strand
Q03445	753-755	ECO:0007829|PDB:5DT6	beta_strand
Q03445	788-791	ECO:0007829|PDB:5DT6	beta_strand
Q03445	806-811	ECO:0007829|PDB:5DT6	beta_strand
Q03445	826-830	ECO:0007829|PDB:5DT6	beta_strand
Q03445	836-838	ECO:0007829|PDB:5DT6	beta_strand
Q03445	841-843	ECO:0007829|PDB:5DT6	beta_strand
Q03720	1001-1003	ECO:0007829|PDB:7PXE	beta_strand
Q03720	1022-1024	ECO:0007829|PDB:7PXH	beta_strand
Q03720	1084-1093	ECO:0007829|PDB:7PXE	beta_strand
Q03720	1118-1126	ECO:0007829|PDB:7PXE	beta_strand
Q03720	1138-1143	ECO:0007829|PDB:7PXE	beta_strand
Q03720	1155-1160	ECO:0007829|PDB:7PXE	beta_strand
Q03720	149-151	ECO:0007829|PDB:7PXF	beta_strand
Q03720	153-156	ECO:0007829|PDB:7PXE	beta_strand
Q03720	216-218	ECO:0007829|PDB:7PXE	beta_strand
Q03720	305-307	ECO:0007829|PDB:7PXH	beta_strand
Q03720	357-364	ECO:0007829|PDB:7PXE	beta_strand
Q03720	380-382	ECO:0007829|PDB:7PXH	beta_strand
Q03720	387-395	ECO:0007829|PDB:7PXE	beta_strand
Q03720	412-416	ECO:0007829|PDB:7PXE	beta_strand
Q03720	434-439	ECO:0007829|PDB:7PXE	beta_strand
Q03720	469-475	ECO:0007829|PDB:7PXE	beta_strand
Q03720	496-499	ECO:0007829|PDB:7PXE	beta_strand
Q03720	534-536	ECO:0007829|PDB:7PXH	beta_strand
Q03720	550-555	ECO:0007829|PDB:7PXE	beta_strand
Q03720	579-585	ECO:0007829|PDB:7PXE	beta_strand
Q03720	595-599	ECO:0007829|PDB:7PXE	beta_strand
Q03720	610-617	ECO:0007829|PDB:7PXE	beta_strand
Q03720	800-807	ECO:0007829|PDB:7PXE	beta_strand
Q03720	833-838	ECO:0007829|PDB:7PXE	beta_strand
Q03720	868-872	ECO:0007829|PDB:7PXE	beta_strand
Q03720	888-895	ECO:0007829|PDB:7PXE	beta_strand
Q03720	912-918	ECO:0007829|PDB:7PXE	beta_strand
Q03720	986-989	ECO:0007829|PDB:7PXE	beta_strand
Q05783	27-29	ECO:0007829|PDB:3NM9	beta_strand
Q08012	13-16	ECO:0007829|PDB:2AZV	beta_strand
Q08012	156-161	ECO:0007829|PDB:7Y4N	beta_strand
Q08012	178-183	ECO:0007829|PDB:7Y4N	beta_strand
Q08012	187-194	ECO:0007829|PDB:7Y4N	beta_strand
Q08012	197-203	ECO:0007829|PDB:7Y4N	beta_strand
Q08012	206-208	ECO:0007829|PDB:7Y4N	beta_strand
Q08012	23-29	ECO:0007829|PDB:2A36	beta_strand
Q08012	3-5	ECO:0007829|PDB:2A36	beta_strand
Q08012	36-41	ECO:0007829|PDB:2A36	beta_strand
Q08012	44-50	ECO:0007829|PDB:2A36	beta_strand
Q08012	53-55	ECO:0007829|PDB:2A37	beta_strand
Q08180	103-109	ECO:0007829|PDB:4OF8	beta_strand
Q08180	124-130	ECO:0007829|PDB:4OF8	beta_strand
Q08180	141-146	ECO:0007829|PDB:4OF8	beta_strand
Q08180	151-162	ECO:0007829|PDB:4OF8	beta_strand
Q08180	165-169	ECO:0007829|PDB:4OF8	beta_strand
Q08180	178-186	ECO:0007829|PDB:4OF8	beta_strand
Q08180	193-201	ECO:0007829|PDB:4OF8	beta_strand
Q08180	210-217	ECO:0007829|PDB:4OF8	beta_strand
Q08180	225-234	ECO:0007829|PDB:4OF8	beta_strand
Q08180	29-32	ECO:0007829|PDB:4OF8	beta_strand
Q08180	37-40	ECO:0007829|PDB:4OF8	beta_strand
Q08180	45-47	ECO:0007829|PDB:4OF8	beta_strand
Q08180	50-53	ECO:0007829|PDB:4OF8	beta_strand
Q08180	58-62	ECO:0007829|PDB:4OF8	beta_strand
Q08180	79-83	ECO:0007829|PDB:4OF8	beta_strand
Q08180	91-96	ECO:0007829|PDB:4OF8	beta_strand
Q08605	351-354	ECO:0007829|PDB:1YUI	beta_strand
Q09024	118-127	ECO:0007829|PDB:4CBP	beta_strand
Q09024	135-143	ECO:0007829|PDB:4CBP	beta_strand
Q09024	146-155	ECO:0007829|PDB:4CBP	beta_strand
Q09024	172-185	ECO:0007829|PDB:4CBP	beta_strand
Q09024	191-193	ECO:0007829|PDB:4CBP	beta_strand
Q09024	195-201	ECO:0007829|PDB:4CBP	beta_strand
Q09024	204-208	ECO:0007829|PDB:4CBP	beta_strand
Q09024	219-223	ECO:0007829|PDB:4CBP	beta_strand
Q09024	229-231	ECO:0007829|PDB:4CBP	beta_strand
Q09024	240-247	ECO:0007829|PDB:4CBP	beta_strand
Q09024	252-262	ECO:0007829|PDB:4CBP	beta_strand
Q09024	58-62	ECO:0007829|PDB:4CBP	beta_strand
Q09024	66-69	ECO:0007829|PDB:4CBP	beta_strand
Q09024	76-86	ECO:0007829|PDB:4CBP	beta_strand
Q09024	89-95	ECO:0007829|PDB:4CBP	beta_strand
Q0E9H9	112-120	ECO:0007829|PDB:4X83	beta_strand
Q0E9H9	125-127	ECO:0007829|PDB:4X83	beta_strand
Q0E9H9	131-136	ECO:0007829|PDB:4X83	beta_strand
Q0E9H9	148-151	ECO:0007829|PDB:4X83	beta_strand
Q0E9H9	156-158	ECO:0007829|PDB:4X83	beta_strand
Q0E9H9	170-175	ECO:0007829|PDB:4X83	beta_strand
Q0E9H9	182-184	ECO:0007829|PDB:4X9B	beta_strand
Q0E9H9	185-187	ECO:0007829|PDB:4XHQ	beta_strand
Q0E9H9	191-195	ECO:0007829|PDB:4X83	beta_strand
Q0E9H9	201-203	ECO:0007829|PDB:4X83	beta_strand
Q0E9H9	214-221	ECO:0007829|PDB:4X83	beta_strand
Q0E9H9	227-229	ECO:0007829|PDB:4X83	beta_strand
Q0E9H9	234-239	ECO:0007829|PDB:4X83	beta_strand
Q0E9H9	245-252	ECO:0007829|PDB:4X83	beta_strand
Q0E9H9	255-261	ECO:0007829|PDB:4X83	beta_strand
Q0E9H9	266-268	ECO:0007829|PDB:4X83	beta_strand
Q0E9H9	271-275	ECO:0007829|PDB:4X83	beta_strand
Q0E9H9	278-284	ECO:0007829|PDB:4X83	beta_strand
Q0E9H9	291-293	ECO:0007829|PDB:4X83	beta_strand
Q0E9H9	297-303	ECO:0007829|PDB:4X83	beta_strand
Q0E9H9	306-309	ECO:0007829|PDB:4X83	beta_strand
Q0E9H9	318-326	ECO:0007829|PDB:4X83	beta_strand
Q0E9H9	329-348	ECO:0007829|PDB:4X83	beta_strand
Q0E9H9	350-355	ECO:0007829|PDB:4X83	beta_strand
Q0E9H9	360-369	ECO:0007829|PDB:4X83	beta_strand
Q0E9H9	37-43	ECO:0007829|PDB:4X83	beta_strand
Q0E9H9	373-378	ECO:0007829|PDB:4X83	beta_strand
Q0E9H9	381-384	ECO:0007829|PDB:4X83	beta_strand
Q0E9H9	387-394	ECO:0007829|PDB:4X83	beta_strand
Q0E9H9	401-408	ECO:0007829|PDB:4X83	beta_strand
Q0E9H9	413-423	ECO:0007829|PDB:4X83	beta_strand
Q0E9H9	47-52	ECO:0007829|PDB:4X83	beta_strand
Q0E9H9	57-59	ECO:0007829|PDB:4X83	beta_strand
Q0E9H9	62-67	ECO:0007829|PDB:4X83	beta_strand
Q0E9H9	636-642	ECO:0007829|PDB:4WVR	beta_strand
Q0E9H9	650-655	ECO:0007829|PDB:4WVR	beta_strand
Q0E9H9	658-660	ECO:0007829|PDB:4WVR	beta_strand
Q0E9H9	667-673	ECO:0007829|PDB:4WVR	beta_strand
Q0E9H9	676-683	ECO:0007829|PDB:4WVR	beta_strand
Q0E9H9	690-697	ECO:0007829|PDB:4WVR	beta_strand
Q0E9H9	70-75	ECO:0007829|PDB:4X83	beta_strand
Q0E9H9	702-709	ECO:0007829|PDB:4WVR	beta_strand
Q0E9H9	88-91	ECO:0007829|PDB:4X83	beta_strand
Q0E9H9	95-98	ECO:0007829|PDB:4X83	beta_strand
Q10714	250-252	ECO:0007829|PDB:4CA7	beta_strand
Q10714	259-261	ECO:0007829|PDB:4CA7	beta_strand
Q10714	278-280	ECO:0007829|PDB:1J37	beta_strand
Q10714	329-331	ECO:0007829|PDB:2X96	beta_strand
Q10714	339-342	ECO:0007829|PDB:4CA7	beta_strand
Q10714	344-347	ECO:0007829|PDB:4CA7	beta_strand
Q10714	349-352	ECO:0007829|PDB:4CA7	beta_strand
Q10714	416-419	ECO:0007829|PDB:1J36	beta_strand
Q10714	530-535	ECO:0007829|PDB:1J37	beta_strand
Q10714	611-613	ECO:0007829|PDB:4CA7	beta_strand
Q23985	115-121	ECO:0007829|PDB:2A90	beta_strand
Q23985	131-136	ECO:0007829|PDB:2A90	beta_strand
Q23985	138-141	ECO:0007829|PDB:2A90	beta_strand
Q23985	144-148	ECO:0007829|PDB:2A90	beta_strand
Q23985	166-169	ECO:0007829|PDB:2A90	beta_strand
Q23985	179-182	ECO:0007829|PDB:2A90	beta_strand
Q23985	187-190	ECO:0007829|PDB:2A90	beta_strand
Q23985	196-203	ECO:0007829|PDB:2A90	beta_strand
Q23985	45-53	ECO:0007829|PDB:2A90	beta_strand
Q23985	56-59	ECO:0007829|PDB:2A90	beta_strand
Q23985	78-80	ECO:0007829|PDB:2A90	beta_strand
Q23985	92-94	ECO:0007829|PDB:2A90	beta_strand
Q23985	99-101	ECO:0007829|PDB:2A90	beta_strand
Q24008	14-21	ECO:0007829|PDB:1IHJ	beta_strand
Q24008	25-27	ECO:0007829|PDB:1IHJ	beta_strand
Q24008	30-37	ECO:0007829|PDB:1IHJ	beta_strand
Q24008	365-370	ECO:0007829|PDB:5F67	beta_strand
Q24008	376-384	ECO:0007829|PDB:5F67	beta_strand
Q24008	388-397	ECO:0007829|PDB:5F67	beta_strand
Q24008	40-42	ECO:0007829|PDB:1IHJ	beta_strand
Q24008	412-416	ECO:0007829|PDB:5F67	beta_strand
Q24008	438-445	ECO:0007829|PDB:5F67	beta_strand
Q24008	45-53	ECO:0007829|PDB:1IHJ	beta_strand
Q24008	488-493	ECO:0007829|PDB:3R0H	beta_strand
Q24008	501-504	ECO:0007829|PDB:3R0H	beta_strand
Q24008	507-510	ECO:0007829|PDB:3R0H	beta_strand
Q24008	515-520	ECO:0007829|PDB:3R0H	beta_strand
Q24008	537-541	ECO:0007829|PDB:3R0H	beta_strand
Q24008	565-573	ECO:0007829|PDB:3R0H	beta_strand
Q24008	583-588	ECO:0007829|PDB:2QKV	beta_strand
Q24008	590-593	ECO:0007829|PDB:2LA8	beta_strand
Q24008	597-601	ECO:0007829|PDB:2QKV	beta_strand
Q24008	603-611	ECO:0007829|PDB:2QKV	beta_strand
Q24008	628-632	ECO:0007829|PDB:2QKV	beta_strand
Q24008	638-640	ECO:0007829|PDB:2LA8	beta_strand
Q24008	653-661	ECO:0007829|PDB:2QKV	beta_strand
Q24008	70-74	ECO:0007829|PDB:1IHJ	beta_strand
Q24008	96-104	ECO:0007829|PDB:1IHJ	beta_strand
Q24106	3-6	ECO:0007829|PDB:1JD6	beta_strand
Q24117	54-61	ECO:0007829|PDB:5E0L	beta_strand
Q24117	6-13	ECO:0007829|PDB:5E0L	beta_strand
Q24117	63-78	ECO:0007829|PDB:5E0L	beta_strand
Q24117	81-88	ECO:0007829|PDB:5E0L	beta_strand
Q24168	352-355	ECO:0007829|PDB:7JGS	beta_strand
Q24168	374-382	ECO:0007829|PDB:7JGS	beta_strand
Q24168	430-435	ECO:0007829|PDB:7JGS	beta_strand
Q24168	440-442	ECO:0007829|PDB:7JK4	beta_strand
Q24168	457-465	ECO:0007829|PDB:7JGS	beta_strand
Q24168	485-488	ECO:0007829|PDB:7JGS	beta_strand
Q24168	588-590	ECO:0007829|PDB:7JGS	beta_strand
Q24168	598-600	ECO:0007829|PDB:7JGS	beta_strand
Q24169	115-117	ECO:0007829|PDB:7JK3	beta_strand
Q24169	120-127	ECO:0007829|PDB:7JGS	beta_strand
Q24169	136-138	ECO:0007829|PDB:7JGS	beta_strand
Q24169	151-161	ECO:0007829|PDB:7JGS	beta_strand
Q24169	176-180	ECO:0007829|PDB:7JGS	beta_strand
Q24169	29-31	ECO:0007829|PDB:7JGS	beta_strand
Q24169	35-41	ECO:0007829|PDB:7JGS	beta_strand
Q24169	379-381	ECO:0007829|PDB:4XGC	beta_strand
Q24169	415-420	ECO:0007829|PDB:7JGS	beta_strand
Q24169	422-424	ECO:0007829|PDB:7JK2	beta_strand
Q24169	431-434	ECO:0007829|PDB:7JGS	beta_strand
Q24169	45-47	ECO:0007829|PDB:7JK2	beta_strand
Q24169	62-70	ECO:0007829|PDB:7JGS	beta_strand
Q24246	110-112	ECO:0007829|PDB:3FM7	beta_strand
Q24246	128-133	ECO:0007829|PDB:2P2T	beta_strand
Q24306	135-137	ECO:0007829|PDB:3SIP	beta_strand
Q24306	240-242	ECO:0007829|PDB:1Q4Q	beta_strand
Q24306	252-254	ECO:0007829|PDB:1JD5	beta_strand
Q24306	261-263	ECO:0007829|PDB:1JD5	beta_strand
Q24306	269-271	ECO:0007829|PDB:1JD5	beta_strand
Q24306	69-71	ECO:0007829|PDB:1SE0	beta_strand
Q24306	78-80	ECO:0007829|PDB:1SE0	beta_strand
Q24306	86-89	ECO:0007829|PDB:1SE0	beta_strand
Q24323	104-107	ECO:0007829|PDB:6QP7	beta_strand
Q24323	132-139	ECO:0007829|PDB:6QP7	beta_strand
Q24323	144-149	ECO:0007829|PDB:6QP7	beta_strand
Q24323	156-161	ECO:0007829|PDB:6QP7	beta_strand
Q24323	192-196	ECO:0007829|PDB:6QP7	beta_strand
Q24323	198-200	ECO:0007829|PDB:6QP7	beta_strand
Q24323	206-212	ECO:0007829|PDB:6QP7	beta_strand
Q24323	220-224	ECO:0007829|PDB:6QP7	beta_strand
Q24323	227-229	ECO:0007829|PDB:6QP7	beta_strand
Q24323	234-237	ECO:0007829|PDB:6QP7	beta_strand
Q24323	254-261	ECO:0007829|PDB:6QP7	beta_strand
Q24323	264-272	ECO:0007829|PDB:6QP7	beta_strand
Q24323	283-291	ECO:0007829|PDB:6QP7	beta_strand
Q24323	309-313	ECO:0007829|PDB:6QP7	beta_strand
Q24323	31-34	ECO:0007829|PDB:6QP7	beta_strand
Q24323	319-321	ECO:0007829|PDB:6QP7	beta_strand
Q24323	327-332	ECO:0007829|PDB:6QP7	beta_strand
Q24323	340-346	ECO:0007829|PDB:6QP7	beta_strand
Q24323	350-352	ECO:0007829|PDB:6QP7	beta_strand
Q24323	354-361	ECO:0007829|PDB:6QP7	beta_strand
Q24323	373-376	ECO:0007829|PDB:6QP7	beta_strand
Q24323	383-386	ECO:0007829|PDB:6QP7	beta_strand
Q24323	419-422	ECO:0007829|PDB:6QP7	beta_strand
Q24323	427-430	ECO:0007829|PDB:6QP7	beta_strand
Q24323	432-436	ECO:0007829|PDB:6QP7	beta_strand
Q24323	440-450	ECO:0007829|PDB:6QP7	beta_strand
Q24323	455-464	ECO:0007829|PDB:6QP7	beta_strand
Q24323	467-477	ECO:0007829|PDB:6QP7	beta_strand
Q24323	480-490	ECO:0007829|PDB:6QP7	beta_strand
Q24323	499-503	ECO:0007829|PDB:6QP7	beta_strand
Q24323	508-512	ECO:0007829|PDB:6QP7	beta_strand
Q24323	517-522	ECO:0007829|PDB:6QP7	beta_strand
Q24323	541-544	ECO:0007829|PDB:6QP7	beta_strand
Q24323	549-552	ECO:0007829|PDB:6QP7	beta_strand
Q24323	575-581	ECO:0007829|PDB:6QP7	beta_strand
Q24323	586-593	ECO:0007829|PDB:6QP7	beta_strand
Q24323	59-61	ECO:0007829|PDB:6QP7	beta_strand
Q24323	603-609	ECO:0007829|PDB:6QP7	beta_strand
Q24323	613-616	ECO:0007829|PDB:6QP7	beta_strand
Q24323	621-627	ECO:0007829|PDB:6QP7	beta_strand
Q24323	63-65	ECO:0007829|PDB:6QP7	beta_strand
Q24323	632-634	ECO:0007829|PDB:6QP7	beta_strand
Q24323	643-649	ECO:0007829|PDB:6QP7	beta_strand
Q24323	652-662	ECO:0007829|PDB:6QP7	beta_strand
Q24323	70-74	ECO:0007829|PDB:6QP7	beta_strand
Q24323	79-85	ECO:0007829|PDB:6QP7	beta_strand
Q24323	87-94	ECO:0007829|PDB:6QP7	beta_strand
Q24324	116-119	ECO:0007829|PDB:8BW9	beta_strand
Q24324	148-154	ECO:0007829|PDB:8BW9	beta_strand
Q24324	157-163	ECO:0007829|PDB:8BW9	beta_strand
Q24324	219-221	ECO:0007829|PDB:8BW9	beta_strand
Q24324	95-99	ECO:0007829|PDB:8BW9	beta_strand
Q24451	1007-1009	ECO:0007829|PDB:3BVX	beta_strand
Q24451	1020-1027	ECO:0007829|PDB:3BVX	beta_strand
Q24451	1034-1044	ECO:0007829|PDB:3BVX	beta_strand
Q24451	105-107	ECO:0007829|PDB:3BVX	beta_strand
Q24451	1065-1075	ECO:0007829|PDB:3BVX	beta_strand
Q24451	1081-1085	ECO:0007829|PDB:3BVX	beta_strand
Q24451	1099-1107	ECO:0007829|PDB:3BVX	beta_strand
Q24451	123-125	ECO:0007829|PDB:3BVX	beta_strand
Q24451	140-142	ECO:0007829|PDB:6RRY	beta_strand
Q24451	144-153	ECO:0007829|PDB:3BVX	beta_strand
Q24451	156-160	ECO:0007829|PDB:3BVX	beta_strand
Q24451	189-191	ECO:0007829|PDB:3BVX	beta_strand
Q24451	220-225	ECO:0007829|PDB:3BVX	beta_strand
Q24451	233-235	ECO:0007829|PDB:3BVX	beta_strand
Q24451	262-265	ECO:0007829|PDB:3BVX	beta_strand
Q24451	268-271	ECO:0007829|PDB:3BVX	beta_strand
Q24451	286-289	ECO:0007829|PDB:3BVX	beta_strand
Q24451	306-310	ECO:0007829|PDB:3BVX	beta_strand
Q24451	322-326	ECO:0007829|PDB:3BVX	beta_strand
Q24451	338-340	ECO:0007829|PDB:3BVX	beta_strand
Q24451	392-404	ECO:0007829|PDB:3BVX	beta_strand
Q24451	435-439	ECO:0007829|PDB:3BVX	beta_strand
Q24451	462-465	ECO:0007829|PDB:3BVX	beta_strand
Q24451	471-473	ECO:0007829|PDB:3BVX	beta_strand
Q24451	586-590	ECO:0007829|PDB:3BVX	beta_strand
Q24451	592-595	ECO:0007829|PDB:3BVX	beta_strand
Q24451	613-622	ECO:0007829|PDB:3BVX	beta_strand
Q24451	624-626	ECO:0007829|PDB:3BVX	beta_strand
Q24451	628-637	ECO:0007829|PDB:3BVX	beta_strand
Q24451	641-645	ECO:0007829|PDB:3BVX	beta_strand
Q24451	653-664	ECO:0007829|PDB:3BVX	beta_strand
Q24451	669-687	ECO:0007829|PDB:3BVX	beta_strand
Q24451	691-699	ECO:0007829|PDB:3BVX	beta_strand
Q24451	701-703	ECO:0007829|PDB:6RRH	beta_strand
Q24451	707-709	ECO:0007829|PDB:3BVX	beta_strand
Q24451	711-715	ECO:0007829|PDB:3BVX	beta_strand
Q24451	732-734	ECO:0007829|PDB:3BVX	beta_strand
Q24451	739-742	ECO:0007829|PDB:3BVX	beta_strand
Q24451	748-751	ECO:0007829|PDB:3BVX	beta_strand
Q24451	757-761	ECO:0007829|PDB:3BVX	beta_strand
Q24451	763-766	ECO:0007829|PDB:1QWN	beta_strand
Q24451	769-778	ECO:0007829|PDB:3BVX	beta_strand
Q24451	782-784	ECO:0007829|PDB:3BVX	beta_strand
Q24451	794-797	ECO:0007829|PDB:3BVX	beta_strand
Q24451	808-812	ECO:0007829|PDB:3BVX	beta_strand
Q24451	817-823	ECO:0007829|PDB:3BVX	beta_strand
Q24451	826-836	ECO:0007829|PDB:3BVX	beta_strand
Q24451	838-843	ECO:0007829|PDB:3BVX	beta_strand
Q24451	851-859	ECO:0007829|PDB:3BVX	beta_strand
Q24451	866-871	ECO:0007829|PDB:3BVX	beta_strand
Q24451	875-880	ECO:0007829|PDB:3BVX	beta_strand
Q24451	892-901	ECO:0007829|PDB:3BVX	beta_strand
Q24451	903-913	ECO:0007829|PDB:3BVX	beta_strand
Q24451	915-918	ECO:0007829|PDB:3BVX	beta_strand
Q24451	924-933	ECO:0007829|PDB:3BVX	beta_strand
Q24451	938-940	ECO:0007829|PDB:3BVX	beta_strand
Q24451	951-961	ECO:0007829|PDB:3BVX	beta_strand
Q24451	97-99	ECO:0007829|PDB:3BVX	beta_strand
Q24451	973-975	ECO:0007829|PDB:3BVX	beta_strand
Q24451	993-997	ECO:0007829|PDB:3BVX	beta_strand
Q24459	341-345	ECO:0007829|PDB:2XK0	beta_strand
Q24459	356-360	ECO:0007829|PDB:2XK0	beta_strand
Q24459	366-374	ECO:0007829|PDB:2XK0	beta_strand
Q24459	379-383	ECO:0007829|PDB:2XK0	beta_strand
Q24459	388-391	ECO:0007829|PDB:2XK0	beta_strand
Q24459	508-511	ECO:0007829|PDB:5OQD	beta_strand
Q24459	527-530	ECO:0007829|PDB:5OQD	beta_strand
Q24459	536-539	ECO:0007829|PDB:5OQD	beta_strand
Q24459	542-544	ECO:0007829|PDB:5OQD	beta_strand
Q24459	556-559	ECO:0007829|PDB:5OQD	beta_strand
Q24459	569-573	ECO:0007829|PDB:5OQD	beta_strand
Q24459	595-598	ECO:0007829|PDB:5OQD	beta_strand
Q24459	643-647	ECO:0007829|PDB:5OQD	beta_strand
Q24459	653-661	ECO:0007829|PDB:5OQD	beta_strand
Q24478	32-35	ECO:0007829|PDB:6ER1	beta_strand
Q24478	41-44	ECO:0007829|PDB:6ER1	beta_strand
Q24478	69-71	ECO:0007829|PDB:6ER1	beta_strand
Q24560	128-142	ECO:0007829|PDB:6TIZ	beta_strand
Q24560	162-170	ECO:0007829|PDB:6TIZ	beta_strand
Q24560	197-203	ECO:0007829|PDB:6TIZ	beta_strand
Q24560	245-247	ECO:0007829|PDB:6TIZ	beta_strand
Q24560	259-262	ECO:0007829|PDB:7QUC	beta_strand
Q24560	265-272	ECO:0007829|PDB:6TIZ	beta_strand
Q24560	299-302	ECO:0007829|PDB:6TIZ	beta_strand
Q24560	3-9	ECO:0007829|PDB:6TIZ	beta_strand
Q24560	310-320	ECO:0007829|PDB:6TIZ	beta_strand
Q24560	34-36	ECO:0007829|PDB:6TIZ	beta_strand
Q24560	349-356	ECO:0007829|PDB:6TIZ	beta_strand
Q24560	362-371	ECO:0007829|PDB:6TIZ	beta_strand
Q24560	51-53	ECO:0007829|PDB:6TIZ	beta_strand
Q24560	55-61	ECO:0007829|PDB:6TIZ	beta_strand
Q24560	63-69	ECO:0007829|PDB:6TIZ	beta_strand
Q24560	90-92	ECO:0007829|PDB:6TIZ	beta_strand
Q24564	12-17	ECO:0007829|PDB:7EDR	beta_strand
Q24564	214-219	ECO:0007829|PDB:7EDR	beta_strand
Q24564	22-27	ECO:0007829|PDB:7EDR	beta_strand
Q24564	225-230	ECO:0007829|PDB:7EDR	beta_strand
Q24564	232-239	ECO:0007829|PDB:7EDR	beta_strand
Q24564	243-245	ECO:0007829|PDB:7EDR	beta_strand
Q24564	247-251	ECO:0007829|PDB:7EDR	beta_strand
Q24564	255-261	ECO:0007829|PDB:7EDR	beta_strand
Q24564	264-270	ECO:0007829|PDB:7EDR	beta_strand
Q24564	277-280	ECO:0007829|PDB:7EDR	beta_strand
Q24564	52-58	ECO:0007829|PDB:7EDR	beta_strand
Q24564	528-532	ECO:0007829|PDB:7EDR	beta_strand
Q24564	535-539	ECO:0007829|PDB:7EDR	beta_strand
Q24564	546-551	ECO:0007829|PDB:7EDR	beta_strand
Q24564	63-65	ECO:0007829|PDB:7EDR	beta_strand
Q24564	68-71	ECO:0007829|PDB:7EDR	beta_strand
Q24564	85-92	ECO:0007829|PDB:7EDR	beta_strand
Q24570	3-6	ECO:0007829|PDB:1SE0	beta_strand
Q24572	119-129	ECO:0007829|PDB:2XYI	beta_strand
Q24572	132-137	ECO:0007829|PDB:2XYI	beta_strand
Q24572	140-147	ECO:0007829|PDB:2XYI	beta_strand
Q24572	149-151	ECO:0007829|PDB:2XYI	beta_strand
Q24572	153-157	ECO:0007829|PDB:2XYI	beta_strand
Q24572	174-178	ECO:0007829|PDB:2XYI	beta_strand
Q24572	187-189	ECO:0007829|PDB:2XYI	beta_strand
Q24572	191-193	ECO:0007829|PDB:2YB8	beta_strand
Q24572	196-200	ECO:0007829|PDB:2XYI	beta_strand
Q24572	206-210	ECO:0007829|PDB:2XYI	beta_strand
Q24572	220-222	ECO:0007829|PDB:2XYI	beta_strand
Q24572	224-227	ECO:0007829|PDB:2XYI	beta_strand
Q24572	234-239	ECO:0007829|PDB:2XYI	beta_strand
Q24572	246-251	ECO:0007829|PDB:2XYI	beta_strand
Q24572	254-260	ECO:0007829|PDB:2XYI	beta_strand
Q24572	266-268	ECO:0007829|PDB:2XYI	beta_strand
Q24572	270-274	ECO:0007829|PDB:2XYI	beta_strand
Q24572	280-285	ECO:0007829|PDB:2XYI	beta_strand
Q24572	292-297	ECO:0007829|PDB:2XYI	beta_strand
Q24572	300-306	ECO:0007829|PDB:2XYI	beta_strand
Q24572	314-318	ECO:0007829|PDB:2XYI	beta_strand
Q24572	324-329	ECO:0007829|PDB:2XYI	beta_strand
Q24572	336-341	ECO:0007829|PDB:2XYI	beta_strand
Q24572	342-344	ECO:0007829|PDB:2YB8	beta_strand
Q24572	347-350	ECO:0007829|PDB:2XYI	beta_strand
Q24572	36-43	ECO:0007829|PDB:2XYI	beta_strand
Q24572	370-373	ECO:0007829|PDB:2XYI	beta_strand
Q24572	381-386	ECO:0007829|PDB:2XYI	beta_strand
Q24572	388-390	ECO:0007829|PDB:2XYI	beta_strand
Q24572	393-398	ECO:0007829|PDB:2XYI	beta_strand
Q24572	401-408	ECO:0007829|PDB:2XYI	beta_strand
Q24572	51-53	ECO:0007829|PDB:2XYI	beta_strand
Q24572	66-73	ECO:0007829|PDB:2XYI	beta_strand
Q24572	77-79	ECO:0007829|PDB:2XYI	beta_strand
Q24572	81-90	ECO:0007829|PDB:2XYI	beta_strand
Q24573	319-324	ECO:0007829|PDB:1KQQ	beta_strand
Q27272	70-72	ECO:0007829|PDB:1TAF	beta_strand
Q27415	17-20	ECO:0007829|PDB:1NLQ	beta_strand
Q27415	31-39	ECO:0007829|PDB:1NLQ	beta_strand
Q27415	4-11	ECO:0007829|PDB:1NLQ	beta_strand
Q27415	48-55	ECO:0007829|PDB:1NLQ	beta_strand
Q27415	60-69	ECO:0007829|PDB:1NLQ	beta_strand
Q27415	72-75	ECO:0007829|PDB:1NLQ	beta_strand
Q27415	79-84	ECO:0007829|PDB:1NLQ	beta_strand
Q27415	86-93	ECO:0007829|PDB:1NLQ	beta_strand
Q27415	97-104	ECO:0007829|PDB:1NLQ	beta_strand
Q27869	110-116	ECO:0007829|PDB:1R18	beta_strand
Q27869	140-146	ECO:0007829|PDB:1R18	beta_strand
Q27869	157-163	ECO:0007829|PDB:1R18	beta_strand
Q27869	167-169	ECO:0007829|PDB:1R18	beta_strand
Q27869	178-189	ECO:0007829|PDB:1R18	beta_strand
Q27869	191-193	ECO:0007829|PDB:1R18	beta_strand
Q27869	195-202	ECO:0007829|PDB:1R18	beta_strand
Q27869	208-216	ECO:0007829|PDB:1R18	beta_strand
Q27869	47-49	ECO:0007829|PDB:1R18	beta_strand
Q27869	51-54	ECO:0007829|PDB:1R18	beta_strand
Q27869	57-59	ECO:0007829|PDB:1R18	beta_strand
Q27869	81-86	ECO:0007829|PDB:1R18	beta_strand
Q27934	117-120	ECO:0007829|PDB:4I7D	beta_strand
Q32KD2	466-473	ECO:0007829|PDB:7UVE	beta_strand
Q32KD2	478-490	ECO:0007829|PDB:7UVE	beta_strand
Q32KD2	496-506	ECO:0007829|PDB:7UVE	beta_strand
Q32KD2	512-515	ECO:0007829|PDB:7UVE	beta_strand
Q32KD2	520-524	ECO:0007829|PDB:7UVE	beta_strand
Q32KD2	535-540	ECO:0007829|PDB:7UVE	beta_strand
Q32KD2	557-565	ECO:0007829|PDB:7UVE	beta_strand
Q32KD2	575-579	ECO:0007829|PDB:7UVE	beta_strand
Q32KD2	584-587	ECO:0007829|PDB:7UVE	beta_strand
Q32KD2	592-596	ECO:0007829|PDB:7UVE	beta_strand
Q32KD2	635-640	ECO:0007829|PDB:7UVE	beta_strand
Q32KD2	643-653	ECO:0007829|PDB:7UVE	beta_strand
Q32KD2	656-661	ECO:0007829|PDB:7UVE	beta_strand
Q32KD2	668-672	ECO:0007829|PDB:7UVE	beta_strand
Q59DX8	130-137	ECO:0007829|PDB:5WJE	beta_strand
Q59DX8	172-177	ECO:0007829|PDB:5WJE	beta_strand
Q59DX8	23-27	ECO:0007829|PDB:5WJE	beta_strand
Q59DX8	62-72	ECO:0007829|PDB:5WJE	beta_strand
Q59DX8	80-87	ECO:0007829|PDB:5WJE	beta_strand
Q59DX8	90-101	ECO:0007829|PDB:5WJE	beta_strand
Q6AWJ9	255-258	ECO:0007829|PDB:6S9F	beta_strand
Q6AWJ9	262-267	ECO:0007829|PDB:6S9F	beta_strand
Q6AWJ9	272-274	ECO:0007829|PDB:6S9F	beta_strand
Q6AWJ9	277-279	ECO:0007829|PDB:6S9F	beta_strand
Q6AWJ9	289-295	ECO:0007829|PDB:6S9F	beta_strand
Q6AWJ9	298-304	ECO:0007829|PDB:6S9F	beta_strand
Q6AWJ9	329-332	ECO:0007829|PDB:6S9F	beta_strand
Q6AWJ9	339-343	ECO:0007829|PDB:6S9F	beta_strand
Q6AWJ9	350-358	ECO:0007829|PDB:6S9F	beta_strand
Q6AWJ9	369-374	ECO:0007829|PDB:6S9F	beta_strand
Q6AWJ9	378-381	ECO:0007829|PDB:6S9F	beta_strand
Q6AWJ9	386-389	ECO:0007829|PDB:6S9F	beta_strand
Q6AWJ9	393-397	ECO:0007829|PDB:6S9F	beta_strand
Q6AWJ9	408-413	ECO:0007829|PDB:6S9F	beta_strand
Q6AWJ9	424-426	ECO:0007829|PDB:6S9F	beta_strand
Q6AWJ9	432-436	ECO:0007829|PDB:6S9F	beta_strand
Q6AWJ9	443-451	ECO:0007829|PDB:6S9F	beta_strand
Q6AWJ9	454-472	ECO:0007829|PDB:6S9F	beta_strand
Q6AWJ9	478-481	ECO:0007829|PDB:6S9F	beta_strand
Q6AWJ9	486-488	ECO:0007829|PDB:6S9F	beta_strand
Q6AWJ9	491-496	ECO:0007829|PDB:6S9F	beta_strand
Q6AWJ9	499-504	ECO:0007829|PDB:6S9F	beta_strand
Q6AWJ9	519-521	ECO:0007829|PDB:6S9F	beta_strand
Q6AWJ9	527-529	ECO:0007829|PDB:6S9F	beta_strand
Q6AWJ9	538-545	ECO:0007829|PDB:6S9F	beta_strand
Q6AWJ9	550-560	ECO:0007829|PDB:6S9F	beta_strand
Q6IDD9	457-460	ECO:0007829|PDB:7LCY	beta_strand
Q7JXA8	26-35	ECO:0007829|PDB:4QUC	beta_strand
Q7JXA8	364-373	ECO:0007829|PDB:5XYV	beta_strand
Q7JXA8	376-383	ECO:0007829|PDB:5XYV	beta_strand
Q7JXA8	38-45	ECO:0007829|PDB:4QUC	beta_strand
Q7JXA8	389-393	ECO:0007829|PDB:5XYV	beta_strand
Q7JXA8	412-415	ECO:0007829|PDB:5XYV	beta_strand
Q7JXA8	54-57	ECO:0007829|PDB:4QUC	beta_strand
Q7JYX0	151-153	ECO:0007829|PDB:7DB4	beta_strand
Q7JYX0	156-158	ECO:0007829|PDB:6T2T	beta_strand
Q7JYX0	32-35	ECO:0007829|PDB:6T2T	beta_strand
Q7JYX0	59-62	ECO:0007829|PDB:6T2T	beta_strand
Q7JYX0	65-67	ECO:0007829|PDB:6T2T	beta_strand
Q7JYX0	7-10	ECO:0007829|PDB:6T2T	beta_strand
Q7JYX0	86-88	ECO:0007829|PDB:6T2T	beta_strand
Q7K1U0	139-141	ECO:0007829|PDB:6S7Y	beta_strand
Q7K1U0	233-235	ECO:0007829|PDB:6TAS	beta_strand
Q7K1U0	245-247	ECO:0007829|PDB:6TAS	beta_strand
Q7K1U0	43-45	ECO:0007829|PDB:6S7X	beta_strand
Q7K1Y4	106-111	ECO:0007829|PDB:6TBN	beta_strand
Q7K1Y4	117-122	ECO:0007829|PDB:6TBN	beta_strand
Q7K1Y4	127-134	ECO:0007829|PDB:6TBN	beta_strand
Q7K1Y4	13-15	ECO:0007829|PDB:6TBN	beta_strand
Q7K1Y4	137-144	ECO:0007829|PDB:6TBN	beta_strand
Q7K1Y4	151-156	ECO:0007829|PDB:6TBN	beta_strand
Q7K1Y4	158-161	ECO:0007829|PDB:6TBN	beta_strand
Q7K1Y4	163-167	ECO:0007829|PDB:6TBN	beta_strand
Q7K1Y4	17-22	ECO:0007829|PDB:6TBN	beta_strand
Q7K1Y4	170-177	ECO:0007829|PDB:6TBN	beta_strand
Q7K1Y4	184-191	ECO:0007829|PDB:6TBN	beta_strand
Q7K1Y4	197-202	ECO:0007829|PDB:6TBN	beta_strand
Q7K1Y4	206-213	ECO:0007829|PDB:6TBN	beta_strand
Q7K1Y4	218-224	ECO:0007829|PDB:6TBN	beta_strand
Q7K1Y4	235-238	ECO:0007829|PDB:6TBL	beta_strand
Q7K1Y4	240-247	ECO:0007829|PDB:6TBN	beta_strand
Q7K1Y4	255-260	ECO:0007829|PDB:6TBN	beta_strand
Q7K1Y4	26-33	ECO:0007829|PDB:6TBN	beta_strand
Q7K1Y4	267-271	ECO:0007829|PDB:6TBN	beta_strand
Q7K1Y4	276-281	ECO:0007829|PDB:6TBN	beta_strand
Q7K1Y4	287-289	ECO:0007829|PDB:6TBL	beta_strand
Q7K1Y4	292-298	ECO:0007829|PDB:6TBN	beta_strand
Q7K1Y4	3-10	ECO:0007829|PDB:6TBN	beta_strand
Q7K1Y4	301-304	ECO:0007829|PDB:6TBN	beta_strand
Q7K1Y4	306-311	ECO:0007829|PDB:6TBN	beta_strand
Q7K1Y4	313-315	ECO:0007829|PDB:6TBN	beta_strand
Q7K1Y4	318-323	ECO:0007829|PDB:6TBN	beta_strand
Q7K1Y4	328-334	ECO:0007829|PDB:6TBN	beta_strand
Q7K1Y4	38-44	ECO:0007829|PDB:6TBN	beta_strand
Q7K1Y4	47-54	ECO:0007829|PDB:6TBN	beta_strand
Q7K1Y4	62-67	ECO:0007829|PDB:6TBN	beta_strand
Q7K1Y4	71-78	ECO:0007829|PDB:6TBN	beta_strand
Q7K1Y4	83-99	ECO:0007829|PDB:6TBN	beta_strand
Q7K237	101-106	ECO:0007829|PDB:7Q4I	beta_strand
Q7K237	127-136	ECO:0007829|PDB:7Q4I	beta_strand
Q7K237	175-181	ECO:0007829|PDB:7Q4I	beta_strand
Q7K237	184-186	ECO:0007829|PDB:7Q4I	beta_strand
Q7K237	204-210	ECO:0007829|PDB:7Q4I	beta_strand
Q7K237	225-228	ECO:0007829|PDB:7Q4I	beta_strand
Q7K237	279-281	ECO:0007829|PDB:7Q4I	beta_strand
Q7K237	305-307	ECO:0007829|PDB:7Q4I	beta_strand
Q7K237	322-325	ECO:0007829|PDB:7Q4I	beta_strand
Q7K4Y6	140-142	ECO:0007829|PDB:7WGT	beta_strand
Q7K4Y6	148-150	ECO:0007829|PDB:4XP4	beta_strand
Q7K4Y6	158-160	ECO:0007829|PDB:7WGT	beta_strand
Q7K4Y6	206-208	ECO:0007829|PDB:7WGT	beta_strand
Q7K4Y6	227-230	ECO:0007829|PDB:4XP4	beta_strand
Q7K4Y6	324-326	ECO:0007829|PDB:7WGT	beta_strand
Q7K4Y6	400-402	ECO:0007829|PDB:7WGT	beta_strand
Q7K4Y6	584-586	ECO:0007829|PDB:4XPH	beta_strand
Q7K5N4	127-129	ECO:0007829|PDB:6HGC	beta_strand
Q7K5N4	213-219	ECO:0007829|PDB:6HGC	beta_strand
Q7K5N4	221-227	ECO:0007829|PDB:6HGC	beta_strand
Q7K5N4	231-233	ECO:0007829|PDB:6HGC	beta_strand
Q7K5N4	267-275	ECO:0007829|PDB:6HGC	beta_strand
Q7K5N4	69-72	ECO:0007829|PDB:6HGC	beta_strand
Q7K5N4	76-78	ECO:0007829|PDB:6HGC	beta_strand
Q7K5N4	85-90	ECO:0007829|PDB:6HGC	beta_strand
Q7KLV9	343-346	ECO:0007829|PDB:3TXN	beta_strand
Q7KLV9	376-379	ECO:0007829|PDB:3TXN	beta_strand
Q7KLV9	384-387	ECO:0007829|PDB:3TXN	beta_strand
Q7KN62	109-115	ECO:0007829|PDB:4RV0	beta_strand
Q7KN62	142-144	ECO:0007829|PDB:4RV0	beta_strand
Q7KN62	148-153	ECO:0007829|PDB:4RV0	beta_strand
Q7KN62	156-172	ECO:0007829|PDB:4RV0	beta_strand
Q7KN62	178-180	ECO:0007829|PDB:4RV0	beta_strand
Q7KN62	22-27	ECO:0007829|PDB:4RV0	beta_strand
Q7KN62	35-38	ECO:0007829|PDB:4RV0	beta_strand
Q7KN62	53-57	ECO:0007829|PDB:4RV0	beta_strand
Q7KN62	63-70	ECO:0007829|PDB:4RV0	beta_strand
Q7KN62	78-81	ECO:0007829|PDB:4RV0	beta_strand
Q7KN62	96-101	ECO:0007829|PDB:4RV0	beta_strand
Q7KQM6	365-368	ECO:0007829|PDB:6S8R	beta_strand
Q7KRY7	726-735	ECO:0007829|PDB:5WOU	beta_strand
Q7KRY7	742-747	ECO:0007829|PDB:5WOU	beta_strand
Q7KRY7	760-766	ECO:0007829|PDB:5WOU	beta_strand
Q7KRY7	782-786	ECO:0007829|PDB:5WOU	beta_strand
Q7KRY7	808-818	ECO:0007829|PDB:5WOU	beta_strand
Q7KTX7	383-389	ECO:0007829|PDB:2M48	beta_strand
Q7KTX7	432-435	ECO:0007829|PDB:2LWR	beta_strand
Q7KTX7	442-444	ECO:0007829|PDB:2LWR	beta_strand
Q7KTX7	447-450	ECO:0007829|PDB:2LWR	beta_strand
Q7KTX7	451-453	ECO:0007829|PDB:9C5E	beta_strand
Q7KTX7	462-464	ECO:0007829|PDB:9C5E	beta_strand
Q7KTX7	467-470	ECO:0007829|PDB:2LWR	beta_strand
Q7KTX7	473-475	ECO:0007829|PDB:2LWR	beta_strand
Q7KTX7	479-481	ECO:0007829|PDB:2LWR	beta_strand
Q7KUD5	41-43	ECO:0007829|PDB:6FEY	beta_strand
Q7M3K2	16-18	ECO:0007829|PDB:3KDE	beta_strand
Q7M3K2	42-44	ECO:0007829|PDB:3KDE	beta_strand
Q7Z020	1069-1072	ECO:0007829|PDB:7YKS	beta_strand
Q7Z020	180-182	ECO:0007829|PDB:7YKR	beta_strand
Q7Z020	189-191	ECO:0007829|PDB:7YKR	beta_strand
Q7Z020	329-331	ECO:0007829|PDB:7YKR	beta_strand
Q7Z020	499-501	ECO:0007829|PDB:7YKS	beta_strand
Q7Z020	503-507	ECO:0007829|PDB:7YKR	beta_strand
Q7Z020	511-513	ECO:0007829|PDB:7YKR	beta_strand
Q7Z020	543-545	ECO:0007829|PDB:7YKR	beta_strand
Q7Z020	609-611	ECO:0007829|PDB:7YKR	beta_strand
Q7Z020	634-636	ECO:0007829|PDB:7YKS	beta_strand
Q7Z020	671-673	ECO:0007829|PDB:7YKS	beta_strand
Q7Z020	685-687	ECO:0007829|PDB:7YKS	beta_strand
Q7Z020	69-71	ECO:0007829|PDB:7YKR	beta_strand
Q7Z020	690-693	ECO:0007829|PDB:7YKS	beta_strand
Q7Z020	860-862	ECO:0007829|PDB:7YKS	beta_strand
Q7Z020	882-884	ECO:0007829|PDB:7YKS	beta_strand
Q7Z020	913-917	ECO:0007829|PDB:7YKS	beta_strand
Q86PD7	113-124	ECO:0007829|PDB:4FAI	beta_strand
Q86PD7	129-137	ECO:0007829|PDB:4FAI	beta_strand
Q86PD7	178-188	ECO:0007829|PDB:4FAI	beta_strand
Q86PD7	193-195	ECO:0007829|PDB:4FAI	beta_strand
Q86PD7	221-227	ECO:0007829|PDB:4FAI	beta_strand
Q86PD7	231-234	ECO:0007829|PDB:4FAI	beta_strand
Q86PD7	237-239	ECO:0007829|PDB:4FAI	beta_strand
Q86PD7	281-286	ECO:0007829|PDB:4FAI	beta_strand
Q86PD7	305-308	ECO:0007829|PDB:4FAI	beta_strand
Q86PD7	34-36	ECO:0007829|PDB:4FAI	beta_strand
Q86PD7	99-109	ECO:0007829|PDB:4FAI	beta_strand
Q8I0P1	517-528	ECO:0007829|PDB:6P14	beta_strand
Q8I0P1	543-547	ECO:0007829|PDB:6P14	beta_strand
Q8I0P1	553-556	ECO:0007829|PDB:3B9P	beta_strand
Q8I0P1	576-581	ECO:0007829|PDB:6P14	beta_strand
Q8I0P1	622-629	ECO:0007829|PDB:6P14	beta_strand
Q8I0P1	644-647	ECO:0007829|PDB:6P14	beta_strand
Q8IFW4	21-28	ECO:0007829|PDB:6Z7O	beta_strand
Q8IFW4	53-59	ECO:0007829|PDB:6Z7O	beta_strand
Q8IFW4	74-82	ECO:0007829|PDB:6Z7O	beta_strand
Q8IFW4	85-92	ECO:0007829|PDB:6Z7O	beta_strand
Q8IMX7	226-228	ECO:0007829|PDB:4C0K	beta_strand
Q8IMX7	266-268	ECO:0007829|PDB:4C0K	beta_strand
Q8IMX7	306-308	ECO:0007829|PDB:4C0K	beta_strand
Q8IMX7	324-327	ECO:0007829|PDB:4C0K	beta_strand
Q8IMX7	347-350	ECO:0007829|PDB:4C0K	beta_strand
Q8IMX7	362-364	ECO:0007829|PDB:4C0K	beta_strand
Q8IMX7	427-430	ECO:0007829|PDB:4C0K	beta_strand
Q8IMX7	446-452	ECO:0007829|PDB:4C0K	beta_strand
Q8IMX7	484-492	ECO:0007829|PDB:4C0K	beta_strand
Q8IMX7	495-503	ECO:0007829|PDB:4C0K	beta_strand
Q8IMX7	509-511	ECO:0007829|PDB:4C0K	beta_strand
Q8IMX7	520-530	ECO:0007829|PDB:4C0K	beta_strand
Q8IMX7	549-551	ECO:0007829|PDB:4C0K	beta_strand
Q8IMX7	553-558	ECO:0007829|PDB:4C0K	beta_strand
Q8IMX7	568-571	ECO:0007829|PDB:4C0K	beta_strand
Q8IMX7	586-588	ECO:0007829|PDB:4C0J	beta_strand
Q8IMX7	590-592	ECO:0007829|PDB:4C0J	beta_strand
Q8INK6	105-109	ECO:0007829|PDB:1OHT	beta_strand
Q8INK6	116-118	ECO:0007829|PDB:1OHT	beta_strand
Q8INK6	124-132	ECO:0007829|PDB:1OHT	beta_strand
Q8INK6	135-137	ECO:0007829|PDB:1OHT	beta_strand
Q8INK6	159-168	ECO:0007829|PDB:1OHT	beta_strand
Q8INK6	173-175	ECO:0007829|PDB:1OHT	beta_strand
Q8INK6	51-60	ECO:0007829|PDB:1OHT	beta_strand
Q8INK6	62-64	ECO:0007829|PDB:1OHT	beta_strand
Q8INK6	94-99	ECO:0007829|PDB:1OHT	beta_strand
Q8MQJ9	1004-1010	ECO:0007829|PDB:1Q7F	beta_strand
Q8MQJ9	1014-1019	ECO:0007829|PDB:1Q7F	beta_strand
Q8MQJ9	1023-1028	ECO:0007829|PDB:1Q7F	beta_strand
Q8MQJ9	762-764	ECO:0007829|PDB:1Q7F	beta_strand
Q8MQJ9	766-770	ECO:0007829|PDB:1Q7F	beta_strand
Q8MQJ9	773-776	ECO:0007829|PDB:1Q7F	beta_strand
Q8MQJ9	779-781	ECO:0007829|PDB:5EX7	beta_strand
Q8MQJ9	783-788	ECO:0007829|PDB:1Q7F	beta_strand
Q8MQJ9	794-798	ECO:0007829|PDB:1Q7F	beta_strand
Q8MQJ9	803-807	ECO:0007829|PDB:1Q7F	beta_strand
Q8MQJ9	813-817	ECO:0007829|PDB:1Q7F	beta_strand
Q8MQJ9	820-823	ECO:0007829|PDB:1Q7F	beta_strand
Q8MQJ9	827-835	ECO:0007829|PDB:1Q7F	beta_strand
Q8MQJ9	842-846	ECO:0007829|PDB:1Q7F	beta_strand
Q8MQJ9	852-856	ECO:0007829|PDB:1Q7F	beta_strand
Q8MQJ9	862-866	ECO:0007829|PDB:1Q7F	beta_strand
Q8MQJ9	874-879	ECO:0007829|PDB:1Q7F	beta_strand
Q8MQJ9	885-889	ECO:0007829|PDB:1Q7F	beta_strand
Q8MQJ9	894-898	ECO:0007829|PDB:1Q7F	beta_strand
Q8MQJ9	904-909	ECO:0007829|PDB:1Q7F	beta_strand
Q8MQJ9	915-922	ECO:0007829|PDB:1Q7F	beta_strand
Q8MQJ9	924-932	ECO:0007829|PDB:1Q7F	beta_strand
Q8MQJ9	937-942	ECO:0007829|PDB:1Q7F	beta_strand
Q8MQJ9	947-952	ECO:0007829|PDB:1Q7F	beta_strand
Q8MQJ9	959-965	ECO:0007829|PDB:1Q7F	beta_strand
Q8MQJ9	971-975	ECO:0007829|PDB:1Q7F	beta_strand
Q8MQJ9	977-979	ECO:0007829|PDB:1Q7F	beta_strand
Q8MQJ9	981-985	ECO:0007829|PDB:1Q7F	beta_strand
Q8MQJ9	991-999	ECO:0007829|PDB:1Q7F	beta_strand
Q8MRC9	211-219	ECO:0007829|PDB:6E4R	beta_strand
Q8MRC9	241-248	ECO:0007829|PDB:6E4R	beta_strand
Q8MRC9	270-274	ECO:0007829|PDB:6E4R	beta_strand
Q8MRC9	294-301	ECO:0007829|PDB:6E4R	beta_strand
Q8MRC9	304-306	ECO:0007829|PDB:6E4R	beta_strand
Q8MRC9	324-334	ECO:0007829|PDB:6E4R	beta_strand
Q8MRC9	349-353	ECO:0007829|PDB:6E4R	beta_strand
Q8MRC9	359-363	ECO:0007829|PDB:6E4R	beta_strand
Q8MRC9	386-392	ECO:0007829|PDB:6E4R	beta_strand
Q8MRC9	426-439	ECO:0007829|PDB:6E4R	beta_strand
Q8MRC9	519-523	ECO:0007829|PDB:6E4R	beta_strand
Q8MRC9	525-527	ECO:0007829|PDB:6E4R	beta_strand
Q8MRC9	534-538	ECO:0007829|PDB:6E4R	beta_strand
Q8MRC9	541-544	ECO:0007829|PDB:6E4Q	beta_strand
Q8MRC9	547-553	ECO:0007829|PDB:6E4R	beta_strand
Q8MRC9	563-565	ECO:0007829|PDB:6E4R	beta_strand
Q8MRC9	571-573	ECO:0007829|PDB:6E4R	beta_strand
Q8MRC9	576-583	ECO:0007829|PDB:6E4R	beta_strand
Q8MRC9	585-589	ECO:0007829|PDB:6E4R	beta_strand
Q8MRC9	599-602	ECO:0007829|PDB:6E4R	beta_strand
Q8MRC9	607-610	ECO:0007829|PDB:6E4R	beta_strand
Q8MRC9	616-619	ECO:0007829|PDB:6E4R	beta_strand
Q8MRC9	626-629	ECO:0007829|PDB:6E4R	beta_strand
Q8MRC9	640-642	ECO:0007829|PDB:6E4R	beta_strand
Q8MSU4	141-143	ECO:0007829|PDB:3GS3	beta_strand
Q8MSU4	193-195	ECO:0007829|PDB:4IMJ	beta_strand
Q8ST83	147-157	ECO:0007829|PDB:4C5E	beta_strand
Q8ST83	160-169	ECO:0007829|PDB:4C5E	beta_strand
Q8SXQ7	123-126	ECO:0007829|PDB:2XZ4	beta_strand
Q8SXQ7	132-136	ECO:0007829|PDB:2XZ4	beta_strand
Q8SXQ7	138-140	ECO:0007829|PDB:2XZ4	beta_strand
Q8SXQ7	144-146	ECO:0007829|PDB:2F2L	beta_strand
Q8SXQ7	153-159	ECO:0007829|PDB:2XZ4	beta_strand
Q8SXQ7	162-164	ECO:0007829|PDB:2XZ4	beta_strand
Q8SXQ7	186-195	ECO:0007829|PDB:2XZ4	beta_strand
Q8SXQ7	200-202	ECO:0007829|PDB:2XZ4	beta_strand
Q8SXQ7	256-265	ECO:0007829|PDB:2XZ8	beta_strand
Q8SXQ7	300-303	ECO:0007829|PDB:2XZ8	beta_strand
Q8SXQ7	309-313	ECO:0007829|PDB:2XZ8	beta_strand
Q8SXQ7	315-317	ECO:0007829|PDB:2XZ8	beta_strand
Q8SXQ7	327-334	ECO:0007829|PDB:2XZ8	beta_strand
Q8SXQ7	355-364	ECO:0007829|PDB:2XZ8	beta_strand
Q8SXQ7	79-88	ECO:0007829|PDB:2XZ4	beta_strand
Q8SY33	1118-1122	ECO:0007829|PDB:2WBR	beta_strand
Q8SY33	1143-1149	ECO:0007829|PDB:2WBR	beta_strand
Q8SY33	1154-1161	ECO:0007829|PDB:2WBR	beta_strand
Q8SY33	1175-1177	ECO:0007829|PDB:2WBR	beta_strand
Q8SY33	1180-1185	ECO:0007829|PDB:2WBR	beta_strand
Q8SYK5	254-256	ECO:0007829|PDB:4IX7	beta_strand
Q8SYK5	263-265	ECO:0007829|PDB:4IX7	beta_strand
Q8SYK5	297-300	ECO:0007829|PDB:4IX7	beta_strand
Q8T045	104-110	ECO:0007829|PDB:5F86	beta_strand
Q8T045	113-116	ECO:0007829|PDB:5F86	beta_strand
Q8T045	143-147	ECO:0007829|PDB:5F86	beta_strand
Q8T045	150-152	ECO:0007829|PDB:5F86	beta_strand
Q8T045	156-159	ECO:0007829|PDB:5F86	beta_strand
Q8T045	168-170	ECO:0007829|PDB:5F86	beta_strand
Q8T045	194-196	ECO:0007829|PDB:5F86	beta_strand
Q8T045	222-231	ECO:0007829|PDB:5F86	beta_strand
Q8T045	251-256	ECO:0007829|PDB:5F86	beta_strand
Q8T045	284-290	ECO:0007829|PDB:5F86	beta_strand
Q8T045	293-295	ECO:0007829|PDB:5F86	beta_strand
Q8T045	308-312	ECO:0007829|PDB:5F86	beta_strand
Q8T045	329-333	ECO:0007829|PDB:5F86	beta_strand
Q8T045	335-337	ECO:0007829|PDB:5F87	beta_strand
Q8T045	401-405	ECO:0007829|PDB:5F86	beta_strand
Q8T045	64-67	ECO:0007829|PDB:5F86	beta_strand
Q8T0Q4	54-56	ECO:0007829|PDB:5VO5	beta_strand
Q8T913	125-128	ECO:0007829|PDB:3K1L	beta_strand
Q8T913	134-140	ECO:0007829|PDB:3K1L	beta_strand
Q8T913	143-151	ECO:0007829|PDB:3K1L	beta_strand
Q8T913	157-162	ECO:0007829|PDB:3K1L	beta_strand
Q8T913	18-22	ECO:0007829|PDB:3K1L	beta_strand
Q8T913	211-214	ECO:0007829|PDB:3K1L	beta_strand
Q8T913	221-227	ECO:0007829|PDB:3K1L	beta_strand
Q8T913	230-237	ECO:0007829|PDB:3K1L	beta_strand
Q8T913	246-253	ECO:0007829|PDB:3K1L	beta_strand
Q8T913	28-36	ECO:0007829|PDB:3K1L	beta_strand
Q8T913	312-314	ECO:0007829|PDB:3K1L	beta_strand
Q8T913	352-354	ECO:0007829|PDB:3K1L	beta_strand
Q8T913	361-363	ECO:0007829|PDB:3K1L	beta_strand
Q8T913	370-372	ECO:0007829|PDB:3K1L	beta_strand
Q8T913	39-47	ECO:0007829|PDB:3K1L	beta_strand
Q8T913	57-61	ECO:0007829|PDB:3K1L	beta_strand
Q8T913	63-69	ECO:0007829|PDB:3K1L	beta_strand
Q8T9B6	127-133	ECO:0007829|PDB:3OFF	beta_strand
Q8T9B6	136-143	ECO:0007829|PDB:3OFF	beta_strand
Q8T9B6	160-165	ECO:0007829|PDB:3OFF	beta_strand
Q8T9B6	168-171	ECO:0007829|PDB:3OFF	beta_strand
Q8T9B6	94-103	ECO:0007829|PDB:3OFF	beta_strand
Q94511	111-116	ECO:0007829|PDB:8B9Z	beta_strand
Q94511	132-134	ECO:0007829|PDB:8B9Z	beta_strand
Q94511	181-185	ECO:0007829|PDB:8B9Z	beta_strand
Q94511	211-213	ECO:0007829|PDB:8B9Z	beta_strand
Q94511	219-221	ECO:0007829|PDB:8B9Z	beta_strand
Q94511	245-248	ECO:0007829|PDB:8B9Z	beta_strand
Q94511	260-265	ECO:0007829|PDB:8B9Z	beta_strand
Q94511	274-289	ECO:0007829|PDB:8B9Z	beta_strand
Q94511	313-315	ECO:0007829|PDB:8B9Z	beta_strand
Q94511	320-322	ECO:0007829|PDB:8B9Z	beta_strand
Q94511	324-326	ECO:0007829|PDB:8B9Z	beta_strand
Q94511	328-331	ECO:0007829|PDB:8B9Z	beta_strand
Q94511	351-355	ECO:0007829|PDB:8B9Z	beta_strand
Q94511	378-380	ECO:0007829|PDB:8B9Z	beta_strand
Q94511	397-400	ECO:0007829|PDB:8B9Z	beta_strand
Q94511	409-415	ECO:0007829|PDB:8B9Z	beta_strand
Q94511	42-46	ECO:0007829|PDB:8B9Z	beta_strand
Q94511	439-445	ECO:0007829|PDB:8B9Z	beta_strand
Q94511	480-488	ECO:0007829|PDB:8B9Z	beta_strand
Q94511	49-53	ECO:0007829|PDB:8B9Z	beta_strand
Q94511	519-522	ECO:0007829|PDB:8B9Z	beta_strand
Q94511	549-555	ECO:0007829|PDB:8B9Z	beta_strand
Q94511	571-578	ECO:0007829|PDB:8B9Z	beta_strand
Q94511	587-592	ECO:0007829|PDB:8B9Z	beta_strand
Q94511	601-603	ECO:0007829|PDB:8B9Z	beta_strand
Q94511	609-611	ECO:0007829|PDB:8B9Z	beta_strand
Q94511	89-94	ECO:0007829|PDB:8B9Z	beta_strand
Q94519	86-88	ECO:0007829|PDB:8B9Z	beta_strand
Q94521	110-114	ECO:0007829|PDB:5GI7	beta_strand
Q94521	119-129	ECO:0007829|PDB:5GI7	beta_strand
Q94521	173-183	ECO:0007829|PDB:5GI7	beta_strand
Q94521	211-218	ECO:0007829|PDB:5GI7	beta_strand
Q94521	231-237	ECO:0007829|PDB:5GI7	beta_strand
Q94521	257-264	ECO:0007829|PDB:5GI7	beta_strand
Q94521	57-61	ECO:0007829|PDB:5GI7	beta_strand
Q94524	58-69	ECO:0007829|PDB:1YGT	beta_strand
Q94524	75-83	ECO:0007829|PDB:2PG1	beta_strand
Q94524	89-96	ECO:0007829|PDB:1YGT	beta_strand
Q94524	98-110	ECO:0007829|PDB:1YGT	beta_strand
Q95RQ8	25-29	ECO:0007829|PDB:7POK	beta_strand
Q95RQ8	59-61	ECO:0007829|PDB:7POK	beta_strand
Q95RQ8	64-66	ECO:0007829|PDB:7POK	beta_strand
Q95TS5	10-12	ECO:0007829|PDB:7SN8	beta_strand
Q95TS5	116-119	ECO:0007829|PDB:7SN8	beta_strand
Q95TS5	122-127	ECO:0007829|PDB:7SN8	beta_strand
Q95TS5	15-21	ECO:0007829|PDB:7SN8	beta_strand
Q95TS5	162-164	ECO:0007829|PDB:7SN8	beta_strand
Q95TS5	193-196	ECO:0007829|PDB:7SN8	beta_strand
Q95TS5	202-204	ECO:0007829|PDB:7SN8	beta_strand
Q95TS5	208-212	ECO:0007829|PDB:7SN8	beta_strand
Q95TS5	224-227	ECO:0007829|PDB:7SN8	beta_strand
Q95TS5	23-26	ECO:0007829|PDB:7SN8	beta_strand
Q95TS5	232-236	ECO:0007829|PDB:7SN8	beta_strand
Q95TS5	258-262	ECO:0007829|PDB:7SN8	beta_strand
Q95TS5	294-296	ECO:0007829|PDB:7SN8	beta_strand
Q95TS5	3-5	ECO:0007829|PDB:7SN8	beta_strand
Q95TS5	325-328	ECO:0007829|PDB:7SN8	beta_strand
Q95TS5	371-376	ECO:0007829|PDB:7SN8	beta_strand
Q95TS5	392-394	ECO:0007829|PDB:7SN8	beta_strand
Q95TS5	400-403	ECO:0007829|PDB:7SN8	beta_strand
Q95TS5	467-472	ECO:0007829|PDB:7SN8	beta_strand
Q95TS5	49-51	ECO:0007829|PDB:7SN8	beta_strand
Q95TS5	492-497	ECO:0007829|PDB:7SN8	beta_strand
Q95TS5	511-516	ECO:0007829|PDB:7SN8	beta_strand
Q95TS5	530-532	ECO:0007829|PDB:7SN8	beta_strand
Q95TS5	534-539	ECO:0007829|PDB:7SN8	beta_strand
Q95TS5	581-583	ECO:0007829|PDB:7SN8	beta_strand
Q95TS5	603-607	ECO:0007829|PDB:7SN8	beta_strand
Q95TS5	610-615	ECO:0007829|PDB:7SN8	beta_strand
Q95TS5	620-624	ECO:0007829|PDB:7SN8	beta_strand
Q95TS5	629-631	ECO:0007829|PDB:7SN8	beta_strand
Q95TS5	651-653	ECO:0007829|PDB:7SN8	beta_strand
Q95TS5	69-71	ECO:0007829|PDB:7SN8	beta_strand
Q95TS5	76-78	ECO:0007829|PDB:7SN8	beta_strand
Q95TS5	89-92	ECO:0007829|PDB:7SN8	beta_strand
Q95TS5	94-96	ECO:0007829|PDB:7SN8	beta_strand
Q95TS5	99-101	ECO:0007829|PDB:7SN8	beta_strand
Q960X8	173-175	ECO:0007829|PDB:1DVP	beta_strand
Q960X8	194-198	ECO:0007829|PDB:1DVP	beta_strand
Q960X8	203-209	ECO:0007829|PDB:1DVP	beta_strand
Q961D9	324-327	ECO:0007829|PDB:3ZPV	beta_strand
Q9GNK5	375-384	ECO:0007829|PDB:2F2L	beta_strand
Q9GNK5	419-422	ECO:0007829|PDB:2F2L	beta_strand
Q9GNK5	428-432	ECO:0007829|PDB:2F2L	beta_strand
Q9GNK5	434-436	ECO:0007829|PDB:1Z6I	beta_strand
Q9GNK5	439-441	ECO:0007829|PDB:2F2L	beta_strand
Q9GNK5	449-453	ECO:0007829|PDB:2F2L	beta_strand
Q9GNK5	460-462	ECO:0007829|PDB:2F2L	beta_strand
Q9GNK5	484-493	ECO:0007829|PDB:2F2L	beta_strand
Q9GNK5	500-502	ECO:0007829|PDB:2F2L	beta_strand
Q9I7D3	280-283	ECO:0007829|PDB:6BK4	beta_strand
Q9NBD7	211-213	ECO:0007829|PDB:4G3A	beta_strand
Q9NHA8	110-120	ECO:0007829|PDB:3IE4	beta_strand
Q9NHA8	32-39	ECO:0007829|PDB:3IE4	beta_strand
Q9NHA8	41-46	ECO:0007829|PDB:3IE4	beta_strand
Q9NHA8	51-62	ECO:0007829|PDB:3IE4	beta_strand
Q9NHA8	71-76	ECO:0007829|PDB:3IE4	beta_strand
Q9NHA8	83-90	ECO:0007829|PDB:3IE4	beta_strand
Q9NHA8	98-107	ECO:0007829|PDB:3IE4	beta_strand
Q9NII1	101-109	ECO:0007829|PDB:2LJH	beta_strand
Q9NII1	77-84	ECO:0007829|PDB:2LJH	beta_strand
Q9NII1	87-89	ECO:0007829|PDB:2LJH	beta_strand
Q9NII1	91-98	ECO:0007829|PDB:2LJH	beta_strand
Q9U1H9	364-369	ECO:0007829|PDB:6IHJ	beta_strand
Q9U1H9	399-408	ECO:0007829|PDB:6IHJ	beta_strand
Q9U1H9	443-445	ECO:0007829|PDB:6IHJ	beta_strand
Q9U1H9	459-461	ECO:0007829|PDB:6IHJ	beta_strand
Q9U1H9	467-473	ECO:0007829|PDB:6IHJ	beta_strand
Q9U1H9	478-488	ECO:0007829|PDB:6IHJ	beta_strand
Q9U1H9	504-515	ECO:0007829|PDB:6IHJ	beta_strand
Q9U1H9	517-531	ECO:0007829|PDB:6IHJ	beta_strand
Q9U405	17-21	ECO:0007829|PDB:1PZW	beta_strand
Q9U405	50-53	ECO:0007829|PDB:1PZW	beta_strand
Q9U4L6	103-105	ECO:0007829|PDB:9ETM	beta_strand
Q9U4L6	108-116	ECO:0007829|PDB:9ETM	beta_strand
Q9U4L6	129-134	ECO:0007829|PDB:9ETM	beta_strand
Q9U4L6	140-146	ECO:0007829|PDB:9ETM	beta_strand
Q9U4L6	148-151	ECO:0007829|PDB:9ETM	beta_strand
Q9U4L6	153-161	ECO:0007829|PDB:9ETM	beta_strand
Q9U4L6	164-175	ECO:0007829|PDB:9ETM	beta_strand
Q9U4L6	177-187	ECO:0007829|PDB:9ETM	beta_strand
Q9U4L6	190-193	ECO:0007829|PDB:9ETM	beta_strand
Q9U4L6	195-206	ECO:0007829|PDB:9ETM	beta_strand
Q9U4L6	209-220	ECO:0007829|PDB:9ETM	beta_strand
Q9U4L6	223-237	ECO:0007829|PDB:9ETM	beta_strand
Q9U4L6	243-251	ECO:0007829|PDB:9ETM	beta_strand
Q9U4L6	253-262	ECO:0007829|PDB:9ETM	beta_strand
Q9U4L6	265-273	ECO:0007829|PDB:9ETM	beta_strand
Q9U4L6	280-290	ECO:0007829|PDB:9ETM	beta_strand
Q9U4L6	295-302	ECO:0007829|PDB:9ETM	beta_strand
Q9U4L6	305-314	ECO:0007829|PDB:9ETM	beta_strand
Q9U4L6	316-329	ECO:0007829|PDB:9ETM	beta_strand
Q9U4L6	334-343	ECO:0007829|PDB:9ETM	beta_strand
Q9U4L6	80-90	ECO:0007829|PDB:9ETM	beta_strand
Q9U4L6	93-101	ECO:0007829|PDB:9ETM	beta_strand
Q9V3D4	145-150	ECO:0007829|PDB:1JND	beta_strand
Q9V3D4	210-215	ECO:0007829|PDB:1JND	beta_strand
Q9V3D4	23-29	ECO:0007829|PDB:1JND	beta_strand
Q9V3D4	235-239	ECO:0007829|PDB:1JND	beta_strand
Q9V3D4	292-304	ECO:0007829|PDB:1JND	beta_strand
Q9V3D4	317-319	ECO:0007829|PDB:1JNE	beta_strand
Q9V3D4	335-337	ECO:0007829|PDB:1JND	beta_strand
Q9V3D4	360-363	ECO:0007829|PDB:1JND	beta_strand
Q9V3D4	368-370	ECO:0007829|PDB:1JNE	beta_strand
Q9V3D4	372-376	ECO:0007829|PDB:1JND	beta_strand
Q9V3D4	386-390	ECO:0007829|PDB:1JND	beta_strand
Q9V3D4	409-414	ECO:0007829|PDB:1JND	beta_strand
Q9V3D4	54-63	ECO:0007829|PDB:1JND	beta_strand
Q9V3D4	70-72	ECO:0007829|PDB:1JND	beta_strand
Q9V3D4	98-104	ECO:0007829|PDB:1JND	beta_strand
Q9V3H8	105-119	ECO:0007829|PDB:6IHJ	beta_strand
Q9V3H8	121-131	ECO:0007829|PDB:6IHJ	beta_strand
Q9V3H8	38-46	ECO:0007829|PDB:6IHJ	beta_strand
Q9V3H8	49-53	ECO:0007829|PDB:6IHJ	beta_strand
Q9V3H8	67-79	ECO:0007829|PDB:6IHJ	beta_strand
Q9V3H8	89-100	ECO:0007829|PDB:6IHJ	beta_strand
Q9V3J8	106-110	ECO:0007829|PDB:4CY3	beta_strand
Q9V3J8	117-122	ECO:0007829|PDB:4CY3	beta_strand
Q9V3J8	126-133	ECO:0007829|PDB:4CY3	beta_strand
Q9V3J8	136-142	ECO:0007829|PDB:4CY3	beta_strand
Q9V3J8	148-153	ECO:0007829|PDB:4CY3	beta_strand
Q9V3J8	159-164	ECO:0007829|PDB:4CY3	beta_strand
Q9V3J8	168-175	ECO:0007829|PDB:4CY3	beta_strand
Q9V3J8	180-184	ECO:0007829|PDB:4CY3	beta_strand
Q9V3J8	190-194	ECO:0007829|PDB:4CY3	beta_strand
Q9V3J8	201-206	ECO:0007829|PDB:4CY3	beta_strand
Q9V3J8	210-217	ECO:0007829|PDB:4CY3	beta_strand
Q9V3J8	222-226	ECO:0007829|PDB:4CY3	beta_strand
Q9V3J8	232-236	ECO:0007829|PDB:4CY3	beta_strand
Q9V3J8	244-249	ECO:0007829|PDB:4CY3	beta_strand
Q9V3J8	256-260	ECO:0007829|PDB:4CY3	beta_strand
Q9V3J8	264-269	ECO:0007829|PDB:4CY3	beta_strand
Q9V3J8	274-279	ECO:0007829|PDB:4CY3	beta_strand
Q9V3J8	285-287	ECO:0007829|PDB:4CY3	beta_strand
Q9V3J8	291-294	ECO:0007829|PDB:4CY3	beta_strand
Q9V3J8	296-298	ECO:0007829|PDB:4CY3	beta_strand
Q9V3J8	300-303	ECO:0007829|PDB:4CY3	beta_strand
Q9V3J8	310-314	ECO:0007829|PDB:4CY3	beta_strand
Q9V3J8	320-324	ECO:0007829|PDB:4CY3	beta_strand
Q9V3J8	331-336	ECO:0007829|PDB:4CY3	beta_strand
Q9V3J8	338-347	ECO:0007829|PDB:4CY3	beta_strand
Q9V3J8	354-358	ECO:0007829|PDB:4CY3	beta_strand
Q9V3J8	63-68	ECO:0007829|PDB:4CY3	beta_strand
Q9V3J8	75-80	ECO:0007829|PDB:4CY3	beta_strand
Q9V3J8	84-91	ECO:0007829|PDB:4CY3	beta_strand
Q9V3J8	96-100	ECO:0007829|PDB:4CY3	beta_strand
Q9V429	2-4	ECO:0007829|PDB:1XWA	beta_strand
Q9V429	21-28	ECO:0007829|PDB:1XWA	beta_strand
Q9V429	53-59	ECO:0007829|PDB:1XWA	beta_strand
Q9V429	74-82	ECO:0007829|PDB:1XWA	beta_strand
Q9V429	85-92	ECO:0007829|PDB:1XWA	beta_strand
Q9V452	31-34	ECO:0007829|PDB:2BYK	beta_strand
Q9V4K2	22-26	ECO:0007829|PDB:8JMA	beta_strand
Q9V4K2	32-36	ECO:0007829|PDB:8JMA	beta_strand
Q9V4K2	392-394	ECO:0007829|PDB:8JMA	beta_strand
Q9V4K2	399-401	ECO:0007829|PDB:8JMA	beta_strand
Q9V4K2	65-67	ECO:0007829|PDB:8JMA	beta_strand
Q9V4K2	69-71	ECO:0007829|PDB:8JMA	beta_strand
Q9V4Q8	117-119	ECO:0007829|PDB:6F4J	beta_strand
Q9V4Q8	14-16	ECO:0007829|PDB:6F4J	beta_strand
Q9V4Q8	22-25	ECO:0007829|PDB:6F4J	beta_strand
Q9V4Q8	45-48	ECO:0007829|PDB:6F4J	beta_strand
Q9V4Q8	55-57	ECO:0007829|PDB:6F4J	beta_strand
Q9V4Q8	68-70	ECO:0007829|PDB:6F4J	beta_strand
Q9V4Q8	92-94	ECO:0007829|PDB:6F4J	beta_strand
Q9V535	111-113	ECO:0007829|PDB:1OO0	beta_strand
Q9V535	115-123	ECO:0007829|PDB:1OO0	beta_strand
Q9V535	145-153	ECO:0007829|PDB:1OO0	beta_strand
Q9V535	32-35	ECO:0007829|PDB:1HL6	beta_strand
Q9V535	72-79	ECO:0007829|PDB:1OO0	beta_strand
Q9V535	99-103	ECO:0007829|PDB:1OO0	beta_strand
Q9V6K1	1023-1035	ECO:0007829|PDB:3LXU	beta_strand
Q9V6K1	1038-1040	ECO:0007829|PDB:3LXU	beta_strand
Q9V6K1	1054-1056	ECO:0007829|PDB:3LXU	beta_strand
Q9V6K1	1058-1065	ECO:0007829|PDB:3LXU	beta_strand
Q9V6K1	1082-1093	ECO:0007829|PDB:3LXU	beta_strand
Q9V6K1	1103-1108	ECO:0007829|PDB:3LXU	beta_strand
Q9V6K1	126-132	ECO:0007829|PDB:3LXU	beta_strand
Q9V6K1	1312-1314	ECO:0007829|PDB:3LXU	beta_strand
Q9V6K1	147-149	ECO:0007829|PDB:3LXU	beta_strand
Q9V6K1	154-157	ECO:0007829|PDB:3LXU	beta_strand
Q9V6K1	163-165	ECO:0007829|PDB:3LXU	beta_strand
Q9V6K1	219-224	ECO:0007829|PDB:3LXU	beta_strand
Q9V6K1	226-229	ECO:0007829|PDB:3LXU	beta_strand
Q9V6K1	240-242	ECO:0007829|PDB:3LXU	beta_strand
Q9V6K1	257-259	ECO:0007829|PDB:3LXU	beta_strand
Q9V6K1	291-297	ECO:0007829|PDB:3LXU	beta_strand
Q9V6K1	300-302	ECO:0007829|PDB:3LXU	beta_strand
Q9V6K1	304-307	ECO:0007829|PDB:3LXU	beta_strand
Q9V6K1	309-312	ECO:0007829|PDB:3LXU	beta_strand
Q9V6K1	318-322	ECO:0007829|PDB:3LXU	beta_strand
Q9V6K1	332-336	ECO:0007829|PDB:3LXU	beta_strand
Q9V6K1	338-344	ECO:0007829|PDB:3LXU	beta_strand
Q9V6K1	349-354	ECO:0007829|PDB:3LXU	beta_strand
Q9V6K1	372-376	ECO:0007829|PDB:3LXU	beta_strand
Q9V6K1	384-389	ECO:0007829|PDB:3LXU	beta_strand
Q9V6K1	423-426	ECO:0007829|PDB:3LXU	beta_strand
Q9V6K1	454-458	ECO:0007829|PDB:3LXU	beta_strand
Q9V6K1	464-467	ECO:0007829|PDB:3LXU	beta_strand
Q9V6K1	475-478	ECO:0007829|PDB:3LXU	beta_strand
Q9V6K1	480-486	ECO:0007829|PDB:3LXU	beta_strand
Q9V6K1	516-519	ECO:0007829|PDB:3LXU	beta_strand
Q9V6K1	522-527	ECO:0007829|PDB:3LXU	beta_strand
Q9V6K1	597-601	ECO:0007829|PDB:3LXU	beta_strand
Q9V6K1	622-628	ECO:0007829|PDB:3LXU	beta_strand
Q9V6K1	633-638	ECO:0007829|PDB:3LXU	beta_strand
Q9V6K1	647-659	ECO:0007829|PDB:3LXU	beta_strand
Q9V6K1	663-665	ECO:0007829|PDB:3LXU	beta_strand
Q9V6K1	674-681	ECO:0007829|PDB:3LXU	beta_strand
Q9V6K1	684-686	ECO:0007829|PDB:3LXU	beta_strand
Q9V6K1	697-703	ECO:0007829|PDB:3LXU	beta_strand
Q9V6K1	710-723	ECO:0007829|PDB:3LXU	beta_strand
Q9V6K1	730-739	ECO:0007829|PDB:3LXU	beta_strand
Q9V6K1	746-749	ECO:0007829|PDB:3LXU	beta_strand
Q9V6K1	757-759	ECO:0007829|PDB:3LXU	beta_strand
Q9V6K1	763-765	ECO:0007829|PDB:3LXU	beta_strand
Q9V6K1	771-776	ECO:0007829|PDB:3LXU	beta_strand
Q9V6K1	783-790	ECO:0007829|PDB:3LXU	beta_strand
Q9V6K1	799-808	ECO:0007829|PDB:3LXU	beta_strand
Q9V6K1	818-830	ECO:0007829|PDB:3LXU	beta_strand
Q9V6K1	832-837	ECO:0007829|PDB:3LXU	beta_strand
Q9V6K1	842-850	ECO:0007829|PDB:3LXU	beta_strand
Q9V6K1	854-856	ECO:0007829|PDB:3LXU	beta_strand
Q9V6K1	858-867	ECO:0007829|PDB:3LXU	beta_strand
Q9V6K1	869-871	ECO:0007829|PDB:3LXU	beta_strand
Q9V6K1	878-880	ECO:0007829|PDB:3LXU	beta_strand
Q9V6K1	886-894	ECO:0007829|PDB:3LXU	beta_strand
Q9V6K1	896-911	ECO:0007829|PDB:3LXU	beta_strand
Q9V6K1	916-920	ECO:0007829|PDB:3LXU	beta_strand
Q9V6K1	923-928	ECO:0007829|PDB:3LXU	beta_strand
Q9V6K1	935-947	ECO:0007829|PDB:3LXU	beta_strand
Q9V6K1	949-954	ECO:0007829|PDB:3LXU	beta_strand
Q9V6K1	962-964	ECO:0007829|PDB:3LXU	beta_strand
Q9V6K1	966-968	ECO:0007829|PDB:3LXU	beta_strand
Q9V6K1	972-975	ECO:0007829|PDB:3LXU	beta_strand
Q9V6K1	981-985	ECO:0007829|PDB:3LXU	beta_strand
Q9V6K1	994-996	ECO:0007829|PDB:3LXU	beta_strand
Q9V6K1	998-1010	ECO:0007829|PDB:3LXU	beta_strand
Q9V6K3	133-137	ECO:0007829|PDB:7ME4	beta_strand
Q9V6K3	140-143	ECO:0007829|PDB:7ME4	beta_strand
Q9V6K3	216-221	ECO:0007829|PDB:7ME4	beta_strand
Q9V6K3	247-249	ECO:0007829|PDB:7ME4	beta_strand
Q9V6K3	275-277	ECO:0007829|PDB:7ME4	beta_strand
Q9V6K3	279-283	ECO:0007829|PDB:7ME4	beta_strand
Q9V6K3	289-291	ECO:0007829|PDB:7ME4	beta_strand
Q9V6Q2	165-168	ECO:0007829|PDB:6XWT	beta_strand
Q9V727	281-284	ECO:0007829|PDB:6HGC	beta_strand
Q9V9N4	127-129	ECO:0007829|PDB:7NF9	beta_strand
Q9V9N4	134-138	ECO:0007829|PDB:7NF9	beta_strand
Q9V9N4	92-94	ECO:0007829|PDB:7NF9	beta_strand
Q9V9N4	96-98	ECO:0007829|PDB:7NF9	beta_strand
Q9V9W8	763-765	ECO:0007829|PDB:3ZPV	beta_strand
Q9V9W8	773-775	ECO:0007829|PDB:3ZPV	beta_strand
Q9V9W8	795-798	ECO:0007829|PDB:3ZPV	beta_strand
Q9VA37	131-137	ECO:0007829|PDB:4E08	beta_strand
Q9VA37	142-146	ECO:0007829|PDB:4E08	beta_strand
Q9VA37	149-152	ECO:0007829|PDB:4E08	beta_strand
Q9VA37	31-41	ECO:0007829|PDB:4E08	beta_strand
Q9VA37	4-9	ECO:0007829|PDB:4E08	beta_strand
Q9VA37	50-52	ECO:0007829|PDB:4E08	beta_strand
Q9VA37	54-56	ECO:0007829|PDB:4E08	beta_strand
Q9VA37	66-70	ECO:0007829|PDB:4E08	beta_strand
Q9VA37	99-103	ECO:0007829|PDB:4E08	beta_strand
Q9VAC8	111-119	ECO:0007829|PDB:5AL7	beta_strand
Q9VAC8	133-139	ECO:0007829|PDB:5AL7	beta_strand
Q9VAC8	146-155	ECO:0007829|PDB:5AL7	beta_strand
Q9VAC8	20-33	ECO:0007829|PDB:5AL7	beta_strand
Q9VAC8	41-55	ECO:0007829|PDB:5AL7	beta_strand
Q9VAC8	57-64	ECO:0007829|PDB:5AL7	beta_strand
Q9VAC8	67-77	ECO:0007829|PDB:5AL7	beta_strand
Q9VAH9	12-17	ECO:0007829|PDB:7SN8	beta_strand
Q9VAH9	132-136	ECO:0007829|PDB:7SN8	beta_strand
Q9VAH9	145-147	ECO:0007829|PDB:7SN8	beta_strand
Q9VAH9	149-154	ECO:0007829|PDB:7SN8	beta_strand
Q9VAH9	162-168	ECO:0007829|PDB:7SN8	beta_strand
Q9VAH9	171-175	ECO:0007829|PDB:7SN8	beta_strand
Q9VAH9	185-187	ECO:0007829|PDB:7SN8	beta_strand
Q9VAH9	19-24	ECO:0007829|PDB:7SN8	beta_strand
Q9VAH9	198-204	ECO:0007829|PDB:7SN8	beta_strand
Q9VAH9	235-238	ECO:0007829|PDB:7SN8	beta_strand
Q9VAH9	241-243	ECO:0007829|PDB:7SN8	beta_strand
Q9VAH9	265-267	ECO:0007829|PDB:7SN8	beta_strand
Q9VAH9	27-31	ECO:0007829|PDB:7SN8	beta_strand
Q9VAH9	3-10	ECO:0007829|PDB:7SN8	beta_strand
Q9VAH9	303-307	ECO:0007829|PDB:7SN8	beta_strand
Q9VAH9	320-325	ECO:0007829|PDB:7SN8	beta_strand
Q9VAH9	347-350	ECO:0007829|PDB:7SN8	beta_strand
Q9VAH9	369-371	ECO:0007829|PDB:7SN8	beta_strand
Q9VAH9	377-379	ECO:0007829|PDB:7SN8	beta_strand
Q9VAH9	382-386	ECO:0007829|PDB:7SN8	beta_strand
Q9VAH9	408-415	ECO:0007829|PDB:7SN8	beta_strand
Q9VAH9	434-436	ECO:0007829|PDB:7SN8	beta_strand
Q9VAH9	444-447	ECO:0007829|PDB:7SN8	beta_strand
Q9VAH9	453-457	ECO:0007829|PDB:7SN8	beta_strand
Q9VAH9	482-490	ECO:0007829|PDB:7SN8	beta_strand
Q9VAH9	492-495	ECO:0007829|PDB:7SN8	beta_strand
Q9VAH9	511-520	ECO:0007829|PDB:7SN8	beta_strand
Q9VAH9	53-55	ECO:0007829|PDB:7SN8	beta_strand
Q9VAH9	546-548	ECO:0007829|PDB:7SN8	beta_strand
Q9VAH9	552-555	ECO:0007829|PDB:7SN8	beta_strand
Q9VAH9	558-563	ECO:0007829|PDB:7SN8	beta_strand
Q9VAH9	571-579	ECO:0007829|PDB:7SN8	beta_strand
Q9VAH9	62-65	ECO:0007829|PDB:7SN8	beta_strand
Q9VAH9	90-93	ECO:0007829|PDB:7SN8	beta_strand
Q9VAK8	105-114	ECO:0007829|PDB:3ZZO	beta_strand
Q9VAK8	30-40	ECO:0007829|PDB:3ZZO	beta_strand
Q9VAK8	55-59	ECO:0007829|PDB:3ZZO	beta_strand
Q9VAK8	63-65	ECO:0007829|PDB:3ZZO	beta_strand
Q9VAK8	68-70	ECO:0007829|PDB:3ZZO	beta_strand
Q9VAK8	72-74	ECO:0007829|PDB:3ZZO	beta_strand
Q9VAK8	80-82	ECO:0007829|PDB:3ZZO	beta_strand
Q9VAM9	26-29	ECO:0007829|PDB:3NQW	beta_strand
Q9VAN6	225-227	ECO:0007829|PDB:4TUW	beta_strand
Q9VB68	133-139	ECO:0007829|PDB:2XXL	beta_strand
Q9VB68	141-154	ECO:0007829|PDB:2XXL	beta_strand
Q9VB68	157-160	ECO:0007829|PDB:2XXL	beta_strand
Q9VB68	172-178	ECO:0007829|PDB:2XXL	beta_strand
Q9VB68	188-191	ECO:0007829|PDB:2XXL	beta_strand
Q9VB68	194-197	ECO:0007829|PDB:2XXL	beta_strand
Q9VB68	202-211	ECO:0007829|PDB:2XXL	beta_strand
Q9VB68	225-231	ECO:0007829|PDB:2XXL	beta_strand
Q9VB68	258-264	ECO:0007829|PDB:2XXL	beta_strand
Q9VB68	278-285	ECO:0007829|PDB:2XXL	beta_strand
Q9VB68	302-305	ECO:0007829|PDB:2XXL	beta_strand
Q9VB68	31-33	ECO:0007829|PDB:2XXL	beta_strand
Q9VB68	310-312	ECO:0007829|PDB:2XXL	beta_strand
Q9VB68	321-326	ECO:0007829|PDB:2XXL	beta_strand
Q9VB68	335-344	ECO:0007829|PDB:2XXL	beta_strand
Q9VB68	356-360	ECO:0007829|PDB:2XXL	beta_strand
Q9VB68	39-44	ECO:0007829|PDB:2XXL	beta_strand
Q9VB68	77-81	ECO:0007829|PDB:2XXL	beta_strand
Q9VB68	84-90	ECO:0007829|PDB:2XXL	beta_strand
Q9VBP9	100-104	ECO:0007829|PDB:4RV0	beta_strand
Q9VBP9	35-40	ECO:0007829|PDB:4RV0	beta_strand
Q9VBP9	43-49	ECO:0007829|PDB:4RV0	beta_strand
Q9VBP9	72-76	ECO:0007829|PDB:4RV0	beta_strand
Q9VBP9	87-90	ECO:0007829|PDB:4RV0	beta_strand
Q9VBZ9	107-115	ECO:0007829|PDB:3LW6	beta_strand
Q9VBZ9	117-119	ECO:0007829|PDB:3LW6	beta_strand
Q9VBZ9	140-144	ECO:0007829|PDB:3LW6	beta_strand
Q9VBZ9	148-150	ECO:0007829|PDB:3LW6	beta_strand
Q9VBZ9	166-169	ECO:0007829|PDB:3LW6	beta_strand
Q9VBZ9	185-190	ECO:0007829|PDB:3LW6	beta_strand
Q9VBZ9	206-209	ECO:0007829|PDB:3LW6	beta_strand
Q9VBZ9	238-241	ECO:0007829|PDB:3LW6	beta_strand
Q9VBZ9	276-286	ECO:0007829|PDB:3LW6	beta_strand
Q9VBZ9	289-298	ECO:0007829|PDB:3LW6	beta_strand
Q9VBZ9	76-85	ECO:0007829|PDB:3LW6	beta_strand
Q9VC57	110-112	ECO:0007829|PDB:3X1D	beta_strand
Q9VC57	118-121	ECO:0007829|PDB:3X1D	beta_strand
Q9VC57	14-16	ECO:0007829|PDB:3X1D	beta_strand
Q9VC57	147-156	ECO:0007829|PDB:3X1D	beta_strand
Q9VC57	186-194	ECO:0007829|PDB:3X1D	beta_strand
Q9VC57	220-222	ECO:0007829|PDB:3X1D	beta_strand
Q9VC57	237-245	ECO:0007829|PDB:3X1D	beta_strand
Q9VC57	314-316	ECO:0007829|PDB:3X1D	beta_strand
Q9VC57	351-354	ECO:0007829|PDB:3X1D	beta_strand
Q9VC57	40-46	ECO:0007829|PDB:3X1D	beta_strand
Q9VC57	7-9	ECO:0007829|PDB:3X1D	beta_strand
Q9VC57	99-102	ECO:0007829|PDB:3X1D	beta_strand
Q9VCU9	1005-1014	ECO:0007829|PDB:8DFV	beta_strand
Q9VCU9	1023-1026	ECO:0007829|PDB:8DFV	beta_strand
Q9VCU9	1029-1033	ECO:0007829|PDB:8DFV	beta_strand
Q9VCU9	1036-1042	ECO:0007829|PDB:8DFV	beta_strand
Q9VCU9	1078-1080	ECO:0007829|PDB:8DFV	beta_strand
Q9VCU9	1083-1089	ECO:0007829|PDB:8DFV	beta_strand
Q9VCU9	1091-1093	ECO:0007829|PDB:8DFV	beta_strand
Q9VCU9	1095-1097	ECO:0007829|PDB:8DFV	beta_strand
Q9VCU9	1138-1141	ECO:0007829|PDB:8DFV	beta_strand
Q9VCU9	1143-1145	ECO:0007829|PDB:8DFV	beta_strand
Q9VCU9	1153-1157	ECO:0007829|PDB:8DFV	beta_strand
Q9VCU9	1165-1169	ECO:0007829|PDB:8DFV	beta_strand
Q9VCU9	1191-1194	ECO:0007829|PDB:8DFV	beta_strand
Q9VCU9	12-14	ECO:0007829|PDB:8DFV	beta_strand
Q9VCU9	1207-1209	ECO:0007829|PDB:8DFV	beta_strand
Q9VCU9	1211-1213	ECO:0007829|PDB:8DG5	beta_strand
Q9VCU9	1235-1237	ECO:0007829|PDB:8DFV	beta_strand
Q9VCU9	1242-1244	ECO:0007829|PDB:8DG5	beta_strand
Q9VCU9	135-138	ECO:0007829|PDB:8DFV	beta_strand
Q9VCU9	1581-1585	ECO:0007829|PDB:8DG5	beta_strand
Q9VCU9	1587-1589	ECO:0007829|PDB:8DFV	beta_strand
Q9VCU9	1632-1635	ECO:0007829|PDB:8DFV	beta_strand
Q9VCU9	1665-1669	ECO:0007829|PDB:8DFV	beta_strand
Q9VCU9	1672-1674	ECO:0007829|PDB:8DFV	beta_strand
Q9VCU9	1765-1767	ECO:0007829|PDB:8DG7	beta_strand
Q9VCU9	178-183	ECO:0007829|PDB:8DG5	beta_strand
Q9VCU9	1895-1899	ECO:0007829|PDB:8DFV	beta_strand
Q9VCU9	1937-1942	ECO:0007829|PDB:8DFV	beta_strand
Q9VCU9	1946-1948	ECO:0007829|PDB:8DFV	beta_strand
Q9VCU9	1958-1960	ECO:0007829|PDB:8DFV	beta_strand
Q9VCU9	1962-1965	ECO:0007829|PDB:8DFV	beta_strand
Q9VCU9	2082-2084	ECO:0007829|PDB:8DFV	beta_strand
Q9VCU9	2191-2193	ECO:0007829|PDB:8DFV	beta_strand
Q9VCU9	220-225	ECO:0007829|PDB:8DG5	beta_strand
Q9VCU9	2200-2203	ECO:0007829|PDB:8DFV	beta_strand
Q9VCU9	2205-2211	ECO:0007829|PDB:8DFV	beta_strand
Q9VCU9	2215-2223	ECO:0007829|PDB:8DFV	beta_strand
Q9VCU9	527-529	ECO:0007829|PDB:8DFV	beta_strand
Q9VCU9	537-539	ECO:0007829|PDB:8DFV	beta_strand
Q9VCU9	560-562	ECO:0007829|PDB:8DFV	beta_strand
Q9VCU9	564-567	ECO:0007829|PDB:8DFV	beta_strand
Q9VCU9	582-588	ECO:0007829|PDB:8DFV	beta_strand
Q9VCU9	605-607	ECO:0007829|PDB:8DFV	beta_strand
Q9VCU9	609-614	ECO:0007829|PDB:8DFV	beta_strand
Q9VCU9	64-68	ECO:0007829|PDB:8DFV	beta_strand
Q9VCU9	73-77	ECO:0007829|PDB:8DFV	beta_strand
Q9VCU9	804-806	ECO:0007829|PDB:8DFV	beta_strand
Q9VCU9	815-817	ECO:0007829|PDB:8DFV	beta_strand
Q9VCU9	835-837	ECO:0007829|PDB:8DG5	beta_strand
Q9VCU9	847-850	ECO:0007829|PDB:8DFV	beta_strand
Q9VCU9	852-854	ECO:0007829|PDB:8DFV	beta_strand
Q9VCU9	856-860	ECO:0007829|PDB:8DFV	beta_strand
Q9VCU9	863-866	ECO:0007829|PDB:8DFV	beta_strand
Q9VCU9	88-91	ECO:0007829|PDB:8DFV	beta_strand
Q9VCU9	882-884	ECO:0007829|PDB:8DG5	beta_strand
Q9VCU9	910-912	ECO:0007829|PDB:8DFV	beta_strand
Q9VCU9	948-950	ECO:0007829|PDB:8DFV	beta_strand
Q9VCU9	952-956	ECO:0007829|PDB:8DFV	beta_strand
Q9VCU9	963-965	ECO:0007829|PDB:8DFV	beta_strand
Q9VCU9	974-978	ECO:0007829|PDB:8DFV	beta_strand
Q9VCU9	981-986	ECO:0007829|PDB:8DFV	beta_strand
Q9VCW0	54-58	ECO:0007829|PDB:1Y49	beta_strand
Q9VCY3	104-107	ECO:0007829|PDB:4E0Q	beta_strand
Q9VCY3	110-113	ECO:0007829|PDB:4E0Q	beta_strand
Q9VCY3	133-141	ECO:0007829|PDB:4E0Q	beta_strand
Q9VCY3	163-168	ECO:0007829|PDB:4E0Q	beta_strand
Q9VCY3	52-56	ECO:0007829|PDB:4E0Q	beta_strand
Q9VCY3	80-90	ECO:0007829|PDB:4E0Q	beta_strand
Q9VCY3	93-101	ECO:0007829|PDB:4E0Q	beta_strand
Q9VDC6	668-672	ECO:0007829|PDB:6DYM	beta_strand
Q9VDC6	726-730	ECO:0007829|PDB:6DYM	beta_strand
Q9VDC6	735-744	ECO:0007829|PDB:6DYM	beta_strand
Q9VDC6	782-791	ECO:0007829|PDB:6DYM	beta_strand
Q9VDC6	821-827	ECO:0007829|PDB:6DYM	beta_strand
Q9VDC6	842-848	ECO:0007829|PDB:6DYM	beta_strand
Q9VDC6	869-876	ECO:0007829|PDB:6DYM	beta_strand
Q9VDE4	107-117	ECO:0007829|PDB:4IT6	beta_strand
Q9VDE4	16-23	ECO:0007829|PDB:4IT6	beta_strand
Q9VDE4	36-41	ECO:0007829|PDB:4IT6	beta_strand
Q9VDE4	64-71	ECO:0007829|PDB:4IT6	beta_strand
Q9VDE4	8-11	ECO:0007829|PDB:4IT6	beta_strand
Q9VDE4	94-101	ECO:0007829|PDB:4IT6	beta_strand
Q9VDE6	451-454	ECO:0007829|PDB:2A2F	beta_strand
Q9VDE6	673-676	ECO:0007829|PDB:2A2F	beta_strand
Q9VDG5	444-454	ECO:0007829|PDB:3RB5	beta_strand
Q9VDG5	464-466	ECO:0007829|PDB:3RB5	beta_strand
Q9VDG5	474-485	ECO:0007829|PDB:3RB5	beta_strand
Q9VDG5	495-500	ECO:0007829|PDB:3RB5	beta_strand
Q9VDG5	506-508	ECO:0007829|PDB:3RB7	beta_strand
Q9VDG5	511-513	ECO:0007829|PDB:3RB7	beta_strand
Q9VDG5	523-530	ECO:0007829|PDB:3RB5	beta_strand
Q9VDG5	542-549	ECO:0007829|PDB:3RB5	beta_strand
Q9VDG5	556-558	ECO:0007829|PDB:3RB5	beta_strand
Q9VDG5	562-566	ECO:0007829|PDB:3RB5	beta_strand
Q9VDG5	568-570	ECO:0007829|PDB:3RB7	beta_strand
Q9VDG5	573-581	ECO:0007829|PDB:3RB5	beta_strand
Q9VDG5	587-600	ECO:0007829|PDB:3RB5	beta_strand
Q9VDG5	608-613	ECO:0007829|PDB:3RB5	beta_strand
Q9VDG5	619-624	ECO:0007829|PDB:3RB5	beta_strand
Q9VDG5	636-642	ECO:0007829|PDB:3RB5	beta_strand
Q9VDG5	687-692	ECO:0007829|PDB:3RB5	beta_strand
Q9VEZ3	310-312	ECO:0007829|PDB:2QK2	beta_strand
Q9VEZ3	640-643	ECO:0007829|PDB:4Y5J	beta_strand
Q9VF27	105-108	ECO:0007829|PDB:8B9Z	beta_strand
Q9VF27	133-139	ECO:0007829|PDB:8B9Z	beta_strand
Q9VF27	145-153	ECO:0007829|PDB:8B9Z	beta_strand
Q9VF27	172-174	ECO:0007829|PDB:8B9Z	beta_strand
Q9VF27	182-185	ECO:0007829|PDB:8B9Z	beta_strand
Q9VF27	35-37	ECO:0007829|PDB:8B9Z	beta_strand
Q9VF27	44-47	ECO:0007829|PDB:8B9Z	beta_strand
Q9VF36	10-20	ECO:0007829|PDB:1URR	beta_strand
Q9VF36	22-25	ECO:0007829|PDB:1URR	beta_strand
Q9VF36	40-45	ECO:0007829|PDB:1URR	beta_strand
Q9VF36	51-57	ECO:0007829|PDB:1URR	beta_strand
Q9VF36	78-84	ECO:0007829|PDB:1URR	beta_strand
Q9VF36	88-92	ECO:0007829|PDB:1URR	beta_strand
Q9VF36	96-100	ECO:0007829|PDB:1URR	beta_strand
Q9VFS5	109-112	ECO:0007829|PDB:4WSF	beta_strand
Q9VFS5	20-33	ECO:0007829|PDB:4WSF	beta_strand
Q9VFS5	38-45	ECO:0007829|PDB:4WSF	beta_strand
Q9VFS5	51-56	ECO:0007829|PDB:4WSF	beta_strand
Q9VFS5	64-66	ECO:0007829|PDB:4WSF	beta_strand
Q9VFS5	70-76	ECO:0007829|PDB:4WSF	beta_strand
Q9VFS5	79-86	ECO:0007829|PDB:4WSF	beta_strand
Q9VFS5	8-14	ECO:0007829|PDB:4WSF	beta_strand
Q9VFX1	158-166	ECO:0007829|PDB:4KRR	beta_strand
Q9VFX1	177-183	ECO:0007829|PDB:4KRR	beta_strand
Q9VFX1	208-210	ECO:0007829|PDB:4KRR	beta_strand
Q9VFX1	58-60	ECO:0007829|PDB:4KRR	beta_strand
Q9VG98	149-151	ECO:0007829|PDB:5F0G	beta_strand
Q9VG98	2-5	ECO:0007829|PDB:5F0G	beta_strand
Q9VG98	27-30	ECO:0007829|PDB:5F0G	beta_strand
Q9VG98	52-57	ECO:0007829|PDB:5F0G	beta_strand
Q9VG98	60-64	ECO:0007829|PDB:5F0G	beta_strand
Q9VHA0	194-196	ECO:0007829|PDB:2R58	beta_strand
Q9VHA0	210-215	ECO:0007829|PDB:2R58	beta_strand
Q9VHA0	218-231	ECO:0007829|PDB:2R58	beta_strand
Q9VHA0	234-239	ECO:0007829|PDB:2R58	beta_strand
Q9VHA0	248-251	ECO:0007829|PDB:2R58	beta_strand
Q9VHA0	319-323	ECO:0007829|PDB:2R58	beta_strand
Q9VHA0	331-340	ECO:0007829|PDB:2R58	beta_strand
Q9VHA0	343-348	ECO:0007829|PDB:2R58	beta_strand
Q9VHA0	357-360	ECO:0007829|PDB:2R58	beta_strand
Q9VI58	255-258	ECO:0007829|PDB:6I0V	beta_strand
Q9VI58	260-266	ECO:0007829|PDB:5Z4A	beta_strand
Q9VI58	279-287	ECO:0007829|PDB:5Z4A	beta_strand
Q9VI58	317-323	ECO:0007829|PDB:5Z4A	beta_strand
Q9VI58	325-328	ECO:0007829|PDB:5Z4A	beta_strand
Q9VI58	330-335	ECO:0007829|PDB:5Z4A	beta_strand
Q9VI58	340-346	ECO:0007829|PDB:5Z4A	beta_strand
Q9VI58	416-418	ECO:0007829|PDB:5Z4A	beta_strand
Q9VI58	470-472	ECO:0007829|PDB:5Z4D	beta_strand
Q9VI58	509-511	ECO:0007829|PDB:5Z4A	beta_strand
Q9VI58	517-519	ECO:0007829|PDB:5Z4A	beta_strand
Q9VI75	34-37	ECO:0007829|PDB:1HX8	beta_strand
Q9VIF1	410-413	ECO:0007829|PDB:7JW6	beta_strand
Q9VIF1	430-439	ECO:0007829|PDB:7JW6	beta_strand
Q9VIF1	442-444	ECO:0007829|PDB:7JW6	beta_strand
Q9VIF1	447-454	ECO:0007829|PDB:7JW6	beta_strand
Q9VIF1	459-463	ECO:0007829|PDB:7JW6	beta_strand
Q9VIF1	488-494	ECO:0007829|PDB:7JW6	beta_strand
Q9VIF1	518-520	ECO:0007829|PDB:7JW6	beta_strand
Q9VIF1	617-619	ECO:0007829|PDB:7JW6	beta_strand
Q9VIF5	49-51	ECO:0007829|PDB:5XYV	beta_strand
Q9VIH7	101-104	ECO:0007829|PDB:5HJN	beta_strand
Q9VIH7	108-110	ECO:0007829|PDB:5HJN	beta_strand
Q9VIH7	121-124	ECO:0007829|PDB:5HJQ	beta_strand
Q9VIH7	201-203	ECO:0007829|PDB:5HJQ	beta_strand
Q9VIH7	429-436	ECO:0007829|PDB:6R82	beta_strand
Q9VIH7	456-463	ECO:0007829|PDB:6R82	beta_strand
Q9VIH7	468-473	ECO:0007829|PDB:6R82	beta_strand
Q9VIH7	499-506	ECO:0007829|PDB:6R82	beta_strand
Q9VIH7	508-510	ECO:0007829|PDB:6R82	beta_strand
Q9VIH7	529-531	ECO:0007829|PDB:6R82	beta_strand
Q9VIH7	533-538	ECO:0007829|PDB:6R82	beta_strand
Q9VIH7	541-543	ECO:0007829|PDB:6R82	beta_strand
Q9VIH7	545-549	ECO:0007829|PDB:6R82	beta_strand
Q9VIH7	552-556	ECO:0007829|PDB:6R82	beta_strand
Q9VIH7	568-585	ECO:0007829|PDB:6R82	beta_strand
Q9VJ83	45-48	ECO:0007829|PDB:6ZSY	beta_strand
Q9VJ83	53-56	ECO:0007829|PDB:6ZSY	beta_strand
Q9VJY9	152-160	ECO:0007829|PDB:8DFV	beta_strand
Q9VJY9	165-173	ECO:0007829|PDB:8DFV	beta_strand
Q9VJY9	175-178	ECO:0007829|PDB:8DFV	beta_strand
Q9VJY9	180-188	ECO:0007829|PDB:8DFV	beta_strand
Q9VJY9	268-273	ECO:0007829|PDB:8DFV	beta_strand
Q9VJY9	278-280	ECO:0007829|PDB:8DFV	beta_strand
Q9VJY9	283-288	ECO:0007829|PDB:8DFV	beta_strand
Q9VJY9	293-300	ECO:0007829|PDB:8DFV	beta_strand
Q9VJY9	390-392	ECO:0007829|PDB:8DFV	beta_strand
Q9VJY9	409-415	ECO:0007829|PDB:4X8W	beta_strand
Q9VJY9	419-421	ECO:0007829|PDB:8DFV	beta_strand
Q9VJY9	423-429	ECO:0007829|PDB:4X8W	beta_strand
Q9VJY9	431-443	ECO:0007829|PDB:4X8W	beta_strand
Q9VK33	572-576	ECO:0007829|PDB:4C5E	beta_strand
Q9VK33	595-604	ECO:0007829|PDB:4C5E	beta_strand
Q9VK33	607-612	ECO:0007829|PDB:4C5E	beta_strand
Q9VK33	616-618	ECO:0007829|PDB:4C5E	beta_strand
Q9VK33	622-625	ECO:0007829|PDB:4C5E	beta_strand
Q9VK33	629-633	ECO:0007829|PDB:4C5H	beta_strand
Q9VK33	692-697	ECO:0007829|PDB:4C5E	beta_strand
Q9VK33	700-713	ECO:0007829|PDB:4C5E	beta_strand
Q9VK33	716-721	ECO:0007829|PDB:4C5E	beta_strand
Q9VK33	727-731	ECO:0007829|PDB:4C5E	beta_strand
Q9VK33	749-751	ECO:0007829|PDB:4C5E	beta_strand
Q9VK33	803-808	ECO:0007829|PDB:4C5E	beta_strand
Q9VK33	811-823	ECO:0007829|PDB:4C5E	beta_strand
Q9VK33	828-833	ECO:0007829|PDB:4C5E	beta_strand
Q9VK33	846-849	ECO:0007829|PDB:4C5E	beta_strand
Q9VK33	912-916	ECO:0007829|PDB:4C5E	beta_strand
Q9VK33	924-933	ECO:0007829|PDB:4C5E	beta_strand
Q9VK33	936-941	ECO:0007829|PDB:4C5E	beta_strand
Q9VK33	950-953	ECO:0007829|PDB:4C5E	beta_strand
Q9VKD7	104-110	ECO:0007829|PDB:4GEL	beta_strand
Q9VKD7	132-136	ECO:0007829|PDB:4GEL	beta_strand
Q9VKD7	159-161	ECO:0007829|PDB:4GEL	beta_strand
Q9VKD7	164-166	ECO:0007829|PDB:4GEL	beta_strand
Q9VKD7	172-176	ECO:0007829|PDB:4GEL	beta_strand
Q9VKD7	199-204	ECO:0007829|PDB:4GEL	beta_strand
Q9VKD7	215-222	ECO:0007829|PDB:4GEL	beta_strand
Q9VKD7	242-244	ECO:0007829|PDB:4GEL	beta_strand
Q9VKD7	51-56	ECO:0007829|PDB:4GEL	beta_strand
Q9VKJ9	645-648	ECO:0007829|PDB:6EI6	beta_strand
Q9VKJ9	665-674	ECO:0007829|PDB:6EI6	beta_strand
Q9VKJ9	686-691	ECO:0007829|PDB:6EI6	beta_strand
Q9VKJ9	695-697	ECO:0007829|PDB:6EI6	beta_strand
Q9VKJ9	701-703	ECO:0007829|PDB:6EI6	beta_strand
Q9VKJ9	717-722	ECO:0007829|PDB:6EI6	beta_strand
Q9VKJ9	738-745	ECO:0007829|PDB:6EI6	beta_strand
Q9VKJ9	754-763	ECO:0007829|PDB:6EI6	beta_strand
Q9VKJ9	770-797	ECO:0007829|PDB:6EI6	beta_strand
Q9VKJ9	811-814	ECO:0007829|PDB:6EI6	beta_strand
Q9VKM1	115-123	ECO:0007829|PDB:6KR6	beta_strand
Q9VKM1	150-156	ECO:0007829|PDB:6KR6	beta_strand
Q9VKM1	160-168	ECO:0007829|PDB:6KR6	beta_strand
Q9VKM1	175-185	ECO:0007829|PDB:6KR6	beta_strand
Q9VKM1	211-213	ECO:0007829|PDB:6KR6	beta_strand
Q9VKM1	216-218	ECO:0007829|PDB:6KR6	beta_strand
Q9VKM1	224-226	ECO:0007829|PDB:6KR6	beta_strand
Q9VKM1	231-243	ECO:0007829|PDB:6KR6	beta_strand
Q9VKM1	248-260	ECO:0007829|PDB:6KR6	beta_strand
Q9VKM1	290-293	ECO:0007829|PDB:6KR6	beta_strand
Q9VKM1	299-301	ECO:0007829|PDB:6KR6	beta_strand
Q9VKM1	304-306	ECO:0007829|PDB:6KR6	beta_strand
Q9VKM1	314-316	ECO:0007829|PDB:6KR6	beta_strand
Q9VKM1	321-323	ECO:0007829|PDB:6KR6	beta_strand
Q9VKM1	343-345	ECO:0007829|PDB:6KR6	beta_strand
Q9VKM1	432-438	ECO:0007829|PDB:6KR6	beta_strand
Q9VKM1	442-444	ECO:0007829|PDB:6KR6	beta_strand
Q9VKM1	449-451	ECO:0007829|PDB:6KR6	beta_strand
Q9VKM1	479-483	ECO:0007829|PDB:6KR6	beta_strand
Q9VKM1	512-518	ECO:0007829|PDB:6KR6	beta_strand
Q9VKM1	539-545	ECO:0007829|PDB:6KR6	beta_strand
Q9VKM1	566-570	ECO:0007829|PDB:6KR6	beta_strand
Q9VKM1	606-617	ECO:0007829|PDB:6KR6	beta_strand
Q9VKM1	625-632	ECO:0007829|PDB:6KR6	beta_strand
Q9VKM1	641-647	ECO:0007829|PDB:6KR6	beta_strand
Q9VKM1	678-685	ECO:0007829|PDB:6KR6	beta_strand
Q9VKM1	7-9	ECO:0007829|PDB:5YGD	beta_strand
Q9VKM1	720-728	ECO:0007829|PDB:6KR6	beta_strand
Q9VKM1	734-736	ECO:0007829|PDB:6KR6	beta_strand
Q9VKM1	745-747	ECO:0007829|PDB:6KR6	beta_strand
Q9VKM1	749-752	ECO:0007829|PDB:6KR6	beta_strand
Q9VKM1	754-756	ECO:0007829|PDB:6KR6	beta_strand
Q9VKM1	758-762	ECO:0007829|PDB:6KR6	beta_strand
Q9VKM1	767-769	ECO:0007829|PDB:6KR6	beta_strand
Q9VKM1	774-781	ECO:0007829|PDB:6KR6	beta_strand
Q9VKM1	804-806	ECO:0007829|PDB:6KR6	beta_strand
Q9VKM1	94-107	ECO:0007829|PDB:6KR6	beta_strand
Q9VM64	472-475	ECO:0007829|PDB:2IC2	beta_strand
Q9VM64	477-479	ECO:0007829|PDB:2IBB	beta_strand
Q9VM64	481-488	ECO:0007829|PDB:2IC2	beta_strand
Q9VM64	495-504	ECO:0007829|PDB:2IC2	beta_strand
Q9VM64	512-519	ECO:0007829|PDB:2IC2	beta_strand
Q9VM64	522-524	ECO:0007829|PDB:2IBG	beta_strand
Q9VM64	526-537	ECO:0007829|PDB:2IC2	beta_strand
Q9VM64	542-554	ECO:0007829|PDB:2IC2	beta_strand
Q9VM64	559-561	ECO:0007829|PDB:2IC2	beta_strand
Q9VM64	568-570	ECO:0007829|PDB:2IC2	beta_strand
Q9VM64	573-575	ECO:0007829|PDB:2IBB	beta_strand
Q9VM64	591-593	ECO:0007829|PDB:2IBG	beta_strand
Q9VM64	595-600	ECO:0007829|PDB:2IBG	beta_strand
Q9VM64	612-619	ECO:0007829|PDB:2IBG	beta_strand
Q9VM64	627-632	ECO:0007829|PDB:2IBG	beta_strand
Q9VM64	638-641	ECO:0007829|PDB:2IBG	beta_strand
Q9VM64	649-657	ECO:0007829|PDB:2IBG	beta_strand
Q9VM64	669-672	ECO:0007829|PDB:2IBG	beta_strand
Q9VMC9	111-115	ECO:0007829|PDB:4E15	beta_strand
Q9VMC9	151-155	ECO:0007829|PDB:4E15	beta_strand
Q9VMC9	181-188	ECO:0007829|PDB:4E15	beta_strand
Q9VMC9	20-22	ECO:0007829|PDB:4E14	beta_strand
Q9VMC9	234-244	ECO:0007829|PDB:4E15	beta_strand
Q9VMC9	25-27	ECO:0007829|PDB:4E14	beta_strand
Q9VMC9	266-275	ECO:0007829|PDB:4E15	beta_strand
Q9VMC9	285-288	ECO:0007829|PDB:4E11	beta_strand
Q9VMC9	54-59	ECO:0007829|PDB:4E15	beta_strand
Q9VMC9	66-71	ECO:0007829|PDB:4E15	beta_strand
Q9VMC9	81-85	ECO:0007829|PDB:4E15	beta_strand
Q9VMJ7	217-219	ECO:0007829|PDB:2LM1	beta_strand
Q9VMJ7	443-446	ECO:0007829|PDB:2MIQ	beta_strand
Q9VMJ7	463-465	ECO:0007829|PDB:2MIQ	beta_strand
Q9VMJ7	472-474	ECO:0007829|PDB:2MIQ	beta_strand
Q9VMJ7	478-480	ECO:0007829|PDB:2MIQ	beta_strand
Q9VNJ5	1078-1081	ECO:0007829|PDB:6TBU	beta_strand
Q9VNJ5	253-260	ECO:0007829|PDB:6TBU	beta_strand
Q9VNJ5	269-271	ECO:0007829|PDB:6TBU	beta_strand
Q9VNJ5	318-320	ECO:0007829|PDB:6TBU	beta_strand
Q9VNJ5	397-404	ECO:0007829|PDB:6TBU	beta_strand
Q9VNJ5	424-432	ECO:0007829|PDB:6TBU	beta_strand
Q9VNJ5	591-593	ECO:0007829|PDB:6TBU	beta_strand
Q9VNJ5	734-740	ECO:0007829|PDB:6TBU	beta_strand
Q9VNJ5	76-80	ECO:0007829|PDB:6TBU	beta_strand
Q9VNJ5	82-84	ECO:0007829|PDB:6TBU	beta_strand
Q9VNJ5	863-867	ECO:0007829|PDB:6TBU	beta_strand
Q9VNJ5	898-911	ECO:0007829|PDB:6TBU	beta_strand
Q9VNJ5	945-949	ECO:0007829|PDB:6TBU	beta_strand
Q9VNS0	110-120	ECO:0007829|PDB:4YBG	beta_strand
Q9VNS0	122-125	ECO:0007829|PDB:4YBG	beta_strand
Q9VNS0	127-138	ECO:0007829|PDB:4YBG	beta_strand
Q9VNS0	142-151	ECO:0007829|PDB:4YBG	beta_strand
Q9VNS0	203-205	ECO:0007829|PDB:4YBG	beta_strand
Q9VNS0	207-211	ECO:0007829|PDB:4YBG	beta_strand
Q9VNS0	239-243	ECO:0007829|PDB:4YBG	beta_strand
Q9VPQ6	1113-1115	ECO:0007829|PDB:1JN7	beta_strand
Q9VPQ6	1118-1121	ECO:0007829|PDB:1JN7	beta_strand
Q9VPQ6	202-204	ECO:0007829|PDB:1FV5	beta_strand
Q9VQ91	261-270	ECO:0007829|PDB:5YGB	beta_strand
Q9VQ91	273-278	ECO:0007829|PDB:5YGB	beta_strand
Q9VQ91	316-320	ECO:0007829|PDB:5YGB	beta_strand
Q9VQ91	327-337	ECO:0007829|PDB:5YGB	beta_strand
Q9VQ91	344-351	ECO:0007829|PDB:5YGB	beta_strand
Q9VQ91	357-360	ECO:0007829|PDB:5YGB	beta_strand
Q9VQ91	365-367	ECO:0007829|PDB:5YGB	beta_strand
Q9VQ91	380-384	ECO:0007829|PDB:5YGB	beta_strand
Q9VQ91	393-395	ECO:0007829|PDB:5YGC	beta_strand
Q9VQ91	418-427	ECO:0007829|PDB:5YGB	beta_strand
Q9VQ91	443-451	ECO:0007829|PDB:5YGB	beta_strand
Q9VR17	251-253	ECO:0007829|PDB:4X0G	beta_strand
Q9VR17	260-262	ECO:0007829|PDB:4X0G	beta_strand
Q9VR17	295-298	ECO:0007829|PDB:4X0G	beta_strand
Q9VR17	306-308	ECO:0007829|PDB:4X0G	beta_strand
Q9VR38	116-123	ECO:0007829|PDB:8C7G	beta_strand
Q9VR38	128-134	ECO:0007829|PDB:8C7G	beta_strand
Q9VR38	136-138	ECO:0007829|PDB:8C7G	beta_strand
Q9VR38	160-164	ECO:0007829|PDB:8C7G	beta_strand
Q9VR38	169-174	ECO:0007829|PDB:8C7G	beta_strand
Q9VR38	176-184	ECO:0007829|PDB:8C7G	beta_strand
Q9VR38	220-222	ECO:0007829|PDB:8C7G	beta_strand
Q9VR38	261-263	ECO:0007829|PDB:8C7G	beta_strand
Q9VR38	286-297	ECO:0007829|PDB:8C7G	beta_strand
Q9VR38	299-304	ECO:0007829|PDB:8C7G	beta_strand
Q9VR38	333-337	ECO:0007829|PDB:8C7G	beta_strand
Q9VR38	344-346	ECO:0007829|PDB:8C7G	beta_strand
Q9VR38	348-355	ECO:0007829|PDB:8C7G	beta_strand
Q9VR38	357-359	ECO:0007829|PDB:8C7G	beta_strand
Q9VR38	362-368	ECO:0007829|PDB:8C7G	beta_strand
Q9VR38	402-404	ECO:0007829|PDB:8C7G	beta_strand
Q9VR38	418-423	ECO:0007829|PDB:8C7G	beta_strand
Q9VR38	426-428	ECO:0007829|PDB:8C7G	beta_strand
Q9VR38	430-432	ECO:0007829|PDB:8C7G	beta_strand
Q9VR38	463-465	ECO:0007829|PDB:8C7G	beta_strand
Q9VR38	467-473	ECO:0007829|PDB:8C7G	beta_strand
Q9VR38	478-483	ECO:0007829|PDB:8C7G	beta_strand
Q9VR38	488-493	ECO:0007829|PDB:8C7G	beta_strand
Q9VRQ9	105-114	ECO:0007829|PDB:4F9U	beta_strand
Q9VRQ9	158-168	ECO:0007829|PDB:4F9U	beta_strand
Q9VRQ9	173-175	ECO:0007829|PDB:4F9U	beta_strand
Q9VRQ9	177-181	ECO:0007829|PDB:4F9U	beta_strand
Q9VRQ9	211-219	ECO:0007829|PDB:4F9U	beta_strand
Q9VRQ9	222-224	ECO:0007829|PDB:4F9U	beta_strand
Q9VRQ9	227-229	ECO:0007829|PDB:4F9U	beta_strand
Q9VRQ9	254-257	ECO:0007829|PDB:4F9U	beta_strand
Q9VRQ9	261-265	ECO:0007829|PDB:4F9U	beta_strand
Q9VRQ9	284-288	ECO:0007829|PDB:4F9U	beta_strand
Q9VRQ9	76-86	ECO:0007829|PDB:4F9U	beta_strand
Q9VRQ9	90-102	ECO:0007829|PDB:4F9U	beta_strand
Q9VRX1	10-12	ECO:0007829|PDB:8C7G	beta_strand
Q9VRX1	117-122	ECO:0007829|PDB:8C7G	beta_strand
Q9VRX1	124-142	ECO:0007829|PDB:8C7G	beta_strand
Q9VRX1	147-155	ECO:0007829|PDB:8C7G	beta_strand
Q9VRX1	161-163	ECO:0007829|PDB:8C7G	beta_strand
Q9VRX1	165-167	ECO:0007829|PDB:8C7G	beta_strand
Q9VRX1	169-173	ECO:0007829|PDB:8C7G	beta_strand
Q9VRX1	175-178	ECO:0007829|PDB:8C7G	beta_strand
Q9VRX1	180-186	ECO:0007829|PDB:8C7G	beta_strand
Q9VRX1	189-192	ECO:0007829|PDB:8C7G	beta_strand
Q9VRX1	210-215	ECO:0007829|PDB:8C7G	beta_strand
Q9VRX1	218-226	ECO:0007829|PDB:8C7G	beta_strand
Q9VRX1	228-230	ECO:0007829|PDB:8C7G	beta_strand
Q9VRX1	233-239	ECO:0007829|PDB:8C7G	beta_strand
Q9VRX1	242-245	ECO:0007829|PDB:8C7G	beta_strand
Q9VRX1	248-254	ECO:0007829|PDB:8C7G	beta_strand
Q9VRX1	262-266	ECO:0007829|PDB:8C7G	beta_strand
Q9VRX1	269-273	ECO:0007829|PDB:8C7G	beta_strand
Q9VRX1	275-277	ECO:0007829|PDB:8C7G	beta_strand
Q9VRX1	28-31	ECO:0007829|PDB:8C7G	beta_strand
Q9VRX1	280-283	ECO:0007829|PDB:8C7G	beta_strand
Q9VRX1	285-287	ECO:0007829|PDB:8C7G	beta_strand
Q9VRX1	290-292	ECO:0007829|PDB:8C7G	beta_strand
Q9VRX1	295-298	ECO:0007829|PDB:8C7G	beta_strand
Q9VRX1	334-336	ECO:0007829|PDB:8JBE	beta_strand
Q9VRX1	337-339	ECO:0007829|PDB:8C7G	beta_strand
Q9VRX1	341-343	ECO:0007829|PDB:8C7G	beta_strand
Q9VRX1	348-350	ECO:0007829|PDB:8C7G	beta_strand
Q9VRX1	352-354	ECO:0007829|PDB:8C7G	beta_strand
Q9VRX1	36-41	ECO:0007829|PDB:8C7G	beta_strand
Q9VRX1	376-378	ECO:0007829|PDB:8JBE	beta_strand
Q9VRX1	44-51	ECO:0007829|PDB:8C7G	beta_strand
Q9VRX1	53-57	ECO:0007829|PDB:8JBE	beta_strand
Q9VRX1	573-575	ECO:0007829|PDB:8C7G	beta_strand
Q9VRX1	610-612	ECO:0007829|PDB:8C7G	beta_strand
Q9VRX1	68-70	ECO:0007829|PDB:8C7G	beta_strand
Q9VRX1	74-77	ECO:0007829|PDB:8C7G	beta_strand
Q9VRX1	83-89	ECO:0007829|PDB:8C7G	beta_strand
Q9VRX1	92-97	ECO:0007829|PDB:8C7G	beta_strand
Q9VS97	106-108	ECO:0007829|PDB:2RKQ	beta_strand
Q9VS97	115-122	ECO:0007829|PDB:2RKQ	beta_strand
Q9VS97	125-127	ECO:0007829|PDB:2RKQ	beta_strand
Q9VS97	149-158	ECO:0007829|PDB:2RKQ	beta_strand
Q9VS97	163-165	ECO:0007829|PDB:2RKQ	beta_strand
Q9VS97	42-51	ECO:0007829|PDB:2RKQ	beta_strand
Q9VS97	86-89	ECO:0007829|PDB:2RKQ	beta_strand
Q9VS97	95-97	ECO:0007829|PDB:2RKQ	beta_strand
Q9VSR3	177-191	ECO:0007829|PDB:6VPS	beta_strand
Q9VSR3	197-204	ECO:0007829|PDB:6VPS	beta_strand
Q9VTC4	109-114	ECO:0007829|PDB:6TBN	beta_strand
Q9VTC4	49-54	ECO:0007829|PDB:6TBN	beta_strand
Q9VTC4	66-69	ECO:0007829|PDB:6TBN	beta_strand
Q9VTC4	74-79	ECO:0007829|PDB:6TBN	beta_strand
Q9VU77	101-106	ECO:0007829|PDB:7YXG	beta_strand
Q9VU77	117-119	ECO:0007829|PDB:7YXH	beta_strand
Q9VU77	121-124	ECO:0007829|PDB:7YXG	beta_strand
Q9VU77	159-166	ECO:0007829|PDB:7YXG	beta_strand
Q9VU77	172-175	ECO:0007829|PDB:7YXG	beta_strand
Q9VU77	178-195	ECO:0007829|PDB:7YXG	beta_strand
Q9VU77	205-215	ECO:0007829|PDB:7YXG	beta_strand
Q9VU77	221-225	ECO:0007829|PDB:7YXG	beta_strand
Q9VU77	231-233	ECO:0007829|PDB:7YXH	beta_strand
Q9VU77	235-239	ECO:0007829|PDB:7YXG	beta_strand
Q9VU77	25-29	ECO:0007829|PDB:7YXG	beta_strand
Q9VU77	260-265	ECO:0007829|PDB:7YXG	beta_strand
Q9VU77	269-272	ECO:0007829|PDB:7YXG	beta_strand
Q9VU77	277-282	ECO:0007829|PDB:7YXG	beta_strand
Q9VU77	286-294	ECO:0007829|PDB:7YXG	beta_strand
Q9VU77	47-49	ECO:0007829|PDB:7YXG	beta_strand
Q9VU77	74-83	ECO:0007829|PDB:7YXG	beta_strand
Q9VU77	87-91	ECO:0007829|PDB:7YXG	beta_strand
Q9VU77	94-99	ECO:0007829|PDB:7YXG	beta_strand
Q9VUL1	12-15	ECO:0007829|PDB:7DPT	beta_strand
Q9VUL1	133-136	ECO:0007829|PDB:7DPT	beta_strand
Q9VUL1	141-146	ECO:0007829|PDB:7DPT	beta_strand
Q9VUL1	174-181	ECO:0007829|PDB:7DPT	beta_strand
Q9VUL1	2-8	ECO:0007829|PDB:7DPT	beta_strand
Q9VUL1	211-219	ECO:0007829|PDB:7DPT	beta_strand
Q9VUL1	240-244	ECO:0007829|PDB:7DPT	beta_strand
Q9VUL1	247-249	ECO:0007829|PDB:7WIZ	beta_strand
Q9VUL1	299-306	ECO:0007829|PDB:7DPT	beta_strand
Q9VUL1	332-338	ECO:0007829|PDB:7DPT	beta_strand
Q9VUL1	34-40	ECO:0007829|PDB:7DPT	beta_strand
Q9VUL1	364-369	ECO:0007829|PDB:7DPT	beta_strand
Q9VUL1	395-400	ECO:0007829|PDB:7DPT	beta_strand
Q9VUL1	419-421	ECO:0007829|PDB:9IZ2	beta_strand
Q9VUL1	429-435	ECO:0007829|PDB:7DPT	beta_strand
Q9VUL1	440-445	ECO:0007829|PDB:7WJ4	beta_strand
Q9VUL1	448-456	ECO:0007829|PDB:7DPT	beta_strand
Q9VUL1	472-484	ECO:0007829|PDB:7DPT	beta_strand
Q9VUL1	498-502	ECO:0007829|PDB:7DPT	beta_strand
Q9VUL1	504-506	ECO:0007829|PDB:7WJ4	beta_strand
Q9VUL1	508-513	ECO:0007829|PDB:7DPT	beta_strand
Q9VUL1	515-518	ECO:0007829|PDB:7DPT	beta_strand
Q9VUL1	520-525	ECO:0007829|PDB:7DPT	beta_strand
Q9VUL1	62-64	ECO:0007829|PDB:7WJ4	beta_strand
Q9VUL1	87-89	ECO:0007829|PDB:7DPT	beta_strand
Q9VUQ5	601-603	ECO:0007829|PDB:3MJ0	beta_strand
Q9VUQ5	618-621	ECO:0007829|PDB:1VYN	beta_strand
Q9VUQ5	638-641	ECO:0007829|PDB:3MJ0	beta_strand
Q9VUQ5	652-655	ECO:0007829|PDB:3MJ0	beta_strand
Q9VUQ5	658-663	ECO:0007829|PDB:3MJ0	beta_strand
Q9VUQ5	668-677	ECO:0007829|PDB:3MJ0	beta_strand
Q9VUQ5	692-698	ECO:0007829|PDB:3MJ0	beta_strand
Q9VUQ5	705-708	ECO:0007829|PDB:1T2R	beta_strand
Q9VUQ5	713-716	ECO:0007829|PDB:3MJ0	beta_strand
Q9VUX3	107-111	ECO:0007829|PDB:4UZK	beta_strand
Q9VUX3	118-123	ECO:0007829|PDB:4UZK	beta_strand
Q9VUX3	153-155	ECO:0007829|PDB:4UZK	beta_strand
Q9VUX3	174-179	ECO:0007829|PDB:4UZK	beta_strand
Q9VUX3	183-185	ECO:0007829|PDB:4UZK	beta_strand
Q9VUX3	191-193	ECO:0007829|PDB:4UZK	beta_strand
Q9VUX3	229-236	ECO:0007829|PDB:4UZK	beta_strand
Q9VUX3	262-270	ECO:0007829|PDB:4UZK	beta_strand
Q9VUX3	309-311	ECO:0007829|PDB:4UZJ	beta_strand
Q9VUX3	330-333	ECO:0007829|PDB:4UZK	beta_strand
Q9VUX3	374-378	ECO:0007829|PDB:4UZK	beta_strand
Q9VUX3	380-384	ECO:0007829|PDB:4UZK	beta_strand
Q9VUX3	601-603	ECO:0007829|PDB:4UZK	beta_strand
Q9VUX3	88-92	ECO:0007829|PDB:4UZK	beta_strand
Q9VV73	576-578	ECO:0007829|PDB:6MRK	beta_strand
Q9VV73	615-620	ECO:0007829|PDB:6MRK	beta_strand
Q9VV73	660-662	ECO:0007829|PDB:6MRK	beta_strand
Q9VV73	675-678	ECO:0007829|PDB:6MRK	beta_strand
Q9VV73	684-706	ECO:0007829|PDB:6MRK	beta_strand
Q9VV73	723-737	ECO:0007829|PDB:6MRK	beta_strand
Q9VV73	747-759	ECO:0007829|PDB:6MRK	beta_strand
Q9VVI2	12-17	ECO:0007829|PDB:2RM4	beta_strand
Q9VVI2	23-32	ECO:0007829|PDB:2RM4	beta_strand
Q9VVI2	35-43	ECO:0007829|PDB:2RM4	beta_strand
Q9VVI2	51-53	ECO:0007829|PDB:2RM4	beta_strand
Q9VVI2	55-58	ECO:0007829|PDB:2RM4	beta_strand
Q9VVI2	62-69	ECO:0007829|PDB:2RM4	beta_strand
Q9VVI3	535-539	ECO:0007829|PDB:2EZ5	beta_strand
Q9VVI3	543-549	ECO:0007829|PDB:2EZ5	beta_strand
Q9VVI3	554-558	ECO:0007829|PDB:2EZ5	beta_strand
Q9VVT2	297-299	ECO:0007829|PDB:8ZL1	beta_strand
Q9VVT2	300-302	ECO:0007829|PDB:8ZKZ	beta_strand
Q9VVT2	356-358	ECO:0007829|PDB:8ZKZ	beta_strand
Q9VVT2	386-388	ECO:0007829|PDB:8ZKZ	beta_strand
Q9VVT2	399-401	ECO:0007829|PDB:8ZKZ	beta_strand
Q9VVT2	410-412	ECO:0007829|PDB:8ZKW	beta_strand
Q9VVT2	570-572	ECO:0007829|PDB:8ZKZ	beta_strand
Q9VVX0	171-174	ECO:0007829|PDB:4V98	beta_strand
Q9VVX0	32-34	ECO:0007829|PDB:4V98	beta_strand
Q9VVX0	56-58	ECO:0007829|PDB:4V98	beta_strand
Q9VWI0	101-108	ECO:0007829|PDB:8B9Z	beta_strand
Q9VWI0	122-124	ECO:0007829|PDB:8B9Z	beta_strand
Q9VWI0	133-137	ECO:0007829|PDB:8B9Z	beta_strand
Q9VWI0	151-154	ECO:0007829|PDB:8B9Z	beta_strand
Q9VWI0	174-176	ECO:0007829|PDB:8B9Z	beta_strand
Q9VWI0	61-64	ECO:0007829|PDB:8B9Z	beta_strand
Q9VWI0	83-87	ECO:0007829|PDB:8B9Z	beta_strand
Q9VWX8	160-163	ECO:0007829|PDB:5G08	beta_strand
Q9VWX8	41-43	ECO:0007829|PDB:5AAN	beta_strand
Q9VWX8	57-59	ECO:0007829|PDB:6EPA	beta_strand
Q9VWX8	77-80	ECO:0007829|PDB:5G08	beta_strand
Q9VXJ0	14-17	ECO:0007829|PDB:3OML	beta_strand
Q9VXJ0	147-152	ECO:0007829|PDB:3OML	beta_strand
Q9VXJ0	190-197	ECO:0007829|PDB:3OML	beta_strand
Q9VXJ0	239-243	ECO:0007829|PDB:3OML	beta_strand
Q9VXJ0	246-250	ECO:0007829|PDB:3OML	beta_strand
Q9VXJ0	260-263	ECO:0007829|PDB:3OML	beta_strand
Q9VXJ0	314-320	ECO:0007829|PDB:3OML	beta_strand
Q9VXJ0	38-41	ECO:0007829|PDB:3OML	beta_strand
Q9VXJ0	389-397	ECO:0007829|PDB:3OML	beta_strand
Q9VXJ0	403-418	ECO:0007829|PDB:3OML	beta_strand
Q9VXJ0	423-432	ECO:0007829|PDB:3OML	beta_strand
Q9VXJ0	438-448	ECO:0007829|PDB:3OML	beta_strand
Q9VXJ0	476-482	ECO:0007829|PDB:3OML	beta_strand
Q9VXJ0	542-549	ECO:0007829|PDB:3OML	beta_strand
Q9VXJ0	558-566	ECO:0007829|PDB:3OML	beta_strand
Q9VXJ0	569-576	ECO:0007829|PDB:3OML	beta_strand
Q9VXJ0	582-591	ECO:0007829|PDB:3OML	beta_strand
Q9VXJ0	72-74	ECO:0007829|PDB:3OML	beta_strand
Q9VXN9	197-206	ECO:0007829|PDB:2CB3	beta_strand
Q9VXN9	241-244	ECO:0007829|PDB:2CB3	beta_strand
Q9VXN9	250-254	ECO:0007829|PDB:2CB3	beta_strand
Q9VXN9	261-263	ECO:0007829|PDB:2CB3	beta_strand
Q9VXN9	270-277	ECO:0007829|PDB:2CB3	beta_strand
Q9VXN9	280-282	ECO:0007829|PDB:2CB3	beta_strand
Q9VXN9	304-313	ECO:0007829|PDB:2CB3	beta_strand
Q9VXN9	318-320	ECO:0007829|PDB:2CB3	beta_strand
Q9VY78	164-170	ECO:0007829|PDB:2YV7	beta_strand
Q9VY78	22-29	ECO:0007829|PDB:2YV7	beta_strand
Q9VY78	34-37	ECO:0007829|PDB:2YV7	beta_strand
Q9VY78	58-66	ECO:0007829|PDB:2YV7	beta_strand
Q9VY78	86-89	ECO:0007829|PDB:2YV7	beta_strand
Q9VY78	92-94	ECO:0007829|PDB:2YV7	beta_strand
Q9VYX7	101-106	ECO:0007829|PDB:1SXR	beta_strand
Q9VYX7	112-116	ECO:0007829|PDB:1SXR	beta_strand
Q9VYX7	123-125	ECO:0007829|PDB:1SXR	beta_strand
Q9VYX7	132-139	ECO:0007829|PDB:1SXR	beta_strand
Q9VYX7	142-144	ECO:0007829|PDB:1SXR	beta_strand
Q9VYX7	166-175	ECO:0007829|PDB:1SXR	beta_strand
Q9VYX7	180-182	ECO:0007829|PDB:1S2J	beta_strand
Q9VYX7	59-68	ECO:0007829|PDB:1SXR	beta_strand
Q9VZL5	11-22	ECO:0007829|PDB:8C7G	beta_strand
Q9VZL5	214-219	ECO:0007829|PDB:8C7G	beta_strand
Q9VZL5	222-225	ECO:0007829|PDB:8C7G	beta_strand
Q9VZL5	295-315	ECO:0007829|PDB:8C7G	beta_strand
Q9VZL5	318-328	ECO:0007829|PDB:8C7G	beta_strand
Q9VZL5	33-38	ECO:0007829|PDB:8C7G	beta_strand
Q9VZL5	380-385	ECO:0007829|PDB:8C7G	beta_strand
Q9VZL5	390-393	ECO:0007829|PDB:8C7G	beta_strand
Q9VZL5	429-435	ECO:0007829|PDB:8C7G	beta_strand
Q9VZL5	439-445	ECO:0007829|PDB:8C7G	beta_strand
Q9VZL5	447-457	ECO:0007829|PDB:8C7G	beta_strand
Q9VZL5	71-82	ECO:0007829|PDB:8C7G	beta_strand
Q9VZL5	88-95	ECO:0007829|PDB:8C7G	beta_strand
Q9VZU4	112-120	ECO:0007829|PDB:8B9Z	beta_strand
Q9VZU4	124-126	ECO:0007829|PDB:8B9Z	beta_strand
Q9VZU4	128-136	ECO:0007829|PDB:8B9Z	beta_strand
Q9VZU4	141-149	ECO:0007829|PDB:8B9Z	beta_strand
Q9VZU4	151-153	ECO:0007829|PDB:8B9Z	beta_strand
Q9VZU4	189-191	ECO:0007829|PDB:8B9Z	beta_strand
Q9VZU4	209-215	ECO:0007829|PDB:8B9Z	beta_strand
Q9VZU4	220-225	ECO:0007829|PDB:8B9Z	beta_strand
Q9VZU4	228-230	ECO:0007829|PDB:8B9Z	beta_strand
Q9VZU4	47-49	ECO:0007829|PDB:8B9Z	beta_strand
Q9VZU4	75-80	ECO:0007829|PDB:8B9Z	beta_strand
Q9VZU4	86-90	ECO:0007829|PDB:8B9Z	beta_strand
Q9W058	102-108	ECO:0007829|PDB:4KGB	beta_strand
Q9W058	126-129	ECO:0007829|PDB:4KGB	beta_strand
Q9W058	148-152	ECO:0007829|PDB:4KGB	beta_strand
Q9W058	165-168	ECO:0007829|PDB:4KGB	beta_strand
Q9W058	173-177	ECO:0007829|PDB:4KGB	beta_strand
Q9W058	183-186	ECO:0007829|PDB:4KGB	beta_strand
Q9W058	189-195	ECO:0007829|PDB:4KGB	beta_strand
Q9W058	199-205	ECO:0007829|PDB:4KGB	beta_strand
Q9W058	207-209	ECO:0007829|PDB:4KGB	beta_strand
Q9W058	231-242	ECO:0007829|PDB:4KGB	beta_strand
Q9W058	261-265	ECO:0007829|PDB:4KGB	beta_strand
Q9W058	313-317	ECO:0007829|PDB:4KGB	beta_strand
Q9W058	335-339	ECO:0007829|PDB:4KGB	beta_strand
Q9W058	343-346	ECO:0007829|PDB:4KGB	beta_strand
Q9W058	364-366	ECO:0007829|PDB:4KGB	beta_strand
Q9W058	369-375	ECO:0007829|PDB:4KGB	beta_strand
Q9W058	392-395	ECO:0007829|PDB:4KGB	beta_strand
Q9W058	398-401	ECO:0007829|PDB:4KGB	beta_strand
Q9W058	432-436	ECO:0007829|PDB:4KGB	beta_strand
Q9W058	439-441	ECO:0007829|PDB:4KGB	beta_strand
Q9W058	445-451	ECO:0007829|PDB:4KGB	beta_strand
Q9W058	456-460	ECO:0007829|PDB:4KGB	beta_strand
Q9W058	463-466	ECO:0007829|PDB:4KGB	beta_strand
Q9W058	468-475	ECO:0007829|PDB:4KGB	beta_strand
Q9W058	479-485	ECO:0007829|PDB:4KGB	beta_strand
Q9W058	503-510	ECO:0007829|PDB:4KGB	beta_strand
Q9W058	52-55	ECO:0007829|PDB:4KGB	beta_strand
Q9W058	78-82	ECO:0007829|PDB:4KGB	beta_strand
Q9W0S7	703-710	ECO:0007829|PDB:2WAC	beta_strand
Q9W0S7	714-720	ECO:0007829|PDB:2WAC	beta_strand
Q9W0S7	755-759	ECO:0007829|PDB:2WAC	beta_strand
Q9W0S7	766-775	ECO:0007829|PDB:2WAC	beta_strand
Q9W0S7	778-783	ECO:0007829|PDB:2WAC	beta_strand
Q9W0S7	789-793	ECO:0007829|PDB:2WAC	beta_strand
Q9W0S7	797-799	ECO:0007829|PDB:2WAC	beta_strand
Q9W0S7	805-807	ECO:0007829|PDB:2WAC	beta_strand
Q9W0S7	810-816	ECO:0007829|PDB:2WAC	beta_strand
Q9W0S7	843-850	ECO:0007829|PDB:2WAC	beta_strand
Q9W0S7	857-862	ECO:0007829|PDB:2WAC	beta_strand
Q9W0S7	879-882	ECO:0007829|PDB:2WAC	beta_strand
Q9W138	124-132	ECO:0007829|PDB:8GMY	beta_strand
Q9W138	144-152	ECO:0007829|PDB:8GMY	beta_strand
Q9W138	158-160	ECO:0007829|PDB:8GMY	beta_strand
Q9W138	167-169	ECO:0007829|PDB:8GMY	beta_strand
Q9W138	176-178	ECO:0007829|PDB:8GMY	beta_strand
Q9W138	181-188	ECO:0007829|PDB:8GMY	beta_strand
Q9W138	190-197	ECO:0007829|PDB:8GMY	beta_strand
Q9W138	202-204	ECO:0007829|PDB:7VKQ	beta_strand
Q9W138	219-230	ECO:0007829|PDB:8GMY	beta_strand
Q9W138	235-238	ECO:0007829|PDB:8GMY	beta_strand
Q9W138	254-260	ECO:0007829|PDB:8GMY	beta_strand
Q9W138	265-272	ECO:0007829|PDB:8GMY	beta_strand
Q9W197	106-108	ECO:0007829|PDB:4NV0	beta_strand
Q9W197	128-131	ECO:0007829|PDB:4NV0	beta_strand
Q9W197	167-174	ECO:0007829|PDB:4NV0	beta_strand
Q9W197	192-197	ECO:0007829|PDB:4NV0	beta_strand
Q9W197	199-202	ECO:0007829|PDB:4NV0	beta_strand
Q9W197	205-209	ECO:0007829|PDB:4NV0	beta_strand
Q9W197	239-246	ECO:0007829|PDB:4NV0	beta_strand
Q9W197	261-268	ECO:0007829|PDB:4NV0	beta_strand
Q9W197	284-289	ECO:0007829|PDB:4NV0	beta_strand
Q9W197	50-54	ECO:0007829|PDB:4NV0	beta_strand
Q9W197	66-68	ECO:0007829|PDB:4NWI	beta_strand
Q9W197	82-84	ECO:0007829|PDB:4NWI	beta_strand
Q9W2H9	456-463	ECO:0007829|PDB:7K3K	beta_strand
Q9W2H9	470-476	ECO:0007829|PDB:7K3L	beta_strand
Q9W2W5	131-137	ECO:0007829|PDB:8DMT	beta_strand
Q9W2W5	142-144	ECO:0007829|PDB:8DMT	beta_strand
Q9W2W5	15-17	ECO:0007829|PDB:8DMT	beta_strand
Q9W2W5	150-152	ECO:0007829|PDB:8DMT	beta_strand
Q9W2W5	185-191	ECO:0007829|PDB:8DMT	beta_strand
Q9W2W5	209-211	ECO:0007829|PDB:8DMT	beta_strand
Q9W2W5	214-220	ECO:0007829|PDB:8DMT	beta_strand
Q9W2W5	286-290	ECO:0007829|PDB:8DMT	beta_strand
Q9W2W5	298-300	ECO:0007829|PDB:8DMT	beta_strand
Q9W2W5	330-334	ECO:0007829|PDB:8DMT	beta_strand
Q9W2W5	370-375	ECO:0007829|PDB:8DMT	beta_strand
Q9W2W5	381-383	ECO:0007829|PDB:8DMT	beta_strand
Q9W2W5	391-393	ECO:0007829|PDB:8DMT	beta_strand
Q9W2W5	400-407	ECO:0007829|PDB:8DMT	beta_strand
Q9W2W5	424-430	ECO:0007829|PDB:8DMT	beta_strand
Q9W2W5	447-449	ECO:0007829|PDB:8DMT	beta_strand
Q9W2W5	479-482	ECO:0007829|PDB:8DMT	beta_strand
Q9W2W5	486-489	ECO:0007829|PDB:8DMT	beta_strand
Q9W2W5	86-90	ECO:0007829|PDB:8DMT	beta_strand
Q9W352	74-77	ECO:0007829|PDB:9C0O	beta_strand
Q9W352	83-85	ECO:0007829|PDB:9C0O	beta_strand
Q9W352	99-102	ECO:0007829|PDB:9C0O	beta_strand
Q9W380	60-62	ECO:0007829|PDB:8B9Z	beta_strand
Q9W385	101-106	ECO:0007829|PDB:7N9I	beta_strand
Q9W385	109-114	ECO:0007829|PDB:7N9I	beta_strand
Q9W385	120-126	ECO:0007829|PDB:7N9I	beta_strand
Q9W385	131-136	ECO:0007829|PDB:7N9I	beta_strand
Q9W385	140-148	ECO:0007829|PDB:7N9I	beta_strand
Q9W385	150-157	ECO:0007829|PDB:7N9I	beta_strand
Q9W385	161-163	ECO:0007829|PDB:7N9I	beta_strand
Q9W385	186-188	ECO:0007829|PDB:7N9I	beta_strand
Q9W3E1	167-169	ECO:0007829|PDB:7SN8	beta_strand
Q9W3E1	206-209	ECO:0007829|PDB:7SN8	beta_strand
Q9W3E1	377-379	ECO:0007829|PDB:7SN8	beta_strand
Q9W4J9	142-148	ECO:0007829|PDB:8DMU	beta_strand
Q9W4J9	153-155	ECO:0007829|PDB:8DMU	beta_strand
Q9W4J9	161-163	ECO:0007829|PDB:8DMU	beta_strand
Q9W4J9	196-202	ECO:0007829|PDB:8DMU	beta_strand
Q9W4J9	224-231	ECO:0007829|PDB:8DMU	beta_strand
Q9W4J9	304-307	ECO:0007829|PDB:8DMU	beta_strand
Q9W4J9	310-313	ECO:0007829|PDB:8DMU	beta_strand
Q9W4J9	343-347	ECO:0007829|PDB:8DMU	beta_strand
Q9W4J9	383-388	ECO:0007829|PDB:8DMU	beta_strand
Q9W4J9	394-396	ECO:0007829|PDB:8DMU	beta_strand
Q9W4J9	404-406	ECO:0007829|PDB:8DMU	beta_strand
Q9W4J9	413-420	ECO:0007829|PDB:8DMU	beta_strand
Q9W4J9	429-431	ECO:0007829|PDB:8DMU	beta_strand
Q9W4J9	433-439	ECO:0007829|PDB:8DMU	beta_strand
Q9W4J9	456-458	ECO:0007829|PDB:8DMU	beta_strand
Q9W4J9	488-491	ECO:0007829|PDB:8DMU	beta_strand
Q9W4J9	495-498	ECO:0007829|PDB:8DMU	beta_strand
Q9W4J9	97-101	ECO:0007829|PDB:8DMU	beta_strand
Q9XYF4	195-202	ECO:0007829|PDB:2FP3	beta_strand
Q9XYF4	232-237	ECO:0007829|PDB:2FP3	beta_strand
Q9XYF4	264-270	ECO:0007829|PDB:2FP3	beta_strand
Q9XYF4	280-282	ECO:0007829|PDB:2FP3	beta_strand
Q9XYF4	288-290	ECO:0007829|PDB:2FP3	beta_strand
Q9XYF4	311-316	ECO:0007829|PDB:2FP3	beta_strand
Q9XYF4	366-371	ECO:0007829|PDB:2FP3	beta_strand
Q9XYF4	419-423	ECO:0007829|PDB:2FP3	beta_strand
Q9XYF4	425-427	ECO:0007829|PDB:2FP3	beta_strand
Q9XYF4	431-436	ECO:0007829|PDB:2FP3	beta_strand
Q9XZ16	141-145	ECO:0007829|PDB:3SHQ	beta_strand
Q9XZ16	15-22	ECO:0007829|PDB:3SHQ	beta_strand
Q9XZ16	154-156	ECO:0007829|PDB:3SHQ	beta_strand
Q9XZ16	180-185	ECO:0007829|PDB:3SHQ	beta_strand
Q9XZ16	212-214	ECO:0007829|PDB:3SHQ	beta_strand
Q9XZ16	220-224	ECO:0007829|PDB:3SHQ	beta_strand
Q9XZ16	228-232	ECO:0007829|PDB:3SHQ	beta_strand
Q9XZ16	250-255	ECO:0007829|PDB:3SHQ	beta_strand
Q9XZ16	267-269	ECO:0007829|PDB:3SHQ	beta_strand
Q9XZ16	5-12	ECO:0007829|PDB:3SHQ	beta_strand
Q9XZ16	51-56	ECO:0007829|PDB:3SHQ	beta_strand
Q9XZ16	73-77	ECO:0007829|PDB:3SHQ	beta_strand
Q9XZT6	122-124	ECO:0007829|PDB:2VP4	beta_strand
Q9XZT6	148-154	ECO:0007829|PDB:1ZM7	beta_strand
Q9XZT6	200-206	ECO:0007829|PDB:1ZM7	beta_strand
Q9XZT6	21-28	ECO:0007829|PDB:1ZM7	beta_strand
Q9XZT6	47-50	ECO:0007829|PDB:1ZM7	beta_strand
Q9XZT6	60-62	ECO:0007829|PDB:2VP5	beta_strand
Q9XZT6	98-105	ECO:0007829|PDB:1ZM7	beta_strand
Q9Y0H4	477-482	ECO:0007829|PDB:1TK7	beta_strand
Q9Y0H4	485-488	ECO:0007829|PDB:1TK7	beta_strand
Q9Y0H4	492-497	ECO:0007829|PDB:1TK7	beta_strand
Q9Y0H4	502-507	ECO:0007829|PDB:1TK7	beta_strand
Q9Y0H4	528-532	ECO:0007829|PDB:1TK7	beta_strand
Q9Y0H4	536-541	ECO:0007829|PDB:1TK7	beta_strand
Q9Y0H4	546-552	ECO:0007829|PDB:1TK7	beta_strand
Q9Y0I1	19-21	ECO:0007829|PDB:2LRQ	beta_strand
Q9Y0I1	27-31	ECO:0007829|PDB:2LRQ	beta_strand
Q9Y0I1	33-44	ECO:0007829|PDB:2LRQ	beta_strand
Q9Y0I1	47-50	ECO:0007829|PDB:2LRQ	beta_strand
Q9Y0I1	52-57	ECO:0007829|PDB:2LRQ	beta_strand
Q9Y0I1	66-69	ECO:0007829|PDB:2LRQ	beta_strand
