entry	pos	evidence	note	origin
A1ZB29	135	ECO:0000269|PubMed:16951084, ECO:0000269|PubMed:19126864	A -> S (in strain: MEL14, MEL18, MEL20, ZBMEL82, ZBMEL131, ZBMEL145, ZBMEL157, ZBMEL186, ZBMEL191, ZBMEL377, ZBMEL384 and ZBMEL398)	natural_variant
A1ZB29	142	ECO:0000269|PubMed:19126864	H -> Y (in strain: MEL14, MEL18 and MEL20)	natural_variant
A1ZB29	165	ECO:0000269|PubMed:16951084, ECO:0000269|PubMed:19126864	N -> D (in strain: MEL11, MEL14, MEL15, MEL18, MEL20, ZBMEL82, ZBMEL95, ZBMEL84, ZBMEL131, ZBMEL145, ZBMEL157, ZBMEL186, ZBMEL191, ZBMEL377, ZBMEL384 and ZBMEL398)	natural_variant
A1ZB29	193	ECO:0000269|PubMed:16951084, ECO:0000269|PubMed:19126864	S -> N (in strain: MEL11, MEL15, ZBMEL84 and ZBMEL229)	natural_variant
A8DYE2	1684		I -> M (in RNA edited version)	natural_variant
A8DYE2	1860		T -> A (in RNA edited version)	natural_variant
A8DYE2	1900		Q -> R (in RNA edited version)	natural_variant
A8DYE2	1915		Q -> R (in RNA edited version)	natural_variant
A8DYE2	1917		S -> G (in RNA edited version)	natural_variant
C0HK98	13		V -> I (in strain: KY024)	natural_variant
C0HK98	6		A -> T (in strain: KY024 and KY038)	natural_variant
C0HK99	6		A -> T (in strain: KY038)	natural_variant
C0HKQ7	11	ECO:0000269|PubMed:9335607	A -> P (in strain: B226 and B316)	natural_variant
C0HKQ7	14	ECO:0000269|PubMed:9553148	L -> V (in strain: MJ3)	natural_variant
C0HKQ7	20	ECO:0000269|PubMed:9335607	Q -> E (in strain: B316)	natural_variant
C0HKQ7	45	ECO:0000269|PubMed:9725836;ECO:0000269|PubMed:9553148, ECO:0000269|PubMed:9725836	I -> IFT (in strain: M40);I -> V (in strain: MJ1)	natural_variant
C0HKQ7	56	ECO:0000269|PubMed:9553148	N -> D (in strain: MJ1)	natural_variant
C0HKQ7	61	ECO:0000269|PubMed:9335607	A -> G (in strain: Z24)	natural_variant
C0HKQ7	8	ECO:0000269|PubMed:9725836	V -> A (in strain: M26)	natural_variant
C0HKQ8	11	ECO:0000269|PubMed:9335607, ECO:0000269|PubMed:9725836	A -> T (in strain: B115, M11 and M47)	natural_variant
C0HKQ8	2	ECO:0000269|PubMed:9335607	N -> D (in strain: Z5);N -> K (in strain: Z24)	natural_variant
C0HKQ8	3	ECO:0000269|PubMed:9553148, ECO:0000269|PubMed:9725836	F -> L (in strain: M2, MJ1 and MJ3)	natural_variant
C0HKQ8	36	ECO:0000269|PubMed:9553148	V -> A (in strain: MJ2)	natural_variant
C0HKQ8	7	ECO:0000269|PubMed:9335607	F -> L (in strain: B226)	natural_variant
C0HKQ8	8	ECO:0000269|PubMed:9335607, ECO:0000269|PubMed:9725836	V -> G (in strain: Z5)	natural_variant
C4NYP8	105	ECO:0000269|PubMed:19333534	S -> N (in strain: XCPA112)	natural_variant
C4NYP8	227	ECO:0000269|PubMed:19333534	E -> D (in strain: XCPA25)	natural_variant
C4NYP8	290	ECO:0000269|PubMed:19333534	G -> A (in strain: XCPA77, XCPA93 and XCPA126)	natural_variant
O02193	119	ECO:0000269|PubMed:17878295	D -> E (in strain: Congo 216)	natural_variant
O02193	156	ECO:0000269|PubMed:17878295, ECO:0000269|PubMed:18039888	G -> D (in strain: Congo 8, Congo 13, Congo 194 and Mof.820A.s)	natural_variant
O02193	202	ECO:0000269|PubMed:17878295	G -> C (in strain: Africa-0)	natural_variant
O02193	254	ECO:0000269|PubMed:17878295	A -> V (in strain: Congo 194)	natural_variant
O02193	384	ECO:0000269|PubMed:17878295, ECO:0000269|PubMed:18039888	F -> Y (in strain: Africa-0, Africa-3, Africa-4, Congo 194 and Mof.591A.s)	natural_variant
O02193	48	ECO:0000269|PubMed:17878295	A -> S (in strain: Africa-1 and Africa-5)	natural_variant
O02193	5	ECO:0000269|PubMed:17878295	E -> V (in strain: Congo 159, Congo 194 and Congo 216)	natural_variant
O15943	1425		E -> K (in allele CADN-M12; muscle defects)	natural_variant
O16829	20		Q -> H (in strain: Z10, Z18, Z22 and Z24)	natural_variant
O16829	25		W -> G (in strain: Z10 and Z22)	natural_variant
O16829	26		L -> R (in strain: Z24);L -> W (in strain: Z10, Z18 and Z22)	natural_variant
O16829	27		K -> R (in strain: Z10 and Z18)	natural_variant
O16829	5		K -> Q (in strain: B205 and B208)	natural_variant
O16829	5-16		KIFVFVALILAI -> MIYVRVGRTQAS (in strain: Z10)	natural_variant
O16829	53		Q -> R (in strain: B316)	natural_variant
O16829	54		A -> T (in strain: B202)	natural_variant
O18381	641		A -> T (in strain: 253.27 and closs19)	natural_variant
O18381	697		T -> S (in strain: 253.27 and closs19)	natural_variant
O46197	104	ECO:0000269|PubMed:14761057	K -> E (in strain: SFS 1.2)	natural_variant
O46197	105	ECO:0000269|PubMed:10353898	A -> S (in strain: La16 and La35)	natural_variant
O46197	108	ECO:0000269|PubMed:14761057	N -> D (in strain: SFS 2.3)	natural_variant
O46197	113	ECO:0000269|PubMed:10353898, ECO:0000269|PubMed:11102381, ECO:0000269|PubMed:14761057, ECO:0000269|PubMed:15215320, ECO:0000269|Ref.6	R -> L (in strain: isofemale line 31, isofemale line 32, isofemale line 68, La14, La14, La16, La35, M01, M06, M09, M12, M26, M47, Ma5, Ma7, Ma13, Ma18, Ma20, Ma21, Ma45, Ma48, Ma50, Ma52, Ma67, Mo2b, Mo15b, Mo34a, Mo36a, Mo37a, Mo47a, Mo52b, Mo58b, Mo80b, NFS 5.1, NFS 5.2, NFS 5.4, NFS 6.2, NFS 6.3, NFS 6.4, SFS 1.1, SFS 1.3, SFS 1.4, SFS 2.2, SFS 3.1, SFS 3.3, WS1, WS6, WS9, WS12, WS16, WS26, WS47, WS56, Zim2, Zim26, Zim29, Zim30, Zim32, Zim37, Zim42 and Zim56)	natural_variant
O46197	153	ECO:0000269|PubMed:10353898, ECO:0000269|PubMed:11102381, ECO:0000269|PubMed:14761057, ECO:0000269|PubMed:15215320, ECO:0000269|Ref.6	M -> K (in strain: La1, La21, La25, La3, La34, La35, La4, La5, La6, La9, M01, Mo15b, Mo2b, Mo34a, Mo36a, Mo37a, Mo47a, Mo58b, M06, Mo80b, M09, M12, M18, M26, M47, MA13, MA18, MA20, MA43, MA48, MA50, MA7, MA8, NFS 5.1, NFS 5.2, NFS 5.4, NFS 6.2, NFS 6.3, NFS 6.4, SFS 1.3, SFS 2.2, SFS 3.1, SFS 3.3, WS1, WS12, WS16, WS19, WS26, WS47, WS47, WS56, WS6, WS9, Zim2, Zim26, Zim32, Zim37, isofemale line 31 and isofemale line 68)	natural_variant
O46197	171	ECO:0000269|PubMed:14761057	I -> V (in strain: NFS 5.2)	natural_variant
O46197	214	ECO:0000269|PubMed:10353898	E -> D (in strain: Ma7)	natural_variant
O46197	27	ECO:0000269|PubMed:14761057	N -> S (in strain: SFS 1.2)	natural_variant
O46197	29	ECO:0000269|PubMed:10353898, ECO:0000269|PubMed:11102381, ECO:0000269|PubMed:15215320	K -> N (in strain: M26, Ma7, WS16 and WS26)	natural_variant
O46197	59	ECO:0000269|PubMed:10353898, ECO:0000269|PubMed:11102381, ECO:0000269|PubMed:14761057, ECO:0000269|PubMed:15215320, ECO:0000269|Ref.6	K -> R (in strain: isofemale line 32, La1, La3, La4, La5, La14, La15, La16, La21, La25, La34, La35, M18, Ma5, Ma8, Ma13, Ma18, Ma20, Ma21, Ma45, Ma48, Ma52, Ma67, Mo1b, Mo52b, Mo80b, NFS 6.1, SFS 1.2, WS6, WS19, Zim26, Zim29, Zim30 and Zim56)	natural_variant
O46199	108		Y -> C (in strain: ZIM2)	natural_variant
O46199	14		A -> D (in strain: M47)	natural_variant
O46199	21		T -> L (in strain: M47)	natural_variant
O46199	22		E -> K (in strain: ZIM26 and ZIM42)	natural_variant
O46199	27		I -> V (in strain: ZIM56)	natural_variant
O46199	7		T -> A (in strain: ZIM56)	natural_variant
O46199	70		N -> K (in strain: M09 and WS9)	natural_variant
O46199	72		Y -> C (in strain: SFS 3.1)	natural_variant
O46199	83		V -> D (in strain: ZIM30)	natural_variant
O46200	39		N -> S (in strain: SFS 3.4)	natural_variant
O46200	49		K -> N (in strain: Canton-S, NFS 5.1, NFS 5.2, NFS 5.3, NFS 5.4, NFS 6.1, NFS 6.2, NFS 6.3, NFS 6.4, NFS 7.8, SFS 1.1, SFS 1.2, SFS 1.3, SFS 1.4, SFS 2.2, SFS 2.3, SFS 2.4, SFS 3.1, SFS 3.2, SFS 3.3, SFS 3.4, Zim63H-12C, Zim63H-16C, Zim63H-28C, Zim63H-34C, Zim63I-10C, Zim63I-18C, Zim63I-53C and Zim63I-7C)	natural_variant
O46200	72		L -> V (in strain: Zim63H-16C, Zim63H-34C and Zim63I-7C)	natural_variant
O46200	73		H -> Q (in strain: Zim63H-16C and Zim63H-34C)	natural_variant
O46200	73-74		HG -> MA (in strain: Zim63H-30C)	natural_variant
O46200	75		K -> E (in strain: Zim63H-16C)	natural_variant
O46200	76		P -> T (in strain: Zim63I-7C)	natural_variant
O46227	44-47	ECO:0000305	PCCM -> RVACK (in strain: ZIM30C)	natural_variant
O61735	802-809		Missing (in variant B)	natural_variant
O76879	219	ECO:0000269|PubMed:11975710	Q -> L (in strain: Oregon-R, wi4, wi15, wi6, wi24, wi30, wi32 and wi33)	natural_variant
O76906	322		S -> N (in strain: k3 and k5)	natural_variant
O76906	402		M -> I (in strain: k5)	natural_variant
O76906	493		N -> T (in strain: Berkeley, k1, k8, Oregon-R, pe7 and pe10)	natural_variant
O76906	527		S -> T (in strain: k2)	natural_variant
O76906	639		G -> A (in strain: Berkeley, k1, k2, k3, k5, k8, k9 and k11)	natural_variant
O76906	747		M -> I (in strain: k5)	natural_variant
O76906	823		T -> I (in strain: Berkeley, k9, wi10 and wi19)	natural_variant
O76906	830		T -> S (in strain: k1)	natural_variant
O76906	837		C -> S (in strain: Berkeley, k3, k8, k9, wi10 and wi19)	natural_variant
O76906	842		M -> T (in strain: Berkeley, k1, k2, k3, k5, k8, k9, k11, pe1, pe4, pe45, pe5, wi4, wi7, wi10, wi13, wi18 and wi19)	natural_variant
O76906	845		S -> P (in strain: k8)	natural_variant
O77277	118	ECO:0000269|PubMed:18477586	A -> S (in strain: ZBMEL82, ZBMEL95, ZBMEL131, ZBMEL145, ZBMEL157, ZBMEL229, ZBMEL377 and ZBMEL398)	natural_variant
O77277	125	ECO:0000269|PubMed:18477586	M -> L (in strain: ZBMEL82, ZBMEL95, ZBMEL131, ZBMEL145, ZBMEL157, ZBMEL229, ZBMEL377 and ZBMEL398)	natural_variant
O77277	138	ECO:0000269|PubMed:18477586, ECO:0000269|PubMed:19126864	Y -> F (in strain: MEL14, ZBMEL82, ZBMEL95, ZBMEL131, ZBMEL145, ZBMEL157, ZBMEL229, ZBMEL377 and ZBMEL398)	natural_variant
O77277	14	ECO:0000269|PubMed:18477586	V -> G (in strain: ZBMEL384)	natural_variant
O77277	152	ECO:0000269|PubMed:19126864	N -> K (in strain: MEL20)	natural_variant
O77277	163	ECO:0000269|PubMed:19126864	D -> N (in strain: MEL11 and MEL13)	natural_variant
O77277	226	ECO:0000269|PubMed:18477586, ECO:0000269|PubMed:19126864	S -> N (in strain: MEL14, ZBMEL82, ZBMEL131, ZBMEL145, ZBMEL157, ZBMEL229, ZBMEL377, ZBMEL384 and ZBMEL398)	natural_variant
O77277	30	ECO:0000269|PubMed:18477586, ECO:0000269|PubMed:19126864	I -> M (in strain: MEL14 and ZBMEL384)	natural_variant
O97148	132	ECO:0000269|PubMed:10995474	S -> A (in strain: ZIM(S)49 and ZIM(H)44)	natural_variant
O97148	151	ECO:0000269|PubMed:10995474	D -> N (in strain: CT97_3, MFL97_1 and ZIM(S)37)	natural_variant
O97148	281	ECO:0000269|PubMed:10995474	F -> V (in strain: ZIM(S)49 and ZIM(H)44)	natural_variant
O97148	357	ECO:0000269|PubMed:10995474	H -> N (in strain: DPF96_3.0, HFL97_15, JFL97_1, JFL97_9 and ZIM(S)37)	natural_variant
O97148	387	ECO:0000269|PubMed:10995474	T -> N (in strain: ZIM(S)35)	natural_variant
O97148	407	ECO:0000269|PubMed:10995474	A -> V (in strain: ZIM(H)23)	natural_variant
O97148	54	ECO:0000269|PubMed:10995474	L -> I (in strain: MA97_6)	natural_variant
O97172	72	ECO:0000269|PubMed:16020794	D -> N (in strain: Usa7, Z36, Z50, Zim7, Zim10, Zim13, Zim15, Zim16, Zim18, Zim39 Zim41 and Zim42)	natural_variant
O97176	104	ECO:0000269|PubMed:15537803	K -> M (in strain: NVIII-m11)	natural_variant
O97176	12	ECO:0000269|PubMed:15537803, ECO:0000269|PubMed:16356268	A -> G (in strain: Nv2001_f0779 and Nv2001_f0555)	natural_variant
O97176	2	ECO:0000269|PubMed:15537803, ECO:0000269|PubMed:16356268	M -> I (in strain: Nv2001_f0516, Nv2001_f0517, Nv2001_f0565, Nv2001_f0567, Nv2001_f0622, Nv2001_f0652, Nv2001_f0665, Nv2001_f0668, Nv2001_f0684, Nv2001_f0688, Nv2001_f0763, Nv2001_f0828, Nv2001_f0811, NVIII-2, NVIII-5 and NVIII-m15)	natural_variant
O97176	5	ECO:0000269|PubMed:15537803	T -> S (in strain: NVIII-1)	natural_variant
O97177	12	ECO:0000269|PubMed:15537803	S -> T (in strain: NVIII-41)	natural_variant
O97177	150-153	ECO:0000269|PubMed:15537803	Missing (in strain: Madang_F12 and Madang_M22)	natural_variant
O97177	150-158	ECO:0000269|PubMed:15537803	Missing (in strain: NVIII-42 and NVIII-18)	natural_variant
O97177	21	ECO:0000269|PubMed:15537803	Missing (in strain: NVIII-m11)	natural_variant
O97177	212	ECO:0000269|PubMed:15537803	Q -> E (in strain: NVIII-m13)	natural_variant
O97177	213	ECO:0000269|PubMed:15537803	L -> M (in strain: NVIII-m11)	natural_variant
O97177	47	ECO:0000269|PubMed:15537803	G -> C (in strain: NVIII-9)	natural_variant
O97177	65		T -> TQQQQ (in strain: NVIII-m11)	natural_variant
O97179	20	ECO:0000269|PubMed:15537803	S -> L (in strain: NVIII-5, NVIII-9, NVIII-46 and NVIII-41)	natural_variant
O97179	21	ECO:0000269|PubMed:10072784, ECO:0000269|PubMed:15537803	Q -> H (in strain: NVIII-1, NVIII-2, NVIII-5, NVIII-9, NVIII-18, NVIII-22, NVIII-24, NVIII-41, NVIII-42, NVIII-46, NVIII-m11, NVIII-m12, NVIII-m13, NVIII-m15 and NVIII-m19)	natural_variant
P00334	193		K -> T (in allele Adh-F, allele Adh-F-CHD, allele Adh-71K, allele Adh-JA-F and in strain: Berkeley)	natural_variant
P00334	215		P -> S (in allele Adh-F-CHD and allele Adh-71K)	natural_variant
P00334	46		A -> D (in allele Adh-UF);A -> V (in strain: NC16)	natural_variant
P00334	52		A -> E (in allele Adh-F')	natural_variant
P00334	71		A -> S (in strain: NC16)	natural_variant
P00334	9		N -> V (in allele Adh-UF)	natural_variant
P00399	127	ECO:0000269|PubMed:10903372	Y -> F (in strain: Zimbabwe)	natural_variant
P00408	39	ECO:0000269|PubMed:18727704	G -> S (in strain: Mysore)	natural_variant
P00417	170	ECO:0000269|PubMed:10903372	L -> M (in strain: Zimbabwe 53)	natural_variant
P02825	189	ECO:0000269|PubMed:11965431	E -> G (in strain: B28)	natural_variant
P02825	194	ECO:0000269|PubMed:11965431	I -> N (in strain: Z(H)1)	natural_variant
P02825	262	ECO:0000269|PubMed:11965431	R -> G (in strain: 122)	natural_variant
P02825	489	ECO:0000269|PubMed:11965431	K -> R (in strain: FrV3-1)	natural_variant
P02825	567	ECO:0000269|PubMed:11965431	V -> D (in strain: 56H8)	natural_variant
P02825	573	ECO:0000269|PubMed:11965431	D -> G (in strain: 122)	natural_variant
P02825	636	ECO:0000269|PubMed:11965431	P -> R (in strain: B28)	natural_variant
P02828	234		Missing (in strain: MA-10.2, DPF-13, DPF-82.1, EM-10, 178.7, 709.6 and MA-4.4)	natural_variant
P02828	368		N -> K (in strain: DPF-2, DPF-30, DPF-62, MA-10.2, DPF-82.1, 178.7, DPF-13, MA-4.4, EM-10, VC-805, MA-4.2, DPF-46, DPF-77, VC-815 and 709.6)	natural_variant
P03896	148	ECO:0000269|PubMed:10903372	Y -> F (in strain: Zimbabwe 53)	natural_variant
P03896	182	ECO:0000269|PubMed:18727704	H -> Y (in strain: Japan)	natural_variant
P03896	200	ECO:0000269|PubMed:6408489, ECO:0000269|PubMed:8825764	Y -> L (in strain: Oregon-R)	natural_variant
P03896	277	ECO:0000269|PubMed:10903372, ECO:0000269|PubMed:18727704, ECO:0000269|PubMed:19540318, ECO:0000269|PubMed:2124697, ECO:0000269|PubMed:6408489, ECO:0000269|PubMed:8825764	L -> I (in strain: Oregon-R, SP1 and w1118iso)	natural_variant
P04146	1265-1288		STTGYLFKMFDFNLICWNTKRQNS -> VQQGIYSKCLILISFVGIQRDRTQ (in variant copia-related)	natural_variant
P04146	1289-1409		Missing (in variant copia-related)	natural_variant
P04357	40	ECO:0000269|PubMed:1802803, ECO:0000269|PubMed:18670138	E -> K (in allele MtnA-3 and strain: AF6, Highgrove, Indiana, LA20, Taiwan, ZH18, ZH21, ZH27, ZS11, ZS30 and ZS56)	natural_variant
P04755	73		V -> I	natural_variant
P05031	12	ECO:0000269|PubMed:12881721	T -> P (in allele Ddc-R6, allele Ddc-R9, allele Ddc-R16, allele Ddc-R20, allele Ddc-R25 and allele Ddc-R30)	natural_variant
P05031	197	ECO:0000269|PubMed:12881721	K -> N (in allele Ddc-R9)	natural_variant
P05031	264	ECO:0000269|PubMed:12881721	V -> M (in allele Ddc-R11 and allele Ddc-R18)	natural_variant
P05031	390	ECO:0000269|PubMed:12881721	R -> M (in allele Ddc-Ore)	natural_variant
P05031	428	ECO:0000269|PubMed:12881721	S -> F (in allele Ddc-R33)	natural_variant
P05031	489	ECO:0000269|PubMed:12881721	S -> A (in allele Ddc-2b)	natural_variant
P05084	437		A -> P	natural_variant
P05084	649		V -> M	natural_variant
P05130	437		M -> I	natural_variant
P05205	105	ECO:0000269|PubMed:18984573	T -> A (in strain: NC322, NC358 and NC359)	natural_variant
P05205	126	ECO:0000269|PubMed:18984573	R -> C (in strain: NC390)	natural_variant
P05205	134	ECO:0000269|PubMed:18984573	T -> S (in strain: MW25)	natural_variant
P05623	19	ECO:0000269|PubMed:14761057, ECO:0000269|PubMed:9286679	A -> S (in strain: M47, M54, M66, NFS 5.1, NFS 5.2, NFS 5.4, NFS 6.1, NFS 6.3, SFS 1.2, SFS 1.4, SFS 2.2, SFS 2.3, SFS 3.1 and SFS 3.3)	natural_variant
P05623	46	ECO:0000269|PubMed:14761057	N -> I (in strain: SFS 3.4)	natural_variant
P05709	405	ECO:0000269|PubMed:3345560, ECO:0000269|PubMed:9840810	P -> PAAQAAQAAQ	natural_variant
P06601	164		A -> T	natural_variant
P06601	220		F -> I	natural_variant
P07207	2044		I -> R	natural_variant
P07207	2265		A -> V	natural_variant
P07207	2407		H -> R	natural_variant
P07207	2445		R -> L	natural_variant
P07207	2568		Q -> QQQQQ	natural_variant
P07207	578		I -> T	natural_variant
P07486	284	ECO:0000269|PubMed:17379620, ECO:0000269|PubMed:2989282;ECO:0000269|PubMed:17379620	F -> L (in strain: HFL23, HFL5, VT10, VT6 and HFL2);F -> V (in strain: VT37, HFL15 and HFL3)	natural_variant
P07487	80	ECO:0000269|PubMed:17379620	A -> V (in strain: MA2)	natural_variant
P07663	1176		S -> P (in strain: L18)	natural_variant
P07663	697-702	ECO:0000269|PubMed:10731132, ECO:0000269|PubMed:11007323, ECO:0000269|PubMed:3087625	Missing (in allele (Gly-Thr)20)	natural_variant
P07663	697-708		Missing (in allele (Gly-Thr)17)	natural_variant
P07663	748		S -> F (in strain: U79)	natural_variant
P07663	762		T -> S (in strain: Berkeley, L18, Oregon-R, SP1 and U79)	natural_variant
P07663	846		A -> T (in strain: U79)	natural_variant
P07663	858		V -> A (in strain: L18 and U79)	natural_variant
P07713	121	ECO:0000269|PubMed:9071586	K -> M (in strain: dp cn bw)	natural_variant
P07713	439	ECO:0000269|PubMed:12618399	P -> A	natural_variant
P07713	59	ECO:0000269|PubMed:9071586	V -> G (in strain: dp cn bw)	natural_variant
P08144	11		A -> S (in strain: KN-28)	natural_variant
P08144	121		D -> G (in strain: TN256, 1420#1 and KO140);D -> N (in strain: KN-3, KN-9, KN-10 and L16)	natural_variant
P08144	138		S -> T (in strain: JP-75, KN-7, KN-15, KN-17, KN-21 and KN-23)	natural_variant
P08144	144		Y -> H (in strain: Canton-S)	natural_variant
P08144	156		S -> R (in strain: 1420#1, KN-3, KN-9, KN-10, KO140, L16 and TN256)	natural_variant
P08144	16		A -> V (in strain: KN-22 and KN-23)	natural_variant
P08144	181		Y -> N (in strain: Canton-S)	natural_variant
P08144	231		A -> S (in strain: JP-70, KN-17 and KN-21)	natural_variant
P08144	278		D -> N (in strain: 1420#1, KO140, KN-3, KN-9, KN-10 and L16)	natural_variant
P08144	284		T -> I (in strain: KN-21)	natural_variant
P08144	398		T -> A (in strain: 1420#1, J87, JP-60, JP-70, JP-75, KO123, KO140, KN-9, KN-15, KN-21, L16 and TN256)	natural_variant
P08144	401		S -> L (in strain: Berkeley)	natural_variant
P08144	403		E -> A (in strain: J87, JP-60 and KO123)	natural_variant
P08144	465		V -> I (in strain: 1420#1)	natural_variant
P08144	474		S -> Y (in strain: KN-23)	natural_variant
P08144	476		N -> Y (in strain: Berkeley, JP-1, JP-5, JP-15, JP-35, JP-55, JP-65, JP-84, KN-12, KN-22 and KN-27)	natural_variant
P08144	71		S -> R (in strain: KN-3, KN-9, KN-10 and L16)	natural_variant
P08171	10		I -> T (in strain: 178.7, 357F, 517S, Bar-F-77F, Bar-F-79F, Bar-F-96S, DPF-13, DPF-30, DPF-82.1, EM-10, F-274F, F-517F, F-1461S, MA-4.4 and Zim-F-H31)	natural_variant
P08171	120		S -> T (in strain: DPF-2 and 521S)	natural_variant
P08171	24		T -> I (in strain: 178.7, 377F, 357F, 517S, Bar-F-79F, DPF-13, DPF-30, DPF-82.1, EM-10, F-274F, F-517F, F-775F, F-1461S, MA-4.4, Ven-S-13F, Zim-F-H27, Zim-F-H31, Zim-F-S11, Zim-F-S18, Zim-F-S53, Zim-S-S2, Zim-S-S30 and Zim-S-S34)	natural_variant
P08171	258		N -> D (in strain: 178.7, 357F, 517S, 709.6, Bar-F-7F, Bar-F-77F, Bar-F-79F, Bar-F-93F, Bar-F-96S, DPF-13, DPF-30, DPF-46, DPF-77, DPF-82.1, EM-10, F-96S, F-274F, F-517F, F-531F, F-611F, F-775F, F-1461S, MA-4.2, Zim-F-H27, Zim-F-H31, Zim-F-S11, Zim-F-S18 and Zim-F-S53)	natural_variant
P08171	268		T -> A (in strain: 174F, 178.7, 357F, 517S, 709.6, Bar-F-7F, Bar-F-77F, Bar-F-79F, Bar-F-93F, Bar-F-96S, Bar-S-24F, Bar-S-60F, Bar-S-78F, Bar-S-89F, Bar-S-99F, Bar-S-95F, DPF-13, DPF-30, DPF-46, DPF-77, DPF-82.1, EM-10, F-96S, F-274F, F-517F, F-531F, S-549S, F-611F, F-775F, F-1461S, MA-4.2, S-114S, S-2588S, VC-815, Ven-S-1F, Ven-S-2F, Ven-S-3F, Ven-S-4F, Ven-S-11F, Ven-S-21F, Zim-F-H27, Zim-F-H31, Zim-F-S11, Zim-F-S18, Zim-F-S53, Zim-S-S34 and Zim-S-44F)	natural_variant
P08171	276		S -> P (in strain: VC-805)	natural_variant
P08171	309		A -> V (in strain: Ven-S-13F)	natural_variant
P08171	33		P -> S (in strain: Zim-S-H13)	natural_variant
P08171	356		I -> T (in strain: F-775F)	natural_variant
P08171	363		E -> D (in strain: F-775F)	natural_variant
P08171	371		Y -> H (in strain: F-775F)	natural_variant
P08171	376		R -> G (in strain: Zim-S-S34)	natural_variant
P08171	394		E -> D (in strain: Ven-S-13F and Zim-F-S18)	natural_variant
P08171	397		G -> R (in strain: US-255F)	natural_variant
P08171	409		L -> V (in strain: 357F, 517S, Bar-F-7F, Bar-F-77F, Bar-F-79F, Bar-F-93F, Bar-F-96S, DPF-13, DPF-30, F-96S, F-274F, F-517F, F-1461S, S-114S, S-549S, S-2588S, VC-805, Ven-S-4F, Zim-S-S2, Zim-S-S30 and Zim-S-S34)	natural_variant
P08171	441		V -> I (in strain: Zim-F-S53)	natural_variant
P08171	492		R -> K (in strain: 94F, 174F, Bar-S-24F, Bar-S-89F, Bar-S-99F, Bar-S-95F, Bar-S-60F, F-531F, F-611F, MA-4.2, Zim-F-H27, Zim-F-S18 and Zim-S-44F)	natural_variant
P08171	500		D -> N (in strain: Zim-F-S18, Zim-S-H32 and Zim-S-S2)	natural_variant
P08171	508		S -> A (in strain: 357F, 517S, Bar-F-79F, Bar-S-78F, DPF-13, DPF-30, F-96S, F-517F, F-1461S, MA-4.2, VC-805, Ven-S-1F, Ven-S-2F, Ven-S-3F, Ven-S-11F, Ven-S-21F and Zim-F-S11)	natural_variant
P08171	58		T -> I (in strain: 178.7, 357F, 517S, Bar-F-77F, Bar-F-79F, Bar-F-96S, DPF-13, DPF-30, DPF-82.1, EM-10, F-274F, F-1461S, MA-4.2, VC-805, Ven-S-1F, Ven-S-2F, Ven-S-3F, Ven-S-11F, Ven-S-21F, Zim-F-H31, Zim-F-S18 and Zim-S-S10)	natural_variant
P08175	16	ECO:0000269|PubMed:19126864	P -> A (in strain: MEL01)	natural_variant
P08175	18		C -> CGPCC (in strain: MEL02 and ZBMEL377)	natural_variant
P08175	31	ECO:0000269|PubMed:16951084	C -> W (in strain: ZBMEL131)	natural_variant
P08510	178		K -> E (in RNA edited version);K -> G (in RNA edited version);K -> R (in RNA edited version)	natural_variant
P08510	360		I -> M (in RNA edited version)	natural_variant
P08510	464		I -> V (in RNA edited version)	natural_variant
P08510	489		T -> A (in RNA edited version)	natural_variant
P08510	491		Q -> R (in RNA edited version)	natural_variant
P08645	157		F -> L (in roughened mutants)	natural_variant
P08953	218		G -> S (in strain: MelZim7)	natural_variant
P08953	245		T -> S (in strain: MelZim3)	natural_variant
P08953	390		T -> I (in strain: MelZim3 and MelZim7)	natural_variant
P08953	414		G -> A (in strain: MelZim3)	natural_variant
P08953	435		V -> L (in strain: MelZim8)	natural_variant
P08953	460		M -> T (in strain: MelZim6)	natural_variant
P08953	471		Y -> D (in strain: MelZim1, MelZim4, MelZim5 and MelZim6)	natural_variant
P08953	486		I -> R (in strain: MelZim6)	natural_variant
P08953	513		G -> R (in strain: MelZim1, MelZim5 and MelZim6)	natural_variant
P08953	538		A -> E (in strain: MelZim1, MelZim5 and MelZim6)	natural_variant
P08953	544		H -> Y (in strain: MelZim1, MelZim5 and MelZim6)	natural_variant
P08953	568		T -> M (in strain: MelZim1, MelZim5 and MelZim6)	natural_variant
P08953	592		T -> A (in strain: MelZim6)	natural_variant
P08953	603		L -> M (in strain: MelZim1, MelZim5 and MelZim6)	natural_variant
P08953	681		L -> V (in strain: MelZim1, MelZim3, MelZim4, MelZim5, MelZim6 and MelZim7)	natural_variant
P08953	714		T -> I (in strain: MelZim5 and MelZim8)	natural_variant
P08953	732		T -> S (in strain: MelZim8)	natural_variant
P08953	741		M -> I (in strain: MelZim1)	natural_variant
P08953	98		E -> G (in strain: MelZim6)	natural_variant
P08985	25		G -> D (in strain: ZBMEL377)	natural_variant
P08985	90		A -> T (in strain: ZBMEL131)	natural_variant
P08985	95	ECO:0000269|PubMed:19126864	E -> K (in strain: MEL16 and ZBMEL84)	natural_variant
P09081	284	ECO:0000269|PubMed:12082119	Q -> H (in strain: Z362)	natural_variant
P09081	317	ECO:0000269|PubMed:12082119	E -> K (in strain: Z229)	natural_variant
P09081	337	ECO:0000269|PubMed:12082119	A -> S (in strain: Z95, Z197 and Z229)	natural_variant
P09081	438	ECO:0000269|PubMed:12082119	A -> P (in strain: Z184, Z210 and Z216)	natural_variant
P09081	458	ECO:0000269|PubMed:12082119	V -> L (in strain: Z157)	natural_variant
P09081	460	ECO:0000269|PubMed:12082119	M -> L (in strain: Oregon-R, Z145, Z266, Z346 and Z398)	natural_variant
P09478	538		Y -> H	natural_variant
P09956	233-234		Missing (in strain: ME-K2)	natural_variant
P10041	398		K -> R (in strain: sonoma_017)	natural_variant
P10041	443		A -> T (in strain: sonoma_009, sonoma_051, sonoma_053 and sonoma_054)	natural_variant
P10041	461		Q -> K (in strain: sonoma_010, sonoma_013, sonoma_019 and sonoma_117)	natural_variant
P10041	652	ECO:0000269|PubMed:16453806	G -> A (in strain: NapaValley5, NapaValley12, sonoma_015, sonoma_016, sonoma_023, sonoma_032, sonoma_034, sonoma_038, sonoma_040, sonoma_045, sonoma_048, sonoma_050, sonoma_061, sonoma_073, sonoma_081, sonoma_085, sonoma_094, sonoma_097 and sonoma_119)	natural_variant
P10041	662	ECO:0000269|PubMed:16453806	L -> M (in strain: sonoma_008, sonoma_015, sonoma_016, sonoma_032, sonoma_034, sonoma_038, sonoma_040, sonoma_045, sonoma_048, sonoma_050, sonoma_061, sonoma_073, sonoma_081, sonoma_085, sonoma_094 and sonoma_097)	natural_variant
P10041	761		A -> T (in strain: sonoma_006, sonoma_022 and sonoma_040)	natural_variant
P10041	787		S -> G (in strain: nps_6, nps_18, nps_34, sonoma_048 and sonoma_050)	natural_variant
P10041	800		G -> R (in strain: sonoma_002)	natural_variant
P10041	812	ECO:0000269|PubMed:3149249	V -> A (in strain: nps_19, nps_21, nps_25, nps_26, nps_27, nps_30, nps_31, nps_33, nps_35, nps_42, nps_43, nps_45, nps_47, sonoma_002, sonoma_003, sonoma_004, sonoma_005, sonoma_006, sonoma_007, sonoma_008, sonoma_009, sonoma_014, sonoma_016, sonoma_017, sonoma_022, sonoma_024, sonoma_032, sonoma_033, sonoma_036, sonoma_038, sonoma_045, sonoma_051, sonoma_053, sonoma_054, sonoma_055, sonoma_059, sonoma_061, sonoma_064, sonoma_081, sonoma_086, sonoma_087, sonoma_094, sonoma_095, sonoma_097, sonoma_106, sonoma_107 and sonoma_119)	natural_variant
P10333	10		I -> L (in strain: La120)	natural_variant
P10333	101		N -> S (in strain: AF1, AF2, AF3, AF5, AF6, AF7, AF8, AF9, AF10, Au3, Au4, Au6, Au7, La3, La10, La14, La15, La27, La28, La31, La36, La37, La46, La54, La58, La60, La62, La106, La116, La118, La120, La125, Ma3, Ma6, Ma11, Ma18, Ma20, Ma21, Ma23, Ma24, Ma31, Ma35, Ma37, Ma43, Ma50, Ma53, Ma56, Ma57, Ma74, Mo40b, Mo52B, NC-001, NC-002, NC-003, NC-009, NFS 5.1, NFS 5.2, NFS 6.1, NFS 6.2, NFS 6.3, NFS 7.8, Ny2, Ny3, Ny5, Ny6, SFS 1.1, SFS 1.2, SFS 1.4, SFS 2.2, SFS 2.3, SFS 2.4, SFS 3.1, SFS 3.2, SFS 3.3, SFS 3.4, TW3, TW4, TW6, TW7, TW10 and TW11)	natural_variant
P10333	104		P -> R (in strain: La62)	natural_variant
P10333	109		L -> I (in strain: AF1, AF2, AF3, AF5, AF6, AF7, AF8, AF9, AF10, Au2, Au4, Au6, Au7, Au8, La3, La10, La13, La14, La15, La27, La28, La31, La32, La37, La46, La58, La60, La62, La105, La106, La116, La118, La120, La125, Ma3, Ma6, Ma11, Ma18, Ma20, Ma21, Ma23, Ma24, Ma31, Ma35, Ma37, Ma43, Ma50, Ma53, Ma56, Ma57, Ma74, Mo40b, Mo52B, Mo80b, NC-001, NC-002, NC-004, NC-006, NC-008, NC-009, NFS 5.1, NFS 5.2, NFS 6.1, NFS 6.2, NFS 6.3, NFS 6.4, NFS 7.8, Ny2, Ny3, Ny4, Ny5, SFS 1.1, SFS 1.4, SFS 2.2, SFS 2.4, SFS 3.1, SFS 3.2, SFS 3.3, SFS 3.4, TW1, TW3, TW4, TW5, TW6, TW7, TW8, TW10 and TW11)	natural_variant
P10333	14		L -> I (in strain: La14, La31, La118 and Ma24)	natural_variant
P10333	167		L -> S (in strain: La36, La54 and Ma20)	natural_variant
P10333	169		L -> F (in strain: La3, La36, La125 and Ma20)	natural_variant
P10333	172		E -> Q (in strain: Au1, Au3 and Au9)	natural_variant
P10333	19		S -> N (in strain: AF1, AF4, AF6, AF8, AF9, Au1, Au3, Au7, Au9, La3, La10, La14, La15, La25, La31, La108, Ma6, Ma11, Ma18, Ma20, Ma24, Ma35, Ma37, Ma53, Ma57, Ma74, Mo13a, Mo34a, Mo47a, NC-005, NC-007, NC-010, NFS 5.3, Ny1, Ny6, Ny8, SFS 2.2, TW2, TW3, TW6, TW9 and TW10)	natural_variant
P10333	207		S -> I (in strain: Au5, La10, La14, La27, La31, La36, La54, La60, La62, La105, La118, La120, La125, Ma3, Ma6, Ma11, Ma21, Ma24, Ma31, Ma35, Ma43, Ma50, Ma53, Ma56, Ma57, Ma74, Mo36a, Mo37a, Mo47a, Mo79b, NC-002, NFS 5.1, NFS 5.2, NFS 6.3, NFS 7.8, Ny2, SFS 1.1, SFS 1.2, SFS 1.4, SFS 2.3, SFS 3.1 and SFS 3.4)	natural_variant
P10333	212		A -> V (in strain: Ny2 and SFS 2.3)	natural_variant
P10333	221		R -> K (in strain: La3, La10, La15, La27, La31, La37, La60, La120, La125, Ma6, Ma18, Ma20, Ma21, Ma35, Ma37, Ma43, Mo29b, Mo34a, Mo80b, NC-002, NC-010, NFS 5.1, NFS 5.2, NFS 5.4, NFS 6.1, NFS 6.2, NFS 6.4, NFS 7.8, Ny2, SFS 1.2, SFS 1.4, SFS 2.2, SFS 2.3, SFS 3.1, SFS 3.3 and SFS 3.4)	natural_variant
P10333	226		N -> Y (in strain: TW9)	natural_variant
P10333	24		Q -> K (in strain: NC-005, NC-007 and NC-010)	natural_variant
P10333	25		Q -> K (in strain: Au6, La25, La27, La62, La108, Ma43, Mo13a, Mo34a, NFS 5.1, NFS 5.2, NFS 5.3, NFS 6.1, NFS 7.8, Ny1, Ny2, Ny6, Ny8, SFS 1.1, SFS 1.4, SFS 2.2, SFS 3.1, SFS 3.3, SFS 3.4, TW2, TW3, TW4, TW7, TW9 and TW10)	natural_variant
P10333	253		E -> D (in strain: AF6, AF8, AF9, Au4, La31, La32, La60, La125, Ma6, Ma21, Ma57, TW1 and TW11)	natural_variant
P10333	262		P -> S (in strain: AF5, AF10, Au5, La3, La15, La105, Mo36a, Mo37a, Mo47a, Mo79b and TW10)	natural_variant
P10333	32		L -> Q (in strain: AF2, AF7, Au4, La3, La15, La37, La58, Ma21, Mo29b, Mo36a, Mo52B, Mo79b, NC-009, Ny3, Ny5 and TW11)	natural_variant
P10333	39		S -> G (in strain: Ny2 and SFS 3.4)	natural_variant
P10333	40		A -> S (in strain: Au3)	natural_variant
P10333	42		L -> V (in strain: Ma18, Ma20, Ma37 and Ma53)	natural_variant
P10333	44		N -> S (in strain: Au3 and Ma74)	natural_variant
P10333	46		A -> P (in strain: AF1, AF3, AF4, AF5, AF6, AF8, AF9, AF10, Au1, Au2, Au4, Au6, Au7, Au8, Au10, La10, La13, La14, La25, La31, La32, La37, La46, La58, La60, La62, La105, La108, La116, La118, La125, Ma3, Ma6, Ma11, Ma20, Ma23, Ma24, Ma50, Ma56, Ma57, Ma60, Mo13a, Mo29b, Mo34a, Mo40b, Mo52B, Mo80b, NC-001, NC-004, NC-005, NC-006, NC-007, NC-008, NC-010, NFS 5.1, NFS 5.2, NFS 6.1, NFS 6.2, NFS 6.3, NFS 7.8, Ny1, Ny2, Ny4, Ny6, Ny8, SFS 1.1, SFS 1.4, SFS 2.2, SFS 3.1, SFS 3.2, SFS 3.3, SFS 3.4, TW1, TW2, TW3, TW4, TW5, TW6, TW7, TW8 and TW9);A -> T (in strain: AF2, AF7, Au3, Au5, Au9, La3, La15, La27, La36, La54, La120, Ma18, Ma21, Ma31, Ma37, Ma43, Ma53, Ma74, Mo36a, Mo79b, NC-002, NC-003, NC-009, NFS 5.4, NFS 6.4, Ny3, Ny5, Ny7, SFS 2.4, TW10 and TW11)	natural_variant
P10333	5		L -> S (in strain: La28 and La106)	natural_variant
P10333	54		A -> T (in strain: La116)	natural_variant
P10333	56		I -> L (in strain: Au3)	natural_variant
P10333	65		D -> G (in strain: AF8, Ma3 and SFS 2.3)	natural_variant
P10333	76		D -> N (in strain: La116 and NC3)	natural_variant
P10333	79		D -> N (in strain: Au2, Au3, Au8, La13, La32, La37, NC-004, NC-006, NC-008, Ny4, TW1, TW5 and TW8)	natural_variant
P10333	85		Missing (in strain: La108)	natural_variant
P10334	64	ECO:0000269|PubMed:9718731, ECO:0000269|PubMed:9799260	Q -> H (in strain: AF1, AF2, AF3, AF5, AF6, AF7, AF8, AF9, AF10, Au4, Au7, Au8, La3, La10, La13, La14, La15, La28, La31, La32, La36, La37, La54, La58, La60, La62, La105, La106, La116, La118, La120, La125, Ma3, Ma6, Ma11, Ma18, Ma20, Ma21, Ma23, Ma24, Ma31, Ma35, Ma37, Ma43, Ma50, Ma53, Ma56, Ma57, Ma60, Ma74, Mo29b, Mo40b, Mo52b, NC-003, NC-004, NC-006, NC-008, NC-009, Ny2, Ny3, Ny4, Ny5, TW1, TW2, TW5, TW6, TW7, TW8, TW10 and TW11)	natural_variant
P10334	77	ECO:0000269|PubMed:9718731	P -> R (in strain: TW9)	natural_variant
P10334	80	ECO:0000269|PubMed:9718731, ECO:0000269|PubMed:9799260	I -> V (in strain: La3, La10, La13, La15, La27, La28, La31, La62, La105, La106, La116, La118, La120, Ma3, Ma6, Ma18, Ma23, Ma31, Ma37, Ma43, Ma56, Ma57, Ma60, Ma74, Mo13a, Mo29b, Mo34a, Mo40b, Mo52b, NC-002, NC-003, NC-004, NC-006, NC-008, Ny2, Ny4, TW2, TW4, TW5, TW8, TW10 and TW11)	natural_variant
P10334	89	ECO:0000269|PubMed:9718731, ECO:0000269|PubMed:9799260	M -> I (in strain: Au4 and Ma60)	natural_variant
P10334	90	ECO:0000269|PubMed:9718731, ECO:0000269|PubMed:9799260	A -> E (in strain: AF1, AF2, AF3, AF5, AF6, AF7, AF8, AF9, AF10, La14, La31, La32, La60, La106, La118, La125, Ma6, Ma21, Ma24, Ma31, Ma37, Ma50, Ma56, Ma57, Ma74, TW1 and TW6)	natural_variant
P11346	322	ECO:0000269|PubMed:12694293	P -> L (in strain: AA1)	natural_variant
P11346	327	ECO:0000269|PubMed:12694293	S -> T (in strain: KLH4 and KLH6)	natural_variant
P11346	360	ECO:0000269|PubMed:12694293	S -> R (in strain: Reids2)	natural_variant
P11346	465	ECO:0000269|PubMed:12694293	A -> T (in strain: 5-17-88b#5)	natural_variant
P11450	108	ECO:0000269|PubMed:16020794	T -> S (in strain: Zim10, Zim13, Zim16, Zim18, Zim39, Z36 and Z50)	natural_variant
P11450	109	ECO:0000269|PubMed:16020794	I -> V (in strain: Zim10, Zim13, Zim16, Zim18, Zim39, Z36 and Z50)	natural_variant
P11450	125	ECO:0000269|PubMed:16020794	I -> T (in strain: Zim41)	natural_variant
P11450	135	ECO:0000269|PubMed:16020794	M -> I (in strain: Zim15 and Z50)	natural_variant
P11450	140	ECO:0000269|PubMed:16020794	A -> V (in strain: Zim41)	natural_variant
P11450	143	ECO:0000269|PubMed:16020794	L -> P (in strain: Usa1, Zim15, Zim18, Zim22, Zim39 and Zim42)	natural_variant
P11450	152	ECO:0000269|PubMed:16020794	S -> G (in strain: Zim13)	natural_variant
P11450	163	ECO:0000269|PubMed:16020794	T -> K (in strain: Z50)	natural_variant
P11450	164	ECO:0000269|PubMed:16020794	A -> T (in strain: Usa8, Usa12, Usa16, Zim7, Zim10, Zim13, Zim15, Zim16, Zim18, Zim22, Zim39, Zim42, Z36 and Z50)	natural_variant
P11450	167	ECO:0000269|PubMed:16020794, ECO:0000269|PubMed:3119397	P -> H (in strain: Usa8 and Usa12)	natural_variant
P11450	168	ECO:0000269|PubMed:16020794, ECO:0000269|PubMed:3119397	V -> A (in strain: Usa8, Usa12, Usa16, Zim18, Zim39 and Zim41)	natural_variant
P11450	71	ECO:0000269|PubMed:16020794	S -> I (in strain: Usa13)	natural_variant
P11450	74	ECO:0000269|PubMed:16020794	G -> A (in strain: Usa3, Usa16, Zim7, Zim10, Zim13, Zim16, Zim18, Zim22, Zim39, Zim41, Zim42, Z36 and Z50)	natural_variant
P11450	75	ECO:0000269|PubMed:16020794	V -> A (in strain: Usa3, Zim7, Zim10, Zim13, Zim16, Zim18, Zim22, Zim39, Zim41, Zim42, Z36 and Z50)	natural_variant
P11450	77	ECO:0000269|PubMed:16020794	S -> T (in strain: Usa3, Usa16, Zim7, Zim10, Zim13, Zim16, Zim18, Zim22, Zim39, Zim41, Zim42, Z36 and Z50)	natural_variant
P11450	82	ECO:0000269|PubMed:16020794	A -> T (in strain: Zim39)	natural_variant
P11596	94		R -> M (in strain: 14021-0231.6)	natural_variant
P12258	521-541	ECO:0000269|PubMed:1651170	Missing	natural_variant
P12646	32		G -> C (in strain: F24.1, MT32 and MT68)	natural_variant
P12646	382		P -> L (in strain: MT32, MT68, F24.1, Z62 and Z41)	natural_variant
P12646	80		T -> N (in strain: Z74)	natural_variant
P13095	11	ECO:0000269|PubMed:15537803, ECO:0000269|PubMed:16356268	T -> A (in strain: Nv2001_m0595 and NVIII-m11)	natural_variant
P13095	63	ECO:0000269|PubMed:16356268	R -> P (in strain: Nv2001_m0592)	natural_variant
P13095	82	ECO:0000269|PubMed:15537803	E -> K (in strain: NVIII-41)	natural_variant
P13096	169	ECO:0000269|PubMed:15537803	P -> Q (in strain: NVIII-46 and NVIII-24)	natural_variant
P13096	2	ECO:0000269|PubMed:15537803, ECO:0000269|PubMed:16356268	A -> V (in strain: Nv2001_f0696, NVIII-46 and NVIII-24)	natural_variant
P13097	155-156		Missing (in strain: NVIII-9 and NVIII-46)	natural_variant
P13098	114	ECO:0000269|PubMed:15537803	T -> I (in strain: NVIII-2, NVIII-5 and NVIII-m15)	natural_variant
P13098	133	ECO:0000269|PubMed:15537803	A -> T (in strain: NVIII-m11 and NVIII-m19)	natural_variant
P13098	134	ECO:0000269|PubMed:15537803	D -> N (in strain: NVIII-m19)	natural_variant
P13098	141	ECO:0000269|PubMed:15537803	D -> V (in strain: NVIII-m19)	natural_variant
P13098	174	ECO:0000269|PubMed:15537803	P -> T (in strain: NVIII-m12)	natural_variant
P13607	429		Y -> C (in RNA edited version)	natural_variant
P13706	14		N -> Y (in allele GPDH-ACYG22)	natural_variant
P13706	266		C -> G (in allele GPDH-ACB62)	natural_variant
P13706	273		R -> C (in allele GPDH-ACYG22)	natural_variant
P13706	337		N -> K (in allele GPDH-AT198, allele GPDH-ACB62 and allele GPDH-S)	natural_variant
P14003	21	ECO:0000269|PubMed:12242230	A -> S (in strain: R3-6, R3-105 and R3-107)	natural_variant
P14003	292	ECO:0000269|PubMed:2479541	P -> S	natural_variant
P14199	186-192	ECO:0000269|PubMed:8462852, ECO:0000269|PubMed:8583891	Missing (in strain: Paris)	natural_variant
P14199	231	ECO:0000269|PubMed:17550883, ECO:0000269|PubMed:8462852, ECO:0000269|PubMed:8583891	T -> S (in strain: BPL_10C, BPL_10D, BPL_10E, BPL_10G, BPL_10H, BPL_11B, BPL_11C, BPL_11D, BPL_11F, BPL_11G, BPL_11H, BPL_12A, BPL_12B, BPL_12C, BPL_13A, BPL_13C, BPL_13D, BPL_13F, BPL_1A, BPL_1B, BPL_1C, BPL_1D, BPL_1E, BPL_1G, BPL_1H, BPL_2A, BPL_2B, BPL_2C, BPL_2D, BPL_2E, BPL_2G, BPL_2H, BPL_3A, BPL_3B, BPL_3C, BPL_3D, BPL_3E, BPL_3F, BPL_3G, BPL_3H, BPL_4A, BPL_4B, BPL_4C, BPL_4E, BPL_4G, BPL_5A, BPL_5D, BPL_5E, BPL_5F, BPL_5G, BPL_5H, BPL_6A, BPL_6B, BPL_6D, BPL_6E, BPL_6F, BPL_6H, BPL_7B, BPL_7C, BPL_7E, BPL_7F, BPL_7H, BPL_8A, BPL_8C, BPL_8D, BPL_8E, BPL_8F, BPL_8G, BPL_9A, BPL_9C, BPL_9F, BPL_9H, FrenchSlow and Paris)	natural_variant
P14199	247	ECO:0000269|PubMed:17550883	A -> D (in strain: BPL_7A, BPL_9D, BPL_10A and BPL_11E)	natural_variant
P14199	274	ECO:0000269|PubMed:17550883	A -> V (in strain: BPL_1E)	natural_variant
P14199	28-29	ECO:0000269|PubMed:17550883, ECO:0000269|PubMed:8462852, ECO:0000269|PubMed:8583891	QN -> G (in BPL_1D, BPL_2B, BPL_3E, BPL_3F, BPL_5A, BPL_5D, BPL_5F, BPL_6D, BPL_6E, BPL_7F, BPL_8A, BPL_8C, BPL_9H, BPL_10D, BPL_10G, BPL_11D, BPL_12B, BPL_13A, BPL_13F, Florida1Slow and Paris)	natural_variant
P14199	290	ECO:0000269|PubMed:17550883	V -> D (in strain: BPL_3G)	natural_variant
P14199	32	ECO:0000269|PubMed:17550883, ECO:0000269|PubMed:8462852, ECO:0000269|PubMed:8583891;ECO:0000269|PubMed:8583891	I -> A (in strain: AfricaFast, BPL_1A, BPL_1B, BPL_1D, BPL_1G, BPL_2A, BPL_2B, BPL_2C, BPL_2D, BPL_2E, BPL_2G, BPL_2H, BPL_3B, BPL_3C, BPL_3D, BPL_3E, BPL_3F, BPL_4A, BPL_4C, BPL_4E, BPL_4G, BPL_5A, BPL_5D, BPL_5F, BPL_5G, BPL_5H, BPL_6A, BPL_6B, BPL_6D, BPL_6E, BPL_6F, BPL_6H, BPL_7C, BPL_7E, BPL_7F, BPL_8A, BPL_8C, BPL_8D, BPL_8E, BPL_8F, BPL_9A, BPL_9C, BPL_9F, BPL_9H, BPL_10C, BPL_10D, BPL_10E, BPL_10G, BPL_11B, BPL_11C, BPL_11D, BPL_11E, BPL_11F, BPL_11G, BPL_11H, BPL_12A, BPL_12B, BPL_12C, BPL_13A, BPL_13D, BPL_13F, FloridaFast, Florida1Slow, Paris and WashingtonFast);I -> M (in strain: JapanSlow);I -> V (in strain: BPL_1D, BPL_2B, BPL_3E, BPL_3F, BPL_9H, BPL_10D, BPL_10G, BPL_11D, BPL_12B and BPL_13A)	natural_variant
P14199	331	ECO:0000269|PubMed:17550883, ECO:0000269|PubMed:8462852, ECO:0000269|PubMed:8583891	S -> R (in strain: AfricaFast, AfricaSlow, BPL_10A, BPL_10C, BPL_10D, BPL_10E, BPL_10G, BPL_10H, BPL_11B, BPL_11C, BPL_11D, BPL_11E, BPL_11F, BPL_11G, BPL_11H, BPL_12A, BPL_12B, BPL_12C, BPL_12F, BPL_13A, BPL_13B, BPL_13C, BPL_13D, BPL_13F, BPL_1A, BPL_1B, BPL_1C, BPL_1D, BPL_1E, BPL_1F, BPL_1G, BPL_1H, BPL_2A, BPL_2B, BPL_2C, BPL_2D, BPL_2E, BPL_2F, BPL_2G, BPL_2H, BPL_3A, BPL_3B, BPL_3C, BPL_3D, BPL_3E, BPL_3F, BPL_3G, BPL_3H, BPL_4A, BPL_4B, BPL_4C, BPL_4E, BPL_4G, BPL_5A, BPL_5B, BPL_5D, BPL_5E, BPL_5F, BPL_5G, BPL_5H, BPL_6A, BPL_6B, BPL_6D, BPL_6E, BPL_6F, BPL_6H, BPL_7A, BPL_7B, BPL_7C, BPL_7E, BPL_7F, BPL_7G, BPL_7H, BPL_8A, BPL_8B, BPL_8C, BPL_8D, BPL_8E, BPL_8F, BPL_8G, BPL_8H, BPL_9A, BPL_9B, BPL_9C, BPL_9D, BPL_9F, BPL_9H, Florida1Slow, Florida2Slow, FloridaFast, FrenchFast, FrenchSlow, JapanFast, JapanSlow, Paris and WashingtonFast)	natural_variant
P14199	356	ECO:0000269|PubMed:17550883	S -> L (in strain: BPL_6H, BPL_7C, BPL_11F and BPL_12A)	natural_variant
P14199	389	ECO:0000269|PubMed:17550883	Q -> E (in strain: BPL_1C)	natural_variant
P14199	393	ECO:0000269|PubMed:17550883	P -> L (in strain: BPL_1H, BPL_3H, BPL_4B, BPL_5E, BPL_7B, BPL_7H, BPL_8G, BPL_10H and BPL_13C)	natural_variant
P14199	397	ECO:0000269|PubMed:8583891	P -> S (in strain: FrenchSlow)	natural_variant
P14199	403-410	ECO:0000269|PubMed:17550883, ECO:0000269|PubMed:8462852, ECO:0000269|PubMed:8583891	Missing (in strain: AfricaFast, BPL_10C, BPL_10D, BPL_10E, BPL_10G, BPL_11B, BPL_11D, BPL_11F, BPL_11G, BPL_11H, BPL_12A, BPL_12C, BPL_13A, BPL_13D, BPL_13F, BPL_1A, BPL_1B, BPL_1G, BPL_2A, BPL_2B, BPL_2C, BPL_2D, BPL_2E, BPL_2G, BPL_2H, BPL_3A, BPL_3C, BPL_3D, BPL_3E, BPL_3F, BPL_4A, BPL_4C, BPL_4E, BPL_4G, BPL_5A, BPL_5B, BPL_5D, BPL_5F, BPL_5G, BPL_5H, BPL_6A, BPL_6B, BPL_6D, BPL_6F, BPL_6H, BPL_7C, BPL_7E, BPL_7F, BPL_7G, BPL_8A, BPL_8C, BPL_8D, BPL_8E, BPL_9A, BPL_9C, BPL_9F, BPL_9H, Florida1Slow, Florida2Slow, FloridaFast, Paris and WashingtonFast)	natural_variant
P14199	43	ECO:0000269|PubMed:17550883, ECO:0000269|PubMed:2510997, ECO:0000269|PubMed:8462852, ECO:0000269|PubMed:8583891	Q -> L (in strain: AfricaFast, BPL_10C, BPL_10D, BPL_10E, BPL_10G, BPL_11B, BPL_11C, BPL_11D, BPL_11E, BPL_11F, BPL_11G, BPL_11H, BPL_12A, BPL_12B, BPL_12C, BPL_13A, BPL_13D, BPL_13F, BPL_1A, BPL_1B, BPL_1D, BPL_1G, BPL_2A, BPL_2B, BPL_2C, BPL_2D, BPL_2E, BPL_2G, BPL_2H, BPL_3A, BPL_3B, BPL_3C, BPL_3D, BPL_3E, BPL_3F, BPL_4A, BPL_4C, BPL_4E, BPL_4G, BPL_5A, BPL_5D, BPL_5F, BPL_5G, BPL_5H, BPL_6A, BPL_6B, BPL_6D, BPL_6E, BPL_6F, BPL_6H, BPL_7C, BPL_7E, BPL_7F, BPL_8A, BPL_8C, BPL_8D, BPL_8E, BPL_8F, BPL_9A, BPL_9C, BPL_9F, BPL_9H, Florida1Slow, FloridaFast, JapanSlow, Oregon-R, Paris and WashingtonFast)	natural_variant
P14199	432	ECO:0000269|PubMed:17550883, ECO:0000269|PubMed:8583891	K -> M (in strain: FrenchFast)	natural_variant
P14199	444	ECO:0000269|PubMed:17550883	R -> I (in strain: BPL_3B and BPL_8F)	natural_variant
P14199	542	ECO:0000269|PubMed:8462852, ECO:0000269|PubMed:8583891	D -> E (in strain: AfricaSlow, AfricaFast, FloridaFast, Florida1Slow, Florida2Slow, FrenchSlow, JapanSlow, Paris and WashingtonFast)	natural_variant
P14199	60	ECO:0000269|PubMed:17550883, ECO:0000269|PubMed:8583891	D -> Y (in strain: BPL_1A, BPL_1G, BPL_2A, BPL_2G, BPL_2H, BPL_3C, BPL_4A, BPL_4C, BPL_4G, BPL_5H, BPL_6H, BPL_7C, BPL_10E, BPL_11C, BPL_11H, BPL_12A and WashingtonFast)	natural_variant
P14199	79	ECO:0000269|PubMed:17550883	C -> R (in strain: BPL_1B, BPL_9F and BPL_13D)	natural_variant
P14956	10	ECO:0000269|PubMed:9335607, ECO:0000269|PubMed:9553148, ECO:0000269|PubMed:9725836	V -> L (in strain: B141, M2, M40 and MJ2)	natural_variant
P14956	12	ECO:0000269|PubMed:9335607	L -> I (in strain: B208)	natural_variant
P14956	43	ECO:0000269|PubMed:9335607	A -> V (in strain: Z24)	natural_variant
P14956	54	ECO:0000269|PubMed:9553148	A -> V (in strain: MA1)	natural_variant
P14956	59	ECO:0000269|PubMed:9335607	A -> G (in strain: B222, B226, Z10, Z22, Z18 and Z24)	natural_variant
P15007	380	ECO:0000269|PubMed:17379620	D -> A (in strain: SC96_47)	natural_variant
P15215	831		F -> Y	natural_variant
P15215	892		L -> P (in strain: Oregon-R)	natural_variant
P18105	94	ECO:0000269|PubMed:1743485	S -> N (in allele NOD(DTW))	natural_variant
P18168	1351	ECO:0000269|PubMed:1840519	S -> T (in strain: Oregon-R)	natural_variant
P18168	18	ECO:0000269|PubMed:1840519	S -> SSLSS (in strain: Oregon-R)	natural_variant
P18168	26	ECO:0000269|PubMed:1840519	A -> P (in strain: Oregon-R)	natural_variant
P18170	545-570		Missing (in allele DEC-1-FC2-Israel)	natural_variant
P18170	545-622		Missing (in allele DEC-1-FC4)	natural_variant
P18170	571-622		Missing (in allele DEC-1-FC3)	natural_variant
P18170	597-622		Missing (in allele DEC-1-FC2-Ghanghry)	natural_variant
P18170	627		M -> V (in allele DEC-1-FC3)	natural_variant
P18170	644		Q -> H (in allele DEC-1-FC4)	natural_variant
P18170	690		Q -> H (in allele DEC-1-FC3)	natural_variant
P18488	102-104		Missing (in strain: Berkeley and Oregon-R)	natural_variant
P18488	131		H -> Q (in strain: Berkeley and Oregon-R)	natural_variant
P18488	158-159		SG -> TR (in strain: Oregon-R)	natural_variant
P18488	304-305		EL -> DV (in strain: Oregon-R)	natural_variant
P18488	4		M -> T (in strain: Oregon-R)	natural_variant
P19107	109		N -> S	natural_variant
P19967	202		A -> P	natural_variant
P19967	213		I -> T	natural_variant
P19967	344		R -> G	natural_variant
P20349	119		T -> A (in strain: ZBMEL95)	natural_variant
P20349	139		K -> T (in strain: ZBMEL229)	natural_variant
P20349	49		H -> N (in strain: ZBMEL131)	natural_variant
P20349	70		L -> M (in strain: ZBMEL145 and ZBMEL186)	natural_variant
P20349	99-100		AE -> ED (in strain: ZBMEL84)	natural_variant
P21521	367		I -> V (in RNA edited version)	natural_variant
P21521	379		K -> R (in RNA edited version)	natural_variant
P21521	383		I -> V (in RNA edited version)	natural_variant
P21521	405		I -> M (in RNA edited version)	natural_variant
P21663	34	ECO:0000269|PubMed:9335607	N -> S (in strain: B205)	natural_variant
P21663	44	ECO:0000269|PubMed:9335607	I -> V (in strain: B316)	natural_variant
P21663	48	ECO:0000269|PubMed:9335607	K -> N (in strain: Z22)	natural_variant
P21663	9	ECO:0000269|PubMed:9335607	V -> F (in strain: B316)	natural_variant
P22711	12		G -> S (in strain: S-521F)	natural_variant
P22711	173		Y -> N (in strain: S-5F)	natural_variant
P22711	238		P -> A (in strain: S-255S)	natural_variant
P22711	71		A -> G (in strain: F-96S, F-775F, S-26F, S-438S, S-483F, S-510S, S-521S, S-549S, S-565F, S-968F and US-255F)	natural_variant
P22745	239	ECO:0000269|PubMed:16357040, ECO:0000269|PubMed:2279698	A -> S (in strain: fs(3)Neo61, Wpg1, Wpg10, Wpg16, Wpg2, Wpg3, Zim10, Zim18, Zim32 and Zim35)	natural_variant
P22745	243	ECO:0000269|PubMed:16357040	F -> Y (in strain: Wpg4)	natural_variant
P22745	394	ECO:0000269|PubMed:16357040	P -> R (in strain: Zim10)	natural_variant
P22745	45	ECO:0000269|PubMed:16357040	C -> S (in strain: Wpg6, Wpg8 and Wpg12)	natural_variant
P22745	54	ECO:0000269|PubMed:16357040	G -> D (in strain: Zim10)	natural_variant
P22809	327		T -> N (in strain: S-26F, S-94F, S-438S, S-510S and S-521F)	natural_variant
P22809	342		G -> S (in strain: S-26F, S-94F, S-438S, S-510S and S-521F)	natural_variant
P22809	367		S -> SGAES (in strain: S-521S, S-968F and US-255F)	natural_variant
P22809	369		H -> Q (in strain: F-611F)	natural_variant
P22809	62		I -> A (in strain: F-96S, F-274F, S-26F, S-94F, S-377F, S-510S, S-521F, S-521S, S-565F, S-968F and US-255F);I -> V (in strain: F-775F, S-549S and S-1224F)	natural_variant
P22809	74		G -> S (in strain: F-775F, S-549S and S-1224F)	natural_variant
P22814	315		P -> S (in strain: OK94)	natural_variant
P22814	32		A -> P	natural_variant
P22814	44		T -> A (in strain: OK17, OK94, Z42, Z55, Z64 and Z74)	natural_variant
P22814	469		A -> S (in strain: Z27, OK13, OK5 and Z16)	natural_variant
P22977	24	ECO:0000269|PubMed:17244601, ECO:0000269|PubMed:2509714	N -> H (in strain: Kronenbourg, Madibou4, Primus20, Primus25, ZH34 and ZH83)	natural_variant
P22977	70	ECO:0000269|PubMed:17244601, ECO:0000269|PubMed:2509714	N -> Y (in strain: Kronenbourg, Madibou4, Primus20, Primus25, ZH34 and ZH83)	natural_variant
P22977	71	ECO:0000269|PubMed:17244601, ECO:0000269|PubMed:2509714	S -> A (in strain: Kronenbourg, Madibou4, Primus20, Primus25, ZH34 and ZH83)	natural_variant
P24492	48		S -> R (in strain: B306, Z18, Z22 and Z24);S -> T (in strain: B101)	natural_variant
P24492	55		A -> G (in strain: B306, Z18 and Z22)	natural_variant
P24492	65		S -> T (in strain: Z22)	natural_variant
P24492	73		G -> R (in strain: B141)	natural_variant
P24492	90		E -> Q (in strain: Z24)	natural_variant
P24492	98		T -> N (in strain: B101)	natural_variant
P24785	1276		G -> V	natural_variant
P25123	122	ECO:0000269|PubMed:8016117, ECO:0000269|PubMed:8389005	R -> G (in RNA edited version)	natural_variant
P25123	283	ECO:0000269|PubMed:12537569, ECO:0000269|PubMed:1651498, ECO:0000269|PubMed:24823815, ECO:0000269|PubMed:8016117, ECO:0000269|PubMed:8389005	I -> V (in RNA edited version; does not alter GABA receptor activity; retains inhibition by picrotoxin; shows resistance to picrotoxinin; when associated with S-301)	natural_variant
P25123	294	ECO:0000269|PubMed:8389005	N -> D (in RNA edited version)	natural_variant
P25123	360	ECO:0000269|PubMed:8016117, ECO:0000269|PubMed:8389005	M -> V (in RNA edited version)	natural_variant
P25162	278		T -> A (in RNA edited version)	natural_variant
P25992	698		S -> L	natural_variant
P26675	1256		P -> L (in strain: St_L028 and St_L033)	natural_variant
P26675	1322		A -> S (in strain: In_L019)	natural_variant
P26675	1503		S -> N (in strain: In_L019)	natural_variant
P28159	80-82		Missing (in strain: LAMTO 3, LAMTO 4, LAMTO 12, LAMTO 18, LAMTO 19, LAMTO 21, LAMTO 31, LAMTO 35, LAMTO 101 and LAMTO 111)	natural_variant
P28159	81-82		Missing (in strain: LAMTO 13, LAMTO 37 and LAMTO 134)	natural_variant
P28159	82		Missing (in strain: LAMTO 124)	natural_variant
P28285	143	ECO:0000269|PubMed:15611167	A -> T (in strain: CA-064)	natural_variant
P28285	146	ECO:0000269|PubMed:15611167	S -> T (in strain: CA-008, CA-026, CA-033, CA-035, CA-037, CA-048, CA-052, CA-057, CA-060, CA-063, CA-065, CA-072, CA-088, CA-090, CA-096, CA-100, CA-114, CA-120, CA-132, CA-140, CA-147, NC-011, NC-014, NC-033, NC-034, NC-040, NC-042, NC-044, NC-046, NC-047, NC-051, NC-052, NC-054, NC-057, NC-069, NC-084, NC-092, NC-094, NC-096, NC-103, NC-105, NC-107, NC-108, NC-118, NC-119, NC-121, NC-125, NC-126, NC-127, NC-129, NC-138, NC-144 and NC-148)	natural_variant
P28285	171	ECO:0000269|PubMed:15611167	A -> V (in strain: CA-008, CA-009, CA-026, CA-031, CA-033, CA-035, CA-037, CA-048, CA-052, CA-057, CA-060, CA-061, CA-063, CA-065, CA-072, CA-088, CA-096, CA-100, CA-114, CA-120, CA-132, CA-140, CA-147, NC-011, NC-034, NC-040, NC-042, NC-044, NC-046, NC-047, NC-051, NC-052, NC-054, NC-057, NC-069, NC-084, NC-092, NC-094, NC-103, NC-107, NC-119, NC-121, NC-127, NC-129, NC-138, NC-144 and NC-148)	natural_variant
P28285	182	ECO:0000269|PubMed:15611167	G -> D (in strain: NC-066)	natural_variant
P28285	184	ECO:0000269|PubMed:15611167	D -> Y (in strain: NC-086, NC-104 and NC-010)	natural_variant
P28285	196	ECO:0000269|PubMed:1310937, ECO:0000269|PubMed:15611167	S -> N (in strain: NC-114)	natural_variant
P28285	198	ECO:0000269|PubMed:15611167	Q -> H (in strain: CA-001, CA-009, CA-011, CA-013, CA-015, CA-026, CA-030, CA-031, CA-033, CA-034, CA-035, CA-037, CA-040, CA-046, CA-048, CA-052, CA-055, CA-057, CA-060, CA-061, CA-063, CA-065, CA-066, CA-068, CA-069, CA-072, CA-073, CA-075, CA-088, CA-090, CA-091, CA-093, CA-095, CA-096, CA-100, CA-114, CA-120, CA-132, CA-133, CA-140, CA-147, NC-008, NC-011, NC-014, NC-015, NC-025, NC-034, NC-040, NC-042, NC-043, NC-044, NC-046, NC-047, NC-048, NC-051, NC-052, NC-054, NC-057, NC-060, NC-066, NC-069, NC-073, NC-075, NC-081, NC-084, NC-088, NC-091, NC-092, NC-094, NC-096, NC-101, NC-103, NC-107, NC-108, NC-110, NC-113, NC-114, NC-115, NC-116, NC-118, NC-119, NC-121, NC-123, NC-127, NC-128, NC-129, NC-135, NC-136, NC-137, NC-138, NC-139, NC-142, NC-144, NC-146, NC-148 and Oregon-R)	natural_variant
P28285	213	ECO:0000269|PubMed:15611167	S -> G (in strain: CA-015)	natural_variant
P28285	29-32	ECO:0000269|PubMed:15611167	Missing (in strain: CA-128)	natural_variant
P28285	46	ECO:0000269|PubMed:15611167	E -> Q (in strain: NC-066)	natural_variant
P28285	49	ECO:0000269|PubMed:15611167	E -> V (in strain: NC-036 and NC-123)	natural_variant
P28285	51	ECO:0000269|PubMed:15611167	D -> E (in strain: CA-002, CA-008, CA-009, CA-011, CA-013, CA-015, CA-026, CA-031, CA-033, CA-034, CA-035, CA-037, CA-040, CA-048, CA-052, CA-055, CA-057, CA-060, CA-061, CA-063, CA-064, CA-065, CA-069, CA-072, CA-073, CA-075, CA-088, CA-090, CA-093, CA-096, CA-100, CA-114, CA-120, CA-127, CA-129, CA-132, CA-133, CA-140, CA-142, CA-145, CA-147, NC-003, NC-006, NC-010, NC-011, NC-014, NC-015, NC-021, NC-033, NC-034, NC-036, NC-040, NC-042, NC-044, NC-046, NC-047, NC-051, NC-052, NC-054, NC-057, NC-066, NC-069, NC-071, NC-073, NC-081, NC-084, NC-086, NC-089, NC-092, NC-094, NC-096, NC-097, NC-101, NC-103, NC-104, NC-107, NC-108, NC-118, NC-119, NC-121, NC-123, NC-127, NC-128, NC-129, NC-134, NC-136, NC-137, NC-138, NC-141, NC-144 and NC-148)	natural_variant
P28285	52	ECO:0000269|PubMed:15611167	D -> E (in strain: NC-103 and NC-118)	natural_variant
P28285	531	ECO:0000269|PubMed:15611167	Q -> L (in strain: NC-104)	natural_variant
P28285	536	ECO:0000269|PubMed:15611167	T -> A (in strain: CA-011, CA-017, CA-018, CA-062, CA-130, NC-118, NC-022, NC-026, NC-049 and NC-073)	natural_variant
P28285	54	ECO:0000269|PubMed:15611167	A -> G (in strain: NC-061)	natural_variant
P28285	547-550	ECO:0000269|PubMed:15611167	APSG -> GPMGPL (in strain: CA-013, CA-026 and CA-093)	natural_variant
P28285	571	ECO:0000269|PubMed:15611167	E -> V (in strain: CA-002, CA-003, CA-008, CA-011, CA-012, CA-015, CA-023, CA-027, CA-030, CA-031, CA-034, CA-035, CA-037, CA-043, CA-044, CA-045, CA-046, CA-048, CA-052, CA-055, CA-057, CA-058, CA-063, CA-064, CA-065, CA-066, CA-068, CA-070, CA-072, CA-073, CA-075, CA-081, CA-083, CA-087, CA-088, CA-089, CA-091, CA-096, CA-100, CA-105, CA-114, CA-120, CA-123, CA-128, CA-129, CA-133, CA-140, CA-145, CA-147, CA-148, NC-001, NC-002, NC-003, NC-010, NC-011, NC-012, NC-013, NC-015, NC-023, NC-024, NC-025, NC-027, NC-028, NC-029, NC-030, NC-032, NC-033, NC-034, NC-036, NC-040, NC-041, NC-042, NC-043, NC-044, NC-046, NC-047, NC-048, NC-050, NC-051, NC-052, NC-054, NC-057, NC-059, NC-060, NC-061, NC-066, NC-069, NC-071, NC-072, NC-074, NC-075, NC-077, NC-079, NC-080, NC-081, NC-084, NC-086, NC-087, NC-088, NC-089, NC-091, NC-092, NC-094, NC-098, NC-101, NC-103, NC-104, NC-107, NC-109, NC-110, NC-111, NC-112, NC-113, NC-114, NC-115, NC-116, NC-119, NC-121, NC-124, NC-127, NC-128, NC-129, NC-131, NC-133, NC-134, NC-135, NC-136, NC-137, NC-138, NC-144, NC-146, NC-147, NC-148 and NC-149)	natural_variant
P28285	585	ECO:0000269|PubMed:15611167	T -> K (in strain: NC-026)	natural_variant
P28285	588	ECO:0000269|PubMed:10731132, ECO:0000269|PubMed:15611167, ECO:0000269|Ref.4	T -> M (in strain: Berkeley, CA-009, CA-010, CA-013, CA-026, CA-041, CA-060, CA-063, CA-066, CA-086, CA-093, CA-113, CA-137, CA-145, NC-006, NC-008, NC-021, NC-064, NC-067, NC-123, NC-142 and NC-150)	natural_variant
P28285	589	ECO:0000269|PubMed:15611167	T -> R (in strain: CA-040, CA-056, CA-115, CA-118, CA-126, CA-132, CA-142, NC-005, NC-037, NC-038, NC-039, NC-053, NC-068, NC-095, NC-100, NC-105, NC-125, NC-126 and NC-139)	natural_variant
P28285	648	ECO:0000269|PubMed:15611167	A -> V (in strain: CA-023, CA-048, NC-015, NC-110, NC-128, NC-133 and NC-137)	natural_variant
P28285	657	ECO:0000269|PubMed:15611167	Q -> P (in strain: CA-130)	natural_variant
P28285	682	ECO:0000269|PubMed:15611167	S -> W (in strain: CA-043, CA-058 and CA-105)	natural_variant
P28285	688	ECO:0000269|PubMed:15611167	T -> I (in strain: CA-088)	natural_variant
P28285	692	ECO:0000269|PubMed:15611167	S -> T (in strain: NC-104)	natural_variant
P28285	706	ECO:0000269|PubMed:15611167	P -> T (in strain: NC-001)	natural_variant
P28285	716	ECO:0000269|PubMed:15611167	Q -> H (in strain: NC-032);Q -> QH (in strain: NC-047)	natural_variant
P28285	716-717	ECO:0000269|PubMed:15611167	Missing (in strain: CA-002, CA-009, CA-010, CA-011, CA-017, CA-018, CA-023, CA-030, CA-031, CA-037, CA-040, CA-041, CA-044, CA-045, CA-047, CA-048, CA-052, CA-056, CA-057, CA-062, CA-068, CA-070, CA-075, CA-086, CA-087, CA-088, CA-089, CA-091, CA-095, CA-096, CA-100, CA-113, CA-114, CA-115, CA-118, CA-120, CA-126, CA-127, CA-129, CA-132, CA-133, CA-136, CA-140, CA-142, CA-145, CA-147, NC-001, NC-003, NC-004, NC-005, NC-011, NC-015, NC-017, NC-021, NC-022, NC-025, NC-033, NC-034, NC-036, NC-037, NC-038, NC-039, NC-040, NC-042, NC-044, NC-046, NC-048, NC-049, NC-051, NC-052, NC-053, NC-054, NC-057, NC-059, NC-068, NC-069, NC-070, NC-071, NC-079, NC-080, NC-084, NC-086, NC-087, NC-088, NC-089, NC-091, NC-092, NC-094, NC-095, NC-100, NC-101, NC-104, NC-105, NC-107, NC-109, NC-110, NC-111, NC-112, NC-113, NC-114, NC-115, NC-116, NC-119, NC-121, NC-123, NC-125, NC-126, NC-128, NC-129, NC-133, NC-134, NC-135, NC-136, NC-137, NC-138, NC-139, NC-142, NC-144, NC-146, NC-147, NC-148, NC-149 and NC-150)	natural_variant
P28285	716-718	ECO:0000269|PubMed:15611167	Missing (in strain: NC-118)	natural_variant
P28285	717-719	ECO:0000269|PubMed:15611167	QQQ -> H (in strain: CA-069, NC-096 and NC-108)	natural_variant
P28285	76	ECO:0000269|PubMed:15611167	S -> T (in strain: NC-012, NC-023, NC-037, NC-038, NC-039, NC-124 and NC-131)	natural_variant
P28285	86	ECO:0000269|PubMed:15611167	S -> T (in strain: CA-008, CA-009, CA-013, CA-026, CA-031, CA-033, CA-035, CA-037, CA-040, CA-048, CA-052, CA-057, CA-060, CA-061, CA-063, CA-065, CA-072, CA-073, CA-088, CA-093, CA-096, CA-100, CA-114, CA-120, CA-129, CA-132, CA-133, CA-140, CA-147, NC-011, NC-015, NC-021, NC-033, NC-034, NC-040, NC-042, NC-044, NC-046, NC-047, NC-051, NC-052, NC-054, NC-057, NC-069, NC-084, NC-089, NC-092, NC-094, NC-097, NC-103, NC-107, NC-119, NC-121, NC-127, NC-128, NC-129, NC-134, NC-137, NC-138, NC-141, NC-144 and NC-148)	natural_variant
P28285	91	ECO:0000269|PubMed:15611167	P -> Q (in strain: CA-030, CA-068, CA-091, NC-008, NC-025, NC-043, NC-048, NC-060, NC-075, NC-088, NC-091, NC-114, NC-116 and NC-135)	natural_variant
P28285	96	ECO:0000269|PubMed:1310937, ECO:0000269|PubMed:15611167	V -> A (in strain: CA-008, CA-009, CA-011, CA-013, CA-015, CA-026, CA-031, CA-033, CA-034, CA-035, CA-037, CA-040, CA-048, CA-052, CA-055, CA-057, CA-060, CA-061, CA-063, CA-064, CA-065, CA-069, CA-072, CA-073, CA-075, CA-088, CA-090, CA-093, CA-095, CA-096, CA-100, CA-114, CA-120, CA-129, CA-132, CA-133, CA-140, CA-147, NC-010, NC-011, NC-012, NC-014, NC-015, NC-021, NC-023, NC-033, NC-034, NC-036, NC-037, NC-038, NC-039, NC-040, NC-042, NC-044, NC-046, NC-047, NC-051, NC-052, NC-054, NC-057, NC-066, NC-069, NC-073, NC-081, NC-084, NC-086, NC-089, NC-092, NC-094, NC-096, NC-097, NC-101, NC-103, NC-104, NC-107, NC-108, NC-118, NC-119, NC-121, NC-123, NC-124, NC-127, NC-128, NC-129, NC-131, NC-134, NC-136, NC-137, NC-138, NC-141, NC-144, NC-148 and Oregon-R)	natural_variant
P28286	14	ECO:0000269|PubMed:15611167	D -> V (in strain: NC-100)	natural_variant
P28286	301	ECO:0000269|PubMed:15611167	A -> E (in strain: NC-026 and NC-027)	natural_variant
P28286	309	ECO:0000269|PubMed:15611167	R -> H (in strain: CA-017, CA-061, CA-062, CA-093, CA-132, CA-018, CA-027, CA-070, CA-075, CA-081, CA-086, CA-096, CA-100, CA-105, CA-126, CA-128, CA-130, CA-137, CA-142, CA-145, NC-024, NC-048, NC-071, NC-104, NC-005, NC-008, NC-018, NC-025, NC-028, NC-043, NC-046, NC-049, NC-054, NC-058, NC-070, NC-077, NC-095, NC-098, NC-101, NC-103, NC-114, NC-115, NC-119, NC-136 and NC-141)	natural_variant
P28286	310	ECO:0000269|PubMed:15611167	S -> G (in strain: CA-003, CA-035, CA-062, CA-066, CA-081, CA-091, CA-126, CA-145, CA-010, CA-015, CA-017, CA-018, CA-023, CA-027, CA-030, CA-061, CA-064, CA-070, CA-072, CA-075, CA-086, CA-090, CA-093, CA-095, CA-096, CA-100, CA-105, CA-114, CA-128, CA-130, CA-132, CA-137, CA-142, NC-010, NC-022, NC-028, NC-036, NC-037, NC-054, NC-068, NC-092, NC-095, NC-108, NC-100, NC-111, NC-119, NC-125, NC-142, NC-001, NC-003, NC-005, NC-006, NC-008, NC-012, NC-014, NC-017, NC-018, NC-021, NC-023, NC-024, NC-025, NC-026, NC-027, NC-032, NC-038, NC-039, NC-043, NC-046, NC-048, NC-049, NC-053, NC-058, NC-059, NC-069, NC-070, NC-071, NC-073, NC-077, NC-084, NC-089, NC-094, NC-096, NC-097, NC-098, NC-101, NC-103, NC-104, NC-105, NC-107, NC-114, NC-115, NC-118, NC-121, NC-123, NC-124, NC-126, NC-127, NC-131, NC-136, NC-139, NC-141, NC-146 and NC-149)	natural_variant
P28286	40	ECO:0000269|PubMed:15611167	G -> R (in strain: CA-128, NC-005, NC-114 and NC-115)	natural_variant
P28286	460	ECO:0000269|PubMed:15611167	T -> I (in strain: CA-040, CA-055 and CA-098)	natural_variant
P28286	463	ECO:0000269|PubMed:15611167	T -> S (in strain: NC-003 and NC-142)	natural_variant
P28286	478-481	ECO:0000269|PubMed:15611167	Missing (in strain: CA-064, NC-096 and NC-108)	natural_variant
P28286	492	ECO:0000269|PubMed:15611167	A -> V (in strain: CA-064, NC-015, NC-096, NC-108, NC-128, NC-135 and NC-137)	natural_variant
P28286	61	ECO:0000269|PubMed:1310937, ECO:0000269|PubMed:15611167	I -> V (in strain: CA-001, CA-002, CA-003, CA-008, CA-009, CA-010, CA-011, CA-012, CA-015, CA-017, CA-018, CA-023, CA-026, CA-027, CA-030, CA-034, CA-035, CA-037, CA-040, CA-041, CA-043, CA-044, CA-046, CA-047, CA-048, CA-052, CA-055, CA-056, CA-057, CA-058, CA-060, CA-061, CA-062, CA-063, CA-064, CA-065, CA-066, CA-068, CA-069, CA-070, CA-072, CA-075, CA-081, CA-086, CA-087, CA-088, CA-090, CA-091, CA-093, CA-095, CA-105, CA-113, CA-114, CA-120, CA-126, CA-128, CA-129, CA-130, CA-132, CA-133, CA-136, CA-137, CA-140, CA-142, CA-144, CA-145, CA-147, Oregon-R, NC-001, NC-002, NC-003, NC-004, NC-005, NC-006, NC-008, NC-010, NC-011, NC-012, NC-014, NC-015, NC-017, NC-021, NC-022, NC-023, NC-025, NC-026, NC-027, NC-028, NC-029, NC-030, NC-032, NC-033, NC-034, NC-036, NC-040, NC-041, NC-042, NC-043, NC-044, NC-046, NC-047, NC-048, NC-049, NC-051, NC-052, NC-053, NC-054, NC-057, NC-058, NC-059, NC-060, NC-062, NC-064, NC-066, NC-067, NC-068, NC-069, NC-071, NC-072, NC-073, NC-074, NC-075, NC-077, NC-079, NC-080, NC-081, NC-084, NC-086, NC-087, NC-089, NC-091, NC-092, NC-094, NC-095, NC-096, NC-097, NC-098, NC-100, NC-101, NC-103, NC-104, NC-105, NC-107, NC-108, NC-110, NC-112, NC-113, NC-114, NC-115, NC-116, NC-118, NC-119, NC-121, NC-123, NC-124, NC-126, NC-127, NC-128, NC-129, NC-131, NC-134, NC-135, NC-136, NC-137, NC-138, NC-139, NC-141, NC-142, NC-144, NC-146, NC-147, NC-149 and NC-148)	natural_variant
P28286	76	ECO:0000269|PubMed:15611167	E -> K (in strain: CA-027)	natural_variant
P28286	79	ECO:0000269|PubMed:15611167	R -> W (in strain: NC-037, NC-038, NC-039 and NC-109)	natural_variant
P28286	90	ECO:0000269|PubMed:15611167	M -> I (in strain: NC-053)	natural_variant
P28750	223		M -> I	natural_variant
P29349	119	ECO:0000269|PubMed:12694293	K -> T (in strain: Kenya-HLa3, Kenya-HLa6, Kakamega-b1 and Makindu-b1)	natural_variant
P29349	749	ECO:0000269|PubMed:12694293	G -> S (in strain: Ann Arbor1, DPCNBW, Kakamega-b1, Kakamega-b3, Kakamega-b4, Kenya-HLa3, Kenya-HLa6, Makindu-b5 and Reids2)	natural_variant
P29613	173	ECO:0000269|PubMed:1720860, ECO:0000269|PubMed:9615457	Q -> K (in strain: 178.7, 709.6, A-26, DPF-13, DPF-2, DPF-30, DPF-46, DPF-53, DPF-62, DPF-77, DPF-81, DPF-82.1, EM-10, Mali-10.2, Mali-4.2, Mali-4.4, Oregon-R, R-60, VC-805, VC-815, Z-1, Z-35, Z-44, Z-48 and Z-5)	natural_variant
P29613	230	ECO:0000269|PubMed:9615457	V -> F (in strain: 709.6)	natural_variant
P32027	122		L -> F (in allele CROC-75-3)	natural_variant
P32027	453		A -> V (in allele CROC-75-3)	natural_variant
P32030	246		P -> S (in strain: Oregon-R and Berkeley)	natural_variant
P32030	303		P -> Q (in strain: Oregon-R and Berkeley)	natural_variant
P33269	170		E -> D (in strain: CAM-2, CAM-3, CAM-8, CAM-12, CAM-41, CAM-44, CAM-48 and Berkeley)	natural_variant
P33269	426		S -> I (in strain: CAM-8, CAM-44, CAM-48 and Berkeley)	natural_variant
P33450	1229		S -> G	natural_variant
P33450	1233		G -> S	natural_variant
P35500	1455		K -> R (in RNA edited version)	natural_variant
P35500	1587		N -> S (in RNA edited version)	natural_variant
P35500	471		Q -> R (in RNA edited version)	natural_variant
P36192	15		A -> T (in strain: 2CPA12, 2CPA43, 2CPA46, 2CPA51, 2CPA103 and 2CPA105)	natural_variant
P36192	17		V -> M (in strain: 2CPA1, 2CPA12, 2CPA43, 2CPA46, 2CPA51, 2CPA103 and 2CPA105)	natural_variant
P36192	38		E -> D (in strain: 2CPA7 and 2CPA14)	natural_variant
P36192	6		L -> P (in strain: 2CPA7 and 2CPA14)	natural_variant
P36193	52	ECO:0000269|PubMed:12716986, ECO:0000269|PubMed:35730150, ECO:0000269|PubMed:8325867, ECO:0000269|PubMed:8944755	T -> A (in strain: 2CPA1, 2CPA12, 2CPA51, 2CPA105, 2CPA118, 2CPA122, 8B, 8D, 8E, 8F, 8G, 9A, 9B, 9C, 9D, 9E, 9F, 9G, 9H, 10B, 10F, 10G, 10H and Oregon-R; required for antibacterial activity against Providencia burhodogranariea)	natural_variant
P36193	64	ECO:0000269|PubMed:12716986	A -> V (in strain: 2CPA51)	natural_variant
P37161	6	ECO:0000269|PubMed:17465907	G -> T (in strain: G140)	natural_variant
P37161	78	ECO:0000269|PubMed:17465907	M -> L (in strain: Canton-S, G02, G130 and G140)	natural_variant
P37161	94	ECO:0000269|PubMed:17465907	D -> G (in strain: G130 and G140)	natural_variant
P37236	178	ECO:0000269|PubMed:25074811	I -> M (in RNA edited version)	natural_variant
P41596	60	ECO:0000269|PubMed:8630055	I -> L (in strain: Canton-S)	natural_variant
P41596	69	ECO:0000269|PubMed:8630055	T -> I (in strain: Canton-S)	natural_variant
P42286	392		S -> T (in strain: Berkeley and Oregon-R)	natural_variant
P42286	427		R -> K (in strain: Berkeley and Oregon-R)	natural_variant
P42286	428		A -> T (in strain: Berkeley and Oregon-R)	natural_variant
P42286	927		L -> P (in strain: Canton-S)	natural_variant
P42570	97		S -> W	natural_variant
P43332	49		R -> H (in allele SNF1621; sterile)	natural_variant
P48596	58	ECO:0000269|Ref.3	A -> T (in strain: Raleigh Inbred 6, Raleigh Inbred 9, Raleigh Inbred 11, Raleigh Inbred 27 and Raleigh Inbred 33)	natural_variant
P48596	61	ECO:0000269|Ref.3	A -> P (in strain: Raleigh Inbred 6, Raleigh Inbred 9, Raleigh Inbred 11, Raleigh Inbred 27 and Raleigh Inbred 33)	natural_variant
P48596	77	ECO:0000269|Ref.3	A -> V (in strain: Raleigh Inbred 11)	natural_variant
P48596	84	ECO:0000269|Ref.3	N -> S (in strain: Raleigh Inbred 6, Raleigh Inbred 9, Raleigh Inbred 11 and Raleigh Inbred 33)	natural_variant
P48987	104		N -> K (in strain: ZBMEL191)	natural_variant
P48987	146		A -> T (in strain: ZBMEL191)	natural_variant
P48987	149		G -> A (in strain: Oregon-R, ZBMEL84, ZBMEL95, ZBMEL131, ZBMEL157, ZBMEL186, ZBMEL191 and ZBMEL229)	natural_variant
P49657	191		A -> T (in mnb1; reduced brain volume)	natural_variant
P50536	184	ECO:0000269|PubMed:17878295, ECO:0000269|PubMed:18039888, ECO:0000269|PubMed:7768187	A -> T (in strain: 399A, 774A, 852A, 859A, Congo13, Congo194 and Congo346)	natural_variant
P50536	220	ECO:0000269|PubMed:18039888	K -> M (in strain: 799A)	natural_variant
P50536	232	ECO:0000269|PubMed:18039888	V -> A (in strain: 399A)	natural_variant
P50536	265	ECO:0000269|PubMed:18039888	S -> N (in strain: 859A)	natural_variant
P50536	310	ECO:0000269|PubMed:18039888	E -> K (in strain: 820A)	natural_variant
P50536	325	ECO:0000269|PubMed:18039888	S -> G (in strain: 639A)	natural_variant
P50536	352	ECO:0000269|PubMed:17878295, ECO:0000269|PubMed:18039888, ECO:0000269|PubMed:7768187	V -> G (in strain: 5, 7, 399A, 591A, 799A, 852A, 859A, Amherst, Congo13, Congo194, Congo216 and Congo346)	natural_variant
P50536	405	ECO:0000269|PubMed:18039888	Y -> H (in strain: 639A)	natural_variant
P50536	412	ECO:0000269|PubMed:18039888	R -> C (in strain: 732A)	natural_variant
P50536	430	ECO:0000269|PubMed:18039888	P -> S (in strain: 639A)	natural_variant
P50536	465	ECO:0000269|PubMed:18039888	L -> P (in strain: 820A)	natural_variant
P50536	503	ECO:0000269|PubMed:17878295	L -> V (in strain: Congo194)	natural_variant
P51123	572		P -> S	natural_variant
P52029	184	ECO:0000269|Ref.1	H -> Y (in strain: LW15)	natural_variant
P52029	329	ECO:0000269|Ref.1	V -> I (in strain: AF-F, F1-F, F1-1S, JA-F, LW8, MW18 and ZW20)	natural_variant
P52029	471	ECO:0000269|Ref.1	V -> A (in strain: JA-S)	natural_variant
P54398	149		A -> S (in strain: Berkeley and L28)	natural_variant
P54398	171		Y -> H (in strain: L12)	natural_variant
P54398	215		R -> S (in strain: L126)	natural_variant
P54398	44		E -> K (in strain: Berkeley and L28)	natural_variant
P54398	72		E -> D (in strain: L21 and L126)	natural_variant
P81641	11		A -> S (in strain: Berkeley, JP-5, JP-35, JP-55, JP-75, KN-12 and Oregon-R)	natural_variant
P81641	121		D -> E (in strain: JP-55);D -> G (in strain: 1420#1, JP-190, JP-169, JP-186, KO123, TN22 and TN256);D -> N (in strain: KN-10, KN-3 and KN-9)	natural_variant
P81641	138		S -> T (in strain: JP-75, KN-17, KN-21, KN-22 and L16)	natural_variant
P81641	156		S -> R (in strain: 1420#1, JP-169, JP-186, JP-190, KO123, KN-3, KN-9, KN-10, TN22 and TN256)	natural_variant
P81641	278		D -> N (in strain: 1420#1, AO168, J87, JP-60, JP-169, JP-186, JP-190, KO123, KN-3, KN-9, KN-10, TN22 and TN256)	natural_variant
P81641	288		T -> I (in strain: KN-15)	natural_variant
P81641	398		T -> A (in strain: Berkeley, JP-5, JP-35, JP-55, JP-60, JP-65, JP-70, JP-75, JP-169, JP-186, JP-190, KN-3, KN-9, KN-10, KN-12, KN-17, KN-21 and KN-23)	natural_variant
P81641	401		S -> L (in strain: Berkeley, JP-5, JP-35, JP-55, JP-65, JP-70, KN-12 and KN-21)	natural_variant
P81641	403		E -> A (in strain: 1420#1, AO168, J87, JP-60, JP-169, JP-186, JP-190, KO123, KN-3, KN-9, KN-10, TN22 and TN256)	natural_variant
P81641	410		N -> S (in strain: Berkeley, JP-5, JP-35, JP-55, JP-65 and KN-12)	natural_variant
P81641	465		V -> I (in strain: JP-1, JP-15, JP-84, KO140 and KN-27)	natural_variant
P81641	476		Y -> N (in strain: 1420#1, AO168, J87, JP-1, JP-15, JP-55, JP-60, JP-75, JP-84, JP-169, JP-186, JP-190, KO123, KO140, KN-3, KN-9, KN-10, KN-15, KN-17, KN-21, KN-22, KN-23, KN-27, L16, TN22 and TN256)	natural_variant
P81641	478		G -> A (in strain: KN-21)	natural_variant
P81641	6		Missing (in strain: KN-22)	natural_variant
P81641	71		S -> R (in strain: 1420#1, JP-169, JP-186, JP-190, KO123, KN-3, KN-9, KN-10, TN22 and TN256)	natural_variant
P81909	100	ECO:0000269|PubMed:18922763	C -> S (in strain: CN1, CN13, CN18, CN21, CN29, CN45, CN51, LA128, LA13, LA15, LA25, LA3, LA32, LA34, LA35, LA4, MA21, MA24, NC1b, NC100b, NC37a, NC84a, NC89a and NC97a)	natural_variant
P81909	102	ECO:0000269|PubMed:18922763	F -> L (in strain: NC97a)	natural_variant
P81909	196	ECO:0000269|PubMed:18922763	E -> A (in strain: CN1, CN13, CN18, CN21, CN28, CN29, CN45, CN51, LA120, LA128, LA13, LA15, LA25, LA3, LA32, LA34, LA35, LA4, LA6, LA9, MA21, MA24, NC1b, NC100b, NC16a, NC37a, NC84a, NC89a and NC97a)	natural_variant
P81909	201	ECO:0000269|PubMed:18922763	D -> E (in strain: NC1b and NC97a)	natural_variant
P81909	220	ECO:0000269|PubMed:18922763	S -> N (in strain: CN14)	natural_variant
P81909	292	ECO:0000269|PubMed:18922763	T -> S (in strain: CN13)	natural_variant
P81909	328	ECO:0000269|PubMed:18922763	S -> A (in strain: LA6)	natural_variant
P81909	329	ECO:0000269|PubMed:18922763	N -> D (in strain: LA6)	natural_variant
P81909	330	ECO:0000269|PubMed:18922763	C -> S (in strain: LA6)	natural_variant
P81909	359	ECO:0000269|PubMed:18922763	T -> I (in strain: LA6)	natural_variant
P81909	375	ECO:0000269|PubMed:18922763	A -> N (in strain: LA6)	natural_variant
P81909	382	ECO:0000269|PubMed:18922763	S -> T (in strain: LA6)	natural_variant
P81909	385	ECO:0000269|PubMed:18922763	T -> A (in strain: NC1b and NC97a)	natural_variant
P81909	386	ECO:0000269|PubMed:18922763	V -> I (in strain: LA6)	natural_variant
P81909	387	ECO:0000269|PubMed:18922763	I -> V (in strain: LA6)	natural_variant
P81909	395	ECO:0000269|PubMed:18922763	R -> K (in strain: LA6)	natural_variant
P81909	59	ECO:0000269|PubMed:18922763	M -> I (in strain: NC1b)	natural_variant
P81909	67	ECO:0000269|PubMed:18922763	I -> M (in strain: MA43 and MA74)	natural_variant
P81909	8	ECO:0000269|PubMed:18922763	H -> Y (in strain: MA74)	natural_variant
P81909	93	ECO:0000269|PubMed:18922763	M -> V (in strain: NC1b and NC97a)	natural_variant
P81910	101	ECO:0000269|PubMed:18922763	Y -> C (in strain: MA45, MA50, MW37, MW6 and MW9)	natural_variant
P81910	102	ECO:0000269|PubMed:18922763	L -> F (in strain: MA45, MA50, MW37, MW6 and MW9)	natural_variant
P81910	111	ECO:0000269|PubMed:18922763	Q -> E (in strain: MA45, MA50, MW37, MW6 and MW9)	natural_variant
P81910	126	ECO:0000269|PubMed:18922763	C -> R (in strain: MA45, MA50, MW37, MW6 and MW9)	natural_variant
P81910	140	ECO:0000269|PubMed:18922763	G -> A (in strain: LA9)	natural_variant
P81910	150	ECO:0000269|PubMed:18922763	A -> L (in strain: MA45, MA50, MW37, MW6 and MW9)	natural_variant
P81910	156	ECO:0000269|PubMed:18922763	I -> F (in strain: MA45, MA50, MW37, MW6 and MW9)	natural_variant
P81910	157	ECO:0000269|PubMed:18922763	S -> T (in strain: MA45, MA50, MW37, MW6 and MW9)	natural_variant
P81910	167	ECO:0000269|PubMed:18922763	I -> V (in strain: MA45, MA50, MW37, MW6 and MW9)	natural_variant
P81910	194	ECO:0000269|PubMed:18922763	R -> M (in strain: LA116, MA13, MA18, MA43, MA45, MA48, MA50, MA7, MA74, MA8, MW25, MW27, MW29, MW3, MW32, MW37, MW44, MW46, MW56, MW6, MW7, MW9, NC21a, NC52a, NC62a, NC73a and NC79b)	natural_variant
P81910	196	ECO:0000269|PubMed:18922763	W -> L (in strain: LA116)	natural_variant
P81910	201	ECO:0000269|PubMed:18922763	D -> A (in strain: NC21a, NC52a, NC62a, NC73a and NC79b)	natural_variant
P81910	213	ECO:0000269|PubMed:18922763	V -> L (in strain: LA116, MA45, MA50, MW37, MW6, MW9, NC52a and NC73a)	natural_variant
P81910	214	ECO:0000269|PubMed:18922763	I -> M (in strain: LA116, MA45, MA50, MW37, MW6 and MW9)	natural_variant
P81910	220	ECO:0000269|PubMed:18922763	T -> S (in strain: LA116, MA45, MA50, MW37, MW6 and MW9)	natural_variant
P81910	235	ECO:0000269|PubMed:18922763	R -> M (in strain: MA45, MA50, MW37, MW6 and MW9)	natural_variant
P81910	245	ECO:0000269|PubMed:18922763	A -> T (in strain: LA116, MA45, MA50, MW37, MW6 and MW9)	natural_variant
P81910	25	ECO:0000269|PubMed:18922763	V -> I (in strain: LA116, MA13, MA18, MA43, MA45, MA48, MA50, MA7, MA74, MA8, MW25, MW27, MW29, MW3, MW32, MW37, MW44, MW46, MW56, MW6, MW7, MW9, NC21a, NC52a, NC62a, NC73a and NC79b)	natural_variant
P81910	256	ECO:0000269|PubMed:18922763	D -> N (in strain: MW44)	natural_variant
P81910	267	ECO:0000269|PubMed:18922763	G -> R (in strain: MA45, MA50, MW37, MW6 and MW9)	natural_variant
P81910	278	ECO:0000269|PubMed:18922763	I -> V (in strain: LA108 and LA120)	natural_variant
P81910	3	ECO:0000269|PubMed:18922763	S -> G (in strain: MA7)	natural_variant
P81910	30	ECO:0000269|PubMed:18922763	V -> L (in strain: NC52a and NC73a)	natural_variant
P81910	309	ECO:0000269|PubMed:18922763	Q -> E (in strain: LA116, LA25, LA4, MA24, MA45, MA50, MW37, MW6 and MW9)	natural_variant
P81910	313	ECO:0000269|PubMed:18922763	F -> S (in strain: NC16a)	natural_variant
P81910	341	ECO:0000269|PubMed:18922763	R -> S (in strain: LA116)	natural_variant
P81910	354	ECO:0000269|PubMed:18922763	L -> I (in strain: NC52a, NC73a and NC79b)	natural_variant
P81910	38	ECO:0000269|PubMed:18922763	V -> E (in strain: NC21a, NC52a, NC62a, NC73a and NC79b)	natural_variant
P81910	387	ECO:0000269|PubMed:18922763	V -> M (in strain: LA9)	natural_variant
P81910	4	ECO:0000269|PubMed:18922763	Q -> K (in strain: LA116, MA18, MA45, MA48, MA50, MA7, MA8, MW25, MW29, MW3, MW32, MW37, MW44, MW46, MW56, MW6, MW7, MW9, NC21a, NC52a, NC62a, NC73a and NC79b)	natural_variant
P81910	45	ECO:0000269|PubMed:18922763	D -> I (in strain: LA116, MA45, MA50, MW37, MW6 and MW9)	natural_variant
P81910	47	ECO:0000269|PubMed:18922763	H -> P (in strain: LA116)	natural_variant
P81910	69	ECO:0000269|PubMed:18922763	V -> A (in strain: MA45, MA50, MW37, MW6 and MW9)	natural_variant
P81910	87	ECO:0000269|PubMed:18922763	I -> L (in strain: LA116)	natural_variant
P81910	88	ECO:0000269|PubMed:18922763	Q -> E (in strain: LA116)	natural_variant
P81910	92	ECO:0000269|PubMed:18922763	N -> D (in strain: NC21a, NC52a, NC62a, NC73a and NC79b)	natural_variant
P81910	93	ECO:0000269|PubMed:18922763	M -> V (in strain: LA116)	natural_variant
P82910	441		Y -> S (in strain: FrV3-1)	natural_variant
P82910	495		K -> T (in strain: QD18)	natural_variant
P82910	593		L -> M (in strain: 122)	natural_variant
P82910	615		Missing (in strain: 122)	natural_variant
P82910	636		P -> R (in strain: QD18)	natural_variant
P82910	69		R -> G (in strain: 3CPA2)	natural_variant
P91645	1029	ECO:0000269|PubMed:9649530	F -> I (in cac-S; exhibits defects in the patterning of courtship lovesong and a subtle abnormality in visual physiology)	natural_variant
P91645	284-1851	ECO:0000269|PubMed:28742085	Missing (in cac-J; lethal at an embryonic stage; loss of synaptic transmission)	natural_variant
P91645	989	ECO:0000269|PubMed:28742085	E -> K (in cac-F; lethal at the larval stage 3; loss of synaptic transmission)	natural_variant
P91926	207		T -> A (in RNA edited version)	natural_variant
P91931	167		T -> S (in strain: Canton-S)	natural_variant
P91931	172		S -> T (in strain: Canton-S)	natural_variant
P91931	346		Y -> N (in strain: Berkeley)	natural_variant
Q00449	697	ECO:0000269|PubMed:2072901	S -> N	natural_variant
Q00449	712	ECO:0000269|PubMed:2072901	D -> N	natural_variant
Q00725	106		P -> A (in strain: Berkeley)	natural_variant
Q00725	119-125		Missing (in strain: Samarkand-pk1)	natural_variant
Q00725	159		T -> A (in strain: Berkeley)	natural_variant
Q00725	177		C -> S (in strain: Berkeley)	natural_variant
Q00725	204-208		HHHNR -> LILPT (in strain: Karsnas)	natural_variant
Q00725	209-297		Missing (in strain: Karsnas)	natural_variant
Q00725	247		P -> S (in strain: Berkeley and Oregon-R(2	natural_variant
Q00725	249		P -> S (in strain: Berkeley, Oregon-R and Oregon-R(2	natural_variant
Q00725	252		S -> SCKPA (in strain: Berkeley, Oregon-R and Oregon-R(2;S -> SRKPS (in strain: Samarkand-pSW9)	natural_variant
Q00725	267		T -> A (in strain: Berkeley, Oregon-R and Oregon-R(2	natural_variant
Q00725	275		A -> V (in strain: Oregon-R)	natural_variant
Q00725	62		T -> A (in strain: Samarkand-pk1)	natural_variant
Q01068	143	ECO:0000269|PubMed:1427040, ECO:0000269|PubMed:15537803	Missing (in strain: NVIII-1, NVIII-18, NVIII-2, NVIII-22, NVIII-24, NVIII-41, NVIII-42, NVIII-46, NVIII-5, NVIII-9, NVIII-m12, NVIII-m15, NVIII-m19 and Oregon-R)	natural_variant
Q01068	151	ECO:0000269|PubMed:15537803	H -> Q (in strain: NVIII-m11)	natural_variant
Q01068	83	ECO:0000269|PubMed:15537803	V -> F (in strain: NVIII-m11)	natural_variant
Q01069	170	ECO:0000269|PubMed:1427040, ECO:0000269|PubMed:15537803	D -> G (in strain: Oregon-R, NVIII-1, NVIII-18, NVIII-2, NVIII-22, NVIII-24, NVIII-28, NVIII-41, NVIII-42, NVIII-46, NVIII-5, NVIII-9, NVIII-m11, NVIII-m12, NVIII-m13, NVIII-m15 and NVIII-m19)	natural_variant
Q01071	121		H -> R (in strain: NVIII-42 and NVIII-18)	natural_variant
Q01071	162		D -> V (in strain: NVIII-m11)	natural_variant
Q01604	388	ECO:0000269|PubMed:17379620	S -> A (in strain: HFL97_3e2)	natural_variant
Q01617	347		A -> V (in strain: DPF; induces a high-diapause phenotype)	natural_variant
Q02910	402		S -> G (in RNA edited version)	natural_variant
Q08180	16	ECO:0000269|PubMed:16322515	M -> I (in strain: Mz10, Mz16 and Mz36);M -> L (in strain: Sn34)	natural_variant
Q0KHU5	175	ECO:0000269|PubMed:17018572	I -> M (in RNA edited version)	natural_variant
Q0KIA2	345	ECO:0000269|PubMed:17018572	S -> G (in RNA edited version)	natural_variant
Q0KIC3	679	ECO:0000269|PubMed:17018572	K -> E (in RNA edited version)	natural_variant
Q23973	113	ECO:0000269|PubMed:18984573	I -> M (in strain: MW11)	natural_variant
Q23973	190	ECO:0000269|PubMed:18984573	S -> T (in strain: NC303 and NC399)	natural_variant
Q23973	89	ECO:0000269|PubMed:18984573	Q -> QQ (in strain: NC335, NC390, NC397 and NC774);Q -> QQQ (in strain: NC336 and MW6)	natural_variant
Q23976	136	ECO:0000269|PubMed:18984573	A -> V (in strain: NC304, NC322, NC359, NC361 and NC399)	natural_variant
Q23976	174	ECO:0000269|PubMed:18984573, ECO:0000269|PubMed:8157678	R -> S (in strain: Canton-S, NC301, NC304, NC319, NC322, NC335, NC350, NC357, NC358, NC359, NC361, NC362, NC375 and NC399)	natural_variant
Q23976	336	ECO:0000269|PubMed:18984573	R -> S (in strain: NC335)	natural_variant
Q23976	48	ECO:0000269|PubMed:18984573	E -> D (in strain: NC304, NC322, NC359, NC361, NC375 and NC399)	natural_variant
Q23976	553	ECO:0000269|PubMed:7809101, ECO:0000269|PubMed:8157678	H -> P (in strain: Canton-S and SB2040)	natural_variant
Q23985	511	ECO:0000269|PubMed:17989248	Q -> L (in strain: ZW141)	natural_variant
Q23985	514	ECO:0000269|PubMed:17989248	Q -> QQ (in strain: ZW122)	natural_variant
Q23997	228	ECO:0000269|PubMed:20150340	V -> L (in strain: ZBMEL229)	natural_variant
Q23997	266	ECO:0000269|PubMed:20150340, ECO:0000269|PubMed:7875581	V -> I (in strain: ZBMEL131, ZBMEL157, ZBMEL186 and ZBMEL191)	natural_variant
Q23997	296	ECO:0000269|PubMed:20150340	N -> S (in strain: ZBMEL131, ZBMEL186, ZBMEL229, ZBMEL377 and ZBMEL398)	natural_variant
Q24020	601	ECO:0000269|PubMed:8582612	G -> S	natural_variant
Q24106	171		P -> S (in allele A22)	natural_variant
Q24106	261		S -> L (in allele A206)	natural_variant
Q24178	236		N -> K (in strain: CPA-46)	natural_variant
Q24178	29		R -> P (in strain: CPA-46)	natural_variant
Q24212	1186		T -> A (in RNA edited version)	natural_variant
Q24324	394		S -> L (in strain: Reids2)	natural_variant
Q24395	19	ECO:0000269|PubMed:12716986	A -> T (in strain: 2CPA51)	natural_variant
Q24395	29	ECO:0000269|PubMed:12716986	H -> R (in strain: 2CPA51)	natural_variant
Q27237	222		N -> I (in strain: Apxo)	natural_variant
Q27237	28		T -> A (in strain: Apxo)	natural_variant
Q27237	286		K -> R (in strain: Oregon-2 and Oregon-R)	natural_variant
Q27237	286-287		Missing (in strain: Apxo)	natural_variant
Q27237	415		A -> D (in strain: Apxo)	natural_variant
Q27237	47-48		Missing (in strain: Oregon-2 and Oregon-R)	natural_variant
Q27237	478		E -> K (in strain: bIf and Berkeley)	natural_variant
Q27237	489		K -> E (in strain: bIf and Berkeley)	natural_variant
Q27333	286	ECO:0000269|PubMed:9373138, ECO:0000269|Ref.2	L -> V (in strain: Oregon-2, Oregon-R and Apxo)	natural_variant
Q27333	311	ECO:0000269|PubMed:9373138, ECO:0000269|Ref.2	T -> I (in strain: Oregon-2 and Oregon-R)	natural_variant
Q27333	333	ECO:0000269|PubMed:9373138, ECO:0000269|Ref.2	A -> T (in strain: Oregon-2 and Oregon-R)	natural_variant
Q27333	338	ECO:0000269|PubMed:9373138, ECO:0000269|Ref.2	E -> Q (in strain: Oregon-2 and Oregon-R)	natural_variant
Q27333	340	ECO:0000269|PubMed:9373138, ECO:0000269|Ref.2	N -> K (in strain: Oregon-2, Oregon-R and Apxo)	natural_variant
Q27333	489	ECO:0000269|PubMed:9373138, ECO:0000269|Ref.2	V -> I (in strain: Oregon-2 and Oregon-R)	natural_variant
Q27575	191		I -> V (in strain: S-23)	natural_variant
Q27575	213		V -> E (in strain: S-23)	natural_variant
Q27575	241		D -> A (in strain: S-23)	natural_variant
Q27575	45		I -> L (in strain: S-23)	natural_variant
Q27589	163		K -> M (in strain: CAM-44, CAM-48 and Berkeley)	natural_variant
Q70PY2	113	ECO:0000269|PubMed:14738318, ECO:0000269|PubMed:17046713	S -> A (in strain: DI7, Loua, Monty5, Tahiti and ZW141)	natural_variant
Q70PY2	36	ECO:0000269|PubMed:14738318	V -> A (in strain: DI7, Loua and S30)	natural_variant
Q70PY2	9	ECO:0000269|PubMed:14738318	F -> L (in strain: DI7, KY038 and Loua)	natural_variant
Q7K4M4	122	ECO:0000269|PubMed:18984573	M -> I (in strain: MW11, MW27, NC301 and NC397)	natural_variant
Q7K4M4	131	ECO:0000269|PubMed:18984573	S -> N (in strain: MW11)	natural_variant
Q7K4M4	155	ECO:0000269|PubMed:18984573	N -> S (in strain: MW11)	natural_variant
Q7K4M4	162	ECO:0000269|PubMed:18984573	R -> C (in strain: MW25, MW38, MW56, MW63, MW9, NC304, NC357 and NC361)	natural_variant
Q7K4M4	211	ECO:0000269|PubMed:18984573	I -> M (in strain: MW6, MW9, MW11, MW25, MW27, MW38, MW56, MW63, NC301, NC304, NC357, NC361, NC390, NC397 and NC732)	natural_variant
Q7K4M4	240	ECO:0000269|PubMed:18984573	T -> S (in strain: MW11)	natural_variant
Q7K4M4	292	ECO:0000269|PubMed:18984573	A -> S (in strain: NC357)	natural_variant
Q7K4M4	346	ECO:0000269|PubMed:18984573	G -> D (in strain: NC397)	natural_variant
Q7K4M4	349	ECO:0000269|PubMed:18984573	D -> N (in strain: NC335)	natural_variant
Q7K4M4	383	ECO:0000269|PubMed:18984573	A -> T (in strain: MW6, MW27, NC301, NC304 and NC397)	natural_variant
Q7K4M4	90	ECO:0000269|PubMed:18984573	G -> E (in strain: NC732 and NC390)	natural_variant
Q7K4M4	97	ECO:0000269|PubMed:18984573	D -> Y (in strain: MW6)	natural_variant
Q7KR04	6		V -> I (in strain: LA79)	natural_variant
Q7KVW5	785		Y -> C (in RNA edited version)	natural_variant
Q7KVY7	107		T -> A (in strain: AF1, AF2, AF3, AF4, K11, K14, K16, K2, K21, K3, K5, K7, ZH1, ZH13, ZH16, ZH19, ZH2, ZH20, ZH21, ZH23, ZH25, ZH29, ZH31 and ZH33)	natural_variant
Q7KVY7	67		T -> S (in strain: AF1, AF2, AF3, AF4, K11, K14, K16, K2, K21, K3, K5, K7, ZH1, ZH13, ZH16, ZH19, ZH2, ZH20, ZH21, ZH23, ZH25, ZH29, ZH31 and ZH33)	natural_variant
Q7KVY7	71	ECO:0000269|PubMed:12351680	D -> V (in strain: ZH20)	natural_variant
Q7KVY7	97	ECO:0000269|PubMed:12351680	Q -> L (in strain: wi3)	natural_variant
Q7KW14	179	ECO:0000269|PubMed:17018572	K -> R (in RNA edited version)	natural_variant
Q86DS1	105	ECO:0000269|PubMed:19333534, ECO:0000269|Ref.5	S -> N (in strain: XCPA69 and XCPA112)	natural_variant
Q86DS1	290	ECO:0000269|PubMed:19333534, ECO:0000269|Ref.5	G -> A (in strain: XCPA4, XCPA7, XCPA25, XCPA51, XCPA77, XCPA93, XCPA102, XCPA105, XCPA122 and XCPA125)	natural_variant
Q8INI8	129		E -> D (in strain: 3CPA86 and 3CPA126)	natural_variant
Q8INI8	138		D -> E (in strain: 3CPA86 and 3CPA126)	natural_variant
Q8INI8	195		F -> L (in strain: QD18)	natural_variant
Q8INI8	2		P -> H (in strain: NFS97)	natural_variant
Q8INI8	241		E -> D (in strain: Z(H)1)	natural_variant
Q8INI8	350		E -> D (in strain: Z(H)1)	natural_variant
Q8INI8	43		D -> E (in strain: 3CPA86 and T32)	natural_variant
Q8INI8	430		S -> A (in strain: Z(H)1)	natural_variant
Q8INI8	516		M -> I (in strain: A28)	natural_variant
Q8INI8	524		A -> V (in strain: A28)	natural_variant
Q8INI8	545		F -> Y (in strain: AUS and Berkeley)	natural_variant
Q8INI8	555		P -> T (in strain: AUS)	natural_variant
Q8INI8	573		E -> D (in strain: A28)	natural_variant
Q8INI8	606		K -> T (in strain: 3CPA126 and QD18)	natural_variant
Q8IQG1	91	ECO:0000269|PubMed:17018572	N -> D (in RNA edited version)	natural_variant
Q8MLZ7	113	ECO:0000269|PubMed:10471707, ECO:0000269|PubMed:10731132, ECO:0000269|PubMed:12537569	N -> Y (in strain: Berkeley)	natural_variant
Q8MLZ7	139	ECO:0000269|PubMed:12242232	L -> F (in strain: MB29b)	natural_variant
Q8MLZ7	14	ECO:0000269|PubMed:12242232	A -> V (in strain: MB01a, MB13a, MB15b and MB46b)	natural_variant
Q8MLZ7	183	ECO:0000269|PubMed:12242232	V -> M (in strain: MB47a)	natural_variant
Q8MLZ7	250	ECO:0000269|PubMed:12242232	R -> H (in strain: MB33a and MB36a)	natural_variant
Q8MLZ7	349	ECO:0000269|PubMed:12242232	S -> T (in strain: MB36a)	natural_variant
Q8MLZ7	351	ECO:0000269|PubMed:12242232, ECO:0000269|PubMed:9847235	S -> T (in strain: MB34a, MB36a, MB45b, MB46b, MB47a and MB58b)	natural_variant
Q8MLZ7	434	ECO:0000269|PubMed:12242232	R -> C (in strain: MB37a)	natural_variant
Q8MLZ7	46	ECO:0000269|PubMed:12242232	M -> I (in strain: MB25a)	natural_variant
Q8MLZ7	47	ECO:0000269|PubMed:12242232	I -> N (in strain: MB25a)	natural_variant
Q8MM24	100		S -> G (in strain: MB01a and MB33a)	natural_variant
Q8MM24	116		V -> I (in strain: MB08b, MB29b, MB36a, MB40b, MB47a, MB48b, MB52b and MB58b)	natural_variant
Q8MM24	186		E -> Q (in strain: MB08b, MB29b, MB40b, MB45b, MB47a, MB48b, MB52b and MB80b)	natural_variant
Q8MM24	305		G -> E (in strain: MB01a, MB08b, MB29b, MB36a, MB45b, MB47a, MB48b and MB52b and MB80b)	natural_variant
Q8MM24	313		I -> V (in strain: MB48b and MB52b)	natural_variant
Q8MM24	399		V -> E (in strain: MB34a and MB39b)	natural_variant
Q8MM24	403		G -> S (in strain: MB08b, MB15b, MB25a, MB29b, MB33a, MB34a, MB36a, MB39b, MB45b, MB46b, MB47a, MB48b, MB52b, MB58b, MB63a and MB80b)	natural_variant
Q8MM24	44		N -> S (in strain: MB13a, MB15b, MB25a, MB34a, MB37a and MB63a)	natural_variant
Q8MM24	8		I -> L (in strain: MB15b and MB25a)	natural_variant
Q8MMF9	10		V -> I (in strain: Canton-S, KY02013G20 and KY02073G20)	natural_variant
Q8MMF9	28		D -> E (in strain: KY02106G9 and MEL6G59)	natural_variant
Q8MMF9	58		T -> I (in strain: Canton-S, KY02010G20, KY02013G20 and KY02073G20)	natural_variant
Q8MMF9	87	ECO:0000269|Ref.2	D -> E (in strain: KY02106G9);D -> N (in strain: Canton-S, KY02010G20, KY02073G20 and KY02013G20)	natural_variant
Q8MMF9	99	ECO:0000269|Ref.2	A -> T (in strain: KY02106G9)	natural_variant
Q8SWR8	381	ECO:0000269|PubMed:17018572	K -> R (in RNA edited version)	natural_variant
Q8SWR8	398	ECO:0000269|PubMed:17018572	K -> R (in RNA edited version)	natural_variant
Q8SXY6	106	ECO:0000269|PubMed:16951084, ECO:0000269|PubMed:19126864	I -> V (in strain: MEL11, MEL12, ZBMEL82, ZBMEL131, ZBMEL186, ZBMEL191 and ZBMEL229)	natural_variant
Q8SXY6	14	ECO:0000269|PubMed:16951084	C -> S (in strain: ZBMEL131)	natural_variant
Q8SXY6	60	ECO:0000269|PubMed:19126864	I -> V (in strain: MEL18 and MEL20)	natural_variant
Q8SXY6	95	ECO:0000269|PubMed:16951084	I -> T (in strain: ZBMEL82)	natural_variant
Q8T390	129	ECO:0000269|PubMed:11955450, ECO:0000269|PubMed:17018572	K -> R (in RNA edited version)	natural_variant
Q8T390	137	ECO:0000269|PubMed:17018572	K -> E (in RNA edited version)	natural_variant
Q8T626	1069		K -> R (in strain: Oregon-R)	natural_variant
Q8T626	1146		A -> G (in strain: Oregon-R)	natural_variant
Q8T626	1167		A -> T (in strain: Oregon-R)	natural_variant
Q8T626	1209		A -> D (in strain: 2b)	natural_variant
Q8T626	136		P -> T (in strain: Oregon-R)	natural_variant
Q8T626	209		A -> V (in strain: Oregon-R)	natural_variant
Q8T626	358		Y -> C (in strain: Oregon-R)	natural_variant
Q8T626	411		V -> I (in strain: 2b)	natural_variant
Q8T626	418		H -> Y (in strain: 2b)	natural_variant
Q8T626	425		S -> L (in strain: 2b and Oregon-R)	natural_variant
Q8T626	734		P -> T (in strain: Oregon-R)	natural_variant
Q8T626	958		S -> A (in strain: Oregon-R)	natural_variant
Q94527	110	ECO:0000269|PubMed:10757765	F -> L (in strain: Zim3)	natural_variant
Q94527	699	ECO:0000269|PubMed:10757765	T -> I (in strain: Zim8)	natural_variant
Q94527	82	ECO:0000269|PubMed:10757765	N -> S (in strain: Zim2)	natural_variant
Q94527	845	ECO:0000269|PubMed:10757765	E -> G (in strain: Zim1)	natural_variant
Q94527	862	ECO:0000269|PubMed:10757765	S -> N (in strain: Zim8)	natural_variant
Q94529	176-177		FE -> VQ (in strain: Canton-S)	natural_variant
Q94900	241	ECO:0000269|PubMed:10966106, ECO:0000269|PubMed:9886055	K -> R (in RNA edited version)	natural_variant
Q94900	27	ECO:0000269|PubMed:10966106, ECO:0000269|PubMed:9886055	I -> V (in RNA edited version)	natural_variant
Q94900	299	ECO:0000269|PubMed:11095718, ECO:0000269|PubMed:9886055	P -> S (resistant to nodulisporic acid)	natural_variant
Q94900	345	ECO:0000269|PubMed:10966106, ECO:0000269|PubMed:9886055	S -> N (in RNA edited version)	natural_variant
Q94900	63	ECO:0000269|PubMed:10966106	I -> V (in RNA edited version)	natural_variant
Q94900	66	ECO:0000269|PubMed:10966106	I -> V (in RNA edited version)	natural_variant
Q95078	530	ECO:0000269|PubMed:17322555	H -> Y (in strain: CN15X)	natural_variant
Q95NH6	165	ECO:0000305	G -> E (in strain: Berkeley)	natural_variant
Q95NH6	27-45	ECO:0000305	Missing (in strain: Berkeley)	natural_variant
Q95RV2	144	ECO:0000269|PubMed:9275195	S -> T (in strain: Canton-S)	natural_variant
Q95RV2	149	ECO:0000269|PubMed:9275195	W -> C (in strain: Canton-S)	natural_variant
Q95RV2	154	ECO:0000269|PubMed:10581279, ECO:0000269|PubMed:9275195	S -> T (in strain: Australia 2, Kenya 38, Kenya 43, Peru and USA 3)	natural_variant
Q95RV2	198	ECO:0000269|PubMed:9275195	M -> I (in strain: Australia 5)	natural_variant
Q95RV2	236	ECO:0000269|PubMed:9275195	N -> Y (in strain: Japan)	natural_variant
Q95RV2	27	ECO:0000269|PubMed:18984573	K -> N (in strain: NC350 and NC358)	natural_variant
Q95RV2	273	ECO:0000269|PubMed:9275195	Y -> F (in strain: Australia 5 and USA 1)	natural_variant
Q9BIR7	135		S -> G (in strain: 3CPA2)	natural_variant
Q9BIR7	187		K -> N (in strain: 3CPA2)	natural_variant
Q9BIR7	210		D -> Y (in strain: AUS)	natural_variant
Q9BIR7	330		H -> N (in strain: 3CPA43 and 3CPA81)	natural_variant
Q9BIR7	342		P -> S (in strain: 3CPA43)	natural_variant
Q9BIR7	45		E -> A (in strain: 3CPA81)	natural_variant
Q9BIR7	458		D -> Y (in strain: 3CPA43 and 3CPA81)	natural_variant
Q9BIR7	475		T -> I (in strain: B28)	natural_variant
Q9BIR7	601		S -> P (in strain: 3CPA126)	natural_variant
Q9BIR7	634		G -> R (in strain: AUS)	natural_variant
Q9BIR7	74		K -> R (in strain: 3CPA2)	natural_variant
Q9BIR7	93		S -> I (in strain: FrV3-1)	natural_variant
Q9BIS2	187		K -> N (in strain: IS2, IS3, IS4, IS5, IS25 and QD18)	natural_variant
Q9BIS2	195		F -> L (in strain: ZZ30)	natural_variant
Q9BIS2	241		E -> D (in strain: Z(H)1)	natural_variant
Q9BIS2	350		E -> D (in strain: Z(H)1)	natural_variant
Q9BIS2	43		D -> E (in strain: 3CPA86)	natural_variant
Q9BIS2	430		S -> A (in strain: Z(H)1)	natural_variant
Q9BIS2	437		S -> P (in strain: IS4 and IS5)	natural_variant
Q9BIS2	516		M -> I (in strain: B28)	natural_variant
Q9BIS2	524		A -> V (in strain: B28)	natural_variant
Q9BIS2	544		V -> I (in strain: Z(S)24 and Z(S)49)	natural_variant
Q9BIS2	60		P -> S (in strain: FrV3-1)	natural_variant
Q9BIS2	606		K -> T (in strain: 3CPA126)	natural_variant
Q9BIS2	607		M -> V (in strain: Z(S)30A)	natural_variant
Q9BIS2	67		A -> P (in Z(S)29)	natural_variant
Q9BIS2	71		I -> T (in Z(S)2)	natural_variant
Q9GQF1	983		S -> G (in RNA edited version)	natural_variant
Q9NDM2	12		F -> I (in strain: HG84, Singapore and w cv)	natural_variant
Q9NDM2	348		L -> M (in strain: Shanghai and Tananarive)	natural_variant
Q9NDM2	7		M -> MDMGMGM (in strain: HG84, Singapore and w cv)	natural_variant
Q9NDM2	95-100		Missing (in strain: Shanghai)	natural_variant
Q9NFT7	167	ECO:0000269|PubMed:11063694	A -> P (in strain: DPF96e3_23.1, DPF96e3_3.0, DPF96e3_4.2, DPF96e3_74.2, DPF96e3_84.3, HFL97e3_12, HFL97e3_13, HFL97e3_15, HFL97e3_16, HFL97e3_8, SC96e3_12.3, SC96e3_19.4, VT97e3_1, VT97e3_39, VT97e3_41, ZIM(H)e3_38.4, ZIM(H)e3_39, ZIM(S)e3_24 and ZIM(S)e3_35)	natural_variant
Q9NFT7	194	ECO:0000269|PubMed:11063694	S -> N (in strain: HFL97e3_15)	natural_variant
Q9NFT7	252	ECO:0000269|PubMed:11063694	S -> T (in strain: ZIM(S)e3_24)	natural_variant
Q9NFT7	380	ECO:0000269|PubMed:11063694	S -> N (in strain: SC96e3_12.3 and ZIM(S)e3_35)	natural_variant
Q9NFT7	484	ECO:0000269|PubMed:11063694	S -> N (in strain: DPF96e3_23.1, SC96e3_12.3, HFL97e3_8, HFL97e3_12, HFL97e3_16, ZIM(S)e3_24 and ZIM(S)e3_35)	natural_variant
Q9NFT7	486	ECO:0000269|PubMed:11063694	L -> I (in strain: DPF96e3_23.1, SC96e3_12.3, HFL97e3_8, HFL97e3_12, HFL97e3_16 and ZIM(S)e3_24)	natural_variant
Q9NFT9	243	ECO:0000269|PubMed:11063694	Y -> F (in strain: DPF96e3_3.0, DPF96e3_4.2, DPF96e3_23.1, DPF96e3_74.2, VT97e3_41, SC96e3_12.3, HFL97e3_8, HFL97e3_12, HFL97e3_15, ZIM(S)e3_24 and ZIM(S)e3_35)	natural_variant
Q9NFT9	33	ECO:0000269|PubMed:11063694	N -> H (in strain: HFL97e3_12 and ZIM(S)e3_24)	natural_variant
Q9NHA8	142		P -> T (in strain: Netherlands line N02 and Netherlands line N30)	natural_variant
Q9NHA8	16		L -> Q (in strain: Netherlands line N22)	natural_variant
Q9NHA8	213		P -> L (in strain: Netherlands line N02, Netherlands line N07, Netherlands line N17 and Netherlands line N30)	natural_variant
Q9NHA8	292		A -> V (in strain: Netherlands line N02 and Netherlands line N30)	natural_variant
Q9NHA8	399		K -> I (in strain: Netherlands line N22)	natural_variant
Q9NHA8	404		E -> G (in strain: Netherlands line N02 and Netherlands line N30)	natural_variant
Q9NHA8	408		A -> G (in strain: Netherlands line N22)	natural_variant
Q9NHA8	479		H -> N (in strain: Netherlands line N22)	natural_variant
Q9NII1	437	ECO:0000269|PubMed:10917596	S -> G (in RNA edited version)	natural_variant
Q9U1K1	734	ECO:0000269|PubMed:17018572	K -> R (in RNA edited version)	natural_variant
Q9U6A0	365		K -> R (in RNA edited version)	natural_variant
Q9V3B4	135	ECO:0000269|PubMed:17465907	T -> P (in strain: G02, G125, G130 and G140)	natural_variant
Q9V3B4	143	ECO:0000269|PubMed:17465907	P -> T (in strain: G02, G130 and G140)	natural_variant
Q9V3B4	149	ECO:0000269|PubMed:17465907	H -> Q (in strain: G125)	natural_variant
Q9V3B4	71	ECO:0000269|PubMed:17465907	I -> M (in strain: G130 and G140)	natural_variant
Q9V3B4	87	ECO:0000269|PubMed:17465907	K -> P (in strain: G125, G130 and G140)	natural_variant
Q9V3C0	241		E -> K (in allele 14B; temperature sensitive)	natural_variant
Q9V3C0	431		V -> M (in allele 33B; temperature sensitive)	natural_variant
Q9V3R1	148	ECO:0000305	N -> S (in strain: WSII16)	natural_variant
Q9V3R1	190	ECO:0000305	A -> V (in strain: WSII16)	natural_variant
Q9V3R1	198	ECO:0000305	T -> S (in strain: SENGWA2, SENGWA22, SENGWA29, SENGWA32, SENGWA37, SENGWA51, WSII19 and WSII49)	natural_variant
Q9V3R1	223	ECO:0000305	Missing (in strain: SENGWA22)	natural_variant
Q9V3R1	231	ECO:0000305	E -> G (in strain: WSII6)	natural_variant
Q9V3R1	253	ECO:0000305	Q -> QSQ (in strain: SENGWA2, SENGWA29, SENGWA32, SENGWA51, WSII19 and WSII49)	natural_variant
Q9V3R1	307	ECO:0000305	E -> G (in strain: WSII6)	natural_variant
Q9V3R1	316	ECO:0000305	I -> F (in strain: WSII16)	natural_variant
Q9V3R1	325	ECO:0000305	K -> T (in strain: SENGWA37)	natural_variant
Q9V3R1	335	ECO:0000305	S -> P (in strain: SENGWA30)	natural_variant
Q9V3R1	352	ECO:0000305	Q -> QLLREAQQK (in strain: SENGWA2, SENGWA22, SENGWA29, SENGWA30, SENGWA32, SENGWA37, SENGWA51, WSII16, WSII19 and WSII49)	natural_variant
Q9V3R1	385	ECO:0000305	F -> HQN (in strain: WSII1)	natural_variant
Q9V3R1	430	ECO:0000305	V -> I (in strain: WSII16)	natural_variant
Q9V3R1	464		L -> F (in strain: Canton-S, SENGWA2, SENGWA22, SENGWA29, SENGWA32 and SENGWA51)	natural_variant
Q9V3R1	496	ECO:0000305	E -> G (in strain: WSII6)	natural_variant
Q9V3R1	507	ECO:0000305	L -> V (in strain: SENGWA22, SENGWA29, SENGWA37 and SENGWA51)	natural_variant
Q9V3R1	575	ECO:0000305	L -> Q (in strain: WSII16)	natural_variant
Q9V3R1	601	ECO:0000305	S -> I (in strain: WSII26 and WSII49)	natural_variant
Q9V3R1	613	ECO:0000305	E -> K (in strain: SENGWA30)	natural_variant
Q9V3R1	650	ECO:0000305	P -> A (in strain: SENGWA22, SENGWA30 and WSII16)	natural_variant
Q9V3R1	666	ECO:0000305	L -> V (in strain: SENGWA29, SENGWA30, SENGWA37 and SENGWA51)	natural_variant
Q9V3R1	670	ECO:0000305	G -> E (in strain: SENGWA29, SENGWA30, SENGWA37 and SENGWA51)	natural_variant
Q9V3R1	758	ECO:0000305	T -> A (in strain: SENGWA37 and SENGWA51)	natural_variant
Q9V3R1	782-786	ECO:0000305	Missing (in strain: SENGWA37 and SENGWA51)	natural_variant
Q9V3R1	830	ECO:0000305	Q -> E (in strain: WSII26)	natural_variant
Q9V3R1	844	ECO:0000305	Q -> R (in strain: WSII16)	natural_variant
Q9V496	1696	ECO:0000269|PubMed:11778050	S -> Y (in strain: 253.30)	natural_variant
Q9V4X2	171		N -> H (in strain: ZW141)	natural_variant
Q9V4X2	24		I -> V (in strain: DI7, Draveil, KY024, KY038, Loua, Monty5 and ZW141)	natural_variant
Q9V4X2	7		I -> V (in strain: DI7, Draveil, KY024, KY038, Loua, Monty5, Tahiti and ZW141)	natural_variant
Q9V4X2	72		A -> T (in strain: KY024, KY038 and ZW141)	natural_variant
Q9V674	123	ECO:0000269|PubMed:17134855	F -> V (in strain: Wisconsin)	natural_variant
Q9V674	316	ECO:0000269|PubMed:16783023, ECO:0000269|PubMed:17134855	T -> S (in strain: Riv04, Riv14, Riv16, Riv17, Riv18, Riv35, Riv59 and Wisconsin)	natural_variant
Q9V6Q2	113-114		AA -> TS (in strain: Tai 255.1)	natural_variant
Q9V751	108	ECO:0000269|PubMed:11606542	A -> D (in strain: 2CPA-7)	natural_variant
Q9V751	138	ECO:0000269|PubMed:11606542	Q -> P (in strain: 2CPA-122)	natural_variant
Q9V751	154	ECO:0000269|PubMed:11606542	G -> A (in strain: 2CPA-1, 2CPA-7, 2CPA-12, 2CPA-14, 2CPA-43, 2CPA-46, 2CPA-51, 2CPA-103, 2CPA-105, 2CPA-118 and 2CPA-122)	natural_variant
Q9V8Y2	120	ECO:0000269|PubMed:17720903	T -> S (in strain: 907A)	natural_variant
Q9V8Y2	15	ECO:0000269|PubMed:17720903	T -> A (in strain: 304A, 319A, 375A, 773A, 774A, 813A, 852A and 859A)	natural_variant
Q9V8Y2	88	ECO:0000269|PubMed:17720903	V -> M (in strain: 301A, 306A, 313A, 315A, 318A, 322A, 324A, 332A, 357A, 390A, 399A, 732A, 735A, 736A, 737A, 797A, 799A, 808A, 820A, 822A, 838A and 868A)	natural_variant
Q9V8Y9	115	ECO:0000269|PubMed:17720903	D -> H (in strain: 307A, 318A, 390A, 705A, 707A, 732A, 736A, 797A and 868A)	natural_variant
Q9V8Y9	126	ECO:0000269|PubMed:17720903	E -> D (in strain: 705A, 740A and 907A)	natural_variant
Q9V8Y9	127-128	ECO:0000269|PubMed:17720903	HK -> Q (in strain: 740A)	natural_variant
Q9V8Y9	13	ECO:0000269|PubMed:17720903	F -> L (in strain: 357A, 774A and 786A)	natural_variant
Q9V8Y9	22	ECO:0000269|PubMed:17720903	D -> G (in strain: 868A)	natural_variant
Q9V8Y9	39	ECO:0000269|PubMed:17720903	A -> D (in strain: 315A, 765A, 822A and 832A)	natural_variant
Q9V8Y9	44	ECO:0000269|PubMed:17720903	F -> L (in strain: 318A, 319A, 399A and 732A)	natural_variant
Q9V8Y9	54	ECO:0000269|PubMed:17720903	K -> T (in strain: 306A, 313A, 358A, 359A, 390A, 773A, 813A and 868A)	natural_variant
Q9V8Y9	7	ECO:0000269|PubMed:17720903	C -> G (in strain: 357A, 774A and 786A)	natural_variant
Q9V8Y9	72	ECO:0000269|PubMed:17720903	T -> I (in strain: 774A and 786A)	natural_variant
Q9V8Y9	79	ECO:0000269|PubMed:17720903	Q -> H (in strain: 774A and 786A)	natural_variant
Q9V8Y9	92	ECO:0000269|PubMed:17720903	K -> T (in strain: 313A, 737A, 820A and 907A)	natural_variant
Q9V938	121	ECO:0000269|Ref.1	D -> N (in strain: KY02106G9)	natural_variant
Q9V938	129	ECO:0000269|Ref.1	Y -> N (in strain: KY02106G9, MEL6G59 and KSA2)	natural_variant
Q9VAI6	117	ECO:0000269|PubMed:17720903	T -> S (in strain: 10A, 336A, 338A, 581A, 663A, 786A and 911A)	natural_variant
Q9VAI6	13	ECO:0000269|PubMed:17720903	F -> L (in strain: 386A and 387A)	natural_variant
Q9VAI6	140	ECO:0000269|PubMed:17720903	L -> R (in strain: 788A)	natural_variant
Q9VAI6	19	ECO:0000269|PubMed:17720903	H -> P (in strain: 405A)	natural_variant
Q9VAI6	38	ECO:0000269|PubMed:17720903	T -> A (in strain: 509A)	natural_variant
Q9VAI6	82	ECO:0000269|PubMed:17720903	E -> D (in strain: 10A, 100A, 101A, 149A, 158A, 189A, 195A, 223A, 233A, 237A, 28A, 303A, 312A, 319A, 324A, 325A, 32A, 335A, 340A, 348A, 350A, 352A, 356A, 358A, 359A, 360A, 362A, 365A, 367A, 371A, 380A, 383A, 386A, 387A, 390A, 393A, 398A, 40A, 405A, 41A, 443A, 486A, 514A, 517A, 528A, 554A, 59A, 627A, 639A, 672A, 703A, 707A, 712A, 730A, 739A, 761A, 762A, 767A, 770A, 786A, 788A, 793A, 804A, 820A, 833A, 834A, 836A, 849A, 850A, 851A, 852A, 853A and 855A)	natural_variant
Q9VAJ4	139	ECO:0000269|PubMed:17720903	A -> G (in strain: 40A, 822A and 832A)	natural_variant
Q9VAJ4	49	ECO:0000269|PubMed:17720903	K -> R (in strain: 88A, 195A, 217A, 223A, 233A, 256A, 360A, 380A, 482A, 554A, 639A, 716A, 790A, 820A and 855A)	natural_variant
Q9VDG2	229	ECO:0000269|PubMed:17018572	I -> V (in RNA edited version)	natural_variant
Q9VDG2	230	ECO:0000269|PubMed:17018572	E -> G (in RNA edited version)	natural_variant
Q9VDG2	233	ECO:0000269|PubMed:17018572	K -> E (in RNA edited version)	natural_variant
Q9VDG2	254	ECO:0000269|PubMed:17018572	E -> G (in RNA edited version)	natural_variant
Q9VDG2	265	ECO:0000269|PubMed:17018572	K -> R (in RNA edited version)	natural_variant
Q9VE00	208	ECO:0000269|PubMed:16076534	I -> V (in strain: Subline 5)	natural_variant
Q9VE00	252	ECO:0000269|PubMed:16076534	I -> T (in strain: Subline 5 and Subline 7)	natural_variant
Q9VE00	289	ECO:0000269|PubMed:16076534	E -> G (in strain: Subline 5)	natural_variant
Q9VE00	295	ECO:0000269|PubMed:16076534	D -> G (in strain: Subline 8)	natural_variant
Q9VE00	417	ECO:0000269|PubMed:16076534	V -> A (in strain: Subline 8)	natural_variant
Q9VE00	499	ECO:0000269|PubMed:16076534	L -> P (in strain: Subline 7)	natural_variant
Q9VF30	118	ECO:0000269|PubMed:14676427	Y -> H	natural_variant
Q9VF30	422	ECO:0000269|PubMed:14676427	V -> A	natural_variant
Q9VGH7	249	ECO:0000269|PubMed:17018572	K -> R (in RNA edited version)	natural_variant
Q9VGH7	276	ECO:0000269|PubMed:17018572	T -> A (in RNA edited version)	natural_variant
Q9VGH7	285	ECO:0000269|PubMed:17018572	K -> R (in RNA edited version)	natural_variant
Q9VGH7	286	ECO:0000269|PubMed:17018572	E -> G (in RNA edited version)	natural_variant
Q9VKD7	2		L -> V (in strain: MEL20, ZBMEL131, ZBMEL186, ZBMEL384 and ZBMEL398)	natural_variant
Q9VKD7	225		D -> E (in strain: =MEL01, MEL02, MEL11, MEL12, MEL14, MEL15, MEL16, MEL17, MEL18, MEL19, MEL20, ZBMEL82, ZBMEL95, ZBMEL131, ZBMEL145, ZBMEL157, ZBMEL186, ZBMEL191, ZBMEL229, ZBMEL377, ZBMEL384 and ZBMEL398)	natural_variant
Q9VKD7	252		L -> V (in strain: ZBMEL191, ZBMEL229, ZBMEL377 and ZBMEL384)	natural_variant
Q9VKJ3	127	ECO:0000269|PubMed:19197064	P -> L (in strain: s82)	natural_variant
Q9VKJ3	137	ECO:0000269|PubMed:19197064	A -> S (in strain: s131)	natural_variant
Q9VKJ3	1408	ECO:0000269|PubMed:19197064	Q -> E (in strain: s191)	natural_variant
Q9VKJ3	165	ECO:0000269|PubMed:19197064	T -> A (in strain: s95)	natural_variant
Q9VKJ3	202	ECO:0000269|PubMed:19197064	K -> Q (in strain: s95)	natural_variant
Q9VKJ3	204	ECO:0000269|PubMed:19197064	S -> A (in strain: s81, s95, s125, s131 and s196)	natural_variant
Q9VKJ3	281	ECO:0000269|PubMed:19197064	T -> A (in strain: s81 and s196)	natural_variant
Q9VKJ3	57	ECO:0000269|PubMed:19197064	N -> K (in strain: s81 and s196)	natural_variant
Q9VKJ3	730	ECO:0000269|PubMed:19197064	T -> I (in strain: s189)	natural_variant
Q9VKJ3	86	ECO:0000269|PubMed:19197064	Q -> L (in strain: s82 and s84)	natural_variant
Q9VLP9	125		R -> H (in strain: MEL01, MEL02, MEL12, MEL13, MEL14, MEL15, MEL16, MEL17, MEL18, MEL19, MEL20, ZBMEL84, ZBMEL95, ZBMEL131, ZBMEL157, ZBMEL191, ZBMEL377 and ZBMEL398)	natural_variant
Q9VLP9	239		P -> R (in strain: ZBMEL186)	natural_variant
Q9VLP9	9		L -> P (in strain: ZBMEL95 and ZBMEL157)	natural_variant
Q9VLP9	96		A -> V (in strain: MEL11, ZBMEL145, ZBMEL131, ZBMEL229 and ZBMEL384)	natural_variant
Q9VMD6	245		Q -> R (in RNA edited version)	natural_variant
Q9VN12	516	ECO:0000269|PubMed:17018572	S -> G (in RNA edited version)	natural_variant
Q9VN45	325	ECO:0000269|PubMed:17018572	I -> V (in RNA edited version)	natural_variant
Q9VNB5	143	ECO:0000269|PubMed:15339651	T -> I (in strain: Oregon-R)	natural_variant
Q9VNH1	16		A -> P (in strain: ZBMEL377)	natural_variant
Q9VNH1	298		T -> K (in strain: ZBMEL84, ZBMEL95, ZBMEL131 and ZBMEL157)	natural_variant
Q9VP48	365	ECO:0000269|PubMed:17018572	K -> R (in RNA edited version)	natural_variant
Q9VR59	1093		Q -> R (in RNA edited version)	natural_variant
Q9VR59	1117		S -> G (in RNA edited version)	natural_variant
Q9VR59	1121		Q -> R (in RNA edited version)	natural_variant
Q9VS97	183		S -> F (in strain: Loua, Monty5, P. bourg, Tahiti, Texas and S30)	natural_variant
Q9VS97	41		E -> V (in strain: DI7, Draveil, Loua, Monty5, Tahiti, Texas, S30 and ZW141)	natural_variant
Q9VS97	62		T -> A (in strain: DI7, Draveil, Loua, Monty5, Tahiti, Texas, S30 and ZW141)	natural_variant
Q9VS97	68		Q -> R (in strain: DI7, Draveil, Loua, Monty5, Tahiti, Texas, S30 and ZW141)	natural_variant
Q9VUQ5	714	ECO:0000269|PubMed:16546082	S -> R (in strain: 186)	natural_variant
Q9VUQ5	740	ECO:0000269|PubMed:16546082	S -> P (in strain: 130)	natural_variant
Q9VUQ5	783	ECO:0000269|PubMed:12537569, ECO:0000269|PubMed:16546082	S -> N (in strain: 138, 140 and 196)	natural_variant
Q9VUQ5	835	ECO:0000269|PubMed:12537569, ECO:0000269|PubMed:16546082	T -> A (in strain: 128, 130, 138, 140, 141, 186, 187 and 196)	natural_variant
Q9VUQ5	854	ECO:0000269|PubMed:12537569, ECO:0000269|PubMed:16546082	S -> T (in strain: 128, 130, 138, 140, 141, 186, 187 and 196)	natural_variant
Q9VUQ5	866	ECO:0000269|PubMed:16546082	D -> E (in strain: 128, 130, 141, 186 and 187)	natural_variant
Q9VUY9	109	ECO:0000269|PubMed:11102370	G -> A (in strain: B4039)	natural_variant
Q9VUY9	17	ECO:0000269|PubMed:11290720	K -> Q	natural_variant
Q9VUY9	197	ECO:0000269|PubMed:11102370, ECO:0000269|PubMed:11290720	E -> K (in strain: dpf95_56.1)	natural_variant
Q9VUY9	235	ECO:0000269|PubMed:11102370, ECO:0000269|PubMed:11290720	E -> K (in strain: dpf95_13.0)	natural_variant
Q9VUY9	240	ECO:0000269|PubMed:11102370, ECO:0000269|PubMed:11290720, ECO:0000269|PubMed:11560897, ECO:0000269|PubMed:12049662	R -> L (in strain: dpf95_38.3 and dpf95_4.2)	natural_variant
Q9VUY9	245	ECO:0000269|PubMed:11102370, ECO:0000269|PubMed:11290720, ECO:0000269|PubMed:11560897, ECO:0000269|PubMed:12049662	E -> D (in strain: dpf95_38.3 and dpf95_4.2)	natural_variant
Q9VUY9	28	ECO:0000269|PubMed:11290720	K -> N	natural_variant
Q9VUY9	338	ECO:0000269|PubMed:11102370, ECO:0000269|PubMed:11290720	A -> S (in strain: dpf95_36.4)	natural_variant
Q9VUY9	341	ECO:0000269|PubMed:11102370, ECO:0000269|PubMed:11290720, ECO:0000269|PubMed:11560897	V -> M (in strain: B4039, dpf95_77.4 and dpf95_90.2)	natural_variant
Q9VUY9	346	ECO:0000269|PubMed:11102370, ECO:0000269|PubMed:11290720	R -> K (in strain: dpf95_90.2, hfl97_1.0, hfl97_13.0, hfl97_15.0, hfl97_50.0, md90_709.1, zim_36H and zim_39H)	natural_variant
Q9VUY9	351	ECO:0000269|PubMed:11290720	E -> K	natural_variant
Q9VUY9	36	ECO:0000269|PubMed:11290720, ECO:0000269|PubMed:11560897	T -> M	natural_variant
Q9VUY9	465	ECO:0000269|PubMed:11102370, ECO:0000269|PubMed:11290720, ECO:0000269|PubMed:11560897	T -> S (in strain: dpf95_29.3)	natural_variant
Q9VUY9	484	ECO:0000269|PubMed:11102370, ECO:0000269|PubMed:11290720, ECO:0000269|PubMed:11560897	V -> L (in strain: dpf95_38.3, dpf95_4.2, dpf95_44.3, dpf95_48.2, dpf95_53.1, dpf95_56.1, dpf95_85.1, hfl97_1.0, hfl97_13.0, hfl97_15.0, hfl97_50.0, hfl97_93.0, md90_709.1, zim_11S, zim_23H, zim_35S, zim_36H, zim_38H, zim_39H, zim_44H, zim_48S and zim_49S)	natural_variant
Q9VUY9	50	ECO:0000269|PubMed:11102370	A -> V (in strain: zim_38H)	natural_variant
Q9VUY9	52	ECO:0000269|PubMed:11102370, ECO:0000269|PubMed:11560897	A -> I (in strain: zim_36H);A -> V (in strain: dpf95_48.2, dpf95_100.3 and hfl97_93.0)	natural_variant
Q9VUY9	530	ECO:0000269|PubMed:11102370, ECO:0000269|PubMed:11290720, ECO:0000269|PubMed:11560897	A -> T (in strain: dpf95_44.3, dpf95_53.1 and dpf95_85.1)	natural_variant
Q9VUY9	540	ECO:0000269|PubMed:11102370	I -> F (in strain: zim_48S)	natural_variant
Q9VUY9	6	ECO:0000269|PubMed:12049662	E -> G	natural_variant
Q9VUY9	64	ECO:0000269|PubMed:11102370	F -> Y (in strain: zim_36H)	natural_variant
Q9VUY9	9	ECO:0000269|PubMed:11102370, ECO:0000269|PubMed:11290720, ECO:0000269|PubMed:11560897, ECO:0000269|PubMed:12049662	A -> T (in strain: dpf95_94.1 and zim_26H)	natural_variant
Q9VV96	15		A -> V (in strain: ZW141)	natural_variant
Q9VV96	152		V -> L (in strain: Draveil, Loua, Monty5, P.bourg, Tahiti, Texas and ZW141)	natural_variant
Q9VV96	51		T -> A (in strain: Loua)	natural_variant
Q9VV96	62		L -> S (in strain: ZW141)	natural_variant
Q9VVN4	109	ECO:0000269|PubMed:18984573	P -> H (in strain: MW38)	natural_variant
Q9VVN4	132	ECO:0000269|PubMed:18984573	M -> L (in strain: MW38)	natural_variant
Q9VVN4	141	ECO:0000269|PubMed:18984573	E -> V (in strain: MW27)	natural_variant
Q9VVN4	144	ECO:0000269|PubMed:18984573	T -> P (in strain: MW11, MW27, MW38, MW56, MW6, MW63, MW9, NC301, NC322, NC335, NC336, NC350, NC357, NC362, NC390, NC397, NC397, NC732, NC740 and NC774)	natural_variant
Q9VVN4	151	ECO:0000269|PubMed:18984573	T -> I (in strain: NC358)	natural_variant
Q9VVN4	173	ECO:0000269|PubMed:18984573	Q -> H (in strain: MW9 and NC350)	natural_variant
Q9VVN4	244	ECO:0000269|PubMed:18984573	D -> N (in strain: NC350)	natural_variant
Q9VVN4	28	ECO:0000269|PubMed:18984573	A -> T (in strain: MW56, NC335, NC336, NC362, NC740 and NC774)	natural_variant
Q9VVN4	284	ECO:0000269|PubMed:18984573	M -> I (in strain: MW11, MW27, MW6 and MW63)	natural_variant
Q9VVN4	320-322	ECO:0000269|PubMed:18984573	TDN -> I (in NC319, NC335 and NC399)	natural_variant
Q9VVN4	333	ECO:0000269|PubMed:18984573	D -> E (in strain: MW38, MW9, NC319, NC335, NC336, NC359, NC362 and NC399)	natural_variant
Q9VVN4	341	ECO:0000269|PubMed:18984573	H -> N (in strain: MW38, MW9, NC319, NC335, NC336, NC359, NC362 and NC399)	natural_variant
Q9VVN4	357	ECO:0000269|PubMed:18984573	Q -> L (in strain: NC304)	natural_variant
Q9VVN4	382	ECO:0000269|PubMed:18984573	A -> D (in strain: MW56)	natural_variant
Q9VVN4	408	ECO:0000269|PubMed:18984573	V -> A (in strain: NC359 and NC740)	natural_variant
Q9VVN4	409	ECO:0000269|PubMed:18984573	H -> Q (in strain: MW56)	natural_variant
Q9VVN4	499	ECO:0000269|PubMed:18984573	L -> I (in strain: MW63 and NC306)	natural_variant
Q9VVN4	549	ECO:0000269|PubMed:18984573	P -> H (in strain: MW27)	natural_variant
Q9VVN4	647	ECO:0000269|PubMed:18984573	F -> Y (in strain: MW11, MW27, MW38, MW6, MW9, NC303, NC304, NC306, NC322, NC335, NC336, NC350, NC390, NC397, NC732, NC740 and NC774)	natural_variant
Q9VVN4	657-658	ECO:0000269|PubMed:18984573	Missing (in strain: MW9)	natural_variant
Q9VVN4	664	ECO:0000269|PubMed:18984573	A -> S (in strain: NC304, NC335, NC350, NC397, NC732 and MW9)	natural_variant
Q9VVN4	668-669	ECO:0000269|PubMed:18984573	Missing (in strain: MW11, MW27, MW6, MW9 and NC774)	natural_variant
Q9VVN4	713	ECO:0000269|PubMed:18984573	G -> S (in strain: MW9)	natural_variant
Q9VVN4	773	ECO:0000269|PubMed:18984573	L -> S (in strain: NC303, NC319 and NC361)	natural_variant
Q9VVN4	793	ECO:0000269|PubMed:18984573	A -> T (in strain: MW11, MW27, MW38, MW56, MW9, NC390 and NC740)	natural_variant
Q9VVN4	802	ECO:0000269|PubMed:18984573	L -> F (in strain: MW11 and NC390)	natural_variant
Q9VVN4	803	ECO:0000269|PubMed:18984573	S -> T (in strain: MW6)	natural_variant
Q9VVN4	820	ECO:0000269|PubMed:18984573	S -> P (in strain: MW6)	natural_variant
Q9VVN4	831	ECO:0000269|PubMed:18984573	N -> D (in strain: MW27, MW38, MW56, MW63, MW9, NC304, NC322, NC335, NC336, NC357, NC358, NC362, NC397, NC399, NC732 and NC774)	natural_variant
Q9VVR4	400		I -> M (in strain: Netherlands line N07 and Netherlands line N14)	natural_variant
Q9VVR4	75		V -> G (in strain: Netherlands line N30)	natural_variant
Q9VVW1	22	ECO:0000305	Q -> H (in strain: ZIM5C, ZIM10C, ZIM16C, ZIM18C, ZIM28C, ZIM30C, ZIM34C and ZIM53C);Q -> P (in strain: ZIM7C and ZIM12C)	natural_variant
Q9VVW1	332-337		EVVDDI -> GKRNTR (in strain: ZIM28C)	natural_variant
Q9VVW1	338		D -> N (in strain: Canton-S and ZIM34C)	natural_variant
Q9VVW1	359		I -> V (in strain: Canton-S, ZIM12C and ZIM16C)	natural_variant
Q9VVW1	381	ECO:0000305	K -> M (in strain: ZIM5C and ZIM16C)	natural_variant
Q9VWR5	399	ECO:0000269|PubMed:17322555	L -> F (in strain: CN13X)	natural_variant
Q9VWR5	560	ECO:0000269|PubMed:17322555	A -> T (in strain: CN11X)	natural_variant
Q9VWU1	11	ECO:0000269|PubMed:17465907	T -> I (in strain: G187)	natural_variant
Q9VWU1	14	ECO:0000269|PubMed:17465907	L -> H (in strain: G136)	natural_variant
Q9VWU1	18	ECO:0000269|PubMed:17465907	S -> F (in strain: G179)	natural_variant
Q9VWX8	178	ECO:0000269|PubMed:25074811	I -> M (in RNA edited version)	natural_variant
Q9VXV9	105	ECO:0000269|PubMed:18477586	T -> A (in strain: ZBMEL377)	natural_variant
Q9VXV9	147	ECO:0000269|PubMed:18477586	E -> R (in strain: ZBMEL157)	natural_variant
Q9VXV9	148	ECO:0000269|PubMed:18477586	N -> R (in strain: ZBMEL157)	natural_variant
Q9VXV9	149	ECO:0000269|PubMed:18477586	V -> L (in strain: ZBMEL157)	natural_variant
Q9VXV9	214	ECO:0000269|PubMed:18477586	Q -> L (in strain: ZBMEL186)	natural_variant
Q9VXV9	218	ECO:0000269|PubMed:18477586	N -> I (in strain: ZBMEL186)	natural_variant
Q9VXY2	2031		Q -> R (in RNA edited version)	natural_variant
Q9VXY2	2063		S -> G (in RNA edited version)	natural_variant
Q9VYY3	163	ECO:0000269|PubMed:18477586	T -> S (in strain: ZBMEL95)	natural_variant
Q9VYY3	169	ECO:0000269|PubMed:18477586	R -> Q (in strain: ZBMEL229)	natural_variant
Q9VYY3	17	ECO:0000269|PubMed:18477586	T -> S (in strain: ZBMEL157 and ZBMEL377)	natural_variant
Q9VYY3	22	ECO:0000269|PubMed:18477586	E -> ELETE (in strain: ZBMEL186 and ZBMEL191)	natural_variant
Q9VYY3	309	ECO:0000269|PubMed:18477586	L -> I (in strain: ZBMEL84, ZBMEL384 and ZBMEL398)	natural_variant
Q9VYY3	309-310	ECO:0000269|PubMed:18477586	LV -> II (in strain: ZBMEL145, ZBMEL191)	natural_variant
Q9VYY3	325	ECO:0000269|PubMed:19126864	E -> K (in strain: MEL18)	natural_variant
Q9VYY3	333	ECO:0000269|PubMed:18477586	P -> S (in strain: ZBMEL384)	natural_variant
Q9VYY3	335	ECO:0000269|PubMed:18477586	H -> R (in strain: ZBMEL186)	natural_variant
Q9VYY3	364	ECO:0000269|PubMed:19126864	E -> Q (in strain: MEL17)	natural_variant
Q9VYY3	385	ECO:0000269|PubMed:18477586	S -> T (in strain: ZBMEL186 and ZBMEL384)	natural_variant
Q9VYY3	73	ECO:0000269|PubMed:18477586, ECO:0000269|PubMed:19126864	Y -> D (in strain: MEL02, ZBMEL84, ZBMEL145, ZBMEL157, ZBMEL186, ZBMEL191, ZBMEL229, ZBMEL377, ZBMEL384 and ZBMEL398)	natural_variant
Q9VZ40	121	ECO:0000269|PubMed:17018572	K -> R (in RNA edited version)	natural_variant
Q9VZA4	297	ECO:0000269|PubMed:17018572	N -> D (in RNA edited version)	natural_variant
Q9W0R5	150		M -> V (in strain: ZIM(S)24)	natural_variant
Q9W0Y8	2025	ECO:0000269|PubMed:12907802, ECO:0000269|Ref.1	M -> V (in RNA edited version)	natural_variant
Q9W157	242	ECO:0000269|Ref.4	E -> K (in strain: Zimbabwe30)	natural_variant
Q9W252	208	ECO:0000269|PubMed:18984573	E -> D (in strain: NC335, NC362 and NC390)	natural_variant
Q9W252	219	ECO:0000269|PubMed:18984573	H -> V (in strain: NC335, NC362 and NC390)	natural_variant
Q9W252	220	ECO:0000269|PubMed:18984573	V -> E (in strain: NC335, NC362 and NC390)	natural_variant
Q9W252	246	ECO:0000269|PubMed:18984573	A -> E (in strain: MW25)	natural_variant
Q9W252	249	ECO:0000269|PubMed:18984573	S -> M (in strain: MW25)	natural_variant
Q9W252	281	ECO:0000269|PubMed:18984573	E -> Q (in strain: NC306)	natural_variant
Q9W252	349	ECO:0000269|PubMed:18984573	K -> T (in strain: MW9)	natural_variant
Q9W252	422	ECO:0000269|PubMed:18984573	V -> E (in strain: NC361 and NC375)	natural_variant
Q9W252	450	ECO:0000269|PubMed:18984573	V -> I (in strain: MW6)	natural_variant
Q9W252	480	ECO:0000269|PubMed:18984573	D -> N (in strain: MW6)	natural_variant
Q9W252	490	ECO:0000269|PubMed:18984573	E -> Q (in strain: MW25, MW27, MW56, MW9, NC303, NC306, NC335, NC336, NC390 and NC399)	natural_variant
Q9W252	491	ECO:0000269|PubMed:18984573	V -> I (in strain: NC303, NC306 and NC335)	natural_variant
Q9W252	580	ECO:0000269|PubMed:18984573	C -> S (in strain: MW25)	natural_variant
Q9W252	586	ECO:0000269|PubMed:18984573	M -> I (in strain: MW25)	natural_variant
Q9W252	623	ECO:0000269|PubMed:18984573	S -> N (in strain: NC336, NC358, NC361, NC362 and NC375)	natural_variant
Q9W252	646	ECO:0000269|PubMed:18984573	T -> S (in strain: NC357 and NC397)	natural_variant
Q9W252	657	ECO:0000269|PubMed:18984573	T -> A (in strain: MW6, NC357, NC358, NC361, NC362, NC375 and NC397)	natural_variant
Q9W3L5	252	ECO:0000269|PubMed:17989248	D -> E (in strain: ZW141 and ZW142)	natural_variant
Q9W3L5	262	ECO:0000269|PubMed:17989248	I -> K (in strain: ZW106 and ZW133);I -> N (in strain: ZW104, ZW141 and ZW143)	natural_variant
Q9W3L5	268	ECO:0000269|PubMed:17989248	C -> G (in strain: ZW104, ZW106, ZW122, ZW133, ZW136, ZW139, ZW140, ZW141, ZW142 and ZW143)	natural_variant
Q9W3L5	332	ECO:0000269|PubMed:17989248	E -> K (in strain: ZW122 and ZW136)	natural_variant
Q9W484	294	ECO:0000269|PubMed:17989248	Missing (in strain: ZW104 and ZW141)	natural_variant
Q9W484	81	ECO:0000269|PubMed:17989248	G -> D (in strain: ZW104)	natural_variant
Q9W484	95	ECO:0000269|PubMed:17989248	A -> T (in strain: ZW141)	natural_variant
Q9W497	164		T -> A (in strain: KY02-C302, KY02-C316, KY02-C346, KY02-C350, KY02-C351, KY02-C374, KY02-C379, KY02-C380, KY02-C384, KY02-C390, KY02-C396, KY02-C407, KY02-C425, KY02-C428, KY02-C439, KY02-C443, KY02-C456, KY02-C463, KY02-C478, KY02-C493, KY02-C497, KY02-C500, KY02-C504, KY02-C517 and Singapore)	natural_variant
Q9W497	185		V -> I (in strain: KY02-C336)	natural_variant
Q9W497	19		I -> V (in strain: AK17, Berkeley, Canton-S, EP(X)496, KY02-C304, KY02-C305, KY02-C312, KY02-C341, KY02-C419, KY02-C470 and w cx)	natural_variant
Q9W497	216		L -> H (in strain: AK10, KY02-C315, KY02-C335, KY02-C402, KY02-C469, KY02-C516, KY02-C310, KY02-C319, KY02-C320, KY02-C330, KY02-C336, KY02-C342, KY02-C347, KY02-C355, KY02-C358, KY02-C382, KY02-C393, KY02-C404, KY02-C411, KY02-C432, KY02-C435, KY02-C449, KY02-C467, KY02-C483, KY02-C486, KY02-C488, KY02-C492, KY02-C496, KY02-C514, KY02-C519, Tananarive and w cv)	natural_variant
Q9W497	218	ECO:0000269|PubMed:15342513	A -> T (in strain: AK07, AK10, AK13, KY02-C351, KY02-C439, KY02-C510, KY02-C301, KY02-C302, KY02-C303, KY02-C304, KY02-C308, KY02-C310, KY02-C311, KY02-C315, KY02-C316, KY02-C319, KY02-C320, KY02-C325, KY02-C326, KY02-C330, KY02-C331, KY02-C332, KY02-C335, KY02-C336, KY02-C341, KY02-C342, KY02-C346, KY02-C347, KY02-C348, KY02-C349, KY02-C350, KY02-C352, KY02-C355, KY02-C356, KY02-C358, KY02-C359, KY02-C361, KY02-C362, KY02-C367, KY02-C372, KY02-C373, KY02-C374, KY02-C376, KY02-C378, KY02-C380, KY02-C382, KY02-C383, KY02-C384, KY02-C387, KY02-C388, KY02-C390, KY02-C392, KY02-C393, KY02-C394, KY02-C400, KY02-C402, KY02-C404, KY02-C407, KY02-C411, KY02-C412, KY02-C413, KY02-C417, KY02-C419, KY02-C421, KY02-C426, KY02-C428, KY02-C432, KY02-C433, KY02-C434, KY02-C435, KY02-C441, KY02-C443, KY02-C446, KY02-C449, KY02-C451, KY02-C453, KY02-C454, KY02-C456, KY02-C457, KY02-C460, KY02-C462, KY02-C463, KY02-C467, KY02-C469, KY02-C470, KY02-C477, KY02-C478, KY02-C480, KY02-C483, KY02-C484, KY02-C485, KY02-C486, KY02-C488, KY02-C489, KY02-C490, KY02-C492, KY02-C493, KY02-C494, KY02-C496, KY02-C497, KY02-C500, KY02-C504, KY02-C511, KY02-C513, KY02-C514, KY02-C515, KY02-C516, KY02-C517, KY02-C519, KY02-C520, Oregon-R, Singapore, Tananarive and w cv; decreased sensitivity to trehalose)	natural_variant
Q9W497	23		M -> I (in strain: KY02-C331, KY02-C392 and Oregon-R)	natural_variant
Q9W497	248		S -> N (in strain: KY02-C316, KY02-C350, KY02-C428, KY02-C443, KY02-C456 and KY02-C478)	natural_variant
Q9W497	277		R -> L (in strain: KY02-C304, KY02-C341, KY02-C419 and KY02-C470)	natural_variant
Q9W497	333		P -> S (in strain: KY02-C326, KY02-C348, KY02-C359, KY02-C362, KY02-C373, KY02-C394, KY02-C417, KY02-C434, KY02-C448, KY02-C451, KY02-C477 and KY02-C513)	natural_variant
Q9W497	5		K -> N (in strain: KY02-C351 and KY02-C372)	natural_variant
Q9W497	59		P -> S (in strain: KY02-C493)	natural_variant
Q9W497	73		C -> S (in strain: KY02-C301, KY02-C302, KY02-C308, KY02-C309, KY02-C310, KY02-C311, KY02-C314, KY02-C315, KY02-C319, KY02-C320, KY02-C325, KY02-C327, KY02-C330, KY02-C332, KY02-C335, KY02-C337, KY02-C342, KY02-C343, KY02-C344, KY02-C346, KY02-C347, KY02-C349, KY02-C351, KY02-C352, KY02-C353, KY02-C355, KY02-C358, KY02-C361, KY02-C367, KY02-C368, KY02-C372, KY02-C374, KY02-C376, KY02-C377, KY02-C378, KY02-C379, KY02-C380, KY02-C381, KY02-C382, KY02-C383, KY02-C384, KY02-C388, KY02-C389, KY02-C390, KY02-C393, KY02-C396, KY02-C400, KY02-C402, KY02-C404, KY02-C411, KY02-C412, KY02-C413, KY02-C414, KY02-C420, KY02-C425, KY02-C426, KY02-C429, KY02-C432, KY02-C433, KY02-C434, KY02-C435, KY02-C436, KY02-C439, KY02-C441, KY02-C446, KY02-C447, KY02-C449, KY02-C451, KY02-C453, KY02-C457, KY02-C460, KY02-C462, KY02-C463, KY02-C467, KY02-C469, KY02-C476, KY02-C477, KY02-C480, KY02-C483, KY02-C484, KY02-C485, KY02-C486, KY02-C488, KY02-C490, KY02-C491, KY02-C492, KY02-C493, KY02-C494, KY02-C496, KY02-C497, KY02-C500, KY02-C504, KY02-C508, KY02-C510, KY02-C511, KY02-C514, KY02-C515, KY02-C516, KY02-C517, KY02-C519, KY02-C520 and Singapore)	natural_variant
Q9W4D2	101		N -> G (in RNA edited version)	natural_variant
Q9W4D2	107		R -> G (in RNA edited version)	natural_variant
Q9W4D2	113		S -> G (in RNA edited version)	natural_variant
Q9W4D2	116		S -> G (in RNA edited version)	natural_variant
Q9W4D2	13		K -> R (in RNA edited version)	natural_variant
Q9W4D2	130		N -> S (in RNA edited version)	natural_variant
Q9W4D2	132		E -> G (in RNA edited version)	natural_variant
Q9W4D2	135		S -> G (in RNA edited version)	natural_variant
Q9W4D2	138		D -> G (in RNA edited version)	natural_variant
Q9W4D2	139		S -> G (in RNA edited version)	natural_variant
Q9W4D2	141		S -> G (in RNA edited version)	natural_variant
Q9W4D2	163		K -> R (in RNA edited version)	natural_variant
Q9W4D2	164		K -> G (in RNA edited version)	natural_variant
Q9W4D2	17		E -> G (in RNA edited version)	natural_variant
Q9W4D2	183		K -> G (in RNA edited version)	natural_variant
Q9W4D2	190		E -> G (in RNA edited version)	natural_variant
Q9W4D2	193		N -> G (in RNA edited version)	natural_variant
Q9W4D2	196		T -> A (in RNA edited version)	natural_variant
Q9W4D2	200		H -> R (in RNA edited version)	natural_variant
Q9W4D2	205		Y -> C (in RNA edited version)	natural_variant
Q9W4D2	207		K -> G (in RNA edited version)	natural_variant
Q9W4D2	21		E -> G (in RNA edited version)	natural_variant
Q9W4D2	213		T -> A (in RNA edited version)	natural_variant
Q9W4D2	218		E -> G (in RNA edited version)	natural_variant
Q9W4D2	220		K -> G (in RNA edited version)	natural_variant
Q9W4D2	225		Q -> R (in RNA edited version)	natural_variant
Q9W4D2	265		Y -> C (in RNA edited version)	natural_variant
Q9W4D2	275		K -> R (in RNA edited version)	natural_variant
Q9W4D2	298		K -> G (in RNA edited version)	natural_variant
Q9W4D2	299		H -> R (in RNA edited version)	natural_variant
Q9W4D2	302		T -> A (in RNA edited version)	natural_variant
Q9W4D2	31		Y -> C (in RNA edited version)	natural_variant
Q9W4D2	311		Q -> R (in RNA edited version)	natural_variant
Q9W4D2	314		K -> G (in RNA edited version)	natural_variant
Q9W4D2	319		K -> R (in RNA edited version)	natural_variant
Q9W4D2	321		K -> E (in RNA edited version)	natural_variant
Q9W4D2	322		Q -> R (in RNA edited version)	natural_variant
Q9W4D2	328		T -> A (in RNA edited version)	natural_variant
Q9W4D2	354		K -> R (in RNA edited version)	natural_variant
Q9W4D2	355		N -> S (in RNA edited version)	natural_variant
Q9W4D2	368		K -> G (in RNA edited version)	natural_variant
Q9W4D2	381		E -> G (in RNA edited version)	natural_variant
Q9W4D2	383		I -> V (in RNA edited version)	natural_variant
Q9W4D2	389		T -> A (in RNA edited version)	natural_variant
Q9W4D2	393		N -> S (in RNA edited version)	natural_variant
Q9W4D2	396		E -> G (in RNA edited version)	natural_variant
Q9W4D2	398		E -> G (in RNA edited version)	natural_variant
Q9W4D2	400		T -> A (in RNA edited version)	natural_variant
Q9W4D2	406		K -> R (in RNA edited version)	natural_variant
Q9W4D2	409		K -> E (in RNA edited version)	natural_variant
Q9W4D2	41		K -> G (in RNA edited version)	natural_variant
Q9W4D2	430		S -> G (in RNA edited version)	natural_variant
Q9W4D2	431		H -> R (in RNA edited version)	natural_variant
Q9W4D2	433		S -> G (in RNA edited version)	natural_variant
Q9W4D2	437		N -> S (in RNA edited version)	natural_variant
Q9W4D2	444		M -> V (in RNA edited version)	natural_variant
Q9W4D2	453		E -> G (in RNA edited version)	natural_variant
Q9W4D2	456		E -> G (in RNA edited version)	natural_variant
Q9W4D2	46		Q -> R (in RNA edited version)	natural_variant
Q9W4D2	482		Y -> C (in RNA edited version)	natural_variant
Q9W4D2	490		S -> G (in RNA edited version)	natural_variant
Q9W4D2	492		E -> G (in RNA edited version)	natural_variant
Q9W4D2	493		Q -> R (in RNA edited version)	natural_variant
Q9W4D2	497		S -> G (in RNA edited version)	natural_variant
Q9W4D2	50		E -> G (in RNA edited version)	natural_variant
Q9W4D2	510		T -> A (in RNA edited version)	natural_variant
Q9W4D2	513		Y -> C (in RNA edited version)	natural_variant
Q9W4D2	516		Q -> R (in RNA edited version)	natural_variant
Q9W4D2	520		R -> G (in RNA edited version)	natural_variant
Q9W4D2	521		Y -> C (in RNA edited version)	natural_variant
Q9W4D2	525		Q -> R (in RNA edited version)	natural_variant
Q9W4D2	54		Q -> R (in RNA edited version)	natural_variant
Q9W4D2	540		N -> G (in RNA edited version)	natural_variant
Q9W4D2	551		Y -> E (in RNA edited version)	natural_variant
Q9W4D2	552		P -> R (in RNA edited version)	natural_variant
Q9W4D2	553		G -> F (in RNA edited version)	natural_variant
Q9W4D2	554		S -> E (in RNA edited version)	natural_variant
Q9W4D2	555		S -> I (in RNA edited version)	natural_variant
Q9W4D2	556-941		Missing (in RNA edited version)	natural_variant
Q9W4D2	57		E -> G (in RNA edited version)	natural_variant
Q9W4D2	59		K -> R (in RNA edited version)	natural_variant
Q9W4D2	70		T -> A (in RNA edited version)	natural_variant
Q9W4D2	80		M -> V (in RNA edited version)	natural_variant
Q9W4D2	84		E -> G (in RNA edited version)	natural_variant
Q9W4D2	86		I -> V (in RNA edited version)	natural_variant
Q9W4D2	9		R -> G (in RNA edited version)	natural_variant
Q9W4D2	91		E -> G (in RNA edited version)	natural_variant
Q9W4D2	96		E -> G (in RNA edited version)	natural_variant
Q9W4K2	572	ECO:0000269|PubMed:17018572	I -> V (in RNA edited version)	natural_variant
Q9W5D4	59		T -> GS (in allele tw[1])	natural_variant
Q9XTL9	642		K -> N (in strain: Canton-S)	natural_variant
Q9XTN2	165	ECO:0000269|PubMed:20074316	P -> T (in strain: FSP2, FSP15, FSP16, FSP19, FSP23, FSP29, RR8, RR11, RR17, RR18, RR35, RR52, S76, SL5_131, SL5_29, T28 and T39)	natural_variant
Q9XTN2	29	ECO:0000269|PubMed:20074316	Y -> C (in strain: S108)	natural_variant
Q9XTN2	334	ECO:0000269|PubMed:20074316	Missing (in strain: S108)	natural_variant
Q9XTN2	429	ECO:0000269|PubMed:20074316	A -> V (in strain: FSP19, RR33 and S108)	natural_variant
Q9XTN2	452	ECO:0000269|PubMed:20074316	A -> T (in strain: RR33, S108, T28 and T39)	natural_variant
Q9XTN2	664	ECO:0000269|PubMed:20074316	K -> R (in strain: FSP2, FSP3, FSP15, FSP19, FSP23, FSP25, FSP29, RR8, RR11, RR17, RR18, RR33, RR35, RR52, S76, S107, S108, T9, T15, T28, T39 and T41)	natural_variant
Q9XTN2	675	ECO:0000269|PubMed:20074316	P -> S (in strain: S103)	natural_variant
Q9XTN2	676	ECO:0000269|PubMed:20074316	L -> I (in strain: FSP3, FSP15, FSP19, FSP23, FSP25, RR8, RR11, RR17, RR33, RR35, RR52, S76, S97, S107, S108, T9, T28, T39 and T41)	natural_variant
Q9XTN2	721	ECO:0000269|PubMed:20074316	S -> G (in strain: FSP2, FSP3, FSP15, FSP23, FSP25, FSP29, RR8, RR11, RR17, RR18, RR33, RR35, RR52, S108, T9, T15, T28, T39 and T41)	natural_variant
Q9XTN2	722	ECO:0000269|PubMed:20074316	S -> L (in strain: FSP2, FSP3, FSP15, FSP16, FSP19, FSP23, FSP25, FSP29, RR8, RR11, RR17, RR18, RR33, RR35, RR52, S76, S97, S103, S107, S108, SL5_131, SL5_29, T9, T15, T28, T39 and T41)	natural_variant
Q9XTN2	744	ECO:0000269|PubMed:20074316	C -> S (in strain: FSP3, FSP15, FSP16, FSP23, FSP25, FSP29, RR8, RR11, RR17, RR33, RR35, RR52, S108, T9, T15, T28, T39 and T41)	natural_variant
Q9XTN2	758	ECO:0000269|PubMed:20074316	Missing (in strain: FSP2, FSP3, FSP15, FSP16, FSP23, FSP25. FSP29, RR8, RR11, RR17, RR18, RR35, RR52, S97, S103, S108, SL5_131, SL5_29, T9, T15 and T41)	natural_variant
Q9XTN2	808	ECO:0000269|PubMed:20074316	I -> M (in strain: RR8 and T41)	natural_variant
Q9XTN2	851	ECO:0000269|PubMed:20074316	A -> V (in strain: FSP19)	natural_variant
Q9XTN2	873	ECO:0000269|PubMed:20074316	A -> T (in strain: FSP16)	natural_variant
