entry	pos	evidence	note	origin
A0A0B4K692	83-774	ECO:0000255|PROSITE-ProRule:PRU01233	Peptidase M13	domain_ft
A0A0B4K7J2	1309-1445	ECO:0000255|PROSITE-ProRule:PRU00164	RanBD1 1	domain_ft
A0A0B4K7J2	1605-1742	ECO:0000255|PROSITE-ProRule:PRU00164	RanBD1 2	domain_ft
A0A0B4K7J2	2019-2151	ECO:0000255|PROSITE-ProRule:PRU00164	RanBD1 3	domain_ft
A0A0B4K7J2	2556-2699	ECO:0000255|PROSITE-ProRule:PRU00164	RanBD1 4	domain_ft
A0A0B4KEE4	801-963	ECO:0000255|PROSITE-ProRule:PRU00802	SUN	domain_ft
A0A0B4KGY6	273-340	ECO:0000255|PROSITE-ProRule:PRU00117	KH 1	domain_ft
A0A0B4KGY6	366-432	ECO:0000255|PROSITE-ProRule:PRU00117	KH 2	domain_ft
A0A0B4KGY6	691-758	ECO:0000255|PROSITE-ProRule:PRU00117	KH 3	domain_ft
A0A0B7P9G0	182-361	ECO:0000255|PROSITE-ProRule:PRU01193	CNNM transmembrane	domain_ft
A0A0B7P9G0	380-441	ECO:0000255|PROSITE-ProRule:PRU00703	CBS 1	domain_ft
A0A0B7P9G0	448-515	ECO:0000255|PROSITE-ProRule:PRU00703	CBS 2	domain_ft
A0A126GUP6	138-399	ECO:0000255|PROSITE-ProRule:PRU00274	Peptidase S1	domain_ft
A0A126GUP6	28-91	ECO:0000255|PROSITE-ProRule:PRU01236	Clip	domain_ft
A0A1F4	1018-1054	ECO:0000255|PROSITE-ProRule:PRU00076	EGF-like 8	domain_ft
A0A1F4	1059-1266	ECO:0000255|PROSITE-ProRule:PRU00122	Laminin G-like 1	domain_ft
A0A1F4	1309-1346	ECO:0000255|PROSITE-ProRule:PRU00076	EGF-like 9	domain_ft
A0A1F4	1353-1549	ECO:0000255|PROSITE-ProRule:PRU00122	Laminin G-like 2	domain_ft
A0A1F4	144-180	ECO:0000255|PROSITE-ProRule:PRU00076	EGF-like 1	domain_ft
A0A1F4	1545-1581	ECO:0000255|PROSITE-ProRule:PRU00076	EGF-like 10	domain_ft
A0A1F4	1583-1621	ECO:0000255|PROSITE-ProRule:PRU00076	EGF-like 11	domain_ft
A0A1F4	1692-1879	ECO:0000255|PROSITE-ProRule:PRU00122	Laminin G-like 3	domain_ft
A0A1F4	182-218	ECO:0000255|PROSITE-ProRule:PRU00076	EGF-like 2; calcium-binding	domain_ft
A0A1F4	1875-1912	ECO:0000255|PROSITE-ProRule:PRU00076	EGF-like 12	domain_ft
A0A1F4	1913-1946	ECO:0000255|PROSITE-ProRule:PRU00076	EGF-like 13	domain_ft
A0A1F4	1952-2166	ECO:0000255|PROSITE-ProRule:PRU00122	Laminin G-like 4	domain_ft
A0A1F4	220-256	ECO:0000255|PROSITE-ProRule:PRU00076	EGF-like 3; calcium-binding	domain_ft
A0A1F4	258-298	ECO:0000255|PROSITE-ProRule:PRU00076	EGF-like 4	domain_ft
A0A1F4	300-336	ECO:0000255|PROSITE-ProRule:PRU00076	EGF-like 5; calcium-binding	domain_ft
A0A1F4	338-374	ECO:0000255|PROSITE-ProRule:PRU00076	EGF-like 6	domain_ft
A0A1F4	376-413	ECO:0000255|PROSITE-ProRule:PRU00076	EGF-like 7; calcium-binding	domain_ft
A1Z6E0	234-279	ECO:0000255|PROSITE-ProRule:PRU00194	SOCS box	domain_ft
A1Z6E0	36-233	ECO:0000255|PROSITE-ProRule:PRU00548	B30.2	domain_ft
A1Z6J5	31-75	ECO:0000255|PROSITE-ProRule:PRU00045	CAP-Gly	domain_ft
A1Z6K7	11-145	ECO:0000255|PROSITE-ProRule:PRU01182	MPN	domain_ft
A1Z6W3	515-623	ECO:0000255|PROSITE-ProRule:PRU00636	PET	domain_ft
A1Z6W3	622-686	ECO:0000255|PROSITE-ProRule:PRU00125	LIM zinc-binding 1	domain_ft
A1Z6W3	687-747	ECO:0000255|PROSITE-ProRule:PRU00125	LIM zinc-binding 2	domain_ft
A1Z6W3	748-810	ECO:0000255|PROSITE-ProRule:PRU00125	LIM zinc-binding 3	domain_ft
A1Z713	2351-2598	ECO:0000255	SHR-BD	domain_ft
A1Z713	3-116	ECO:0000255	Chorein N-terminal	domain_ft
A1Z7A6	1091-1155	ECO:0000255|PROSITE-ProRule:PRU00192	SH3	domain_ft
A1Z7A6	310-404	ECO:0000255|PROSITE-ProRule:PRU00145	PH	domain_ft
A1Z7A6	427-547	ECO:0000255|PROSITE-ProRule:PRU00288	Arf-GAP	domain_ft
A1Z7G7	11-100	ECO:0000255|PROSITE-ProRule:PRU00260	SUEL-type lectin	domain_ft
A1Z7G7	547-740	ECO:0000255|PROSITE-ProRule:PRU00098	GAIN-B	domain_ft
A1Z7K9	1036-1208	ECO:0000255|HAMAP-Rule:MF_03182	Exonuclease	domain_ft
A1Z7K9	474-966	ECO:0000255|HAMAP-Rule:MF_03182	USP	domain_ft
A1Z7L8	294-323	ECO:0000255|PROSITE-ProRule:PRU00585	GS	domain_ft
A1Z7L8	324-614	ECO:0000255|PROSITE-ProRule:PRU00159	Protein kinase	domain_ft
A1Z7T0	1123-1190	ECO:0000255|PROSITE-ProRule:PRU00618	AGC-kinase C-terminal	domain_ft
A1Z7T0	142-219	ECO:0000255|PROSITE-ProRule:PRU01207	REM-1 2	domain_ft
A1Z7T0	242-322	ECO:0000255|PROSITE-ProRule:PRU01207	REM-1 3	domain_ft
A1Z7T0	28-102	ECO:0000255|PROSITE-ProRule:PRU01207	REM-1 1	domain_ft
A1Z7T0	359-515	ECO:0000255|PROSITE-ProRule:PRU00041	C2	domain_ft
A1Z7T0	863-1122	ECO:0000255|PROSITE-ProRule:PRU00159	Protein kinase	domain_ft
A1Z877	107-260	ECO:0000255|PROSITE-ProRule:PRU00570	NIDO	domain_ft
A1Z877	281-321	ECO:0000255|PROSITE-ProRule:PRU00076	EGF-like 1	domain_ft
A1Z877	325-550	ECO:0000255|PROSITE-ProRule:PRU00348	Nidogen G2 beta-barrel	domain_ft
A1Z877	545-583	ECO:0000255|PROSITE-ProRule:PRU00076	EGF-like 2	domain_ft
A1Z877	591-631	ECO:0000255|PROSITE-ProRule:PRU00076	EGF-like 3; calcium-binding	domain_ft
A1Z877	788-829	ECO:0000255|PROSITE-ProRule:PRU00076	EGF-like 4	domain_ft
A1Z877	832-874	ECO:0000255|PROSITE-ProRule:PRU00076	EGF-like 5	domain_ft
A1Z877	912-953	ECO:0000255|PROSITE-ProRule:PRU00076	EGF-like 6	domain_ft
A1Z877	955-996	ECO:0000255|PROSITE-ProRule:PRU00076	EGF-like 7	domain_ft
A1Z877	997-1037	ECO:0000255|PROSITE-ProRule:PRU00076	EGF-like 8	domain_ft
A1Z9E2	737-849	ECO:0000255|PROSITE-ProRule:PRU00971	CRC	domain_ft
A1Z9L3	285-356	ECO:0000255|PROSITE-ProRule:PRU00180	S1 motif	domain_ft
A1Z9L3	596-759	ECO:0000255|PROSITE-ProRule:PRU00541	Helicase ATP-binding	domain_ft
A1Z9L3	777-957	ECO:0000255|PROSITE-ProRule:PRU00542	Helicase C-terminal	domain_ft
A1Z9P3	1305-1572	ECO:0000255|PROSITE-ProRule:PRU00638	ASD2	domain_ft
A1Z9X0	264-532	ECO:0000255|PROSITE-ProRule:PRU00159	Protein kinase	domain_ft
A1Z9X0	30-113	ECO:0000255|PROSITE-ProRule:PRU01081	PB1	domain_ft
A1Z9X0	533-604	ECO:0000255|PROSITE-ProRule:PRU00618	AGC-kinase C-terminal	domain_ft
A1ZA47	2018-2078	ECO:0000255|PROSITE-ProRule:PRU00125	LIM zinc-binding 2	domain_ft
A1ZA47	2079-2138	ECO:0000255|PROSITE-ProRule:PRU00125	LIM zinc-binding 3	domain_ft
A1ZA47	2139-2194	ECO:0000255|PROSITE-ProRule:PRU00125	LIM zinc-binding 4	domain_ft
A1ZA47	280-339	ECO:0000255|PROSITE-ProRule:PRU00125	LIM zinc-binding 1	domain_ft
A1ZA47	8-90	ECO:0000255|PROSITE-ProRule:PRU00143	PDZ	domain_ft
A1ZAB5	424-666	ECO:0000255|PROSITE-ProRule:PRU01167	Clu	domain_ft
A1ZAC4	613-670	ECO:0000255|PROSITE-ProRule:PRU00211	Tudor	domain_ft
A1ZAJ2	1537-1635	ECO:0000255|PROSITE-ProRule:PRU00145	PH	domain_ft
A1ZAJ2	3-351	ECO:0000255|PROSITE-ProRule:PRU00283	Kinesin motor	domain_ft
A1ZAJ2	499-565	ECO:0000255	FHA	domain_ft
A1ZAU8	1489-1623	ECO:0000255|PROSITE-ProRule:PRU00841	CKK	domain_ft
A1ZAU8	156-288	ECO:0000255|PROSITE-ProRule:PRU00044	Calponin-homology (CH)	domain_ft
A1ZAV1	755-915	ECO:0000255|PROSITE-ProRule:PRU00041	C2	domain_ft
A1ZAW0	1177-1382	ECO:0000255|PROSITE-ProRule:PRU00177	RNase III 1	domain_ft
A1ZAW0	1433-1628	ECO:0000255|PROSITE-ProRule:PRU00177	RNase III 2	domain_ft
A1ZAW0	15-193	ECO:0000255|PROSITE-ProRule:PRU00541	Helicase ATP-binding	domain_ft
A1ZAW0	1697-1719	ECO:0000255|PROSITE-ProRule:PRU00266	DRBM	domain_ft
A1ZAW0	366-536	ECO:0000255|PROSITE-ProRule:PRU00542	Helicase C-terminal	domain_ft
A1ZAW0	571-673	ECO:0000255|PROSITE-ProRule:PRU00657	Dicer dsRNA-binding fold	domain_ft
A1ZAW0	875-929	ECO:0000255|PROSITE-ProRule:PRU00142	PAZ	domain_ft
A1ZAX1	639-815	ECO:0000255|PROSITE-ProRule:PRU01185	PCI	domain_ft
A1ZAY1	183-243	ECO:0000255|PROSITE-ProRule:PRU00192	SH3 2	domain_ft
A1ZAY1	287-352	ECO:0000255|PROSITE-ProRule:PRU00192	SH3 3	domain_ft
A1ZAY1	57-117	ECO:0000255|PROSITE-ProRule:PRU00192	SH3 1	domain_ft
A1ZBD6	218-337	ECO:0000255|PROSITE-ProRule:PRU00041	C2 1	domain_ft
A1ZBD6	371-493	ECO:0000255|PROSITE-ProRule:PRU00041	C2 2	domain_ft
A1ZBD6	522-637	ECO:0000255|PROSITE-ProRule:PRU00041	C2 3	domain_ft
A1ZBR5	15-178	ECO:0000255|PROSITE-ProRule:PRU00388	UBC core	domain_ft
A2VEI2	268-303	ECO:0000255|PROSITE-ProRule:PRU00448	EF-hand 1	domain_ft
A2VEI2	459-494	ECO:0000255|PROSITE-ProRule:PRU00448	EF-hand 2	domain_ft
A2VEY9	147-197	ECO:0000255|PROSITE-ProRule:PRU00067	DHHC	domain_ft
A8DYP0	1017-1103	ECO:0000255|PROSITE-ProRule:PRU00114	Ig-like C2-type 1	domain_ft
A8DYP0	1152-1298	ECO:0000255|PROSITE-ProRule:PRU00114	Ig-like C2-type 2	domain_ft
A8DYP0	1313-1400	ECO:0000255|PROSITE-ProRule:PRU00114	Ig-like C2-type 3	domain_ft
A8DYP0	1504-1594	ECO:0000255|PROSITE-ProRule:PRU00114	Ig-like C2-type 4	domain_ft
A8DYP0	1599-1689	ECO:0000255|PROSITE-ProRule:PRU00114	Ig-like C2-type 5	domain_ft
A8DYP0	1694-1785	ECO:0000255|PROSITE-ProRule:PRU00114	Ig-like C2-type 6	domain_ft
A8DYP0	1815-1906	ECO:0000255|PROSITE-ProRule:PRU00114	Ig-like C2-type 7	domain_ft
A8DYP0	2018-2107	ECO:0000255|PROSITE-ProRule:PRU00114	Ig-like C2-type 8	domain_ft
A8DYP0	2113-2214	ECO:0000255|PROSITE-ProRule:PRU00114	Ig-like C2-type 9	domain_ft
A8DYP0	2220-2305	ECO:0000255|PROSITE-ProRule:PRU00114	Ig-like C2-type 10	domain_ft
A8DYP0	2318-2409	ECO:0000255|PROSITE-ProRule:PRU00114	Ig-like C2-type 11	domain_ft
A8DYP0	2415-2505	ECO:0000255|PROSITE-ProRule:PRU00114	Ig-like C2-type 12	domain_ft
A8DYP0	2519-2609	ECO:0000255|PROSITE-ProRule:PRU00114	Ig-like C2-type 13	domain_ft
A8DYP0	2614-2698	ECO:0000255|PROSITE-ProRule:PRU00114	Ig-like C2-type 14	domain_ft
A8DYP0	2716-2792	ECO:0000255|PROSITE-ProRule:PRU00114	Ig-like C2-type 15	domain_ft
A8DYP0	2832-2933	ECO:0000255|PROSITE-ProRule:PRU00316	Fibronectin type-III 1	domain_ft
A8DYP0	3-71	ECO:0000255|PROSITE-ProRule:PRU00192	SH3	domain_ft
A8DYP0	3186-3440	ECO:0000255|PROSITE-ProRule:PRU00159	Protein kinase 1	domain_ft
A8DYP0	3654-3738	ECO:0000255|PROSITE-ProRule:PRU00114	Ig-like C2-type 16	domain_ft
A8DYP0	3750-3843	ECO:0000255|PROSITE-ProRule:PRU00316	Fibronectin type-III 2	domain_ft
A8DYP0	3897-4151	ECO:0000255|PROSITE-ProRule:PRU00159	Protein kinase 2	domain_ft
A8DYP0	86-264	ECO:0000255|PROSITE-ProRule:PRU00062	DH	domain_ft
A8JQ65	1832-1895	ECO:0000255|PROSITE-ProRule:PRU00184	SAM	domain_ft
A8JQ65	349-485	ECO:0000255|PROSITE-ProRule:PRU00783	DAGKc	domain_ft
A8JQ65	82-175	ECO:0000255|PROSITE-ProRule:PRU00145	PH	domain_ft
A8JR92	1346-1408	ECO:0000255|PROSITE-ProRule:PRU00162	PWWP	domain_ft
A8JR92	238-308	ECO:0000255|PROSITE-ProRule:PRU00338	MBD	domain_ft
A8JUP7	31-79	ECO:0000255|PROSITE-ProRule:PRU01236	Clip	domain_ft
A8JUP7	385-632	ECO:0000255|PROSITE-ProRule:PRU00274	Peptidase S1	domain_ft
A8JUV4	549-578	ECO:0000255|PROSITE-ProRule:PRU00483	VM	domain_ft
A8MPH9	385-448	ECO:0000255|PROSITE-ProRule:PRU00978	bZIP	domain_ft
B6VQA1	156-208	ECO:0000255|PROSITE-ProRule:PRU00981	bHLH	domain_ft
B7TB45	508-597	ECO:0000255	Spaetzle	domain_ft
B7YZU2	1449-1691	ECO:0000255|PROSITE-ProRule:PRU00274	Peptidase S1	domain_ft
B7YZV4	392-786	ECO:0000255|PROSITE-ProRule:PRU01192	PDEase	domain_ft
B7Z0E2	186-250	ECO:0000255|PROSITE-ProRule:PRU01204	CSD 1	domain_ft
B7Z0E2	261-337	ECO:0000305|PubMed:32697992	CSD 2; degenerate	domain_ft
B7Z0E2	345-413	ECO:0000255|PROSITE-ProRule:PRU01204	CSD 3	domain_ft
B7Z0E2	428-503	ECO:0000305|PubMed:32697992	CSD 4; degenerate	domain_ft
B7Z0E2	517-585	ECO:0000255|PROSITE-ProRule:PRU01204	CSD 5	domain_ft
B7Z0E2	593-673	ECO:0000305|PubMed:32697992	CSD 6; degenerate	domain_ft
B7Z0E2	763-831	ECO:0000255|PROSITE-ProRule:PRU01204	CSD 7	domain_ft
B7Z0E2	846-919	ECO:0000305|PubMed:32697992	CSD 8; degenerate	domain_ft
B7Z0E2	922-987	ECO:0000255|PROSITE-ProRule:PRU01204	CSD 9	domain_ft
B7Z0K8	241-299	ECO:0000255	Collagen-like 1	domain_ft
B7Z0K8	350-409	ECO:0000255	Collagen-like 2	domain_ft
B7Z0K8	430-469	ECO:0000255	Collagen-like 3	domain_ft
B7Z0K8	493-526	ECO:0000255	Collagen-like 4	domain_ft
B7Z0K8	527-586	ECO:0000255	Collagen-like 5	domain_ft
B7Z0K8	621-680	ECO:0000255	Collagen-like 6	domain_ft
B7Z0K8	681-740	ECO:0000255	Collagen-like 7	domain_ft
C0HK98	46-170	ECO:0000255	N-acetylmuramoyl-L-alanine amidase	domain_ft
C0HK99	46-170	ECO:0000255	N-acetylmuramoyl-L-alanine amidase	domain_ft
C0HKA2	31-253	ECO:0000255|PROSITE-ProRule:PRU00274	Peptidase S1	domain_ft
C0HKA3	31-253	ECO:0000255|PROSITE-ProRule:PRU00274	Peptidase S1	domain_ft
C0HKA4	31-253	ECO:0000255|PROSITE-ProRule:PRU00274	Peptidase S1	domain_ft
C0HKF7	36-262	ECO:0000255|PROSITE-ProRule:PRU00274	Peptidase S1	domain_ft
C0HKF8	36-262	ECO:0000255|PROSITE-ProRule:PRU00274	Peptidase S1	domain_ft
C0HL62	32-102	ECO:0000255|PROSITE-ProRule:PRU00497	Chitin-binding type R&R	domain_ft
C0HL63	32-102	ECO:0000255|PROSITE-ProRule:PRU00497	Chitin-binding type R&R	domain_ft
C0HL64	34-103	ECO:0000255|PROSITE-ProRule:PRU00497	Chitin-binding type R&R	domain_ft
C0HL65	34-103	ECO:0000255|PROSITE-ProRule:PRU00497	Chitin-binding type R&R	domain_ft
C4NYP8	294-336	ECO:0000255	STI1	domain_ft
D5SHR0	135-205	ECO:0000255|PROSITE-ProRule:PRU00037	BTB	domain_ft
E1JIT7	1125-1291	ECO:0000255|PROSITE-ProRule:PRU00189	SEC7	domain_ft
E1JIT7	1332-1445	ECO:0000255|PROSITE-ProRule:PRU00145	PH	domain_ft
E1JIT7	6-88	ECO:0000255|PROSITE-ProRule:PRU00143	PDZ	domain_ft
M9MRD1	12287-12345	ECO:0000255|PROSITE-ProRule:PRU00385	KASH	domain_ft
M9MRD1	2109-2233	ECO:0000255|PROSITE-ProRule:PRU00044	Calponin-homology (CH) 3	domain_ft
M9MRD1	630-737	ECO:0000255|PROSITE-ProRule:PRU00044	Calponin-homology (CH) 1	domain_ft
M9MRD1	777-882	ECO:0000255|PROSITE-ProRule:PRU00044	Calponin-homology (CH) 2	domain_ft
M9MRD5	2-118	ECO:0000255|PROSITE-ProRule:PRU00713	C2 B9-type	domain_ft
M9MRI4	399-459	ECO:0000255|PROSITE-ProRule:PRU00586	COS	domain_ft
M9MRI4	474-567	ECO:0000255|PROSITE-ProRule:PRU00316	Fibronectin type-III	domain_ft
M9MRI4	549-736	ECO:0000255|PROSITE-ProRule:PRU00548	B30.2	domain_ft
M9MS50	347-863	ECO:0000255|PROSITE-ProRule:PRU00159	Protein kinase	domain_ft
M9NDE3	1071-1175	ECO:0000255|PROSITE-ProRule:PRU00196	SRCR 2	domain_ft
M9NDE3	191-295	ECO:0000255|PROSITE-ProRule:PRU00196	SRCR 1	domain_ft
M9NDE3	1912-2037	ECO:0000255|PROSITE-ProRule:PRU00196	SRCR 3	domain_ft
M9NDE3	446-559	ECO:0000255|PROSITE-ProRule:PRU00059	CUB	domain_ft
M9PD06	161-196	ECO:0000255|PROSITE-ProRule:PRU00448	EF-hand 1	domain_ft
M9PD06	197-232	ECO:0000255|PROSITE-ProRule:PRU00448	EF-hand 2	domain_ft
M9PD06	314-492	ECO:0000255|PROSITE-ProRule:PRU00613	DUSP	domain_ft
M9PD06	677-1675	ECO:0000255|PROSITE-ProRule:PRU01035	USP	domain_ft
M9PE65	1087-1259	ECO:0000255|PROSITE-ProRule:PRU00122	Laminin G-like 4	domain_ft
M9PE65	119-170	ECO:0000255|PROSITE-ProRule:PRU00031	BPTI	domain_ft
M9PE65	1260-1297	ECO:0000255|PROSITE-ProRule:PRU00076	EGF-like 3	domain_ft
M9PE65	1316-1526	ECO:0000255|PROSITE-ProRule:PRU00122	Laminin G-like 5	domain_ft
M9PE65	1527-1565	ECO:0000255|PROSITE-ProRule:PRU00076	EGF-like 4	domain_ft
M9PE65	1569-1765	ECO:0000255|PROSITE-ProRule:PRU00122	Laminin G-like 6	domain_ft
M9PE65	242-438	ECO:0000255|PROSITE-ProRule:PRU00122	Laminin G-like 1	domain_ft
M9PE65	439-477	ECO:0000255|PROSITE-ProRule:PRU00076	EGF-like 1	domain_ft
M9PE65	481-664	ECO:0000255|PROSITE-ProRule:PRU00122	Laminin G-like 2	domain_ft
M9PE65	660-839	ECO:0000255|PROSITE-ProRule:PRU00122	Laminin G-like 3	domain_ft
M9PE65	841-879	ECO:0000255|PROSITE-ProRule:PRU00076	EGF-like 2	domain_ft
M9PFN0	108-266	ECO:0000255|PROSITE-ProRule:PRU00336	FCP1 homology	domain_ft
M9PGC5	471-729	ECO:0000255|PROSITE-ProRule:PRU00159	Protein kinase	domain_ft
O01367	142-210	ECO:0000255|PROSITE-ProRule:PRU00117, ECO:0000305	KH	domain_ft
O02193	382-433	ECO:0000255	Tudor-knot	domain_ft
O02193	538-813	ECO:0000255|PROSITE-ProRule:PRU01063	MYST-type HAT	domain_ft
O15943	1087-1183	ECO:0000255|PROSITE-ProRule:PRU00043	Cadherin 8	domain_ft
O15943	1193-1299	ECO:0000255|PROSITE-ProRule:PRU00043	Cadherin 9	domain_ft
O15943	1307-1414	ECO:0000255|PROSITE-ProRule:PRU00043	Cadherin 10	domain_ft
O15943	1423-1514	ECO:0000255|PROSITE-ProRule:PRU00043	Cadherin 11	domain_ft
O15943	1523-1630	ECO:0000255|PROSITE-ProRule:PRU00043	Cadherin 12	domain_ft
O15943	1639-1742	ECO:0000255|PROSITE-ProRule:PRU00043	Cadherin 13	domain_ft
O15943	1749-1861	ECO:0000255|PROSITE-ProRule:PRU00043	Cadherin 14	domain_ft
O15943	181-305	ECO:0000255|PROSITE-ProRule:PRU00043	Cadherin 1	domain_ft
O15943	1870-1966	ECO:0000255|PROSITE-ProRule:PRU00043	Cadherin 15	domain_ft
O15943	1974-2085	ECO:0000255|PROSITE-ProRule:PRU00043	Cadherin 16	domain_ft
O15943	2346-2377	ECO:0000255|PROSITE-ProRule:PRU00076	EGF-like 1	domain_ft
O15943	2379-2585	ECO:0000255|PROSITE-ProRule:PRU00122	Laminin G-like 1	domain_ft
O15943	2592-2627	ECO:0000255|PROSITE-ProRule:PRU00076	EGF-like 2	domain_ft
O15943	2631-2822	ECO:0000255|PROSITE-ProRule:PRU00122	Laminin G-like 2	domain_ft
O15943	2869-2902	ECO:0000255|PROSITE-ProRule:PRU00076	EGF-like 3	domain_ft
O15943	430-543	ECO:0000255|PROSITE-ProRule:PRU00043	Cadherin 2	domain_ft
O15943	554-651	ECO:0000255|PROSITE-ProRule:PRU00043	Cadherin 3	domain_ft
O15943	660-756	ECO:0000255|PROSITE-ProRule:PRU00043	Cadherin 4	domain_ft
O15943	766-858	ECO:0000255|PROSITE-ProRule:PRU00043	Cadherin 5	domain_ft
O15943	867-968	ECO:0000255|PROSITE-ProRule:PRU00043	Cadherin 6	domain_ft
O15943	978-1078	ECO:0000255|PROSITE-ProRule:PRU00043	Cadherin 7	domain_ft
O15945	13-66	ECO:0000255|PROSITE-ProRule:PRU00981	bHLH	domain_ft
O15945	271-341	ECO:0000255|PROSITE-ProRule:PRU00140	PAS 2	domain_ft
O15945	346-389		PAC	domain_ft
O15945	85-156	ECO:0000255|PROSITE-ProRule:PRU00140	PAS 1	domain_ft
O16102	179-240	ECO:0000255|PROSITE-ProRule:PRU00053	Chromo 2	domain_ft
O16102	279-458	ECO:0000255|PROSITE-ProRule:PRU00541	Helicase ATP-binding	domain_ft
O16102	590-739	ECO:0000255|PROSITE-ProRule:PRU00542	Helicase C-terminal	domain_ft
O16102	84-156	ECO:0000255|PROSITE-ProRule:PRU00053	Chromo 1	domain_ft
O16129	356-453	ECO:0000255|PROSITE-ProRule:PRU00778	FDX-ACB	domain_ft
O16810	45-187	ECO:0000255|PROSITE-ProRule:PRU00370	BAH	domain_ft
O16844	4-391	ECO:0000255|PROSITE-ProRule:PRU00283	Kinesin motor	domain_ft
O16867	154-206	ECO:0000255|PROSITE-ProRule:PRU00981	bHLH	domain_ft
O18388	27-107	ECO:0000255|PROSITE-ProRule:PRU00115	Importin N-terminal	domain_ft
O18391	63-163	ECO:0000255	AB hydrolase-1	domain_ft
O18412	83-364	ECO:0000255|PROSITE-ProRule:PRU01055	Dynamin-type G	domain_ft
O18475	243-416	ECO:0000255|PROSITE-ProRule:PRU00541	Helicase ATP-binding	domain_ft
O18475	464-666	ECO:0000255|PROSITE-ProRule:PRU00542	Helicase C-terminal	domain_ft
O44081	294-369	ECO:0000255|PROSITE-ProRule:PRU00161	PUA	domain_ft
O44437	5-77	ECO:0000255|PROSITE-ProRule:PRU01346	Sm	domain_ft
O44783	380-499	ECO:0000255|PROSITE-ProRule:PRU00572	SPR	domain_ft
O46040	55-287	ECO:0000255|PROSITE-ProRule:PRU00190	SET	domain_ft
O46043	155-280	ECO:0000255	PARG helical	domain_ft
O46043	290-490	ECO:0000255	PARG catalytic Macro	domain_ft
O46072	270-436	ECO:0000255|PROSITE-ProRule:PRU00541	Helicase ATP-binding	domain_ft
O46072	540-746	ECO:0000255|PROSITE-ProRule:PRU00542	Helicase C-terminal	domain_ft
O46102	427-463	ECO:0000255	PAP-associated	domain_ft
O46197	137-234	ECO:0000255|PROSITE-ProRule:PRU00040	C-type lectin	domain_ft
O46202	34-88	ECO:0000255	TIL	domain_ft
O46339	127-211	ECO:0000255	MEIS N-terminal	domain_ft
O61267	174-441	ECO:0000255|PROSITE-ProRule:PRU00159	Protein kinase	domain_ft
O61267	69-129	ECO:0000255|PROSITE-ProRule:PRU00086, ECO:0000305	FHA	domain_ft
O61305	106-276	ECO:0000255|PROSITE-ProRule:PRU00541	Helicase ATP-binding	domain_ft
O61305	287-455	ECO:0000255|PROSITE-ProRule:PRU00542	Helicase C-terminal	domain_ft
O61307	536-572	ECO:0000255|PROSITE-ProRule:PRU00076	EGF-like 1	domain_ft
O61307	574-606	ECO:0000255|PROSITE-ProRule:PRU00076	EGF-like 2	domain_ft
O61307	643-676	ECO:0000255|PROSITE-ProRule:PRU00076	EGF-like 3	domain_ft
O61307	738-774	ECO:0000255|PROSITE-ProRule:PRU00076	EGF-like 4	domain_ft
O61345	139-490	ECO:0000255|PROSITE-ProRule:PRU00318	PUM-HD	domain_ft
O61366	40-158	ECO:0000255|PROSITE-ProRule:PRU00037, ECO:0000305	BTB	domain_ft
O61443	24-311	ECO:0000255|PROSITE-ProRule:PRU00159	Protein kinase	domain_ft
O61661	22-279	ECO:0000255|PROSITE-ProRule:PRU00159	Protein kinase	domain_ft
O61722	13-166	ECO:0000255|PROSITE-ProRule:PRU00160	Tyrosine-protein phosphatase	domain_ft
O61734	104-175	ECO:0000255|PROSITE-ProRule:PRU00140	PAS 1	domain_ft
O61734	297-367	ECO:0000255|PROSITE-ProRule:PRU00140	PAS 2	domain_ft
O61734	30-83	ECO:0000255|PROSITE-ProRule:PRU00981	bHLH	domain_ft
O61734	372-413		PAC	domain_ft
O61735	15-65	ECO:0000255|PROSITE-ProRule:PRU00981	bHLH	domain_ft
O61735	255-321	ECO:0000255|PROSITE-ProRule:PRU00140	PAS 2	domain_ft
O61735	88-160	ECO:0000255|PROSITE-ProRule:PRU00140	PAS 1	domain_ft
O62589	246-531	ECO:0000255|PROSITE-ProRule:PRU00274	Peptidase S1	domain_ft
O62609	46-170	ECO:0000255|PROSITE-ProRule:PRU00438	MH1	domain_ft
O62609	546-771	ECO:0000255|PROSITE-ProRule:PRU00439	MH2	domain_ft
O62618	25-312	ECO:0000255|PROSITE-ProRule:PRU00159	Protein kinase	domain_ft
O76324	9-277	ECO:0000255|PROSITE-ProRule:PRU00159	Protein kinase	domain_ft
O76460	172-346	ECO:0000255|PROSITE-ProRule:PRU00541	Helicase ATP-binding	domain_ft
O76460	503-660	ECO:0000255|PROSITE-ProRule:PRU00542	Helicase C-terminal	domain_ft
O76464	315-422	ECO:0000255|PROSITE-ProRule:PRU00464	HIT	domain_ft
O76464	33-279	ECO:0000255|PROSITE-ProRule:PRU00054	CN hydrolase	domain_ft
O76878	282-401	ECO:0000255|PROSITE-ProRule:PRU01113	RH2	domain_ft
O76878	8-96	ECO:0000255|PROSITE-ProRule:PRU01112	RH1	domain_ft
O76902	35-131	ECO:0000255|PROSITE-ProRule:PRU00145	PH	domain_ft
O76906	109-173		SANT	domain_ft
O76922	281-390	ECO:0000255|PROSITE-ProRule:PRU00142	PAZ	domain_ft
O76922	555-852	ECO:0000255|PROSITE-ProRule:PRU00150	Piwi	domain_ft
O77059	5-140		Photolyase	domain_ft
O77086	1170-1292	ECO:0000255|PROSITE-ProRule:PRU00135	N-terminal Ras-GEF	domain_ft
O77086	1339-1564	ECO:0000255|PROSITE-ProRule:PRU00168	Ras-GEF	domain_ft
O77410	219-392	ECO:0000255|PROSITE-ProRule:PRU01185	PCI	domain_ft
O77438	35-156	ECO:0000255|PROSITE-ProRule:PRU00090	FZ	domain_ft
O77459	33-101	ECO:0000255|PROSITE-ProRule:PRU00037	BTB	domain_ft
O96651	170-589	ECO:0000255|PROSITE-ProRule:PRU01383	Topo IA-type catalytic	domain_ft
O96651	3-153	ECO:0000255|PROSITE-ProRule:PRU00995	Toprim	domain_ft
O96660	293-486	ECO:0000255|PROSITE-ProRule:PRU00439	MH2	domain_ft
O96660	7-134	ECO:0000255|PROSITE-ProRule:PRU00438	MH1	domain_ft
O96838	1473-1796	ECO:0000255|PROSITE-ProRule:PRU00781	PIPK	domain_ft
O96838	323-399	ECO:0000255|PROSITE-ProRule:PRU00066, ECO:0000305	DEP	domain_ft
O97143	14-267	ECO:0000255|PROSITE-ProRule:PRU00159	Protein kinase	domain_ft
O97143	381-498	ECO:0000255|PROSITE-ProRule:PRU01328	Cryptic POLO box 1 (CPB1)	domain_ft
O97143	499-602	ECO:0000255|PROSITE-ProRule:PRU01329	Cryptic POLO box 2 (CPB2)	domain_ft
O97143	660-739	ECO:0000255|PROSITE-ProRule:PRU00154	POLO box	domain_ft
O97159	1056-1218	ECO:0000255|PROSITE-ProRule:PRU00542	Helicase C-terminal	domain_ft
O97159	488-566	ECO:0000255|PROSITE-ProRule:PRU00053	Chromo 1	domain_ft
O97159	612-673	ECO:0000255|PROSITE-ProRule:PRU00053	Chromo 2	domain_ft
O97159	742-924	ECO:0000255|PROSITE-ProRule:PRU00541	Helicase ATP-binding	domain_ft
O97176	23-81	ECO:0000255|PROSITE-ProRule:PRU00798	Kazal-like 1	domain_ft
O97176	96-156	ECO:0000255|PROSITE-ProRule:PRU00798	Kazal-like 2	domain_ft
O97394	1069-1164	ECO:0000255|PROSITE-ProRule:PRU00316	Fibronectin type-III 5	domain_ft
O97394	1169-1270	ECO:0000255|PROSITE-ProRule:PRU00316	Fibronectin type-III 6	domain_ft
O97394	1275-1372	ECO:0000255|PROSITE-ProRule:PRU00316	Fibronectin type-III 7	domain_ft
O97394	1376-1469	ECO:0000255|PROSITE-ProRule:PRU00316	Fibronectin type-III 8	domain_ft
O97394	1474-1570	ECO:0000255|PROSITE-ProRule:PRU00316	Fibronectin type-III 9	domain_ft
O97394	1575-1677	ECO:0000255|PROSITE-ProRule:PRU00316	Fibronectin type-III 10	domain_ft
O97394	1682-1785	ECO:0000255|PROSITE-ProRule:PRU00316	Fibronectin type-III 11	domain_ft
O97394	1789-1883	ECO:0000255|PROSITE-ProRule:PRU00316	Fibronectin type-III 12	domain_ft
O97394	1885-1984	ECO:0000255|PROSITE-ProRule:PRU00316	Fibronectin type-III 13	domain_ft
O97394	261-355		Ig-like C2-type 2	domain_ft
O97394	359-445		Ig-like C2-type 3	domain_ft
O97394	455-541		Ig-like C2-type 4	domain_ft
O97394	546-636		Ig-like C2-type 5	domain_ft
O97394	643-753	ECO:0000255|PROSITE-ProRule:PRU00316	Fibronectin type-III 1	domain_ft
O97394	72-155		Ig-like C2-type 1	domain_ft
O97394	758-855	ECO:0000255|PROSITE-ProRule:PRU00316	Fibronectin type-III 2	domain_ft
O97394	860-967	ECO:0000255|PROSITE-ProRule:PRU00316	Fibronectin type-III 3	domain_ft
O97394	971-1065	ECO:0000255|PROSITE-ProRule:PRU00316	Fibronectin type-III 4	domain_ft
P00522	187-248	ECO:0000255|PROSITE-ProRule:PRU00192	SH3	domain_ft
P00522	254-346	ECO:0000255|PROSITE-ProRule:PRU00191	SH2	domain_ft
P00522	371-627	ECO:0000255|PROSITE-ProRule:PRU00159	Protein kinase	domain_ft
P00528	162-259	ECO:0000255|PROSITE-ProRule:PRU00191	SH2	domain_ft
P00528	284-537	ECO:0000255|PROSITE-ProRule:PRU00159	Protein kinase	domain_ft
P00528	95-156	ECO:0000255|PROSITE-ProRule:PRU00192	SH3	domain_ft
P00967	114-321	ECO:0000255|PROSITE-ProRule:PRU00409	ATP-grasp	domain_ft
P02255	45-119	ECO:0000255|PROSITE-ProRule:PRU00837	H15	domain_ft
P02515	44-154	ECO:0000255|PROSITE-ProRule:PRU00285	sHSP	domain_ft
P02516	53-161	ECO:0000255|PROSITE-ProRule:PRU00285	sHSP	domain_ft
P02517	71-179	ECO:0000255|PROSITE-ProRule:PRU00285	sHSP	domain_ft
P02518	71-182	ECO:0000255|PROSITE-ProRule:PRU00285	sHSP	domain_ft
P02839	43-104	ECO:0000255|PROSITE-ProRule:PRU00497	Chitin-binding type R&R	domain_ft
P04146	476-644	ECO:0000255|PROSITE-ProRule:PRU00457	Integrase catalytic	domain_ft
P04197	131-186	ECO:0000255|PROSITE-ProRule:PRU00625	HTH myb-type 2	domain_ft
P04197	187-237	ECO:0000255|PROSITE-ProRule:PRU00625	HTH myb-type 3	domain_ft
P04197	87-130	ECO:0000255|PROSITE-ProRule:PRU00625	HTH myb-type 1	domain_ft
P04323	231-415	ECO:0000255|PROSITE-ProRule:PRU00405	Reverse transcriptase	domain_ft
P04323	810-967	ECO:0000255|PROSITE-ProRule:PRU00457	Integrase catalytic	domain_ft
P04412	938-1198	ECO:0000255|PROSITE-ProRule:PRU00159	Protein kinase	domain_ft
P04814	31-254	ECO:0000255|PROSITE-ProRule:PRU00274	Peptidase S1	domain_ft
P05049	186-432	ECO:0000255|PROSITE-ProRule:PRU00274	Peptidase S1	domain_ft
P05049	92-138	ECO:0000255|PROSITE-ProRule:PRU01236	Clip	domain_ft
P05130	176-293	ECO:0000255|PROSITE-ProRule:PRU00041	C2	domain_ft
P05130	350-608	ECO:0000255|PROSITE-ProRule:PRU00159	Protein kinase	domain_ft
P05130	609-679	ECO:0000255|PROSITE-ProRule:PRU00618	AGC-kinase C-terminal	domain_ft
P05205	147-205	ECO:0000255|PROSITE-ProRule:PRU00053	Chromo 2	domain_ft
P05205	24-82	ECO:0000255|PROSITE-ProRule:PRU00053	Chromo 1	domain_ft
P05303	5-242		tr-type G	domain_ft
P05552	217-256	ECO:0000255|PROSITE-ProRule:PRU00371	BESS	domain_ft
P05661	33-82	ECO:0000255|PROSITE-ProRule:PRU01190	Myosin N-terminal SH3-like	domain_ft
P05661	780-809	ECO:0000255|PROSITE-ProRule:PRU00116	IQ	domain_ft
P05661	86-777	ECO:0000255|PROSITE-ProRule:PRU00782	Myosin motor	domain_ft
P05709	100-172	ECO:0000255|PROSITE-ProRule:PRU00140	PAS 1	domain_ft
P05709	24-77	ECO:0000255|PROSITE-ProRule:PRU00981	bHLH	domain_ft
P05709	266-336	ECO:0000255|PROSITE-ProRule:PRU00140	PAS 2	domain_ft
P05812	109-220	ECO:0000255|PROSITE-ProRule:PRU00285	sHSP	domain_ft
P05990	1066-1257	ECO:0000255|PROSITE-ProRule:PRU00409	ATP-grasp 2	domain_ft
P05990	1322-1477	ECO:0000255|PROSITE-ProRule:PRU01202	MGS-like	domain_ft
P05990	195-380	ECO:0000255|PROSITE-ProRule:PRU00605	Glutamine amidotransferase type-1	domain_ft
P05990	529-721	ECO:0000255|PROSITE-ProRule:PRU00409	ATP-grasp 1	domain_ft
P06742	7-41	ECO:0000255|PROSITE-ProRule:PRU00448	EF-hand 1	domain_ft
P06742	80-115	ECO:0000255|PROSITE-ProRule:PRU00448	EF-hand 2	domain_ft
P07187	39-100	ECO:0000255|PROSITE-ProRule:PRU00497	Chitin-binding type R&R	domain_ft
P07188	31-92	ECO:0000255|PROSITE-ProRule:PRU00497	Chitin-binding type R&R	domain_ft
P07189	31-92	ECO:0000255|PROSITE-ProRule:PRU00497	Chitin-binding type R&R	domain_ft
P07207	1022-1058	ECO:0000255|PROSITE-ProRule:PRU00076	EGF-like 26; calcium-binding	domain_ft
P07207	1060-1096	ECO:0000255|PROSITE-ProRule:PRU00076	EGF-like 27	domain_ft
P07207	1098-1134	ECO:0000255|PROSITE-ProRule:PRU00076	EGF-like 28	domain_ft
P07207	1136-1181	ECO:0000255|PROSITE-ProRule:PRU00076	EGF-like 29	domain_ft
P07207	1183-1219	ECO:0000255|PROSITE-ProRule:PRU00076	EGF-like 30; calcium-binding	domain_ft
P07207	1221-1257	ECO:0000255|PROSITE-ProRule:PRU00076	EGF-like 31; calcium-binding	domain_ft
P07207	1259-1295	ECO:0000255|PROSITE-ProRule:PRU00076	EGF-like 32; calcium-binding	domain_ft
P07207	1297-1335	ECO:0000255|PROSITE-ProRule:PRU00076	EGF-like 33	domain_ft
P07207	1337-1373	ECO:0000255|PROSITE-ProRule:PRU00076	EGF-like 34	domain_ft
P07207	1375-1412	ECO:0000255|PROSITE-ProRule:PRU00076	EGF-like 35	domain_ft
P07207	139-176	ECO:0000255|PROSITE-ProRule:PRU00076	EGF-like 3	domain_ft
P07207	1415-1451	ECO:0000255|PROSITE-ProRule:PRU00076	EGF-like 36	domain_ft
P07207	177-215	ECO:0000255|PROSITE-ProRule:PRU00076	EGF-like 4	domain_ft
P07207	217-253	ECO:0000255|PROSITE-ProRule:PRU00076	EGF-like 5; calcium-binding	domain_ft
P07207	255-291	ECO:0000255|PROSITE-ProRule:PRU00076	EGF-like 6	domain_ft
P07207	293-329	ECO:0000255|PROSITE-ProRule:PRU00076	EGF-like 7; calcium-binding	domain_ft
P07207	331-370	ECO:0000255|PROSITE-ProRule:PRU00076	EGF-like 8; calcium-binding	domain_ft
P07207	372-408	ECO:0000255|PROSITE-ProRule:PRU00076	EGF-like 9; calcium-binding	domain_ft
P07207	409-447	ECO:0000255|PROSITE-ProRule:PRU00076	EGF-like 10	domain_ft
P07207	449-486	ECO:0000255|PROSITE-ProRule:PRU00076	EGF-like 11; calcium-binding	domain_ft
P07207	488-524	ECO:0000255|PROSITE-ProRule:PRU00076	EGF-like 12; calcium-binding	domain_ft
P07207	526-562	ECO:0000255|PROSITE-ProRule:PRU00076	EGF-like 13; calcium-binding	domain_ft
P07207	564-600	ECO:0000255|PROSITE-ProRule:PRU00076	EGF-like 14; calcium-binding	domain_ft
P07207	58-95	ECO:0000255|PROSITE-ProRule:PRU00076	EGF-like 1	domain_ft
P07207	602-637	ECO:0000255|PROSITE-ProRule:PRU00076	EGF-like 15; calcium-binding	domain_ft
P07207	639-675	ECO:0000255|PROSITE-ProRule:PRU00076	EGF-like 16; calcium-binding	domain_ft
P07207	677-713	ECO:0000255|PROSITE-ProRule:PRU00076	EGF-like 17; calcium-binding	domain_ft
P07207	715-751	ECO:0000255|PROSITE-ProRule:PRU00076	EGF-like 18; calcium-binding	domain_ft
P07207	753-789	ECO:0000255|PROSITE-ProRule:PRU00076	EGF-like 19; calcium-binding	domain_ft
P07207	791-827	ECO:0000255|PROSITE-ProRule:PRU00076	EGF-like 20; calcium-binding	domain_ft
P07207	829-865	ECO:0000255|PROSITE-ProRule:PRU00076	EGF-like 21; calcium-binding	domain_ft
P07207	867-905	ECO:0000255|PROSITE-ProRule:PRU00076	EGF-like 22	domain_ft
P07207	907-944	ECO:0000255|PROSITE-ProRule:PRU00076	EGF-like 23; calcium-binding	domain_ft
P07207	946-982	ECO:0000255|PROSITE-ProRule:PRU00076	EGF-like 24; calcium-binding	domain_ft
P07207	96-136	ECO:0000255|PROSITE-ProRule:PRU00076	EGF-like 2	domain_ft
P07207	984-1020	ECO:0000255|PROSITE-ProRule:PRU00076	EGF-like 25	domain_ft
P07663	238-373	ECO:0000255|PROSITE-ProRule:PRU00140	PAS 1	domain_ft
P07663	391-497	ECO:0000255|PROSITE-ProRule:PRU00140	PAS 2	domain_ft
P07664	1-90	ECO:0000269|PubMed:35580610	ZAD	domain_ft
P07909	122-199	ECO:0000255|PROSITE-ProRule:PRU00176	RRM 2	domain_ft
P07909	31-107	ECO:0000255|PROSITE-ProRule:PRU00176	RRM 1	domain_ft
P08120	1555-1778	ECO:0000255|PROSITE-ProRule:PRU00736	Collagen IV NC1	domain_ft
P08181	37-322	ECO:0000255|PROSITE-ProRule:PRU00159	Protein kinase	domain_ft
P08630	342-402	ECO:0000255|PROSITE-ProRule:PRU00192	SH3	domain_ft
P08630	41-184	ECO:0000255|PROSITE-ProRule:PRU00145	PH	domain_ft
P08630	410-503	ECO:0000255|PROSITE-ProRule:PRU00191	SH2	domain_ft
P08630	526-779	ECO:0000255|PROSITE-ProRule:PRU00159	Protein kinase	domain_ft
P08736	5-242		tr-type G	domain_ft
P08928	461-588	ECO:0000255|PROSITE-ProRule:PRU01187	LTD	domain_ft
P08928	54-410	ECO:0000255|PROSITE-ProRule:PRU01188	IF rod	domain_ft
P08953	561-620		LRRCT 1	domain_ft
P08953	622-663		LRRNT	domain_ft
P08953	751-801		LRRCT 2	domain_ft
P08953	857-993	ECO:0000255|PROSITE-ProRule:PRU00204	TIR	domain_ft
P08985	5-125	ECO:0000255	Histone H2A	domain_ft
P09052	276-453	ECO:0000255|PROSITE-ProRule:PRU00541	Helicase ATP-binding	domain_ft
P09052	477-624	ECO:0000255|PROSITE-ProRule:PRU00542	Helicase C-terminal	domain_ft
P09208	1210-1305	ECO:0000255|PROSITE-ProRule:PRU00316	Fibronectin type-III 3	domain_ft
P09208	1371-1659	ECO:0000255|PROSITE-ProRule:PRU00159	Protein kinase	domain_ft
P09208	825-927	ECO:0000255|PROSITE-ProRule:PRU00316	Fibronectin type-III 1	domain_ft
P09208	928-1026	ECO:0000255|PROSITE-ProRule:PRU00316	Fibronectin type-III 2	domain_ft
P09774	83-145	ECO:0000255|PROSITE-ProRule:PRU00981	bHLH	domain_ft
P09775	159-223	ECO:0000255|PROSITE-ProRule:PRU00981	bHLH	domain_ft
P0CG69	1-76	ECO:0000255|PROSITE-ProRule:PRU00214	Ubiquitin-like 1	domain_ft
P0CG69	153-228	ECO:0000255|PROSITE-ProRule:PRU00214	Ubiquitin-like 3	domain_ft
P0CG69	229-304	ECO:0000255|PROSITE-ProRule:PRU00214	Ubiquitin-like 4	domain_ft
P0CG69	305-380	ECO:0000255|PROSITE-ProRule:PRU00214	Ubiquitin-like 5	domain_ft
P0CG69	381-456	ECO:0000255|PROSITE-ProRule:PRU00214	Ubiquitin-like 6	domain_ft
P0CG69	457-532	ECO:0000255|PROSITE-ProRule:PRU00214	Ubiquitin-like 7	domain_ft
P0CG69	533-608	ECO:0000255|PROSITE-ProRule:PRU00214	Ubiquitin-like 8	domain_ft
P0CG69	609-684	ECO:0000255|PROSITE-ProRule:PRU00214	Ubiquitin-like 9	domain_ft
P0CG69	685-760	ECO:0000255|PROSITE-ProRule:PRU00214	Ubiquitin-like 10	domain_ft
P0CG69	77-152	ECO:0000255|PROSITE-ProRule:PRU00214	Ubiquitin-like 2	domain_ft
P10040	1021-1203	ECO:0000255|PROSITE-ProRule:PRU00122	Laminin G-like 1	domain_ft
P10040	1205-1241	ECO:0000255|PROSITE-ProRule:PRU00076	EGF-like 18	domain_ft
P10040	1248-1483	ECO:0000255|PROSITE-ProRule:PRU00122	Laminin G-like 2	domain_ft
P10040	1479-1515	ECO:0000255|PROSITE-ProRule:PRU00076	EGF-like 19	domain_ft
P10040	1555-1757	ECO:0000255|PROSITE-ProRule:PRU00122	Laminin G-like 3	domain_ft
P10040	1758-1792	ECO:0000255|PROSITE-ProRule:PRU00076	EGF-like 20	domain_ft
P10040	1794-1830	ECO:0000255|PROSITE-ProRule:PRU00076	EGF-like 21; calcium-binding	domain_ft
P10040	1832-1868	ECO:0000255|PROSITE-ProRule:PRU00076	EGF-like 22; calcium-binding	domain_ft
P10040	1871-1909	ECO:0000255|PROSITE-ProRule:PRU00076	EGF-like 23	domain_ft
P10040	1912-1948	ECO:0000255|PROSITE-ProRule:PRU00076	EGF-like 24	domain_ft
P10040	1950-1987	ECO:0000255|PROSITE-ProRule:PRU00076	EGF-like 25; calcium-binding	domain_ft
P10040	1989-2027	ECO:0000255|PROSITE-ProRule:PRU00076	EGF-like 26; calcium-binding	domain_ft
P10040	2028-2068	ECO:0000255|PROSITE-ProRule:PRU00076	EGF-like 27	domain_ft
P10040	265-301	ECO:0000255|PROSITE-ProRule:PRU00076	EGF-like 1	domain_ft
P10040	304-341	ECO:0000255|PROSITE-ProRule:PRU00076	EGF-like 2	domain_ft
P10040	346-384	ECO:0000255|PROSITE-ProRule:PRU00076	EGF-like 3	domain_ft
P10040	386-423	ECO:0000255|PROSITE-ProRule:PRU00076	EGF-like 4; calcium-binding	domain_ft
P10040	425-461	ECO:0000255|PROSITE-ProRule:PRU00076	EGF-like 5; calcium-binding	domain_ft
P10040	462-498	ECO:0000255|PROSITE-ProRule:PRU00076	EGF-like 6	domain_ft
P10040	543-579	ECO:0000255|PROSITE-ProRule:PRU00076	EGF-like 7	domain_ft
P10040	609-644	ECO:0000255|PROSITE-ProRule:PRU00076	EGF-like 8	domain_ft
P10040	646-683	ECO:0000255|PROSITE-ProRule:PRU00076	EGF-like 9; calcium-binding	domain_ft
P10040	685-721	ECO:0000255|PROSITE-ProRule:PRU00076	EGF-like 10; calcium-binding	domain_ft
P10040	723-759	ECO:0000255|PROSITE-ProRule:PRU00076	EGF-like 11; calcium-binding	domain_ft
P10040	761-798	ECO:0000255|PROSITE-ProRule:PRU00076	EGF-like 12; calcium-binding	domain_ft
P10040	800-836	ECO:0000255|PROSITE-ProRule:PRU00076	EGF-like 13; calcium-binding	domain_ft
P10040	838-900	ECO:0000255|PROSITE-ProRule:PRU00076	EGF-like 14	domain_ft
P10040	902-938	ECO:0000255|PROSITE-ProRule:PRU00076	EGF-like 15; calcium-binding	domain_ft
P10040	940-976	ECO:0000255|PROSITE-ProRule:PRU00076	EGF-like 16; calcium-binding	domain_ft
P10040	978-1019	ECO:0000255|PROSITE-ProRule:PRU00076	EGF-like 17	domain_ft
P10041	182-226	ECO:0000255|PROSITE-ProRule:PRU00377	DSL	domain_ft
P10041	291-329	ECO:0000255|PROSITE-ProRule:PRU00076	EGF-like 1	domain_ft
P10041	331-372	ECO:0000255|PROSITE-ProRule:PRU00076	EGF-like 2	domain_ft
P10041	374-416	ECO:0000255|PROSITE-ProRule:PRU00076	EGF-like 3	domain_ft
P10041	418-451	ECO:0000255|PROSITE-ProRule:PRU00076	EGF-like 4	domain_ft
P10041	453-489	ECO:0000255|PROSITE-ProRule:PRU00076	EGF-like 5; calcium-binding	domain_ft
P10041	491-527	ECO:0000255|PROSITE-ProRule:PRU00076	EGF-like 6	domain_ft
P10041	529-565	ECO:0000255|PROSITE-ProRule:PRU00076	EGF-like 7; calcium-binding	domain_ft
P10083	24-90	ECO:0000255|PROSITE-ProRule:PRU00981	bHLH	domain_ft
P10084	99-162	ECO:0000255|PROSITE-ProRule:PRU00981	bHLH	domain_ft
P10090	93-341	ECO:0000255|PROSITE-ProRule:PRU00434	ABC transporter	domain_ft
P10351	227-416	ECO:0000255|PROSITE-ProRule:PRU00718	FAD-binding PCMH-type	domain_ft
P10351	4-91	ECO:0000255|PROSITE-ProRule:PRU00465	2Fe-2S ferredoxin-type	domain_ft
P10383	29-150	ECO:0000255|PROSITE-ProRule:PRU00139	OTU	domain_ft
P10383	336-396	ECO:0000255|PROSITE-ProRule:PRU00211	Tudor	domain_ft
P10394	338-523	ECO:0000255|PROSITE-ProRule:PRU00405	Reverse transcriptase	domain_ft
P10394	58-131	ECO:0000255|PROSITE-ProRule:PRU00275	Peptidase A2	domain_ft
P10394	957-1119	ECO:0000255|PROSITE-ProRule:PRU00457	Integrase catalytic	domain_ft
P10401	205-390	ECO:0000255|PROSITE-ProRule:PRU00405	Reverse transcriptase	domain_ft
P10401	797-956	ECO:0000255|PROSITE-ProRule:PRU00457	Integrase catalytic	domain_ft
P10627	362-413	ECO:0000255|PROSITE-ProRule:PRU00981	bHLH	domain_ft
P10674	166-310	ECO:0000255|PROSITE-ProRule:PRU00082	FAS1 2	domain_ft
P10674	22-144	ECO:0000255|PROSITE-ProRule:PRU00082	FAS1 1	domain_ft
P10674	317-463	ECO:0000255|PROSITE-ProRule:PRU00082	FAS1 3	domain_ft
P10674	467-616	ECO:0000255|PROSITE-ProRule:PRU00082	FAS1 4	domain_ft
P10676	1036-1065	ECO:0000255|PROSITE-ProRule:PRU00116	IQ 1	domain_ft
P10676	1072-1101	ECO:0000255|PROSITE-ProRule:PRU00116	IQ 2	domain_ft
P10676	16-282	ECO:0000255|PROSITE-ProRule:PRU00159	Protein kinase	domain_ft
P10676	332-1037	ECO:0000255|PROSITE-ProRule:PRU00782	Myosin motor	domain_ft
P11046	1043-1093	ECO:0000255|PROSITE-ProRule:PRU00460	Laminin EGF-like 11	domain_ft
P11046	1094-1141	ECO:0000255|PROSITE-ProRule:PRU00460	Laminin EGF-like 12	domain_ft
P11046	1142-1188	ECO:0000255|PROSITE-ProRule:PRU00460	Laminin EGF-like 13	domain_ft
P11046	288-354	ECO:0000255|PROSITE-ProRule:PRU00460	Laminin EGF-like 1	domain_ft
P11046	355-417	ECO:0000255|PROSITE-ProRule:PRU00460	Laminin EGF-like 2	domain_ft
P11046	418-477	ECO:0000255|PROSITE-ProRule:PRU00460	Laminin EGF-like 3	domain_ft
P11046	478-528	ECO:0000255|PROSITE-ProRule:PRU00460	Laminin EGF-like 4	domain_ft
P11046	50-287	ECO:0000255|PROSITE-ProRule:PRU00466	Laminin N-terminal	domain_ft
P11046	529-559	ECO:0000255|PROSITE-ProRule:PRU00460	Laminin EGF-like 5; truncated	domain_ft
P11046	567-783	ECO:0000255|PROSITE-ProRule:PRU00462	Laminin IV type B	domain_ft
P11046	789-836	ECO:0000255|PROSITE-ProRule:PRU00460	Laminin EGF-like 6	domain_ft
P11046	837-882	ECO:0000255|PROSITE-ProRule:PRU00460	Laminin EGF-like 7	domain_ft
P11046	883-932	ECO:0000255|PROSITE-ProRule:PRU00460	Laminin EGF-like 8	domain_ft
P11046	933-990	ECO:0000255|PROSITE-ProRule:PRU00460	Laminin EGF-like 9	domain_ft
P11046	991-1042	ECO:0000255|PROSITE-ProRule:PRU00460	Laminin EGF-like 10	domain_ft
P11346	141-212	ECO:0000255|PROSITE-ProRule:PRU00262	RBD	domain_ft
P11346	429-690	ECO:0000255|PROSITE-ProRule:PRU00159	Protein kinase	domain_ft
P11420	554-607	ECO:0000255|PROSITE-ProRule:PRU00981	bHLH	domain_ft
P11449	71-108	ECO:0000255|PROSITE-ProRule:PRU00483	VM	domain_ft
P11584	186-419	ECO:0000255|PROSITE-ProRule:PRU00219	VWFA	domain_ft
P11584	507-545	ECO:0000255|PROSITE-ProRule:PRU01392	I-EGF 1	domain_ft
P11584	546-600	ECO:0000255|PROSITE-ProRule:PRU01392	I-EGF 2	domain_ft
P11584	601-639	ECO:0000255|PROSITE-ProRule:PRU01392	I-EGF 3	domain_ft
P11584	640-683	ECO:0000255|PROSITE-ProRule:PRU01392	I-EGF 4	domain_ft
P12024	1211-1274		LRRCT	domain_ft
P12252	656-985	ECO:0000255|PROSITE-ProRule:PRU01192	PDEase	domain_ft
P12370	301-353	ECO:0000255|PROSITE-ProRule:PRU00618	AGC-kinase C-terminal	domain_ft
P12370	46-300	ECO:0000255|PROSITE-ProRule:PRU00159	Protein kinase	domain_ft
P12428	34-261	ECO:0000255|PROSITE-ProRule:PRU00434	ABC transporter	domain_ft
P13002	899-1125	ECO:0000255|PROSITE-ProRule:PRU01313	Grh	domain_ft
P13055	565-813	ECO:0000255|PROSITE-ProRule:PRU01189	NR LBD	domain_ft
P13060	17-348	ECO:0000255|PROSITE-ProRule:PRU01059	tr-type G	domain_ft
P13096	18-73	ECO:0000255|PROSITE-ProRule:PRU00981	bHLH	domain_ft
P13096	89-122	ECO:0000255|PROSITE-ProRule:PRU00380	Orange	domain_ft
P13097	13-68	ECO:0000255|PROSITE-ProRule:PRU00981	bHLH	domain_ft
P13097	83-116	ECO:0000255|PROSITE-ProRule:PRU00380	Orange	domain_ft
P13098	10-65	ECO:0000255|PROSITE-ProRule:PRU00981	bHLH	domain_ft
P13098	83-116	ECO:0000255|PROSITE-ProRule:PRU00380	Orange	domain_ft
P13217	319-469	ECO:0000255|PROSITE-ProRule:PRU00270	PI-PLC X-box	domain_ft
P13217	550-666	ECO:0000255|PROSITE-ProRule:PRU00271	PI-PLC Y-box	domain_ft
P13217	666-794	ECO:0000255|PROSITE-ProRule:PRU00041	C2	domain_ft
P13238	117-154	ECO:0000255|PROSITE-ProRule:PRU00483	VM	domain_ft
P13368	1202-1290	ECO:0000255|PROSITE-ProRule:PRU00316	Fibronectin type-III 3	domain_ft
P13368	1294-1397	ECO:0000255|PROSITE-ProRule:PRU00316	Fibronectin type-III 4	domain_ft
P13368	1801-1901	ECO:0000255|PROSITE-ProRule:PRU00316	Fibronectin type-III 5	domain_ft
P13368	1902-1988	ECO:0000255|PROSITE-ProRule:PRU00316	Fibronectin type-III 6	domain_ft
P13368	1995-2117	ECO:0000255|PROSITE-ProRule:PRU00316	Fibronectin type-III 7	domain_ft
P13368	2209-2485	ECO:0000255|PROSITE-ProRule:PRU00159	Protein kinase	domain_ft
P13368	440-533	ECO:0000255|PROSITE-ProRule:PRU00316	Fibronectin type-III 1	domain_ft
P13368	824-924	ECO:0000255|PROSITE-ProRule:PRU00316	Fibronectin type-III 2	domain_ft
P13395	2265-2300	ECO:0000255|PROSITE-ProRule:PRU00448	EF-hand 1	domain_ft
P13395	2308-2343	ECO:0000255|PROSITE-ProRule:PRU00448	EF-hand 2	domain_ft
P13395	970-1029	ECO:0000255|PROSITE-ProRule:PRU00192	SH3	domain_ft
P13469	175-251	ECO:0000255|PROSITE-ProRule:PRU00176	RRM 1	domain_ft
P13469	258-331	ECO:0000255|PROSITE-ProRule:PRU00176	RRM 2	domain_ft
P13469	340-429	ECO:0000255|PROSITE-ProRule:PRU00176	RRM 3	domain_ft
P13469	420-489	ECO:0000255|PROSITE-ProRule:PRU00176	RRM 4	domain_ft
P13496	27-69	ECO:0000255|PROSITE-ProRule:PRU00045	CAP-Gly	domain_ft
P13582	128-391	ECO:0000255|PROSITE-ProRule:PRU00274	Peptidase S1	domain_ft
P13582	36-89	ECO:0000255|PROSITE-ProRule:PRU01236	Clip	domain_ft
P13677	189-310	ECO:0000255|PROSITE-ProRule:PRU00041	C2	domain_ft
P13677	371-629	ECO:0000255|PROSITE-ProRule:PRU00159	Protein kinase	domain_ft
P13677	630-700	ECO:0000255|PROSITE-ProRule:PRU00618	AGC-kinase C-terminal	domain_ft
P13678	1-117	ECO:0000255|PROSITE-ProRule:PRU00041	C2	domain_ft
P13678	408-665	ECO:0000255|PROSITE-ProRule:PRU00159	Protein kinase	domain_ft
P13678	666-737	ECO:0000255|PROSITE-ProRule:PRU00618	AGC-kinase C-terminal	domain_ft
P13709	34-140	ECO:0000255|PROSITE-ProRule:PRU00035	Bromo 1	domain_ft
P13709	475-584	ECO:0000255|PROSITE-ProRule:PRU00035	Bromo 2	domain_ft
P13709	942-1024	ECO:0000255|PROSITE-ProRule:PRU00857	NET	domain_ft
P14003	107-136	ECO:0000255|PROSITE-ProRule:PRU00380	Orange	domain_ft
P14003	31-88	ECO:0000255|PROSITE-ProRule:PRU00981	bHLH	domain_ft
P14083	140-205	ECO:0000255|PROSITE-ProRule:PRU00037	BTB	domain_ft
P14083	781-833	ECO:0000255|PROSITE-ProRule:PRU00320	HTH psq-type	domain_ft
P14199	3-88	ECO:0000255|PROSITE-ProRule:PRU01081	PB1	domain_ft
P14199	550-595	ECO:0000255|PROSITE-ProRule:PRU00212	UBA	domain_ft
P14318	17-122	ECO:0000255|PROSITE-ProRule:PRU00044	Calponin-homology (CH)	domain_ft
P14484	42-103	ECO:0000255|PROSITE-ProRule:PRU00497	Chitin-binding type R&R	domain_ft
P14599	30-199	ECO:0000255|PROSITE-ProRule:PRU01217	E1	domain_ft
P14599	395-597	ECO:0000255|PROSITE-ProRule:PRU01218	E2	domain_ft
P14773	106-263	ECO:0000255|PROSITE-ProRule:PRU00199	SSD	domain_ft
P14785	206-332	ECO:0000255	Cyclin N-terminal	domain_ft
P15215	1004-1049	ECO:0000255|PROSITE-ProRule:PRU00460	Laminin EGF-like 11	domain_ft
P15215	299-358	ECO:0000255|PROSITE-ProRule:PRU00460	Laminin EGF-like 1	domain_ft
P15215	359-413	ECO:0000255|PROSITE-ProRule:PRU00460	Laminin EGF-like 2	domain_ft
P15215	414-460	ECO:0000255|PROSITE-ProRule:PRU00460	Laminin EGF-like 3	domain_ft
P15215	461-513	ECO:0000255|PROSITE-ProRule:PRU00460	Laminin EGF-like 4	domain_ft
P15215	514-523	ECO:0000255|PROSITE-ProRule:PRU00460	Laminin EGF-like 5; first part	domain_ft
P15215	533-709	ECO:0000255|PROSITE-ProRule:PRU00458	Laminin IV type A	domain_ft
P15215	63-298	ECO:0000255|PROSITE-ProRule:PRU00466	Laminin N-terminal	domain_ft
P15215	710-743	ECO:0000255|PROSITE-ProRule:PRU00460	Laminin EGF-like 5; second part	domain_ft
P15215	744-792	ECO:0000255|PROSITE-ProRule:PRU00460	Laminin EGF-like 6	domain_ft
P15215	793-846	ECO:0000255|PROSITE-ProRule:PRU00460	Laminin EGF-like 7	domain_ft
P15215	847-901	ECO:0000255|PROSITE-ProRule:PRU00460	Laminin EGF-like 8	domain_ft
P15215	902-955	ECO:0000255|PROSITE-ProRule:PRU00460	Laminin EGF-like 9	domain_ft
P15215	956-1003	ECO:0000255|PROSITE-ProRule:PRU00460	Laminin EGF-like 10	domain_ft
P15278	126-223		Ig-like C2-type 1	domain_ft
P15278	236-310		Ig-like C2-type 2	domain_ft
P15278	44-106		Ig-like V-type	domain_ft
P15330	47-342	ECO:0000255|PROSITE-ProRule:PRU00265	RHD	domain_ft
P15348	435-552	ECO:0000255|PROSITE-ProRule:PRU00995	Toprim	domain_ft
P15348	695-1169	ECO:0000255|PROSITE-ProRule:PRU01384	Topo IIA-type catalytic	domain_ft
P15357	1-76	ECO:0000255|PROSITE-ProRule:PRU00214	Ubiquitin-like	domain_ft
P15364	139-223		Ig-like C2-type 1	domain_ft
P15364	230-323		Ig-like C2-type 2	domain_ft
P15364	25-128		Ig-like V-type	domain_ft
P15425	30-190	ECO:0000255|PROSITE-ProRule:PRU00156	PPIase cyclophilin-type	domain_ft
P16241	212-286	ECO:0000255|PROSITE-ProRule:PRU00530	POU-specific	domain_ft
P16375	307-532	ECO:0000255|PROSITE-ProRule:PRU01189	NR LBD	domain_ft
P16376	307-556	ECO:0000255|PROSITE-ProRule:PRU01189	NR LBD	domain_ft
P16378	32-354	ECO:0000255|PROSITE-ProRule:PRU01230	G-alpha	domain_ft
P16423	384-660	ECO:0000255|PROSITE-ProRule:PRU00405	Reverse transcriptase	domain_ft
P16425	479-741	ECO:0000255|PROSITE-ProRule:PRU00405	Reverse transcriptase	domain_ft
P16554	81-208	ECO:0000255|PROSITE-ProRule:PRU00148	PID	domain_ft
P16620	1187-1450	ECO:0000255|PROSITE-ProRule:PRU00160	Tyrosine-protein phosphatase 2	domain_ft
P16620	131-230		Ig-like C2-type 2	domain_ft
P16620	237-332	ECO:0000255|PROSITE-ProRule:PRU00316	Fibronectin type-III 1	domain_ft
P16620	29-125		Ig-like C2-type 1	domain_ft
P16620	334-435	ECO:0000255|PROSITE-ProRule:PRU00316	Fibronectin type-III 2	domain_ft
P16620	439-547	ECO:0000255|PROSITE-ProRule:PRU00316	Fibronectin type-III 3	domain_ft
P16620	893-1156	ECO:0000255|PROSITE-ProRule:PRU00160	Tyrosine-protein phosphatase 1	domain_ft
P16621	1009-1102	ECO:0000255|PROSITE-ProRule:PRU00316	Fibronectin type-III 8	domain_ft
P16621	1104-1206	ECO:0000255|PROSITE-ProRule:PRU00316	Fibronectin type-III 9	domain_ft
P16621	140-224		Ig-like C2-type 2	domain_ft
P16621	1474-1729	ECO:0000255|PROSITE-ProRule:PRU00160	Tyrosine-protein phosphatase 1	domain_ft
P16621	1761-2020	ECO:0000255|PROSITE-ProRule:PRU00160	Tyrosine-protein phosphatase 2	domain_ft
P16621	234-316		Ig-like C2-type 3	domain_ft
P16621	324-414	ECO:0000255|PROSITE-ProRule:PRU00316	Fibronectin type-III 1	domain_ft
P16621	36-128		Ig-like C2-type 1	domain_ft
P16621	419-513	ECO:0000255|PROSITE-ProRule:PRU00316	Fibronectin type-III 2	domain_ft
P16621	517-608	ECO:0000255|PROSITE-ProRule:PRU00316	Fibronectin type-III 3	domain_ft
P16621	613-707	ECO:0000255|PROSITE-ProRule:PRU00316	Fibronectin type-III 4	domain_ft
P16621	711-810	ECO:0000255|PROSITE-ProRule:PRU00316	Fibronectin type-III 5	domain_ft
P16621	815-911	ECO:0000255|PROSITE-ProRule:PRU00316	Fibronectin type-III 6	domain_ft
P16621	912-1005	ECO:0000255|PROSITE-ProRule:PRU00316	Fibronectin type-III 7	domain_ft
P16911	302-354	ECO:0000255|PROSITE-ProRule:PRU00618	AGC-kinase C-terminal	domain_ft
P16911	45-301	ECO:0000255|PROSITE-ProRule:PRU00159	Protein kinase	domain_ft
P16912	274-528	ECO:0000255|PROSITE-ProRule:PRU00159	Protein kinase	domain_ft
P16912	529-583	ECO:0000255|PROSITE-ProRule:PRU00618	AGC-kinase C-terminal	domain_ft
P16914	149-240	ECO:0000255|PROSITE-ProRule:PRU00176	RRM 1	domain_ft
P16914	248-329	ECO:0000255|PROSITE-ProRule:PRU00176	RRM 2	domain_ft
P16914	402-480	ECO:0000255|PROSITE-ProRule:PRU00176	RRM 3	domain_ft
P17133	102-180	ECO:0000255|PROSITE-ProRule:PRU00176	RRM	domain_ft
P17207	41-269	ECO:0000255|PROSITE-ProRule:PRU00274	Peptidase S1	domain_ft
P17210	12-333	ECO:0000255|PROSITE-ProRule:PRU00283	Kinesin motor	domain_ft
P17276	36-107	ECO:0000255|PROSITE-ProRule:PRU01007	ACT	domain_ft
P17671	352-600	ECO:0000255|PROSITE-ProRule:PRU01189	NR LBD	domain_ft
P17672	508-756	ECO:0000255|PROSITE-ProRule:PRU01189	NR LBD	domain_ft
P17719	3-180	ECO:0000255|PROSITE-ProRule:PRU00660	DHFR	domain_ft
P17789	33-98	ECO:0000255|PROSITE-ProRule:PRU00037	BTB	domain_ft
P18091	147-253	ECO:0000255|PROSITE-ProRule:PRU00044	Calponin-homology (CH) 2	domain_ft
P18091	34-138	ECO:0000255|PROSITE-ProRule:PRU00044	Calponin-homology (CH) 1	domain_ft
P18091	778-813	ECO:0000255|PROSITE-ProRule:PRU00448	EF-hand 1	domain_ft
P18091	819-854	ECO:0000255|PROSITE-ProRule:PRU00448	EF-hand 2	domain_ft
P18101	1-76	ECO:0000255|PROSITE-ProRule:PRU00214	Ubiquitin-like	domain_ft
P18102	189-450	ECO:0000255|PROSITE-ProRule:PRU01189	NR LBD	domain_ft
P18105	8-320	ECO:0000255|PROSITE-ProRule:PRU00283	Kinesin motor	domain_ft
P18106	1-264	ECO:0000255|PROSITE-ProRule:PRU01077	F-BAR	domain_ft
P18106	1063-1318	ECO:0000255|PROSITE-ProRule:PRU00159	Protein kinase	domain_ft
P18106	960-1051	ECO:0000255|PROSITE-ProRule:PRU00191	SH2	domain_ft
P18168	238-282	ECO:0000255|PROSITE-ProRule:PRU00377	DSL	domain_ft
P18168	283-316	ECO:0000255|PROSITE-ProRule:PRU00076	EGF-like 1	domain_ft
P18168	314-348	ECO:0000255|PROSITE-ProRule:PRU00076	EGF-like 2	domain_ft
P18168	350-388	ECO:0000255|PROSITE-ProRule:PRU00076	EGF-like 3	domain_ft
P18168	390-488	ECO:0000255|PROSITE-ProRule:PRU00076	EGF-like 4	domain_ft
P18168	490-526	ECO:0000255|PROSITE-ProRule:PRU00076	EGF-like 5; calcium-binding	domain_ft
P18168	528-608	ECO:0000255|PROSITE-ProRule:PRU00076	EGF-like 6; calcium-binding	domain_ft
P18168	610-645	ECO:0000255|PROSITE-ProRule:PRU00076	EGF-like 7; calcium-binding	domain_ft
P18168	647-683	ECO:0000255|PROSITE-ProRule:PRU00076	EGF-like 8; calcium-binding	domain_ft
P18168	685-720	ECO:0000255|PROSITE-ProRule:PRU00076	EGF-like 9	domain_ft
P18168	722-796	ECO:0000255|PROSITE-ProRule:PRU00076	EGF-like 10	domain_ft
P18168	798-834	ECO:0000255|PROSITE-ProRule:PRU00076	EGF-like 11; calcium-binding	domain_ft
P18168	836-876	ECO:0000255|PROSITE-ProRule:PRU00076	EGF-like 12	domain_ft
P18168	878-914	ECO:0000255|PROSITE-ProRule:PRU00076	EGF-like 13	domain_ft
P18168	916-952	ECO:0000255|PROSITE-ProRule:PRU00076	EGF-like 14; calcium-binding	domain_ft
P18289	212-275	ECO:0000255|PROSITE-ProRule:PRU00978	bZIP	domain_ft
P18431	54-338	ECO:0000255|PROSITE-ProRule:PRU00159	Protein kinase	domain_ft
P18432	147-180	ECO:0000255|PROSITE-ProRule:PRU00448	EF-hand 2	domain_ft
P18432	181-216	ECO:0000255|PROSITE-ProRule:PRU00448	EF-hand 3	domain_ft
P18432	75-110	ECO:0000255|PROSITE-ProRule:PRU00448	EF-hand 1	domain_ft
P18475	475-874	ECO:0000255|PROSITE-ProRule:PRU00159	Protein kinase	domain_ft
P18489	47-107	ECO:0000255|PROSITE-ProRule:PRU00290	v-SNARE coiled-coil homology	domain_ft
P18491	23-75	ECO:0000255|PROSITE-ProRule:PRU00981	bHLH	domain_ft
P18502	428-583	ECO:0000255|PROSITE-ProRule:PRU00199	SSD	domain_ft
P18537	48-166	ECO:0000255|PROSITE-ProRule:PRU00090	FZ	domain_ft
P19018	97-175	ECO:0000255|PROSITE-ProRule:PRU00176	RRM	domain_ft
P19109	312-487	ECO:0000255|PROSITE-ProRule:PRU00541	Helicase ATP-binding	domain_ft
P19109	519-664	ECO:0000255|PROSITE-ProRule:PRU00542	Helicase C-terminal	domain_ft
P19339	125-203	ECO:0000255|PROSITE-ProRule:PRU00176	RRM 1	domain_ft
P19339	211-291	ECO:0000255|PROSITE-ProRule:PRU00176	RRM 2	domain_ft
P19967	16-100	ECO:0000255|PROSITE-ProRule:PRU00279	Cytochrome b5 heme-binding	domain_ft
P20153	239-498	ECO:0000255|PROSITE-ProRule:PRU01189	NR LBD	domain_ft
P20193	987-1026	ECO:0000255|PROSITE-ProRule:PRU00371	BESS	domain_ft
P20232	153-268	ECO:0000255|PROSITE-ProRule:PRU00651	TFIIS central	domain_ft
P20232	5-83	ECO:0000255|PROSITE-ProRule:PRU00649	TFIIS N-terminal	domain_ft
P20240	1-30	ECO:0000255|PROSITE-ProRule:PRU00313	LEM	domain_ft
P20241	1021-1119	ECO:0000255|PROSITE-ProRule:PRU00316	Fibronectin type-III 5	domain_ft
P20241	134-225		Ig-like C2-type 2	domain_ft
P20241	245-330		Ig-like C2-type 3	domain_ft
P20241	29-133		Ig-like C2-type 1	domain_ft
P20241	339-426		Ig-like C2-type 4	domain_ft
P20241	432-524		Ig-like C2-type 5	domain_ft
P20241	521-610		Ig-like C2-type 6	domain_ft
P20241	614-711	ECO:0000255|PROSITE-ProRule:PRU00316	Fibronectin type-III 1	domain_ft
P20241	716-813	ECO:0000255|PROSITE-ProRule:PRU00316	Fibronectin type-III 2	domain_ft
P20241	818-915	ECO:0000255|PROSITE-ProRule:PRU00316	Fibronectin type-III 3	domain_ft
P20241	916-1017	ECO:0000255|PROSITE-ProRule:PRU00316	Fibronectin type-III 4	domain_ft
P20353	33-355	ECO:0000255|PROSITE-ProRule:PRU01230	G-alpha	domain_ft
P20354	42-385	ECO:0000255|PROSITE-ProRule:PRU01230	G-alpha	domain_ft
P20432	1-81		GST N-terminal	domain_ft
P20432	87-208		GST C-terminal	domain_ft
P20477	150-399	ECO:0000255|PROSITE-ProRule:PRU01331	GS catalytic	domain_ft
P20477	62-143	ECO:0000255|PROSITE-ProRule:PRU01330	GS beta-grasp	domain_ft
P20478	119-369	ECO:0000255|PROSITE-ProRule:PRU01331	GS catalytic	domain_ft
P20478	32-112	ECO:0000255|PROSITE-ProRule:PRU01330	GS beta-grasp	domain_ft
P20480	348-670	ECO:0000255|PROSITE-ProRule:PRU00283	Kinesin motor	domain_ft
P20482	1195-1258	ECO:0000255|PROSITE-ProRule:PRU00978	bZIP	domain_ft
P20483	316-432	ECO:0000255|PROSITE-ProRule:PRU00173	Rhodanese	domain_ft
P20659	1496-1663	ECO:0000255|PROSITE-ProRule:PRU00035	Bromo	domain_ft
P20659	1884-1941	ECO:0000255|PROSITE-ProRule:PRU00875	FYR N-terminal	domain_ft
P20659	3386-3470	ECO:0000255|PROSITE-ProRule:PRU00876	FYR C-terminal	domain_ft
P20659	3588-3704	ECO:0000255|PROSITE-ProRule:PRU00190	SET	domain_ft
P20659	3710-3726	ECO:0000255|PROSITE-ProRule:PRU00155	Post-SET	domain_ft
P20825	230-414	ECO:0000255|PROSITE-ProRule:PRU00405	Reverse transcriptase	domain_ft
P20825	812-967	ECO:0000255|PROSITE-ProRule:PRU00457	Integrase catalytic	domain_ft
P21187	181-259	ECO:0000255|PROSITE-ProRule:PRU00176	RRM 3	domain_ft
P21187	2-80	ECO:0000255|PROSITE-ProRule:PRU00176	RRM 1	domain_ft
P21187	285-362	ECO:0000255|PROSITE-ProRule:PRU00176	RRM 4	domain_ft
P21187	552-629	ECO:0000255|PROSITE-ProRule:PRU00641	PABC	domain_ft
P21187	90-167	ECO:0000255|PROSITE-ProRule:PRU00176	RRM 2	domain_ft
P21328	483-757	ECO:0000255|PROSITE-ProRule:PRU00405	Reverse transcriptase	domain_ft
P21520	533-737	ECO:0000255|PROSITE-ProRule:PRU00739	Fibrinogen C-terminal	domain_ft
P21521	192-312	ECO:0000255|PROSITE-ProRule:PRU00041	C2 1	domain_ft
P21521	325-458	ECO:0000255|PROSITE-ProRule:PRU00041	C2 2	domain_ft
P21525	418-481	ECO:0000255|PROSITE-ProRule:PRU00978	bZIP	domain_ft
P21914	185-215	ECO:0000255|PROSITE-ProRule:PRU00711	4Fe-4S ferredoxin-type	domain_ft
P21914	47-140	ECO:0000255|PROSITE-ProRule:PRU00465	2Fe-2S ferredoxin-type	domain_ft
P22812	27-152		Death	domain_ft
P22814	106-234	ECO:0000255|PROSITE-ProRule:PRU00399	Runt	domain_ft
P22816	161-212	ECO:0000255|PROSITE-ProRule:PRU00981	bHLH	domain_ft
P22978	12-110	ECO:0000255|PROSITE-ProRule:PRU00173	Rhodanese	domain_ft
P22979	63-170	ECO:0000255|PROSITE-ProRule:PRU00285	sHSP	domain_ft
P23128	269-429	ECO:0000255|PROSITE-ProRule:PRU00542	Helicase C-terminal	domain_ft
P23128	89-259	ECO:0000255|PROSITE-ProRule:PRU00541	Helicase ATP-binding	domain_ft
P23572	4-287	ECO:0000255|PROSITE-ProRule:PRU00159	Protein kinase	domain_ft
P23573	8-287	ECO:0000255|PROSITE-ProRule:PRU00159	Protein kinase	domain_ft
P23625	32-353	ECO:0000255|PROSITE-ProRule:PRU01230	G-alpha	domain_ft
P23647	4-254	ECO:0000255|PROSITE-ProRule:PRU00159	Protein kinase	domain_ft
P24014	1009-1046	ECO:0000255|PROSITE-ProRule:PRU00076	EGF-like 3; calcium-binding	domain_ft
P24014	1048-1086	ECO:0000255|PROSITE-ProRule:PRU00076	EGF-like 4	domain_ft
P24014	1088-1124	ECO:0000255|PROSITE-ProRule:PRU00076	EGF-like 5; calcium-binding	domain_ft
P24014	1135-1173	ECO:0000255|PROSITE-ProRule:PRU00076	EGF-like 6	domain_ft
P24014	1176-1349	ECO:0000255|PROSITE-ProRule:PRU00122	Laminin G-like	domain_ft
P24014	1377-1416	ECO:0000255|PROSITE-ProRule:PRU00076	EGF-like 7	domain_ft
P24014	1433-1504	ECO:0000255|PROSITE-ProRule:PRU00039	CTCK	domain_ft
P24014	254-304		LRRCT 1	domain_ft
P24014	310-346		LRRNT 2	domain_ft
P24014	476-526		LRRCT 2	domain_ft
P24014	534-570		LRRNT 3	domain_ft
P24014	64-100		LRRNT 1	domain_ft
P24014	677-727		LRRCT 3	domain_ft
P24014	730-766		LRRNT 4	domain_ft
P24014	872-922		LRRCT 4	domain_ft
P24014	931-968	ECO:0000255|PROSITE-ProRule:PRU00076	EGF-like 1	domain_ft
P24014	970-1007	ECO:0000255|PROSITE-ProRule:PRU00076	EGF-like 2	domain_ft
P24350	222-299	ECO:0000255|PROSITE-ProRule:PRU00530	POU-specific	domain_ft
P24785	169-241	ECO:0000255|PROSITE-ProRule:PRU00266	DRBM 2	domain_ft
P24785	2-70	ECO:0000255|PROSITE-ProRule:PRU00266	DRBM 1	domain_ft
P24785	394-560	ECO:0000255|PROSITE-ProRule:PRU00541	Helicase ATP-binding	domain_ft
P24785	639-813	ECO:0000255|PROSITE-ProRule:PRU00542	Helicase C-terminal	domain_ft
P25007	70-226	ECO:0000255|PROSITE-ProRule:PRU00156	PPIase cyclophilin-type	domain_ft
P25008	48-151		Cyclin N-terminal	domain_ft
P25153	4-150	ECO:0000255|PROSITE-ProRule:PRU00388	UBC core	domain_ft
P25157	131-457	ECO:0000255|PROSITE-ProRule:PRU01230	G-alpha	domain_ft
P25158	152-221	ECO:0000255|PROSITE-ProRule:PRU00975	HTH OST-type	domain_ft
P25159	311-378	ECO:0000255|PROSITE-ProRule:PRU00266	DRBM 1	domain_ft
P25159	490-557	ECO:0000255|PROSITE-ProRule:PRU00266	DRBM 2	domain_ft
P25159	578-645	ECO:0000255|PROSITE-ProRule:PRU00266	DRBM 3	domain_ft
P25159	711-781	ECO:0000255|PROSITE-ProRule:PRU00266	DRBM 4	domain_ft
P25159	951-1018	ECO:0000255|PROSITE-ProRule:PRU00266	DRBM 5	domain_ft
P25161	247-426	ECO:0000255|PROSITE-ProRule:PRU01185	PCI	domain_ft
P25439	1102-1263	ECO:0000255|PROSITE-ProRule:PRU00542	Helicase C-terminal	domain_ft
P25439	1425-1530	ECO:0000255|PROSITE-ProRule:PRU00035	Bromo	domain_ft
P25439	173-208	ECO:0000255|PROSITE-ProRule:PRU01001	QLQ	domain_ft
P25439	501-573	ECO:0000255|PROSITE-ProRule:PRU00549	HSA	domain_ft
P25439	785-950	ECO:0000255|PROSITE-ProRule:PRU00541	Helicase ATP-binding	domain_ft
P25455	318-466	ECO:0000255|PROSITE-ProRule:PRU00270	PI-PLC X-box	domain_ft
P25455	599-715	ECO:0000255|PROSITE-ProRule:PRU00271	PI-PLC Y-box	domain_ft
P25455	715-843	ECO:0000255|PROSITE-ProRule:PRU00041	C2	domain_ft
P25723	136-338	ECO:0000255|PROSITE-ProRule:PRU01211	Peptidase M12A	domain_ft
P25723	340-477	ECO:0000255|PROSITE-ProRule:PRU00059	CUB 1	domain_ft
P25723	478-591	ECO:0000255|PROSITE-ProRule:PRU00059	CUB 2	domain_ft
P25723	591-631	ECO:0000255|PROSITE-ProRule:PRU00076	EGF-like 1; calcium-binding	domain_ft
P25723	634-753	ECO:0000255|PROSITE-ProRule:PRU00059	CUB 3	domain_ft
P25723	753-793	ECO:0000255|PROSITE-ProRule:PRU00076	EGF-like 2; calcium-binding	domain_ft
P25723	797-909	ECO:0000255|PROSITE-ProRule:PRU00059	CUB 4	domain_ft
P25723	910-1026	ECO:0000255|PROSITE-ProRule:PRU00059	CUB 5	domain_ft
P25822	1091-1428	ECO:0000255|PROSITE-ProRule:PRU00318	PUM-HD	domain_ft
P25823	1062-1122	ECO:0000255|PROSITE-ProRule:PRU00211	Tudor 3	domain_ft
P25823	1355-1414	ECO:0000255|PROSITE-ProRule:PRU00211	Tudor 4	domain_ft
P25823	1662-1718	ECO:0000255|PROSITE-ProRule:PRU00211	Tudor 5	domain_ft
P25823	1839-1898	ECO:0000255|PROSITE-ProRule:PRU00211	Tudor 6	domain_ft
P25823	2023-2082	ECO:0000255|PROSITE-ProRule:PRU00211	Tudor 7	domain_ft
P25823	2211-2269	ECO:0000255|PROSITE-ProRule:PRU00211	Tudor 8	domain_ft
P25823	2392-2451	ECO:0000255|PROSITE-ProRule:PRU00211	Tudor 9	domain_ft
P25823	455-513	ECO:0000255|PROSITE-ProRule:PRU00211	Tudor 1	domain_ft
P25823	641-696	ECO:0000255|PROSITE-ProRule:PRU00211	Tudor 2	domain_ft
P25867	1-147	ECO:0000255|PROSITE-ProRule:PRU00388	UBC core	domain_ft
P26016	340-654	ECO:0000255|PROSITE-ProRule:PRU01240	Peptidase S8	domain_ft
P26016	662-793	ECO:0000255|PROSITE-ProRule:PRU01173	P	domain_ft
P26017	26-84	ECO:0000255|PROSITE-ProRule:PRU00053	Chromo	domain_ft
P26270	11-147	ECO:0000255|PROSITE-ProRule:PRU01182	MPN	domain_ft
P26675	248-434	ECO:0000255|PROSITE-ProRule:PRU00062	DH	domain_ft
P26675	480-588	ECO:0000255|PROSITE-ProRule:PRU00145	PH	domain_ft
P26675	637-792	ECO:0000255|PROSITE-ProRule:PRU00135	N-terminal Ras-GEF	domain_ft
P26675	829-1066	ECO:0000255|PROSITE-ProRule:PRU00168	Ras-GEF	domain_ft
P26686	120-193	ECO:0000255|PROSITE-ProRule:PRU00176	RRM 2	domain_ft
P26686	4-74	ECO:0000255|PROSITE-ProRule:PRU00176	RRM 1	domain_ft
P26802	177-381	ECO:0000255|PROSITE-ProRule:PRU00541	Helicase ATP-binding	domain_ft
P26802	434-583	ECO:0000255|PROSITE-ProRule:PRU00542	Helicase C-terminal	domain_ft
P27398	1014-1321	ECO:0000255|PROSITE-ProRule:PRU00239	Calpain catalytic	domain_ft
P27619	23-289	ECO:0000255|PROSITE-ProRule:PRU01055	Dynamin-type G	domain_ft
P27619	513-621	ECO:0000255|PROSITE-ProRule:PRU00145	PH	domain_ft
P27619	650-741	ECO:0000255|PROSITE-ProRule:PRU00720	GED	domain_ft
P27779	36-96	ECO:0000255|PROSITE-ProRule:PRU00497	Chitin-binding type R&R	domain_ft
P27780	34-100	ECO:0000255|PROSITE-ProRule:PRU00497	Chitin-binding type R&R	domain_ft
P28159	429-519		IPT	domain_ft
P28668	1044-1100	ECO:0000255|PROSITE-ProRule:PRU00531	WHEP-TRS 5	domain_ft
P28668	1118-1174	ECO:0000255|PROSITE-ProRule:PRU00531	WHEP-TRS 6	domain_ft
P28668	744-800	ECO:0000255|PROSITE-ProRule:PRU00531	WHEP-TRS 1	domain_ft
P28668	816-872	ECO:0000255|PROSITE-ProRule:PRU00531	WHEP-TRS 2	domain_ft
P28668	890-946	ECO:0000255|PROSITE-ProRule:PRU00531	WHEP-TRS 3	domain_ft
P28668	969-1025	ECO:0000255|PROSITE-ProRule:PRU00531	WHEP-TRS 4	domain_ft
P29349	111-205	ECO:0000255|PROSITE-ProRule:PRU00191	SH2 2	domain_ft
P29349	227-645	ECO:0000255|PROSITE-ProRule:PRU00160	Tyrosine-protein phosphatase	domain_ft
P29349	6-101	ECO:0000255|PROSITE-ProRule:PRU00191	SH2 1	domain_ft
P29503	106-260	ECO:0000255|PROSITE-ProRule:PRU00400	NHR 1	domain_ft
P29503	368-523	ECO:0000255|PROSITE-ProRule:PRU00400	NHR 2	domain_ft
P29615	20-141	ECO:0000255|PROSITE-ProRule:PRU00680	C-type lysozyme	domain_ft
P29617	1545-1603	ECO:0000255|PROSITE-ProRule:PRU01162	Prospero-type homeo	domain_ft
P29617	1604-1703	ECO:0000255|PROSITE-ProRule:PRU01162	Prospero	domain_ft
P29673	148-200	ECO:0000255|PROSITE-ProRule:PRU00125	LIM zinc-binding 1	domain_ft
P29673	210-263	ECO:0000255|PROSITE-ProRule:PRU00125	LIM zinc-binding 2	domain_ft
P29747	441-504	ECO:0000255|PROSITE-ProRule:PRU00978	bZIP	domain_ft
P29775	258-344	ECO:0000255|PROSITE-ProRule:PRU00762	PNT	domain_ft
P29776	132-219	ECO:0000255|PROSITE-ProRule:PRU00762	PNT	domain_ft
P29993	115-170	ECO:0000255|PROSITE-ProRule:PRU00131	MIR 1	domain_ft
P29993	177-229	ECO:0000255|PROSITE-ProRule:PRU00131	MIR 2	domain_ft
P29993	237-293	ECO:0000255|PROSITE-ProRule:PRU00131	MIR 3	domain_ft
P29993	300-359	ECO:0000255|PROSITE-ProRule:PRU00131	MIR 4	domain_ft
P29993	398-454	ECO:0000255|PROSITE-ProRule:PRU00131	MIR 5	domain_ft
P30189	655-972	ECO:0000255|PROSITE-ProRule:PRU01382	Topo IB-type catalytic	domain_ft
P30430	340-654	ECO:0000255|PROSITE-ProRule:PRU01240	Peptidase S8	domain_ft
P30430	662-791	ECO:0000255|PROSITE-ProRule:PRU01173	P	domain_ft
P30432	383-705	ECO:0000255|PROSITE-ProRule:PRU01240	Peptidase S8	domain_ft
P30432	714-852	ECO:0000255|PROSITE-ProRule:PRU01173	P	domain_ft
P31007	216-303	ECO:0000255|PROSITE-ProRule:PRU00143	PDZ 1	domain_ft
P31007	330-421	ECO:0000255|PROSITE-ProRule:PRU00143	PDZ 2	domain_ft
P31007	4-64	ECO:0000255|PROSITE-ProRule:PRU00365	L27	domain_ft
P31007	506-587	ECO:0000255|PROSITE-ProRule:PRU00143	PDZ 3	domain_ft
P31007	620-690	ECO:0000255|PROSITE-ProRule:PRU00192	SH3	domain_ft
P31007	780-955	ECO:0000255|PROSITE-ProRule:PRU00100	Guanylate kinase-like	domain_ft
P31009	85-148	ECO:0000255|PROSITE-ProRule:PRU00268	S5 DRBM	domain_ft
P31368	421-495	ECO:0000255|PROSITE-ProRule:PRU00530	POU-specific	domain_ft
P31369	286-360	ECO:0000255|PROSITE-ProRule:PRU00530	POU-specific	domain_ft
P31396	237-480	ECO:0000255|PROSITE-ProRule:PRU01189	NR LBD	domain_ft
P32023	623-882	ECO:0000255|PROSITE-ProRule:PRU00159	Protein kinase	domain_ft
P32023	883-934	ECO:0000255|PROSITE-ProRule:PRU00618	AGC-kinase C-terminal	domain_ft
P32234	290-366	ECO:0000255|PROSITE-ProRule:PRU01228	TGS	domain_ft
P32234	65-290	ECO:0000255|PROSITE-ProRule:PRU01047	OBG-type G	domain_ft
P32865	191-454	ECO:0000255|PROSITE-ProRule:PRU00159	Protein kinase	domain_ft
P32865	455-522	ECO:0000255|PROSITE-ProRule:PRU00618	AGC-kinase C-terminal	domain_ft
P32865	54-175	ECO:0000255|PROSITE-ProRule:PRU00171	RGS	domain_ft
P32865	557-657	ECO:0000255|PROSITE-ProRule:PRU00145	PH	domain_ft
P32866	177-294	ECO:0000255|PROSITE-ProRule:PRU00171	RGS 2	domain_ft
P32866	309-574	ECO:0000255|PROSITE-ProRule:PRU00159	Protein kinase	domain_ft
P32866	53-174	ECO:0000255|PROSITE-ProRule:PRU00171	RGS 1	domain_ft
P32866	577-642	ECO:0000255|PROSITE-ProRule:PRU00618	AGC-kinase C-terminal	domain_ft
P32870	275-402	ECO:0000255|PROSITE-ProRule:PRU00099	Guanylate cyclase 1	domain_ft
P32870	963-1107	ECO:0000255|PROSITE-ProRule:PRU00099	Guanylate cyclase 2	domain_ft
P33244	792-1024	ECO:0000255|PROSITE-ProRule:PRU01189	NR LBD	domain_ft
P33450	1050-1153	ECO:0000255|PROSITE-ProRule:PRU00043	Cadherin 10	domain_ft
P33450	1154-1278	ECO:0000255|PROSITE-ProRule:PRU00043	Cadherin 11	domain_ft
P33450	1279-1384	ECO:0000255|PROSITE-ProRule:PRU00043	Cadherin 12	domain_ft
P33450	1385-1489	ECO:0000255|PROSITE-ProRule:PRU00043	Cadherin 13	domain_ft
P33450	1490-1601	ECO:0000255|PROSITE-ProRule:PRU00043	Cadherin 14	domain_ft
P33450	157-270	ECO:0000255|PROSITE-ProRule:PRU00043	Cadherin 2	domain_ft
P33450	1602-1713	ECO:0000255|PROSITE-ProRule:PRU00043	Cadherin 15	domain_ft
P33450	1714-1823	ECO:0000255|PROSITE-ProRule:PRU00043	Cadherin 16	domain_ft
P33450	1824-1922	ECO:0000255|PROSITE-ProRule:PRU00043	Cadherin 17	domain_ft
P33450	1923-2027	ECO:0000255|PROSITE-ProRule:PRU00043	Cadherin 18	domain_ft
P33450	2028-2167	ECO:0000255|PROSITE-ProRule:PRU00043	Cadherin 19	domain_ft
P33450	2168-2278	ECO:0000255|PROSITE-ProRule:PRU00043	Cadherin 20	domain_ft
P33450	2279-2385	ECO:0000255|PROSITE-ProRule:PRU00043	Cadherin 21	domain_ft
P33450	2386-2491	ECO:0000255|PROSITE-ProRule:PRU00043	Cadherin 22	domain_ft
P33450	2492-2596	ECO:0000255|PROSITE-ProRule:PRU00043	Cadherin 23	domain_ft
P33450	2597-2703	ECO:0000255|PROSITE-ProRule:PRU00043	Cadherin 24	domain_ft
P33450	2704-2810	ECO:0000255|PROSITE-ProRule:PRU00043	Cadherin 25	domain_ft
P33450	271-382	ECO:0000255|PROSITE-ProRule:PRU00043	Cadherin 3	domain_ft
P33450	2811-2913	ECO:0000255|PROSITE-ProRule:PRU00043	Cadherin 26	domain_ft
P33450	2914-3013	ECO:0000255|PROSITE-ProRule:PRU00043	Cadherin 27	domain_ft
P33450	3014-3124	ECO:0000255|PROSITE-ProRule:PRU00043	Cadherin 28	domain_ft
P33450	3125-3229	ECO:0000255|PROSITE-ProRule:PRU00043	Cadherin 29	domain_ft
P33450	3230-3334	ECO:0000255|PROSITE-ProRule:PRU00043	Cadherin 30	domain_ft
P33450	3335-3439	ECO:0000255|PROSITE-ProRule:PRU00043	Cadherin 31	domain_ft
P33450	3440-3545	ECO:0000255|PROSITE-ProRule:PRU00043	Cadherin 32	domain_ft
P33450	3546-3651	ECO:0000255|PROSITE-ProRule:PRU00043	Cadherin 33	domain_ft
P33450	36-156	ECO:0000255|PROSITE-ProRule:PRU00043	Cadherin 1	domain_ft
P33450	3652-3756	ECO:0000255|PROSITE-ProRule:PRU00043	Cadherin 34	domain_ft
P33450	383-494	ECO:0000255|PROSITE-ProRule:PRU00043	Cadherin 4	domain_ft
P33450	3950-4011	ECO:0000255|PROSITE-ProRule:PRU00076	EGF-like 1	domain_ft
P33450	4013-4049	ECO:0000255|PROSITE-ProRule:PRU00076	EGF-like 2	domain_ft
P33450	4052-4090	ECO:0000255|PROSITE-ProRule:PRU00076	EGF-like 3	domain_ft
P33450	4092-4128	ECO:0000255|PROSITE-ProRule:PRU00076	EGF-like 4	domain_ft
P33450	4129-4320	ECO:0000255|PROSITE-ProRule:PRU00122	Laminin G-like 1	domain_ft
P33450	4321-4362	ECO:0000255|PROSITE-ProRule:PRU00076	EGF-like 5	domain_ft
P33450	4402-4569	ECO:0000255|PROSITE-ProRule:PRU00122	Laminin G-like 2	domain_ft
P33450	495-599	ECO:0000255|PROSITE-ProRule:PRU00043	Cadherin 5	domain_ft
P33450	600-708	ECO:0000255|PROSITE-ProRule:PRU00043	Cadherin 6	domain_ft
P33450	709-820	ECO:0000255|PROSITE-ProRule:PRU00043	Cadherin 7	domain_ft
P33450	821-942	ECO:0000255|PROSITE-ProRule:PRU00043	Cadherin 8	domain_ft
P33450	943-1049	ECO:0000255|PROSITE-ProRule:PRU00043	Cadherin 9	domain_ft
P34021	419-654	ECO:0000255|PROSITE-ProRule:PRU01189	NR LBD	domain_ft
P34082	138-223		Ig-like C2-type 2	domain_ft
P34082	230-318		Ig-like C2-type 3	domain_ft
P34082	31-131		Ig-like C2-type 1	domain_ft
P34082	323-423		Ig-like C2-type 4	domain_ft
P34082	428-520		Ig-like C2-type 5	domain_ft
P34082	524-622	ECO:0000255|PROSITE-ProRule:PRU00316	Fibronectin type-III 1	domain_ft
P34082	638-738	ECO:0000255|PROSITE-ProRule:PRU00316	Fibronectin type-III 2	domain_ft
P34739	452-652	ECO:0000255|PROSITE-ProRule:PRU00541	Helicase ATP-binding	domain_ft
P34739	891-1056	ECO:0000255|PROSITE-ProRule:PRU00542	Helicase C-terminal	domain_ft
P35004	31-253	ECO:0000255|PROSITE-ProRule:PRU00274	Peptidase S1	domain_ft
P35005	31-254	ECO:0000255|PROSITE-ProRule:PRU00274	Peptidase S1	domain_ft
P35122	3-224	ECO:0000255|PROSITE-ProRule:PRU01393	UCH catalytic	domain_ft
P35128	3-149	ECO:0000255|PROSITE-ProRule:PRU00388	UBC core	domain_ft
P35421	1087-1337		Glutamine amidotransferase type-1	domain_ft
P35500	1877-1912	ECO:0000255|PROSITE-ProRule:PRU00448	EF-hand	domain_ft
P35600	232-322	ECO:0000255|PROSITE-ProRule:PRU00033	BRCT	domain_ft
P35832	173-269	ECO:0000255|PROSITE-ProRule:PRU00316	Fibronectin type-III 2	domain_ft
P35832	270-376	ECO:0000255|PROSITE-ProRule:PRU00316	Fibronectin type-III 3	domain_ft
P35832	476-741	ECO:0000255|PROSITE-ProRule:PRU00160	Tyrosine-protein phosphatase 1	domain_ft
P35832	66-165	ECO:0000255|PROSITE-ProRule:PRU00316	Fibronectin type-III 1	domain_ft
P35832	764-1016	ECO:0000255|PROSITE-ProRule:PRU00160	Tyrosine-protein phosphatase 2	domain_ft
P35875	214-354	ECO:0000255|PROSITE-ProRule:PRU01351	PADR1 zinc-binding	domain_ft
P35875	380-471	ECO:0000255|PROSITE-ProRule:PRU00033	BRCT	domain_ft
P35875	525-622	ECO:0000255|PROSITE-ProRule:PRU01321	WGR	domain_ft
P35875	644-761	ECO:0000255|PROSITE-ProRule:PRU00398	PARP alpha-helical	domain_ft
P35875	770-994	ECO:0000255|PROSITE-ProRule:PRU00397	PARP catalytic	domain_ft
P35992	125-218	ECO:0000255|PROSITE-ProRule:PRU00316	Fibronectin type-III 1	domain_ft
P35992	1272-1527	ECO:0000255|PROSITE-ProRule:PRU00160	Tyrosine-protein phosphatase	domain_ft
P35992	219-314	ECO:0000255|PROSITE-ProRule:PRU00316	Fibronectin type-III 2	domain_ft
P35992	407-498	ECO:0000255|PROSITE-ProRule:PRU00316	Fibronectin type-III 3	domain_ft
P35992	499-584	ECO:0000255|PROSITE-ProRule:PRU00316	Fibronectin type-III 4	domain_ft
P35992	585-674	ECO:0000255|PROSITE-ProRule:PRU00316	Fibronectin type-III 5	domain_ft
P35992	675-771	ECO:0000255|PROSITE-ProRule:PRU00316	Fibronectin type-III 6	domain_ft
P35992	775-865	ECO:0000255|PROSITE-ProRule:PRU00316	Fibronectin type-III 7	domain_ft
P35992	866-956	ECO:0000255|PROSITE-ProRule:PRU00316	Fibronectin type-III 8	domain_ft
P35992	957-1057	ECO:0000255|PROSITE-ProRule:PRU00316	Fibronectin type-III 9	domain_ft
P36975	148-210	ECO:0000255|PROSITE-ProRule:PRU00202	t-SNARE coiled-coil homology 2	domain_ft
P36975	26-88	ECO:0000255|PROSITE-ProRule:PRU00202	t-SNARE coiled-coil homology 1	domain_ft
P37159	19-140	ECO:0000255|PROSITE-ProRule:PRU00680	C-type lysozyme	domain_ft
P37160	20-140	ECO:0000255|PROSITE-ProRule:PRU00680	C-type lysozyme	domain_ft
P37161	20-142	ECO:0000255|PROSITE-ProRule:PRU00680	C-type lysozyme	domain_ft
P37193	57-159	ECO:0000255|PROSITE-ProRule:PRU00465	2Fe-2S ferredoxin-type	domain_ft
P37236	143-178	ECO:0000255|PROSITE-ProRule:PRU00448	EF-hand 4	domain_ft
P37236	24-59	ECO:0000305	EF-hand 1	domain_ft
P37236	60-95	ECO:0000255|PROSITE-ProRule:PRU00448	EF-hand 2	domain_ft
P37236	96-131	ECO:0000255|PROSITE-ProRule:PRU00448	EF-hand 3	domain_ft
P39572	384-447	ECO:0000255|PROSITE-ProRule:PRU00978	bZIP	domain_ft
P39769	1513-1577	ECO:0000255|PROSITE-ProRule:PRU00184	SAM	domain_ft
P40417	38-326	ECO:0000255|PROSITE-ProRule:PRU00159	Protein kinase	domain_ft
P40421	441-476	ECO:0000255|PROSITE-ProRule:PRU00448	EF-hand 1	domain_ft
P40421	526-561	ECO:0000255|PROSITE-ProRule:PRU00448	EF-hand 2	domain_ft
P40421	566-601	ECO:0000255|PROSITE-ProRule:PRU00448	EF-hand 3	domain_ft
P40421	7-32	ECO:0000255|PROSITE-ProRule:PRU00116	IQ	domain_ft
P40423	100-135	ECO:0000255|PROSITE-ProRule:PRU00448	EF-hand 2	domain_ft
P40423	31-66	ECO:0000255|PROSITE-ProRule:PRU00448	EF-hand 1	domain_ft
P40427	38-237	ECO:0000255|PROSITE-ProRule:PRU01322	PBC	domain_ft
P40791	3-57	ECO:0000255|PROSITE-ProRule:PRU00251	MADS-box	domain_ft
P40796	149-234	ECO:0000255|PROSITE-ProRule:PRU00176	RRM	domain_ft
P40796	259-386	ECO:0000255|PROSITE-ProRule:PRU01288	xRRM	domain_ft
P40796	44-137	ECO:0000255|PROSITE-ProRule:PRU00332	HTH La-type RNA-binding	domain_ft
P40797	139-411	ECO:0000255|PROSITE-ProRule:PRU01056	Septin-type G	domain_ft
P40798	1006-1071	ECO:0000255|PROSITE-ProRule:PRU00382	R3H	domain_ft
P40809	147-330	ECO:0000255|PROSITE-ProRule:PRU00172	Rho-GAP	domain_ft
P41042	42-104		S4 RNA-binding	domain_ft
P41043	127-249		GST C-terminal	domain_ft
P41043	48-125		GST N-terminal	domain_ft
P41044	131-166	ECO:0000255|PROSITE-ProRule:PRU00448	EF-hand 3	domain_ft
P41044	177-212	ECO:0000255|PROSITE-ProRule:PRU00448	EF-hand 4	domain_ft
P41044	224-259	ECO:0000255|PROSITE-ProRule:PRU00448	EF-hand 5	domain_ft
P41044	283-304	ECO:0000255|PROSITE-ProRule:PRU00448	EF-hand 6	domain_ft
P41044	35-70	ECO:0000255|PROSITE-ProRule:PRU00448	EF-hand 1	domain_ft
P41044	84-120	ECO:0000255|PROSITE-ProRule:PRU00448	EF-hand 2	domain_ft
P41374	16-87	ECO:0000255|PROSITE-ProRule:PRU00180	S1 motif	domain_ft
P41894	94-153	ECO:0000255|PROSITE-ProRule:PRU00981	bHLH	domain_ft
P42003	26-150	ECO:0000255|PROSITE-ProRule:PRU00438	MH1	domain_ft
P42003	261-455	ECO:0000255|PROSITE-ProRule:PRU00439	MH2	domain_ft
P42124	443-491		SANT	domain_ft
P42124	518-619	ECO:0000255|PROSITE-ProRule:PRU00970	CXC	domain_ft
P42124	626-741	ECO:0000255|PROSITE-ProRule:PRU00190	SET	domain_ft
P42207	32-304	ECO:0000255|PROSITE-ProRule:PRU01056	Septin-type G	domain_ft
P42278	35-260	ECO:0000255|PROSITE-ProRule:PRU00274	Peptidase S1	domain_ft
P42279	28-259	ECO:0000255|PROSITE-ProRule:PRU00274	Peptidase S1	domain_ft
P42280	39-278	ECO:0000255|PROSITE-ProRule:PRU00274	Peptidase S1	domain_ft
P42281	2-86	ECO:0000255|PROSITE-ProRule:PRU00573	ACB	domain_ft
P42282	33-98	ECO:0000255|PROSITE-ProRule:PRU00037	BTB	domain_ft
P42283	32-97	ECO:0000255|PROSITE-ProRule:PRU00037	BTB	domain_ft
P42284	32-97	ECO:0000255|PROSITE-ProRule:PRU00037	BTB	domain_ft
P42287	179-224	ECO:0000255|PROSITE-ProRule:PRU00076	EGF-like	domain_ft
P42325	144-179	ECO:0000255|PROSITE-ProRule:PRU00448	EF-hand 4	domain_ft
P42325	40-58	ECO:0000255|PROSITE-ProRule:PRU00448	EF-hand 1	domain_ft
P42325	60-95	ECO:0000255|PROSITE-ProRule:PRU00448	EF-hand 2	domain_ft
P42325	96-131	ECO:0000255|PROSITE-ProRule:PRU00448	EF-hand 3	domain_ft
P42787	39-335	ECO:0000255|PROSITE-ProRule:PRU01379, ECO:0000269|PubMed:16556608, ECO:0000269|PubMed:20386952	Peptidase M14 1	domain_ft
P42787	455-760	ECO:0000255|PROSITE-ProRule:PRU01379, ECO:0000269|PubMed:16556608, ECO:0000269|PubMed:20386952	Peptidase M14 2	domain_ft
P42787	863-1121	ECO:0000255|PROSITE-ProRule:PRU01379, ECO:0000269|PubMed:16556608, ECO:0000269|PubMed:20386952	Peptidase M14 3	domain_ft
P43125	730-913	ECO:0000255|PROSITE-ProRule:PRU00378	DDHD	domain_ft
P43332	142-216	ECO:0000255|PROSITE-ProRule:PRU00176	RRM 2	domain_ft
P43332	7-86	ECO:0000255|PROSITE-ProRule:PRU00176	RRM 1	domain_ft
P45447	626-855	ECO:0000255|PROSITE-ProRule:PRU01189	NR LBD	domain_ft
P45594	4-143	ECO:0000255|PROSITE-ProRule:PRU00599	ADF-H	domain_ft
P45843	69-316	ECO:0000255|PROSITE-ProRule:PRU00434	ABC transporter	domain_ft
P45975	219-278	ECO:0000255|PROSITE-ProRule:PRU00053	Chromo	domain_ft
P45975	410-474	ECO:0000255|PROSITE-ProRule:PRU00157	Pre-SET	domain_ft
P45975	477-603	ECO:0000255|PROSITE-ProRule:PRU00190	SET	domain_ft
P45975	619-635	ECO:0000255|PROSITE-ProRule:PRU00155	Post-SET	domain_ft
P46150	1-296	ECO:0000255|PROSITE-ProRule:PRU00084	FERM	domain_ft
P46863	19-356	ECO:0000255|PROSITE-ProRule:PRU00283	Kinesin motor	domain_ft
P46867	19-344	ECO:0000255|PROSITE-ProRule:PRU00283	Kinesin motor	domain_ft
P47825	290-386	ECO:0000255|PROSITE-ProRule:PRU00440	TAFH	domain_ft
P47938	2-106	ECO:0000255|PROSITE-ProRule:PRU00691	Thioredoxin	domain_ft
P47947	120-154	ECO:0000255|PROSITE-ProRule:PRU00448	EF-hand 4	domain_ft
P47947	44-79	ECO:0000255|PROSITE-ProRule:PRU00448	EF-hand 2	domain_ft
P47947	8-43	ECO:0000255|PROSITE-ProRule:PRU00448	EF-hand 1	domain_ft
P47947	84-119	ECO:0000255|PROSITE-ProRule:PRU00448	EF-hand 3	domain_ft
P47948	11-46	ECO:0000255|PROSITE-ProRule:PRU00448	EF-hand 1	domain_ft
P47948	123-155	ECO:0000255|PROSITE-ProRule:PRU00448	EF-hand 4	domain_ft
P47948	47-82	ECO:0000255|PROSITE-ProRule:PRU00448	EF-hand 2	domain_ft
P47948	87-122	ECO:0000255|PROSITE-ProRule:PRU00448	EF-hand 3	domain_ft
P47949	11-46	ECO:0000255|PROSITE-ProRule:PRU00448	EF-hand 1	domain_ft
P47949	123-155	ECO:0000255|PROSITE-ProRule:PRU00448	EF-hand 4	domain_ft
P47949	47-82	ECO:0000255|PROSITE-ProRule:PRU00448	EF-hand 2	domain_ft
P47949	87-122	ECO:0000255|PROSITE-ProRule:PRU00448	EF-hand 3	domain_ft
P48375	20-108	ECO:0000255|PROSITE-ProRule:PRU00277	PPIase FKBP-type	domain_ft
P48423	26-148	ECO:0000255|PROSITE-ProRule:PRU00041	C2 1	domain_ft
P48423	261-419	ECO:0000255|PROSITE-ProRule:PRU00041	C2 2	domain_ft
P48423	520-737	ECO:0000255|PROSITE-ProRule:PRU00167	Ras-GAP	domain_ft
P48423	762-860	ECO:0000255|PROSITE-ProRule:PRU00145	PH	domain_ft
P48451	128-163	ECO:0000255|PROSITE-ProRule:PRU00448	EF-hand 4	domain_ft
P48451	18-46	ECO:0000255|PROSITE-ProRule:PRU00448	EF-hand 1	domain_ft
P48451	50-85	ECO:0000255|PROSITE-ProRule:PRU00448	EF-hand 2	domain_ft
P48451	87-122	ECO:0000255|PROSITE-ProRule:PRU00448	EF-hand 3	domain_ft
P48591	12-103	ECO:0000255|PROSITE-ProRule:PRU00492	ATP-cone	domain_ft
P48593	127-162	ECO:0000255|PROSITE-ProRule:PRU00448	EF-hand 3	domain_ft
P48593	163-193	ECO:0000255|PROSITE-ProRule:PRU00448	EF-hand 4	domain_ft
P48593	35-70	ECO:0000255|PROSITE-ProRule:PRU00448	EF-hand 1	domain_ft
P48593	71-106	ECO:0000255|PROSITE-ProRule:PRU00448	EF-hand 2	domain_ft
P48607	228-322	ECO:0000255	Spaetzle	domain_ft
P48608	1022-1054	ECO:0000255|PROSITE-ProRule:PRU00577	DAD	domain_ft
P48608	512-596		FH1	domain_ft
P48608	59-431	ECO:0000255|PROSITE-ProRule:PRU00579	GBD	domain_ft
P48608	601-1001	ECO:0000255|PROSITE-ProRule:PRU00774	FH2	domain_ft
P48609	4-286	ECO:0000255|PROSITE-ProRule:PRU00159	Protein kinase	domain_ft
P48610	119-356	ECO:0000255|PROSITE-ProRule:PRU00843	Phosphagen kinase C-terminal	domain_ft
P48610	6-91	ECO:0000255|PROSITE-ProRule:PRU00842	Phosphagen kinase N-terminal	domain_ft
P48809	7-88	ECO:0000255|PROSITE-ProRule:PRU00176	RRM 1	domain_ft
P48809	96-173	ECO:0000255|PROSITE-ProRule:PRU00176	RRM 2	domain_ft
P48810	115-192	ECO:0000255|PROSITE-ProRule:PRU00176	RRM 2	domain_ft
P48810	24-101	ECO:0000255|PROSITE-ProRule:PRU00176	RRM 1	domain_ft
P48987	255-307	ECO:0000255|PROSITE-ProRule:PRU00981	bHLH	domain_ft
P49071	20-281	ECO:0000255|PROSITE-ProRule:PRU00159	Protein kinase	domain_ft
P49258	116-148	ECO:0000255|PROSITE-ProRule:PRU00448	EF-hand 4	domain_ft
P49258	43-78	ECO:0000255|PROSITE-ProRule:PRU00448	EF-hand 2	domain_ft
P49258	7-42	ECO:0000255|PROSITE-ProRule:PRU00448	EF-hand 1	domain_ft
P49258	80-115	ECO:0000255|PROSITE-ProRule:PRU00448	EF-hand 3	domain_ft
P49657	164-484	ECO:0000255|PROSITE-ProRule:PRU00159	Protein kinase	domain_ft
P49735	441-785	ECO:0000255|PROSITE-ProRule:PRU01410	MCM C-terminal AAA(+) ATPase	domain_ft
P49762	479-799	ECO:0000255|PROSITE-ProRule:PRU00159	Protein kinase	domain_ft
P49866	232-470	ECO:0000255|PROSITE-ProRule:PRU01189	NR LBD	domain_ft
P49869	840-1070	ECO:0000255|PROSITE-ProRule:PRU01189	NR LBD	domain_ft
P49905	93-160	ECO:0000255	Histone-fold	domain_ft
P50534	520-571	ECO:0000255|PROSITE-ProRule:PRU01396	CXC MSL2-type	domain_ft
P50535	865-983	ECO:0000255|PROSITE-ProRule:PRU01397	PEHE	domain_ft
P50536	11-90		Chromo	domain_ft
P50536	196-500	ECO:0000255|PROSITE-ProRule:PRU00972	MRG	domain_ft
P51023	164-250	ECO:0000255|PROSITE-ProRule:PRU00762	PNT	domain_ft
P51123	1-423		Protein kinase 1	domain_ft
P51123	1466-1574	ECO:0000255|PROSITE-ProRule:PRU00035	Bromo 1	domain_ft
P51123	1515-2065		Protein kinase 2	domain_ft
P51123	1588-1696	ECO:0000255|PROSITE-ProRule:PRU00035	Bromo 2	domain_ft
P51140	252-324	ECO:0000255|PROSITE-ProRule:PRU00143	PDZ	domain_ft
P51140	404-478	ECO:0000255|PROSITE-ProRule:PRU00066	DEP	domain_ft
P51140	8-91	ECO:0000255|PROSITE-ProRule:PRU00069	DIX	domain_ft
P51592	154-196	ECO:0000255|PROSITE-ProRule:PRU00212	UBA	domain_ft
P51592	2484-2561	ECO:0000255|PROSITE-ProRule:PRU00641	PABC	domain_ft
P51592	2782-2885	ECO:0000255|PROSITE-ProRule:PRU00104	HECT	domain_ft
P52295	1-56	ECO:0000255|PROSITE-ProRule:PRU00561	IBB	domain_ft
P52302	28-91	ECO:0000255|PROSITE-ProRule:PRU00497	Chitin-binding type R&R 1	domain_ft
P52302	572-640	ECO:0000255|PROSITE-ProRule:PRU00497	Chitin-binding type R&R 2	domain_ft
P52304	25-277	ECO:0000255|PROSITE-ProRule:PRU00159	Protein kinase	domain_ft
P52304	391-469	ECO:0000255|PROSITE-ProRule:PRU00154	POLO box 1	domain_ft
P52304	491-572	ECO:0000255|PROSITE-ProRule:PRU00154	POLO box 2	domain_ft
P52485	86-232	ECO:0000255|PROSITE-ProRule:PRU00388	UBC core	domain_ft
P52486	161-199	ECO:0000255|PROSITE-ProRule:PRU00212	UBA	domain_ft
P52486	4-154	ECO:0000255|PROSITE-ProRule:PRU00388	UBC core	domain_ft
P52487	2-149	ECO:0000255|PROSITE-ProRule:PRU00388	UBC core	domain_ft
P52905	28-250	ECO:0000255|PROSITE-ProRule:PRU00274	Peptidase S1	domain_ft
P53777	11-62	ECO:0000255|PROSITE-ProRule:PRU00125	LIM zinc-binding	domain_ft
P54350	239-517	ECO:0000255|PROSITE-ProRule:PRU00159	Protein kinase	domain_ft
P54353	5-39	ECO:0000255|PROSITE-ProRule:PRU00224	WW	domain_ft
P54353	55-166	ECO:0000255|PROSITE-ProRule:PRU00278	PpiC	domain_ft
P54357	115-147	ECO:0000255|PROSITE-ProRule:PRU00448	EF-hand 3	domain_ft
P54357	7-42	ECO:0000255|PROSITE-ProRule:PRU00448	EF-hand 1	domain_ft
P54357	80-115	ECO:0000255|PROSITE-ProRule:PRU00448	EF-hand 2	domain_ft
P54359	40-306	ECO:0000255|PROSITE-ProRule:PRU01056	Septin-type G	domain_ft
P54367	20-288	ECO:0000255|PROSITE-ProRule:PRU00159	Protein kinase	domain_ft
P54397	269-357	ECO:0000255|PROSITE-ProRule:PRU00277	PPIase FKBP-type	domain_ft
P54399	19-134	ECO:0000255|PROSITE-ProRule:PRU00691	Thioredoxin 1	domain_ft
P54399	349-474	ECO:0000255|PROSITE-ProRule:PRU00691	Thioredoxin 2	domain_ft
P54622	38-142	ECO:0000255|PROSITE-ProRule:PRU00252	SSB	domain_ft
P55035	1-188		VWFA	domain_ft
P55035	212-231	ECO:0000255|PROSITE-ProRule:PRU00213	UIM 1	domain_ft
P55035	276-295	ECO:0000255|PROSITE-ProRule:PRU00213	UIM 2	domain_ft
P55035	303-322	ECO:0000255|PROSITE-ProRule:PRU00213	UIM 3	domain_ft
P55824	1668-2062	ECO:0000255|PROSITE-ProRule:PRU01035	USP	domain_ft
P55935	109-183	ECO:0000255|PROSITE-ProRule:PRU00182	S4 RNA-binding	domain_ft
P56544	8-98	ECO:0000255|PROSITE-ProRule:PRU00520	Acylphosphatase-like	domain_ft
P56721	299-382		IPT	domain_ft
P62152	117-149	ECO:0000255|PROSITE-ProRule:PRU00448	EF-hand 4	domain_ft
P62152	44-79	ECO:0000255|PROSITE-ProRule:PRU00448	EF-hand 2	domain_ft
P62152	8-43	ECO:0000255|PROSITE-ProRule:PRU00448	EF-hand 1	domain_ft
P62152	81-116	ECO:0000255|PROSITE-ProRule:PRU00448	EF-hand 3	domain_ft
P82147	61-170	ECO:0000255|PROSITE-ProRule:PRU00285	sHSP	domain_ft
P82384	31-92	ECO:0000255|PROSITE-ProRule:PRU00497	Chitin-binding type R&R	domain_ft
P83094	142-177		EF-hand	domain_ft
P83094	213-281	ECO:0000255|PROSITE-ProRule:PRU00184	SAM	domain_ft
P83097	131-246	ECO:0000255|PROSITE-ProRule:PRU00316	Fibronectin type-III	domain_ft
P83097	39-125	ECO:0000255|PROSITE-ProRule:PRU00558	WSC	domain_ft
P83097	493-758	ECO:0000255|PROSITE-ProRule:PRU00159	Protein kinase	domain_ft
P83098	10-298	ECO:0000255|PROSITE-ProRule:PRU00159	Protein kinase	domain_ft
P83099	343-601	ECO:0000255|PROSITE-ProRule:PRU00159	Protein kinase	domain_ft
P83099	602-671	ECO:0000255|PROSITE-ProRule:PRU00618	AGC-kinase C-terminal	domain_ft
P83100	20-305	ECO:0000255|PROSITE-ProRule:PRU00159	Protein kinase	domain_ft
P83101	33-317	ECO:0000255|PROSITE-ProRule:PRU00159	Protein kinase	domain_ft
P83102	276-589	ECO:0000255|PROSITE-ProRule:PRU00159	Protein kinase	domain_ft
P83103	248-566	ECO:0000255|PROSITE-ProRule:PRU00159	Protein kinase	domain_ft
P83104	11-266	ECO:0000255|PROSITE-ProRule:PRU00159	Protein kinase	domain_ft
P83501	42-273	ECO:0000255|PROSITE-ProRule:PRU00190	SET	domain_ft
P83548	29-298	ECO:0000255|PROSITE-ProRule:PRU00054	CN hydrolase	domain_ft
P83972	19-140	ECO:0000255|PROSITE-ProRule:PRU00680	C-type lysozyme	domain_ft
P91620	1101-1168	ECO:0000255|PROSITE-ProRule:PRU00262	RBD	domain_ft
P91620	1184-1273	ECO:0000255|PROSITE-ProRule:PRU00143	PDZ	domain_ft
P91620	1425-1619	ECO:0000255|PROSITE-ProRule:PRU00062	DH	domain_ft
P91620	822-935	ECO:0000255|PROSITE-ProRule:PRU00145	PH	domain_ft
P91621	1121-1188	ECO:0000255|PROSITE-ProRule:PRU00262	RBD	domain_ft
P91621	1204-1293	ECO:0000255|PROSITE-ProRule:PRU00143	PDZ	domain_ft
P91621	1436-1630	ECO:0000255|PROSITE-ProRule:PRU00062	DH	domain_ft
P91621	29-147	ECO:0000255|PROSITE-ProRule:PRU00410	WH1	domain_ft
P91621	840-958	ECO:0000255|PROSITE-ProRule:PRU00145	PH	domain_ft
P91622	137-369	ECO:0000255|PROSITE-ProRule:PRU00107	Histidine kinase	domain_ft
P91645	1353-1388	ECO:0000255|PROSITE-ProRule:PRU00448	EF-hand	domain_ft
P91660	1119-1352	ECO:0000255|PROSITE-ProRule:PRU00434	ABC transporter 2	domain_ft
P91660	168-449	ECO:0000255|PROSITE-ProRule:PRU00441	ABC transmembrane type-1 1	domain_ft
P91660	499-722	ECO:0000255|PROSITE-ProRule:PRU00434	ABC transporter 1	domain_ft
P91660	793-1079	ECO:0000255|PROSITE-ProRule:PRU00441	ABC transmembrane type-1 2	domain_ft
P91664	39-90	ECO:0000255|PROSITE-ProRule:PRU00981	bHLH	domain_ft
P91682	85-206	ECO:0000255|PROSITE-ProRule:PRU00090	FZ	domain_ft
P91927	280-554	ECO:0000255|PROSITE-ProRule:PRU01094	Letm1 RBD	domain_ft
P91927	687-722	ECO:0000255|PROSITE-ProRule:PRU00448	EF-hand 1	domain_ft
P91927	770-805	ECO:0000255|PROSITE-ProRule:PRU00448	EF-hand 2	domain_ft
P92029	26-93	ECO:0000255|PROSITE-ProRule:PRU00286	J	domain_ft
P92204	166-236	ECO:0000255|PROSITE-ProRule:PRU00176	RRM	domain_ft
P92208	24-320	ECO:0000255|PROSITE-ProRule:PRU00159	Protein kinase	domain_ft
P98081	45-197	ECO:0000255|PROSITE-ProRule:PRU00148	PID	domain_ft
P98149	78-372	ECO:0000255|PROSITE-ProRule:PRU00265	RHD	domain_ft
P98159	1145-1383	ECO:0000255|PROSITE-ProRule:PRU00274	Peptidase S1 1	domain_ft
P98159	1394-1432	ECO:0000255|PROSITE-ProRule:PRU00124	LDL-receptor class A 4	domain_ft
P98159	1713-1743	ECO:0000255|PROSITE-ProRule:PRU00124	LDL-receptor class A 5; truncated	domain_ft
P98159	1745-1775	ECO:0000255|PROSITE-ProRule:PRU00124	LDL-receptor class A 6; truncated	domain_ft
P98159	1774-1813	ECO:0000255|PROSITE-ProRule:PRU00124	LDL-receptor class A 7	domain_ft
P98159	2027-2301	ECO:0000255|PROSITE-ProRule:PRU00274	Peptidase S1 2	domain_ft
P98159	2308-2346	ECO:0000255|PROSITE-ProRule:PRU00124	LDL-receptor class A 8	domain_ft
P98159	2349-2389	ECO:0000255|PROSITE-ProRule:PRU00124	LDL-receptor class A 9	domain_ft
P98159	2387-2419	ECO:0000255|PROSITE-ProRule:PRU00124	LDL-receptor class A 10; truncated	domain_ft
P98159	2419-2459	ECO:0000255|PROSITE-ProRule:PRU00124	LDL-receptor class A 11	domain_ft
P98159	889-929	ECO:0000255|PROSITE-ProRule:PRU00124	LDL-receptor class A 1	domain_ft
P98159	929-956	ECO:0000255|PROSITE-ProRule:PRU00124	LDL-receptor class A 2; truncated	domain_ft
P98159	955-1006	ECO:0000255|PROSITE-ProRule:PRU00124	LDL-receptor class A 3	domain_ft
P98163	1024-1063	ECO:0000255|PROSITE-ProRule:PRU00124	LDL-receptor class A 6	domain_ft
P98163	1073-1110	ECO:0000255|PROSITE-ProRule:PRU00124	LDL-receptor class A 7	domain_ft
P98163	1117-1153	ECO:0000255|PROSITE-ProRule:PRU00124	LDL-receptor class A 8	domain_ft
P98163	1157-1194	ECO:0000255|PROSITE-ProRule:PRU00124	LDL-receptor class A 9	domain_ft
P98163	1197-1233	ECO:0000255|PROSITE-ProRule:PRU00124	LDL-receptor class A 10	domain_ft
P98163	1242-1280	ECO:0000255|PROSITE-ProRule:PRU00124	LDL-receptor class A 11	domain_ft
P98163	128-167	ECO:0000255|PROSITE-ProRule:PRU00124	LDL-receptor class A 2	domain_ft
P98163	1282-1319	ECO:0000255|PROSITE-ProRule:PRU00124	LDL-receptor class A 12	domain_ft
P98163	1339-1376	ECO:0000255|PROSITE-ProRule:PRU00124	LDL-receptor class A 13	domain_ft
P98163	1418-1453	ECO:0000255|PROSITE-ProRule:PRU00076	EGF-like 3; calcium-binding	domain_ft
P98163	183-221	ECO:0000255|PROSITE-ProRule:PRU00124	LDL-receptor class A 3	domain_ft
P98163	226-263	ECO:0000255|PROSITE-ProRule:PRU00124	LDL-receptor class A 4	domain_ft
P98163	265-305	ECO:0000255|PROSITE-ProRule:PRU00124	LDL-receptor class A 5	domain_ft
P98163	306-343	ECO:0000255|PROSITE-ProRule:PRU00076	EGF-like 1	domain_ft
P98163	348-388	ECO:0000255|PROSITE-ProRule:PRU00076	EGF-like 2; calcium-binding	domain_ft
P98163	89-125	ECO:0000255|PROSITE-ProRule:PRU00124	LDL-receptor class A 1	domain_ft
Q00168	12-272	ECO:0000255|PROSITE-ProRule:PRU00159	Protein kinase	domain_ft
Q00174	1375-1420	ECO:0000255|PROSITE-ProRule:PRU00460	Laminin EGF-like 12	domain_ft
Q00174	1421-1465	ECO:0000255|PROSITE-ProRule:PRU00460	Laminin EGF-like 13	domain_ft
Q00174	1466-1513	ECO:0000255|PROSITE-ProRule:PRU00460	Laminin EGF-like 14	domain_ft
Q00174	1514-1564	ECO:0000255|PROSITE-ProRule:PRU00460	Laminin EGF-like 15	domain_ft
Q00174	1565-1574	ECO:0000255|PROSITE-ProRule:PRU00460	Laminin EGF-like 16; first part	domain_ft
Q00174	1585-1775	ECO:0000255|PROSITE-ProRule:PRU00458	Laminin IV type A	domain_ft
Q00174	1776-1808	ECO:0000255|PROSITE-ProRule:PRU00460	Laminin EGF-like 16; second part	domain_ft
Q00174	1809-1858	ECO:0000255|PROSITE-ProRule:PRU00460	Laminin EGF-like 17	domain_ft
Q00174	1859-1916	ECO:0000255|PROSITE-ProRule:PRU00460	Laminin EGF-like 18	domain_ft
Q00174	1917-1969	ECO:0000255|PROSITE-ProRule:PRU00460	Laminin EGF-like 19	domain_ft
Q00174	1970-2016	ECO:0000255|PROSITE-ProRule:PRU00460	Laminin EGF-like 20	domain_ft
Q00174	2017-2063	ECO:0000255|PROSITE-ProRule:PRU00460	Laminin EGF-like 21	domain_ft
Q00174	2064-2111	ECO:0000255|PROSITE-ProRule:PRU00460	Laminin EGF-like 22	domain_ft
Q00174	23-272	ECO:0000255|PROSITE-ProRule:PRU00466	Laminin N-terminal	domain_ft
Q00174	2672-2868	ECO:0000255|PROSITE-ProRule:PRU00122	Laminin G-like 1	domain_ft
Q00174	273-332	ECO:0000255|PROSITE-ProRule:PRU00460	Laminin EGF-like 1	domain_ft
Q00174	2876-3048	ECO:0000255|PROSITE-ProRule:PRU00122	Laminin G-like 2	domain_ft
Q00174	3055-3223	ECO:0000255|PROSITE-ProRule:PRU00122	Laminin G-like 3	domain_ft
Q00174	333-402	ECO:0000255|PROSITE-ProRule:PRU00460	Laminin EGF-like 2	domain_ft
Q00174	3349-3528	ECO:0000255|PROSITE-ProRule:PRU00122	Laminin G-like 4	domain_ft
Q00174	3534-3709	ECO:0000255|PROSITE-ProRule:PRU00122	Laminin G-like 5	domain_ft
Q00174	403-447	ECO:0000255|PROSITE-ProRule:PRU00460	Laminin EGF-like 3	domain_ft
Q00174	448-494	ECO:0000255|PROSITE-ProRule:PRU00460	Laminin EGF-like 4	domain_ft
Q00174	495-540	ECO:0000255|PROSITE-ProRule:PRU00460	Laminin EGF-like 5	domain_ft
Q00174	541-586	ECO:0000255|PROSITE-ProRule:PRU00460	Laminin EGF-like 6	domain_ft
Q00174	587-631	ECO:0000255|PROSITE-ProRule:PRU00460	Laminin EGF-like 7	domain_ft
Q00174	632-676	ECO:0000255|PROSITE-ProRule:PRU00460	Laminin EGF-like 8	domain_ft
Q00174	677-731	ECO:0000255|PROSITE-ProRule:PRU00460	Laminin EGF-like 9	domain_ft
Q00174	732-784	ECO:0000255|PROSITE-ProRule:PRU00460	Laminin EGF-like 10	domain_ft
Q00174	785-815	ECO:0000255|PROSITE-ProRule:PRU00460	Laminin EGF-like 11; truncated	domain_ft
Q00449	1059-1297	ECO:0000255|PROSITE-ProRule:PRU00434	ABC transporter 2	domain_ft
Q00449	402-638	ECO:0000255|PROSITE-ProRule:PRU00434	ABC transporter 1	domain_ft
Q00449	46-367	ECO:0000255|PROSITE-ProRule:PRU00441	ABC transmembrane type-1 1	domain_ft
Q00449	735-1023	ECO:0000255|PROSITE-ProRule:PRU00441	ABC transmembrane type-1 2	domain_ft
Q00748	1059-1298	ECO:0000255|PROSITE-ProRule:PRU00434	ABC transporter 2	domain_ft
Q00748	405-641	ECO:0000255|PROSITE-ProRule:PRU00434	ABC transporter 1	domain_ft
Q00748	48-369	ECO:0000255|PROSITE-ProRule:PRU00441	ABC transmembrane type-1 1	domain_ft
Q00748	732-1020	ECO:0000255|PROSITE-ProRule:PRU00441	ABC transmembrane type-1 2	domain_ft
Q00963	169-274	ECO:0000255|PROSITE-ProRule:PRU00044	Calponin-homology (CH) 2	domain_ft
Q00963	2147-2259	ECO:0000255|PROSITE-ProRule:PRU00145	PH	domain_ft
Q00963	50-154	ECO:0000255|PROSITE-ProRule:PRU00044	Calponin-homology (CH) 1	domain_ft
Q01068	11-68	ECO:0000255|PROSITE-ProRule:PRU00981	bHLH	domain_ft
Q01068	98-130	ECO:0000255|PROSITE-ProRule:PRU00380	Orange	domain_ft
Q01069	13-70	ECO:0000255|PROSITE-ProRule:PRU00981	bHLH	domain_ft
Q01069	99-132	ECO:0000255|PROSITE-ProRule:PRU00380	Orange	domain_ft
Q01070	15-72	ECO:0000255|PROSITE-ProRule:PRU00981	bHLH	domain_ft
Q01070	93-126	ECO:0000255|PROSITE-ProRule:PRU00380	Orange	domain_ft
Q01071	15-72	ECO:0000255|PROSITE-ProRule:PRU00981	bHLH	domain_ft
Q01071	93-126	ECO:0000255|PROSITE-ProRule:PRU00380	Orange	domain_ft
Q01083	78-122	ECO:0000255|PROSITE-ProRule:PRU00076	EGF-like	domain_ft
Q01295	32-97	ECO:0000255|PROSITE-ProRule:PRU00037	BTB	domain_ft
Q01583	286-321	ECO:0000255|PROSITE-ProRule:PRU00448	EF-hand 1	domain_ft
Q01583	331-366	ECO:0000255|PROSITE-ProRule:PRU00448	EF-hand 2	domain_ft
Q01583	548-682	ECO:0000255|PROSITE-ProRule:PRU00783	DAGKc	domain_ft
Q01617	442-524	ECO:0000255|PROSITE-ProRule:PRU00176	RRM	domain_ft
Q01819	405-462		LRRCT	domain_ft
Q01820	66-136	ECO:0000255|PROSITE-ProRule:PRU00037	BTB	domain_ft
Q01842	33-117	ECO:0000255|PROSITE-ProRule:PRU00762	PNT	domain_ft
Q01989	3-54	ECO:0000255|PROSITE-ProRule:PRU01190	Myosin N-terminal SH3-like	domain_ft
Q01989	57-766	ECO:0000255|PROSITE-ProRule:PRU00782	Myosin motor	domain_ft
Q01989	808-837	ECO:0000255|PROSITE-ProRule:PRU00116	IQ	domain_ft
Q02280	113-165	ECO:0000255|PROSITE-ProRule:PRU00141	PAC	domain_ft
Q02280	43-97	ECO:0000255|PROSITE-ProRule:PRU00140	PAS	domain_ft
Q02427	11-84	ECO:0000255|PROSITE-ProRule:PRU00176	RRM	domain_ft
Q02637	363-426	ECO:0000255|PROSITE-ProRule:PRU00978	bZIP	domain_ft
Q02748	242-403	ECO:0000255|PROSITE-ProRule:PRU00542	Helicase C-terminal	domain_ft
Q02748	61-231	ECO:0000255|PROSITE-ProRule:PRU00541	Helicase ATP-binding	domain_ft
Q02870	343-504	ECO:0000255|PROSITE-ProRule:PRU00541	Helicase ATP-binding	domain_ft
Q02870	558-713	ECO:0000255|PROSITE-ProRule:PRU00542	Helicase C-terminal	domain_ft
Q02926	123-198	ECO:0000255|PROSITE-ProRule:PRU00176	RRM 2	domain_ft
Q02926	32-109	ECO:0000255|PROSITE-ProRule:PRU00176	RRM 1	domain_ft
Q03019	265-371	ECO:0000255|PROSITE-ProRule:PRU00173	Rhodanese	domain_ft
Q03042	457-717	ECO:0000255|PROSITE-ProRule:PRU00159	Protein kinase	domain_ft
Q03042	718-768	ECO:0000255|PROSITE-ProRule:PRU00618	AGC-kinase C-terminal	domain_ft
Q03043	1037-1088	ECO:0000255|PROSITE-ProRule:PRU00618	AGC-kinase C-terminal	domain_ft
Q03043	777-1036	ECO:0000255|PROSITE-ProRule:PRU00159	Protein kinase	domain_ft
Q03427	46-402	ECO:0000255|PROSITE-ProRule:PRU01188	IF rod	domain_ft
Q03427	468-582	ECO:0000255|PROSITE-ProRule:PRU01187	LTD	domain_ft
Q03720	356-498	ECO:0000255|PROSITE-ProRule:PRU00543	RCK N-terminal 1	domain_ft
Q03720	830-974	ECO:0000255|PROSITE-ProRule:PRU00543	RCK N-terminal 2	domain_ft
Q03751	15-84	ECO:0000255|PROSITE-ProRule:PRU00286	J	domain_ft
Q04047	302-374	ECO:0000255|PROSITE-ProRule:PRU00176	RRM 1	domain_ft
Q04047	376-457	ECO:0000255|PROSITE-ProRule:PRU00176	RRM 2	domain_ft
Q04164	1281-1385	ECO:0000255|PROSITE-ProRule:PRU00316	Fibronectin type-III 1	domain_ft
Q04164	1407-1506	ECO:0000255|PROSITE-ProRule:PRU00316	Fibronectin type-III 2	domain_ft
Q04164	1512-1608	ECO:0000255|PROSITE-ProRule:PRU00316	Fibronectin type-III 3	domain_ft
Q04164	663-708	ECO:0000255|PROSITE-ProRule:PRU00220	VWFC 1	domain_ft
Q04164	828-902	ECO:0000255|PROSITE-ProRule:PRU00220	VWFC 2	domain_ft
Q04652	157-223	ECO:0000255|PROSITE-ProRule:PRU00037	BTB	domain_ft
Q04688	184-269	ECO:0000255|PROSITE-ProRule:PRU00762	PNT	domain_ft
Q05192	580-808	ECO:0000255|PROSITE-ProRule:PRU01189	NR LBD	domain_ft
Q05319	544-787	ECO:0000255|PROSITE-ProRule:PRU00274	Peptidase S1	domain_ft
Q05337	46-399	ECO:0000255|PROSITE-ProRule:PRU01230	G-alpha	domain_ft
Q05652	213-499	ECO:0000255|PROSITE-ProRule:PRU00159	Protein kinase	domain_ft
Q05652	55-121	ECO:0000255|PROSITE-ProRule:PRU00064	Death	domain_ft
Q05856	4-86	ECO:0000255|PROSITE-ProRule:PRU01346	Sm	domain_ft
Q06003	98-207		PA	domain_ft
Q06521	69-106	ECO:0000255|PROSITE-ProRule:PRU00483	VM	domain_ft
Q06559	23-94	ECO:0000255|PROSITE-ProRule:PRU00118	KH type-2	domain_ft
Q07093	466-593	ECO:0000255|PROSITE-ProRule:PRU00099	Guanylate cyclase	domain_ft
Q07152	136-195	ECO:0000255|HAMAP-Rule:MF_03156	CBS 1	domain_ft
Q07152	200-256	ECO:0000255|HAMAP-Rule:MF_03156	CBS 2	domain_ft
Q07407	106-192		Ig-like C2-type 1	domain_ft
Q07407	203-279		Ig-like C2-type 2	domain_ft
Q07407	416-692	ECO:0000255|PROSITE-ProRule:PRU00159	Protein kinase	domain_ft
Q07436	26-399	ECO:0000255|PROSITE-ProRule:PRU00084	FERM	domain_ft
Q07553	507-800	ECO:0000255|PROSITE-ProRule:PRU00159	Protein kinase	domain_ft
Q07553	873-1003	ECO:0000255|PROSITE-ProRule:PRU00099	Guanylate cyclase	domain_ft
Q07886	237-386	ECO:0000255|PROSITE-ProRule:PRU00542	Helicase C-terminal	domain_ft
Q07886	38-209	ECO:0000255|PROSITE-ProRule:PRU00541	Helicase ATP-binding	domain_ft
Q08012	1-58	ECO:0000255|PROSITE-ProRule:PRU00192	SH3 1	domain_ft
Q08012	152-211	ECO:0000255|PROSITE-ProRule:PRU00192	SH3 2	domain_ft
Q08012	60-151	ECO:0000255|PROSITE-ProRule:PRU00191	SH2	domain_ft
Q08180	132-230		Ig-like C2-type 2	domain_ft
Q08180	21-120		Ig-like C2-type 1	domain_ft
Q08180	237-343		Ig-like C2-type 3	domain_ft
Q08180	346-419		Ig-like C2-type 4	domain_ft
Q08180	430-530		Ig-like C2-type 5	domain_ft
Q08473	136-213	ECO:0000255|PROSITE-ProRule:PRU00176	RRM 2	domain_ft
Q08473	56-138	ECO:0000255|PROSITE-ProRule:PRU00176	RRM 1	domain_ft
Q08605	34-99	ECO:0000255|PROSITE-ProRule:PRU00037	BTB	domain_ft
Q08694	19-140	ECO:0000255|PROSITE-ProRule:PRU00680	C-type lysozyme	domain_ft
Q09024	174-260		Ig-like C2-type 2	domain_ft
Q09024	48-149		Ig-like C2-type 1	domain_ft
Q09101	527-599	ECO:0000255|PROSITE-ProRule:PRU00302	Sushi 1	domain_ft
Q09101	612-708		Ig-like C2-type	domain_ft
Q09101	712-770	ECO:0000255|PROSITE-ProRule:PRU00302	Sushi 2	domain_ft
Q09101	771-829	ECO:0000255|PROSITE-ProRule:PRU00302	Sushi 3	domain_ft
Q09101	830-892	ECO:0000255|PROSITE-ProRule:PRU00302	Sushi 4	domain_ft
Q09101	892-954	ECO:0000255|PROSITE-ProRule:PRU00302	Sushi 5	domain_ft
Q09103	808-944	ECO:0000255|PROSITE-ProRule:PRU00783	DAGKc	domain_ft
Q09147	124-230		Ig-like C2-type 2	domain_ft
Q09147	23-117		Ig-like C2-type 1	domain_ft
Q09147	240-340		Ig-like C2-type 3	domain_ft
Q09147	393-478		Ig-like C2-type 4	domain_ft
Q09147	487-585		Ig-like C2-type 5	domain_ft
Q09147	712-1000	ECO:0000255|PROSITE-ProRule:PRU00159	Protein kinase	domain_ft
Q0E8F2	112-147	ECO:0000255|PROSITE-ProRule:PRU00448	EF-hand 1	domain_ft
Q0E8F2	177-212	ECO:0000255|PROSITE-ProRule:PRU00448	EF-hand 2	domain_ft
Q0E8F2	213-248	ECO:0000255|PROSITE-ProRule:PRU00448	EF-hand 3	domain_ft
Q0E908	9-76	ECO:0000255|PROSITE-ProRule:PRU00125	LIM zinc-binding	domain_ft
Q0E940	57-141	ECO:0000255|HAMAP-Rule:MF_03001	RRM	domain_ft
Q0E9H9	1012-1116	ECO:0000255|PROSITE-ProRule:PRU00316	Fibronectin type-III 2	domain_ft
Q0E9H9	1117-1213	ECO:0000255|PROSITE-ProRule:PRU00316	Fibronectin type-III 3	domain_ft
Q0E9H9	1217-1310	ECO:0000255|PROSITE-ProRule:PRU00316	Fibronectin type-III 4	domain_ft
Q0E9H9	1312-1394	ECO:0000255|PROSITE-ProRule:PRU00114	Ig-like C2-type 10	domain_ft
Q0E9H9	138-230	ECO:0000255|PROSITE-ProRule:PRU00114	Ig-like C2-type 2	domain_ft
Q0E9H9	1402-1495	ECO:0000255|PROSITE-ProRule:PRU00316	Fibronectin type-III 5	domain_ft
Q0E9H9	1499-1594	ECO:0000255|PROSITE-ProRule:PRU00316	Fibronectin type-III 6	domain_ft
Q0E9H9	247-338	ECO:0000255|PROSITE-ProRule:PRU00114	Ig-like C2-type 3	domain_ft
Q0E9H9	342-421	ECO:0000255|PROSITE-ProRule:PRU00114	Ig-like C2-type 4	domain_ft
Q0E9H9	39-134	ECO:0000255|PROSITE-ProRule:PRU00114	Ig-like C2-type 1	domain_ft
Q0E9H9	428-522	ECO:0000255|PROSITE-ProRule:PRU00114	Ig-like C2-type 5	domain_ft
Q0E9H9	527-613	ECO:0000255|PROSITE-ProRule:PRU00114	Ig-like C2-type 6	domain_ft
Q0E9H9	618-712	ECO:0000255|PROSITE-ProRule:PRU00114	Ig-like C2-type 7	domain_ft
Q0E9H9	715-807	ECO:0000255|PROSITE-ProRule:PRU00114	Ig-like C2-type 8	domain_ft
Q0E9H9	812-904	ECO:0000255|PROSITE-ProRule:PRU00114	Ig-like C2-type 9	domain_ft
Q0E9H9	913-1007	ECO:0000255|PROSITE-ProRule:PRU00316	Fibronectin type-III 1	domain_ft
Q0KHQ5	27-280	ECO:0000255|PROSITE-ProRule:PRU00159	Protein kinase	domain_ft
Q0KHT7	37-295	ECO:0000255|PROSITE-ProRule:PRU00159	Protein kinase	domain_ft
Q0KHU5	402-437	ECO:0000255|PROSITE-ProRule:PRU00448	EF-hand 1	domain_ft
Q0KHU5	439-474	ECO:0000255|PROSITE-ProRule:PRU00448	EF-hand 2	domain_ft
Q0KHU5	475-510	ECO:0000255|PROSITE-ProRule:PRU00448	EF-hand 3	domain_ft
Q0KHV6	304-638	ECO:0000255|PROSITE-ProRule:PRU00159	Protein kinase	domain_ft
Q0KHY3	1119-1179	ECO:0000255|PROSITE-ProRule:PRU00302	Sushi	domain_ft
Q0KHY3	259-425	ECO:0000255|PROSITE-ProRule:PRU00570	NIDO	domain_ft
Q0KHY3	656-807	ECO:0000255|PROSITE-ProRule:PRU00347	AMOP	domain_ft
Q0KHY3	820-1028	ECO:0000255|PROSITE-ProRule:PRU00580	VWFD	domain_ft
Q0KI50	1206-1239	ECO:0000255|PROSITE-ProRule:PRU00224	WW	domain_ft
Q0KIA2	259-503	ECO:0000255|PROSITE-ProRule:PRU01082	PPM-type phosphatase	domain_ft
Q10714	19-607	ECO:0000255|PROSITE-ProRule:PRU01355	Peptidase M2	domain_ft
Q11002	1-14	ECO:0000255|PROSITE-ProRule:PRU00448	EF-hand 1	domain_ft
Q11002	579-614	ECO:0000255|PROSITE-ProRule:PRU00448	EF-hand 2	domain_ft
Q11002	699-734	ECO:0000255|PROSITE-ProRule:PRU00448	EF-hand 3	domain_ft
Q11002	729-764	ECO:0000255|PROSITE-ProRule:PRU00448	EF-hand 4	domain_ft
Q11002	764-799	ECO:0000255|PROSITE-ProRule:PRU00448	EF-hand 5	domain_ft
Q11002	88-387	ECO:0000255|PROSITE-ProRule:PRU00239	Calpain catalytic	domain_ft
Q1JUZ1	98-201	ECO:0000255|PROSITE-ProRule:PRU00628	Rieske	domain_ft
Q23972	600-654		SAM	domain_ft
Q23973	157-217	ECO:0000255|PROSITE-ProRule:PRU00184, ECO:0000305	SAM	domain_ft
Q23976	262-487		Ku	domain_ft
Q23977	197-456	ECO:0000255|PROSITE-ProRule:PRU00159	Protein kinase	domain_ft
Q23978	694-714	ECO:0000255|PROSITE-ProRule:PRU00116	IQ 1	domain_ft
Q23978	7-690	ECO:0000255|PROSITE-ProRule:PRU00782	Myosin motor	domain_ft
Q23978	716-736	ECO:0000255|PROSITE-ProRule:PRU00116	IQ 2	domain_ft
Q23978	806-1007	ECO:0000255|PROSITE-ProRule:PRU01093	TH1	domain_ft
Q23979	21-703	ECO:0000255|PROSITE-ProRule:PRU00782	Myosin motor	domain_ft
Q23979	696-728	ECO:0000255|PROSITE-ProRule:PRU00116	IQ 1	domain_ft
Q23979	729-751	ECO:0000255|PROSITE-ProRule:PRU00116	IQ 2	domain_ft
Q23979	752-779	ECO:0000255|PROSITE-ProRule:PRU00116	IQ 3	domain_ft
Q23979	857-1035	ECO:0000255|PROSITE-ProRule:PRU01093	TH1	domain_ft
Q23985	119-201	ECO:0000255|PROSITE-ProRule:PRU00248	WWE 2	domain_ft
Q23985	35-118	ECO:0000255|PROSITE-ProRule:PRU00248	WWE 1	domain_ft
Q23989	823-888	ECO:0000255|PROSITE-ProRule:PRU00595	HP	domain_ft
Q23997	29-452	ECO:0000255|PROSITE-ProRule:PRU01258	GH18	domain_ft
Q24008	17-106	ECO:0000255|PROSITE-ProRule:PRU00143, ECO:0000305	PDZ 1	domain_ft
Q24008	249-332	ECO:0000255|PROSITE-ProRule:PRU00143, ECO:0000305	PDZ 2	domain_ft
Q24008	364-448	ECO:0000255|PROSITE-ProRule:PRU00143, ECO:0000305	PDZ 3	domain_ft
Q24008	489-577	ECO:0000255|PROSITE-ProRule:PRU00143, ECO:0000305	PDZ 4	domain_ft
Q24008	584-664	ECO:0000255|PROSITE-ProRule:PRU00143, ECO:0000305	PDZ 5	domain_ft
Q24009	172-239	ECO:0000255|PROSITE-ProRule:PRU00117	KH 1	domain_ft
Q24009	324-392	ECO:0000255|PROSITE-ProRule:PRU00117	KH 2	domain_ft
Q24009	805-868	ECO:0000255|PROSITE-ProRule:PRU00184	SAM	domain_ft
Q24025	100-175	ECO:0000255|PROSITE-ProRule:PRU00220	VWFC 1	domain_ft
Q24025	197-337	ECO:0000255|PROSITE-ProRule:PRU00230	CHRD 1	domain_ft
Q24025	339-471	ECO:0000255|PROSITE-ProRule:PRU00230	CHRD 2	domain_ft
Q24025	474-588	ECO:0000255|PROSITE-ProRule:PRU00230	CHRD 3	domain_ft
Q24025	592-713	ECO:0000255|PROSITE-ProRule:PRU00230	CHRD 4	domain_ft
Q24025	742-804	ECO:0000255|PROSITE-ProRule:PRU00220	VWFC 2	domain_ft
Q24025	830-899	ECO:0000255|PROSITE-ProRule:PRU00220	VWFC 3	domain_ft
Q24025	939-1020	ECO:0000255|PROSITE-ProRule:PRU00220	VWFC 4	domain_ft
Q24087	697-777		ERCC4	domain_ft
Q24093	113-365	ECO:0000255	AB hydrolase-1	domain_ft
Q24119	174-244	ECO:0000255|PROSITE-ProRule:PRU00140	PAS 1	domain_ft
Q24119	391-461	ECO:0000255|PROSITE-ProRule:PRU00140	PAS 2	domain_ft
Q24119	465-508		PAC	domain_ft
Q24119	86-139	ECO:0000255|PROSITE-ProRule:PRU00981	bHLH	domain_ft
Q24120	480-560		FH1	domain_ft
Q24120	585-1032	ECO:0000255|PROSITE-ProRule:PRU00774	FH2	domain_ft
Q24133	4-68	ECO:0000255|PROSITE-ProRule:PRU00286	J	domain_ft
Q24142	329-596	ECO:0000255|PROSITE-ProRule:PRU01189	NR LBD	domain_ft
Q24143	483-723	ECO:0000255|PROSITE-ProRule:PRU01189	NR LBD	domain_ft
Q24145	10-106	ECO:0000255|PROSITE-ProRule:PRU00191, ECO:0000305	SH2 1	domain_ft
Q24145	288-403	ECO:0000255|PROSITE-ProRule:PRU00191, ECO:0000305	SH2 2	domain_ft
Q24145	662-921	ECO:0000255|PROSITE-ProRule:PRU00159	Protein kinase	domain_ft
Q24151	594-658	ECO:0000255|PROSITE-ProRule:PRU00191	SH2	domain_ft
Q24167	167-240	ECO:0000255|PROSITE-ProRule:PRU00140	PAS 1	domain_ft
Q24167	307-377	ECO:0000255|PROSITE-ProRule:PRU00140	PAS 2	domain_ft
Q24167	381-422		PAC	domain_ft
Q24167	72-125	ECO:0000255|PROSITE-ProRule:PRU00981	bHLH	domain_ft
Q24174	103-168	ECO:0000255|PROSITE-ProRule:PRU00037, ECO:0000305	BTB	domain_ft
Q24180	210-291	ECO:0000255|PROSITE-ProRule:PRU00185	SAND	domain_ft
Q24185	6-123	ECO:0000255|PROSITE-ProRule:PRU00044	Calponin-homology (CH)	domain_ft
Q24206	32-97	ECO:0000255|PROSITE-ProRule:PRU00037	BTB	domain_ft
Q24207	151-178	ECO:0000255|PROSITE-ProRule:PRU01238	DAZ	domain_ft
Q24207	33-110	ECO:0000255|PROSITE-ProRule:PRU00176	RRM	domain_ft
Q24208	38-247	ECO:0000255|PROSITE-ProRule:PRU01059	tr-type G	domain_ft
Q24210	12-278	ECO:0000255|PROSITE-ProRule:PRU00159	Protein kinase	domain_ft
Q24210	343-397	ECO:0000255|PROSITE-ProRule:PRU00365	L27 1	domain_ft
Q24210	402-461	ECO:0000255|PROSITE-ProRule:PRU00365	L27 2	domain_ft
Q24210	495-576	ECO:0000255|PROSITE-ProRule:PRU00143	PDZ	domain_ft
Q24210	582-651	ECO:0000255|PROSITE-ProRule:PRU00192	SH3	domain_ft
Q24210	711-883	ECO:0000255|PROSITE-ProRule:PRU00100	Guanylate kinase-like	domain_ft
Q24212	728-902	ECO:0000255|PROSITE-ProRule:PRU00403	SHD	domain_ft
Q24212	906-1219	ECO:0000255|PROSITE-ProRule:PRU00404	MHD	domain_ft
Q24214	128-163	ECO:0000255|PROSITE-ProRule:PRU00448	EF-hand 4	domain_ft
Q24214	18-46	ECO:0000255|PROSITE-ProRule:PRU00448	EF-hand 1	domain_ft
Q24214	50-85	ECO:0000255|PROSITE-ProRule:PRU00448	EF-hand 2	domain_ft
Q24214	87-122	ECO:0000255|PROSITE-ProRule:PRU00448	EF-hand 3	domain_ft
Q24292	1101-1203	ECO:0000255|PROSITE-ProRule:PRU00043	Cadherin 11	domain_ft
Q24292	1205-1312	ECO:0000255|PROSITE-ProRule:PRU00043	Cadherin 12	domain_ft
Q24292	122-233	ECO:0000255|PROSITE-ProRule:PRU00043	Cadherin 2	domain_ft
Q24292	1313-1432	ECO:0000255|PROSITE-ProRule:PRU00043	Cadherin 13	domain_ft
Q24292	1433-1549	ECO:0000255|PROSITE-ProRule:PRU00043	Cadherin 14	domain_ft
Q24292	1556-1666	ECO:0000255|PROSITE-ProRule:PRU00043	Cadherin 15	domain_ft
Q24292	1667-1794	ECO:0000255|PROSITE-ProRule:PRU00043	Cadherin 16	domain_ft
Q24292	1796-1899	ECO:0000255|PROSITE-ProRule:PRU00043	Cadherin 17	domain_ft
Q24292	1900-2004	ECO:0000255|PROSITE-ProRule:PRU00043	Cadherin 18	domain_ft
Q24292	2005-2111	ECO:0000255|PROSITE-ProRule:PRU00043	Cadherin 19	domain_ft
Q24292	2114-2269	ECO:0000255|PROSITE-ProRule:PRU00043	Cadherin 20	domain_ft
Q24292	22-121	ECO:0000255|PROSITE-ProRule:PRU00043	Cadherin 1	domain_ft
Q24292	2270-2375	ECO:0000255|PROSITE-ProRule:PRU00043	Cadherin 21	domain_ft
Q24292	234-340	ECO:0000255|PROSITE-ProRule:PRU00043	Cadherin 3	domain_ft
Q24292	2375-2479	ECO:0000255|PROSITE-ProRule:PRU00043	Cadherin 22	domain_ft
Q24292	2489-2595	ECO:0000255|PROSITE-ProRule:PRU00043	Cadherin 23	domain_ft
Q24292	2596-2699	ECO:0000255|PROSITE-ProRule:PRU00043	Cadherin 24	domain_ft
Q24292	2701-2809	ECO:0000255|PROSITE-ProRule:PRU00043	Cadherin 25	domain_ft
Q24292	2810-2916	ECO:0000255|PROSITE-ProRule:PRU00043	Cadherin 26	domain_ft
Q24292	2919-3028	ECO:0000255|PROSITE-ProRule:PRU00043	Cadherin 27	domain_ft
Q24292	345-451	ECO:0000255|PROSITE-ProRule:PRU00043	Cadherin 4	domain_ft
Q24292	452-558	ECO:0000255|PROSITE-ProRule:PRU00043	Cadherin 5	domain_ft
Q24292	559-662	ECO:0000255|PROSITE-ProRule:PRU00043	Cadherin 6	domain_ft
Q24292	663-774	ECO:0000255|PROSITE-ProRule:PRU00043	Cadherin 7	domain_ft
Q24292	775-878	ECO:0000255|PROSITE-ProRule:PRU00043	Cadherin 8	domain_ft
Q24292	879-983	ECO:0000255|PROSITE-ProRule:PRU00043	Cadherin 9	domain_ft
Q24292	984-1100	ECO:0000255|PROSITE-ProRule:PRU00043	Cadherin 10	domain_ft
Q24297	8-80	ECO:0000255|PROSITE-ProRule:PRU01346	Sm	domain_ft
Q24298	1084-1123	ECO:0000255|PROSITE-ProRule:PRU00076	EGF-like	domain_ft
Q24298	1125-1313	ECO:0000255|PROSITE-ProRule:PRU00122	Laminin G-like	domain_ft
Q24298	204-301	ECO:0000255|PROSITE-ProRule:PRU00043	Cadherin 2	domain_ft
Q24298	311-412	ECO:0000255|PROSITE-ProRule:PRU00043	Cadherin 3	domain_ft
Q24298	420-522	ECO:0000255|PROSITE-ProRule:PRU00043	Cadherin 4	domain_ft
Q24298	532-633	ECO:0000255|PROSITE-ProRule:PRU00043	Cadherin 5	domain_ft
Q24298	631-733	ECO:0000255|PROSITE-ProRule:PRU00043	Cadherin 6	domain_ft
Q24298	741-835	ECO:0000255|PROSITE-ProRule:PRU00043	Cadherin 7	domain_ft
Q24298	97-195	ECO:0000255|PROSITE-ProRule:PRU00043	Cadherin 1	domain_ft
Q24311	704-764	ECO:0000255	Cullin neddylation	domain_ft
Q24322	74-543	ECO:0000255|PROSITE-ProRule:PRU00352	Sema	domain_ft
Q24323	45-522	ECO:0000255|PROSITE-ProRule:PRU00352	Sema	domain_ft
Q24323	552-663		Ig-like C2-type	domain_ft
Q24324	87-364	ECO:0000255|PROSITE-ProRule:PRU00159	Protein kinase	domain_ft
Q24368	140-305	ECO:0000255|PROSITE-ProRule:PRU00541	Helicase ATP-binding	domain_ft
Q24368	435-586	ECO:0000255|PROSITE-ProRule:PRU00542	Helicase C-terminal	domain_ft
Q24368	795-847	ECO:0000255|PROSITE-ProRule:PRU00624	SANT 1	domain_ft
Q24368	898-962	ECO:0000255|PROSITE-ProRule:PRU00624	SANT 2	domain_ft
Q24372	135-221		Ig-like C2-type 1	domain_ft
Q24372	226-317		Ig-like C2-type 2	domain_ft
Q24372	29-130		Ig-like V-type	domain_ft
Q24400	12-63	ECO:0000255|PROSITE-ProRule:PRU00125	LIM zinc-binding 1	domain_ft
Q24400	120-172	ECO:0000255|PROSITE-ProRule:PRU00125	LIM zinc-binding 2	domain_ft
Q24400	222-274	ECO:0000255|PROSITE-ProRule:PRU00125	LIM zinc-binding 3	domain_ft
Q24400	325-377	ECO:0000255|PROSITE-ProRule:PRU00125	LIM zinc-binding 4	domain_ft
Q24400	421-473	ECO:0000255|PROSITE-ProRule:PRU00125	LIM zinc-binding 5	domain_ft
Q24459	349-404		Tudor	domain_ft
Q24468	202-496	ECO:0000255|PROSITE-ProRule:PRU00159	Protein kinase	domain_ft
Q24478	30-97	ECO:0000255|PROSITE-ProRule:PRU00037	BTB	domain_ft
Q24488	236-310	ECO:0000255|PROSITE-ProRule:PRU00121	Kringle	domain_ft
Q24488	36-225	ECO:0000255|PROSITE-ProRule:PRU00090, ECO:0000305	FZ	domain_ft
Q24488	410-677	ECO:0000255|PROSITE-ProRule:PRU00159	Protein kinase	domain_ft
Q24491	7-80	ECO:0000255|PROSITE-ProRule:PRU00176	RRM	domain_ft
Q24498	1032-1217	ECO:0000255|PROSITE-ProRule:PRU00548	B30.2	domain_ft
Q24498	1452-1673	ECO:0000255|PROSITE-ProRule:PRU00548	B30.2	domain_ft
Q24498	155-200	ECO:0000255|PROSITE-ProRule:PRU00131	MIR 2	domain_ft
Q24498	210-264	ECO:0000255|PROSITE-ProRule:PRU00131	MIR 3	domain_ft
Q24498	270-328	ECO:0000255|PROSITE-ProRule:PRU00131	MIR 4	domain_ft
Q24498	336-394	ECO:0000255|PROSITE-ProRule:PRU00131	MIR 5	domain_ft
Q24498	577-803	ECO:0000255|PROSITE-ProRule:PRU00548	B30.2	domain_ft
Q24498	94-148	ECO:0000255|PROSITE-ProRule:PRU00131	MIR 1	domain_ft
Q24509	375-437	ECO:0000255|PROSITE-ProRule:PRU00202	t-SNARE coiled-coil homology	domain_ft
Q24535	167-225	ECO:0000255|PROSITE-ProRule:PRU00251	MADS-box	domain_ft
Q24547	195-257	ECO:0000255|PROSITE-ProRule:PRU00202	t-SNARE coiled-coil homology	domain_ft
Q24562	207-285	ECO:0000255|PROSITE-ProRule:PRU00176	RRM 2	domain_ft
Q24562	318-408	ECO:0000255|PROSITE-ProRule:PRU00176	RRM 3	domain_ft
Q24562	93-175	ECO:0000255|PROSITE-ProRule:PRU00176	RRM 1	domain_ft
Q24564	12-305	ECO:0000255|PROSITE-ProRule:PRU00084, ECO:0000305	FERM	domain_ft
Q24567	313-368	ECO:0000255|PROSITE-ProRule:PRU00460	Laminin EGF-like 1	domain_ft
Q24567	369-431	ECO:0000255|PROSITE-ProRule:PRU00460	Laminin EGF-like 2	domain_ft
Q24567	432-481	ECO:0000255|PROSITE-ProRule:PRU00460	Laminin EGF-like 3	domain_ft
Q24567	46-312	ECO:0000255|PROSITE-ProRule:PRU00466	Laminin N-terminal	domain_ft
Q24567	533-725	ECO:0000255|PROSITE-ProRule:PRU00295	NTR	domain_ft
Q24568	39-303	ECO:0000255|PROSITE-ProRule:PRU00466	Laminin N-terminal	domain_ft
Q24568	405-497	ECO:0000255|PROSITE-ProRule:PRU00460	Laminin EGF-like 1	domain_ft
Q24568	498-560	ECO:0000255|PROSITE-ProRule:PRU00460	Laminin EGF-like 2	domain_ft
Q24568	561-610	ECO:0000255|PROSITE-ProRule:PRU00460	Laminin EGF-like 3	domain_ft
Q24568	649-792	ECO:0000255|PROSITE-ProRule:PRU00295	NTR	domain_ft
Q24573	293-385	ECO:0000255|PROSITE-ProRule:PRU00355	ARID	domain_ft
Q24573	731-825	ECO:0000255|PROSITE-ProRule:PRU00819	REKLES	domain_ft
Q24574	396-779	ECO:0000255|PROSITE-ProRule:PRU01035	USP	domain_ft
Q24592	433-539		SH2; atypical	domain_ft
Q24592	46-414	ECO:0000255|PROSITE-ProRule:PRU00084	FERM	domain_ft
Q24592	582-843	ECO:0000255|PROSITE-ProRule:PRU00159	Protein kinase 1	domain_ft
Q24592	892-1164	ECO:0000255|PROSITE-ProRule:PRU00159	Protein kinase 2	domain_ft
Q26263	116-149	ECO:0000255|PROSITE-ProRule:PRU00380	Orange	domain_ft
Q26263	40-97	ECO:0000255|PROSITE-ProRule:PRU00981	bHLH	domain_ft
Q26454	443-777	ECO:0000255|PROSITE-ProRule:PRU01410	MCM C-terminal AAA(+) ATPase	domain_ft
Q27237	65-130	ECO:0000255|PROSITE-ProRule:PRU00286	J	domain_ft
Q27268	258-419	ECO:0000255|PROSITE-ProRule:PRU00542	Helicase C-terminal	domain_ft
Q27268	72-246	ECO:0000255|PROSITE-ProRule:PRU00541	Helicase ATP-binding	domain_ft
Q27294	120-206	ECO:0000255|PROSITE-ProRule:PRU00176	RRM	domain_ft
Q27324	24-155	ECO:0000255|PROSITE-ProRule:PRU00222, ECO:0000305	WIF	domain_ft
Q27324	343-606	ECO:0000255|PROSITE-ProRule:PRU00159	Protein kinase	domain_ft
Q27421	506-605	ECO:0000255|PROSITE-ProRule:PRU00145	PH 2	domain_ft
Q27421	84-190	ECO:0000255|PROSITE-ProRule:PRU00145	PH 1	domain_ft
Q27571	671-868	ECO:0000255|PROSITE-ProRule:PRU00088	Flavodoxin-like	domain_ft
Q27571	928-1167	ECO:0000255|PROSITE-ProRule:PRU00716	FAD-binding FR-type	domain_ft
Q27591	136-372	ECO:0000255|PROSITE-ProRule:PRU00219	VWFA	domain_ft
Q27591	460-498	ECO:0000255|PROSITE-ProRule:PRU01392	I-EGF 1	domain_ft
Q27591	499-553	ECO:0000255|PROSITE-ProRule:PRU01392	I-EGF 2	domain_ft
Q27591	554-584	ECO:0000255|PROSITE-ProRule:PRU01392	I-EGF 3	domain_ft
Q27591	585-623	ECO:0000255|PROSITE-ProRule:PRU01392	I-EGF 4	domain_ft
Q27597	283-523	ECO:0000255|HAMAP-Rule:MF_03212	FAD-binding FR-type	domain_ft
Q27597	84-228	ECO:0000255|HAMAP-Rule:MF_03212	Flavodoxin-like	domain_ft
Q27601	54-302	ECO:0000255|PROSITE-ProRule:PRU00609	Glutamine amidotransferase type-2	domain_ft
Q32KD2	1021-1237	ECO:0000255|PROSITE-ProRule:PRU00190	SET	domain_ft
Q32KD2	1246-1262	ECO:0000255|PROSITE-ProRule:PRU00155	Post-SET	domain_ft
Q32KD2	529-602		Tudor 1	domain_ft
Q32KD2	629-686		Tudor 2	domain_ft
Q32KD2	818-884	ECO:0000255|PROSITE-ProRule:PRU00338	MBD	domain_ft
Q32KD2	946-1018	ECO:0000255|PROSITE-ProRule:PRU00157	Pre-SET	domain_ft
Q3KN41	104-289	ECO:0000255|PROSITE-ProRule:PRU00122	Laminin G-like 1	domain_ft
Q3KN41	1160-1197	ECO:0000255|PROSITE-ProRule:PRU00076	EGF-like 3	domain_ft
Q3KN41	1201-1416	ECO:0000255|PROSITE-ProRule:PRU00122	Laminin G-like 6	domain_ft
Q3KN41	309-347	ECO:0000255|PROSITE-ProRule:PRU00076	EGF-like 1	domain_ft
Q3KN41	352-547	ECO:0000255|PROSITE-ProRule:PRU00122	Laminin G-like 2	domain_ft
Q3KN41	554-739	ECO:0000255|PROSITE-ProRule:PRU00122	Laminin G-like 3	domain_ft
Q3KN41	742-779	ECO:0000255|PROSITE-ProRule:PRU00076	EGF-like 2	domain_ft
Q3KN41	784-964	ECO:0000255|PROSITE-ProRule:PRU00122	Laminin G-like 4	domain_ft
Q3KN41	982-1158	ECO:0000255|PROSITE-ProRule:PRU00122	Laminin G-like 5	domain_ft
Q3LHL9	1510-1634	ECO:0000255|PROSITE-ProRule:PRU00370	BAH	domain_ft
Q45VV3	241-274	ECO:0000255|PROSITE-ProRule:PRU00224	WW 1	domain_ft
Q45VV3	310-343	ECO:0000255|PROSITE-ProRule:PRU00224	WW 2	domain_ft
Q4Z8K6	400-587	ECO:0000255|PROSITE-ProRule:PRU00548	B30.2	domain_ft
Q4Z8K6	617-649	ECO:0000255|PROSITE-ProRule:PRU00126	LisH	domain_ft
Q4Z8K6	655-712	ECO:0000255|PROSITE-ProRule:PRU00058	CTLH	domain_ft
Q59DX8	26-178	ECO:0000255|PROSITE-ProRule:PRU00532	N-acetyltransferase	domain_ft
Q59DY5	31-148	ECO:0000255|PROSITE-ProRule:PRU00040	C-type lectin	domain_ft
Q59DY6	46-169	ECO:0000255|PROSITE-ProRule:PRU00040	C-type lectin	domain_ft
Q59E36	176-227	ECO:0000255|PROSITE-ProRule:PRU00624	SANT 1	domain_ft
Q59E36	302-353	ECO:0000255|PROSITE-ProRule:PRU00624	SANT 2	domain_ft
Q59E36	90-175	ECO:0000255|PROSITE-ProRule:PRU00512	ELM2	domain_ft
Q5BI42	320-541	ECO:0000255|PROSITE-ProRule:PRU00219	VWFA	domain_ft
Q5BI42	557-639		Cache 1	domain_ft
Q5BI42	889-934		Cache 2	domain_ft
Q5EAK6	1713-2317	ECO:0000255|PROSITE-ProRule:PRU00534	FAT	domain_ft
Q5EAK6	2419-2734	ECO:0000255|PROSITE-ProRule:PRU00269	PI3K	domain_ft
Q5EAK6	2735-2767	ECO:0000255|PROSITE-ProRule:PRU00534, ECO:0000255|PROSITE-ProRule:PRU00535	FATC	domain_ft
Q5LJP9	2-180		Glutamine amidotransferase type-2	domain_ft
Q5LJP9	280-541		Asparagine synthetase	domain_ft
Q5LJZ2	101-179	ECO:0000255|PROSITE-ProRule:PRU00176	RRM	domain_ft
Q5LJZ2	1502-1619	ECO:0000255|PROSITE-ProRule:PRU00190	SET	domain_ft
Q5LJZ2	1625-1641	ECO:0000255|PROSITE-ProRule:PRU00155	Post-SET	domain_ft
Q6AWJ9	113-199	ECO:0000255	Ig-like C2-type 2	domain_ft
Q6AWJ9	25-114	ECO:0000255	Ig-like C2-type 1	domain_ft
Q6AWJ9	251-365	ECO:0000255	Ig-like C2-type 3	domain_ft
Q6AWJ9	368-463	ECO:0000255	Ig-like C2-type 4	domain_ft
Q6AWJ9	468-558	ECO:0000255	Ig-like C2-type 5	domain_ft
Q6AWJ9	692-1028	ECO:0000255|PROSITE-ProRule:PRU00159, ECO:0000305	Protein kinase; inactive	domain_ft
Q6IDD9	690-754	ECO:0000255|PROSITE-ProRule:PRU00184	SAM 1	domain_ft
Q6IDD9	760-828	ECO:0000255|PROSITE-ProRule:PRU00184	SAM 2	domain_ft
Q6IDD9	837-981	ECO:0000255|PROSITE-ProRule:PRU00204	TIR	domain_ft
Q6NN85	324-379	ECO:0000255|PROSITE-ProRule:PRU01342	DEK-C	domain_ft
Q6NN85	383-524	ECO:0000255|PROSITE-ProRule:PRU00160	Tyrosine-protein phosphatase	domain_ft
Q6NNF2	312-359	ECO:0000305	PAS	domain_ft
Q6NNF2	558-893	ECO:0000255|PROSITE-ProRule:PRU01192	PDEase	domain_ft
Q6NP60	117-233	ECO:0000255|PROSITE-ProRule:PRU00246	DOMON	domain_ft
Q6NR09	286-379	ECO:0000255|PROSITE-ProRule:PRU00191	SH2	domain_ft
Q6WV16	518-648	ECO:0000255|PROSITE-ProRule:PRU00174	Ricin B-type lectin	domain_ft
Q6WV17	500-622	ECO:0000255|PROSITE-ProRule:PRU00174	Ricin B-type lectin	domain_ft
Q6WV19	508-630	ECO:0000255|PROSITE-ProRule:PRU00174	Ricin B-type lectin	domain_ft
Q6WV20	472-600	ECO:0000255|PROSITE-ProRule:PRU00174	Ricin B-type lectin	domain_ft
Q709R6	4-48	ECO:0000255|PROSITE-ProRule:PRU00313	LEM	domain_ft
Q70PP2	1289-1692	ECO:0000255|PROSITE-ProRule:PRU00534	FAT	domain_ft
Q70PP2	1897-2232	ECO:0000255|PROSITE-ProRule:PRU00269	PI3K	domain_ft
Q70PP2	3186-3218	ECO:0000255|PROSITE-ProRule:PRU00534, ECO:0000255|PROSITE-ProRule:PRU00535	FATC	domain_ft
Q70PY2	47-174	ECO:0000255	N-acetylmuramoyl-L-alanine amidase	domain_ft
Q7JQ32	547-824	ECO:0000255|PROSITE-ProRule:PRU00159	Protein kinase	domain_ft
Q7JQ32	896-1026	ECO:0000255|PROSITE-ProRule:PRU00099	Guanylate cyclase	domain_ft
Q7JQW6	119-338	ECO:0000255|PROSITE-ProRule:PRU01266	Radical SAM core	domain_ft
Q7JRE4	3-47	ECO:0000255|PROSITE-ProRule:PRU00313	LEM	domain_ft
Q7JUN3	136-373	ECO:0000255|PROSITE-ProRule:PRU00441	ABC transmembrane type-1	domain_ft
Q7JUN3	505-727	ECO:0000255|PROSITE-ProRule:PRU00434	ABC transporter	domain_ft
Q7JUR6	371-528	ECO:0000255|PROSITE-ProRule:PRU00056	CRAL-TRIO	domain_ft
Q7JUR6	56-235	ECO:0000255|PROSITE-ProRule:PRU00490	Macro	domain_ft
Q7JUX9	179-373	ECO:0000255|PROSITE-ProRule:PRU01012	SAM-dependent MTase TRM10-type	domain_ft
Q7JUY7	83-265	ECO:0000255|PROSITE-ProRule:PRU00148	PID	domain_ft
Q7JVE7	128-210		MtN3	domain_ft
Q7JVE7	9-93		MtN3	domain_ft
Q7JVI3	181-340	ECO:0000255|PROSITE-ProRule:PRU01185	PCI	domain_ft
Q7JVP4	1305-1378	ECO:0000255|PROSITE-ProRule:PRU00162	PWWP	domain_ft
Q7JVP4	611-715	ECO:0000255|PROSITE-ProRule:PRU00035	Bromo	domain_ft
Q7JW12	112-262	ECO:0000255|PROSITE-ProRule:PRU00691	Thioredoxin	domain_ft
Q7JW27	391-413		WH2	domain_ft
Q7JXA8	24-74	ECO:0000255|PROSITE-ProRule:PRU00053	Chromo	domain_ft
Q7JXF7	23-176	ECO:0000255|PROSITE-ProRule:PRU00415	Saposin B-type	domain_ft
Q7JYV2	30-179	ECO:0000255|PROSITE-ProRule:PRU00581	MARVEL	domain_ft
Q7JYX0	4-85		GST N-terminal	domain_ft
Q7JYX0	91-218		GST C-terminal	domain_ft
Q7JZV0	31-97	ECO:0000255|PROSITE-ProRule:PRU00497	Chitin-binding type R&R	domain_ft
Q7K0D8	455-564	ECO:0000255|PROSITE-ProRule:PRU00164	RanBD1	domain_ft
Q7K0L4	129-190	ECO:0000255|PROSITE-ProRule:PRU00058	CTLH	domain_ft
Q7K0L4	96-128	ECO:0000255|PROSITE-ProRule:PRU00126	LisH	domain_ft
Q7K2G1	12-125	ECO:0000255|PROSITE-ProRule:PRU01265	Pru	domain_ft
Q7K2G1	16-124		PH	domain_ft
Q7K2G1	237-351	ECO:0000255|PROSITE-ProRule:PRU01264	DEUBAD	domain_ft
Q7K3D8	148-197	ECO:0000255|PROSITE-ProRule:PRU00133	Myb-like	domain_ft
Q7K3M5	271-451	ECO:0000255|PROSITE-ProRule:PRU00542	Helicase C-terminal	domain_ft
Q7K3M5	82-246	ECO:0000255|PROSITE-ProRule:PRU00541	Helicase ATP-binding	domain_ft
Q7K480	806-1115	ECO:0000255|PROSITE-ProRule:PRU00848	Bin3-type SAM	domain_ft
Q7K4H4	300-450	ECO:0000255|PROSITE-ProRule:PRU00538	JmjC	domain_ft
Q7K4N3	31-243		MIF4G	domain_ft
Q7K4Q5	23-564	ECO:0000255|PROSITE-ProRule:PRU01082	PPM-type phosphatase	domain_ft
Q7K4V4	20-176	ECO:0000255|PROSITE-ProRule:PRU00388	UBC core	domain_ft
Q7K4W1	207-438	ECO:0000255|PROSITE-ProRule:PRU01266	Radical SAM core	domain_ft
Q7K4W1	438-500	ECO:0000255|PROSITE-ProRule:PRU00208	TRAM	domain_ft
Q7K4W1	71-178	ECO:0000255|PROSITE-ProRule:PRU00780	MTTase N-terminal	domain_ft
Q7K4Z4	176-260	ECO:0000255|PROSITE-ProRule:PRU00064	Death	domain_ft
Q7K5M0	421-644	ECO:0000255|PROSITE-ProRule:PRU00274	Peptidase S1	domain_ft
Q7K5N4	375-403	ECO:0000255|PROSITE-ProRule:PRU01394	ULD	domain_ft
Q7K5N4	45-276	ECO:0000255, ECO:0000255|PROSITE-ProRule:PRU01393, ECO:0000269|PubMed:30258054	UCH catalytic	domain_ft
Q7K738	2-149	ECO:0000255|PROSITE-ProRule:PRU00388	UBC core	domain_ft
Q7KIN0	1096-1233	ECO:0000255|PROSITE-ProRule:PRU00204	TIR	domain_ft
Q7KIN0	716-773	ECO:0000255	LRRCT	domain_ft
Q7KLI1	133-301	ECO:0000255, ECO:0000269|PubMed:21220123	NB-ARC	domain_ft
Q7KLI1	14-92	ECO:0000269|PubMed:16310803, ECO:0000269|PubMed:21220123	CARD	domain_ft
Q7KLV9	224-392	ECO:0000255|PROSITE-ProRule:PRU01185	PCI	domain_ft
Q7KM13	100-155	ECO:0000255|PROSITE-ProRule:PRU00981	bHLH	domain_ft
Q7KM13	174-210	ECO:0000255|PROSITE-ProRule:PRU00380	Orange	domain_ft
Q7KMJ6	314-391	ECO:0000255|PROSITE-ProRule:PRU00176	RRM 1	domain_ft
Q7KMJ6	395-469	ECO:0000255|PROSITE-ProRule:PRU00176	RRM 2	domain_ft
Q7KMJ6	624-791	ECO:0000255|PROSITE-ProRule:PRU00249	SPOC	domain_ft
Q7KNF2	96-173	ECO:0000255|PROSITE-ProRule:PRU00176	RRM	domain_ft
Q7KNS3	9-41	ECO:0000255|HAMAP-Rule:MF_03141	LisH	domain_ft
Q7KPA5	1-120	ECO:0000255|PROSITE-ProRule:PRU01385	Topo IIA-type catalytic	domain_ft
Q7KQM6	566-614	ECO:0000255|PROSITE-ProRule:PRU00101	GYF	domain_ft
Q7KQZ4	32-97	ECO:0000255|PROSITE-ProRule:PRU00037	BTB	domain_ft
Q7KRI2	33-98	ECO:0000255|PROSITE-ProRule:PRU00037	BTB	domain_ft
Q7KRR5	34-97		PUB	domain_ft
Q7KRR5	441-631	ECO:0000255|PROSITE-ProRule:PRU00731	PAW	domain_ft
Q7KRS9	401-504	ECO:0000255|PROSITE-ProRule:PRU00035	Bromo	domain_ft
Q7KRS9	528-579	ECO:0000255|PROSITE-ProRule:PRU00162	PWWP	domain_ft
Q7KRU8	35-190	ECO:0000255|PROSITE-ProRule:PRU00085	Ferritin-like diiron	domain_ft
Q7KRY6	47-328	ECO:0000255|PROSITE-ProRule:PRU00159	Protein kinase	domain_ft
Q7KRY7	1239-1329	ECO:0000255|PROSITE-ProRule:PRU00143	PDZ 3	domain_ft
Q7KRY7	1336-1428	ECO:0000255|PROSITE-ProRule:PRU00143	PDZ 4	domain_ft
Q7KRY7	731-818	ECO:0000255|PROSITE-ProRule:PRU00143	PDZ 1	domain_ft
Q7KRY7	929-1019	ECO:0000255|PROSITE-ProRule:PRU00143	PDZ 2	domain_ft
Q7KSD8	154-198	ECO:0000255	SANT	domain_ft
Q7KSD8	471-562	ECO:0000255|PROSITE-ProRule:PRU00247	SWIRM	domain_ft
Q7KTH8	1-167	ECO:0000255|PROSITE-ProRule:PRU01185	PCI	domain_ft
Q7KTX7	30-99	ECO:0000255|PROSITE-ProRule:PRU00214	Ubiquitin-like	domain_ft
Q7KU24	318-414	ECO:0000255|PROSITE-ProRule:PRU00053	Chromo 1	domain_ft
Q7KU24	439-501	ECO:0000255|PROSITE-ProRule:PRU00053	Chromo 2	domain_ft
Q7KU24	540-710	ECO:0000255|PROSITE-ProRule:PRU00541	Helicase ATP-binding	domain_ft
Q7KU24	840-991	ECO:0000255|PROSITE-ProRule:PRU00542	Helicase C-terminal	domain_ft
Q7KUT2	800-992	ECO:0000255|PROSITE-ProRule:PRU01122	Lon proteolytic	domain_ft
Q7KUT2	94-411	ECO:0000255|PROSITE-ProRule:PRU01123	Lon N-terminal	domain_ft
Q7KVA1	134-228	ECO:0000255|PROSITE-ProRule:PRU00558	WSC	domain_ft
Q7KVS9	458-517	ECO:0000255	PAP-associated	domain_ft
Q7KVY7	239-301	ECO:0000255|PROSITE-ProRule:PRU00202	t-SNARE coiled-coil homology	domain_ft
Q7PLI7	158-244	ECO:0000255|PROSITE-ProRule:PRU00072	Doublecortin 1	domain_ft
Q7PLI7	313-396	ECO:0000255|PROSITE-ProRule:PRU00072	Doublecortin 2	domain_ft
Q7PLI7	477-735	ECO:0000255|PROSITE-ProRule:PRU00159	Protein kinase	domain_ft
Q7PLK0	291-402	ECO:0000255|PROSITE-ProRule:PRU00142	PAZ	domain_ft
Q7PLK0	566-853	ECO:0000255|PROSITE-ProRule:PRU00150	Piwi	domain_ft
Q7YU24	134-382	ECO:0000255|PROSITE-ProRule:PRU01055	Dynamin-type G	domain_ft
Q7YU29	403-436	ECO:0000255|PROSITE-ProRule:PRU00224	WW	domain_ft
Q867Z4	32-97	ECO:0000255|PROSITE-ProRule:PRU00037	BTB	domain_ft
Q868Z9	1612-1662	ECO:0000255|PROSITE-ProRule:PRU00031	BPTI	domain_ft
Q868Z9	1671-1721	ECO:0000255|PROSITE-ProRule:PRU00031	BPTI	domain_ft
Q868Z9	1730-1780	ECO:0000255|PROSITE-ProRule:PRU00031	BPTI	domain_ft
Q868Z9	1790-1840	ECO:0000255|PROSITE-ProRule:PRU00031	BPTI	domain_ft
Q868Z9	1849-1899	ECO:0000255|PROSITE-ProRule:PRU00031	BPTI	domain_ft
Q868Z9	1922-1972	ECO:0000255|PROSITE-ProRule:PRU00031	BPTI	domain_ft
Q868Z9	2001-2051	ECO:0000255|PROSITE-ProRule:PRU00031	BPTI	domain_ft
Q868Z9	2071-2121	ECO:0000255|PROSITE-ProRule:PRU00031	BPTI	domain_ft
Q868Z9	2128-2178	ECO:0000255|PROSITE-ProRule:PRU00031	BPTI	domain_ft
Q868Z9	2194-2244	ECO:0000255|PROSITE-ProRule:PRU00031	BPTI	domain_ft
Q868Z9	2253-2303	ECO:0000255|PROSITE-ProRule:PRU00031	BPTI	domain_ft
Q868Z9	2318-2371	ECO:0000255|PROSITE-ProRule:PRU00031	BPTI	domain_ft
Q868Z9	2452-2498	ECO:0000255|PROSITE-ProRule:PRU00722	WAP	domain_ft
Q868Z9	2523-2607		Ig-like C2-type 1	domain_ft
Q868Z9	2617-2697		Ig-like C2-type 2	domain_ft
Q868Z9	2749-2840		Ig-like C2-type 3	domain_ft
Q868Z9	2847-2886	ECO:0000255|PROSITE-ProRule:PRU00233	PLAC	domain_ft
Q868Z9	338-397	ECO:0000255|PROSITE-ProRule:PRU00210	TSP type-1 2	domain_ft
Q868Z9	461-521	ECO:0000255|PROSITE-ProRule:PRU00210	TSP type-1 3	domain_ft
Q868Z9	522-575	ECO:0000255|PROSITE-ProRule:PRU00210	TSP type-1 4	domain_ft
Q868Z9	57-111	ECO:0000255|PROSITE-ProRule:PRU00210	TSP type-1 1	domain_ft
Q868Z9	576-633	ECO:0000255|PROSITE-ProRule:PRU00210	TSP type-1 5	domain_ft
Q868Z9	639-694	ECO:0000255|PROSITE-ProRule:PRU00210	TSP type-1 6	domain_ft
Q86B47	359-548	ECO:0000255|PROSITE-ProRule:PRU00541	Helicase ATP-binding	domain_ft
Q86B47	616-789	ECO:0000255|PROSITE-ProRule:PRU00542	Helicase C-terminal	domain_ft
Q86B61	104-220	ECO:0000255|PROSITE-ProRule:PRU00246	DOMON	domain_ft
Q86B87	32-98	ECO:0000255|PROSITE-ProRule:PRU00037	BTB	domain_ft
Q86BA1	1072-1136	ECO:0000255|PROSITE-ProRule:PRU00125	LIM zinc-binding	domain_ft
Q86BA1	4550-4705	ECO:0000255|PROSITE-ProRule:PRU01195	bMERB	domain_ft
Q86BA1	562-669	ECO:0000255|PROSITE-ProRule:PRU00044	Calponin-homology (CH)	domain_ft
Q86BN8	31-197	ECO:0000255|PROSITE-ProRule:PRU00160	Tyrosine-protein phosphatase	domain_ft
Q86DS1	294-336	ECO:0000255	STI1	domain_ft
Q86NP2	89-254	ECO:0000255|PROSITE-ProRule:PRU01183	HDAg	domain_ft
Q86S05	84-124	ECO:0000255	UBA	domain_ft
Q8I0P1	233-308	ECO:0000255	MIT	domain_ft
Q8I7C3	3-63	ECO:0000255|PROSITE-ProRule:PRU00125	LIM zinc-binding	domain_ft
Q8I7C3	596-657	ECO:0000255|PROSITE-ProRule:PRU00192	SH3	domain_ft
Q8I7P9	147-331	ECO:0000255|PROSITE-ProRule:PRU00405	Reverse transcriptase	domain_ft
Q8I7P9	752-910	ECO:0000255|PROSITE-ProRule:PRU00457	Integrase catalytic	domain_ft
Q8I8U7	2610-3173	ECO:0000255|PROSITE-ProRule:PRU00534	FAT	domain_ft
Q8I8U7	3429-3753	ECO:0000255|PROSITE-ProRule:PRU00269	PI3K	domain_ft
Q8I8U7	3758-3790	ECO:0000255|PROSITE-ProRule:PRU00535	FATC	domain_ft
Q8I8V0	69-121	ECO:0000255|PROSITE-ProRule:PRU00624	SANT	domain_ft
Q8IA41	456-557	ECO:0000255|PROSITE-ProRule:PRU00174	Ricin B-type lectin	domain_ft
Q8IA42	496-629	ECO:0000255|PROSITE-ProRule:PRU00174	Ricin B-type lectin	domain_ft
Q8IA43	483-618	ECO:0000255|PROSITE-ProRule:PRU00174	Ricin B-type lectin	domain_ft
Q8IA44	433-549	ECO:0000255|PROSITE-ProRule:PRU00174	Ricin B-type lectin	domain_ft
Q8IFW4	2-107	ECO:0000255|PROSITE-ProRule:PRU00691	Thioredoxin	domain_ft
Q8IMC6	173-436	ECO:0000255|PROSITE-ProRule:PRU00159	Protein kinase	domain_ft
Q8IMX7	210-245	ECO:0000255|PROSITE-ProRule:PRU00448	EF-hand 1	domain_ft
Q8IMX7	330-365	ECO:0000255|PROSITE-ProRule:PRU00448	EF-hand 2	domain_ft
Q8IMX7	444-607	ECO:0000255|PROSITE-ProRule:PRU00757	Miro 2	domain_ft
Q8IMX7	9-194	ECO:0000255|PROSITE-ProRule:PRU00757	Miro 1	domain_ft
Q8IN81	131-196	ECO:0000255|PROSITE-ProRule:PRU00037, ECO:0000305	BTB	domain_ft
Q8IN94	1000-1091	ECO:0000255|PROSITE-ProRule:PRU00355	ARID	domain_ft
Q8IN94	1769-2517		EHD	domain_ft
Q8INB9	106-211	ECO:0000255|PROSITE-ProRule:PRU00145	PH	domain_ft
Q8INB9	266-523	ECO:0000255|PROSITE-ProRule:PRU00159	Protein kinase	domain_ft
Q8INB9	524-597	ECO:0000255|PROSITE-ProRule:PRU00618	AGC-kinase C-terminal	domain_ft
Q8INF0	421-549	ECO:0000255|PROSITE-ProRule:PRU00099	Guanylate cyclase	domain_ft
Q8INK6	53-179	ECO:0000255	N-acetylmuramoyl-L-alanine amidase	domain_ft
Q8INK9	54-188	ECO:0000255|PROSITE-ProRule:PRU01126	MsrB	domain_ft
Q8INR6	19-336	ECO:0000255|PROSITE-ProRule:PRU00902	DOT1	domain_ft
Q8INT5	185-223		LRRCT	domain_ft
Q8IPJ3	1042-1187	ECO:0000269|PubMed:27702987	UBA-like 1	domain_ft
Q8IPJ3	2457-2513	ECO:0000269|PubMed:27702987	UBA-like 2	domain_ft
Q8IPW2	150-209	ECO:0000255|PROSITE-ProRule:PRU00192	SH3 1	domain_ft
Q8IPW2	252-311	ECO:0000255|PROSITE-ProRule:PRU00192	SH3 2	domain_ft
Q8IPW2	324-386	ECO:0000255|PROSITE-ProRule:PRU00192	SH3 3	domain_ft
Q8IPW2	448-542	ECO:0000255|PROSITE-ProRule:PRU00191	SH2	domain_ft
Q8IPZ3	61-405	ECO:0000255	Enoyl reductase (ER)	domain_ft
Q8IPZ7	40-113	ECO:0000255|PROSITE-ProRule:PRU01346	Sm	domain_ft
Q8IQ13	18-93		S1-like	domain_ft
Q8IQ27	613-938	ECO:0000255|PROSITE-ProRule:PRU01035	USP	domain_ft
Q8IQA2	37-128	ECO:0000255|PROSITE-ProRule:PRU00176	RRM	domain_ft
Q8IQF1	64-276	ECO:0000255|PROSITE-ProRule:PRU01266	Radical SAM core	domain_ft
Q8IR79	174-274	ECO:0000255|PROSITE-ProRule:PRU00143	PDZ	domain_ft
Q8IR79	31-93	ECO:0000255|PROSITE-ProRule:PRU00125	LIM zinc-binding 1	domain_ft
Q8IR79	401-686	ECO:0000255|PROSITE-ProRule:PRU00159	Protein kinase	domain_ft
Q8IR79	94-154	ECO:0000255|PROSITE-ProRule:PRU00125	LIM zinc-binding 2	domain_ft
Q8IRC7	6-67	ECO:0000255|PROSITE-ProRule:PRU00125	LIM zinc-binding 1	domain_ft
Q8IRC7	68-129	ECO:0000255|PROSITE-ProRule:PRU00125	LIM zinc-binding 2	domain_ft
Q8IRH5	17-91	ECO:0000255|PROSITE-ProRule:PRU01263	ZAD	domain_ft
Q8IRR1	33-303	ECO:0000255|PROSITE-ProRule:PRU00054	CN hydrolase	domain_ft
Q8IRR5	28-312	ECO:0000255|PROSITE-ProRule:PRU00236	Deacetylase sirtuin-type	domain_ft
Q8IRU4	248-577	ECO:0000255|PROSITE-ProRule:PRU01192	PDEase	domain_ft
Q8IRW8	2061-2121	ECO:0000255|PROSITE-ProRule:PRU00875	FYR N-terminal	domain_ft
Q8IRW8	2122-2209	ECO:0000255|PROSITE-ProRule:PRU00876	FYR C-terminal	domain_ft
Q8IRW8	2291-2407	ECO:0000255|PROSITE-ProRule:PRU00190	SET	domain_ft
Q8IRW8	2415-2431	ECO:0000255|PROSITE-ProRule:PRU00155	Post-SET	domain_ft
Q8ML92	26-91	ECO:0000255|PROSITE-ProRule:PRU00184	SAM	domain_ft
Q8MLZ7	25-441	ECO:0000255|PROSITE-ProRule:PRU01258	GH18	domain_ft
Q8MM24	22-439	ECO:0000255|PROSITE-ProRule:PRU01258	GH18	domain_ft
Q8MQW8	1531-1673	ECO:0000255|PROSITE-ProRule:PRU00550	VPS9	domain_ft
Q8MQW8	1689-1777	ECO:0000255|PROSITE-ProRule:PRU00166	Ras-associating	domain_ft
Q8MQW8	473-566	ECO:0000255|PROSITE-ProRule:PRU00191	SH2	domain_ft
Q8MR31	202-280	ECO:0000255|PROSITE-ProRule:PRU00143	PDZ	domain_ft
Q8MR62	54-214	ECO:0000255	Phosducin	domain_ft
Q8MRC9	521-643	ECO:0000255|PROSITE-ProRule:PRU00174	Ricin B-type lectin	domain_ft
Q8MSG8	4-108	ECO:0000255|PROSITE-ProRule:PRU00464	HIT	domain_ft
Q8MSU3	245-368	ECO:0000255|PROSITE-ProRule:PRU00246	DOMON	domain_ft
Q8MSU3	25-195	ECO:0000255|PROSITE-ProRule:PRU00363	Reelin	domain_ft
Q8MSU3	372-570	ECO:0000255|PROSITE-ProRule:PRU00242	Cytochrome b561	domain_ft
Q8MSV2	243-316	ECO:0000255|PROSITE-ProRule:PRU00176	RRM 1	domain_ft
Q8MSV2	322-401	ECO:0000255|PROSITE-ProRule:PRU00176	RRM 2	domain_ft
Q8MSX1	444-508	ECO:0000255|PROSITE-ProRule:PRU00382	R3H	domain_ft
Q8MSX1	510-576	ECO:0000255|PROSITE-ProRule:PRU01009	SUZ	domain_ft
Q8MT06	141-325	ECO:0000255|PROSITE-ProRule:PRU01058	CP-type G	domain_ft
Q8MT36	1049-1111	ECO:0000255|PROSITE-ProRule:PRU00162	PWWP 2	domain_ft
Q8MT36	1182-1232	ECO:0000255|PROSITE-ProRule:PRU00562	AWS	domain_ft
Q8MT36	1234-1351	ECO:0000255|PROSITE-ProRule:PRU00190	SET	domain_ft
Q8MT36	1359-1375	ECO:0000255|PROSITE-ProRule:PRU00155	Post-SET	domain_ft
Q8MT36	395-468	ECO:0000255|PROSITE-ProRule:PRU00162	PWWP 1	domain_ft
Q8MUJ1	278-415	ECO:0000255|PROSITE-ProRule:PRU01387	THD	domain_ft
Q8MV48	466-585	ECO:0000255|PROSITE-ProRule:PRU00174	Ricin B-type lectin	domain_ft
Q8MVS5	526-632	ECO:0000255|PROSITE-ProRule:PRU00174	Ricin B-type lectin	domain_ft
Q8MYY6	422-556	ECO:0000255|PROSITE-ProRule:PRU00174	Ricin B-type lectin	domain_ft
Q8SWR8	60-135	ECO:0000255|PROSITE-ProRule:PRU01346	Sm	domain_ft
Q8SWU7	22-281		OBG-type G	domain_ft
Q8SWU7	302-385	ECO:0000255|PROSITE-ProRule:PRU01228	TGS	domain_ft
Q8SWV6	297-432	ECO:0000255|PROSITE-ProRule:PRU00791	Fido	domain_ft
Q8SX83	5393-5560	ECO:0000255|PROSITE-ProRule:PRU00249	SPOC	domain_ft
Q8SX83	554-632	ECO:0000255|PROSITE-ProRule:PRU00176	RRM 1	domain_ft
Q8SX83	656-730	ECO:0000255|PROSITE-ProRule:PRU00176	RRM 2	domain_ft
Q8SX83	734-806	ECO:0000255|PROSITE-ProRule:PRU00176	RRM 3	domain_ft
Q8SX86	264-309	ECO:0000255|PROSITE-ProRule:PRU00080	F-box	domain_ft
Q8SXD4	69-143	ECO:0000255|PROSITE-ProRule:PRU00214	Ubiquitin-like	domain_ft
Q8SXQ7	80-206	ECO:0000255	N-acetylmuramoyl-L-alanine amidase	domain_ft
Q8SXT3	210-265		LRRCT 1	domain_ft
Q8SXT3	394-449		LRRCT 2	domain_ft
Q8SXX4	25-194	ECO:0000255|PROSITE-ProRule:PRU00148	PID	domain_ft
Q8SXY6	30-140	ECO:0000255|PROSITE-ProRule:PRU00096, ECO:0000312|FlyBase:FBgn0045866	GOLD	domain_ft
Q8SY33	1117-1189	ECO:0000255	RRM	domain_ft
Q8SY33	547-588	ECO:0000255|PROSITE-ProRule:PRU00212	UBA	domain_ft
Q8SYG2	217-381	ECO:0000255|PROSITE-ProRule:PRU01185	PCI	domain_ft
Q8SYK5	258-356	ECO:0000255|PROSITE-ProRule:PRU00784	BEN	domain_ft
Q8SZA8	41-146	ECO:0000255|PROSITE-ProRule:PRU00465	2Fe-2S ferredoxin-type	domain_ft
Q8T053	7-88	ECO:0000255|PROSITE-ProRule:PRU01263	ZAD	domain_ft
Q8T062	251-1040	ECO:0000255|PROSITE-ProRule:PRU01233	Peptidase M13	domain_ft
Q8T079	22-81	ECO:0000255|PROSITE-ProRule:PRU00162	PWWP	domain_ft
Q8T0G4	359-565	ECO:0000255|PROSITE-ProRule:PRU00172	Rho-GAP	domain_ft
Q8T0R7	29-444	ECO:0000255|PROSITE-ProRule:PRU01258	GH18	domain_ft
Q8T0S6	42-293	ECO:0000255|PROSITE-ProRule:PRU00159	Protein kinase	domain_ft
Q8T0S6	608-655	ECO:0000255|PROSITE-ProRule:PRU00310	SARAH	domain_ft
Q8T390	18-248	ECO:0000255|PROSITE-ProRule:PRU00361	BAR	domain_ft
Q8T390	305-364	ECO:0000255|PROSITE-ProRule:PRU00192	SH3	domain_ft
Q8T498	233-291		PH	domain_ft
Q8T498	282-400	ECO:0000255|PROSITE-ProRule:PRU00041	C2	domain_ft
Q8T498	490-700	ECO:0000255|PROSITE-ProRule:PRU00167	Ras-GAP	domain_ft
Q8T4F7	146-407	ECO:0000255|PROSITE-ProRule:PRU00410	WH1	domain_ft
Q8T6B9	130-208	ECO:0000255|PROSITE-ProRule:PRU00176	RRM 1	domain_ft
Q8T6B9	227-305	ECO:0000255|PROSITE-ProRule:PRU00176	RRM 2	domain_ft
Q8T6B9	537-627	ECO:0000255|PROSITE-ProRule:PRU00176	RRM 3; atypical	domain_ft
Q8T8S1	112-301	ECO:0000255|PROSITE-ProRule:PRU00574	DCUN1	domain_ft
Q94511	118-157	ECO:0000255|PROSITE-ProRule:PRU01184	4Fe-4S His(Cys)3-ligated-type	domain_ft
Q94511	259-315	ECO:0000255|PROSITE-ProRule:PRU01004	4Fe-4S Mo	domain_ft
Q94511	40-118	ECO:0000255|PROSITE-ProRule:PRU00465	2Fe-2S ferredoxin-type	domain_ft
Q94518	177-217		UBA	domain_ft
Q94518	70-135	ECO:0000255|PROSITE-ProRule:PRU00507	NAC-A	domain_ft
Q94519	73-148	ECO:0000255|PROSITE-ProRule:PRU00258	Carrier	domain_ft
Q94521	181-254	ECO:0000255|PROSITE-ProRule:PRU00532	N-acetyltransferase	domain_ft
Q94527	147-339	ECO:0000255|PROSITE-ProRule:PRU00265	RHD	domain_ft
Q94535	44-149	ECO:0000255|PROSITE-ProRule:PRU00176	RRM	domain_ft
Q94545	288-510	ECO:0000255|PROSITE-ProRule:PRU00548	B30.2	domain_ft
Q94887	1032-1183	ECO:0000255|PROSITE-ProRule:PRU00122	Laminin G-like 4	domain_ft
Q94887	220-369	ECO:0000255|PROSITE-ProRule:PRU00122	Laminin G-like 1	domain_ft
Q94887	403-540	ECO:0000255|PROSITE-ProRule:PRU00122	Laminin G-like 2	domain_ft
Q94887	47-185	ECO:0000255|PROSITE-ProRule:PRU00081	F5	domain_ft
Q94887	542-579	ECO:0000255|PROSITE-ProRule:PRU00076	EGF-like 1	domain_ft
Q94887	824-962	ECO:0000255|PROSITE-ProRule:PRU00122	Laminin G-like 3	domain_ft
Q94887	962-999	ECO:0000255|PROSITE-ProRule:PRU00076	EGF-like 2	domain_ft
Q94899	255-417	ECO:0000255|PROSITE-ProRule:PRU01185	PCI	domain_ft
Q94901	7-77	ECO:0000255|PROSITE-ProRule:PRU00176	RRM 1	domain_ft
Q94901	86-156	ECO:0000255|PROSITE-ProRule:PRU00176	RRM 2	domain_ft
Q94918	457-542		Ig-like C2-type	domain_ft
Q94918	561-599	ECO:0000255|PROSITE-ProRule:PRU00076	EGF-like	domain_ft
Q95RC0	229-377	ECO:0000255|PROSITE-ProRule:PRU00532	N-acetyltransferase	domain_ft
Q95RG8	32-168	ECO:0000255|PROSITE-ProRule:PRU00288	Arf-GAP	domain_ft
Q95RJ9	4-36	ECO:0000255|PROSITE-ProRule:PRU00126	LisH	domain_ft
Q95RJ9	41-84		F-box-like	domain_ft
Q95RQ4	64-262		Exonuclease	domain_ft
Q95RQ8	16-93	ECO:0000255|PROSITE-ProRule:PRU01263	ZAD	domain_ft
Q95RU0	398-430	ECO:0000255|PROSITE-ProRule:PRU00076	EGF-like 1	domain_ft
Q95RU0	433-471	ECO:0000255|PROSITE-ProRule:PRU00076	EGF-like 2	domain_ft
Q95SX7	482-758	ECO:0000255|PROSITE-ProRule:PRU00405	Reverse transcriptase	domain_ft
Q95SX8	34-239	ECO:0000255|PROSITE-ProRule:PRU00532	N-acetyltransferase	domain_ft
Q95T64	233-320	ECO:0000255	N-acetylmuramoyl-L-alanine amidase	domain_ft
Q95TJ9	285-368	ECO:0000255	Cyclin N-terminal	domain_ft
Q95TU8	128-224		Ig-like	domain_ft
Q95TU8	232-314		Ig-like C2-type	domain_ft
Q95TU8	324-379	ECO:0000255|PROSITE-ProRule:PRU00210	TSP type-1 1	domain_ft
Q95TU8	398-499	ECO:0000255|PROSITE-ProRule:PRU00210	TSP type-1 2	domain_ft
Q95TU8	654-802	ECO:0000255|PROSITE-ProRule:PRU00485	ZU5	domain_ft
Q95TU8	980-1067	ECO:0000255|PROSITE-ProRule:PRU00064	Death	domain_ft
Q95UN8	142-402	ECO:0000255|PROSITE-ProRule:PRU00159	Protein kinase	domain_ft
Q95UN8	56-120	ECO:0000255|PROSITE-ProRule:PRU00192	SH3	domain_ft
Q960C5	662-776	ECO:0000255|PROSITE-ProRule:PRU00044	Calponin-homology (CH)	domain_ft
Q960E8	104-159	ECO:0000255|PROSITE-ProRule:PRU00036	BSD 1	domain_ft
Q960E8	180-232	ECO:0000255|PROSITE-ProRule:PRU00036	BSD 2	domain_ft
Q960T2	295-347	ECO:0000255|PROSITE-ProRule:PRU00036	BSD	domain_ft
Q960V3	87-382	ECO:0000255	HAP1 N-terminal	domain_ft
Q960X4	24-77	ECO:0000255	Tudor-knot	domain_ft
Q960X4	255-533	ECO:0000255|PROSITE-ProRule:PRU01063	MYST-type HAT	domain_ft
Q960X8	13-141	ECO:0000255|PROSITE-ProRule:PRU00218, ECO:0000305	VHS	domain_ft
Q960X8	263-282	ECO:0000255|PROSITE-ProRule:PRU00213	UIM	domain_ft
Q960Z0	278-610	ECO:0000255|PROSITE-ProRule:PRU00283	Kinesin motor	domain_ft
Q967D7	132-243		Ig-like C2-type 1	domain_ft
Q967D7	253-340		Ig-like C2-type 2	domain_ft
Q967D7	344-436		Ig-like C2-type 3	domain_ft
Q967D7	440-529		Ig-like C2-type 4	domain_ft
Q967D7	536-624		Ig-like C2-type 5	domain_ft
Q967D7	632-728	ECO:0000255|PROSITE-ProRule:PRU00316	Fibronectin type-III 1	domain_ft
Q967D7	760-851	ECO:0000255|PROSITE-ProRule:PRU00316	Fibronectin type-III 2	domain_ft
Q99323	132-867	ECO:0000255|PROSITE-ProRule:PRU00782	Myosin motor	domain_ft
Q99323	78-128	ECO:0000255|PROSITE-ProRule:PRU01190	Myosin N-terminal SH3-like	domain_ft
Q99323	870-899	ECO:0000255|PROSITE-ProRule:PRU00116	IQ	domain_ft
Q9BJZ5	279-356	ECO:0000255|PROSITE-ProRule:PRU00176	RRM 1	domain_ft
Q9BJZ5	380-464	ECO:0000255|PROSITE-ProRule:PRU00176	RRM 2	domain_ft
Q9GNK5	412-490	ECO:0000255	N-acetylmuramoyl-L-alanine amidase	domain_ft
Q9GPJ1	151-258	ECO:0000255|PROSITE-ProRule:PRU00882	DM13 2	domain_ft
Q9GPJ1	287-419	ECO:0000255|PROSITE-ProRule:PRU00246	DOMON	domain_ft
Q9GPJ1	34-143	ECO:0000255|PROSITE-ProRule:PRU00882	DM13 1	domain_ft
Q9GQF1	25-113	ECO:0000255|PROSITE-ProRule:PRU01112	RH1	domain_ft
Q9GQF1	453-524	ECO:0000255|PROSITE-ProRule:PRU01113	RH2	domain_ft
Q9GQN5	476-664	ECO:0000255|PROSITE-ProRule:PRU00541	Helicase ATP-binding	domain_ft
Q9GQN5	905-1085	ECO:0000255|PROSITE-ProRule:PRU00542	Helicase C-terminal	domain_ft
Q9I7F7	133-399	ECO:0000255|PROSITE-ProRule:PRU00159	Protein kinase	domain_ft
Q9I7F7	399-460	ECO:0000255|PROSITE-ProRule:PRU00192	SH3	domain_ft
Q9I7F7	488-502	ECO:0000255|PROSITE-ProRule:PRU00057	CRIB	domain_ft
Q9I7H9	165-275	ECO:0000255|PROSITE-ProRule:PRU00805	Fe2OG dioxygenase	domain_ft
Q9I7I7	28-306	ECO:0000255|PROSITE-ProRule:PRU00236	Deacetylase sirtuin-type	domain_ft
Q9I7K5	30-126	ECO:0000255|PROSITE-ProRule:PRU00096	GOLD	domain_ft
Q9I7M2	158-353	ECO:0000255|PROSITE-ProRule:PRU01047	OBG-type G	domain_ft
Q9I7M2	22-157	ECO:0000255|PROSITE-ProRule:PRU01231	Obg	domain_ft
Q9I7S6	664-985	ECO:0000255|PROSITE-ProRule:PRU01192	PDEase	domain_ft
Q9I7T7	262-351	ECO:0000255|PROSITE-ProRule:PRU00332	HTH La-type RNA-binding	domain_ft
Q9I7T7	348-423	ECO:0000255|PROSITE-ProRule:PRU00176	RRM	domain_ft
Q9I7U4	1024-1115	ECO:0000255	Ig-like 8	domain_ft
Q9I7U4	1158-1249	ECO:0000255	Ig-like 9	domain_ft
Q9I7U4	1291-1381	ECO:0000255	Ig-like 10	domain_ft
Q9I7U4	1424-1515	ECO:0000255	Ig-like 11	domain_ft
Q9I7U4	1558-1643	ECO:0000255	Ig-like 12	domain_ft
Q9I7U4	16409-16470	ECO:0000255|PROSITE-ProRule:PRU00192	SH3	domain_ft
Q9I7U4	16501-16590		Ig-like 43	domain_ft
Q9I7U4	16625-16719		Ig-like 44	domain_ft
Q9I7U4	16728-16811		Ig-like 45	domain_ft
Q9I7U4	16822-16916		Ig-like 46	domain_ft
Q9I7U4	1691-1781	ECO:0000255	Ig-like 13	domain_ft
Q9I7U4	16919-17001		Ig-like 47	domain_ft
Q9I7U4	17007-17091		Ig-like 48	domain_ft
Q9I7U4	17097-17180		Ig-like 49	domain_ft
Q9I7U4	17184-17270		Ig-like 50	domain_ft
Q9I7U4	17277-17363		Ig-like 51	domain_ft
Q9I7U4	17374-17467	ECO:0000255|PROSITE-ProRule:PRU00316	Fibronectin type-III 1	domain_ft
Q9I7U4	17473-17558		Ig-like 52	domain_ft
Q9I7U4	17563-17653		Ig-like 53	domain_ft
Q9I7U4	17660-17755	ECO:0000255|PROSITE-ProRule:PRU00316	Fibronectin type-III 2	domain_ft
Q9I7U4	17760-17861	ECO:0000255|PROSITE-ProRule:PRU00316	Fibronectin type-III 3	domain_ft
Q9I7U4	17862-17958	ECO:0000255|PROSITE-ProRule:PRU00316	Fibronectin type-III 4	domain_ft
Q9I7U4	17982-18078	ECO:0000255|PROSITE-ProRule:PRU00316	Fibronectin type-III 5	domain_ft
Q9I7U4	1824-1917	ECO:0000255	Ig-like 14	domain_ft
Q9I7U4	1958-2050	ECO:0000255	Ig-like 15	domain_ft
Q9I7U4	2089-2180	ECO:0000255	Ig-like 16	domain_ft
Q9I7U4	2222-2313	ECO:0000255	Ig-like 17	domain_ft
Q9I7U4	2356-2449	ECO:0000255	Ig-like 18	domain_ft
Q9I7U4	2488-2581	ECO:0000255	Ig-like 19	domain_ft
Q9I7U4	255-343	ECO:0000255	Ig-like 2	domain_ft
Q9I7U4	2622-2715	ECO:0000255	Ig-like 20	domain_ft
Q9I7U4	2754-2844	ECO:0000255	Ig-like 21	domain_ft
Q9I7U4	2891-2983	ECO:0000255	Ig-like 22	domain_ft
Q9I7U4	3029-3116	ECO:0000255	Ig-like 23	domain_ft
Q9I7U4	3130-3221	ECO:0000255	Ig-like 24	domain_ft
Q9I7U4	3263-3354	ECO:0000255	Ig-like 25	domain_ft
Q9I7U4	3401-3494	ECO:0000255	Ig-like 26	domain_ft
Q9I7U4	3539-3625	ECO:0000255	Ig-like 27	domain_ft
Q9I7U4	3676-3767	ECO:0000255	Ig-like 28	domain_ft
Q9I7U4	372-461	ECO:0000255	Ig-like 3	domain_ft
Q9I7U4	3811-3901	ECO:0000255	Ig-like 29	domain_ft
Q9I7U4	3954-4047	ECO:0000255	Ig-like 30	domain_ft
Q9I7U4	4092-4181	ECO:0000255	Ig-like 31	domain_ft
Q9I7U4	4394-4482	ECO:0000255	Ig-like 32	domain_ft
Q9I7U4	4497-4585	ECO:0000255	Ig-like 33	domain_ft
Q9I7U4	4604-4692	ECO:0000255	Ig-like 34	domain_ft
Q9I7U4	4703-4791	ECO:0000255	Ig-like 35	domain_ft
Q9I7U4	471-559	ECO:0000255	Ig-like 4	domain_ft
Q9I7U4	618-708	ECO:0000255	Ig-like 5	domain_ft
Q9I7U4	6536-6624	ECO:0000255	Ig-like 36	domain_ft
Q9I7U4	6633-6728	ECO:0000255	Ig-like 37	domain_ft
Q9I7U4	6741-6830	ECO:0000255	Ig-like 38	domain_ft
Q9I7U4	6841-6929	ECO:0000255	Ig-like 39	domain_ft
Q9I7U4	6942-7034	ECO:0000255	Ig-like 40	domain_ft
Q9I7U4	7066-7151	ECO:0000255	Ig-like 41	domain_ft
Q9I7U4	7189-7279	ECO:0000255	Ig-like 42	domain_ft
Q9I7U4	751-842	ECO:0000255	Ig-like 6	domain_ft
Q9I7U4	86-177	ECO:0000255	Ig-like 1	domain_ft
Q9I7U4	890-981	ECO:0000255	Ig-like 7	domain_ft
Q9NB04	149-229	ECO:0000255|PROSITE-ProRule:PRU00143	PDZ 1	domain_ft
Q9NB04	3-67	ECO:0000255|PROSITE-ProRule:PRU00365	L27	domain_ft
Q9NB04	318-403	ECO:0000255|PROSITE-ProRule:PRU00143	PDZ 2	domain_ft
Q9NB04	559-648	ECO:0000255|PROSITE-ProRule:PRU00143	PDZ 3	domain_ft
Q9NB04	728-814	ECO:0000255|PROSITE-ProRule:PRU00143	PDZ 4	domain_ft
Q9NB71	4195-4374	ECO:0000255|PROSITE-ProRule:PRU00614	DOC	domain_ft
Q9NBK5	395-463	ECO:0000255|PROSITE-ProRule:PRU00618	AGC-kinase C-terminal	domain_ft
Q9NBK5	93-394	ECO:0000255|PROSITE-ProRule:PRU00159	Protein kinase	domain_ft
Q9NBW1	41-163	ECO:0000255|PROSITE-ProRule:PRU00090	FZ	domain_ft
Q9NBX4	481-752	ECO:0000255|PROSITE-ProRule:PRU00405	Reverse transcriptase	domain_ft
Q9NDJ2	1662-1812	ECO:0000255|PROSITE-ProRule:PRU00542	Helicase C-terminal	domain_ft
Q9NDJ2	2136-2205	ECO:0000255|PROSITE-ProRule:PRU00133	Myb-like	domain_ft
Q9NDJ2	507-579	ECO:0000255|PROSITE-ProRule:PRU00549	HSA	domain_ft
Q9NDJ2	926-1091	ECO:0000255|PROSITE-ProRule:PRU00541	Helicase ATP-binding	domain_ft
Q9NFP1	33-299	ECO:0000255|PROSITE-ProRule:PRU00054	CN hydrolase	domain_ft
Q9NFT7	36-477	ECO:0000255|PROSITE-ProRule:PRU01084	Hexokinase	domain_ft
Q9NFT9	8-447	ECO:0000255|PROSITE-ProRule:PRU01084	Hexokinase	domain_ft
Q9NFU0	1-49	ECO:0000255|PROSITE-ProRule:PRU00973	Agenet-like 1	domain_ft
Q9NFU0	221-282	ECO:0000255|PROSITE-ProRule:PRU00117	KH 1	domain_ft
Q9NFU0	284-353	ECO:0000255|PROSITE-ProRule:PRU00117	KH 2	domain_ft
Q9NFU0	65-117	ECO:0000255|PROSITE-ProRule:PRU00973	Agenet-like 2	domain_ft
Q9NG98	189-610	ECO:0000255|PROSITE-ProRule:PRU01383	Topo IA-type catalytic	domain_ft
Q9NG98	27-171	ECO:0000255|PROSITE-ProRule:PRU00995	Toprim	domain_ft
Q9NGC3	138-322	ECO:0000255|PROSITE-ProRule:PRU01402	GLD	domain_ft
Q9NGC3	453-682	ECO:0000255|PROSITE-ProRule:PRU00145	PH	domain_ft
Q9NGC3	679-822	ECO:0000255|PROSITE-ProRule:PRU00288	Arf-GAP	domain_ft
Q9NHA8	162-490	ECO:0000255|PROSITE-ProRule:PRU01098	GH16	domain_ft
Q9NHA8	26-126	ECO:0000255|PROSITE-ProRule:PRU01314	CBM39	domain_ft
Q9NHB0	135-494	ECO:0000255|PROSITE-ProRule:PRU01098	GH16	domain_ft
Q9NHB0	20-120	ECO:0000255|PROSITE-ProRule:PRU01314	CBM39	domain_ft
Q9NHD5	6-155	ECO:0000255|PROSITE-ProRule:PRU00532	N-acetyltransferase	domain_ft
Q9NHE5	417-547	ECO:0000255|PROSITE-ProRule:PRU00041	C2	domain_ft
Q9NHE5	573-683	ECO:0000255|PROSITE-ProRule:PRU00145	PH	domain_ft
Q9NHE5	970-1157	ECO:0000255|PROSITE-ProRule:PRU00587	MHD1	domain_ft
Q9NHV9	18-137	ECO:0000255|PROSITE-ProRule:PRU00044	Calponin-homology (CH)	domain_ft
Q9NHV9	216-396	ECO:0000255|PROSITE-ProRule:PRU00062	DH	domain_ft
Q9NHV9	432-541	ECO:0000255|PROSITE-ProRule:PRU00145	PH	domain_ft
Q9NHV9	622-726	ECO:0000255|PROSITE-ProRule:PRU00191	SH2	domain_ft
Q9NHV9	726-788	ECO:0000255|PROSITE-ProRule:PRU00192	SH3	domain_ft
Q9NI63	102-351	ECO:0000255|PROSITE-ProRule:PRU00159	Protein kinase	domain_ft
Q9NII1	197-272	ECO:0000255|PROSITE-ProRule:PRU00266	DRBM 2	domain_ft
Q9NII1	348-672	ECO:0000255|PROSITE-ProRule:PRU00240	A to I editase	domain_ft
Q9NII1	61-127	ECO:0000255|PROSITE-ProRule:PRU00266	DRBM 1	domain_ft
Q9NIV1	642-1130	ECO:0000255|PROSITE-ProRule:PRU00159	Protein kinase	domain_ft
Q9NJH0	2-84	ECO:0000255|PROSITE-ProRule:PRU00684	GST N-terminal	domain_ft
Q9NJH0	272-431	ECO:0000255|PROSITE-ProRule:PRU00519	EF-1-gamma C-terminal	domain_ft
Q9NJH0	86-212	ECO:0000255|PROSITE-ProRule:PRU00685	GST C-terminal	domain_ft
Q9TVM2	43-109	ECO:0000255|PROSITE-ProRule:PRU00115	Importin N-terminal	domain_ft
Q9TVP3	17-82	ECO:0000255|PROSITE-ProRule:PRU00286	J	domain_ft
Q9U1H9	113-193		RRM	domain_ft
Q9U1H9	375-529	ECO:0000255|PROSITE-ProRule:PRU00137	NTF2	domain_ft
Q9U1H9	618-672	ECO:0000255|PROSITE-ProRule:PRU00611	TAP-C	domain_ft
Q9U1I1	135-243	ECO:0000255|PROSITE-ProRule:PRU00636	PET	domain_ft
Q9U1I1	242-306	ECO:0000255|PROSITE-ProRule:PRU00125	LIM zinc-binding 1	domain_ft
Q9U1I1	307-367	ECO:0000255|PROSITE-ProRule:PRU00125	LIM zinc-binding 2	domain_ft
Q9U1I1	368-430	ECO:0000255|PROSITE-ProRule:PRU00125	LIM zinc-binding 3	domain_ft
Q9U1K1	399-417	ECO:0000255|PROSITE-ProRule:PRU00406	WH2 1	domain_ft
Q9U1K1	463-480	ECO:0000255|PROSITE-ProRule:PRU00406	WH2 2	domain_ft
Q9U1K1	90-327	ECO:0000255|PROSITE-ProRule:PRU00709	KIND	domain_ft
Q9U3V9	12-83	ECO:0000255|PROSITE-ProRule:PRU00176	RRM	domain_ft
Q9U3V9	342-525	ECO:0000255|PROSITE-ProRule:PRU01185	PCI	domain_ft
Q9U405	2-80	ECO:0000255|PROSITE-ProRule:PRU01263	ZAD	domain_ft
Q9U4G1	134-241	ECO:0000255|PROSITE-ProRule:PRU00114	Ig-like 2	domain_ft
Q9U4G1	246-334	ECO:0000255|PROSITE-ProRule:PRU00114	Ig-like 3	domain_ft
Q9U4G1	341-429	ECO:0000255|PROSITE-ProRule:PRU00114	Ig-like 4	domain_ft
Q9U4G1	40-128	ECO:0000255|PROSITE-ProRule:PRU00114	Ig-like 1	domain_ft
Q9U4G1	434-527	ECO:0000255|PROSITE-ProRule:PRU00316	Fibronectin type-III 1	domain_ft
Q9U4G1	555-646	ECO:0000255|PROSITE-ProRule:PRU00316	Fibronectin type-III 2	domain_ft
Q9U4H5	220-267	ECO:0000255	TM2	domain_ft
Q9U616	57-139	ECO:0000255|PROSITE-ProRule:PRU01066	Lipoyl-binding	domain_ft
Q9U6Y9	284-587	ECO:0000255|PROSITE-ProRule:PRU01015	SAM-dependent MTase PRMT-type	domain_ft
Q9U969	952-1118	ECO:0000255|PROSITE-ProRule:PRU01161	PNPLA	domain_ft
Q9U9Q4	22-154	ECO:0000255|PROSITE-ProRule:PRU01182	MPN	domain_ft
Q9UAS6	109-321	ECO:0000255|PROSITE-ProRule:PRU00946	Adrift-type SAM-dependent 2'-O-MTase	domain_ft
Q9V333	149-315	ECO:0000255|PROSITE-ProRule:PRU00538	JmjC	domain_ft
Q9V333	18-60	ECO:0000255|PROSITE-ProRule:PRU00537	JmjN	domain_ft
Q9V345	204-373	ECO:0000255|PROSITE-ProRule:PRU01185	PCI	domain_ft
Q9V359	1-108	ECO:0000255|PROSITE-ProRule:PRU00645	VPS28 N-terminal	domain_ft
Q9V359	112-208	ECO:0000255|PROSITE-ProRule:PRU00642	VPS28 C-terminal	domain_ft
Q9V3B4	151-237	ECO:0000255|PROSITE-ProRule:PRU00064	Death	domain_ft
Q9V3C0	208-392	ECO:0000255|PROSITE-ProRule:PRU00541	Helicase ATP-binding	domain_ft
Q9V3C0	403-563	ECO:0000255|PROSITE-ProRule:PRU00542	Helicase C-terminal	domain_ft
Q9V3D4	22-440	ECO:0000255|PROSITE-ProRule:PRU01258	GH18	domain_ft
Q9V3D5	198-494	ECO:0000255|PROSITE-ProRule:PRU00159, ECO:0000305	Protein kinase	domain_ft
Q9V3G3	142-298	ECO:0000255|PROSITE-ProRule:PRU00156	PPIase cyclophilin-type	domain_ft
Q9V3G3	6-84	ECO:0000255|PROSITE-ProRule:PRU00176	RRM	domain_ft
Q9V3G7	193-361	ECO:0000255|PROSITE-ProRule:PRU01185	PCI	domain_ft
Q9V3H2	29-164	ECO:0000255|PROSITE-ProRule:PRU01182	MPN	domain_ft
Q9V3H8	15-130	ECO:0000255|PROSITE-ProRule:PRU00137	NTF2	domain_ft
Q9V3I5	261-530	ECO:0000255|PROSITE-ProRule:PRU00159	Protein kinase 1	domain_ft
Q9V3I5	531-599	ECO:0000255|PROSITE-ProRule:PRU00618	AGC-kinase C-terminal	domain_ft
Q9V3I5	623-886	ECO:0000255|PROSITE-ProRule:PRU00159	Protein kinase 2	domain_ft
Q9V3L6	30-108	ECO:0000255|PROSITE-ProRule:PRU00176	RRM	domain_ft
Q9V3P0	2-160	ECO:0000255|PROSITE-ProRule:PRU00691	Thioredoxin	domain_ft
Q9V3Q6	19-271	ECO:0000255|PROSITE-ProRule:PRU00159	Protein kinase	domain_ft
Q9V3R6	54-388	ECO:0000255|PROSITE-ProRule:PRU00240	A to I editase	domain_ft
Q9V3U9	1-170	ECO:0000255|PROSITE-ProRule:PRU00158	PRELI	domain_ft
Q9V3V0	8-81	ECO:0000255|PROSITE-ProRule:PRU00176	RRM	domain_ft
Q9V3Y3	18-159	ECO:0000255|PROSITE-ProRule:PRU00363	Reelin	domain_ft
Q9V3Z1	129-397	ECO:0000255|PROSITE-ProRule:PRU00159	Protein kinase	domain_ft
Q9V3Z2	137-390	ECO:0000255|PROSITE-ProRule:PRU00274	Peptidase S1	domain_ft
Q9V3Z2	30-84	ECO:0000255|PROSITE-ProRule:PRU01236	Clip	domain_ft
Q9V3Z6	1008-1245	ECO:0000255|PROSITE-ProRule:PRU00359	MyTH4 1	domain_ft
Q9V3Z6	1250-1560	ECO:0000255|PROSITE-ProRule:PRU00084	FERM 1	domain_ft
Q9V3Z6	1558-1627	ECO:0000255|PROSITE-ProRule:PRU00192	SH3	domain_ft
Q9V3Z6	1701-1849	ECO:0000255|PROSITE-ProRule:PRU00359	MyTH4 2	domain_ft
Q9V3Z6	1855-2158	ECO:0000255|PROSITE-ProRule:PRU00084	FERM 2	domain_ft
Q9V3Z6	63-733	ECO:0000255|PROSITE-ProRule:PRU00782	Myosin motor	domain_ft
Q9V3Z6	736-758	ECO:0000255|PROSITE-ProRule:PRU00116, ECO:0000305	IQ 1	domain_ft
Q9V3Z6	759-788	ECO:0000255|PROSITE-ProRule:PRU00116	IQ 2	domain_ft
Q9V3Z6	805-827	ECO:0000255|PROSITE-ProRule:PRU00116, ECO:0000305	IQ 3	domain_ft
Q9V3Z6	828-857	ECO:0000255|PROSITE-ProRule:PRU00116	IQ 4	domain_ft
Q9V407	54-172	ECO:0000255|PROSITE-ProRule:PRU00171	RGS	domain_ft
Q9V407	663-745	ECO:0000255|PROSITE-ProRule:PRU00069	DIX	domain_ft
Q9V410	574-670	ECO:0000255|PROSITE-ProRule:PRU00037	BTB 1	domain_ft
Q9V410	801-870	ECO:0000255|PROSITE-ProRule:PRU00037	BTB 2	domain_ft
Q9V411	169-341	ECO:0000255|PROSITE-ProRule:PRU01047	OBG-type G	domain_ft
Q9V422	317-577	ECO:0000255|PROSITE-ProRule:PRU00159	Protein kinase	domain_ft
Q9V422	49-180	ECO:0000255|PROSITE-ProRule:PRU00222	WIF	domain_ft
Q9V429	1-106	ECO:0000255|PROSITE-ProRule:PRU00691	Thioredoxin	domain_ft
Q9V438	120-267	ECO:0000255|PROSITE-ProRule:PRU00691	Thioredoxin 2	domain_ft
Q9V438	20-119	ECO:0000255|PROSITE-ProRule:PRU00691	Thioredoxin 1	domain_ft
Q9V460	309-336		KOW 1	domain_ft
Q9V460	460-487		KOW 2	domain_ft
Q9V460	513-545		KOW 3	domain_ft
Q9V460	635-668		KOW 4	domain_ft
Q9V460	740-773		KOW 5	domain_ft
Q9V461	321-654	ECO:0000255|PROSITE-ProRule:PRU01410	MCM C-terminal AAA(+) ATPase	domain_ft
Q9V477	1074-1209	ECO:0000255|PROSITE-ProRule:PRU00204	TIR	domain_ft
Q9V496	2786-2952	ECO:0000255|PROSITE-ProRule:PRU00580	VWFD	domain_ft
Q9V496	43-641	ECO:0000255|PROSITE-ProRule:PRU00557	Vitellogenin	domain_ft
Q9V498	144-249	ECO:0000255|PROSITE-ProRule:PRU00043	Cadherin 2	domain_ft
Q9V498	37-143	ECO:0000255|PROSITE-ProRule:PRU00043	Cadherin 1	domain_ft
Q9V4A7	1097-1193		IPT	domain_ft
Q9V4A7	535-587		PSI 1	domain_ft
Q9V4A7	61-533	ECO:0000255|PROSITE-ProRule:PRU00352	Sema	domain_ft
Q9V4A7	683-730		PSI 2	domain_ft
Q9V4A7	834-880		PSI 3	domain_ft
Q9V4A7	888-975		IPT	domain_ft
Q9V4A7	977-1064		IPT	domain_ft
Q9V4C8	1244-1341	ECO:0000255|PROSITE-ProRule:PRU00316	Fibronectin type-III 1	domain_ft
Q9V4C8	1346-1457	ECO:0000255|PROSITE-ProRule:PRU00316	Fibronectin type-III 2	domain_ft
Q9V4F9	8-85	ECO:0000255|PROSITE-ProRule:PRU00649	TFIIS N-terminal	domain_ft
Q9V4N3	6-82	ECO:0000255|PROSITE-ProRule:PRU00279	Cytochrome b5 heme-binding	domain_ft
Q9V4P1	1106-1230	ECO:0000255|PROSITE-ProRule:PRU00145	PH	domain_ft
Q9V4Q8	123-161		LRRCT	domain_ft
Q9V4S8	1-167	ECO:0000255|PROSITE-ProRule:PRU01185	PCI	domain_ft
Q9V4X2	45-169	ECO:0000255	N-acetylmuramoyl-L-alanine amidase	domain_ft
Q9V535	73-151	ECO:0000255|PROSITE-ProRule:PRU00176	RRM	domain_ft
Q9V579	5-171	ECO:0000255|PROSITE-ProRule:PRU00158	PRELI	domain_ft
Q9V5M3	32-97	ECO:0000255|PROSITE-ProRule:PRU00037	BTB	domain_ft
Q9V5M6	32-97	ECO:0000255|PROSITE-ProRule:PRU00037	BTB	domain_ft
Q9V5N8	1008-1113	ECO:0000255|PROSITE-ProRule:PRU00043	Cadherin 7	domain_ft
Q9V5N8	1114-1220	ECO:0000255|PROSITE-ProRule:PRU00043	Cadherin 8	domain_ft
Q9V5N8	1482-1518	ECO:0000255|PROSITE-ProRule:PRU00076	EGF-like 1; calcium-binding	domain_ft
Q9V5N8	1556-1753	ECO:0000255|PROSITE-ProRule:PRU00122	Laminin G-like 1	domain_ft
Q9V5N8	1756-1792	ECO:0000255|PROSITE-ProRule:PRU00076	EGF-like 2; calcium-binding	domain_ft
Q9V5N8	1796-1963	ECO:0000255|PROSITE-ProRule:PRU00122	Laminin G-like 2	domain_ft
Q9V5N8	1965-2000	ECO:0000255|PROSITE-ProRule:PRU00076	EGF-like 3; calcium-binding	domain_ft
Q9V5N8	2095-2142	ECO:0000255|PROSITE-ProRule:PRU00460	Laminin EGF-like	domain_ft
Q9V5N8	2653-2803	ECO:0000255|PROSITE-ProRule:PRU00098	GAIN-B	domain_ft
Q9V5N8	360-464	ECO:0000255|PROSITE-ProRule:PRU00043	Cadherin 1	domain_ft
Q9V5N8	465-581	ECO:0000255|PROSITE-ProRule:PRU00043	Cadherin 2	domain_ft
Q9V5N8	582-689	ECO:0000255|PROSITE-ProRule:PRU00043	Cadherin 3	domain_ft
Q9V5N8	690-794	ECO:0000255|PROSITE-ProRule:PRU00043	Cadherin 4	domain_ft
Q9V5N8	795-897	ECO:0000255|PROSITE-ProRule:PRU00043	Cadherin 5	domain_ft
Q9V5N8	898-1007	ECO:0000255|PROSITE-ProRule:PRU00043	Cadherin 6	domain_ft
Q9V6K1	107-608	ECO:0000255|PROSITE-ProRule:PRU01240	Peptidase S8	domain_ft
Q9V6K3	441-711	ECO:0000255|PROSITE-ProRule:PRU00159	Protein kinase	domain_ft
Q9V6L0	140-306	ECO:0000255|PROSITE-ProRule:PRU00538	JmjC	domain_ft
Q9V6L0	9-51	ECO:0000255|PROSITE-ProRule:PRU00537	JmjN	domain_ft
Q9V6L9	3-51	ECO:0000255	F-box	domain_ft
Q9V6L9	61-253	ECO:0000255|PROSITE-ProRule:PRU00548	B30.2	domain_ft
Q9V6U9	36-352	ECO:0000255	Enoyl reductase (ER)	domain_ft
Q9V719	189-314	ECO:0000255	CRIM	domain_ft
Q9V719	395-545	ECO:0000255	SIN1-type PH	domain_ft
Q9V727	215-338	ECO:0000255|PROSITE-ProRule:PRU01264	DEUBAD	domain_ft
Q9V778	155-337	ECO:0000255|PROSITE-ProRule:PRU00718	FAD-binding PCMH-type	domain_ft
Q9V780	770-849	ECO:0000255|PROSITE-ProRule:PRU00143	PDZ	domain_ft
Q9V784	23-101	ECO:0000255|PROSITE-ProRule:PRU01115	POTRA	domain_ft
Q9V7A7	240-286	ECO:0000255|PROSITE-ProRule:PRU00092	G-patch	domain_ft
Q9V7U0	342-415	ECO:0000255|PROSITE-ProRule:PRU00497	Chitin-binding type R&R	domain_ft
Q9V831	9-193	ECO:0000255|PROSITE-ProRule:PRU00614	DOC	domain_ft
Q9V853	1-116	ECO:0000255|PROSITE-ProRule:PRU00041	C2	domain_ft
Q9V853	167-200	ECO:0000255|PROSITE-ProRule:PRU00224	WW 1	domain_ft
Q9V853	513-546	ECO:0000255|PROSITE-ProRule:PRU00224	WW 2	domain_ft
Q9V853	561-594	ECO:0000255|PROSITE-ProRule:PRU00224	WW 3	domain_ft
Q9V853	723-1061	ECO:0000255|PROSITE-ProRule:PRU00104	HECT	domain_ft
Q9V877	87-479	ECO:0000255|PROSITE-ProRule:PRU00283	Kinesin motor	domain_ft
Q9V895	118-156		LRRCT	domain_ft
Q9V8R9	32-314	ECO:0000255|PROSITE-ProRule:PRU00084	FERM	domain_ft
Q9V998	1-73	ECO:0000255|PROSITE-ProRule:PRU00214	Ubiquitin-like	domain_ft
Q9V9A7	321-570	ECO:0000255|PROSITE-ProRule:PRU01137	CoA carboxyltransferase C-terminal	domain_ft
Q9V9A7	48-305	ECO:0000255|PROSITE-ProRule:PRU01136	CoA carboxyltransferase N-terminal	domain_ft
Q9V9A8	4-185	ECO:0000255	PHTF	domain_ft
Q9V9J3	130-222	ECO:0000255|PROSITE-ProRule:PRU00191, ECO:0000305	SH2	domain_ft
Q9V9J3	248-504	ECO:0000255|PROSITE-ProRule:PRU00159	Protein kinase	domain_ft
Q9V9J3	63-124	ECO:0000255|PROSITE-ProRule:PRU00192, ECO:0000305	SH3	domain_ft
Q9V9P3	135-278	ECO:0000255|PROSITE-ProRule:PRU00336	FCP1 homology	domain_ft
Q9V9S7	179-264	ECO:0000255|PROSITE-ProRule:PRU00143	PDZ	domain_ft
Q9V9S7	789-908	ECO:0000255|PROSITE-ProRule:PRU00041	C2	domain_ft
Q9V9S7	948-1148	ECO:0000255|PROSITE-ProRule:PRU00172	Rho-GAP	domain_ft
Q9V9V9	34-181	ECO:0000255|PROSITE-ProRule:PRU00532	N-acetyltransferase	domain_ft
Q9VA38	1021-1091	ECO:0000255|PROSITE-ProRule:PRU00618	AGC-kinase C-terminal	domain_ft
Q9VA38	719-1020	ECO:0000255|PROSITE-ProRule:PRU00159	Protein kinase	domain_ft
Q9VA73	105-140	ECO:0000255|PROSITE-ProRule:PRU00448	EF-hand 2	domain_ft
Q9VA73	142-175	ECO:0000305	EF-hand 3	domain_ft
Q9VA73	176-211	ECO:0000255|PROSITE-ProRule:PRU00448	EF-hand 4	domain_ft
Q9VA73	71-104	ECO:0000255|PROSITE-ProRule:PRU00448	EF-hand 1	domain_ft
Q9VA83	48-208	ECO:0000255|PROSITE-ProRule:PRU00085	Ferritin-like diiron	domain_ft
Q9VAB8	3-84	ECO:0000303|PubMed:25342723	ZAD	domain_ft
Q9VAC5	223-467	ECO:0000255|PROSITE-ProRule:PRU00276	Peptidase M12B	domain_ft
Q9VAC5	468-559	ECO:0000255|PROSITE-ProRule:PRU00068	Disintegrin	domain_ft
Q9VAC8	53-105		PISA	domain_ft
Q9VAF5	1038-1148	ECO:0000255|PROSITE-ProRule:PRU00043	Cadherin 10	domain_ft
Q9VAF5	1156-1270	ECO:0000255|PROSITE-ProRule:PRU00043	Cadherin 11	domain_ft
Q9VAF5	143-264	ECO:0000255|PROSITE-ProRule:PRU00043	Cadherin 2	domain_ft
Q9VAF5	277-387	ECO:0000255|PROSITE-ProRule:PRU00043	Cadherin 3	domain_ft
Q9VAF5	388-500	ECO:0000255|PROSITE-ProRule:PRU00043	Cadherin 4	domain_ft
Q9VAF5	519-604	ECO:0000255|PROSITE-ProRule:PRU00043	Cadherin 5	domain_ft
Q9VAF5	605-704	ECO:0000255|PROSITE-ProRule:PRU00043	Cadherin 6	domain_ft
Q9VAF5	68-142	ECO:0000255|PROSITE-ProRule:PRU00043	Cadherin 1	domain_ft
Q9VAF5	707-807	ECO:0000255|PROSITE-ProRule:PRU00043	Cadherin 7	domain_ft
Q9VAF5	808-908	ECO:0000255|PROSITE-ProRule:PRU00043	Cadherin 8	domain_ft
Q9VAF5	909-1005	ECO:0000255|PROSITE-ProRule:PRU00043	Cadherin 9	domain_ft
Q9VAH4	43-309	ECO:0000255|PROSITE-ProRule:PRU01082	PPM-type phosphatase	domain_ft
Q9VAI0	42-198	ECO:0000255|PROSITE-ProRule:PRU00532	N-acetyltransferase	domain_ft
Q9VAM5	730-831	ECO:0000255|PROSITE-ProRule:PRU00035	Bromo	domain_ft
Q9VAM9	33-128	ECO:0000255|PROSITE-ProRule:PRU01175	HD	domain_ft
Q9VAQ1	106-353	ECO:0000255|PROSITE-ProRule:PRU00236	Deacetylase sirtuin-type	domain_ft
Q9VAW5	723-814	ECO:0000255|PROSITE-ProRule:PRU00332	HTH La-type RNA-binding	domain_ft
Q9VB25	1129-1259	ECO:0000255|PROSITE-ProRule:PRU00147	PX	domain_ft
Q9VB25	3-364	ECO:0000255|PROSITE-ProRule:PRU00283	Kinesin motor	domain_ft
Q9VB68	119-373	ECO:0000255|PROSITE-ProRule:PRU00274	Peptidase S1	domain_ft
Q9VB68	31-89	ECO:0000255|PROSITE-ProRule:PRU01236	Clip	domain_ft
Q9VB98	1612-1819	ECO:0000255|PROSITE-ProRule:PRU00165	Rap-GAP	domain_ft
Q9VBC7	158-483	ECO:0000255|PROSITE-ProRule:PRU01240	Peptidase S8	domain_ft
Q9VBC7	491-627	ECO:0000255|PROSITE-ProRule:PRU01173	P	domain_ft
Q9VBP3	889-952	ECO:0000255|PROSITE-ProRule:PRU00184	SAM	domain_ft
Q9VBP3	969-1174	ECO:0000255|PROSITE-ProRule:PRU00397	PARP catalytic	domain_ft
Q9VBP9	260-397	ECO:0000255|PROSITE-ProRule:PRU01182	MPN	domain_ft
Q9VBW3	470-749	ECO:0000255|PROSITE-ProRule:PRU00159	Protein kinase	domain_ft
Q9VBW3	58-172	ECO:0000255|PROSITE-ProRule:PRU00043	Cadherin	domain_ft
Q9VBW6	7-58	ECO:0000255|PROSITE-ProRule:PRU00320	HTH psq-type	domain_ft
Q9VBW9	15-66	ECO:0000255|PROSITE-ProRule:PRU00320	HTH psq-type	domain_ft
Q9VBY8	162-288	ECO:0000255|PROSITE-ProRule:PRU00041	C2 1	domain_ft
Q9VBY8	637-755	ECO:0000255|PROSITE-ProRule:PRU00587	MHD1	domain_ft
Q9VBY8	869-975	ECO:0000255|PROSITE-ProRule:PRU00588	MHD2	domain_ft
Q9VBY8	990-1114	ECO:0000255|PROSITE-ProRule:PRU00041	C2 2	domain_ft
Q9VBZ5	382-517	ECO:0000255|PROSITE-ProRule:PRU00225	YTH	domain_ft
Q9VC07	221-280	ECO:0000255	PAP-associated	domain_ft
Q9VC45	1004-1033	ECO:0000255|PROSITE-ProRule:PRU00116	IQ 1	domain_ft
Q9VC45	1386-1415	ECO:0000255|PROSITE-ProRule:PRU00116	IQ 2	domain_ft
Q9VC45	1467-1496	ECO:0000255|PROSITE-ProRule:PRU00116	IQ 3	domain_ft
Q9VC45	1656-1687	ECO:0000255|PROSITE-ProRule:PRU00116	IQ 4	domain_ft
Q9VC45	1690-1721	ECO:0000255|PROSITE-ProRule:PRU00116	IQ 5	domain_ft
Q9VC45	836-968	ECO:0000255|PROSITE-ProRule:PRU00044	Calponin-homology (CH)	domain_ft
Q9VC47	1114-1154	ECO:0000255|PROSITE-ProRule:PRU00076	EGF-like 2; calcium-binding	domain_ft
Q9VC47	1158-1270	ECO:0000255|PROSITE-ProRule:PRU00059	CUB 4	domain_ft
Q9VC47	1271-1391	ECO:0000255|PROSITE-ProRule:PRU00059	CUB 5	domain_ft
Q9VC47	519-721	ECO:0000255|PROSITE-ProRule:PRU01211	Peptidase M12A	domain_ft
Q9VC47	723-839	ECO:0000255|PROSITE-ProRule:PRU00059	CUB 1	domain_ft
Q9VC47	840-954	ECO:0000255|PROSITE-ProRule:PRU00059	CUB 2	domain_ft
Q9VC47	954-994	ECO:0000255|PROSITE-ProRule:PRU00076	EGF-like 1; calcium-binding	domain_ft
Q9VC47	997-1114	ECO:0000255|PROSITE-ProRule:PRU00059	CUB 3	domain_ft
Q9VC56	2015-2380	ECO:0000255|PROSITE-ProRule:PRU01035	USP	domain_ft
Q9VC57	35-284	ECO:0000255|PROSITE-ProRule:PRU01052	GB1	domain_ft
Q9VC61	697-755		bZIP	domain_ft
Q9VC94	176-238	ECO:0000255|PROSITE-ProRule:PRU00180	S1 motif 2	domain_ft
Q9VC94	261-329	ECO:0000255|PROSITE-ProRule:PRU00180	S1 motif 3	domain_ft
Q9VC94	447-511	ECO:0000255|PROSITE-ProRule:PRU00180	S1 motif 4	domain_ft
Q9VC94	531-592	ECO:0000255|PROSITE-ProRule:PRU00180	S1 motif 5	domain_ft
Q9VC94	697-771	ECO:0000255	S1 motif 6	domain_ft
Q9VC94	74-160	ECO:0000255|PROSITE-ProRule:PRU00180	S1 motif 1	domain_ft
Q9VCA5	302-377	ECO:0000255|PROSITE-ProRule:PRU00816	B5	domain_ft
Q9VCA8	3036-3100	ECO:0000255|PROSITE-ProRule:PRU00117	KH	domain_ft
Q9VCC0	140-199	ECO:0000255|PROSITE-ProRule:PRU00734	CHORD 2	domain_ft
Q9VCC0	210-301	ECO:0000255|PROSITE-ProRule:PRU00547	CS	domain_ft
Q9VCC0	4-63	ECO:0000255|PROSITE-ProRule:PRU00734	CHORD 1	domain_ft
Q9VCE9	16-60	ECO:0000255|PROSITE-ProRule:PRU00212	UBA	domain_ft
Q9VCE9	271-336	ECO:0000255|PROSITE-ProRule:PRU00192	SH3	domain_ft
Q9VCF0	38-232	ECO:0000255|PROSITE-ProRule:PRU00467	AMMECR1	domain_ft
Q9VCH5	886-1028	ECO:0000255|PROSITE-ProRule:PRU00765	Peptidase S59	domain_ft
Q9VCI0	38-202		Exonuclease	domain_ft
Q9VCJ8	135-399	ECO:0000255|PROSITE-ProRule:PRU00274	Peptidase S1	domain_ft
Q9VCJ8	34-94	ECO:0000255|PROSITE-ProRule:PRU01236	Clip	domain_ft
Q9VCP0	9-82	ECO:0000255|PROSITE-ProRule:PRU00649	TFIIS N-terminal	domain_ft
Q9VCR3	222-273	ECO:0000255|PROSITE-ProRule:PRU00798	Kazal-like	domain_ft
Q9VCR3	468-503	ECO:0000255|PROSITE-ProRule:PRU00448	EF-hand 1	domain_ft
Q9VCR3	508-535	ECO:0000255|PROSITE-ProRule:PRU00448	EF-hand 2	domain_ft
Q9VCR3	533-594	ECO:0000255|PROSITE-ProRule:PRU00500	Thyroglobulin type-1	domain_ft
Q9VCR6	423-456	ECO:0000255|PROSITE-ProRule:PRU00224, ECO:0000305	WW 1	domain_ft
Q9VCR6	458-491	ECO:0000255|PROSITE-ProRule:PRU00224, ECO:0000305	WW 2	domain_ft
Q9VCR6	552-599	ECO:0000255|PROSITE-ProRule:PRU00310	SARAH	domain_ft
Q9VCR7	132-187	ECO:0000255	PQ-loop 1	domain_ft
Q9VCR7	271-327	ECO:0000255	PQ-loop 2	domain_ft
Q9VCT9	24-421	ECO:0000255|PROSITE-ProRule:PRU01035	USP	domain_ft
Q9VCU5	31-208	ECO:0000255|PROSITE-ProRule:PRU01058	CP-type G	domain_ft
Q9VCU7	366-427	ECO:0000255|PROSITE-ProRule:PRU00211	Tudor 1	domain_ft
Q9VCU7	573-630	ECO:0000255|PROSITE-ProRule:PRU00211	Tudor 2	domain_ft
Q9VCU9	1100-1246	ECO:0000255|PROSITE-ProRule:PRU00142	PAZ	domain_ft
Q9VCU9	1698-1919	ECO:0000255|PROSITE-ProRule:PRU00177	RNase III 1	domain_ft
Q9VCU9	1993-2150	ECO:0000255|PROSITE-ProRule:PRU00177	RNase III 2	domain_ft
Q9VCU9	2175-2241	ECO:0000255|PROSITE-ProRule:PRU00266	DRBM	domain_ft
Q9VCU9	485-648	ECO:0000255|PROSITE-ProRule:PRU00542	Helicase C-terminal	domain_ft
Q9VCU9	825-920	ECO:0000255|PROSITE-ProRule:PRU00657	Dicer dsRNA-binding fold	domain_ft
Q9VCX1	1072-1142	ECO:0000255|PROSITE-ProRule:PRU00262	RBD 1	domain_ft
Q9VCX1	1143-1213	ECO:0000255|PROSITE-ProRule:PRU00262	RBD 2	domain_ft
Q9VCX1	1354-1376	ECO:0000255|PROSITE-ProRule:PRU00097	GoLoco	domain_ft
Q9VCX1	247-423	ECO:0000255|PROSITE-ProRule:PRU00148	PID	domain_ft
Q9VCX1	71-148	ECO:0000255|PROSITE-ProRule:PRU00143	PDZ	domain_ft
Q9VCX1	827-943	ECO:0000255|PROSITE-ProRule:PRU00171	RGS	domain_ft
Q9VCX4	31-310		tr-type G	domain_ft
Q9VCY3	54-188	ECO:0000255|PROSITE-ProRule:PRU01182	MPN	domain_ft
Q9VD09	86-245	ECO:0000255|PROSITE-ProRule:PRU00056	CRAL-TRIO	domain_ft
Q9VD28	146-310	ECO:0000255|PROSITE-ProRule:PRU00538	JmjC	domain_ft
Q9VD44	1163-1224		PAP-associated	domain_ft
Q9VD51	218-393	ECO:0000255|PROSITE-ProRule:PRU00541	Helicase ATP-binding	domain_ft
Q9VD51	407-577	ECO:0000255|PROSITE-ProRule:PRU00542	Helicase C-terminal	domain_ft
Q9VD83	52-142	ECO:0000255|PROSITE-ProRule:PRU00039	CTCK	domain_ft
Q9VDA0	418-584	ECO:0000255|PROSITE-ProRule:PRU00542	Helicase C-terminal	domain_ft
Q9VDA0	65-237	ECO:0000255|PROSITE-ProRule:PRU00541	Helicase ATP-binding	domain_ft
Q9VDC6	573-650	ECO:0000255|PROSITE-ProRule:PRU00258	Carrier	domain_ft
Q9VDE5	28-290	ECO:0000255|PROSITE-ProRule:PRU00034	Brix	domain_ft
Q9VDG1	24-80	ECO:0000255|PROSITE-ProRule:PRU00798	Kazal-like	domain_ft
Q9VDG2	191-385	ECO:0000255|PROSITE-ProRule:PRU00172	Rho-GAP	domain_ft
Q9VDG5	440-551	ECO:0000269|PubMed:19815561, ECO:0000269|PubMed:22000518, ECO:0007744|PDB:3E9T, ECO:0007744|PDB:3EAD, ECO:0007744|PDB:3RB5, ECO:0007744|PDB:3RB7	Calx-beta 1	domain_ft
Q9VDG5	555-694	ECO:0000269|PubMed:19361442, ECO:0000269|PubMed:22000518, ECO:0007744|PDB:3E9U, ECO:0007744|PDB:3RB5, ECO:0007744|PDB:3RB7	Calx-beta 2	domain_ft
Q9VDM6	193-271	ECO:0000255|HAMAP-Rule:MF_03006	RRM	domain_ft
Q9VDS5	13-246		BAR	domain_ft
Q9VDS5	251-448	ECO:0000255|PROSITE-ProRule:PRU00172	Rho-GAP	domain_ft
Q9VDW3	1021-1054	ECO:0000255|PROSITE-ProRule:PRU00224, ECO:0000305	WW	domain_ft
Q9VDW6	12-116	ECO:0000255|PROSITE-ProRule:PRU00044, ECO:0000305	Calponin-homology (CH) 1	domain_ft
Q9VDW6	127-230	ECO:0000255|PROSITE-ProRule:PRU00044, ECO:0000305	Calponin-homology (CH) 2	domain_ft
Q9VDW6	2849-2882	ECO:0000255|PROSITE-ProRule:PRU00224, ECO:0000305	WW	domain_ft
Q9VDY1	1160-1315	ECO:0000255|PROSITE-ProRule:PRU00542	Helicase C-terminal	domain_ft
Q9VDY1	313-438	ECO:0000255|PROSITE-ProRule:PRU00746	DBINO	domain_ft
Q9VDY1	547-718	ECO:0000255|PROSITE-ProRule:PRU00541	Helicase ATP-binding	domain_ft
Q9VE86	145-313	ECO:0000255	3'-5' exonuclease	domain_ft
Q9VEA2	14-310	ECO:0000255|PROSITE-ProRule:PRU00795	CNH	domain_ft
Q9VEB3	30-234	ECO:0000255|PROSITE-ProRule:PRU00034	Brix	domain_ft
Q9VEJ0	40-198	ECO:0000255|PROSITE-ProRule:PRU00691	Thioredoxin	domain_ft
Q9VEN1	139-242	ECO:0000255|PROSITE-ProRule:PRU00044	Calponin-homology (CH) 2	domain_ft
Q9VEN1	15-120	ECO:0000255|PROSITE-ProRule:PRU00044	Calponin-homology (CH) 1	domain_ft
Q9VER6	122-163	ECO:0000255|PROSITE-ProRule:PRU00124	LDL-receptor class A 3	domain_ft
Q9VER6	166-204	ECO:0000255|PROSITE-ProRule:PRU00124	LDL-receptor class A 4	domain_ft
Q9VER6	222-285	ECO:0000255|PROSITE-ProRule:PRU00302	Sushi 1	domain_ft
Q9VER6	26-64	ECO:0000255|PROSITE-ProRule:PRU00124	LDL-receptor class A 1	domain_ft
Q9VER6	300-356	ECO:0000255|PROSITE-ProRule:PRU00302	Sushi 2	domain_ft
Q9VER6	369-621	ECO:0000255|PROSITE-ProRule:PRU00274	Peptidase S1	domain_ft
Q9VER6	69-107	ECO:0000255|PROSITE-ProRule:PRU00124	LDL-receptor class A 2	domain_ft
Q9VEU1	1171-1284	ECO:0000255|PROSITE-ProRule:PRU00043	Cadherin 8	domain_ft
Q9VEU1	1285-1389	ECO:0000255|PROSITE-ProRule:PRU00043	Cadherin 9	domain_ft
Q9VEU1	1411-1520	ECO:0000255|PROSITE-ProRule:PRU00043	Cadherin 10	domain_ft
Q9VEU1	1534-1660	ECO:0000255|PROSITE-ProRule:PRU00043	Cadherin 11	domain_ft
Q9VEU1	1661-1774	ECO:0000255|PROSITE-ProRule:PRU00043	Cadherin 12	domain_ft
Q9VEU1	180-295	ECO:0000255|PROSITE-ProRule:PRU00043	Cadherin 2	domain_ft
Q9VEU1	296-411	ECO:0000255|PROSITE-ProRule:PRU00043	Cadherin 3	domain_ft
Q9VEU1	412-528	ECO:0000255|PROSITE-ProRule:PRU00043	Cadherin 4	domain_ft
Q9VEU1	529-643	ECO:0000255|PROSITE-ProRule:PRU00043	Cadherin 5	domain_ft
Q9VEU1	70-179	ECO:0000255|PROSITE-ProRule:PRU00043	Cadherin 1	domain_ft
Q9VEU1	824-927	ECO:0000255|PROSITE-ProRule:PRU00043	Cadherin 6	domain_ft
Q9VEU1	928-1087	ECO:0000255|PROSITE-ProRule:PRU00043	Cadherin 7	domain_ft
Q9VEU5	494-620	ECO:0000255|PROSITE-ProRule:PRU00099	Guanylate cyclase	domain_ft
Q9VEU6	491-617	ECO:0000255|PROSITE-ProRule:PRU00099	Guanylate cyclase	domain_ft
Q9VEV4	50-199	ECO:0000255	FPL	domain_ft
Q9VEZ5	41-341	ECO:0000255|PROSITE-ProRule:PRU00159, ECO:0000305	Protein kinase	domain_ft
Q9VF14	53-322	ECO:0000255|PROSITE-ProRule:PRU01304	EndoU	domain_ft
Q9VF26	125-292	ECO:0000255|PROSITE-ProRule:PRU00541	Helicase ATP-binding	domain_ft
Q9VF26	354-526	ECO:0000255|PROSITE-ProRule:PRU00542	Helicase C-terminal	domain_ft
Q9VF26	938-1001	ECO:0000255|PROSITE-ProRule:PRU00211	Tudor	domain_ft
Q9VF27	109-138	ECO:0000255|PROSITE-ProRule:PRU00711	4Fe-4S ferredoxin-type 1	domain_ft
Q9VF27	148-177	ECO:0000255|PROSITE-ProRule:PRU00711	4Fe-4S ferredoxin-type 2	domain_ft
Q9VF30	413-798	ECO:0000255|PROSITE-ProRule:PRU01410	MCM C-terminal AAA(+) ATPase	domain_ft
Q9VF36	12-102	ECO:0000255|PROSITE-ProRule:PRU00520	Acylphosphatase-like	domain_ft
Q9VF59	53-197	ECO:0000255|PROSITE-ProRule:PRU00713	C2 B9-type	domain_ft
Q9VFF3	273-438	ECO:0000255	3'-5' exonuclease	domain_ft
Q9VFF3	485-565	ECO:0000255|PROSITE-ProRule:PRU00328	HRDC	domain_ft
Q9VFG8	101-134	ECO:0000255|PROSITE-ProRule:PRU00224	WW 2	domain_ft
Q9VFG8	54-87	ECO:0000255|PROSITE-ProRule:PRU00224	WW 1	domain_ft
Q9VFG8	691-811	ECO:0000255|PROSITE-ProRule:PRU00041	C2	domain_ft
Q9VFI9	247-399		GAF 1	domain_ft
Q9VFI9	431-612		GAF 2	domain_ft
Q9VFI9	642-965	ECO:0000255|PROSITE-ProRule:PRU01192	PDEase	domain_ft
Q9VFJ3	325-410	ECO:0000255|PROSITE-ProRule:PRU00143	PDZ	domain_ft
Q9VFK6	555-676	ECO:0000255|PROSITE-ProRule:PRU00190	SET	domain_ft
Q9VFM9	11-135	ECO:0000255|PROSITE-ProRule:PRU00599	ADF-H 1	domain_ft
Q9VFM9	184-312	ECO:0000255|PROSITE-ProRule:PRU00599	ADF-H 2	domain_ft
Q9VFP2	486-616	ECO:0000255|PROSITE-ProRule:PRU00129	MATH	domain_ft
Q9VFP2	655-722	ECO:0000255|PROSITE-ProRule:PRU00037	BTB	domain_ft
Q9VFS5	1-105		WH1	domain_ft
Q9VFS8	102-200	ECO:0000255	PDZ	domain_ft
Q9VG73	22-379	ECO:0000255|PROSITE-ProRule:PRU01040	DZF	domain_ft
Q9VG74	314-372	ECO:0000255|PROSITE-ProRule:PRU00021	AFP-like	domain_ft
Q9VG93	2-83		GST N-terminal	domain_ft
Q9VG93	90-210		GST C-terminal	domain_ft
Q9VG94	1-80		GST N-terminal	domain_ft
Q9VG94	86-206		GST C-terminal	domain_ft
Q9VG95	1-80		GST N-terminal	domain_ft
Q9VG95	86-207		GST C-terminal	domain_ft
Q9VG96	1-80		GST N-terminal	domain_ft
Q9VG96	86-207		GST C-terminal	domain_ft
Q9VG97	1-64		GST N-terminal	domain_ft
Q9VG97	70-199		GST C-terminal	domain_ft
Q9VG98	1-80		GST N-terminal	domain_ft
Q9VG98	86-212		GST C-terminal	domain_ft
Q9VGA4	445-514	ECO:0000255|PROSITE-ProRule:PRU00338	MBD	domain_ft
Q9VGG5	1104-1211	ECO:0000255|PROSITE-ProRule:PRU00043	Cadherin 10	domain_ft
Q9VGG5	1212-1318	ECO:0000255|PROSITE-ProRule:PRU00043	Cadherin 11	domain_ft
Q9VGG5	1319-1431	ECO:0000255|PROSITE-ProRule:PRU00043	Cadherin 12	domain_ft
Q9VGG5	133-245	ECO:0000255|PROSITE-ProRule:PRU00043	Cadherin 2	domain_ft
Q9VGG5	1432-1553	ECO:0000255|PROSITE-ProRule:PRU00043	Cadherin 13	domain_ft
Q9VGG5	1554-1677	ECO:0000255|PROSITE-ProRule:PRU00043	Cadherin 14	domain_ft
Q9VGG5	246-358	ECO:0000255|PROSITE-ProRule:PRU00043	Cadherin 3	domain_ft
Q9VGG5	28-132	ECO:0000255|PROSITE-ProRule:PRU00043	Cadherin 1	domain_ft
Q9VGG5	359-472	ECO:0000255|PROSITE-ProRule:PRU00043	Cadherin 4	domain_ft
Q9VGG5	473-669	ECO:0000255|PROSITE-ProRule:PRU00043	Cadherin 5	domain_ft
Q9VGG5	670-774	ECO:0000255|PROSITE-ProRule:PRU00043	Cadherin 6	domain_ft
Q9VGG5	775-878	ECO:0000255|PROSITE-ProRule:PRU00043	Cadherin 7	domain_ft
Q9VGG5	879-998	ECO:0000255|PROSITE-ProRule:PRU00043	Cadherin 8	domain_ft
Q9VGG5	999-1103	ECO:0000255|PROSITE-ProRule:PRU00043	Cadherin 9	domain_ft
Q9VGH7	1048-1105	ECO:0000255|PROSITE-ProRule:PRU00703	CBS 2	domain_ft
Q9VGH7	663-723	ECO:0000255|PROSITE-ProRule:PRU00703	CBS 1	domain_ft
Q9VGI8	1283-1363	ECO:0000250|UniProtKB:P54132, ECO:0000255|PROSITE-ProRule:PRU00328	HRDC	domain_ft
Q9VGI8	746-921	ECO:0000250|UniProtKB:P54132, ECO:0000255|PROSITE-ProRule:PRU00541	Helicase ATP-binding	domain_ft
Q9VGI8	944-1093	ECO:0000250|UniProtKB:P54132, ECO:0000255|PROSITE-ProRule:PRU00542	Helicase C-terminal	domain_ft
Q9VGJ5	86-138	ECO:0000255|PROSITE-ProRule:PRU00981	bHLH	domain_ft
Q9VGL8	77-265	ECO:0000255|PROSITE-ProRule:PRU00163	Rab-GAP TBC	domain_ft
Q9VGN7	62-228	ECO:0000255	3'-5' exonuclease	domain_ft
Q9VGP4	35-114	ECO:0000255|PROSITE-ProRule:PRU00115	Importin N-terminal	domain_ft
Q9VGQ9	4-60	ECO:0000255|PROSITE-ProRule:PRU00456	DPH-type MB	domain_ft
Q9VGR7	15-82	ECO:0000255|PROSITE-ProRule:PRU00286	J	domain_ft
Q9VGS2	1-172	ECO:0000255|PROSITE-ProRule:PRU01133	TCTP	domain_ft
Q9VGV8	29-163	ECO:0000255	Phosducin	domain_ft
Q9VGW1	238-366	ECO:0000255|PROSITE-ProRule:PRU00043	Cadherin 1	domain_ft
Q9VGW1	367-483	ECO:0000255|PROSITE-ProRule:PRU00043	Cadherin 2	domain_ft
Q9VGW1	484-600	ECO:0000255|PROSITE-ProRule:PRU00043	Cadherin 3	domain_ft
Q9VGW1	601-708	ECO:0000255|PROSITE-ProRule:PRU00043	Cadherin 4	domain_ft
Q9VGW1	709-832	ECO:0000255|PROSITE-ProRule:PRU00043	Cadherin 5	domain_ft
Q9VGW6	311-653	ECO:0000255|PROSITE-ProRule:PRU01410	MCM C-terminal AAA(+) ATPase	domain_ft
Q9VGY6	151-258	ECO:0000255|PROSITE-ProRule:PRU00882	DM13 2	domain_ft
Q9VGY6	287-419	ECO:0000255|PROSITE-ProRule:PRU00246, ECO:0000305	DOMON	domain_ft
Q9VGY6	34-143	ECO:0000255|PROSITE-ProRule:PRU00882	DM13 1	domain_ft
Q9VGZ1	237-491	ECO:0000255|PROSITE-ProRule:PRU01266	Radical SAM core	domain_ft
Q9VGZ1	494-569	ECO:0000255|PROSITE-ProRule:PRU00208	TRAM	domain_ft
Q9VGZ1	92-212	ECO:0000255|PROSITE-ProRule:PRU00780	MTTase N-terminal	domain_ft
Q9VGZ5	128-159	ECO:0000255|PROSITE-ProRule:PRU00380	Orange	domain_ft
Q9VGZ5	62-117	ECO:0000255|PROSITE-ProRule:PRU00981	bHLH	domain_ft
Q9VH08	27-273	ECO:0000255|PROSITE-ProRule:PRU00236	Deacetylase sirtuin-type	domain_ft
Q9VH14	28-145	ECO:0000255|PROSITE-ProRule:PRU00295	NTR	domain_ft
Q9VH36	225-451	ECO:0000255|PROSITE-ProRule:PRU01123	Lon N-terminal	domain_ft
Q9VH36	450-559	ECO:0000255|PROSITE-ProRule:PRU01124	CULT	domain_ft
Q9VH48	141-450	ECO:0000255|PROSITE-ProRule:PRU01015	SAM-dependent MTase PRMT-type	domain_ft
Q9VH90	507-665	ECO:0000255|PROSITE-ProRule:PRU00139	OTU	domain_ft
Q9VH95	7-96	ECO:0000255|PROSITE-ProRule:PRU00547	CS	domain_ft
Q9VHA0	806-876	ECO:0000255|PROSITE-ProRule:PRU00184	SAM	domain_ft
Q9VHB0	705-751	ECO:0000255|PROSITE-ProRule:PRU00092	G-patch	domain_ft
Q9VHB0	800-870	ECO:0000255|PROSITE-ProRule:PRU00266	DRBM	domain_ft
Q9VHC5	601-806	ECO:0000255|PROSITE-ProRule:PRU00538	JmjC	domain_ft
Q9VHD2	102-222		GST C-terminal	domain_ft
Q9VHD2	14-97		GST N-terminal	domain_ft
Q9VHD3	121-241		GST C-terminal	domain_ft
Q9VHD3	32-116		GST N-terminal	domain_ft
Q9VHH9	1059-1105		F-box	domain_ft
Q9VHH9	180-348	ECO:0000255|PROSITE-ProRule:PRU00538	JmjC	domain_ft
Q9VHM6	4-79	ECO:0000255|PROSITE-ProRule:PRU01263	ZAD	domain_ft
Q9VHP0	326-515	ECO:0000255|PROSITE-ProRule:PRU00541	Helicase ATP-binding	domain_ft
Q9VHP0	542-693	ECO:0000255|PROSITE-ProRule:PRU00542	Helicase C-terminal	domain_ft
Q9VHS8	238-399	ECO:0000255|PROSITE-ProRule:PRU00542	Helicase C-terminal	domain_ft
Q9VHS8	57-227	ECO:0000255|PROSITE-ProRule:PRU00541	Helicase ATP-binding	domain_ft
Q9VHU1	251-409	ECO:0000255|PROSITE-ProRule:PRU00542	Helicase C-terminal	domain_ft
Q9VHU1	38-225	ECO:0000255|PROSITE-ProRule:PRU00541	Helicase ATP-binding	domain_ft
Q9VHV1	17-231	ECO:0000255|PROSITE-ProRule:PRU00216	UmuC	domain_ft
Q9VHV1	663-696	ECO:0000255|PROSITE-ProRule:PRU01409	UBM	domain_ft
Q9VI10	28-114	ECO:0000255|PROSITE-ProRule:PRU01346	Sm	domain_ft
Q9VI13	430-681	ECO:0000255|PROSITE-ProRule:PRU00159	Protein kinase	domain_ft
Q9VI13	83-96	ECO:0000255|PROSITE-ProRule:PRU00057	CRIB	domain_ft
Q9VI20	89-151	ECO:0000255	PA	domain_ft
Q9VI58	455-522	ECO:0000255	PAP-associated	domain_ft
Q9VI75	16-158	ECO:0000255|PROSITE-ProRule:PRU00243, ECO:0000305	ENTH	domain_ft
Q9VIE6	183-374	ECO:0000255|PROSITE-ProRule:PRU01411	MCM10-ID	domain_ft
Q9VIE6	581-742	ECO:0000255|PROSITE-ProRule:PRU01412	MCM10-CTD	domain_ft
Q9VIF1	410-602		3'-5' exonuclease	domain_ft
Q9VIF6	290-434	ECO:0000255|PROSITE-ProRule:PRU00542	Helicase C-terminal	domain_ft
Q9VIF6	92-263	ECO:0000255|PROSITE-ProRule:PRU00541	Helicase ATP-binding	domain_ft
Q9VIH3	30-653	ECO:0000255|PROSITE-ProRule:PRU00557	Vitellogenin	domain_ft
Q9VIH7	408-585	ECO:0000255|PROSITE-ProRule:PRU01234	TLDc	domain_ft
Q9VIH7	84-275	ECO:0000255|PROSITE-ProRule:PRU00163	Rab-GAP TBC	domain_ft
Q9VIQ9	21-129	ECO:0000255|PROSITE-ProRule:PRU00044	Calponin-homology (CH)	domain_ft
Q9VIS1	295-363	ECO:0000255|PROSITE-ProRule:PRU00192	SH3	domain_ft
Q9VIS1	424-618	ECO:0000255|PROSITE-ProRule:PRU00172	Rho-GAP	domain_ft
Q9VIV2	561-635	ECO:0000255|PROSITE-ProRule:PRU00176	RRM	domain_ft
Q9VIV2	7-75	ECO:0000255|PROSITE-ProRule:PRU00627	PWI	domain_ft
Q9VJ07	437-655	ECO:0000255|PROSITE-ProRule:PRU01082	PPM-type phosphatase	domain_ft
Q9VJ26	105-140	ECO:0000255|PROSITE-ProRule:PRU00448	EF-hand 2	domain_ft
Q9VJ26	69-104	ECO:0000255|PROSITE-ProRule:PRU00448	EF-hand 1	domain_ft
Q9VJ31	3-324	ECO:0000255|PROSITE-ProRule:PRU00333	Hcy-binding	domain_ft
Q9VJ34	120-275		GST C-terminal	domain_ft
Q9VJ79	419-572		GAF 1	domain_ft
Q9VJ79	604-754		GAF 2	domain_ft
Q9VJ79	783-1107	ECO:0000255|PROSITE-ProRule:PRU01192	PDEase	domain_ft
Q9VJ87	420-603	ECO:0000255|PROSITE-ProRule:PRU00698	MIF4G	domain_ft
Q9VJ87	710-826	ECO:0000255|PROSITE-ProRule:PRU00698	MI	domain_ft
Q9VJ90	145-597	ECO:0000255|PROSITE-ProRule:PRU00159	Protein kinase	domain_ft
Q9VJ97	165-316	ECO:0000255|PROSITE-ProRule:PRU00538	JmjC	domain_ft
Q9VJB6	1011-1217	ECO:0000255|PROSITE-ProRule:PRU00122	Laminin G-like 1	domain_ft
Q9VJB6	1220-1260	ECO:0000255|PROSITE-ProRule:PRU00076	EGF-like 2	domain_ft
Q9VJB6	1263-1454	ECO:0000255|PROSITE-ProRule:PRU00122	Laminin G-like 2	domain_ft
Q9VJB6	137-252	ECO:0000255|PROSITE-ProRule:PRU00043	Cadherin 2	domain_ft
Q9VJB6	1497-1535	ECO:0000255|PROSITE-ProRule:PRU00076	EGF-like 3; calcium-binding	domain_ft
Q9VJB6	253-364	ECO:0000255|PROSITE-ProRule:PRU00043	Cadherin 3	domain_ft
Q9VJB6	368-485	ECO:0000255|PROSITE-ProRule:PRU00043	Cadherin 4	domain_ft
Q9VJB6	37-136	ECO:0000255|PROSITE-ProRule:PRU00043	Cadherin 1	domain_ft
Q9VJB6	486-590	ECO:0000255|PROSITE-ProRule:PRU00043	Cadherin 5	domain_ft
Q9VJB6	590-709	ECO:0000255|PROSITE-ProRule:PRU00043	Cadherin 6	domain_ft
Q9VJB6	708-812	ECO:0000255|PROSITE-ProRule:PRU00043	Cadherin 7	domain_ft
Q9VJB6	973-1010	ECO:0000255|PROSITE-ProRule:PRU00076	EGF-like 1	domain_ft
Q9VJE5	143-185	ECO:0000255|PROSITE-ProRule:PRU00045	CAP-Gly 1	domain_ft
Q9VJE5	260-302	ECO:0000255|PROSITE-ProRule:PRU00045	CAP-Gly 2	domain_ft
Q9VJL6	3-138	ECO:0000255|PROSITE-ProRule:PRU00599	ADF-H	domain_ft
Q9VJN5	10-82	ECO:0000255|PROSITE-ProRule:PRU01263	ZAD	domain_ft
Q9VJN9	44-248	ECO:0000255|PROSITE-ProRule:PRU01211	Peptidase M12A	domain_ft
Q9VJQ4	103-411	ECO:0000255|PROSITE-ProRule:PRU00895	mRNA cap 0 methyltransferase	domain_ft
Q9VJQ5	19-82	ECO:0000255	Histone-fold	domain_ft
Q9VJS7	32-127	ECO:0000255	CTCK	domain_ft
Q9VJY9	135-206	ECO:0000255|PROSITE-ProRule:PRU00266	DRBM 1	domain_ft
Q9VJY9	250-318	ECO:0000255|PROSITE-ProRule:PRU00266	DRBM 2	domain_ft
Q9VJY9	393-461	ECO:0000255|PROSITE-ProRule:PRU00266	DRBM 3	domain_ft
Q9VK33	1140-1203	ECO:0000255|PROSITE-ProRule:PRU00184	SAM	domain_ft
Q9VK34	204-499	ECO:0000255|PROSITE-ProRule:PRU00236	Deacetylase sirtuin-type	domain_ft
Q9VK45	1349-1903	ECO:0000255|PROSITE-ProRule:PRU00534	FAT	domain_ft
Q9VK45	2077-2389	ECO:0000255|PROSITE-ProRule:PRU00269	PI3K	domain_ft
Q9VK45	2438-2470	ECO:0000255|PROSITE-ProRule:PRU00534, ECO:0000255|PROSITE-ProRule:PRU00535	FATC	domain_ft
Q9VK68	20-192	ECO:0000255|PROSITE-ProRule:PRU00864	PITH	domain_ft
Q9VK71	681-755	ECO:0000255|PROSITE-ProRule:PRU00530	POU-specific	domain_ft
Q9VK89	18-451	ECO:0000255|PROSITE-ProRule:PRU00958	Trm1 methyltransferase	domain_ft
Q9VKB4	185-369	ECO:0000255|PROSITE-ProRule:PRU00034	Brix	domain_ft
Q9VKD7	164-211		PLD phosphodiesterase	domain_ft
Q9VKG9	448-538	ECO:0000255	Spaetzle	domain_ft
Q9VKI3	36-73	ECO:0000255|PROSITE-ProRule:PRU00483	VM	domain_ft
Q9VKJ1	113-219	ECO:0000255	RAMA	domain_ft
Q9VKJ1	284-420	ECO:0000255|PROSITE-ProRule:PRU01182	MPN	domain_ft
Q9VKJ9	637-776	ECO:0000255|PROSITE-ProRule:PRU00041	C2	domain_ft
Q9VKK2	435-538	ECO:0000255|PROSITE-ProRule:PRU00179	RWD	domain_ft
Q9VKM1	263-372	ECO:0000255|PROSITE-ProRule:PRU00142	PAZ	domain_ft
Q9VKM1	538-829	ECO:0000255|PROSITE-ProRule:PRU00150	Piwi	domain_ft
Q9VKN7	53-305	ECO:0000255|PROSITE-ProRule:PRU00159	Protein kinase	domain_ft
Q9VKV5	260-316	ECO:0000255|PROSITE-ProRule:PRU00101	GYF	domain_ft
Q9VL00	64-262	ECO:0000255|PROSITE-ProRule:PRU00139	OTU	domain_ft
Q9VL06	1322-1392	ECO:0000255|PROSITE-ProRule:PRU00749	MIB	domain_ft
Q9VL06	2289-2727	ECO:0000255|PROSITE-ProRule:PRU00104	HECT	domain_ft
Q9VL14	40-90	ECO:0000255|PROSITE-ProRule:PRU00978	bZIP	domain_ft
Q9VL25	270-443	ECO:0000255|PROSITE-ProRule:PRU00542	Helicase C-terminal	domain_ft
Q9VL25	78-246	ECO:0000255|PROSITE-ProRule:PRU00541	Helicase ATP-binding	domain_ft
Q9VL32	1421-1715	ECO:0000255|PROSITE-ProRule:PRU00441	ABC transmembrane type-1 2	domain_ft
Q9VL32	1930-2165	ECO:0000255|PROSITE-ProRule:PRU00434	ABC transporter 2	domain_ft
Q9VL32	344-622	ECO:0000255|PROSITE-ProRule:PRU00441	ABC transmembrane type-1 1	domain_ft
Q9VL32	785-1014	ECO:0000255|PROSITE-ProRule:PRU00434	ABC transporter 1	domain_ft
Q9VL52	1317-1401		CS	domain_ft
Q9VL52	502-649		Helicase ATP-binding	domain_ft
Q9VL52	8-117		Tudor 1	domain_ft
Q9VL52	929-1043		Tudor 2	domain_ft
Q9VL59	312-358	ECO:0000255|PROSITE-ProRule:PRU00092	G-patch	domain_ft
Q9VL72	301-471	ECO:0000255|PROSITE-ProRule:PRU00541	Helicase ATP-binding	domain_ft
Q9VL72	656-818	ECO:0000255|PROSITE-ProRule:PRU00542	Helicase C-terminal	domain_ft
Q9VL76	351-602	ECO:0000255|PROSITE-ProRule:PRU00596	SF4 helicase	domain_ft
Q9VL78	149-235	ECO:0000255|PROSITE-ProRule:PRU00277	PPIase FKBP-type 2	domain_ft
Q9VL78	32-120	ECO:0000255|PROSITE-ProRule:PRU00277	PPIase FKBP-type 1	domain_ft
Q9VL86	124-423	ECO:0000255|PROSITE-ProRule:PRU01379	Peptidase M14	domain_ft
Q9VL96	321-414	ECO:0000255|HAMAP-Rule:MF_03028	BRCT	domain_ft
Q9VLJ6	28-615	ECO:0000255|PROSITE-ProRule:PRU01355	Peptidase M2	domain_ft
Q9VLJ8	355-451	ECO:0000255|HAMAP-Rule:MF_03049	Rhodanese	domain_ft
Q9VLK8	15-94	ECO:0000255|PROSITE-ProRule:PRU01263	ZAD	domain_ft
Q9VLP3	9-120	ECO:0000255|PROSITE-ProRule:PRU01132	MSS4	domain_ft
Q9VLT5	5080-5315	ECO:0000255|PROSITE-ProRule:PRU01388	UZI	domain_ft
Q9VLU5	11-44	ECO:0000255|PROSITE-ProRule:PRU00224	WW 1	domain_ft
Q9VLU5	52-86	ECO:0000255|PROSITE-ProRule:PRU00224	WW 2	domain_ft
Q9VLV5	17-92	ECO:0000255|PROSITE-ProRule:PRU01346	Sm	domain_ft
Q9VLV7	521-609	ECO:0000255	Spaetzle	domain_ft
Q9VLW2	44-396	ECO:0000255|PROSITE-ProRule:PRU00283	Kinesin motor	domain_ft
Q9VM33	40-317		tr-type G	domain_ft
Q9VM35	138-299	ECO:0000255|PROSITE-ProRule:PRU00388	UBC core	domain_ft
Q9VM64	138-238	ECO:0000255	Ig-like C2-type 2	domain_ft
Q9VM64	258-346	ECO:0000255	Ig-like C2-type 3	domain_ft
Q9VM64	352-438	ECO:0000255	Ig-like C2-type 4	domain_ft
Q9VM64	467-573	ECO:0000255|PROSITE-ProRule:PRU00316	Fibronectin type-III 1	domain_ft
Q9VM64	51-148	ECO:0000255	Ig-like C2-type 1	domain_ft
Q9VM64	581-676	ECO:0000255|PROSITE-ProRule:PRU00316	Fibronectin type-III 2	domain_ft
Q9VM90	101-367	ECO:0000255|PROSITE-ProRule:PRU00159	Protein kinase	domain_ft
Q9VM91	295-645	ECO:0000255|PROSITE-ProRule:PRU00568	TTL	domain_ft
Q9VM92	272-629	ECO:0000255|PROSITE-ProRule:PRU00568	TTL	domain_ft
Q9VMA7	50-112	ECO:0000255|PROSITE-ProRule:PRU00192	SH3	domain_ft
Q9VMD6	286-462	ECO:0000255|PROSITE-ProRule:PRU00056	CRAL-TRIO	domain_ft
Q9VMD6	3-175	ECO:0000255|PROSITE-ProRule:PRU00158	PRELI	domain_ft
Q9VMD6	512-631	ECO:0000255|PROSITE-ProRule:PRU00096	GOLD	domain_ft
Q9VMG0	4-216	ECO:0000255|PROSITE-ProRule:PRU00532	N-acetyltransferase	domain_ft
Q9VMJ7	161-202	ECO:0000255|PROSITE-ProRule:PRU00537	JmjN	domain_ft
Q9VMJ7	226-316	ECO:0000255|PROSITE-ProRule:PRU00355	ARID	domain_ft
Q9VMJ7	591-757	ECO:0000255|PROSITE-ProRule:PRU00538	JmjC	domain_ft
Q9VML1	452-685	ECO:0000255|PROSITE-ProRule:PRU01189	NR LBD	domain_ft
Q9VMM6	170-227	ECO:0000255|PROSITE-ProRule:PRU00144	Chitin-binding type-2 3	domain_ft
Q9VMM6	22-80	ECO:0000255|PROSITE-ProRule:PRU00144	Chitin-binding type-2 1	domain_ft
Q9VMM6	90-148	ECO:0000255|PROSITE-ProRule:PRU00144	Chitin-binding type-2 2	domain_ft
Q9VMU5	668-716	ECO:0000255|PROSITE-ProRule:PRU00250	GRIP	domain_ft
Q9VMW8	157-211		PQ-loop 2	domain_ft
Q9VMW8	34-100		PQ-loop 1	domain_ft
Q9VMX6	139-217	ECO:0000255|PROSITE-ProRule:PRU00800	HARP	domain_ft
Q9VMX6	256-412	ECO:0000255|PROSITE-ProRule:PRU00541	Helicase ATP-binding	domain_ft
Q9VMX6	527-681	ECO:0000255|PROSITE-ProRule:PRU00542	Helicase C-terminal	domain_ft
Q9VMY1	84-117		KOW	domain_ft
Q9VN03	181-321	ECO:0000255|PROSITE-ProRule:PRU00541	Helicase ATP-binding	domain_ft
Q9VN03	330-508	ECO:0000255|PROSITE-ProRule:PRU00542	Helicase C-terminal	domain_ft
Q9VN14	1053-1151	ECO:0000255|PROSITE-ProRule:PRU00316	Fibronectin type-III 2	domain_ft
Q9VN14	1156-1254	ECO:0000255|PROSITE-ProRule:PRU00316	Fibronectin type-III 3	domain_ft
Q9VN14	1259-1357	ECO:0000255|PROSITE-ProRule:PRU00316	Fibronectin type-III 4	domain_ft
Q9VN14	362-463		Ig-like C2-type 1	domain_ft
Q9VN14	468-561		Ig-like C2-type 2	domain_ft
Q9VN14	576-656		Ig-like C2-type 3	domain_ft
Q9VN14	661-745		Ig-like C2-type 4	domain_ft
Q9VN14	756-843		Ig-like C2-type 5	domain_ft
Q9VN14	848-939		Ig-like C2-type 6	domain_ft
Q9VN14	946-1048	ECO:0000255|PROSITE-ProRule:PRU00316	Fibronectin type-III 1	domain_ft
Q9VN25	319-501	ECO:0000255|PROSITE-ProRule:PRU01185	PCI	domain_ft
Q9VN27	39-220	ECO:0000255|PROSITE-ProRule:PRU01067	BPL	domain_ft
Q9VN41	22-108	ECO:0000255|HAMAP-Rule:MF_03100	GIY-YIG	domain_ft
Q9VN45	15-96		MIT	domain_ft
Q9VN45	325-509	ECO:0000255	Senescence	domain_ft
Q9VN50	8-138	ECO:0000255|PROSITE-ProRule:PRU01182	MPN	domain_ft
Q9VNE1	4-196	ECO:0000255|PROSITE-ProRule:PRU00109	HORMA	domain_ft
Q9VNE2	244-415	ECO:0000255|PROSITE-ProRule:PRU00695	W2	domain_ft
Q9VNE7	37-50	ECO:0000255|PROSITE-ProRule:PRU00057	CRIB	domain_ft
Q9VNH1	95-300	ECO:0000255|PROSITE-ProRule:PRU00848	Bin3-type SAM	domain_ft
Q9VNJ5	430-624	ECO:0000255|PROSITE-ProRule:PRU00199	SSD	domain_ft
Q9VNL4	295-400	ECO:0000255|PROSITE-ProRule:PRU00686	Glutaredoxin	domain_ft
Q9VNP5	575-639		Tudor	domain_ft
Q9VNP5	87-284	ECO:0000255|PROSITE-ProRule:PRU00541	Helicase ATP-binding	domain_ft
Q9VNV3	2-428	ECO:0000255|PROSITE-ProRule:PRU00541	Helicase ATP-binding	domain_ft
Q9VNV3	483-676	ECO:0000255|PROSITE-ProRule:PRU00542	Helicase C-terminal	domain_ft
Q9VNV3	69-246	ECO:0000255|PROSITE-ProRule:PRU00548	B30.2	domain_ft
Q9VNX1	18-274	ECO:0000255|PROSITE-ProRule:PRU00216	UmuC	domain_ft
Q9VNZ8	1333-1486	ECO:0000255|PROSITE-ProRule:PRU00550	VPS9	domain_ft
Q9VP22	804-1098	ECO:0000255|PROSITE-ProRule:PRU00159	Protein kinase	domain_ft
Q9VP47	84-249	ECO:0000255|PROSITE-ProRule:PRU01051	Bms1-type G	domain_ft
Q9VP65	2-120		TRM112	domain_ft
Q9VP95	44-268	ECO:0000255|PROSITE-ProRule:PRU00274	Peptidase S1	domain_ft
Q9VPC0	558-851	ECO:0000255|PROSITE-ProRule:PRU00159	Protein kinase	domain_ft
Q9VPF0	919-963	ECO:0000255	LRRCT	domain_ft
Q9VPP5	70-296	ECO:0000255|PROSITE-ProRule:PRU01319	RNase H type-2	domain_ft
Q9VPQ2	25-90	ECO:0000255|PROSITE-ProRule:PRU00286	J	domain_ft
Q9VPU8	125-193	ECO:0000255	KH	domain_ft
Q9VPY0	3-113	ECO:0000255	VWFA	domain_ft
Q9VQ29	134-228	ECO:0000255|PROSITE-ProRule:PRU00628	Rieske	domain_ft
Q9VQ30	32-98	ECO:0000255|PROSITE-ProRule:PRU00037	BTB	domain_ft
Q9VQ91	136-199	ECO:0000255|PROSITE-ProRule:PRU00117	KH 2	domain_ft
Q9VQ91	310-375	ECO:0000255|PROSITE-ProRule:PRU00211	Tudor	domain_ft
Q9VQ91	65-127	ECO:0000255|PROSITE-ProRule:PRU00117	KH 1	domain_ft
Q9VQD6	268-365	ECO:0000255|PROSITE-ProRule:PRU00784	BEN	domain_ft
Q9VQH2	1078-1218		Ferric oxidoreductase	domain_ft
Q9VQH2	1253-1358	ECO:0000255|PROSITE-ProRule:PRU00716	FAD-binding FR-type	domain_ft
Q9VQH2	855-890	ECO:0000255|PROSITE-ProRule:PRU00448	EF-hand 1	domain_ft
Q9VQH2	891-926	ECO:0000255|PROSITE-ProRule:PRU00448	EF-hand 2	domain_ft
Q9VQH2	936-971	ECO:0000255|PROSITE-ProRule:PRU00448	EF-hand 3	domain_ft
Q9VQK9	266-316	ECO:0000255|PROSITE-ProRule:PRU00067	DHHC	domain_ft
Q9VQQ9	5-89		IPT	domain_ft
Q9VQZ6	398-552	ECO:0000255|PROSITE-ProRule:PRU00532	N-acetyltransferase	domain_ft
Q9VQZ6	84-374	ECO:0000255|PROSITE-ProRule:PRU01266	Radical SAM core	domain_ft
Q9VR05	3-79	ECO:0000255|PROSITE-ProRule:PRU01263	ZAD	domain_ft
Q9VR17	255-354	ECO:0000255|PROSITE-ProRule:PRU00784	BEN	domain_ft
Q9VR20	29-150	ECO:0000255|PROSITE-ProRule:PRU00139	OTU	domain_ft
Q9VR20	302-364	ECO:0000255|PROSITE-ProRule:PRU00211	Tudor	domain_ft
Q9VR35	227-292	ECO:0000255|PROSITE-ProRule:PRU00117	KH	domain_ft
Q9VR52	128-146		LRRCT	domain_ft
Q9VR52	264-355		CS	domain_ft
Q9VR56	83-274	ECO:0000255|PROSITE-ProRule:PRU01012	SAM-dependent MTase TRM10-type	domain_ft
Q9VR89	164-213		KH	domain_ft
Q9VR91	1917-1990	ECO:0000255|PROSITE-ProRule:PRU00749	MIB	domain_ft
Q9VR91	2511-2557	ECO:0000255|PROSITE-ProRule:PRU00212	UBA	domain_ft
Q9VR91	2624-2699	ECO:0000255	CPH	domain_ft
Q9VR91	2780-2958	ECO:0000255|PROSITE-ProRule:PRU00614	DOC	domain_ft
Q9VR91	4547-4882	ECO:0000255|PROSITE-ProRule:PRU00104	HECT	domain_ft
Q9VRA2	635-781	ECO:0000255|HAMAP-Rule:MF_03050	MOSC	domain_ft
Q9VRC9	592-757	ECO:0000255|PROSITE-ProRule:PRU00199	SSD	domain_ft
Q9VRG7	56-223	ECO:0000255|PROSITE-ProRule:PRU00336	FCP1 homology	domain_ft
Q9VRH6	97-278		tr-type G	domain_ft
Q9VRJ9	150-274	ECO:0000255|PROSITE-ProRule:PRU00139	OTU	domain_ft
Q9VRJ9	5-87		Ubiquitin-like	domain_ft
Q9VRN5	38-104		CSD	domain_ft
Q9VRP5	172-480	ECO:0000255|PROSITE-ProRule:PRU01035	USP	domain_ft
Q9VRR2	2-218	ECO:0000250|UniProtKB:Q9UBH6	SPX	domain_ft
Q9VRR2	423-627	ECO:0000255|PROSITE-ProRule:PRU00712	EXS	domain_ft
Q9VRV7	15-90	ECO:0000255|PROSITE-ProRule:PRU00176	RRM	domain_ft
Q9VRX1	462-616	ECO:0000255	Mic1	domain_ft
Q9VS24	872-967	ECO:0000255|PROSITE-ProRule:PRU00145	PH	domain_ft
Q9VS29	1008-1108	ECO:0000255|PROSITE-ProRule:PRU00316	Fibronectin type-III 2	domain_ft
Q9VS29	1113-1211	ECO:0000255|PROSITE-ProRule:PRU00316	Fibronectin type-III 3	domain_ft
Q9VS29	1215-1311	ECO:0000255|PROSITE-ProRule:PRU00316	Fibronectin type-III 4	domain_ft
Q9VS29	1312-1400	ECO:0000255	Ig-like C2-type 9	domain_ft
Q9VS29	1402-1495	ECO:0000255|PROSITE-ProRule:PRU00316	Fibronectin type-III 5	domain_ft
Q9VS29	1496-1595	ECO:0000255|PROSITE-ProRule:PRU00316	Fibronectin type-III 6	domain_ft
Q9VS29	238-326	ECO:0000255	Ig-like C2-type 2	domain_ft
Q9VS29	31-120	ECO:0000255	Ig-like C2-type 1	domain_ft
Q9VS29	330-417	ECO:0000255	Ig-like C2-type 3	domain_ft
Q9VS29	422-516	ECO:0000255	Ig-like C2-type 4	domain_ft
Q9VS29	521-607	ECO:0000255	Ig-like C2-type 5	domain_ft
Q9VS29	612-698	ECO:0000255	Ig-like C2-type 6	domain_ft
Q9VS29	707-802	ECO:0000255	Ig-like C2-type 7	domain_ft
Q9VS29	805-902	ECO:0000255	Ig-like C2-type 8	domain_ft
Q9VS29	907-1003	ECO:0000255|PROSITE-ProRule:PRU00316	Fibronectin type-III 1	domain_ft
Q9VS46	163-724	ECO:0000255|PROSITE-ProRule:PRU00717	RINT1	domain_ft
Q9VS50	906-1052	ECO:0000255|PROSITE-ProRule:PRU00532	N-acetyltransferase	domain_ft
Q9VS60	58-129	ECO:0000255|PROSITE-ProRule:PRU00184	SAM	domain_ft
Q9VS97	47-169	ECO:0000255	N-acetylmuramoyl-L-alanine amidase	domain_ft
Q9VSE2	274-446	ECO:0000255|PROSITE-ProRule:PRU00541	Helicase ATP-binding	domain_ft
Q9VSE2	497-689	ECO:0000255|PROSITE-ProRule:PRU00542	Helicase C-terminal	domain_ft
Q9VSF3	26-170	ECO:0000255|PROSITE-ProRule:PRU00388	UBC core	domain_ft
Q9VSH4	93-173	ECO:0000255|PROSITE-ProRule:PRU00176	RRM	domain_ft
Q9VSK9	351-609	ECO:0000255|PROSITE-ProRule:PRU00342	TRUD	domain_ft
Q9VSL3	107-230	ECO:0000255	GST C-terminal	domain_ft
Q9VSL3	20-102	ECO:0000255	GST N-terminal	domain_ft
Q9VSR3	447-538	ECO:0000255|PROSITE-ProRule:PRU00176	RRM 1	domain_ft
Q9VSR3	555-637	ECO:0000255|PROSITE-ProRule:PRU00176	RRM 2	domain_ft
Q9VSS1	15-45	ECO:0000255|PROSITE-ProRule:PRU00711	4Fe-4S ferredoxin-type 1	domain_ft
Q9VSS1	350-570	ECO:0000255|PROSITE-ProRule:PRU00434	ABC transporter 2	domain_ft
Q9VSS1	54-83	ECO:0000255|PROSITE-ProRule:PRU00711	4Fe-4S ferredoxin-type 2	domain_ft
Q9VSS1	78-323	ECO:0000255|PROSITE-ProRule:PRU00434	ABC transporter 1	domain_ft
Q9VSY4	2-189	ECO:0000255|HAMAP-Rule:MF_03130	N-acetyltransferase	domain_ft
Q9VT00	1741-1782	ECO:0000255|PROSITE-ProRule:PRU00537	JmjN	domain_ft
Q9VT00	1805-1897	ECO:0000255|PROSITE-ProRule:PRU00355	ARID	domain_ft
Q9VT00	2033-2198	ECO:0000255|PROSITE-ProRule:PRU00538	JmjC	domain_ft
Q9VT57	21-335	ECO:0000255|PROSITE-ProRule:PRU00159	Protein kinase	domain_ft
Q9VT65	259-558	ECO:0000255|PROSITE-ProRule:PRU00239	Calpain catalytic	domain_ft
Q9VT65	796-831	ECO:0000255|PROSITE-ProRule:PRU00448	EF-hand 1	domain_ft
Q9VT65	826-861	ECO:0000255|PROSITE-ProRule:PRU00448	EF-hand 2	domain_ft
Q9VT67	1-74	ECO:0000255|PROSITE-ProRule:PRU01346	Sm	domain_ft
Q9VT67	84-186	ECO:0000255|PROSITE-ProRule:PRU01345	AD	domain_ft
Q9VTH0	627-721	ECO:0000255|PROSITE-ProRule:PRU00805	Fe2OG dioxygenase	domain_ft
Q9VTJ8	66-118	ECO:0000255|PROSITE-ProRule:PRU00286	J	domain_ft
Q9VTK2	450-511	ECO:0000255|PROSITE-ProRule:PRU00131	MIR 1	domain_ft
Q9VTK2	522-579	ECO:0000255|PROSITE-ProRule:PRU00131	MIR 2	domain_ft
Q9VTK2	585-642	ECO:0000255|PROSITE-ProRule:PRU00131	MIR 3	domain_ft
Q9VTL1	208-389	ECO:0000255|PROSITE-ProRule:PRU01185	PCI	domain_ft
Q9VTT0	497-546	ECO:0000255	PSI	domain_ft
Q9VTT0	50-495	ECO:0000255|PROSITE-ProRule:PRU00352	Sema	domain_ft
Q9VTT0	553-605	ECO:0000255|PROSITE-ProRule:PRU00210	TSP type-1 1	domain_ft
Q9VTT0	607-663	ECO:0000255|PROSITE-ProRule:PRU00210	TSP type-1 2	domain_ft
Q9VTT0	671-726	ECO:0000255|PROSITE-ProRule:PRU00210	TSP type-1 3	domain_ft
Q9VTT0	794-834	ECO:0000255|PROSITE-ProRule:PRU00210	TSP type-1 4	domain_ft
Q9VTT0	850-901	ECO:0000255|PROSITE-ProRule:PRU00210	TSP type-1 5	domain_ft
Q9VTT0	904-953	ECO:0000255|PROSITE-ProRule:PRU00210	TSP type-1 6	domain_ft
Q9VTU3	276-464	ECO:0000255|PROSITE-ProRule:PRU00172	Rho-GAP	domain_ft
Q9VTU3	91-244	ECO:0000255|PROSITE-ProRule:PRU00056	CRAL-TRIO	domain_ft
Q9VTU4	306-514	ECO:0000255|PROSITE-ProRule:PRU01185	PCI	domain_ft
Q9VTY6	32-177	ECO:0000255|PROSITE-ProRule:PRU00388	UBC core	domain_ft
Q9VTZ5	33-373	ECO:0000255|PROSITE-ProRule:PRU00741	Transferrin-like 1	domain_ft
Q9VTZ5	450-796	ECO:0000255|PROSITE-ProRule:PRU00741	Transferrin-like 2	domain_ft
Q9VU02	2-74	ECO:0000255|PROSITE-ProRule:PRU01346	Sm	domain_ft
Q9VU08	2292-2334	ECO:0000255|PROSITE-ProRule:PRU00212, ECO:0000269|PubMed:29307555	UBA	domain_ft
Q9VU08	2837-3113	ECO:0000255	SHR-BD	domain_ft
Q9VU08	4-114	ECO:0000255	Chorein N-terminal	domain_ft
Q9VU31	32-82	ECO:0000255	3'-5' exonuclease	domain_ft
Q9VU77	124-310	ECO:0000255|PROSITE-ProRule:PRU00538	JmjC	domain_ft
Q9VU84	2-133	ECO:0000255|PROSITE-ProRule:PRU00599	ADF-H	domain_ft
Q9VU84	472-531	ECO:0000255|PROSITE-ProRule:PRU00192	SH3	domain_ft
Q9VU87	1-94	ECO:0000255|PROSITE-ProRule:PRU00828	GLUE N-terminal	domain_ft
Q9VU87	111-144	ECO:0000255|PROSITE-ProRule:PRU00828	GLUE C-terminal	domain_ft
Q9VUA0	153-199	ECO:0000255|PROSITE-ProRule:PRU00092	G-patch	domain_ft
Q9VUC6	1136-1169	ECO:0000255|PROSITE-ProRule:PRU00577	DAD	domain_ft
Q9VUC6	687-1088	ECO:0000255|PROSITE-ProRule:PRU00774	FH2	domain_ft
Q9VUC6	76-559	ECO:0000255|PROSITE-ProRule:PRU00579	GBD	domain_ft
Q9VUI3	171-253	ECO:0000255|PROSITE-ProRule:PRU00072	Doublecortin 1	domain_ft
Q9VUI3	300-384	ECO:0000255|PROSITE-ProRule:PRU00072	Doublecortin 2	domain_ft
Q9VUJ0	56-122	ECO:0000255|PROSITE-ProRule:PRU01228	TGS	domain_ft
Q9VUK8	95-151	ECO:0000255|PROSITE-ProRule:PRU00531	WHEP-TRS	domain_ft
Q9VUL1	300-554	ECO:0000255|PROSITE-ProRule:PRU00605	Glutamine amidotransferase type-1	domain_ft
Q9VUN0	1111-1244	ECO:0000255|PROSITE-ProRule:PRU00204	TIR	domain_ft
Q9VUN3	7-171	ECO:0000255|PROSITE-ProRule:PRU00752	Small GTPase Ran-type	domain_ft
Q9VUQ5	608-717	ECO:0000255|PROSITE-ProRule:PRU00142	PAZ	domain_ft
Q9VUQ5	885-1186	ECO:0000255|PROSITE-ProRule:PRU00150	Piwi	domain_ft
Q9VUQ8	56-244	ECO:0000255|PROSITE-ProRule:PRU00574	DCUN1	domain_ft
Q9VUQ8	9-46		UBA-like	domain_ft
Q9VUR3	280-327		GST C-terminal	domain_ft
Q9VUR7	62-272	ECO:0000255	Phosducin	domain_ft
Q9VUT6	446-573	ECO:0000255|PROSITE-ProRule:PRU00174	Ricin B-type lectin	domain_ft
Q9VUU5	174-276	ECO:0000255	BACK	domain_ft
Q9VUU5	72-139	ECO:0000255|PROSITE-ProRule:PRU00037	BTB	domain_ft
Q9VUV9	1337-1511	ECO:0000255|PROSITE-ProRule:PRU00541	Helicase ATP-binding 2	domain_ft
Q9VUV9	1544-1752	ECO:0000255|PROSITE-ProRule:PRU00542	Helicase C-terminal 2	domain_ft
Q9VUV9	1811-2128		SEC63 2	domain_ft
Q9VUV9	490-673	ECO:0000255|PROSITE-ProRule:PRU00541	Helicase ATP-binding 1	domain_ft
Q9VUV9	684-917	ECO:0000255|PROSITE-ProRule:PRU00542	Helicase C-terminal 1	domain_ft
Q9VUV9	981-1286		SEC63 1	domain_ft
Q9VUW9	430-480	ECO:0000255|PROSITE-ProRule:PRU00067	DHHC	domain_ft
Q9VUX2	100-168	ECO:0000255|PROSITE-ProRule:PRU00749	MIB	domain_ft
Q9VUX2	237-315	ECO:0000255|PROSITE-ProRule:PRU00749	MIB	domain_ft
Q9VUY0	54-174	ECO:0000255|PROSITE-ProRule:PRU00246	DOMON	domain_ft
Q9VV73	325-408		RRM	domain_ft
Q9VV73	585-758	ECO:0000255|PROSITE-ProRule:PRU00137	NTF2	domain_ft
Q9VV73	788-841	ECO:0000269|PubMed:31219034, ECO:0000269|PubMed:31368590, ECO:0000269|PubMed:31384064, ECO:0000269|PubMed:31570835	TAP-C	domain_ft
Q9VV74	69-128	ECO:0000255	Tudor	domain_ft
Q9VV96	40-165	ECO:0000255	N-acetylmuramoyl-L-alanine amidase	domain_ft
Q9VVA0	54-121		CSD	domain_ft
Q9VVA6	168-259	ECO:0000255|PROSITE-ProRule:PRU00547	CS	domain_ft
Q9VVE5	118-195	ECO:0000255|PROSITE-ProRule:PRU00176	RRM 2	domain_ft
Q9VVE5	29-108	ECO:0000255|PROSITE-ProRule:PRU00176	RRM 1	domain_ft
Q9VVH9	593-651	ECO:0000255|PROSITE-ProRule:PRU00798	Kazal-like	domain_ft
Q9VVI2	1-71	ECO:0000255|PROSITE-ProRule:PRU01346	Sm	domain_ft
Q9VVI2	333-369	ECO:0000255|PROSITE-ProRule:PRU00845	DFDF	domain_ft
Q9VVI2	430-658	ECO:0000255|PROSITE-ProRule:PRU00719	YjeF N-terminal	domain_ft
Q9VVI3	246-279	ECO:0000255|PROSITE-ProRule:PRU00224	WW 1	domain_ft
Q9VVI3	52-175	ECO:0000255|PROSITE-ProRule:PRU00041	C2	domain_ft
Q9VVI3	529-562	ECO:0000255|PROSITE-ProRule:PRU00224	WW 2	domain_ft
Q9VVI3	580-613	ECO:0000255|PROSITE-ProRule:PRU00224	WW 3	domain_ft
Q9VVI3	672-1006	ECO:0000255|PROSITE-ProRule:PRU00104	HECT	domain_ft
Q9VVK8	150-328	ECO:0000255|PROSITE-ProRule:PRU00541	Helicase ATP-binding	domain_ft
Q9VVK8	339-503	ECO:0000255|PROSITE-ProRule:PRU00542	Helicase C-terminal	domain_ft
Q9VVR1	158-491	ECO:0000255|PROSITE-ProRule:PRU01035	USP	domain_ft
Q9VVR4	179-461	ECO:0000255|PROSITE-ProRule:PRU01098	GH16	domain_ft
Q9VVR4	21-115	ECO:0000255|PROSITE-ProRule:PRU01314	CBM39	domain_ft
Q9VVU5	298-460	ECO:0000255|PROSITE-ProRule:PRU01185	PCI	domain_ft
Q9VVV9	188-224	ECO:0000255|PROSITE-ProRule:PRU00448	EF-hand	domain_ft
Q9VVW5	214-358	ECO:0000255|PROSITE-ProRule:PRU00160	Tyrosine-protein phosphatase	domain_ft
Q9VVW5	22-149	ECO:0000255|PROSITE-ProRule:PRU00173	Rhodanese	domain_ft
Q9VVW8	14-293	ECO:0000255|HAMAP-Rule:MF_03157	YjeF C-terminal	domain_ft
Q9VVX3	59-180	ECO:0000255|PROSITE-ProRule:PRU00090	FZ	domain_ft
Q9VVY3	525-632	ECO:0000255|PROSITE-ProRule:PRU00491	CBM21	domain_ft
Q9VW15	1339-1387	ECO:0000255|PROSITE-ProRule:PRU00562	AWS	domain_ft
Q9VW15	1390-1506	ECO:0000255|PROSITE-ProRule:PRU00190	SET	domain_ft
Q9VW15	1514-1530	ECO:0000255|PROSITE-ProRule:PRU00155	Post-SET	domain_ft
Q9VW15	1681-1789	ECO:0000255|PROSITE-ProRule:PRU00035	Bromo	domain_ft
Q9VW15	1952-2072	ECO:0000255|PROSITE-ProRule:PRU00370	BAH	domain_ft
Q9VW51	827-939	ECO:0000255|PROSITE-ProRule:PRU01324	OCEL	domain_ft
Q9VW60	1110-1255	ECO:0000255|PROSITE-ProRule:PRU00099	Guanylate cyclase 2	domain_ft
Q9VW60	317-444	ECO:0000255|PROSITE-ProRule:PRU00099	Guanylate cyclase 1	domain_ft
Q9VW71	1089-1198	ECO:0000255|PROSITE-ProRule:PRU00043	Cadherin 10	domain_ft
Q9VW71	1194-1299	ECO:0000255|PROSITE-ProRule:PRU00043	Cadherin 11	domain_ft
Q9VW71	1300-1405	ECO:0000255|PROSITE-ProRule:PRU00043	Cadherin 12	domain_ft
Q9VW71	1408-1506	ECO:0000255|PROSITE-ProRule:PRU00043	Cadherin 13	domain_ft
Q9VW71	1507-1612	ECO:0000255|PROSITE-ProRule:PRU00043	Cadherin 14	domain_ft
Q9VW71	1613-1717	ECO:0000255|PROSITE-ProRule:PRU00043	Cadherin 15	domain_ft
Q9VW71	1718-1815	ECO:0000255|PROSITE-ProRule:PRU00043	Cadherin 16	domain_ft
Q9VW71	1816-1932	ECO:0000255|PROSITE-ProRule:PRU00043	Cadherin 17	domain_ft
Q9VW71	184-291	ECO:0000255|PROSITE-ProRule:PRU00043	Cadherin 2	domain_ft
Q9VW71	1933-2033	ECO:0000255|PROSITE-ProRule:PRU00043	Cadherin 18	domain_ft
Q9VW71	2034-2140	ECO:0000255|PROSITE-ProRule:PRU00043	Cadherin 19	domain_ft
Q9VW71	2141-2241	ECO:0000255|PROSITE-ProRule:PRU00043	Cadherin 20	domain_ft
Q9VW71	2242-2341	ECO:0000255|PROSITE-ProRule:PRU00043	Cadherin 21	domain_ft
Q9VW71	2342-2449	ECO:0000255|PROSITE-ProRule:PRU00043	Cadherin 22	domain_ft
Q9VW71	2450-2551	ECO:0000255|PROSITE-ProRule:PRU00043	Cadherin 23	domain_ft
Q9VW71	2552-2654	ECO:0000255|PROSITE-ProRule:PRU00043	Cadherin 24	domain_ft
Q9VW71	2655-2763	ECO:0000255|PROSITE-ProRule:PRU00043	Cadherin 25	domain_ft
Q9VW71	2764-2860	ECO:0000255|PROSITE-ProRule:PRU00043	Cadherin 26	domain_ft
Q9VW71	2861-2967	ECO:0000255|PROSITE-ProRule:PRU00043	Cadherin 27	domain_ft
Q9VW71	288-400	ECO:0000255|PROSITE-ProRule:PRU00043	Cadherin 3	domain_ft
Q9VW71	2968-3072	ECO:0000255|PROSITE-ProRule:PRU00043	Cadherin 28	domain_ft
Q9VW71	3068-3169	ECO:0000255|PROSITE-ProRule:PRU00043	Cadherin 29	domain_ft
Q9VW71	3170-3273	ECO:0000255|PROSITE-ProRule:PRU00043	Cadherin 30	domain_ft
Q9VW71	3274-3378	ECO:0000255|PROSITE-ProRule:PRU00043	Cadherin 31	domain_ft
Q9VW71	3379-3483	ECO:0000255|PROSITE-ProRule:PRU00043	Cadherin 32	domain_ft
Q9VW71	3484-3588	ECO:0000255|PROSITE-ProRule:PRU00043	Cadherin 33	domain_ft
Q9VW71	3589-3696	ECO:0000255|PROSITE-ProRule:PRU00043	Cadherin 34	domain_ft
Q9VW71	3865-3903	ECO:0000255|PROSITE-ProRule:PRU00076	EGF-like 1	domain_ft
Q9VW71	3921-4105	ECO:0000255|PROSITE-ProRule:PRU00122	Laminin G-like	domain_ft
Q9VW71	401-507	ECO:0000255|PROSITE-ProRule:PRU00043	Cadherin 4	domain_ft
Q9VW71	4113-4150	ECO:0000255|PROSITE-ProRule:PRU00076	EGF-like 2	domain_ft
Q9VW71	4152-4189	ECO:0000255|PROSITE-ProRule:PRU00076	EGF-like 3	domain_ft
Q9VW71	4190-4225	ECO:0000255|PROSITE-ProRule:PRU00076	EGF-like 4	domain_ft
Q9VW71	4227-4263	ECO:0000255|PROSITE-ProRule:PRU00076	EGF-like 5	domain_ft
Q9VW71	508-613	ECO:0000255|PROSITE-ProRule:PRU00043	Cadherin 5	domain_ft
Q9VW71	614-716	ECO:0000255|PROSITE-ProRule:PRU00043	Cadherin 6	domain_ft
Q9VW71	63-183	ECO:0000255|PROSITE-ProRule:PRU00043	Cadherin 1	domain_ft
Q9VW71	773-877	ECO:0000255|PROSITE-ProRule:PRU00043	Cadherin 7	domain_ft
Q9VW71	878-980	ECO:0000255|PROSITE-ProRule:PRU00043	Cadherin 8	domain_ft
Q9VW71	981-1088	ECO:0000255|PROSITE-ProRule:PRU00043	Cadherin 9	domain_ft
Q9VW97	160-259	ECO:0000255|PROSITE-ProRule:PRU00247	SWIRM	domain_ft
Q9VWA2	27-163	ECO:0000255|PROSITE-ProRule:PRU01083	CMP	domain_ft
Q9VWB0	816-955	ECO:0000255|PROSITE-ProRule:PRU00639	Galectin	domain_ft
Q9VWB1	47-235	ECO:0000255|PROSITE-ProRule:PRU00574	DCUN1	domain_ft
Q9VWD4	4-81	ECO:0000255|PROSITE-ProRule:PRU00176	RRM	domain_ft
Q9VWE0	124-220	ECO:0000255|PROSITE-ProRule:PRU00316	Fibronectin type-III 1	domain_ft
Q9VWE0	227-327	ECO:0000255|PROSITE-ProRule:PRU00316	Fibronectin type-III 2	domain_ft
Q9VWE0	329-431	ECO:0000255|PROSITE-ProRule:PRU00316	Fibronectin type-III 3	domain_ft
Q9VWE0	436-535	ECO:0000255|PROSITE-ProRule:PRU00316	Fibronectin type-III 4	domain_ft
Q9VWE0	537-631	ECO:0000255|PROSITE-ProRule:PRU00316	Fibronectin type-III 5	domain_ft
Q9VWE0	635-735	ECO:0000255|PROSITE-ProRule:PRU00316	Fibronectin type-III 6	domain_ft
Q9VWE0	736-836	ECO:0000255|PROSITE-ProRule:PRU00316	Fibronectin type-III 7	domain_ft
Q9VWF4	35-182	ECO:0000255|PROSITE-ProRule:PRU00160	Tyrosine-protein phosphatase	domain_ft
Q9VWP4	108-186	ECO:0000255|PROSITE-ProRule:PRU00279	Cytochrome b5 heme-binding	domain_ft
Q9VWQ2	159-435	ECO:0000255|PROSITE-ProRule:PRU00159	Protein kinase	domain_ft
Q9VWS2	187-268	ECO:0000255|PROSITE-ProRule:PRU00804	RRM Nup35-type	domain_ft
Q9VWU1	144-389	ECO:0000255|PROSITE-ProRule:PRU00274	Peptidase S1	domain_ft
Q9VWU1	29-78	ECO:0000255|PROSITE-ProRule:PRU01236	Clip	domain_ft
Q9VWW0	198-257	ECO:0000255|PROSITE-ProRule:PRU00312	KID	domain_ft
Q9VWW0	300-359	ECO:0000255|PROSITE-ProRule:PRU00978	bZIP	domain_ft
Q9VWX8	143-178	ECO:0000255|PROSITE-ProRule:PRU00448	EF-hand 4	domain_ft
Q9VWX8	29-54	ECO:0000305	EF-hand 1	domain_ft
Q9VWX8	60-95	ECO:0000255|PROSITE-ProRule:PRU00448	EF-hand 2	domain_ft
Q9VWX8	96-131	ECO:0000255|PROSITE-ProRule:PRU00448	EF-hand 3	domain_ft
Q9VWY6	16-83	ECO:0000255	Histone-fold	domain_ft
Q9VX25	14-160	ECO:0000255|PROSITE-ProRule:PRU00388	UBC core	domain_ft
Q9VX32	1349-1552	ECO:0000255|PROSITE-ProRule:PRU00172	Rho-GAP	domain_ft
Q9VX32	252-320		FF 1	domain_ft
Q9VX32	365-419		FF 2	domain_ft
Q9VX32	426-480		FF 3	domain_ft
Q9VX32	482-547		FF 4	domain_ft
Q9VX32	592-765	ECO:0000255|PROSITE-ProRule:PRU01199	pG1 pseudoGTPase	domain_ft
Q9VX32	766-926	ECO:0000255|PROSITE-ProRule:PRU01200	pG2 pseudoGTPase	domain_ft
Q9VX88	244-271	ECO:0000255|PROSITE-ProRule:PRU00224	WW	domain_ft
Q9VX98	105-172	ECO:0000255|PROSITE-ProRule:PRU00200	SUI1	domain_ft
Q9VXD1	30-173	ECO:0000255|PROSITE-ProRule:PRU00581	MARVEL	domain_ft
Q9VXE0	4-76	ECO:0000255|PROSITE-ProRule:PRU01346	Sm	domain_ft
Q9VXE5	11-24	ECO:0000255|PROSITE-ProRule:PRU00057	CRIB	domain_ft
Q9VXE5	368-619	ECO:0000255|PROSITE-ProRule:PRU00159	Protein kinase	domain_ft
Q9VXG1	79-155	ECO:0000255|PROSITE-ProRule:PRU01263	ZAD	domain_ft
Q9VXG8	1509-2066	ECO:0000255|PROSITE-ProRule:PRU00534	FAT	domain_ft
Q9VXG8	2184-2508	ECO:0000255|PROSITE-ProRule:PRU00269	PI3K	domain_ft
Q9VXG8	2485-2517	ECO:0000255|PROSITE-ProRule:PRU00534, ECO:0000255|PROSITE-ProRule:PRU00535	FATC	domain_ft
Q9VXH6	18-331	ECO:0000255|PROSITE-ProRule:PRU00239	Calpain catalytic	domain_ft
Q9VXH6	552-587	ECO:0000255|PROSITE-ProRule:PRU00448	EF-hand	domain_ft
Q9VXJ0	469-586	ECO:0000255	MaoC-like	domain_ft
Q9VXK6	254-415	ECO:0000255|PROSITE-ProRule:PRU00695	W2	domain_ft
Q9VXM0	223-262	ECO:0000255|PROSITE-ProRule:PRU00124	LDL-receptor class A 1	domain_ft
Q9VXM0	266-302	ECO:0000255|PROSITE-ProRule:PRU00124	LDL-receptor class A 2	domain_ft
Q9VXM0	305-341	ECO:0000255|PROSITE-ProRule:PRU00124	LDL-receptor class A 3	domain_ft
Q9VXM0	346-391	ECO:0000255|PROSITE-ProRule:PRU00124	LDL-receptor class A 4	domain_ft
Q9VXM0	396-432	ECO:0000255|PROSITE-ProRule:PRU00124	LDL-receptor class A 5	domain_ft
Q9VXM0	441-477	ECO:0000255|PROSITE-ProRule:PRU00124	LDL-receptor class A 6	domain_ft
Q9VXM0	479-522	ECO:0000255|PROSITE-ProRule:PRU00124	LDL-receptor class A 7	domain_ft
Q9VXM0	564-605	ECO:0000255|PROSITE-ProRule:PRU00076	EGF-like; calcium-binding	domain_ft
Q9VXN9	198-324	ECO:0000255	N-acetylmuramoyl-L-alanine amidase	domain_ft
Q9VXT2	31-99	ECO:0000255|PROSITE-ProRule:PRU00286	J	domain_ft
Q9VXY2	1490-1565		Death	domain_ft
Q9VXY2	25-352	ECO:0000255|PROSITE-ProRule:PRU00304	uDENN	domain_ft
Q9VXY2	373-514	ECO:0000255|PROSITE-ProRule:PRU00304	cDENN	domain_ft
Q9VXY2	516-678	ECO:0000255|PROSITE-ProRule:PRU00304	dDENN	domain_ft
Q9VY77	514-575	ECO:0000255|PROSITE-ProRule:PRU00125	LIM zinc-binding 1	domain_ft
Q9VY77	579-639	ECO:0000255|PROSITE-ProRule:PRU00125	LIM zinc-binding 2	domain_ft
Q9VY77	640-708	ECO:0000255|PROSITE-ProRule:PRU00125	LIM zinc-binding 3	domain_ft
Q9VY86	157-205	ECO:0000255	TM2	domain_ft
Q9VY99	872-1143	ECO:0000255|PROSITE-ProRule:PRU01379	Peptidase M14	domain_ft
Q9VYA0	5-275	ECO:0000255|PROSITE-ProRule:PRU00054	CN hydrolase	domain_ft
Q9VYD1	1307-1360	ECO:0000255|PROSITE-ProRule:PRU00562	AWS	domain_ft
Q9VYD1	1362-1479	ECO:0000255|PROSITE-ProRule:PRU00190	SET	domain_ft
Q9VYD1	1486-1502	ECO:0000255|PROSITE-ProRule:PRU00155	Post-SET	domain_ft
Q9VYD1	1963-1996	ECO:0000255|PROSITE-ProRule:PRU00224	WW	domain_ft
Q9VYG2	291-368	ECO:0000255|PROSITE-ProRule:PRU01273	SWIB	domain_ft
Q9VYM3	434-560	ECO:0000255|PROSITE-ProRule:PRU00713	C2 B9-type	domain_ft
Q9VYN8	582-618	ECO:0000255|PROSITE-ProRule:PRU00076	EGF-like 1	domain_ft
Q9VYN8	620-652	ECO:0000255|PROSITE-ProRule:PRU00076	EGF-like 2	domain_ft
Q9VYN8	689-722	ECO:0000255|PROSITE-ProRule:PRU00076	EGF-like 3	domain_ft
Q9VYN8	784-819	ECO:0000255|PROSITE-ProRule:PRU00076	EGF-like 4	domain_ft
Q9VYQ8	101-222	ECO:0000255|PROSITE-ProRule:PRU00129	MATH	domain_ft
Q9VYQ8	241-548		USP	domain_ft
Q9VYR0	86-184	ECO:0000255|PROSITE-ProRule:PRU01345	AD	domain_ft
Q9VYR0	9-78	ECO:0000255|PROSITE-ProRule:PRU01346	Sm	domain_ft
Q9VYS3	92-249	ECO:0000255|PROSITE-ProRule:PRU01341	Upf1 CH-rich	domain_ft
Q9VYS4	1211-1272		PAP-associated	domain_ft
Q9VYV3	150-272	ECO:0000255|PROSITE-ProRule:PRU00691	Thioredoxin 2	domain_ft
Q9VYV3	26-145	ECO:0000255|PROSITE-ProRule:PRU00691	Thioredoxin 1	domain_ft
Q9VYV3	293-412	ECO:0000255|PROSITE-ProRule:PRU00691	Thioredoxin 3	domain_ft
Q9VYV5	255-539	ECO:0000255|PROSITE-ProRule:PRU00992	GT23	domain_ft
Q9VYV5	548-609	ECO:0000255|PROSITE-ProRule:PRU00192	SH3	domain_ft
Q9VYV9	161-225	ECO:0000255|PROSITE-ProRule:PRU00602	COMM	domain_ft
Q9VYX7	59-186	ECO:0000255	N-acetylmuramoyl-L-alanine amidase	domain_ft
Q9VYY9	116-300	ECO:0000255|PROSITE-ProRule:PRU00163	Rab-GAP TBC	domain_ft
Q9VZ08	157-392	ECO:0000255|PROSITE-ProRule:PRU00167	Ras-GAP	domain_ft
Q9VZ08	1573-1712	ECO:0000255|PROSITE-ProRule:PRU00550	VPS9	domain_ft
Q9VZ23	7-171	ECO:0000255|PROSITE-ProRule:PRU00752	Small GTPase Ran-type	domain_ft
Q9VZ49	329-592	ECO:0000255|PROSITE-ProRule:PRU01304	EndoU	domain_ft
Q9VZD2	1-238	ECO:0000255|PROSITE-ProRule:PRU00848	Bin3-type SAM	domain_ft
Q9VZD8	154-260	ECO:0000255|PROSITE-ProRule:PRU00529	THUMP	domain_ft
Q9VZE6	50-241	ECO:0000255|PROSITE-ProRule:PRU00034	Brix	domain_ft
Q9VZF4	889-935	ECO:0000255|PROSITE-ProRule:PRU00080	F-box	domain_ft
Q9VZI2	1029-1072	ECO:0000255|PROSITE-ProRule:PRU00212	UBA	domain_ft
Q9VZI2	123-383	ECO:0000255|PROSITE-ProRule:PRU00159	Protein kinase	domain_ft
Q9VZI2	386-446	ECO:0000255|PROSITE-ProRule:PRU00192	SH3	domain_ft
Q9VZI3	274-602		FERM	domain_ft
Q9VZI3	400-508	ECO:0000255|PROSITE-ProRule:PRU00145	PH	domain_ft
Q9VZQ1	254-391	ECO:0000255|PROSITE-ProRule:PRU00225	YTH	domain_ft
Q9VZX1	291-384	ECO:0000255	Spaetzle	domain_ft
Q9VZZ4	1463-1524	ECO:0000255|PROSITE-ProRule:PRU00220	VWFC	domain_ft
Q9VZZ4	236-322	ECO:0000255|PROSITE-ProRule:PRU00114	Ig-like C2-type 1	domain_ft
Q9VZZ4	24-53		LRRNT	domain_ft
Q9VZZ4	365-453	ECO:0000255|PROSITE-ProRule:PRU00114	Ig-like C2-type 2	domain_ft
Q9VZZ4	458-545	ECO:0000255|PROSITE-ProRule:PRU00114	Ig-like C2-type 3	domain_ft
Q9VZZ4	553-643	ECO:0000255|PROSITE-ProRule:PRU00114	Ig-like C2-type 4	domain_ft
Q9VZZ9	3-113	ECO:0000255|PROSITE-ProRule:PRU00145	PH	domain_ft
Q9W020	352-553	ECO:0000255|PROSITE-ProRule:PRU00698	MIF4G	domain_ft
Q9W020	650-764	ECO:0000255|PROSITE-ProRule:PRU00698	MI	domain_ft
Q9W060	2686-2784	ECO:0000255|PROSITE-ProRule:PRU01119	BEACH-type PH	domain_ft
Q9W060	2784-3081	ECO:0000255|PROSITE-ProRule:PRU00026	BEACH	domain_ft
Q9W074	245-468	ECO:0000255|PROSITE-ProRule:PRU01059	tr-type G	domain_ft
Q9W092	41-432	ECO:0000255|PROSITE-ProRule:PRU01258	GH18	domain_ft
Q9W0A0	137-172	ECO:0000255|PROSITE-ProRule:PRU00076	EGF-like 2	domain_ft
Q9W0A0	180-215	ECO:0000255|PROSITE-ProRule:PRU00076	EGF-like 3	domain_ft
Q9W0A0	223-258	ECO:0000255|PROSITE-ProRule:PRU00076	EGF-like 4	domain_ft
Q9W0A0	25-100	ECO:0000255|PROSITE-ProRule:PRU00384	EMI	domain_ft
Q9W0A0	266-301	ECO:0000255|PROSITE-ProRule:PRU00076	EGF-like 5	domain_ft
Q9W0A0	309-344	ECO:0000255|PROSITE-ProRule:PRU00076	EGF-like 6	domain_ft
Q9W0A0	398-433	ECO:0000255|PROSITE-ProRule:PRU00076	EGF-like 7	domain_ft
Q9W0A0	484-519	ECO:0000255|PROSITE-ProRule:PRU00076	EGF-like 8	domain_ft
Q9W0A0	572-607	ECO:0000255|PROSITE-ProRule:PRU00076	EGF-like 9	domain_ft
Q9W0A0	660-695	ECO:0000255|PROSITE-ProRule:PRU00076	EGF-like 10	domain_ft
Q9W0A0	99-129	ECO:0000255|PROSITE-ProRule:PRU00076	EGF-like 1	domain_ft
Q9W0C1	41-101	ECO:0000255|PROSITE-ProRule:PRU00290	v-SNARE coiled-coil homology	domain_ft
Q9W0G1	33-296	ECO:0000255|PROSITE-ProRule:PRU00160	Tyrosine-protein phosphatase	domain_ft
Q9W0I6	121-451	ECO:0000255|PROSITE-ProRule:PRU00183	SAC	domain_ft
Q9W0K0	271-332	ECO:0000255|PROSITE-ProRule:PRU00192	SH3	domain_ft
Q9W0K0	344-479	ECO:0000255|PROSITE-ProRule:PRU00148	PID	domain_ft
Q9W0K4	223-288	ECO:0000255|PROSITE-ProRule:PRU00037, ECO:0000305	BTB	domain_ft
Q9W0K4	635-687	ECO:0000255|PROSITE-ProRule:PRU00320	HTH psq-type	domain_ft
Q9W0K7	127-192	ECO:0000255|PROSITE-ProRule:PRU00037, ECO:0000305	BTB	domain_ft
Q9W0K7	559-611	ECO:0000255|PROSITE-ProRule:PRU00320	HTH psq-type	domain_ft
Q9W0M3	255-401	ECO:0000255|PROSITE-ProRule:PRU00538	JmjC	domain_ft
Q9W0P2	275-505	ECO:0000255|PROSITE-ProRule:PRU00216	UmuC	domain_ft
Q9W0P2	35-121	ECO:0000255|PROSITE-ProRule:PRU00033	BRCT	domain_ft
Q9W0P2	764-801	ECO:0000255|PROSITE-ProRule:PRU01409	UBM	domain_ft
Q9W0S3	205-348	ECO:0000255|PROSITE-ProRule:PRU00336	FCP1 homology	domain_ft
Q9W0S7	195-333	ECO:0000255|PROSITE-ProRule:PRU00272	TNase-like 2	domain_ft
Q9W0S7	23-167	ECO:0000255|PROSITE-ProRule:PRU00272	TNase-like 1	domain_ft
Q9W0S7	346-505	ECO:0000255|PROSITE-ProRule:PRU00272	TNase-like 3	domain_ft
Q9W0S7	535-674	ECO:0000255|PROSITE-ProRule:PRU00272	TNase-like 4	domain_ft
Q9W0S7	749-807	ECO:0000255|PROSITE-ProRule:PRU00211	Tudor	domain_ft
Q9W0S9	3-110	ECO:0000255|PROSITE-ProRule:PRU01260	DMAP1-binding	domain_ft
Q9W0T1	188-248	ECO:0000255|PROSITE-ProRule:PRU00063	DDT	domain_ft
Q9W0T1	2556-2660	ECO:0000255|PROSITE-ProRule:PRU00035	Bromo	domain_ft
Q9W0V1	246-571	ECO:0000255|PROSITE-ProRule:PRU00159	Protein kinase	domain_ft
Q9W0Y8	2441-2470	ECO:0000255|PROSITE-ProRule:PRU00116	IQ	domain_ft
Q9W123	215-289	ECO:0000255|PROSITE-ProRule:PRU00176	RRM	domain_ft
Q9W133	149-468	ECO:0000255|PROSITE-ProRule:PRU00159	Protein kinase	domain_ft
Q9W145	263-573	ECO:0000255|PROSITE-ProRule:PRU00197	START	domain_ft
Q9W145	56-227	ECO:0000255|PROSITE-ProRule:PRU00770	MENTAL	domain_ft
Q9W1A4	79-146	ECO:0000255	PUB	domain_ft
Q9W1B0	100-369	ECO:0000255|PROSITE-ProRule:PRU00159	Protein kinase	domain_ft
Q9W1B0	1059-1177	ECO:0000255|PROSITE-ProRule:PRU00145	PH	domain_ft
Q9W1B0	1203-1489	ECO:0000255|PROSITE-ProRule:PRU00795	CNH	domain_ft
Q9W1B0	1546-1559	ECO:0000255|PROSITE-ProRule:PRU00057	CRIB	domain_ft
Q9W1B0	370-440	ECO:0000255|PROSITE-ProRule:PRU00618	AGC-kinase C-terminal	domain_ft
Q9W1I9	103-192	ECO:0000255|PROSITE-ProRule:PRU00277	PPIase FKBP-type	domain_ft
Q9W1U4	187-521	ECO:0000255|PROSITE-ProRule:PRU00283	Kinesin motor	domain_ft
Q9W1V1	14-357	ECO:0000255|PROSITE-ProRule:PRU01015	SAM-dependent MTase PRMT-type 1	domain_ft
Q9W1V1	366-690	ECO:0000255|PROSITE-ProRule:PRU01015	SAM-dependent MTase PRMT-type 2	domain_ft
Q9W1W9	73-171		PA	domain_ft
Q9W1X9	1-110		OCIA	domain_ft
Q9W1Y1	4-140	ECO:0000255|PROSITE-ProRule:PRU01182	MPN	domain_ft
Q9W252	645-741	ECO:0000255|PROSITE-ProRule:PRU00471	Zinc-hook	domain_ft
Q9W261	428-559	ECO:0000255|PROSITE-ProRule:PRU00693	Plus3	domain_ft
Q9W266	184-216	ECO:0000255	LRRCT	domain_ft
Q9W2D9	46-208	ECO:0000255|PROSITE-ProRule:PRU01185	PCI	domain_ft
Q9W2F2	912-944	ECO:0000255|PROSITE-ProRule:PRU00126	LisH	domain_ft
Q9W2H1	94-137	ECO:0000255	TM2	domain_ft
Q9W2I4	137-278	ECO:0000255|PROSITE-ProRule:PRU00851	SGF29 C-terminal	domain_ft
Q9W2Q5	105-140	ECO:0000255|PROSITE-ProRule:PRU00448	EF-hand 2	domain_ft
Q9W2Q5	146-181	ECO:0000255|PROSITE-ProRule:PRU00448	EF-hand 3	domain_ft
Q9W2Q5	68-103	ECO:0000255|PROSITE-ProRule:PRU00448	EF-hand 1	domain_ft
Q9W2R3	155-573	ECO:0000255|PROSITE-ProRule:PRU00781	PIPK	domain_ft
Q9W2S3	151-247	ECO:0000255	BACK	domain_ft
Q9W2S3	46-112	ECO:0000255|PROSITE-ProRule:PRU00037	BTB	domain_ft
Q9W2X7	14-111	ECO:0000255|PROSITE-ProRule:PRU01128	Yippee	domain_ft
Q9W2Y3	11-218	ECO:0000255|HAMAP-Rule:MF_03159	YjeF N-terminal	domain_ft
Q9W303	25-442	ECO:0000255|PROSITE-ProRule:PRU01258	GH18	domain_ft
Q9W332	1100-1212	ECO:0000255|PROSITE-ProRule:PRU00059	CUB 6	domain_ft
Q9W332	1216-1331	ECO:0000255|PROSITE-ProRule:PRU00059	CUB 7	domain_ft
Q9W332	1332-1434	ECO:0000255|PROSITE-ProRule:PRU00059	CUB 8	domain_ft
Q9W332	1439-1550	ECO:0000255|PROSITE-ProRule:PRU00059	CUB 9	domain_ft
Q9W332	154-190	ECO:0000255|PROSITE-ProRule:PRU00076	EGF-like 1	domain_ft
Q9W332	1554-1670	ECO:0000255|PROSITE-ProRule:PRU00059	CUB 10	domain_ft
Q9W332	1671-1788	ECO:0000255|PROSITE-ProRule:PRU00059	CUB 11	domain_ft
Q9W332	1792-1902	ECO:0000255|PROSITE-ProRule:PRU00059	CUB 12	domain_ft
Q9W332	1903-2001	ECO:0000255|PROSITE-ProRule:PRU00059	CUB 13	domain_ft
Q9W332	192-233	ECO:0000255|PROSITE-ProRule:PRU00076	EGF-like 2; calcium-binding	domain_ft
Q9W332	2019-2139	ECO:0000255|PROSITE-ProRule:PRU00059	CUB 14	domain_ft
Q9W332	2140-2256	ECO:0000255|PROSITE-ProRule:PRU00059	CUB 15	domain_ft
Q9W332	2262-2383	ECO:0000255|PROSITE-ProRule:PRU00059	CUB 16	domain_ft
Q9W332	2385-2512	ECO:0000255|PROSITE-ProRule:PRU00059	CUB 17	domain_ft
Q9W332	2516-2646	ECO:0000255|PROSITE-ProRule:PRU00059	CUB 18	domain_ft
Q9W332	2761-2895	ECO:0000255|PROSITE-ProRule:PRU00059	CUB 19	domain_ft
Q9W332	282-308	ECO:0000255|PROSITE-ProRule:PRU00076	EGF-like 3; calcium-binding	domain_ft
Q9W332	2898-3010	ECO:0000255|PROSITE-ProRule:PRU00059	CUB 20	domain_ft
Q9W332	3011-3128	ECO:0000255|PROSITE-ProRule:PRU00059	CUB 21	domain_ft
Q9W332	3130-3246	ECO:0000255|PROSITE-ProRule:PRU00059	CUB 22	domain_ft
Q9W332	324-352	ECO:0000255|PROSITE-ProRule:PRU00076	EGF-like 4; calcium-binding	domain_ft
Q9W332	3249-3364	ECO:0000255|PROSITE-ProRule:PRU00059	CUB 23	domain_ft
Q9W332	3368-3512	ECO:0000255|PROSITE-ProRule:PRU00059	CUB 24	domain_ft
Q9W332	3522-3615	ECO:0000255|PROSITE-ProRule:PRU00059	CUB 25	domain_ft
Q9W332	3623-3736	ECO:0000255|PROSITE-ProRule:PRU00059	CUB 26	domain_ft
Q9W332	426-463	ECO:0000255|PROSITE-ProRule:PRU00076	EGF-like 5	domain_ft
Q9W332	465-503	ECO:0000255|PROSITE-ProRule:PRU00076	EGF-like 6	domain_ft
Q9W332	509-623	ECO:0000255|PROSITE-ProRule:PRU00059	CUB 1	domain_ft
Q9W332	627-738	ECO:0000255|PROSITE-ProRule:PRU00059	CUB 2	domain_ft
Q9W332	744-852	ECO:0000255|PROSITE-ProRule:PRU00059	CUB 3	domain_ft
Q9W332	853-971	ECO:0000255|PROSITE-ProRule:PRU00059	CUB 4	domain_ft
Q9W332	978-1095	ECO:0000255|PROSITE-ProRule:PRU00059	CUB 5	domain_ft
Q9W345	99-149	ECO:0000255|PROSITE-ProRule:PRU00067	DHHC	domain_ft
Q9W349	275-403	ECO:0000255|PROSITE-ProRule:PRU00399	Runt	domain_ft
Q9W354	25-319	ECO:0000255|PROSITE-ProRule:PRU00159	Protein kinase	domain_ft
Q9W376	61-146		Cytochrome b5 heme-binding	domain_ft
Q9W3C1	531-713	ECO:0000255|HAMAP-Rule:MF_03211	N-acetyltransferase	domain_ft
Q9W3D3	187-364	ECO:0000255|PROSITE-ProRule:PRU00304	uDENN	domain_ft
Q9W3D3	385-521	ECO:0000255|PROSITE-ProRule:PRU00304	cDENN	domain_ft
Q9W3D3	39-195	ECO:0000255|PROSITE-ProRule:PRU00831	MABP	domain_ft
Q9W3D3	523-632	ECO:0000255|PROSITE-ProRule:PRU00304	dDENN	domain_ft
Q9W3U1	133-364	ECO:0000255|PROSITE-ProRule:PRU00190	SET	domain_ft
Q9W3W5	119-261	ECO:0000255|PROSITE-ProRule:PRU00222	WIF	domain_ft
Q9W3W5	279-311	ECO:0000255|PROSITE-ProRule:PRU00076	EGF-like 1	domain_ft
Q9W3W5	315-342	ECO:0000255|PROSITE-ProRule:PRU00076	EGF-like 2	domain_ft
Q9W3W5	343-375	ECO:0000255|PROSITE-ProRule:PRU00076	EGF-like 3	domain_ft
Q9W3W5	376-407	ECO:0000255|PROSITE-ProRule:PRU00076	EGF-like 4	domain_ft
Q9W3W5	412-441	ECO:0000255|PROSITE-ProRule:PRU00076	EGF-like 5	domain_ft
Q9W3Y1	127-644	ECO:0000255|PROSITE-ProRule:PRU00159	Protein kinase	domain_ft
Q9W3Y4	20-159	ECO:0000255|PROSITE-ProRule:PRU00044	Calponin-homology (CH)	domain_ft
Q9W3Y4	252-324	ECO:0000255|PROSITE-ProRule:PRU00792	GAR	domain_ft
Q9W3Y5	361-534	ECO:0000255|PROSITE-ProRule:PRU00541	Helicase ATP-binding	domain_ft
Q9W3Y5	561-719	ECO:0000255|PROSITE-ProRule:PRU00542	Helicase C-terminal	domain_ft
Q9W413	291-525	ECO:0000255	PRORP	domain_ft
Q9W420	1217-1286	ECO:0000255|PROSITE-ProRule:PRU00180	S1 motif	domain_ft
Q9W420	1329-1440		SH2	domain_ft
Q9W422	36-214	ECO:0000255|PROSITE-ProRule:PRU00331	Josephin	domain_ft
Q9W436	172-849	ECO:0000255|PROSITE-ProRule:PRU01233	Peptidase M13	domain_ft
Q9W445	93-172	ECO:0000255|PROSITE-ProRule:PRU00161	PUA	domain_ft
Q9W462	39-550		USP	domain_ft
Q9W484	7-303	ECO:0000255|HAMAP-Rule:MF_03065	Helicase ATP-binding	domain_ft
Q9W485	3-134	ECO:0000255|PROSITE-ProRule:PRU00219	VWFA	domain_ft
Q9W4D2	724-801	ECO:0000255|PROSITE-ProRule:PRU00176	RRM	domain_ft
Q9W4E2	2666-2774	ECO:0000255|PROSITE-ProRule:PRU01119	BEACH-type PH	domain_ft
Q9W4E2	2793-3082	ECO:0000255|PROSITE-ProRule:PRU00026	BEACH	domain_ft
Q9W4N2	171-384	ECO:0000255|PROSITE-ProRule:PRU00945	RrmJ-type SAM-dependent 2'-O-MTase	domain_ft
Q9W4N2	25-71	ECO:0000255|PROSITE-ProRule:PRU00092	G-patch	domain_ft
Q9W4S1	423-528	ECO:0000255|PROSITE-ProRule:PRU00686	Glutaredoxin	domain_ft
Q9W4S7	625-677	ECO:0000255|PROSITE-ProRule:PRU00981	bHLH	domain_ft
Q9W4S9	569-898	ECO:0000255|PROSITE-ProRule:PRU01192	PDEase	domain_ft
Q9W4T4	795-1124	ECO:0000255|PROSITE-ProRule:PRU01192	PDEase	domain_ft
Q9W4V8	224-367	ECO:0000255|PROSITE-ProRule:PRU00336	FCP1 homology	domain_ft
Q9W4X7	188-266	ECO:0000255|HAMAP-Rule:MF_03006	RRM	domain_ft
Q9W517	1140-1648	ECO:0000255|PROSITE-ProRule:PRU00603	WAPL	domain_ft
Q9W539	1250-1518	ECO:0000255|PROSITE-ProRule:PRU01189	NR LBD	domain_ft
Q9W568	361-416		LRRNT	domain_ft
Q9W568	505-554		LRRCT	domain_ft
Q9W590	165-395	ECO:0000255|PROSITE-ProRule:PRU01058	CP-type G	domain_ft
Q9W5D0	1017-1124	ECO:0000255|PROSITE-ProRule:PRU00145	PH 2	domain_ft
Q9W5D0	1159-1378	ECO:0000255|PROSITE-ProRule:PRU00359	MyTH4	domain_ft
Q9W5D0	1389-1712	ECO:0000255|PROSITE-ProRule:PRU00084	FERM	domain_ft
Q9W5D0	909-1003	ECO:0000255|PROSITE-ProRule:PRU00145	PH 1	domain_ft
Q9W5D4	318-374	ECO:0000255|PROSITE-ProRule:PRU00131	MIR 1	domain_ft
Q9W5D4	384-440	ECO:0000255|PROSITE-ProRule:PRU00131	MIR 2	domain_ft
Q9W5D4	445-501	ECO:0000255|PROSITE-ProRule:PRU00131	MIR 3	domain_ft
Q9W5E0	255-366	ECO:0000255|PROSITE-ProRule:PRU00190	SET	domain_ft
Q9W5U2	1409-1777	ECO:0000255|PROSITE-ProRule:PRU01258	GH18 3	domain_ft
Q9W5U2	1826-1878	ECO:0000255|PROSITE-ProRule:PRU00144	Chitin-binding type-2 4	domain_ft
Q9W5U2	1908-2277	ECO:0000255|PROSITE-ProRule:PRU01258	GH18 4	domain_ft
Q9W5U2	219-589	ECO:0000255|PROSITE-ProRule:PRU01258	GH18 1	domain_ft
Q9W5U2	689-744	ECO:0000255|PROSITE-ProRule:PRU00144	Chitin-binding type-2 1	domain_ft
Q9W5U2	797-850	ECO:0000255|PROSITE-ProRule:PRU00144	Chitin-binding type-2 2	domain_ft
Q9W5U2	866-920	ECO:0000255|PROSITE-ProRule:PRU00144	Chitin-binding type-2 3	domain_ft
Q9W5U2	965-1334	ECO:0000255|PROSITE-ProRule:PRU01258	GH18 2	domain_ft
Q9W5X9	2-193	ECO:0000255|HAMAP-Rule:MF_03130	N-acetyltransferase	domain_ft
Q9W5Y0	102-786	ECO:0000255|PROSITE-ProRule:PRU01233	Peptidase M13	domain_ft
Q9XTN2	122-236	ECO:0000255|PROSITE-ProRule:PRU00389	IRS-type PTB	domain_ft
Q9XTN2	8-109	ECO:0000255|PROSITE-ProRule:PRU00145, ECO:0000305	PH	domain_ft
Q9XYF4	64-109	ECO:0000255	CARD	domain_ft
Q9XYM0	106-166	ECO:0000255|PROSITE-ProRule:PRU00192	SH3 1	domain_ft
Q9XYM0	12-104	ECO:0000255|PROSITE-ProRule:PRU00191	SH2	domain_ft
Q9XYM0	199-260	ECO:0000255|PROSITE-ProRule:PRU00192	SH3 2	domain_ft
Q9XYU0	312-647	ECO:0000255|PROSITE-ProRule:PRU01410	MCM C-terminal AAA(+) ATPase	domain_ft
Q9XYU1	273-653	ECO:0000255|PROSITE-ProRule:PRU01410	MCM C-terminal AAA(+) ATPase	domain_ft
Q9XZ14	162-878	ECO:0000255|PROSITE-ProRule:PRU01233	Peptidase M13	domain_ft
Q9XZ16	136-296	ECO:0000255|PROSITE-ProRule:PRU00336	FCP1 homology	domain_ft
Q9XZ16	6-77	ECO:0000255|PROSITE-ProRule:PRU00214	Ubiquitin-like	domain_ft
Q9XZ58	52-189	ECO:0000255|PROSITE-ProRule:PRU01182	MPN	domain_ft
Q9XZF0	13-110	ECO:0000255|PROSITE-ProRule:PRU01128	Yippee	domain_ft
Q9XZS8	205-268	ECO:0000255|PROSITE-ProRule:PRU00978	bZIP	domain_ft
Q9XZU1	29-105	ECO:0000255|PROSITE-ProRule:PRU00115	Importin N-terminal	domain_ft
Q9Y0A7	138-190	ECO:0000255|PROSITE-ProRule:PRU00981	bHLH	domain_ft
Q9Y0E4	2207-2262	ECO:0000255|PROSITE-ProRule:PRU00385	KASH	domain_ft
Q9Y0H4	30-146	ECO:0000255|PROSITE-ProRule:PRU00041	C2	domain_ft
Q9Y0H4	363-396	ECO:0000255|PROSITE-ProRule:PRU00224	WW 1	domain_ft
Q9Y0H4	395-428	ECO:0000255|PROSITE-ProRule:PRU00224	WW 2	domain_ft
Q9Y0H4	477-510	ECO:0000255|PROSITE-ProRule:PRU00224	WW 3	domain_ft
Q9Y0H4	521-554	ECO:0000255|PROSITE-ProRule:PRU00224	WW 4	domain_ft
Q9Y0H4	615-949	ECO:0000255|PROSITE-ProRule:PRU00104	HECT	domain_ft
Q9Y0I1	23-73	ECO:0000255	Tudor-knot	domain_ft
Q9Y0I1	252-424	ECO:0000255|PROSITE-ProRule:PRU00972	MRG	domain_ft
Q9Y0Y6	109-375	ECO:0000255|PROSITE-ProRule:PRU00159	Protein kinase	domain_ft
Q9Y103	167-213	ECO:0000255|PROSITE-ProRule:PRU00092	G-patch	domain_ft
Q9Y117	513-661	ECO:0000255|PROSITE-ProRule:PRU00174	Ricin B-type lectin	domain_ft
X2JAU8	11-289	ECO:0000255|PROSITE-ProRule:PRU01077	F-BAR	domain_ft
X2JAU8	542-603	ECO:0000255|PROSITE-ProRule:PRU00192	SH3 1	domain_ft
X2JAU8	658-721	ECO:0000255|PROSITE-ProRule:PRU00192	SH3 2	domain_ft
X2JDY8	271-388	ECO:0000255|PROSITE-ProRule:PRU00145	PH	domain_ft
X2JDY8	402-589	ECO:0000255|PROSITE-ProRule:PRU00172	Rho-GAP	domain_ft
X2JDY8	963-1023	ECO:0000255|PROSITE-ProRule:PRU00192	SH3	domain_ft
