entry	pos	evidence	ligand	ligand_id	ligand_label	ligand_note	ligand_part	ligand_part_id	ligand_part_note	note	origin
A0A0B4K692	609	ECO:0000255|PROSITE-ProRule:PRU01233, ECO:0000255|PROSITE-ProRule:PRU10095	Zn(2+)	ChEBI:CHEBI:29105		catalytic					binding_site
A0A0B4K692	613	ECO:0000255|PROSITE-ProRule:PRU01233, ECO:0000255|PROSITE-ProRule:PRU10095	Zn(2+)	ChEBI:CHEBI:29105		catalytic					binding_site
A0A0B4K692	671	ECO:0000255|PROSITE-ProRule:PRU01233	Zn(2+)	ChEBI:CHEBI:29105		catalytic					binding_site
A0A0B4LFY9	157	ECO:0000250|UniProtKB:P0DV10	3',2'-cGAMP	ChEBI:CHEBI:177334							binding_site
A0A0B4LFY9	232	ECO:0000250|UniProtKB:P0DV10	3',2'-cGAMP	ChEBI:CHEBI:177334							binding_site
A0A0B4LFY9	235	ECO:0000250|UniProtKB:P0DV10	3',2'-cGAMP	ChEBI:CHEBI:177334							binding_site
A0A0B4LFY9	255	ECO:0000250|UniProtKB:P0DV10	3',2'-cGAMP	ChEBI:CHEBI:177334							binding_site
A0A0B4LFY9	258	ECO:0000250|UniProtKB:P0DV10	3',2'-cGAMP	ChEBI:CHEBI:177334							binding_site
A0A0B4LFY9	262	ECO:0000250|UniProtKB:P0DV10	3',2'-cGAMP	ChEBI:CHEBI:177334							binding_site
A0A0B7P9G0	604-656	ECO:0000255|PROSITE-ProRule:PRU00060	a nucleoside 3',5'-cyclic phosphate	ChEBI:CHEBI:58464							binding_site
A0A126GUP6	201	ECO:0000250|UniProtKB:O97366	Ca(2+)	ChEBI:CHEBI:29108							binding_site
A0A126GUP6	203	ECO:0000250|UniProtKB:O97366	Ca(2+)	ChEBI:CHEBI:29108							binding_site
A0A126GUP6	206	ECO:0000250|UniProtKB:O97366	Ca(2+)	ChEBI:CHEBI:29108							binding_site
A0A126GUP6	209	ECO:0000250|UniProtKB:O97366	Ca(2+)	ChEBI:CHEBI:29108							binding_site
A1Z7K9	1039	ECO:0000255|HAMAP-Rule:MF_03182	a divalent metal cation	ChEBI:CHEBI:60240		catalytic					binding_site
A1Z7K9	1041	ECO:0000255|HAMAP-Rule:MF_03182	a divalent metal cation	ChEBI:CHEBI:60240		catalytic					binding_site
A1Z7K9	1148	ECO:0000255|HAMAP-Rule:MF_03182	a divalent metal cation	ChEBI:CHEBI:60240		catalytic					binding_site
A1Z7K9	1200	ECO:0000255|HAMAP-Rule:MF_03182	a divalent metal cation	ChEBI:CHEBI:60240		catalytic					binding_site
A1Z7L8	330-338	ECO:0000255|PROSITE-ProRule:PRU00159	ATP	ChEBI:CHEBI:30616							binding_site
A1Z7L8	351	ECO:0000255|PROSITE-ProRule:PRU00159	ATP	ChEBI:CHEBI:30616							binding_site
A1Z7T0	869-877	ECO:0000255|PROSITE-ProRule:PRU00159	ATP	ChEBI:CHEBI:30616							binding_site
A1Z7T0	892	ECO:0000255|PROSITE-ProRule:PRU00159	ATP	ChEBI:CHEBI:30616							binding_site
A1Z830	296	ECO:0000250|UniProtKB:Q5T280	S-adenosyl-L-methionine	ChEBI:CHEBI:59789							binding_site
A1Z830	318	ECO:0000250|UniProtKB:Q5T280	S-adenosyl-L-methionine	ChEBI:CHEBI:59789							binding_site
A1Z830	347	ECO:0000250|UniProtKB:Q5T280	S-adenosyl-L-methionine	ChEBI:CHEBI:59789							binding_site
A1Z9A2	33	ECO:0000250|UniProtKB:Q9NWV4	Zn(2+)	ChEBI:CHEBI:29105							binding_site
A1Z9A2	36	ECO:0000250|UniProtKB:Q9NWV4	Zn(2+)	ChEBI:CHEBI:29105							binding_site
A1Z9A2	68	ECO:0000250|UniProtKB:Q9NWV4	Zn(2+)	ChEBI:CHEBI:29105							binding_site
A1Z9A2	71	ECO:0000250|UniProtKB:Q9NWV4	Zn(2+)	ChEBI:CHEBI:29105							binding_site
A1Z9L3	609-616	ECO:0000255|PROSITE-ProRule:PRU00541	ATP	ChEBI:CHEBI:30616							binding_site
A1Z9X0	270-278	ECO:0000255|PROSITE-ProRule:PRU00159	ATP	ChEBI:CHEBI:30616							binding_site
A1Z9X0	293	ECO:0000255|PROSITE-ProRule:PRU00159	ATP	ChEBI:CHEBI:30616							binding_site
A1ZA55	187	ECO:0000250|UniProtKB:Q8N884	GTP;Mg(2+)	ChEBI:CHEBI:37565;ChEBI:CHEBI:18420		catalytic					binding_site
A1ZA55	233-240	ECO:0000250|UniProtKB:Q8N884	GTP	ChEBI:CHEBI:37565							binding_site
A1ZA55	237-240	ECO:0000250|UniProtKB:Q8N884	ATP	ChEBI:CHEBI:30616							binding_site
A1ZA55	258	ECO:0000250|UniProtKB:Q8N884	ATP	ChEBI:CHEBI:30616							binding_site
A1ZA55	271-275	ECO:0000250|UniProtKB:Q8N884	ATP	ChEBI:CHEBI:30616							binding_site
A1ZA55	71	ECO:0000250|UniProtKB:Q8N884	Mg(2+)	ChEBI:CHEBI:18420		catalytic					binding_site
A1ZA55	71-73	ECO:0000250|UniProtKB:Q8N884	ATP	ChEBI:CHEBI:30616							binding_site
A1ZA55	73	ECO:0000250|UniProtKB:Q8N884	Mg(2+)	ChEBI:CHEBI:18420		catalytic					binding_site
A1ZA92	639-646	ECO:0000255	ATP	ChEBI:CHEBI:30616							binding_site
A1ZAG4	199	ECO:0000250|UniProtKB:Q8N5Y8	NAD(+)	ChEBI:CHEBI:57540							binding_site
A1ZAG4	221	ECO:0000250|UniProtKB:Q8N5Y8	NAD(+)	ChEBI:CHEBI:57540							binding_site
A1ZAJ2	97-104	ECO:0000255|PROSITE-ProRule:PRU00283	ATP	ChEBI:CHEBI:30616							binding_site
A1ZAW0	28-35	ECO:0000255|PROSITE-ProRule:PRU00541	ATP	ChEBI:CHEBI:30616							binding_site
A1ZB29	17	ECO:0000250|UniProtKB:P23919	ATP	ChEBI:CHEBI:30616							binding_site
A1ZB29	19	ECO:0000250|UniProtKB:P23919	ATP	ChEBI:CHEBI:30616							binding_site
A1ZB29	20	ECO:0000250|UniProtKB:P23919	ATP	ChEBI:CHEBI:30616							binding_site
A1ZB29	21	ECO:0000250|UniProtKB:P23919	ATP	ChEBI:CHEBI:30616							binding_site
A1ZB29	22	ECO:0000250|UniProtKB:P23919	ATP	ChEBI:CHEBI:30616							binding_site
A1ZB29	98	ECO:0000250|UniProtKB:P23919	ATP	ChEBI:CHEBI:30616							binding_site
A1ZBD6	252	ECO:0000255|PROSITE-ProRule:PRU00041	Ca(2+)	ChEBI:CHEBI:29108	1;2						binding_site
A1ZBD6	258	ECO:0000255|PROSITE-ProRule:PRU00041	Ca(2+)	ChEBI:CHEBI:29108	1						binding_site
A1ZBD6	305	ECO:0000255|PROSITE-ProRule:PRU00041	Ca(2+)	ChEBI:CHEBI:29108	1;2						binding_site
A1ZBD6	307	ECO:0000255|PROSITE-ProRule:PRU00041	Ca(2+)	ChEBI:CHEBI:29108	1;2						binding_site
A1ZBD6	313	ECO:0000255|PROSITE-ProRule:PRU00041	Ca(2+)	ChEBI:CHEBI:29108	2						binding_site
A1ZBD6	553	ECO:0000255|PROSITE-ProRule:PRU00041	Ca(2+)	ChEBI:CHEBI:29108	3						binding_site
A1ZBD6	559	ECO:0000255|PROSITE-ProRule:PRU00041	Ca(2+)	ChEBI:CHEBI:29108	3						binding_site
A1ZBD6	605	ECO:0000255|PROSITE-ProRule:PRU00041	Ca(2+)	ChEBI:CHEBI:29108	3						binding_site
A1ZBD6	607	ECO:0000255|PROSITE-ProRule:PRU00041	Ca(2+)	ChEBI:CHEBI:29108	3						binding_site
A2VEI2	281	ECO:0000255|PROSITE-ProRule:PRU00448	Ca(2+)	ChEBI:CHEBI:29108	1						binding_site
A2VEI2	283	ECO:0000255|PROSITE-ProRule:PRU00448	Ca(2+)	ChEBI:CHEBI:29108	1						binding_site
A2VEI2	285	ECO:0000255|PROSITE-ProRule:PRU00448	Ca(2+)	ChEBI:CHEBI:29108	1						binding_site
A2VEI2	287	ECO:0000255|PROSITE-ProRule:PRU00448	Ca(2+)	ChEBI:CHEBI:29108	1						binding_site
A2VEI2	292	ECO:0000255|PROSITE-ProRule:PRU00448	Ca(2+)	ChEBI:CHEBI:29108	1						binding_site
A2VEI2	472	ECO:0000255|PROSITE-ProRule:PRU00448	Ca(2+)	ChEBI:CHEBI:29108	2						binding_site
A2VEI2	474	ECO:0000255|PROSITE-ProRule:PRU00448	Ca(2+)	ChEBI:CHEBI:29108	2						binding_site
A2VEI2	476	ECO:0000255|PROSITE-ProRule:PRU00448	Ca(2+)	ChEBI:CHEBI:29108	2						binding_site
A2VEI2	478	ECO:0000255|PROSITE-ProRule:PRU00448	Ca(2+)	ChEBI:CHEBI:29108	2						binding_site
A2VEI2	483	ECO:0000255|PROSITE-ProRule:PRU00448	Ca(2+)	ChEBI:CHEBI:29108	2						binding_site
A4VCL2	220	ECO:0000250|UniProtKB:Q9XTW2	ATP	ChEBI:CHEBI:30616							binding_site
A4VCL2	236	ECO:0000250|UniProtKB:Q9XTW2	ATP	ChEBI:CHEBI:30616							binding_site
A4VCL2	257	ECO:0000250|UniProtKB:Q9XTW2	ATP;Mn(2+)	ChEBI:CHEBI:30616;ChEBI:CHEBI:29035							binding_site
A4VCL2	339-342	ECO:0000250|UniProtKB:Q9XTW2	ATP	ChEBI:CHEBI:30616							binding_site
A4VCL2	413	ECO:0000250|UniProtKB:Q9XTW2	ATP	ChEBI:CHEBI:30616							binding_site
A4VCL2	428	ECO:0000250|UniProtKB:Q9XTW2	ATP;Mn(2+)	ChEBI:CHEBI:30616;ChEBI:CHEBI:29035							binding_site
A8DYP0	3198	ECO:0000269|PubMed:37121260, ECO:0007744|PDB:8AK3	ATP	ChEBI:CHEBI:30616							binding_site
A8DYP0	3215	ECO:0000269|PubMed:37121260, ECO:0007744|PDB:8AK3	ATP	ChEBI:CHEBI:30616							binding_site
A8DYP0	3260	ECO:0000269|PubMed:37121260, ECO:0007744|PDB:8AK3	ATP	ChEBI:CHEBI:30616							binding_site
A8DYP0	3262	ECO:0000269|PubMed:37121260, ECO:0007744|PDB:8AK3	ATP	ChEBI:CHEBI:30616							binding_site
A8DYP0	3266	ECO:0000269|PubMed:37121260, ECO:0007744|PDB:8AK3	ATP	ChEBI:CHEBI:30616							binding_site
A8DYP0	3310	ECO:0000269|PubMed:37121260, ECO:0007744|PDB:8AK3	ATP	ChEBI:CHEBI:30616							binding_site
A8DYP0	3326	ECO:0000269|PubMed:37121260, ECO:0007744|PDB:8AK3	ATP	ChEBI:CHEBI:30616							binding_site
A8DYP7	199	ECO:0000250|UniProtKB:Q8N884	GTP;Mg(2+)	ChEBI:CHEBI:37565;ChEBI:CHEBI:18420		catalytic					binding_site
A8DYP7	248-255	ECO:0000250|UniProtKB:Q8N884	GTP	ChEBI:CHEBI:37565							binding_site
A8DYP7	252-255	ECO:0000250|UniProtKB:Q8N884	ATP	ChEBI:CHEBI:30616							binding_site
A8DYP7	263	ECO:0000250|UniProtKB:Q8N884	Zn(2+)	ChEBI:CHEBI:29105							binding_site
A8DYP7	274	ECO:0000250|UniProtKB:Q8N884	ATP	ChEBI:CHEBI:30616							binding_site
A8DYP7	288-292	ECO:0000250|UniProtKB:Q8N884	ATP	ChEBI:CHEBI:30616							binding_site
A8DYP7	68	ECO:0000250|UniProtKB:Q8N884	ATP	ChEBI:CHEBI:30616							binding_site
A8DYP7	79	ECO:0000250|UniProtKB:Q8N884	Mg(2+)	ChEBI:CHEBI:18420		catalytic					binding_site
A8DYP7	79-81	ECO:0000250|UniProtKB:Q8N884	ATP	ChEBI:CHEBI:30616							binding_site
A8DYP7	81	ECO:0000250|UniProtKB:Q8N884	Mg(2+)	ChEBI:CHEBI:18420		catalytic					binding_site
A8DYY5	105	ECO:0000255|PROSITE-ProRule:PRU00812	Zn(2+)	ChEBI:CHEBI:29105							binding_site
A8DYY5	109	ECO:0000255|PROSITE-ProRule:PRU00812	Zn(2+)	ChEBI:CHEBI:29105							binding_site
A8DYY5	69	ECO:0000255|PROSITE-ProRule:PRU00812	Zn(2+)	ChEBI:CHEBI:29105							binding_site
A8DYY5	74	ECO:0000255|PROSITE-ProRule:PRU00812	Zn(2+)	ChEBI:CHEBI:29105							binding_site
A8JQX3	363	ECO:0000250|UniProtKB:Q9UK39	Mg(2+);substrate	ChEBI:CHEBI:18420							binding_site
A8JQX3	430	ECO:0000250|UniProtKB:Q9UK39	substrate								binding_site
A8JQX3	453-456	ECO:0000250|UniProtKB:Q9UK39	substrate								binding_site
A8JQX3	491-493	ECO:0000250|UniProtKB:Q9UK39	substrate								binding_site
A8JQX3	600	ECO:0000250|UniProtKB:Q9UK39	substrate								binding_site
B7YZV4	473	ECO:0000250|UniProtKB:Q01064	Zn(2+)	ChEBI:CHEBI:29105							binding_site
B7YZV4	509	ECO:0000250|UniProtKB:Q01064	Zn(2+)	ChEBI:CHEBI:29105							binding_site
B7YZV4	510	ECO:0000250|UniProtKB:Q01064	Mg(2+);Zn(2+)	ChEBI:CHEBI:18420;ChEBI:CHEBI:29105							binding_site
B7YZV4	617	ECO:0000250|UniProtKB:Q01064	Zn(2+)	ChEBI:CHEBI:29105							binding_site
C0HK98	160	ECO:0000250|UniProtKB:Q8INK6	Zn(2+)	ChEBI:CHEBI:29105							binding_site
C0HK98	168	ECO:0000250|UniProtKB:Q8INK6	Zn(2+)	ChEBI:CHEBI:29105							binding_site
C0HK98	51	ECO:0000250|UniProtKB:Q8INK6	Zn(2+)	ChEBI:CHEBI:29105							binding_site
C0HK99	160	ECO:0000250|UniProtKB:Q8INK6	Zn(2+)	ChEBI:CHEBI:29105							binding_site
C0HK99	168	ECO:0000305|PubMed:12496260	Zn(2+)	ChEBI:CHEBI:29105							binding_site
C0HK99	51	ECO:0000250|UniProtKB:Q8INK6	Zn(2+)	ChEBI:CHEBI:29105							binding_site
E1JIB2	125	ECO:0000250|UniProtKB:Q6PHW0	FMN	ChEBI:CHEBI:58210							binding_site
E1JIB2	125-126	ECO:0000250|UniProtKB:Q9DCX8	FMN	ChEBI:CHEBI:58210							binding_site
E1JIB2	127	ECO:0000250|UniProtKB:Q9DCX8	3,5-diiodo-L-tyrosine;3-iodo-L-tyrosine	ChEBI:CHEBI:57506;ChEBI:CHEBI:59898							binding_site
E1JIB2	154	ECO:0000269|PubMed:27643701	3,5-diiodo-L-tyrosine;3-iodo-L-tyrosine	ChEBI:CHEBI:57506;ChEBI:CHEBI:59898							binding_site
E1JIB2	158	ECO:0000269|PubMed:27643701	3,5-diiodo-L-tyrosine;3-iodo-L-tyrosine	ChEBI:CHEBI:57506;ChEBI:CHEBI:59898							binding_site
E1JIB2	179	ECO:0000269|PubMed:27643701	3,5-diiodo-L-tyrosine;3-iodo-L-tyrosine	ChEBI:CHEBI:57506;ChEBI:CHEBI:59898							binding_site
E1JIB2	235-237	ECO:0000250|UniProtKB:Q6PHW0	FMN	ChEBI:CHEBI:58210							binding_site
E1JIB2	277	ECO:0000250|UniProtKB:Q6PHW0	FMN	ChEBI:CHEBI:58210							binding_site
E1JIB2	96-100	ECO:0000250|UniProtKB:Q6PHW0	FMN	ChEBI:CHEBI:58210							binding_site
F3YDF1	347-351	ECO:0000250|UniProtKB:Q9WZ49	ATP	ChEBI:CHEBI:30616							binding_site
F3YDF1	563	ECO:0000250|UniProtKB:Q9WZ49	Zn(2+)	ChEBI:CHEBI:29105		catalytic					binding_site
F3YDF1	567	ECO:0000250|UniProtKB:Q9WZ49	Zn(2+)	ChEBI:CHEBI:29105		catalytic					binding_site
F3YDF1	641	ECO:0000250|UniProtKB:Q9WZ49	Zn(2+)	ChEBI:CHEBI:29105		catalytic					binding_site
M9MRI4	200	ECO:0000255|PROSITE-ProRule:PRU00024	Zn(2+)	ChEBI:CHEBI:29105	1						binding_site
M9MRI4	203	ECO:0000255|PROSITE-ProRule:PRU00024	Zn(2+)	ChEBI:CHEBI:29105	1						binding_site
M9MRI4	225	ECO:0000255|PROSITE-ProRule:PRU00024	Zn(2+)	ChEBI:CHEBI:29105	1						binding_site
M9MRI4	230	ECO:0000255|PROSITE-ProRule:PRU00024	Zn(2+)	ChEBI:CHEBI:29105	1						binding_site
M9MRI4	255	ECO:0000255|PROSITE-ProRule:PRU00024	Zn(2+)	ChEBI:CHEBI:29105	2						binding_site
M9MRI4	258	ECO:0000255|PROSITE-ProRule:PRU00024	Zn(2+)	ChEBI:CHEBI:29105	2						binding_site
M9MRI4	277	ECO:0000255|PROSITE-ProRule:PRU00024	Zn(2+)	ChEBI:CHEBI:29105	2						binding_site
M9MRI4	283	ECO:0000255|PROSITE-ProRule:PRU00024	Zn(2+)	ChEBI:CHEBI:29105	2						binding_site
M9MS50	353-361	ECO:0000255|PROSITE-ProRule:PRU00159	ATP	ChEBI:CHEBI:30616							binding_site
M9MS50	376	ECO:0000255|PROSITE-ProRule:PRU00159	ATP	ChEBI:CHEBI:30616							binding_site
M9NEY8	1638	ECO:0000250|UniProtKB:Q6N021	Zn(2+)	ChEBI:CHEBI:29105	3						binding_site
M9NEY8	1640	ECO:0000250|UniProtKB:Q6N021	Zn(2+)	ChEBI:CHEBI:29105	3						binding_site
M9NEY8	1699	ECO:0000250|UniProtKB:Q6N021	Zn(2+)	ChEBI:CHEBI:29105	4						binding_site
M9NEY8	1725	ECO:0000250|UniProtKB:Q6N021	Zn(2+)	ChEBI:CHEBI:29105	1						binding_site
M9NEY8	1727	ECO:0000250|UniProtKB:Q6N021	Zn(2+)	ChEBI:CHEBI:29105	3						binding_site
M9NEY8	1767	ECO:0000250|UniProtKB:Q6N021	2-oxoglutarate	ChEBI:CHEBI:16810							binding_site
M9NEY8	1777	ECO:0000250|UniProtKB:Q6N021	Zn(2+)	ChEBI:CHEBI:29105	4						binding_site
M9NEY8	1779	ECO:0000250|UniProtKB:Q6N021	Zn(2+)	ChEBI:CHEBI:29105	4						binding_site
M9NEY8	1795	ECO:0000250|UniProtKB:Q6N021	Zn(2+)	ChEBI:CHEBI:29105	3						binding_site
M9NEY8	1804	ECO:0000250|UniProtKB:Q6N021	Zn(2+)	ChEBI:CHEBI:29105	3						binding_site
M9NEY8	1862	ECO:0000250|UniProtKB:Q6N021	Zn(2+)	ChEBI:CHEBI:29105	3						binding_site
M9NEY8	1878	ECO:0000250|UniProtKB:Q6N021	2-oxoglutarate	ChEBI:CHEBI:16810							binding_site
M9NEY8	1884	ECO:0000250|UniProtKB:Q6N021	Zn(2+)	ChEBI:CHEBI:29105	2						binding_site
M9NEY8	1886	ECO:0000250|UniProtKB:Q6N021	Fe cation	ChEBI:CHEBI:24875		catalytic					binding_site
M9NEY8	1888	ECO:0000250|UniProtKB:Q6N021	Fe cation	ChEBI:CHEBI:24875		catalytic					binding_site
M9NEY8	1891	ECO:0000250|UniProtKB:Q6N021	substrate								binding_site
M9NEY8	1919	ECO:0000250|UniProtKB:Q6N021	2-oxoglutarate	ChEBI:CHEBI:16810							binding_site
M9NEY8	2642	ECO:0000250|UniProtKB:Q6N021	Fe cation	ChEBI:CHEBI:24875		catalytic					binding_site
M9NEY8	2657-2659	ECO:0000250|UniProtKB:Q6N021	2-oxoglutarate	ChEBI:CHEBI:16810							binding_site
M9NEY8	2663-2665	ECO:0000250|UniProtKB:Q6N021	substrate								binding_site
M9NEY8	2673	ECO:0000250|UniProtKB:Q6N021	Zn(2+)	ChEBI:CHEBI:29105	3						binding_site
M9NEY8	598	ECO:0000255|PROSITE-ProRule:PRU00509	Zn(2+)	ChEBI:CHEBI:29105	1						binding_site
M9NEY8	601	ECO:0000255|PROSITE-ProRule:PRU00509	Zn(2+)	ChEBI:CHEBI:29105	1						binding_site
M9NEY8	604	ECO:0000255|PROSITE-ProRule:PRU00509	Zn(2+)	ChEBI:CHEBI:29105	1						binding_site
M9NEY8	610	ECO:0000255|PROSITE-ProRule:PRU00509	Zn(2+)	ChEBI:CHEBI:29105	2						binding_site
M9NEY8	613	ECO:0000255|PROSITE-ProRule:PRU00509	Zn(2+)	ChEBI:CHEBI:29105	2						binding_site
M9NEY8	616	ECO:0000255|PROSITE-ProRule:PRU00509	Zn(2+)	ChEBI:CHEBI:29105	2						binding_site
M9NEY8	625	ECO:0000255|PROSITE-ProRule:PRU00509	Zn(2+)	ChEBI:CHEBI:29105	2						binding_site
M9NEY8	630	ECO:0000255|PROSITE-ProRule:PRU00509	Zn(2+)	ChEBI:CHEBI:29105	1						binding_site
M9PD06	174	ECO:0000255|PROSITE-ProRule:PRU00448	Ca(2+)	ChEBI:CHEBI:29108	1						binding_site
M9PD06	176	ECO:0000255|PROSITE-ProRule:PRU00448	Ca(2+)	ChEBI:CHEBI:29108	1						binding_site
M9PD06	178	ECO:0000255|PROSITE-ProRule:PRU00448	Ca(2+)	ChEBI:CHEBI:29108	1						binding_site
M9PD06	180	ECO:0000255|PROSITE-ProRule:PRU00448	Ca(2+)	ChEBI:CHEBI:29108	1						binding_site
M9PD06	185	ECO:0000255|PROSITE-ProRule:PRU00448	Ca(2+)	ChEBI:CHEBI:29108	1						binding_site
M9PD06	210	ECO:0000305	Ca(2+)	ChEBI:CHEBI:29108	2						binding_site
M9PD06	212	ECO:0000305	Ca(2+)	ChEBI:CHEBI:29108	2						binding_site
M9PD06	214	ECO:0000305	Ca(2+)	ChEBI:CHEBI:29108	2						binding_site
M9PD06	221	ECO:0000305	Ca(2+)	ChEBI:CHEBI:29108	2						binding_site
M9PF61	146	ECO:0000255|PIRSR:PIRSR000097-2	substrate								binding_site
M9PF61	244-306	ECO:0000250|UniProtKB:P15121	NADP(+)	ChEBI:CHEBI:58349							binding_site
M9PGC5	481	ECO:0000250|UniProtKB:Q9H4A3	ATP	ChEBI:CHEBI:30616							binding_site
M9PGC5	551-554	ECO:0000250|UniProtKB:Q9H4A3	ATP	ChEBI:CHEBI:30616							binding_site
M9PGC5	601	ECO:0000250|UniProtKB:Q9H4A3	ATP	ChEBI:CHEBI:30616							binding_site
M9PH32	262	ECO:0000255|PROSITE-ProRule:PRU00024	Zn(2+)	ChEBI:CHEBI:29105	1						binding_site
M9PH32	265	ECO:0000255|PROSITE-ProRule:PRU00024	Zn(2+)	ChEBI:CHEBI:29105	1						binding_site
M9PH32	286	ECO:0000255|PROSITE-ProRule:PRU00024	Zn(2+)	ChEBI:CHEBI:29105	1						binding_site
M9PH32	290	ECO:0000255|PROSITE-ProRule:PRU00024	Zn(2+)	ChEBI:CHEBI:29105	1						binding_site
M9PH32	323	ECO:0000255|PROSITE-ProRule:PRU00024	Zn(2+)	ChEBI:CHEBI:29105	2						binding_site
M9PH32	326	ECO:0000255|PROSITE-ProRule:PRU00024	Zn(2+)	ChEBI:CHEBI:29105	2						binding_site
M9PH32	346	ECO:0000255|PROSITE-ProRule:PRU00024	Zn(2+)	ChEBI:CHEBI:29105	2						binding_site
M9PH32	351	ECO:0000255|PROSITE-ProRule:PRU00024	Zn(2+)	ChEBI:CHEBI:29105	2						binding_site
O01404	172	ECO:0000250	Cu cation	ChEBI:CHEBI:23378	A						binding_site
O01404	241	ECO:0000250	Cu cation	ChEBI:CHEBI:23378	B						binding_site
O01404	243	ECO:0000250	Cu cation	ChEBI:CHEBI:23378	B						binding_site
O01404	317	ECO:0000250	Cu cation	ChEBI:CHEBI:23378	B						binding_site
O01404	95	ECO:0000250	Cu cation	ChEBI:CHEBI:23378	A						binding_site
O01404	96	ECO:0000250	Cu cation	ChEBI:CHEBI:23378	A						binding_site
O02193	574	ECO:0000250|UniProtKB:Q9H7Z6	Zn(2+)	ChEBI:CHEBI:29105							binding_site
O02193	577	ECO:0000250|UniProtKB:Q9H7Z6	Zn(2+)	ChEBI:CHEBI:29105							binding_site
O02193	590	ECO:0000250|UniProtKB:Q9H7Z6	Zn(2+)	ChEBI:CHEBI:29105							binding_site
O02193	594	ECO:0000250|UniProtKB:Q9H7Z6	Zn(2+)	ChEBI:CHEBI:29105							binding_site
O02193	681	ECO:0000250|UniProtKB:Q9H7Z6	acetyl-CoA	ChEBI:CHEBI:57288							binding_site
O02193	689	ECO:0000250|UniProtKB:Q9H7Z6	acetyl-CoA	ChEBI:CHEBI:57288							binding_site
O02193	690	ECO:0000250|UniProtKB:Q9H7Z6	acetyl-CoA	ChEBI:CHEBI:57288							binding_site
O02193	691	ECO:0000250|UniProtKB:Q9H7Z6	acetyl-CoA	ChEBI:CHEBI:57288							binding_site
O02193	693	ECO:0000250|UniProtKB:Q9H7Z6	acetyl-CoA	ChEBI:CHEBI:57288							binding_site
O02193	694	ECO:0000250|UniProtKB:Q9H7Z6	acetyl-CoA	ChEBI:CHEBI:57288							binding_site
O02193	718	ECO:0000250|UniProtKB:Q9H7Z6	acetyl-CoA	ChEBI:CHEBI:57288							binding_site
O02193	727	ECO:0000250|UniProtKB:Q9H7Z6	acetyl-CoA	ChEBI:CHEBI:57288							binding_site
O02193	774	ECO:0000250|UniProtKB:Q9H7Z6	acetyl-CoA	ChEBI:CHEBI:57288							binding_site
O02193	798	ECO:0000250|UniProtKB:Q9H7Z6	acetyl-CoA	ChEBI:CHEBI:57288							binding_site
O02372	81	ECO:0000269|PubMed:12881720, ECO:0007744|PDB:1OOG;ECO:0000269|PubMed:12881720, ECO:0007744|PDB:1OOH;ECO:0000269|PubMed:12881720, ECO:0007744|PDB:1OOF	1-propanol;butan-1-ol;ethanol	ChEBI:CHEBI:28831;ChEBI:CHEBI:28885;ChEBI:CHEBI:16236							binding_site
O02372	86	ECO:0000269|PubMed:12881720, ECO:0007744|PDB:1OOG;ECO:0000269|PubMed:12881720, ECO:0007744|PDB:1OOH;ECO:0000269|PubMed:12881720, ECO:0007744|PDB:1OOF	1-propanol;butan-1-ol;ethanol	ChEBI:CHEBI:28831;ChEBI:CHEBI:28885;ChEBI:CHEBI:16236							binding_site
O02373	126-127	ECO:0000250|UniProtKB:O60701	NAD(+)	ChEBI:CHEBI:57540							binding_site
O02373	157-161	ECO:0000250|UniProtKB:O60701	substrate								binding_site
O02373	161	ECO:0000250|UniProtKB:O60701	NAD(+)	ChEBI:CHEBI:57540							binding_site
O02373	216-220	ECO:0000250|UniProtKB:O60701	substrate								binding_site
O02373	256	ECO:0000250|UniProtKB:O60701	substrate								binding_site
O02373	263-269	ECO:0000250|UniProtKB:O60701	substrate								binding_site
O02373	272-275	ECO:0000250|UniProtKB:O60701	NAD(+)	ChEBI:CHEBI:57540							binding_site
O02373	32	ECO:0000250|UniProtKB:O60701	NAD(+)	ChEBI:CHEBI:57540							binding_site
O02373	334-335	ECO:0000250|UniProtKB:O60701	substrate								binding_site
O02373	342	ECO:0000250|UniProtKB:O60701	NAD(+)	ChEBI:CHEBI:57540							binding_site
O02373	37	ECO:0000250|UniProtKB:O60701	NAD(+)	ChEBI:CHEBI:57540							binding_site
O02373	439	ECO:0000250|UniProtKB:O60701	substrate								binding_site
O02373	7-12	ECO:0000250|UniProtKB:O60701	NAD(+)	ChEBI:CHEBI:57540							binding_site
O02373	85-89	ECO:0000250|UniProtKB:O60701	NAD(+)	ChEBI:CHEBI:57540							binding_site
O16102	292-299	ECO:0000255|PROSITE-ProRule:PRU00541, ECO:0000305	ATP	ChEBI:CHEBI:30616							binding_site
O16129	142-145	ECO:0000250	substrate								binding_site
O16129	164	ECO:0000250	substrate								binding_site
O16129	171-173	ECO:0000250	substrate								binding_site
O16129	178-180	ECO:0000250	substrate								binding_site
O16129	285	ECO:0000250	substrate								binding_site
O16129	310	ECO:0000250	substrate								binding_site
O16810	564	ECO:0000250|UniProtKB:Q13415	ATP	ChEBI:CHEBI:30616							binding_site
O16810	598-606	ECO:0000250|UniProtKB:Q13415	ATP	ChEBI:CHEBI:30616							binding_site
O16810	684	ECO:0000250|UniProtKB:Q13415	Mg(2+)	ChEBI:CHEBI:18420							binding_site
O16810	685	ECO:0000250|UniProtKB:Q13415	ATP;Mg(2+)	ChEBI:CHEBI:30616;ChEBI:CHEBI:18420							binding_site
O16810	718	ECO:0000250|UniProtKB:Q13415	ATP	ChEBI:CHEBI:30616							binding_site
O16810	784	ECO:0000250|UniProtKB:Q13415	ATP	ChEBI:CHEBI:30616							binding_site
O16844	175-182	ECO:0000255|PROSITE-ProRule:PRU00283	ATP	ChEBI:CHEBI:30616							binding_site
O18333	119	ECO:0000305|PubMed:25615965, ECO:0007744|PDB:4RKE	GTP	ChEBI:CHEBI:37565							binding_site
O18333	122	ECO:0000305|PubMed:25615965, ECO:0007744|PDB:4RKE	GTP	ChEBI:CHEBI:37565							binding_site
O18333	15	ECO:0000305|PubMed:25615965, ECO:0007744|PDB:4RKE	GTP	ChEBI:CHEBI:37565							binding_site
O18333	150	ECO:0000305|PubMed:25615965, ECO:0007744|PDB:4RKE	GTP	ChEBI:CHEBI:37565							binding_site
O18333	16	ECO:0000305|PubMed:25615965, ECO:0007744|PDB:4RKE	GTP	ChEBI:CHEBI:37565							binding_site
O18333	18	ECO:0000305|PubMed:25615965, ECO:0007744|PDB:4RKE	GTP	ChEBI:CHEBI:37565							binding_site
O18333	19	ECO:0000305|PubMed:25615965, ECO:0007744|PDB:4RKE	GTP	ChEBI:CHEBI:37565							binding_site
O18333	20	ECO:0000305|PubMed:25615965, ECO:0007744|PDB:4RKE;ECO:0000269|PubMed:25615965, ECO:0007744|PDB:4RKE	GTP;Mg(2+)	ChEBI:CHEBI:37565;ChEBI:CHEBI:18420							binding_site
O18333	21	ECO:0000305|PubMed:25615965, ECO:0007744|PDB:4RKE	GTP	ChEBI:CHEBI:37565							binding_site
O18333	32	ECO:0000305|PubMed:25615965, ECO:0007744|PDB:4RKE	GTP	ChEBI:CHEBI:37565							binding_site
O18333	33	ECO:0000305|PubMed:25615965, ECO:0007744|PDB:4RKE	GTP	ChEBI:CHEBI:37565							binding_site
O18333	35	ECO:0000305|PubMed:25615965, ECO:0007744|PDB:4RKE	GTP	ChEBI:CHEBI:37565							binding_site
O18333	38	ECO:0000305|PubMed:25615965, ECO:0007744|PDB:4RKE;ECO:0000269|PubMed:25615965, ECO:0007744|PDB:4RKE	GTP;Mg(2+)	ChEBI:CHEBI:37565;ChEBI:CHEBI:18420							binding_site
O18333	64	ECO:0000305|PubMed:25615965, ECO:0007744|PDB:4RKE	GTP	ChEBI:CHEBI:37565							binding_site
O18334	125-128		GTP	ChEBI:CHEBI:37565							binding_site
O18334	155-157		GTP	ChEBI:CHEBI:37565							binding_site
O18334	19-27		GTP	ChEBI:CHEBI:37565							binding_site
O18334	67-71		GTP	ChEBI:CHEBI:37565							binding_site
O18404	14	ECO:0000250|UniProtKB:Q99714	NAD(+)	ChEBI:CHEBI:57540							binding_site
O18404	149	ECO:0000250	substrate								binding_site
O18404	16	ECO:0000250|UniProtKB:Q99714	NAD(+)	ChEBI:CHEBI:57540							binding_site
O18404	162	ECO:0000250|UniProtKB:Q99714	NAD(+)	ChEBI:CHEBI:57540							binding_site
O18404	166	ECO:0000250|UniProtKB:Q99714	NAD(+)	ChEBI:CHEBI:57540							binding_site
O18404	195	ECO:0000250|UniProtKB:Q99714	NAD(+)	ChEBI:CHEBI:57540							binding_site
O18404	197	ECO:0000250|UniProtKB:Q99714	NAD(+)	ChEBI:CHEBI:57540							binding_site
O18404	35	ECO:0000250|UniProtKB:Q99714	NAD(+)	ChEBI:CHEBI:57540							binding_site
O18404	58	ECO:0000250|UniProtKB:Q99714	NAD(+)	ChEBI:CHEBI:57540							binding_site
O18404	59	ECO:0000250|UniProtKB:Q99714	NAD(+)	ChEBI:CHEBI:57540							binding_site
O18404	85	ECO:0000250|UniProtKB:Q99714	NAD(+)	ChEBI:CHEBI:57540							binding_site
O18408	117	ECO:0000250|UniProtKB:P56634	Ca(2+)	ChEBI:CHEBI:29108							binding_site
O18408	168	ECO:0000250|UniProtKB:P56634	Ca(2+)	ChEBI:CHEBI:29108							binding_site
O18408	177	ECO:0000250|UniProtKB:P56634	Ca(2+)	ChEBI:CHEBI:29108							binding_site
O18408	205	ECO:0000250|UniProtKB:P56634	chloride	ChEBI:CHEBI:17996							binding_site
O18408	211	ECO:0000250|UniProtKB:P56634	Ca(2+)	ChEBI:CHEBI:29108							binding_site
O18408	307	ECO:0000250|UniProtKB:P56634	chloride	ChEBI:CHEBI:17996							binding_site
O18408	342	ECO:0000250|UniProtKB:P56634	chloride	ChEBI:CHEBI:17996							binding_site
O18412	248-251	ECO:0000250|UniProtKB:Q8IWA4	GTP	ChEBI:CHEBI:37565							binding_site
O18412	297	ECO:0000250|UniProtKB:Q8IWA4	GTP	ChEBI:CHEBI:37565							binding_site
O18412	96-101	ECO:0000250|UniProtKB:Q8IWA4	GTP	ChEBI:CHEBI:37565							binding_site
O18413	189-196	ECO:0000255	ATP	ChEBI:CHEBI:30616							binding_site
O18475	256-263	ECO:0000255|PROSITE-ProRule:PRU00541	ATP	ChEBI:CHEBI:30616							binding_site
O46036	100	ECO:0000250	NAD(+)	ChEBI:CHEBI:57540							binding_site
O46036	180-185	ECO:0000250	NAD(+)	ChEBI:CHEBI:57540							binding_site
O46036	204	ECO:0000250	NAD(+)	ChEBI:CHEBI:57540							binding_site
O46036	237-243	ECO:0000250	NAD(+)	ChEBI:CHEBI:57540							binding_site
O46036	264-266	ECO:0000250	NAD(+)	ChEBI:CHEBI:57540							binding_site
O46036	290	ECO:0000250	NAD(+)	ChEBI:CHEBI:57540							binding_site
O46036	315-318	ECO:0000250	NAD(+)	ChEBI:CHEBI:57540							binding_site
O46051	315	ECO:0000250	heme	ChEBI:CHEBI:30413						covalent	binding_site
O46051	454	ECO:0000250	heme	ChEBI:CHEBI:30413			Fe	ChEBI:CHEBI:18248		axial binding residue	binding_site
O46054	443	ECO:0000250	heme	ChEBI:CHEBI:30413			Fe	ChEBI:CHEBI:18248		axial binding residue	binding_site
O46072	283-290	ECO:0000255|PROSITE-ProRule:PRU00541	ATP	ChEBI:CHEBI:30616							binding_site
O46102	228-229	ECO:0000305	ATP	ChEBI:CHEBI:30616							binding_site
O46102	230	ECO:0000250|UniProtKB:O13833	Mg(2+)	ChEBI:CHEBI:18420		catalytic					binding_site
O46102	232	ECO:0000250|UniProtKB:O13833	Mg(2+)	ChEBI:CHEBI:18420		catalytic					binding_site
O46102	83-89	ECO:0000305	ATP	ChEBI:CHEBI:30616							binding_site
O61267	180-188	ECO:0000255|PROSITE-ProRule:PRU00159	ATP	ChEBI:CHEBI:30616							binding_site
O61267	203	ECO:0000255|PROSITE-ProRule:PRU00159	ATP	ChEBI:CHEBI:30616							binding_site
O61305	119-126	ECO:0000255|PROSITE-ProRule:PRU00541	ATP	ChEBI:CHEBI:30616							binding_site
O61443	30-38	ECO:0000255|PROSITE-ProRule:PRU00159	ATP	ChEBI:CHEBI:30616							binding_site
O61443	53	ECO:0000255|PROSITE-ProRule:PRU00159	ATP	ChEBI:CHEBI:30616							binding_site
O61613	223	ECO:0000250|UniProtKB:P30419	tetradecanoyl-CoA	ChEBI:CHEBI:57385							binding_site
O61613	224	ECO:0000250|UniProtKB:P30419	tetradecanoyl-CoA	ChEBI:CHEBI:57385							binding_site
O61613	225	ECO:0000250|UniProtKB:P30419	tetradecanoyl-CoA	ChEBI:CHEBI:57385							binding_site
O61613	226	ECO:0000250|UniProtKB:P30419	tetradecanoyl-CoA	ChEBI:CHEBI:57385							binding_site
O61613	232	ECO:0000250|UniProtKB:P30419	tetradecanoyl-CoA	ChEBI:CHEBI:57385							binding_site
O61613	234	ECO:0000250|UniProtKB:P30419	tetradecanoyl-CoA	ChEBI:CHEBI:57385							binding_site
O61613	235	ECO:0000250|UniProtKB:P30419	tetradecanoyl-CoA	ChEBI:CHEBI:57385							binding_site
O61613	236	ECO:0000250|UniProtKB:P30419	tetradecanoyl-CoA	ChEBI:CHEBI:57385							binding_site
O61613	93	ECO:0000250|UniProtKB:P30419	tetradecanoyl-CoA	ChEBI:CHEBI:57385							binding_site
O61613	94	ECO:0000250|UniProtKB:P30419	tetradecanoyl-CoA	ChEBI:CHEBI:57385							binding_site
O61661	28-36	ECO:0000250|UniProtKB:O14757, ECO:0000255|PROSITE-ProRule:PRU00159	ATP	ChEBI:CHEBI:30616							binding_site
O61661	51	ECO:0000250|UniProtKB:O14757, ECO:0000255|PROSITE-ProRule:PRU00159	ATP	ChEBI:CHEBI:30616							binding_site
O62618	31-39	ECO:0000255|PROSITE-ProRule:PRU00159	ATP	ChEBI:CHEBI:30616							binding_site
O62618	54	ECO:0000255|PROSITE-ProRule:PRU00159	ATP	ChEBI:CHEBI:30616							binding_site
O62619	116	ECO:0000250	K(+)	ChEBI:CHEBI:29103							binding_site
O62619	117	ECO:0000250	K(+)	ChEBI:CHEBI:29103							binding_site
O62619	123	ECO:0000250|UniProtKB:P14618	ATP	ChEBI:CHEBI:30616							binding_site
O62619	210	ECO:0000250|UniProtKB:P14618	ATP	ChEBI:CHEBI:30616							binding_site
O62619	275	ECO:0000250	Mg(2+)	ChEBI:CHEBI:18420							binding_site
O62619	298	ECO:0000250	substrate								binding_site
O62619	299	ECO:0000250	Mg(2+);substrate	ChEBI:CHEBI:18420							binding_site
O62619	331	ECO:0000250	substrate								binding_site
O62619	76	ECO:0000250	substrate								binding_site
O62619	78	ECO:0000250	K(+)	ChEBI:CHEBI:29103							binding_site
O62619	78-81	ECO:0000250|UniProtKB:P14618	ATP	ChEBI:CHEBI:30616							binding_site
O62619	80	ECO:0000250	K(+)	ChEBI:CHEBI:29103							binding_site
O76206	28	ECO:0000250|UniProtKB:Q969G6	Mg(2+)	ChEBI:CHEBI:18420							binding_site
O76206	30	ECO:0000250|UniProtKB:Q969G6	Mg(2+)	ChEBI:CHEBI:18420							binding_site
O76324	15-23	ECO:0000255|PROSITE-ProRule:PRU00159	ATP	ChEBI:CHEBI:30616							binding_site
O76324	38	ECO:0000255|PROSITE-ProRule:PRU00159	ATP	ChEBI:CHEBI:30616							binding_site
O76460	185-192	ECO:0000305	ATP	ChEBI:CHEBI:30616							binding_site
O76511	181-182	ECO:0000250|UniProtKB:P0A884	dUMP	ChEBI:CHEBI:246422		ligand shared between dimeric partners					binding_site
O76511	223-226	ECO:0000250|UniProtKB:P0A884	dUMP	ChEBI:CHEBI:246422		ligand shared between dimeric partners				in other chain	binding_site
O76511	226	ECO:0000250|UniProtKB:P0A884	(6R)-5,10-methylene-5,6,7,8-tetrahydrofolate	ChEBI:CHEBI:15636							binding_site
O76511	234	ECO:0000250|UniProtKB:P0A884	dUMP	ChEBI:CHEBI:246422		ligand shared between dimeric partners				in other chain	binding_site
O76511	264-266	ECO:0000250|UniProtKB:P0A884	dUMP	ChEBI:CHEBI:246422		ligand shared between dimeric partners				in other chain	binding_site
O76511	320	ECO:0000250|UniProtKB:P0A884	(6R)-5,10-methylene-5,6,7,8-tetrahydrofolate	ChEBI:CHEBI:15636							binding_site
O76511	56	ECO:0000250|UniProtKB:P0A884	dUMP	ChEBI:CHEBI:246422		ligand shared between dimeric partners				in other chain	binding_site
O76742	125-128	ECO:0000250|UniProtKB:P51149	GTP	ChEBI:CHEBI:37565							binding_site
O76742	15-22	ECO:0000250|UniProtKB:P51149	GTP	ChEBI:CHEBI:37565							binding_site
O76742	156-157	ECO:0000250|UniProtKB:P51149	GTP	ChEBI:CHEBI:37565							binding_site
O76742	34-40	ECO:0000250|UniProtKB:P51149	GTP	ChEBI:CHEBI:37565							binding_site
O76742	63-67	ECO:0000250|UniProtKB:P51149	GTP	ChEBI:CHEBI:37565							binding_site
O76902	158	ECO:0000255|PROSITE-ProRule:PRU00091	Zn(2+)	ChEBI:CHEBI:29105	1						binding_site
O76902	161	ECO:0000255|PROSITE-ProRule:PRU00091	Zn(2+)	ChEBI:CHEBI:29105	1						binding_site
O76902	175	ECO:0000255|PROSITE-ProRule:PRU00091	Zn(2+)	ChEBI:CHEBI:29105	2						binding_site
O76902	178	ECO:0000255|PROSITE-ProRule:PRU00091	Zn(2+)	ChEBI:CHEBI:29105	2						binding_site
O76902	183	ECO:0000255|PROSITE-ProRule:PRU00091	Zn(2+)	ChEBI:CHEBI:29105	1						binding_site
O76902	186	ECO:0000255|PROSITE-ProRule:PRU00091	Zn(2+)	ChEBI:CHEBI:29105	1						binding_site
O76902	204	ECO:0000255|PROSITE-ProRule:PRU00091	Zn(2+)	ChEBI:CHEBI:29105	2						binding_site
O76902	207	ECO:0000255|PROSITE-ProRule:PRU00091	Zn(2+)	ChEBI:CHEBI:29105	2						binding_site
O76924	153	ECO:0000255|PROSITE-ProRule:PRU01221	Zn(2+)	ChEBI:CHEBI:29105	1						binding_site
O76924	156	ECO:0000255|PROSITE-ProRule:PRU01221	Zn(2+)	ChEBI:CHEBI:29105	1						binding_site
O76924	170	ECO:0000255|PROSITE-ProRule:PRU01221	Zn(2+)	ChEBI:CHEBI:29105	2						binding_site
O76924	172	ECO:0000255|PROSITE-ProRule:PRU01221	Zn(2+)	ChEBI:CHEBI:29105	2						binding_site
O76924	175	ECO:0000255|PROSITE-ProRule:PRU01221	Zn(2+)	ChEBI:CHEBI:29105	1						binding_site
O76924	178	ECO:0000255|PROSITE-ProRule:PRU01221	Zn(2+)	ChEBI:CHEBI:29105	1						binding_site
O76924	197	ECO:0000255|PROSITE-ProRule:PRU01221	Zn(2+)	ChEBI:CHEBI:29105	2						binding_site
O76924	202	ECO:0000255|PROSITE-ProRule:PRU01221	Zn(2+)	ChEBI:CHEBI:29105	2						binding_site
O76924	242	ECO:0000255|PROSITE-ProRule:PRU01221	Zn(2+)	ChEBI:CHEBI:29105	3						binding_site
O76924	247	ECO:0000255|PROSITE-ProRule:PRU01221	Zn(2+)	ChEBI:CHEBI:29105	3						binding_site
O76924	263	ECO:0000255|PROSITE-ProRule:PRU01221	Zn(2+)	ChEBI:CHEBI:29105	3						binding_site
O76924	266	ECO:0000255|PROSITE-ProRule:PRU01221	Zn(2+)	ChEBI:CHEBI:29105	3						binding_site
O76924	271	ECO:0000255|PROSITE-ProRule:PRU01221	Zn(2+)	ChEBI:CHEBI:29105	4						binding_site
O76924	274	ECO:0000255|PROSITE-ProRule:PRU01221	Zn(2+)	ChEBI:CHEBI:29105	4						binding_site
O76924	279	ECO:0000255|PROSITE-ProRule:PRU01221	Zn(2+)	ChEBI:CHEBI:29105	4						binding_site
O76924	284	ECO:0000255|PROSITE-ProRule:PRU01221	Zn(2+)	ChEBI:CHEBI:29105	4						binding_site
O76924	311	ECO:0000255|PROSITE-ProRule:PRU01221	Zn(2+)	ChEBI:CHEBI:29105	5						binding_site
O76924	314	ECO:0000255|PROSITE-ProRule:PRU01221	Zn(2+)	ChEBI:CHEBI:29105	5						binding_site
O76924	329	ECO:0000255|PROSITE-ProRule:PRU01221	Zn(2+)	ChEBI:CHEBI:29105	5						binding_site
O76924	332	ECO:0000255|PROSITE-ProRule:PRU01221	Zn(2+)	ChEBI:CHEBI:29105	5						binding_site
O76924	337	ECO:0000255|PROSITE-ProRule:PRU01221	Zn(2+)	ChEBI:CHEBI:29105	6						binding_site
O76924	340	ECO:0000255|PROSITE-ProRule:PRU01221	Zn(2+)	ChEBI:CHEBI:29105	6						binding_site
O76924	347	ECO:0000255|PROSITE-ProRule:PRU01221	Zn(2+)	ChEBI:CHEBI:29105	6						binding_site
O76924	354	ECO:0000255|PROSITE-ProRule:PRU01221	Zn(2+)	ChEBI:CHEBI:29105	6						binding_site
O76932	114	ECO:0000250	Mn(2+)	ChEBI:CHEBI:29035	2						binding_site
O76932	164	ECO:0000250	Mn(2+)	ChEBI:CHEBI:29035	2						binding_site
O76932	238	ECO:0000250	Mn(2+)	ChEBI:CHEBI:29035	2						binding_site
O76932	54	ECO:0000250	Mn(2+)	ChEBI:CHEBI:29035	1						binding_site
O76932	56	ECO:0000250	Mn(2+)	ChEBI:CHEBI:29035	1						binding_site
O76932	82	ECO:0000250	Mn(2+)	ChEBI:CHEBI:29035	1;2						binding_site
O77059	237	ECO:0000269|PubMed:23518567, ECO:0000269|PubMed:23746849	FAD	ChEBI:CHEBI:57692							binding_site
O77059	265	ECO:0000269|PubMed:23518567, ECO:0000269|PubMed:23746849	FAD	ChEBI:CHEBI:57692							binding_site
O77059	267	ECO:0000250	FAD	ChEBI:CHEBI:57692							binding_site
O77059	311	ECO:0000269|PubMed:23518567, ECO:0000269|PubMed:23746849	FAD	ChEBI:CHEBI:57692							binding_site
O77059	378	ECO:0000269|PubMed:23518567, ECO:0000269|PubMed:23746849	FAD	ChEBI:CHEBI:57692							binding_site
O77059	410-412	ECO:0000269|PubMed:23518567, ECO:0000269|PubMed:23746849	FAD	ChEBI:CHEBI:57692							binding_site
O77059	416	ECO:0000269|PubMed:23518567, ECO:0000269|PubMed:23746849	FAD	ChEBI:CHEBI:57692							binding_site
O77059	419	ECO:0000269|PubMed:23518567, ECO:0000269|PubMed:23746849	FAD	ChEBI:CHEBI:57692							binding_site
O77263	102-103	ECO:0000255|HAMAP-Rule:MF_03055	S-adenosyl-L-methionine	ChEBI:CHEBI:59789							binding_site
O77263	137-138	ECO:0000255|HAMAP-Rule:MF_03055	S-adenosyl-L-methionine	ChEBI:CHEBI:59789							binding_site
O77263	157	ECO:0000255|HAMAP-Rule:MF_03055	S-adenosyl-L-methionine	ChEBI:CHEBI:59789							binding_site
O77263	235-237	ECO:0000255|HAMAP-Rule:MF_03055	S-adenosyl-L-methionine	ChEBI:CHEBI:59789							binding_site
O77263	79	ECO:0000255|HAMAP-Rule:MF_03055	S-adenosyl-L-methionine	ChEBI:CHEBI:59789							binding_site
O77264	105	ECO:0000250|UniProtKB:P46849	ATP	ChEBI:CHEBI:30616							binding_site
O77264	132	ECO:0000250|UniProtKB:P46849	ATP	ChEBI:CHEBI:30616							binding_site
O77264	295	ECO:0000250|UniProtKB:P46849	ATP	ChEBI:CHEBI:30616							binding_site
O77264	298	ECO:0000250|UniProtKB:P46849	ATP	ChEBI:CHEBI:30616							binding_site
O77264	299	ECO:0000250|UniProtKB:P46849	ATP	ChEBI:CHEBI:30616							binding_site
O77264	321	ECO:0000250|UniProtKB:P46849	ATP	ChEBI:CHEBI:30616							binding_site
O77277	108-115	ECO:0000255	ATP	ChEBI:CHEBI:30616							binding_site
O77460	129	ECO:0000250	diphosphate	ChEBI:CHEBI:33019							binding_site
O77460	166	ECO:0000250	Mg(2+)	ChEBI:CHEBI:18420	1						binding_site
O77460	171	ECO:0000250	Mg(2+)	ChEBI:CHEBI:18420	1;2						binding_site
O77460	203	ECO:0000250	Mg(2+)	ChEBI:CHEBI:18420	1						binding_site
O96553	133-135	ECO:0000250	substrate								binding_site
O96553	205-207	ECO:0000250	NADP(+)	ChEBI:CHEBI:58349							binding_site
O96553	230	ECO:0000250	NADP(+)	ChEBI:CHEBI:58349							binding_site
O96553	305-309	ECO:0000250	substrate								binding_site
O96553	413-420	ECO:0000250	ATP	ChEBI:CHEBI:30616							binding_site
O96553	86-90	ECO:0000250	substrate								binding_site
O96838	192	ECO:0000255|PROSITE-ProRule:PRU00091	Zn(2+)	ChEBI:CHEBI:29105	1						binding_site
O96838	195	ECO:0000255|PROSITE-ProRule:PRU00091	Zn(2+)	ChEBI:CHEBI:29105	1						binding_site
O96838	208	ECO:0000255|PROSITE-ProRule:PRU00091	Zn(2+)	ChEBI:CHEBI:29105	2						binding_site
O96838	211	ECO:0000255|PROSITE-ProRule:PRU00091	Zn(2+)	ChEBI:CHEBI:29105	2						binding_site
O96838	216	ECO:0000255|PROSITE-ProRule:PRU00091	Zn(2+)	ChEBI:CHEBI:29105	1						binding_site
O96838	219	ECO:0000255|PROSITE-ProRule:PRU00091	Zn(2+)	ChEBI:CHEBI:29105	1						binding_site
O96838	238	ECO:0000255|PROSITE-ProRule:PRU00091	Zn(2+)	ChEBI:CHEBI:29105	2						binding_site
O96838	241	ECO:0000255|PROSITE-ProRule:PRU00091	Zn(2+)	ChEBI:CHEBI:29105	2						binding_site
O97069	114-122	ECO:0000250	ATP	ChEBI:CHEBI:30616							binding_site
O97069	118	ECO:0000250	L-aspartate	ChEBI:CHEBI:29991							binding_site
O97069	122	ECO:0000250	L-aspartate;L-citrulline	ChEBI:CHEBI:29991;ChEBI:CHEBI:57743							binding_site
O97069	123	ECO:0000250	L-aspartate	ChEBI:CHEBI:29991							binding_site
O97069	126	ECO:0000250	L-citrulline	ChEBI:CHEBI:57743							binding_site
O97069	179	ECO:0000250	L-citrulline	ChEBI:CHEBI:57743							binding_site
O97069	188	ECO:0000250	L-citrulline	ChEBI:CHEBI:57743							binding_site
O97069	270	ECO:0000250	L-citrulline	ChEBI:CHEBI:57743							binding_site
O97069	282	ECO:0000250	L-citrulline	ChEBI:CHEBI:57743							binding_site
O97069	35	ECO:0000250	ATP	ChEBI:CHEBI:30616							binding_site
O97069	86	ECO:0000250	L-citrulline	ChEBI:CHEBI:57743							binding_site
O97069	9-17	ECO:0000250	ATP	ChEBI:CHEBI:30616							binding_site
O97069	91	ECO:0000250	L-citrulline	ChEBI:CHEBI:57743							binding_site
O97143	20-28	ECO:0000255|PROSITE-ProRule:PRU00159	ATP	ChEBI:CHEBI:30616							binding_site
O97143	43	ECO:0000255|PROSITE-ProRule:PRU00159	ATP	ChEBI:CHEBI:30616							binding_site
O97159	755-762	ECO:0000255|PROSITE-ProRule:PRU00541	ATP	ChEBI:CHEBI:30616							binding_site
O97422	163	ECO:0000250	Mn(2+)	ChEBI:CHEBI:29035							binding_site
O97477	144	ECO:0000250|UniProtKB:P11986	NAD(+)	ChEBI:CHEBI:57540							binding_site
O97477	180	ECO:0000250|UniProtKB:P11986	NAD(+)	ChEBI:CHEBI:57540							binding_site
O97477	181	ECO:0000250|UniProtKB:P11986	NAD(+)	ChEBI:CHEBI:57540							binding_site
O97477	191	ECO:0000250|UniProtKB:P11986	NAD(+)	ChEBI:CHEBI:57540							binding_site
O97477	194	ECO:0000250|UniProtKB:P11986	NAD(+)	ChEBI:CHEBI:57540							binding_site
O97477	231	ECO:0000250|UniProtKB:P11986	NAD(+)	ChEBI:CHEBI:57540							binding_site
O97477	232	ECO:0000250|UniProtKB:P11986	NAD(+)	ChEBI:CHEBI:57540							binding_site
O97477	233	ECO:0000250|UniProtKB:P11986	NAD(+)	ChEBI:CHEBI:57540							binding_site
O97477	234	ECO:0000250|UniProtKB:P11986	NAD(+)	ChEBI:CHEBI:57540							binding_site
O97477	282	ECO:0000250|UniProtKB:P11986	NAD(+)	ChEBI:CHEBI:57540							binding_site
O97477	283	ECO:0000250|UniProtKB:P11986	NAD(+)	ChEBI:CHEBI:57540							binding_site
O97477	307	ECO:0000250|UniProtKB:P11986	NAD(+)	ChEBI:CHEBI:57540							binding_site
O97477	310	ECO:0000250|UniProtKB:P11986	NAD(+)	ChEBI:CHEBI:57540							binding_site
O97477	341	ECO:0000250|UniProtKB:P11986	NAD(+)	ChEBI:CHEBI:57540							binding_site
O97477	342	ECO:0000250|UniProtKB:P11986	NAD(+)	ChEBI:CHEBI:57540							binding_site
O97477	343	ECO:0000250|UniProtKB:P11986	NAD(+)	ChEBI:CHEBI:57540							binding_site
O97477	356	ECO:0000250|UniProtKB:P11986	NAD(+)	ChEBI:CHEBI:57540							binding_site
O97477	394	ECO:0000250|UniProtKB:P11986	NAD(+)	ChEBI:CHEBI:57540							binding_site
O97477	395	ECO:0000250|UniProtKB:P11986	NAD(+)	ChEBI:CHEBI:57540							binding_site
O97477	423	ECO:0000250|UniProtKB:P11986	NAD(+)	ChEBI:CHEBI:57540							binding_site
O97477	424	ECO:0000250|UniProtKB:P11986	NAD(+)	ChEBI:CHEBI:57540							binding_site
O97477	70	ECO:0000250|UniProtKB:P11986	NAD(+)	ChEBI:CHEBI:57540							binding_site
O97477	71	ECO:0000250|UniProtKB:P11986	NAD(+)	ChEBI:CHEBI:57540							binding_site
O97477	72	ECO:0000250|UniProtKB:P11986	NAD(+)	ChEBI:CHEBI:57540							binding_site
O97477	73	ECO:0000250|UniProtKB:P11986	NAD(+)	ChEBI:CHEBI:57540							binding_site
P00334	12-41	ECO:0000269|PubMed:15581900	NAD(+)	ChEBI:CHEBI:57540							binding_site
P00334	140	ECO:0000269|PubMed:15581900	substrate								binding_site
P00334	157	ECO:0000269|PubMed:15581900	NAD(+)	ChEBI:CHEBI:57540							binding_site
P00334	65	ECO:0000269|PubMed:15581900	NAD(+)	ChEBI:CHEBI:57540							binding_site
P00399	238	ECO:0000250|UniProtKB:P00401	Cu cation	ChEBI:CHEBI:23378	B						binding_site
P00399	242	ECO:0000250|UniProtKB:P00396	O2	ChEBI:CHEBI:15379							binding_site
P00399	288	ECO:0000250|UniProtKB:P00401	Cu cation	ChEBI:CHEBI:23378	B						binding_site
P00399	289	ECO:0000250|UniProtKB:P00401	Cu cation	ChEBI:CHEBI:23378	B						binding_site
P00399	366	ECO:0000250|UniProtKB:P00401	Mg(2+)	ChEBI:CHEBI:18420		ligand shared with subunit 2					binding_site
P00399	367	ECO:0000250|UniProtKB:P00401	Mg(2+)	ChEBI:CHEBI:18420		ligand shared with subunit 2					binding_site
P00399	374	ECO:0000250|UniProtKB:P00401	heme a3	ChEBI:CHEBI:83282		high-spin	Fe	ChEBI:CHEBI:18248		axial binding residue	binding_site
P00399	376	ECO:0000250|UniProtKB:P00401	Fe(II)-heme a	ChEBI:CHEBI:61715		low-spin	Fe	ChEBI:CHEBI:18248		axial binding residue	binding_site
P00399	38	ECO:0000250|UniProtKB:P00401	Ca(2+)	ChEBI:CHEBI:29108							binding_site
P00399	43	ECO:0000250|UniProtKB:P00401	Ca(2+)	ChEBI:CHEBI:29108							binding_site
P00399	59	ECO:0000250|UniProtKB:P00401	Fe(II)-heme a	ChEBI:CHEBI:61715		low-spin	Fe	ChEBI:CHEBI:18248		axial binding residue	binding_site
P00408	161	ECO:0000250|UniProtKB:P00410	Cu cation	ChEBI:CHEBI:23378	A1						binding_site
P00408	196	ECO:0000250|UniProtKB:P00410	Cu cation	ChEBI:CHEBI:23378	A1;A2						binding_site
P00408	198	ECO:0000250|UniProtKB:P00410	Cu cation;Mg(2+)	ChEBI:CHEBI:23378;ChEBI:CHEBI:18420	A2	ligand shared with subunit 1					binding_site
P00408	200	ECO:0000250|UniProtKB:P00410	Cu cation	ChEBI:CHEBI:23378	A1;A2						binding_site
P00408	204	ECO:0000250|UniProtKB:P00410	Cu cation	ChEBI:CHEBI:23378	A2						binding_site
P00408	207	ECO:0000250|UniProtKB:P00410	Cu cation	ChEBI:CHEBI:23378	A1						binding_site
P00522	377-385	ECO:0000255|PROSITE-ProRule:PRU00159	ATP	ChEBI:CHEBI:30616							binding_site
P00522	400	ECO:0000255|PROSITE-ProRule:PRU00159	ATP	ChEBI:CHEBI:30616							binding_site
P00522	445-451	ECO:0000255|PROSITE-ProRule:PRU00159	ATP	ChEBI:CHEBI:30616							binding_site
P00528	290-298	ECO:0000255|PROSITE-ProRule:PRU00159	ATP	ChEBI:CHEBI:30616							binding_site
P00528	312	ECO:0000255|PROSITE-ProRule:PRU00159	ATP	ChEBI:CHEBI:30616							binding_site
P00967	1164-1166	ECO:0000250|UniProtKB:P22102	N(1)-(5-phospho-beta-D-ribosyl)glycinamide	ChEBI:CHEBI:143788							binding_site
P00967	1219	ECO:0000250|UniProtKB:P22102	(6R)-10-formyltetrahydrofolate	ChEBI:CHEBI:195366							binding_site
P00967	1244-1247	ECO:0000250|UniProtKB:P22102	(6R)-10-formyltetrahydrofolate	ChEBI:CHEBI:195366							binding_site
P00967	1261	ECO:0000250|UniProtKB:P22102	(6R)-10-formyltetrahydrofolate	ChEBI:CHEBI:195366							binding_site
P00967	1295-1299	ECO:0000250|UniProtKB:P22102	(6R)-10-formyltetrahydrofolate	ChEBI:CHEBI:195366							binding_site
P00967	1325-1328	ECO:0000250|UniProtKB:P22102	N(1)-(5-phospho-beta-D-ribosyl)glycinamide	ChEBI:CHEBI:143788							binding_site
P00967	193-196	ECO:0000250|UniProtKB:P22102	ATP	ChEBI:CHEBI:30616							binding_site
P00967	200	ECO:0000250|UniProtKB:P22102	ATP	ChEBI:CHEBI:30616							binding_site
P00967	223	ECO:0000250|UniProtKB:P22102	ATP	ChEBI:CHEBI:30616							binding_site
P00967	232	ECO:0000250|UniProtKB:P22102	ATP	ChEBI:CHEBI:30616							binding_site
P00967	291	ECO:0000255|PROSITE-ProRule:PRU00409	Mg(2+)	ChEBI:CHEBI:18420							binding_site
P00967	293	ECO:0000255|PROSITE-ProRule:PRU00409	Mg(2+)	ChEBI:CHEBI:18420							binding_site
P02828	100	ECO:0000250	ATP	ChEBI:CHEBI:30616							binding_site
P02828	126	ECO:0000250	ATP	ChEBI:CHEBI:30616							binding_site
P02828	385	ECO:0000250	ATP	ChEBI:CHEBI:30616							binding_site
P02828	39	ECO:0000250	ATP	ChEBI:CHEBI:30616							binding_site
P02828	81	ECO:0000250	ATP	ChEBI:CHEBI:30616							binding_site
P04052	107	ECO:0000250|UniProtKB:P04050	Zn(2+)	ChEBI:CHEBI:29105	2						binding_site
P04052	110	ECO:0000250|UniProtKB:P04050	Zn(2+)	ChEBI:CHEBI:29105	2						binding_site
P04052	150	ECO:0000250|UniProtKB:P04050	Zn(2+)	ChEBI:CHEBI:29105	2						binding_site
P04052	176	ECO:0000250|UniProtKB:P04050	Zn(2+)	ChEBI:CHEBI:29105	2						binding_site
P04052	487	ECO:0000250|UniProtKB:P04050	Mg(2+)	ChEBI:CHEBI:18420	1;2	catalytic;ligand shared with RPB2					binding_site
P04052	489	ECO:0000250|UniProtKB:P04050	Mg(2+)	ChEBI:CHEBI:18420	1;2	catalytic;ligand shared with RPB2					binding_site
P04052	491	ECO:0000250|UniProtKB:P04050	Mg(2+)	ChEBI:CHEBI:18420	1	catalytic					binding_site
P04052	67	ECO:0000250|UniProtKB:P04050	Zn(2+)	ChEBI:CHEBI:29105	1						binding_site
P04052	70	ECO:0000250|UniProtKB:P04050	Zn(2+)	ChEBI:CHEBI:29105	1						binding_site
P04052	77	ECO:0000250|UniProtKB:P04050	Zn(2+)	ChEBI:CHEBI:29105	1						binding_site
P04052	80	ECO:0000250|UniProtKB:P04050	Zn(2+)	ChEBI:CHEBI:29105	1						binding_site
P04388	118-121	ECO:0000250	GTP	ChEBI:CHEBI:37565							binding_site
P04388	12-19	ECO:0000250	GTP	ChEBI:CHEBI:37565							binding_site
P04388	59-63	ECO:0000250	GTP	ChEBI:CHEBI:37565							binding_site
P04412	944-952	ECO:0000255|PROSITE-ProRule:PRU00159	ATP	ChEBI:CHEBI:30616							binding_site
P04412	971	ECO:0000255|PROSITE-ProRule:PRU00159	ATP	ChEBI:CHEBI:30616							binding_site
P04657	17		heme c	ChEBI:CHEBI:61717						covalent	binding_site
P04657	20		heme c	ChEBI:CHEBI:61717						covalent	binding_site
P04657	21		heme c	ChEBI:CHEBI:61717			Fe	ChEBI:CHEBI:18248		axial binding residue	binding_site
P04657	83		heme c	ChEBI:CHEBI:61717			Fe	ChEBI:CHEBI:18248		axial binding residue	binding_site
P05031	117	ECO:0000269|PubMed:20098687	substrate								binding_site
P05031	183	ECO:0000269|PubMed:20098687	pyridoxal 5'-phosphate	ChEBI:CHEBI:597326							binding_site
P05031	184	ECO:0000269|PubMed:20098687	pyridoxal 5'-phosphate	ChEBI:CHEBI:597326							binding_site
P05031	227	ECO:0000269|PubMed:20098687	pyridoxal 5'-phosphate;substrate	ChEBI:CHEBI:597326							binding_site
P05031	305	ECO:0000269|PubMed:20098687	pyridoxal 5'-phosphate	ChEBI:CHEBI:597326							binding_site
P05031	334	ECO:0000269|PubMed:20098687	pyridoxal 5'-phosphate	ChEBI:CHEBI:597326							binding_site
P05130	205	ECO:0000255|PROSITE-ProRule:PRU00041	Ca(2+)	ChEBI:CHEBI:29108	1;2						binding_site
P05130	211	ECO:0000255|PROSITE-ProRule:PRU00041	Ca(2+)	ChEBI:CHEBI:29108	1						binding_site
P05130	264	ECO:0000255|PROSITE-ProRule:PRU00041	Ca(2+)	ChEBI:CHEBI:29108	1;2						binding_site
P05130	266	ECO:0000255|PROSITE-ProRule:PRU00041	Ca(2+)	ChEBI:CHEBI:29108	1;2;3						binding_site
P05130	269	ECO:0000255|PROSITE-ProRule:PRU00041	Ca(2+)	ChEBI:CHEBI:29108	3						binding_site
P05130	272	ECO:0000255|PROSITE-ProRule:PRU00041	Ca(2+)	ChEBI:CHEBI:29108	2;3						binding_site
P05130	356-364	ECO:0000255|PROSITE-ProRule:PRU00159	ATP	ChEBI:CHEBI:30616							binding_site
P05130	379	ECO:0000255|PROSITE-ProRule:PRU00159	ATP	ChEBI:CHEBI:30616							binding_site
P05303	14-21	ECO:0000250	GTP	ChEBI:CHEBI:37565							binding_site
P05303	153-156	ECO:0000250	GTP	ChEBI:CHEBI:37565							binding_site
P05303	91-95	ECO:0000250	GTP	ChEBI:CHEBI:37565							binding_site
P05661	179-186	ECO:0000250	ATP	ChEBI:CHEBI:30616							binding_site
P05990	1102	ECO:0000250|UniProtKB:P00968	ATP	ChEBI:CHEBI:30616	2						binding_site
P05990	1141	ECO:0000250|UniProtKB:P00968	ATP	ChEBI:CHEBI:30616	2						binding_site
P05990	1143	ECO:0000250|UniProtKB:P00968	ATP	ChEBI:CHEBI:30616	2						binding_site
P05990	1148	ECO:0000250|UniProtKB:P00968	ATP	ChEBI:CHEBI:30616	2						binding_site
P05990	1173	ECO:0000250|UniProtKB:P00968	ATP	ChEBI:CHEBI:30616	2						binding_site
P05990	1174	ECO:0000250|UniProtKB:P00968	ATP	ChEBI:CHEBI:30616	2						binding_site
P05990	1175	ECO:0000250|UniProtKB:P00968	ATP	ChEBI:CHEBI:30616	2						binding_site
P05990	1176	ECO:0000250|UniProtKB:P00968	ATP	ChEBI:CHEBI:30616	2						binding_site
P05990	1216	ECO:0000250|UniProtKB:P00968;ECO:0000255|PROSITE-ProRule:PRU00409	ATP;Mg(2+);Mn(2+)	ChEBI:CHEBI:30616;ChEBI:CHEBI:18420;ChEBI:CHEBI:29035	2;3						binding_site
P05990	1228	ECO:0000250|UniProtKB:P00968;ECO:0000255|PROSITE-ProRule:PRU00409	ATP;Mg(2+);Mn(2+)	ChEBI:CHEBI:30616;ChEBI:CHEBI:18420;ChEBI:CHEBI:29035	2;3;4						binding_site
P05990	1230	ECO:0000255|PROSITE-ProRule:PRU00409	Mg(2+);Mn(2+)	ChEBI:CHEBI:18420;ChEBI:CHEBI:29035	4						binding_site
P05990	1486	ECO:0000250|UniProtKB:P27708	Zn(2+)	ChEBI:CHEBI:29105	1;2						binding_site
P05990	1488	ECO:0000250|UniProtKB:P27708	Zn(2+)	ChEBI:CHEBI:29105	1						binding_site
P05990	1490	ECO:0000250|UniProtKB:P27708	(S)-dihydroorotate	ChEBI:CHEBI:30864							binding_site
P05990	1520	ECO:0000250|UniProtKB:P27708	(S)-dihydroorotate	ChEBI:CHEBI:30864							binding_site
P05990	1571	ECO:0000250|UniProtKB:P27708	Zn(2+)	ChEBI:CHEBI:29105	1;3					via carbamate group	binding_site
P05990	1605	ECO:0000250|UniProtKB:P27708	Zn(2+)	ChEBI:CHEBI:29105	3						binding_site
P05990	1628	ECO:0000250|UniProtKB:P27708	Zn(2+)	ChEBI:CHEBI:29105	2						binding_site
P05990	1629	ECO:0000250|UniProtKB:P27708	Zn(2+)	ChEBI:CHEBI:29105	3						binding_site
P05990	1652	ECO:0000250|UniProtKB:P27708	Zn(2+)	ChEBI:CHEBI:29105	2						binding_site
P05990	1676	ECO:0000250|UniProtKB:P27708	(S)-dihydroorotate	ChEBI:CHEBI:30864							binding_site
P05990	1701	ECO:0000250|UniProtKB:P27708	Zn(2+)	ChEBI:CHEBI:29105	1						binding_site
P05990	1705	ECO:0000250|UniProtKB:P27708	(S)-dihydroorotate	ChEBI:CHEBI:30864							binding_site
P05990	1717	ECO:0000250|UniProtKB:P27708	(S)-dihydroorotate	ChEBI:CHEBI:30864							binding_site
P05990	1970	ECO:0000250|UniProtKB:P0A786	carbamoyl phosphate	ChEBI:CHEBI:58228							binding_site
P05990	1971	ECO:0000250|UniProtKB:P0A786	carbamoyl phosphate	ChEBI:CHEBI:58228							binding_site
P05990	1998	ECO:0000250|UniProtKB:P0A786	L-aspartate	ChEBI:CHEBI:29991							binding_site
P05990	2019	ECO:0000250|UniProtKB:P0A786	carbamoyl phosphate	ChEBI:CHEBI:58228							binding_site
P05990	2047	ECO:0000250|UniProtKB:P0A786	carbamoyl phosphate	ChEBI:CHEBI:58228							binding_site
P05990	2050	ECO:0000250|UniProtKB:P0A786	carbamoyl phosphate	ChEBI:CHEBI:58228							binding_site
P05990	2080	ECO:0000250|UniProtKB:P0A786	L-aspartate	ChEBI:CHEBI:29991							binding_site
P05990	2141	ECO:0000250|UniProtKB:P0A786	L-aspartate	ChEBI:CHEBI:29991							binding_site
P05990	2180	ECO:0000250|UniProtKB:P0A786	carbamoyl phosphate	ChEBI:CHEBI:58228							binding_site
P05990	2181	ECO:0000250|UniProtKB:P0A786	carbamoyl phosphate	ChEBI:CHEBI:58228							binding_site
P05990	240	ECO:0000250|UniProtKB:P0A6F1	L-glutamine	ChEBI:CHEBI:58359							binding_site
P05990	242	ECO:0000250|UniProtKB:P0A6F1	L-glutamine	ChEBI:CHEBI:58359							binding_site
P05990	270	ECO:0000250|UniProtKB:P0A6F1	L-glutamine	ChEBI:CHEBI:58359							binding_site
P05990	273	ECO:0000250|UniProtKB:P0A6F1	L-glutamine	ChEBI:CHEBI:58359							binding_site
P05990	311	ECO:0000250|UniProtKB:P0A6F1	L-glutamine	ChEBI:CHEBI:58359							binding_site
P05990	313	ECO:0000250|UniProtKB:P0A6F1	L-glutamine	ChEBI:CHEBI:58359							binding_site
P05990	314	ECO:0000250|UniProtKB:P0A6F1	L-glutamine	ChEBI:CHEBI:58359							binding_site
P05990	525	ECO:0000250|UniProtKB:P00968	ATP	ChEBI:CHEBI:30616	1						binding_site
P05990	55	ECO:0000250|UniProtKB:P0A6F1	L-glutamine	ChEBI:CHEBI:58359							binding_site
P05990	565	ECO:0000250|UniProtKB:P00968	ATP	ChEBI:CHEBI:30616	1						binding_site
P05990	571	ECO:0000250|UniProtKB:P00968	ATP	ChEBI:CHEBI:30616	1						binding_site
P05990	572	ECO:0000250|UniProtKB:P00968	ATP	ChEBI:CHEBI:30616	1						binding_site
P05990	602	ECO:0000250|UniProtKB:P00968	ATP	ChEBI:CHEBI:30616	1						binding_site
P05990	609	ECO:0000250|UniProtKB:P00968	ATP	ChEBI:CHEBI:30616	1						binding_site
P05990	635	ECO:0000250|UniProtKB:P00968	ATP	ChEBI:CHEBI:30616	1						binding_site
P05990	636	ECO:0000250|UniProtKB:P00968	ATP	ChEBI:CHEBI:30616	1						binding_site
P05990	637	ECO:0000250|UniProtKB:P00968	ATP	ChEBI:CHEBI:30616	1						binding_site
P05990	678	ECO:0000250|UniProtKB:P00968;ECO:0000255|PROSITE-ProRule:PRU00409	ATP;Mg(2+);Mn(2+)	ChEBI:CHEBI:30616;ChEBI:CHEBI:18420;ChEBI:CHEBI:29035	1						binding_site
P05990	692	ECO:0000250|UniProtKB:P00968;ECO:0000255|PROSITE-ProRule:PRU00409	ATP;Mg(2+);Mn(2+)	ChEBI:CHEBI:30616;ChEBI:CHEBI:18420;ChEBI:CHEBI:29035	1;2						binding_site
P05990	694	ECO:0000255|PROSITE-ProRule:PRU00409	Mg(2+);Mn(2+)	ChEBI:CHEBI:18420;ChEBI:CHEBI:29035	2						binding_site
P06603	11	ECO:0000250|UniProtKB:P68363	GTP	ChEBI:CHEBI:37565							binding_site
P06603	140	ECO:0000250|UniProtKB:P68363	GTP	ChEBI:CHEBI:37565							binding_site
P06603	144	ECO:0000250|UniProtKB:P68363	GTP	ChEBI:CHEBI:37565							binding_site
P06603	145	ECO:0000250|UniProtKB:P68363	GTP	ChEBI:CHEBI:37565							binding_site
P06603	179	ECO:0000250|UniProtKB:P68363	GTP	ChEBI:CHEBI:37565							binding_site
P06603	206	ECO:0000250|UniProtKB:P68363	GTP	ChEBI:CHEBI:37565							binding_site
P06603	228	ECO:0000250|UniProtKB:P68363	GTP	ChEBI:CHEBI:37565							binding_site
P06603	71	ECO:0000250|UniProtKB:P68363	GTP;Mg(2+)	ChEBI:CHEBI:37565;ChEBI:CHEBI:18420							binding_site
P06604	11	ECO:0000250|UniProtKB:P68363	GTP	ChEBI:CHEBI:37565							binding_site
P06604	140	ECO:0000250|UniProtKB:P68363	GTP	ChEBI:CHEBI:37565							binding_site
P06604	144	ECO:0000250|UniProtKB:P68363	GTP	ChEBI:CHEBI:37565							binding_site
P06604	145	ECO:0000250|UniProtKB:P68363	GTP	ChEBI:CHEBI:37565							binding_site
P06604	179	ECO:0000250|UniProtKB:P68363	GTP	ChEBI:CHEBI:37565							binding_site
P06604	206	ECO:0000250|UniProtKB:P68363	GTP	ChEBI:CHEBI:37565							binding_site
P06604	228	ECO:0000250|UniProtKB:P68363	GTP	ChEBI:CHEBI:37565							binding_site
P06604	71	ECO:0000250|UniProtKB:P68363	GTP;Mg(2+)	ChEBI:CHEBI:37565;ChEBI:CHEBI:18420							binding_site
P06605	11	ECO:0000250|UniProtKB:P68363	GTP	ChEBI:CHEBI:37565							binding_site
P06605	140	ECO:0000250|UniProtKB:P68363	GTP	ChEBI:CHEBI:37565							binding_site
P06605	144	ECO:0000250|UniProtKB:P68363	GTP	ChEBI:CHEBI:37565							binding_site
P06605	145	ECO:0000250|UniProtKB:P68363	GTP	ChEBI:CHEBI:37565							binding_site
P06605	179	ECO:0000250|UniProtKB:P68363	GTP	ChEBI:CHEBI:37565							binding_site
P06605	206	ECO:0000250|UniProtKB:P68363	GTP	ChEBI:CHEBI:37565							binding_site
P06605	228	ECO:0000250|UniProtKB:P68363	GTP	ChEBI:CHEBI:37565							binding_site
P06605	71	ECO:0000250|UniProtKB:P68363	GTP;Mg(2+)	ChEBI:CHEBI:37565;ChEBI:CHEBI:18420							binding_site
P06606	11	ECO:0000250|UniProtKB:P68363	GTP	ChEBI:CHEBI:37565							binding_site
P06606	151	ECO:0000250|UniProtKB:P68363	GTP	ChEBI:CHEBI:37565							binding_site
P06606	155	ECO:0000250|UniProtKB:P68363	GTP	ChEBI:CHEBI:37565							binding_site
P06606	156	ECO:0000250|UniProtKB:P68363	GTP	ChEBI:CHEBI:37565							binding_site
P06606	190	ECO:0000250|UniProtKB:P68363	GTP	ChEBI:CHEBI:37565							binding_site
P06606	217	ECO:0000250|UniProtKB:P68363	GTP	ChEBI:CHEBI:37565							binding_site
P06606	239	ECO:0000250|UniProtKB:P68363	GTP	ChEBI:CHEBI:37565							binding_site
P06606	82	ECO:0000250|UniProtKB:P68363	GTP;Mg(2+)	ChEBI:CHEBI:37565;ChEBI:CHEBI:18420							binding_site
P07486	11-12	ECO:0000250	NAD(+)	ChEBI:CHEBI:57540							binding_site
P07486	148-150	ECO:0000250	D-glyceraldehyde 3-phosphate	ChEBI:CHEBI:59776							binding_site
P07486	179	ECO:0000250	D-glyceraldehyde 3-phosphate	ChEBI:CHEBI:59776							binding_site
P07486	208-209	ECO:0000250	D-glyceraldehyde 3-phosphate	ChEBI:CHEBI:59776							binding_site
P07486	231	ECO:0000250	D-glyceraldehyde 3-phosphate	ChEBI:CHEBI:59776							binding_site
P07486	313	ECO:0000250	NAD(+)	ChEBI:CHEBI:57540							binding_site
P07486	32	ECO:0000250	NAD(+)	ChEBI:CHEBI:57540							binding_site
P07486	77	ECO:0000250	NAD(+)	ChEBI:CHEBI:57540							binding_site
P07487	11-12	ECO:0000250	NAD(+)	ChEBI:CHEBI:57540							binding_site
P07487	148-150	ECO:0000250	D-glyceraldehyde 3-phosphate	ChEBI:CHEBI:59776							binding_site
P07487	179	ECO:0000250	D-glyceraldehyde 3-phosphate	ChEBI:CHEBI:59776							binding_site
P07487	208-209	ECO:0000250	D-glyceraldehyde 3-phosphate	ChEBI:CHEBI:59776							binding_site
P07487	231	ECO:0000250	D-glyceraldehyde 3-phosphate	ChEBI:CHEBI:59776							binding_site
P07487	313	ECO:0000250	NAD(+)	ChEBI:CHEBI:57540							binding_site
P07487	32	ECO:0000250	NAD(+)	ChEBI:CHEBI:57540							binding_site
P07487	77	ECO:0000250	NAD(+)	ChEBI:CHEBI:57540							binding_site
P07664	4	ECO:0007744|PDB:7POH	Zn(2+)	ChEBI:CHEBI:29105							binding_site
P07664	61	ECO:0007744|PDB:7POH	Zn(2+)	ChEBI:CHEBI:29105							binding_site
P07664	64	ECO:0007744|PDB:7POH	Zn(2+)	ChEBI:CHEBI:29105							binding_site
P07664	7	ECO:0007744|PDB:7POH	Zn(2+)	ChEBI:CHEBI:29105							binding_site
P07668	496-508	ECO:0000250	CoA	ChEBI:CHEBI:57287							binding_site
P07668	534	ECO:0000250	CoA	ChEBI:CHEBI:57287							binding_site
P07668	656	ECO:0000250	CoA	ChEBI:CHEBI:57287							binding_site
P07764	147		substrate								binding_site
P07764	56		substrate								binding_site
P08144	116	ECO:0000250|UniProtKB:P04746	Ca(2+)	ChEBI:CHEBI:29108							binding_site
P08144	165	ECO:0000250|UniProtKB:P04746	Ca(2+)	ChEBI:CHEBI:29108							binding_site
P08144	174	ECO:0000250|UniProtKB:P04746	Ca(2+)	ChEBI:CHEBI:29108							binding_site
P08144	202	ECO:0000250|UniProtKB:P04746	chloride	ChEBI:CHEBI:17996							binding_site
P08144	208	ECO:0000250|UniProtKB:P04746	Ca(2+)	ChEBI:CHEBI:29108							binding_site
P08144	304	ECO:0000250|UniProtKB:P04746	chloride	ChEBI:CHEBI:17996							binding_site
P08144	343	ECO:0000250|UniProtKB:P04746	chloride	ChEBI:CHEBI:17996							binding_site
P08181	43-51	ECO:0000255|PROSITE-ProRule:PRU00159	ATP	ChEBI:CHEBI:30616							binding_site
P08181	66	ECO:0000255|PROSITE-ProRule:PRU00159	ATP	ChEBI:CHEBI:30616							binding_site
P08266	1121	ECO:0000250	Zn(2+)	ChEBI:CHEBI:29105							binding_site
P08266	1124	ECO:0000250	Zn(2+)	ChEBI:CHEBI:29105							binding_site
P08266	1139	ECO:0000250	Zn(2+)	ChEBI:CHEBI:29105							binding_site
P08266	1142	ECO:0000250	Zn(2+)	ChEBI:CHEBI:29105							binding_site
P08266	794	ECO:0000250	Mg(2+)	ChEBI:CHEBI:18420		ligand shared with RPB1					binding_site
P08630	195	ECO:0000255|PROSITE-ProRule:PRU00432	Zn(2+)	ChEBI:CHEBI:29105							binding_site
P08630	206	ECO:0000255|PROSITE-ProRule:PRU00432	Zn(2+)	ChEBI:CHEBI:29105							binding_site
P08630	207	ECO:0000255|PROSITE-ProRule:PRU00432	Zn(2+)	ChEBI:CHEBI:29105							binding_site
P08630	217	ECO:0000255|PROSITE-ProRule:PRU00432	Zn(2+)	ChEBI:CHEBI:29105							binding_site
P08630	532-540	ECO:0000255|PROSITE-ProRule:PRU00159	ATP	ChEBI:CHEBI:30616							binding_site
P08630	554	ECO:0000255|PROSITE-ProRule:PRU00159	ATP	ChEBI:CHEBI:30616							binding_site
P08645	10-17	ECO:0000250	GTP	ChEBI:CHEBI:37565							binding_site
P08645	116-119	ECO:0000250	GTP	ChEBI:CHEBI:37565							binding_site
P08645	57-61	ECO:0000250	GTP	ChEBI:CHEBI:37565							binding_site
P08646	10-17	ECO:0000250	GTP	ChEBI:CHEBI:37565							binding_site
P08646	116-119	ECO:0000250	GTP	ChEBI:CHEBI:37565							binding_site
P08646	57-61	ECO:0000250	GTP	ChEBI:CHEBI:37565							binding_site
P08736	14-21	ECO:0000250	GTP	ChEBI:CHEBI:37565							binding_site
P08736	153-156	ECO:0000250	GTP	ChEBI:CHEBI:37565							binding_site
P08736	91-95	ECO:0000250	GTP	ChEBI:CHEBI:37565							binding_site
P08841	11	ECO:0000250|UniProtKB:Q13509	GTP	ChEBI:CHEBI:37565							binding_site
P08841	144	ECO:0000250|UniProtKB:Q13509	GTP	ChEBI:CHEBI:37565							binding_site
P08841	148	ECO:0000250|UniProtKB:Q13509	GTP	ChEBI:CHEBI:37565							binding_site
P08841	149	ECO:0000250|UniProtKB:Q13509	GTP	ChEBI:CHEBI:37565							binding_site
P08841	150	ECO:0000250|UniProtKB:Q13509	GTP	ChEBI:CHEBI:37565							binding_site
P08841	210	ECO:0000250|UniProtKB:Q13509	GTP	ChEBI:CHEBI:37565							binding_site
P08841	232	ECO:0000250|UniProtKB:Q13509	GTP	ChEBI:CHEBI:37565							binding_site
P08841	75	ECO:0000250|UniProtKB:P68363	GTP;Mg(2+)	ChEBI:CHEBI:37565;ChEBI:CHEBI:18420							binding_site
P08879	106		ATP	ChEBI:CHEBI:30616							binding_site
P08879	116		ATP	ChEBI:CHEBI:30616							binding_site
P08879	13		ATP	ChEBI:CHEBI:30616							binding_site
P08879	61		ATP	ChEBI:CHEBI:30616							binding_site
P08879	89		ATP	ChEBI:CHEBI:30616							binding_site
P08879	95		ATP	ChEBI:CHEBI:30616							binding_site
P09052	289-296	ECO:0000255|PROSITE-ProRule:PRU00541	ATP	ChEBI:CHEBI:30616							binding_site
P09208	1377-1385	ECO:0000255|PROSITE-ProRule:PRU00159	ATP	ChEBI:CHEBI:30616							binding_site
P09208	1405	ECO:0000255|PROSITE-ProRule:PRU00159	ATP	ChEBI:CHEBI:30616							binding_site
P10090	130-137	ECO:0000255|PROSITE-ProRule:PRU00434	ATP	ChEBI:CHEBI:30616							binding_site
P10351	1084	ECO:0000250	Mo-molybdopterin	ChEBI:CHEBI:71302			Mo	ChEBI:CHEBI:28685			binding_site
P10351	113	ECO:0000250|UniProtKB:P22985	[2Fe-2S] cluster	ChEBI:CHEBI:190135	2						binding_site
P10351	116	ECO:0000250|UniProtKB:P22985	[2Fe-2S] cluster	ChEBI:CHEBI:190135	2						binding_site
P10351	148	ECO:0000250|UniProtKB:P22985	[2Fe-2S] cluster	ChEBI:CHEBI:190135	2						binding_site
P10351	150	ECO:0000250|UniProtKB:P22985	[2Fe-2S] cluster	ChEBI:CHEBI:190135	2						binding_site
P10351	255-262	ECO:0000250	FAD	ChEBI:CHEBI:57692							binding_site
P10351	335	ECO:0000250	FAD	ChEBI:CHEBI:57692							binding_site
P10351	345-349	ECO:0000250	FAD	ChEBI:CHEBI:57692							binding_site
P10351	358	ECO:0000250	FAD	ChEBI:CHEBI:57692							binding_site
P10351	406	ECO:0000250	FAD	ChEBI:CHEBI:57692							binding_site
P10351	424	ECO:0000250	FAD	ChEBI:CHEBI:57692							binding_site
P10351	43	ECO:0000250|UniProtKB:P22985	[2Fe-2S] cluster	ChEBI:CHEBI:190135	1						binding_site
P10351	48	ECO:0000250|UniProtKB:P22985	[2Fe-2S] cluster	ChEBI:CHEBI:190135	1						binding_site
P10351	51	ECO:0000250|UniProtKB:P22985	[2Fe-2S] cluster	ChEBI:CHEBI:190135	1						binding_site
P10351	73	ECO:0000250|UniProtKB:P22985	[2Fe-2S] cluster	ChEBI:CHEBI:190135	1						binding_site
P10351	772	ECO:0000250	Mo-molybdopterin	ChEBI:CHEBI:71302			Mo	ChEBI:CHEBI:28685			binding_site
P10351	803	ECO:0000250	Mo-molybdopterin	ChEBI:CHEBI:71302			Mo	ChEBI:CHEBI:28685			binding_site
P10351	807	ECO:0000250	substrate								binding_site
P10351	885	ECO:0000250	substrate								binding_site
P10351	917	ECO:0000250	Mo-molybdopterin	ChEBI:CHEBI:71302			Mo	ChEBI:CHEBI:28685			binding_site
P10351	919	ECO:0000250	substrate								binding_site
P10676	22-30	ECO:0000255|PROSITE-ProRule:PRU00159	ATP	ChEBI:CHEBI:30616							binding_site
P10676	45	ECO:0000255|PROSITE-ProRule:PRU00159	ATP	ChEBI:CHEBI:30616							binding_site
P11346	220	ECO:0000250	Zn(2+)	ChEBI:CHEBI:29105	1						binding_site
P11346	236	ECO:0000250	Zn(2+)	ChEBI:CHEBI:29105	2						binding_site
P11346	239	ECO:0000250	Zn(2+)	ChEBI:CHEBI:29105	2						binding_site
P11346	249	ECO:0000250	Zn(2+)	ChEBI:CHEBI:29105	1						binding_site
P11346	252	ECO:0000250	Zn(2+)	ChEBI:CHEBI:29105	1						binding_site
P11346	257	ECO:0000250	Zn(2+)	ChEBI:CHEBI:29105	2						binding_site
P11346	260	ECO:0000250	Zn(2+)	ChEBI:CHEBI:29105	2						binding_site
P11346	268	ECO:0000250	Zn(2+)	ChEBI:CHEBI:29105	1						binding_site
P11346	435-443	ECO:0000255|PROSITE-ProRule:PRU00159	ATP	ChEBI:CHEBI:30616							binding_site
P11346	455	ECO:0000255|PROSITE-ProRule:PRU00159	ATP	ChEBI:CHEBI:30616							binding_site
P11612	120	ECO:0000250	Mn(2+)	ChEBI:CHEBI:29035	2						binding_site
P11612	169	ECO:0000250	Mn(2+)	ChEBI:CHEBI:29035	2						binding_site
P11612	244	ECO:0000250	Mn(2+)	ChEBI:CHEBI:29035	2						binding_site
P11612	60	ECO:0000250	Mn(2+)	ChEBI:CHEBI:29035	1						binding_site
P11612	62	ECO:0000250	Mn(2+)	ChEBI:CHEBI:29035	1						binding_site
P11612	88	ECO:0000250	Mn(2+)	ChEBI:CHEBI:29035	1;2						binding_site
P12252	732-736	ECO:0000250	3',5'-cyclic AMP	ChEBI:CHEBI:58165							binding_site
P12252	736	ECO:0000250	a divalent metal cation	ChEBI:CHEBI:60240	1						binding_site
P12252	772	ECO:0000250	a divalent metal cation	ChEBI:CHEBI:60240	1						binding_site
P12252	773	ECO:0000250	3',5'-cyclic AMP;a divalent metal cation	ChEBI:CHEBI:58165;ChEBI:CHEBI:60240	1;2						binding_site
P12252	890	ECO:0000250	3',5'-cyclic AMP;a divalent metal cation	ChEBI:CHEBI:58165;ChEBI:CHEBI:60240	1						binding_site
P12252	941	ECO:0000250	3',5'-cyclic AMP	ChEBI:CHEBI:58165							binding_site
P12370	52-60	ECO:0000255|PROSITE-ProRule:PRU00159	ATP	ChEBI:CHEBI:30616							binding_site
P12370	75	ECO:0000255|PROSITE-ProRule:PRU00159	ATP	ChEBI:CHEBI:30616							binding_site
P12428	66-73	ECO:0000255|PROSITE-ProRule:PRU00434	ATP	ChEBI:CHEBI:30616							binding_site
P12646	175	ECO:0000250|UniProtKB:P11413	D-glucose 6-phosphate;NADP(+)	ChEBI:CHEBI:61548;ChEBI:CHEBI:58349	1						binding_site
P12646	205-209	ECO:0000250|UniProtKB:P11413	D-glucose 6-phosphate	ChEBI:CHEBI:61548							binding_site
P12646	243	ECO:0000250|UniProtKB:P11413	D-glucose 6-phosphate	ChEBI:CHEBI:61548							binding_site
P12646	262	ECO:0000250|UniProtKB:P11413	D-glucose 6-phosphate	ChEBI:CHEBI:61548							binding_site
P12646	362	ECO:0000250|UniProtKB:P11413	NADP(+)	ChEBI:CHEBI:58349	2						binding_site
P12646	365	ECO:0000250|UniProtKB:P11413	D-glucose 6-phosphate	ChEBI:CHEBI:61548							binding_site
P12646	370	ECO:0000250|UniProtKB:P11413	D-glucose 6-phosphate	ChEBI:CHEBI:61548							binding_site
P12646	371	ECO:0000250|UniProtKB:P11413	NADP(+)	ChEBI:CHEBI:58349	2						binding_site
P12646	375	ECO:0000250|UniProtKB:P11413	NADP(+)	ChEBI:CHEBI:58349	2						binding_site
P12646	398	ECO:0000250|UniProtKB:P11413	NADP(+)	ChEBI:CHEBI:58349	2						binding_site
P12646	400	ECO:0000250|UniProtKB:P11413	D-glucose 6-phosphate	ChEBI:CHEBI:61548							binding_site
P12646	406-408	ECO:0000250|UniProtKB:P11413	NADP(+)	ChEBI:CHEBI:58349	2						binding_site
P12646	42-49	ECO:0000250|UniProtKB:P11413	NADP(+)	ChEBI:CHEBI:58349	1						binding_site
P12646	426-428	ECO:0000250|UniProtKB:P11413	NADP(+)	ChEBI:CHEBI:58349	2						binding_site
P12646	492	ECO:0000250|UniProtKB:P11413	NADP(+)	ChEBI:CHEBI:58349	2						binding_site
P12646	508	ECO:0000250|UniProtKB:P11413	NADP(+)	ChEBI:CHEBI:58349	2						binding_site
P12646	514	ECO:0000250|UniProtKB:P11413	NADP(+)	ChEBI:CHEBI:58349	2						binding_site
P12646	76	ECO:0000250|UniProtKB:P11413	NADP(+)	ChEBI:CHEBI:58349	1						binding_site
P12982	122	ECO:0000250	Mn(2+)	ChEBI:CHEBI:29035	2						binding_site
P12982	171	ECO:0000250	Mn(2+)	ChEBI:CHEBI:29035	2						binding_site
P12982	246	ECO:0000250	Mn(2+)	ChEBI:CHEBI:29035	2						binding_site
P12982	62	ECO:0000250	Mn(2+)	ChEBI:CHEBI:29035	1						binding_site
P12982	64	ECO:0000250	Mn(2+)	ChEBI:CHEBI:29035	1						binding_site
P12982	90	ECO:0000250	Mn(2+)	ChEBI:CHEBI:29035	1;2						binding_site
P13060	162-165	ECO:0000250|UniProtKB:P32324	GTP	ChEBI:CHEBI:37565							binding_site
P13060	219-221	ECO:0000250|UniProtKB:P32324	GTP	ChEBI:CHEBI:37565							binding_site
P13060	26-33	ECO:0000250|UniProtKB:P32324	GTP	ChEBI:CHEBI:37565							binding_site
P13217	467	ECO:0000250	substrate								binding_site
P13217	469	ECO:0000250	substrate								binding_site
P13217	579	ECO:0000250	substrate								binding_site
P13217	606	ECO:0000250	substrate								binding_site
P13368	2215-2223	ECO:0000255|PROSITE-ProRule:PRU00159	ATP	ChEBI:CHEBI:30616							binding_site
P13368	2242	ECO:0000255|PROSITE-ProRule:PRU00159	ATP	ChEBI:CHEBI:30616							binding_site
P13395	2278	ECO:0000255|PROSITE-ProRule:PRU00448	Ca(2+)	ChEBI:CHEBI:29108	1						binding_site
P13395	2280	ECO:0000255|PROSITE-ProRule:PRU00448	Ca(2+)	ChEBI:CHEBI:29108	1						binding_site
P13395	2282	ECO:0000255|PROSITE-ProRule:PRU00448	Ca(2+)	ChEBI:CHEBI:29108	1						binding_site
P13395	2284	ECO:0000255|PROSITE-ProRule:PRU00448	Ca(2+)	ChEBI:CHEBI:29108	1						binding_site
P13395	2289	ECO:0000255|PROSITE-ProRule:PRU00448	Ca(2+)	ChEBI:CHEBI:29108	1						binding_site
P13395	2321	ECO:0000255|PROSITE-ProRule:PRU00448	Ca(2+)	ChEBI:CHEBI:29108	2						binding_site
P13395	2323	ECO:0000255|PROSITE-ProRule:PRU00448	Ca(2+)	ChEBI:CHEBI:29108	2						binding_site
P13395	2325	ECO:0000255|PROSITE-ProRule:PRU00448	Ca(2+)	ChEBI:CHEBI:29108	2						binding_site
P13395	2327	ECO:0000255|PROSITE-ProRule:PRU00448	Ca(2+)	ChEBI:CHEBI:29108	2						binding_site
P13395	2332	ECO:0000255|PROSITE-ProRule:PRU00448	Ca(2+)	ChEBI:CHEBI:29108	2						binding_site
P13582	193	ECO:0000250|UniProtKB:O97366	Ca(2+)	ChEBI:CHEBI:29108							binding_site
P13582	195	ECO:0000250|UniProtKB:Q9GRW0	Ca(2+)	ChEBI:CHEBI:29108							binding_site
P13582	198	ECO:0000250|UniProtKB:O97366	Ca(2+)	ChEBI:CHEBI:29108							binding_site
P13582	201	ECO:0000250|UniProtKB:O97366	Ca(2+)	ChEBI:CHEBI:29108							binding_site
P13607	526	ECO:0000250	ATP	ChEBI:CHEBI:30616							binding_site
P13677	222	ECO:0000255|PROSITE-ProRule:PRU00041	Ca(2+)	ChEBI:CHEBI:29108	1;2						binding_site
P13677	228	ECO:0000255|PROSITE-ProRule:PRU00041	Ca(2+)	ChEBI:CHEBI:29108	1						binding_site
P13677	281	ECO:0000255|PROSITE-ProRule:PRU00041	Ca(2+)	ChEBI:CHEBI:29108	1;2						binding_site
P13677	283	ECO:0000255|PROSITE-ProRule:PRU00041	Ca(2+)	ChEBI:CHEBI:29108	1;2;3						binding_site
P13677	286	ECO:0000255|PROSITE-ProRule:PRU00041	Ca(2+)	ChEBI:CHEBI:29108	3						binding_site
P13677	289	ECO:0000255|PROSITE-ProRule:PRU00041	Ca(2+)	ChEBI:CHEBI:29108	2;3						binding_site
P13677	377-385	ECO:0000255|PROSITE-ProRule:PRU00159	ATP	ChEBI:CHEBI:30616							binding_site
P13677	400	ECO:0000255|PROSITE-ProRule:PRU00159	ATP	ChEBI:CHEBI:30616							binding_site
P13678	414-422	ECO:0000255|PROSITE-ProRule:PRU00159	ATP	ChEBI:CHEBI:30616							binding_site
P13678	437	ECO:0000255|PROSITE-ProRule:PRU00159	ATP	ChEBI:CHEBI:30616							binding_site
P13706	11-16	ECO:0000250	NAD(+)	ChEBI:CHEBI:57540							binding_site
P13706	121	ECO:0000250	NAD(+);substrate	ChEBI:CHEBI:57540							binding_site
P13706	155	ECO:0000250	NAD(+)	ChEBI:CHEBI:57540							binding_site
P13706	270	ECO:0000250	NAD(+)	ChEBI:CHEBI:57540							binding_site
P13706	270-271	ECO:0000250	substrate								binding_site
P13706	299	ECO:0000250	NAD(+)	ChEBI:CHEBI:57540							binding_site
P13706	98	ECO:0000250	NAD(+)	ChEBI:CHEBI:57540							binding_site
P14199	127	ECO:0000255|PROSITE-ProRule:PRU00228	Zn(2+)	ChEBI:CHEBI:29105	1						binding_site
P14199	130	ECO:0000255|PROSITE-ProRule:PRU00228	Zn(2+)	ChEBI:CHEBI:29105	1						binding_site
P14199	142	ECO:0000255|PROSITE-ProRule:PRU00228	Zn(2+)	ChEBI:CHEBI:29105	2						binding_site
P14199	145	ECO:0000255|PROSITE-ProRule:PRU00228	Zn(2+)	ChEBI:CHEBI:29105	2						binding_site
P14199	151	ECO:0000255|PROSITE-ProRule:PRU00228	Zn(2+)	ChEBI:CHEBI:29105	1						binding_site
P14199	154	ECO:0000255|PROSITE-ProRule:PRU00228	Zn(2+)	ChEBI:CHEBI:29105	1						binding_site
P14199	160	ECO:0000255|PROSITE-ProRule:PRU00228	Zn(2+)	ChEBI:CHEBI:29105	2						binding_site
P14199	163	ECO:0000255|PROSITE-ProRule:PRU00228	Zn(2+)	ChEBI:CHEBI:29105	2						binding_site
P15007	225	ECO:0000250	substrate								binding_site
P15007	234	ECO:0000250	substrate								binding_site
P15007	312	ECO:0000250	Mg(2+)	ChEBI:CHEBI:18420							binding_site
P15007	361	ECO:0000250	Mg(2+);substrate	ChEBI:CHEBI:18420							binding_site
P15007	386	ECO:0000250	Mg(2+);substrate	ChEBI:CHEBI:18420							binding_site
P15007	438-441	ECO:0000250	substrate								binding_site
P15007	462	ECO:0000250	substrate								binding_site
P15348	101	ECO:0000250|UniProtKB:P11388	ATP	ChEBI:CHEBI:30616							binding_site
P15348	129-131	ECO:0000250|UniProtKB:P11388	ATP	ChEBI:CHEBI:30616							binding_site
P15348	142-149	ECO:0000250|UniProtKB:P11388	ATP	ChEBI:CHEBI:30616							binding_site
P15348	357-359	ECO:0000250|UniProtKB:P11388	ATP	ChEBI:CHEBI:30616							binding_site
P15348	441	ECO:0000255|PROSITE-ProRule:PRU00995	Mg(2+)	ChEBI:CHEBI:18420	1	catalytic					binding_site
P15348	521	ECO:0000255|PROSITE-ProRule:PRU00995	Mg(2+)	ChEBI:CHEBI:18420	1;2	catalytic					binding_site
P15348	523	ECO:0000255|PROSITE-ProRule:PRU00995	Mg(2+)	ChEBI:CHEBI:18420	2						binding_site
P15348	72	ECO:0000250|UniProtKB:P11388	ATP	ChEBI:CHEBI:30616							binding_site
P16163	214	ECO:0000250|UniProtKB:Q00511	urate	ChEBI:CHEBI:17775							binding_site
P16163	231	ECO:0000250|UniProtKB:Q00511	urate	ChEBI:CHEBI:17775							binding_site
P16163	279	ECO:0000250|UniProtKB:Q00511	urate	ChEBI:CHEBI:17775							binding_site
P16163	280	ECO:0000250|UniProtKB:Q00511	urate	ChEBI:CHEBI:17775							binding_site
P16163	306	ECO:0000250|UniProtKB:Q00511	urate	ChEBI:CHEBI:17775							binding_site
P16163	86	ECO:0000250|UniProtKB:Q00511	urate	ChEBI:CHEBI:17775							binding_site
P16163	87	ECO:0000250|UniProtKB:Q00511	urate	ChEBI:CHEBI:17775							binding_site
P16378	176-182	ECO:0000250	GTP	ChEBI:CHEBI:37565							binding_site
P16378	182	ECO:0000250	Mg(2+)	ChEBI:CHEBI:18420							binding_site
P16378	201-205	ECO:0000250	GTP	ChEBI:CHEBI:37565							binding_site
P16378	270-273	ECO:0000250	GTP	ChEBI:CHEBI:37565							binding_site
P16378	326	ECO:0000250	GTP	ChEBI:CHEBI:37565							binding_site
P16378	40-47	ECO:0000250	GTP	ChEBI:CHEBI:37565							binding_site
P16378	47	ECO:0000250	Mg(2+)	ChEBI:CHEBI:18420							binding_site
P16554	22-29	ECO:0000255	ATP	ChEBI:CHEBI:30616							binding_site
P16621	1638	ECO:0000250	substrate								binding_site
P16621	1670-1676	ECO:0000250	substrate								binding_site
P16621	1714	ECO:0000250	substrate								binding_site
P16621	70-82		heparin	ChEBI:CHEBI:28304							binding_site
P16905	132-247		3',5'-cyclic AMP	ChEBI:CHEBI:58165	1						binding_site
P16905	197		3',5'-cyclic AMP	ChEBI:CHEBI:58165	1						binding_site
P16905	206		3',5'-cyclic AMP	ChEBI:CHEBI:58165	1						binding_site
P16905	250-371		3',5'-cyclic AMP	ChEBI:CHEBI:58165	2						binding_site
P16905	321		3',5'-cyclic AMP	ChEBI:CHEBI:58165	2						binding_site
P16905	330		3',5'-cyclic AMP	ChEBI:CHEBI:58165	2						binding_site
P16911	51-59	ECO:0000255|PROSITE-ProRule:PRU00159	ATP	ChEBI:CHEBI:30616							binding_site
P16911	74	ECO:0000255|PROSITE-ProRule:PRU00159	ATP	ChEBI:CHEBI:30616							binding_site
P16912	280-288	ECO:0000255|PROSITE-ProRule:PRU00159	ATP	ChEBI:CHEBI:30616							binding_site
P16912	303	ECO:0000255|PROSITE-ProRule:PRU00159	ATP	ChEBI:CHEBI:30616							binding_site
P17210	92-99	ECO:0000255|PROSITE-ProRule:PRU00283	ATP	ChEBI:CHEBI:30616							binding_site
P17276	284	ECO:0000250	Fe cation	ChEBI:CHEBI:24875							binding_site
P17276	289	ECO:0000250	Fe cation	ChEBI:CHEBI:24875							binding_site
P17276	329	ECO:0000250	Fe cation	ChEBI:CHEBI:24875							binding_site
P17336	356	ECO:0000250|UniProtKB:P04040	heme	ChEBI:CHEBI:30413			Fe	ChEBI:CHEBI:18248		axial binding residue	binding_site
P17719	113-120	ECO:0000250	NADP(+)	ChEBI:CHEBI:58349							binding_site
P17719	15-21	ECO:0000250	NADP(+)	ChEBI:CHEBI:58349							binding_site
P17719	29-34	ECO:0000250	substrate								binding_site
P17719	53-55	ECO:0000250	NADP(+)	ChEBI:CHEBI:58349							binding_site
P17719	69	ECO:0000250	substrate								binding_site
P17719	75-77	ECO:0000250	NADP(+)	ChEBI:CHEBI:58349							binding_site
P17719	9	ECO:0000250	NADP(+)	ChEBI:CHEBI:58349							binding_site
P18091	791	ECO:0000255|PROSITE-ProRule:PRU00448	Ca(2+)	ChEBI:CHEBI:29108							binding_site
P18091	793	ECO:0000255|PROSITE-ProRule:PRU00448	Ca(2+)	ChEBI:CHEBI:29108							binding_site
P18091	795	ECO:0000255|PROSITE-ProRule:PRU00448	Ca(2+)	ChEBI:CHEBI:29108							binding_site
P18091	797	ECO:0000255|PROSITE-ProRule:PRU00448	Ca(2+)	ChEBI:CHEBI:29108							binding_site
P18091	802	ECO:0000255|PROSITE-ProRule:PRU00448	Ca(2+)	ChEBI:CHEBI:29108							binding_site
P18105	87-94	ECO:0000255|PROSITE-ProRule:PRU00283	ATP	ChEBI:CHEBI:30616							binding_site
P18106	1069-1077	ECO:0000255|PROSITE-ProRule:PRU00159	ATP	ChEBI:CHEBI:30616							binding_site
P18106	1092	ECO:0000255|PROSITE-ProRule:PRU00159	ATP	ChEBI:CHEBI:30616							binding_site
P18173	66-95	ECO:0000305	FAD	ChEBI:CHEBI:57692							binding_site
P18431	60-68	ECO:0000255|PROSITE-ProRule:PRU00159	ATP	ChEBI:CHEBI:30616							binding_site
P18431	83	ECO:0000255|PROSITE-ProRule:PRU00159	ATP	ChEBI:CHEBI:30616							binding_site
P18432	88	ECO:0000255|PROSITE-ProRule:PRU00448	Ca(2+)	ChEBI:CHEBI:29108							binding_site
P18432	90	ECO:0000255|PROSITE-ProRule:PRU00448	Ca(2+)	ChEBI:CHEBI:29108							binding_site
P18432	92	ECO:0000255|PROSITE-ProRule:PRU00448	Ca(2+)	ChEBI:CHEBI:29108							binding_site
P18432	99	ECO:0000255|PROSITE-ProRule:PRU00448	Ca(2+)	ChEBI:CHEBI:29108							binding_site
P18459	409	ECO:0000250	Fe cation	ChEBI:CHEBI:24875							binding_site
P18459	414	ECO:0000250	Fe cation	ChEBI:CHEBI:24875							binding_site
P18459	454	ECO:0000250	Fe cation	ChEBI:CHEBI:24875							binding_site
P18475	481-489	ECO:0000255|PROSITE-ProRule:PRU00159	ATP	ChEBI:CHEBI:30616							binding_site
P18475	502	ECO:0000255|PROSITE-ProRule:PRU00159	ATP	ChEBI:CHEBI:30616							binding_site
P18935	183	ECO:0000250|UniProtKB:P00157	heme b	ChEBI:CHEBI:60344	b562		Fe	ChEBI:CHEBI:18248		axial binding residue	binding_site
P18935	197	ECO:0000250|UniProtKB:P00157	heme b	ChEBI:CHEBI:60344	b566		Fe	ChEBI:CHEBI:18248		axial binding residue	binding_site
P18935	202	ECO:0000250|UniProtKB:P00157	a ubiquinone	ChEBI:CHEBI:16389							binding_site
P18935	84	ECO:0000250|UniProtKB:P00157	heme b	ChEBI:CHEBI:60344	b562		Fe	ChEBI:CHEBI:18248		axial binding residue	binding_site
P18935	98	ECO:0000250|UniProtKB:P00157	heme b	ChEBI:CHEBI:60344	b566		Fe	ChEBI:CHEBI:18248		axial binding residue	binding_site
P19109	325-332	ECO:0000255|PROSITE-ProRule:PRU00541	ATP	ChEBI:CHEBI:30616							binding_site
P19967	59	ECO:0000255|PROSITE-ProRule:PRU00279	heme	ChEBI:CHEBI:30413			Fe	ChEBI:CHEBI:18248		axial binding residue	binding_site
P19967	82	ECO:0000255|PROSITE-ProRule:PRU00279	heme	ChEBI:CHEBI:30413			Fe	ChEBI:CHEBI:18248		axial binding residue	binding_site
P20007	112	ECO:0000250|UniProtKB:P07379	substrate								binding_site
P20007	261-263	ECO:0000250|UniProtKB:P07379	substrate								binding_site
P20007	270	ECO:0000250|UniProtKB:P07379	Mn(2+)	ChEBI:CHEBI:29035							binding_site
P20007	290	ECO:0000250|UniProtKB:P07379	Mn(2+)	ChEBI:CHEBI:29035							binding_site
P20007	312	ECO:0000250|UniProtKB:P07379	substrate								binding_site
P20007	313-318	ECO:0000250|UniProtKB:P07379	GTP	ChEBI:CHEBI:37565							binding_site
P20007	337	ECO:0000250|UniProtKB:P07379	Mn(2+)	ChEBI:CHEBI:29035							binding_site
P20007	429-431	ECO:0000250|UniProtKB:P07379	substrate								binding_site
P20007	431	ECO:0000250|UniProtKB:P07379	GTP	ChEBI:CHEBI:37565							binding_site
P20007	462	ECO:0000250|UniProtKB:P07379	GTP	ChEBI:CHEBI:37565							binding_site
P20007	554-557	ECO:0000250|UniProtKB:P07379	GTP	ChEBI:CHEBI:37565							binding_site
P20228	107-109	ECO:0000250	substrate								binding_site
P20228	483	ECO:0000250	substrate								binding_site
P20232	275	ECO:0000255|PROSITE-ProRule:PRU00472	Zn(2+)	ChEBI:CHEBI:29105							binding_site
P20232	278	ECO:0000255|PROSITE-ProRule:PRU00472	Zn(2+)	ChEBI:CHEBI:29105							binding_site
P20232	303	ECO:0000255|PROSITE-ProRule:PRU00472	Zn(2+)	ChEBI:CHEBI:29105							binding_site
P20232	306	ECO:0000255|PROSITE-ProRule:PRU00472	Zn(2+)	ChEBI:CHEBI:29105							binding_site
P20348	104-106	ECO:0000250	substrate								binding_site
P20348	37	ECO:0000250	substrate								binding_site
P20349	110-112	ECO:0000250	substrate								binding_site
P20349	42	ECO:0000250	substrate								binding_site
P20351	128	ECO:0000255|HAMAP-Rule:MF_03020	substrate								binding_site
P20351	312	ECO:0000255|HAMAP-Rule:MF_03020, ECO:0000269|PubMed:23333332, ECO:0007744|PDB:4HKA	heme	ChEBI:CHEBI:30413			Fe	ChEBI:CHEBI:18248		axial binding residue	binding_site
P20351	327	ECO:0000255|HAMAP-Rule:MF_03020	substrate								binding_site
P20351	57-61	ECO:0000255|HAMAP-Rule:MF_03020	substrate								binding_site
P20353	176-182	ECO:0000250	GTP	ChEBI:CHEBI:37565							binding_site
P20353	182	ECO:0000250	Mg(2+)	ChEBI:CHEBI:18420							binding_site
P20353	201-205	ECO:0000250	GTP	ChEBI:CHEBI:37565							binding_site
P20353	270-273	ECO:0000250	GTP	ChEBI:CHEBI:37565							binding_site
P20353	327	ECO:0000250	GTP	ChEBI:CHEBI:37565							binding_site
P20353	41-48	ECO:0000250	GTP	ChEBI:CHEBI:37565							binding_site
P20353	48	ECO:0000250	Mg(2+)	ChEBI:CHEBI:18420							binding_site
P20354	186-192	ECO:0000250	GTP	ChEBI:CHEBI:37565							binding_site
P20354	192	ECO:0000250	Mg(2+)	ChEBI:CHEBI:18420							binding_site
P20354	211-215	ECO:0000250	GTP	ChEBI:CHEBI:37565							binding_site
P20354	280-283	ECO:0000250	GTP	ChEBI:CHEBI:37565							binding_site
P20354	357	ECO:0000250	GTP	ChEBI:CHEBI:37565							binding_site
P20354	50-57	ECO:0000250	GTP	ChEBI:CHEBI:37565							binding_site
P20354	57	ECO:0000250	Mg(2+)	ChEBI:CHEBI:18420							binding_site
P20432	10	ECO:0000269|PubMed:20417639	glutathione	ChEBI:CHEBI:57925							binding_site
P20432	51-53		glutathione	ChEBI:CHEBI:57925							binding_site
P20432	65-67		glutathione	ChEBI:CHEBI:57925							binding_site
P20480	434-441	ECO:0000255|PROSITE-ProRule:PRU00283	ATP	ChEBI:CHEBI:30616							binding_site
P20659	3598	ECO:0000255|PROSITE-ProRule:PRU00190	S-adenosyl-L-methionine	ChEBI:CHEBI:59789							binding_site
P20659	3600	ECO:0000255|PROSITE-ProRule:PRU00190	S-adenosyl-L-methionine	ChEBI:CHEBI:59789							binding_site
P20659	3642	ECO:0000255|PROSITE-ProRule:PRU00190	S-adenosyl-L-methionine	ChEBI:CHEBI:59789							binding_site
P20659	3665-3666	ECO:0000250|UniProtKB:Q03164	S-adenosyl-L-methionine	ChEBI:CHEBI:59789							binding_site
P20659	3668	ECO:0000250|UniProtKB:Q03164	Zn(2+)	ChEBI:CHEBI:29105							binding_site
P20659	3714	ECO:0000250|UniProtKB:Q03164	Zn(2+)	ChEBI:CHEBI:29105							binding_site
P20659	3716	ECO:0000250|UniProtKB:Q03164	Zn(2+)	ChEBI:CHEBI:29105							binding_site
P20659	3721	ECO:0000250|UniProtKB:Q03164	Zn(2+)	ChEBI:CHEBI:29105							binding_site
P20905	242	ECO:0000250|UniProtKB:P28222	ergotamine	ChEBI:CHEBI:190463		agonist					binding_site
P20905	247	ECO:0000250|UniProtKB:P28222	ergotamine	ChEBI:CHEBI:190463		agonist					binding_site
P21461	130	ECO:0000250	Zn(2+)	ChEBI:CHEBI:29105	1						binding_site
P21461	137	ECO:0000250	Zn(2+)	ChEBI:CHEBI:29105	1						binding_site
P21461	149	ECO:0000250	Zn(2+)	ChEBI:CHEBI:29105	1						binding_site
P21461	153	ECO:0000250	Zn(2+)	ChEBI:CHEBI:29105	1						binding_site
P21461	160	ECO:0000250	Zn(2+)	ChEBI:CHEBI:29105	2						binding_site
P21461	167	ECO:0000250	Zn(2+)	ChEBI:CHEBI:29105	2						binding_site
P21461	179	ECO:0000250	Zn(2+)	ChEBI:CHEBI:29105	2						binding_site
P21461	184	ECO:0000250	Zn(2+)	ChEBI:CHEBI:29105	2						binding_site
P21521	222	ECO:0000255|PROSITE-ProRule:PRU00041	Ca(2+)	ChEBI:CHEBI:29108	2						binding_site
P21521	223	ECO:0000255|PROSITE-ProRule:PRU00041	Ca(2+)	ChEBI:CHEBI:29108	1;2						binding_site
P21521	229	ECO:0000255|PROSITE-ProRule:PRU00041	Ca(2+)	ChEBI:CHEBI:29108	1						binding_site
P21521	282	ECO:0000255|PROSITE-ProRule:PRU00041	Ca(2+)	ChEBI:CHEBI:29108	1;2						binding_site
P21521	283	ECO:0000255|PROSITE-ProRule:PRU00041	Ca(2+)	ChEBI:CHEBI:29108	1						binding_site
P21521	284	ECO:0000255|PROSITE-ProRule:PRU00041	Ca(2+)	ChEBI:CHEBI:29108	1;2;3						binding_site
P21521	287	ECO:0000255|PROSITE-ProRule:PRU00041	Ca(2+)	ChEBI:CHEBI:29108	3						binding_site
P21521	288	ECO:0000255|PROSITE-ProRule:PRU00041	Ca(2+)	ChEBI:CHEBI:29108	3						binding_site
P21521	290	ECO:0000255|PROSITE-ProRule:PRU00041	Ca(2+)	ChEBI:CHEBI:29108	2;3						binding_site
P21521	356	ECO:0000255|PROSITE-ProRule:PRU00041	Ca(2+)	ChEBI:CHEBI:29108	4						binding_site
P21521	362	ECO:0000255|PROSITE-ProRule:PRU00041	Ca(2+)	ChEBI:CHEBI:29108	4						binding_site
P21521	416	ECO:0000255|PROSITE-ProRule:PRU00041	Ca(2+)	ChEBI:CHEBI:29108	4						binding_site
P21521	418	ECO:0000255|PROSITE-ProRule:PRU00041	Ca(2+)	ChEBI:CHEBI:29108	4						binding_site
P21914	100	ECO:0000250	[2Fe-2S] cluster	ChEBI:CHEBI:190135							binding_site
P21914	105	ECO:0000250	[2Fe-2S] cluster	ChEBI:CHEBI:190135							binding_site
P21914	108	ECO:0000250	[2Fe-2S] cluster	ChEBI:CHEBI:190135							binding_site
P21914	120	ECO:0000250	[2Fe-2S] cluster	ChEBI:CHEBI:190135							binding_site
P21914	195	ECO:0000250	[4Fe-4S] cluster	ChEBI:CHEBI:49883							binding_site
P21914	198	ECO:0000250	[4Fe-4S] cluster	ChEBI:CHEBI:49883							binding_site
P21914	201	ECO:0000250	[4Fe-4S] cluster	ChEBI:CHEBI:49883							binding_site
P21914	205	ECO:0000250	[3Fe-4S] cluster	ChEBI:CHEBI:21137							binding_site
P21914	210	ECO:0000250	a ubiquinone	ChEBI:CHEBI:16389		ligand shared with DHSD					binding_site
P21914	252	ECO:0000250	[3Fe-4S] cluster	ChEBI:CHEBI:21137							binding_site
P21914	258	ECO:0000250	[3Fe-4S] cluster	ChEBI:CHEBI:21137							binding_site
P21914	262	ECO:0000250	[4Fe-4S] cluster	ChEBI:CHEBI:49883							binding_site
P22700	304	ECO:0000250	Ca(2+)	ChEBI:CHEBI:29108	2						binding_site
P22700	305	ECO:0000250	Ca(2+)	ChEBI:CHEBI:29108	2						binding_site
P22700	307	ECO:0000250	Ca(2+)	ChEBI:CHEBI:29108	2						binding_site
P22700	309	ECO:0000250	Ca(2+)	ChEBI:CHEBI:29108	2						binding_site
P22700	703	ECO:0000250	Mg(2+)	ChEBI:CHEBI:18420							binding_site
P22700	707	ECO:0000250	Mg(2+)	ChEBI:CHEBI:18420							binding_site
P22700	768	ECO:0000250	Ca(2+)	ChEBI:CHEBI:29108	1						binding_site
P22700	771	ECO:0000250	Ca(2+)	ChEBI:CHEBI:29108	1						binding_site
P22700	796	ECO:0000250	Ca(2+)	ChEBI:CHEBI:29108	2						binding_site
P22700	799	ECO:0000250	Ca(2+)	ChEBI:CHEBI:29108	1						binding_site
P22700	800	ECO:0000250	Ca(2+)	ChEBI:CHEBI:29108	1;2						binding_site
P22700	908	ECO:0000250	Ca(2+)	ChEBI:CHEBI:29108	1						binding_site
P22817	162	ECO:0000255|PROSITE-ProRule:PRU10096	Zn(2+)	ChEBI:CHEBI:29105							binding_site
P22817	81	ECO:0000255|PROSITE-ProRule:PRU10096	Zn(2+)	ChEBI:CHEBI:29105							binding_site
P22817	85	ECO:0000255|PROSITE-ProRule:PRU10096	Zn(2+)	ChEBI:CHEBI:29105							binding_site
P23128	102-109	ECO:0000255|PROSITE-ProRule:PRU00541	ATP	ChEBI:CHEBI:30616							binding_site
P23257	142-148	ECO:0000255	GTP	ChEBI:CHEBI:37565							binding_site
P23572	10-18	ECO:0000255|PROSITE-ProRule:PRU00159	ATP	ChEBI:CHEBI:30616							binding_site
P23572	33	ECO:0000255|PROSITE-ProRule:PRU00159	ATP	ChEBI:CHEBI:30616							binding_site
P23573	14-22	ECO:0000255|PROSITE-ProRule:PRU00159	ATP	ChEBI:CHEBI:30616							binding_site
P23573	37	ECO:0000255|PROSITE-ProRule:PRU00159	ATP	ChEBI:CHEBI:30616							binding_site
P23625	174-180	ECO:0000250	GTP	ChEBI:CHEBI:37565							binding_site
P23625	180	ECO:0000250	Mg(2+)	ChEBI:CHEBI:18420							binding_site
P23625	199-203	ECO:0000250	GTP	ChEBI:CHEBI:37565							binding_site
P23625	268-271	ECO:0000250	GTP	ChEBI:CHEBI:37565							binding_site
P23625	325	ECO:0000250	GTP	ChEBI:CHEBI:37565							binding_site
P23625	40-47	ECO:0000250	GTP	ChEBI:CHEBI:37565							binding_site
P23625	47	ECO:0000250	Mg(2+)	ChEBI:CHEBI:18420							binding_site
P23647	10-18	ECO:0000255|PROSITE-ProRule:PRU00159	ATP	ChEBI:CHEBI:30616							binding_site
P23647	33	ECO:0000255|PROSITE-ProRule:PRU00159	ATP	ChEBI:CHEBI:30616							binding_site
P23696	117	ECO:0000250|UniProtKB:P67775	Mn(2+)	ChEBI:CHEBI:29035	2						binding_site
P23696	167	ECO:0000250|UniProtKB:P67775	Mn(2+)	ChEBI:CHEBI:29035	2						binding_site
P23696	241	ECO:0000250|UniProtKB:P67775	Mn(2+)	ChEBI:CHEBI:29035	2						binding_site
P23696	57	ECO:0000250|UniProtKB:P67775	Mn(2+)	ChEBI:CHEBI:29035	1						binding_site
P23696	59	ECO:0000250|UniProtKB:P67775	Mn(2+)	ChEBI:CHEBI:29035	1						binding_site
P23696	85	ECO:0000250|UniProtKB:P67775	Mn(2+)	ChEBI:CHEBI:29035	1;2						binding_site
P24785	410	ECO:0007744|PDB:5AOR	ATP	ChEBI:CHEBI:30616							binding_site
P24785	412	ECO:0007744|PDB:5AOR	ATP	ChEBI:CHEBI:30616							binding_site
P24785	413	ECO:0007744|PDB:5AOR	ATP	ChEBI:CHEBI:30616							binding_site
P24785	414	ECO:0007744|PDB:5AOR	ATP;Mg(2+)	ChEBI:CHEBI:30616;ChEBI:CHEBI:18420							binding_site
P24785	415	ECO:0007744|PDB:5AOR	ATP	ChEBI:CHEBI:30616							binding_site
P24785	507	ECO:0007744|PDB:5AOR	Mg(2+)	ChEBI:CHEBI:18420							binding_site
P24785	508	ECO:0007744|PDB:5AOR	Mg(2+)	ChEBI:CHEBI:18420							binding_site
P24785	771	ECO:0007744|PDB:5AOR	ATP	ChEBI:CHEBI:30616							binding_site
P25157	139-146	ECO:0000250	GTP	ChEBI:CHEBI:37565							binding_site
P25157	146	ECO:0000250	Mg(2+)	ChEBI:CHEBI:18420							binding_site
P25157	274-280	ECO:0000250	GTP	ChEBI:CHEBI:37565							binding_site
P25157	280	ECO:0000250	Mg(2+)	ChEBI:CHEBI:18420							binding_site
P25157	299-303	ECO:0000250	GTP	ChEBI:CHEBI:37565							binding_site
P25157	369-372	ECO:0000250	GTP	ChEBI:CHEBI:37565							binding_site
P25157	429	ECO:0000250	GTP	ChEBI:CHEBI:37565							binding_site
P25159	606		RNA	ChEBI:CHEBI:33697							binding_site
P25159	608		RNA	ChEBI:CHEBI:33697							binding_site
P25159	628		RNA	ChEBI:CHEBI:33697							binding_site
P25159	629		RNA	ChEBI:CHEBI:33697							binding_site
P25159	632		RNA	ChEBI:CHEBI:33697							binding_site
P25160	125-128	ECO:0000250	GTP	ChEBI:CHEBI:37565							binding_site
P25160	23-30	ECO:0000250	GTP	ChEBI:CHEBI:37565							binding_site
P25160	66-70	ECO:0000250	GTP	ChEBI:CHEBI:37565							binding_site
P25167	1086	ECO:0000250	Zn(2+)	ChEBI:CHEBI:29105							binding_site
P25167	1089	ECO:0000250	Zn(2+)	ChEBI:CHEBI:29105							binding_site
P25167	1098	ECO:0000250	Zn(2+)	ChEBI:CHEBI:29105							binding_site
P25167	1101	ECO:0000250	Zn(2+)	ChEBI:CHEBI:29105							binding_site
P25228	134	ECO:0000305|PubMed:25615965, ECO:0007744|PDB:4RKF	GTP	ChEBI:CHEBI:37565							binding_site
P25228	137	ECO:0000305|PubMed:25615965, ECO:0007744|PDB:4RKF	GTP	ChEBI:CHEBI:37565							binding_site
P25228	165	ECO:0000305|PubMed:25615965, ECO:0007744|PDB:4RKF	GTP	ChEBI:CHEBI:37565							binding_site
P25228	166	ECO:0000305|PubMed:25615965, ECO:0007744|PDB:4RKF	GTP	ChEBI:CHEBI:37565							binding_site
P25228	30	ECO:0000305|PubMed:25615965, ECO:0007744|PDB:4RKF	GTP	ChEBI:CHEBI:37565							binding_site
P25228	33	ECO:0000305|PubMed:25615965, ECO:0007744|PDB:4RKF	GTP	ChEBI:CHEBI:37565							binding_site
P25228	34	ECO:0000305|PubMed:25615965, ECO:0007744|PDB:4RKF	GTP	ChEBI:CHEBI:37565							binding_site
P25228	35	ECO:0000305|PubMed:25615965, ECO:0007744|PDB:4RKF;ECO:0000269|PubMed:25615965, ECO:0007744|PDB:4RKF	GTP;Mg(2+)	ChEBI:CHEBI:37565;ChEBI:CHEBI:18420							binding_site
P25228	36	ECO:0000305|PubMed:25615965, ECO:0007744|PDB:4RKF	GTP	ChEBI:CHEBI:37565							binding_site
P25228	47	ECO:0000305|PubMed:25615965, ECO:0007744|PDB:4RKF	GTP	ChEBI:CHEBI:37565							binding_site
P25228	48	ECO:0000305|PubMed:25615965, ECO:0007744|PDB:4RKF	GTP	ChEBI:CHEBI:37565							binding_site
P25228	52	ECO:0000305|PubMed:25615965, ECO:0007744|PDB:4RKF	GTP	ChEBI:CHEBI:37565							binding_site
P25228	53	ECO:0000305|PubMed:25615965, ECO:0007744|PDB:4RKF;ECO:0000269|PubMed:25615965, ECO:0007744|PDB:4RKF	GTP;Mg(2+)	ChEBI:CHEBI:37565;ChEBI:CHEBI:18420							binding_site
P25228	79	ECO:0000305|PubMed:25615965, ECO:0007744|PDB:4RKF	GTP	ChEBI:CHEBI:37565							binding_site
P25439	798-805	ECO:0000255|PROSITE-ProRule:PRU00541	ATP	ChEBI:CHEBI:30616							binding_site
P25455	464	ECO:0000250	substrate								binding_site
P25455	466	ECO:0000250	substrate								binding_site
P25455	628	ECO:0000250	substrate								binding_site
P25455	655	ECO:0000250	substrate								binding_site
P25723	231	ECO:0000255|PROSITE-ProRule:PRU01211	Zn(2+)	ChEBI:CHEBI:29105		catalytic					binding_site
P25723	235	ECO:0000255|PROSITE-ProRule:PRU01211	Zn(2+)	ChEBI:CHEBI:29105		catalytic					binding_site
P25723	241	ECO:0000255|PROSITE-ProRule:PRU01211	Zn(2+)	ChEBI:CHEBI:29105		catalytic					binding_site
P25724	319	ECO:0000255|PROSITE-ProRule:PRU00855	Zn(2+)	ChEBI:CHEBI:29105	1						binding_site
P25724	322	ECO:0000255|PROSITE-ProRule:PRU00855	Zn(2+)	ChEBI:CHEBI:29105	1						binding_site
P25724	335	ECO:0000255|PROSITE-ProRule:PRU00855	Zn(2+)	ChEBI:CHEBI:29105	1						binding_site
P25724	346	ECO:0000255|PROSITE-ProRule:PRU00855	Zn(2+)	ChEBI:CHEBI:29105	1						binding_site
P25724	354	ECO:0000255|PROSITE-ProRule:PRU00855	Zn(2+)	ChEBI:CHEBI:29105	2						binding_site
P25724	357	ECO:0000255|PROSITE-ProRule:PRU00855	Zn(2+)	ChEBI:CHEBI:29105	2						binding_site
P25724	365	ECO:0000255|PROSITE-ProRule:PRU00855	Zn(2+)	ChEBI:CHEBI:29105	2						binding_site
P25724	370	ECO:0000255|PROSITE-ProRule:PRU00855	Zn(2+)	ChEBI:CHEBI:29105	2						binding_site
P26019	1296	ECO:0000250|UniProtKB:P09884	Zn(2+)	ChEBI:CHEBI:29105	1						binding_site
P26019	1299	ECO:0000250|UniProtKB:P09884	Zn(2+)	ChEBI:CHEBI:29105	1						binding_site
P26019	1324	ECO:0000250|UniProtKB:P09884	Zn(2+)	ChEBI:CHEBI:29105	1						binding_site
P26019	1329	ECO:0000250|UniProtKB:P09884	Zn(2+)	ChEBI:CHEBI:29105	1						binding_site
P26019	1362	ECO:0000250|UniProtKB:P09884	Zn(2+)	ChEBI:CHEBI:29105	2						binding_site
P26019	1367	ECO:0000250|UniProtKB:P09884	Zn(2+)	ChEBI:CHEBI:29105	2						binding_site
P26019	1385	ECO:0000250|UniProtKB:P09884	Zn(2+)	ChEBI:CHEBI:29105	2						binding_site
P26019	1388	ECO:0000250|UniProtKB:P09884	Zn(2+)	ChEBI:CHEBI:29105	2						binding_site
P26802	190-197	ECO:0000255|PROSITE-ProRule:PRU00541	ATP	ChEBI:CHEBI:30616							binding_site
P27619	200-206	ECO:0000250|UniProtKB:O00429	GTP	ChEBI:CHEBI:37565							binding_site
P27619	231-234	ECO:0000250|UniProtKB:O00429	GTP	ChEBI:CHEBI:37565							binding_site
P27619	33-41	ECO:0000250|UniProtKB:O00429	GTP	ChEBI:CHEBI:37565							binding_site
P27864	461	ECO:0000250	Mg(2+)	ChEBI:CHEBI:18420	1						binding_site
P27864	572	ECO:0000250	Mg(2+)	ChEBI:CHEBI:18420	2						binding_site
P27864	574	ECO:0000250	Mg(2+)	ChEBI:CHEBI:18420	2						binding_site
P27864	669	ECO:0000250	Mg(2+)	ChEBI:CHEBI:18420	1						binding_site
P28518	126	ECO:0000250|UniProtKB:P23025	Zn(2+)	ChEBI:CHEBI:29105							binding_site
P28518	129	ECO:0000250|UniProtKB:P23025	Zn(2+)	ChEBI:CHEBI:29105							binding_site
P28518	147	ECO:0000250|UniProtKB:P23025	Zn(2+)	ChEBI:CHEBI:29105							binding_site
P28518	150	ECO:0000250|UniProtKB:P23025	Zn(2+)	ChEBI:CHEBI:29105							binding_site
P28668	1322-1324	ECO:0000250|UniProtKB:P07814	L-proline	ChEBI:CHEBI:60039							binding_site
P28668	1353	ECO:0000250|UniProtKB:P07814	ATP;L-proline	ChEBI:CHEBI:30616;ChEBI:CHEBI:60039							binding_site
P28668	1355	ECO:0000250|UniProtKB:P07814	ATP	ChEBI:CHEBI:30616							binding_site
P28668	1364	ECO:0000250|UniProtKB:P07814	ATP	ChEBI:CHEBI:30616							binding_site
P28668	1365	ECO:0000250|UniProtKB:P07814	ATP	ChEBI:CHEBI:30616							binding_site
P28668	1438	ECO:0000250|UniProtKB:P07814	ATP;Mg(2+)	ChEBI:CHEBI:30616;ChEBI:CHEBI:18420							binding_site
P28668	1441	ECO:0000250|UniProtKB:P07814	ATP	ChEBI:CHEBI:30616							binding_site
P28668	1443	ECO:0000250|UniProtKB:P07814	L-proline	ChEBI:CHEBI:60039							binding_site
P28668	1476	ECO:0000250|UniProtKB:P07814	ATP	ChEBI:CHEBI:30616							binding_site
P28668	1478	ECO:0000250|UniProtKB:P07814	ATP	ChEBI:CHEBI:30616							binding_site
P28668	1648	ECO:0000250|UniProtKB:P07814	Zn(2+)	ChEBI:CHEBI:29105							binding_site
P28668	1653	ECO:0000250|UniProtKB:P07814	Zn(2+)	ChEBI:CHEBI:29105							binding_site
P28668	1695	ECO:0000250|UniProtKB:P07814	Zn(2+)	ChEBI:CHEBI:29105							binding_site
P29052	14	ECO:0000255|PROSITE-ProRule:PRU00469	Zn(2+)	ChEBI:CHEBI:29105							binding_site
P29052	17	ECO:0000255|PROSITE-ProRule:PRU00469	Zn(2+)	ChEBI:CHEBI:29105							binding_site
P29052	33	ECO:0000255|PROSITE-ProRule:PRU00469	Zn(2+)	ChEBI:CHEBI:29105							binding_site
P29052	36	ECO:0000255|PROSITE-ProRule:PRU00469	Zn(2+)	ChEBI:CHEBI:29105							binding_site
P29349	545	ECO:0000250	substrate								binding_site
P29349	583-589	ECO:0000250	substrate								binding_site
P29349	630	ECO:0000250	substrate								binding_site
P29413	109	ECO:0000250|UniProtKB:P14211	an alpha-D-glucoside	ChEBI:CHEBI:22390							binding_site
P29413	111	ECO:0000250|UniProtKB:P14211	an alpha-D-glucoside	ChEBI:CHEBI:22390							binding_site
P29413	128	ECO:0000250|UniProtKB:P14211	an alpha-D-glucoside	ChEBI:CHEBI:22390							binding_site
P29413	135	ECO:0000250|UniProtKB:P14211	an alpha-D-glucoside	ChEBI:CHEBI:22390							binding_site
P29413	317	ECO:0000250|UniProtKB:P14211	an alpha-D-glucoside	ChEBI:CHEBI:22390							binding_site
P29613	10	ECO:0000250	substrate								binding_site
P29613	12	ECO:0000250	substrate								binding_site
P29844	227-229	ECO:0000250|UniProtKB:P11021	ATP	ChEBI:CHEBI:30616							binding_site
P29844	293-300	ECO:0000250|UniProtKB:P11021	ATP	ChEBI:CHEBI:30616							binding_site
P29844	364-367	ECO:0000250|UniProtKB:P11021	ATP	ChEBI:CHEBI:30616							binding_site
P29844	37-40	ECO:0000250|UniProtKB:P11021	ATP	ChEBI:CHEBI:30616							binding_site
P29844	97	ECO:0000250|UniProtKB:P11021	ATP	ChEBI:CHEBI:30616							binding_site
P29993	272-276	ECO:0000250	1D-myo-inositol 1,4,5-trisphosphate	ChEBI:CHEBI:203600							binding_site
P29993	530-533	ECO:0000250	1D-myo-inositol 1,4,5-trisphosphate	ChEBI:CHEBI:203600							binding_site
P29993	591-593	ECO:0000250	1D-myo-inositol 1,4,5-trisphosphate	ChEBI:CHEBI:203600							binding_site
P31409	380	ECO:0000250|UniProtKB:P21281	ATP	ChEBI:CHEBI:30616							binding_site
P32023	430-433	ECO:0000250|UniProtKB:Q13976	3',5'-cyclic GMP	ChEBI:CHEBI:57746	1						binding_site
P32023	440-441	ECO:0000250|UniProtKB:Q13976	3',5'-cyclic GMP	ChEBI:CHEBI:57746	1						binding_site
P32023	545	ECO:0000250|UniProtKB:Q13976	3',5'-cyclic GMP	ChEBI:CHEBI:57746	2						binding_site
P32023	554-557	ECO:0000250|UniProtKB:Q13976	3',5'-cyclic GMP	ChEBI:CHEBI:57746	2						binding_site
P32023	564-565	ECO:0000250|UniProtKB:Q13976	3',5'-cyclic GMP	ChEBI:CHEBI:57746	2						binding_site
P32023	629-637	ECO:0000255|PROSITE-ProRule:PRU00159	ATP	ChEBI:CHEBI:30616							binding_site
P32023	653	ECO:0000255|PROSITE-ProRule:PRU00159	ATP	ChEBI:CHEBI:30616							binding_site
P32234	117-121	ECO:0000255|PROSITE-ProRule:PRU01047	GTP	ChEBI:CHEBI:37565							binding_site
P32234	248-251	ECO:0000255|PROSITE-ProRule:PRU01047	GTP	ChEBI:CHEBI:37565							binding_site
P32234	71-78	ECO:0000255|PROSITE-ProRule:PRU01047	GTP	ChEBI:CHEBI:37565							binding_site
P32748	103-107	ECO:0000250	FMN	ChEBI:CHEBI:58210							binding_site
P32748	107	ECO:0000250	substrate								binding_site
P32748	127	ECO:0000250	FMN	ChEBI:CHEBI:58210							binding_site
P32748	152-156	ECO:0000250	substrate								binding_site
P32748	184	ECO:0000250	FMN	ChEBI:CHEBI:58210							binding_site
P32748	215	ECO:0000250	FMN;substrate	ChEBI:CHEBI:58210							binding_site
P32748	215-220	ECO:0000250	substrate								binding_site
P32748	258	ECO:0000250	FMN	ChEBI:CHEBI:58210							binding_site
P32748	288	ECO:0000250	FMN	ChEBI:CHEBI:58210							binding_site
P32748	289-290	ECO:0000250	substrate								binding_site
P32748	311	ECO:0000250	FMN	ChEBI:CHEBI:58210							binding_site
P32748	340	ECO:0000250	FMN	ChEBI:CHEBI:58210							binding_site
P32748	361-362	ECO:0000250	FMN	ChEBI:CHEBI:58210							binding_site
P32865	197-205	ECO:0000255|PROSITE-ProRule:PRU00159	ATP	ChEBI:CHEBI:30616							binding_site
P32865	220	ECO:0000255|PROSITE-ProRule:PRU00159	ATP	ChEBI:CHEBI:30616							binding_site
P32866	315-323	ECO:0000255|PROSITE-ProRule:PRU00159	ATP	ChEBI:CHEBI:30616							binding_site
P32866	338	ECO:0000255|PROSITE-ProRule:PRU00159	ATP	ChEBI:CHEBI:30616							binding_site
P32870	280	ECO:0000255|PROSITE-ProRule:PRU00099	Mg(2+)	ChEBI:CHEBI:18420	1;2						binding_site
P32870	281	ECO:0000255|PROSITE-ProRule:PRU00099	Mg(2+)	ChEBI:CHEBI:18420	2						binding_site
P32870	324	ECO:0000255|PROSITE-ProRule:PRU00099	Mg(2+)	ChEBI:CHEBI:18420	1;2						binding_site
P33269	316	ECO:0000250	heme	ChEBI:CHEBI:30413						covalent	binding_site
P33269	456	ECO:0000250	heme	ChEBI:CHEBI:30413			Fe	ChEBI:CHEBI:18248		axial binding residue	binding_site
P33270	451	ECO:0000250	heme	ChEBI:CHEBI:30413			Fe	ChEBI:CHEBI:18248		axial binding residue	binding_site
P34739	465-472	ECO:0000255|PROSITE-ProRule:PRU00541	ATP	ChEBI:CHEBI:30616							binding_site
P35381	211-218	ECO:0000255	ATP	ChEBI:CHEBI:30616							binding_site
P35421	327-338	ECO:0000255	ATP	ChEBI:CHEBI:30616							binding_site
P35421	407-409	ECO:0000250	ATP	ChEBI:CHEBI:30616							binding_site
P35421	714	ECO:0000250	ATP	ChEBI:CHEBI:30616							binding_site
P35421	715	ECO:0000250	Mg(2+)	ChEBI:CHEBI:18420							binding_site
P35421	754	ECO:0000250	Mg(2+)	ChEBI:CHEBI:18420							binding_site
P35421	758	ECO:0000250	Mg(2+)	ChEBI:CHEBI:18420							binding_site
P35421	918	ECO:0000250	Mg(2+)	ChEBI:CHEBI:18420							binding_site
P35421	920	ECO:0000250	ATP	ChEBI:CHEBI:30616							binding_site
P35600	487-494	ECO:0000250	ATP	ChEBI:CHEBI:30616							binding_site
P35875	123	ECO:0000255|PROSITE-ProRule:PRU00264	Zn(2+)	ChEBI:CHEBI:29105	2						binding_site
P35875	126	ECO:0000255|PROSITE-ProRule:PRU00264	Zn(2+)	ChEBI:CHEBI:29105	2						binding_site
P35875	158	ECO:0000255|PROSITE-ProRule:PRU00264	Zn(2+)	ChEBI:CHEBI:29105	2						binding_site
P35875	161	ECO:0000255|PROSITE-ProRule:PRU00264	Zn(2+)	ChEBI:CHEBI:29105	2						binding_site
P35875	19	ECO:0000255|PROSITE-ProRule:PRU00264	Zn(2+)	ChEBI:CHEBI:29105	1						binding_site
P35875	22	ECO:0000255|PROSITE-ProRule:PRU00264	Zn(2+)	ChEBI:CHEBI:29105	1						binding_site
P35875	285	ECO:0000255|PROSITE-ProRule:PRU01351	Zn(2+)	ChEBI:CHEBI:29105	3						binding_site
P35875	288	ECO:0000255|PROSITE-ProRule:PRU01351	Zn(2+)	ChEBI:CHEBI:29105	3						binding_site
P35875	302	ECO:0000255|PROSITE-ProRule:PRU01351	Zn(2+)	ChEBI:CHEBI:29105	3						binding_site
P35875	312	ECO:0000255|PROSITE-ProRule:PRU01351	Zn(2+)	ChEBI:CHEBI:29105	3						binding_site
P35875	51	ECO:0000255|PROSITE-ProRule:PRU00264	Zn(2+)	ChEBI:CHEBI:29105	1						binding_site
P35875	54	ECO:0000255|PROSITE-ProRule:PRU00264	Zn(2+)	ChEBI:CHEBI:29105	1						binding_site
P35992	1436	ECO:0000250	substrate								binding_site
P35992	1468-1474	ECO:0000250	substrate								binding_site
P35992	1512	ECO:0000250	substrate								binding_site
P36958	118	ECO:0000255|PROSITE-ProRule:PRU00472	Zn(2+)	ChEBI:CHEBI:29105	2						binding_site
P36958	123	ECO:0000255|PROSITE-ProRule:PRU00472	Zn(2+)	ChEBI:CHEBI:29105	2						binding_site
P36958	21	ECO:0000255|PROSITE-ProRule:PRU10145	Zn(2+)	ChEBI:CHEBI:29105	1						binding_site
P36958	24	ECO:0000255|PROSITE-ProRule:PRU10145	Zn(2+)	ChEBI:CHEBI:29105	1						binding_site
P36958	43	ECO:0000255|PROSITE-ProRule:PRU10145	Zn(2+)	ChEBI:CHEBI:29105	1						binding_site
P36958	46	ECO:0000255|PROSITE-ProRule:PRU10145	Zn(2+)	ChEBI:CHEBI:29105	1						binding_site
P36958	90	ECO:0000255|PROSITE-ProRule:PRU00472	Zn(2+)	ChEBI:CHEBI:29105	2						binding_site
P36958	93	ECO:0000255|PROSITE-ProRule:PRU00472	Zn(2+)	ChEBI:CHEBI:29105	2						binding_site
P37193	100	ECO:0000255|PROSITE-ProRule:PRU00465	[2Fe-2S] cluster	ChEBI:CHEBI:190135							binding_site
P37193	103	ECO:0000255|PROSITE-ProRule:PRU00465	[2Fe-2S] cluster	ChEBI:CHEBI:190135							binding_site
P37193	140	ECO:0000255|PROSITE-ProRule:PRU00465	[2Fe-2S] cluster	ChEBI:CHEBI:190135							binding_site
P37193	94	ECO:0000255|PROSITE-ProRule:PRU00465	[2Fe-2S] cluster	ChEBI:CHEBI:190135							binding_site
P37236	109	ECO:0000255|PROSITE-ProRule:PRU00448	Ca(2+)	ChEBI:CHEBI:29108	2						binding_site
P37236	111	ECO:0000255|PROSITE-ProRule:PRU00448	Ca(2+)	ChEBI:CHEBI:29108	2						binding_site
P37236	113	ECO:0000255|PROSITE-ProRule:PRU00448	Ca(2+)	ChEBI:CHEBI:29108	2						binding_site
P37236	115	ECO:0000255|PROSITE-ProRule:PRU00448	Ca(2+)	ChEBI:CHEBI:29108	2						binding_site
P37236	120	ECO:0000255|PROSITE-ProRule:PRU00448	Ca(2+)	ChEBI:CHEBI:29108	2						binding_site
P37236	156	ECO:0000255|PROSITE-ProRule:PRU00448	Ca(2+)	ChEBI:CHEBI:29108	3						binding_site
P37236	158	ECO:0000255|PROSITE-ProRule:PRU00448	Ca(2+)	ChEBI:CHEBI:29108	3						binding_site
P37236	160	ECO:0000255|PROSITE-ProRule:PRU00448	Ca(2+)	ChEBI:CHEBI:29108	3						binding_site
P37236	162	ECO:0000255|PROSITE-ProRule:PRU00448	Ca(2+)	ChEBI:CHEBI:29108	3						binding_site
P37236	167	ECO:0000255|PROSITE-ProRule:PRU00448	Ca(2+)	ChEBI:CHEBI:29108	3						binding_site
P37236	73	ECO:0000255|PROSITE-ProRule:PRU00448	Ca(2+)	ChEBI:CHEBI:29108	1						binding_site
P37236	75	ECO:0000255|PROSITE-ProRule:PRU00448	Ca(2+)	ChEBI:CHEBI:29108	1						binding_site
P37236	77	ECO:0000255|PROSITE-ProRule:PRU00448	Ca(2+)	ChEBI:CHEBI:29108	1						binding_site
P37236	79	ECO:0000255|PROSITE-ProRule:PRU00448	Ca(2+)	ChEBI:CHEBI:29108	1						binding_site
P37236	84	ECO:0000255|PROSITE-ProRule:PRU00448	Ca(2+)	ChEBI:CHEBI:29108	1						binding_site
P37276	1895-1902	ECO:0000255	ATP	ChEBI:CHEBI:30616							binding_site
P37276	2210-2217	ECO:0000255	ATP	ChEBI:CHEBI:30616							binding_site
P37276	2580-2587	ECO:0000255	ATP	ChEBI:CHEBI:30616							binding_site
P37276	2922-2929	ECO:0000255	ATP	ChEBI:CHEBI:30616							binding_site
P39769	1365	ECO:0000255|PROSITE-ProRule:PRU00367	Zn(2+)	ChEBI:CHEBI:29105							binding_site
P39769	1368	ECO:0000255|PROSITE-ProRule:PRU00367	Zn(2+)	ChEBI:CHEBI:29105							binding_site
P39769	1383	ECO:0000255|PROSITE-ProRule:PRU00367	Zn(2+)	ChEBI:CHEBI:29105							binding_site
P39769	1387	ECO:0000255|PROSITE-ProRule:PRU00367	Zn(2+)	ChEBI:CHEBI:29105							binding_site
P40320	124	ECO:0000250|UniProtKB:P0A817	L-methionine	ChEBI:CHEBI:57844		ligand shared between two neighboring subunits				in other chain	binding_site
P40320	190-192	ECO:0000250|UniProtKB:Q00266	ATP	ChEBI:CHEBI:30616		ligand shared between two neighboring subunits				in other chain	binding_site
P40320	258-261	ECO:0000250|UniProtKB:Q00266	ATP	ChEBI:CHEBI:30616		ligand shared between two neighboring subunits				in other chain	binding_site
P40320	269	ECO:0000250|UniProtKB:Q00266;ECO:0000250|UniProtKB:P0A817	ATP;L-methionine	ChEBI:CHEBI:30616;ChEBI:CHEBI:57844		ligand shared between two neighboring subunits				in other chain	binding_site
P40320	275-276	ECO:0000250|UniProtKB:P0A817	ATP	ChEBI:CHEBI:30616		ligand shared between two neighboring subunits				in other chain	binding_site
P40320	292	ECO:0000250|UniProtKB:P0A817	ATP	ChEBI:CHEBI:30616		ligand shared between two neighboring subunits					binding_site
P40320	296	ECO:0000250|UniProtKB:P0A817	ATP	ChEBI:CHEBI:30616		ligand shared between two neighboring subunits					binding_site
P40320	300	ECO:0000250|UniProtKB:P13444;ECO:0000250|UniProtKB:P0A817	ATP;L-methionine	ChEBI:CHEBI:30616;ChEBI:CHEBI:57844		ligand shared between two neighboring subunits				in other chain	binding_site
P40320	34	ECO:0000250|UniProtKB:P13444	Mg(2+)	ChEBI:CHEBI:18420							binding_site
P40320	40	ECO:0000250|UniProtKB:Q00266	ATP	ChEBI:CHEBI:30616		ligand shared between two neighboring subunits				in other chain	binding_site
P40320	68	ECO:0000250|UniProtKB:P0A817	K(+)	ChEBI:CHEBI:29103							binding_site
P40320	81	ECO:0000250|UniProtKB:P0A817	L-methionine	ChEBI:CHEBI:57844		ligand shared between two neighboring subunits				in other chain	binding_site
P40417	44-52	ECO:0000255|PROSITE-ProRule:PRU00159	ATP	ChEBI:CHEBI:30616							binding_site
P40417	67	ECO:0000255|PROSITE-ProRule:PRU00159	ATP	ChEBI:CHEBI:30616							binding_site
P40421	158	ECO:0000250	Mn(2+)	ChEBI:CHEBI:29035	1						binding_site
P40421	160	ECO:0000250	Mn(2+)	ChEBI:CHEBI:29035	1						binding_site
P40421	187	ECO:0000250	Mn(2+)	ChEBI:CHEBI:29035	1;2						binding_site
P40421	219	ECO:0000250	Mn(2+)	ChEBI:CHEBI:29035	2						binding_site
P40421	271	ECO:0000250	Mn(2+)	ChEBI:CHEBI:29035	2						binding_site
P40421	360	ECO:0000250	Mn(2+)	ChEBI:CHEBI:29035	2						binding_site
P40421	539	ECO:0000255|PROSITE-ProRule:PRU00448	Ca(2+)	ChEBI:CHEBI:29108	1						binding_site
P40421	541	ECO:0000255|PROSITE-ProRule:PRU00448	Ca(2+)	ChEBI:CHEBI:29108	1						binding_site
P40421	543	ECO:0000255|PROSITE-ProRule:PRU00448	Ca(2+)	ChEBI:CHEBI:29108	1						binding_site
P40421	545	ECO:0000255|PROSITE-ProRule:PRU00448	Ca(2+)	ChEBI:CHEBI:29108	1						binding_site
P40421	550	ECO:0000255|PROSITE-ProRule:PRU00448	Ca(2+)	ChEBI:CHEBI:29108	1						binding_site
P40421	579	ECO:0000255|PROSITE-ProRule:PRU00448	Ca(2+)	ChEBI:CHEBI:29108	2						binding_site
P40421	581	ECO:0000255|PROSITE-ProRule:PRU00448	Ca(2+)	ChEBI:CHEBI:29108	2						binding_site
P40421	583	ECO:0000255|PROSITE-ProRule:PRU00448	Ca(2+)	ChEBI:CHEBI:29108	2						binding_site
P40421	585	ECO:0000255|PROSITE-ProRule:PRU00448	Ca(2+)	ChEBI:CHEBI:29108	2						binding_site
P40421	590	ECO:0000255|PROSITE-ProRule:PRU00448	Ca(2+)	ChEBI:CHEBI:29108	2						binding_site
P40423	44	ECO:0000255|PROSITE-ProRule:PRU00448	Ca(2+)	ChEBI:CHEBI:29108							binding_site
P40423	46	ECO:0000255|PROSITE-ProRule:PRU00448	Ca(2+)	ChEBI:CHEBI:29108							binding_site
P40423	48	ECO:0000255|PROSITE-ProRule:PRU00448	Ca(2+)	ChEBI:CHEBI:29108							binding_site
P40423	55	ECO:0000255|PROSITE-ProRule:PRU00448	Ca(2+)	ChEBI:CHEBI:29108							binding_site
P40792	10-17	ECO:0000250	GTP	ChEBI:CHEBI:37565							binding_site
P40792	115-118	ECO:0000250	GTP	ChEBI:CHEBI:37565							binding_site
P40792	57-61	ECO:0000250	GTP	ChEBI:CHEBI:37565							binding_site
P40793	10-17	ECO:0000250	GTP	ChEBI:CHEBI:37565							binding_site
P40793	115-118	ECO:0000250	GTP	ChEBI:CHEBI:37565							binding_site
P40793	57-61	ECO:0000250	GTP	ChEBI:CHEBI:37565							binding_site
P40797	149-156	ECO:0000250	GTP	ChEBI:CHEBI:37565							binding_site
P40797	183	ECO:0000250	GTP	ChEBI:CHEBI:37565							binding_site
P40797	209	ECO:0000250	GTP	ChEBI:CHEBI:37565							binding_site
P40797	288-296	ECO:0000250	GTP	ChEBI:CHEBI:37565							binding_site
P40797	345	ECO:0000250	GTP	ChEBI:CHEBI:37565							binding_site
P40797	360	ECO:0000250	GTP	ChEBI:CHEBI:37565							binding_site
P40807	194	ECO:0000250|UniProtKB:P11926	pyridoxal 5'-phosphate	ChEBI:CHEBI:597326							binding_site
P40807	231	ECO:0000250|UniProtKB:P11926	pyridoxal 5'-phosphate	ChEBI:CHEBI:597326							binding_site
P40807	265-268	ECO:0000250|UniProtKB:P11926	pyridoxal 5'-phosphate	ChEBI:CHEBI:597326							binding_site
P40807	314-315	ECO:0000250|UniProtKB:P07805	substrate			ligand shared between dimeric partners				in other chain	binding_site
P40807	344	ECO:0000250|UniProtKB:P07805	substrate			ligand shared between dimeric partners					binding_site
P40807	372	ECO:0000250|UniProtKB:P11926	pyridoxal 5'-phosphate	ChEBI:CHEBI:597326							binding_site
P40808	194	ECO:0000250|UniProtKB:P11926	pyridoxal 5'-phosphate	ChEBI:CHEBI:597326							binding_site
P40808	231	ECO:0000250|UniProtKB:P11926	pyridoxal 5'-phosphate	ChEBI:CHEBI:597326							binding_site
P40808	265-268	ECO:0000250|UniProtKB:P11926	pyridoxal 5'-phosphate	ChEBI:CHEBI:597326							binding_site
P40808	314-315	ECO:0000250|UniProtKB:P07805	substrate			ligand shared between dimeric partners				in other chain	binding_site
P40808	344	ECO:0000250|UniProtKB:P07805	substrate			ligand shared between dimeric partners					binding_site
P40808	371	ECO:0000250|UniProtKB:P11926	pyridoxal 5'-phosphate	ChEBI:CHEBI:597326							binding_site
P40945	126-129	ECO:0000250	GTP	ChEBI:CHEBI:37565							binding_site
P40945	24-31	ECO:0000250	GTP	ChEBI:CHEBI:37565							binding_site
P40945	67-71	ECO:0000250	GTP	ChEBI:CHEBI:37565							binding_site
P40946	122-125	ECO:0000250	GTP	ChEBI:CHEBI:37565							binding_site
P40946	20-27	ECO:0000250	GTP	ChEBI:CHEBI:37565							binding_site
P40946	63-67	ECO:0000250	GTP	ChEBI:CHEBI:37565							binding_site
P41043	109-110		glutathione	ChEBI:CHEBI:57925							binding_site
P41043	54	ECO:0000269|PubMed:12547198	glutathione	ChEBI:CHEBI:57925							binding_site
P41043	85	ECO:0000269|PubMed:12547198	glutathione	ChEBI:CHEBI:57925							binding_site
P41043	89	ECO:0000250	glutathione	ChEBI:CHEBI:57925							binding_site
P41043	96-97		glutathione	ChEBI:CHEBI:57925							binding_site
P41044	100	ECO:0000255|PROSITE-ProRule:PRU00448	Ca(2+)	ChEBI:CHEBI:29108	2						binding_site
P41044	102	ECO:0000255|PROSITE-ProRule:PRU00448	Ca(2+)	ChEBI:CHEBI:29108	2						binding_site
P41044	104	ECO:0000255|PROSITE-ProRule:PRU00448	Ca(2+)	ChEBI:CHEBI:29108	2						binding_site
P41044	109	ECO:0000255|PROSITE-ProRule:PRU00448	Ca(2+)	ChEBI:CHEBI:29108	2						binding_site
P41044	144	ECO:0000255|PROSITE-ProRule:PRU00448	Ca(2+)	ChEBI:CHEBI:29108	3						binding_site
P41044	146	ECO:0000255|PROSITE-ProRule:PRU00448	Ca(2+)	ChEBI:CHEBI:29108	3						binding_site
P41044	148	ECO:0000255|PROSITE-ProRule:PRU00448	Ca(2+)	ChEBI:CHEBI:29108	3						binding_site
P41044	150	ECO:0000255|PROSITE-ProRule:PRU00448	Ca(2+)	ChEBI:CHEBI:29108	3						binding_site
P41044	155	ECO:0000255|PROSITE-ProRule:PRU00448	Ca(2+)	ChEBI:CHEBI:29108	3						binding_site
P41044	190	ECO:0000255|PROSITE-ProRule:PRU00448	Ca(2+)	ChEBI:CHEBI:29108	4						binding_site
P41044	192	ECO:0000255|PROSITE-ProRule:PRU00448	Ca(2+)	ChEBI:CHEBI:29108	4						binding_site
P41044	194	ECO:0000255|PROSITE-ProRule:PRU00448	Ca(2+)	ChEBI:CHEBI:29108	4						binding_site
P41044	196	ECO:0000255|PROSITE-ProRule:PRU00448	Ca(2+)	ChEBI:CHEBI:29108	4						binding_site
P41044	201	ECO:0000255|PROSITE-ProRule:PRU00448	Ca(2+)	ChEBI:CHEBI:29108	4						binding_site
P41044	237	ECO:0000255|PROSITE-ProRule:PRU00448	Ca(2+)	ChEBI:CHEBI:29108	5						binding_site
P41044	239	ECO:0000255|PROSITE-ProRule:PRU00448	Ca(2+)	ChEBI:CHEBI:29108	5						binding_site
P41044	241	ECO:0000255|PROSITE-ProRule:PRU00448	Ca(2+)	ChEBI:CHEBI:29108	5						binding_site
P41044	243	ECO:0000255|PROSITE-ProRule:PRU00448	Ca(2+)	ChEBI:CHEBI:29108	5						binding_site
P41044	248	ECO:0000255|PROSITE-ProRule:PRU00448	Ca(2+)	ChEBI:CHEBI:29108	5						binding_site
P41044	48	ECO:0000255|PROSITE-ProRule:PRU00448	Ca(2+)	ChEBI:CHEBI:29108	1						binding_site
P41044	50	ECO:0000255|PROSITE-ProRule:PRU00448	Ca(2+)	ChEBI:CHEBI:29108	1						binding_site
P41044	52	ECO:0000255|PROSITE-ProRule:PRU00448	Ca(2+)	ChEBI:CHEBI:29108	1						binding_site
P41044	54	ECO:0000255|PROSITE-ProRule:PRU00448	Ca(2+)	ChEBI:CHEBI:29108	1						binding_site
P41044	59	ECO:0000255|PROSITE-ProRule:PRU00448	Ca(2+)	ChEBI:CHEBI:29108	1						binding_site
P41044	98	ECO:0000255|PROSITE-ProRule:PRU00448	Ca(2+)	ChEBI:CHEBI:29108	2						binding_site
P41572	104	ECO:0000250	NADP(+);substrate	ChEBI:CHEBI:58349		ligand shared between dimeric partners				in other chain	binding_site
P41572	11-16	ECO:0000250	NADP(+)	ChEBI:CHEBI:58349							binding_site
P41572	130-132	ECO:0000250	substrate			ligand shared between dimeric partners				in other chain	binding_site
P41572	187-188	ECO:0000250	substrate			ligand shared between dimeric partners				in other chain	binding_site
P41572	192	ECO:0000250	substrate			ligand shared between dimeric partners				in other chain	binding_site
P41572	259	ECO:0000250	substrate			ligand shared between dimeric partners				in other chain	binding_site
P41572	286	ECO:0000250	substrate			ligand shared between dimeric partners				in other chain	binding_site
P41572	34-36	ECO:0000250	NADP(+)	ChEBI:CHEBI:58349							binding_site
P41572	445	ECO:0000250	substrate			ligand shared between dimeric partners					binding_site
P41572	451	ECO:0000250	substrate			ligand shared between dimeric partners					binding_site
P41572	76-78	ECO:0000250	NADP(+)	ChEBI:CHEBI:58349							binding_site
P42003	123	ECO:0000250	Zn(2+)	ChEBI:CHEBI:29105							binding_site
P42003	135	ECO:0000250	Zn(2+)	ChEBI:CHEBI:29105							binding_site
P42003	140	ECO:0000250	Zn(2+)	ChEBI:CHEBI:29105							binding_site
P42003	78	ECO:0000250	Zn(2+)	ChEBI:CHEBI:29105							binding_site
P42207	102	ECO:0000250	GTP	ChEBI:CHEBI:37565							binding_site
P42207	181-189	ECO:0000250	GTP	ChEBI:CHEBI:37565							binding_site
P42207	239	ECO:0000250	GTP	ChEBI:CHEBI:37565							binding_site
P42207	254	ECO:0000250	GTP	ChEBI:CHEBI:37565							binding_site
P42207	42-49	ECO:0000250	GTP	ChEBI:CHEBI:37565							binding_site
P42207	76	ECO:0000250	GTP	ChEBI:CHEBI:37565							binding_site
P42271	142-148	ECO:0000255	GTP	ChEBI:CHEBI:37565							binding_site
P42281	14	ECO:0000250	an acyl-CoA	ChEBI:CHEBI:58342							binding_site
P42281	29-33	ECO:0000250	an acyl-CoA	ChEBI:CHEBI:58342							binding_site
P42281	51	ECO:0000250	an acyl-CoA	ChEBI:CHEBI:58342							binding_site
P42281	55	ECO:0000250	an acyl-CoA	ChEBI:CHEBI:58342							binding_site
P42281	74	ECO:0000250	an acyl-CoA	ChEBI:CHEBI:58342							binding_site
P42325	109	ECO:0000255|PROSITE-ProRule:PRU00448	Ca(2+)	ChEBI:CHEBI:29108	2						binding_site
P42325	111	ECO:0000255|PROSITE-ProRule:PRU00448	Ca(2+)	ChEBI:CHEBI:29108	2						binding_site
P42325	113	ECO:0000255|PROSITE-ProRule:PRU00448	Ca(2+)	ChEBI:CHEBI:29108	2						binding_site
P42325	115	ECO:0000255|PROSITE-ProRule:PRU00448	Ca(2+)	ChEBI:CHEBI:29108	2						binding_site
P42325	120	ECO:0000255|PROSITE-ProRule:PRU00448	Ca(2+)	ChEBI:CHEBI:29108	2						binding_site
P42325	157	ECO:0000255|PROSITE-ProRule:PRU00448	Ca(2+)	ChEBI:CHEBI:29108	3						binding_site
P42325	159	ECO:0000255|PROSITE-ProRule:PRU00448	Ca(2+)	ChEBI:CHEBI:29108	3						binding_site
P42325	161	ECO:0000255|PROSITE-ProRule:PRU00448	Ca(2+)	ChEBI:CHEBI:29108	3						binding_site
P42325	163	ECO:0000255|PROSITE-ProRule:PRU00448	Ca(2+)	ChEBI:CHEBI:29108	3						binding_site
P42325	168	ECO:0000255|PROSITE-ProRule:PRU00448	Ca(2+)	ChEBI:CHEBI:29108	3						binding_site
P42325	73	ECO:0000255|PROSITE-ProRule:PRU00448	Ca(2+)	ChEBI:CHEBI:29108	1						binding_site
P42325	75	ECO:0000255|PROSITE-ProRule:PRU00448	Ca(2+)	ChEBI:CHEBI:29108	1						binding_site
P42325	77	ECO:0000255|PROSITE-ProRule:PRU00448	Ca(2+)	ChEBI:CHEBI:29108	1						binding_site
P42325	79	ECO:0000255|PROSITE-ProRule:PRU00448	Ca(2+)	ChEBI:CHEBI:29108	1						binding_site
P42325	84	ECO:0000255|PROSITE-ProRule:PRU00448	Ca(2+)	ChEBI:CHEBI:29108	1						binding_site
P42787	101	ECO:0000255|PROSITE-ProRule:PRU01379, ECO:0000269|PubMed:20600119, ECO:0007744|PDB:3MN8	Zn(2+)	ChEBI:CHEBI:29105	1	catalytic					binding_site
P42787	104	ECO:0000255|PROSITE-ProRule:PRU01379, ECO:0000269|PubMed:20600119, ECO:0007744|PDB:3MN8	Zn(2+)	ChEBI:CHEBI:29105	1	catalytic					binding_site
P42787	217	ECO:0000255|PROSITE-ProRule:PRU01379, ECO:0000269|PubMed:20600119, ECO:0007744|PDB:3MN8	Zn(2+)	ChEBI:CHEBI:29105	1	catalytic					binding_site
P42787	517	ECO:0000255|PROSITE-ProRule:PRU01379	Zn(2+)	ChEBI:CHEBI:29105	2	catalytic					binding_site
P42787	520	ECO:0000255|PROSITE-ProRule:PRU01379	Zn(2+)	ChEBI:CHEBI:29105	2	catalytic					binding_site
P42787	626	ECO:0000255|PROSITE-ProRule:PRU01379	Zn(2+)	ChEBI:CHEBI:29105	2	catalytic					binding_site
P43248	667-674	ECO:0000255	ATP	ChEBI:CHEBI:30616							binding_site
P45843	108-115	ECO:0000255|PROSITE-ProRule:PRU00434	ATP	ChEBI:CHEBI:30616							binding_site
P45888	165-167	ECO:0000250	ATP	ChEBI:CHEBI:30616							binding_site
P45888	219-223	ECO:0000250	ATP	ChEBI:CHEBI:30616							binding_site
P45888	310-315	ECO:0000250	ATP	ChEBI:CHEBI:30616							binding_site
P45975	412	ECO:0000250	Zn(2+)	ChEBI:CHEBI:29105	1;2						binding_site
P45975	414	ECO:0000250	Zn(2+)	ChEBI:CHEBI:29105	1						binding_site
P45975	421	ECO:0000250	Zn(2+)	ChEBI:CHEBI:29105	1;3						binding_site
P45975	427	ECO:0000250	Zn(2+)	ChEBI:CHEBI:29105	1						binding_site
P45975	428	ECO:0000250	Zn(2+)	ChEBI:CHEBI:29105	1;2						binding_site
P45975	456	ECO:0000250	Zn(2+)	ChEBI:CHEBI:29105	2;3						binding_site
P45975	460	ECO:0000250	Zn(2+)	ChEBI:CHEBI:29105	2						binding_site
P45975	462	ECO:0000250	Zn(2+)	ChEBI:CHEBI:29105	3						binding_site
P45975	466	ECO:0000250	Zn(2+)	ChEBI:CHEBI:29105	3						binding_site
P45975	488-490	ECO:0000250	S-adenosyl-L-methionine	ChEBI:CHEBI:59789							binding_site
P45975	531	ECO:0000255|PROSITE-ProRule:PRU00190	S-adenosyl-L-methionine	ChEBI:CHEBI:59789							binding_site
P45975	560-561	ECO:0000250	S-adenosyl-L-methionine	ChEBI:CHEBI:59789							binding_site
P45975	563	ECO:0000250	Zn(2+)	ChEBI:CHEBI:29105	4						binding_site
P45975	623	ECO:0000250	Zn(2+)	ChEBI:CHEBI:29105	4						binding_site
P45975	625	ECO:0000250	Zn(2+)	ChEBI:CHEBI:29105	4						binding_site
P45975	630	ECO:0000250	Zn(2+)	ChEBI:CHEBI:29105	4						binding_site
P46415	100	ECO:0000250|UniProtKB:P11766	Zn(2+)	ChEBI:CHEBI:29105	2						binding_site
P46415	103	ECO:0000250|UniProtKB:P11766	Zn(2+)	ChEBI:CHEBI:29105	2						binding_site
P46415	106	ECO:0000250|UniProtKB:P11766	Zn(2+)	ChEBI:CHEBI:29105	2						binding_site
P46415	114	ECO:0000250|UniProtKB:P11766	Zn(2+)	ChEBI:CHEBI:29105	2						binding_site
P46415	177	ECO:0000250|UniProtKB:P11766	Zn(2+)	ChEBI:CHEBI:29105	1	catalytic					binding_site
P46415	48	ECO:0000250|UniProtKB:P11766	Zn(2+)	ChEBI:CHEBI:29105	1	catalytic					binding_site
P46415	70	ECO:0000250|UniProtKB:P11766	Zn(2+)	ChEBI:CHEBI:29105	1	catalytic					binding_site
P46461	505-510	ECO:0000250|UniProtKB:P18708	ATP	ChEBI:CHEBI:30616							binding_site
P46461	545-552	ECO:0000250|UniProtKB:P18708	ATP	ChEBI:CHEBI:30616							binding_site
P46461	550	ECO:0000250|UniProtKB:P18708	Mg(2+)	ChEBI:CHEBI:18420							binding_site
P46863	103-110	ECO:0000255|PROSITE-ProRule:PRU00283	ATP	ChEBI:CHEBI:30616							binding_site
P46867	106-113	ECO:0000255|PROSITE-ProRule:PRU00283	ATP	ChEBI:CHEBI:30616							binding_site
P47947	133	ECO:0000255|PROSITE-ProRule:PRU00448	Ca(2+)	ChEBI:CHEBI:29108	2						binding_site
P47947	135	ECO:0000255|PROSITE-ProRule:PRU00448	Ca(2+)	ChEBI:CHEBI:29108	2						binding_site
P47947	137	ECO:0000255|PROSITE-ProRule:PRU00448	Ca(2+)	ChEBI:CHEBI:29108	2						binding_site
P47947	139	ECO:0000255|PROSITE-ProRule:PRU00448	Ca(2+)	ChEBI:CHEBI:29108	2						binding_site
P47947	144	ECO:0000255|PROSITE-ProRule:PRU00448	Ca(2+)	ChEBI:CHEBI:29108	2						binding_site
P47947	57	ECO:0000255|PROSITE-ProRule:PRU00448	Ca(2+)	ChEBI:CHEBI:29108	1						binding_site
P47947	59	ECO:0000255|PROSITE-ProRule:PRU00448	Ca(2+)	ChEBI:CHEBI:29108	1						binding_site
P47947	61	ECO:0000255|PROSITE-ProRule:PRU00448	Ca(2+)	ChEBI:CHEBI:29108	1						binding_site
P47947	63	ECO:0000255|PROSITE-ProRule:PRU00448	Ca(2+)	ChEBI:CHEBI:29108	1						binding_site
P47947	68	ECO:0000255|PROSITE-ProRule:PRU00448	Ca(2+)	ChEBI:CHEBI:29108	1						binding_site
P47948	136	ECO:0000255|PROSITE-ProRule:PRU00448	Ca(2+)	ChEBI:CHEBI:29108	2						binding_site
P47948	138	ECO:0000255|PROSITE-ProRule:PRU00448	Ca(2+)	ChEBI:CHEBI:29108	2						binding_site
P47948	140	ECO:0000255|PROSITE-ProRule:PRU00448	Ca(2+)	ChEBI:CHEBI:29108	2						binding_site
P47948	142	ECO:0000255|PROSITE-ProRule:PRU00448	Ca(2+)	ChEBI:CHEBI:29108	2						binding_site
P47948	147	ECO:0000255|PROSITE-ProRule:PRU00448	Ca(2+)	ChEBI:CHEBI:29108	2						binding_site
P47948	60	ECO:0000255|PROSITE-ProRule:PRU00448	Ca(2+)	ChEBI:CHEBI:29108	1						binding_site
P47948	62	ECO:0000255|PROSITE-ProRule:PRU00448	Ca(2+)	ChEBI:CHEBI:29108	1						binding_site
P47948	64	ECO:0000255|PROSITE-ProRule:PRU00448	Ca(2+)	ChEBI:CHEBI:29108	1						binding_site
P47948	66	ECO:0000255|PROSITE-ProRule:PRU00448	Ca(2+)	ChEBI:CHEBI:29108	1						binding_site
P47948	71	ECO:0000255|PROSITE-ProRule:PRU00448	Ca(2+)	ChEBI:CHEBI:29108	1						binding_site
P47949	136	ECO:0000255|PROSITE-ProRule:PRU00448	Ca(2+)	ChEBI:CHEBI:29108	2						binding_site
P47949	138	ECO:0000255|PROSITE-ProRule:PRU00448	Ca(2+)	ChEBI:CHEBI:29108	2						binding_site
P47949	140	ECO:0000255|PROSITE-ProRule:PRU00448	Ca(2+)	ChEBI:CHEBI:29108	2						binding_site
P47949	142	ECO:0000255|PROSITE-ProRule:PRU00448	Ca(2+)	ChEBI:CHEBI:29108	2						binding_site
P47949	147	ECO:0000255|PROSITE-ProRule:PRU00448	Ca(2+)	ChEBI:CHEBI:29108	2						binding_site
P47949	60	ECO:0000255|PROSITE-ProRule:PRU00448	Ca(2+)	ChEBI:CHEBI:29108	1						binding_site
P47949	62	ECO:0000255|PROSITE-ProRule:PRU00448	Ca(2+)	ChEBI:CHEBI:29108	1						binding_site
P47949	64	ECO:0000255|PROSITE-ProRule:PRU00448	Ca(2+)	ChEBI:CHEBI:29108	1						binding_site
P47949	66	ECO:0000255|PROSITE-ProRule:PRU00448	Ca(2+)	ChEBI:CHEBI:29108	1						binding_site
P47949	71	ECO:0000255|PROSITE-ProRule:PRU00448	Ca(2+)	ChEBI:CHEBI:29108	1						binding_site
P48148	117-120	ECO:0000250	GTP	ChEBI:CHEBI:37565							binding_site
P48148	12-19	ECO:0000250	GTP	ChEBI:CHEBI:37565							binding_site
P48148	59-63	ECO:0000250	GTP	ChEBI:CHEBI:37565							binding_site
P48423	870	ECO:0000255|PROSITE-ProRule:PRU00432	Zn(2+)	ChEBI:CHEBI:29105							binding_site
P48423	881	ECO:0000255|PROSITE-ProRule:PRU00432	Zn(2+)	ChEBI:CHEBI:29105							binding_site
P48423	882	ECO:0000255|PROSITE-ProRule:PRU00432	Zn(2+)	ChEBI:CHEBI:29105							binding_site
P48423	892	ECO:0000255|PROSITE-ProRule:PRU00432	Zn(2+)	ChEBI:CHEBI:29105							binding_site
P48451	100	ECO:0000255|PROSITE-ProRule:PRU00448	Ca(2+)	ChEBI:CHEBI:29108	3						binding_site
P48451	102	ECO:0000255|PROSITE-ProRule:PRU00448	Ca(2+)	ChEBI:CHEBI:29108	3						binding_site
P48451	104	ECO:0000255|PROSITE-ProRule:PRU00448	Ca(2+)	ChEBI:CHEBI:29108	3						binding_site
P48451	106	ECO:0000255|PROSITE-ProRule:PRU00448	Ca(2+)	ChEBI:CHEBI:29108	3						binding_site
P48451	111	ECO:0000255|PROSITE-ProRule:PRU00448	Ca(2+)	ChEBI:CHEBI:29108	3						binding_site
P48451	141	ECO:0000255|PROSITE-ProRule:PRU00448	Ca(2+)	ChEBI:CHEBI:29108	4						binding_site
P48451	143	ECO:0000255|PROSITE-ProRule:PRU00448	Ca(2+)	ChEBI:CHEBI:29108	4						binding_site
P48451	145	ECO:0000255|PROSITE-ProRule:PRU00448	Ca(2+)	ChEBI:CHEBI:29108	4						binding_site
P48451	147	ECO:0000255|PROSITE-ProRule:PRU00448	Ca(2+)	ChEBI:CHEBI:29108	4						binding_site
P48451	152	ECO:0000255|PROSITE-ProRule:PRU00448	Ca(2+)	ChEBI:CHEBI:29108	4						binding_site
P48451	31	ECO:0000255|PROSITE-ProRule:PRU00448	Ca(2+)	ChEBI:CHEBI:29108	1						binding_site
P48451	33	ECO:0000255|PROSITE-ProRule:PRU00448	Ca(2+)	ChEBI:CHEBI:29108	1						binding_site
P48451	35	ECO:0000255|PROSITE-ProRule:PRU00448	Ca(2+)	ChEBI:CHEBI:29108	1						binding_site
P48451	42	ECO:0000255|PROSITE-ProRule:PRU00448	Ca(2+)	ChEBI:CHEBI:29108	1						binding_site
P48451	63	ECO:0000255|PROSITE-ProRule:PRU00448	Ca(2+)	ChEBI:CHEBI:29108	2						binding_site
P48451	65	ECO:0000255|PROSITE-ProRule:PRU00448	Ca(2+)	ChEBI:CHEBI:29108	2						binding_site
P48451	67	ECO:0000255|PROSITE-ProRule:PRU00448	Ca(2+)	ChEBI:CHEBI:29108	2						binding_site
P48451	69	ECO:0000255|PROSITE-ProRule:PRU00448	Ca(2+)	ChEBI:CHEBI:29108	2						binding_site
P48451	74	ECO:0000255|PROSITE-ProRule:PRU00448	Ca(2+)	ChEBI:CHEBI:29108	2						binding_site
P48456	130	ECO:0000250|UniProtKB:Q08209	Fe cation	ChEBI:CHEBI:24875							binding_site
P48456	132	ECO:0000250|UniProtKB:Q08209	Fe cation	ChEBI:CHEBI:24875							binding_site
P48456	158	ECO:0000250|UniProtKB:Q08209	Fe cation;Zn(2+)	ChEBI:CHEBI:24875;ChEBI:CHEBI:29105							binding_site
P48456	190	ECO:0000250|UniProtKB:Q08209	Zn(2+)	ChEBI:CHEBI:29105							binding_site
P48456	239	ECO:0000250|UniProtKB:Q08209	Zn(2+)	ChEBI:CHEBI:29105							binding_site
P48456	321	ECO:0000250|UniProtKB:Q08209	Zn(2+)	ChEBI:CHEBI:29105							binding_site
P48461	122	ECO:0000250	Mn(2+)	ChEBI:CHEBI:29035	2						binding_site
P48461	171	ECO:0000250	Mn(2+)	ChEBI:CHEBI:29035	2						binding_site
P48461	246	ECO:0000250	Mn(2+)	ChEBI:CHEBI:29035	2						binding_site
P48461	62	ECO:0000250	Mn(2+)	ChEBI:CHEBI:29035	1						binding_site
P48461	64	ECO:0000250	Mn(2+)	ChEBI:CHEBI:29035	1						binding_site
P48461	90	ECO:0000250	Mn(2+)	ChEBI:CHEBI:29035	1;2						binding_site
P48462	123	ECO:0000250	Mn(2+)	ChEBI:CHEBI:29035	2						binding_site
P48462	172	ECO:0000250	Mn(2+)	ChEBI:CHEBI:29035	2						binding_site
P48462	247	ECO:0000250	Mn(2+)	ChEBI:CHEBI:29035	2						binding_site
P48462	63	ECO:0000250	Mn(2+)	ChEBI:CHEBI:29035	1						binding_site
P48462	65	ECO:0000250	Mn(2+)	ChEBI:CHEBI:29035	1						binding_site
P48462	91	ECO:0000250	Mn(2+)	ChEBI:CHEBI:29035	1;2						binding_site
P48554	10-17	ECO:0000250	GTP	ChEBI:CHEBI:37565							binding_site
P48554	115-118	ECO:0000250	GTP	ChEBI:CHEBI:37565							binding_site
P48554	57-61	ECO:0000250	GTP	ChEBI:CHEBI:37565							binding_site
P48555	124-127	ECO:0000250	GTP	ChEBI:CHEBI:37565							binding_site
P48555	18-25	ECO:0000250	GTP	ChEBI:CHEBI:37565							binding_site
P48555	65-69	ECO:0000250	GTP	ChEBI:CHEBI:37565							binding_site
P48591	16-17	ECO:0000250|UniProtKB:P23921	ATP	ChEBI:CHEBI:30616		allosteric activator					binding_site
P48591	213	ECO:0000250|UniProtKB:P23921	GDP	ChEBI:CHEBI:58189							binding_site
P48591	22-28	ECO:0000250|UniProtKB:P23921	ATP	ChEBI:CHEBI:30616		allosteric activator					binding_site
P48591	228	ECO:0000250|UniProtKB:P23921	GDP	ChEBI:CHEBI:58189							binding_site
P48591	237-239	ECO:0000250|UniProtKB:P23921	dTTP	ChEBI:CHEBI:37568		allosteric effector that controls substrate specificity					binding_site
P48591	254	ECO:0000250|UniProtKB:P23921	dTTP	ChEBI:CHEBI:37568		allosteric effector that controls substrate specificity					binding_site
P48591	267	ECO:0000250|UniProtKB:P23921	dTTP	ChEBI:CHEBI:37568		allosteric effector that controls substrate specificity					binding_site
P48591	274-275	ECO:0000250|UniProtKB:P23921	dTTP	ChEBI:CHEBI:37568		allosteric effector that controls substrate specificity					binding_site
P48591	438	ECO:0000250|UniProtKB:P23921	GDP	ChEBI:CHEBI:58189							binding_site
P48591	442	ECO:0000250|UniProtKB:P23921	GDP	ChEBI:CHEBI:58189							binding_site
P48591	615-618	ECO:0000250|UniProtKB:P23921	GDP	ChEBI:CHEBI:58189							binding_site
P48591	64	ECO:0000250|UniProtKB:P23921	ATP	ChEBI:CHEBI:30616		allosteric activator					binding_site
P48591	68	ECO:0000250|UniProtKB:P23921	ATP	ChEBI:CHEBI:30616		allosteric activator					binding_site
P48592	142	ECO:0000255|PROSITE-ProRule:PRU10014	Fe cation	ChEBI:CHEBI:24875	1						binding_site
P48592	173	ECO:0000255|PROSITE-ProRule:PRU10014;ECO:0000250	Fe cation	ChEBI:CHEBI:24875	1;2						binding_site
P48592	176	ECO:0000255|PROSITE-ProRule:PRU10014	Fe cation	ChEBI:CHEBI:24875	1						binding_site
P48592	236	ECO:0000250	Fe cation	ChEBI:CHEBI:24875	2						binding_site
P48592	270	ECO:0000250	Fe cation	ChEBI:CHEBI:24875	2						binding_site
P48592	273	ECO:0000250	Fe cation	ChEBI:CHEBI:24875	2						binding_site
P48593	140	ECO:0000255|PROSITE-ProRule:PRU00448	Ca(2+)	ChEBI:CHEBI:29108	2						binding_site
P48593	142	ECO:0000255|PROSITE-ProRule:PRU00448	Ca(2+)	ChEBI:CHEBI:29108	2						binding_site
P48593	144	ECO:0000255|PROSITE-ProRule:PRU00448	Ca(2+)	ChEBI:CHEBI:29108	2						binding_site
P48593	151	ECO:0000255|PROSITE-ProRule:PRU00448	Ca(2+)	ChEBI:CHEBI:29108	2						binding_site
P48593	176	ECO:0000255|PROSITE-ProRule:PRU00448	Ca(2+)	ChEBI:CHEBI:29108	3						binding_site
P48593	178	ECO:0000255|PROSITE-ProRule:PRU00448	Ca(2+)	ChEBI:CHEBI:29108	3						binding_site
P48593	180	ECO:0000255|PROSITE-ProRule:PRU00448	Ca(2+)	ChEBI:CHEBI:29108	3						binding_site
P48593	182	ECO:0000255|PROSITE-ProRule:PRU00448	Ca(2+)	ChEBI:CHEBI:29108	3						binding_site
P48593	187	ECO:0000255|PROSITE-ProRule:PRU00448	Ca(2+)	ChEBI:CHEBI:29108	3						binding_site
P48593	48	ECO:0000255|PROSITE-ProRule:PRU00448	Ca(2+)	ChEBI:CHEBI:29108	1						binding_site
P48593	50	ECO:0000255|PROSITE-ProRule:PRU00448	Ca(2+)	ChEBI:CHEBI:29108	1						binding_site
P48593	52	ECO:0000255|PROSITE-ProRule:PRU00448	Ca(2+)	ChEBI:CHEBI:29108	1						binding_site
P48593	54	ECO:0000255|PROSITE-ProRule:PRU00448	Ca(2+)	ChEBI:CHEBI:29108	1						binding_site
P48593	59	ECO:0000255|PROSITE-ProRule:PRU00448	Ca(2+)	ChEBI:CHEBI:29108	1						binding_site
P48596	214	ECO:0000250|UniProtKB:P30793	Zn(2+)	ChEBI:CHEBI:29105							binding_site
P48596	217	ECO:0000250|UniProtKB:P30793	Zn(2+)	ChEBI:CHEBI:29105							binding_site
P48596	285	ECO:0000250|UniProtKB:P30793	Zn(2+)	ChEBI:CHEBI:29105							binding_site
P48598	100-101	ECO:0000250|UniProtKB:P06730	mRNA	ChEBI:CHEBI:33699			N(7)-methylguanosine 5'-triphosphate group	ChEBI:CHEBI:74429	m7GTP residue in mRNA cap		binding_site
P48598	146-147	ECO:0000250|UniProtKB:P06730	mRNA	ChEBI:CHEBI:33699			N(7)-methylguanosine 5'-triphosphate group	ChEBI:CHEBI:74429	m7GTP residue in mRNA cap		binding_site
P48598	199-204	ECO:0000250|UniProtKB:P06730	mRNA	ChEBI:CHEBI:33699			N(7)-methylguanosine 5'-triphosphate group	ChEBI:CHEBI:74429	m7GTP residue in mRNA cap		binding_site
P48601	225-232	ECO:0000255	ATP	ChEBI:CHEBI:30616							binding_site
P48602	247-254	ECO:0000255	ATP	ChEBI:CHEBI:30616							binding_site
P48609	10-18	ECO:0000255|PROSITE-ProRule:PRU00159	ATP	ChEBI:CHEBI:30616							binding_site
P48609	33	ECO:0000255|PROSITE-ProRule:PRU00159	ATP	ChEBI:CHEBI:30616							binding_site
P48610	122-126	ECO:0000255|PROSITE-ProRule:PRU00843	ATP	ChEBI:CHEBI:30616							binding_site
P48610	185	ECO:0000255|PROSITE-ProRule:PRU00843	ATP	ChEBI:CHEBI:30616							binding_site
P48610	225	ECO:0000250	substrate								binding_site
P48610	229	ECO:0000255|PROSITE-ProRule:PRU00843	ATP	ChEBI:CHEBI:30616							binding_site
P48610	271	ECO:0000250	substrate								binding_site
P48610	280-284	ECO:0000255|PROSITE-ProRule:PRU00843	ATP	ChEBI:CHEBI:30616							binding_site
P48610	309-314	ECO:0000255|PROSITE-ProRule:PRU00843	ATP	ChEBI:CHEBI:30616							binding_site
P48610	314	ECO:0000250	substrate								binding_site
P48610	64-68	ECO:0000250	substrate								binding_site
P48611	19	ECO:0000255|PROSITE-ProRule:PRU10123	Zn(2+)	ChEBI:CHEBI:29105							binding_site
P48611	44	ECO:0000255|PROSITE-ProRule:PRU10123	Zn(2+)	ChEBI:CHEBI:29105							binding_site
P48611	46	ECO:0000255|PROSITE-ProRule:PRU10123	Zn(2+)	ChEBI:CHEBI:29105							binding_site
P49071	26-34	ECO:0000255|PROSITE-ProRule:PRU00159	ATP	ChEBI:CHEBI:30616							binding_site
P49071	49	ECO:0000255|PROSITE-ProRule:PRU00159	ATP	ChEBI:CHEBI:30616							binding_site
P49258	104	ECO:0000255|PROSITE-ProRule:PRU00448	Ca(2+)	ChEBI:CHEBI:29108	3						binding_site
P49258	129	ECO:0000255|PROSITE-ProRule:PRU00448	Ca(2+)	ChEBI:CHEBI:29108	4						binding_site
P49258	131	ECO:0000255|PROSITE-ProRule:PRU00448	Ca(2+)	ChEBI:CHEBI:29108	4						binding_site
P49258	133	ECO:0000255|PROSITE-ProRule:PRU00448	Ca(2+)	ChEBI:CHEBI:29108	4						binding_site
P49258	135	ECO:0000255|PROSITE-ProRule:PRU00448	Ca(2+)	ChEBI:CHEBI:29108	4						binding_site
P49258	140	ECO:0000255|PROSITE-ProRule:PRU00448	Ca(2+)	ChEBI:CHEBI:29108	4						binding_site
P49258	20	ECO:0000305	Ca(2+)	ChEBI:CHEBI:29108	1						binding_site
P49258	24	ECO:0000305	Ca(2+)	ChEBI:CHEBI:29108	1						binding_site
P49258	26	ECO:0000305	Ca(2+)	ChEBI:CHEBI:29108	1						binding_site
P49258	31	ECO:0000305	Ca(2+)	ChEBI:CHEBI:29108	1						binding_site
P49258	58	ECO:0000305	Ca(2+)	ChEBI:CHEBI:29108	2						binding_site
P49258	60	ECO:0000305	Ca(2+)	ChEBI:CHEBI:29108	2						binding_site
P49258	62	ECO:0000305	Ca(2+)	ChEBI:CHEBI:29108	2						binding_site
P49258	67	ECO:0000305	Ca(2+)	ChEBI:CHEBI:29108	2						binding_site
P49258	93	ECO:0000255|PROSITE-ProRule:PRU00448	Ca(2+)	ChEBI:CHEBI:29108	3						binding_site
P49258	95	ECO:0000255|PROSITE-ProRule:PRU00448	Ca(2+)	ChEBI:CHEBI:29108	3						binding_site
P49258	97	ECO:0000255|PROSITE-ProRule:PRU00448	Ca(2+)	ChEBI:CHEBI:29108	3						binding_site
P49657	170-178	ECO:0000255|PROSITE-ProRule:PRU00159	ATP	ChEBI:CHEBI:30616							binding_site
P49657	193	ECO:0000255|PROSITE-ProRule:PRU00159	ATP	ChEBI:CHEBI:30616							binding_site
P49657	243-246	ECO:0000255|PROSITE-ProRule:PRU00159	ATP	ChEBI:CHEBI:30616							binding_site
P49735	515	ECO:0000250|UniProtKB:P49736	ADP	ChEBI:CHEBI:456216		ligand shared with MCM6					binding_site
P49735	516	ECO:0000250|UniProtKB:P49736	ADP	ChEBI:CHEBI:456216		ligand shared with MCM6					binding_site
P49762	485-493	ECO:0000255|PROSITE-ProRule:PRU00159	ATP	ChEBI:CHEBI:30616							binding_site
P49762	508	ECO:0000255|PROSITE-ProRule:PRU00159	ATP	ChEBI:CHEBI:30616							binding_site
P50245	192	ECO:0000250|UniProtKB:P10760	substrate								binding_site
P50245	217	ECO:0000250|UniProtKB:P10760	substrate								binding_site
P50245	218-220	ECO:0000250|UniProtKB:P10760	NAD(+)	ChEBI:CHEBI:57540							binding_site
P50245	247	ECO:0000250|UniProtKB:P10760	substrate								binding_site
P50245	251	ECO:0000250|UniProtKB:P10760	substrate								binding_site
P50245	283-288	ECO:0000250|UniProtKB:P10760	NAD(+)	ChEBI:CHEBI:57540							binding_site
P50245	304	ECO:0000250|UniProtKB:P10760	NAD(+)	ChEBI:CHEBI:57540							binding_site
P50245	360-362	ECO:0000250|UniProtKB:P10760	NAD(+)	ChEBI:CHEBI:57540							binding_site
P50245	407	ECO:0000250|UniProtKB:P10760	NAD(+)	ChEBI:CHEBI:57540							binding_site
P50245	486	ECO:0000250|UniProtKB:P10760	NAD(+)	ChEBI:CHEBI:57540							binding_site
P50245	486-490	ECO:0000250|UniProtKB:P10760	NAD(+)	ChEBI:CHEBI:57540							binding_site
P50245	490	ECO:0000250|UniProtKB:P10760	NAD(+)	ChEBI:CHEBI:57540							binding_site
P50534	41	ECO:0000250|UniProtKB:Q9HCI7	Zn(2+)	ChEBI:CHEBI:29105	1						binding_site
P50534	44	ECO:0000250|UniProtKB:Q9HCI7	Zn(2+)	ChEBI:CHEBI:29105	1						binding_site
P50534	525	ECO:0000255|PROSITE-ProRule:PRU01396, ECO:0000269|PubMed:23029009, ECO:0000269|PubMed:25452275, ECO:0007744|PDB:4RKG, ECO:0007744|PDB:4RKH	Zn(2+)	ChEBI:CHEBI:29105	3;4						binding_site
P50534	527	ECO:0000255|PROSITE-ProRule:PRU01396, ECO:0000269|PubMed:23029009, ECO:0000269|PubMed:25452275, ECO:0007744|PDB:4RKG, ECO:0007744|PDB:4RKH	Zn(2+)	ChEBI:CHEBI:29105	3						binding_site
P50534	539	ECO:0000255|PROSITE-ProRule:PRU01396, ECO:0000269|PubMed:23029009, ECO:0000269|PubMed:25452275, ECO:0007744|PDB:4RKG, ECO:0007744|PDB:4RKH	Zn(2+)	ChEBI:CHEBI:29105	3;5						binding_site
P50534	544	ECO:0000255|PROSITE-ProRule:PRU01396, ECO:0000269|PubMed:23029009, ECO:0000269|PubMed:25452275, ECO:0007744|PDB:4RKG, ECO:0007744|PDB:4RKH	Zn(2+)	ChEBI:CHEBI:29105	3						binding_site
P50534	546	ECO:0000255|PROSITE-ProRule:PRU01396, ECO:0000269|PubMed:23029009, ECO:0000269|PubMed:25452275, ECO:0007744|PDB:4RKG, ECO:0007744|PDB:4RKH	Zn(2+)	ChEBI:CHEBI:29105	4						binding_site
P50534	553	ECO:0000255|PROSITE-ProRule:PRU01396, ECO:0000269|PubMed:23029009, ECO:0000269|PubMed:25452275, ECO:0007744|PDB:4RKG, ECO:0007744|PDB:4RKH	Zn(2+)	ChEBI:CHEBI:29105	4;5						binding_site
P50534	556	ECO:0000255|PROSITE-ProRule:PRU01396, ECO:0000269|PubMed:23029009, ECO:0000269|PubMed:25452275, ECO:0007744|PDB:4RKG, ECO:0007744|PDB:4RKH	Zn(2+)	ChEBI:CHEBI:29105	4						binding_site
P50534	558	ECO:0000255|PROSITE-ProRule:PRU01396, ECO:0000269|PubMed:23029009, ECO:0000269|PubMed:25452275, ECO:0007744|PDB:4RKG, ECO:0007744|PDB:4RKH	Zn(2+)	ChEBI:CHEBI:29105	5						binding_site
P50534	561	ECO:0000255|PROSITE-ProRule:PRU01396, ECO:0000269|PubMed:23029009, ECO:0000269|PubMed:25452275, ECO:0007744|PDB:4RKG, ECO:0007744|PDB:4RKH	Zn(2+)	ChEBI:CHEBI:29105	5						binding_site
P50534	59	ECO:0000250|UniProtKB:Q9HCI7	Zn(2+)	ChEBI:CHEBI:29105	2						binding_site
P50534	61	ECO:0000250|UniProtKB:Q9HCI7	Zn(2+)	ChEBI:CHEBI:29105	2						binding_site
P50534	64	ECO:0000250|UniProtKB:Q9HCI7	Zn(2+)	ChEBI:CHEBI:29105	1						binding_site
P50534	67	ECO:0000250|UniProtKB:Q9HCI7	Zn(2+)	ChEBI:CHEBI:29105	1						binding_site
P50534	78	ECO:0000250|UniProtKB:Q9HCI7	Zn(2+)	ChEBI:CHEBI:29105	2						binding_site
P50534	84	ECO:0000250|UniProtKB:Q9HCI7	Zn(2+)	ChEBI:CHEBI:29105	2						binding_site
P51905	328	ECO:0000250|UniProtKB:Q7K4Y6	Na(+)	ChEBI:CHEBI:29101	2						binding_site
P51905	360	ECO:0000250|UniProtKB:Q7K4Y6	Na(+)	ChEBI:CHEBI:29101	2						binding_site
P51905	425	ECO:0000250|UniProtKB:Q7K4Y6	Na(+)	ChEBI:CHEBI:29101	1						binding_site
P51905	428	ECO:0000250|UniProtKB:Q7K4Y6	Na(+)	ChEBI:CHEBI:29101	1						binding_site
P51905	429	ECO:0000250|UniProtKB:Q7K4Y6	Na(+)	ChEBI:CHEBI:29101	1						binding_site
P51905	89	ECO:0000250|UniProtKB:Q7K4Y6	Na(+)	ChEBI:CHEBI:29101	1						binding_site
P51905	91	ECO:0000250|UniProtKB:Q7K4Y6	Na(+)	ChEBI:CHEBI:29101	2						binding_site
P51905	92	ECO:0000250|UniProtKB:Q7K4Y6	Na(+)	ChEBI:CHEBI:29101	1						binding_site
P51905	96	ECO:0000250|UniProtKB:Q7K4Y6	Na(+)	ChEBI:CHEBI:29101	2						binding_site
P52034	120-123	ECO:0000255|HAMAP-Rule:MF_03184	ATP	ChEBI:CHEBI:30616							binding_site
P52034	121	ECO:0000255|HAMAP-Rule:MF_03184	Mg(2+)	ChEBI:CHEBI:18420		catalytic					binding_site
P52034	166-168	ECO:0000255|HAMAP-Rule:MF_03184	substrate			ligand shared between dimeric partners				in other chain	binding_site
P52034	203	ECO:0000255|HAMAP-Rule:MF_03184	substrate			ligand shared between dimeric partners					binding_site
P52034	210-212	ECO:0000255|HAMAP-Rule:MF_03184	substrate			ligand shared between dimeric partners				in other chain	binding_site
P52034	266	ECO:0000255|HAMAP-Rule:MF_03184	substrate			ligand shared between dimeric partners				in other chain	binding_site
P52034	27	ECO:0000255|HAMAP-Rule:MF_03184	ATP	ChEBI:CHEBI:30616							binding_site
P52034	294	ECO:0000255|HAMAP-Rule:MF_03184	substrate			ligand shared between dimeric partners					binding_site
P52034	300-303	ECO:0000255|HAMAP-Rule:MF_03184	substrate			ligand shared between dimeric partners				in other chain	binding_site
P52034	480	ECO:0000255|HAMAP-Rule:MF_03184	beta-D-fructose 2,6-bisphosphate	ChEBI:CHEBI:58579		allosteric activator; ligand shared between dimeric partners				in other chain	binding_site
P52034	537-541	ECO:0000255|HAMAP-Rule:MF_03184	beta-D-fructose 2,6-bisphosphate	ChEBI:CHEBI:58579		allosteric activator; ligand shared between dimeric partners				in other chain	binding_site
P52034	575	ECO:0000255|HAMAP-Rule:MF_03184	beta-D-fructose 2,6-bisphosphate	ChEBI:CHEBI:58579		allosteric activator; ligand shared between dimeric partners					binding_site
P52034	582-584	ECO:0000255|HAMAP-Rule:MF_03184	beta-D-fructose 2,6-bisphosphate	ChEBI:CHEBI:58579		allosteric activator; ligand shared between dimeric partners				in other chain	binding_site
P52034	638	ECO:0000255|HAMAP-Rule:MF_03184	beta-D-fructose 2,6-bisphosphate	ChEBI:CHEBI:58579		allosteric activator; ligand shared between dimeric partners				in other chain	binding_site
P52034	664	ECO:0000255|HAMAP-Rule:MF_03184	beta-D-fructose 2,6-bisphosphate	ChEBI:CHEBI:58579		allosteric activator; ligand shared between dimeric partners					binding_site
P52034	670-673	ECO:0000255|HAMAP-Rule:MF_03184	beta-D-fructose 2,6-bisphosphate	ChEBI:CHEBI:58579		allosteric activator; ligand shared between dimeric partners				in other chain	binding_site
P52034	745	ECO:0000255|HAMAP-Rule:MF_03184	beta-D-fructose 2,6-bisphosphate	ChEBI:CHEBI:58579		allosteric activator; ligand shared between dimeric partners				in other chain	binding_site
P52034	90-91	ECO:0000255|HAMAP-Rule:MF_03184	ATP	ChEBI:CHEBI:30616							binding_site
P52304	31-39	ECO:0000255|PROSITE-ProRule:PRU00159	ATP	ChEBI:CHEBI:30616							binding_site
P52304	54	ECO:0000255|PROSITE-ProRule:PRU00159	ATP	ChEBI:CHEBI:30616							binding_site
P53034	56-63	ECO:0000255	ATP	ChEBI:CHEBI:30616							binding_site
P53624	640	ECO:0000250|UniProtKB:P32906	Ca(2+)	ChEBI:CHEBI:29108							binding_site
P54350	245-253	ECO:0000255|PROSITE-ProRule:PRU00159	ATP	ChEBI:CHEBI:30616							binding_site
P54350	268	ECO:0000255|PROSITE-ProRule:PRU00159	ATP	ChEBI:CHEBI:30616							binding_site
P54350	366	ECO:0000250	Mg(2+)	ChEBI:CHEBI:18420							binding_site
P54350	412	ECO:0000250	Mg(2+)	ChEBI:CHEBI:18420							binding_site
P54351	510-515	ECO:0000250|UniProtKB:P18708	ATP	ChEBI:CHEBI:30616							binding_site
P54351	550-557	ECO:0000250|UniProtKB:P18708	ATP	ChEBI:CHEBI:30616							binding_site
P54357	104	ECO:0000255|PROSITE-ProRule:PRU00448	Ca(2+)	ChEBI:CHEBI:29108							binding_site
P54357	93	ECO:0000255|PROSITE-ProRule:PRU00448	Ca(2+)	ChEBI:CHEBI:29108							binding_site
P54357	95	ECO:0000255|PROSITE-ProRule:PRU00448	Ca(2+)	ChEBI:CHEBI:29108							binding_site
P54357	97	ECO:0000255|PROSITE-ProRule:PRU00448	Ca(2+)	ChEBI:CHEBI:29108							binding_site
P54357	99	ECO:0000255|PROSITE-ProRule:PRU00448	Ca(2+)	ChEBI:CHEBI:29108							binding_site
P54358	1000	ECO:0000250|UniProtKB:P15436	Zn(2+)	ChEBI:CHEBI:29105							binding_site
P54358	1014	ECO:0000250|UniProtKB:P15436	Zn(2+)	ChEBI:CHEBI:29105							binding_site
P54358	1017	ECO:0000250|UniProtKB:P15436	Zn(2+)	ChEBI:CHEBI:29105							binding_site
P54358	1046	ECO:0000250|UniProtKB:P15436	[4Fe-4S] cluster	ChEBI:CHEBI:49883							binding_site
P54358	1049	ECO:0000250|UniProtKB:P15436	[4Fe-4S] cluster	ChEBI:CHEBI:49883							binding_site
P54358	1059	ECO:0000250|UniProtKB:P15436	[4Fe-4S] cluster	ChEBI:CHEBI:49883							binding_site
P54358	1064	ECO:0000250|UniProtKB:P15436	[4Fe-4S] cluster	ChEBI:CHEBI:49883							binding_site
P54358	997	ECO:0000250|UniProtKB:P15436	Zn(2+)	ChEBI:CHEBI:29105							binding_site
P54359	105	ECO:0000250	GTP	ChEBI:CHEBI:37565							binding_site
P54359	186-194	ECO:0000250	GTP	ChEBI:CHEBI:37565							binding_site
P54359	240	ECO:0000250	GTP	ChEBI:CHEBI:37565							binding_site
P54359	255	ECO:0000250	GTP	ChEBI:CHEBI:37565							binding_site
P54359	50-57	ECO:0000250	GTP	ChEBI:CHEBI:37565							binding_site
P54359	79	ECO:0000250	GTP	ChEBI:CHEBI:37565							binding_site
P54367	26-34	ECO:0000255|PROSITE-ProRule:PRU00159	ATP	ChEBI:CHEBI:30616							binding_site
P54367	49	ECO:0000255|PROSITE-ProRule:PRU00159	ATP	ChEBI:CHEBI:30616							binding_site
P54385	132-134	ECO:0000250	NAD(+)	ChEBI:CHEBI:57540							binding_site
P54385	138	ECO:0000250	substrate								binding_site
P54385	162	ECO:0000250	substrate								binding_site
P54385	167	ECO:0000250	NAD(+)	ChEBI:CHEBI:57540							binding_site
P54385	243	ECO:0000250	NAD(+)	ChEBI:CHEBI:57540							binding_site
P54385	257	ECO:0000250	GTP	ChEBI:CHEBI:37565							binding_site
P54385	261	ECO:0000250	GTP	ChEBI:CHEBI:37565							binding_site
P54385	310	ECO:0000250	GTP	ChEBI:CHEBI:37565							binding_site
P54385	313	ECO:0000250	GTP	ChEBI:CHEBI:37565							binding_site
P54385	430	ECO:0000250	substrate								binding_site
P54385	436	ECO:0000250	NAD(+)	ChEBI:CHEBI:57540							binding_site
P54385	442	ECO:0000250	ADP	ChEBI:CHEBI:456216							binding_site
P54385	521	ECO:0000250	ADP	ChEBI:CHEBI:456216							binding_site
P54398	10-34	ECO:0000250	NAD(+)	ChEBI:CHEBI:57540							binding_site
P54398	138	ECO:0000250	substrate								binding_site
P61209	126-129	ECO:0000250|UniProtKB:P84077	GTP	ChEBI:CHEBI:37565							binding_site
P61209	160	ECO:0000250|UniProtKB:P84077	GTP	ChEBI:CHEBI:37565							binding_site
P61209	24-32	ECO:0000250|UniProtKB:P84077	GTP	ChEBI:CHEBI:37565							binding_site
P61851	119		Cu cation	ChEBI:CHEBI:23378		catalytic					binding_site
P61851	45		Cu cation	ChEBI:CHEBI:23378		catalytic					binding_site
P61851	47		Cu cation	ChEBI:CHEBI:23378		catalytic					binding_site
P61851	62		Cu cation;Zn(2+)	ChEBI:CHEBI:23378;ChEBI:CHEBI:29105		catalytic;structural					binding_site
P61851	70		Zn(2+)	ChEBI:CHEBI:29105		structural					binding_site
P61851	79		Zn(2+)	ChEBI:CHEBI:29105		structural					binding_site
P61851	82		Zn(2+)	ChEBI:CHEBI:29105		structural					binding_site
P61857	11	ECO:0000250|UniProtKB:Q13509	GTP	ChEBI:CHEBI:37565							binding_site
P61857	138	ECO:0000250|UniProtKB:Q13509	GTP	ChEBI:CHEBI:37565							binding_site
P61857	142	ECO:0000250|UniProtKB:Q13509	GTP	ChEBI:CHEBI:37565							binding_site
P61857	143	ECO:0000250|UniProtKB:Q13509	GTP	ChEBI:CHEBI:37565							binding_site
P61857	144	ECO:0000250|UniProtKB:Q13509	GTP	ChEBI:CHEBI:37565							binding_site
P61857	204	ECO:0000250|UniProtKB:Q13509	GTP	ChEBI:CHEBI:37565							binding_site
P61857	226	ECO:0000250|UniProtKB:Q13509	GTP	ChEBI:CHEBI:37565							binding_site
P61857	69	ECO:0000250|UniProtKB:P68363	GTP;Mg(2+)	ChEBI:CHEBI:37565;ChEBI:CHEBI:18420							binding_site
P62152	105	ECO:0000255|PROSITE-ProRule:PRU00448	Ca(2+)	ChEBI:CHEBI:29108	3						binding_site
P62152	130	ECO:0000255|PROSITE-ProRule:PRU00448	Ca(2+)	ChEBI:CHEBI:29108	4						binding_site
P62152	132	ECO:0000255|PROSITE-ProRule:PRU00448	Ca(2+)	ChEBI:CHEBI:29108	4						binding_site
P62152	134	ECO:0000255|PROSITE-ProRule:PRU00448	Ca(2+)	ChEBI:CHEBI:29108	4						binding_site
P62152	136	ECO:0000255|PROSITE-ProRule:PRU00448	Ca(2+)	ChEBI:CHEBI:29108	4						binding_site
P62152	141	ECO:0000255|PROSITE-ProRule:PRU00448	Ca(2+)	ChEBI:CHEBI:29108	4						binding_site
P62152	21	ECO:0000255|PROSITE-ProRule:PRU00448	Ca(2+)	ChEBI:CHEBI:29108	1						binding_site
P62152	23	ECO:0000255|PROSITE-ProRule:PRU00448	Ca(2+)	ChEBI:CHEBI:29108	1						binding_site
P62152	25	ECO:0000255|PROSITE-ProRule:PRU00448	Ca(2+)	ChEBI:CHEBI:29108	1						binding_site
P62152	27	ECO:0000255|PROSITE-ProRule:PRU00448	Ca(2+)	ChEBI:CHEBI:29108	1						binding_site
P62152	32	ECO:0000255|PROSITE-ProRule:PRU00448	Ca(2+)	ChEBI:CHEBI:29108	1						binding_site
P62152	57	ECO:0000255|PROSITE-ProRule:PRU00448	Ca(2+)	ChEBI:CHEBI:29108	2						binding_site
P62152	59	ECO:0000255|PROSITE-ProRule:PRU00448	Ca(2+)	ChEBI:CHEBI:29108	2						binding_site
P62152	61	ECO:0000255|PROSITE-ProRule:PRU00448	Ca(2+)	ChEBI:CHEBI:29108	2						binding_site
P62152	63	ECO:0000255|PROSITE-ProRule:PRU00448	Ca(2+)	ChEBI:CHEBI:29108	2						binding_site
P62152	68	ECO:0000255|PROSITE-ProRule:PRU00448	Ca(2+)	ChEBI:CHEBI:29108	2						binding_site
P62152	94	ECO:0000255|PROSITE-ProRule:PRU00448	Ca(2+)	ChEBI:CHEBI:29108	3						binding_site
P62152	96	ECO:0000255|PROSITE-ProRule:PRU00448	Ca(2+)	ChEBI:CHEBI:29108	3						binding_site
P62152	98	ECO:0000255|PROSITE-ProRule:PRU00448	Ca(2+)	ChEBI:CHEBI:29108	3						binding_site
P81641	116	ECO:0000250|UniProtKB:P04746	Ca(2+)	ChEBI:CHEBI:29108							binding_site
P81641	165	ECO:0000250|UniProtKB:P04746	Ca(2+)	ChEBI:CHEBI:29108							binding_site
P81641	174	ECO:0000250|UniProtKB:P04746	Ca(2+)	ChEBI:CHEBI:29108							binding_site
P81641	202	ECO:0000250|UniProtKB:P04746	chloride	ChEBI:CHEBI:17996							binding_site
P81641	208	ECO:0000250|UniProtKB:P04746	Ca(2+)	ChEBI:CHEBI:29108							binding_site
P81641	304	ECO:0000250|UniProtKB:P04746	chloride	ChEBI:CHEBI:17996							binding_site
P81641	343	ECO:0000250|UniProtKB:P04746	chloride	ChEBI:CHEBI:17996							binding_site
P81900	124-239		3',5'-cyclic AMP	ChEBI:CHEBI:58165	1						binding_site
P81900	189	ECO:0000250	3',5'-cyclic AMP	ChEBI:CHEBI:58165	1						binding_site
P81900	198	ECO:0000250	3',5'-cyclic AMP	ChEBI:CHEBI:58165	1						binding_site
P81900	242-362		3',5'-cyclic AMP	ChEBI:CHEBI:58165	2						binding_site
P81900	311	ECO:0000250	3',5'-cyclic AMP	ChEBI:CHEBI:58165	2						binding_site
P81900	320	ECO:0000250	3',5'-cyclic AMP	ChEBI:CHEBI:58165	2						binding_site
P82711	445	ECO:0000250	heme	ChEBI:CHEBI:30413			Fe	ChEBI:CHEBI:18248		axial binding residue	binding_site
P82712	467	ECO:0000250	heme	ChEBI:CHEBI:30413			Fe	ChEBI:CHEBI:18248		axial binding residue	binding_site
P82713	483	ECO:0000250	heme	ChEBI:CHEBI:30413			Fe	ChEBI:CHEBI:18248		axial binding residue	binding_site
P83094	155	ECO:0000255	Ca(2+)	ChEBI:CHEBI:29108							binding_site
P83094	157	ECO:0000255	Ca(2+)	ChEBI:CHEBI:29108							binding_site
P83094	159	ECO:0000255	Ca(2+)	ChEBI:CHEBI:29108							binding_site
P83094	161	ECO:0000255	Ca(2+)	ChEBI:CHEBI:29108							binding_site
P83094	166	ECO:0000255	Ca(2+)	ChEBI:CHEBI:29108							binding_site
P83097	499-507	ECO:0000255|PROSITE-ProRule:PRU00159	ATP	ChEBI:CHEBI:30616							binding_site
P83098	16-24	ECO:0000255|PROSITE-ProRule:PRU00159	ATP	ChEBI:CHEBI:30616							binding_site
P83098	38	ECO:0000255|PROSITE-ProRule:PRU00159	ATP	ChEBI:CHEBI:30616							binding_site
P83099	349-357	ECO:0000255|PROSITE-ProRule:PRU00159	ATP	ChEBI:CHEBI:30616							binding_site
P83099	372	ECO:0000255|PROSITE-ProRule:PRU00159	ATP	ChEBI:CHEBI:30616							binding_site
P83100	26-34	ECO:0000255|PROSITE-ProRule:PRU00159	ATP	ChEBI:CHEBI:30616							binding_site
P83100	49	ECO:0000255|PROSITE-ProRule:PRU00159	ATP	ChEBI:CHEBI:30616							binding_site
P83101	39-47	ECO:0000255|PROSITE-ProRule:PRU00159	ATP	ChEBI:CHEBI:30616							binding_site
P83101	62	ECO:0000255|PROSITE-ProRule:PRU00159	ATP	ChEBI:CHEBI:30616							binding_site
P83102	282-290	ECO:0000255|PROSITE-ProRule:PRU00159	ATP	ChEBI:CHEBI:30616							binding_site
P83102	305	ECO:0000255|PROSITE-ProRule:PRU00159	ATP	ChEBI:CHEBI:30616							binding_site
P83103	254-262	ECO:0000255|PROSITE-ProRule:PRU00159	ATP	ChEBI:CHEBI:30616							binding_site
P83103	282	ECO:0000255|PROSITE-ProRule:PRU00159	ATP	ChEBI:CHEBI:30616							binding_site
P83103	377-382	ECO:0000250|UniProtKB:Q8TF76	ATP	ChEBI:CHEBI:30616							binding_site
P83103	418-423	ECO:0000250|UniProtKB:Q8TF76	ATP	ChEBI:CHEBI:30616							binding_site
P83103	456-458	ECO:0000250|UniProtKB:Q8TF76	ATP	ChEBI:CHEBI:30616							binding_site
P83104	17-25	ECO:0000255|PROSITE-ProRule:PRU00159	ATP	ChEBI:CHEBI:30616							binding_site
P83104	38	ECO:0000255|PROSITE-ProRule:PRU00159	ATP	ChEBI:CHEBI:30616							binding_site
P83293	131	ECO:0000269|PubMed:38305684, ECO:0007744|PDB:8JMH	sucrose	ChEBI:CHEBI:17992							binding_site
P83293	196	ECO:0000269|PubMed:38305684, ECO:0007744|PDB:8JMI;ECO:0000269|PubMed:38305684, ECO:0007744|PDB:8JMH	D-maltose;sucrose	ChEBI:CHEBI:17306;ChEBI:CHEBI:17992							binding_site
P83293	197	ECO:0000269|PubMed:38305684, ECO:0007744|PDB:8JMI;ECO:0000269|PubMed:38305684, ECO:0007744|PDB:8JMH	D-maltose;sucrose	ChEBI:CHEBI:17306;ChEBI:CHEBI:17992							binding_site
P83293	234	ECO:0000269|PubMed:38305684, ECO:0007744|PDB:8JMI;ECO:0000269|PubMed:38305684, ECO:0007744|PDB:8JMH	D-maltose;sucrose	ChEBI:CHEBI:17306;ChEBI:CHEBI:17992							binding_site
P83293	253	ECO:0000269|PubMed:38305684, ECO:0007744|PDB:8JMI	D-maltose	ChEBI:CHEBI:17306							binding_site
P83293	257	ECO:0000269|PubMed:38305684, ECO:0007744|PDB:8JMI;ECO:0000269|PubMed:38305684, ECO:0007744|PDB:8JMH	D-maltose;sucrose	ChEBI:CHEBI:17306;ChEBI:CHEBI:17992							binding_site
P83293	353	ECO:0000269|PubMed:38305684, ECO:0007744|PDB:8JMI;ECO:0000269|PubMed:38305684, ECO:0007744|PDB:8JMH	D-maltose;sucrose	ChEBI:CHEBI:17306;ChEBI:CHEBI:17992							binding_site
P84029	19		heme c	ChEBI:CHEBI:61717						covalent	binding_site
P84029	22		heme c	ChEBI:CHEBI:61717						covalent	binding_site
P84029	23		heme c	ChEBI:CHEBI:61717			Fe	ChEBI:CHEBI:18248		axial binding residue	binding_site
P84029	85		heme c	ChEBI:CHEBI:61717			Fe	ChEBI:CHEBI:18248		axial binding residue	binding_site
P91615	11-34	ECO:0000250	NAD(+)	ChEBI:CHEBI:57540							binding_site
P91615	139	ECO:0000250	substrate								binding_site
P91622	253-260	ECO:0000250	ATP	ChEBI:CHEBI:30616							binding_site
P91622	294	ECO:0000250	ATP	ChEBI:CHEBI:30616							binding_site
P91622	313-314	ECO:0000250	ATP	ChEBI:CHEBI:30616							binding_site
P91622	330-335	ECO:0000250	ATP	ChEBI:CHEBI:30616							binding_site
P91645	1366	ECO:0000305	Ca(2+)	ChEBI:CHEBI:29108							binding_site
P91645	1368	ECO:0000305	Ca(2+)	ChEBI:CHEBI:29108							binding_site
P91645	1370	ECO:0000305	Ca(2+)	ChEBI:CHEBI:29108							binding_site
P91645	1372	ECO:0000305	Ca(2+)	ChEBI:CHEBI:29108							binding_site
P91645	1377	ECO:0000305	Ca(2+)	ChEBI:CHEBI:29108							binding_site
P91660	1153-1160	ECO:0000255|PROSITE-ProRule:PRU00434	ATP	ChEBI:CHEBI:30616	2						binding_site
P91660	534-541	ECO:0000255|PROSITE-ProRule:PRU00434	ATP	ChEBI:CHEBI:30616	1						binding_site
P91685	158	ECO:0000250	L-glutamate	ChEBI:CHEBI:29985							binding_site
P91685	179-181	ECO:0000250	L-glutamate	ChEBI:CHEBI:29985							binding_site
P91685	229	ECO:0000250	L-glutamate	ChEBI:CHEBI:29985							binding_site
P91685	310	ECO:0000250	L-glutamate	ChEBI:CHEBI:29985							binding_site
P91685	417	ECO:0000250	L-glutamate	ChEBI:CHEBI:29985							binding_site
P91875	565	ECO:0000250	Mg(2+)	ChEBI:CHEBI:18420		catalytic					binding_site
P91875	567	ECO:0000250	Mg(2+)	ChEBI:CHEBI:18420		catalytic					binding_site
P91875	569	ECO:0000250	Mg(2+)	ChEBI:CHEBI:18420		catalytic					binding_site
P91875	66	ECO:0000250	Zn(2+)	ChEBI:CHEBI:29105							binding_site
P91875	69	ECO:0000250	Zn(2+)	ChEBI:CHEBI:29105							binding_site
P91875	75	ECO:0000250	Zn(2+)	ChEBI:CHEBI:29105							binding_site
P91875	78	ECO:0000250	Zn(2+)	ChEBI:CHEBI:29105							binding_site
P91927	700	ECO:0000255|PROSITE-ProRule:PRU00448	Ca(2+)	ChEBI:CHEBI:29108	1						binding_site
P91927	702	ECO:0000255|PROSITE-ProRule:PRU00448	Ca(2+)	ChEBI:CHEBI:29108	1						binding_site
P91927	704	ECO:0000255|PROSITE-ProRule:PRU00448	Ca(2+)	ChEBI:CHEBI:29108	1						binding_site
P91927	711	ECO:0000255|PROSITE-ProRule:PRU00448	Ca(2+)	ChEBI:CHEBI:29108	1						binding_site
P91927	783	ECO:0000255|PROSITE-ProRule:PRU00448	Ca(2+)	ChEBI:CHEBI:29108	2						binding_site
P91927	785	ECO:0000255|PROSITE-ProRule:PRU00448	Ca(2+)	ChEBI:CHEBI:29108	2						binding_site
P91927	787	ECO:0000255|PROSITE-ProRule:PRU00448	Ca(2+)	ChEBI:CHEBI:29108	2						binding_site
P91927	794	ECO:0000255|PROSITE-ProRule:PRU00448	Ca(2+)	ChEBI:CHEBI:29108	2						binding_site
P91938	120-126	ECO:0000269|PubMed:17385893	FAD	ChEBI:CHEBI:57692							binding_site
P91938	143-147	ECO:0000269|PubMed:17385893	FAD	ChEBI:CHEBI:57692							binding_site
P91938	159-170	ECO:0000269|PubMed:17385893	FAD	ChEBI:CHEBI:57692							binding_site
P91938	233-235	ECO:0000269|PubMed:17385893	FAD	ChEBI:CHEBI:57692							binding_site
P91938	262-266	ECO:0000269|PubMed:17385893	FAD	ChEBI:CHEBI:57692							binding_site
P91938	282	ECO:0000269|PubMed:17385893	FAD	ChEBI:CHEBI:57692							binding_site
P91938	286	ECO:0000269|PubMed:17385893	FAD	ChEBI:CHEBI:57692							binding_site
P91938	302	ECO:0000269|PubMed:17385893	FAD	ChEBI:CHEBI:57692							binding_site
P91938	322-328	ECO:0000269|PubMed:17385893	NADP(+)	ChEBI:CHEBI:58349							binding_site
P91938	355	ECO:0000269|PubMed:17385893	NADP(+)	ChEBI:CHEBI:58349							binding_site
P91938	392-399	ECO:0000269|PubMed:17385893	FAD	ChEBI:CHEBI:57692							binding_site
P91938	429-432	ECO:0000269|PubMed:17385893	FAD	ChEBI:CHEBI:57692							binding_site
P91938	438-443	ECO:0000269|PubMed:17385893	FAD	ChEBI:CHEBI:57692							binding_site
P91938	472	ECO:0000269|PubMed:17385893	FAD	ChEBI:CHEBI:57692							binding_site
P91938	570	ECO:0000269|PubMed:17385893	FAD	ChEBI:CHEBI:57692							binding_site
P92208	31-36	ECO:0000255|PROSITE-ProRule:PRU00159	ATP	ChEBI:CHEBI:30616							binding_site
P92208	53	ECO:0000255|PROSITE-ProRule:PRU00159	ATP	ChEBI:CHEBI:30616							binding_site
Q00168	20-28	ECO:0000255|PROSITE-ProRule:PRU00159	ATP	ChEBI:CHEBI:30616							binding_site
Q00168	43	ECO:0000255|PROSITE-ProRule:PRU00159	ATP	ChEBI:CHEBI:30616							binding_site
Q00449	1094-1101	ECO:0000255|PROSITE-ProRule:PRU00434	ATP	ChEBI:CHEBI:30616	2						binding_site
Q00449	437-444	ECO:0000255|PROSITE-ProRule:PRU00434	ATP	ChEBI:CHEBI:30616	1						binding_site
Q00637	175	ECO:0000250	Mn(2+)	ChEBI:CHEBI:29035							binding_site
Q00637	179	ECO:0000250	Mn(2+)	ChEBI:CHEBI:29035							binding_site
Q00637	43	ECO:0000250	Mn(2+)	ChEBI:CHEBI:29035							binding_site
Q00637	91	ECO:0000250	Mn(2+)	ChEBI:CHEBI:29035							binding_site
Q00748	1094-1101	ECO:0000255|PROSITE-ProRule:PRU00434	ATP	ChEBI:CHEBI:30616	2						binding_site
Q00748	440-447	ECO:0000255|PROSITE-ProRule:PRU00434	ATP	ChEBI:CHEBI:30616	1						binding_site
Q01583	299	ECO:0000255|PROSITE-ProRule:PRU00448	Ca(2+)	ChEBI:CHEBI:29108	1						binding_site
Q01583	301	ECO:0000255|PROSITE-ProRule:PRU00448	Ca(2+)	ChEBI:CHEBI:29108	1						binding_site
Q01583	303	ECO:0000255|PROSITE-ProRule:PRU00448	Ca(2+)	ChEBI:CHEBI:29108	1						binding_site
Q01583	310	ECO:0000255|PROSITE-ProRule:PRU00448	Ca(2+)	ChEBI:CHEBI:29108	1						binding_site
Q01583	344	ECO:0000255|PROSITE-ProRule:PRU00448	Ca(2+)	ChEBI:CHEBI:29108	2						binding_site
Q01583	346	ECO:0000255|PROSITE-ProRule:PRU00448	Ca(2+)	ChEBI:CHEBI:29108	2						binding_site
Q01583	348	ECO:0000255|PROSITE-ProRule:PRU00448	Ca(2+)	ChEBI:CHEBI:29108	2						binding_site
Q01583	350	ECO:0000255|PROSITE-ProRule:PRU00448	Ca(2+)	ChEBI:CHEBI:29108	2						binding_site
Q01583	355	ECO:0000255|PROSITE-ProRule:PRU00448	Ca(2+)	ChEBI:CHEBI:29108	2						binding_site
Q01603	437	ECO:0000255|PROSITE-ProRule:PRU00298	heme b	ChEBI:CHEBI:60344			Fe	ChEBI:CHEBI:18248		axial binding residue	binding_site
Q01604	121	ECO:0000250|UniProtKB:Q7SIB7	(2R)-3-phosphoglycerate	ChEBI:CHEBI:58272							binding_site
Q01604	168	ECO:0000250|UniProtKB:P00558	(2R)-3-phosphoglycerate	ChEBI:CHEBI:58272							binding_site
Q01604	169	ECO:0000250|UniProtKB:Q7SIB7	(2R)-3-phosphoglycerate	ChEBI:CHEBI:58272							binding_site
Q01604	212	ECO:0000250|UniProtKB:P00558	ADP;CDP	ChEBI:CHEBI:456216;ChEBI:CHEBI:58069							binding_site
Q01604	213	ECO:0000250|UniProtKB:Q7SIB7;ECO:0000250|UniProtKB:P00558	AMP;ATP;Mg(2+)	ChEBI:CHEBI:456215;ChEBI:CHEBI:30616;ChEBI:CHEBI:18420							binding_site
Q01604	214	ECO:0000250|UniProtKB:Q7SIB7	AMP	ChEBI:CHEBI:456215							binding_site
Q01604	216	ECO:0000250|UniProtKB:P00558	Mg(2+)	ChEBI:CHEBI:18420							binding_site
Q01604	217	ECO:0000250|UniProtKB:P00558	CDP;Mg(2+)	ChEBI:CHEBI:58069;ChEBI:CHEBI:18420							binding_site
Q01604	218	ECO:0000250|UniProtKB:Q7SIB7	AMP;ATP	ChEBI:CHEBI:456215;ChEBI:CHEBI:30616							binding_site
Q01604	22	ECO:0000250|UniProtKB:P00558	(2R)-3-phosphoglycerate	ChEBI:CHEBI:58272							binding_site
Q01604	23	ECO:0000250|UniProtKB:Q7SIB7	(2R)-3-phosphoglycerate	ChEBI:CHEBI:58272							binding_site
Q01604	236	ECO:0000250|UniProtKB:P00558	ADP;CDP	ChEBI:CHEBI:456216;ChEBI:CHEBI:58069							binding_site
Q01604	237	ECO:0000250|UniProtKB:Q7SIB7	AMP;ATP	ChEBI:CHEBI:456215;ChEBI:CHEBI:30616							binding_site
Q01604	24	ECO:0000250|UniProtKB:P00558	(2R)-3-phosphoglycerate	ChEBI:CHEBI:58272							binding_site
Q01604	25	ECO:0000250|UniProtKB:Q7SIB7	(2R)-3-phosphoglycerate	ChEBI:CHEBI:58272							binding_site
Q01604	311	ECO:0000250|UniProtKB:Q7SIB7	AMP;ATP	ChEBI:CHEBI:456215;ChEBI:CHEBI:30616							binding_site
Q01604	336	ECO:0000250|UniProtKB:P00558	CDP	ChEBI:CHEBI:58069							binding_site
Q01604	341	ECO:0000250|UniProtKB:P00558	ADP;CDP	ChEBI:CHEBI:456216;ChEBI:CHEBI:58069							binding_site
Q01604	342	ECO:0000250|UniProtKB:Q7SIB7	AMP;ATP	ChEBI:CHEBI:456215;ChEBI:CHEBI:30616							binding_site
Q01604	37	ECO:0000250|UniProtKB:P00558	(2R)-3-phosphoglycerate	ChEBI:CHEBI:58272							binding_site
Q01604	373	ECO:0000250|UniProtKB:Q7SIB7	ATP;Mg(2+)	ChEBI:CHEBI:30616;ChEBI:CHEBI:18420							binding_site
Q01604	374	ECO:0000250|UniProtKB:Q7SIB7	ATP	ChEBI:CHEBI:30616							binding_site
Q01604	38	ECO:0000250|UniProtKB:Q7SIB7	(2R)-3-phosphoglycerate	ChEBI:CHEBI:58272							binding_site
Q01604	61	ECO:0000250|UniProtKB:P00558	(2R)-3-phosphoglycerate	ChEBI:CHEBI:58272							binding_site
Q01604	62	ECO:0000250|UniProtKB:Q7SIB7	(2R)-3-phosphoglycerate	ChEBI:CHEBI:58272							binding_site
Q01604	64	ECO:0000250|UniProtKB:P00558	(2R)-3-phosphoglycerate	ChEBI:CHEBI:58272							binding_site
Q01604	65	ECO:0000250|UniProtKB:Q7SIB7	(2R)-3-phosphoglycerate	ChEBI:CHEBI:58272							binding_site
Q01989	151-158		ATP	ChEBI:CHEBI:30616							binding_site
Q02280	571-688		a nucleoside 3',5'-cyclic phosphate	ChEBI:CHEBI:58464							binding_site
Q02748	74-81	ECO:0000255|PROSITE-ProRule:PRU00541	ATP	ChEBI:CHEBI:30616							binding_site
Q02870	360-367	ECO:0000255|PROSITE-ProRule:PRU00541	ATP	ChEBI:CHEBI:30616							binding_site
Q02936	149	ECO:0000250|UniProtKB:Q15465	Ca(2+)	ChEBI:CHEBI:29108	1						binding_site
Q02936	150	ECO:0000250|UniProtKB:Q15465	Ca(2+)	ChEBI:CHEBI:29108	1;2						binding_site
Q02936	155	ECO:0000250|UniProtKB:Q15465	Ca(2+)	ChEBI:CHEBI:29108	1						binding_site
Q02936	185	ECO:0000250|UniProtKB:Q15465	Ca(2+)	ChEBI:CHEBI:29108	1						binding_site
Q02936	186	ECO:0000250|UniProtKB:Q15465	Ca(2+)	ChEBI:CHEBI:29108	1;2						binding_site
Q02936	189	ECO:0000250|UniProtKB:Q15465	Ca(2+)	ChEBI:CHEBI:29108	2						binding_site
Q02936	191	ECO:0000250|UniProtKB:Q15465	Ca(2+)	ChEBI:CHEBI:29108	2						binding_site
Q03042	249-252	ECO:0000250|UniProtKB:Q13976	3',5'-cyclic GMP	ChEBI:CHEBI:57746	1						binding_site
Q03042	259-260	ECO:0000250|UniProtKB:Q13976	3',5'-cyclic GMP	ChEBI:CHEBI:57746	1						binding_site
Q03042	366	ECO:0000250|UniProtKB:Q13976	3',5'-cyclic GMP	ChEBI:CHEBI:57746	2						binding_site
Q03042	375-378	ECO:0000250|UniProtKB:Q13976	3',5'-cyclic GMP	ChEBI:CHEBI:57746	2						binding_site
Q03042	385-386	ECO:0000250|UniProtKB:Q13976	3',5'-cyclic GMP	ChEBI:CHEBI:57746	2						binding_site
Q03042	421	ECO:0000250|UniProtKB:Q13976	3',5'-cyclic GMP	ChEBI:CHEBI:57746	2						binding_site
Q03042	463-471	ECO:0000255|PROSITE-ProRule:PRU00159	ATP	ChEBI:CHEBI:30616							binding_site
Q03042	488	ECO:0000255|PROSITE-ProRule:PRU00159	ATP	ChEBI:CHEBI:30616							binding_site
Q03043	584-587	ECO:0000250|UniProtKB:Q13976	3',5'-cyclic GMP	ChEBI:CHEBI:57746	1						binding_site
Q03043	594-595	ECO:0000250|UniProtKB:Q13976	3',5'-cyclic GMP	ChEBI:CHEBI:57746	1						binding_site
Q03043	699	ECO:0000250|UniProtKB:Q13976	3',5'-cyclic GMP	ChEBI:CHEBI:57746	2						binding_site
Q03043	708-711	ECO:0000250|UniProtKB:Q13976	3',5'-cyclic GMP	ChEBI:CHEBI:57746	2						binding_site
Q03043	718-719	ECO:0000250|UniProtKB:Q13976	3',5'-cyclic GMP	ChEBI:CHEBI:57746	2						binding_site
Q03043	783-791	ECO:0000255|PROSITE-ProRule:PRU00159	ATP	ChEBI:CHEBI:30616							binding_site
Q03043	807	ECO:0000255|PROSITE-ProRule:PRU00159	ATP	ChEBI:CHEBI:30616							binding_site
Q05201	499	ECO:0000250|UniProtKB:O00167	Mg(2+)	ChEBI:CHEBI:18420							binding_site
Q05201	501	ECO:0000250|UniProtKB:O00167	Mg(2+)	ChEBI:CHEBI:18420							binding_site
Q05201	730	ECO:0000250|UniProtKB:O00167	Mg(2+)	ChEBI:CHEBI:18420							binding_site
Q05337	188-194	ECO:0000250	GTP	ChEBI:CHEBI:37565							binding_site
Q05337	194	ECO:0000250	Mg(2+)	ChEBI:CHEBI:18420							binding_site
Q05337	221-225	ECO:0000250	GTP	ChEBI:CHEBI:37565							binding_site
Q05337	290-293	ECO:0000250	GTP	ChEBI:CHEBI:37565							binding_site
Q05337	371	ECO:0000250	GTP	ChEBI:CHEBI:37565							binding_site
Q05337	54-61	ECO:0000250	GTP	ChEBI:CHEBI:37565							binding_site
Q05547	122	ECO:0000250	Mn(2+)	ChEBI:CHEBI:29035	2						binding_site
Q05547	171	ECO:0000250	Mn(2+)	ChEBI:CHEBI:29035	2						binding_site
Q05547	246	ECO:0000250	Mn(2+)	ChEBI:CHEBI:29035	2						binding_site
Q05547	62	ECO:0000250	Mn(2+)	ChEBI:CHEBI:29035	1						binding_site
Q05547	64	ECO:0000250	Mn(2+)	ChEBI:CHEBI:29035	1						binding_site
Q05547	90	ECO:0000250	Mn(2+)	ChEBI:CHEBI:29035	1;2						binding_site
Q05652	219-227	ECO:0000255|PROSITE-ProRule:PRU00159	ATP	ChEBI:CHEBI:30616							binding_site
Q05652	240		ATP	ChEBI:CHEBI:30616							binding_site
Q05652	348-351	ECO:0000255|PROSITE-ProRule:PRU00159	ATP	ChEBI:CHEBI:30616							binding_site
Q05652	364	ECO:0000255|PROSITE-ProRule:PRU00159	ATP	ChEBI:CHEBI:30616							binding_site
Q05733	193	ECO:0000250	substrate								binding_site
Q05733	80	ECO:0000250	substrate								binding_site
Q05825	183-190	ECO:0000250	ATP	ChEBI:CHEBI:30616							binding_site
Q06849	125-128	ECO:0000250	GTP	ChEBI:CHEBI:37565							binding_site
Q06849	23-30	ECO:0000250	GTP	ChEBI:CHEBI:37565							binding_site
Q06849	66-70	ECO:0000250	GTP	ChEBI:CHEBI:37565							binding_site
Q07152	293-295	ECO:0000255|HAMAP-Rule:MF_03156	NAD(+)	ChEBI:CHEBI:57540							binding_site
Q07152	343-345	ECO:0000255|HAMAP-Rule:MF_03156	NAD(+)	ChEBI:CHEBI:57540							binding_site
Q07152	345	ECO:0000255|HAMAP-Rule:MF_03156	K(+)	ChEBI:CHEBI:29103		ligand shared between two tetrameric partners				in other chain	binding_site
Q07152	347	ECO:0000255|HAMAP-Rule:MF_03156	K(+)	ChEBI:CHEBI:29103		ligand shared between two tetrameric partners				in other chain	binding_site
Q07152	348	ECO:0000255|HAMAP-Rule:MF_03156	IMP	ChEBI:CHEBI:58053							binding_site
Q07152	350	ECO:0000255|HAMAP-Rule:MF_03156	K(+)	ChEBI:CHEBI:29103		ligand shared between two tetrameric partners				in other chain	binding_site
Q07152	383-385	ECO:0000255|HAMAP-Rule:MF_03156	IMP	ChEBI:CHEBI:58053							binding_site
Q07152	406-407	ECO:0000255|HAMAP-Rule:MF_03156	IMP	ChEBI:CHEBI:58053							binding_site
Q07152	430-434	ECO:0000255|HAMAP-Rule:MF_03156	IMP	ChEBI:CHEBI:58053							binding_site
Q07152	464	ECO:0000255|HAMAP-Rule:MF_03156	IMP	ChEBI:CHEBI:58053							binding_site
Q07152	523	ECO:0000255|HAMAP-Rule:MF_03156	K(+)	ChEBI:CHEBI:29103		ligand shared between two tetrameric partners					binding_site
Q07152	524	ECO:0000255|HAMAP-Rule:MF_03156	K(+)	ChEBI:CHEBI:29103		ligand shared between two tetrameric partners					binding_site
Q07171	167-174	ECO:0000250	a 1,2-diacyl-sn-glycero-3-phospho-(1D-myo-inositol-4,5-bisphosphate)	ChEBI:CHEBI:58456							binding_site
Q07171	193-201	ECO:0000250	a 1,2-diacyl-sn-glycero-3-phospho-(1D-myo-inositol-4,5-bisphosphate)	ChEBI:CHEBI:58456							binding_site
Q07171	599	ECO:0000250	Ca(2+)	ChEBI:CHEBI:29108	1						binding_site
Q07171	623	ECO:0000250	Ca(2+)	ChEBI:CHEBI:29108	1						binding_site
Q07171	705	ECO:0000250	Ca(2+)	ChEBI:CHEBI:29108	2						binding_site
Q07171	706	ECO:0000250	Ca(2+)	ChEBI:CHEBI:29108	2						binding_site
Q07171	728	ECO:0000250	Ca(2+)	ChEBI:CHEBI:29108	2						binding_site
Q07407	422-430	ECO:0000255|PROSITE-ProRule:PRU00159	ATP	ChEBI:CHEBI:30616							binding_site
Q07407	443	ECO:0000255|PROSITE-ProRule:PRU00159	ATP	ChEBI:CHEBI:30616							binding_site
Q07886	51-58	ECO:0000255|PROSITE-ProRule:PRU00541	ATP	ChEBI:CHEBI:30616							binding_site
Q09147	718-726	ECO:0000255|PROSITE-ProRule:PRU00159	ATP	ChEBI:CHEBI:30616							binding_site
Q09147	748	ECO:0000255|PROSITE-ProRule:PRU00159	ATP	ChEBI:CHEBI:30616							binding_site
Q0E8F2	125	ECO:0000255|PROSITE-ProRule:PRU00448	Ca(2+)	ChEBI:CHEBI:29108	1						binding_site
Q0E8F2	127	ECO:0000255|PROSITE-ProRule:PRU00448	Ca(2+)	ChEBI:CHEBI:29108	1						binding_site
Q0E8F2	129	ECO:0000255|PROSITE-ProRule:PRU00448	Ca(2+)	ChEBI:CHEBI:29108	1						binding_site
Q0E8F2	131	ECO:0000255|PROSITE-ProRule:PRU00448	Ca(2+)	ChEBI:CHEBI:29108	1						binding_site
Q0E8F2	136	ECO:0000255|PROSITE-ProRule:PRU00448	Ca(2+)	ChEBI:CHEBI:29108	1						binding_site
Q0E8F2	190	ECO:0000255|PROSITE-ProRule:PRU00448	Ca(2+)	ChEBI:CHEBI:29108	2						binding_site
Q0E8F2	192	ECO:0000255|PROSITE-ProRule:PRU00448	Ca(2+)	ChEBI:CHEBI:29108	2						binding_site
Q0E8F2	194	ECO:0000255|PROSITE-ProRule:PRU00448	Ca(2+)	ChEBI:CHEBI:29108	2						binding_site
Q0E8F2	196	ECO:0000255|PROSITE-ProRule:PRU00448	Ca(2+)	ChEBI:CHEBI:29108	2						binding_site
Q0E8F2	201	ECO:0000255|PROSITE-ProRule:PRU00448	Ca(2+)	ChEBI:CHEBI:29108	2						binding_site
Q0E9H9	Q0E9H9-11:144	ECO:0000269|PubMed:27386517, ECO:0007744|PDB:4XB8	Zn(2+)	ChEBI:CHEBI:29105	1					ligand shared between homodimeric partners	binding_site
Q0E9H9	Q0E9H9-11:146	ECO:0000269|PubMed:27386517, ECO:0007744|PDB:4XB8	Zn(2+)	ChEBI:CHEBI:29105	2					ligand shared between homodimeric partners	binding_site
Q0E9H9	Q0E9H9-11:161	ECO:0000269|PubMed:27386517, ECO:0007744|PDB:4XB8	Zn(2+)	ChEBI:CHEBI:29105	1					ligand shared between homodimeric partners	binding_site
Q0KHQ5	33-41	ECO:0000255|PROSITE-ProRule:PRU00159	ATP	ChEBI:CHEBI:30616							binding_site
Q0KHQ5	56	ECO:0000255|PROSITE-ProRule:PRU00159	ATP	ChEBI:CHEBI:30616							binding_site
Q0KHT7	43-51	ECO:0000255|PROSITE-ProRule:PRU00159	ATP	ChEBI:CHEBI:30616							binding_site
Q0KHT7	66	ECO:0000255|PROSITE-ProRule:PRU00159	ATP	ChEBI:CHEBI:30616							binding_site
Q0KHV6	310-318	ECO:0000255|PROSITE-ProRule:PRU00159	ATP	ChEBI:CHEBI:30616							binding_site
Q0KHV6	337	ECO:0000255|PROSITE-ProRule:PRU00159	ATP	ChEBI:CHEBI:30616							binding_site
Q0KHV6	358	ECO:0000250|UniProtKB:D6WMX4	Mg(2+)	ChEBI:CHEBI:18420	1						binding_site
Q0KHV6	484	ECO:0000250|UniProtKB:D6WMX4	Mg(2+)	ChEBI:CHEBI:18420	2						binding_site
Q0KHV6	501	ECO:0000250|UniProtKB:D6WMX4	Mg(2+)	ChEBI:CHEBI:18420	1;2						binding_site
Q0KI50	1469	ECO:0000255|PROSITE-ProRule:PRU00228	Zn(2+)	ChEBI:CHEBI:29105	1						binding_site
Q0KI50	1472	ECO:0000255|PROSITE-ProRule:PRU00228	Zn(2+)	ChEBI:CHEBI:29105	1						binding_site
Q0KI50	1484	ECO:0000255|PROSITE-ProRule:PRU00228	Zn(2+)	ChEBI:CHEBI:29105	2						binding_site
Q0KI50	1487	ECO:0000255|PROSITE-ProRule:PRU00228	Zn(2+)	ChEBI:CHEBI:29105	2						binding_site
Q0KI50	1493	ECO:0000255|PROSITE-ProRule:PRU00228	Zn(2+)	ChEBI:CHEBI:29105	1						binding_site
Q0KI50	1496	ECO:0000255|PROSITE-ProRule:PRU00228	Zn(2+)	ChEBI:CHEBI:29105	1						binding_site
Q0KI50	1506	ECO:0000255|PROSITE-ProRule:PRU00228	Zn(2+)	ChEBI:CHEBI:29105	2						binding_site
Q0KI50	1510	ECO:0000255|PROSITE-ProRule:PRU00228	Zn(2+)	ChEBI:CHEBI:29105	2						binding_site
Q10714	367	ECO:0000255|PROSITE-ProRule:PRU01355	Zn(2+)	ChEBI:CHEBI:29105		catalytic					binding_site
Q10714	371	ECO:0000255|PROSITE-ProRule:PRU01355	Zn(2+)	ChEBI:CHEBI:29105		catalytic					binding_site
Q10714	395	ECO:0000255|PROSITE-ProRule:PRU01355	Zn(2+)	ChEBI:CHEBI:29105		catalytic					binding_site
Q11002	712	ECO:0000255|PROSITE-ProRule:PRU00448	Ca(2+)	ChEBI:CHEBI:29108	1						binding_site
Q11002	714	ECO:0000255|PROSITE-ProRule:PRU00448	Ca(2+)	ChEBI:CHEBI:29108	1						binding_site
Q11002	716	ECO:0000255|PROSITE-ProRule:PRU00448	Ca(2+)	ChEBI:CHEBI:29108	1						binding_site
Q11002	718	ECO:0000255|PROSITE-ProRule:PRU00448	Ca(2+)	ChEBI:CHEBI:29108	1						binding_site
Q11002	723	ECO:0000255|PROSITE-ProRule:PRU00448	Ca(2+)	ChEBI:CHEBI:29108	1						binding_site
Q11002	742	ECO:0000305	Ca(2+)	ChEBI:CHEBI:29108	2						binding_site
Q11002	746	ECO:0000305	Ca(2+)	ChEBI:CHEBI:29108	2						binding_site
Q11002	748	ECO:0000305	Ca(2+)	ChEBI:CHEBI:29108	2						binding_site
Q11002	753	ECO:0000305	Ca(2+)	ChEBI:CHEBI:29108	2						binding_site
Q1JUZ1	138	ECO:0000255|PROSITE-ProRule:PRU00628	[2Fe-2S] cluster	ChEBI:CHEBI:190135							binding_site
Q1JUZ1	140	ECO:0000255|PROSITE-ProRule:PRU00628	[2Fe-2S] cluster	ChEBI:CHEBI:190135							binding_site
Q1JUZ1	158	ECO:0000255|PROSITE-ProRule:PRU00628	[2Fe-2S] cluster	ChEBI:CHEBI:190135							binding_site
Q1JUZ1	161	ECO:0000255|PROSITE-ProRule:PRU00628	[2Fe-2S] cluster	ChEBI:CHEBI:190135							binding_site
Q23977	203-211	ECO:0000255|PROSITE-ProRule:PRU00159	ATP	ChEBI:CHEBI:30616							binding_site
Q23977	226	ECO:0000255|PROSITE-ProRule:PRU00159	ATP	ChEBI:CHEBI:30616							binding_site
Q23978	100-107	ECO:0000255|PROSITE-ProRule:PRU00782	ATP	ChEBI:CHEBI:30616							binding_site
Q23979	114-121	ECO:0000255|PROSITE-ProRule:PRU00782	ATP	ChEBI:CHEBI:30616							binding_site
Q24145	668-676	ECO:0000255|PROSITE-ProRule:PRU00159	ATP	ChEBI:CHEBI:30616							binding_site
Q24145	698	ECO:0000255|PROSITE-ProRule:PRU00159	ATP	ChEBI:CHEBI:30616							binding_site
Q24169	41-48	ECO:0000255	ATP	ChEBI:CHEBI:30616							binding_site
Q24180	521	ECO:0000255|PROSITE-ProRule:PRU00134	Zn(2+)	ChEBI:CHEBI:29105	1						binding_site
Q24180	524	ECO:0000255|PROSITE-ProRule:PRU00134	Zn(2+)	ChEBI:CHEBI:29105	1						binding_site
Q24180	532	ECO:0000255|PROSITE-ProRule:PRU00134	Zn(2+)	ChEBI:CHEBI:29105	2						binding_site
Q24180	535	ECO:0000255|PROSITE-ProRule:PRU00134	Zn(2+)	ChEBI:CHEBI:29105	2						binding_site
Q24180	541	ECO:0000255|PROSITE-ProRule:PRU00134	Zn(2+)	ChEBI:CHEBI:29105	1						binding_site
Q24180	545	ECO:0000255|PROSITE-ProRule:PRU00134	Zn(2+)	ChEBI:CHEBI:29105	1						binding_site
Q24180	553	ECO:0000255|PROSITE-ProRule:PRU00134	Zn(2+)	ChEBI:CHEBI:29105	2						binding_site
Q24180	557	ECO:0000255|PROSITE-ProRule:PRU00134	Zn(2+)	ChEBI:CHEBI:29105	2						binding_site
Q24192	123-126	ECO:0000250	GTP	ChEBI:CHEBI:37565							binding_site
Q24192	18-25	ECO:0000250	GTP	ChEBI:CHEBI:37565							binding_site
Q24192	65-69	ECO:0000250	GTP	ChEBI:CHEBI:37565							binding_site
Q24208	189-192	ECO:0000250|UniProtKB:P32481	GTP	ChEBI:CHEBI:37565							binding_site
Q24208	224-226	ECO:0000250|UniProtKB:P32481	GTP	ChEBI:CHEBI:37565							binding_site
Q24208	50-55	ECO:0000250|UniProtKB:P32481	GTP	ChEBI:CHEBI:37565							binding_site
Q24210	18-26	ECO:0000255|PROSITE-ProRule:PRU00100, ECO:0000255|PROSITE-ProRule:PRU00159	ATP	ChEBI:CHEBI:30616							binding_site
Q24210	41	ECO:0000255|PROSITE-ProRule:PRU00159	ATP	ChEBI:CHEBI:30616							binding_site
Q24214	100	ECO:0000255|PROSITE-ProRule:PRU00448	Ca(2+)	ChEBI:CHEBI:29108	3						binding_site
Q24214	102	ECO:0000255|PROSITE-ProRule:PRU00448	Ca(2+)	ChEBI:CHEBI:29108	3						binding_site
Q24214	104	ECO:0000255|PROSITE-ProRule:PRU00448	Ca(2+)	ChEBI:CHEBI:29108	3						binding_site
Q24214	106	ECO:0000255|PROSITE-ProRule:PRU00448	Ca(2+)	ChEBI:CHEBI:29108	3						binding_site
Q24214	111	ECO:0000255|PROSITE-ProRule:PRU00448	Ca(2+)	ChEBI:CHEBI:29108	3						binding_site
Q24214	141	ECO:0000255|PROSITE-ProRule:PRU00448	Ca(2+)	ChEBI:CHEBI:29108	4						binding_site
Q24214	143	ECO:0000255|PROSITE-ProRule:PRU00448	Ca(2+)	ChEBI:CHEBI:29108	4						binding_site
Q24214	145	ECO:0000255|PROSITE-ProRule:PRU00448	Ca(2+)	ChEBI:CHEBI:29108	4						binding_site
Q24214	147	ECO:0000255|PROSITE-ProRule:PRU00448	Ca(2+)	ChEBI:CHEBI:29108	4						binding_site
Q24214	152	ECO:0000255|PROSITE-ProRule:PRU00448	Ca(2+)	ChEBI:CHEBI:29108	4						binding_site
Q24214	31	ECO:0000255|PROSITE-ProRule:PRU00448	Ca(2+)	ChEBI:CHEBI:29108	1						binding_site
Q24214	33	ECO:0000255|PROSITE-ProRule:PRU00448	Ca(2+)	ChEBI:CHEBI:29108	1						binding_site
Q24214	35	ECO:0000255|PROSITE-ProRule:PRU00448	Ca(2+)	ChEBI:CHEBI:29108	1						binding_site
Q24214	42	ECO:0000255|PROSITE-ProRule:PRU00448	Ca(2+)	ChEBI:CHEBI:29108	1						binding_site
Q24214	63	ECO:0000255|PROSITE-ProRule:PRU00448	Ca(2+)	ChEBI:CHEBI:29108	2						binding_site
Q24214	65	ECO:0000255|PROSITE-ProRule:PRU00448	Ca(2+)	ChEBI:CHEBI:29108	2						binding_site
Q24214	67	ECO:0000255|PROSITE-ProRule:PRU00448	Ca(2+)	ChEBI:CHEBI:29108	2						binding_site
Q24214	69	ECO:0000255|PROSITE-ProRule:PRU00448	Ca(2+)	ChEBI:CHEBI:29108	2						binding_site
Q24214	74	ECO:0000255|PROSITE-ProRule:PRU00448	Ca(2+)	ChEBI:CHEBI:29108	2						binding_site
Q24238	202	ECO:0000250	Mg(2+)	ChEBI:CHEBI:18420							binding_site
Q24238	204	ECO:0000250	Mg(2+)	ChEBI:CHEBI:18420							binding_site
Q24238	369	ECO:0000250	Mg(2+)	ChEBI:CHEBI:18420							binding_site
Q24238	374	ECO:0000250	Zn(2+)	ChEBI:CHEBI:29105	1						binding_site
Q24238	378	ECO:0000250	Zn(2+)	ChEBI:CHEBI:29105	1						binding_site
Q24238	415	ECO:0000250	Zn(2+)	ChEBI:CHEBI:29105	2						binding_site
Q24238	416	ECO:0000250	Zn(2+)	ChEBI:CHEBI:29105	2						binding_site
Q24238	504	ECO:0000250	Zn(2+)	ChEBI:CHEBI:29105	1						binding_site
Q24238	93	ECO:0000250	Mg(2+);Zn(2+)	ChEBI:CHEBI:18420;ChEBI:CHEBI:29105	2						binding_site
Q24270	1168	ECO:0000250|UniProtKB:P07293	Ca(2+)	ChEBI:CHEBI:29108							binding_site
Q24270	1559	ECO:0000250|UniProtKB:P07293	Ca(2+)	ChEBI:CHEBI:29108							binding_site
Q24270	836	ECO:0000250|UniProtKB:P07293	Ca(2+)	ChEBI:CHEBI:29108							binding_site
Q24278	437-559	ECO:0000250	3',5'-cyclic GMP	ChEBI:CHEBI:57746							binding_site
Q24278	496	ECO:0000255	3',5'-cyclic GMP	ChEBI:CHEBI:57746							binding_site
Q24278	511	ECO:0000255	3',5'-cyclic GMP	ChEBI:CHEBI:57746							binding_site
Q24306	263	ECO:0000255|PROSITE-ProRule:PRU00029	Zn(2+)	ChEBI:CHEBI:29105							binding_site
Q24306	266	ECO:0000255|PROSITE-ProRule:PRU00029	Zn(2+)	ChEBI:CHEBI:29105							binding_site
Q24306	283	ECO:0000255|PROSITE-ProRule:PRU00029	Zn(2+)	ChEBI:CHEBI:29105							binding_site
Q24306	290	ECO:0000255|PROSITE-ProRule:PRU00029	Zn(2+)	ChEBI:CHEBI:29105							binding_site
Q24307	249	ECO:0000255|PROSITE-ProRule:PRU00029	Zn(2+)	ChEBI:CHEBI:29105							binding_site
Q24307	252	ECO:0000255|PROSITE-ProRule:PRU00029	Zn(2+)	ChEBI:CHEBI:29105							binding_site
Q24307	269	ECO:0000255|PROSITE-ProRule:PRU00029	Zn(2+)	ChEBI:CHEBI:29105							binding_site
Q24307	276	ECO:0000255|PROSITE-ProRule:PRU00029	Zn(2+)	ChEBI:CHEBI:29105							binding_site
Q24324	116	ECO:0000255|PROSITE-ProRule:PRU00159	ATP	ChEBI:CHEBI:30616							binding_site
Q24324	93-101	ECO:0000255|PROSITE-ProRule:PRU00159	ATP	ChEBI:CHEBI:30616							binding_site
Q24342	164	ECO:0000250	substrate								binding_site
Q24342	237	ECO:0000250	substrate								binding_site
Q24342	238	ECO:0000250	Mn(2+)	ChEBI:CHEBI:29035							binding_site
Q24342	351	ECO:0000250	Mn(2+)	ChEBI:CHEBI:29035							binding_site
Q24368	153-160	ECO:0000255|PROSITE-ProRule:PRU00541	ATP	ChEBI:CHEBI:30616							binding_site
Q24418	530-532	ECO:0000250|UniProtKB:P35439	glycine	ChEBI:CHEBI:57305							binding_site
Q24418	537	ECO:0000250|UniProtKB:P35439	glycine	ChEBI:CHEBI:57305							binding_site
Q24418	703	ECO:0000250|UniProtKB:P35439	glycine	ChEBI:CHEBI:57305							binding_site
Q24418	747	ECO:0000250|UniProtKB:P35439	glycine	ChEBI:CHEBI:57305							binding_site
Q24451	153	ECO:0000250	Zn(2+)	ChEBI:CHEBI:29105							binding_site
Q24451	155	ECO:0000250	Zn(2+)	ChEBI:CHEBI:29105							binding_site
Q24451	267	ECO:0000250	Zn(2+)	ChEBI:CHEBI:29105							binding_site
Q24451	534	ECO:0000250	Zn(2+)	ChEBI:CHEBI:29105							binding_site
Q24468	208-216	ECO:0000255|PROSITE-ProRule:PRU00159	ATP	ChEBI:CHEBI:30616							binding_site
Q24468	229	ECO:0000255|PROSITE-ProRule:PRU00159	ATP	ChEBI:CHEBI:30616							binding_site
Q24488	416-424	ECO:0000255|PROSITE-ProRule:PRU00159	ATP	ChEBI:CHEBI:30616							binding_site
Q24488	442	ECO:0000255|PROSITE-ProRule:PRU00159	ATP	ChEBI:CHEBI:30616							binding_site
Q24558	150	ECO:0000250	Mg(2+)	ChEBI:CHEBI:18420	1						binding_site
Q24558	152	ECO:0000250	Mg(2+)	ChEBI:CHEBI:18420	1						binding_site
Q24558	171	ECO:0000250	Mg(2+)	ChEBI:CHEBI:18420	2						binding_site
Q24558	173	ECO:0000250	Mg(2+)	ChEBI:CHEBI:18420	2						binding_site
Q24558	226	ECO:0000250	Mg(2+)	ChEBI:CHEBI:18420	2						binding_site
Q24558	30	ECO:0000250	Mg(2+)	ChEBI:CHEBI:18420	1						binding_site
Q24558	78	ECO:0000250	Mg(2+)	ChEBI:CHEBI:18420	1						binding_site
Q24560	11	ECO:0000250|UniProtKB:Q13509	GTP	ChEBI:CHEBI:37565							binding_site
Q24560	138	ECO:0000250|UniProtKB:Q13509	GTP	ChEBI:CHEBI:37565							binding_site
Q24560	142	ECO:0000250|UniProtKB:Q13509	GTP	ChEBI:CHEBI:37565							binding_site
Q24560	143	ECO:0000250|UniProtKB:Q13509	GTP	ChEBI:CHEBI:37565							binding_site
Q24560	144	ECO:0000250|UniProtKB:Q13509	GTP	ChEBI:CHEBI:37565							binding_site
Q24560	204	ECO:0000250|UniProtKB:Q13509	GTP	ChEBI:CHEBI:37565							binding_site
Q24560	226	ECO:0000250|UniProtKB:Q13509	GTP	ChEBI:CHEBI:37565							binding_site
Q24560	69	ECO:0000250|UniProtKB:P68363	GTP;Mg(2+)	ChEBI:CHEBI:37565;ChEBI:CHEBI:18420							binding_site
Q24592	898-906	ECO:0000255|PROSITE-ProRule:PRU00159	ATP	ChEBI:CHEBI:30616							binding_site
Q24592	926	ECO:0000255|PROSITE-ProRule:PRU00159	ATP	ChEBI:CHEBI:30616							binding_site
Q26365	107	ECO:0000250|UniProtKB:P02722	ADP	ChEBI:CHEBI:456216							binding_site
Q26365	249	ECO:0000250|UniProtKB:P02722	ADP	ChEBI:CHEBI:456216							binding_site
Q26365	95	ECO:0000250|UniProtKB:P02722	ADP	ChEBI:CHEBI:456216							binding_site
Q26454	512-519	ECO:0000255	ATP	ChEBI:CHEBI:30616							binding_site
Q27237	227	ECO:0000250|UniProtKB:Q96EY1	Zn(2+)	ChEBI:CHEBI:29105	1						binding_site
Q27237	230	ECO:0000250|UniProtKB:Q96EY1	Zn(2+)	ChEBI:CHEBI:29105	1						binding_site
Q27237	244	ECO:0000250|UniProtKB:Q96EY1	Zn(2+)	ChEBI:CHEBI:29105	2						binding_site
Q27237	247	ECO:0000250|UniProtKB:Q96EY1	Zn(2+)	ChEBI:CHEBI:29105	2						binding_site
Q27237	266	ECO:0000250|UniProtKB:Q96EY1	Zn(2+)	ChEBI:CHEBI:29105	2						binding_site
Q27237	269	ECO:0000250|UniProtKB:Q96EY1	Zn(2+)	ChEBI:CHEBI:29105	2						binding_site
Q27237	280	ECO:0000250|UniProtKB:Q96EY1	Zn(2+)	ChEBI:CHEBI:29105	1						binding_site
Q27237	283	ECO:0000250|UniProtKB:Q96EY1	Zn(2+)	ChEBI:CHEBI:29105	1						binding_site
Q27268	85-92	ECO:0000255|PROSITE-ProRule:PRU00541	ATP	ChEBI:CHEBI:30616							binding_site
Q27297	124-131	ECO:0000255	ATP	ChEBI:CHEBI:30616							binding_site
Q27324	349-357	ECO:0000255|PROSITE-ProRule:PRU00159	ATP	ChEBI:CHEBI:30616							binding_site
Q27324	371	ECO:0000255|PROSITE-ProRule:PRU00159	ATP	ChEBI:CHEBI:30616							binding_site
Q27331	247-254	ECO:0000255	ATP	ChEBI:CHEBI:30616							binding_site
Q27571	1100-1110	ECO:0000250	FAD	ChEBI:CHEBI:57692							binding_site
Q27571	1175-1193	ECO:0000250	NADP(+)	ChEBI:CHEBI:58349							binding_site
Q27571	1273-1287	ECO:0000250	NADP(+)	ChEBI:CHEBI:58349							binding_site
Q27571	250	ECO:0000250|UniProtKB:P29474	(6R)-L-erythro-5,6,7,8-tetrahydrobiopterin	ChEBI:CHEBI:59560							binding_site
Q27571	328	ECO:0000250|UniProtKB:P29474	heme b	ChEBI:CHEBI:60344			Fe	ChEBI:CHEBI:18248		axial binding residue	binding_site
Q27571	391	ECO:0000250|UniProtKB:P29474	L-arginine	ChEBI:CHEBI:32682							binding_site
Q27571	500	ECO:0000250|UniProtKB:P29474	L-arginine	ChEBI:CHEBI:32682							binding_site
Q27571	501	ECO:0000250|UniProtKB:P29474	L-arginine	ChEBI:CHEBI:32682							binding_site
Q27571	505	ECO:0000250|UniProtKB:P29474	L-arginine	ChEBI:CHEBI:32682							binding_site
Q27571	510	ECO:0000250|UniProtKB:P29474	L-arginine	ChEBI:CHEBI:32682							binding_site
Q27571	591	ECO:0000250|UniProtKB:P29474	(6R)-L-erythro-5,6,7,8-tetrahydrobiopterin	ChEBI:CHEBI:59560							binding_site
Q27571	604	ECO:0000250|UniProtKB:P29474	(6R)-L-erythro-5,6,7,8-tetrahydrobiopterin	ChEBI:CHEBI:59560							binding_site
Q27571	619	ECO:0000250|UniProtKB:P29474	heme b	ChEBI:CHEBI:60344							binding_site
Q27571	814-845	ECO:0000255|PROSITE-ProRule:PRU00088	FMN	ChEBI:CHEBI:58210							binding_site
Q27571	957-968	ECO:0000250	FAD	ChEBI:CHEBI:57692							binding_site
Q27580	131	ECO:0000250|UniProtKB:P10760	substrate								binding_site
Q27580	156	ECO:0000250|UniProtKB:P10760	substrate								binding_site
Q27580	157-159	ECO:0000250|UniProtKB:P10760	NAD(+)	ChEBI:CHEBI:57540							binding_site
Q27580	186	ECO:0000250|UniProtKB:P10760	substrate								binding_site
Q27580	190	ECO:0000250|UniProtKB:P10760	substrate								binding_site
Q27580	222-227	ECO:0000250|UniProtKB:P10760	NAD(+)	ChEBI:CHEBI:57540							binding_site
Q27580	243	ECO:0000250|UniProtKB:P10760	NAD(+)	ChEBI:CHEBI:57540							binding_site
Q27580	248	ECO:0000250|UniProtKB:P10760	NAD(+)	ChEBI:CHEBI:57540							binding_site
Q27580	299-301	ECO:0000250|UniProtKB:P10760	NAD(+)	ChEBI:CHEBI:57540							binding_site
Q27580	346	ECO:0000250|UniProtKB:P10760	NAD(+)	ChEBI:CHEBI:57540							binding_site
Q27580	353	ECO:0000250|UniProtKB:P10760	NAD(+)	ChEBI:CHEBI:57540							binding_site
Q27580	426	ECO:0000250|UniProtKB:P10760	NAD(+)	ChEBI:CHEBI:57540							binding_site
Q27580	426-430	ECO:0000250|UniProtKB:P10760	NAD(+)	ChEBI:CHEBI:57540							binding_site
Q27580	430	ECO:0000250|UniProtKB:P10760	NAD(+)	ChEBI:CHEBI:57540							binding_site
Q27580	56	ECO:0000250|UniProtKB:P10760	substrate								binding_site
Q27589	311	ECO:0000250	heme	ChEBI:CHEBI:30413						covalent	binding_site
Q27589	449	ECO:0000250	heme	ChEBI:CHEBI:30413			Fe	ChEBI:CHEBI:18248		axial binding residue	binding_site
Q27593	451	ECO:0000250	heme	ChEBI:CHEBI:30413			Fe	ChEBI:CHEBI:18248		axial binding residue	binding_site
Q27594	449	ECO:0000250	heme	ChEBI:CHEBI:30413			Fe	ChEBI:CHEBI:18248		axial binding residue	binding_site
Q27597	142-145	ECO:0000255|HAMAP-Rule:MF_03212	FMN	ChEBI:CHEBI:58210							binding_site
Q27597	177-186	ECO:0000255|HAMAP-Rule:MF_03212	FMN	ChEBI:CHEBI:58210							binding_site
Q27597	212	ECO:0000255|HAMAP-Rule:MF_03212	FMN	ChEBI:CHEBI:58210							binding_site
Q27597	302	ECO:0000255|HAMAP-Rule:MF_03212	NADP(+)	ChEBI:CHEBI:58349							binding_site
Q27597	458-461	ECO:0000255|HAMAP-Rule:MF_03212	FAD	ChEBI:CHEBI:57692							binding_site
Q27597	476-478	ECO:0000255|HAMAP-Rule:MF_03212	FAD	ChEBI:CHEBI:57692							binding_site
Q27597	482	ECO:0000255|HAMAP-Rule:MF_03212	FAD	ChEBI:CHEBI:57692							binding_site
Q27597	492-495	ECO:0000255|HAMAP-Rule:MF_03212	FAD	ChEBI:CHEBI:57692							binding_site
Q27597	537	ECO:0000255|HAMAP-Rule:MF_03212	NADP(+)	ChEBI:CHEBI:58349							binding_site
Q27597	597-598	ECO:0000255|HAMAP-Rule:MF_03212	NADP(+)	ChEBI:CHEBI:58349							binding_site
Q27597	603-607	ECO:0000255|HAMAP-Rule:MF_03212	NADP(+)	ChEBI:CHEBI:58349							binding_site
Q27597	640	ECO:0000255|HAMAP-Rule:MF_03212	NADP(+)	ChEBI:CHEBI:58349							binding_site
Q27597	678	ECO:0000255|HAMAP-Rule:MF_03212	FAD	ChEBI:CHEBI:57692							binding_site
Q27597	90-95	ECO:0000255|HAMAP-Rule:MF_03212	FMN	ChEBI:CHEBI:58210							binding_site
Q27601	321	ECO:0000250	[4Fe-4S] cluster	ChEBI:CHEBI:49883							binding_site
Q27601	368	ECO:0000250	Mg(2+)	ChEBI:CHEBI:18420							binding_site
Q27601	430	ECO:0000250	Mg(2+)	ChEBI:CHEBI:18420							binding_site
Q27601	431	ECO:0000250	Mg(2+)	ChEBI:CHEBI:18420							binding_site
Q27601	467	ECO:0000250	[4Fe-4S] cluster	ChEBI:CHEBI:49883							binding_site
Q27601	528	ECO:0000250	[4Fe-4S] cluster	ChEBI:CHEBI:49883							binding_site
Q27601	531	ECO:0000250	[4Fe-4S] cluster	ChEBI:CHEBI:49883							binding_site
Q27606	307	ECO:0000250	heme	ChEBI:CHEBI:30413						covalent	binding_site
Q27606	444	ECO:0000250	heme	ChEBI:CHEBI:30413			Fe	ChEBI:CHEBI:18248		axial binding residue	binding_site
Q27869	115-116	ECO:0000250|UniProtKB:P22061	S-adenosyl-L-homocysteine	ChEBI:CHEBI:57856							binding_site
Q27869	147-148	ECO:0000250|UniProtKB:P22061	S-adenosyl-L-homocysteine	ChEBI:CHEBI:57856							binding_site
Q27869	222	ECO:0000250|UniProtKB:P22061	S-adenosyl-L-homocysteine	ChEBI:CHEBI:57856							binding_site
Q27869	57-60	ECO:0000250|UniProtKB:P22061	S-adenosyl-L-homocysteine	ChEBI:CHEBI:57856							binding_site
Q27869	65	ECO:0000250|UniProtKB:P22061	S-adenosyl-L-homocysteine	ChEBI:CHEBI:57856							binding_site
Q27869	89	ECO:0000250|UniProtKB:P22061	S-adenosyl-L-homocysteine	ChEBI:CHEBI:57856							binding_site
Q27884	111	ECO:0000250	Mn(2+)	ChEBI:CHEBI:29035	2						binding_site
Q27884	161	ECO:0000250	Mn(2+)	ChEBI:CHEBI:29035	2						binding_site
Q27884	235	ECO:0000250	Mn(2+)	ChEBI:CHEBI:29035	2						binding_site
Q27884	51	ECO:0000250	Mn(2+)	ChEBI:CHEBI:29035	1						binding_site
Q27884	53	ECO:0000250	Mn(2+)	ChEBI:CHEBI:29035	1						binding_site
Q27884	79	ECO:0000250	Mn(2+)	ChEBI:CHEBI:29035	1;2						binding_site
Q27889	156	ECO:0000250	Fe cation	ChEBI:CHEBI:24875							binding_site
Q27889	158	ECO:0000250	Fe cation	ChEBI:CHEBI:24875							binding_site
Q27889	184	ECO:0000250	Fe cation;Zn(2+)	ChEBI:CHEBI:24875;ChEBI:CHEBI:29105							binding_site
Q27889	216	ECO:0000250	Zn(2+)	ChEBI:CHEBI:29105							binding_site
Q27889	265	ECO:0000250	Zn(2+)	ChEBI:CHEBI:29105							binding_site
Q27889	347	ECO:0000250	Zn(2+)	ChEBI:CHEBI:29105							binding_site
Q32KD2	1000	ECO:0000250	Zn(2+)	ChEBI:CHEBI:29105	2;3						binding_site
Q32KD2	1004	ECO:0000250	Zn(2+)	ChEBI:CHEBI:29105	2						binding_site
Q32KD2	1006	ECO:0000250	Zn(2+)	ChEBI:CHEBI:29105	3						binding_site
Q32KD2	1010	ECO:0000250	Zn(2+)	ChEBI:CHEBI:29105	3						binding_site
Q32KD2	1031-1033	ECO:0000250	S-adenosyl-L-methionine	ChEBI:CHEBI:59789							binding_site
Q32KD2	1069	ECO:0000255|PROSITE-ProRule:PRU00190	S-adenosyl-L-methionine	ChEBI:CHEBI:59789							binding_site
Q32KD2	1071	ECO:0000255|PROSITE-ProRule:PRU00190	S-adenosyl-L-methionine	ChEBI:CHEBI:59789							binding_site
Q32KD2	1191	ECO:0000255|PROSITE-ProRule:PRU00190	S-adenosyl-L-methionine	ChEBI:CHEBI:59789							binding_site
Q32KD2	1194-1195	ECO:0000250	S-adenosyl-L-methionine	ChEBI:CHEBI:59789							binding_site
Q32KD2	1197	ECO:0000250	Zn(2+)	ChEBI:CHEBI:29105	4						binding_site
Q32KD2	1250	ECO:0000250	Zn(2+)	ChEBI:CHEBI:29105	4						binding_site
Q32KD2	1252	ECO:0000250	Zn(2+)	ChEBI:CHEBI:29105	4						binding_site
Q32KD2	1257	ECO:0000250	Zn(2+)	ChEBI:CHEBI:29105	4						binding_site
Q32KD2	948	ECO:0000250	Zn(2+)	ChEBI:CHEBI:29105	1;2						binding_site
Q32KD2	950	ECO:0000250	Zn(2+)	ChEBI:CHEBI:29105	1						binding_site
Q32KD2	954	ECO:0000250	Zn(2+)	ChEBI:CHEBI:29105	1;3						binding_site
Q32KD2	960	ECO:0000250	Zn(2+)	ChEBI:CHEBI:29105	1						binding_site
Q32KD2	962	ECO:0000250	Zn(2+)	ChEBI:CHEBI:29105	2						binding_site
Q3KN41	1831	ECO:0000269|PubMed:26471740, ECO:0007744|PDB:4XHV	Zn(2+)	ChEBI:CHEBI:29105							binding_site
Q3KN41	1834	ECO:0000269|PubMed:26471740, ECO:0007744|PDB:4XHV	Zn(2+)	ChEBI:CHEBI:29105							binding_site
Q59DX8	107-112	ECO:0000269|PubMed:29581307, ECO:0000312|PDB:5WJD, ECO:0000312|PDB:5WJE	acetyl-CoA	ChEBI:CHEBI:57288							binding_site
Q59DX8	134	ECO:0000269|PubMed:29581307, ECO:0000312|PDB:5WJE	substrate								binding_site
Q59DX8	138	ECO:0000269|PubMed:29581307, ECO:0000312|PDB:5WJD, ECO:0000312|PDB:5WJE	acetyl-CoA	ChEBI:CHEBI:57288							binding_site
Q59DX8	48	ECO:0000269|PubMed:29581307, ECO:0000312|PDB:5WJE	substrate								binding_site
Q59DX8	53-56	ECO:0000269|PubMed:29581307, ECO:0000312|PDB:5WJE	substrate								binding_site
Q59DX8	88	ECO:0000269|PubMed:29581307, ECO:0000312|PDB:5WJE	substrate								binding_site
Q59DX8	98	ECO:0000269|PubMed:29581307, ECO:0000312|PDB:5WJE	substrate								binding_site
Q59DX8	99-101	ECO:0000269|PubMed:29581307, ECO:0000312|PDB:5WJD, ECO:0000312|PDB:5WJE	acetyl-CoA	ChEBI:CHEBI:57288							binding_site
Q5LJZ2	1618	ECO:0000255|PROSITE-ProRule:PRU00190	S-adenosyl-L-methionine	ChEBI:CHEBI:59789							binding_site
Q6AWN0	134	ECO:0000255|HAMAP-Rule:MF_03154	Fe(2+);Ni(2+)	ChEBI:CHEBI:29033;ChEBI:CHEBI:49786		for iron-dependent acireductone dioxygenase activity;for nickel-dependent acireductone dioxygenase activity					binding_site
Q6AWN0	89	ECO:0000255|HAMAP-Rule:MF_03154	Fe(2+);Ni(2+)	ChEBI:CHEBI:29033;ChEBI:CHEBI:49786		for iron-dependent acireductone dioxygenase activity;for nickel-dependent acireductone dioxygenase activity					binding_site
Q6AWN0	91	ECO:0000255|HAMAP-Rule:MF_03154	Fe(2+);Ni(2+)	ChEBI:CHEBI:29033;ChEBI:CHEBI:49786		for iron-dependent acireductone dioxygenase activity;for nickel-dependent acireductone dioxygenase activity					binding_site
Q6AWN0	95	ECO:0000255|HAMAP-Rule:MF_03154	Fe(2+);Ni(2+)	ChEBI:CHEBI:29033;ChEBI:CHEBI:49786		for iron-dependent acireductone dioxygenase activity;for nickel-dependent acireductone dioxygenase activity					binding_site
Q6IDD9	846-847	ECO:0000255|PROSITE-ProRule:PRU00204	NAD(+)	ChEBI:CHEBI:57540		substrate					binding_site
Q6IDD9	876	ECO:0000255|PROSITE-ProRule:PRU00204	NAD(+)	ChEBI:CHEBI:57540		substrate					binding_site
Q6J5K9	723-730	ECO:0000255	ATP	ChEBI:CHEBI:30616							binding_site
Q6NN40	114	ECO:0000250	S-adenosyl-L-methionine	ChEBI:CHEBI:59789							binding_site
Q6NN40	119	ECO:0000250	S-adenosyl-L-methionine	ChEBI:CHEBI:59789							binding_site
Q6NN40	136-138	ECO:0000250	S-adenosyl-L-methionine	ChEBI:CHEBI:59789							binding_site
Q6NN40	167-168	ECO:0000250	S-adenosyl-L-methionine	ChEBI:CHEBI:59789							binding_site
Q6NN40	182	ECO:0000250	S-adenosyl-L-methionine	ChEBI:CHEBI:59789							binding_site
Q6NNF2	644	ECO:0000250|UniProtKB:O60658	a divalent metal cation	ChEBI:CHEBI:60240	1						binding_site
Q6NNF2	682	ECO:0000250|UniProtKB:O60658	a divalent metal cation	ChEBI:CHEBI:60240	1						binding_site
Q6NNF2	683	ECO:0000250|UniProtKB:O60658	a divalent metal cation	ChEBI:CHEBI:60240	1;2						binding_site
Q6NNF2	799	ECO:0000250|UniProtKB:O60658	a divalent metal cation	ChEBI:CHEBI:60240	1						binding_site
Q6WV16	242	ECO:0000250	substrate								binding_site
Q6WV16	272	ECO:0000250	substrate								binding_site
Q6WV16	295	ECO:0000250	Mn(2+)	ChEBI:CHEBI:29035							binding_site
Q6WV16	296	ECO:0000250	substrate								binding_site
Q6WV16	297	ECO:0000250	Mn(2+)	ChEBI:CHEBI:29035							binding_site
Q6WV16	398	ECO:0000250	substrate								binding_site
Q6WV16	426	ECO:0000250	Mn(2+)	ChEBI:CHEBI:29035							binding_site
Q6WV16	429	ECO:0000250	substrate								binding_site
Q6WV17	227	ECO:0000250	substrate								binding_site
Q6WV17	257	ECO:0000250	substrate								binding_site
Q6WV17	280	ECO:0000250	Mn(2+)	ChEBI:CHEBI:29035							binding_site
Q6WV17	282	ECO:0000250	Mn(2+)	ChEBI:CHEBI:29035							binding_site
Q6WV17	387	ECO:0000250	substrate								binding_site
Q6WV17	415	ECO:0000250	Mn(2+)	ChEBI:CHEBI:29035							binding_site
Q6WV17	418	ECO:0000250	substrate								binding_site
Q6WV17	423	ECO:0000250	substrate								binding_site
Q6WV19	242	ECO:0000250	substrate								binding_site
Q6WV19	267	ECO:0000250	substrate								binding_site
Q6WV19	290	ECO:0000250	Mn(2+)	ChEBI:CHEBI:29035							binding_site
Q6WV19	291	ECO:0000250	substrate								binding_site
Q6WV19	292	ECO:0000250	Mn(2+)	ChEBI:CHEBI:29035							binding_site
Q6WV19	397	ECO:0000250	substrate								binding_site
Q6WV19	425	ECO:0000250	Mn(2+)	ChEBI:CHEBI:29035							binding_site
Q6WV19	428	ECO:0000250	substrate								binding_site
Q6WV19	431	ECO:0000250	substrate								binding_site
Q6WV19	433	ECO:0000250	substrate								binding_site
Q6WV20	189	ECO:0000250	substrate								binding_site
Q6WV20	221	ECO:0000250	substrate								binding_site
Q6WV20	244	ECO:0000250	Mn(2+)	ChEBI:CHEBI:29035							binding_site
Q6WV20	246	ECO:0000250	Mn(2+)	ChEBI:CHEBI:29035							binding_site
Q6WV20	358	ECO:0000250	substrate								binding_site
Q6WV20	386	ECO:0000250	Mn(2+)	ChEBI:CHEBI:29035							binding_site
Q6WV20	389	ECO:0000250	substrate								binding_site
Q6WV20	392	ECO:0000250	substrate								binding_site
Q6WV20	394	ECO:0000250	substrate								binding_site
Q70PY2	164	ECO:0000250|UniProtKB:Q8INK6	Zn(2+)	ChEBI:CHEBI:29105							binding_site
Q70PY2	172	ECO:0000250|UniProtKB:Q8INK6	Zn(2+)	ChEBI:CHEBI:29105							binding_site
Q70PY2	54	ECO:0000250|UniProtKB:Q8INK6	Zn(2+)	ChEBI:CHEBI:29105							binding_site
Q7JQ32	553-561	ECO:0000255|PROSITE-ProRule:PRU00159	ATP	ChEBI:CHEBI:30616							binding_site
Q7JQ32	581	ECO:0000255|PROSITE-ProRule:PRU00159	ATP	ChEBI:CHEBI:30616							binding_site
Q7JQ32	901	ECO:0000255|PROSITE-ProRule:PRU00099	Mg(2+)	ChEBI:CHEBI:18420	1;2						binding_site
Q7JQ32	902	ECO:0000255|PROSITE-ProRule:PRU00099	Mg(2+)	ChEBI:CHEBI:18420	2						binding_site
Q7JQ32	945	ECO:0000255|PROSITE-ProRule:PRU00099	Mg(2+)	ChEBI:CHEBI:18420	1;2						binding_site
Q7JQW6	103	ECO:0000255|HAMAP-Rule:MF_03123	[4Fe-4S] cluster	ChEBI:CHEBI:49883	1						binding_site
Q7JQW6	108	ECO:0000255|HAMAP-Rule:MF_03123	[4Fe-4S] cluster	ChEBI:CHEBI:49883	1						binding_site
Q7JQW6	114	ECO:0000255|HAMAP-Rule:MF_03123	[4Fe-4S] cluster	ChEBI:CHEBI:49883	1						binding_site
Q7JQW6	134	ECO:0000255|HAMAP-Rule:MF_03123	[4Fe-4S] cluster	ChEBI:CHEBI:49883	2	4Fe-4S-S-AdoMet					binding_site
Q7JQW6	138	ECO:0000255|HAMAP-Rule:MF_03123	[4Fe-4S] cluster	ChEBI:CHEBI:49883	2	4Fe-4S-S-AdoMet					binding_site
Q7JQW6	141	ECO:0000255|HAMAP-Rule:MF_03123	[4Fe-4S] cluster	ChEBI:CHEBI:49883	2	4Fe-4S-S-AdoMet					binding_site
Q7JQW6	349	ECO:0000255|HAMAP-Rule:MF_03123	[4Fe-4S] cluster	ChEBI:CHEBI:49883	1						binding_site
Q7JR71	100	ECO:0000250|UniProtKB:P00441	Zn(2+)	ChEBI:CHEBI:29105		structural					binding_site
Q7JR71	109	ECO:0000250|UniProtKB:P00441	Zn(2+)	ChEBI:CHEBI:29105		structural					binding_site
Q7JR71	112	ECO:0000250|UniProtKB:P00441	Zn(2+)	ChEBI:CHEBI:29105		structural					binding_site
Q7JR71	149	ECO:0000250|UniProtKB:P00441	Cu cation	ChEBI:CHEBI:23378		catalytic					binding_site
Q7JR71	75	ECO:0000250|UniProtKB:P00441	Cu cation	ChEBI:CHEBI:23378		catalytic					binding_site
Q7JR71	77	ECO:0000250|UniProtKB:P00441	Cu cation	ChEBI:CHEBI:23378		catalytic					binding_site
Q7JR71	92	ECO:0000250|UniProtKB:P00441	Cu cation;Zn(2+)	ChEBI:CHEBI:23378;ChEBI:CHEBI:29105		catalytic;structural					binding_site
Q7JUN3	538-545	ECO:0000255|PROSITE-ProRule:PRU00434	ATP	ChEBI:CHEBI:30616							binding_site
Q7JVP4	286	ECO:0000255|PROSITE-ProRule:PRU00146	Zn(2+)	ChEBI:CHEBI:29105	1						binding_site
Q7JVP4	289	ECO:0000255|PROSITE-ProRule:PRU00146	Zn(2+)	ChEBI:CHEBI:29105	1						binding_site
Q7JVP4	303	ECO:0000255|PROSITE-ProRule:PRU00146	Zn(2+)	ChEBI:CHEBI:29105	2						binding_site
Q7JVP4	306	ECO:0000255|PROSITE-ProRule:PRU00146	Zn(2+)	ChEBI:CHEBI:29105	2						binding_site
Q7JVP4	311	ECO:0000255|PROSITE-ProRule:PRU00146	Zn(2+)	ChEBI:CHEBI:29105	1						binding_site
Q7JVP4	314	ECO:0000255|PROSITE-ProRule:PRU00146	Zn(2+)	ChEBI:CHEBI:29105	1						binding_site
Q7JVP4	327	ECO:0000255|PROSITE-ProRule:PRU00146	Zn(2+)	ChEBI:CHEBI:29105	2						binding_site
Q7JVP4	330	ECO:0000255|PROSITE-ProRule:PRU00146	Zn(2+)	ChEBI:CHEBI:29105	2						binding_site
Q7JWD3	236	ECO:0000255|HAMAP-Rule:MF_03112	ATP	ChEBI:CHEBI:30616							binding_site
Q7JWD3	263	ECO:0000255|HAMAP-Rule:MF_03112	ATP	ChEBI:CHEBI:30616							binding_site
Q7JWD3	275	ECO:0000255|HAMAP-Rule:MF_03112	Zn(2+)	ChEBI:CHEBI:29105		ligand shared between dimeric partners					binding_site
Q7JWD3	278	ECO:0000255|HAMAP-Rule:MF_03112	Zn(2+)	ChEBI:CHEBI:29105		ligand shared between dimeric partners					binding_site
Q7JWD3	29-36	ECO:0000255|HAMAP-Rule:MF_03112	ATP	ChEBI:CHEBI:30616							binding_site
Q7JYV7	115	ECO:0000255|HAMAP-Rule:MF_03173	ATP	ChEBI:CHEBI:30616							binding_site
Q7JYV7	19	ECO:0000255|HAMAP-Rule:MF_03173	ATP	ChEBI:CHEBI:30616							binding_site
Q7JYV7	21	ECO:0000255|HAMAP-Rule:MF_03173	ATP	ChEBI:CHEBI:30616							binding_site
Q7JYV7	22	ECO:0000255|HAMAP-Rule:MF_03173	ATP	ChEBI:CHEBI:30616							binding_site
Q7JYV7	23	ECO:0000255|HAMAP-Rule:MF_03173	ATP	ChEBI:CHEBI:30616							binding_site
Q7JYV7	24	ECO:0000255|HAMAP-Rule:MF_03173	ATP	ChEBI:CHEBI:30616							binding_site
Q7JZB4	120	ECO:0000250|UniProtKB:Q9Y5P6	GDP-alpha-D-mannose;Mg(2+)	ChEBI:CHEBI:57527;ChEBI:CHEBI:18420							binding_site
Q7JZB4	227	ECO:0000250|UniProtKB:Q9Y5P6	GDP-alpha-D-mannose;Mg(2+)	ChEBI:CHEBI:57527;ChEBI:CHEBI:18420							binding_site
Q7K0E3	169	ECO:0000250|UniProtKB:Q9H8S9	Zn(2+)	ChEBI:CHEBI:29105							binding_site
Q7K0E3	174	ECO:0000250|UniProtKB:Q9H8S9	Zn(2+)	ChEBI:CHEBI:29105							binding_site
Q7K0E3	92	ECO:0000250|UniProtKB:Q9H8S9	Zn(2+)	ChEBI:CHEBI:29105							binding_site
Q7K0E3	97	ECO:0000250|UniProtKB:Q9H8S9	Zn(2+)	ChEBI:CHEBI:29105							binding_site
Q7K175	130	ECO:0000250	Mg(2+)	ChEBI:CHEBI:18420							binding_site
Q7K175	133	ECO:0000250	Mg(2+)	ChEBI:CHEBI:18420							binding_site
Q7K175	134	ECO:0000250	Mg(2+)	ChEBI:CHEBI:18420							binding_site
Q7K175	185	ECO:0000250	Mg(2+)	ChEBI:CHEBI:18420							binding_site
Q7K175	76	ECO:0000250	S-adenosyl-L-methionine	ChEBI:CHEBI:59789							binding_site
Q7K237	106	ECO:0000269|PubMed:35504880, ECO:0007744|PDB:7Q4I	UDP	ChEBI:CHEBI:58223							binding_site
Q7K237	108	ECO:0000269|PubMed:35504880, ECO:0007744|PDB:7Q4I	UDP	ChEBI:CHEBI:58223							binding_site
Q7K237	150	ECO:0000269|PubMed:35504880, ECO:0007744|PDB:7Q4I	UDP	ChEBI:CHEBI:58223							binding_site
Q7K237	151	ECO:0000269|PubMed:35504880, ECO:0007744|PDB:7Q4I	UDP	ChEBI:CHEBI:58223							binding_site
Q7K237	152	ECO:0000269|PubMed:35504880, ECO:0007744|PDB:7Q4I	UDP	ChEBI:CHEBI:58223							binding_site
Q7K237	158	ECO:0000269|PubMed:35504880, ECO:0007744|PDB:7Q4I	UDP	ChEBI:CHEBI:58223							binding_site
Q7K237	181	ECO:0000269|PubMed:35504880, ECO:0007744|PDB:7Q4I	Mn(2+);UDP	ChEBI:CHEBI:29035;ChEBI:CHEBI:58223							binding_site
Q7K237	183	ECO:0000269|PubMed:35504880, ECO:0007744|PDB:7Q4I	Mn(2+)	ChEBI:CHEBI:29035							binding_site
Q7K237	300	ECO:0000269|PubMed:35504880, ECO:0007744|PDB:7Q4I	a glycoprotein	ChEBI:CHEBI:17089							binding_site
Q7K237	324	ECO:0000269|PubMed:35504880, ECO:0007744|PDB:7Q4I	Mn(2+);UDP	ChEBI:CHEBI:29035;ChEBI:CHEBI:58223							binding_site
Q7K237	325	ECO:0000269|PubMed:35504880, ECO:0007744|PDB:7Q4I	UDP	ChEBI:CHEBI:58223							binding_site
Q7K284	119-124	ECO:0000255|HAMAP-Rule:MF_03035	ATP	ChEBI:CHEBI:30616							binding_site
Q7K284	16	ECO:0000255|HAMAP-Rule:MF_03035	ATP	ChEBI:CHEBI:30616							binding_site
Q7K284	57	ECO:0000255|HAMAP-Rule:MF_03035	ATP	ChEBI:CHEBI:30616							binding_site
Q7K2B0	185	ECO:0000250|UniProtKB:O43159	S-adenosyl-L-methionine	ChEBI:CHEBI:59789							binding_site
Q7K2B0	220	ECO:0000250|UniProtKB:O43159	S-adenosyl-L-methionine	ChEBI:CHEBI:59789							binding_site
Q7K2B0	238	ECO:0000250|UniProtKB:O43159	S-adenosyl-L-methionine	ChEBI:CHEBI:59789							binding_site
Q7K2B0	267	ECO:0000250|UniProtKB:O43159	S-adenosyl-L-methionine	ChEBI:CHEBI:59789							binding_site
Q7K3B9	112	ECO:0000250|UniProtKB:Q86W50	S-adenosyl-L-methionine	ChEBI:CHEBI:59789							binding_site
Q7K3B9	135	ECO:0000250|UniProtKB:Q86W50	S-adenosyl-L-methionine	ChEBI:CHEBI:59789							binding_site
Q7K3B9	166	ECO:0000250|UniProtKB:Q86W50	S-adenosyl-L-methionine	ChEBI:CHEBI:59789							binding_site
Q7K3B9	188	ECO:0000250|UniProtKB:Q86W50	S-adenosyl-L-methionine	ChEBI:CHEBI:59789							binding_site
Q7K3B9	87	ECO:0000250|UniProtKB:Q86W50	S-adenosyl-L-methionine	ChEBI:CHEBI:59789							binding_site
Q7K3M5	95-102	ECO:0000255|PROSITE-ProRule:PRU00541	ATP	ChEBI:CHEBI:30616							binding_site
Q7K480	1010	ECO:0000250|UniProtKB:Q7L2J0	S-adenosyl-L-methionine	ChEBI:CHEBI:59789							binding_site
Q7K480	808	ECO:0000250|UniProtKB:Q7L2J0	S-adenosyl-L-methionine	ChEBI:CHEBI:59789							binding_site
Q7K480	828-830	ECO:0000250|UniProtKB:Q7L2J0	S-adenosyl-L-methionine	ChEBI:CHEBI:59789							binding_site
Q7K480	851-852	ECO:0000250|UniProtKB:Q7L2J0	S-adenosyl-L-methionine	ChEBI:CHEBI:59789							binding_site
Q7K480	988-989	ECO:0000250|UniProtKB:Q7L2J0	S-adenosyl-L-methionine	ChEBI:CHEBI:59789							binding_site
Q7K4H4	351	ECO:0000255|PROSITE-ProRule:PRU00538	Fe cation	ChEBI:CHEBI:24875		catalytic					binding_site
Q7K4H4	353	ECO:0000255|PROSITE-ProRule:PRU00538	Fe cation	ChEBI:CHEBI:24875		catalytic					binding_site
Q7K4H4	416	ECO:0000255|PROSITE-ProRule:PRU00538	Fe cation	ChEBI:CHEBI:24875		catalytic					binding_site
Q7K4Q5	506	ECO:0000250	Mn(2+)	ChEBI:CHEBI:29035	2						binding_site
Q7K4Q5	555	ECO:0000250	Mn(2+)	ChEBI:CHEBI:29035	2						binding_site
Q7K4Q5	57	ECO:0000250	Mn(2+)	ChEBI:CHEBI:29035	1;2						binding_site
Q7K4Q5	58	ECO:0000250	Mn(2+)	ChEBI:CHEBI:29035	1						binding_site
Q7K4W1	115	ECO:0000255|PROSITE-ProRule:PRU00780	[4Fe-4S] cluster	ChEBI:CHEBI:49883	1						binding_site
Q7K4W1	144	ECO:0000255|PROSITE-ProRule:PRU00780	[4Fe-4S] cluster	ChEBI:CHEBI:49883	1						binding_site
Q7K4W1	221	ECO:0000255|PROSITE-ProRule:PRU00780	[4Fe-4S] cluster	ChEBI:CHEBI:49883	2	4Fe-4S-S-AdoMet					binding_site
Q7K4W1	225	ECO:0000255|PROSITE-ProRule:PRU00780	[4Fe-4S] cluster	ChEBI:CHEBI:49883	2	4Fe-4S-S-AdoMet					binding_site
Q7K4W1	228	ECO:0000255|PROSITE-ProRule:PRU00780	[4Fe-4S] cluster	ChEBI:CHEBI:49883	2	4Fe-4S-S-AdoMet					binding_site
Q7K4W1	80	ECO:0000255|PROSITE-ProRule:PRU00780	[4Fe-4S] cluster	ChEBI:CHEBI:49883	1						binding_site
Q7K4Y6	117	ECO:0007744|PDB:4XP1	substrate								binding_site
Q7K4Y6	121	ECO:0007744|PDB:4XP1	substrate								binding_site
Q7K4Y6	320	ECO:0000269|PubMed:24037379, ECO:0000269|PubMed:25970245, ECO:0007744|PDB:4XP1	Na(+)	ChEBI:CHEBI:29101	2						binding_site
Q7K4Y6	352	ECO:0000269|PubMed:24037379, ECO:0000269|PubMed:25970245, ECO:0007744|PDB:4XP1	Na(+)	ChEBI:CHEBI:29101	2						binding_site
Q7K4Y6	417	ECO:0000269|PubMed:24037379, ECO:0000269|PubMed:25970245, ECO:0007744|PDB:4XP1	Na(+)	ChEBI:CHEBI:29101	1						binding_site
Q7K4Y6	42	ECO:0000269|PubMed:24037379, ECO:0000269|PubMed:25970245, ECO:0007744|PDB:4XP1	Na(+)	ChEBI:CHEBI:29101	1						binding_site
Q7K4Y6	420	ECO:0000269|PubMed:24037379, ECO:0000269|PubMed:25970245, ECO:0007744|PDB:4XP1	Na(+)	ChEBI:CHEBI:29101	1						binding_site
Q7K4Y6	421	ECO:0000269|PubMed:24037379, ECO:0000269|PubMed:25970245, ECO:0007744|PDB:4XP1	Na(+)	ChEBI:CHEBI:29101	1						binding_site
Q7K4Y6	44	ECO:0000269|PubMed:24037379, ECO:0000269|PubMed:25970245, ECO:0007744|PDB:4XP1	Na(+)	ChEBI:CHEBI:29101	2						binding_site
Q7K4Y6	45	ECO:0000269|PubMed:24037379, ECO:0000269|PubMed:25970245, ECO:0007744|PDB:4XP1	Na(+)	ChEBI:CHEBI:29101	1						binding_site
Q7K4Y6	46	ECO:0007744|PDB:4XP1	substrate								binding_site
Q7K4Y6	49	ECO:0000269|PubMed:24037379, ECO:0000269|PubMed:25970245, ECO:0007744|PDB:4XP1	Na(+)	ChEBI:CHEBI:29101	2						binding_site
Q7K5K3	138	ECO:0000250|UniProtKB:P11177	K(+)	ChEBI:CHEBI:29103		structural					binding_site
Q7K5K3	186	ECO:0000250|UniProtKB:P11177	K(+)	ChEBI:CHEBI:29103		structural					binding_site
Q7K5K3	187	ECO:0000250|UniProtKB:P11177	K(+)	ChEBI:CHEBI:29103		structural					binding_site
Q7K5K3	189	ECO:0000250|UniProtKB:P11177	K(+)	ChEBI:CHEBI:29103		structural					binding_site
Q7K5K3	85	ECO:0000250|UniProtKB:P11177	thiamine diphosphate	ChEBI:CHEBI:58937		ligand shared with alpha subunit					binding_site
Q7K7A9	158	ECO:0000255|HAMAP-Rule:MF_03140	DNA;Mg(2+)	ChEBI:CHEBI:16991;ChEBI:CHEBI:18420	1						binding_site
Q7K7A9	160	ECO:0000255|HAMAP-Rule:MF_03140	Mg(2+)	ChEBI:CHEBI:18420	1						binding_site
Q7K7A9	179	ECO:0000255|HAMAP-Rule:MF_03140	Mg(2+)	ChEBI:CHEBI:18420	2						binding_site
Q7K7A9	181	ECO:0000255|HAMAP-Rule:MF_03140	Mg(2+)	ChEBI:CHEBI:18420	2						binding_site
Q7K7A9	231	ECO:0000255|HAMAP-Rule:MF_03140	DNA	ChEBI:CHEBI:16991							binding_site
Q7K7A9	233	ECO:0000255|HAMAP-Rule:MF_03140	DNA;Mg(2+)	ChEBI:CHEBI:16991;ChEBI:CHEBI:18420	2						binding_site
Q7K7A9	34	ECO:0000255|HAMAP-Rule:MF_03140	Mg(2+)	ChEBI:CHEBI:18420	1						binding_site
Q7K7A9	47	ECO:0000255|HAMAP-Rule:MF_03140	DNA	ChEBI:CHEBI:16991							binding_site
Q7K7A9	70	ECO:0000255|HAMAP-Rule:MF_03140	DNA	ChEBI:CHEBI:16991							binding_site
Q7K7A9	86	ECO:0000255|HAMAP-Rule:MF_03140	Mg(2+)	ChEBI:CHEBI:18420	1						binding_site
Q7KML2	152	ECO:0000250|UniProtKB:P07872	FAD	ChEBI:CHEBI:57692							binding_site
Q7KML2	191	ECO:0000250|UniProtKB:P07872	FAD	ChEBI:CHEBI:57692							binding_site
Q7KN62	244-250	ECO:0000250|UniProtKB:P55072	ATP	ChEBI:CHEBI:30616	1						binding_site
Q7KN62	345	ECO:0000250|UniProtKB:P55072	ATP	ChEBI:CHEBI:30616	1						binding_site
Q7KN62	381	ECO:0000250|UniProtKB:P55072	ATP	ChEBI:CHEBI:30616	1						binding_site
Q7KN62	518-523	ECO:0000250|UniProtKB:Q01853	ATP	ChEBI:CHEBI:30616	2						binding_site
Q7KN90	340	ECO:0000250	Zn(2+)	ChEBI:CHEBI:29105							binding_site
Q7KN90	365	ECO:0000250	Zn(2+)	ChEBI:CHEBI:29105							binding_site
Q7KN90	369	ECO:0000250	Zn(2+)	ChEBI:CHEBI:29105							binding_site
Q7KN90	401	ECO:0000250	ATP	ChEBI:CHEBI:30616							binding_site
Q7KN90	46	ECO:0000250	Zn(2+)	ChEBI:CHEBI:29105							binding_site
Q7KPA5	167	ECO:0000250|UniProtKB:Q57815	Mg(2+)	ChEBI:CHEBI:18420							binding_site
Q7KPA5	221	ECO:0000250|UniProtKB:Q57815	Mg(2+)	ChEBI:CHEBI:18420							binding_site
Q7KR10	467	ECO:0000250|UniProtKB:P82712	heme	ChEBI:CHEBI:30413			Fe	ChEBI:CHEBI:18248		axial binding residue	binding_site
Q7KRR5	246	ECO:0000250	Zn(2+)	ChEBI:CHEBI:29105							binding_site
Q7KRR5	249	ECO:0000250	Zn(2+)	ChEBI:CHEBI:29105							binding_site
Q7KRR5	272	ECO:0000250	Zn(2+)	ChEBI:CHEBI:29105							binding_site
Q7KRR5	273	ECO:0000250	Zn(2+)	ChEBI:CHEBI:29105							binding_site
Q7KRS9	1399	ECO:0000255|PROSITE-ProRule:PRU00134	Zn(2+)	ChEBI:CHEBI:29105	3						binding_site
Q7KRS9	1402	ECO:0000255|PROSITE-ProRule:PRU00134	Zn(2+)	ChEBI:CHEBI:29105	3						binding_site
Q7KRS9	1410	ECO:0000255|PROSITE-ProRule:PRU00134	Zn(2+)	ChEBI:CHEBI:29105	4						binding_site
Q7KRS9	1411	ECO:0000255|PROSITE-ProRule:PRU00134	Zn(2+)	ChEBI:CHEBI:29105	4						binding_site
Q7KRS9	1417	ECO:0000255|PROSITE-ProRule:PRU00134	Zn(2+)	ChEBI:CHEBI:29105	3						binding_site
Q7KRS9	1421	ECO:0000255|PROSITE-ProRule:PRU00134	Zn(2+)	ChEBI:CHEBI:29105	3						binding_site
Q7KRS9	1429	ECO:0000255|PROSITE-ProRule:PRU00134	Zn(2+)	ChEBI:CHEBI:29105	4						binding_site
Q7KRS9	1433	ECO:0000255|PROSITE-ProRule:PRU00134	Zn(2+)	ChEBI:CHEBI:29105	4						binding_site
Q7KRS9	346	ECO:0000255|PROSITE-ProRule:PRU00146	Zn(2+)	ChEBI:CHEBI:29105	1						binding_site
Q7KRS9	349	ECO:0000255|PROSITE-ProRule:PRU00146	Zn(2+)	ChEBI:CHEBI:29105	1						binding_site
Q7KRS9	358	ECO:0000255|PROSITE-ProRule:PRU00146	Zn(2+)	ChEBI:CHEBI:29105	2						binding_site
Q7KRS9	361	ECO:0000255|PROSITE-ProRule:PRU00146	Zn(2+)	ChEBI:CHEBI:29105	2						binding_site
Q7KRS9	366	ECO:0000255|PROSITE-ProRule:PRU00146	Zn(2+)	ChEBI:CHEBI:29105	1						binding_site
Q7KRS9	369	ECO:0000255|PROSITE-ProRule:PRU00146	Zn(2+)	ChEBI:CHEBI:29105	1						binding_site
Q7KRS9	383	ECO:0000255|PROSITE-ProRule:PRU00146	Zn(2+)	ChEBI:CHEBI:29105	2						binding_site
Q7KRS9	386	ECO:0000255|PROSITE-ProRule:PRU00146	Zn(2+)	ChEBI:CHEBI:29105	2						binding_site
Q7KRS9	507	ECO:0000250|UniProtKB:Q9ULU4	Zn(2+)	ChEBI:CHEBI:29105	3						binding_site
Q7KRS9	510	ECO:0000250|UniProtKB:Q9ULU4	Zn(2+)	ChEBI:CHEBI:29105	3						binding_site
Q7KRS9	525	ECO:0000250|UniProtKB:Q9ULU4	Zn(2+)	ChEBI:CHEBI:29105	3						binding_site
Q7KRU8	136	ECO:0000250|UniProtKB:A0A7E5WTY7	Fe cation	ChEBI:CHEBI:24875	2						binding_site
Q7KRU8	172	ECO:0000250|UniProtKB:A0A7E5WTY7	Fe cation	ChEBI:CHEBI:24875	2						binding_site
Q7KRU8	52	ECO:0000250|UniProtKB:A0A7E5WTY7	Fe cation	ChEBI:CHEBI:24875	1						binding_site
Q7KRU8	87	ECO:0000250|UniProtKB:A0A7E5WTY7	Fe cation	ChEBI:CHEBI:24875	1;2						binding_site
Q7KRU8	90	ECO:0000250|UniProtKB:A0A7E5WTY7	Fe cation	ChEBI:CHEBI:24875	1						binding_site
Q7KRY6	53-61	ECO:0000255|PROSITE-ProRule:PRU00159	ATP	ChEBI:CHEBI:30616							binding_site
Q7KRY6	77	ECO:0000255|PROSITE-ProRule:PRU00159	ATP	ChEBI:CHEBI:30616							binding_site
Q7KSD8	110	ECO:0000255|PROSITE-ProRule:PRU00228	Zn(2+)	ChEBI:CHEBI:29105	2						binding_site
Q7KSD8	113	ECO:0000255|PROSITE-ProRule:PRU00228	Zn(2+)	ChEBI:CHEBI:29105	2						binding_site
Q7KSD8	119	ECO:0000255|PROSITE-ProRule:PRU00228	Zn(2+)	ChEBI:CHEBI:29105	1						binding_site
Q7KSD8	122	ECO:0000255|PROSITE-ProRule:PRU00228	Zn(2+)	ChEBI:CHEBI:29105	1						binding_site
Q7KSD8	132	ECO:0000255|PROSITE-ProRule:PRU00228	Zn(2+)	ChEBI:CHEBI:29105	2						binding_site
Q7KSD8	136	ECO:0000255|PROSITE-ProRule:PRU00228	Zn(2+)	ChEBI:CHEBI:29105	2						binding_site
Q7KSD8	96	ECO:0000255|PROSITE-ProRule:PRU00228	Zn(2+)	ChEBI:CHEBI:29105	1						binding_site
Q7KSD8	99	ECO:0000255|PROSITE-ProRule:PRU00228	Zn(2+)	ChEBI:CHEBI:29105	1						binding_site
Q7KTX7	163	ECO:0000250|UniProtKB:E0VIU9	Zn(2+)	ChEBI:CHEBI:29105	1						binding_site
Q7KTX7	166	ECO:0000250|UniProtKB:E0VIU9	Zn(2+)	ChEBI:CHEBI:29105	1						binding_site
Q7KTX7	178	ECO:0000250|UniProtKB:E0VIU9	Zn(2+)	ChEBI:CHEBI:29105	2						binding_site
Q7KTX7	181	ECO:0000250|UniProtKB:E0VIU9	Zn(2+)	ChEBI:CHEBI:29105	2						binding_site
Q7KTX7	208	ECO:0000250|UniProtKB:E0VIU9	Zn(2+)	ChEBI:CHEBI:29105	2						binding_site
Q7KTX7	232	ECO:0000250|UniProtKB:E0VIU9	Zn(2+)	ChEBI:CHEBI:29105	1						binding_site
Q7KTX7	235	ECO:0000250|UniProtKB:E0VIU9	Zn(2+)	ChEBI:CHEBI:29105	1						binding_site
Q7KTX7	259	ECO:0000255|PROSITE-ProRule:PRU01221	Zn(2+)	ChEBI:CHEBI:29105	3						binding_site
Q7KTX7	262	ECO:0000255|PROSITE-ProRule:PRU01221	Zn(2+)	ChEBI:CHEBI:29105	3						binding_site
Q7KTX7	274	ECO:0000255|PROSITE-ProRule:PRU01221	Zn(2+)	ChEBI:CHEBI:29105	4						binding_site
Q7KTX7	278	ECO:0000255|PROSITE-ProRule:PRU01221	Zn(2+)	ChEBI:CHEBI:29105	4						binding_site
Q7KTX7	281	ECO:0000255|PROSITE-ProRule:PRU01221	Zn(2+)	ChEBI:CHEBI:29105	3						binding_site
Q7KTX7	284	ECO:0000255|PROSITE-ProRule:PRU01221	Zn(2+)	ChEBI:CHEBI:29105	3						binding_site
Q7KTX7	310	ECO:0000255|PROSITE-ProRule:PRU01221	Zn(2+)	ChEBI:CHEBI:29105	4						binding_site
Q7KTX7	314	ECO:0000255|PROSITE-ProRule:PRU01221	Zn(2+)	ChEBI:CHEBI:29105	4						binding_site
Q7KTX7	353	ECO:0000255|PROSITE-ProRule:PRU01221, ECO:0000269|PubMed:23770917, ECO:0007744|PDB:2M48	Zn(2+)	ChEBI:CHEBI:29105	5						binding_site
Q7KTX7	358	ECO:0000255|PROSITE-ProRule:PRU01221, ECO:0000269|PubMed:23770917, ECO:0007744|PDB:2M48	Zn(2+)	ChEBI:CHEBI:29105	5						binding_site
Q7KTX7	373	ECO:0000255|PROSITE-ProRule:PRU01221, ECO:0000269|PubMed:23770917, ECO:0007744|PDB:2M48	Zn(2+)	ChEBI:CHEBI:29105	5						binding_site
Q7KTX7	377	ECO:0000255|PROSITE-ProRule:PRU01221, ECO:0000269|PubMed:23770917, ECO:0007744|PDB:2M48	Zn(2+)	ChEBI:CHEBI:29105	5						binding_site
Q7KTX7	382	ECO:0000255|PROSITE-ProRule:PRU01221, ECO:0000269|PubMed:23770917, ECO:0007744|PDB:2M48	Zn(2+)	ChEBI:CHEBI:29105	6						binding_site
Q7KTX7	385	ECO:0000255|PROSITE-ProRule:PRU01221, ECO:0000269|PubMed:23770917, ECO:0007744|PDB:2M48	Zn(2+)	ChEBI:CHEBI:29105	6						binding_site
Q7KTX7	390	ECO:0000255|PROSITE-ProRule:PRU01221, ECO:0000269|PubMed:23770917, ECO:0007744|PDB:2M48	Zn(2+)	ChEBI:CHEBI:29105	6						binding_site
Q7KTX7	394	ECO:0000255|PROSITE-ProRule:PRU01221, ECO:0000269|PubMed:23770917, ECO:0007744|PDB:2M48	Zn(2+)	ChEBI:CHEBI:29105	6						binding_site
Q7KTX7	436	ECO:0000255|PROSITE-ProRule:PRU01221, ECO:0000269|PubMed:23770917, ECO:0007744|PDB:2LWR, ECO:0007744|PDB:2M48	Zn(2+)	ChEBI:CHEBI:29105	7						binding_site
Q7KTX7	439	ECO:0000255|PROSITE-ProRule:PRU01221, ECO:0000269|PubMed:23770917, ECO:0007744|PDB:2LWR, ECO:0007744|PDB:2M48	Zn(2+)	ChEBI:CHEBI:29105	7						binding_site
Q7KTX7	454	ECO:0000255|PROSITE-ProRule:PRU01221, ECO:0000269|PubMed:23770917, ECO:0007744|PDB:2LWR, ECO:0007744|PDB:2M48	Zn(2+)	ChEBI:CHEBI:29105	7						binding_site
Q7KTX7	459	ECO:0000255|PROSITE-ProRule:PRU01221, ECO:0000269|PubMed:23770917, ECO:0007744|PDB:2LWR, ECO:0007744|PDB:2M48	Zn(2+)	ChEBI:CHEBI:29105	7						binding_site
Q7KTX7	464	ECO:0000255|PROSITE-ProRule:PRU01221, ECO:0000269|PubMed:23770917, ECO:0007744|PDB:2LWR, ECO:0007744|PDB:2M48	Zn(2+)	ChEBI:CHEBI:29105	8						binding_site
Q7KTX7	467	ECO:0000255|PROSITE-ProRule:PRU01221, ECO:0000269|PubMed:23770917, ECO:0007744|PDB:2LWR, ECO:0007744|PDB:2M48	Zn(2+)	ChEBI:CHEBI:29105	8						binding_site
Q7KTX7	475	ECO:0000255|PROSITE-ProRule:PRU01221, ECO:0000269|PubMed:23770917, ECO:0007744|PDB:2LWR, ECO:0007744|PDB:2M48	Zn(2+)	ChEBI:CHEBI:29105	8						binding_site
Q7KTX7	479	ECO:0000255|PROSITE-ProRule:PRU01221, ECO:0000269|PubMed:23770917, ECO:0007744|PDB:2LWR, ECO:0007744|PDB:2M48	Zn(2+)	ChEBI:CHEBI:29105	8						binding_site
Q7KU24	553-560	ECO:0000255|PROSITE-ProRule:PRU00541	ATP	ChEBI:CHEBI:30616							binding_site
Q7KUT2	564-571	ECO:0000255|HAMAP-Rule:MF_03120	ATP	ChEBI:CHEBI:30616							binding_site
Q7KVA1	283	ECO:0000250|UniProtKB:Q86Y38	UDP-alpha-D-xylose	ChEBI:CHEBI:57632							binding_site
Q7KVA1	312-314	ECO:0000250|UniProtKB:Q86Y38	UDP-alpha-D-xylose	ChEBI:CHEBI:57632							binding_site
Q7KVA1	415-416	ECO:0000250|UniProtKB:Q86Y38	UDP-alpha-D-xylose	ChEBI:CHEBI:57632							binding_site
Q7KVA1	498	ECO:0000250|UniProtKB:Q86Y38	UDP-alpha-D-xylose	ChEBI:CHEBI:57632							binding_site
Q7KVA1	522-523	ECO:0000250|UniProtKB:Q86Y38	UDP-alpha-D-xylose	ChEBI:CHEBI:57632							binding_site
Q7KVS9	328	ECO:0000250|UniProtKB:O13833	Mn(2+)	ChEBI:CHEBI:29035		catalytic					binding_site
Q7KVS9	330	ECO:0000250|UniProtKB:O13833	Mn(2+)	ChEBI:CHEBI:29035		catalytic					binding_site
Q7KW39	169	ECO:0000250|UniProtKB:P42412	NAD(+)	ChEBI:CHEBI:57540							binding_site
Q7KW39	171	ECO:0000250|UniProtKB:P42412	NAD(+)	ChEBI:CHEBI:57540							binding_site
Q7KW39	195	ECO:0000250|UniProtKB:P42412	NAD(+)	ChEBI:CHEBI:57540							binding_site
Q7KW39	198	ECO:0000250|UniProtKB:P42412	NAD(+)	ChEBI:CHEBI:57540							binding_site
Q7KW39	199	ECO:0000250|UniProtKB:P42412	NAD(+)	ChEBI:CHEBI:57540							binding_site
Q7KW39	248	ECO:0000250|UniProtKB:P42412	NAD(+)	ChEBI:CHEBI:57540							binding_site
Q7KW39	403	ECO:0000250|UniProtKB:P42412	NAD(+)	ChEBI:CHEBI:57540							binding_site
Q7PLI7	483-491	ECO:0000250|UniProtKB:P28523, ECO:0000255|PROSITE-ProRule:PRU00159	ATP	ChEBI:CHEBI:30616							binding_site
Q7PLI7	506	ECO:0000250|UniProtKB:P28523, ECO:0000255|PROSITE-ProRule:PRU00159	ATP	ChEBI:CHEBI:30616							binding_site
Q7YU24	147-152	ECO:0000250|UniProtKB:Q8IWA4	GTP	ChEBI:CHEBI:37565							binding_site
Q7YU24	298-301	ECO:0000250|UniProtKB:Q8IWA4	GTP	ChEBI:CHEBI:37565							binding_site
Q7YU24	345	ECO:0000250|UniProtKB:Q8IWA4	GTP	ChEBI:CHEBI:37565							binding_site
Q7YU29	666	ECO:0000255|PROSITE-ProRule:PRU00228	Zn(2+)	ChEBI:CHEBI:29105	1						binding_site
Q7YU29	669	ECO:0000255|PROSITE-ProRule:PRU00228	Zn(2+)	ChEBI:CHEBI:29105	1						binding_site
Q7YU29	681	ECO:0000255|PROSITE-ProRule:PRU00228	Zn(2+)	ChEBI:CHEBI:29105	2						binding_site
Q7YU29	684	ECO:0000255|PROSITE-ProRule:PRU00228	Zn(2+)	ChEBI:CHEBI:29105	2						binding_site
Q7YU29	690	ECO:0000255|PROSITE-ProRule:PRU00228	Zn(2+)	ChEBI:CHEBI:29105	1						binding_site
Q7YU29	693	ECO:0000255|PROSITE-ProRule:PRU00228	Zn(2+)	ChEBI:CHEBI:29105	1						binding_site
Q7YU29	703	ECO:0000255|PROSITE-ProRule:PRU00228	Zn(2+)	ChEBI:CHEBI:29105	2						binding_site
Q7YU29	707	ECO:0000255|PROSITE-ProRule:PRU00228	Zn(2+)	ChEBI:CHEBI:29105	2						binding_site
Q86B47	372-379	ECO:0000255|PROSITE-ProRule:PRU00541	ATP	ChEBI:CHEBI:30616							binding_site
Q86B61	312	ECO:0000250|UniProtKB:P09172	Cu(2+)	ChEBI:CHEBI:29036	A						binding_site
Q86B61	313	ECO:0000250|UniProtKB:P09172	Cu(2+)	ChEBI:CHEBI:29036	A						binding_site
Q86B61	382	ECO:0000250|UniProtKB:P09172	Cu(2+)	ChEBI:CHEBI:29036	A						binding_site
Q86B61	461	ECO:0000250|UniProtKB:P09172	Cu(2+)	ChEBI:CHEBI:29036	B						binding_site
Q86B61	463	ECO:0000250|UniProtKB:P09172	Cu(2+)	ChEBI:CHEBI:29036	B						binding_site
Q86B61	536	ECO:0000250|UniProtKB:P09172	Cu(2+)	ChEBI:CHEBI:29036	B						binding_site
Q86BA1	1074	ECO:0000250|UniProtKB:Q8TDZ2	Zn(2+)	ChEBI:CHEBI:29105	1						binding_site
Q86BA1	1077	ECO:0000250|UniProtKB:Q8TDZ2	Zn(2+)	ChEBI:CHEBI:29105	1						binding_site
Q86BA1	1095	ECO:0000250|UniProtKB:Q8TDZ2	Zn(2+)	ChEBI:CHEBI:29105	1						binding_site
Q86BA1	1098	ECO:0000250|UniProtKB:Q8TDZ2	Zn(2+)	ChEBI:CHEBI:29105	1						binding_site
Q86BA1	1101	ECO:0000250|UniProtKB:Q8TDZ2	Zn(2+)	ChEBI:CHEBI:29105	2						binding_site
Q86BA1	1104	ECO:0000250|UniProtKB:Q8TDZ2	Zn(2+)	ChEBI:CHEBI:29105	2						binding_site
Q86BA1	1126	ECO:0000250|UniProtKB:Q8TDZ2	Zn(2+)	ChEBI:CHEBI:29105	2						binding_site
Q86BA1	1129	ECO:0000250|UniProtKB:Q8TDZ2	Zn(2+)	ChEBI:CHEBI:29105	2						binding_site
Q86BA1	138	ECO:0000250|UniProtKB:Q8VDP3	FAD	ChEBI:CHEBI:57692							binding_site
Q86BA1	157-159	ECO:0000250|UniProtKB:Q8VDP3	FAD	ChEBI:CHEBI:57692							binding_site
Q86BA1	164-166	ECO:0000250|UniProtKB:Q8VDP3	FAD	ChEBI:CHEBI:57692							binding_site
Q86BA1	224	ECO:0000250|UniProtKB:Q8VDP3	FAD	ChEBI:CHEBI:57692							binding_site
Q86BA1	334	ECO:0000250|UniProtKB:Q8VDP3	FAD	ChEBI:CHEBI:57692							binding_site
Q86BA1	434	ECO:0000250|UniProtKB:Q8VDP3	FAD	ChEBI:CHEBI:57692							binding_site
Q86BP6	703-710	ECO:0000255|PROSITE-ProRule:PRU00499	ATP	ChEBI:CHEBI:30616							binding_site
Q86BS6	100	ECO:0000250|UniProtKB:Q8TCB7	S-adenosyl-L-homocysteine;S-adenosyl-L-methionine	ChEBI:CHEBI:57856;ChEBI:CHEBI:59789							binding_site
Q86BS6	112	ECO:0000250|UniProtKB:Q8TCB7	S-adenosyl-L-homocysteine	ChEBI:CHEBI:57856							binding_site
Q86BS6	138	ECO:0000250|UniProtKB:Q8TCB7	S-adenosyl-L-homocysteine	ChEBI:CHEBI:57856							binding_site
Q86BS6	140	ECO:0000250|UniProtKB:Q8TCB7	S-adenosyl-L-homocysteine;S-adenosyl-L-methionine	ChEBI:CHEBI:57856;ChEBI:CHEBI:59789							binding_site
Q86BS6	165	ECO:0000250|UniProtKB:Q8TCB7	S-adenosyl-L-homocysteine;S-adenosyl-L-methionine	ChEBI:CHEBI:57856;ChEBI:CHEBI:59789							binding_site
Q86BS6	191	ECO:0000250|UniProtKB:Q8TCB7	S-adenosyl-L-homocysteine;S-adenosyl-L-methionine	ChEBI:CHEBI:57856;ChEBI:CHEBI:59789							binding_site
Q86BS6	212	ECO:0000250|UniProtKB:Q8TCB7	S-adenosyl-L-homocysteine;S-adenosyl-L-methionine	ChEBI:CHEBI:57856;ChEBI:CHEBI:59789							binding_site
Q86BS6	96	ECO:0000250|UniProtKB:Q8TCB7	S-adenosyl-L-methionine	ChEBI:CHEBI:59789							binding_site
Q86PD7	153	ECO:0000269|PubMed:22897232, ECO:0007744|PDB:4FAI, ECO:0007744|PDB:4FBE	Zn(2+)	ChEBI:CHEBI:29105							binding_site
Q86PD7	191	ECO:0000269|PubMed:22897232, ECO:0007744|PDB:4FAI, ECO:0007744|PDB:4FBE	Zn(2+)	ChEBI:CHEBI:29105							binding_site
Q86PD7	318	ECO:0000269|PubMed:22897232, ECO:0007744|PDB:4FAI, ECO:0007744|PDB:4FBE	Zn(2+)	ChEBI:CHEBI:29105							binding_site
Q8I0P1	523-530	ECO:0000255|HAMAP-Rule:MF_03021	ATP	ChEBI:CHEBI:30616							binding_site
Q8I8V0	13	ECO:0000255|PROSITE-ProRule:PRU00228	Zn(2+)	ChEBI:CHEBI:29105	1						binding_site
Q8I8V0	16	ECO:0000255|PROSITE-ProRule:PRU00228	Zn(2+)	ChEBI:CHEBI:29105	1						binding_site
Q8I8V0	27	ECO:0000255|PROSITE-ProRule:PRU00228	Zn(2+)	ChEBI:CHEBI:29105	2						binding_site
Q8I8V0	30	ECO:0000255|PROSITE-ProRule:PRU00228	Zn(2+)	ChEBI:CHEBI:29105	2						binding_site
Q8I8V0	36	ECO:0000255|PROSITE-ProRule:PRU00228	Zn(2+)	ChEBI:CHEBI:29105	1						binding_site
Q8I8V0	39	ECO:0000255|PROSITE-ProRule:PRU00228	Zn(2+)	ChEBI:CHEBI:29105	1						binding_site
Q8I8V0	49	ECO:0000255|PROSITE-ProRule:PRU00228	Zn(2+)	ChEBI:CHEBI:29105	2						binding_site
Q8I8V0	53	ECO:0000255|PROSITE-ProRule:PRU00228	Zn(2+)	ChEBI:CHEBI:29105	2						binding_site
Q8IA42	218	ECO:0000250|UniProtKB:Q10471	substrate								binding_site
Q8IA42	249	ECO:0000250|UniProtKB:Q10471	substrate								binding_site
Q8IA42	272	ECO:0000250|UniProtKB:Q10471	Mn(2+)	ChEBI:CHEBI:29035							binding_site
Q8IA42	273	ECO:0000250|UniProtKB:Q10471	substrate								binding_site
Q8IA42	274	ECO:0000250|UniProtKB:Q10471	Mn(2+)	ChEBI:CHEBI:29035							binding_site
Q8IA42	376	ECO:0000250|UniProtKB:Q10471	substrate								binding_site
Q8IA42	404	ECO:0000250|UniProtKB:Q10471	Mn(2+)	ChEBI:CHEBI:29035							binding_site
Q8IA42	407	ECO:0000250|UniProtKB:Q10471	substrate								binding_site
Q8IA43	207	ECO:0000250	substrate								binding_site
Q8IA43	238	ECO:0000250	substrate								binding_site
Q8IA43	261	ECO:0000250	Mn(2+)	ChEBI:CHEBI:29035							binding_site
Q8IA43	262	ECO:0000250	substrate								binding_site
Q8IA43	263	ECO:0000250	Mn(2+)	ChEBI:CHEBI:29035							binding_site
Q8IA43	363	ECO:0000250	substrate								binding_site
Q8IA43	391	ECO:0000250	Mn(2+)	ChEBI:CHEBI:29035							binding_site
Q8IMC6	179-187	ECO:0000255|PROSITE-ProRule:PRU00159	ATP	ChEBI:CHEBI:30616							binding_site
Q8IMC6	202	ECO:0000255|PROSITE-ProRule:PRU00159	ATP	ChEBI:CHEBI:30616							binding_site
Q8IMU4	204	ECO:0000255|HAMAP-Rule:MF_03155	substrate								binding_site
Q8IMU4	205	ECO:0000255|HAMAP-Rule:MF_03155	phosphate	ChEBI:CHEBI:43474							binding_site
Q8IMU4	68-69	ECO:0000255|HAMAP-Rule:MF_03155	phosphate	ChEBI:CHEBI:43474							binding_site
Q8IMX7	144-147	ECO:0000255	GTP	ChEBI:CHEBI:37565	1						binding_site
Q8IMX7	18-25	ECO:0000255	GTP	ChEBI:CHEBI:37565	1						binding_site
Q8IMX7	223	ECO:0000255|PROSITE-ProRule:PRU00448	Ca(2+)	ChEBI:CHEBI:29108	1						binding_site
Q8IMX7	225	ECO:0000255|PROSITE-ProRule:PRU00448	Ca(2+)	ChEBI:CHEBI:29108	1						binding_site
Q8IMX7	227	ECO:0000255|PROSITE-ProRule:PRU00448	Ca(2+)	ChEBI:CHEBI:29108	1						binding_site
Q8IMX7	234	ECO:0000255|PROSITE-ProRule:PRU00448	Ca(2+)	ChEBI:CHEBI:29108	1						binding_site
Q8IMX7	343	ECO:0000305	Ca(2+)	ChEBI:CHEBI:29108	2						binding_site
Q8IMX7	345	ECO:0000305	Ca(2+)	ChEBI:CHEBI:29108	2						binding_site
Q8IMX7	347	ECO:0000305	Ca(2+)	ChEBI:CHEBI:29108	2						binding_site
Q8IMX7	354	ECO:0000305	Ca(2+)	ChEBI:CHEBI:29108	2						binding_site
Q8IMX7	453-460	ECO:0000255	GTP	ChEBI:CHEBI:37565	2						binding_site
Q8IMX7	491-495	ECO:0000255	GTP	ChEBI:CHEBI:37565	2						binding_site
Q8IMX7	558-561	ECO:0000255	GTP	ChEBI:CHEBI:37565	2						binding_site
Q8IMX7	64-68	ECO:0000255	GTP	ChEBI:CHEBI:37565	1						binding_site
Q8INB9	272-280	ECO:0000255|PROSITE-ProRule:PRU00159	ATP	ChEBI:CHEBI:30616							binding_site
Q8INB9	295	ECO:0000305	ATP	ChEBI:CHEBI:30616							binding_site
Q8INF0	104	ECO:0000250|UniProtKB:P16068	heme	ChEBI:CHEBI:30413			Fe	ChEBI:CHEBI:18248		proximal binding residue	binding_site
Q8INK6	169	ECO:0000269|PubMed:12845326, ECO:0007744|PDB:1OHT	Zn(2+)	ChEBI:CHEBI:29105							binding_site
Q8INK6	177	ECO:0000269|PubMed:12845326, ECO:0007744|PDB:1OHT	Zn(2+)	ChEBI:CHEBI:29105							binding_site
Q8INK6	59	ECO:0000269|PubMed:12845326, ECO:0007744|PDB:1OHT	Zn(2+)	ChEBI:CHEBI:29105							binding_site
Q8INK9	154	ECO:0000255|PROSITE-ProRule:PRU01126, ECO:0000269|PubMed:11929995	Zn(2+)	ChEBI:CHEBI:29105							binding_site
Q8INK9	157	ECO:0000255|PROSITE-ProRule:PRU01126, ECO:0000269|PubMed:11929995	Zn(2+)	ChEBI:CHEBI:29105							binding_site
Q8INK9	93	ECO:0000255|PROSITE-ProRule:PRU01126, ECO:0000269|PubMed:11929995	Zn(2+)	ChEBI:CHEBI:29105							binding_site
Q8INK9	96	ECO:0000255|PROSITE-ProRule:PRU01126, ECO:0000269|PubMed:11929995	Zn(2+)	ChEBI:CHEBI:29105							binding_site
Q8INR6	142-145	ECO:0000255|PROSITE-ProRule:PRU00902	S-adenosyl-L-methionine	ChEBI:CHEBI:59789							binding_site
Q8INR6	165-174	ECO:0000255|PROSITE-ProRule:PRU00902	S-adenosyl-L-methionine	ChEBI:CHEBI:59789							binding_site
Q8INR6	192	ECO:0000255|PROSITE-ProRule:PRU00902	S-adenosyl-L-methionine	ChEBI:CHEBI:59789							binding_site
Q8INR6	228-229	ECO:0000255|PROSITE-ProRule:PRU00902	S-adenosyl-L-methionine	ChEBI:CHEBI:59789							binding_site
Q8IPJ3	2514	ECO:0000255|PROSITE-ProRule:PRU01221	Zn(2+)	ChEBI:CHEBI:29105	1						binding_site
Q8IPJ3	2517	ECO:0000255|PROSITE-ProRule:PRU01221	Zn(2+)	ChEBI:CHEBI:29105	1						binding_site
Q8IPJ3	2537	ECO:0000255|PROSITE-ProRule:PRU01221	Zn(2+)	ChEBI:CHEBI:29105	1						binding_site
Q8IPJ3	2540	ECO:0000255|PROSITE-ProRule:PRU01221	Zn(2+)	ChEBI:CHEBI:29105	1						binding_site
Q8IPJ3	2618	ECO:0000255|PROSITE-ProRule:PRU01221	Zn(2+)	ChEBI:CHEBI:29105	2						binding_site
Q8IPJ3	2621	ECO:0000255|PROSITE-ProRule:PRU01221	Zn(2+)	ChEBI:CHEBI:29105	2						binding_site
Q8IPJ3	2636	ECO:0000255|PROSITE-ProRule:PRU01221	Zn(2+)	ChEBI:CHEBI:29105	2						binding_site
Q8IPJ3	2639	ECO:0000255|PROSITE-ProRule:PRU01221	Zn(2+)	ChEBI:CHEBI:29105	2						binding_site
Q8IPJ3	2644	ECO:0000255|PROSITE-ProRule:PRU01221	Zn(2+)	ChEBI:CHEBI:29105	3						binding_site
Q8IPJ3	2647	ECO:0000255|PROSITE-ProRule:PRU01221	Zn(2+)	ChEBI:CHEBI:29105	3						binding_site
Q8IPJ3	2655	ECO:0000255|PROSITE-ProRule:PRU01221	Zn(2+)	ChEBI:CHEBI:29105	3						binding_site
Q8IPJ3	2660	ECO:0000255|PROSITE-ProRule:PRU01221	Zn(2+)	ChEBI:CHEBI:29105	3						binding_site
Q8IPJ3	2690	ECO:0000255|PROSITE-ProRule:PRU01221	Zn(2+)	ChEBI:CHEBI:29105	4						binding_site
Q8IPJ3	2693	ECO:0000255|PROSITE-ProRule:PRU01221	Zn(2+)	ChEBI:CHEBI:29105	4						binding_site
Q8IPJ3	2709	ECO:0000255|PROSITE-ProRule:PRU01221	Zn(2+)	ChEBI:CHEBI:29105	4						binding_site
Q8IPJ3	2712	ECO:0000255|PROSITE-ProRule:PRU01221	Zn(2+)	ChEBI:CHEBI:29105	4						binding_site
Q8IPZ3	228	ECO:0000250|UniProtKB:Q8WWV3	NADPH	ChEBI:CHEBI:57783							binding_site
Q8IPZ3	230	ECO:0000250|UniProtKB:Q8WWV3	NADPH	ChEBI:CHEBI:57783							binding_site
Q8IPZ3	231	ECO:0000250|UniProtKB:Q8WWV3	NADPH	ChEBI:CHEBI:57783							binding_site
Q8IPZ3	251	ECO:0000250|UniProtKB:Q8WWV3	NADPH	ChEBI:CHEBI:57783							binding_site
Q8IPZ3	269	ECO:0000250|UniProtKB:Q8WWV3	NADPH	ChEBI:CHEBI:57783							binding_site
Q8IPZ3	353	ECO:0000250|UniProtKB:Q8WWV3	NADPH	ChEBI:CHEBI:57783							binding_site
Q8IPZ3	355	ECO:0000250|UniProtKB:Q8WWV3	NADPH	ChEBI:CHEBI:57783							binding_site
Q8IPZ3	398	ECO:0000250|UniProtKB:Q8WWV3	NADPH	ChEBI:CHEBI:57783							binding_site
Q8IPZ3	400	ECO:0000250|UniProtKB:Q8WWV3	NADPH	ChEBI:CHEBI:57783							binding_site
Q8IQ05	427-434	ECO:0000255|PROSITE-ProRule:PRU00499	ATP	ChEBI:CHEBI:30616							binding_site
Q8IQ27	765	ECO:0000250|UniProtKB:O75604	Zn(2+)	ChEBI:CHEBI:29105							binding_site
Q8IQ27	768	ECO:0000250|UniProtKB:O75604	Zn(2+)	ChEBI:CHEBI:29105							binding_site
Q8IQ27	814	ECO:0000250|UniProtKB:O75604	Zn(2+)	ChEBI:CHEBI:29105							binding_site
Q8IQ27	817	ECO:0000250|UniProtKB:O75604	Zn(2+)	ChEBI:CHEBI:29105							binding_site
Q8IQF1	123	ECO:0000250|UniProtKB:P69848	GTP	ChEBI:CHEBI:37565							binding_site
Q8IQF1	127	ECO:0000250|UniProtKB:P69848	S-adenosyl-L-methionine	ChEBI:CHEBI:59789							binding_site
Q8IQF1	154	ECO:0000250|UniProtKB:P69848	GTP	ChEBI:CHEBI:37565							binding_site
Q8IQF1	178	ECO:0000250|UniProtKB:P69848	S-adenosyl-L-methionine	ChEBI:CHEBI:59789							binding_site
Q8IQF1	214	ECO:0000250|UniProtKB:P69848	GTP	ChEBI:CHEBI:37565							binding_site
Q8IQF1	248	ECO:0000250|UniProtKB:P69848	S-adenosyl-L-methionine	ChEBI:CHEBI:59789							binding_site
Q8IQF1	311	ECO:0000250|UniProtKB:P69848	[4Fe-4S] cluster;S-adenosyl-L-methionine	ChEBI:CHEBI:49883;ChEBI:CHEBI:59789	2	4Fe-4S-substrate					binding_site
Q8IQF1	314	ECO:0000250|UniProtKB:P69848	[4Fe-4S] cluster	ChEBI:CHEBI:49883	2	4Fe-4S-substrate					binding_site
Q8IQF1	316	ECO:0000250|UniProtKB:P69848	GTP	ChEBI:CHEBI:37565							binding_site
Q8IQF1	318	ECO:0000250|UniProtKB:P69848	GTP	ChEBI:CHEBI:37565							binding_site
Q8IQF1	328	ECO:0000250|UniProtKB:Q9NZB8	[4Fe-4S] cluster	ChEBI:CHEBI:49883	2	4Fe-4S-substrate					binding_site
Q8IQF1	73	ECO:0000250|UniProtKB:P69848	GTP	ChEBI:CHEBI:37565							binding_site
Q8IQF1	80	ECO:0000250|UniProtKB:P69848	[4Fe-4S] cluster	ChEBI:CHEBI:49883	1	4Fe-4S-S-AdoMet					binding_site
Q8IQF1	84	ECO:0000250|UniProtKB:P69848	[4Fe-4S] cluster	ChEBI:CHEBI:49883	1	4Fe-4S-S-AdoMet					binding_site
Q8IQF1	86	ECO:0000250|UniProtKB:P69848	S-adenosyl-L-methionine	ChEBI:CHEBI:59789							binding_site
Q8IQF1	87	ECO:0000250|UniProtKB:P69848	[4Fe-4S] cluster	ChEBI:CHEBI:49883	1	4Fe-4S-S-AdoMet					binding_site
Q8IQG1	209	ECO:0000250|UniProtKB:Q9H8S9	Zn(2+)	ChEBI:CHEBI:29105							binding_site
Q8IQG1	214	ECO:0000250|UniProtKB:Q9H8S9	Zn(2+)	ChEBI:CHEBI:29105							binding_site
Q8IQG1	289	ECO:0000250|UniProtKB:Q9H8S9	Zn(2+)	ChEBI:CHEBI:29105							binding_site
Q8IQG1	294	ECO:0000250|UniProtKB:Q9H8S9	Zn(2+)	ChEBI:CHEBI:29105							binding_site
Q8IQG9	118-121	ECO:0000250|UniProtKB:P00568	AMP	ChEBI:CHEBI:456215							binding_site
Q8IQG9	125	ECO:0000250|UniProtKB:P00568	AMP	ChEBI:CHEBI:456215							binding_site
Q8IQG9	156	ECO:0000250|UniProtKB:P00568	ATP	ChEBI:CHEBI:30616							binding_site
Q8IQG9	164	ECO:0000250|UniProtKB:P00568	AMP	ChEBI:CHEBI:456215							binding_site
Q8IQG9	175	ECO:0000250|UniProtKB:P00568	AMP	ChEBI:CHEBI:456215							binding_site
Q8IQG9	42-47	ECO:0000250|UniProtKB:P00568	ATP	ChEBI:CHEBI:30616							binding_site
Q8IQG9	63	ECO:0000250|UniProtKB:P00568	AMP	ChEBI:CHEBI:456215							binding_site
Q8IQG9	68	ECO:0000250|UniProtKB:P00568	AMP	ChEBI:CHEBI:456215							binding_site
Q8IR79	407-415	ECO:0000255|PROSITE-ProRule:PRU00159	ATP	ChEBI:CHEBI:30616							binding_site
Q8IR79	430	ECO:0000255|PROSITE-ProRule:PRU00159	ATP	ChEBI:CHEBI:30616							binding_site
Q8IRE4	240	ECO:0000255|HAMAP-Rule:MF_03152	S-adenosyl-L-methionine	ChEBI:CHEBI:59789							binding_site
Q8IRE4	278-279	ECO:0000255|HAMAP-Rule:MF_03152	S-adenosyl-L-methionine	ChEBI:CHEBI:59789							binding_site
Q8IRE4	306-307	ECO:0000255|HAMAP-Rule:MF_03152	S-adenosyl-L-methionine	ChEBI:CHEBI:59789							binding_site
Q8IRE4	338	ECO:0000255|HAMAP-Rule:MF_03152	S-adenosyl-L-methionine	ChEBI:CHEBI:59789							binding_site
Q8IRH5	19	ECO:0000255|PROSITE-ProRule:PRU01263	Zn(2+)	ChEBI:CHEBI:29105							binding_site
Q8IRH5	22	ECO:0000255|PROSITE-ProRule:PRU01263	Zn(2+)	ChEBI:CHEBI:29105							binding_site
Q8IRH5	64	ECO:0000255|PROSITE-ProRule:PRU01263	Zn(2+)	ChEBI:CHEBI:29105							binding_site
Q8IRH5	67	ECO:0000255|PROSITE-ProRule:PRU01263	Zn(2+)	ChEBI:CHEBI:29105							binding_site
Q8IRI6	162	ECO:0000250|UniProtKB:P11169	D-glucose	ChEBI:CHEBI:4167							binding_site
Q8IRI6	283-284	ECO:0000250|UniProtKB:P11169	D-glucose	ChEBI:CHEBI:4167							binding_site
Q8IRI6	289	ECO:0000250|UniProtKB:P11169	D-glucose	ChEBI:CHEBI:4167							binding_site
Q8IRI6	391	ECO:0000250|UniProtKB:P11169	D-glucose	ChEBI:CHEBI:4167							binding_site
Q8IRR5	134-137	ECO:0000255|HAMAP-Rule:MF_03161	NAD(+)	ChEBI:CHEBI:57540							binding_site
Q8IRR5	160	ECO:0000255|HAMAP-Rule:MF_03161	Zn(2+)	ChEBI:CHEBI:29105							binding_site
Q8IRR5	163	ECO:0000255|HAMAP-Rule:MF_03161	Zn(2+)	ChEBI:CHEBI:29105							binding_site
Q8IRR5	211	ECO:0000255|HAMAP-Rule:MF_03161	Zn(2+)	ChEBI:CHEBI:29105							binding_site
Q8IRR5	214	ECO:0000255|HAMAP-Rule:MF_03161	Zn(2+)	ChEBI:CHEBI:29105							binding_site
Q8IRR5	251-253	ECO:0000255|HAMAP-Rule:MF_03161	NAD(+)	ChEBI:CHEBI:57540							binding_site
Q8IRR5	277-279	ECO:0000255|HAMAP-Rule:MF_03161	NAD(+)	ChEBI:CHEBI:57540							binding_site
Q8IRR5	295	ECO:0000255|HAMAP-Rule:MF_03161	NAD(+)	ChEBI:CHEBI:57540							binding_site
Q8IRR5	53-73	ECO:0000255|HAMAP-Rule:MF_03161	NAD(+)	ChEBI:CHEBI:57540							binding_site
Q8IRU4	324-328	ECO:0000250	3',5'-cyclic AMP	ChEBI:CHEBI:58165							binding_site
Q8IRU4	328	ECO:0000250	a divalent metal cation	ChEBI:CHEBI:60240	1						binding_site
Q8IRU4	364	ECO:0000250	a divalent metal cation	ChEBI:CHEBI:60240	1						binding_site
Q8IRU4	365	ECO:0000250	3',5'-cyclic AMP;a divalent metal cation	ChEBI:CHEBI:58165;ChEBI:CHEBI:60240	1;2						binding_site
Q8IRU4	482	ECO:0000250	3',5'-cyclic AMP;a divalent metal cation	ChEBI:CHEBI:58165;ChEBI:CHEBI:60240	1						binding_site
Q8IRU4	533	ECO:0000250	3',5'-cyclic AMP	ChEBI:CHEBI:58165							binding_site
Q8MKN0	248-251	ECO:0000250|UniProtKB:O75208	a 1,2-diacylglycero-3-phosphoethanolamine	ChEBI:CHEBI:57613							binding_site
Q8MPP3	257	ECO:0000255|PROSITE-ProRule:PRU10095	Zn(2+)	ChEBI:CHEBI:29105		catalytic					binding_site
Q8MPP3	261	ECO:0000255|PROSITE-ProRule:PRU10095	Zn(2+)	ChEBI:CHEBI:29105		catalytic					binding_site
Q8MPP3	267	ECO:0000255|PROSITE-ProRule:PRU10095	Zn(2+)	ChEBI:CHEBI:29105		catalytic					binding_site
Q8MQI6	26	ECO:0000250|UniProtKB:P60003	Zn(2+)	ChEBI:CHEBI:29105							binding_site
Q8MQI6	29	ECO:0000250|UniProtKB:P60003	Zn(2+)	ChEBI:CHEBI:29105							binding_site
Q8MQI6	50	ECO:0000250|UniProtKB:P60003	Zn(2+)	ChEBI:CHEBI:29105							binding_site
Q8MQI6	53	ECO:0000250|UniProtKB:P60003	Zn(2+)	ChEBI:CHEBI:29105							binding_site
Q8MQJ9	179	ECO:0000255|PROSITE-ProRule:PRU00024	Zn(2+)	ChEBI:CHEBI:29105	1						binding_site
Q8MQJ9	182	ECO:0000255|PROSITE-ProRule:PRU00024	Zn(2+)	ChEBI:CHEBI:29105	1						binding_site
Q8MQJ9	204	ECO:0000255|PROSITE-ProRule:PRU00024	Zn(2+)	ChEBI:CHEBI:29105	1						binding_site
Q8MQJ9	208	ECO:0000255|PROSITE-ProRule:PRU00024	Zn(2+)	ChEBI:CHEBI:29105	1						binding_site
Q8MQJ9	328	ECO:0000255|PROSITE-ProRule:PRU00024	Zn(2+)	ChEBI:CHEBI:29105	2						binding_site
Q8MQJ9	331	ECO:0000255|PROSITE-ProRule:PRU00024	Zn(2+)	ChEBI:CHEBI:29105	2						binding_site
Q8MQJ9	351	ECO:0000255|PROSITE-ProRule:PRU00024	Zn(2+)	ChEBI:CHEBI:29105	2						binding_site
Q8MQJ9	356	ECO:0000255|PROSITE-ProRule:PRU00024	Zn(2+)	ChEBI:CHEBI:29105	2						binding_site
Q8MR45	271-274	ECO:0000250	substrate								binding_site
Q8MR45	294-297	ECO:0000250	substrate								binding_site
Q8MRC9	216	ECO:0000269|PubMed:30158631, ECO:0000312|PDB:6E4Q	substrate								binding_site
Q8MRC9	249	ECO:0000269|PubMed:30158631, ECO:0000312|PDB:6E4Q	substrate								binding_site
Q8MRC9	278	ECO:0000269|PubMed:30158631, ECO:0000312|PDB:6E4Q	substrate								binding_site
Q8MRC9	301	ECO:0000269|PubMed:30158631, ECO:0000312|PDB:6E4Q	Mn(2+)	ChEBI:CHEBI:29035							binding_site
Q8MRC9	302	ECO:0000269|PubMed:30158631, ECO:0000312|PDB:6E4Q	substrate								binding_site
Q8MRC9	303	ECO:0000269|PubMed:30158631, ECO:0000312|PDB:6E4Q	Mn(2+);substrate	ChEBI:CHEBI:29035							binding_site
Q8MRC9	437	ECO:0000269|PubMed:30158631, ECO:0000312|PDB:6E4Q	Mn(2+)	ChEBI:CHEBI:29035							binding_site
Q8MRC9	440	ECO:0000269|PubMed:30158631, ECO:0000312|PDB:6E4Q	substrate								binding_site
Q8MRC9	445	ECO:0000269|PubMed:30158631, ECO:0000312|PDB:6E4Q	substrate								binding_site
Q8MSU3	409	ECO:0000250|UniProtKB:Q53TN4	heme b	ChEBI:CHEBI:60344	1		Fe	ChEBI:CHEBI:18248		axial binding residue	binding_site
Q8MSU3	450	ECO:0000250|UniProtKB:Q53TN4	heme b	ChEBI:CHEBI:60344	2		Fe	ChEBI:CHEBI:18248		axial binding residue	binding_site
Q8MSU3	480	ECO:0000250|UniProtKB:Q53TN4	heme b	ChEBI:CHEBI:60344	1		Fe	ChEBI:CHEBI:18248		axial binding residue	binding_site
Q8MSU3	516	ECO:0000250|UniProtKB:Q53TN4	heme b	ChEBI:CHEBI:60344	2		Fe	ChEBI:CHEBI:18248		axial binding residue	binding_site
Q8MSW4	108-109	ECO:0000250|UniProtKB:Q9NRN9	S-adenosyl-L-methionine	ChEBI:CHEBI:59789							binding_site
Q8MSW4	28	ECO:0000250|UniProtKB:Q9NRN9	S-adenosyl-L-methionine	ChEBI:CHEBI:59789							binding_site
Q8MSW4	31	ECO:0000250|UniProtKB:Q9NRN9	S-adenosyl-L-methionine	ChEBI:CHEBI:59789							binding_site
Q8MSW4	59	ECO:0000250|UniProtKB:Q9NRN9	S-adenosyl-L-methionine	ChEBI:CHEBI:59789							binding_site
Q8MSW4	62	ECO:0000250|UniProtKB:Q9NRN9	S-adenosyl-L-methionine	ChEBI:CHEBI:59789							binding_site
Q8MT06	189-192	ECO:0000255	GTP	ChEBI:CHEBI:37565							binding_site
Q8MT06	274-281	ECO:0000255	GTP	ChEBI:CHEBI:37565							binding_site
Q8MT06	318-321	ECO:0000255	GTP	ChEBI:CHEBI:37565							binding_site
Q8MV48	182	ECO:0000250	substrate								binding_site
Q8MV48	212	ECO:0000250	substrate								binding_site
Q8MV48	235	ECO:0000250	Mn(2+)	ChEBI:CHEBI:29035							binding_site
Q8MV48	237	ECO:0000250	Mn(2+)	ChEBI:CHEBI:29035							binding_site
Q8MV48	344	ECO:0000250	substrate								binding_site
Q8MV48	372	ECO:0000250	Mn(2+)	ChEBI:CHEBI:29035							binding_site
Q8MV48	375	ECO:0000250	substrate								binding_site
Q8MV48	380	ECO:0000250	substrate								binding_site
Q8MVS5	188	ECO:0000250	substrate								binding_site
Q8MVS5	220	ECO:0000250	substrate								binding_site
Q8MVS5	243	ECO:0000250	Mn(2+)	ChEBI:CHEBI:29035							binding_site
Q8MVS5	244	ECO:0000250	substrate								binding_site
Q8MVS5	245	ECO:0000250	Mn(2+)	ChEBI:CHEBI:29035							binding_site
Q8MVS5	348	ECO:0000250	substrate								binding_site
Q8MVS5	376	ECO:0000250	Mn(2+)	ChEBI:CHEBI:29035							binding_site
Q8MVS5	379	ECO:0000250	substrate								binding_site
Q8MVS5	384	ECO:0000250	substrate								binding_site
Q8MYY6	150	ECO:0000250	substrate								binding_site
Q8MYY6	186	ECO:0000250	substrate								binding_site
Q8MYY6	209	ECO:0000250	Mn(2+)	ChEBI:CHEBI:29035							binding_site
Q8MYY6	210	ECO:0000250	substrate								binding_site
Q8MYY6	211	ECO:0000250	Mn(2+)	ChEBI:CHEBI:29035							binding_site
Q8MYY6	312	ECO:0000250	substrate								binding_site
Q8MYY6	340	ECO:0000250	Mn(2+)	ChEBI:CHEBI:29035							binding_site
Q8MYY6	343	ECO:0000250	substrate								binding_site
Q8MYY6	346	ECO:0000250	substrate								binding_site
Q8SWU7	229	ECO:0000255|HAMAP-Rule:MF_03167	ATP	ChEBI:CHEBI:30616							binding_site
Q8SWU7	31-36	ECO:0000255|HAMAP-Rule:MF_03167	ATP	ChEBI:CHEBI:30616							binding_site
Q8SWU7	35	ECO:0000250	Mg(2+)	ChEBI:CHEBI:18420							binding_site
Q8SWU7	55	ECO:0000250	Mg(2+)	ChEBI:CHEBI:18420							binding_site
Q8SWV6	247	ECO:0000250|UniProtKB:Q9BVA6	ATP	ChEBI:CHEBI:30616							binding_site
Q8SWV6	328-331	ECO:0000250|UniProtKB:Q9BVA6	ATP	ChEBI:CHEBI:30616							binding_site
Q8SWV6	379-386	ECO:0000250|UniProtKB:Q9BVA6	ATP	ChEBI:CHEBI:30616							binding_site
Q8SWV6	411-412	ECO:0000250|UniProtKB:Q9BVA6	ATP	ChEBI:CHEBI:30616							binding_site
Q8SWV6	419	ECO:0000250|UniProtKB:Q9BVA6	ATP	ChEBI:CHEBI:30616							binding_site
Q8SWX0	10	ECO:0000255|PROSITE-ProRule:PRU01141	Zn(2+)	ChEBI:CHEBI:29105	1						binding_site
Q8SWX0	20	ECO:0000255|PROSITE-ProRule:PRU01141	Zn(2+)	ChEBI:CHEBI:29105	1						binding_site
Q8SWX0	24	ECO:0000255|PROSITE-ProRule:PRU01141	Zn(2+)	ChEBI:CHEBI:29105	1						binding_site
Q8SWX0	37	ECO:0000255|PROSITE-ProRule:PRU01141	Zn(2+)	ChEBI:CHEBI:29105	2						binding_site
Q8SWX0	4	ECO:0000255|PROSITE-ProRule:PRU01141	Zn(2+)	ChEBI:CHEBI:29105	1						binding_site
Q8SWX0	43	ECO:0000255|PROSITE-ProRule:PRU01141	Zn(2+)	ChEBI:CHEBI:29105	2						binding_site
Q8SWX0	53	ECO:0000255|PROSITE-ProRule:PRU01141	Zn(2+)	ChEBI:CHEBI:29105	2						binding_site
Q8SWX0	57	ECO:0000255|PROSITE-ProRule:PRU01141	Zn(2+)	ChEBI:CHEBI:29105	2						binding_site
Q8SX37	50	ECO:0000250|UniProtKB:P9WPG7	Mg(2+)	ChEBI:CHEBI:18420	1;2						binding_site
Q8SX37	53	ECO:0000250|UniProtKB:P9WPG7	Mg(2+)	ChEBI:CHEBI:18420	1						binding_site
Q8SX37	54	ECO:0000250|UniProtKB:P9WPG7	a CDP-1,2-diacyl-sn-glycerol	ChEBI:CHEBI:58332							binding_site
Q8SX37	58	ECO:0000250|UniProtKB:P9WPG7	a CDP-1,2-diacyl-sn-glycerol	ChEBI:CHEBI:58332							binding_site
Q8SX37	64	ECO:0000250|UniProtKB:P9WPG7	a CDP-1,2-diacyl-sn-glycerol	ChEBI:CHEBI:58332							binding_site
Q8SX37	71	ECO:0000250|UniProtKB:P9WPG7	Mg(2+)	ChEBI:CHEBI:18420	1;2						binding_site
Q8SX37	75	ECO:0000250|UniProtKB:P9WPG7	Mg(2+)	ChEBI:CHEBI:18420	2						binding_site
Q8SXU3	256	ECO:0000250|UniProtKB:Q96IJ6	GDP-alpha-D-mannose	ChEBI:CHEBI:57527							binding_site
Q8SXU3	87	ECO:0000250|UniProtKB:Q96IJ6	GDP-alpha-D-mannose	ChEBI:CHEBI:57527							binding_site
Q8SY96	219	ECO:0000250|UniProtKB:Q9UMS0	[4Fe-4S] cluster	ChEBI:CHEBI:49883		ligand shared between dimeric partners					binding_site
Q8SY96	222	ECO:0000250|UniProtKB:Q9UMS0	[4Fe-4S] cluster	ChEBI:CHEBI:49883		ligand shared between dimeric partners					binding_site
Q8SYS7	187	ECO:0000255	[4Fe-4S] cluster	ChEBI:CHEBI:49883	2						binding_site
Q8SYS7	23	ECO:0000255	[4Fe-4S] cluster	ChEBI:CHEBI:49883	1						binding_site
Q8SYS7	243	ECO:0000255	[4Fe-4S] cluster	ChEBI:CHEBI:49883	2						binding_site
Q8SYS7	395	ECO:0000255	[4Fe-4S] cluster	ChEBI:CHEBI:49883	2						binding_site
Q8SYS7	399	ECO:0000255	[4Fe-4S] cluster	ChEBI:CHEBI:49883	2						binding_site
Q8SYS7	68	ECO:0000255	[4Fe-4S] cluster	ChEBI:CHEBI:49883	1						binding_site
Q8SYS7	71	ECO:0000255	[4Fe-4S] cluster	ChEBI:CHEBI:49883	1						binding_site
Q8SYS7	74	ECO:0000255	[4Fe-4S] cluster	ChEBI:CHEBI:49883	1						binding_site
Q8SZA8	127	ECO:0000255|PROSITE-ProRule:PRU00465	[2Fe-2S] cluster	ChEBI:CHEBI:190135							binding_site
Q8SZA8	80	ECO:0000255|PROSITE-ProRule:PRU00465	[2Fe-2S] cluster	ChEBI:CHEBI:190135							binding_site
Q8SZA8	86	ECO:0000255|PROSITE-ProRule:PRU00465	[2Fe-2S] cluster	ChEBI:CHEBI:190135							binding_site
Q8SZA8	89	ECO:0000255|PROSITE-ProRule:PRU00465	[2Fe-2S] cluster	ChEBI:CHEBI:190135							binding_site
Q8T045	229-233	ECO:0000269|PubMed:27428513, ECO:0007744|PDB:5F84, ECO:0007744|PDB:5F85, ECO:0007744|PDB:5F87	UDP-alpha-D-glucose	ChEBI:CHEBI:58885							binding_site
Q8T045	237	ECO:0000269|PubMed:27428513, ECO:0007744|PDB:5F84, ECO:0007744|PDB:5F85, ECO:0007744|PDB:5F87	UDP-alpha-D-glucose	ChEBI:CHEBI:58885							binding_site
Q8T045	276-278	ECO:0000269|PubMed:27428513, ECO:0007744|PDB:5F84, ECO:0007744|PDB:5F85, ECO:0007744|PDB:5F87	UDP-alpha-D-glucose	ChEBI:CHEBI:58885							binding_site
Q8T045	294-298	ECO:0000269|PubMed:27428513, ECO:0007744|PDB:5F84, ECO:0007744|PDB:5F85, ECO:0007744|PDB:5F87	UDP-alpha-D-glucose	ChEBI:CHEBI:58885							binding_site
Q8T053	12	ECO:0000255|PROSITE-ProRule:PRU01263	Zn(2+)	ChEBI:CHEBI:29105							binding_site
Q8T053	61	ECO:0000255|PROSITE-ProRule:PRU01263	Zn(2+)	ChEBI:CHEBI:29105							binding_site
Q8T053	64	ECO:0000255|PROSITE-ProRule:PRU01263	Zn(2+)	ChEBI:CHEBI:29105							binding_site
Q8T053	9	ECO:0000255|PROSITE-ProRule:PRU01263	Zn(2+)	ChEBI:CHEBI:29105							binding_site
Q8T062	872	ECO:0000255|PROSITE-ProRule:PRU01233, ECO:0000255|PROSITE-ProRule:PRU10095	Zn(2+)	ChEBI:CHEBI:29105		catalytic					binding_site
Q8T062	876	ECO:0000255|PROSITE-ProRule:PRU01233, ECO:0000255|PROSITE-ProRule:PRU10095	Zn(2+)	ChEBI:CHEBI:29105		catalytic					binding_site
Q8T062	934	ECO:0000255|PROSITE-ProRule:PRU01233	Zn(2+)	ChEBI:CHEBI:29105		catalytic					binding_site
Q8T079	319-333	ECO:0000250|UniProtKB:Q49A26	NAD(+)	ChEBI:CHEBI:57540							binding_site
Q8T079	411	ECO:0000250|UniProtKB:Q49A26	NAD(+)	ChEBI:CHEBI:57540							binding_site
Q8T079	554	ECO:0000250|UniProtKB:Q49A26	NAD(+)	ChEBI:CHEBI:57540							binding_site
Q8T0S6	48-56	ECO:0000255|PROSITE-ProRule:PRU00159	ATP	ChEBI:CHEBI:30616							binding_site
Q8T0S6	71	ECO:0000255|PROSITE-ProRule:PRU00159	ATP	ChEBI:CHEBI:30616							binding_site
Q8T3X9	122	ECO:0000250|UniProtKB:P0AAC8	Fe cation	ChEBI:CHEBI:24875							binding_site
Q8T3X9	124	ECO:0000250|UniProtKB:P0AAC8	Fe cation	ChEBI:CHEBI:24875							binding_site
Q8T3X9	58	ECO:0000250|UniProtKB:P0AAC8	Fe cation	ChEBI:CHEBI:24875							binding_site
Q8T3Y0	163	ECO:0000250	Zn(2+)	ChEBI:CHEBI:29105	1						binding_site
Q8T3Y0	170	ECO:0000250	Zn(2+)	ChEBI:CHEBI:29105	1						binding_site
Q8T3Y0	182	ECO:0000250	Zn(2+)	ChEBI:CHEBI:29105	1						binding_site
Q8T3Y0	186	ECO:0000250	Zn(2+)	ChEBI:CHEBI:29105	1						binding_site
Q8T3Y0	193	ECO:0000250	Zn(2+)	ChEBI:CHEBI:29105	2						binding_site
Q8T3Y0	200	ECO:0000250	Zn(2+)	ChEBI:CHEBI:29105	2						binding_site
Q8T3Y0	212	ECO:0000250	Zn(2+)	ChEBI:CHEBI:29105	2						binding_site
Q8T3Y0	217	ECO:0000250	Zn(2+)	ChEBI:CHEBI:29105	2						binding_site
Q8T913	311	ECO:0000255|PROSITE-ProRule:PRU00623, ECO:0000269|PubMed:20154706, ECO:0007744|PDB:3K1L	Zn(2+)	ChEBI:CHEBI:29105	1						binding_site
Q8T913	314	ECO:0000255|PROSITE-ProRule:PRU00623, ECO:0000269|PubMed:20154706, ECO:0007744|PDB:3K1L	Zn(2+)	ChEBI:CHEBI:29105	1						binding_site
Q8T913	329	ECO:0000269|PubMed:20154706, ECO:0007744|PDB:3K1L	Zn(2+)	ChEBI:CHEBI:29105	2						binding_site
Q8T913	334	ECO:0000269|PubMed:20154706, ECO:0007744|PDB:3K1L	Zn(2+)	ChEBI:CHEBI:29105	2						binding_site
Q8T913	339	ECO:0000255|PROSITE-ProRule:PRU00623, ECO:0000269|PubMed:20154706, ECO:0007744|PDB:3K1L	Zn(2+)	ChEBI:CHEBI:29105	1						binding_site
Q8T913	342	ECO:0000255|PROSITE-ProRule:PRU00623, ECO:0000269|PubMed:20154706, ECO:0007744|PDB:3K1L	Zn(2+)	ChEBI:CHEBI:29105	1						binding_site
Q8T913	364	ECO:0000269|PubMed:20154706, ECO:0007744|PDB:3K1L	Zn(2+)	ChEBI:CHEBI:29105	2						binding_site
Q8T913	367	ECO:0000269|PubMed:20154706, ECO:0007744|PDB:3K1L	Zn(2+)	ChEBI:CHEBI:29105	2						binding_site
Q94511	102	ECO:0000250	[2Fe-2S] cluster	ChEBI:CHEBI:190135							binding_site
Q94511	134	ECO:0000255|PROSITE-ProRule:PRU01184	[4Fe-4S] cluster	ChEBI:CHEBI:49883	1						binding_site
Q94511	138	ECO:0000255|PROSITE-ProRule:PRU01184	[4Fe-4S] cluster	ChEBI:CHEBI:49883	1						binding_site
Q94511	141	ECO:0000255|PROSITE-ProRule:PRU01184	[4Fe-4S] cluster	ChEBI:CHEBI:49883	1						binding_site
Q94511	147	ECO:0000255|PROSITE-ProRule:PRU01184	[4Fe-4S] cluster	ChEBI:CHEBI:49883	1						binding_site
Q94511	190	ECO:0000250	[4Fe-4S] cluster	ChEBI:CHEBI:49883	2						binding_site
Q94511	193	ECO:0000250	[4Fe-4S] cluster	ChEBI:CHEBI:49883	2						binding_site
Q94511	196	ECO:0000250	[4Fe-4S] cluster	ChEBI:CHEBI:49883	2						binding_site
Q94511	240	ECO:0000250	[4Fe-4S] cluster	ChEBI:CHEBI:49883	2						binding_site
Q94511	74	ECO:0000250	[2Fe-2S] cluster	ChEBI:CHEBI:190135							binding_site
Q94511	85	ECO:0000250	[2Fe-2S] cluster	ChEBI:CHEBI:190135							binding_site
Q94511	88	ECO:0000250	[2Fe-2S] cluster	ChEBI:CHEBI:190135							binding_site
Q94521	181-183	ECO:0000269|PubMed:22716280, ECO:0007744|PDB:3TE4	acetyl-CoA	ChEBI:CHEBI:57288							binding_site
Q94521	189-193	ECO:0000269|PubMed:22716280, ECO:0007744|PDB:3TE4	acetyl-CoA	ChEBI:CHEBI:57288							binding_site
Q94522	125-127	ECO:0000255|HAMAP-Rule:MF_03222	CoA	ChEBI:CHEBI:57287							binding_site
Q94522	189	ECO:0000255|HAMAP-Rule:MF_03222	substrate			ligand shared with subunit beta					binding_site
Q94522	46-49	ECO:0000255|HAMAP-Rule:MF_03222	CoA	ChEBI:CHEBI:57287							binding_site
Q94522	72	ECO:0000255|HAMAP-Rule:MF_03222	CoA	ChEBI:CHEBI:57287							binding_site
Q94523	272	ECO:0000250|UniProtKB:Q9YHT1	FAD	ChEBI:CHEBI:57692							binding_site
Q94523	293	ECO:0000250|UniProtKB:Q9YHT1	substrate								binding_site
Q94523	305	ECO:0000250|UniProtKB:Q9YHT1	substrate								binding_site
Q94523	404	ECO:0000250|UniProtKB:Q9YHT1	substrate								binding_site
Q94523	438	ECO:0000250|UniProtKB:Q9YHT1	FAD	ChEBI:CHEBI:57692							binding_site
Q94523	449	ECO:0000250|UniProtKB:Q9YHT1	substrate								binding_site
Q94523	454-455	ECO:0000250|UniProtKB:Q9YHT1	FAD	ChEBI:CHEBI:57692							binding_site
Q94523	65-70	ECO:0000250|UniProtKB:Q9YHT1	FAD	ChEBI:CHEBI:57692							binding_site
Q94523	88-103	ECO:0000250|UniProtKB:Q9YHT1	FAD	ChEBI:CHEBI:57692							binding_site
Q94529	15	ECO:0000250	Mg(2+)	ChEBI:CHEBI:18420							binding_site
Q94529	17	ECO:0000250	Mg(2+)	ChEBI:CHEBI:18420							binding_site
Q94545	37	ECO:0000255|PROSITE-ProRule:PRU00146	Zn(2+)	ChEBI:CHEBI:29105	1						binding_site
Q94545	39	ECO:0000255|PROSITE-ProRule:PRU00146	Zn(2+)	ChEBI:CHEBI:29105	1						binding_site
Q94545	52	ECO:0000255|PROSITE-ProRule:PRU00146	Zn(2+)	ChEBI:CHEBI:29105	2						binding_site
Q94545	55	ECO:0000255|PROSITE-ProRule:PRU00146	Zn(2+)	ChEBI:CHEBI:29105	2						binding_site
Q94545	60	ECO:0000255|PROSITE-ProRule:PRU00146	Zn(2+)	ChEBI:CHEBI:29105	1						binding_site
Q94545	63	ECO:0000255|PROSITE-ProRule:PRU00146	Zn(2+)	ChEBI:CHEBI:29105	1						binding_site
Q94545	84	ECO:0000255|PROSITE-ProRule:PRU00146	Zn(2+)	ChEBI:CHEBI:29105	2						binding_site
Q94545	87	ECO:0000255|PROSITE-ProRule:PRU00146	Zn(2+)	ChEBI:CHEBI:29105	2						binding_site
Q94900	154	ECO:0000250|UniProtKB:G5EBR3	L-glutamate	ChEBI:CHEBI:29985							binding_site
Q94900	183	ECO:0000250|UniProtKB:G5EBR3	L-glutamate	ChEBI:CHEBI:29985							binding_site
Q94900	71	ECO:0000250|UniProtKB:G5EBR3	L-glutamate	ChEBI:CHEBI:29985							binding_site
Q94900	90	ECO:0000250|UniProtKB:G5EBR3	L-glutamate	ChEBI:CHEBI:29985							binding_site
Q94920	11	ECO:0000250|UniProtKB:Q60932	ATP	ChEBI:CHEBI:30616							binding_site
Q94920	19	ECO:0000250|UniProtKB:Q60932	ATP	ChEBI:CHEBI:30616							binding_site
Q94920	242	ECO:0000250|UniProtKB:P21796	NADH	ChEBI:CHEBI:57945							binding_site
Q94920	243	ECO:0000250|UniProtKB:P21796	NADH	ChEBI:CHEBI:57945							binding_site
Q94920	263	ECO:0000250|UniProtKB:P21796	NADH	ChEBI:CHEBI:57945							binding_site
Q94981	133	ECO:0000255|PROSITE-ProRule:PRU01221	Zn(2+)	ChEBI:CHEBI:29105	1						binding_site
Q94981	136	ECO:0000255|PROSITE-ProRule:PRU01221	Zn(2+)	ChEBI:CHEBI:29105	1						binding_site
Q94981	150	ECO:0000255|PROSITE-ProRule:PRU01221	Zn(2+)	ChEBI:CHEBI:29105	2						binding_site
Q94981	152	ECO:0000255|PROSITE-ProRule:PRU01221	Zn(2+)	ChEBI:CHEBI:29105	2						binding_site
Q94981	155	ECO:0000255|PROSITE-ProRule:PRU01221	Zn(2+)	ChEBI:CHEBI:29105	1						binding_site
Q94981	158	ECO:0000255|PROSITE-ProRule:PRU01221	Zn(2+)	ChEBI:CHEBI:29105	1						binding_site
Q94981	178	ECO:0000255|PROSITE-ProRule:PRU01221	Zn(2+)	ChEBI:CHEBI:29105	2						binding_site
Q94981	183	ECO:0000255|PROSITE-ProRule:PRU01221	Zn(2+)	ChEBI:CHEBI:29105	2						binding_site
Q94981	223	ECO:0000255|PROSITE-ProRule:PRU01221	Zn(2+)	ChEBI:CHEBI:29105	3						binding_site
Q94981	228	ECO:0000255|PROSITE-ProRule:PRU01221	Zn(2+)	ChEBI:CHEBI:29105	3						binding_site
Q94981	244	ECO:0000255|PROSITE-ProRule:PRU01221	Zn(2+)	ChEBI:CHEBI:29105	3						binding_site
Q94981	246	ECO:0000255|PROSITE-ProRule:PRU01221	Zn(2+)	ChEBI:CHEBI:29105	3						binding_site
Q94981	251	ECO:0000255|PROSITE-ProRule:PRU01221	Zn(2+)	ChEBI:CHEBI:29105	4						binding_site
Q94981	254	ECO:0000255|PROSITE-ProRule:PRU01221	Zn(2+)	ChEBI:CHEBI:29105	4						binding_site
Q94981	259	ECO:0000255|PROSITE-ProRule:PRU01221	Zn(2+)	ChEBI:CHEBI:29105	4						binding_site
Q94981	264	ECO:0000255|PROSITE-ProRule:PRU01221	Zn(2+)	ChEBI:CHEBI:29105	4						binding_site
Q94981	291	ECO:0000255|PROSITE-ProRule:PRU01221	Zn(2+)	ChEBI:CHEBI:29105	5						binding_site
Q94981	294	ECO:0000255|PROSITE-ProRule:PRU01221	Zn(2+)	ChEBI:CHEBI:29105	5						binding_site
Q94981	309	ECO:0000255|PROSITE-ProRule:PRU01221	Zn(2+)	ChEBI:CHEBI:29105	5						binding_site
Q94981	314	ECO:0000255|PROSITE-ProRule:PRU01221	Zn(2+)	ChEBI:CHEBI:29105	5						binding_site
Q94981	319	ECO:0000255|PROSITE-ProRule:PRU01221	Zn(2+)	ChEBI:CHEBI:29105	6						binding_site
Q94981	322	ECO:0000255|PROSITE-ProRule:PRU01221	Zn(2+)	ChEBI:CHEBI:29105	6						binding_site
Q94981	329	ECO:0000255|PROSITE-ProRule:PRU01221	Zn(2+)	ChEBI:CHEBI:29105	6						binding_site
Q94981	336	ECO:0000255|PROSITE-ProRule:PRU01221	Zn(2+)	ChEBI:CHEBI:29105	6						binding_site
Q95028	106	ECO:0000250	substrate								binding_site
Q95028	138	ECO:0000250	NAD(+);substrate	ChEBI:CHEBI:57540							binding_site
Q95028	169	ECO:0000250	substrate								binding_site
Q95028	248	ECO:0000250	substrate								binding_site
Q95028	29-57	ECO:0000250	NAD(+)	ChEBI:CHEBI:57540							binding_site
Q95028	99	ECO:0000250	NAD(+)	ChEBI:CHEBI:57540							binding_site
Q95078	466	ECO:0000250	heme	ChEBI:CHEBI:30413			Fe	ChEBI:CHEBI:18248		axial binding residue	binding_site
Q95RA8	161	ECO:0000250|UniProtKB:Q9H8S9	Zn(2+)	ChEBI:CHEBI:29105							binding_site
Q95RA8	166	ECO:0000250|UniProtKB:Q9H8S9	Zn(2+)	ChEBI:CHEBI:29105							binding_site
Q95RA8	79	ECO:0000250|UniProtKB:Q9H8S9	Zn(2+)	ChEBI:CHEBI:29105							binding_site
Q95RA8	84	ECO:0000250|UniProtKB:Q9H8S9	Zn(2+)	ChEBI:CHEBI:29105							binding_site
Q95RQ4	183	ECO:0000250|UniProtKB:Q8IV48	Mg(2+)	ChEBI:CHEBI:18420	2						binding_site
Q95RQ4	240	ECO:0000250|UniProtKB:Q8IV48	AMP	ChEBI:CHEBI:456215							binding_site
Q95RQ4	245	ECO:0000250|UniProtKB:Q8IV48	Mg(2+)	ChEBI:CHEBI:18420	1						binding_site
Q95RQ4	69	ECO:0000250|UniProtKB:Q8IV48	Mg(2+)	ChEBI:CHEBI:18420	1;2						binding_site
Q95RQ4	71	ECO:0000250|UniProtKB:Q8IV48	AMP;Mg(2+)	ChEBI:CHEBI:456215;ChEBI:CHEBI:18420	1						binding_site
Q95RQ4	72	ECO:0000250|UniProtKB:Q8IV48	AMP	ChEBI:CHEBI:456215							binding_site
Q95RQ8	18	ECO:0000255|PROSITE-ProRule:PRU01263, ECO:0000269|PubMed:35580610, ECO:0007744|PDB:7POK	Zn(2+)	ChEBI:CHEBI:29105							binding_site
Q95RQ8	21	ECO:0000255|PROSITE-ProRule:PRU01263, ECO:0000269|PubMed:35580610, ECO:0007744|PDB:7POK	Zn(2+)	ChEBI:CHEBI:29105							binding_site
Q95RQ8	66	ECO:0000255|PROSITE-ProRule:PRU01263, ECO:0000269|PubMed:35580610, ECO:0007744|PDB:7POK	Zn(2+)	ChEBI:CHEBI:29105							binding_site
Q95RQ8	69	ECO:0000255|PROSITE-ProRule:PRU01263, ECO:0000269|PubMed:35580610, ECO:0007744|PDB:7POK	Zn(2+)	ChEBI:CHEBI:29105							binding_site
Q95RR8	423	ECO:0000255|HAMAP-Rule:MF_03181, ECO:0000269|PubMed:23932717	ATP	ChEBI:CHEBI:30616							binding_site
Q95RR8	472-479	ECO:0000255|HAMAP-Rule:MF_03181, ECO:0000269|PubMed:23932717	ATP	ChEBI:CHEBI:30616							binding_site
Q95RR8	552-553	ECO:0000255|HAMAP-Rule:MF_03181	ATP	ChEBI:CHEBI:30616							binding_site
Q95RX5	12	ECO:0000255|PROSITE-ProRule:PRU00228	Zn(2+)	ChEBI:CHEBI:29105	1						binding_site
Q95RX5	24	ECO:0000255|PROSITE-ProRule:PRU00228	Zn(2+)	ChEBI:CHEBI:29105	2						binding_site
Q95RX5	27	ECO:0000255|PROSITE-ProRule:PRU00228	Zn(2+)	ChEBI:CHEBI:29105	2						binding_site
Q95RX5	33	ECO:0000255|PROSITE-ProRule:PRU00228	Zn(2+)	ChEBI:CHEBI:29105	1						binding_site
Q95RX5	36	ECO:0000255|PROSITE-ProRule:PRU00228	Zn(2+)	ChEBI:CHEBI:29105	1						binding_site
Q95RX5	46	ECO:0000255|PROSITE-ProRule:PRU00228	Zn(2+)	ChEBI:CHEBI:29105	2						binding_site
Q95RX5	50	ECO:0000255|PROSITE-ProRule:PRU00228	Zn(2+)	ChEBI:CHEBI:29105	2						binding_site
Q95RX5	9	ECO:0000255|PROSITE-ProRule:PRU00228	Zn(2+)	ChEBI:CHEBI:29105	1						binding_site
Q95SX8	141	ECO:0000250|UniProtKB:Q9H7X0	substrate								binding_site
Q95SX8	143-145	ECO:0000250|UniProtKB:Q9H7X0	acetyl-CoA	ChEBI:CHEBI:57288							binding_site
Q95SX8	151-156	ECO:0000250|UniProtKB:Q9H7X0	acetyl-CoA	ChEBI:CHEBI:57288							binding_site
Q95SX8	185	ECO:0000250|UniProtKB:Q9H7X0	acetyl-CoA	ChEBI:CHEBI:57288							binding_site
Q95SX8	192-195	ECO:0000250|UniProtKB:Q9H7X0	acetyl-CoA	ChEBI:CHEBI:57288							binding_site
Q95SX8	207	ECO:0000250|UniProtKB:Q9H7X0	substrate								binding_site
Q95SX8	59	ECO:0000250|UniProtKB:Q9H7X0	substrate								binding_site
Q95T10	131	ECO:0000250|UniProtKB:Q9XTW2	ATP	ChEBI:CHEBI:30616							binding_site
Q95T10	147	ECO:0000250|UniProtKB:Q9XTW2	ATP	ChEBI:CHEBI:30616							binding_site
Q95T10	166	ECO:0000250|UniProtKB:Q9XTW2	Mn(2+)	ChEBI:CHEBI:29035							binding_site
Q95T10	252-255	ECO:0000250|UniProtKB:Q9XTW2	ATP	ChEBI:CHEBI:30616							binding_site
Q95T10	319	ECO:0000250|UniProtKB:Q9XTW2	ATP	ChEBI:CHEBI:30616							binding_site
Q95T10	329	ECO:0000250|UniProtKB:Q9XTW2	ATP;Mn(2+)	ChEBI:CHEBI:30616;ChEBI:CHEBI:29035							binding_site
Q95TS5	1	ECO:0000269|PubMed:36180473, ECO:0007744|PDB:7SN8	1D-myo-inositol hexakisphosphate	ChEBI:CHEBI:58130							binding_site
Q95TS5	18	ECO:0000269|PubMed:36180473, ECO:0007744|PDB:7SN8	1D-myo-inositol hexakisphosphate	ChEBI:CHEBI:58130							binding_site
Q95TS5	19	ECO:0000269|PubMed:36180473, ECO:0007744|PDB:7SN8	1D-myo-inositol hexakisphosphate	ChEBI:CHEBI:58130							binding_site
Q95TS5	2	ECO:0000269|PubMed:36180473, ECO:0007744|PDB:7SN8	1D-myo-inositol hexakisphosphate	ChEBI:CHEBI:58130							binding_site
Q95TS5	504	ECO:0000269|PubMed:36180473, ECO:0007744|PDB:7SN8	1D-myo-inositol hexakisphosphate	ChEBI:CHEBI:58130							binding_site
Q95TS5	508	ECO:0000269|PubMed:36180473, ECO:0007744|PDB:7SN8	1D-myo-inositol hexakisphosphate	ChEBI:CHEBI:58130							binding_site
Q95TS5	509	ECO:0000269|PubMed:36180473, ECO:0007744|PDB:7SN8	1D-myo-inositol hexakisphosphate	ChEBI:CHEBI:58130							binding_site
Q95UN8	148-156	ECO:0000250|UniProtKB:Q02779, ECO:0000255|PROSITE-ProRule:PRU00159	ATP	ChEBI:CHEBI:30616							binding_site
Q95UN8	169	ECO:0000255|PROSITE-ProRule:PRU00159, ECO:0000269|PubMed:12504027	ATP	ChEBI:CHEBI:30616							binding_site
Q960X4	398-400	ECO:0000250|UniProtKB:Q9H7Z6	acetyl-CoA	ChEBI:CHEBI:57288							binding_site
Q960X4	405-411	ECO:0000250|UniProtKB:Q9H7Z6	acetyl-CoA	ChEBI:CHEBI:57288							binding_site
Q960X4	435	ECO:0000250|UniProtKB:Q9H7Z6	acetyl-CoA	ChEBI:CHEBI:57288							binding_site
Q960X4	444	ECO:0000250|UniProtKB:Q9H7Z6	acetyl-CoA	ChEBI:CHEBI:57288							binding_site
Q960X8	164	ECO:0000255|PROSITE-ProRule:PRU00091	Zn(2+)	ChEBI:CHEBI:29105	1						binding_site
Q960X8	167	ECO:0000255|PROSITE-ProRule:PRU00091	Zn(2+)	ChEBI:CHEBI:29105	1						binding_site
Q960X8	180	ECO:0000255|PROSITE-ProRule:PRU00091	Zn(2+)	ChEBI:CHEBI:29105	2						binding_site
Q960X8	183	ECO:0000255|PROSITE-ProRule:PRU00091	Zn(2+)	ChEBI:CHEBI:29105	2						binding_site
Q960X8	188	ECO:0000255|PROSITE-ProRule:PRU00091	Zn(2+)	ChEBI:CHEBI:29105	1						binding_site
Q960X8	191	ECO:0000255|PROSITE-ProRule:PRU00091	Zn(2+)	ChEBI:CHEBI:29105	1						binding_site
Q960X8	210	ECO:0000255|PROSITE-ProRule:PRU00091	Zn(2+)	ChEBI:CHEBI:29105	2						binding_site
Q960X8	213	ECO:0000255|PROSITE-ProRule:PRU00091	Zn(2+)	ChEBI:CHEBI:29105	2						binding_site
Q960Z0	368-375	ECO:0000255|PROSITE-ProRule:PRU00283	ATP	ChEBI:CHEBI:30616							binding_site
Q99323	225-232		ATP	ChEBI:CHEBI:30616							binding_site
Q9GQN5	489-496	ECO:0000255|PROSITE-ProRule:PRU00541	ATP	ChEBI:CHEBI:30616							binding_site
Q9GSR1	2041	ECO:0000250|UniProtKB:P15436	Zn(2+)	ChEBI:CHEBI:29105							binding_site
Q9GSR1	2045	ECO:0000250|UniProtKB:P15436	Zn(2+)	ChEBI:CHEBI:29105							binding_site
Q9GSR1	2054	ECO:0000250|UniProtKB:P15436	Zn(2+)	ChEBI:CHEBI:29105							binding_site
Q9GSR1	2057	ECO:0000250|UniProtKB:P15436	Zn(2+)	ChEBI:CHEBI:29105							binding_site
Q9GSR1	2086	ECO:0000250|UniProtKB:P15436	[4Fe-4S] cluster	ChEBI:CHEBI:49883							binding_site
Q9GSR1	2089	ECO:0000250|UniProtKB:P15436	[4Fe-4S] cluster	ChEBI:CHEBI:49883							binding_site
Q9GSR1	2098	ECO:0000250|UniProtKB:P15436	[4Fe-4S] cluster	ChEBI:CHEBI:49883							binding_site
Q9GSR1	2103	ECO:0000250|UniProtKB:P15436	[4Fe-4S] cluster	ChEBI:CHEBI:49883							binding_site
Q9GYV5	363	ECO:0000255|PROSITE-ProRule:PRU01142	Zn(2+)	ChEBI:CHEBI:29105							binding_site
Q9GYV5	366	ECO:0000255|PROSITE-ProRule:PRU01142	Zn(2+)	ChEBI:CHEBI:29105							binding_site
Q9GYV5	379	ECO:0000255|PROSITE-ProRule:PRU01142	Zn(2+)	ChEBI:CHEBI:29105							binding_site
Q9GYV5	383	ECO:0000255|PROSITE-ProRule:PRU01142	Zn(2+)	ChEBI:CHEBI:29105							binding_site
Q9I7F7	139-147	ECO:0000255|PROSITE-ProRule:PRU00159	ATP	ChEBI:CHEBI:30616							binding_site
Q9I7F7	164	ECO:0000255|PROSITE-ProRule:PRU00159	ATP	ChEBI:CHEBI:30616							binding_site
Q9I7H9	185	ECO:0000250|UniProtKB:P40032, ECO:0000255|PROSITE-ProRule:PRU00805	Fe cation	ChEBI:CHEBI:24875							binding_site
Q9I7H9	187	ECO:0000255|PROSITE-ProRule:PRU00805	Fe cation	ChEBI:CHEBI:24875							binding_site
Q9I7H9	199	ECO:0000250|UniProtKB:P40032	2-oxoglutarate	ChEBI:CHEBI:16810							binding_site
Q9I7H9	254	ECO:0000250|UniProtKB:P40032, ECO:0000255|PROSITE-ProRule:PRU00805	Fe cation	ChEBI:CHEBI:24875							binding_site
Q9I7H9	266	ECO:0000255|PROSITE-ProRule:PRU00805	2-oxoglutarate	ChEBI:CHEBI:16810							binding_site
Q9I7I7	138-141	ECO:0000250	NAD(+)	ChEBI:CHEBI:57540							binding_site
Q9I7I7	166	ECO:0000255|PROSITE-ProRule:PRU00236	Zn(2+)	ChEBI:CHEBI:29105							binding_site
Q9I7I7	169	ECO:0000255|PROSITE-ProRule:PRU00236	Zn(2+)	ChEBI:CHEBI:29105							binding_site
Q9I7I7	190	ECO:0000255|PROSITE-ProRule:PRU00236	Zn(2+)	ChEBI:CHEBI:29105							binding_site
Q9I7I7	193	ECO:0000255|PROSITE-ProRule:PRU00236	Zn(2+)	ChEBI:CHEBI:29105							binding_site
Q9I7I7	230-232	ECO:0000250	NAD(+)	ChEBI:CHEBI:57540							binding_site
Q9I7I7	255-257	ECO:0000250	NAD(+)	ChEBI:CHEBI:57540							binding_site
Q9I7I7	292	ECO:0000250	NAD(+)	ChEBI:CHEBI:57540							binding_site
Q9I7I7	55-75	ECO:0000250	NAD(+)	ChEBI:CHEBI:57540							binding_site
Q9I7M2	164-171	ECO:0000255|PROSITE-ProRule:PRU01047	GTP	ChEBI:CHEBI:37565							binding_site
Q9I7M2	211-215	ECO:0000255|PROSITE-ProRule:PRU01047	GTP	ChEBI:CHEBI:37565							binding_site
Q9I7M2	287-290	ECO:0000255|PROSITE-ProRule:PRU01047	GTP	ChEBI:CHEBI:37565							binding_site
Q9I7S6	740-744	ECO:0000250|UniProtKB:O76083	3',5'-cyclic GMP	ChEBI:CHEBI:57746							binding_site
Q9I7S6	744	ECO:0000250|UniProtKB:O76083	Zn(2+)	ChEBI:CHEBI:29105							binding_site
Q9I7S6	780	ECO:0000250|UniProtKB:O76083	Zn(2+)	ChEBI:CHEBI:29105							binding_site
Q9I7S6	781	ECO:0000250|UniProtKB:O76083	3',5'-cyclic GMP;Mg(2+);Zn(2+)	ChEBI:CHEBI:57746;ChEBI:CHEBI:18420;ChEBI:CHEBI:29105							binding_site
Q9I7S6	890	ECO:0000250|UniProtKB:O76083	3',5'-cyclic GMP;Zn(2+)	ChEBI:CHEBI:57746;ChEBI:CHEBI:29105							binding_site
Q9I7S8	335	ECO:0000250|UniProtKB:P22234	CO2	ChEBI:CHEBI:16526							binding_site
Q9I7X6	154	ECO:0000250|UniProtKB:Q8N4J0	S-adenosyl-L-methionine	ChEBI:CHEBI:59789							binding_site
Q9I7X6	195	ECO:0000250|UniProtKB:Q8N4J0	S-adenosyl-L-methionine	ChEBI:CHEBI:59789							binding_site
Q9I7X6	216	ECO:0000250|UniProtKB:Q8N4J0	S-adenosyl-L-methionine	ChEBI:CHEBI:59789							binding_site
Q9I7X6	282	ECO:0000250|UniProtKB:Q8N4J0	S-adenosyl-L-methionine	ChEBI:CHEBI:59789							binding_site
Q9I7X6	283	ECO:0000250|UniProtKB:Q8N4J0	S-adenosyl-L-methionine	ChEBI:CHEBI:59789							binding_site
Q9I7X6	299	ECO:0000250|UniProtKB:Q8N4J0	S-adenosyl-L-methionine	ChEBI:CHEBI:59789							binding_site
Q9I7X6	303	ECO:0000250|UniProtKB:Q8N4J0	carnosine	ChEBI:CHEBI:57485							binding_site
Q9I7X6	334	ECO:0000250|UniProtKB:Q8N4J0	carnosine	ChEBI:CHEBI:57485							binding_site
Q9I7X6	385	ECO:0000250|UniProtKB:Q8N4J0	carnosine	ChEBI:CHEBI:57485							binding_site
Q9NB71	4991	ECO:0000250|UniProtKB:O75592	Zn(2+)	ChEBI:CHEBI:29105	1						binding_site
Q9NB71	4994	ECO:0000250|UniProtKB:O75592	Zn(2+)	ChEBI:CHEBI:29105	1						binding_site
Q9NB71	5009	ECO:0000250|UniProtKB:O75592	Zn(2+)	ChEBI:CHEBI:29105	2						binding_site
Q9NB71	5011	ECO:0000250|UniProtKB:O75592	Zn(2+)	ChEBI:CHEBI:29105	2						binding_site
Q9NB71	5014	ECO:0000250|UniProtKB:O75592	Zn(2+)	ChEBI:CHEBI:29105	1						binding_site
Q9NB71	5017	ECO:0000250|UniProtKB:O75592	Zn(2+)	ChEBI:CHEBI:29105	1						binding_site
Q9NB71	5038	ECO:0000250|UniProtKB:O75592	Zn(2+)	ChEBI:CHEBI:29105	2						binding_site
Q9NB71	5041	ECO:0000250|UniProtKB:O75592	Zn(2+)	ChEBI:CHEBI:29105	2						binding_site
Q9NB71	5101	ECO:0000250|UniProtKB:O75592	Zn(2+)	ChEBI:CHEBI:29105	3						binding_site
Q9NB71	5104	ECO:0000250|UniProtKB:O75592	Zn(2+)	ChEBI:CHEBI:29105	3						binding_site
Q9NB71	5130	ECO:0000250|UniProtKB:O75592	Zn(2+)	ChEBI:CHEBI:29105	3						binding_site
Q9NB71	5133	ECO:0000250|UniProtKB:O75592	Zn(2+)	ChEBI:CHEBI:29105	3						binding_site
Q9NB71	5142	ECO:0000250|UniProtKB:O75592	Zn(2+)	ChEBI:CHEBI:29105	4						binding_site
Q9NB71	5145	ECO:0000250|UniProtKB:O75592	Zn(2+)	ChEBI:CHEBI:29105	4						binding_site
Q9NB71	5154	ECO:0000250|UniProtKB:O75592	Zn(2+)	ChEBI:CHEBI:29105	5						binding_site
Q9NB71	5157	ECO:0000250|UniProtKB:O75592	Zn(2+)	ChEBI:CHEBI:29105	5						binding_site
Q9NB71	5158	ECO:0000250|UniProtKB:O75592	Zn(2+)	ChEBI:CHEBI:29105	6						binding_site
Q9NB71	5172	ECO:0000250|UniProtKB:O75592	Zn(2+)	ChEBI:CHEBI:29105	5						binding_site
Q9NB71	5175	ECO:0000250|UniProtKB:O75592	Zn(2+)	ChEBI:CHEBI:29105	5						binding_site
Q9NB71	5193	ECO:0000250|UniProtKB:O75592	Zn(2+)	ChEBI:CHEBI:29105	6						binding_site
Q9NB71	5207	ECO:0000250|UniProtKB:O75592	Zn(2+)	ChEBI:CHEBI:29105	6						binding_site
Q9NB71	5213	ECO:0000250|UniProtKB:O75592	Zn(2+)	ChEBI:CHEBI:29105	6						binding_site
Q9NB71	5224	ECO:0000250|UniProtKB:O75592	Zn(2+)	ChEBI:CHEBI:29105	4						binding_site
Q9NB71	5227	ECO:0000250|UniProtKB:O75592	Zn(2+)	ChEBI:CHEBI:29105	4						binding_site
Q9NBK5	122	ECO:0000255|PROSITE-ProRule:PRU00159	ATP	ChEBI:CHEBI:30616							binding_site
Q9NBK5	99-107	ECO:0000255|PROSITE-ProRule:PRU00159	ATP	ChEBI:CHEBI:30616							binding_site
Q9NDJ2	939-946	ECO:0000255|PROSITE-ProRule:PRU00541	ATP	ChEBI:CHEBI:30616							binding_site
Q9NFT7	104-109	ECO:0000250|UniProtKB:P19367	ATP	ChEBI:CHEBI:30616							binding_site
Q9NFT7	321-322	ECO:0000250|UniProtKB:P19367	ATP	ChEBI:CHEBI:30616							binding_site
Q9NFT7	358-362	ECO:0000250|UniProtKB:P19367	ATP	ChEBI:CHEBI:30616							binding_site
Q9NG98	1035	ECO:0000255|PROSITE-ProRule:PRU01343	Zn(2+)	ChEBI:CHEBI:29105	1						binding_site
Q9NG98	1038	ECO:0000255|PROSITE-ProRule:PRU01343	Zn(2+)	ChEBI:CHEBI:29105	1						binding_site
Q9NG98	1061	ECO:0000255|PROSITE-ProRule:PRU01343	Zn(2+)	ChEBI:CHEBI:29105	1						binding_site
Q9NG98	1067	ECO:0000255|PROSITE-ProRule:PRU01343	Zn(2+)	ChEBI:CHEBI:29105	1						binding_site
Q9NG98	1152	ECO:0000255|PROSITE-ProRule:PRU01343	Zn(2+)	ChEBI:CHEBI:29105	2						binding_site
Q9NG98	1154	ECO:0000255|PROSITE-ProRule:PRU01343	Zn(2+)	ChEBI:CHEBI:29105	2						binding_site
Q9NG98	1177	ECO:0000255|PROSITE-ProRule:PRU01343	Zn(2+)	ChEBI:CHEBI:29105	2						binding_site
Q9NG98	1184	ECO:0000255|PROSITE-ProRule:PRU01343	Zn(2+)	ChEBI:CHEBI:29105	2						binding_site
Q9NGC3	149-156	ECO:0000255	GTP	ChEBI:CHEBI:37565							binding_site
Q9NGC3	193-197	ECO:0000255	GTP	ChEBI:CHEBI:37565							binding_site
Q9NGC3	249-252	ECO:0000255	GTP	ChEBI:CHEBI:37565							binding_site
Q9NGX9	434	ECO:0000250|UniProtKB:P04798	heme	ChEBI:CHEBI:30413			Fe	ChEBI:CHEBI:18248		axial binding residue	binding_site
Q9NHD5	117-126	ECO:0000250|UniProtKB:Q9GZZ1	CoA	ChEBI:CHEBI:57287							binding_site
Q9NHD5	31	ECO:0000250|UniProtKB:Q9GZZ1	substrate								binding_site
Q9NHD5	75	ECO:0000250|UniProtKB:Q9GZZ1	substrate								binding_site
Q9NHD5	77-90	ECO:0000250|UniProtKB:Q9GZZ1	acetyl-CoA	ChEBI:CHEBI:57288							binding_site
Q9NHX0	108	ECO:0000250|UniProtKB:P62878	Zn(2+)	ChEBI:CHEBI:29105	3						binding_site
Q9NHX0	111	ECO:0000250|UniProtKB:P62878	Zn(2+)	ChEBI:CHEBI:29105	3						binding_site
Q9NHX0	57	ECO:0000250|UniProtKB:P62878	Zn(2+)	ChEBI:CHEBI:29105	1						binding_site
Q9NHX0	60	ECO:0000250|UniProtKB:P62878	Zn(2+)	ChEBI:CHEBI:29105	1						binding_site
Q9NHX0	68	ECO:0000250|UniProtKB:P62878	Zn(2+)	ChEBI:CHEBI:29105	2						binding_site
Q9NHX0	71	ECO:0000250|UniProtKB:P62878	Zn(2+)	ChEBI:CHEBI:29105	2						binding_site
Q9NHX0	82	ECO:0000250|UniProtKB:P62878	Zn(2+)	ChEBI:CHEBI:29105	2						binding_site
Q9NHX0	89	ECO:0000250|UniProtKB:P62878	Zn(2+)	ChEBI:CHEBI:29105	3						binding_site
Q9NHX0	91	ECO:0000250|UniProtKB:P62878	Zn(2+)	ChEBI:CHEBI:29105	3						binding_site
Q9NHX0	94	ECO:0000250|UniProtKB:P62878	Zn(2+)	ChEBI:CHEBI:29105	1						binding_site
Q9NHX0	96	ECO:0000250|UniProtKB:P62878	Zn(2+)	ChEBI:CHEBI:29105	2						binding_site
Q9NI63	108-116	ECO:0000255|PROSITE-ProRule:PRU00159	ATP	ChEBI:CHEBI:30616							binding_site
Q9NI63	131	ECO:0000255|PROSITE-ProRule:PRU00159	ATP	ChEBI:CHEBI:30616							binding_site
Q9NI63	229	ECO:0000250	Mg(2+)	ChEBI:CHEBI:18420							binding_site
Q9NI63	243	ECO:0000250	Mg(2+)	ChEBI:CHEBI:18420							binding_site
Q9NII1	372	ECO:0000250|UniProtKB:P78563, ECO:0000255|PROSITE-ProRule:PRU00240	Zn(2+)	ChEBI:CHEBI:29105							binding_site
Q9NII1	430	ECO:0000250|UniProtKB:P78563, ECO:0000255|PROSITE-ProRule:PRU00240	Zn(2+)	ChEBI:CHEBI:29105							binding_site
Q9NII1	493	ECO:0000250|UniProtKB:P78563, ECO:0000255|PROSITE-ProRule:PRU00240	Zn(2+)	ChEBI:CHEBI:29105							binding_site
Q9NIV1	648-656	ECO:0000255|PROSITE-ProRule:PRU00159	ATP	ChEBI:CHEBI:30616							binding_site
Q9NIV1	671	ECO:0000255|PROSITE-ProRule:PRU00159	ATP	ChEBI:CHEBI:30616							binding_site
Q9NK54	314	ECO:0000255|PROSITE-ProRule:PRU00600	Zn(2+)	ChEBI:CHEBI:29105							binding_site
Q9NK54	317	ECO:0000255|PROSITE-ProRule:PRU00600	Zn(2+)	ChEBI:CHEBI:29105							binding_site
Q9NK54	327	ECO:0000255|PROSITE-ProRule:PRU00600	Zn(2+)	ChEBI:CHEBI:29105							binding_site
Q9NK54	333	ECO:0000255|PROSITE-ProRule:PRU00600	Zn(2+)	ChEBI:CHEBI:29105							binding_site
Q9U405	4	ECO:0000255|PROSITE-ProRule:PRU01263, ECO:0000269|PubMed:14604529, ECO:0007744|PDB:1PZW	Zn(2+)	ChEBI:CHEBI:29105							binding_site
Q9U405	53	ECO:0000255|PROSITE-ProRule:PRU01263, ECO:0000269|PubMed:14604529, ECO:0007744|PDB:1PZW	Zn(2+)	ChEBI:CHEBI:29105							binding_site
Q9U405	56	ECO:0000255|PROSITE-ProRule:PRU01263, ECO:0000269|PubMed:14604529, ECO:0007744|PDB:1PZW	Zn(2+)	ChEBI:CHEBI:29105							binding_site
Q9U405	7	ECO:0000255|PROSITE-ProRule:PRU01263, ECO:0000269|PubMed:14604529, ECO:0007744|PDB:1PZW	Zn(2+)	ChEBI:CHEBI:29105							binding_site
Q9U5L1	402-409	ECO:0000250, ECO:0000305	GTP	ChEBI:CHEBI:37565							binding_site
Q9U5L1	497-501	ECO:0000250, ECO:0000305	GTP	ChEBI:CHEBI:37565							binding_site
Q9U5L1	565-568	ECO:0000250, ECO:0000305	GTP	ChEBI:CHEBI:37565							binding_site
Q9U6Y9	300	ECO:0000250	S-adenosyl-L-methionine	ChEBI:CHEBI:59789							binding_site
Q9U6Y9	303	ECO:0000250|UniProtKB:O14744	a protein	ChEBI:CHEBI:16541		substrate	L-arginine residue	ChEBI:CHEBI:29965			binding_site
Q9U6Y9	309-310	ECO:0000250	S-adenosyl-L-methionine	ChEBI:CHEBI:59789							binding_site
Q9U6Y9	368	ECO:0000250	S-adenosyl-L-methionine	ChEBI:CHEBI:59789							binding_site
Q9U6Y9	396-397	ECO:0000250	S-adenosyl-L-methionine	ChEBI:CHEBI:59789							binding_site
Q9U6Y9	412	ECO:0000250|UniProtKB:O14744	a protein	ChEBI:CHEBI:16541		substrate	L-arginine residue	ChEBI:CHEBI:29965			binding_site
Q9U6Y9	421	ECO:0000250|UniProtKB:O14744	a protein	ChEBI:CHEBI:16541		substrate	L-arginine residue	ChEBI:CHEBI:29965			binding_site
Q9U915	103-106	ECO:0000255|HAMAP-Rule:MF_03168	AMP	ChEBI:CHEBI:456215							binding_site
Q9U915	110	ECO:0000255|HAMAP-Rule:MF_03168	AMP	ChEBI:CHEBI:456215							binding_site
Q9U915	145	ECO:0000255|HAMAP-Rule:MF_03168	ATP	ChEBI:CHEBI:30616							binding_site
Q9U915	154-155	ECO:0000255|HAMAP-Rule:MF_03168	ATP	ChEBI:CHEBI:30616							binding_site
Q9U915	178	ECO:0000255|HAMAP-Rule:MF_03168	AMP	ChEBI:CHEBI:456215							binding_site
Q9U915	189	ECO:0000255|HAMAP-Rule:MF_03168	AMP	ChEBI:CHEBI:456215							binding_site
Q9U915	217	ECO:0000255|HAMAP-Rule:MF_03168	ATP	ChEBI:CHEBI:30616							binding_site
Q9U915	28-33	ECO:0000255|HAMAP-Rule:MF_03168	ATP	ChEBI:CHEBI:30616							binding_site
Q9U915	49	ECO:0000255|HAMAP-Rule:MF_03168	AMP	ChEBI:CHEBI:456215							binding_site
Q9U915	54	ECO:0000255|HAMAP-Rule:MF_03168	AMP	ChEBI:CHEBI:456215							binding_site
Q9U915	75-77	ECO:0000255|HAMAP-Rule:MF_03168	AMP	ChEBI:CHEBI:456215							binding_site
Q9U969	174-301		a nucleoside 3',5'-cyclic phosphate	ChEBI:CHEBI:58464	1						binding_site
Q9U969	482-609		a nucleoside 3',5'-cyclic phosphate	ChEBI:CHEBI:58464	2						binding_site
Q9U969	598-727		a nucleoside 3',5'-cyclic phosphate	ChEBI:CHEBI:58464	3						binding_site
Q9UAS6	143	ECO:0000255|PROSITE-ProRule:PRU00946	S-adenosyl-L-methionine	ChEBI:CHEBI:59789							binding_site
Q9UAS6	164	ECO:0000255|PROSITE-ProRule:PRU00946	S-adenosyl-L-methionine	ChEBI:CHEBI:59789							binding_site
Q9UAS6	234	ECO:0000255|PROSITE-ProRule:PRU00946	S-adenosyl-L-methionine	ChEBI:CHEBI:59789							binding_site
Q9V333	139	ECO:0000250|UniProtKB:B2RXH2	2-oxoglutarate	ChEBI:CHEBI:16810							binding_site
Q9V333	195	ECO:0000255|PROSITE-ProRule:PRU00538	Fe cation	ChEBI:CHEBI:24875		catalytic					binding_site
Q9V333	197	ECO:0000255|PROSITE-ProRule:PRU00538	Fe cation	ChEBI:CHEBI:24875		catalytic					binding_site
Q9V333	205	ECO:0000250	2-oxoglutarate	ChEBI:CHEBI:16810							binding_site
Q9V333	213	ECO:0000250|UniProtKB:B2RXH2	2-oxoglutarate	ChEBI:CHEBI:16810							binding_site
Q9V333	241	ECO:0000250	Zn(2+)	ChEBI:CHEBI:29105							binding_site
Q9V333	247	ECO:0000250	Zn(2+)	ChEBI:CHEBI:29105							binding_site
Q9V333	248	ECO:0000250|UniProtKB:B2RXH2	2-oxoglutarate	ChEBI:CHEBI:16810							binding_site
Q9V333	283	ECO:0000255|PROSITE-ProRule:PRU00538	Fe cation	ChEBI:CHEBI:24875		catalytic					binding_site
Q9V333	313	ECO:0000250	Zn(2+)	ChEBI:CHEBI:29105							binding_site
Q9V333	315	ECO:0000250	Zn(2+)	ChEBI:CHEBI:29105							binding_site
Q9V399	448	ECO:0000250	heme	ChEBI:CHEBI:30413			Fe	ChEBI:CHEBI:18248		axial binding residue	binding_site
Q9V3A6	206	ECO:0000250|UniProtKB:Q96HE7	FAD	ChEBI:CHEBI:57692							binding_site
Q9V3A6	208	ECO:0000250|UniProtKB:Q96HE7	FAD	ChEBI:CHEBI:57692							binding_site
Q9V3A6	219	ECO:0000250|UniProtKB:Q96HE7	FAD	ChEBI:CHEBI:57692							binding_site
Q9V3A6	262	ECO:0000250|UniProtKB:Q96HE7	FAD	ChEBI:CHEBI:57692							binding_site
Q9V3A6	265	ECO:0000250|UniProtKB:Q96HE7	FAD	ChEBI:CHEBI:57692							binding_site
Q9V3A6	301	ECO:0000250|UniProtKB:Q96HE7	FAD	ChEBI:CHEBI:57692							binding_site
Q9V3C0	221-228	ECO:0000255|PROSITE-ProRule:PRU00541	ATP	ChEBI:CHEBI:30616							binding_site
Q9V3D2	181	ECO:0000250	substrate								binding_site
Q9V3D2	197-199	ECO:0000250	substrate								binding_site
Q9V3D2	348-353	ECO:0000250	substrate								binding_site
Q9V3D5	204-212	ECO:0000250|UniProtKB:Q92630, ECO:0000255|PROSITE-ProRule:PRU00159	ATP	ChEBI:CHEBI:30616							binding_site
Q9V3D5	227	ECO:0000250|UniProtKB:Q92630, ECO:0000255|PROSITE-ProRule:PRU00159	ATP	ChEBI:CHEBI:30616							binding_site
Q9V3H2	111	ECO:0000255|PROSITE-ProRule:PRU01182	Zn(2+)	ChEBI:CHEBI:29105		catalytic					binding_site
Q9V3H2	113	ECO:0000255|PROSITE-ProRule:PRU01182	Zn(2+)	ChEBI:CHEBI:29105		catalytic					binding_site
Q9V3H2	124	ECO:0000255|PROSITE-ProRule:PRU01182	Zn(2+)	ChEBI:CHEBI:29105		catalytic					binding_site
Q9V3I2	142-145	ECO:0000250|UniProtKB:P20339	GTP	ChEBI:CHEBI:37565							binding_site
Q9V3I2	172-174	ECO:0000250|UniProtKB:P20339	GTP	ChEBI:CHEBI:37565							binding_site
Q9V3I2	36-44	ECO:0000250|UniProtKB:P20339	GTP	ChEBI:CHEBI:37565							binding_site
Q9V3I2	55-61	ECO:0000250|UniProtKB:P20339	GTP	ChEBI:CHEBI:37565							binding_site
Q9V3I2	84-88	ECO:0000250|UniProtKB:P20339	GTP	ChEBI:CHEBI:37565							binding_site
Q9V3I5	267-275	ECO:0000255|PROSITE-ProRule:PRU00159	ATP	ChEBI:CHEBI:30616							binding_site
Q9V3I5	293	ECO:0000255|PROSITE-ProRule:PRU00159	ATP	ChEBI:CHEBI:30616							binding_site
Q9V3I5	629-637	ECO:0000255|PROSITE-ProRule:PRU00159	ATP	ChEBI:CHEBI:30616							binding_site
Q9V3I5	652	ECO:0000255|PROSITE-ProRule:PRU00159	ATP	ChEBI:CHEBI:30616							binding_site
Q9V3I8	148	ECO:0000250	DNA	ChEBI:CHEBI:16991							binding_site
Q9V3I8	153	ECO:0000250	DNA	ChEBI:CHEBI:16991							binding_site
Q9V3I8	206	ECO:0000250	DNA	ChEBI:CHEBI:16991							binding_site
Q9V3I8	267	ECO:0000250	8-oxoguanine	ChEBI:CHEBI:52617							binding_site
Q9V3I8	269	ECO:0000250	8-oxoguanine	ChEBI:CHEBI:52617							binding_site
Q9V3I8	271	ECO:0000250	DNA	ChEBI:CHEBI:16991							binding_site
Q9V3I8	314	ECO:0000250	8-oxoguanine	ChEBI:CHEBI:52617							binding_site
Q9V3I8	318	ECO:0000250	8-oxoguanine	ChEBI:CHEBI:52617							binding_site
Q9V3K3	73-80	ECO:0000250|UniProtKB:Q9Y230	ATP	ChEBI:CHEBI:30616							binding_site
Q9V3L1	768-772	ECO:0000250	3'-phosphoadenylyl sulfate	ChEBI:CHEBI:58339							binding_site
Q9V3L1	877	ECO:0000250	3'-phosphoadenylyl sulfate	ChEBI:CHEBI:58339							binding_site
Q9V3L1	998-1002	ECO:0000250	3'-phosphoadenylyl sulfate	ChEBI:CHEBI:58339							binding_site
Q9V3L6	10	ECO:0000250	mRNA	ChEBI:CHEBI:33699			mRNA cap				binding_site
Q9V3L6	102-106	ECO:0000250	mRNA	ChEBI:CHEBI:33699			mRNA cap				binding_site
Q9V3L6	113-117	ECO:0000250	mRNA	ChEBI:CHEBI:33699			mRNA cap				binding_site
Q9V3L6	123-124	ECO:0000250	mRNA	ChEBI:CHEBI:33699			mRNA cap				binding_site
Q9V3L6	33	ECO:0000250	mRNA	ChEBI:CHEBI:33699			mRNA cap				binding_site
Q9V3N8	29	ECO:0000250	Mg(2+)	ChEBI:CHEBI:18420	1;2	catalytic					binding_site
Q9V3N8	29-34	ECO:0000250	GTP	ChEBI:CHEBI:37565							binding_site
Q9V3N8	30	ECO:0000250	Mg(2+)	ChEBI:CHEBI:18420	1	catalytic					binding_site
Q9V3N8	75-76	ECO:0000250	GTP	ChEBI:CHEBI:37565							binding_site
Q9V3N8	76	ECO:0000250	Mg(2+)	ChEBI:CHEBI:18420	1;2	catalytic					binding_site
Q9V3Q6	25-33	ECO:0000255|PROSITE-ProRule:PRU00159	ATP	ChEBI:CHEBI:30616							binding_site
Q9V3Q6	46	ECO:0000255|PROSITE-ProRule:PRU00159	ATP	ChEBI:CHEBI:30616							binding_site
Q9V3R6	127	ECO:0000255|PROSITE-ProRule:PRU00240	Zn(2+)	ChEBI:CHEBI:29105							binding_site
Q9V3R6	191	ECO:0000255|PROSITE-ProRule:PRU00240	Zn(2+)	ChEBI:CHEBI:29105							binding_site
Q9V3R6	194	ECO:0000250	1D-myo-inositol hexakisphosphate	ChEBI:CHEBI:58130							binding_site
Q9V3R6	197	ECO:0000250	1D-myo-inositol hexakisphosphate	ChEBI:CHEBI:58130							binding_site
Q9V3R6	320	ECO:0000250	1D-myo-inositol hexakisphosphate	ChEBI:CHEBI:58130							binding_site
Q9V3R6	357	ECO:0000250	1D-myo-inositol hexakisphosphate	ChEBI:CHEBI:58130							binding_site
Q9V3R6	381	ECO:0000250	1D-myo-inositol hexakisphosphate	ChEBI:CHEBI:58130							binding_site
Q9V3R6	78	ECO:0000255|PROSITE-ProRule:PRU00240	Zn(2+)	ChEBI:CHEBI:29105							binding_site
Q9V3R6	84	ECO:0000250	1D-myo-inositol hexakisphosphate	ChEBI:CHEBI:58130							binding_site
Q9V3R6	85	ECO:0000250	1D-myo-inositol hexakisphosphate	ChEBI:CHEBI:58130							binding_site
Q9V3S0	356	ECO:0000250	heme	ChEBI:CHEBI:30413						covalent	binding_site
Q9V3S0	497	ECO:0000250	heme	ChEBI:CHEBI:30413			Fe	ChEBI:CHEBI:18248		axial binding residue	binding_site
Q9V3S9	229-237	ECO:0000250	ATP	ChEBI:CHEBI:30616							binding_site
Q9V3S9	417-422	ECO:0000250	ATP	ChEBI:CHEBI:30616							binding_site
Q9V3S9	495	ECO:0000250	ATP	ChEBI:CHEBI:30616							binding_site
Q9V3S9	510	ECO:0000250	ATP	ChEBI:CHEBI:30616							binding_site
Q9V3S9	624	ECO:0000250	ATP	ChEBI:CHEBI:30616							binding_site
Q9V3T9	105		FAD	ChEBI:CHEBI:57692							binding_site
Q9V3T9	176-179	ECO:0000250|UniProtKB:P08165	NADP(+)	ChEBI:CHEBI:58349							binding_site
Q9V3T9	220-221	ECO:0000250|UniProtKB:P08165	NADP(+)	ChEBI:CHEBI:58349							binding_site
Q9V3T9	232	ECO:0000250|UniProtKB:P08165	NADP(+)	ChEBI:CHEBI:58349							binding_site
Q9V3T9	379		FAD	ChEBI:CHEBI:57692							binding_site
Q9V3T9	386	ECO:0000250|UniProtKB:P08165	NADP(+)	ChEBI:CHEBI:58349							binding_site
Q9V3T9	386-388		FAD	ChEBI:CHEBI:57692							binding_site
Q9V3T9	40		FAD	ChEBI:CHEBI:57692							binding_site
Q9V3T9	61		FAD	ChEBI:CHEBI:57692							binding_site
Q9V3T9	69		FAD	ChEBI:CHEBI:57692							binding_site
Q9V3U0	223-231	ECO:0000250	ATP	ChEBI:CHEBI:30616							binding_site
Q9V3U0	414-419	ECO:0000250	ATP	ChEBI:CHEBI:30616							binding_site
Q9V3U0	491	ECO:0000250	ATP	ChEBI:CHEBI:30616							binding_site
Q9V3U0	506	ECO:0000250	ATP	ChEBI:CHEBI:30616							binding_site
Q9V3U0	639	ECO:0000250	ATP	ChEBI:CHEBI:30616							binding_site
Q9V3Y2	172	ECO:0000255|HAMAP-Rule:MF_03115	[2Fe-2S] cluster	ChEBI:CHEBI:190135							binding_site
Q9V3Y2	181	ECO:0000255|HAMAP-Rule:MF_03115	[2Fe-2S] cluster	ChEBI:CHEBI:190135							binding_site
Q9V3Y2	184	ECO:0000255|HAMAP-Rule:MF_03115	[2Fe-2S] cluster	ChEBI:CHEBI:190135							binding_site
Q9V3Y2	186	ECO:0000255|HAMAP-Rule:MF_03115	[2Fe-2S] cluster	ChEBI:CHEBI:190135							binding_site
Q9V3Y2	209	ECO:0000255|HAMAP-Rule:MF_03115	[4Fe-4S] cluster	ChEBI:CHEBI:49883							binding_site
Q9V3Y2	212	ECO:0000255|HAMAP-Rule:MF_03115	[4Fe-4S] cluster	ChEBI:CHEBI:49883							binding_site
Q9V3Y2	220	ECO:0000255|HAMAP-Rule:MF_03115	[4Fe-4S] cluster	ChEBI:CHEBI:49883							binding_site
Q9V3Y2	223	ECO:0000255|HAMAP-Rule:MF_03115	[4Fe-4S] cluster	ChEBI:CHEBI:49883							binding_site
Q9V3Z2	202	ECO:0000250|UniProtKB:O97366	Ca(2+)	ChEBI:CHEBI:29108							binding_site
Q9V3Z2	204	ECO:0000250|UniProtKB:O97366	Ca(2+)	ChEBI:CHEBI:29108							binding_site
Q9V3Z2	207	ECO:0000250|UniProtKB:O97366	Ca(2+)	ChEBI:CHEBI:29108							binding_site
Q9V3Z2	210	ECO:0000250|UniProtKB:O97366	Ca(2+)	ChEBI:CHEBI:29108							binding_site
Q9V3Z6	156-163	ECO:0000250|UniProtKB:P08799	ATP	ChEBI:CHEBI:30616							binding_site
Q9V411	175-182	ECO:0000255|PROSITE-ProRule:PRU01047	GTP	ChEBI:CHEBI:37565							binding_site
Q9V411	221-225	ECO:0000255|PROSITE-ProRule:PRU01047	GTP	ChEBI:CHEBI:37565							binding_site
Q9V411	289-292	ECO:0000255|PROSITE-ProRule:PRU01047	GTP	ChEBI:CHEBI:37565							binding_site
Q9V419	450	ECO:0000250	heme	ChEBI:CHEBI:30413			Fe	ChEBI:CHEBI:18248		axial binding residue	binding_site
Q9V422	323-331	ECO:0000255|PROSITE-ProRule:PRU00159	ATP	ChEBI:CHEBI:30616							binding_site
Q9V422	345	ECO:0000255|PROSITE-ProRule:PRU00159	ATP	ChEBI:CHEBI:30616							binding_site
Q9V461	391	ECO:0000250|UniProtKB:Q14566	ATP	ChEBI:CHEBI:30616		ligand shared with MCM4					binding_site
Q9V461	392	ECO:0000250|UniProtKB:Q14566	ATP	ChEBI:CHEBI:30616		ligand shared with MCM4					binding_site
Q9V461	393	ECO:0000250|UniProtKB:Q14566	ATP	ChEBI:CHEBI:30616		ligand shared with MCM4					binding_site
Q9V461	394	ECO:0000250|UniProtKB:Q14566	ATP	ChEBI:CHEBI:30616		ligand shared with MCM4					binding_site
Q9V461	395	ECO:0000250|UniProtKB:Q14566	ATP	ChEBI:CHEBI:30616		ligand shared with MCM4					binding_site
Q9V461	496	ECO:0000250|UniProtKB:Q14566	ATP	ChEBI:CHEBI:30616		ligand shared with MCM4					binding_site
Q9V461	611	ECO:0000250|UniProtKB:Q14566	ADP	ChEBI:CHEBI:456216		ligand shared with MCM2					binding_site
Q9V461	614	ECO:0000250|UniProtKB:Q14566	ADP	ChEBI:CHEBI:456216		ligand shared with MCM2					binding_site
Q9V4I0	449	ECO:0000250	heme	ChEBI:CHEBI:30413			Fe	ChEBI:CHEBI:18248		axial binding residue	binding_site
Q9V4I1	449	ECO:0000250	heme	ChEBI:CHEBI:30413			Fe	ChEBI:CHEBI:18248		axial binding residue	binding_site
Q9V4K2	182	ECO:0000269|PubMed:38305684, ECO:0007744|PDB:8JMA, ECO:0007744|PDB:8X83	beta-D-fructose	ChEBI:CHEBI:28645							binding_site
Q9V4K2	310	ECO:0000269|PubMed:38305684, ECO:0007744|PDB:8JMA, ECO:0007744|PDB:8X83	beta-D-fructose	ChEBI:CHEBI:28645							binding_site
Q9V4K2	337	ECO:0000269|PubMed:38305684, ECO:0007744|PDB:8JMA, ECO:0007744|PDB:8X83	beta-D-fructose	ChEBI:CHEBI:28645							binding_site
Q9V4K2	421	ECO:0000269|PubMed:38305684, ECO:0007744|PDB:8X84	Ca(2+)	ChEBI:CHEBI:29108							binding_site
Q9V4K2	70	ECO:0000269|PubMed:38305684, ECO:0007744|PDB:8JMA, ECO:0007744|PDB:8X83	beta-D-fructose	ChEBI:CHEBI:28645							binding_site
Q9V4K2	83	ECO:0000269|PubMed:38305684, ECO:0007744|PDB:8JMA, ECO:0007744|PDB:8X83	beta-D-fructose	ChEBI:CHEBI:28645							binding_site
Q9V4L4	127-130	ECO:0000250	GTP	ChEBI:CHEBI:37565							binding_site
Q9V4L4	16-23	ECO:0000250	GTP	ChEBI:CHEBI:37565							binding_site
Q9V4L4	67-71	ECO:0000250	GTP	ChEBI:CHEBI:37565							binding_site
Q9V4M2	123	ECO:0000255|PROSITE-ProRule:PRU00024	Zn(2+)	ChEBI:CHEBI:29105	1						binding_site
Q9V4M2	126	ECO:0000255|PROSITE-ProRule:PRU00024	Zn(2+)	ChEBI:CHEBI:29105	1						binding_site
Q9V4M2	145	ECO:0000255|PROSITE-ProRule:PRU00024	Zn(2+)	ChEBI:CHEBI:29105	1						binding_site
Q9V4M2	149	ECO:0000255|PROSITE-ProRule:PRU00024	Zn(2+)	ChEBI:CHEBI:29105	1						binding_site
Q9V4M2	189	ECO:0000255|PROSITE-ProRule:PRU00024	Zn(2+)	ChEBI:CHEBI:29105	2						binding_site
Q9V4M2	192	ECO:0000255|PROSITE-ProRule:PRU00024	Zn(2+)	ChEBI:CHEBI:29105	2						binding_site
Q9V4M2	211	ECO:0000255|PROSITE-ProRule:PRU00024	Zn(2+)	ChEBI:CHEBI:29105	2						binding_site
Q9V4M2	216	ECO:0000255|PROSITE-ProRule:PRU00024	Zn(2+)	ChEBI:CHEBI:29105	2						binding_site
Q9V4N3	41	ECO:0000255|PROSITE-ProRule:PRU00279	heme	ChEBI:CHEBI:30413			Fe	ChEBI:CHEBI:18248		axial binding residue	binding_site
Q9V4N3	65	ECO:0000255|PROSITE-ProRule:PRU00279	heme	ChEBI:CHEBI:30413			Fe	ChEBI:CHEBI:18248		axial binding residue	binding_site
Q9V4T3	445	ECO:0000250	heme	ChEBI:CHEBI:30413			Fe	ChEBI:CHEBI:18248		axial binding residue	binding_site
Q9V4T5	307	ECO:0000250	heme	ChEBI:CHEBI:30413						covalent	binding_site
Q9V4T5	444	ECO:0000250	heme	ChEBI:CHEBI:30413			Fe	ChEBI:CHEBI:18248		axial binding residue	binding_site
Q9V4U7	454	ECO:0000250	heme	ChEBI:CHEBI:30413			Fe	ChEBI:CHEBI:18248		axial binding residue	binding_site
Q9V4U9	435	ECO:0000250	heme	ChEBI:CHEBI:30413			Fe	ChEBI:CHEBI:18248		axial binding residue	binding_site
Q9V4X2	159	ECO:0000250|UniProtKB:Q8INK6	Zn(2+)	ChEBI:CHEBI:29105							binding_site
Q9V4X2	167	ECO:0000250|UniProtKB:Q8INK6	Zn(2+)	ChEBI:CHEBI:29105							binding_site
Q9V4X2	50	ECO:0000250|UniProtKB:Q8INK6	Zn(2+)	ChEBI:CHEBI:29105							binding_site
Q9V521	208	ECO:0000250|UniProtKB:Q9ZP19	Cu cation	ChEBI:CHEBI:23378	A						binding_site
Q9V521	212	ECO:0000250|UniProtKB:Q9ZP19	Cu cation	ChEBI:CHEBI:23378	A						binding_site
Q9V521	238	ECO:0000250|UniProtKB:Q9ZP19	Cu cation	ChEBI:CHEBI:23378	A						binding_site
Q9V521	365	ECO:0000250|UniProtKB:Q9ZP19	Cu cation	ChEBI:CHEBI:23378	B						binding_site
Q9V521	369	ECO:0000250|UniProtKB:Q9ZP19	Cu cation	ChEBI:CHEBI:23378	B						binding_site
Q9V521	405	ECO:0000250|UniProtKB:Q9ZP19	Cu cation	ChEBI:CHEBI:23378	B						binding_site
Q9V557	325	ECO:0000250	heme	ChEBI:CHEBI:30413						covalent	binding_site
Q9V557	464	ECO:0000250	heme	ChEBI:CHEBI:30413			Fe	ChEBI:CHEBI:18248		axial binding residue	binding_site
Q9V558	320	ECO:0000250	heme	ChEBI:CHEBI:30413						covalent	binding_site
Q9V558	459	ECO:0000250	heme	ChEBI:CHEBI:30413			Fe	ChEBI:CHEBI:18248		axial binding residue	binding_site
Q9V559	322	ECO:0000250	heme	ChEBI:CHEBI:30413						covalent	binding_site
Q9V559	461	ECO:0000250	heme	ChEBI:CHEBI:30413			Fe	ChEBI:CHEBI:18248		axial binding residue	binding_site
Q9V595	159	ECO:0000250|UniProtKB:P06132	coproporphyrinogen I;coproporphyrinogen III	ChEBI:CHEBI:62631;ChEBI:CHEBI:57309							binding_site
Q9V595	214	ECO:0000250|UniProtKB:P06132	coproporphyrinogen I;coproporphyrinogen III	ChEBI:CHEBI:62631;ChEBI:CHEBI:57309							binding_site
Q9V595	33	ECO:0000250|UniProtKB:P06132	coproporphyrinogen I;coproporphyrinogen III	ChEBI:CHEBI:62631;ChEBI:CHEBI:57309							binding_site
Q9V595	334	ECO:0000250|UniProtKB:P06132	coproporphyrinogen I;coproporphyrinogen III	ChEBI:CHEBI:62631;ChEBI:CHEBI:57309							binding_site
Q9V595	35	ECO:0000250|UniProtKB:P06132	coproporphyrinogen I;coproporphyrinogen III	ChEBI:CHEBI:62631;ChEBI:CHEBI:57309							binding_site
Q9V595	37	ECO:0000250|UniProtKB:P06132	coproporphyrinogen I;coproporphyrinogen III	ChEBI:CHEBI:62631;ChEBI:CHEBI:57309							binding_site
Q9V595	46	ECO:0000250|UniProtKB:P06132	coproporphyrinogen I	ChEBI:CHEBI:62631							binding_site
Q9V595	82	ECO:0000250|UniProtKB:P06132	coproporphyrinogen I;coproporphyrinogen III	ChEBI:CHEBI:62631;ChEBI:CHEBI:57309							binding_site
Q9V5L3	536	ECO:0000250	heme	ChEBI:CHEBI:30413			Fe	ChEBI:CHEBI:18248		axial binding residue	binding_site
Q9V674	458	ECO:0000250	heme	ChEBI:CHEBI:30413			Fe	ChEBI:CHEBI:18248		axial binding residue	binding_site
Q9V675	460	ECO:0000250	heme	ChEBI:CHEBI:30413			Fe	ChEBI:CHEBI:18248		axial binding residue	binding_site
Q9V676	444	ECO:0000250	heme	ChEBI:CHEBI:30413			Fe	ChEBI:CHEBI:18248		axial binding residue	binding_site
Q9V6D6	502	ECO:0000250	heme	ChEBI:CHEBI:30413			Fe	ChEBI:CHEBI:18248		axial binding residue	binding_site
Q9V6H1	462	ECO:0000250	heme	ChEBI:CHEBI:30413			Fe	ChEBI:CHEBI:18248		axial binding residue	binding_site
Q9V6K3	447-455	ECO:0000255|PROSITE-ProRule:PRU00159	ATP	ChEBI:CHEBI:30616							binding_site
Q9V6K3	475	ECO:0000255|PROSITE-ProRule:PRU00159	ATP	ChEBI:CHEBI:30616							binding_site
Q9V6L0	130	ECO:0000250|UniProtKB:B2RXH2	2-oxoglutarate	ChEBI:CHEBI:16810							binding_site
Q9V6L0	186	ECO:0000255|PROSITE-ProRule:PRU00538	Fe cation	ChEBI:CHEBI:24875		catalytic					binding_site
Q9V6L0	188	ECO:0000255|PROSITE-ProRule:PRU00538	Fe cation	ChEBI:CHEBI:24875		catalytic					binding_site
Q9V6L0	196	ECO:0000250	2-oxoglutarate	ChEBI:CHEBI:16810							binding_site
Q9V6L0	204	ECO:0000250|UniProtKB:B2RXH2	2-oxoglutarate	ChEBI:CHEBI:16810							binding_site
Q9V6L0	232	ECO:0000250	Zn(2+)	ChEBI:CHEBI:29105							binding_site
Q9V6L0	238	ECO:0000250	Zn(2+)	ChEBI:CHEBI:29105							binding_site
Q9V6L0	239	ECO:0000250|UniProtKB:B2RXH2	2-oxoglutarate	ChEBI:CHEBI:16810							binding_site
Q9V6L0	274	ECO:0000255|PROSITE-ProRule:PRU00538	Fe cation	ChEBI:CHEBI:24875		catalytic					binding_site
Q9V6L0	304	ECO:0000250	Zn(2+)	ChEBI:CHEBI:29105							binding_site
Q9V6L0	306	ECO:0000250	Zn(2+)	ChEBI:CHEBI:29105							binding_site
Q9V6U8	58-82	ECO:0000250	ATP	ChEBI:CHEBI:30616							binding_site
Q9V6U9	147	ECO:0000250|UniProtKB:Q8WZM3	NADP(+)	ChEBI:CHEBI:58349							binding_site
Q9V6U9	173-176	ECO:0000250|UniProtKB:Q8WZM3	NADP(+)	ChEBI:CHEBI:58349							binding_site
Q9V6U9	196-198	ECO:0000250|UniProtKB:Q8WZM3	NADP(+)	ChEBI:CHEBI:58349							binding_site
Q9V6U9	264-267	ECO:0000250|UniProtKB:Q8WZM3	NADP(+)	ChEBI:CHEBI:58349							binding_site
Q9V6U9	289-291	ECO:0000250|UniProtKB:Q8WZM3	NADP(+)	ChEBI:CHEBI:58349							binding_site
Q9V6U9	349	ECO:0000250	NADP(+)	ChEBI:CHEBI:58349							binding_site
Q9V6U9	350	ECO:0000250|UniProtKB:Q8WZM3	NADP(+)	ChEBI:CHEBI:58349							binding_site
Q9V6X7	243-245	ECO:0000250|UniProtKB:Q9H488	substrate								binding_site
Q9V6X7	349	ECO:0000250|UniProtKB:Q9H488	substrate								binding_site
Q9V6X7	366-367	ECO:0000250|UniProtKB:Q9H488	substrate								binding_site
Q9V6X7	41-44	ECO:0000250|UniProtKB:Q9H488	substrate								binding_site
Q9V730	437	ECO:0000250|UniProtKB:Q9ES89	UDP-N-acetyl-alpha-D-glucosamine	ChEBI:CHEBI:57705							binding_site
Q9V730	565	ECO:0000250|UniProtKB:Q9ES89	UDP-N-acetyl-alpha-D-glucosamine	ChEBI:CHEBI:57705							binding_site
Q9V730	581	ECO:0000250|UniProtKB:Q9ES89	UDP-N-acetyl-alpha-D-glucosamine	ChEBI:CHEBI:57705							binding_site
Q9V730	582	ECO:0000250|UniProtKB:Q9ES89	UDP-N-acetyl-alpha-D-glucosamine	ChEBI:CHEBI:57705							binding_site
Q9V730	583	ECO:0000250|UniProtKB:Q9ES89	Mn(2+);UDP-N-acetyl-alpha-D-glucosamine	ChEBI:CHEBI:29035;ChEBI:CHEBI:57705		catalytic					binding_site
Q9V730	669	ECO:0000250|UniProtKB:Q9ES89	UDP-N-acetyl-alpha-D-glucosamine	ChEBI:CHEBI:57705							binding_site
Q9V730	670	ECO:0000250|UniProtKB:Q9ES89	UDP-N-acetyl-alpha-D-glucosamine	ChEBI:CHEBI:57705							binding_site
Q9V730	713	ECO:0000250|UniProtKB:Q9ES89	UDP-N-acetyl-alpha-D-glucosamine	ChEBI:CHEBI:57705							binding_site
Q9V769	439	ECO:0000250	heme	ChEBI:CHEBI:30413			Fe	ChEBI:CHEBI:18248		axial binding residue	binding_site
Q9V770	444	ECO:0000250	heme	ChEBI:CHEBI:30413			Fe	ChEBI:CHEBI:18248		axial binding residue	binding_site
Q9V771	445	ECO:0000250	heme	ChEBI:CHEBI:30413			Fe	ChEBI:CHEBI:18248		axial binding residue	binding_site
Q9V773	445	ECO:0000250	heme	ChEBI:CHEBI:30413			Fe	ChEBI:CHEBI:18248		axial binding residue	binding_site
Q9V774	449	ECO:0000250	heme	ChEBI:CHEBI:30413			Fe	ChEBI:CHEBI:18248		axial binding residue	binding_site
Q9V776	461	ECO:0000250	heme	ChEBI:CHEBI:30413			Fe	ChEBI:CHEBI:18248		axial binding residue	binding_site
Q9V778	187-193	ECO:0000255|PIRSR:PIRSR625650-3	FAD	ChEBI:CHEBI:57692							binding_site
Q9V778	256-262	ECO:0000255|PIRSR:PIRSR625650-3	FAD	ChEBI:CHEBI:57692							binding_site
Q9V778	269-272	ECO:0000255|PIRSR:PIRSR625650-3	FAD	ChEBI:CHEBI:57692							binding_site
Q9V778	321-327	ECO:0000255|PIRSR:PIRSR625650-3	FAD	ChEBI:CHEBI:57692							binding_site
Q9V778	467	ECO:0000255|PIRSR:PIRSR625650-2	substrate								binding_site
Q9V7G5	450	ECO:0000250	heme	ChEBI:CHEBI:30413			Fe	ChEBI:CHEBI:18248		axial binding residue	binding_site
Q9V813	202	ECO:0000255|HAMAP-Rule:MF_03155	substrate								binding_site
Q9V813	203	ECO:0000255|HAMAP-Rule:MF_03155	phosphate	ChEBI:CHEBI:43474							binding_site
Q9V813	226-228	ECO:0000255|HAMAP-Rule:MF_03155	substrate								binding_site
Q9V813	24	ECO:0000255|HAMAP-Rule:MF_03155	phosphate	ChEBI:CHEBI:43474							binding_site
Q9V813	66-67	ECO:0000255|HAMAP-Rule:MF_03155	phosphate	ChEBI:CHEBI:43474							binding_site
Q9V813	99-100	ECO:0000255|HAMAP-Rule:MF_03155	phosphate	ChEBI:CHEBI:43474							binding_site
Q9V877	169-176	ECO:0000250|UniProtKB:Q02241, ECO:0000255|PROSITE-ProRule:PRU00283	ATP	ChEBI:CHEBI:30616							binding_site
Q9V8M2	479	ECO:0000250	heme	ChEBI:CHEBI:30413			Fe	ChEBI:CHEBI:18248		axial binding residue	binding_site
Q9V8M5	121	ECO:0000250	NAD(+)	ChEBI:CHEBI:57540							binding_site
Q9V8M5	271	ECO:0000250	NAD(+)	ChEBI:CHEBI:57540							binding_site
Q9V8M5	29-58	ECO:0000250	NAD(+)	ChEBI:CHEBI:57540							binding_site
Q9V8M5	92-93	ECO:0000250	NAD(+)	ChEBI:CHEBI:57540							binding_site
Q9V979	430	ECO:0000250	heme	ChEBI:CHEBI:30413			Fe	ChEBI:CHEBI:18248		axial binding residue	binding_site
Q9V9E3	128	ECO:0000250	Zn(2+)	ChEBI:CHEBI:29105		catalytic					binding_site
Q9V9E3	132	ECO:0000250	Zn(2+)	ChEBI:CHEBI:29105		catalytic					binding_site
Q9V9E3	229	ECO:0000250	Zn(2+)	ChEBI:CHEBI:29105		catalytic					binding_site
Q9V9J3	254-262	ECO:0000255|PROSITE-ProRule:PRU00159	ATP	ChEBI:CHEBI:30616							binding_site
Q9V9J3	276	ECO:0000255|PROSITE-ProRule:PRU00159	ATP	ChEBI:CHEBI:30616							binding_site
Q9V9L1	450	ECO:0000250	heme	ChEBI:CHEBI:30413			Fe	ChEBI:CHEBI:18248		axial binding residue	binding_site
Q9V9N4	129	ECO:0000269|PubMed:35648444, ECO:0007744|PDB:7NF9	Zn(2+)	ChEBI:CHEBI:29105							binding_site
Q9V9N4	132	ECO:0000269|PubMed:35648444, ECO:0007744|PDB:7NF9	Zn(2+)	ChEBI:CHEBI:29105							binding_site
Q9V9N4	145	ECO:0000269|PubMed:35648444, ECO:0007744|PDB:7NF9	Zn(2+)	ChEBI:CHEBI:29105							binding_site
Q9V9N4	149	ECO:0000269|PubMed:35648444, ECO:0007744|PDB:7NF9	Zn(2+)	ChEBI:CHEBI:29105							binding_site
Q9V9S8	156		[2Fe-2S] cluster	ChEBI:CHEBI:190135							binding_site
Q9V9S8	363		[2Fe-2S] cluster	ChEBI:CHEBI:190135							binding_site
Q9V9S8	366		[2Fe-2S] cluster	ChEBI:CHEBI:190135							binding_site
Q9V9S8	371		[2Fe-2S] cluster	ChEBI:CHEBI:190135							binding_site
Q9V9U4	208	ECO:0000255|HAMAP-Rule:MF_03101	Fe cation	ChEBI:CHEBI:24875	2						binding_site
Q9V9U4	209	ECO:0000255|HAMAP-Rule:MF_03101	Fe cation	ChEBI:CHEBI:24875	2						binding_site
Q9V9U4	241	ECO:0000255|HAMAP-Rule:MF_03101	Fe cation	ChEBI:CHEBI:24875	2						binding_site
Q9V9U4	242	ECO:0000255|HAMAP-Rule:MF_03101	Fe cation	ChEBI:CHEBI:24875	2						binding_site
Q9V9U4	56	ECO:0000255|HAMAP-Rule:MF_03101	Fe cation	ChEBI:CHEBI:24875	1						binding_site
Q9V9U4	57	ECO:0000255|HAMAP-Rule:MF_03101	Fe cation	ChEBI:CHEBI:24875	1						binding_site
Q9V9U4	89	ECO:0000255|HAMAP-Rule:MF_03101	Fe cation	ChEBI:CHEBI:24875	1						binding_site
Q9V9U4	90	ECO:0000255|HAMAP-Rule:MF_03101	Fe cation	ChEBI:CHEBI:24875	1						binding_site
Q9V9Y9	313	ECO:0000255|PROSITE-ProRule:PRU01253	Zn(2+)	ChEBI:CHEBI:29105							binding_site
Q9V9Y9	316	ECO:0000255|PROSITE-ProRule:PRU01253	Zn(2+)	ChEBI:CHEBI:29105							binding_site
Q9V9Y9	332	ECO:0000255|PROSITE-ProRule:PRU01253	Zn(2+)	ChEBI:CHEBI:29105							binding_site
Q9V9Y9	336	ECO:0000255|PROSITE-ProRule:PRU01253	Zn(2+)	ChEBI:CHEBI:29105							binding_site
Q9V9Z1	108	ECO:0000250|UniProtKB:Q9BYC8	Zn(2+)	ChEBI:CHEBI:29105							binding_site
Q9V9Z1	111	ECO:0000250|UniProtKB:Q9BYC8	Zn(2+)	ChEBI:CHEBI:29105							binding_site
Q9V9Z1	95	ECO:0000250|UniProtKB:Q9BYC8	Zn(2+)	ChEBI:CHEBI:29105							binding_site
Q9V9Z1	98	ECO:0000250|UniProtKB:Q9BYC8	Zn(2+)	ChEBI:CHEBI:29105							binding_site
Q9VA27	342	ECO:0000250	heme	ChEBI:CHEBI:30413						covalent	binding_site
Q9VA27	481	ECO:0000250	heme	ChEBI:CHEBI:30413			Fe	ChEBI:CHEBI:18248		axial binding residue	binding_site
Q9VA38	725-733	ECO:0000255|PROSITE-ProRule:PRU00159	ATP	ChEBI:CHEBI:30616							binding_site
Q9VA38	749	ECO:0000255|PROSITE-ProRule:PRU00159	ATP	ChEBI:CHEBI:30616							binding_site
Q9VA73	118	ECO:0000305	Ca(2+)	ChEBI:CHEBI:29108	2						binding_site
Q9VA73	122	ECO:0000305	Ca(2+)	ChEBI:CHEBI:29108	2						binding_site
Q9VA73	124	ECO:0000305	Ca(2+)	ChEBI:CHEBI:29108	2						binding_site
Q9VA73	129	ECO:0000305	Ca(2+)	ChEBI:CHEBI:29108	2						binding_site
Q9VA73	189	ECO:0000305	Ca(2+)	ChEBI:CHEBI:29108	3						binding_site
Q9VA73	193	ECO:0000305	Ca(2+)	ChEBI:CHEBI:29108	3						binding_site
Q9VA73	200	ECO:0000305	Ca(2+)	ChEBI:CHEBI:29108	3						binding_site
Q9VA73	84	ECO:0000255|PROSITE-ProRule:PRU00448	Ca(2+)	ChEBI:CHEBI:29108	1						binding_site
Q9VA73	86	ECO:0000255|PROSITE-ProRule:PRU00448	Ca(2+)	ChEBI:CHEBI:29108	1						binding_site
Q9VA73	88	ECO:0000255|PROSITE-ProRule:PRU00448	Ca(2+)	ChEBI:CHEBI:29108	1						binding_site
Q9VA73	90	ECO:0000255|PROSITE-ProRule:PRU00448	Ca(2+)	ChEBI:CHEBI:29108	1						binding_site
Q9VA73	95	ECO:0000255|PROSITE-ProRule:PRU00448	Ca(2+)	ChEBI:CHEBI:29108	1						binding_site
Q9VAC5	183	ECO:0000250	Zn(2+)	ChEBI:CHEBI:29105		catalytic				in inhibited form	binding_site
Q9VAC5	399	ECO:0000250|UniProtKB:P78536	Zn(2+)	ChEBI:CHEBI:29105		catalytic					binding_site
Q9VAC5	403	ECO:0000250|UniProtKB:P78536	Zn(2+)	ChEBI:CHEBI:29105		catalytic					binding_site
Q9VAC5	409	ECO:0000250|UniProtKB:P78536	Zn(2+)	ChEBI:CHEBI:29105		catalytic					binding_site
Q9VAH4	232	ECO:0000250|UniProtKB:P35813	Mn(2+)	ChEBI:CHEBI:29035	2						binding_site
Q9VAH4	87	ECO:0000250|UniProtKB:P35813	Mn(2+)	ChEBI:CHEBI:29035	1;2						binding_site
Q9VAH4	88	ECO:0000250|UniProtKB:P35813	Mn(2+)	ChEBI:CHEBI:29035	1						binding_site
Q9VAH9	157	ECO:0000269|PubMed:36180473, ECO:0000269|PubMed:39032490, ECO:0007744|PDB:7SN8, ECO:0007744|PDB:8UIC	Zn(2+)	ChEBI:CHEBI:29105	1						binding_site
Q9VAH9	178	ECO:0000269|PubMed:36180473, ECO:0000269|PubMed:39032490, ECO:0007744|PDB:7SN8, ECO:0007744|PDB:8UIC	Zn(2+)	ChEBI:CHEBI:29105	1;2						binding_site
Q9VAH9	414	ECO:0000269|PubMed:36180473, ECO:0000269|PubMed:39032490, ECO:0007744|PDB:7SN8, ECO:0007744|PDB:8UIC	Zn(2+)	ChEBI:CHEBI:29105	2						binding_site
Q9VAH9	462	ECO:0000269|PubMed:36180473, ECO:0007744|PDB:7SN8	1D-myo-inositol hexakisphosphate	ChEBI:CHEBI:58130							binding_site
Q9VAH9	68	ECO:0000269|PubMed:36180473, ECO:0000269|PubMed:39032490, ECO:0007744|PDB:7SN8, ECO:0007744|PDB:8UIC	Zn(2+)	ChEBI:CHEBI:29105	1						binding_site
Q9VAH9	70	ECO:0000269|PubMed:36180473, ECO:0000269|PubMed:39032490, ECO:0007744|PDB:7SN8, ECO:0007744|PDB:8UIC	Zn(2+)	ChEBI:CHEBI:29105	1						binding_site
Q9VAH9	72	ECO:0000269|PubMed:36180473, ECO:0000269|PubMed:39032490, ECO:0007744|PDB:7SN8, ECO:0007744|PDB:8UIC	Zn(2+)	ChEBI:CHEBI:29105	2						binding_site
Q9VAH9	73	ECO:0000269|PubMed:36180473, ECO:0000269|PubMed:39032490, ECO:0007744|PDB:7SN8, ECO:0007744|PDB:8UIC	Zn(2+)	ChEBI:CHEBI:29105	2						binding_site
Q9VAI0	111-114	ECO:0000250|UniProtKB:Q96EK6	substrate								binding_site
Q9VAI0	123-125	ECO:0000250|UniProtKB:Q96EK6	substrate								binding_site
Q9VAI0	133-138	ECO:0000250|UniProtKB:Q96EK6	acetyl-CoA	ChEBI:CHEBI:57288							binding_site
Q9VAI0	154-155	ECO:0000250|UniProtKB:Q96EK6	substrate								binding_site
Q9VAI0	186	ECO:0000250|UniProtKB:Q96EK6	substrate								binding_site
Q9VAI0	64	ECO:0000250|UniProtKB:Q96EK6	substrate								binding_site
Q9VAM6	100	ECO:0000250	[2Fe-2S] cluster	ChEBI:CHEBI:190135							binding_site
Q9VAM6	102	ECO:0000250	[2Fe-2S] cluster	ChEBI:CHEBI:190135							binding_site
Q9VAM6	111	ECO:0000250	[2Fe-2S] cluster	ChEBI:CHEBI:190135							binding_site
Q9VAM6	115	ECO:0000250	[2Fe-2S] cluster	ChEBI:CHEBI:190135							binding_site
Q9VAM9	123		Mn(2+)	ChEBI:CHEBI:29035							binding_site
Q9VAM9	36		Mn(2+)	ChEBI:CHEBI:29035							binding_site
Q9VAM9	62		Mn(2+)	ChEBI:CHEBI:29035							binding_site
Q9VAM9	63		Mn(2+)	ChEBI:CHEBI:29035							binding_site
Q9VAN0	100	ECO:0000250	pyridoxal 5'-phosphate	ChEBI:CHEBI:597326							binding_site
Q9VAN0	149	ECO:0000250	pyridoxal 5'-phosphate	ChEBI:CHEBI:597326							binding_site
Q9VAN0	170	ECO:0000250	pyridoxal 5'-phosphate	ChEBI:CHEBI:597326							binding_site
Q9VAN0	193	ECO:0000250	pyridoxal 5'-phosphate	ChEBI:CHEBI:597326							binding_site
Q9VAN0	235-236	ECO:0000250	pyridoxal 5'-phosphate	ChEBI:CHEBI:597326							binding_site
Q9VAN0	40	ECO:0000250	L-glutamate	ChEBI:CHEBI:29985							binding_site
Q9VAN0	74-75	ECO:0000250	pyridoxal 5'-phosphate	ChEBI:CHEBI:597326							binding_site
Q9VAQ1	131-150	ECO:0000250|UniProtKB:Q9NXA8	NAD(+)	ChEBI:CHEBI:57540							binding_site
Q9VAQ1	191-194	ECO:0000250|UniProtKB:Q9NXA8	NAD(+)	ChEBI:CHEBI:57540							binding_site
Q9VAQ1	219	ECO:0000255|PROSITE-ProRule:PRU00236	Zn(2+)	ChEBI:CHEBI:29105							binding_site
Q9VAQ1	222	ECO:0000255|PROSITE-ProRule:PRU00236	Zn(2+)	ChEBI:CHEBI:29105							binding_site
Q9VAQ1	249	ECO:0000255|PROSITE-ProRule:PRU00236	Zn(2+)	ChEBI:CHEBI:29105							binding_site
Q9VAQ1	252	ECO:0000255|PROSITE-ProRule:PRU00236	Zn(2+)	ChEBI:CHEBI:29105							binding_site
Q9VAQ1	292-294	ECO:0000250|UniProtKB:Q9NXA8	NAD(+)	ChEBI:CHEBI:57540							binding_site
Q9VAQ1	321-323	ECO:0000250|UniProtKB:Q9NXA8	NAD(+)	ChEBI:CHEBI:57540							binding_site
Q9VAQ1	339	ECO:0000250|UniProtKB:Q9NXA8	NAD(+)	ChEBI:CHEBI:57540							binding_site
Q9VAQ5	106	ECO:0000255|PROSITE-ProRule:PRU01026	S-adenosyl-L-methionine	ChEBI:CHEBI:59789							binding_site
Q9VAQ5	121	ECO:0000255|PROSITE-ProRule:PRU01026	S-adenosyl-L-methionine	ChEBI:CHEBI:59789							binding_site
Q9VAQ5	30	ECO:0000255|PROSITE-ProRule:PRU01026	S-adenosyl-L-methionine	ChEBI:CHEBI:59789							binding_site
Q9VAQ5	32	ECO:0000255|PROSITE-ProRule:PRU01026	S-adenosyl-L-methionine	ChEBI:CHEBI:59789							binding_site
Q9VAQ5	57	ECO:0000255|PROSITE-ProRule:PRU01026	S-adenosyl-L-methionine	ChEBI:CHEBI:59789							binding_site
Q9VAQ5	78	ECO:0000255|PROSITE-ProRule:PRU01026	S-adenosyl-L-methionine	ChEBI:CHEBI:59789							binding_site
Q9VB25	100-107	ECO:0000255|PROSITE-ProRule:PRU00283	ATP	ChEBI:CHEBI:30616							binding_site
Q9VB31	451	ECO:0000250	heme	ChEBI:CHEBI:30413			Fe	ChEBI:CHEBI:18248		axial binding residue	binding_site
Q9VB68	179	ECO:0000269|PubMed:21310954, ECO:0007744|PDB:2XXL	Ca(2+)	ChEBI:CHEBI:29108							binding_site
Q9VB68	181	ECO:0000269|PubMed:21310954, ECO:0007744|PDB:2XXL	Ca(2+)	ChEBI:CHEBI:29108							binding_site
Q9VB68	184	ECO:0000269|PubMed:21310954, ECO:0007744|PDB:2XXL	Ca(2+)	ChEBI:CHEBI:29108							binding_site
Q9VB68	187	ECO:0000269|PubMed:21310954, ECO:0007744|PDB:2XXL	Ca(2+)	ChEBI:CHEBI:29108							binding_site
Q9VB70	915	ECO:0000255|PROSITE-ProRule:PRU00091	Zn(2+)	ChEBI:CHEBI:29105	1						binding_site
Q9VB70	918	ECO:0000255|PROSITE-ProRule:PRU00091	Zn(2+)	ChEBI:CHEBI:29105	1						binding_site
Q9VB70	931	ECO:0000255|PROSITE-ProRule:PRU00091	Zn(2+)	ChEBI:CHEBI:29105	2						binding_site
Q9VB70	934	ECO:0000255|PROSITE-ProRule:PRU00091	Zn(2+)	ChEBI:CHEBI:29105	2						binding_site
Q9VB70	939	ECO:0000255|PROSITE-ProRule:PRU00091	Zn(2+)	ChEBI:CHEBI:29105	1						binding_site
Q9VB70	942	ECO:0000255|PROSITE-ProRule:PRU00091	Zn(2+)	ChEBI:CHEBI:29105	1						binding_site
Q9VB70	961	ECO:0000255|PROSITE-ProRule:PRU00091	Zn(2+)	ChEBI:CHEBI:29105	2						binding_site
Q9VB70	964	ECO:0000255|PROSITE-ProRule:PRU00091	Zn(2+)	ChEBI:CHEBI:29105	2						binding_site
Q9VBP3	1091	ECO:0000250|UniProtKB:O95271	Zn(2+)	ChEBI:CHEBI:29105							binding_site
Q9VBP3	1094	ECO:0000250|UniProtKB:O95271	Zn(2+)	ChEBI:CHEBI:29105							binding_site
Q9VBP3	1099	ECO:0000250|UniProtKB:O95271	Zn(2+)	ChEBI:CHEBI:29105							binding_site
Q9VBP3	1102	ECO:0000250|UniProtKB:O95271	Zn(2+)	ChEBI:CHEBI:29105							binding_site
Q9VBW3	476-484	ECO:0000255|PROSITE-ProRule:PRU00159	ATP	ChEBI:CHEBI:30616							binding_site
Q9VBW3	504	ECO:0000255|PROSITE-ProRule:PRU00159	ATP	ChEBI:CHEBI:30616							binding_site
Q9VBX2	101-102	ECO:0000255|HAMAP-Rule:MF_03052	substrate								binding_site
Q9VBX2	117	ECO:0000255|HAMAP-Rule:MF_03052	substrate								binding_site
Q9VBX2	124-126	ECO:0000255|HAMAP-Rule:MF_03052	substrate								binding_site
Q9VBY8	1019	ECO:0000255|PROSITE-ProRule:PRU00041	Ca(2+)	ChEBI:CHEBI:29108	2						binding_site
Q9VBY8	1025	ECO:0000255|PROSITE-ProRule:PRU00041	Ca(2+)	ChEBI:CHEBI:29108	2						binding_site
Q9VBY8	1083	ECO:0000255|PROSITE-ProRule:PRU00041	Ca(2+)	ChEBI:CHEBI:29108	2						binding_site
Q9VBY8	1085	ECO:0000255|PROSITE-ProRule:PRU00041	Ca(2+)	ChEBI:CHEBI:29108	2						binding_site
Q9VBY8	195	ECO:0000255|PROSITE-ProRule:PRU00041	Ca(2+)	ChEBI:CHEBI:29108	1						binding_site
Q9VBY8	201	ECO:0000255|PROSITE-ProRule:PRU00041	Ca(2+)	ChEBI:CHEBI:29108	1						binding_site
Q9VBY8	252	ECO:0000255|PROSITE-ProRule:PRU00041	Ca(2+)	ChEBI:CHEBI:29108	1						binding_site
Q9VBY8	253	ECO:0000255|PROSITE-ProRule:PRU00041	Ca(2+)	ChEBI:CHEBI:29108	1						binding_site
Q9VBY8	254	ECO:0000255|PROSITE-ProRule:PRU00041	Ca(2+)	ChEBI:CHEBI:29108	1						binding_site
Q9VBZ5	388-390	ECO:0000250|UniProtKB:Q7Z739	RNA	ChEBI:CHEBI:33697			N(6)-methyladenosine 5'-phosphate residue	ChEBI:CHEBI:74449			binding_site
Q9VBZ5	394	ECO:0000250|UniProtKB:Q9Y5A9	RNA	ChEBI:CHEBI:33697			N(6)-methyladenosine 5'-phosphate residue	ChEBI:CHEBI:74449			binding_site
Q9VBZ5	404-405	ECO:0000250|UniProtKB:Q7Z739	RNA	ChEBI:CHEBI:33697			N(6)-methyladenosine 5'-phosphate residue	ChEBI:CHEBI:74449			binding_site
Q9VBZ5	435	ECO:0000250|UniProtKB:Q9Y5A9	RNA	ChEBI:CHEBI:33697			N(6)-methyladenosine 5'-phosphate residue	ChEBI:CHEBI:74449			binding_site
Q9VBZ5	459	ECO:0000250|UniProtKB:Q7Z739	RNA	ChEBI:CHEBI:33697			N(6)-methyladenosine 5'-phosphate residue	ChEBI:CHEBI:74449			binding_site
Q9VBZ5	464	ECO:0000250|UniProtKB:Q7Z739	RNA	ChEBI:CHEBI:33697			N(6)-methyladenosine 5'-phosphate residue	ChEBI:CHEBI:74449			binding_site
Q9VBZ9	145	ECO:0000269|PubMed:24052259, ECO:0007744|PDB:4LW3, ECO:0007744|PDB:4M4K	UDP-alpha-D-galactose	ChEBI:CHEBI:66914							binding_site
Q9VBZ9	146	ECO:0000269|PubMed:24052259, ECO:0000305|PubMed:20236943, ECO:0007744|PDB:3LW6, ECO:0007744|PDB:4LW3, ECO:0007744|PDB:4LW6, ECO:0007744|PDB:4M4K	UDP-alpha-D-galactose	ChEBI:CHEBI:66914							binding_site
Q9VBZ9	147	ECO:0000269|PubMed:20236943, ECO:0000269|PubMed:24052259, ECO:0007744|PDB:3LW6, ECO:0007744|PDB:4LW3, ECO:0007744|PDB:4LW6, ECO:0007744|PDB:4M4K	Mn(2+)	ChEBI:CHEBI:29035							binding_site
Q9VBZ9	177	ECO:0000269|PubMed:24052259, ECO:0000305|PubMed:20236943, ECO:0007744|PDB:3LW6, ECO:0007744|PDB:4LW3, ECO:0007744|PDB:4LW6, ECO:0007744|PDB:4M4K	UDP-alpha-D-galactose	ChEBI:CHEBI:66914							binding_site
Q9VBZ9	185	ECO:0000269|PubMed:24052259, ECO:0007744|PDB:4LW3, ECO:0007744|PDB:4M4K	UDP-alpha-D-galactose	ChEBI:CHEBI:66914							binding_site
Q9VBZ9	207	ECO:0000269|PubMed:24052259, ECO:0000305|PubMed:20236943, ECO:0007744|PDB:3LW6, ECO:0007744|PDB:4LW3, ECO:0007744|PDB:4LW6, ECO:0007744|PDB:4M4K	UDP-alpha-D-galactose	ChEBI:CHEBI:66914							binding_site
Q9VBZ9	208	ECO:0000269|PubMed:24052259, ECO:0007744|PDB:4LW3, ECO:0007744|PDB:4M4K	UDP-alpha-D-galactose	ChEBI:CHEBI:66914							binding_site
Q9VBZ9	209	ECO:0000269|PubMed:20236943, ECO:0007744|PDB:4LW6, ECO:0007744|PDB:4M4K	beta-D-xylose	ChEBI:CHEBI:28161							binding_site
Q9VBZ9	210	ECO:0000269|PubMed:24052259, ECO:0007744|PDB:4LW3, ECO:0007744|PDB:4M4K	UDP-alpha-D-galactose	ChEBI:CHEBI:66914							binding_site
Q9VBZ9	211	ECO:0000269|PubMed:20236943, ECO:0007744|PDB:4LW6, ECO:0007744|PDB:4M4K	beta-D-xylose	ChEBI:CHEBI:28161							binding_site
Q9VBZ9	212	ECO:0000269|PubMed:20236943, ECO:0007744|PDB:4LW6, ECO:0007744|PDB:4M4K	beta-D-xylose	ChEBI:CHEBI:28161							binding_site
Q9VBZ9	241	ECO:0000269|PubMed:20236943, ECO:0000269|PubMed:24052259, ECO:0007744|PDB:3LW6, ECO:0007744|PDB:4LW3, ECO:0007744|PDB:4LW6, ECO:0007744|PDB:4M4K;ECO:0000269|PubMed:24052259, ECO:0000305|PubMed:20236943, ECO:0007744|PDB:3LW6, ECO:0007744|PDB:4LW3, ECO:0007744|PDB:4LW6, ECO:0007744|PDB:4M4K	Mn(2+);UDP-alpha-D-galactose	ChEBI:CHEBI:29035;ChEBI:CHEBI:66914							binding_site
Q9VBZ9	243	ECO:0000269|PubMed:20236943, ECO:0000269|PubMed:24052259, ECO:0007744|PDB:3LW6, ECO:0007744|PDB:4LW3, ECO:0007744|PDB:4LW6, ECO:0007744|PDB:4M4K;ECO:0000269|PubMed:24052259, ECO:0000305|PubMed:20236943, ECO:0007744|PDB:3LW6, ECO:0007744|PDB:4LW3, ECO:0007744|PDB:4LW6, ECO:0007744|PDB:4M4K	Mn(2+);UDP-alpha-D-galactose	ChEBI:CHEBI:29035;ChEBI:CHEBI:66914							binding_site
Q9VBZ9	250	ECO:0000269|PubMed:24052259, ECO:0000305|PubMed:20236943, ECO:0007744|PDB:3LW6, ECO:0007744|PDB:4LW3, ECO:0007744|PDB:4LW6, ECO:0007744|PDB:4M4K	UDP-alpha-D-galactose	ChEBI:CHEBI:66914							binding_site
Q9VBZ9	82	ECO:0000269|PubMed:24052259, ECO:0000305|PubMed:20236943, ECO:0007744|PDB:3LW6, ECO:0007744|PDB:4LW3, ECO:0007744|PDB:4LW6, ECO:0007744|PDB:4M4K	UDP-alpha-D-galactose	ChEBI:CHEBI:66914							binding_site
Q9VBZ9	84	ECO:0000269|PubMed:24052259, ECO:0000305|PubMed:20236943, ECO:0007744|PDB:3LW6, ECO:0007744|PDB:4LW3, ECO:0007744|PDB:4LW6, ECO:0007744|PDB:4M4K	UDP-alpha-D-galactose	ChEBI:CHEBI:66914							binding_site
Q9VC07	85	ECO:0000250|UniProtKB:O13833	Mg(2+)	ChEBI:CHEBI:18420							binding_site
Q9VC07	87	ECO:0000250|UniProtKB:O13833	Mg(2+)	ChEBI:CHEBI:18420							binding_site
Q9VC47	614	ECO:0000255|PIRSR:PIRSR001199-2, ECO:0000255|PROSITE-ProRule:PRU01211	Zn(2+)	ChEBI:CHEBI:29105		catalytic					binding_site
Q9VC47	618	ECO:0000255|PIRSR:PIRSR001199-2, ECO:0000255|PROSITE-ProRule:PRU01211	Zn(2+)	ChEBI:CHEBI:29105		catalytic					binding_site
Q9VC47	624	ECO:0000255|PIRSR:PIRSR001199-2, ECO:0000255|PROSITE-ProRule:PRU01211	Zn(2+)	ChEBI:CHEBI:29105		catalytic					binding_site
Q9VC49	10	ECO:0000250	Zn(2+)	ChEBI:CHEBI:29105							binding_site
Q9VC49	44	ECO:0000250	Zn(2+)	ChEBI:CHEBI:29105							binding_site
Q9VC49	45	ECO:0000250	Zn(2+)	ChEBI:CHEBI:29105							binding_site
Q9VC49	7	ECO:0000250	Zn(2+)	ChEBI:CHEBI:29105							binding_site
Q9VC57	121	ECO:0000269|PubMed:25407413, ECO:0007744|PDB:3X1D	Mg(2+)	ChEBI:CHEBI:18420							binding_site
Q9VC57	192	ECO:0000269|PubMed:25407413, ECO:0007744|PDB:3X1D;ECO:0000250|UniProtKB:Q8WXF7	GDP;GTP	ChEBI:CHEBI:58189;ChEBI:CHEBI:37565							binding_site
Q9VC57	193	ECO:0000269|PubMed:25407413, ECO:0007744|PDB:3X1D;ECO:0000250|UniProtKB:Q8WXF7	GDP;GTP	ChEBI:CHEBI:58189;ChEBI:CHEBI:37565							binding_site
Q9VC57	251	ECO:0000269|PubMed:25407413, ECO:0007744|PDB:3X1D;ECO:0000250|UniProtKB:Q8WXF7	GDP;GTP	ChEBI:CHEBI:58189;ChEBI:CHEBI:37565							binding_site
Q9VC57	48	ECO:0000269|PubMed:25407413, ECO:0007744|PDB:3X1D;ECO:0000250|UniProtKB:Q8WXF7	GDP;GTP	ChEBI:CHEBI:58189;ChEBI:CHEBI:37565							binding_site
Q9VC57	49	ECO:0000269|PubMed:25407413, ECO:0007744|PDB:3X1D;ECO:0000250|UniProtKB:Q8WXF7	GDP;GTP	ChEBI:CHEBI:58189;ChEBI:CHEBI:37565							binding_site
Q9VC57	50	ECO:0000269|PubMed:25407413, ECO:0007744|PDB:3X1D;ECO:0000250|UniProtKB:Q8WXF7	GDP;GTP	ChEBI:CHEBI:58189;ChEBI:CHEBI:37565							binding_site
Q9VC57	51	ECO:0000269|PubMed:25407413, ECO:0007744|PDB:3X1D;ECO:0000250|UniProtKB:Q8WXF7	GDP;GTP	ChEBI:CHEBI:58189;ChEBI:CHEBI:37565							binding_site
Q9VC57	52	ECO:0000269|PubMed:25407413, ECO:0007744|PDB:3X1D;ECO:0000250|UniProtKB:Q8WXF7	GDP;GTP;Mg(2+)	ChEBI:CHEBI:58189;ChEBI:CHEBI:37565;ChEBI:CHEBI:18420							binding_site
Q9VC57	53	ECO:0000250|UniProtKB:Q8WXF7	GTP	ChEBI:CHEBI:37565							binding_site
Q9VC99	119	ECO:0000250	substrate								binding_site
Q9VC99	174	ECO:0000250	substrate								binding_site
Q9VC99	184	ECO:0000250	substrate								binding_site
Q9VC99	192	ECO:0000250	substrate								binding_site
Q9VC99	221	ECO:0000250	ATP	ChEBI:CHEBI:30616							binding_site
Q9VC99	34-42	ECO:0000250	ATP	ChEBI:CHEBI:30616							binding_site
Q9VC99	91	ECO:0000250	substrate								binding_site
Q9VCA5	355	ECO:0000255|PROSITE-ProRule:PRU00816	Mg(2+)	ChEBI:CHEBI:18420		shared with alpha subunit					binding_site
Q9VCA5	361	ECO:0000255|PROSITE-ProRule:PRU00816	Mg(2+)	ChEBI:CHEBI:18420		shared with alpha subunit					binding_site
Q9VCA5	364	ECO:0000255|PROSITE-ProRule:PRU00816	Mg(2+)	ChEBI:CHEBI:18420		shared with alpha subunit					binding_site
Q9VCA5	365	ECO:0000255|PROSITE-ProRule:PRU00816	Mg(2+)	ChEBI:CHEBI:18420		shared with alpha subunit					binding_site
Q9VCC0	140	ECO:0000255|PROSITE-ProRule:PRU00734	Zn(2+)	ChEBI:CHEBI:29105	3						binding_site
Q9VCC0	145	ECO:0000255|PROSITE-ProRule:PRU00734	Zn(2+)	ChEBI:CHEBI:29105	3						binding_site
Q9VCC0	159	ECO:0000255|PROSITE-ProRule:PRU00734	Zn(2+)	ChEBI:CHEBI:29105	3						binding_site
Q9VCC0	162	ECO:0000255|PROSITE-ProRule:PRU00734	Zn(2+)	ChEBI:CHEBI:29105	4						binding_site
Q9VCC0	177	ECO:0000255|PROSITE-ProRule:PRU00734	Zn(2+)	ChEBI:CHEBI:29105	4						binding_site
Q9VCC0	178	ECO:0000255|PROSITE-ProRule:PRU00734	Zn(2+)	ChEBI:CHEBI:29105	4						binding_site
Q9VCC0	194	ECO:0000255|PROSITE-ProRule:PRU00734	Zn(2+)	ChEBI:CHEBI:29105	4						binding_site
Q9VCC0	199	ECO:0000255|PROSITE-ProRule:PRU00734	Zn(2+)	ChEBI:CHEBI:29105	3						binding_site
Q9VCC0	23	ECO:0000255|PROSITE-ProRule:PRU00734	Zn(2+)	ChEBI:CHEBI:29105	1						binding_site
Q9VCC0	26	ECO:0000255|PROSITE-ProRule:PRU00734	Zn(2+)	ChEBI:CHEBI:29105	2						binding_site
Q9VCC0	4	ECO:0000255|PROSITE-ProRule:PRU00734	Zn(2+)	ChEBI:CHEBI:29105	1						binding_site
Q9VCC0	41	ECO:0000255|PROSITE-ProRule:PRU00734	Zn(2+)	ChEBI:CHEBI:29105	2						binding_site
Q9VCC0	42	ECO:0000255|PROSITE-ProRule:PRU00734	Zn(2+)	ChEBI:CHEBI:29105	2						binding_site
Q9VCC0	58	ECO:0000255|PROSITE-ProRule:PRU00734	Zn(2+)	ChEBI:CHEBI:29105	2						binding_site
Q9VCC0	63	ECO:0000255|PROSITE-ProRule:PRU00734	Zn(2+)	ChEBI:CHEBI:29105	1						binding_site
Q9VCC0	9	ECO:0000255|PROSITE-ProRule:PRU00734	Zn(2+)	ChEBI:CHEBI:29105	1						binding_site
Q9VCE6	395-396	ECO:0000250|UniProtKB:Q86U44	S-adenosyl-L-methionine	ChEBI:CHEBI:59789							binding_site
Q9VCE6	413	ECO:0000250|UniProtKB:Q86U44	S-adenosyl-L-methionine	ChEBI:CHEBI:59789							binding_site
Q9VCE6	531	ECO:0000250|UniProtKB:Q86U44	S-adenosyl-L-methionine	ChEBI:CHEBI:59789							binding_site
Q9VCE6	554-557	ECO:0000250|UniProtKB:Q86U44	S-adenosyl-L-methionine	ChEBI:CHEBI:59789							binding_site
Q9VCE6	567-568	ECO:0000250|UniProtKB:Q86U44	S-adenosyl-L-methionine	ChEBI:CHEBI:59789							binding_site
Q9VCI5	113	ECO:0000250	heme	ChEBI:CHEBI:30413		ligand shared with large subunit	Fe	ChEBI:CHEBI:18248		axial binding residue	binding_site
Q9VCI5	125	ECO:0000250	a ubiquinone	ChEBI:CHEBI:16389		ligand shared with IP					binding_site
Q9VCJ8	202	ECO:0000250|UniProtKB:O97366	Ca(2+)	ChEBI:CHEBI:29108							binding_site
Q9VCJ8	204	ECO:0000250|UniProtKB:O97366	Ca(2+)	ChEBI:CHEBI:29108							binding_site
Q9VCJ8	207	ECO:0000250|UniProtKB:O97366	Ca(2+)	ChEBI:CHEBI:29108							binding_site
Q9VCJ8	210	ECO:0000250|UniProtKB:O97366	Ca(2+)	ChEBI:CHEBI:29108							binding_site
Q9VCN1	2113	ECO:0000250|UniProtKB:P15436	Zn(2+)	ChEBI:CHEBI:29105							binding_site
Q9VCN1	2116	ECO:0000250|UniProtKB:P15436	Zn(2+)	ChEBI:CHEBI:29105							binding_site
Q9VCN1	2141	ECO:0000250|UniProtKB:P15436	Zn(2+)	ChEBI:CHEBI:29105							binding_site
Q9VCN1	2144	ECO:0000250|UniProtKB:P15436	Zn(2+)	ChEBI:CHEBI:29105							binding_site
Q9VCN1	2175	ECO:0000250|UniProtKB:P15436	[4Fe-4S] cluster	ChEBI:CHEBI:49883							binding_site
Q9VCN1	2178	ECO:0000250|UniProtKB:P15436	[4Fe-4S] cluster	ChEBI:CHEBI:49883							binding_site
Q9VCN1	2190	ECO:0000250|UniProtKB:P15436	[4Fe-4S] cluster	ChEBI:CHEBI:49883							binding_site
Q9VCN1	2192	ECO:0000250|UniProtKB:P15436	[4Fe-4S] cluster	ChEBI:CHEBI:49883							binding_site
Q9VCR3	481	ECO:0000255|PROSITE-ProRule:PRU10142	Ca(2+)	ChEBI:CHEBI:29108							binding_site
Q9VCR3	483	ECO:0000255|PROSITE-ProRule:PRU10142	Ca(2+)	ChEBI:CHEBI:29108							binding_site
Q9VCR3	485	ECO:0000255|PROSITE-ProRule:PRU10142	Ca(2+)	ChEBI:CHEBI:29108							binding_site
Q9VCR3	487	ECO:0000255|PROSITE-ProRule:PRU10142	Ca(2+)	ChEBI:CHEBI:29108							binding_site
Q9VCR3	492	ECO:0000255|PROSITE-ProRule:PRU10142	Ca(2+)	ChEBI:CHEBI:29108							binding_site
Q9VCU5	152-157	ECO:0000250|UniProtKB:O31743	GTP	ChEBI:CHEBI:37565							binding_site
Q9VCU5	204	ECO:0000250|UniProtKB:O31743	GTP	ChEBI:CHEBI:37565							binding_site
Q9VCU5	78-81	ECO:0000250|UniProtKB:O31743	GTP	ChEBI:CHEBI:37565							binding_site
Q9VCU9	1745	ECO:0000269|PubMed:36182693, ECO:0007744|PDB:8DG7	Mg(2+)	ChEBI:CHEBI:18420	1						binding_site
Q9VCU9	1749	ECO:0000269|PubMed:36182693, ECO:0007744|PDB:8DG5, ECO:0007744|PDB:8DG7	Mg(2+)	ChEBI:CHEBI:18420	2						binding_site
Q9VCU9	1905	ECO:0000269|PubMed:36182693, ECO:0007744|PDB:8DG7	Mg(2+)	ChEBI:CHEBI:18420	1						binding_site
Q9VCU9	1908	ECO:0000269|PubMed:36182693, ECO:0007744|PDB:8DG7	Mg(2+)	ChEBI:CHEBI:18420	1;2						binding_site
Q9VCU9	2032	ECO:0000250|UniProtKB:Q9UPY3	Mg(2+)	ChEBI:CHEBI:18420	2						binding_site
Q9VCU9	2136	ECO:0000250|UniProtKB:Q9UPY3	Mg(2+)	ChEBI:CHEBI:18420	2						binding_site
Q9VCU9	2139	ECO:0000250|UniProtKB:Q9UPY3	Mg(2+)	ChEBI:CHEBI:18420	2						binding_site
Q9VCU9	37-44	ECO:0000255	ATP	ChEBI:CHEBI:30616							binding_site
Q9VCW1	457	ECO:0000250	heme	ChEBI:CHEBI:30413			Fe	ChEBI:CHEBI:18248		axial binding residue	binding_site
Q9VCX4	104-108	ECO:0000255|HAMAP-Rule:MF_03059	GTP	ChEBI:CHEBI:37565							binding_site
Q9VCX4	158-161	ECO:0000255|HAMAP-Rule:MF_03059	GTP	ChEBI:CHEBI:37565							binding_site
Q9VCX4	40-47	ECO:0000255|HAMAP-Rule:MF_03059	GTP	ChEBI:CHEBI:37565							binding_site
Q9VCY8	258	ECO:0000250|UniProtKB:Q86V24	Zn(2+)	ChEBI:CHEBI:29105							binding_site
Q9VCY8	404	ECO:0000250|UniProtKB:Q86V24	Zn(2+)	ChEBI:CHEBI:29105							binding_site
Q9VCY8	408	ECO:0000250|UniProtKB:Q86V24	Zn(2+)	ChEBI:CHEBI:29105							binding_site
Q9VD28	189	ECO:0000250	substrate								binding_site
Q9VD28	192	ECO:0000255|PROSITE-ProRule:PRU00538	Fe cation	ChEBI:CHEBI:24875		catalytic					binding_site
Q9VD28	194	ECO:0000255|PROSITE-ProRule:PRU00538	Fe cation	ChEBI:CHEBI:24875		catalytic					binding_site
Q9VD28	202	ECO:0000250|UniProtKB:Q6NYC1	2-oxoglutarate	ChEBI:CHEBI:16810							binding_site
Q9VD28	209	ECO:0000250	substrate								binding_site
Q9VD28	278	ECO:0000255|PROSITE-ProRule:PRU00538	Fe cation	ChEBI:CHEBI:24875		catalytic					binding_site
Q9VD28	290	ECO:0000250|UniProtKB:Q6NYC1	2-oxoglutarate	ChEBI:CHEBI:16810							binding_site
Q9VD44	993	ECO:0000250	Mg(2+)	ChEBI:CHEBI:18420		catalytic					binding_site
Q9VD44	995	ECO:0000250	Mg(2+)	ChEBI:CHEBI:18420		catalytic					binding_site
Q9VD51	231-238	ECO:0000255|PROSITE-ProRule:PRU00541	ATP	ChEBI:CHEBI:30616							binding_site
Q9VD92	155	ECO:0000250	Ca(2+)	ChEBI:CHEBI:29108							binding_site
Q9VD92	156	ECO:0000250	Ca(2+)	ChEBI:CHEBI:29108							binding_site
Q9VD92	25	ECO:0000250	Ca(2+)	ChEBI:CHEBI:29108							binding_site
Q9VDA0	78-85	ECO:0000255|PROSITE-ProRule:PRU00541	ATP	ChEBI:CHEBI:30616							binding_site
Q9VDC6	696	ECO:0000269|PubMed:30705105, ECO:0007744|PDB:6DYO;ECO:0000269|PubMed:30705105, ECO:0007744|PDB:6DYN	dopamine;histamine	ChEBI:CHEBI:59905;ChEBI:CHEBI:58432							binding_site
Q9VDC6	825	ECO:0000269|PubMed:30705105, ECO:0007744|PDB:6DYR, ECO:0007744|PDB:6DYS	beta-alanine	ChEBI:CHEBI:57966							binding_site
Q9VDC6	827	ECO:0000269|PubMed:30705105, ECO:0007744|PDB:6DYR, ECO:0007744|PDB:6DYS	beta-alanine	ChEBI:CHEBI:57966							binding_site
Q9VDD7	119	ECO:0000250|UniProtKB:P78383	ADP	ChEBI:CHEBI:456216							binding_site
Q9VDD7	253	ECO:0000250|UniProtKB:P78383	ADP	ChEBI:CHEBI:456216							binding_site
Q9VDD7	256	ECO:0000250|UniProtKB:P78383	ADP	ChEBI:CHEBI:456216							binding_site
Q9VDD7	268	ECO:0000250|UniProtKB:P78383	ADP	ChEBI:CHEBI:456216							binding_site
Q9VDD7	272	ECO:0000250|UniProtKB:P78383	ADP	ChEBI:CHEBI:456216							binding_site
Q9VDD7	276	ECO:0000250|UniProtKB:P78383	ADP	ChEBI:CHEBI:456216							binding_site
Q9VDD9	122	ECO:0000255|HAMAP-Rule:MF_03162	S-adenosyl-L-methionine	ChEBI:CHEBI:59789							binding_site
Q9VDD9	53	ECO:0000255|HAMAP-Rule:MF_03162	S-adenosyl-L-methionine	ChEBI:CHEBI:59789							binding_site
Q9VDD9	55	ECO:0000255|HAMAP-Rule:MF_03162	S-adenosyl-L-methionine	ChEBI:CHEBI:59789							binding_site
Q9VDD9	81	ECO:0000255|HAMAP-Rule:MF_03162	S-adenosyl-L-methionine	ChEBI:CHEBI:59789							binding_site
Q9VDD9	97	ECO:0000255|HAMAP-Rule:MF_03162	S-adenosyl-L-methionine	ChEBI:CHEBI:59789							binding_site
Q9VDE8	973	ECO:0000269|PubMed:39032490, ECO:0007744|PDB:8UIC	Zn(2+)	ChEBI:CHEBI:29105							binding_site
Q9VDG5	455	ECO:0000269|PubMed:22000518, ECO:0007744|PDB:3RB5, ECO:0007744|PDB:3RB7;ECO:0000269|PubMed:19815561, ECO:0000269|PubMed:22000518, ECO:0007744|PDB:3E9T, ECO:0007744|PDB:3EAD, ECO:0007744|PDB:3RB5, ECO:0007744|PDB:3RB7	Ca(2+)	ChEBI:CHEBI:29108	1;2;3;4						binding_site
Q9VDG5	490	ECO:0000269|PubMed:19815561, ECO:0000269|PubMed:22000518, ECO:0007744|PDB:3E9T, ECO:0007744|PDB:3EAD, ECO:0007744|PDB:3RB5, ECO:0007744|PDB:3RB7	Ca(2+)	ChEBI:CHEBI:29108	1;2						binding_site
Q9VDG5	515	ECO:0000269|PubMed:19815561, ECO:0000269|PubMed:22000518, ECO:0007744|PDB:3E9T, ECO:0007744|PDB:3EAD, ECO:0007744|PDB:3RB5, ECO:0007744|PDB:3RB7	Ca(2+)	ChEBI:CHEBI:29108	3						binding_site
Q9VDG5	516	ECO:0000269|PubMed:19815561, ECO:0000269|PubMed:22000518, ECO:0007744|PDB:3E9T, ECO:0007744|PDB:3EAD, ECO:0007744|PDB:3RB5, ECO:0007744|PDB:3RB7	Ca(2+)	ChEBI:CHEBI:29108	3;4						binding_site
Q9VDG5	518	ECO:0000269|PubMed:19815561, ECO:0000269|PubMed:22000518, ECO:0007744|PDB:3E9T, ECO:0007744|PDB:3EAD, ECO:0007744|PDB:3RB5, ECO:0007744|PDB:3RB7	Ca(2+)	ChEBI:CHEBI:29108	4						binding_site
Q9VDG5	520	ECO:0000269|PubMed:19815561, ECO:0000269|PubMed:22000518, ECO:0007744|PDB:3E9T, ECO:0007744|PDB:3EAD, ECO:0007744|PDB:3RB5, ECO:0007744|PDB:3RB7	Ca(2+)	ChEBI:CHEBI:29108	1;2;4						binding_site
Q9VDG5	523	ECO:0000269|PubMed:19815561, ECO:0000269|PubMed:22000518, ECO:0007744|PDB:3E9T, ECO:0007744|PDB:3EAD, ECO:0007744|PDB:3RB5, ECO:0007744|PDB:3RB7	Ca(2+)	ChEBI:CHEBI:29108	1						binding_site
Q9VDG5	550	ECO:0000269|PubMed:19815561, ECO:0000269|PubMed:22000518, ECO:0007744|PDB:3E9T, ECO:0007744|PDB:3EAD, ECO:0007744|PDB:3RB5, ECO:0007744|PDB:3RB7	Ca(2+)	ChEBI:CHEBI:29108	4						binding_site
Q9VDG5	551	ECO:0000269|PubMed:19815561, ECO:0000269|PubMed:22000518, ECO:0007744|PDB:3E9T, ECO:0007744|PDB:3EAD, ECO:0007744|PDB:3RB5, ECO:0007744|PDB:3RB7	Ca(2+)	ChEBI:CHEBI:29108	3						binding_site
Q9VDG5	552	ECO:0000269|PubMed:19815561, ECO:0000269|PubMed:22000518, ECO:0007744|PDB:3E9T, ECO:0007744|PDB:3EAD, ECO:0007744|PDB:3RB5, ECO:0007744|PDB:3RB7	Ca(2+)	ChEBI:CHEBI:29108	3;4						binding_site
Q9VDT6	119	ECO:0000250|UniProtKB:Q9UI43	S-adenosyl-L-methionine	ChEBI:CHEBI:59789							binding_site
Q9VDT6	136-137	ECO:0000250|UniProtKB:Q9UI43	S-adenosyl-L-methionine	ChEBI:CHEBI:59789							binding_site
Q9VDT6	161	ECO:0000250|UniProtKB:Q9UI43	S-adenosyl-L-methionine	ChEBI:CHEBI:59789							binding_site
Q9VDT6	90-93	ECO:0000250|UniProtKB:Q9UI43	S-adenosyl-L-methionine	ChEBI:CHEBI:59789							binding_site
Q9VDW3	1284	ECO:0000255|PROSITE-ProRule:PRU00228	Zn(2+)	ChEBI:CHEBI:29105	1						binding_site
Q9VDW3	1287	ECO:0000255|PROSITE-ProRule:PRU00228	Zn(2+)	ChEBI:CHEBI:29105	1						binding_site
Q9VDW3	1299	ECO:0000255|PROSITE-ProRule:PRU00228	Zn(2+)	ChEBI:CHEBI:29105	2						binding_site
Q9VDW3	1302	ECO:0000255|PROSITE-ProRule:PRU00228	Zn(2+)	ChEBI:CHEBI:29105	2						binding_site
Q9VDW3	1308	ECO:0000255|PROSITE-ProRule:PRU00228	Zn(2+)	ChEBI:CHEBI:29105	1						binding_site
Q9VDW3	1311	ECO:0000255|PROSITE-ProRule:PRU00228	Zn(2+)	ChEBI:CHEBI:29105	1						binding_site
Q9VDW3	1321	ECO:0000255|PROSITE-ProRule:PRU00228	Zn(2+)	ChEBI:CHEBI:29105	2						binding_site
Q9VDW3	1325	ECO:0000255|PROSITE-ProRule:PRU00228	Zn(2+)	ChEBI:CHEBI:29105	2						binding_site
Q9VDW6	3112	ECO:0000255|PROSITE-ProRule:PRU00228	Zn(2+)	ChEBI:CHEBI:29105	1						binding_site
Q9VDW6	3115	ECO:0000255|PROSITE-ProRule:PRU00228	Zn(2+)	ChEBI:CHEBI:29105	1						binding_site
Q9VDW6	3127	ECO:0000255|PROSITE-ProRule:PRU00228	Zn(2+)	ChEBI:CHEBI:29105	2						binding_site
Q9VDW6	3130	ECO:0000255|PROSITE-ProRule:PRU00228	Zn(2+)	ChEBI:CHEBI:29105	2						binding_site
Q9VDW6	3136	ECO:0000255|PROSITE-ProRule:PRU00228	Zn(2+)	ChEBI:CHEBI:29105	1						binding_site
Q9VDW6	3139	ECO:0000255|PROSITE-ProRule:PRU00228	Zn(2+)	ChEBI:CHEBI:29105	1						binding_site
Q9VDW6	3149	ECO:0000255|PROSITE-ProRule:PRU00228	Zn(2+)	ChEBI:CHEBI:29105	2						binding_site
Q9VDW6	3153	ECO:0000255|PROSITE-ProRule:PRU00228	Zn(2+)	ChEBI:CHEBI:29105	2						binding_site
Q9VDY1	560-567	ECO:0000255|PROSITE-ProRule:PRU00541	ATP	ChEBI:CHEBI:30616							binding_site
Q9VDZ4	235-241	ECO:0000250|UniProtKB:Q96P11	S-adenosyl-L-methionine	ChEBI:CHEBI:59789							binding_site
Q9VDZ4	259	ECO:0000255|PROSITE-ProRule:PRU01023	S-adenosyl-L-methionine	ChEBI:CHEBI:59789							binding_site
Q9VDZ4	286	ECO:0000255|PROSITE-ProRule:PRU01023	S-adenosyl-L-methionine	ChEBI:CHEBI:59789							binding_site
Q9VDZ4	304	ECO:0000255|PROSITE-ProRule:PRU01023	S-adenosyl-L-methionine	ChEBI:CHEBI:59789							binding_site
Q9VE00	482	ECO:0000250	heme	ChEBI:CHEBI:30413			Fe	ChEBI:CHEBI:18248		axial binding residue	binding_site
Q9VE01	482	ECO:0000250	heme	ChEBI:CHEBI:30413			Fe	ChEBI:CHEBI:18248		axial binding residue	binding_site
Q9VE51	164	ECO:0000250|UniProtKB:Q9UKF6	Zn(2+)	ChEBI:CHEBI:29105	1						binding_site
Q9VE51	185	ECO:0000250|UniProtKB:Q9UKF6	Zn(2+)	ChEBI:CHEBI:29105	1;2						binding_site
Q9VE51	424	ECO:0000250|UniProtKB:Q9UKF6	Zn(2+)	ChEBI:CHEBI:29105	2						binding_site
Q9VE51	77	ECO:0000250|UniProtKB:Q9UKF6	Zn(2+)	ChEBI:CHEBI:29105	1						binding_site
Q9VE51	79	ECO:0000250|UniProtKB:Q9UKF6	Zn(2+)	ChEBI:CHEBI:29105	1						binding_site
Q9VE51	81	ECO:0000250|UniProtKB:Q9UKF6	Zn(2+)	ChEBI:CHEBI:29105	2						binding_site
Q9VE51	82	ECO:0000250|UniProtKB:Q9UKF6	Zn(2+)	ChEBI:CHEBI:29105	2						binding_site
Q9VE86	162	ECO:0000269|PubMed:18956248	Mg(2+)	ChEBI:CHEBI:18420	1;2	catalytic					binding_site
Q9VE86	164	ECO:0000269|PubMed:18956248	Mg(2+)	ChEBI:CHEBI:18420	1	catalytic					binding_site
Q9VE86	300	ECO:0000250|UniProtKB:Q14191	Mg(2+)	ChEBI:CHEBI:18420	1	catalytic					binding_site
Q9VEG6	568	ECO:0000250|UniProtKB:P05164, ECO:0000255|PROSITE-ProRule:PRU00298	heme b	ChEBI:CHEBI:60344			Fe	ChEBI:CHEBI:18248		axial binding residue	binding_site
Q9VEP1	124	ECO:0000255|HAMAP-Rule:MF_03162	S-adenosyl-L-methionine	ChEBI:CHEBI:59789							binding_site
Q9VEP1	53	ECO:0000255|HAMAP-Rule:MF_03162	S-adenosyl-L-methionine	ChEBI:CHEBI:59789							binding_site
Q9VEP1	55	ECO:0000255|HAMAP-Rule:MF_03162	S-adenosyl-L-methionine	ChEBI:CHEBI:59789							binding_site
Q9VEP1	82	ECO:0000255|HAMAP-Rule:MF_03162	S-adenosyl-L-methionine	ChEBI:CHEBI:59789							binding_site
Q9VEP1	98	ECO:0000255|HAMAP-Rule:MF_03162	S-adenosyl-L-methionine	ChEBI:CHEBI:59789							binding_site
Q9VEU5	104	ECO:0000250|UniProtKB:P16068	heme	ChEBI:CHEBI:30413			Fe	ChEBI:CHEBI:18248		proximal binding residue	binding_site
Q9VEU6	104	ECO:0000250|UniProtKB:P16068	heme	ChEBI:CHEBI:30413			Fe	ChEBI:CHEBI:18248		proximal binding residue	binding_site
Q9VEX0	327	ECO:0000250	Ca(2+)	ChEBI:CHEBI:29108							binding_site
Q9VEX0	328	ECO:0000250	Ca(2+)	ChEBI:CHEBI:29108							binding_site
Q9VEX0	62	ECO:0000250	Ca(2+)	ChEBI:CHEBI:29108							binding_site
Q9VEX0	63	ECO:0000250	Ca(2+)	ChEBI:CHEBI:29108							binding_site
Q9VEX0	98	ECO:0000250	Ca(2+)	ChEBI:CHEBI:29108						via 3-oxoalanine	binding_site
Q9VEX6	358-365	ECO:0000255	ATP	ChEBI:CHEBI:30616							binding_site
Q9VEZ5	47-55	ECO:0000250|UniProtKB:O14920, ECO:0000255|PROSITE-ProRule:PRU00159	ATP	ChEBI:CHEBI:30616							binding_site
Q9VEZ5	70		ATP	ChEBI:CHEBI:30616							binding_site
Q9VF26	138-145	ECO:0000255|PROSITE-ProRule:PRU00541	ATP	ChEBI:CHEBI:30616							binding_site
Q9VF27	118	ECO:0000255|PROSITE-ProRule:PRU00711	[4Fe-4S] cluster	ChEBI:CHEBI:49883	1						binding_site
Q9VF27	121	ECO:0000255|PROSITE-ProRule:PRU00711	[4Fe-4S] cluster	ChEBI:CHEBI:49883	1						binding_site
Q9VF27	124	ECO:0000255|PROSITE-ProRule:PRU00711	[4Fe-4S] cluster	ChEBI:CHEBI:49883	1						binding_site
Q9VF27	128	ECO:0000255|PROSITE-ProRule:PRU00711	[4Fe-4S] cluster	ChEBI:CHEBI:49883	1						binding_site
Q9VF27	157	ECO:0000255|PROSITE-ProRule:PRU00711	[4Fe-4S] cluster	ChEBI:CHEBI:49883	2						binding_site
Q9VF27	160	ECO:0000255|PROSITE-ProRule:PRU00711	[4Fe-4S] cluster	ChEBI:CHEBI:49883	2						binding_site
Q9VF27	163	ECO:0000255|PROSITE-ProRule:PRU00711	[4Fe-4S] cluster	ChEBI:CHEBI:49883	2						binding_site
Q9VF27	167	ECO:0000255|PROSITE-ProRule:PRU00711	[4Fe-4S] cluster	ChEBI:CHEBI:49883	2						binding_site
Q9VF30	281	ECO:0000250|UniProtKB:Q9UJA3	Zn(2+)	ChEBI:CHEBI:29105							binding_site
Q9VF30	284	ECO:0000250|UniProtKB:Q9UJA3	Zn(2+)	ChEBI:CHEBI:29105							binding_site
Q9VF30	303	ECO:0000250|UniProtKB:Q9UJA3	Zn(2+)	ChEBI:CHEBI:29105							binding_site
Q9VF30	308	ECO:0000250|UniProtKB:Q9UJA3	Zn(2+)	ChEBI:CHEBI:29105							binding_site
Q9VF30	473-480	ECO:0000255	ATP	ChEBI:CHEBI:30616							binding_site
Q9VFC8	61	ECO:0000250	UDP-alpha-D-glucose	ChEBI:CHEBI:58885							binding_site
Q9VFF3	296	ECO:0000250|UniProtKB:Q01780	Mg(2+)	ChEBI:CHEBI:18420	1;2						binding_site
Q9VFF3	298	ECO:0000250|UniProtKB:Q01780	Mg(2+)	ChEBI:CHEBI:18420	2						binding_site
Q9VFF3	354	ECO:0000250|UniProtKB:Q01780	Mg(2+)	ChEBI:CHEBI:18420	1						binding_site
Q9VFF3	423	ECO:0000250|UniProtKB:Q01780	Mg(2+)	ChEBI:CHEBI:18420	2						binding_site
Q9VFI9	722	ECO:0000250	a divalent metal cation	ChEBI:CHEBI:60240	1						binding_site
Q9VFI9	758	ECO:0000250	a divalent metal cation	ChEBI:CHEBI:60240	1						binding_site
Q9VFI9	759	ECO:0000250	a divalent metal cation	ChEBI:CHEBI:60240	1;2						binding_site
Q9VFI9	869	ECO:0000250	a divalent metal cation	ChEBI:CHEBI:60240	1						binding_site
Q9VFJ0	438	ECO:0000250	heme	ChEBI:CHEBI:30413			Fe	ChEBI:CHEBI:18248		axial binding residue	binding_site
Q9VFK6	565-567	ECO:0000255|PROSITE-ProRule:PRU00904	S-adenosyl-L-methionine	ChEBI:CHEBI:59789							binding_site
Q9VFK6	610	ECO:0000255|PROSITE-ProRule:PRU00190, ECO:0000255|PROSITE-ProRule:PRU00904	S-adenosyl-L-methionine	ChEBI:CHEBI:59789							binding_site
Q9VFK6	637-638	ECO:0000255|PROSITE-ProRule:PRU00904	S-adenosyl-L-methionine	ChEBI:CHEBI:59789							binding_site
Q9VFL5	320	ECO:0000250	ATP	ChEBI:CHEBI:30616							binding_site
Q9VFP1	453	ECO:0000250	heme	ChEBI:CHEBI:30413			Fe	ChEBI:CHEBI:18248		axial binding residue	binding_site
Q9VFS2	211	ECO:0000250	Fe cation	ChEBI:CHEBI:24875		catalytic					binding_site
Q9VFS2	267	ECO:0000250	Fe cation	ChEBI:CHEBI:24875		catalytic					binding_site
Q9VFS2	337	ECO:0000250	Fe cation	ChEBI:CHEBI:24875		catalytic					binding_site
Q9VFS2	612	ECO:0000250	Fe cation	ChEBI:CHEBI:24875		catalytic					binding_site
Q9VG17	454	ECO:0000250	heme	ChEBI:CHEBI:30413			Fe	ChEBI:CHEBI:18248		axial binding residue	binding_site
Q9VG40	440	ECO:0000250	heme	ChEBI:CHEBI:30413			Fe	ChEBI:CHEBI:18248		axial binding residue	binding_site
Q9VG82	460	ECO:0000250	heme	ChEBI:CHEBI:30413			Fe	ChEBI:CHEBI:18248		axial binding residue	binding_site
Q9VG93	53-55	ECO:0000250	glutathione	ChEBI:CHEBI:57925							binding_site
Q9VG93	67-69	ECO:0000250	glutathione	ChEBI:CHEBI:57925							binding_site
Q9VG94	50-52	ECO:0000250	glutathione	ChEBI:CHEBI:57925							binding_site
Q9VG94	64-66	ECO:0000250	glutathione	ChEBI:CHEBI:57925							binding_site
Q9VG94	9	ECO:0000250	glutathione	ChEBI:CHEBI:57925							binding_site
Q9VG95	50-52	ECO:0000250	glutathione	ChEBI:CHEBI:57925							binding_site
Q9VG95	64-66	ECO:0000250	glutathione	ChEBI:CHEBI:57925							binding_site
Q9VG96	50-52	ECO:0000250	glutathione	ChEBI:CHEBI:57925							binding_site
Q9VG96	64-66	ECO:0000250	glutathione	ChEBI:CHEBI:57925							binding_site
Q9VG96	9	ECO:0000250	glutathione	ChEBI:CHEBI:57925							binding_site
Q9VG97	34-36	ECO:0000250	glutathione	ChEBI:CHEBI:57925							binding_site
Q9VG97	48-50	ECO:0000250	glutathione	ChEBI:CHEBI:57925							binding_site
Q9VG98	50-52	ECO:0000250	glutathione	ChEBI:CHEBI:57925							binding_site
Q9VG98	64-66	ECO:0000250	glutathione	ChEBI:CHEBI:57925							binding_site
Q9VGB3	438	ECO:0000250	heme	ChEBI:CHEBI:30413			Fe	ChEBI:CHEBI:18248		axial binding residue	binding_site
Q9VGB4	438	ECO:0000250	heme	ChEBI:CHEBI:30413			Fe	ChEBI:CHEBI:18248		axial binding residue	binding_site
Q9VGB5	433	ECO:0000250	heme	ChEBI:CHEBI:30413			Fe	ChEBI:CHEBI:18248		axial binding residue	binding_site
Q9VGH1	466	ECO:0000250|UniProtKB:P04798	heme	ChEBI:CHEBI:30413			Fe	ChEBI:CHEBI:18248		axial binding residue	binding_site
Q9VGH7	243	ECO:0000250	chloride	ChEBI:CHEBI:17996							binding_site
Q9VGH7	538	ECO:0000250	chloride	ChEBI:CHEBI:17996							binding_site
Q9VGH7	632	ECO:0000250	chloride	ChEBI:CHEBI:17996							binding_site
Q9VGI8	1051	ECO:0000250|UniProtKB:P54132	ATP	ChEBI:CHEBI:30616							binding_site
Q9VGI8	1105	ECO:0000250|UniProtKB:P54132	Zn(2+)	ChEBI:CHEBI:29105							binding_site
Q9VGI8	1123	ECO:0000250|UniProtKB:P54132	Zn(2+)	ChEBI:CHEBI:29105							binding_site
Q9VGI8	1131	ECO:0000250|UniProtKB:P54132	Zn(2+)	ChEBI:CHEBI:29105							binding_site
Q9VGI8	1134	ECO:0000250|UniProtKB:P54132	Zn(2+)	ChEBI:CHEBI:29105							binding_site
Q9VGI8	1313	ECO:0000250|UniProtKB:P54132	ATP	ChEBI:CHEBI:30616							binding_site
Q9VGI8	738-742	ECO:0000250|UniProtKB:P54132	ATP	ChEBI:CHEBI:30616							binding_site
Q9VGI8	762-766	ECO:0000250|UniProtKB:P54132	ATP	ChEBI:CHEBI:30616							binding_site
Q9VGN7	213	ECO:0000250|UniProtKB:Q9NVH0	a divalent metal cation	ChEBI:CHEBI:60240	1	catalytic					binding_site
Q9VGN7	83	ECO:0000250|UniProtKB:Q9NVH0	a divalent metal cation	ChEBI:CHEBI:60240	1;2	catalytic					binding_site
Q9VGN7	85	ECO:0000250|UniProtKB:Q9NVH0	a divalent metal cation	ChEBI:CHEBI:60240	1	catalytic					binding_site
Q9VGP1	1450	ECO:0000255|PROSITE-ProRule:PRU00091	Zn(2+)	ChEBI:CHEBI:29105	1						binding_site
Q9VGP1	1453	ECO:0000255|PROSITE-ProRule:PRU00091	Zn(2+)	ChEBI:CHEBI:29105	1						binding_site
Q9VGP1	1467	ECO:0000255|PROSITE-ProRule:PRU00091	Zn(2+)	ChEBI:CHEBI:29105	2						binding_site
Q9VGP1	1470	ECO:0000255|PROSITE-ProRule:PRU00091	Zn(2+)	ChEBI:CHEBI:29105	2						binding_site
Q9VGP1	1475	ECO:0000255|PROSITE-ProRule:PRU00091	Zn(2+)	ChEBI:CHEBI:29105	1						binding_site
Q9VGP1	1478	ECO:0000255|PROSITE-ProRule:PRU00091	Zn(2+)	ChEBI:CHEBI:29105	1						binding_site
Q9VGP1	1497	ECO:0000255|PROSITE-ProRule:PRU00091	Zn(2+)	ChEBI:CHEBI:29105	2						binding_site
Q9VGP1	1500	ECO:0000255|PROSITE-ProRule:PRU00091	Zn(2+)	ChEBI:CHEBI:29105	2						binding_site
Q9VGP2	48-77	ECO:0000250	FAD	ChEBI:CHEBI:57692							binding_site
Q9VGQ9	26	ECO:0000250|UniProtKB:Q3E840	Fe cation	ChEBI:CHEBI:24875							binding_site
Q9VGQ9	28	ECO:0000250|UniProtKB:Q3E840	Fe cation	ChEBI:CHEBI:24875							binding_site
Q9VGQ9	48	ECO:0000250|UniProtKB:Q3E840	Fe cation	ChEBI:CHEBI:24875							binding_site
Q9VGQ9	51	ECO:0000250|UniProtKB:Q3E840	Fe cation	ChEBI:CHEBI:24875							binding_site
Q9VGU6	126	ECO:0000255|HAMAP-Rule:MF_03169	GTP	ChEBI:CHEBI:37565							binding_site
Q9VGU6	135-136	ECO:0000255|HAMAP-Rule:MF_03169	GTP	ChEBI:CHEBI:37565							binding_site
Q9VGU6	15-20	ECO:0000255|HAMAP-Rule:MF_03169	GTP	ChEBI:CHEBI:37565							binding_site
Q9VGU6	159	ECO:0000255|HAMAP-Rule:MF_03169	AMP	ChEBI:CHEBI:456215							binding_site
Q9VGU6	170	ECO:0000255|HAMAP-Rule:MF_03169	AMP	ChEBI:CHEBI:456215							binding_site
Q9VGU6	199	ECO:0000255|HAMAP-Rule:MF_03169	GTP	ChEBI:CHEBI:37565							binding_site
Q9VGU6	36	ECO:0000255|HAMAP-Rule:MF_03169	AMP	ChEBI:CHEBI:456215							binding_site
Q9VGU6	41	ECO:0000255|HAMAP-Rule:MF_03169	AMP	ChEBI:CHEBI:456215							binding_site
Q9VGU6	62-64	ECO:0000255|HAMAP-Rule:MF_03169	AMP	ChEBI:CHEBI:456215							binding_site
Q9VGU6	89-92	ECO:0000255|HAMAP-Rule:MF_03169	AMP	ChEBI:CHEBI:456215							binding_site
Q9VGU6	96	ECO:0000255|HAMAP-Rule:MF_03169	AMP	ChEBI:CHEBI:456215							binding_site
Q9VGW6	368	ECO:0000250|UniProtKB:P33992	ADP	ChEBI:CHEBI:456216		ligand shared with MCM3					binding_site
Q9VGY5	103	ECO:0000250	S-adenosyl-L-methionine	ChEBI:CHEBI:59789							binding_site
Q9VGY5	126	ECO:0000250	S-adenosyl-L-methionine	ChEBI:CHEBI:59789							binding_site
Q9VGY5	133	ECO:0000250	S-adenosyl-L-methionine	ChEBI:CHEBI:59789							binding_site
Q9VGY5	55-57	ECO:0000250	S-adenosyl-L-methionine	ChEBI:CHEBI:59789							binding_site
Q9VGY5	74	ECO:0000250	S-adenosyl-L-methionine	ChEBI:CHEBI:59789							binding_site
Q9VGZ0	468	ECO:0000250	heme	ChEBI:CHEBI:30413			Fe	ChEBI:CHEBI:18248		axial binding residue	binding_site
Q9VGZ1	101	ECO:0000255|PROSITE-ProRule:PRU00780	[4Fe-4S] cluster	ChEBI:CHEBI:49883	1						binding_site
Q9VGZ1	137	ECO:0000255|PROSITE-ProRule:PRU00780	[4Fe-4S] cluster	ChEBI:CHEBI:49883	1						binding_site
Q9VGZ1	175	ECO:0000255|PROSITE-ProRule:PRU00780	[4Fe-4S] cluster	ChEBI:CHEBI:49883	1						binding_site
Q9VGZ1	251	ECO:0000255|PROSITE-ProRule:PRU00780	[4Fe-4S] cluster	ChEBI:CHEBI:49883	2	4Fe-4S-S-AdoMet					binding_site
Q9VGZ1	255	ECO:0000255|PROSITE-ProRule:PRU00780	[4Fe-4S] cluster	ChEBI:CHEBI:49883	2	4Fe-4S-S-AdoMet					binding_site
Q9VGZ1	258	ECO:0000255|PROSITE-ProRule:PRU00780	[4Fe-4S] cluster	ChEBI:CHEBI:49883	2	4Fe-4S-S-AdoMet					binding_site
Q9VH07	70-77	ECO:0000250|UniProtKB:Q9Y230	ATP	ChEBI:CHEBI:30616							binding_site
Q9VH08	113	ECO:0000250|UniProtKB:Q8N6T7	NAD(+)	ChEBI:CHEBI:57540							binding_site
Q9VH08	133	ECO:0000250|UniProtKB:Q8N6T7	NAD(+)	ChEBI:CHEBI:57540							binding_site
Q9VH08	141	ECO:0000255|PROSITE-ProRule:PRU00236	Zn(2+)	ChEBI:CHEBI:29105							binding_site
Q9VH08	144	ECO:0000255|PROSITE-ProRule:PRU00236	Zn(2+)	ChEBI:CHEBI:29105							binding_site
Q9VH08	166	ECO:0000255|PROSITE-ProRule:PRU00236	Zn(2+)	ChEBI:CHEBI:29105							binding_site
Q9VH08	177	ECO:0000255|PROSITE-ProRule:PRU00236	Zn(2+)	ChEBI:CHEBI:29105							binding_site
Q9VH08	215	ECO:0000250|UniProtKB:Q8N6T7	NAD(+)	ChEBI:CHEBI:57540							binding_site
Q9VH08	241	ECO:0000250|UniProtKB:Q8N6T7	NAD(+)	ChEBI:CHEBI:57540							binding_site
Q9VH08	243	ECO:0000250|UniProtKB:Q8N6T7	NAD(+)	ChEBI:CHEBI:57540							binding_site
Q9VH08	259	ECO:0000250|UniProtKB:Q8N6T7	NAD(+)	ChEBI:CHEBI:57540							binding_site
Q9VH08	53	ECO:0000250|UniProtKB:Q8N6T7	NAD(+)	ChEBI:CHEBI:57540							binding_site
Q9VH08	57	ECO:0000250|UniProtKB:Q8N6T7	NAD(+)	ChEBI:CHEBI:57540							binding_site
Q9VH08	64	ECO:0000250|UniProtKB:Q8N6T7	NAD(+)	ChEBI:CHEBI:57540							binding_site
Q9VH08	65	ECO:0000250|UniProtKB:Q8N6T7	NAD(+)	ChEBI:CHEBI:57540							binding_site
Q9VH08	71	ECO:0000250|UniProtKB:Q8N6T7	NAD(+)	ChEBI:CHEBI:57540							binding_site
Q9VH14	28	ECO:0000250|UniProtKB:P01033	Zn(2+)	ChEBI:CHEBI:29105		ligand shared with metalloproteinase partner					binding_site
Q9VH19	257	ECO:0000255|PROSITE-ProRule:PRU10095	Zn(2+)	ChEBI:CHEBI:29105		catalytic					binding_site
Q9VH19	261	ECO:0000255|PROSITE-ProRule:PRU10095	Zn(2+)	ChEBI:CHEBI:29105		catalytic					binding_site
Q9VH19	364	ECO:0000255|PROSITE-ProRule:PRU10095	Zn(2+)	ChEBI:CHEBI:29105		catalytic					binding_site
Q9VH20	15	ECO:0000250	Zn(2+)	ChEBI:CHEBI:29105							binding_site
Q9VH20	18	ECO:0000250	Zn(2+)	ChEBI:CHEBI:29105							binding_site
Q9VH20	32	ECO:0000250	Zn(2+)	ChEBI:CHEBI:29105							binding_site
Q9VH20	35	ECO:0000250	Zn(2+)	ChEBI:CHEBI:29105							binding_site
Q9VH36	455	ECO:0000255|PROSITE-ProRule:PRU01124	Zn(2+)	ChEBI:CHEBI:29105							binding_site
Q9VH36	458	ECO:0000255|PROSITE-ProRule:PRU01124	Zn(2+)	ChEBI:CHEBI:29105							binding_site
Q9VH36	524	ECO:0000255|PROSITE-ProRule:PRU01124	Zn(2+)	ChEBI:CHEBI:29105							binding_site
Q9VH36	527	ECO:0000255|PROSITE-ProRule:PRU01124	Zn(2+)	ChEBI:CHEBI:29105							binding_site
Q9VH38	125	ECO:0000255|PROSITE-ProRule:PRU01026	S-adenosyl-L-methionine	ChEBI:CHEBI:59789							binding_site
Q9VH38	46	ECO:0000255|PROSITE-ProRule:PRU01026	S-adenosyl-L-methionine	ChEBI:CHEBI:59789							binding_site
Q9VH38	99	ECO:0000255|PROSITE-ProRule:PRU01026	S-adenosyl-L-methionine	ChEBI:CHEBI:59789							binding_site
Q9VH48	154	ECO:0000250	S-adenosyl-L-methionine	ChEBI:CHEBI:59789							binding_site
Q9VH48	163	ECO:0000250	S-adenosyl-L-methionine	ChEBI:CHEBI:59789							binding_site
Q9VH48	187	ECO:0000250	S-adenosyl-L-methionine	ChEBI:CHEBI:59789							binding_site
Q9VH48	209	ECO:0000250	S-adenosyl-L-methionine	ChEBI:CHEBI:59789							binding_site
Q9VH48	238	ECO:0000250	S-adenosyl-L-methionine	ChEBI:CHEBI:59789							binding_site
Q9VH48	266	ECO:0000250	S-adenosyl-L-methionine	ChEBI:CHEBI:59789							binding_site
Q9VH69	21	ECO:0000255	Zn(2+)	ChEBI:CHEBI:29105							binding_site
Q9VH69	24	ECO:0000255	Zn(2+)	ChEBI:CHEBI:29105							binding_site
Q9VH69	39	ECO:0000255	Zn(2+)	ChEBI:CHEBI:29105							binding_site
Q9VH69	42	ECO:0000255	Zn(2+)	ChEBI:CHEBI:29105							binding_site
Q9VHA0	63	ECO:0000255|PROSITE-ProRule:PRU00367	Zn(2+)	ChEBI:CHEBI:29105							binding_site
Q9VHA0	66	ECO:0000255|PROSITE-ProRule:PRU00367	Zn(2+)	ChEBI:CHEBI:29105							binding_site
Q9VHA0	87	ECO:0000255|PROSITE-ProRule:PRU00367	Zn(2+)	ChEBI:CHEBI:29105							binding_site
Q9VHA0	91	ECO:0000255|PROSITE-ProRule:PRU00367	Zn(2+)	ChEBI:CHEBI:29105							binding_site
Q9VHB3	117-119	ECO:0000250|UniProtKB:Q9BQ65	AMP	ChEBI:CHEBI:456215							binding_site
Q9VHB3	200	ECO:0000250|UniProtKB:Q9BQ65	AMP;UMP	ChEBI:CHEBI:456215;ChEBI:CHEBI:57865							binding_site
Q9VHB3	202-208	ECO:0000250|UniProtKB:Q9BQ65	AMP	ChEBI:CHEBI:456215							binding_site
Q9VHB3	204-208	ECO:0000250|UniProtKB:Q9BQ65	UMP	ChEBI:CHEBI:57865							binding_site
Q9VHC5	643	ECO:0000255|PROSITE-ProRule:PRU00538	Fe cation	ChEBI:CHEBI:24875		catalytic					binding_site
Q9VHC5	645	ECO:0000255|PROSITE-ProRule:PRU00538	Fe cation	ChEBI:CHEBI:24875		catalytic					binding_site
Q9VHC5	774	ECO:0000255|PROSITE-ProRule:PRU00538	Fe cation	ChEBI:CHEBI:24875		catalytic					binding_site
Q9VHD2	121	ECO:0000250	glutathione	ChEBI:CHEBI:57925							binding_site
Q9VHD2	125-127	ECO:0000250	glutathione	ChEBI:CHEBI:57925							binding_site
Q9VHD2	24-29	ECO:0000250	glutathione	ChEBI:CHEBI:57925							binding_site
Q9VHD2	55	ECO:0000250	glutathione	ChEBI:CHEBI:57925							binding_site
Q9VHD2	69	ECO:0000250	glutathione	ChEBI:CHEBI:57925							binding_site
Q9VHD2	81-82	ECO:0000250	glutathione	ChEBI:CHEBI:57925							binding_site
Q9VHD3	100-101	ECO:0000250	glutathione	ChEBI:CHEBI:57925							binding_site
Q9VHD3	140	ECO:0000250	glutathione	ChEBI:CHEBI:57925							binding_site
Q9VHD3	144-146	ECO:0000250	glutathione	ChEBI:CHEBI:57925							binding_site
Q9VHD3	42-47	ECO:0000250	glutathione	ChEBI:CHEBI:57925							binding_site
Q9VHD3	88	ECO:0000250	glutathione	ChEBI:CHEBI:57925							binding_site
Q9VHF2	169	ECO:0000250|UniProtKB:P45548	a divalent metal cation	ChEBI:CHEBI:60240	1;2						binding_site
Q9VHF2	201	ECO:0000250|UniProtKB:P45548	a divalent metal cation	ChEBI:CHEBI:60240	2						binding_site
Q9VHF2	22	ECO:0000250|UniProtKB:P45548	a divalent metal cation	ChEBI:CHEBI:60240	1						binding_site
Q9VHF2	230	ECO:0000250|UniProtKB:P45548	a divalent metal cation	ChEBI:CHEBI:60240	2						binding_site
Q9VHF2	24	ECO:0000250|UniProtKB:P45548	a divalent metal cation	ChEBI:CHEBI:60240	1						binding_site
Q9VHF2	298	ECO:0000250|UniProtKB:P45548	a divalent metal cation	ChEBI:CHEBI:60240	1						binding_site
Q9VHH7	14	ECO:0000250|UniProtKB:Q8LPL7	Zn(2+)	ChEBI:CHEBI:29105		catalytic					binding_site
Q9VHH7	16	ECO:0000250|UniProtKB:Q8LPL7	N(6)-methyl-AMP;Zn(2+)	ChEBI:CHEBI:144842;ChEBI:CHEBI:29105		catalytic					binding_site
Q9VHH7	171	ECO:0000250|UniProtKB:Q8LPL7	N(6)-methyl-AMP	ChEBI:CHEBI:144842							binding_site
Q9VHH7	18	ECO:0000250|UniProtKB:Q8LPL7	N(6)-methyl-AMP	ChEBI:CHEBI:144842							binding_site
Q9VHH7	198	ECO:0000250|UniProtKB:Q8LPL7	Zn(2+)	ChEBI:CHEBI:29105		catalytic					binding_site
Q9VHH7	201	ECO:0000250|UniProtKB:Q8LPL7	N(6)-methyl-AMP	ChEBI:CHEBI:144842							binding_site
Q9VHH7	276	ECO:0000250|UniProtKB:Q8LPL7	N(6)-methyl-AMP;Zn(2+)	ChEBI:CHEBI:144842;ChEBI:CHEBI:29105		catalytic					binding_site
Q9VHH7	277	ECO:0000250|UniProtKB:Q8LPL7	N(6)-methyl-AMP	ChEBI:CHEBI:144842							binding_site
Q9VHH7	66	ECO:0000250|UniProtKB:Q8LPL7	N(6)-methyl-AMP	ChEBI:CHEBI:144842							binding_site
Q9VHH7	98-101	ECO:0000250|UniProtKB:Q8LPL7	N(6)-methyl-AMP	ChEBI:CHEBI:144842							binding_site
Q9VHH9	241	ECO:0000250	substrate								binding_site
Q9VHH9	244	ECO:0000255|PROSITE-ProRule:PRU00538	Fe cation	ChEBI:CHEBI:24875		catalytic					binding_site
Q9VHH9	246	ECO:0000255|PROSITE-ProRule:PRU00538	Fe cation	ChEBI:CHEBI:24875		catalytic					binding_site
Q9VHH9	261	ECO:0000250	substrate								binding_site
Q9VHH9	316	ECO:0000255|PROSITE-ProRule:PRU00538	Fe cation	ChEBI:CHEBI:24875		catalytic					binding_site
Q9VHH9	678	ECO:0000255|PROSITE-ProRule:PRU00509	Zn(2+)	ChEBI:CHEBI:29105	1						binding_site
Q9VHH9	681	ECO:0000255|PROSITE-ProRule:PRU00509	Zn(2+)	ChEBI:CHEBI:29105	1						binding_site
Q9VHH9	684	ECO:0000255|PROSITE-ProRule:PRU00509	Zn(2+)	ChEBI:CHEBI:29105	1						binding_site
Q9VHH9	689	ECO:0000255|PROSITE-ProRule:PRU00509	Zn(2+)	ChEBI:CHEBI:29105	2						binding_site
Q9VHH9	692	ECO:0000255|PROSITE-ProRule:PRU00509	Zn(2+)	ChEBI:CHEBI:29105	2						binding_site
Q9VHH9	695	ECO:0000255|PROSITE-ProRule:PRU00509	Zn(2+)	ChEBI:CHEBI:29105	2						binding_site
Q9VHH9	711	ECO:0000255|PROSITE-ProRule:PRU00509	Zn(2+)	ChEBI:CHEBI:29105	2						binding_site
Q9VHH9	716	ECO:0000255|PROSITE-ProRule:PRU00509	Zn(2+)	ChEBI:CHEBI:29105	1						binding_site
Q9VHM6	52	ECO:0000255|PROSITE-ProRule:PRU01263	Zn(2+)	ChEBI:CHEBI:29105							binding_site
Q9VHM6	55	ECO:0000255|PROSITE-ProRule:PRU01263	Zn(2+)	ChEBI:CHEBI:29105							binding_site
Q9VHM6	6	ECO:0000255|PROSITE-ProRule:PRU01263	Zn(2+)	ChEBI:CHEBI:29105							binding_site
Q9VHM6	9	ECO:0000255|PROSITE-ProRule:PRU01263	Zn(2+)	ChEBI:CHEBI:29105							binding_site
Q9VHP0	315-322	ECO:0000255|PROSITE-ProRule:PRU00541	ATP	ChEBI:CHEBI:30616							binding_site
Q9VHP0	339-346	ECO:0000255|PROSITE-ProRule:PRU00541	ATP	ChEBI:CHEBI:30616							binding_site
Q9VHP4	449	ECO:0000250	heme	ChEBI:CHEBI:30413			Fe	ChEBI:CHEBI:18248		axial binding residue	binding_site
Q9VHR8	506	ECO:0000250|UniProtKB:Q9NY33	Zn(2+)	ChEBI:CHEBI:29105		catalytic					binding_site
Q9VHR8	511	ECO:0000250|UniProtKB:Q9NY33	Zn(2+)	ChEBI:CHEBI:29105		catalytic					binding_site
Q9VHR8	564	ECO:0000250|UniProtKB:Q9NY33	Zn(2+)	ChEBI:CHEBI:29105		catalytic					binding_site
Q9VHS8	70-77	ECO:0000255|PROSITE-ProRule:PRU00541	ATP	ChEBI:CHEBI:30616							binding_site
Q9VHU1	51-58	ECO:0000255|PROSITE-ProRule:PRU00541	ATP	ChEBI:CHEBI:30616							binding_site
Q9VHV1	113	ECO:0000250|UniProtKB:Q9UNA4	Mg(2+)	ChEBI:CHEBI:18420							binding_site
Q9VHV1	21	ECO:0000250|UniProtKB:Q9UNA4	Mg(2+)	ChEBI:CHEBI:18420							binding_site
Q9VHV1	26	ECO:0000250|UniProtKB:Q9UNA4	a 2'-deoxyribonucleoside 5'-triphosphate	ChEBI:CHEBI:61560							binding_site
Q9VHV1	58	ECO:0000250|UniProtKB:Q9UNA4	a 2'-deoxyribonucleoside 5'-triphosphate	ChEBI:CHEBI:61560							binding_site
Q9VHV5	130-133	ECO:0000250	GTP	ChEBI:CHEBI:37565							binding_site
Q9VHV5	29-35	ECO:0000250	GTP	ChEBI:CHEBI:37565							binding_site
Q9VHV5	71-75	ECO:0000250	GTP	ChEBI:CHEBI:37565							binding_site
Q9VI13	436-444	ECO:0000255|PROSITE-ProRule:PRU00159	ATP	ChEBI:CHEBI:30616							binding_site
Q9VI13	459	ECO:0000255|PROSITE-ProRule:PRU00159	ATP	ChEBI:CHEBI:30616							binding_site
Q9VI58	278	ECO:0000250|UniProtKB:O13833	Mg(2+)	ChEBI:CHEBI:18420		catalytic					binding_site
Q9VI58	280	ECO:0000305|PubMed:26145176	Mg(2+)	ChEBI:CHEBI:18420		catalytic					binding_site
Q9VI85	23	ECO:0000250|UniProtKB:Q47319	Zn(2+)	ChEBI:CHEBI:29105							binding_site
Q9VI85	26	ECO:0000250|UniProtKB:Q47319	Zn(2+)	ChEBI:CHEBI:29105							binding_site
Q9VI85	33	ECO:0000250|UniProtKB:Q47319	Zn(2+)	ChEBI:CHEBI:29105							binding_site
Q9VI85	35	ECO:0000250|UniProtKB:Q47319	Zn(2+)	ChEBI:CHEBI:29105							binding_site
Q9VIE6	331	ECO:0000255|PROSITE-ProRule:PRU01411	Zn(2+)	ChEBI:CHEBI:29105	1						binding_site
Q9VIE6	341	ECO:0000255|PROSITE-ProRule:PRU01411	Zn(2+)	ChEBI:CHEBI:29105	1						binding_site
Q9VIE6	353	ECO:0000255|PROSITE-ProRule:PRU01411	Zn(2+)	ChEBI:CHEBI:29105	1						binding_site
Q9VIE6	356	ECO:0000255|PROSITE-ProRule:PRU01411	Zn(2+)	ChEBI:CHEBI:29105	1						binding_site
Q9VIE6	672	ECO:0000255|PROSITE-ProRule:PRU01412	Zn(2+)	ChEBI:CHEBI:29105	2						binding_site
Q9VIE6	675	ECO:0000255|PROSITE-ProRule:PRU01412	Zn(2+)	ChEBI:CHEBI:29105	2						binding_site
Q9VIE6	686	ECO:0000255|PROSITE-ProRule:PRU01412	Zn(2+)	ChEBI:CHEBI:29105	2						binding_site
Q9VIE6	691	ECO:0000255|PROSITE-ProRule:PRU01412	Zn(2+)	ChEBI:CHEBI:29105	2						binding_site
Q9VIE6	705	ECO:0000255|PROSITE-ProRule:PRU01412	Zn(2+)	ChEBI:CHEBI:29105	3						binding_site
Q9VIE6	708	ECO:0000255|PROSITE-ProRule:PRU01412	Zn(2+)	ChEBI:CHEBI:29105	3						binding_site
Q9VIE6	723	ECO:0000255|PROSITE-ProRule:PRU01412	Zn(2+)	ChEBI:CHEBI:29105	3						binding_site
Q9VIE6	726	ECO:0000255|PROSITE-ProRule:PRU01412	Zn(2+)	ChEBI:CHEBI:29105	3						binding_site
Q9VIF6	105-112	ECO:0000255|PROSITE-ProRule:PRU00541	ATP	ChEBI:CHEBI:30616							binding_site
Q9VIH7	277	ECO:0000269|PubMed:27669036, ECO:0007744|PDB:5HJQ	a 1,2-diacyl-sn-glycero-3-phospho-(1D-myo-inositol)	ChEBI:CHEBI:57880							binding_site
Q9VIH7	281	ECO:0000269|PubMed:27669036, ECO:0007744|PDB:5HJQ	a 1,2-diacyl-sn-glycero-3-phospho-(1D-myo-inositol)	ChEBI:CHEBI:57880							binding_site
Q9VIH7	335-339	ECO:0000269|PubMed:27669036, ECO:0007744|PDB:5HJQ	a 1,2-diacyl-sn-glycero-3-phospho-(1D-myo-inositol)	ChEBI:CHEBI:57880							binding_site
Q9VIH7	75	ECO:0000269|PubMed:27669036, ECO:0007744|PDB:5HJQ	a 1,2-diacyl-sn-glycero-3-phospho-(1D-myo-inositol)	ChEBI:CHEBI:57880							binding_site
Q9VIH7	79	ECO:0000269|PubMed:27669036, ECO:0007744|PDB:5HJQ	a 1,2-diacyl-sn-glycero-3-phospho-(1D-myo-inositol)	ChEBI:CHEBI:57880							binding_site
Q9VIP2	12	ECO:0000250|UniProtKB:Q8WU10	FAD	ChEBI:CHEBI:57692							binding_site
Q9VIP2	125	ECO:0000250|UniProtKB:Q8WU10	FAD	ChEBI:CHEBI:57692							binding_site
Q9VIP2	15	ECO:0000250|UniProtKB:Q8WU10	FAD	ChEBI:CHEBI:57692							binding_site
Q9VIP2	150	ECO:0000250|UniProtKB:Q8WU10	NAD(+)	ChEBI:CHEBI:57540							binding_site
Q9VIP2	151	ECO:0000250|UniProtKB:Q8WU10	NAD(+)	ChEBI:CHEBI:57540							binding_site
Q9VIP2	229	ECO:0000250|UniProtKB:Q8WU10	FAD	ChEBI:CHEBI:57692							binding_site
Q9VIP2	346	ECO:0000250|UniProtKB:Q8WU10	NAD(+)	ChEBI:CHEBI:57540							binding_site
Q9VIP2	36	ECO:0000250|UniProtKB:Q8WU10	FAD	ChEBI:CHEBI:57692							binding_site
Q9VIP2	382	ECO:0000250|UniProtKB:Q8WU10	NAD(+)	ChEBI:CHEBI:57540							binding_site
Q9VIP2	384	ECO:0000250|UniProtKB:Q8WU10	NAD(+)	ChEBI:CHEBI:57540							binding_site
Q9VIP7	221	ECO:0000250|UniProtKB:Q9NUN7	Zn(2+)	ChEBI:CHEBI:29105		catalytic					binding_site
Q9VIP7	225	ECO:0000250|UniProtKB:Q9NUN7	Zn(2+)	ChEBI:CHEBI:29105		catalytic					binding_site
Q9VIP7	28	ECO:0000250|UniProtKB:Q9NUN7	Ca(2+)	ChEBI:CHEBI:29108							binding_site
Q9VIP7	29	ECO:0000250|UniProtKB:Q9NUN7	Ca(2+)	ChEBI:CHEBI:29108							binding_site
Q9VIP7	31	ECO:0000250|UniProtKB:Q9NUN7	Ca(2+)	ChEBI:CHEBI:29108							binding_site
Q9VIP7	33	ECO:0000250|UniProtKB:Q9NUN7	Ca(2+)	ChEBI:CHEBI:29108							binding_site
Q9VIP7	42	ECO:0000250|UniProtKB:Q9NUN7	Ca(2+)	ChEBI:CHEBI:29108							binding_site
Q9VIP7	92	ECO:0000250|UniProtKB:Q9NUN7	Zn(2+)	ChEBI:CHEBI:29105		catalytic					binding_site
Q9VIT2	10-16	ECO:0000250|UniProtKB:Q15126	ATP	ChEBI:CHEBI:30616							binding_site
Q9VIT2	138	ECO:0000250|UniProtKB:Q15126	ATP	ChEBI:CHEBI:30616							binding_site
Q9VIT2	168	ECO:0000250|UniProtKB:Q15126	substrate								binding_site
Q9VIU7	100	ECO:0000250|UniProtKB:Q8U4M3	GDP-alpha-D-mannose	ChEBI:CHEBI:57527							binding_site
Q9VIU7	101	ECO:0000250|UniProtKB:Q8U4M3	GDP-alpha-D-mannose;Mg(2+);Mn(2+)	ChEBI:CHEBI:57527;ChEBI:CHEBI:18420;ChEBI:CHEBI:29035							binding_site
Q9VIU7	128	ECO:0000250|UniProtKB:Q8U4M3	GDP-alpha-D-mannose	ChEBI:CHEBI:57527							binding_site
Q9VIU7	13	ECO:0000250|UniProtKB:Q8U4M3	GDP-alpha-D-mannose	ChEBI:CHEBI:57527							binding_site
Q9VIU7	15	ECO:0000250|UniProtKB:Q8U4M3	GDP-alpha-D-mannose	ChEBI:CHEBI:57527							binding_site
Q9VIU7	17	ECO:0000250|UniProtKB:Q8U4M3	GDP-alpha-D-mannose	ChEBI:CHEBI:57527							binding_site
Q9VIU7	215	ECO:0000250|UniProtKB:Q8U4M3	GDP-alpha-D-mannose	ChEBI:CHEBI:57527							binding_site
Q9VIU7	221	ECO:0000250|UniProtKB:Q8U4M3	GDP-alpha-D-mannose	ChEBI:CHEBI:57527							binding_site
Q9VIU7	44	ECO:0000250|UniProtKB:Q8U4M3	GDP-alpha-D-mannose	ChEBI:CHEBI:57527							binding_site
Q9VIU7	46	ECO:0000250|UniProtKB:Q8U4M3	GDP-alpha-D-mannose	ChEBI:CHEBI:57527							binding_site
Q9VIU7	99	ECO:0000250|UniProtKB:Q8U4M3	GDP-alpha-D-mannose	ChEBI:CHEBI:57527							binding_site
Q9VIW7	120	ECO:0000250|UniProtKB:Q9Y3I0, ECO:0000255|HAMAP-Rule:MF_03144	Mn(2+)	ChEBI:CHEBI:29035	1						binding_site
Q9VIW7	123	ECO:0000250|UniProtKB:Q9Y3I0, ECO:0000255|HAMAP-Rule:MF_03144;ECO:0000250|UniProtKB:Q9Y3I0	Mn(2+)	ChEBI:CHEBI:29035	1;2						binding_site
Q9VIW7	228	ECO:0000250|UniProtKB:Q9Y3I0, ECO:0000255|HAMAP-Rule:MF_03144	Mn(2+)	ChEBI:CHEBI:29035	1						binding_site
Q9VIW7	229	ECO:0000250|UniProtKB:Q9Y3I0	GTP	ChEBI:CHEBI:37565							binding_site
Q9VIW7	231	ECO:0000250|UniProtKB:Q9Y3I0	GTP	ChEBI:CHEBI:37565							binding_site
Q9VIW7	260	ECO:0000250|UniProtKB:Q9Y3I0, ECO:0000255|HAMAP-Rule:MF_03144	Mn(2+)	ChEBI:CHEBI:29035	2						binding_site
Q9VIW7	354	ECO:0000250|UniProtKB:Q9Y3I0, ECO:0000255|HAMAP-Rule:MF_03144	Mn(2+)	ChEBI:CHEBI:29035	2						binding_site
Q9VIW7	355	ECO:0000250|UniProtKB:Q9Y3I0	GTP	ChEBI:CHEBI:37565							binding_site
Q9VIW7	403	ECO:0000250|UniProtKB:Q9Y3I0	GTP	ChEBI:CHEBI:37565							binding_site
Q9VIW7	404	ECO:0000250|UniProtKB:Q9Y3I0	GTP	ChEBI:CHEBI:37565							binding_site
Q9VIW7	410	ECO:0000250|UniProtKB:Q9Y3I0	GTP	ChEBI:CHEBI:37565							binding_site
Q9VIW7	431	ECO:0000250|UniProtKB:Q9Y3I0	GTP	ChEBI:CHEBI:37565							binding_site
Q9VIW7	432	ECO:0000250|UniProtKB:Q9Y3I0	GTP	ChEBI:CHEBI:37565							binding_site
Q9VIW7	505	ECO:0000250|UniProtKB:Q9Y3I0	GTP	ChEBI:CHEBI:37565							binding_site
Q9VJ26	118	ECO:0000255|PROSITE-ProRule:PRU00448	Ca(2+)	ChEBI:CHEBI:29108	2						binding_site
Q9VJ26	120	ECO:0000255|PROSITE-ProRule:PRU00448	Ca(2+)	ChEBI:CHEBI:29108	2						binding_site
Q9VJ26	122	ECO:0000255|PROSITE-ProRule:PRU00448	Ca(2+)	ChEBI:CHEBI:29108	2						binding_site
Q9VJ26	124	ECO:0000255|PROSITE-ProRule:PRU00448	Ca(2+)	ChEBI:CHEBI:29108	2						binding_site
Q9VJ26	129	ECO:0000255|PROSITE-ProRule:PRU00448	Ca(2+)	ChEBI:CHEBI:29108	2						binding_site
Q9VJ26	82	ECO:0000305	Ca(2+)	ChEBI:CHEBI:29108	1						binding_site
Q9VJ26	86	ECO:0000305	Ca(2+)	ChEBI:CHEBI:29108	1						binding_site
Q9VJ26	93	ECO:0000305	Ca(2+)	ChEBI:CHEBI:29108	1						binding_site
Q9VJ31	243	ECO:0000255|PROSITE-ProRule:PRU00333	Zn(2+)	ChEBI:CHEBI:29105							binding_site
Q9VJ31	309	ECO:0000255|PROSITE-ProRule:PRU00333	Zn(2+)	ChEBI:CHEBI:29105							binding_site
Q9VJ31	310	ECO:0000255|PROSITE-ProRule:PRU00333	Zn(2+)	ChEBI:CHEBI:29105							binding_site
Q9VJ71	428	ECO:0000250	heme	ChEBI:CHEBI:30413			Fe	ChEBI:CHEBI:18248		axial binding residue	binding_site
Q9VJ79	1011	ECO:0000255|PROSITE-ProRule:PRU01192	a divalent metal cation	ChEBI:CHEBI:60240	1						binding_site
Q9VJ79	864	ECO:0000255|PROSITE-ProRule:PRU01192	a divalent metal cation	ChEBI:CHEBI:60240	1						binding_site
Q9VJ79	900	ECO:0000255|PROSITE-ProRule:PRU01192	a divalent metal cation	ChEBI:CHEBI:60240	1						binding_site
Q9VJ79	901	ECO:0000255|PROSITE-ProRule:PRU01192	a divalent metal cation	ChEBI:CHEBI:60240	1;2						binding_site
Q9VJ90	151-159	ECO:0000255|PROSITE-ProRule:PRU00159	ATP	ChEBI:CHEBI:30616							binding_site
Q9VJ90	181	ECO:0000255|PROSITE-ProRule:PRU00159, ECO:0000255|PROSITE-ProRule:PRU10141	ATP	ChEBI:CHEBI:30616							binding_site
Q9VJ97	212	ECO:0000255|PROSITE-ProRule:PRU00538	Fe cation	ChEBI:CHEBI:24875		catalytic					binding_site
Q9VJ97	214	ECO:0000255|PROSITE-ProRule:PRU00538	Fe cation	ChEBI:CHEBI:24875		catalytic					binding_site
Q9VJ97	284	ECO:0000255|PROSITE-ProRule:PRU00538	Fe cation	ChEBI:CHEBI:24875		catalytic					binding_site
Q9VJG0	388	ECO:0000250|UniProtKB:O44750	substrate								binding_site
Q9VJG0	408	ECO:0000250|UniProtKB:Q9NQW7	Mn(2+)	ChEBI:CHEBI:29035	1						binding_site
Q9VJG0	419	ECO:0000250|UniProtKB:Q9NQW7	Mn(2+)	ChEBI:CHEBI:29035	1;2						binding_site
Q9VJG0	482	ECO:0000250|UniProtKB:Q9NQW7;ECO:0000250|UniProtKB:O44750	Mn(2+);substrate	ChEBI:CHEBI:29035	2						binding_site
Q9VJG0	491	ECO:0000250|UniProtKB:O44750	substrate								binding_site
Q9VJG0	517	ECO:0000250|UniProtKB:Q9NQW7;ECO:0000250|UniProtKB:O44750	Mn(2+);substrate	ChEBI:CHEBI:29035	2						binding_site
Q9VJG0	531	ECO:0000250|UniProtKB:Q9NQW7	Mn(2+)	ChEBI:CHEBI:29035	1;2						binding_site
Q9VJG0	77	ECO:0000250|UniProtKB:O44750	substrate								binding_site
Q9VJI9	23	ECO:0000255|HAMAP-Rule:MF_03038	[4Fe-4S] cluster	ChEBI:CHEBI:49883	1						binding_site
Q9VJI9	240	ECO:0000255|HAMAP-Rule:MF_03038	[4Fe-4S] cluster	ChEBI:CHEBI:49883	2	ligand shared with heterodimeric partner					binding_site
Q9VJI9	243	ECO:0000255|HAMAP-Rule:MF_03038	[4Fe-4S] cluster	ChEBI:CHEBI:49883	2	ligand shared with heterodimeric partner					binding_site
Q9VJI9	26	ECO:0000255|HAMAP-Rule:MF_03038	[4Fe-4S] cluster	ChEBI:CHEBI:49883	1						binding_site
Q9VJI9	32	ECO:0000255|HAMAP-Rule:MF_03038	[4Fe-4S] cluster	ChEBI:CHEBI:49883	1						binding_site
Q9VJI9	63-70	ECO:0000255|HAMAP-Rule:MF_03038	ATP	ChEBI:CHEBI:30616							binding_site
Q9VJI9	9	ECO:0000255|HAMAP-Rule:MF_03038	[4Fe-4S] cluster	ChEBI:CHEBI:49883	1						binding_site
Q9VJN5	12	ECO:0000255|PROSITE-ProRule:PRU01263	Zn(2+)	ChEBI:CHEBI:29105							binding_site
Q9VJN5	15	ECO:0000255|PROSITE-ProRule:PRU01263	Zn(2+)	ChEBI:CHEBI:29105							binding_site
Q9VJN5	55	ECO:0000255|PROSITE-ProRule:PRU01263	Zn(2+)	ChEBI:CHEBI:29105							binding_site
Q9VJN5	58	ECO:0000255|PROSITE-ProRule:PRU01263	Zn(2+)	ChEBI:CHEBI:29105							binding_site
Q9VJN9	144	ECO:0000255|PROSITE-ProRule:PRU01211	Zn(2+)	ChEBI:CHEBI:29105		catalytic					binding_site
Q9VJN9	148	ECO:0000255|PROSITE-ProRule:PRU01211	Zn(2+)	ChEBI:CHEBI:29105		catalytic					binding_site
Q9VJN9	154	ECO:0000255|PROSITE-ProRule:PRU01211	Zn(2+)	ChEBI:CHEBI:29105		catalytic					binding_site
Q9VJQ4	112-113	ECO:0000255|PROSITE-ProRule:PRU00895	mRNA	ChEBI:CHEBI:33699			mRNA cap				binding_site
Q9VJQ4	116	ECO:0000255|PROSITE-ProRule:PRU00895	S-adenosyl-L-methionine	ChEBI:CHEBI:59789							binding_site
Q9VJQ4	143	ECO:0000255|PROSITE-ProRule:PRU00895	S-adenosyl-L-methionine	ChEBI:CHEBI:59789							binding_site
Q9VJQ4	165	ECO:0000255|PROSITE-ProRule:PRU00895	S-adenosyl-L-methionine	ChEBI:CHEBI:59789							binding_site
Q9VJQ4	202	ECO:0000250|UniProtKB:O43148	S-adenosyl-L-methionine	ChEBI:CHEBI:59789							binding_site
Q9VJQ4	225	ECO:0000250|UniProtKB:O43148	S-adenosyl-L-methionine	ChEBI:CHEBI:59789							binding_site
Q9VJQ4	230	ECO:0000250|UniProtKB:O43148	S-adenosyl-L-methionine	ChEBI:CHEBI:59789							binding_site
Q9VJY8	235	ECO:0000255|PIRSR:PIRSR628651-51, ECO:0000255|PROSITE-ProRule:PRU00146	Zn(2+)	ChEBI:CHEBI:29105	1						binding_site
Q9VJY8	237	ECO:0000255|PIRSR:PIRSR628651-51, ECO:0000255|PROSITE-ProRule:PRU00146	Zn(2+)	ChEBI:CHEBI:29105	1						binding_site
Q9VJY8	248	ECO:0000255|PIRSR:PIRSR628651-51, ECO:0000255|PROSITE-ProRule:PRU00146	Zn(2+)	ChEBI:CHEBI:29105	2						binding_site
Q9VJY8	253	ECO:0000255|PIRSR:PIRSR628651-51, ECO:0000255|PROSITE-ProRule:PRU00146	Zn(2+)	ChEBI:CHEBI:29105	2						binding_site
Q9VJY8	259	ECO:0000255|PIRSR:PIRSR628651-51	Zn(2+)	ChEBI:CHEBI:29105	1						binding_site
Q9VJY8	262	ECO:0000255|PIRSR:PIRSR628651-51, ECO:0000255|PROSITE-ProRule:PRU00146	Zn(2+)	ChEBI:CHEBI:29105	1						binding_site
Q9VJY8	275	ECO:0000255|PIRSR:PIRSR628651-51, ECO:0000255|PROSITE-ProRule:PRU00146	Zn(2+)	ChEBI:CHEBI:29105	2						binding_site
Q9VJY8	278	ECO:0000255|PIRSR:PIRSR628651-51, ECO:0000255|PROSITE-ProRule:PRU00146	Zn(2+)	ChEBI:CHEBI:29105	2						binding_site
Q9VK33	331	ECO:0000255|PROSITE-ProRule:PRU00367	Zn(2+)	ChEBI:CHEBI:29105							binding_site
Q9VK33	334	ECO:0000255|PROSITE-ProRule:PRU00367	Zn(2+)	ChEBI:CHEBI:29105							binding_site
Q9VK33	351	ECO:0000255|PROSITE-ProRule:PRU00367	Zn(2+)	ChEBI:CHEBI:29105							binding_site
Q9VK33	355	ECO:0000255|PROSITE-ProRule:PRU00367	Zn(2+)	ChEBI:CHEBI:29105							binding_site
Q9VK34	229-248	ECO:0000250	NAD(+)	ChEBI:CHEBI:57540							binding_site
Q9VK34	313-316	ECO:0000250	NAD(+)	ChEBI:CHEBI:57540							binding_site
Q9VK34	339	ECO:0000255|PROSITE-ProRule:PRU00236	Zn(2+)	ChEBI:CHEBI:29105							binding_site
Q9VK34	342	ECO:0000255|PROSITE-ProRule:PRU00236	Zn(2+)	ChEBI:CHEBI:29105							binding_site
Q9VK34	363	ECO:0000255|PROSITE-ProRule:PRU00236	Zn(2+)	ChEBI:CHEBI:29105							binding_site
Q9VK34	366	ECO:0000255|PROSITE-ProRule:PRU00236	Zn(2+)	ChEBI:CHEBI:29105							binding_site
Q9VK34	427-429	ECO:0000250	NAD(+)	ChEBI:CHEBI:57540							binding_site
Q9VK34	452-454	ECO:0000250	NAD(+)	ChEBI:CHEBI:57540							binding_site
Q9VK34	469	ECO:0000250	NAD(+)	ChEBI:CHEBI:57540							binding_site
Q9VK50	1014-1016	ECO:0000250|UniProtKB:P26769	ATP	ChEBI:CHEBI:30616							binding_site
Q9VK50	1021-1025	ECO:0000250|UniProtKB:P26769	ATP	ChEBI:CHEBI:30616							binding_site
Q9VK50	1061	ECO:0000250|UniProtKB:P26769	ATP	ChEBI:CHEBI:30616							binding_site
Q9VK50	346-348	ECO:0000250|UniProtKB:P30803	ATP	ChEBI:CHEBI:30616							binding_site
Q9VK50	348	ECO:0000250|UniProtKB:P30803	Mg(2+)	ChEBI:CHEBI:18420	1	catalytic					binding_site
Q9VK50	392	ECO:0000250|UniProtKB:P30803	ATP	ChEBI:CHEBI:30616							binding_site
Q9VK50	903	ECO:0000250|UniProtKB:P26769	ATP	ChEBI:CHEBI:30616							binding_site
Q9VK89	113	ECO:0000250|UniProtKB:O67010	S-adenosyl-L-methionine	ChEBI:CHEBI:59789							binding_site
Q9VK89	131	ECO:0000250|UniProtKB:O67010	S-adenosyl-L-methionine	ChEBI:CHEBI:59789							binding_site
Q9VK89	295	ECO:0000250|UniProtKB:O67010	Zn(2+)	ChEBI:CHEBI:29105							binding_site
Q9VK89	298	ECO:0000250|UniProtKB:O67010	Zn(2+)	ChEBI:CHEBI:29105							binding_site
Q9VK89	335	ECO:0000250|UniProtKB:O67010	Zn(2+)	ChEBI:CHEBI:29105							binding_site
Q9VK89	338	ECO:0000250|UniProtKB:O67010	Zn(2+)	ChEBI:CHEBI:29105							binding_site
Q9VK89	43	ECO:0000250|UniProtKB:O67010	S-adenosyl-L-methionine	ChEBI:CHEBI:59789							binding_site
Q9VKD3	132-133	ECO:0000250|UniProtKB:P0A6B9	pyridoxal 5'-phosphate	ChEBI:CHEBI:597326							binding_site
Q9VKD3	212	ECO:0000250|UniProtKB:O29689	pyridoxal 5'-phosphate	ChEBI:CHEBI:597326							binding_site
Q9VKD3	240	ECO:0000250|UniProtKB:P0A6B9	pyridoxal 5'-phosphate	ChEBI:CHEBI:597326							binding_site
Q9VKD3	260-262	ECO:0000250|UniProtKB:P0A6B9	pyridoxal 5'-phosphate	ChEBI:CHEBI:597326							binding_site
Q9VKD3	300	ECO:0000250|UniProtKB:P0A6B9	pyridoxal 5'-phosphate	ChEBI:CHEBI:597326							binding_site
Q9VKD3	386	ECO:0000250|UniProtKB:O29689	[2Fe-2S] cluster	ChEBI:CHEBI:190135						via persulfide group	binding_site
Q9VKJ0	335	ECO:0000250	Fe cation	ChEBI:CHEBI:24875							binding_site
Q9VKJ0	341	ECO:0000250	Fe cation	ChEBI:CHEBI:24875							binding_site
Q9VKJ0	371	ECO:0000250	Fe cation	ChEBI:CHEBI:24875							binding_site
Q9VKJ1	361	ECO:0000255|PROSITE-ProRule:PRU01182	Zn(2+)	ChEBI:CHEBI:29105		catalytic					binding_site
Q9VKJ1	363	ECO:0000255|PROSITE-ProRule:PRU01182	Zn(2+)	ChEBI:CHEBI:29105		catalytic					binding_site
Q9VKJ1	374	ECO:0000255|PROSITE-ProRule:PRU01182	Zn(2+)	ChEBI:CHEBI:29105		catalytic					binding_site
Q9VKJ8	169	ECO:0000250|UniProtKB:P35475	alpha-L-iduronate	ChEBI:CHEBI:193037							binding_site
Q9VKJ8	170	ECO:0000250|UniProtKB:P35475	alpha-L-iduronate	ChEBI:CHEBI:193037							binding_site
Q9VKJ8	257	ECO:0000250|UniProtKB:P35475	alpha-L-iduronate	ChEBI:CHEBI:193037							binding_site
Q9VKJ8	293	ECO:0000250|UniProtKB:P35475	alpha-L-iduronate	ChEBI:CHEBI:193037							binding_site
Q9VKJ8	299	ECO:0000250|UniProtKB:P35475	alpha-L-iduronate	ChEBI:CHEBI:193037							binding_site
Q9VKJ8	300	ECO:0000250|UniProtKB:P35475	alpha-D-mannopyranose	ChEBI:CHEBI:28729							binding_site
Q9VKJ8	342	ECO:0000250|UniProtKB:P35475	alpha-L-iduronate	ChEBI:CHEBI:193037							binding_site
Q9VKJ8	356	ECO:0000250|UniProtKB:P35475	alpha-L-iduronate	ChEBI:CHEBI:193037							binding_site
Q9VKJ8	39	ECO:0000250|UniProtKB:P35475	alpha-D-mannopyranose	ChEBI:CHEBI:28729							binding_site
Q9VKJ8	43	ECO:0000250|UniProtKB:P35475	alpha-D-mannopyranose	ChEBI:CHEBI:28729							binding_site
Q9VKJ8	45	ECO:0000250|UniProtKB:P35475	alpha-D-mannopyranose	ChEBI:CHEBI:28729							binding_site
Q9VKJ8	78	ECO:0000250|UniProtKB:P35475	alpha-L-iduronate	ChEBI:CHEBI:193037							binding_site
Q9VKK2	892	ECO:0000250|UniProtKB:Q6PJI9	Zn(2+)	ChEBI:CHEBI:29105	1						binding_site
Q9VKK2	895	ECO:0000250|UniProtKB:Q6PJI9	Zn(2+)	ChEBI:CHEBI:29105	1						binding_site
Q9VKK2	904	ECO:0000250|UniProtKB:Q6PJI9	Zn(2+)	ChEBI:CHEBI:29105	1						binding_site
Q9VKK2	907	ECO:0000250|UniProtKB:Q6PJI9	Zn(2+)	ChEBI:CHEBI:29105	1						binding_site
Q9VKK2	917	ECO:0000250|UniProtKB:Q6PJI9	Zn(2+)	ChEBI:CHEBI:29105	2						binding_site
Q9VKK2	928	ECO:0000250|UniProtKB:Q6PJI9	Zn(2+)	ChEBI:CHEBI:29105	3						binding_site
Q9VKK2	933	ECO:0000250|UniProtKB:Q6PJI9	Zn(2+)	ChEBI:CHEBI:29105	4						binding_site
Q9VKK2	936	ECO:0000250|UniProtKB:Q6PJI9	Zn(2+)	ChEBI:CHEBI:29105	2						binding_site
Q9VKK2	939	ECO:0000250|UniProtKB:Q6PJI9	Zn(2+)	ChEBI:CHEBI:29105	2						binding_site
Q9VKK2	950	ECO:0000250|UniProtKB:Q6PJI9	Zn(2+)	ChEBI:CHEBI:29105	4						binding_site
Q9VKK2	953	ECO:0000250|UniProtKB:Q6PJI9	Zn(2+)	ChEBI:CHEBI:29105	4						binding_site
Q9VKK2	955	ECO:0000250|UniProtKB:Q6PJI9	Zn(2+)	ChEBI:CHEBI:29105	3						binding_site
Q9VKK2	957	ECO:0000250|UniProtKB:Q6PJI9	Zn(2+)	ChEBI:CHEBI:29105	3						binding_site
Q9VKM1	589	ECO:0000250|UniProtKB:A8D8P8	Mg(2+)	ChEBI:CHEBI:18420							binding_site
Q9VKM1	843	ECO:0000250|UniProtKB:A8D8P8	Mg(2+)	ChEBI:CHEBI:18420							binding_site
Q9VKN7	59-67	ECO:0000255|PROSITE-ProRule:PRU00159	ATP	ChEBI:CHEBI:30616							binding_site
Q9VKN7	82	ECO:0000255|PROSITE-ProRule:PRU00159	ATP	ChEBI:CHEBI:30616							binding_site
Q9VKY8	258	ECO:0000250|UniProtKB:P49903	Mg(2+)	ChEBI:CHEBI:18420							binding_site
Q9VKY8	27	ECO:0000250|UniProtKB:P49903	ATP	ChEBI:CHEBI:30616							binding_site
Q9VKY8	55-57	ECO:0000250|UniProtKB:P49903	ATP	ChEBI:CHEBI:30616							binding_site
Q9VKY8	57	ECO:0000250|UniProtKB:P49903	Mg(2+)	ChEBI:CHEBI:18420							binding_site
Q9VKY8	76	ECO:0000250|UniProtKB:P49903	ATP	ChEBI:CHEBI:30616							binding_site
Q9VKY8	99	ECO:0000250|UniProtKB:P49903	ATP;Mg(2+)	ChEBI:CHEBI:30616;ChEBI:CHEBI:18420							binding_site
Q9VL00	168	ECO:0000250|UniProtKB:Q5VVQ6	substrate								binding_site
Q9VL13	165	ECO:0000250|UniProtKB:Q9H8S9	Zn(2+)	ChEBI:CHEBI:29105							binding_site
Q9VL13	170	ECO:0000250|UniProtKB:Q9H8S9	Zn(2+)	ChEBI:CHEBI:29105							binding_site
Q9VL13	83	ECO:0000250|UniProtKB:Q9H8S9	Zn(2+)	ChEBI:CHEBI:29105							binding_site
Q9VL13	88	ECO:0000250|UniProtKB:Q9H8S9	Zn(2+)	ChEBI:CHEBI:29105							binding_site
Q9VL25	91-98	ECO:0000255|PROSITE-ProRule:PRU00541	ATP	ChEBI:CHEBI:30616							binding_site
Q9VL32	1964-1971	ECO:0000255|PROSITE-ProRule:PRU00434	ATP	ChEBI:CHEBI:30616	2						binding_site
Q9VL32	822-829	ECO:0000255|PROSITE-ProRule:PRU00434	ATP	ChEBI:CHEBI:30616	1						binding_site
Q9VL52	521-528	ECO:0000250	ATP	ChEBI:CHEBI:30616							binding_site
Q9VL72	314-321	ECO:0000255|PROSITE-ProRule:PRU00541	ATP	ChEBI:CHEBI:30616							binding_site
Q9VL76	102	ECO:0000269|PubMed:25023283	[2Fe-2S] cluster	ChEBI:CHEBI:190135							binding_site
Q9VL76	105	ECO:0000269|PubMed:25023283	[2Fe-2S] cluster	ChEBI:CHEBI:190135							binding_site
Q9VL76	382-389	ECO:0000255|PROSITE-ProRule:PRU00499	ATP	ChEBI:CHEBI:30616							binding_site
Q9VL76	68	ECO:0000269|PubMed:25023283	[2Fe-2S] cluster	ChEBI:CHEBI:190135							binding_site
Q9VL76	71	ECO:0000269|PubMed:25023283	[2Fe-2S] cluster	ChEBI:CHEBI:190135							binding_site
Q9VL86	187	ECO:0000255|PROSITE-ProRule:PRU01379	Zn(2+)	ChEBI:CHEBI:29105		catalytic					binding_site
Q9VL86	190	ECO:0000255|PROSITE-ProRule:PRU01379	Zn(2+)	ChEBI:CHEBI:29105		catalytic					binding_site
Q9VL86	311	ECO:0000255|PROSITE-ProRule:PRU01379	Zn(2+)	ChEBI:CHEBI:29105		catalytic					binding_site
Q9VL92	307	ECO:0000250	heme	ChEBI:CHEBI:30413						covalent	binding_site
Q9VL92	443	ECO:0000250	heme	ChEBI:CHEBI:30413			Fe	ChEBI:CHEBI:18248		axial binding residue	binding_site
Q9VLA1	235	ECO:0000250	Mn(2+)	ChEBI:CHEBI:29035							binding_site
Q9VLJ6	375	ECO:0000255|PROSITE-ProRule:PRU01355	Zn(2+)	ChEBI:CHEBI:29105		catalytic					binding_site
Q9VLJ6	379	ECO:0000255|PROSITE-ProRule:PRU01355	Zn(2+)	ChEBI:CHEBI:29105		catalytic					binding_site
Q9VLJ6	403	ECO:0000255|PROSITE-ProRule:PRU01355	Zn(2+)	ChEBI:CHEBI:29105		catalytic					binding_site
Q9VLJ8	101	ECO:0000255|HAMAP-Rule:MF_03049	ATP	ChEBI:CHEBI:30616							binding_site
Q9VLJ8	122	ECO:0000255|HAMAP-Rule:MF_03049	ATP	ChEBI:CHEBI:30616							binding_site
Q9VLJ8	129-133	ECO:0000255|HAMAP-Rule:MF_03049	ATP	ChEBI:CHEBI:30616							binding_site
Q9VLJ8	146	ECO:0000255|HAMAP-Rule:MF_03049	ATP	ChEBI:CHEBI:30616							binding_site
Q9VLJ8	190-191	ECO:0000255|HAMAP-Rule:MF_03049	ATP	ChEBI:CHEBI:30616							binding_site
Q9VLJ8	231	ECO:0000255|HAMAP-Rule:MF_03049	Zn(2+)	ChEBI:CHEBI:29105							binding_site
Q9VLJ8	234	ECO:0000255|HAMAP-Rule:MF_03049	Zn(2+)	ChEBI:CHEBI:29105							binding_site
Q9VLJ8	306	ECO:0000255|HAMAP-Rule:MF_03049	Zn(2+)	ChEBI:CHEBI:29105							binding_site
Q9VLJ8	309	ECO:0000255|HAMAP-Rule:MF_03049	Zn(2+)	ChEBI:CHEBI:29105							binding_site
Q9VLK8	17	ECO:0000255|PROSITE-ProRule:PRU01263	Zn(2+)	ChEBI:CHEBI:29105							binding_site
Q9VLK8	20	ECO:0000255|PROSITE-ProRule:PRU01263	Zn(2+)	ChEBI:CHEBI:29105							binding_site
Q9VLK8	67	ECO:0000255|PROSITE-ProRule:PRU01263	Zn(2+)	ChEBI:CHEBI:29105							binding_site
Q9VLK8	70	ECO:0000255|PROSITE-ProRule:PRU01263	Zn(2+)	ChEBI:CHEBI:29105							binding_site
Q9VLL0	177-185	ECO:0000250	ATP	ChEBI:CHEBI:30616							binding_site
Q9VLL0	411	ECO:0000250	ATP	ChEBI:CHEBI:30616							binding_site
Q9VLL0	426	ECO:0000250	ATP	ChEBI:CHEBI:30616							binding_site
Q9VLL0	516	ECO:0000250	ATP	ChEBI:CHEBI:30616							binding_site
Q9VLM8	604	ECO:0000255|HAMAP-Rule:MF_03133	Zn(2+)	ChEBI:CHEBI:29105							binding_site
Q9VLM8	608	ECO:0000255|HAMAP-Rule:MF_03133	Zn(2+)	ChEBI:CHEBI:29105							binding_site
Q9VLM8	723	ECO:0000255|HAMAP-Rule:MF_03133	Zn(2+)	ChEBI:CHEBI:29105							binding_site
Q9VLM8	727	ECO:0000255|HAMAP-Rule:MF_03133	Zn(2+)	ChEBI:CHEBI:29105							binding_site
Q9VLP3	22	ECO:0000255|PROSITE-ProRule:PRU01132	Zn(2+)	ChEBI:CHEBI:29105							binding_site
Q9VLP3	25	ECO:0000255|PROSITE-ProRule:PRU01132	Zn(2+)	ChEBI:CHEBI:29105							binding_site
Q9VLP3	92	ECO:0000255|PROSITE-ProRule:PRU01132	Zn(2+)	ChEBI:CHEBI:29105							binding_site
Q9VLP3	95	ECO:0000255|PROSITE-ProRule:PRU01132	Zn(2+)	ChEBI:CHEBI:29105							binding_site
Q9VLR9	132	ECO:0000250	a divalent metal cation	ChEBI:CHEBI:60240	1						binding_site
Q9VLR9	225	ECO:0000250	a divalent metal cation	ChEBI:CHEBI:60240	1						binding_site
Q9VLR9	275	ECO:0000250	a divalent metal cation	ChEBI:CHEBI:60240	1						binding_site
Q9VLR9	277	ECO:0000250	a divalent metal cation	ChEBI:CHEBI:60240	2						binding_site
Q9VLR9	52	ECO:0000250	a divalent metal cation	ChEBI:CHEBI:60240	2						binding_site
Q9VLR9	94	ECO:0000250	a divalent metal cation	ChEBI:CHEBI:60240	1;2						binding_site
Q9VLS9	145	ECO:0000250	Zn(2+)	ChEBI:CHEBI:29105	1						binding_site
Q9VLS9	163	ECO:0000250	Zn(2+)	ChEBI:CHEBI:29105	1;2						binding_site
Q9VLS9	198	ECO:0000250	Zn(2+)	ChEBI:CHEBI:29105	2						binding_site
Q9VLS9	76	ECO:0000250	Zn(2+)	ChEBI:CHEBI:29105	1						binding_site
Q9VLS9	78	ECO:0000250	Zn(2+)	ChEBI:CHEBI:29105	1						binding_site
Q9VLS9	80	ECO:0000250	Zn(2+)	ChEBI:CHEBI:29105	2						binding_site
Q9VLS9	81	ECO:0000250	Zn(2+)	ChEBI:CHEBI:29105	2						binding_site
Q9VLT5	4966	ECO:0000255|PROSITE-ProRule:PRU01388	Zn(2+)	ChEBI:CHEBI:29105							binding_site
Q9VLT5	4969	ECO:0000255|PROSITE-ProRule:PRU01388	Zn(2+)	ChEBI:CHEBI:29105							binding_site
Q9VLT5	5015	ECO:0000255|PROSITE-ProRule:PRU01388	Zn(2+)	ChEBI:CHEBI:29105							binding_site
Q9VLT5	5018	ECO:0000255|PROSITE-ProRule:PRU01388	Zn(2+)	ChEBI:CHEBI:29105							binding_site
Q9VLU5	128-134	ECO:0000250	NADP(+)	ChEBI:CHEBI:58349							binding_site
Q9VLU5	257	ECO:0000250	substrate								binding_site
Q9VLZ7	456	ECO:0000250	heme	ChEBI:CHEBI:30413			Fe	ChEBI:CHEBI:18248		axial binding residue	binding_site
Q9VM33	116-120	ECO:0000255|HAMAP-Rule:MF_03061	GTP	ChEBI:CHEBI:37565							binding_site
Q9VM33	170-173	ECO:0000255|HAMAP-Rule:MF_03061	GTP	ChEBI:CHEBI:37565							binding_site
Q9VM33	49-56	ECO:0000255|HAMAP-Rule:MF_03061	GTP	ChEBI:CHEBI:37565							binding_site
Q9VM64	503	ECO:0000269|PubMed:17077139	heparin	ChEBI:CHEBI:28304							binding_site
Q9VM64	507	ECO:0000269|PubMed:17077139	heparin	ChEBI:CHEBI:28304							binding_site
Q9VM64	509	ECO:0000269|PubMed:17077139	heparin	ChEBI:CHEBI:28304							binding_site
Q9VM64	547	ECO:0000269|PubMed:17077139	heparin	ChEBI:CHEBI:28304							binding_site
Q9VM90	107-115	ECO:0000255|PROSITE-ProRule:PRU00159	ATP	ChEBI:CHEBI:30616							binding_site
Q9VM90	130	ECO:0000255|PROSITE-ProRule:PRU00159	ATP	ChEBI:CHEBI:30616							binding_site
Q9VM91	457-460	ECO:0000250|UniProtKB:Q6ZT98	ATP	ChEBI:CHEBI:30616							binding_site
Q9VM91	470	ECO:0000250|UniProtKB:Q6ZT98	ATP	ChEBI:CHEBI:30616							binding_site
Q9VM91	472	ECO:0000250|UniProtKB:Q6ZT98	ATP	ChEBI:CHEBI:30616							binding_site
Q9VM92	440-443	ECO:0000250|UniProtKB:Q6ZT98	ATP	ChEBI:CHEBI:30616							binding_site
Q9VM92	453	ECO:0000250|UniProtKB:Q6ZT98	ATP	ChEBI:CHEBI:30616							binding_site
Q9VM92	455	ECO:0000250|UniProtKB:Q6ZT98	ATP	ChEBI:CHEBI:30616							binding_site
Q9VMA2	152	ECO:0000250|UniProtKB:P07902	UDP-alpha-D-glucose	ChEBI:CHEBI:58885		ligand shared between dimeric partners					binding_site
Q9VMA2	163	ECO:0000255|PROSITE-ProRule:PRU10033	Zn(2+)	ChEBI:CHEBI:29105							binding_site
Q9VMA2	167	ECO:0000250|UniProtKB:P07902	UDP-alpha-D-glucose	ChEBI:CHEBI:58885		ligand shared between dimeric partners				in other chain	binding_site
Q9VMA2	314-317	ECO:0000250|UniProtKB:P07902	UDP-alpha-D-glucose	ChEBI:CHEBI:58885		ligand shared between dimeric partners				in other chain	binding_site
Q9VMA2	319-320	ECO:0000250|UniProtKB:P07902	UDP-alpha-D-glucose	ChEBI:CHEBI:58885		ligand shared between dimeric partners				in other chain	binding_site
Q9VMA2	54	ECO:0000255|PROSITE-ProRule:PRU10033	Zn(2+)	ChEBI:CHEBI:29105							binding_site
Q9VMA2	76-77	ECO:0000250|UniProtKB:P07902	UDP-alpha-D-glucose	ChEBI:CHEBI:58885		ligand shared between dimeric partners				in other chain	binding_site
Q9VMJ7	637	ECO:0000255|PROSITE-ProRule:PRU00538	Fe cation	ChEBI:CHEBI:24875		catalytic					binding_site
Q9VMJ7	640	ECO:0000255|PROSITE-ProRule:PRU00538	Fe cation	ChEBI:CHEBI:24875		catalytic					binding_site
Q9VMJ7	725	ECO:0000255|PROSITE-ProRule:PRU00538	Fe cation	ChEBI:CHEBI:24875		catalytic					binding_site
Q9VMS7	454	ECO:0000250	heme	ChEBI:CHEBI:30413			Fe	ChEBI:CHEBI:18248		axial binding residue	binding_site
Q9VMS8	318	ECO:0000250	heme	ChEBI:CHEBI:30413						covalent	binding_site
Q9VMS8	455	ECO:0000250	heme	ChEBI:CHEBI:30413			Fe	ChEBI:CHEBI:18248		axial binding residue	binding_site
Q9VMS9	317	ECO:0000250	heme	ChEBI:CHEBI:30413						covalent	binding_site
Q9VMS9	454	ECO:0000250	heme	ChEBI:CHEBI:30413			Fe	ChEBI:CHEBI:18248		axial binding residue	binding_site
Q9VMT5	446	ECO:0000250	heme	ChEBI:CHEBI:30413			Fe	ChEBI:CHEBI:18248		axial binding residue	binding_site
Q9VMT6	446	ECO:0000250	heme	ChEBI:CHEBI:30413			Fe	ChEBI:CHEBI:18248		axial binding residue	binding_site
Q9VMW7	143-146	ECO:0000255|HAMAP-Rule:MF_03148	ITP	ChEBI:CHEBI:61402							binding_site
Q9VMW7	166	ECO:0000255|HAMAP-Rule:MF_03148	ITP	ChEBI:CHEBI:61402							binding_site
Q9VMW7	171-172	ECO:0000255|HAMAP-Rule:MF_03148	ITP	ChEBI:CHEBI:61402							binding_site
Q9VMW7	39	ECO:0000255|HAMAP-Rule:MF_03148	Mg(2+)	ChEBI:CHEBI:18420							binding_site
Q9VMW7	51	ECO:0000255|HAMAP-Rule:MF_03148	ITP	ChEBI:CHEBI:61402							binding_site
Q9VMW7	67-68	ECO:0000255|HAMAP-Rule:MF_03148	ITP	ChEBI:CHEBI:61402							binding_site
Q9VMW7	84	ECO:0000255|HAMAP-Rule:MF_03148	ITP	ChEBI:CHEBI:61402							binding_site
Q9VMW7	9-14	ECO:0000255|HAMAP-Rule:MF_03148	ITP	ChEBI:CHEBI:61402							binding_site
Q9VMW9	109-110	ECO:0000250	NADP(+)	ChEBI:CHEBI:58349							binding_site
Q9VMW9	131-135	ECO:0000250	NADP(+)	ChEBI:CHEBI:58349							binding_site
Q9VMW9	146	ECO:0000250	NADP(+)	ChEBI:CHEBI:58349							binding_site
Q9VMW9	206	ECO:0000250	NADP(+)	ChEBI:CHEBI:58349							binding_site
Q9VMW9	232	ECO:0000250	NADP(+)	ChEBI:CHEBI:58349							binding_site
Q9VMW9	237	ECO:0000250	NADP(+)	ChEBI:CHEBI:58349							binding_site
Q9VMW9	53-58	ECO:0000250	NADP(+)	ChEBI:CHEBI:58349							binding_site
Q9VMX6	269-276	ECO:0000255|PROSITE-ProRule:PRU00541	ATP	ChEBI:CHEBI:30616							binding_site
Q9VMY9	204-205	ECO:0000250|UniProtKB:Q9Y2T3	substrate								binding_site
Q9VMY9	231	ECO:0000250|UniProtKB:Q9Y2T3	Zn(2+)	ChEBI:CHEBI:29105							binding_site
Q9VMY9	231-234	ECO:0000250|UniProtKB:Q9Y2T3	substrate								binding_site
Q9VMY9	319	ECO:0000250|UniProtKB:Q9Y2T3	substrate;Zn(2+)	ChEBI:CHEBI:29105							binding_site
Q9VMY9	74	ECO:0000250|UniProtKB:Q9Y2T3	Zn(2+)	ChEBI:CHEBI:29105							binding_site
Q9VMY9	76	ECO:0000250|UniProtKB:Q9Y2T3	Zn(2+)	ChEBI:CHEBI:29105							binding_site
Q9VMY9	76-79	ECO:0000250|UniProtKB:Q9Y2T3	substrate								binding_site
Q9VN03	194-201	ECO:0000255|PROSITE-ProRule:PRU00541	ATP	ChEBI:CHEBI:30616							binding_site
Q9VN27	150-152	ECO:0000250	substrate								binding_site
Q9VN27	163-165	ECO:0000250	substrate								binding_site
Q9VN27	83-90	ECO:0000250	substrate								binding_site
Q9VN95	14	ECO:0000255|HAMAP-Rule:MF_03117	Mg(2+)	ChEBI:CHEBI:18420							binding_site
Q9VN95	142-143	ECO:0000255|HAMAP-Rule:MF_03117	substrate								binding_site
Q9VN95	16	ECO:0000255|HAMAP-Rule:MF_03117	Mg(2+)	ChEBI:CHEBI:18420							binding_site
Q9VN95	176	ECO:0000255|HAMAP-Rule:MF_03117	substrate								binding_site
Q9VN95	201	ECO:0000255|HAMAP-Rule:MF_03117	Mg(2+)	ChEBI:CHEBI:18420							binding_site
Q9VND8	118	ECO:0000250|UniProtKB:Q15382	GTP	ChEBI:CHEBI:37565							binding_site
Q9VND8	121	ECO:0000250|UniProtKB:Q15382	GTP	ChEBI:CHEBI:37565							binding_site
Q9VND8	149	ECO:0000250|UniProtKB:Q15382	GTP	ChEBI:CHEBI:37565							binding_site
Q9VND8	15	ECO:0000250|UniProtKB:Q15382	GTP	ChEBI:CHEBI:37565							binding_site
Q9VND8	17	ECO:0000250|UniProtKB:Q15382	GTP	ChEBI:CHEBI:37565							binding_site
Q9VND8	18	ECO:0000250|UniProtKB:Q15382	GTP	ChEBI:CHEBI:37565							binding_site
Q9VND8	19	ECO:0000250|UniProtKB:Q15382	GTP;Mg(2+)	ChEBI:CHEBI:37565;ChEBI:CHEBI:18420							binding_site
Q9VND8	20	ECO:0000250|UniProtKB:Q15382	GTP	ChEBI:CHEBI:37565							binding_site
Q9VND8	31	ECO:0000250|UniProtKB:Q15382	GTP	ChEBI:CHEBI:37565							binding_site
Q9VND8	34	ECO:0000250|UniProtKB:Q15382	GTP	ChEBI:CHEBI:37565							binding_site
Q9VND8	37	ECO:0000250|UniProtKB:Q15382	GTP;Mg(2+)	ChEBI:CHEBI:37565;ChEBI:CHEBI:18420							binding_site
Q9VNH1	119	ECO:0000250|UniProtKB:Q7Z5W3	S-adenosyl-L-methionine	ChEBI:CHEBI:59789							binding_site
Q9VNH1	140	ECO:0000250|UniProtKB:Q7Z5W3	S-adenosyl-L-methionine	ChEBI:CHEBI:59789							binding_site
Q9VNI3	12	ECO:0000269|PubMed:20088964	Zn(2+)	ChEBI:CHEBI:29105							binding_site
Q9VNI3	13	ECO:0000269|PubMed:20088964	ADP-D-ribose	ChEBI:CHEBI:57967							binding_site
Q9VNI3	19	ECO:0000269|PubMed:20088964	Zn(2+)	ChEBI:CHEBI:29105							binding_site
Q9VNI3	25	ECO:0000269|PubMed:20088964	Zn(2+)	ChEBI:CHEBI:29105							binding_site
Q9VNI3	6	ECO:0000269|PubMed:20088964	Zn(2+)	ChEBI:CHEBI:29105							binding_site
Q9VNI3	8	ECO:0000269|PubMed:20088964	ADP-D-ribose	ChEBI:CHEBI:57967							binding_site
Q9VNP5	100-107	ECO:0000255|PROSITE-ProRule:PRU00541	ATP	ChEBI:CHEBI:30616							binding_site
Q9VNT5	62-79	ECO:0000250	FAD	ChEBI:CHEBI:57692							binding_site
Q9VNV3	46-53	ECO:0000255|PROSITE-ProRule:PRU00541	ATP	ChEBI:CHEBI:30616							binding_site
Q9VNX1	125	ECO:0000250|UniProtKB:Q9Y253	Mg(2+);Mn(2+)	ChEBI:CHEBI:18420;ChEBI:CHEBI:29035	1;2						binding_site
Q9VNX1	126	ECO:0000250|UniProtKB:Q9Y253	Mg(2+);Mn(2+)	ChEBI:CHEBI:18420;ChEBI:CHEBI:29035	2						binding_site
Q9VNX1	22	ECO:0000250|UniProtKB:Q9Y253	Mg(2+);Mn(2+)	ChEBI:CHEBI:18420;ChEBI:CHEBI:29035	1;2						binding_site
Q9VNX1	23	ECO:0000250|UniProtKB:Q9Y253	Mg(2+);Mn(2+)	ChEBI:CHEBI:18420;ChEBI:CHEBI:29035	1						binding_site
Q9VNX1	70	ECO:0000250|UniProtKB:Q9Y253	a 2'-deoxyribonucleoside 5'-triphosphate	ChEBI:CHEBI:61560							binding_site
Q9VNX1	708	ECO:0000255|PROSITE-ProRule:PRU01255	Zn(2+)	ChEBI:CHEBI:29105	1						binding_site
Q9VNX1	711	ECO:0000255|PROSITE-ProRule:PRU01255	Zn(2+)	ChEBI:CHEBI:29105	1						binding_site
Q9VNX1	725	ECO:0000255|PROSITE-ProRule:PRU01255	Zn(2+)	ChEBI:CHEBI:29105	1						binding_site
Q9VNX1	729	ECO:0000255|PROSITE-ProRule:PRU01255	Zn(2+)	ChEBI:CHEBI:29105	1						binding_site
Q9VNX1	805	ECO:0000255|PROSITE-ProRule:PRU01255	Zn(2+)	ChEBI:CHEBI:29105	2						binding_site
Q9VNX1	808	ECO:0000255|PROSITE-ProRule:PRU01255	Zn(2+)	ChEBI:CHEBI:29105	2						binding_site
Q9VNX1	820	ECO:0000255|PROSITE-ProRule:PRU01255	Zn(2+)	ChEBI:CHEBI:29105	2						binding_site
Q9VNX1	824	ECO:0000255|PROSITE-ProRule:PRU01255	Zn(2+)	ChEBI:CHEBI:29105	2						binding_site
Q9VP22	1118	ECO:0000255|PROSITE-ProRule:PRU00159	ATP	ChEBI:CHEBI:30616							binding_site
Q9VP22	810-818	ECO:0000255|PROSITE-ProRule:PRU00159	ATP	ChEBI:CHEBI:30616							binding_site
Q9VP22	833	ECO:0000255|PROSITE-ProRule:PRU00159	ATP	ChEBI:CHEBI:30616							binding_site
Q9VP22	891-896	ECO:0000255|PROSITE-ProRule:PRU00159	ATP	ChEBI:CHEBI:30616							binding_site
Q9VP48	197-204	ECO:0000250|UniProtKB:P35285	GTP	ChEBI:CHEBI:37565							binding_site
Q9VP48	246-250	ECO:0000250|UniProtKB:P35285	GTP	ChEBI:CHEBI:37565							binding_site
Q9VP48	304-307	ECO:0000250|UniProtKB:P35285	GTP	ChEBI:CHEBI:37565							binding_site
Q9VP76	1440	ECO:0000250|UniProtKB:P26769	ATP	ChEBI:CHEBI:30616							binding_site
Q9VP76	1517-1519	ECO:0000250|UniProtKB:P26769	ATP	ChEBI:CHEBI:30616							binding_site
Q9VP76	1524-1528	ECO:0000250|UniProtKB:P26769	ATP	ChEBI:CHEBI:30616							binding_site
Q9VP76	1564	ECO:0000250|UniProtKB:P26769	ATP	ChEBI:CHEBI:30616							binding_site
Q9VP76	580	ECO:0000255|PROSITE-ProRule:PRU00099	Mg(2+)	ChEBI:CHEBI:18420	1;2						binding_site
Q9VP76	580-585	ECO:0000250|UniProtKB:P30803	ATP	ChEBI:CHEBI:30616							binding_site
Q9VP76	581	ECO:0000255|PROSITE-ProRule:PRU00099	Mg(2+)	ChEBI:CHEBI:18420	2						binding_site
Q9VP76	622-624	ECO:0000250|UniProtKB:P30803	ATP	ChEBI:CHEBI:30616							binding_site
Q9VP76	624	ECO:0000255|PROSITE-ProRule:PRU00099	Mg(2+)	ChEBI:CHEBI:18420	1;2						binding_site
Q9VP76	672	ECO:0000250|UniProtKB:P30803	ATP	ChEBI:CHEBI:30616							binding_site
Q9VPC0	564-572	ECO:0000255|PROSITE-ProRule:PRU00159	ATP	ChEBI:CHEBI:30616							binding_site
Q9VPC0	587	ECO:0000255|PROSITE-ProRule:PRU00159	ATP	ChEBI:CHEBI:30616							binding_site
Q9VPD2	14-21	ECO:0000255|HAMAP-Rule:MF_03039	ATP	ChEBI:CHEBI:30616							binding_site
Q9VPD2	188	ECO:0000255|HAMAP-Rule:MF_03039	[4Fe-4S] cluster	ChEBI:CHEBI:49883		ligand shared between dimeric partners					binding_site
Q9VPD2	191	ECO:0000255|HAMAP-Rule:MF_03039	[4Fe-4S] cluster	ChEBI:CHEBI:49883		ligand shared between dimeric partners					binding_site
Q9VPH2	298	ECO:0000250|UniProtKB:P49643	[4Fe-4S] cluster	ChEBI:CHEBI:49883							binding_site
Q9VPH2	377	ECO:0000250|UniProtKB:P49643	[4Fe-4S] cluster	ChEBI:CHEBI:49883							binding_site
Q9VPH2	393	ECO:0000250|UniProtKB:P49643	[4Fe-4S] cluster	ChEBI:CHEBI:49883							binding_site
Q9VPH2	433	ECO:0000250|UniProtKB:P49643	[4Fe-4S] cluster	ChEBI:CHEBI:49883							binding_site
Q9VPK7	378	ECO:0000255	substrate								binding_site
Q9VPK7	451	ECO:0000255	substrate								binding_site
Q9VPP5	187	ECO:0000250	a divalent metal cation	ChEBI:CHEBI:60240							binding_site
Q9VPP5	76	ECO:0000250	a divalent metal cation	ChEBI:CHEBI:60240							binding_site
Q9VPP5	77	ECO:0000250	a divalent metal cation	ChEBI:CHEBI:60240							binding_site
Q9VPQ6	1121	ECO:0000255|PROSITE-ProRule:PRU01153	Zn(2+)	ChEBI:CHEBI:29105	5						binding_site
Q9VPQ6	1124	ECO:0000255|PROSITE-ProRule:PRU01153	Zn(2+)	ChEBI:CHEBI:29105	5						binding_site
Q9VPQ6	1137	ECO:0000255|PROSITE-ProRule:PRU01153	Zn(2+)	ChEBI:CHEBI:29105	5						binding_site
Q9VPQ6	1142	ECO:0000255|PROSITE-ProRule:PRU01153	Zn(2+)	ChEBI:CHEBI:29105	5						binding_site
Q9VPQ6	210	ECO:0000255|PROSITE-ProRule:PRU01153	Zn(2+)	ChEBI:CHEBI:29105	1						binding_site
Q9VPQ6	213	ECO:0000255|PROSITE-ProRule:PRU01153	Zn(2+)	ChEBI:CHEBI:29105	1						binding_site
Q9VPQ6	226	ECO:0000255|PROSITE-ProRule:PRU01153	Zn(2+)	ChEBI:CHEBI:29105	1						binding_site
Q9VPQ6	231	ECO:0000255|PROSITE-ProRule:PRU01153	Zn(2+)	ChEBI:CHEBI:29105	1						binding_site
Q9VPQ6	343	ECO:0000255|PROSITE-ProRule:PRU01153	Zn(2+)	ChEBI:CHEBI:29105	2						binding_site
Q9VPQ6	346	ECO:0000255|PROSITE-ProRule:PRU01153	Zn(2+)	ChEBI:CHEBI:29105	2						binding_site
Q9VPQ6	359	ECO:0000255|PROSITE-ProRule:PRU01153	Zn(2+)	ChEBI:CHEBI:29105	2						binding_site
Q9VPQ6	364	ECO:0000255|PROSITE-ProRule:PRU01153	Zn(2+)	ChEBI:CHEBI:29105	2						binding_site
Q9VPQ6	728	ECO:0000255|PROSITE-ProRule:PRU01153	Zn(2+)	ChEBI:CHEBI:29105	3						binding_site
Q9VPQ6	731	ECO:0000255|PROSITE-ProRule:PRU01153	Zn(2+)	ChEBI:CHEBI:29105	3						binding_site
Q9VPQ6	744	ECO:0000255|PROSITE-ProRule:PRU01153	Zn(2+)	ChEBI:CHEBI:29105	3						binding_site
Q9VPQ6	749	ECO:0000255|PROSITE-ProRule:PRU01153	Zn(2+)	ChEBI:CHEBI:29105	3						binding_site
Q9VPQ6	799	ECO:0000255|PROSITE-ProRule:PRU01153	Zn(2+)	ChEBI:CHEBI:29105	4						binding_site
Q9VPQ6	802	ECO:0000255|PROSITE-ProRule:PRU01153	Zn(2+)	ChEBI:CHEBI:29105	4						binding_site
Q9VPQ6	815	ECO:0000255|PROSITE-ProRule:PRU01153	Zn(2+)	ChEBI:CHEBI:29105	4						binding_site
Q9VPQ6	820	ECO:0000255|PROSITE-ProRule:PRU01153	Zn(2+)	ChEBI:CHEBI:29105	4						binding_site
Q9VPT5	244	ECO:0000250|UniProtKB:G2Q5N0	Zn(2+)	ChEBI:CHEBI:29105							binding_site
Q9VPT5	247	ECO:0000250|UniProtKB:G2Q5N0	Zn(2+)	ChEBI:CHEBI:29105							binding_site
Q9VPT5	265	ECO:0000250|UniProtKB:G2Q5N0	Zn(2+)	ChEBI:CHEBI:29105							binding_site
Q9VPT5	268	ECO:0000250|UniProtKB:G2Q5N0	Zn(2+)	ChEBI:CHEBI:29105							binding_site
Q9VPY8	153	ECO:0000255|HAMAP-Rule:MF_03218	substrate								binding_site
Q9VPY8	196	ECO:0000255|HAMAP-Rule:MF_03218	substrate								binding_site
Q9VPY8	223	ECO:0000255|HAMAP-Rule:MF_03218	substrate								binding_site
Q9VPY8	311	ECO:0000255|HAMAP-Rule:MF_03218	Zn(2+)	ChEBI:CHEBI:29105							binding_site
Q9VPY8	313	ECO:0000255|HAMAP-Rule:MF_03218	Zn(2+)	ChEBI:CHEBI:29105							binding_site
Q9VPY8	316	ECO:0000255|HAMAP-Rule:MF_03218	Zn(2+)	ChEBI:CHEBI:29105							binding_site
Q9VPY8	341	ECO:0000255|HAMAP-Rule:MF_03218	Zn(2+)	ChEBI:CHEBI:29105							binding_site
Q9VPY8	99-103	ECO:0000255|HAMAP-Rule:MF_03218	substrate								binding_site
Q9VQ29	173	ECO:0000255|PROSITE-ProRule:PRU00628	[2Fe-2S] cluster	ChEBI:CHEBI:190135							binding_site
Q9VQ29	175	ECO:0000255|PROSITE-ProRule:PRU00628	[2Fe-2S] cluster	ChEBI:CHEBI:190135							binding_site
Q9VQ29	192	ECO:0000255|PROSITE-ProRule:PRU00628	[2Fe-2S] cluster	ChEBI:CHEBI:190135							binding_site
Q9VQ29	195	ECO:0000255|PROSITE-ProRule:PRU00628	[2Fe-2S] cluster	ChEBI:CHEBI:190135							binding_site
Q9VQ79	261-265	ECO:0000250	FAD	ChEBI:CHEBI:57692							binding_site
Q9VQ79	295	ECO:0000250	FAD	ChEBI:CHEBI:57692							binding_site
Q9VQ79	300	ECO:0000250	FAD	ChEBI:CHEBI:57692							binding_site
Q9VQ79	358	ECO:0000250	FAD	ChEBI:CHEBI:57692							binding_site
Q9VQ79	410	ECO:0000250	FAD	ChEBI:CHEBI:57692							binding_site
Q9VQ79	564	ECO:0000250	FAD	ChEBI:CHEBI:57692							binding_site
Q9VQ79	580-581	ECO:0000250	FAD	ChEBI:CHEBI:57692							binding_site
Q9VQ89	741	ECO:0000250|UniProtKB:Q9NXC5	Zn(2+)	ChEBI:CHEBI:29105	1						binding_site
Q9VQ89	744	ECO:0000250|UniProtKB:Q9NXC5	Zn(2+)	ChEBI:CHEBI:29105	1						binding_site
Q9VQ89	771	ECO:0000250|UniProtKB:Q9NXC5	Zn(2+)	ChEBI:CHEBI:29105	1						binding_site
Q9VQ89	774	ECO:0000250|UniProtKB:Q9NXC5	Zn(2+)	ChEBI:CHEBI:29105	1						binding_site
Q9VQ89	784	ECO:0000250|UniProtKB:Q9NXC5	Zn(2+)	ChEBI:CHEBI:29105	2						binding_site
Q9VQ89	821	ECO:0000250|UniProtKB:Q9NXC5	Zn(2+)	ChEBI:CHEBI:29105	3						binding_site
Q9VQ89	824	ECO:0000250|UniProtKB:Q9NXC5	Zn(2+)	ChEBI:CHEBI:29105	3;4						binding_site
Q9VQ89	826	ECO:0000250|UniProtKB:Q9NXC5	Zn(2+)	ChEBI:CHEBI:29105	4						binding_site
Q9VQ89	829	ECO:0000250|UniProtKB:Q9NXC5	Zn(2+)	ChEBI:CHEBI:29105	2						binding_site
Q9VQ89	832	ECO:0000250|UniProtKB:Q9NXC5	Zn(2+)	ChEBI:CHEBI:29105	2						binding_site
Q9VQ89	843	ECO:0000250|UniProtKB:Q9NXC5	Zn(2+)	ChEBI:CHEBI:29105	4						binding_site
Q9VQ89	848	ECO:0000250|UniProtKB:Q9NXC5	Zn(2+)	ChEBI:CHEBI:29105	4						binding_site
Q9VQ89	852	ECO:0000250|UniProtKB:Q9NXC5	Zn(2+)	ChEBI:CHEBI:29105	3						binding_site
Q9VQ93	167	ECO:0000250	a 1,2-diacyl-sn-glycero-3-phospho-(1D-myo-inositol 4-phosphate)	ChEBI:CHEBI:58178							binding_site
Q9VQ93	170	ECO:0000250	a 1,2-diacyl-sn-glycero-3-phospho-(1D-myo-inositol 4-phosphate)	ChEBI:CHEBI:58178							binding_site
Q9VQ93	77	ECO:0000250	a 1,2-diacyl-sn-glycero-3-phospho-(1D-myo-inositol 4-phosphate)	ChEBI:CHEBI:58178							binding_site
Q9VQ93	86	ECO:0000250	a 1,2-diacyl-sn-glycero-3-phospho-(1D-myo-inositol 4-phosphate)	ChEBI:CHEBI:58178							binding_site
Q9VQD2	452	ECO:0000250	heme	ChEBI:CHEBI:30413			Fe	ChEBI:CHEBI:18248		axial binding residue	binding_site
Q9VQH2	868	ECO:0000255|PROSITE-ProRule:PRU00448	Ca(2+)	ChEBI:CHEBI:29108	1						binding_site
Q9VQH2	870	ECO:0000255|PROSITE-ProRule:PRU00448	Ca(2+)	ChEBI:CHEBI:29108	1						binding_site
Q9VQH2	872	ECO:0000255|PROSITE-ProRule:PRU00448	Ca(2+)	ChEBI:CHEBI:29108	1						binding_site
Q9VQH2	874	ECO:0000255|PROSITE-ProRule:PRU00448	Ca(2+)	ChEBI:CHEBI:29108	1						binding_site
Q9VQH2	879	ECO:0000255|PROSITE-ProRule:PRU00448	Ca(2+)	ChEBI:CHEBI:29108	1						binding_site
Q9VQH2	904	ECO:0000255|PROSITE-ProRule:PRU00448	Ca(2+)	ChEBI:CHEBI:29108	2						binding_site
Q9VQH2	906	ECO:0000255|PROSITE-ProRule:PRU00448	Ca(2+)	ChEBI:CHEBI:29108	2						binding_site
Q9VQH2	908	ECO:0000255|PROSITE-ProRule:PRU00448	Ca(2+)	ChEBI:CHEBI:29108	2						binding_site
Q9VQH2	915	ECO:0000255|PROSITE-ProRule:PRU00448	Ca(2+)	ChEBI:CHEBI:29108	2						binding_site
Q9VQM4	250	ECO:0000250|UniProtKB:Q9NUW8	substrate								binding_site
Q9VQM4	481	ECO:0000250|UniProtKB:Q9NUW8	substrate								binding_site
Q9VQN8	253	ECO:0000250|UniProtKB:Q6PIW4	ATP	ChEBI:CHEBI:30616							binding_site
Q9VQN8	293-298	ECO:0000250|UniProtKB:Q6PIW4	ATP	ChEBI:CHEBI:30616							binding_site
Q9VQQ0	137	ECO:0000250|UniProtKB:Q15257	ATP	ChEBI:CHEBI:30616							binding_site
Q9VQQ0	142	ECO:0000250|UniProtKB:Q15257	ATP	ChEBI:CHEBI:30616							binding_site
Q9VQQ0	143	ECO:0000250|UniProtKB:Q15257	ATP	ChEBI:CHEBI:30616							binding_site
Q9VQQ0	197	ECO:0000250|UniProtKB:Q15257	Mg(2+)	ChEBI:CHEBI:18420							binding_site
Q9VQQ0	203	ECO:0000250|UniProtKB:Q15257	Mg(2+)	ChEBI:CHEBI:18420							binding_site
Q9VQQ0	293	ECO:0000250|UniProtKB:Q15257	ATP	ChEBI:CHEBI:30616							binding_site
Q9VQQ0	296	ECO:0000250|UniProtKB:Q15257	ATP	ChEBI:CHEBI:30616							binding_site
Q9VQQ0	297	ECO:0000250|UniProtKB:Q15257	ATP	ChEBI:CHEBI:30616							binding_site
Q9VQX4	180	ECO:0000250|UniProtKB:Q9HJ28	nicotinate	ChEBI:CHEBI:32544							binding_site
Q9VQX4	222	ECO:0000250|UniProtKB:Q9HJ28	nicotinate	ChEBI:CHEBI:32544							binding_site
Q9VQX4	33	ECO:0000250|UniProtKB:Q9HJ28	nicotinate	ChEBI:CHEBI:32544							binding_site
Q9VQX4	391	ECO:0000250|UniProtKB:Q9HJ28	5-phospho-alpha-D-ribose 1-diphosphate	ChEBI:CHEBI:58017							binding_site
Q9VQZ6	101	ECO:0000250|UniProtKB:Q02908	[4Fe-4S] cluster	ChEBI:CHEBI:49883		4Fe-4S-S-AdoMet					binding_site
Q9VQZ6	111	ECO:0000250|UniProtKB:Q02908	[4Fe-4S] cluster	ChEBI:CHEBI:49883		4Fe-4S-S-AdoMet					binding_site
Q9VQZ6	114	ECO:0000250|UniProtKB:Q02908	[4Fe-4S] cluster	ChEBI:CHEBI:49883		4Fe-4S-S-AdoMet					binding_site
Q9VQZ6	166	ECO:0000250|UniProtKB:A0A1C7D1B7	acetyl-CoA	ChEBI:CHEBI:57288							binding_site
Q9VQZ6	476-479	ECO:0000250|UniProtKB:A0A1C7D1B7	acetyl-CoA	ChEBI:CHEBI:57288							binding_site
Q9VQZ6	499-501	ECO:0000250|UniProtKB:A0A1C7D1B7	acetyl-CoA	ChEBI:CHEBI:57288							binding_site
Q9VQZ6	532	ECO:0000250|UniProtKB:A0A1C7D1B7	acetyl-CoA	ChEBI:CHEBI:57288							binding_site
Q9VR05	5	ECO:0000255|PROSITE-ProRule:PRU01263	Zn(2+)	ChEBI:CHEBI:29105							binding_site
Q9VR05	52	ECO:0000255|PROSITE-ProRule:PRU01263	Zn(2+)	ChEBI:CHEBI:29105							binding_site
Q9VR05	55	ECO:0000255|PROSITE-ProRule:PRU01263	Zn(2+)	ChEBI:CHEBI:29105							binding_site
Q9VR05	8	ECO:0000255|PROSITE-ProRule:PRU01263	Zn(2+)	ChEBI:CHEBI:29105							binding_site
Q9VR59	157	ECO:0000250|UniProtKB:O43314	ATP	ChEBI:CHEBI:30616							binding_site
Q9VR59	210	ECO:0000250|UniProtKB:O43314	ATP	ChEBI:CHEBI:30616							binding_site
Q9VR59	217	ECO:0000250|UniProtKB:O43314	ATP	ChEBI:CHEBI:30616							binding_site
Q9VR59	236	ECO:0000250|UniProtKB:O43314	ATP	ChEBI:CHEBI:30616							binding_site
Q9VR59	236-237	ECO:0000250|UniProtKB:O43314	substrate								binding_site
Q9VR59	260-263	ECO:0000250|UniProtKB:O43314	ATP	ChEBI:CHEBI:30616							binding_site
Q9VR59	269-271	ECO:0000250|UniProtKB:O43314	ATP	ChEBI:CHEBI:30616							binding_site
Q9VR59	271	ECO:0000250|UniProtKB:O43314	substrate								binding_site
Q9VR59	285	ECO:0000250|UniProtKB:O43314	substrate								binding_site
Q9VR59	287	ECO:0000250|UniProtKB:O43314	ATP	ChEBI:CHEBI:30616							binding_site
Q9VR59	332	ECO:0000250|UniProtKB:O43314	ATP	ChEBI:CHEBI:30616							binding_site
Q9VR59	344-346	ECO:0000250|UniProtKB:O43314	ATP	ChEBI:CHEBI:30616							binding_site
Q9VR59	349-352	ECO:0000250|UniProtKB:O43314	substrate								binding_site
Q9VR59	76-77	ECO:0000250|UniProtKB:O43314	substrate								binding_site
Q9VR81	155	ECO:0000250|UniProtKB:P0AF18	a divalent metal cation	ChEBI:CHEBI:60240							binding_site
Q9VR81	166-167	ECO:0000250|UniProtKB:P0AF18	substrate								binding_site
Q9VR81	222	ECO:0000250|UniProtKB:P0AF18	a divalent metal cation	ChEBI:CHEBI:60240							binding_site
Q9VR81	243	ECO:0000250|UniProtKB:P0AF18	a divalent metal cation	ChEBI:CHEBI:60240							binding_site
Q9VR81	246-247	ECO:0000250|UniProtKB:P0AF18	substrate								binding_site
Q9VR81	254	ECO:0000250|UniProtKB:P0AF18	substrate								binding_site
Q9VR81	280-283	ECO:0000250|UniProtKB:P0AF18	substrate								binding_site
Q9VR81	339-341	ECO:0000250|UniProtKB:P0AF18	substrate								binding_site
Q9VRB3	465	ECO:0000250	heme	ChEBI:CHEBI:30413			Fe	ChEBI:CHEBI:18248		axial binding residue	binding_site
Q9VRH6	106-113	ECO:0000255|HAMAP-Rule:MF_03137	GTP	ChEBI:CHEBI:37565							binding_site
Q9VRH6	171-175	ECO:0000255|HAMAP-Rule:MF_03137	GTP	ChEBI:CHEBI:37565							binding_site
Q9VRH6	225-228	ECO:0000255|HAMAP-Rule:MF_03137	GTP	ChEBI:CHEBI:37565							binding_site
Q9VRI9	472	ECO:0000250	heme	ChEBI:CHEBI:30413			Fe	ChEBI:CHEBI:18248		axial binding residue	binding_site
Q9VRJ0	143	ECO:0000250	Mg(2+)	ChEBI:CHEBI:18420	1						binding_site
Q9VRJ0	145	ECO:0000305	Mg(2+)	ChEBI:CHEBI:18420	1						binding_site
Q9VRJ0	164	ECO:0000250	Mg(2+)	ChEBI:CHEBI:18420	2						binding_site
Q9VRJ0	166	ECO:0000250	Mg(2+)	ChEBI:CHEBI:18420	2						binding_site
Q9VRJ0	223	ECO:0000250	Mg(2+)	ChEBI:CHEBI:18420	2						binding_site
Q9VRJ0	30	ECO:0000250	Mg(2+)	ChEBI:CHEBI:18420	1						binding_site
Q9VRJ0	74	ECO:0000250	Mg(2+)	ChEBI:CHEBI:18420	1						binding_site
Q9VRJ1	656	ECO:0000255|HAMAP-Rule:MF_03133	Zn(2+)	ChEBI:CHEBI:29105							binding_site
Q9VRJ1	660	ECO:0000255|HAMAP-Rule:MF_03133	Zn(2+)	ChEBI:CHEBI:29105							binding_site
Q9VRJ1	766	ECO:0000255|HAMAP-Rule:MF_03133	Zn(2+)	ChEBI:CHEBI:29105							binding_site
Q9VRJ1	770	ECO:0000255|HAMAP-Rule:MF_03133	Zn(2+)	ChEBI:CHEBI:29105							binding_site
Q9VRJ9	266	ECO:0000250|UniProtKB:Q5VVQ6	substrate								binding_site
Q9VRM7	485	ECO:0000250	heme	ChEBI:CHEBI:30413			Fe	ChEBI:CHEBI:18248		axial binding residue	binding_site
Q9VRN5	127	ECO:0000250	Zn(2+)	ChEBI:CHEBI:29105	1						binding_site
Q9VRN5	130	ECO:0000250	Zn(2+)	ChEBI:CHEBI:29105	1						binding_site
Q9VRN5	136	ECO:0000250	Zn(2+)	ChEBI:CHEBI:29105	1						binding_site
Q9VRN5	141	ECO:0000250	Zn(2+)	ChEBI:CHEBI:29105	1						binding_site
Q9VRN5	150	ECO:0000250	Zn(2+)	ChEBI:CHEBI:29105	2						binding_site
Q9VRN5	153	ECO:0000250	Zn(2+)	ChEBI:CHEBI:29105	2						binding_site
Q9VRN5	158	ECO:0000250	Zn(2+)	ChEBI:CHEBI:29105	2						binding_site
Q9VRN5	163	ECO:0000250	Zn(2+)	ChEBI:CHEBI:29105	2						binding_site
Q9VRQ9	131	ECO:0000269|PubMed:22897232, ECO:0000269|PubMed:23545638, ECO:0007744|PDB:4F9U, ECO:0007744|PDB:4F9V, ECO:0007744|PDB:4FWU	Zn(2+)	ChEBI:CHEBI:29105							binding_site
Q9VRQ9	151	ECO:0000269|PubMed:22897232, ECO:0007744|PDB:4F9U	alpha-D-mannopyranose	ChEBI:CHEBI:28729							binding_site
Q9VRQ9	155	ECO:0000269|PubMed:22897232, ECO:0007744|PDB:4F9U	alpha-D-mannopyranose	ChEBI:CHEBI:28729							binding_site
Q9VRQ9	171	ECO:0000269|PubMed:22897232, ECO:0000269|PubMed:23545638, ECO:0007744|PDB:4F9U, ECO:0007744|PDB:4F9V, ECO:0007744|PDB:4FWU	Zn(2+)	ChEBI:CHEBI:29105							binding_site
Q9VRQ9	297	ECO:0000269|PubMed:22897232, ECO:0000269|PubMed:23545638, ECO:0007744|PDB:4F9U, ECO:0007744|PDB:4F9V, ECO:0007744|PDB:4FWU	Zn(2+)	ChEBI:CHEBI:29105							binding_site
Q9VRQ9	306	ECO:0000269|PubMed:22897232, ECO:0007744|PDB:4F9U	alpha-D-mannopyranose	ChEBI:CHEBI:28729							binding_site
Q9VRQ9	85	ECO:0000269|PubMed:22897232, ECO:0007744|PDB:4F9V	alpha-D-mannopyranose	ChEBI:CHEBI:28729							binding_site
Q9VRQ9	91	ECO:0000269|PubMed:22897232, ECO:0007744|PDB:4F9V	alpha-D-mannopyranose	ChEBI:CHEBI:28729							binding_site
Q9VRR2	389	ECO:0000250|UniProtKB:Q9UBH6	phosphate	ChEBI:CHEBI:43474							binding_site
Q9VRR2	392	ECO:0000250|UniProtKB:Q9UBH6	phosphate	ChEBI:CHEBI:43474							binding_site
Q9VRR2	466	ECO:0000250|UniProtKB:Q9UBH6	phosphate	ChEBI:CHEBI:43474							binding_site
Q9VRR2	467	ECO:0000250|UniProtKB:Q9UBH6	phosphate	ChEBI:CHEBI:43474							binding_site
Q9VRR2	555	ECO:0000250|UniProtKB:Q9UBH6	phosphate	ChEBI:CHEBI:43474							binding_site
Q9VRR2	586	ECO:0000250|UniProtKB:Q9UBH6	phosphate	ChEBI:CHEBI:43474							binding_site
Q9VRR2	587	ECO:0000250|UniProtKB:Q9UBH6	phosphate	ChEBI:CHEBI:43474							binding_site
Q9VRX3	137	ECO:0000250|UniProtKB:Q13509	GTP	ChEBI:CHEBI:37565							binding_site
Q9VRX3	141	ECO:0000250|UniProtKB:Q13509	GTP	ChEBI:CHEBI:37565							binding_site
Q9VRX3	142	ECO:0000250|UniProtKB:Q13509	GTP	ChEBI:CHEBI:37565							binding_site
Q9VRX3	143	ECO:0000250|UniProtKB:Q13509	GTP	ChEBI:CHEBI:37565							binding_site
Q9VRX3	203	ECO:0000250|UniProtKB:Q13509	GTP	ChEBI:CHEBI:37565							binding_site
Q9VRX3	225	ECO:0000250|UniProtKB:Q13509	GTP	ChEBI:CHEBI:37565							binding_site
Q9VRX3	70	ECO:0000250|UniProtKB:P68363	GTP;Mg(2+)	ChEBI:CHEBI:37565;ChEBI:CHEBI:18420							binding_site
Q9VS78	433	ECO:0000250	heme	ChEBI:CHEBI:30413			Fe	ChEBI:CHEBI:18248		axial binding residue	binding_site
Q9VS79	267	ECO:0000250	heme	ChEBI:CHEBI:30413						covalent	binding_site
Q9VS79	409	ECO:0000250	heme	ChEBI:CHEBI:30413			Fe	ChEBI:CHEBI:18248		axial binding residue	binding_site
Q9VSA3	154-163	ECO:0000250|UniProtKB:P41367	FAD	ChEBI:CHEBI:57692		ligand shared between dimeric partners				in other chain	binding_site
Q9VSA3	163	ECO:0000250|UniProtKB:P41367	octanoyl-CoA	ChEBI:CHEBI:57386							binding_site
Q9VSA3	187-189	ECO:0000250|UniProtKB:P41367	FAD	ChEBI:CHEBI:57692		ligand shared between dimeric partners				in other chain	binding_site
Q9VSA3	212	ECO:0000250|UniProtKB:P41367	octanoyl-CoA	ChEBI:CHEBI:57386							binding_site
Q9VSA3	274	ECO:0000250|UniProtKB:P41367	octanoyl-CoA	ChEBI:CHEBI:57386							binding_site
Q9VSA3	277	ECO:0000250|UniProtKB:P41367	octanoyl-CoA	ChEBI:CHEBI:57386							binding_site
Q9VSA3	302-304	ECO:0000250|UniProtKB:P41367	FAD	ChEBI:CHEBI:57692		ligand shared between dimeric partners					binding_site
Q9VSA3	312-313	ECO:0000250|UniProtKB:P41367	FAD	ChEBI:CHEBI:57692		ligand shared between dimeric partners				in other chain	binding_site
Q9VSA3	345	ECO:0000250|UniProtKB:P41367	octanoyl-CoA	ChEBI:CHEBI:57386							binding_site
Q9VSA3	347	ECO:0000250|UniProtKB:P41367	octanoyl-CoA	ChEBI:CHEBI:57386							binding_site
Q9VSA3	370-374	ECO:0000250|UniProtKB:P41367	FAD	ChEBI:CHEBI:57692		ligand shared between dimeric partners					binding_site
Q9VSA3	397	ECO:0000250|UniProtKB:P41367	octanoyl-CoA	ChEBI:CHEBI:57386							binding_site
Q9VSA3	398-401	ECO:0000250|UniProtKB:P41367	FAD	ChEBI:CHEBI:57692		ligand shared between dimeric partners				in other chain	binding_site
Q9VSD7	10	ECO:0000250|UniProtKB:C4M1P9	a divalent metal cation	ChEBI:CHEBI:60240	1						binding_site
Q9VSD7	174	ECO:0000250|UniProtKB:C4M1P9	a divalent metal cation	ChEBI:CHEBI:60240	2						binding_site
Q9VSD7	226	ECO:0000250|UniProtKB:C4M1P9	a divalent metal cation	ChEBI:CHEBI:60240	2						binding_site
Q9VSD7	228	ECO:0000250|UniProtKB:C4M1P9	a divalent metal cation	ChEBI:CHEBI:60240	1						binding_site
Q9VSD7	39	ECO:0000250|UniProtKB:C4M1P9	a divalent metal cation	ChEBI:CHEBI:60240	2						binding_site
Q9VSD7	8	ECO:0000250|UniProtKB:C4M1P9	a divalent metal cation	ChEBI:CHEBI:60240	1						binding_site
Q9VSD7	84	ECO:0000250|UniProtKB:C4M1P9	a divalent metal cation	ChEBI:CHEBI:60240	2						binding_site
Q9VSE2	287-294	ECO:0000255|PROSITE-ProRule:PRU00541	ATP	ChEBI:CHEBI:30616							binding_site
Q9VSF4	100-104	ECO:0000250	NAD(+)	ChEBI:CHEBI:57540							binding_site
Q9VSF4	126-128	ECO:0000250	NAD(+)	ChEBI:CHEBI:57540							binding_site
Q9VSF4	131-132	ECO:0000250	spermidine	ChEBI:CHEBI:57834							binding_site
Q9VSF4	132	ECO:0000250	NAD(+)	ChEBI:CHEBI:57540							binding_site
Q9VSF4	233	ECO:0000250	NAD(+)	ChEBI:CHEBI:57540							binding_site
Q9VSF4	238	ECO:0000250	spermidine	ChEBI:CHEBI:57834							binding_site
Q9VSF4	278	ECO:0000250	NAD(+)	ChEBI:CHEBI:57540							binding_site
Q9VSF4	283	ECO:0000250	spermidine	ChEBI:CHEBI:57834							binding_site
Q9VSF4	303-304	ECO:0000250	NAD(+)	ChEBI:CHEBI:57540							binding_site
Q9VSF4	309-311	ECO:0000250	spermidine	ChEBI:CHEBI:57834							binding_site
Q9VSF4	318-324	ECO:0000250	spermidine	ChEBI:CHEBI:57834							binding_site
Q9VSF4	337-338	ECO:0000250	NAD(+)	ChEBI:CHEBI:57540							binding_site
Q9VSH0	165	ECO:0000250|UniProtKB:Q8N884	GTP;Mg(2+)	ChEBI:CHEBI:37565;ChEBI:CHEBI:18420		catalytic					binding_site
Q9VSH0	212-219	ECO:0000250|UniProtKB:Q8N884	GTP	ChEBI:CHEBI:37565							binding_site
Q9VSH0	216-219	ECO:0000250|UniProtKB:Q8N884	ATP	ChEBI:CHEBI:30616							binding_site
Q9VSH0	237	ECO:0000250|UniProtKB:Q8N884	ATP	ChEBI:CHEBI:30616							binding_site
Q9VSH0	252-256	ECO:0000250|UniProtKB:Q8N884	ATP	ChEBI:CHEBI:30616							binding_site
Q9VSH0	58	ECO:0000250|UniProtKB:Q8N884	ATP	ChEBI:CHEBI:30616							binding_site
Q9VSH0	70	ECO:0000250|UniProtKB:Q8N884	Mg(2+)	ChEBI:CHEBI:18420		catalytic					binding_site
Q9VSH0	70-72	ECO:0000250|UniProtKB:Q8N884	ATP	ChEBI:CHEBI:30616							binding_site
Q9VSH0	72	ECO:0000250|UniProtKB:Q8N884	Mg(2+)	ChEBI:CHEBI:18420		catalytic					binding_site
Q9VSL3	57	ECO:0000250|UniProtKB:P78417	glutathione	ChEBI:CHEBI:57925							binding_site
Q9VSL3	70	ECO:0000250|UniProtKB:P78417	glutathione	ChEBI:CHEBI:57925							binding_site
Q9VSL3	86-87	ECO:0000250|UniProtKB:P78417	glutathione	ChEBI:CHEBI:57925							binding_site
Q9VSS1	118-125	ECO:0000255|PROSITE-ProRule:PRU00434	ATP	ChEBI:CHEBI:30616							binding_site
Q9VSS1	387-394	ECO:0000255|PROSITE-ProRule:PRU00434	ATP	ChEBI:CHEBI:30616							binding_site
Q9VSY4	123-136	ECO:0000255|HAMAP-Rule:MF_03130	acetyl-CoA	ChEBI:CHEBI:57288							binding_site
Q9VSY4	159-168	ECO:0000255|HAMAP-Rule:MF_03130	acetyl-CoA	ChEBI:CHEBI:57288							binding_site
Q9VSY6	112	ECO:0000250	substrate								binding_site
Q9VSY6	156-157	ECO:0000250	substrate								binding_site
Q9VSY6	205	ECO:0000250	substrate								binding_site
Q9VSY6	227	ECO:0000250	Mg(2+)	ChEBI:CHEBI:18420							binding_site
Q9VSY6	67	ECO:0000250	Mg(2+)	ChEBI:CHEBI:18420							binding_site
Q9VSY6	69	ECO:0000250	Mg(2+)	ChEBI:CHEBI:18420							binding_site
Q9VSY6	76	ECO:0000250	substrate								binding_site
Q9VSZ6	325	ECO:0000255|HAMAP-Rule:MF_03043	Zn(2+)	ChEBI:CHEBI:29105							binding_site
Q9VSZ6	327	ECO:0000255|HAMAP-Rule:MF_03043	Zn(2+)	ChEBI:CHEBI:29105							binding_site
Q9VSZ6	330	ECO:0000255|HAMAP-Rule:MF_03043	Zn(2+)	ChEBI:CHEBI:29105							binding_site
Q9VSZ6	356	ECO:0000255|HAMAP-Rule:MF_03043	Zn(2+)	ChEBI:CHEBI:29105							binding_site
Q9VT57	27-35	ECO:0000250|UniProtKB:P49336, ECO:0000255|PROSITE-ProRule:PRU00159	ATP	ChEBI:CHEBI:30616							binding_site
Q9VT57	52	ECO:0000250|UniProtKB:P49336, ECO:0000255|PROSITE-ProRule:PRU00159	ATP	ChEBI:CHEBI:30616							binding_site
Q9VT65	809	ECO:0000255|PROSITE-ProRule:PRU00448	Ca(2+)	ChEBI:CHEBI:29108	1						binding_site
Q9VT65	811	ECO:0000255|PROSITE-ProRule:PRU00448	Ca(2+)	ChEBI:CHEBI:29108	1						binding_site
Q9VT65	813	ECO:0000255|PROSITE-ProRule:PRU00448	Ca(2+)	ChEBI:CHEBI:29108	1						binding_site
Q9VT65	815	ECO:0000255|PROSITE-ProRule:PRU00448	Ca(2+)	ChEBI:CHEBI:29108	1						binding_site
Q9VT65	820	ECO:0000255|PROSITE-ProRule:PRU00448	Ca(2+)	ChEBI:CHEBI:29108	1						binding_site
Q9VT65	839	ECO:0000305	Ca(2+)	ChEBI:CHEBI:29108	2						binding_site
Q9VT65	843	ECO:0000305	Ca(2+)	ChEBI:CHEBI:29108	2						binding_site
Q9VT65	845	ECO:0000305	Ca(2+)	ChEBI:CHEBI:29108	2						binding_site
Q9VT65	850	ECO:0000305	Ca(2+)	ChEBI:CHEBI:29108	2						binding_site
Q9VTG7	335	ECO:0000250	Mn(2+)	ChEBI:CHEBI:29035							binding_site
Q9VTH0	650	ECO:0000255|PROSITE-ProRule:PRU00805	Fe cation	ChEBI:CHEBI:24875							binding_site
Q9VTH0	652	ECO:0000255|PROSITE-ProRule:PRU00805	Fe cation	ChEBI:CHEBI:24875							binding_site
Q9VTH0	702	ECO:0000255|PROSITE-ProRule:PRU00805	Fe cation	ChEBI:CHEBI:24875							binding_site
Q9VTH0	712	ECO:0000255|PROSITE-ProRule:PRU00805	2-oxoglutarate	ChEBI:CHEBI:16810							binding_site
Q9VTM5	118	ECO:0000255|PROSITE-ProRule:PRU01026	S-adenosyl-L-methionine	ChEBI:CHEBI:59789							binding_site
Q9VTM5	140	ECO:0000255|PROSITE-ProRule:PRU01026	S-adenosyl-L-methionine	ChEBI:CHEBI:59789							binding_site
Q9VTM5	38-41	ECO:0000250	S-adenosyl-L-methionine	ChEBI:CHEBI:59789							binding_site
Q9VTM5	39	ECO:0000255|PROSITE-ProRule:PRU01026	S-adenosyl-L-methionine	ChEBI:CHEBI:59789							binding_site
Q9VTM5	41	ECO:0000255|PROSITE-ProRule:PRU01026	S-adenosyl-L-methionine	ChEBI:CHEBI:59789							binding_site
Q9VTM5	67	ECO:0000255|PROSITE-ProRule:PRU01026	S-adenosyl-L-methionine	ChEBI:CHEBI:59789							binding_site
Q9VTM5	89	ECO:0000255|PROSITE-ProRule:PRU01026	S-adenosyl-L-methionine	ChEBI:CHEBI:59789							binding_site
Q9VTZ5	121	ECO:0000250|UniProtKB:P02788	Fe(3+)	ChEBI:CHEBI:29034	1						binding_site
Q9VTZ5	155	ECO:0000250|UniProtKB:P02788	hydrogencarbonate	ChEBI:CHEBI:17544	1						binding_site
Q9VTZ5	156	ECO:0000250|UniProtKB:P02788	hydrogencarbonate	ChEBI:CHEBI:17544	1						binding_site
Q9VTZ5	231	ECO:0000269|PubMed:20935638	Fe(3+)	ChEBI:CHEBI:29034	1						binding_site
Q9VTZ5	505	ECO:0000250|UniProtKB:P02788	Fe(3+)	ChEBI:CHEBI:29034	2						binding_site
Q9VTZ5	533	ECO:0000269|PubMed:20935638	Fe(3+)	ChEBI:CHEBI:29034	2						binding_site
Q9VTZ5	559	ECO:0000250|UniProtKB:P02788	hydrogencarbonate	ChEBI:CHEBI:17544	2						binding_site
Q9VTZ5	565	ECO:0000250|UniProtKB:P02788	hydrogencarbonate	ChEBI:CHEBI:17544	2						binding_site
Q9VTZ5	566	ECO:0000250|UniProtKB:P02788	hydrogencarbonate	ChEBI:CHEBI:17544	2						binding_site
Q9VTZ5	93	ECO:0000250|UniProtKB:P02788	Fe(3+)	ChEBI:CHEBI:29034	1						binding_site
Q9VTZ6	129	ECO:0000250|UniProtKB:Q92871	alpha-D-mannose 1-phosphate	ChEBI:CHEBI:58409							binding_site
Q9VTZ6	140	ECO:0000250|UniProtKB:Q92871	alpha-D-mannose 1-phosphate	ChEBI:CHEBI:58409							binding_site
Q9VTZ6	147	ECO:0000250|UniProtKB:Q92871	alpha-D-mannose 1-phosphate	ChEBI:CHEBI:58409							binding_site
Q9VTZ6	16	ECO:0000250|UniProtKB:Q92871	Mg(2+)	ChEBI:CHEBI:18420	1						binding_site
Q9VTZ6	18	ECO:0000250|UniProtKB:Q92871	Mg(2+)	ChEBI:CHEBI:18420	1						binding_site
Q9VTZ6	185	ECO:0000250|UniProtKB:Q92871	alpha-D-mannose 1-phosphate	ChEBI:CHEBI:58409							binding_site
Q9VTZ6	187	ECO:0000250|UniProtKB:Q92871	alpha-D-mannose 1-phosphate	ChEBI:CHEBI:58409							binding_site
Q9VTZ6	216	ECO:0000250|UniProtKB:P31353	Mg(2+)	ChEBI:CHEBI:18420	1						binding_site
Q9VTZ6	228	ECO:0000250|UniProtKB:P31353	Mg(2+)	ChEBI:CHEBI:18420	2						binding_site
Q9VTZ6	230	ECO:0000250|UniProtKB:Q92871	Mg(2+)	ChEBI:CHEBI:18420	2						binding_site
Q9VTZ6	233	ECO:0000250|UniProtKB:Q92871	Mg(2+)	ChEBI:CHEBI:18420	2						binding_site
Q9VTZ6	25	ECO:0000250|UniProtKB:Q92871	alpha-D-mannose 1-phosphate	ChEBI:CHEBI:58409							binding_site
Q9VU41	412	ECO:0000255|PROSITE-ProRule:PRU00134	Zn(2+)	ChEBI:CHEBI:29105	1						binding_site
Q9VU41	415	ECO:0000255|PROSITE-ProRule:PRU00134	Zn(2+)	ChEBI:CHEBI:29105	1						binding_site
Q9VU41	423	ECO:0000255|PROSITE-ProRule:PRU00134	Zn(2+)	ChEBI:CHEBI:29105	2						binding_site
Q9VU41	426	ECO:0000255|PROSITE-ProRule:PRU00134	Zn(2+)	ChEBI:CHEBI:29105	2						binding_site
Q9VU41	432	ECO:0000255|PROSITE-ProRule:PRU00134	Zn(2+)	ChEBI:CHEBI:29105	1						binding_site
Q9VU41	436	ECO:0000255|PROSITE-ProRule:PRU00134	Zn(2+)	ChEBI:CHEBI:29105	1						binding_site
Q9VU41	444	ECO:0000255|PROSITE-ProRule:PRU00134	Zn(2+)	ChEBI:CHEBI:29105	2						binding_site
Q9VU41	448	ECO:0000255|PROSITE-ProRule:PRU00134	Zn(2+)	ChEBI:CHEBI:29105	2						binding_site
Q9VU77	123	ECO:0000269|PubMed:35410347, ECO:0007744|PDB:7YXG;ECO:0000269|PubMed:35410347, ECO:0007744|PDB:7YXH	2-oxoglutarate;succinate	ChEBI:CHEBI:16810;ChEBI:CHEBI:30031							binding_site
Q9VU77	172	ECO:0000269|PubMed:35410347, ECO:0007744|PDB:7YXG	2-oxoglutarate	ChEBI:CHEBI:16810							binding_site
Q9VU77	175	ECO:0000255|PROSITE-ProRule:PRU00538, ECO:0000305|PubMed:35410347, ECO:0007744|PDB:7YXG, ECO:0007744|PDB:7YXH, ECO:0007744|PDB:7YXI, ECO:0007744|PDB:7YXJ, ECO:0007744|PDB:7YXK, ECO:0007744|PDB:7YXL	Fe cation	ChEBI:CHEBI:24875		catalytic					binding_site
Q9VU77	177	ECO:0000255|PROSITE-ProRule:PRU00538, ECO:0000305|PubMed:35410347, ECO:0007744|PDB:7YXG, ECO:0007744|PDB:7YXH, ECO:0007744|PDB:7YXI, ECO:0007744|PDB:7YXJ, ECO:0007744|PDB:7YXK, ECO:0007744|PDB:7YXL	Fe cation	ChEBI:CHEBI:24875		catalytic					binding_site
Q9VU77	181	ECO:0000269|PubMed:35410347, ECO:0007744|PDB:7YXG	2-oxoglutarate	ChEBI:CHEBI:16810							binding_site
Q9VU77	183	ECO:0000269|PubMed:35410347, ECO:0007744|PDB:7YXG;ECO:0000269|PubMed:35410347, ECO:0007744|PDB:7YXH	2-oxoglutarate;succinate	ChEBI:CHEBI:16810;ChEBI:CHEBI:30031							binding_site
Q9VU77	190	ECO:0000269|PubMed:35410347, ECO:0007744|PDB:7YXG;ECO:0000269|PubMed:35410347, ECO:0007744|PDB:7YXH	2-oxoglutarate;succinate	ChEBI:CHEBI:16810;ChEBI:CHEBI:30031							binding_site
Q9VU77	278	ECO:0000255|PROSITE-ProRule:PRU00538, ECO:0000305|PubMed:35410347, ECO:0007744|PDB:7YXG, ECO:0007744|PDB:7YXH, ECO:0007744|PDB:7YXI, ECO:0007744|PDB:7YXJ, ECO:0007744|PDB:7YXK, ECO:0007744|PDB:7YXL	Fe cation	ChEBI:CHEBI:24875		catalytic					binding_site
Q9VU77	292	ECO:0000269|PubMed:35410347, ECO:0007744|PDB:7YXG	2-oxoglutarate	ChEBI:CHEBI:16810							binding_site
Q9VUF8	488	ECO:0000250	heme	ChEBI:CHEBI:30413			Fe	ChEBI:CHEBI:18248		axial binding residue	binding_site
Q9VUK8	331	ECO:0000250|UniProtKB:P41250	glycine	ChEBI:CHEBI:57305							binding_site
Q9VUK8	363-365	ECO:0000250|UniProtKB:P41250	ATP	ChEBI:CHEBI:30616							binding_site
Q9VUK8	374-375	ECO:0000250|UniProtKB:P41250	ATP	ChEBI:CHEBI:30616							binding_site
Q9VUK8	382	ECO:0000250|UniProtKB:P41250	glycine	ChEBI:CHEBI:57305							binding_site
Q9VUK8	489-490	ECO:0000250|UniProtKB:P41250	ATP	ChEBI:CHEBI:30616							binding_site
Q9VUK8	609-611	ECO:0000250|UniProtKB:P41250	glycine	ChEBI:CHEBI:57305							binding_site
Q9VUK8	616	ECO:0000250|UniProtKB:P41250	ATP	ChEBI:CHEBI:30616							binding_site
Q9VUM0	958-965	ECO:0000255	ATP	ChEBI:CHEBI:30616							binding_site
Q9VUN3	122-125	ECO:0000250|UniProtKB:P62826	GTP	ChEBI:CHEBI:37565							binding_site
Q9VUN3	150-152	ECO:0000250|UniProtKB:P62825	GTP	ChEBI:CHEBI:37565							binding_site
Q9VUN3	18-25	ECO:0000250|UniProtKB:P62825	GTP	ChEBI:CHEBI:37565							binding_site
Q9VUN3	36-42	ECO:0000250|UniProtKB:P62826	GTP	ChEBI:CHEBI:37565							binding_site
Q9VUN3	68	ECO:0000250|UniProtKB:P62825	GTP	ChEBI:CHEBI:37565							binding_site
Q9VUQ5	1037	ECO:0000250	a divalent metal cation	ChEBI:CHEBI:60240							binding_site
Q9VUQ5	1173	ECO:0000250	a divalent metal cation	ChEBI:CHEBI:60240							binding_site
Q9VUQ5	965	ECO:0000250	a divalent metal cation	ChEBI:CHEBI:60240							binding_site
Q9VUT6	168	ECO:0000250	substrate								binding_site
Q9VUT6	220	ECO:0000250	Mn(2+)	ChEBI:CHEBI:29035							binding_site
Q9VUT6	221	ECO:0000250	substrate								binding_site
Q9VUT6	222	ECO:0000250	Mn(2+)	ChEBI:CHEBI:29035							binding_site
Q9VUT6	322	ECO:0000250	substrate								binding_site
Q9VUT6	350	ECO:0000250	Mn(2+)	ChEBI:CHEBI:29035							binding_site
Q9VUT6	353	ECO:0000250	substrate								binding_site
Q9VUV9	1350-1357	ECO:0000255|PROSITE-ProRule:PRU00541	ATP	ChEBI:CHEBI:30616							binding_site
Q9VUV9	503-510	ECO:0000255|PROSITE-ProRule:PRU00541	ATP	ChEBI:CHEBI:30616							binding_site
Q9VUX2	179	ECO:0000255|PROSITE-ProRule:PRU00228	Zn(2+)	ChEBI:CHEBI:29105	1						binding_site
Q9VUX2	182	ECO:0000255|PROSITE-ProRule:PRU00228	Zn(2+)	ChEBI:CHEBI:29105	1						binding_site
Q9VUX2	194	ECO:0000255|PROSITE-ProRule:PRU00228	Zn(2+)	ChEBI:CHEBI:29105	2						binding_site
Q9VUX2	197	ECO:0000255|PROSITE-ProRule:PRU00228	Zn(2+)	ChEBI:CHEBI:29105	2						binding_site
Q9VUX2	203	ECO:0000255|PROSITE-ProRule:PRU00228	Zn(2+)	ChEBI:CHEBI:29105	1						binding_site
Q9VUX2	206	ECO:0000255|PROSITE-ProRule:PRU00228	Zn(2+)	ChEBI:CHEBI:29105	1						binding_site
Q9VUX2	212	ECO:0000255|PROSITE-ProRule:PRU00228	Zn(2+)	ChEBI:CHEBI:29105	2						binding_site
Q9VUX2	216	ECO:0000255|PROSITE-ProRule:PRU00228	Zn(2+)	ChEBI:CHEBI:29105	2						binding_site
Q9VUY0	265	ECO:0000250	Cu cation	ChEBI:CHEBI:23378	A						binding_site
Q9VUY0	266	ECO:0000250	Cu cation	ChEBI:CHEBI:23378	A						binding_site
Q9VUY0	347	ECO:0000250	Cu cation	ChEBI:CHEBI:23378	A						binding_site
Q9VUY0	425	ECO:0000250	Cu cation	ChEBI:CHEBI:23378	B						binding_site
Q9VUY0	427	ECO:0000250	Cu cation	ChEBI:CHEBI:23378	B						binding_site
Q9VUY0	500	ECO:0000250	Cu cation	ChEBI:CHEBI:23378	B						binding_site
Q9VUY9	116	ECO:0000250|UniProtKB:P00949	alpha-D-glucose 1,6-bisphosphate;Mg(2+)	ChEBI:CHEBI:58392;ChEBI:CHEBI:18420						via phosphate group	binding_site
Q9VUY9	24	ECO:0000250|UniProtKB:P00949	alpha-D-glucose 1,6-bisphosphate	ChEBI:CHEBI:58392							binding_site
Q9VUY9	288	ECO:0000250|UniProtKB:P00949	Mg(2+)	ChEBI:CHEBI:18420							binding_site
Q9VUY9	290	ECO:0000250|UniProtKB:P00949	Mg(2+)	ChEBI:CHEBI:18420							binding_site
Q9VUY9	292	ECO:0000250|UniProtKB:P00949	alpha-D-glucose 1,6-bisphosphate;Mg(2+)	ChEBI:CHEBI:58392;ChEBI:CHEBI:18420							binding_site
Q9VUY9	293	ECO:0000250|UniProtKB:P00949	alpha-D-glucose 1,6-bisphosphate	ChEBI:CHEBI:58392							binding_site
Q9VUY9	357	ECO:0000250|UniProtKB:P00949	alpha-D-glucose 1,6-bisphosphate	ChEBI:CHEBI:58392							binding_site
Q9VUY9	376	ECO:0000250|UniProtKB:P00949	alpha-D-glucose 1,6-bisphosphate	ChEBI:CHEBI:58392							binding_site
Q9VUY9	378	ECO:0000250|UniProtKB:P00949	alpha-D-glucose 1,6-bisphosphate	ChEBI:CHEBI:58392							binding_site
Q9VUY9	389	ECO:0000250|UniProtKB:P00949	alpha-D-glucose 1,6-bisphosphate	ChEBI:CHEBI:58392							binding_site
Q9VV41	109	ECO:0000255|HAMAP-Rule:MF_03180	a divalent metal cation	ChEBI:CHEBI:60240							binding_site
Q9VV41	113	ECO:0000255|HAMAP-Rule:MF_03180	a divalent metal cation	ChEBI:CHEBI:60240							binding_site
Q9VV41	130	ECO:0000255|HAMAP-Rule:MF_03180	a divalent metal cation	ChEBI:CHEBI:60240							binding_site
Q9VV41	130-134	ECO:0000255|HAMAP-Rule:MF_03180	substrate								binding_site
Q9VV41	162	ECO:0000255|HAMAP-Rule:MF_03180	substrate								binding_site
Q9VV41	177	ECO:0000255|HAMAP-Rule:MF_03180	substrate								binding_site
Q9VV41	181	ECO:0000255|HAMAP-Rule:MF_03180	substrate								binding_site
Q9VV41	277	ECO:0000255|HAMAP-Rule:MF_03180	substrate								binding_site
Q9VV41	305	ECO:0000255|HAMAP-Rule:MF_03180	a divalent metal cation	ChEBI:CHEBI:60240							binding_site
Q9VV96	155	ECO:0000250|UniProtKB:Q8INK6	Zn(2+)	ChEBI:CHEBI:29105							binding_site
Q9VV96	163	ECO:0000250|UniProtKB:Q8INK6	Zn(2+)	ChEBI:CHEBI:29105							binding_site
Q9VV96	47	ECO:0000250|UniProtKB:Q8INK6	Zn(2+)	ChEBI:CHEBI:29105							binding_site
Q9VVG6	171	ECO:0000255|HAMAP-Rule:MF_03111	Zn(2+)	ChEBI:CHEBI:29105							binding_site
Q9VVG6	172	ECO:0000255|HAMAP-Rule:MF_03111	Zn(2+)	ChEBI:CHEBI:29105							binding_site
Q9VVG6	175	ECO:0000255|HAMAP-Rule:MF_03111	Zn(2+)	ChEBI:CHEBI:29105							binding_site
Q9VVG6	187	ECO:0000255|HAMAP-Rule:MF_03111	Zn(2+)	ChEBI:CHEBI:29105							binding_site
Q9VVK8	163-170	ECO:0000255|PROSITE-ProRule:PRU00541	ATP	ChEBI:CHEBI:30616							binding_site
Q9VVN6	455	ECO:0000250	heme	ChEBI:CHEBI:30413			Fe	ChEBI:CHEBI:18248		axial binding residue	binding_site
Q9VVR1	46	ECO:0000255|PROSITE-ProRule:PRU00502	Zn(2+)	ChEBI:CHEBI:29105	2						binding_site
Q9VVR1	49	ECO:0000255|PROSITE-ProRule:PRU00502	Zn(2+)	ChEBI:CHEBI:29105	2						binding_site
Q9VVR1	59	ECO:0000255|PROSITE-ProRule:PRU00502	Zn(2+)	ChEBI:CHEBI:29105	3						binding_site
Q9VVR1	6	ECO:0000255|PROSITE-ProRule:PRU00502	Zn(2+)	ChEBI:CHEBI:29105	1						binding_site
Q9VVR1	62	ECO:0000255|PROSITE-ProRule:PRU00502	Zn(2+)	ChEBI:CHEBI:29105	3						binding_site
Q9VVR1	67	ECO:0000255|PROSITE-ProRule:PRU00502	Zn(2+)	ChEBI:CHEBI:29105	2						binding_site
Q9VVR1	71	ECO:0000255|PROSITE-ProRule:PRU00502	Zn(2+)	ChEBI:CHEBI:29105	2						binding_site
Q9VVR1	75	ECO:0000255|PROSITE-ProRule:PRU00502	Zn(2+)	ChEBI:CHEBI:29105	3						binding_site
Q9VVR1	8	ECO:0000255|PROSITE-ProRule:PRU00502	Zn(2+)	ChEBI:CHEBI:29105	1						binding_site
Q9VVR1	81	ECO:0000255|PROSITE-ProRule:PRU00502	Zn(2+)	ChEBI:CHEBI:29105	3						binding_site
Q9VVR1	94	ECO:0000255|PROSITE-ProRule:PRU00502	Zn(2+)	ChEBI:CHEBI:29105	1						binding_site
Q9VVR1	97	ECO:0000255|PROSITE-ProRule:PRU00502	Zn(2+)	ChEBI:CHEBI:29105	1						binding_site
Q9VVR9	470	ECO:0000250	heme	ChEBI:CHEBI:30413			Fe	ChEBI:CHEBI:18248		axial binding residue	binding_site
Q9VVW8	114	ECO:0000255|HAMAP-Rule:MF_03157	(6S)-NADPHX	ChEBI:CHEBI:64076							binding_site
Q9VVW8	167-173	ECO:0000255|HAMAP-Rule:MF_03157	(6S)-NADPHX	ChEBI:CHEBI:64076							binding_site
Q9VVW8	198-202	ECO:0000255|HAMAP-Rule:MF_03157	ATP	ChEBI:CHEBI:30616							binding_site
Q9VVW8	219-228	ECO:0000255|HAMAP-Rule:MF_03157	ATP	ChEBI:CHEBI:30616							binding_site
Q9VVW8	229	ECO:0000255|HAMAP-Rule:MF_03157	(6S)-NADPHX	ChEBI:CHEBI:64076							binding_site
Q9VW14	347	ECO:0000250	S-adenosyl-L-methionine	ChEBI:CHEBI:59789							binding_site
Q9VW14	373	ECO:0000250	S-adenosyl-L-methionine	ChEBI:CHEBI:59789							binding_site
Q9VW14	382	ECO:0000250	S-adenosyl-L-methionine	ChEBI:CHEBI:59789							binding_site
Q9VW43	450	ECO:0000250	heme	ChEBI:CHEBI:30413			Fe	ChEBI:CHEBI:18248		axial binding residue	binding_site
Q9VW60	1162	ECO:0000250|UniProtKB:P26769	ATP	ChEBI:CHEBI:30616							binding_site
Q9VW60	1242-1244	ECO:0000250|UniProtKB:P26769	ATP	ChEBI:CHEBI:30616							binding_site
Q9VW60	1249-1253	ECO:0000250|UniProtKB:P26769	ATP	ChEBI:CHEBI:30616							binding_site
Q9VW60	1289	ECO:0000250|UniProtKB:P26769	ATP	ChEBI:CHEBI:30616							binding_site
Q9VW60	322	ECO:0000250|UniProtKB:P30803, ECO:0000255|PROSITE-ProRule:PRU00099	Mg(2+)	ChEBI:CHEBI:18420	1;2	catalytic					binding_site
Q9VW60	322-327	ECO:0000250|UniProtKB:P30803	ATP	ChEBI:CHEBI:30616							binding_site
Q9VW60	323	ECO:0000255|PROSITE-ProRule:PRU00099	Mg(2+)	ChEBI:CHEBI:18420	2	catalytic					binding_site
Q9VW60	364-366	ECO:0000250|UniProtKB:P30803	ATP	ChEBI:CHEBI:30616							binding_site
Q9VW60	366	ECO:0000250|UniProtKB:P30803, ECO:0000255|PROSITE-ProRule:PRU00099	Mg(2+)	ChEBI:CHEBI:18420	1;2	catalytic					binding_site
Q9VW60	410	ECO:0000250|UniProtKB:P30803	ATP	ChEBI:CHEBI:30616							binding_site
Q9VW97	267-295	ECO:0000255	FAD	ChEBI:CHEBI:57692							binding_site
Q9VWA2	102	ECO:0000250	Zn(2+)	ChEBI:CHEBI:29105		catalytic					binding_site
Q9VWA2	128	ECO:0000250	Zn(2+)	ChEBI:CHEBI:29105		catalytic					binding_site
Q9VWA2	131	ECO:0000250	Zn(2+)	ChEBI:CHEBI:29105		catalytic					binding_site
Q9VWD6	135	ECO:0000255|HAMAP-Rule:MF_03179	a divalent metal cation	ChEBI:CHEBI:60240							binding_site
Q9VWD6	139	ECO:0000255|HAMAP-Rule:MF_03179	a divalent metal cation	ChEBI:CHEBI:60240							binding_site
Q9VWD6	159-163	ECO:0000255|HAMAP-Rule:MF_03179	substrate								binding_site
Q9VWD6	192	ECO:0000255|HAMAP-Rule:MF_03179	substrate								binding_site
Q9VWD6	212	ECO:0000255|HAMAP-Rule:MF_03179	substrate								binding_site
Q9VWD6	216	ECO:0000255|HAMAP-Rule:MF_03179	substrate								binding_site
Q9VWD6	322-323	ECO:0000255|HAMAP-Rule:MF_03179	substrate								binding_site
Q9VWD6	350	ECO:0000255|HAMAP-Rule:MF_03179	substrate								binding_site
Q9VWD6	351	ECO:0000255|HAMAP-Rule:MF_03179	a divalent metal cation	ChEBI:CHEBI:60240							binding_site
Q9VWH4	131	ECO:0000250	substrate								binding_site
Q9VWH4	141	ECO:0000250	substrate								binding_site
Q9VWH4	162	ECO:0000250	substrate								binding_site
Q9VWH4	249	ECO:0000250|UniProtKB:P50213;ECO:0000250	Mg(2+);substrate	ChEBI:CHEBI:18420							binding_site
Q9VWH4	273	ECO:0000250|UniProtKB:P50213	Mg(2+)	ChEBI:CHEBI:18420							binding_site
Q9VWH4	277	ECO:0000250|UniProtKB:P50213	Mg(2+)	ChEBI:CHEBI:18420							binding_site
Q9VWP4	144	ECO:0000255|PROSITE-ProRule:PRU00279	heme b	ChEBI:CHEBI:60344			Fe	ChEBI:CHEBI:18248		axial binding residue	binding_site
Q9VWP4	168	ECO:0000255|PROSITE-ProRule:PRU00279	heme b	ChEBI:CHEBI:60344			Fe	ChEBI:CHEBI:18248		axial binding residue	binding_site
Q9VWP4	240-244	ECO:0000250	Mo-molybdopterin	ChEBI:CHEBI:71302							binding_site
Q9VWP4	287	ECO:0000250	Mo-molybdopterin	ChEBI:CHEBI:71302			Mo	ChEBI:CHEBI:28685			binding_site
Q9VWP4	344	ECO:0000250	Mo-molybdopterin	ChEBI:CHEBI:71302							binding_site
Q9VWP4	383	ECO:0000250	Mo-molybdopterin	ChEBI:CHEBI:71302							binding_site
Q9VWP4	388	ECO:0000250	Mo-molybdopterin	ChEBI:CHEBI:71302							binding_site
Q9VWP4	399-401	ECO:0000250	Mo-molybdopterin	ChEBI:CHEBI:71302							binding_site
Q9VWQ2	165-173	ECO:0000255|PROSITE-ProRule:PRU00159	ATP	ChEBI:CHEBI:30616							binding_site
Q9VWQ2	189	ECO:0000255|PROSITE-ProRule:PRU00159	ATP	ChEBI:CHEBI:30616							binding_site
Q9VWR2	431	ECO:0000250	heme	ChEBI:CHEBI:30413			Fe	ChEBI:CHEBI:18248		axial binding residue	binding_site
Q9VWR5	505	ECO:0000250|UniProtKB:P04798	heme	ChEBI:CHEBI:30413			Fe	ChEBI:CHEBI:18248		axial binding residue	binding_site
Q9VWS0	631	ECO:0000255|PROSITE-ProRule:PRU00146	Zn(2+)	ChEBI:CHEBI:29105	1						binding_site
Q9VWS0	633	ECO:0000255|PROSITE-ProRule:PRU00146	Zn(2+)	ChEBI:CHEBI:29105	1						binding_site
Q9VWS0	644	ECO:0000255|PROSITE-ProRule:PRU00146	Zn(2+)	ChEBI:CHEBI:29105	2						binding_site
Q9VWS0	649	ECO:0000255|PROSITE-ProRule:PRU00146	Zn(2+)	ChEBI:CHEBI:29105	2						binding_site
Q9VWS0	655	ECO:0000255|PROSITE-ProRule:PRU00146	Zn(2+)	ChEBI:CHEBI:29105	1						binding_site
Q9VWS0	658	ECO:0000255|PROSITE-ProRule:PRU00146	Zn(2+)	ChEBI:CHEBI:29105	1						binding_site
Q9VWS0	671	ECO:0000255|PROSITE-ProRule:PRU00146	Zn(2+)	ChEBI:CHEBI:29105	2						binding_site
Q9VWS0	674	ECO:0000255|PROSITE-ProRule:PRU00146	Zn(2+)	ChEBI:CHEBI:29105	2						binding_site
Q9VWX8	109	ECO:0000269|PubMed:25074811, ECO:0000269|PubMed:28119500, ECO:0000269|PubMed:29966094, ECO:0007744|PDB:4BY4, ECO:0007744|PDB:4BY5, ECO:0007744|PDB:5AAN, ECO:0007744|PDB:5FYX, ECO:0007744|PDB:5G08, ECO:0007744|PDB:6EPA	Ca(2+)	ChEBI:CHEBI:29108	2						binding_site
Q9VWX8	111	ECO:0000269|PubMed:25074811, ECO:0000269|PubMed:28119500, ECO:0000269|PubMed:29966094, ECO:0007744|PDB:4BY4, ECO:0007744|PDB:4BY5, ECO:0007744|PDB:5AAN, ECO:0007744|PDB:5FYX, ECO:0007744|PDB:5G08, ECO:0007744|PDB:6EPA	Ca(2+)	ChEBI:CHEBI:29108	2						binding_site
Q9VWX8	113	ECO:0000269|PubMed:25074811, ECO:0000269|PubMed:28119500, ECO:0000269|PubMed:29966094, ECO:0007744|PDB:4BY4, ECO:0007744|PDB:4BY5, ECO:0007744|PDB:5AAN, ECO:0007744|PDB:5FYX, ECO:0007744|PDB:5G08, ECO:0007744|PDB:6EPA	Ca(2+)	ChEBI:CHEBI:29108	2						binding_site
Q9VWX8	115	ECO:0000269|PubMed:25074811, ECO:0000269|PubMed:28119500, ECO:0000269|PubMed:29966094, ECO:0007744|PDB:4BY4, ECO:0007744|PDB:4BY5, ECO:0007744|PDB:5AAN, ECO:0007744|PDB:5FYX, ECO:0007744|PDB:5G08, ECO:0007744|PDB:6EPA	Ca(2+)	ChEBI:CHEBI:29108	2						binding_site
Q9VWX8	120	ECO:0000269|PubMed:25074811, ECO:0000269|PubMed:28119500, ECO:0000269|PubMed:29966094, ECO:0007744|PDB:4BY4, ECO:0007744|PDB:4BY5, ECO:0007744|PDB:5AAN, ECO:0007744|PDB:5FYX, ECO:0007744|PDB:5G08, ECO:0007744|PDB:6EPA	Ca(2+)	ChEBI:CHEBI:29108	2						binding_site
Q9VWX8	156	ECO:0000269|PubMed:25074811, ECO:0000269|PubMed:28119500, ECO:0000269|PubMed:29966094, ECO:0007744|PDB:4BY4, ECO:0007744|PDB:4BY5, ECO:0007744|PDB:5AAN, ECO:0007744|PDB:5FYX, ECO:0007744|PDB:5G08, ECO:0007744|PDB:6EPA	Ca(2+)	ChEBI:CHEBI:29108	3						binding_site
Q9VWX8	158	ECO:0000269|PubMed:25074811, ECO:0000269|PubMed:28119500, ECO:0000269|PubMed:29966094, ECO:0007744|PDB:4BY4, ECO:0007744|PDB:4BY5, ECO:0007744|PDB:5AAN, ECO:0007744|PDB:5FYX, ECO:0007744|PDB:5G08, ECO:0007744|PDB:6EPA	Ca(2+)	ChEBI:CHEBI:29108	3						binding_site
Q9VWX8	160	ECO:0000269|PubMed:25074811, ECO:0000269|PubMed:28119500, ECO:0000269|PubMed:29966094, ECO:0007744|PDB:4BY4, ECO:0007744|PDB:4BY5, ECO:0007744|PDB:5AAN, ECO:0007744|PDB:5FYX, ECO:0007744|PDB:5G08, ECO:0007744|PDB:6EPA	Ca(2+)	ChEBI:CHEBI:29108	3						binding_site
Q9VWX8	162	ECO:0000269|PubMed:25074811, ECO:0000269|PubMed:28119500, ECO:0000269|PubMed:29966094, ECO:0007744|PDB:4BY4, ECO:0007744|PDB:4BY5, ECO:0007744|PDB:5AAN, ECO:0007744|PDB:5FYX, ECO:0007744|PDB:5G08, ECO:0007744|PDB:6EPA	Ca(2+)	ChEBI:CHEBI:29108	3						binding_site
Q9VWX8	167	ECO:0000269|PubMed:25074811, ECO:0000269|PubMed:28119500, ECO:0000269|PubMed:29966094, ECO:0007744|PDB:4BY4, ECO:0007744|PDB:4BY5, ECO:0007744|PDB:5AAN, ECO:0007744|PDB:5FYX, ECO:0007744|PDB:5G08, ECO:0007744|PDB:6EPA	Ca(2+)	ChEBI:CHEBI:29108	3						binding_site
Q9VWX8	73	ECO:0000269|PubMed:25074811, ECO:0000269|PubMed:28119500, ECO:0000269|PubMed:29966094, ECO:0007744|PDB:4BY4, ECO:0007744|PDB:4BY5, ECO:0007744|PDB:5AAN, ECO:0007744|PDB:5FYX, ECO:0007744|PDB:5G08, ECO:0007744|PDB:6EPA	Ca(2+)	ChEBI:CHEBI:29108	1						binding_site
Q9VWX8	75	ECO:0000269|PubMed:25074811, ECO:0000269|PubMed:28119500, ECO:0000269|PubMed:29966094, ECO:0007744|PDB:4BY4, ECO:0007744|PDB:4BY5, ECO:0007744|PDB:5AAN, ECO:0007744|PDB:5FYX, ECO:0007744|PDB:5G08, ECO:0007744|PDB:6EPA	Ca(2+)	ChEBI:CHEBI:29108	1						binding_site
Q9VWX8	77	ECO:0000269|PubMed:25074811, ECO:0000269|PubMed:28119500, ECO:0000269|PubMed:29966094, ECO:0007744|PDB:4BY4, ECO:0007744|PDB:4BY5, ECO:0007744|PDB:5AAN, ECO:0007744|PDB:5FYX, ECO:0007744|PDB:5G08, ECO:0007744|PDB:6EPA	Ca(2+)	ChEBI:CHEBI:29108	1						binding_site
Q9VWX8	79	ECO:0000269|PubMed:25074811, ECO:0000269|PubMed:28119500, ECO:0000269|PubMed:29966094, ECO:0007744|PDB:4BY4, ECO:0007744|PDB:4BY5, ECO:0007744|PDB:5AAN, ECO:0007744|PDB:5FYX, ECO:0007744|PDB:5G08, ECO:0007744|PDB:6EPA	Ca(2+)	ChEBI:CHEBI:29108	1						binding_site
Q9VWX8	84	ECO:0000269|PubMed:25074811, ECO:0000269|PubMed:28119500, ECO:0000269|PubMed:29966094, ECO:0007744|PDB:4BY4, ECO:0007744|PDB:4BY5, ECO:0007744|PDB:5AAN, ECO:0007744|PDB:5FYX, ECO:0007744|PDB:5G08, ECO:0007744|PDB:6EPA	Ca(2+)	ChEBI:CHEBI:29108	1						binding_site
Q9VX09	278-281	ECO:0000250	ATP	ChEBI:CHEBI:30616							binding_site
Q9VX10	122-125	ECO:0000250|UniProtKB:Q9BYN0	ATP	ChEBI:CHEBI:30616							binding_site
Q9VXA8	120-122	ECO:0000250|UniProtKB:O70348	substrate								binding_site
Q9VXA8	180	ECO:0000250|UniProtKB:O70348	Mg(2+)	ChEBI:CHEBI:18420	1;2						binding_site
Q9VXA8	222	ECO:0000250|UniProtKB:O70348	Mg(2+);substrate	ChEBI:CHEBI:18420	2						binding_site
Q9VXA8	224	ECO:0000250|UniProtKB:O70348	Mg(2+)	ChEBI:CHEBI:18420	1;2						binding_site
Q9VXA8	247	ECO:0000250|UniProtKB:O70348	Mg(2+)	ChEBI:CHEBI:18420	1						binding_site
Q9VXA8	248	ECO:0000250|UniProtKB:O70348	Mg(2+)	ChEBI:CHEBI:18420	1						binding_site
Q9VXA8	249	ECO:0000250|UniProtKB:O70348	substrate								binding_site
Q9VXA8	274	ECO:0000250|UniProtKB:O70348	substrate								binding_site
Q9VXA8	43	ECO:0000250|UniProtKB:O70348	substrate								binding_site
Q9VXE5	374-382	ECO:0000250|UniProtKB:O96013, ECO:0000255|PROSITE-ProRule:PRU00159	ATP	ChEBI:CHEBI:30616							binding_site
Q9VXE5	397	ECO:0000250|UniProtKB:O96013, ECO:0000255|PROSITE-ProRule:PRU00159	ATP	ChEBI:CHEBI:30616							binding_site
Q9VXE6	1015	ECO:0000250|UniProtKB:P49791	Zn(2+)	ChEBI:CHEBI:29105	3						binding_site
Q9VXE6	1018	ECO:0000250|UniProtKB:P49791	Zn(2+)	ChEBI:CHEBI:29105	3						binding_site
Q9VXE6	1029	ECO:0000250|UniProtKB:P49791	Zn(2+)	ChEBI:CHEBI:29105	3						binding_site
Q9VXE6	1032	ECO:0000250|UniProtKB:P49791	Zn(2+)	ChEBI:CHEBI:29105	3						binding_site
Q9VXE6	1074	ECO:0000250|UniProtKB:P49791	Zn(2+)	ChEBI:CHEBI:29105	4						binding_site
Q9VXE6	1077	ECO:0000250|UniProtKB:P49791	Zn(2+)	ChEBI:CHEBI:29105	4						binding_site
Q9VXE6	1088	ECO:0000250|UniProtKB:P49791	Zn(2+)	ChEBI:CHEBI:29105	4						binding_site
Q9VXE6	1091	ECO:0000250|UniProtKB:P49791	Zn(2+)	ChEBI:CHEBI:29105	4						binding_site
Q9VXE6	909	ECO:0000250|UniProtKB:P49791	Zn(2+)	ChEBI:CHEBI:29105	1						binding_site
Q9VXE6	912	ECO:0000250|UniProtKB:P49791	Zn(2+)	ChEBI:CHEBI:29105	1						binding_site
Q9VXE6	923	ECO:0000250|UniProtKB:P49791	Zn(2+)	ChEBI:CHEBI:29105	1						binding_site
Q9VXE6	926	ECO:0000250|UniProtKB:P49791	Zn(2+)	ChEBI:CHEBI:29105	1						binding_site
Q9VXE6	970	ECO:0000250|UniProtKB:P49791	Zn(2+)	ChEBI:CHEBI:29105	2						binding_site
Q9VXE6	973	ECO:0000250|UniProtKB:P49791	Zn(2+)	ChEBI:CHEBI:29105	2						binding_site
Q9VXE6	984	ECO:0000250|UniProtKB:P49791	Zn(2+)	ChEBI:CHEBI:29105	2						binding_site
Q9VXE6	987	ECO:0000250|UniProtKB:P49791	Zn(2+)	ChEBI:CHEBI:29105	2						binding_site
Q9VXF1	164	ECO:0000250|UniProtKB:Q08209	Fe cation	ChEBI:CHEBI:24875							binding_site
Q9VXF1	166	ECO:0000250|UniProtKB:Q08209	Fe cation	ChEBI:CHEBI:24875							binding_site
Q9VXF1	192	ECO:0000250|UniProtKB:Q08209	Fe cation;Zn(2+)	ChEBI:CHEBI:24875;ChEBI:CHEBI:29105							binding_site
Q9VXF1	224	ECO:0000250|UniProtKB:Q08209	Zn(2+)	ChEBI:CHEBI:29105							binding_site
Q9VXF1	273	ECO:0000250|UniProtKB:Q08209	Zn(2+)	ChEBI:CHEBI:29105							binding_site
Q9VXF1	355	ECO:0000250|UniProtKB:Q08209	Zn(2+)	ChEBI:CHEBI:29105							binding_site
Q9VXG1	128	ECO:0000255|PROSITE-ProRule:PRU01263	Zn(2+)	ChEBI:CHEBI:29105							binding_site
Q9VXG1	131	ECO:0000255|PROSITE-ProRule:PRU01263	Zn(2+)	ChEBI:CHEBI:29105							binding_site
Q9VXG1	81	ECO:0000255|PROSITE-ProRule:PRU01263	Zn(2+)	ChEBI:CHEBI:29105							binding_site
Q9VXG1	84	ECO:0000255|PROSITE-ProRule:PRU01263	Zn(2+)	ChEBI:CHEBI:29105							binding_site
Q9VXH6	565	ECO:0000305	Ca(2+)	ChEBI:CHEBI:29108							binding_site
Q9VXH6	567	ECO:0000305	Ca(2+)	ChEBI:CHEBI:29108							binding_site
Q9VXH6	569	ECO:0000305	Ca(2+)	ChEBI:CHEBI:29108							binding_site
Q9VXH6	571	ECO:0000305	Ca(2+)	ChEBI:CHEBI:29108							binding_site
Q9VXJ0	102	ECO:0000250|UniProtKB:P51659	NAD(+)	ChEBI:CHEBI:57540							binding_site
Q9VXJ0	154	ECO:0000250|UniProtKB:P51659	substrate								binding_site
Q9VXJ0	16-40	ECO:0000250|UniProtKB:P51659	NAD(+)	ChEBI:CHEBI:57540							binding_site
Q9VXJ0	167-171	ECO:0000250|UniProtKB:P51659	NAD(+)	ChEBI:CHEBI:57540							binding_site
Q9VXJ0	199-202	ECO:0000250|UniProtKB:P51659	NAD(+)	ChEBI:CHEBI:57540							binding_site
Q9VXJ0	24	ECO:0000250|UniProtKB:P51659	NAD(+)	ChEBI:CHEBI:57540							binding_site
Q9VXJ0	390-391	ECO:0000250|UniProtKB:P22414	(3R)-3-hydroxydecanoyl-CoA	ChEBI:CHEBI:74272							binding_site
Q9VXJ0	419	ECO:0000250|UniProtKB:P22414	(3R)-3-hydroxydecanoyl-CoA	ChEBI:CHEBI:74272							binding_site
Q9VXJ0	43	ECO:0000250|UniProtKB:P51659	NAD(+)	ChEBI:CHEBI:57540							binding_site
Q9VXJ0	496-501	ECO:0000250|UniProtKB:P22414	(3R)-3-hydroxydecanoyl-CoA	ChEBI:CHEBI:74272							binding_site
Q9VXJ0	519	ECO:0000250|UniProtKB:P22414	(3R)-3-hydroxydecanoyl-CoA	ChEBI:CHEBI:74272							binding_site
Q9VXJ0	549	ECO:0000250|UniProtKB:P22414	(3R)-3-hydroxydecanoyl-CoA	ChEBI:CHEBI:74272							binding_site
Q9VXJ0	78-79	ECO:0000250|UniProtKB:P51659	NAD(+)	ChEBI:CHEBI:57540							binding_site
Q9VXK6	28-35	ECO:0000255	GTP	ChEBI:CHEBI:37565							binding_site
Q9VXN4	204-206	ECO:0000250|UniProtKB:P54136	L-arginine	ChEBI:CHEBI:32682							binding_site
Q9VXN4	215	ECO:0000250|UniProtKB:P54136	L-arginine	ChEBI:CHEBI:32682							binding_site
Q9VXN4	390	ECO:0000250|UniProtKB:P54136	L-arginine	ChEBI:CHEBI:32682							binding_site
Q9VXN4	394	ECO:0000250|UniProtKB:P54136	L-arginine	ChEBI:CHEBI:32682							binding_site
Q9VXN4	418	ECO:0000250|UniProtKB:P54136	L-arginine	ChEBI:CHEBI:32682							binding_site
Q9VXN9	206		peptidoglycan	ChEBI:CHEBI:8005							binding_site
Q9VXN9	229-240		peptidoglycan	ChEBI:CHEBI:8005							binding_site
Q9VXN9	254		peptidoglycan	ChEBI:CHEBI:8005							binding_site
Q9VXN9	261-267		peptidoglycan	ChEBI:CHEBI:8005							binding_site
Q9VXN9	314-322		peptidoglycan	ChEBI:CHEBI:8005							binding_site
Q9VXT7	216-219	ECO:0000250	substrate								binding_site
Q9VXT7	239-242	ECO:0000250	substrate								binding_site
Q9VXX8	19	ECO:0000250	Zn(2+)	ChEBI:CHEBI:29105							binding_site
Q9VXX8	22	ECO:0000250	Zn(2+)	ChEBI:CHEBI:29105							binding_site
Q9VXX8	34	ECO:0000250	Zn(2+)	ChEBI:CHEBI:29105							binding_site
Q9VXX8	37	ECO:0000250	Zn(2+)	ChEBI:CHEBI:29105							binding_site
Q9VXY0	307	ECO:0000250	heme	ChEBI:CHEBI:30413						covalent	binding_site
Q9VXY0	436	ECO:0000250	heme	ChEBI:CHEBI:30413			Fe	ChEBI:CHEBI:18248		axial binding residue	binding_site
Q9VY01	299	ECO:0000255|PIRSR:PIRSR000137-2	FAD	ChEBI:CHEBI:57692							binding_site
Q9VY01	577-578	ECO:0000255|PIRSR:PIRSR000137-2	FAD	ChEBI:CHEBI:57692							binding_site
Q9VY93	105	ECO:0000255|HAMAP-Rule:MF_03116	Zn(2+)	ChEBI:CHEBI:29105							binding_site
Q9VY93	107	ECO:0000255|HAMAP-Rule:MF_03116	Zn(2+)	ChEBI:CHEBI:29105							binding_site
Q9VY93	185	ECO:0000255|HAMAP-Rule:MF_03116	Zn(2+)	ChEBI:CHEBI:29105							binding_site
Q9VY93	87	ECO:0000255|HAMAP-Rule:MF_03116	substrate								binding_site
Q9VY99	1034	ECO:0000255|PROSITE-ProRule:PRU01379	Zn(2+)	ChEBI:CHEBI:29105		catalytic					binding_site
Q9VY99	938	ECO:0000255|PROSITE-ProRule:PRU01379	Zn(2+)	ChEBI:CHEBI:29105		catalytic					binding_site
Q9VY99	941	ECO:0000255|PROSITE-ProRule:PRU01379	Zn(2+)	ChEBI:CHEBI:29105		catalytic					binding_site
Q9VYA0	355-362	ECO:0000250	ATP	ChEBI:CHEBI:30616							binding_site
Q9VYB7	185	ECO:0000250|UniProtKB:O60704	3'-phosphoadenylyl sulfate	ChEBI:CHEBI:58339							binding_site
Q9VYB7	193	ECO:0000250|UniProtKB:O60704	3'-phosphoadenylyl sulfate	ChEBI:CHEBI:58339							binding_site
Q9VYB7	197	ECO:0000250|UniProtKB:O60704	3'-phosphoadenylyl sulfate	ChEBI:CHEBI:58339							binding_site
Q9VYB7	240	ECO:0000250|UniProtKB:O60704	3'-phosphoadenylyl sulfate	ChEBI:CHEBI:58339							binding_site
Q9VYB7	287-296	ECO:0000250|UniProtKB:O60704	3'-phosphoadenylyl sulfate	ChEBI:CHEBI:58339							binding_site
Q9VYB7	302	ECO:0000250|UniProtKB:O60704	3'-phosphoadenylyl sulfate	ChEBI:CHEBI:58339							binding_site
Q9VYB7	80-84	ECO:0000250|UniProtKB:O60704	3'-phosphoadenylyl sulfate	ChEBI:CHEBI:58339							binding_site
Q9VYD1	1312	ECO:0000250|UniProtKB:Q9BYW2	Zn(2+)	ChEBI:CHEBI:29105	1						binding_site
Q9VYD1	1314	ECO:0000250|UniProtKB:Q9BYW2	Zn(2+)	ChEBI:CHEBI:29105	1						binding_site
Q9VYD1	1328	ECO:0000250|UniProtKB:Q9BYW2	Zn(2+)	ChEBI:CHEBI:29105	1;2						binding_site
Q9VYD1	1332	ECO:0000250|UniProtKB:Q9BYW2	Zn(2+)	ChEBI:CHEBI:29105	1						binding_site
Q9VYD1	1341	ECO:0000250|UniProtKB:Q9BYW2	Zn(2+)	ChEBI:CHEBI:29105	2						binding_site
Q9VYD1	1345	ECO:0000250|UniProtKB:Q9BYW2	Zn(2+)	ChEBI:CHEBI:29105	2						binding_site
Q9VYD1	1351	ECO:0000250|UniProtKB:Q9BYW2	Zn(2+)	ChEBI:CHEBI:29105	2						binding_site
Q9VYD1	1415-1417	ECO:0000250|UniProtKB:Q9BYW2	S-adenosyl-L-methionine	ChEBI:CHEBI:59789							binding_site
Q9VYD1	1440-1441	ECO:0000250|UniProtKB:Q9BYW2	S-adenosyl-L-methionine	ChEBI:CHEBI:59789							binding_site
Q9VYD1	1443	ECO:0000250|UniProtKB:Q9BYW2	Zn(2+)	ChEBI:CHEBI:29105	3						binding_site
Q9VYD1	1488	ECO:0000250|UniProtKB:Q9BYW2	S-adenosyl-L-methionine	ChEBI:CHEBI:59789							binding_site
Q9VYD1	1490	ECO:0000250|UniProtKB:Q9BYW2	Zn(2+)	ChEBI:CHEBI:29105	3						binding_site
Q9VYD1	1491	ECO:0000250|UniProtKB:Q9BYW2	S-adenosyl-L-methionine	ChEBI:CHEBI:59789							binding_site
Q9VYD1	1492	ECO:0000250|UniProtKB:Q9BYW2	Zn(2+)	ChEBI:CHEBI:29105	3						binding_site
Q9VYD1	1497	ECO:0000250|UniProtKB:Q9BYW2	Zn(2+)	ChEBI:CHEBI:29105	3						binding_site
Q9VYF2	127	ECO:0000250	Mg(2+);substrate	ChEBI:CHEBI:18420	1						binding_site
Q9VYF2	167	ECO:0000250	Mg(2+)	ChEBI:CHEBI:18420	1;2						binding_site
Q9VYF2	169	ECO:0000250	Mg(2+)	ChEBI:CHEBI:18420	1						binding_site
Q9VYF2	169-172	ECO:0000250	substrate								binding_site
Q9VYF2	170	ECO:0000250	Mg(2+)	ChEBI:CHEBI:18420	2						binding_site
Q9VYF2	292	ECO:0000250	Mg(2+);substrate	ChEBI:CHEBI:18420	2						binding_site
Q9VYF8	111	ECO:0000255|HAMAP-Rule:MF_03191	S-adenosyl-L-methionine	ChEBI:CHEBI:59789							binding_site
Q9VYF8	139	ECO:0000255|HAMAP-Rule:MF_03191	S-adenosyl-L-methionine	ChEBI:CHEBI:59789							binding_site
Q9VYF8	173-174	ECO:0000255|HAMAP-Rule:MF_03191	S-adenosyl-L-methionine	ChEBI:CHEBI:59789							binding_site
Q9VYQ5	477	ECO:0000250	heme	ChEBI:CHEBI:30413			Fe	ChEBI:CHEBI:18248		axial binding residue	binding_site
Q9VYQ7	430	ECO:0000250	heme	ChEBI:CHEBI:30413			Fe	ChEBI:CHEBI:18248		axial binding residue	binding_site
Q9VYS3	100	ECO:0000255|PROSITE-ProRule:PRU01341	Zn(2+)	ChEBI:CHEBI:29105	1						binding_site
Q9VYS3	103	ECO:0000255|PROSITE-ProRule:PRU01341	Zn(2+)	ChEBI:CHEBI:29105	1						binding_site
Q9VYS3	114	ECO:0000255|PROSITE-ProRule:PRU01341	Zn(2+)	ChEBI:CHEBI:29105	2						binding_site
Q9VYS3	117	ECO:0000255|PROSITE-ProRule:PRU01341	Zn(2+)	ChEBI:CHEBI:29105	2						binding_site
Q9VYS3	122	ECO:0000255|PROSITE-ProRule:PRU01341	Zn(2+)	ChEBI:CHEBI:29105	1						binding_site
Q9VYS3	132	ECO:0000255|PROSITE-ProRule:PRU01341	Zn(2+)	ChEBI:CHEBI:29105	1						binding_site
Q9VYS3	136	ECO:0000255|PROSITE-ProRule:PRU01341	Zn(2+)	ChEBI:CHEBI:29105	2						binding_site
Q9VYS3	142	ECO:0000255|PROSITE-ProRule:PRU01341	Zn(2+)	ChEBI:CHEBI:29105	2						binding_site
Q9VYS3	160	ECO:0000255|PROSITE-ProRule:PRU01341	Zn(2+)	ChEBI:CHEBI:29105	3						binding_site
Q9VYS3	163	ECO:0000255|PROSITE-ProRule:PRU01341	Zn(2+)	ChEBI:CHEBI:29105	3						binding_site
Q9VYS3	186	ECO:0000255|PROSITE-ProRule:PRU01341	Zn(2+)	ChEBI:CHEBI:29105	3						binding_site
Q9VYS3	190	ECO:0000255|PROSITE-ProRule:PRU01341	Zn(2+)	ChEBI:CHEBI:29105	3						binding_site
Q9VYS3	456	ECO:0000250|UniProtKB:Q92900	ATP	ChEBI:CHEBI:30616							binding_site
Q9VYS3	473-480	ECO:0000255|PROSITE-ProRule:PRU00499	ATP	ChEBI:CHEBI:30616							binding_site
Q9VYS3	646	ECO:0000250|UniProtKB:Q92900	ATP	ChEBI:CHEBI:30616							binding_site
Q9VYS3	683	ECO:0000250|UniProtKB:Q92900	ATP	ChEBI:CHEBI:30616							binding_site
Q9VYS3	813	ECO:0000250|UniProtKB:Q92900	ATP	ChEBI:CHEBI:30616							binding_site
Q9VYS4	1029	ECO:0000250	Mg(2+)	ChEBI:CHEBI:18420		catalytic					binding_site
Q9VYS4	1031	ECO:0000250	Mg(2+)	ChEBI:CHEBI:18420		catalytic					binding_site
Q9VYT8	444	ECO:0000250	heme	ChEBI:CHEBI:30413			Fe	ChEBI:CHEBI:18248		axial binding residue	binding_site
Q9VYY3	104	ECO:0000250|UniProtKB:Q9GZZ9	ATP	ChEBI:CHEBI:30616							binding_site
Q9VYY3	127	ECO:0000250|UniProtKB:Q9GZZ9	ATP	ChEBI:CHEBI:30616							binding_site
Q9VYY3	150	ECO:0000250|UniProtKB:Q9GZZ9	ATP	ChEBI:CHEBI:30616							binding_site
Q9VYY3	184	ECO:0000250|UniProtKB:Q9GZZ9	ATP	ChEBI:CHEBI:30616							binding_site
Q9VYY3	226	ECO:0000250|UniProtKB:Q9GZZ9	Zn(2+)	ChEBI:CHEBI:29105							binding_site
Q9VYY3	229	ECO:0000250|UniProtKB:Q9GZZ9	Zn(2+)	ChEBI:CHEBI:29105							binding_site
Q9VYY3	303	ECO:0000250|UniProtKB:Q9GZZ9	Zn(2+)	ChEBI:CHEBI:29105							binding_site
Q9VYY3	308	ECO:0000250|UniProtKB:Q9GZZ9	Zn(2+)	ChEBI:CHEBI:29105							binding_site
Q9VYY3	83	ECO:0000250|UniProtKB:Q9GZZ9	ATP	ChEBI:CHEBI:30616							binding_site
Q9VYY4	379	ECO:0000250	heme	ChEBI:CHEBI:30413						covalent	binding_site
Q9VYY4	519	ECO:0000250	heme	ChEBI:CHEBI:30413			Fe	ChEBI:CHEBI:18248		axial binding residue	binding_site
Q9VZ23	122-125	ECO:0000250|UniProtKB:P62826	GTP	ChEBI:CHEBI:37565							binding_site
Q9VZ23	150-152	ECO:0000250|UniProtKB:P62825	GTP	ChEBI:CHEBI:37565							binding_site
Q9VZ23	18-25	ECO:0000250|UniProtKB:P62825	GTP	ChEBI:CHEBI:37565							binding_site
Q9VZ23	36-42	ECO:0000250|UniProtKB:P62826	GTP	ChEBI:CHEBI:37565							binding_site
Q9VZ23	68	ECO:0000250|UniProtKB:P62825	GTP	ChEBI:CHEBI:37565							binding_site
Q9VZI2	129-137	ECO:0000255|PROSITE-ProRule:PRU00159	ATP	ChEBI:CHEBI:30616							binding_site
Q9VZI2	156	ECO:0000255|PROSITE-ProRule:PRU00159, ECO:0000269|PubMed:27462444	ATP	ChEBI:CHEBI:30616							binding_site
Q9VZQ1	260-262	ECO:0000250|UniProtKB:Q9Y5A9	RNA	ChEBI:CHEBI:33697			N(6)-methyladenosine 5'-phosphate residue	ChEBI:CHEBI:74449			binding_site
Q9VZQ1	276	ECO:0000250|UniProtKB:Q96MU7	RNA	ChEBI:CHEBI:33697			N(6)-methyladenosine 5'-phosphate residue	ChEBI:CHEBI:74449			binding_site
Q9VZQ1	327	ECO:0000250|UniProtKB:Q96MU7	RNA	ChEBI:CHEBI:33697			N(6)-methyladenosine 5'-phosphate residue	ChEBI:CHEBI:74449			binding_site
Q9VZS6	46	ECO:0000250	Mg(2+)	ChEBI:CHEBI:18420							binding_site
Q9VZX9	220	ECO:0000250|UniProtKB:P10760	substrate								binding_site
Q9VZX9	245	ECO:0000250|UniProtKB:P10760	substrate								binding_site
Q9VZX9	246-248	ECO:0000250|UniProtKB:P10760	NAD(+)	ChEBI:CHEBI:57540							binding_site
Q9VZX9	275	ECO:0000250|UniProtKB:P10760	substrate								binding_site
Q9VZX9	279	ECO:0000250|UniProtKB:P10760	substrate								binding_site
Q9VZX9	311-316	ECO:0000250|UniProtKB:P10760	NAD(+)	ChEBI:CHEBI:57540							binding_site
Q9VZX9	332	ECO:0000250|UniProtKB:P10760	NAD(+)	ChEBI:CHEBI:57540							binding_site
Q9VZX9	388-390	ECO:0000250|UniProtKB:P10760	NAD(+)	ChEBI:CHEBI:57540							binding_site
Q9VZX9	435	ECO:0000250|UniProtKB:P10760	NAD(+)	ChEBI:CHEBI:57540							binding_site
Q9VZX9	515	ECO:0000250|UniProtKB:P10760	NAD(+)	ChEBI:CHEBI:57540							binding_site
Q9VZX9	515-519	ECO:0000250|UniProtKB:P10760	NAD(+)	ChEBI:CHEBI:57540							binding_site
Q9VZX9	519	ECO:0000250|UniProtKB:P10760	NAD(+)	ChEBI:CHEBI:57540							binding_site
Q9VZZ4	1015	ECO:0000255|PROSITE-ProRule:PRU00298	heme b	ChEBI:CHEBI:60344						covalent	binding_site
Q9VZZ4	1109	ECO:0000255|PROSITE-ProRule:PRU00298	heme b	ChEBI:CHEBI:60344			Fe	ChEBI:CHEBI:18248		axial binding residue	binding_site
Q9VZZ4	862	ECO:0000255|PROSITE-ProRule:PRU00298	heme b	ChEBI:CHEBI:60344						covalent	binding_site
Q9VZZ4	864	ECO:0000255|PROSITE-ProRule:PRU00298	Ca(2+)	ChEBI:CHEBI:29108							binding_site
Q9VZZ4	941	ECO:0000255|PROSITE-ProRule:PRU00298	Ca(2+)	ChEBI:CHEBI:29108							binding_site
Q9VZZ4	943	ECO:0000255|PROSITE-ProRule:PRU00298	Ca(2+)	ChEBI:CHEBI:29108							binding_site
Q9VZZ4	945	ECO:0000255|PROSITE-ProRule:PRU00298	Ca(2+)	ChEBI:CHEBI:29108							binding_site
Q9VZZ4	947	ECO:0000255|PROSITE-ProRule:PRU00298	Ca(2+)	ChEBI:CHEBI:29108							binding_site
Q9W011	455	ECO:0000250	heme	ChEBI:CHEBI:30413			Fe	ChEBI:CHEBI:18248		axial binding residue	binding_site
Q9W074	254-261	ECO:0000250|UniProtKB:P32769	GTP	ChEBI:CHEBI:37565							binding_site
Q9W074	393-396	ECO:0000250|UniProtKB:P32769	GTP	ChEBI:CHEBI:37565							binding_site
Q9W074	432-434	ECO:0000250|UniProtKB:P32769	GTP	ChEBI:CHEBI:37565							binding_site
Q9W092	125-128	ECO:0000255|PROSITE-ProRule:PRU01258	chitin	ChEBI:CHEBI:17029							binding_site
Q9W092	169	ECO:0000255|PROSITE-ProRule:PRU01258	chitin	ChEBI:CHEBI:17029							binding_site
Q9W092	231-234	ECO:0000255|PROSITE-ProRule:PRU01258	chitin	ChEBI:CHEBI:17029							binding_site
Q9W092	384	ECO:0000255|PROSITE-ProRule:PRU01258	chitin	ChEBI:CHEBI:17029							binding_site
Q9W092	98-99	ECO:0000255|PROSITE-ProRule:PRU01258	chitin	ChEBI:CHEBI:17029							binding_site
Q9W0G1	203	ECO:0000250	substrate								binding_site
Q9W0G1	237-243	ECO:0000250	substrate								binding_site
Q9W0G1	281	ECO:0000250	substrate								binding_site
Q9W0M3	306	ECO:0000255|PROSITE-ProRule:PRU00538	Fe cation	ChEBI:CHEBI:24875		catalytic					binding_site
Q9W0M3	308	ECO:0000255|PROSITE-ProRule:PRU00538	Fe cation	ChEBI:CHEBI:24875		catalytic					binding_site
Q9W0M3	385	ECO:0000255|PROSITE-ProRule:PRU00538	Fe cation	ChEBI:CHEBI:24875		catalytic					binding_site
Q9W0P2	279	ECO:0000255|PROSITE-ProRule:PRU00216	Mg(2+)	ChEBI:CHEBI:18420							binding_site
Q9W0P2	361-367	ECO:0000250|UniProtKB:P12689	dCTP	ChEBI:CHEBI:61481							binding_site
Q9W0P2	373	ECO:0000250|UniProtKB:P12689	dCTP	ChEBI:CHEBI:61481							binding_site
Q9W0P2	421	ECO:0000250|UniProtKB:P12689;ECO:0000255|PROSITE-ProRule:PRU00216	dCTP;Mg(2+)	ChEBI:CHEBI:61481;ChEBI:CHEBI:18420							binding_site
Q9W0P5	13-15	ECO:0000250|UniProtKB:Q14376	NAD(+)	ChEBI:CHEBI:57540							binding_site
Q9W0P5	133-135	ECO:0000250|UniProtKB:Q14376	substrate								binding_site
Q9W0P5	162	ECO:0000250|UniProtKB:Q14376	NAD(+)	ChEBI:CHEBI:57540							binding_site
Q9W0P5	186	ECO:0000250|UniProtKB:Q14376	NAD(+)	ChEBI:CHEBI:57540							binding_site
Q9W0P5	186-188	ECO:0000250|UniProtKB:Q14376	substrate								binding_site
Q9W0P5	207-209	ECO:0000250|UniProtKB:Q14376	substrate								binding_site
Q9W0P5	225-227	ECO:0000250|UniProtKB:Q14376	substrate								binding_site
Q9W0P5	240	ECO:0000250|UniProtKB:Q14376	substrate								binding_site
Q9W0P5	303-306	ECO:0000250|UniProtKB:Q14376	substrate								binding_site
Q9W0P5	34-38	ECO:0000250|UniProtKB:Q14376	NAD(+)	ChEBI:CHEBI:57540							binding_site
Q9W0P5	67-68	ECO:0000250|UniProtKB:Q14376	NAD(+)	ChEBI:CHEBI:57540							binding_site
Q9W0P5	89	ECO:0000250|UniProtKB:Q14376	NAD(+)	ChEBI:CHEBI:57540							binding_site
Q9W0P5	93	ECO:0000250|UniProtKB:Q14376	NAD(+)	ChEBI:CHEBI:57540							binding_site
Q9W0V1	256-258	ECO:0000250|UniProtKB:O15530	ATP	ChEBI:CHEBI:30616							binding_site
Q9W0V1	275	ECO:0000250|UniProtKB:O15530	ATP	ChEBI:CHEBI:30616							binding_site
Q9W0V1	325-327	ECO:0000250|UniProtKB:O15530	ATP	ChEBI:CHEBI:30616							binding_site
Q9W0V1	331	ECO:0000250|UniProtKB:O15530	ATP	ChEBI:CHEBI:30616							binding_site
Q9W0V1	374	ECO:0000250|UniProtKB:O15530	ATP	ChEBI:CHEBI:30616							binding_site
Q9W0V1	388	ECO:0000250|UniProtKB:O15530	ATP	ChEBI:CHEBI:30616							binding_site
Q9W0Y1	17-20	ECO:0000250	substrate								binding_site
Q9W0Y2	14-17	ECO:0000250	substrate								binding_site
Q9W107	105	ECO:0000250|UniProtKB:Q9Y2Z4	L-tyrosine	ChEBI:CHEBI:58315							binding_site
Q9W107	209	ECO:0000250|UniProtKB:Q9Y2Z4	L-tyrosine	ChEBI:CHEBI:58315							binding_site
Q9W107	213	ECO:0000250|UniProtKB:Q9Y2Z4	L-tyrosine	ChEBI:CHEBI:58315							binding_site
Q9W107	216	ECO:0000250|UniProtKB:Q9Y2Z4	L-tyrosine	ChEBI:CHEBI:58315							binding_site
Q9W107	235	ECO:0000250|UniProtKB:Q9Y2Z4	L-tyrosine	ChEBI:CHEBI:58315							binding_site
Q9W107	273	ECO:0000250|UniProtKB:P00959	ATP	ChEBI:CHEBI:30616							binding_site
Q9W107	61	ECO:0000250|UniProtKB:Q9Y2Z4	L-tyrosine	ChEBI:CHEBI:58315							binding_site
Q9W107	65	ECO:0000250|UniProtKB:Q9Y2Z4	ATP	ChEBI:CHEBI:30616							binding_site
Q9W130	464	ECO:0000250	heme	ChEBI:CHEBI:30413			Fe	ChEBI:CHEBI:18248		axial binding residue	binding_site
Q9W133	155-163	ECO:0000255|PROSITE-ProRule:PRU00159	ATP	ChEBI:CHEBI:30616							binding_site
Q9W133	177	ECO:0000255|PROSITE-ProRule:PRU00159	ATP	ChEBI:CHEBI:30616							binding_site
Q9W138	132	ECO:0000269|PubMed:35776786, ECO:0007744|PDB:7VKQ;ECO:0000255|HAMAP-Rule:MF_03044, ECO:0000269|PubMed:35776786, ECO:0007744|PDB:7VKR, ECO:0007744|PDB:7YRJ	S-adenosyl-L-homocysteine;S-adenosyl-L-methionine	ChEBI:CHEBI:57856;ChEBI:CHEBI:59789							binding_site
Q9W138	150	ECO:0000269|PubMed:35776786, ECO:0007744|PDB:7VKQ;ECO:0000255|HAMAP-Rule:MF_03044, ECO:0000269|PubMed:35776786, ECO:0007744|PDB:7VKR, ECO:0007744|PDB:7YRI, ECO:0007744|PDB:7YRJ	S-adenosyl-L-homocysteine;S-adenosyl-L-methionine	ChEBI:CHEBI:57856;ChEBI:CHEBI:59789							binding_site
Q9W138	151	ECO:0007744|PDB:7YRJ	S-adenosyl-L-methionine	ChEBI:CHEBI:59789							binding_site
Q9W138	162	ECO:0000269|PubMed:35776786, ECO:0007744|PDB:7VKQ;ECO:0000269|PubMed:35776786, ECO:0007744|PDB:7VKR, ECO:0007744|PDB:7YRI, ECO:0007744|PDB:7YRJ	S-adenosyl-L-homocysteine;S-adenosyl-L-methionine	ChEBI:CHEBI:57856;ChEBI:CHEBI:59789							binding_site
Q9W138	163	ECO:0000269|PubMed:35776786, ECO:0007744|PDB:7VKQ;ECO:0000269|PubMed:35776786, ECO:0007744|PDB:7VKR, ECO:0007744|PDB:7YRI, ECO:0007744|PDB:7YRJ	S-adenosyl-L-homocysteine;S-adenosyl-L-methionine	ChEBI:CHEBI:57856;ChEBI:CHEBI:59789							binding_site
Q9W138	196	ECO:0000269|PubMed:35776786, ECO:0007744|PDB:7VKQ;ECO:0000269|PubMed:35776786, ECO:0007744|PDB:7VKR, ECO:0007744|PDB:7YRI, ECO:0007744|PDB:7YRJ	S-adenosyl-L-homocysteine;S-adenosyl-L-methionine	ChEBI:CHEBI:57856;ChEBI:CHEBI:59789							binding_site
Q9W138	73	ECO:0000269|PubMed:35776786, ECO:0007744|PDB:7VKQ;ECO:0000269|PubMed:35776786, ECO:0007744|PDB:7VKR, ECO:0007744|PDB:7YRI, ECO:0007744|PDB:7YRJ	S-adenosyl-L-homocysteine;S-adenosyl-L-methionine	ChEBI:CHEBI:57856;ChEBI:CHEBI:59789							binding_site
Q9W197	103	ECO:0000269|PubMed:24603684	CMP;N(7)-methyl-GMP	ChEBI:CHEBI:60377;ChEBI:CHEBI:58285							binding_site
Q9W197	124	ECO:0000269|PubMed:24603684	N(7)-methyl-GMP	ChEBI:CHEBI:58285							binding_site
Q9W197	171-172	ECO:0000250|UniProtKB:Q9H0P0	substrate								binding_site
Q9W197	245	ECO:0000269|PubMed:24603684	Mg(2+)	ChEBI:CHEBI:18420							binding_site
Q9W197	55	ECO:0000269|PubMed:24603684	Mg(2+)	ChEBI:CHEBI:18420							binding_site
Q9W197	57	ECO:0000269|PubMed:24603684	Mg(2+)	ChEBI:CHEBI:18420							binding_site
Q9W1B0	106-114	ECO:0000255|PROSITE-ProRule:PRU00159	ATP	ChEBI:CHEBI:30616							binding_site
Q9W1B0	129	ECO:0000255|PROSITE-ProRule:PRU00159	ATP	ChEBI:CHEBI:30616							binding_site
Q9W1U4	277-284	ECO:0000255|PROSITE-ProRule:PRU00283	ATP	ChEBI:CHEBI:30616							binding_site
Q9W1U6	19	ECO:0000250	Zn(2+)	ChEBI:CHEBI:29105							binding_site
Q9W1U6	22	ECO:0000250	Zn(2+)	ChEBI:CHEBI:29105							binding_site
Q9W1U6	34	ECO:0000250	Zn(2+)	ChEBI:CHEBI:29105							binding_site
Q9W1U6	37	ECO:0000250	Zn(2+)	ChEBI:CHEBI:29105							binding_site
Q9W1V3	197-198	ECO:0000250	S-adenosyl-L-methionine	ChEBI:CHEBI:59789							binding_site
Q9W1V3	216-217	ECO:0000250	S-adenosyl-L-methionine	ChEBI:CHEBI:59789							binding_site
Q9W1V3	241-242	ECO:0000250	S-adenosyl-L-methionine	ChEBI:CHEBI:59789							binding_site
Q9W1V3	261-264	ECO:0000250	S-adenosyl-L-methionine	ChEBI:CHEBI:59789							binding_site
Q9W1V6	209	ECO:0000250|UniProtKB:Q9ZP19	Cu cation	ChEBI:CHEBI:23378	A						binding_site
Q9W1V6	213	ECO:0000250|UniProtKB:Q9ZP19	Cu cation	ChEBI:CHEBI:23378	A						binding_site
Q9W1V6	239	ECO:0000250|UniProtKB:Q9ZP19	Cu cation	ChEBI:CHEBI:23378	A						binding_site
Q9W1V6	366	ECO:0000250|UniProtKB:Q9ZP19	Cu cation	ChEBI:CHEBI:23378	B						binding_site
Q9W1V6	370	ECO:0000250|UniProtKB:Q9ZP19	Cu cation	ChEBI:CHEBI:23378	B						binding_site
Q9W1V6	406	ECO:0000250|UniProtKB:Q9ZP19	Cu cation	ChEBI:CHEBI:23378	B						binding_site
Q9W1X8	140	ECO:0000250	NADP(+)	ChEBI:CHEBI:58349							binding_site
Q9W1X8	163-166	ECO:0000250	NADP(+)	ChEBI:CHEBI:58349							binding_site
Q9W1X8	179	ECO:0000250	NADP(+)	ChEBI:CHEBI:58349							binding_site
Q9W1X8	187	ECO:0000250	substrate								binding_site
Q9W1X8	215	ECO:0000250	substrate								binding_site
Q9W1X8	277	ECO:0000250	substrate								binding_site
Q9W1X8	8-14	ECO:0000250	NADP(+)	ChEBI:CHEBI:58349							binding_site
Q9W223	457	ECO:0000250	heme	ChEBI:CHEBI:30413			Fe	ChEBI:CHEBI:18248		axial binding residue	binding_site
Q9W252	13	ECO:0000250|UniProtKB:G0SHW7	ATP	ChEBI:CHEBI:30616							binding_site
Q9W252	166	ECO:0000250|UniProtKB:G0SHW7	ATP;Mg(2+)	ChEBI:CHEBI:30616;ChEBI:CHEBI:18420							binding_site
Q9W252	38	ECO:0000250|UniProtKB:G0SHW7	ATP	ChEBI:CHEBI:30616							binding_site
Q9W252	39	ECO:0000250|UniProtKB:G0SHW7	ATP	ChEBI:CHEBI:30616							binding_site
Q9W252	41	ECO:0000250|UniProtKB:G0SHW7	ATP	ChEBI:CHEBI:30616							binding_site
Q9W252	42	ECO:0000250|UniProtKB:G0SHW7	ATP	ChEBI:CHEBI:30616							binding_site
Q9W252	43	ECO:0000250|UniProtKB:G0SHW7	ATP;Mg(2+)	ChEBI:CHEBI:30616;ChEBI:CHEBI:18420							binding_site
Q9W252	44	ECO:0000250|UniProtKB:G0SHW7	ATP	ChEBI:CHEBI:30616							binding_site
Q9W252	68	ECO:0000250|UniProtKB:G0SHW7	ATP	ChEBI:CHEBI:30616							binding_site
Q9W252	689	ECO:0000255|PROSITE-ProRule:PRU00471	Zn(2+)	ChEBI:CHEBI:29105							binding_site
Q9W252	692	ECO:0000255|PROSITE-ProRule:PRU00471	Zn(2+)	ChEBI:CHEBI:29105							binding_site
Q9W252	70	ECO:0000250|UniProtKB:G0SHW7	ATP	ChEBI:CHEBI:30616							binding_site
Q9W2M2	193	ECO:0000250|UniProtKB:P13482	substrate								binding_site
Q9W2M2	200-201	ECO:0000250|UniProtKB:P13482	substrate								binding_site
Q9W2M2	237	ECO:0000250|UniProtKB:P13482	substrate								binding_site
Q9W2M2	246-248	ECO:0000250|UniProtKB:P13482	substrate								binding_site
Q9W2M2	307-309	ECO:0000250|UniProtKB:P13482	substrate								binding_site
Q9W2M2	341	ECO:0000250|UniProtKB:P13482	substrate								binding_site
Q9W2M2	556	ECO:0000250|UniProtKB:P13482	substrate								binding_site
Q9W2Q5	118	ECO:0000255|PROSITE-ProRule:PRU00448	Ca(2+)	ChEBI:CHEBI:29108	1						binding_site
Q9W2Q5	120	ECO:0000255|PROSITE-ProRule:PRU00448	Ca(2+)	ChEBI:CHEBI:29108	1						binding_site
Q9W2Q5	122	ECO:0000255|PROSITE-ProRule:PRU00448	Ca(2+)	ChEBI:CHEBI:29108	1						binding_site
Q9W2Q5	129	ECO:0000255|PROSITE-ProRule:PRU00448	Ca(2+)	ChEBI:CHEBI:29108	1						binding_site
Q9W2Q5	159	ECO:0000255|PROSITE-ProRule:PRU00448	Ca(2+)	ChEBI:CHEBI:29108	2						binding_site
Q9W2Q5	161	ECO:0000255|PROSITE-ProRule:PRU00448	Ca(2+)	ChEBI:CHEBI:29108	2						binding_site
Q9W2Q5	163	ECO:0000255|PROSITE-ProRule:PRU00448	Ca(2+)	ChEBI:CHEBI:29108	2						binding_site
Q9W2Q5	165	ECO:0000255|PROSITE-ProRule:PRU00448	Ca(2+)	ChEBI:CHEBI:29108	2						binding_site
Q9W2Q5	170	ECO:0000255|PROSITE-ProRule:PRU00448	Ca(2+)	ChEBI:CHEBI:29108	2						binding_site
Q9W2W5	198	ECO:0000269|PubMed:38503748, ECO:0007744|PDB:8DMT	ADP-D-ribose	ChEBI:CHEBI:57967			adenine group	ChEBI:CHEBI:30756			binding_site
Q9W2W5	336	ECO:0000269|PubMed:38503748, ECO:0007744|PDB:8DMT	ADP-D-ribose	ChEBI:CHEBI:57967			diphosphate group	ChEBI:CHEBI:68549			binding_site
Q9W2W5	338	ECO:0000269|PubMed:38503748, ECO:0007744|PDB:8DMT	ADP-D-ribose	ChEBI:CHEBI:57967			diphosphate group	ChEBI:CHEBI:68549			binding_site
Q9W2W5	340	ECO:0000269|PubMed:38503748, ECO:0007744|PDB:8DMT	ADP-D-ribose	ChEBI:CHEBI:57967			diphosphate group	ChEBI:CHEBI:68549			binding_site
Q9W2W5	341	ECO:0000269|PubMed:38503748, ECO:0007744|PDB:8DMT	ADP-D-ribose	ChEBI:CHEBI:57967			diphosphate group	ChEBI:CHEBI:68549			binding_site
Q9W2W5	342	ECO:0000269|PubMed:38503748, ECO:0007744|PDB:8DMT	ADP-D-ribose	ChEBI:CHEBI:57967			diphosphate group	ChEBI:CHEBI:68549			binding_site
Q9W2W5	377	ECO:0000269|PubMed:38503748, ECO:0007744|PDB:8DMT	ADP-D-ribose	ChEBI:CHEBI:57967			adenine group	ChEBI:CHEBI:30756			binding_site
Q9W2W5	432	ECO:0000269|PubMed:38503748, ECO:0007744|PDB:8DMT	ADP-D-ribose	ChEBI:CHEBI:57967							binding_site
Q9W2W5	439	ECO:0000269|PubMed:38503748, ECO:0007744|PDB:8DMT	ADP-D-ribose	ChEBI:CHEBI:57967							binding_site
Q9W2W5	440	ECO:0000269|PubMed:38503748, ECO:0007744|PDB:8DMT	ADP-D-ribose	ChEBI:CHEBI:57967							binding_site
Q9W2W5	450	ECO:0000269|PubMed:38503748, ECO:0007744|PDB:8DMT	ADP-D-ribose	ChEBI:CHEBI:57967							binding_site
Q9W2W5	451	ECO:0000269|PubMed:38503748, ECO:0007744|PDB:8DMT	ADP-D-ribose	ChEBI:CHEBI:57967							binding_site
Q9W2X7	18	ECO:0000255|PROSITE-ProRule:PRU01128	Zn(2+)	ChEBI:CHEBI:29105							binding_site
Q9W2X7	21	ECO:0000255|PROSITE-ProRule:PRU01128	Zn(2+)	ChEBI:CHEBI:29105							binding_site
Q9W2X7	74	ECO:0000255|PROSITE-ProRule:PRU01128	Zn(2+)	ChEBI:CHEBI:29105							binding_site
Q9W2X7	77	ECO:0000255|PROSITE-ProRule:PRU01128	Zn(2+)	ChEBI:CHEBI:29105							binding_site
Q9W2Y3	126	ECO:0000255|HAMAP-Rule:MF_03159	K(+)	ChEBI:CHEBI:29103							binding_site
Q9W2Y3	130-136	ECO:0000255|HAMAP-Rule:MF_03159	(6S)-NADPHX	ChEBI:CHEBI:64076							binding_site
Q9W2Y3	159	ECO:0000255|HAMAP-Rule:MF_03159	(6S)-NADPHX	ChEBI:CHEBI:64076							binding_site
Q9W2Y3	162	ECO:0000255|HAMAP-Rule:MF_03159	K(+)	ChEBI:CHEBI:29103							binding_site
Q9W2Y3	61-65	ECO:0000255|HAMAP-Rule:MF_03159	(6S)-NADPHX	ChEBI:CHEBI:64076							binding_site
Q9W2Y3	62	ECO:0000255|HAMAP-Rule:MF_03159	K(+)	ChEBI:CHEBI:29103							binding_site
Q9W332	1026	ECO:0000250|UniProtKB:O60494	Ca(2+)	ChEBI:CHEBI:29108	1						binding_site
Q9W332	1034	ECO:0000250|UniProtKB:O60494	Ca(2+)	ChEBI:CHEBI:29108	1						binding_site
Q9W332	1080	ECO:0000250|UniProtKB:O60494	Ca(2+)	ChEBI:CHEBI:29108	1						binding_site
Q9W332	1148	ECO:0000250|UniProtKB:O60494	Ca(2+)	ChEBI:CHEBI:29108	2						binding_site
Q9W332	1156	ECO:0000250|UniProtKB:O60494	Ca(2+)	ChEBI:CHEBI:29108	2						binding_site
Q9W332	1197	ECO:0000250|UniProtKB:O60494	Ca(2+)	ChEBI:CHEBI:29108	2						binding_site
Q9W332	1264	ECO:0000250|UniProtKB:O60494	Ca(2+)	ChEBI:CHEBI:29108	3						binding_site
Q9W332	1272	ECO:0000250|UniProtKB:O60494	Ca(2+)	ChEBI:CHEBI:29108	3						binding_site
Q9W332	1316	ECO:0000250|UniProtKB:O60494	Ca(2+)	ChEBI:CHEBI:29108	3						binding_site
Q9W352	186	ECO:0000255|PROSITE-ProRule:PRU00509	Zn(2+)	ChEBI:CHEBI:29105	1						binding_site
Q9W352	189	ECO:0000255|PROSITE-ProRule:PRU00509	Zn(2+)	ChEBI:CHEBI:29105	1						binding_site
Q9W352	192	ECO:0000255|PROSITE-ProRule:PRU00509	Zn(2+)	ChEBI:CHEBI:29105	1						binding_site
Q9W352	197	ECO:0000255|PROSITE-ProRule:PRU00509	Zn(2+)	ChEBI:CHEBI:29105	2						binding_site
Q9W352	200	ECO:0000255|PROSITE-ProRule:PRU00509	Zn(2+)	ChEBI:CHEBI:29105	2						binding_site
Q9W352	203	ECO:0000255|PROSITE-ProRule:PRU00509	Zn(2+)	ChEBI:CHEBI:29105	2						binding_site
Q9W352	213	ECO:0000255|PROSITE-ProRule:PRU00509	Zn(2+)	ChEBI:CHEBI:29105	2						binding_site
Q9W352	218	ECO:0000255|PROSITE-ProRule:PRU00509	Zn(2+)	ChEBI:CHEBI:29105	1						binding_site
Q9W354	31-39	ECO:0000255|PROSITE-ProRule:PRU00159	ATP	ChEBI:CHEBI:30616							binding_site
Q9W354	54	ECO:0000255|PROSITE-ProRule:PRU00159	ATP	ChEBI:CHEBI:30616							binding_site
Q9W3C1	282-291	ECO:0000255|HAMAP-Rule:MF_03211	ATP	ChEBI:CHEBI:30616							binding_site
Q9W3C1	443	ECO:0000255|HAMAP-Rule:MF_03211	ATP	ChEBI:CHEBI:30616							binding_site
Q9W3C1	601-603	ECO:0000255|HAMAP-Rule:MF_03211	acetyl-CoA	ChEBI:CHEBI:57288							binding_site
Q9W3C1	608-614	ECO:0000255|HAMAP-Rule:MF_03211	acetyl-CoA	ChEBI:CHEBI:57288							binding_site
Q9W3C1	700	ECO:0000255|HAMAP-Rule:MF_03211	acetyl-CoA	ChEBI:CHEBI:57288							binding_site
Q9W3E1	148	ECO:0000269|PubMed:36180473, ECO:0007744|PDB:7SN8	1D-myo-inositol hexakisphosphate	ChEBI:CHEBI:58130							binding_site
Q9W3E1	184	ECO:0000269|PubMed:36180473	1D-myo-inositol hexakisphosphate	ChEBI:CHEBI:58130							binding_site
Q9W3J5	328	ECO:0000250|UniProtKB:Q9Y285	L-phenylalanine	ChEBI:CHEBI:58095							binding_site
Q9W3J5	372-374	ECO:0000250|UniProtKB:Q9Y285	L-phenylalanine	ChEBI:CHEBI:58095							binding_site
Q9W3J5	412	ECO:0000250|UniProtKB:Q9Y285	L-phenylalanine	ChEBI:CHEBI:58095							binding_site
Q9W3J5	414	ECO:0000250|UniProtKB:A5K9S0	Mg(2+)	ChEBI:CHEBI:18420		shared with beta subunit					binding_site
Q9W3J5	438	ECO:0000250|UniProtKB:Q9Y285	L-phenylalanine	ChEBI:CHEBI:58095							binding_site
Q9W3U1	114	ECO:0000250|UniProtKB:Q86TU7	S-adenosyl-L-methionine	ChEBI:CHEBI:59789							binding_site
Q9W3U1	143-145	ECO:0000250|UniProtKB:Q86TU7	S-adenosyl-L-methionine	ChEBI:CHEBI:59789							binding_site
Q9W3U1	299	ECO:0000250|UniProtKB:Q86TU7	S-adenosyl-L-methionine	ChEBI:CHEBI:59789							binding_site
Q9W3U1	325-329	ECO:0000250|UniProtKB:Q86TU7	S-adenosyl-L-methionine	ChEBI:CHEBI:59789							binding_site
Q9W3U1	375-377	ECO:0000250|UniProtKB:Q86TU7	S-adenosyl-L-methionine	ChEBI:CHEBI:59789							binding_site
Q9W3Y1	133-141	ECO:0000255|PROSITE-ProRule:PRU00159	ATP	ChEBI:CHEBI:30616							binding_site
Q9W3Y1	163	ECO:0000255|PROSITE-ProRule:PRU00159, ECO:0000255|PROSITE-ProRule:PRU10141	ATP	ChEBI:CHEBI:30616							binding_site
Q9W3Y5	374-381	ECO:0000255|PROSITE-ProRule:PRU00541	ATP	ChEBI:CHEBI:30616							binding_site
Q9W3Z3	153	ECO:0000250|UniProtKB:Q3LSM4	pyridoxal 5'-phosphate;substrate	ChEBI:CHEBI:597326		ligand shared between dimeric partners				in other chain	binding_site
Q9W3Z3	204	ECO:0000250|UniProtKB:Q3LSM4	pyridoxal 5'-phosphate	ChEBI:CHEBI:597326		ligand shared between dimeric partners				in other chain	binding_site
Q9W3Z3	256	ECO:0000250|UniProtKB:Q3LSM4	pyridoxal 5'-phosphate	ChEBI:CHEBI:597326		ligand shared between dimeric partners					binding_site
Q9W3Z3	259	ECO:0000250|UniProtKB:Q3LSM4	pyridoxal 5'-phosphate	ChEBI:CHEBI:597326		ligand shared between dimeric partners					binding_site
Q9W3Z3	356	ECO:0000250|UniProtKB:Q3LSM4	substrate								binding_site
Q9W3Z3	76-78	ECO:0000250|UniProtKB:Q3LSM4	pyridoxal 5'-phosphate	ChEBI:CHEBI:597326		ligand shared between dimeric partners				in other chain	binding_site
Q9W413	294	ECO:0000250|UniProtKB:O15091	Zn(2+)	ChEBI:CHEBI:29105							binding_site
Q9W413	297	ECO:0000250|UniProtKB:O15091	Zn(2+)	ChEBI:CHEBI:29105							binding_site
Q9W413	355	ECO:0000250|UniProtKB:O15091	Mg(2+)	ChEBI:CHEBI:18420	1	catalytic					binding_site
Q9W413	424	ECO:0000250|UniProtKB:O15091	Mg(2+)	ChEBI:CHEBI:18420	1	catalytic					binding_site
Q9W413	425	ECO:0000250|UniProtKB:O15091	Mg(2+)	ChEBI:CHEBI:18420	2	catalytic					binding_site
Q9W413	445	ECO:0000250|UniProtKB:O15091	Mg(2+)	ChEBI:CHEBI:18420	2	catalytic					binding_site
Q9W413	502	ECO:0000250|UniProtKB:O15091	Zn(2+)	ChEBI:CHEBI:29105							binding_site
Q9W413	525	ECO:0000250|UniProtKB:O15091	Zn(2+)	ChEBI:CHEBI:29105							binding_site
Q9W436	684	ECO:0000255|PROSITE-ProRule:PRU01233, ECO:0000255|PROSITE-ProRule:PRU10095	Zn(2+)	ChEBI:CHEBI:29105		catalytic					binding_site
Q9W436	688	ECO:0000255|PROSITE-ProRule:PRU01233, ECO:0000255|PROSITE-ProRule:PRU10095	Zn(2+)	ChEBI:CHEBI:29105		catalytic					binding_site
Q9W436	746	ECO:0000255|PROSITE-ProRule:PRU01233	Zn(2+)	ChEBI:CHEBI:29105		catalytic					binding_site
Q9W484	146	ECO:0000255|HAMAP-Rule:MF_03065	[4Fe-4S] cluster	ChEBI:CHEBI:49883							binding_site
Q9W484	164	ECO:0000255|HAMAP-Rule:MF_03065	[4Fe-4S] cluster	ChEBI:CHEBI:49883							binding_site
Q9W484	173	ECO:0000255|HAMAP-Rule:MF_03065	[4Fe-4S] cluster	ChEBI:CHEBI:49883							binding_site
Q9W484	209	ECO:0000255|HAMAP-Rule:MF_03065	[4Fe-4S] cluster	ChEBI:CHEBI:49883							binding_site
Q9W484	42-49	ECO:0000255|HAMAP-Rule:MF_03065	ATP	ChEBI:CHEBI:30616							binding_site
Q9W4C3	111	ECO:0000255|PROSITE-ProRule:PRU00502	Zn(2+)	ChEBI:CHEBI:29105	3						binding_site
Q9W4C3	114	ECO:0000255|PROSITE-ProRule:PRU00502	Zn(2+)	ChEBI:CHEBI:29105	3						binding_site
Q9W4C3	119	ECO:0000255|PROSITE-ProRule:PRU00502	Zn(2+)	ChEBI:CHEBI:29105	2						binding_site
Q9W4C3	126	ECO:0000255|PROSITE-ProRule:PRU00502	Zn(2+)	ChEBI:CHEBI:29105	2						binding_site
Q9W4C3	130	ECO:0000255|PROSITE-ProRule:PRU00502	Zn(2+)	ChEBI:CHEBI:29105	3						binding_site
Q9W4C3	139	ECO:0000255|PROSITE-ProRule:PRU00502	Zn(2+)	ChEBI:CHEBI:29105	3						binding_site
Q9W4C3	152	ECO:0000255|PROSITE-ProRule:PRU00502	Zn(2+)	ChEBI:CHEBI:29105	1						binding_site
Q9W4C3	155	ECO:0000255|PROSITE-ProRule:PRU00502	Zn(2+)	ChEBI:CHEBI:29105	1						binding_site
Q9W4C3	45	ECO:0000255|PROSITE-ProRule:PRU00502	Zn(2+)	ChEBI:CHEBI:29105	1						binding_site
Q9W4C3	47	ECO:0000255|PROSITE-ProRule:PRU00502	Zn(2+)	ChEBI:CHEBI:29105	1						binding_site
Q9W4C3	70	ECO:0000255|PROSITE-ProRule:PRU00502	Zn(2+)	ChEBI:CHEBI:29105	2						binding_site
Q9W4C3	73	ECO:0000255|PROSITE-ProRule:PRU00502	Zn(2+)	ChEBI:CHEBI:29105	2						binding_site
Q9W4J5	176	ECO:0000250|UniProtKB:Q06287	S-adenosyl-L-methionine	ChEBI:CHEBI:59789							binding_site
Q9W4J5	209	ECO:0000250|UniProtKB:Q06287	S-adenosyl-L-methionine	ChEBI:CHEBI:59789							binding_site
Q9W4J5	214	ECO:0000250|UniProtKB:Q06287	S-adenosyl-L-methionine	ChEBI:CHEBI:59789							binding_site
Q9W4J5	227-232	ECO:0000250|UniProtKB:Q06287	S-adenosyl-L-methionine	ChEBI:CHEBI:59789							binding_site
Q9W4J9	209	ECO:0000269|PubMed:38503748, ECO:0007744|PDB:8DMU	ADP-D-ribose	ChEBI:CHEBI:57967			adenine group	ChEBI:CHEBI:30756			binding_site
Q9W4J9	349	ECO:0000269|PubMed:38503748, ECO:0007744|PDB:8DMU	ADP-D-ribose	ChEBI:CHEBI:57967			diphosphate group	ChEBI:CHEBI:68549			binding_site
Q9W4J9	351	ECO:0000269|PubMed:38503748, ECO:0007744|PDB:8DMU	ADP-D-ribose	ChEBI:CHEBI:57967			diphosphate group	ChEBI:CHEBI:68549			binding_site
Q9W4J9	353	ECO:0000269|PubMed:38503748, ECO:0007744|PDB:8DMU	ADP-D-ribose	ChEBI:CHEBI:57967			diphosphate group	ChEBI:CHEBI:68549			binding_site
Q9W4J9	354	ECO:0000269|PubMed:38503748, ECO:0007744|PDB:8DMU	ADP-D-ribose	ChEBI:CHEBI:57967			diphosphate group	ChEBI:CHEBI:68549			binding_site
Q9W4J9	355	ECO:0000269|PubMed:38503748, ECO:0007744|PDB:8DMU	ADP-D-ribose	ChEBI:CHEBI:57967			diphosphate group	ChEBI:CHEBI:68549			binding_site
Q9W4J9	390	ECO:0000269|PubMed:38503748, ECO:0007744|PDB:8DMU	ADP-D-ribose	ChEBI:CHEBI:57967			adenine group	ChEBI:CHEBI:30756			binding_site
Q9W4J9	441	ECO:0000269|PubMed:38503748, ECO:0007744|PDB:8DMU	ADP-D-ribose	ChEBI:CHEBI:57967							binding_site
Q9W4J9	448	ECO:0000269|PubMed:38503748, ECO:0007744|PDB:8DMU	ADP-D-ribose	ChEBI:CHEBI:57967							binding_site
Q9W4J9	449	ECO:0000269|PubMed:38503748, ECO:0007744|PDB:8DMU	ADP-D-ribose	ChEBI:CHEBI:57967							binding_site
Q9W4J9	459	ECO:0000269|PubMed:38503748, ECO:0007744|PDB:8DMU	ADP-D-ribose	ChEBI:CHEBI:57967							binding_site
Q9W4J9	460	ECO:0000269|PubMed:38503748, ECO:0007744|PDB:8DMU	ADP-D-ribose	ChEBI:CHEBI:57967							binding_site
Q9W4M9	184-190	ECO:0000255|PROSITE-ProRule:PRU01023	S-adenosyl-L-methionine	ChEBI:CHEBI:59789							binding_site
Q9W4M9	216	ECO:0000255|PROSITE-ProRule:PRU01023	S-adenosyl-L-methionine	ChEBI:CHEBI:59789							binding_site
Q9W4M9	243	ECO:0000255|PROSITE-ProRule:PRU01023	S-adenosyl-L-methionine	ChEBI:CHEBI:59789							binding_site
Q9W4M9	270	ECO:0000255|PROSITE-ProRule:PRU01023	S-adenosyl-L-methionine	ChEBI:CHEBI:59789							binding_site
Q9W4N2	143-147	ECO:0000250|UniProtKB:Q8N1G2	substrate								binding_site
Q9W4N2	158	ECO:0000250|UniProtKB:Q8N1G2	substrate								binding_site
Q9W4N2	174	ECO:0000250|UniProtKB:Q8N1G2	S-adenosyl-L-methionine	ChEBI:CHEBI:59789							binding_site
Q9W4N2	215-221	ECO:0000250|UniProtKB:Q8N1G2	S-adenosyl-L-methionine	ChEBI:CHEBI:59789							binding_site
Q9W4N2	308-310	ECO:0000250|UniProtKB:Q8N1G2	substrate								binding_site
Q9W4N2	373	ECO:0000250|UniProtKB:Q8N1G2	substrate								binding_site
Q9W4S9	645-649	ECO:0000250	3',5'-cyclic AMP	ChEBI:CHEBI:58165							binding_site
Q9W4S9	649	ECO:0000250	a divalent metal cation	ChEBI:CHEBI:60240	1						binding_site
Q9W4S9	685	ECO:0000250	a divalent metal cation	ChEBI:CHEBI:60240	1						binding_site
Q9W4S9	686	ECO:0000250	3',5'-cyclic AMP;a divalent metal cation	ChEBI:CHEBI:58165;ChEBI:CHEBI:60240	1;2						binding_site
Q9W4S9	803	ECO:0000250	3',5'-cyclic AMP;a divalent metal cation	ChEBI:CHEBI:58165;ChEBI:CHEBI:60240	1						binding_site
Q9W4S9	854	ECO:0000250	3',5'-cyclic AMP	ChEBI:CHEBI:58165							binding_site
Q9W4T4	1029	ECO:0000250	3',5'-cyclic AMP;a divalent metal cation	ChEBI:CHEBI:58165;ChEBI:CHEBI:60240	1						binding_site
Q9W4T4	1080	ECO:0000250	3',5'-cyclic AMP	ChEBI:CHEBI:58165							binding_site
Q9W4T4	871-875	ECO:0000250	3',5'-cyclic AMP	ChEBI:CHEBI:58165							binding_site
Q9W4T4	875	ECO:0000250	a divalent metal cation	ChEBI:CHEBI:60240	1						binding_site
Q9W4T4	911	ECO:0000250	a divalent metal cation	ChEBI:CHEBI:60240	1						binding_site
Q9W4T4	912	ECO:0000250	3',5'-cyclic AMP;a divalent metal cation	ChEBI:CHEBI:58165;ChEBI:CHEBI:60240	1;2						binding_site
Q9W589	336-338	ECO:0000250|UniProtKB:Q9Y2G5	GDP-beta-L-fucose	ChEBI:CHEBI:57273							binding_site
Q9W589	418	ECO:0000250|UniProtKB:Q9Y2G5	GDP-beta-L-fucose	ChEBI:CHEBI:57273							binding_site
Q9W589	435-436	ECO:0000250|UniProtKB:Q9Y2G5	GDP-beta-L-fucose	ChEBI:CHEBI:57273							binding_site
Q9W589	81-85	ECO:0000250|UniProtKB:Q9Y2G5	GDP-beta-L-fucose	ChEBI:CHEBI:57273							binding_site
Q9W590	213-216	ECO:0000255	GTP	ChEBI:CHEBI:37565							binding_site
Q9W590	344-351	ECO:0000255	GTP	ChEBI:CHEBI:37565							binding_site
Q9W590	388-391	ECO:0000255	GTP	ChEBI:CHEBI:37565							binding_site
Q9W5B6	124	ECO:0000250	ATP	ChEBI:CHEBI:30616							binding_site
Q9W5B6	34	ECO:0000250	ATP	ChEBI:CHEBI:30616							binding_site
Q9W5B6	8-15	ECO:0000250	ATP	ChEBI:CHEBI:30616							binding_site
Q9W5E1	42	ECO:0000250|UniProtKB:P62878	Zn(2+)	ChEBI:CHEBI:29105	1						binding_site
Q9W5E1	45	ECO:0000250|UniProtKB:P62878	Zn(2+)	ChEBI:CHEBI:29105	1						binding_site
Q9W5E1	53	ECO:0000250|UniProtKB:P62878	Zn(2+)	ChEBI:CHEBI:29105	2						binding_site
Q9W5E1	56	ECO:0000250|UniProtKB:P62878	Zn(2+)	ChEBI:CHEBI:29105	2						binding_site
Q9W5E1	68	ECO:0000250|UniProtKB:P62878	Zn(2+)	ChEBI:CHEBI:29105	2						binding_site
Q9W5E1	75	ECO:0000250|UniProtKB:P62878	Zn(2+)	ChEBI:CHEBI:29105	3						binding_site
Q9W5E1	77	ECO:0000250|UniProtKB:P62878	Zn(2+)	ChEBI:CHEBI:29105	3						binding_site
Q9W5E1	80	ECO:0000250|UniProtKB:P62878	Zn(2+)	ChEBI:CHEBI:29105	1						binding_site
Q9W5E1	82	ECO:0000250|UniProtKB:P62878	Zn(2+)	ChEBI:CHEBI:29105	2						binding_site
Q9W5E1	94	ECO:0000250|UniProtKB:P62878	Zn(2+)	ChEBI:CHEBI:29105	3						binding_site
Q9W5E1	97	ECO:0000250|UniProtKB:P62878	Zn(2+)	ChEBI:CHEBI:29105	3						binding_site
Q9W5U2	1018-1019	ECO:0000255|PROSITE-ProRule:PRU01258	chitin	ChEBI:CHEBI:17029							binding_site
Q9W5U2	1043-1046	ECO:0000255|PROSITE-ProRule:PRU01258	chitin	ChEBI:CHEBI:17029							binding_site
Q9W5U2	1088	ECO:0000255|PROSITE-ProRule:PRU01258	chitin	ChEBI:CHEBI:17029							binding_site
Q9W5U2	1155-1158	ECO:0000255|PROSITE-ProRule:PRU01258	chitin	ChEBI:CHEBI:17029							binding_site
Q9W5U2	1305	ECO:0000255|PROSITE-ProRule:PRU01258	chitin	ChEBI:CHEBI:17029							binding_site
Q9W5U2	1462-1463	ECO:0000255|PROSITE-ProRule:PRU01258	chitin	ChEBI:CHEBI:17029							binding_site
Q9W5U2	1487-1490	ECO:0000255|PROSITE-ProRule:PRU01258	chitin	ChEBI:CHEBI:17029							binding_site
Q9W5U2	1532	ECO:0000255|PROSITE-ProRule:PRU01258	chitin	ChEBI:CHEBI:17029							binding_site
Q9W5U2	1599-1602	ECO:0000255|PROSITE-ProRule:PRU01258	chitin	ChEBI:CHEBI:17029							binding_site
Q9W5U2	1748	ECO:0000255|PROSITE-ProRule:PRU01258	chitin	ChEBI:CHEBI:17029							binding_site
Q9W5U2	266	ECO:0000255|PROSITE-ProRule:PRU01258	chitin	ChEBI:CHEBI:17029							binding_site
Q9W5U2	294-297	ECO:0000255|PROSITE-ProRule:PRU01258	chitin	ChEBI:CHEBI:17029							binding_site
Q9W5U2	339	ECO:0000255|PROSITE-ProRule:PRU01258	chitin	ChEBI:CHEBI:17029							binding_site
Q9W5U2	408-411	ECO:0000255|PROSITE-ProRule:PRU01258	chitin	ChEBI:CHEBI:17029							binding_site
Q9W5U2	560	ECO:0000255|PROSITE-ProRule:PRU01258	chitin	ChEBI:CHEBI:17029							binding_site
Q9W5X9	127-140	ECO:0000255|HAMAP-Rule:MF_03130	acetyl-CoA	ChEBI:CHEBI:57288							binding_site
Q9W5X9	163-172	ECO:0000255|HAMAP-Rule:MF_03130	acetyl-CoA	ChEBI:CHEBI:57288							binding_site
Q9W5Y0	622	ECO:0000255|PROSITE-ProRule:PRU01233, ECO:0000255|PROSITE-ProRule:PRU10095	Zn(2+)	ChEBI:CHEBI:29105		catalytic					binding_site
Q9W5Y0	626	ECO:0000255|PROSITE-ProRule:PRU01233, ECO:0000255|PROSITE-ProRule:PRU10095	Zn(2+)	ChEBI:CHEBI:29105		catalytic					binding_site
Q9W5Y0	682	ECO:0000255|PROSITE-ProRule:PRU01233	Zn(2+)	ChEBI:CHEBI:29105		catalytic					binding_site
Q9XTL9	76	ECO:0000250	AMP	ChEBI:CHEBI:456215							binding_site
Q9XYQ2	154	ECO:0000250	tetradecanoate	ChEBI:CHEBI:30807							binding_site
Q9XYU0	345	ECO:0000250|UniProtKB:P33993	ATP	ChEBI:CHEBI:30616	1	ligand shared with MCM3					binding_site
Q9XYU0	384	ECO:0000250|UniProtKB:P33993	ATP	ChEBI:CHEBI:30616	1	ligand shared with MCM3					binding_site
Q9XYU0	386	ECO:0000250|UniProtKB:P33993	ATP	ChEBI:CHEBI:30616	1	ligand shared with MCM3					binding_site
Q9XYU0	387	ECO:0000250|UniProtKB:P33993	ATP	ChEBI:CHEBI:30616	1	ligand shared with MCM3					binding_site
Q9XYU0	388	ECO:0000250|UniProtKB:P33993	ATP	ChEBI:CHEBI:30616	1	ligand shared with MCM3					binding_site
Q9XYU0	489	ECO:0000250|UniProtKB:P33993	ATP	ChEBI:CHEBI:30616	1	ligand shared with MCM3					binding_site
Q9XYU0	514	ECO:0000250|UniProtKB:P33993	ATP	ChEBI:CHEBI:30616	2	ligand shared with MCM4					binding_site
Q9XYU0	604	ECO:0000250|UniProtKB:P33993	ATP	ChEBI:CHEBI:30616	2	ligand shared with MCM4					binding_site
Q9XYU1	348	ECO:0000250|UniProtKB:P25205	ADP	ChEBI:CHEBI:456216		ligand shared with MCM5					binding_site
Q9XYU1	388	ECO:0000250|UniProtKB:P25205	ADP	ChEBI:CHEBI:456216		ligand shared with MCM5					binding_site
Q9XYU1	389	ECO:0000250|UniProtKB:P25205	ADP	ChEBI:CHEBI:456216		ligand shared with MCM5					binding_site
Q9XYU1	390	ECO:0000250|UniProtKB:P25205	ADP	ChEBI:CHEBI:456216		ligand shared with MCM5					binding_site
Q9XYU1	392	ECO:0000250|UniProtKB:P25205	ADP	ChEBI:CHEBI:456216		ligand shared with MCM5					binding_site
Q9XZ08	723	ECO:0000250|UniProtKB:Q9ES89	UDP-N-acetyl-alpha-D-glucosamine	ChEBI:CHEBI:57705							binding_site
Q9XZ08	748	ECO:0000250|UniProtKB:Q9ES89	UDP-N-acetyl-alpha-D-glucosamine	ChEBI:CHEBI:57705							binding_site
Q9XZ08	774	ECO:0000250|UniProtKB:Q9ES89	UDP-N-acetyl-alpha-D-glucosamine	ChEBI:CHEBI:57705							binding_site
Q9XZ08	779	ECO:0000250|UniProtKB:Q9ES89	UDP-N-acetyl-alpha-D-glucosamine	ChEBI:CHEBI:57705							binding_site
Q9XZ08	795	ECO:0000250|UniProtKB:Q9ES89	UDP-N-acetyl-alpha-D-glucosamine	ChEBI:CHEBI:57705							binding_site
Q9XZ08	796	ECO:0000250|UniProtKB:Q9ES89	UDP-N-acetyl-alpha-D-glucosamine	ChEBI:CHEBI:57705							binding_site
Q9XZ08	797	ECO:0000250|UniProtKB:Q9ES89	Mn(2+);UDP-N-acetyl-alpha-D-glucosamine	ChEBI:CHEBI:29035;ChEBI:CHEBI:57705		catalytic					binding_site
Q9XZ08	885	ECO:0000250|UniProtKB:Q9ES89	UDP-N-acetyl-alpha-D-glucosamine	ChEBI:CHEBI:57705							binding_site
Q9XZ08	886	ECO:0000250|UniProtKB:Q9ES89	UDP-N-acetyl-alpha-D-glucosamine	ChEBI:CHEBI:57705							binding_site
Q9XZ08	929	ECO:0000250|UniProtKB:Q9ES89	UDP-N-acetyl-alpha-D-glucosamine	ChEBI:CHEBI:57705							binding_site
Q9XZ16	146	ECO:0000269|PubMed:21949367, ECO:0007744|PDB:3SHQ	Mg(2+)	ChEBI:CHEBI:18420							binding_site
Q9XZ16	148	ECO:0000269|PubMed:21949367, ECO:0007744|PDB:3SHQ	Mg(2+)	ChEBI:CHEBI:18420							binding_site
Q9XZ16	255	ECO:0000269|PubMed:21949367, ECO:0007744|PDB:3SHQ	Mg(2+)	ChEBI:CHEBI:18420							binding_site
Q9XZ25	704	ECO:0000250|UniProtKB:Q96S15	Zn(2+)	ChEBI:CHEBI:29105	1						binding_site
Q9XZ25	707	ECO:0000250|UniProtKB:Q96S15	Zn(2+)	ChEBI:CHEBI:29105	1						binding_site
Q9XZ25	719	ECO:0000250|UniProtKB:Q96S15	Zn(2+)	ChEBI:CHEBI:29105	1						binding_site
Q9XZ25	722	ECO:0000250|UniProtKB:Q96S15	Zn(2+)	ChEBI:CHEBI:29105	1						binding_site
Q9XZ25	730	ECO:0000250|UniProtKB:Q96S15	Zn(2+)	ChEBI:CHEBI:29105	2						binding_site
Q9XZ25	733	ECO:0000250|UniProtKB:Q96S15	Zn(2+)	ChEBI:CHEBI:29105	2						binding_site
Q9XZ25	744	ECO:0000250|UniProtKB:Q96S15	Zn(2+)	ChEBI:CHEBI:29105	3						binding_site
Q9XZ25	747	ECO:0000250|UniProtKB:Q96S15	Zn(2+)	ChEBI:CHEBI:29105	3						binding_site
Q9XZ25	749	ECO:0000250|UniProtKB:Q96S15	Zn(2+)	ChEBI:CHEBI:29105	4						binding_site
Q9XZ25	752	ECO:0000250|UniProtKB:Q96S15	Zn(2+)	ChEBI:CHEBI:29105	2						binding_site
Q9XZ25	755	ECO:0000250|UniProtKB:Q96S15	Zn(2+)	ChEBI:CHEBI:29105	2						binding_site
Q9XZ25	766	ECO:0000250|UniProtKB:Q96S15	Zn(2+)	ChEBI:CHEBI:29105	4						binding_site
Q9XZ25	769	ECO:0000250|UniProtKB:Q96S15	Zn(2+)	ChEBI:CHEBI:29105	4						binding_site
Q9XZ25	771	ECO:0000250|UniProtKB:Q96S15	Zn(2+)	ChEBI:CHEBI:29105	3						binding_site
Q9XZ25	773	ECO:0000250|UniProtKB:Q96S15	Zn(2+)	ChEBI:CHEBI:29105	3						binding_site
Q9XZ58	135	ECO:0000255|PROSITE-ProRule:PRU01182	Zn(2+)	ChEBI:CHEBI:29105		catalytic					binding_site
Q9XZ58	137	ECO:0000255|PROSITE-ProRule:PRU01182	Zn(2+)	ChEBI:CHEBI:29105		catalytic					binding_site
Q9XZ58	148	ECO:0000255|PROSITE-ProRule:PRU01182	Zn(2+)	ChEBI:CHEBI:29105		catalytic					binding_site
Q9XZF0	17	ECO:0000255|PROSITE-ProRule:PRU01128	Zn(2+)	ChEBI:CHEBI:29105							binding_site
Q9XZF0	20	ECO:0000255|PROSITE-ProRule:PRU01128	Zn(2+)	ChEBI:CHEBI:29105							binding_site
Q9XZF0	73	ECO:0000255|PROSITE-ProRule:PRU01128	Zn(2+)	ChEBI:CHEBI:29105							binding_site
Q9XZF0	76	ECO:0000255|PROSITE-ProRule:PRU01128	Zn(2+)	ChEBI:CHEBI:29105							binding_site
Q9XZT6	105		substrate								binding_site
Q9XZT6	172		substrate								binding_site
Q9XZT6	27-35	ECO:0000250	ATP	ChEBI:CHEBI:30616							binding_site
Q9XZT6	52		substrate								binding_site
Q9XZT6	70		substrate								binding_site
Q9XZT6	81		substrate								binding_site
Q9Y0Y2	153	ECO:0000255|HAMAP-Rule:MF_03125	IMP	ChEBI:CHEBI:58053		ligand shared between dimeric partners				in other chain	binding_site
Q9Y0Y2	167	ECO:0000255|HAMAP-Rule:MF_03125	IMP	ChEBI:CHEBI:58053		ligand shared between dimeric partners					binding_site
Q9Y0Y2	245	ECO:0000255|HAMAP-Rule:MF_03125	IMP	ChEBI:CHEBI:58053		ligand shared between dimeric partners				in other chain	binding_site
Q9Y0Y2	260	ECO:0000255|HAMAP-Rule:MF_03125	IMP	ChEBI:CHEBI:58053		ligand shared between dimeric partners				in other chain	binding_site
Q9Y0Y2	320-326	ECO:0000255|HAMAP-Rule:MF_03125	substrate								binding_site
Q9Y0Y2	324	ECO:0000255|HAMAP-Rule:MF_03125	IMP	ChEBI:CHEBI:58053		ligand shared between dimeric partners				in other chain	binding_site
Q9Y0Y2	326	ECO:0000255|HAMAP-Rule:MF_03125	GTP	ChEBI:CHEBI:37565							binding_site
Q9Y0Y2	35-41	ECO:0000255|HAMAP-Rule:MF_03125	GTP	ChEBI:CHEBI:37565							binding_site
Q9Y0Y2	352-354	ECO:0000255|HAMAP-Rule:MF_03125	GTP	ChEBI:CHEBI:37565							binding_site
Q9Y0Y2	36	ECO:0000255|HAMAP-Rule:MF_03125	Mg(2+)	ChEBI:CHEBI:18420							binding_site
Q9Y0Y2	36-39	ECO:0000255|HAMAP-Rule:MF_03125	IMP	ChEBI:CHEBI:58053		ligand shared between dimeric partners				in other chain	binding_site
Q9Y0Y2	435-437	ECO:0000255|HAMAP-Rule:MF_03125	GTP	ChEBI:CHEBI:37565							binding_site
Q9Y0Y2	61-64	ECO:0000255|HAMAP-Rule:MF_03125	IMP	ChEBI:CHEBI:58053		ligand shared between dimeric partners				in other chain	binding_site
Q9Y0Y2	63	ECO:0000255|HAMAP-Rule:MF_03125	Mg(2+)	ChEBI:CHEBI:18420							binding_site
Q9Y0Y2	63-65	ECO:0000255|HAMAP-Rule:MF_03125	GTP	ChEBI:CHEBI:37565							binding_site
Q9Y105	274-276	ECO:0000250|UniProtKB:P00962	ATP	ChEBI:CHEBI:30616							binding_site
Q9Y105	280-286	ECO:0000250|UniProtKB:P00962	ATP	ChEBI:CHEBI:30616							binding_site
Q9Y105	306	ECO:0000250|UniProtKB:P00962	L-glutamine	ChEBI:CHEBI:58359							binding_site
Q9Y105	441	ECO:0000250|UniProtKB:P00962	L-glutamine	ChEBI:CHEBI:58359							binding_site
Q9Y105	460	ECO:0000250|UniProtKB:P00962	ATP	ChEBI:CHEBI:30616							binding_site
Q9Y105	489-490	ECO:0000250|UniProtKB:P00962	ATP	ChEBI:CHEBI:30616							binding_site
Q9Y105	497-499	ECO:0000250|UniProtKB:P00962	ATP	ChEBI:CHEBI:30616							binding_site
Q9Y117	190	ECO:0000250	substrate								binding_site
Q9Y117	220	ECO:0000250	substrate								binding_site
Q9Y117	243	ECO:0000250	Mn(2+)	ChEBI:CHEBI:29035							binding_site
Q9Y117	245	ECO:0000250	Mn(2+)	ChEBI:CHEBI:29035							binding_site
Q9Y117	352	ECO:0000250	substrate								binding_site
Q9Y117	380	ECO:0000250	Mn(2+)	ChEBI:CHEBI:29035							binding_site
Q9Y117	383	ECO:0000250	substrate								binding_site
Q9Y117	388	ECO:0000250	substrate								binding_site
Q9Y140	193	ECO:0000255	substrate								binding_site
Q9Y140	57-81	ECO:0000250	NAD(+)	ChEBI:CHEBI:57540							binding_site
Q9Y169	464	ECO:0000250|UniProtKB:Q9ES89	UDP-N-acetyl-alpha-D-glucosamine	ChEBI:CHEBI:57705							binding_site
Q9Y169	489	ECO:0000250|UniProtKB:Q9ES89	UDP-N-acetyl-alpha-D-glucosamine	ChEBI:CHEBI:57705							binding_site
Q9Y169	516	ECO:0000250|UniProtKB:Q9ES89	UDP-N-acetyl-alpha-D-glucosamine	ChEBI:CHEBI:57705							binding_site
Q9Y169	521	ECO:0000250|UniProtKB:Q9ES89	UDP-N-acetyl-alpha-D-glucosamine	ChEBI:CHEBI:57705							binding_site
Q9Y169	537	ECO:0000250|UniProtKB:Q9ES89	UDP-N-acetyl-alpha-D-glucosamine	ChEBI:CHEBI:57705							binding_site
Q9Y169	538	ECO:0000250|UniProtKB:Q9ES89	UDP-N-acetyl-alpha-D-glucosamine	ChEBI:CHEBI:57705							binding_site
Q9Y169	539	ECO:0000250|UniProtKB:Q9ES89	Mn(2+);UDP-N-acetyl-alpha-D-glucosamine	ChEBI:CHEBI:29035;ChEBI:CHEBI:57705		catalytic					binding_site
Q9Y169	626	ECO:0000250|UniProtKB:Q9ES89	UDP-N-acetyl-alpha-D-glucosamine	ChEBI:CHEBI:57705							binding_site
Q9Y169	627	ECO:0000250|UniProtKB:Q9ES89	UDP-N-acetyl-alpha-D-glucosamine	ChEBI:CHEBI:57705							binding_site
Q9Y169	672	ECO:0000250|UniProtKB:Q9ES89	UDP-N-acetyl-alpha-D-glucosamine	ChEBI:CHEBI:57705							binding_site
