entry	pos	evidence	id	note	origin
A0A0B4K692	1-774		PRO_0000441990	Neprilysin-2	chain
A0A0B4K692	?-774	ECO:0000305	PRO_0000441991	Neprilysin-2, soluble form	chain
A0A0B4K753	1-88		PRO_0000436375	Hemotin	chain
A0A0B4K7J2	1-2718		PRO_0000443733	E3 SUMO-protein ligase RanBP2	chain
A0A0B4K7K9	1-2238		PRO_0000463016	Protein bruchpilot	chain
A0A0B4K859	1-1866	ECO:0000305	PRO_0000451565	Nucleoporin Nup188	chain
A0A0B4KEE4	1-965		PRO_0000454909	Klaroid protein	chain
A0A0B4KGY6	1-780		PRO_0000453455	RNA-binding protein Pasilla	chain
A0A0B4LFY9	1-343		PRO_0000454449	Stimulator of interferon genes protein homolog	chain
A0A0B7P9G0	21-834	ECO:0000255	PRO_5015035038	Unextended protein	chain
A0A0U1QT59	1-2036		PRO_0000453924	Transmembrane channel-like protein	chain
A0A126GUP6	138-400	ECO:0000305	PRO_5007270038	Melanization protease 1	chain
A0A1F4	1-2176		PRO_0000339236	Protein eyes shut	chain
A1A708	1-446		PRO_0000372642	Uncharacterized protein CG4951	chain
A1YK02	1-668		PRO_0000440961	Nuclear pore complex protein Nup75	chain
A1Z6E0	1-279		PRO_0000422158	Protein gustavus	chain
A1Z6H7	21-1876	ECO:0000255	PRO_5015085938	Nuclear pore membrane glycoprotein 210	chain
A1Z6J5	1-523		PRO_0000439453	Tubulin-specific chaperone E	chain
A1Z6K7	1-285		PRO_0000364304	Eukaryotic translation initiation factor 3 subunit F-2	chain
A1Z6L1	1-340		PRO_0000355096	Mitochondrial import receptor subunit TOM40 homolog 2	chain
A1Z6M6	1-396		PRO_0000447984	Hsp70	chain
A1Z6S7	1-635		PRO_0000455599	GTPase-GDP dissociation stimulator vimar	chain
A1Z6W3	1-1299		PRO_0000288834	Protein prickle	chain
A1Z713	1-3321		PRO_0000440688	Intermembrane lipid transfer protein Vps13	chain
A1Z746	1-465		PRO_0000361914	Kynurenine 3-monooxygenase	chain
A1Z7A6	1-1155		PRO_0000440690	ArfGAP with SH3 domain, ANK repeat and PH domain-containing protein	chain
A1Z7A8	1-634	ECO:0000305	PRO_0000436526	Coilin	chain
A1Z7G7	1-1697		PRO_0000393375	Latrophilin Cirl	chain
A1Z7K9	1-1241		PRO_0000441673	PAN2-PAN3 deadenylation complex catalytic subunit PAN2	chain
A1Z7L1	1-1481		PRO_0000458961	Fanconi anemia group I protein homolog	chain
A1Z7L8	21-622	ECO:0000255	PRO_5002641873	Receptor protein serine	chain
A1Z7R6	1-519		PRO_0000458758	Probable peptidoglycan muropeptide transporter SLC46	chain
A1Z7T0	1-1190		PRO_0000415277	Serine	chain
A1Z7U3	1-40		PRO_0000386624	Dolichyl-diphosphooligosaccharide--protein glycosyltransferase subunit Ost4	chain
A1Z7Z9	1-1134		PRO_0000429320	Centrosomal protein of 131 kDa	chain
A1Z830	1-485		PRO_0000462209	28S rRNA (uridine-N(3))-methyltransferase	chain
A1Z877	23-1350	ECO:0000255	PRO_5015085945	Nidogen	chain
A1Z897	25-156		PRO_0000383168	Succinate dehydrogenase assembly factor 2-B, mitochondrial	chain
A1Z8D0	1-459	ECO:0000305	PRO_0000445033	Periodic tryptophan protein 1 homolog	chain
A1Z8E9	1-486		PRO_0000284045	BBSome complex member BBS4 homolog	chain
A1Z8F4	1-2577		PRO_0000463385	Protein schnurri	chain
A1Z8J0	1-545		PRO_0000315647	CWF19-like protein 1 homolog	chain
A1Z8N1	1-857		PRO_0000395531	Trehalose transporter 1	chain
A1Z8P9	1-2346		PRO_0000422103	Nucleoprotein TPR	chain
A1Z8R8	51-351	ECO:0000255	PRO_0000451457	Presenilins-associated rhomboid-like protein, mitochondrial	chain
A1Z8X3	1-1977		PRO_0000454387	Protein rotatin homolog	chain
A1Z9A2	1-163		PRO_0000337875	UPF0587 protein CG4646	chain
A1Z9A8	38-652		PRO_0000305034	Small ribosomal subunit protein mS39	chain
A1Z9E2	1-950		PRO_0000341396	Protein lin-54 homolog	chain
A1Z9G2	1-883		PRO_0000447890	Pre-mRNA-splicing factor syf1 homolog	chain
A1Z9J4	1-217		PRO_0000439171	Protein DJ-1alpha	chain
A1Z9L3	1-1242		PRO_0000444533	ATP-dependent RNA helicase DHX8	chain
A1Z9P3	1-1576		PRO_0000286069	Protein Shroom	chain
A1Z9R4	1-1228		PRO_0000308599	Zinc finger protein 423 homolog	chain
A1Z9S1	1-147		PRO_0000420192	Biogenesis of lysosome-related organelles complex 1 subunit 1	chain
A1Z9X0	1-606		PRO_0000430488	Atypical protein kinase C	chain
A1ZA47	1-2194		PRO_0000401106	PDZ and LIM domain protein Zasp	chain
A1ZA55	1-378		PRO_0000454441	Cyclic GMP-AMP synthase-like receptor 1	chain
A1ZA77	1-174		PRO_0000461083	Transmembrane protein 208	chain
A1ZA92	1-995		PRO_0000403780	Polynucleotide 5'-hydroxyl-kinase Nol9	chain
A1ZAB5	1-1448		PRO_0000366382	Protein clueless	chain
A1ZAC4	1-746		PRO_0000461033	Tudor domain-containing protein krimp	chain
A1ZAG4	1-359		PRO_0000438992	Protein mono-ADP-ribosyltransferase Parp16	chain
A1ZAI3	1-543		PRO_0000376020	Putative fatty acyl-CoA reductase CG8303	chain
A1ZAI5	1-625		PRO_0000376019	Putative fatty acyl-CoA reductase CG5065	chain
A1ZAJ2	1-1670		PRO_0000299496	Kinesin-like protein unc-104	chain
A1ZAK1	1-1007		PRO_0000437660	Integrator complex subunit 8	chain
A1ZAU8	1-1630		PRO_0000372861	Patronin	chain
A1ZAV1	1-1336		PRO_0000445803	Coiled-coil and C2 domain-containing protein 2A	chain
A1ZAW0	1-1722		PRO_0000458153	Endoribonuclease Dcr-2	chain
A1ZAW5	1-215		PRO_0000425412	Methylosome subunit pICln	chain
A1ZAX0	1-499	ECO:0000305	PRO_0000435023	Neuropeptide CCHamide-1 receptor	chain
A1ZAX1	1-910		PRO_0000365388	Eukaryotic translation initiation factor 3 subunit C	chain
A1ZAY1	1-355		PRO_0000438853	SH3 domain-containing protein Dlish	chain
A1ZB29	1-211		PRO_0000462114	Thymidylate kinase	chain
A1ZB42	1-144		PRO_0000304150	Mediator of RNA polymerase II transcription subunit 9	chain
A1ZB86	1-609		PRO_0000424032	Kelch domain-containing protein 10 homolog	chain
A1ZB91	1-540		PRO_0000297584	Dynein axonemal assembly factor 3 homolog	chain
A1ZBD6	1-912		PRO_0000441713	Multiple C2 and transmembrane domain-containing protein	chain
A1ZBE8	1-2599		PRO_0000297953	Protein DOP1 homolog	chain
A1ZBR5	1-266		PRO_0000379044	Protein crossbronx-like	chain
A1ZBT5	1-252		PRO_0000304531	Mediator of RNA polymerase II transcription subunit 8	chain
A1ZBW7	1-1469		PRO_0000372653	WASH complex subunit 2	chain
A1ZBY1	1-650		PRO_0000324541	Protein fem-1 homolog B	chain
A2VEI2	?-525		PRO_0000399812	Calcium uptake protein 1 homolog, mitochondrial	chain
A2VEY9	1-693		PRO_0000438852	Palmitoyltransferase app	chain
A3RLR0	1-11		PRO_0000435527	Peptide tarsal-less 3A	chain
A3RLR1	1-32		PRO_0000435524	Peptide tarsal-less AA	chain
A4VCL2	77-528		PRO_0000433617	Extracellular serine	chain
A6MHQ4	1-658		PRO_0000310473	Sodium	chain
A8DYE2	1-2023		PRO_0000341487	Transient receptor potential cation channel trpm	chain
A8DYH2	1-83		PRO_0000392003	Ubiquitin-fold modifier 1	chain
A8DYP0	1-4218	ECO:0000305	PRO_0000438925	Protein Obscurin	chain
A8DYP7	1-459		PRO_0000454442	Cyclic GMP-AMP synthase-like receptor 2	chain
A8DYY5	1-143		PRO_0000416290	Putative RNA polymerase II subunit B1 CTD phosphatase RPAP2 homolog	chain
A8DYY6	1-616	ECO:0000305	PRO_0000436305	Schwannomin-interacting protein 1 homolog	chain
A8JNV4	1-144		PRO_0000420205	Biogenesis of lysosome-related organelles complex 1 subunit 3	chain
A8JQ65	1-1895		PRO_0000375987	Diacylglycerol kinase eta	chain
A8JQX3	1-642	ECO:0000305	PRO_0000448000	Nocturnin	chain
A8JR14	1-255		PRO_0000385300	Aprataxin and PNK-like factor	chain
A8JR92	1-1583		PRO_0000460436	Methyl-CpG-binding domain protein 5	chain
A8JUP7	27-637		PRO_5006947370	Serine protease Hayan	chain
A8JUV0	1-1653		PRO_0000328929	Protein strawberry notch	chain
A8JUV4	22-578	ECO:0000255	PRO_5015086652	Vitelline membrane-like protein	chain
A8MPH9	1-722		PRO_0000377385	Transcription factor kayak, isoforms D	chain
B4F7L9	1-1069		PRO_0000377422	WD repeat-containing protein on Y chromosome	chain
B5A5T4	33-127	ECO:0000255	PRO_0000359760	UPAR	chain
B6JUP5	1-1031		PRO_0000396515	Sister chromatid cohesion protein solo	chain
B6VQA1	1-390		PRO_0000412993	Protein dimmed	chain
B7TB45	499-886	ECO:0000303|PubMed:24124519	PRO_5007308668	Neurotrophin 1	chain
B7YZT2	1-154		PRO_0000442534	Mitochondrial fission 1 protein	chain
B7YZU2	1-1693	ECO:0000255	PRO_0000445007	Serine protease filzig	chain
B7YZV4	1-834		PRO_0000438861	Dual specificity calcium	chain
B7Z031	1-555		PRO_0000438383	Protein peste	chain
B7Z073	1-129		PRO_0000385322	SOSS complex subunit C homolog	chain
B7Z0E2	1-1039		PRO_0000460337	RNA-binding protein Unr	chain
B7Z0I7	1-351	ECO:0000305	PRO_0000436527	Snurportin-1	chain
B7Z0K8	1-822		PRO_0000388711	Collagen alpha chain CG42342	chain
B7Z0L8	1-178		PRO_0000460346	Protein modigliani	chain
B7Z0W9	1-1576		PRO_0000443805	Proton channel OtopLc	chain
B7Z0X7	1-61		PRO_0000460645	Ubiquinol-cytochrome c reductase complex assembly factor 6	chain
C0HJH3	1-29		PRO_0000426726	Sarcolamban B	chain
C0HJH4	1-28		PRO_0000426725	Sarcolamban A	chain
C0HJX4	1-11		PRO_0000435525	Peptide tarsal-less 1A	chain
C0HJX5	1-11		PRO_0000435526	Peptide tarsal-less 2A	chain
C0HK92	1-619		PRO_0000438590	Uncharacterized protein CG45076	chain
C0HK94	1-163		PRO_0000438589	Uncharacterized protein CG45078	chain
C0HK95	1-131		PRO_0000087203	Protein anoxia up-regulated	chain
C0HK98	22-185		PRO_0000023910	Peptidoglycan-recognition protein SC1a	chain
C0HK99	22-185		PRO_0000438897	Peptidoglycan-recognition protein SC1b	chain
C0HKA0	1-151		PRO_0000123342	Small ribosomal subunit protein uS11A	chain
C0HKA1	1-151		PRO_0000438898	Small ribosomal subunit protein uS11B	chain
C0HKA2	31-253	ECO:0000255	PRO_0000028270	Trypsin delta	chain
C0HKA3	31-253	ECO:0000255	PRO_0000438900	Trypsin gamma	chain
C0HKA4	31-253		PRO_0000438902	Trypsin delta	chain
C0HKF7	36-265		PRO_0000440558	Serine protease 1	chain
C0HKF8	36-265		PRO_0000028138	Serine protease 2	chain
C0HKQ7	24-62		PRO_0000441212	Cecropin-A1	chain
C0HKQ8	24-62		PRO_0000441213	Cecropin-A2	chain
C0HL62	19-104		PRO_0000006394	Larval cuticle protein 65Ab1	chain
C0HL63	19-104		PRO_0000444631	Larval cuticle protein 65Ab2	chain
C0HL64	19-105		PRO_0000006395	Larval cuticle protein 65Ag1	chain
C0HL65	19-105		PRO_0000443304	Larval cuticle protein 65Ag2	chain
C0HL66	2-136		PRO_0000221302	Histone H3.3A	chain
C0HL67	2-136		PRO_0000443324	Histone H3.3B	chain
C4NYP8	1-377		PRO_0000393584	Hsc70-interacting protein 1	chain
D5SHR0	1-367		PRO_0000454471	BTB	chain
E1JH25	1-1876		PRO_0000440616	Protein telomere ends associated	chain
E1JI63	1-556		PRO_0000414928	Sensory neuron membrane protein 2	chain
E1JIB2	1-287		PRO_0000455636	Iodotyrosine deiodinase	chain
E1JIT7	1-1601	ECO:0000305	PRO_0000449250	PH and SEC7 domain-containing protein	chain
E9NA96	31-947		PRO_5007189792	Ionotropic receptor 25a	chain
F0JAI6	1-548		PRO_0000438398	Kinetochore and Eb1-associated basic protein	chain
F3YDF1	1-740		PRO_0000448069	ATP-dependent zinc metalloprotease YME1L	chain
M9MRD1	1-12345		PRO_0000454910	Muscle-specific protein 300 kDa	chain
M9MRD5	1-177	ECO:0000305	PRO_0000445801	B9 domain-containing protein 2	chain
M9MRI4	1-740	ECO:0000305	PRO_0000440178	E3 ubiquitin-protein ligase TRIM9	chain
M9MS50	1-869		PRO_0000462996	Serine-arginine protein kinase at 79D	chain
M9MSG8	1-2551		PRO_0000432404	Piezo-type mechanosensitive ion channel component	chain
M9NDE3	35-3123		PRO_5004101294	Protein bark beetle	chain
M9NE38	1-1912		PRO_0000439053	Protein javelin	chain
M9NEY8	1-2860		PRO_0000433611	Methylcytosine dioxygenase TET	chain
M9PBE2	1-473		PRO_0000444614	E3 ubiquitin-protein ligase Hakai	chain
M9PD06	1-1715	ECO:0000255	PRO_0000442142	Ubiquitin carboxyl-terminal hydrolase 32	chain
M9PE65	19-2179	ECO:0000255	PRO_5015096687	Axotactin	chain
M9PF61	1-350		PRO_0000461209	Aldo-keto reductase 1B	chain
M9PFN0	1-352		PRO_0000448931	Phosphatase Herzog	chain
M9PGC5	1-2462		PRO_0000458630	Serine	chain
M9PH32	1-1206		PRO_0000462292	Protein meiotic P26	chain
O01346	1-457		PRO_0000059274	Glycolipid beta-1,4-mannosyltransferase egh	chain
O01352	1-248		PRO_0000079924	Sperm-specific protein Don juan	chain
O01367	1-405		PRO_0000050113	Protein held out wings	chain
O01382	231-339	ECO:0000250	PRO_0000004669	Caspase subunit p12	chain
O01382	29-217	ECO:0000250	PRO_0000004667	Caspase subunit p21	chain
O01404	25-365		PRO_0000248571	Peptidylglycine alpha-hydroxylating monooxygenase	chain
O01666	?-297		PRO_0000002688	ATP synthase subunit gamma, mitochondrial	chain
O01668	1-369		PRO_0000197634	Opsin Rh6	chain
O01939	1-574		PRO_0000304632	Protein misato	chain
O02002	216-323		PRO_0000004665	Caspase-1 subunit p13	chain
O02002	34-202		PRO_0000004663	Caspase-1 subunit p22	chain
O02193	1-827		PRO_0000051563	Histone acetyltransferase MOF	chain
O02194	1-541		PRO_0000073901	Presenilin homolog	chain
O02195	1-326		PRO_0000051038	Eukaryotic translation initiation factor 3 subunit I	chain
O02372	30-153		PRO_0000012577	General odorant-binding protein lush	chain
O02373	1-476		PRO_0000074064	UDP-glucose 6-dehydrogenase	chain
O02649	58-573		PRO_0000005031	Heat shock protein 60A	chain
O15943	?-3097		PRO_0000003882	Neural-cadherin	chain
O15945	1-642		PRO_0000127117	Aryl hydrocarbon receptor nuclear translocator homolog	chain
O16011	1-297		PRO_0000089177	Protein muscleblind	chain
O16102	1-892		PRO_0000080235	ATP-dependent chromatin remodeler Chd3	chain
O16129	28-453		PRO_0000035816	Probable phenylalanine--tRNA ligase, mitochondrial	chain
O16130	1-51		PRO_0000127031	Large ribosomal subunit protein eL39	chain
O16797	2-416		PRO_0000077237	Large ribosomal subunit protein uL3	chain
O16810	1-924		PRO_0000127069	Origin recognition complex subunit 1	chain
O16829	24-62		PRO_0000004848	Cecropin-C	chain
O16844	1-1201		PRO_0000307148	Kinesin-like protein costa	chain
O16867	1-398		PRO_0000127459	Basic helix-loop-helix neural transcription factor TAP	chain
O16868	1-416		PRO_0000312924	Protein fuzzy	chain
O17444	1-578		PRO_0000127526	Vesicular acetylcholine transporter	chain
O17445	1-204		PRO_0000127555	Large ribosomal subunit protein eL15	chain
O17468	1-1047		PRO_0000051022	Protein HIRA homolog	chain
O18333	1-213		PRO_0000458897	Ras-related protein Rab-2	chain
O18334	1-208		PRO_0000425445	Ras-related protein Rab6	chain
O18373	1-398		PRO_0000127652	Inactive selenide, water dikinase-like protein	chain
O18381	1-857		PRO_0000050193	Paired box protein Pax-6	chain
O18388	1-884		PRO_0000120762	Importin subunit beta	chain
O18391	1-331		PRO_0000084323	Probable serine hydrolase	chain
O18400	1-509		PRO_0000049233	Pituitary homeobox homolog Ptx1	chain
O18404	1-255		PRO_0000054813	3-hydroxyacyl-CoA dehydrogenase type-2	chain
O18405	1-270		PRO_0000127667	Surfeit locus protein 4 homolog	chain
O18408	20-493		PRO_0000001382	Alpha-amylase-related protein	chain
O18412	1-718		PRO_0000127680	Transmembrane GTPase fzo	chain
O18413	1-405		PRO_0000084727	26S proteasome regulatory subunit 8	chain
O18475	1-2059		PRO_0000432704	DNA polymerase theta	chain
O18640	1-318		PRO_0000127740	Small ribosomal subunit protein RACK1	chain
O44081	1-508		PRO_0000121989	H	chain
O44252	1-275		PRO_0000097405	Protein rolling stone	chain
O44342	22-257		PRO_0000022690	Protein windbeutel	chain
O44386	25-1115		PRO_0000016326	Integrin alpha-PS3	chain
O44386	25-?929	ECO:0000255	PRO_0000016327	Integrin alpha-PS3 heavy chain	chain
O44386	?930-1115	ECO:0000255	PRO_0000016328	Integrin alpha-PS3 light chain	chain
O44424	1-501		PRO_0000079875	Splicing factor ESS-2 homolog	chain
O44437	1-151		PRO_0000122218	Small nuclear ribonucleoprotein Sm D3	chain
O44783	1-589		PRO_0000076897	Protein sprouty	chain
O46036	1-476		PRO_0000076048	C-terminal-binding protein	chain
O46037	1-961		PRO_0000064259	Vinculin	chain
O46040	1-462		PRO_0000096607	SET domain-containing protein SmydA-8, isoform A	chain
O46043	1-723		PRO_0000066607	Poly(ADP-ribose) glycohydrolase	chain
O46051	1-507		PRO_0000051837	Probable cytochrome P450 4d14	chain
O46054	1-496		PRO_0000051830	Cytochrome P450 4ae1	chain
O46072	1-1192		PRO_0000055006	Probable ATP-dependent RNA helicase kurz	chain
O46077	1-397		PRO_0000174225	Odorant receptor 2a	chain
O46080	1-487		PRO_0000378187	Protein SMG9	chain
O46084	1-289		PRO_0000288789	Serine	chain
O46089	1-1102		PRO_0000403774	Protein MMS22-like	chain
O46098	1-92		PRO_0000174312	LYR motif-containing protein 4 homolog	chain
O46101	1-244		PRO_0000437455	Tetraspanin-2A	chain
O46102	58-612	ECO:0000255	PRO_0000437484	Poly(A) RNA polymerase, mitochondrial	chain
O46106	1-503		PRO_0000174320	Splicing factor 3A subunit 3	chain
O46107	25-439		PRO_0000017810	Lipase 1	chain
O46108	21-394		PRO_0000017811	Lipase 3	chain
O46197	22-234		PRO_0000017556	Accessory gland protein Acp29AB	chain
O46199	24-120		PRO_0000020584	Accessory gland protein Acp53Ea	chain
O46200	17-81		PRO_0000020585	Accessory gland protein Acp63F	chain
O46202	25-115		PRO_0000034310	Accessory gland protein Acp62F	chain
O46203	20-252	ECO:0000255	PRO_0000443083	Accessory gland protein Acp32CD	chain
O46339	1-487		PRO_0000341484	Homeobox protein homothorax	chain
O46341	1-409		PRO_0000064407	Protein a6	chain
O61231	1-218		PRO_0000147114	Large ribosomal subunit protein uL16	chain
O61267	1-476		PRO_0000086237	Ovarian-specific serine	chain
O61305	1-460		PRO_0000055024	DEAD-box helicase Dbp80	chain
O61307	1-2731		PRO_0000421021	Teneurin-m	chain
O61345	1-737		PRO_0000075921	Protein penguin	chain
O61365	1-535		PRO_0000181310	Sodium channel protein Nach	chain
O61366	1-1302		PRO_0000186220	Serine-enriched protein	chain
O61443	1-365		PRO_0000186301	Mitogen-activated protein kinase p38b	chain
O61491	1-426		PRO_0000094054	Flotillin-1	chain
O61492	1-438		PRO_0000094055	Flotillin-2	chain
O61613	1-472		PRO_0000064228	Glycylpeptide N-tetradecanoyltransferase	chain
O61643	834-946		PRO_0000033743	Inhibin beta chain	chain
O61661	1-512		PRO_0000085855	Serine	chain
O61722	1-176	ECO:0000305	PRO_0000452474	PRL-1 phosphatase	chain
O61734	1-413		PRO_0000127165	Protein cycle	chain
O61735	1-1027		PRO_0000127162	Circadian locomoter output cycles protein kaput	chain
O62589	20-531	ECO:0000255	PRO_0000028135	Serine protease gd	chain
O62609	1-771		PRO_0000463430	SMAD family member 4	chain
O62618	1-366		PRO_0000186300	Mitogen-activated protein kinase p38a	chain
O62619	1-533		PRO_0000112099	Pyruvate kinase	chain
O62621	1-914		PRO_0000050916	Coatomer subunit beta	chain
O76206	1-153		PRO_0000194150	Putative riboflavin kinase	chain
O76324	1-440		PRO_0000192849	Discs overgrown protein kinase	chain
O76454	1-192		PRO_0000063061	Pterin-4-alpha-carbinolamine dehydratase	chain
O76460	1-784		PRO_0000392522	DNA repair and recombination protein RAD54-like	chain
O76464	1-460		PRO_0000109792	Nitrilase and fragile histidine triad fusion protein NitFhit	chain
O76511	1-321		PRO_0000140905	Thymidylate synthase	chain
O76742	1-207		PRO_0000459505	Ras-related protein Rab7	chain
O76767	1-212		PRO_0000194163	ER lumen protein-retaining receptor	chain
O76878	1-443		PRO_0000299315	RILP-like protein homolog	chain
O76879	26-260		PRO_0000020860	Circadian clock-controlled protein daywake	chain
O76902	1-316		PRO_0000438292	Pleckstrin homology domain-containing family F member 1 homolog	chain
O76906	1-982		PRO_0000197138	Protein cramped	chain
O76908	1-237		PRO_0000436008	RING finger protein vilya	chain
O76922	1-866		PRO_0000422915	Protein aubergine	chain
O76924	1-509		PRO_0000055757	Potential E3 ubiquitin-protein ligase ariadne-2	chain
O76927	1-83		PRO_0000395418	Small ribosomal subunit protein eS21	chain
O76932	1-307		PRO_0000353208	Serine	chain
O77051	1-370		PRO_0000420434	Transcription factor E2F2	chain
O77059	1-542		PRO_0000348597	Cryptochrome-1	chain
O77086	1-1571		PRO_0000068860	Guanine nucleotide-releasing factor 2	chain
O77215	1-588		PRO_0000049348	Homeobox protein unc-4	chain
O77237	1-424		PRO_0000194178	Protein pellino	chain
O77263	1-256		PRO_0000171434	tRNA (guanine-N(7)-)-methyltransferase	chain
O77264	1-361		PRO_0000156412	RNA 3'-terminal phosphate cyclase	chain
O77277	25-340		PRO_0000005512	Torsin-like protein	chain
O77286	1-87		PRO_0000194182	Protein anon-73B1	chain
O77410	1-435		PRO_0000123517	Eukaryotic translation initiation factor 3 subunit E	chain
O77438	20-581		PRO_0000013013	Frizzled-3	chain
O77459	1-601		PRO_0000046925	Transcription factor Ken	chain
O77460	1-338		PRO_0000137572	Inorganic pyrophosphatase	chain
O77475	1-392		PRO_0000424382	Ceramide phosphoethanolamine synthase	chain
O96433	1-1097		PRO_0000080498	Cyclin-T	chain
O96533	1-456		PRO_0000462468	Cell cycle checkpoint control protein Rad9	chain
O96539	1-484		PRO_0000195090	Arginyl-tRNA--protein transferase 1	chain
O96553	1-968		PRO_0000199324	C-1-tetrahydrofolate synthase, cytoplasmic	chain
O96651	1-875		PRO_0000145196	DNA topoisomerase 3-beta	chain
O96660	1-486		PRO_0000463142	SMAD family member 2	chain
O96827	2-222		PRO_0000155045	Probable elongation factor 1-beta	chain
O96838	1-1809		PRO_0000185454	Putative 1-phosphatidylinositol 3-phosphate 5-kinase	chain
O96860	1-89		PRO_0000195135	Dynein light chain 2, cytoplasmic	chain
O96863	1-219		PRO_0000068246	Casein kinase II subunit beta	chain
O97067	1-186		PRO_0000120282	Probable peptidyl-tRNA hydrolase 2	chain
O97069	1-419		PRO_0000148557	Argininosuccinate synthase	chain
O97125	1-635		PRO_0000078328	Heat shock protein 68	chain
O97143	1-769		PRO_0000385291	Serine	chain
O97148	25-514		PRO_0000013020	G-protein coupled receptor Mth	chain
O97159	1-1982		PRO_0000080236	ATP-dependent chromatin remodeler Mi-2	chain
O97172	1-99		PRO_0000365093	UPF0729 protein CG18508	chain
O97176	20-156		PRO_0000016582	Enhancer of split M1 protein	chain
O97177	1-218		PRO_0000087058	Enhancer of split M2 protein	chain
O97178	1-138		PRO_0000087061	Enhancer of split malpha protein	chain
O97179	1-70		PRO_0000087060	Enhancer of split m6 protein	chain
O97394	48-2224		PRO_0000226983	Protein sidekick	chain
O97420	1-96		PRO_0000195164	UPF0184 protein CG14818	chain
O97422	1-306		PRO_0000195179	Galactosylgalactosylxylosylprotein 3-beta-glucuronosyltransferase I	chain
O97477	1-565		PRO_0000195182	Inositol-3-phosphate synthase	chain
P00334	2-256		PRO_0000054474	Alcohol dehydrogenase	chain
P00399	1-511		PRO_0000183325	Cytochrome c oxidase subunit 1	chain
P00408	1-228		PRO_0000183579	Cytochrome c oxidase subunit 2	chain
P00417	1-262		PRO_0000183767	Cytochrome c oxidase subunit 3	chain
P00522	1-1620		PRO_0000088054	Tyrosine-protein kinase Abl	chain
P00528	1-552		PRO_0000088140	Tyrosine-protein kinase Src64B	chain
P00850	1-224		PRO_0000082116	ATP synthase subunit a	chain
P00967	1-1353		PRO_0000074934	Trifunctional purine biosynthetic protein adenosine-3	chain
P02255	1-256		PRO_0000195961	Histone H1	chain
P02283	2-123		PRO_0000071861	Histone H2B	chain
P02299	2-136		PRO_0000221300	Histone H3	chain
P02515	1-174		PRO_0000125963	Heat shock protein 22	chain
P02516	1-186		PRO_0000125964	Heat shock protein 23	chain
P02517	1-208		PRO_0000125965	Heat shock protein 26	chain
P02518	1-213		PRO_0000125966	Heat shock protein 27	chain
P02572	3-376		PRO_0000000659	Actin-42A	chain
P02574	3-376		PRO_0000000663	Actin, larval muscle	chain
P02825	1-642		PRO_0000078330	Heat shock 70 kDa protein Ab	chain
P02828	1-717		PRO_0000062930	Heat shock protein 83	chain
P02833	1-378		PRO_0000200259	Homeotic protein antennapedia	chain
P02835	1-410		PRO_0000049062	Segmentation protein fushi tarazu	chain
P02836	1-552		PRO_0000196077	Segmentation polarity homeobox protein engrailed	chain
P02839	17-130		PRO_0000006387	Larval cuticle protein 1	chain
P02840	24-307		PRO_0000022329	Salivary glue protein Sgs-3	chain
P02841	24-74		PRO_0000022334	Salivary glue protein Sgs-7	chain
P02842	25-75		PRO_0000022335	Salivary glue protein Sgs-8	chain
P02843	21-439		PRO_0000017814	Vitellogenin-1	chain
P02844	20-442		PRO_0000017815	Vitellogenin-2	chain
P03896	1-341		PRO_0000117581	NADH-ubiquinone oxidoreductase chain 2	chain
P04052	1-1887		PRO_0000073937	DNA-directed RNA polymerase II subunit RPB1	chain
P04146	1-270	ECO:0000255	PRO_0000026135	Copia VLP protein	chain
P04146	271-1409	ECO:0000255	PRO_0000026136	Copia protease	chain
P04197	1-657		PRO_0000197052	Myb protein	chain
P04282	1-439		PRO_0000087419	Retrovirus-related Gag polyprotein from copia-like transposable element 17.6	chain
P04283	1-456		PRO_0000086980	Retrovirus-related Env polyprotein from copia-like transposable element 17.6	chain
P04323	1-1058		PRO_0000199557	Retrovirus-related Pol polyprotein from transposon 17.6	chain
P04357	1-40		PRO_0000197353	Metallothionein-1	chain
P04359	1-134		PRO_0000131128	Large ribosomal subunit protein eL32	chain
P04388	1-189		PRO_0000082668	Ras-like protein 2	chain
P04412	31-1426		PRO_0000016676	Epidermal growth factor receptor	chain
P04657	2-105		PRO_0000108259	Cytochrome c-1	chain
P04755	25-521		PRO_0000000301	Acetylcholine receptor subunit beta-like 1	chain
P04814	31-256		PRO_0000028262	Trypsin alpha	chain
P04950	1-383		PRO_0000197627	Opsin Rh3	chain
P05031	1-510		PRO_0000146945	Aromatic-L-amino-acid decarboxylase	chain
P05049	28-435		PRO_0000028132	Serine protease snk	chain
P05084	1-758		PRO_0000046948	Protein hunchback	chain
P05130	1-679		PRO_0000055730	Protein kinase C, brain isozyme	chain
P05205	1-206		PRO_0000080197	Heterochromatin protein 1	chain
P05303	1-462		PRO_0000090907	Elongation factor 1-alpha 2	chain
P05389	1-113		PRO_0000157652	Large ribosomal subunit protein P2	chain
P05527	1-576		PRO_0000196081	Homeobox protein invected	chain
P05552	1-262		PRO_0000064452	Transcription factor Adf-1	chain
P05623	20-55		PRO_0000020587	Sex peptide	chain
P05661	1-1962		PRO_0000123387	Myosin heavy chain, muscle	chain
P05709	1-688		PRO_0000127438	Protein single-minded	chain
P05812	1-445		PRO_0000125967	Heat shock protein 67B1	chain
P05990	1-2224		PRO_0000199505	Multifunctional protein r	chain
P06002	1-373		PRO_0000197622	Opsin Rh1	chain
P06601	1-613		PRO_0000050167	Segmentation protein paired	chain
P06602	1-376		PRO_0000049060	Segmentation protein even-skipped	chain
P06603	1-450		PRO_0000048158	Tubulin alpha-1 chain	chain
P06604	1-449		PRO_0000048159	Tubulin alpha-2 chain	chain
P06605	1-450		PRO_0000048160	Tubulin alpha-3 chain	chain
P06606	1-462		PRO_0000048161	Tubulin alpha-4 chain	chain
P06607	20-420		PRO_0000017816	Vitellogenin-3	chain
P06742	1-155		PRO_0000198709	Myosin light chain alkali	chain
P06754	1-339		PRO_0000205684	Tropomyosin-1, isoforms 9A	chain
P07140	39-619		PRO_0000008603	Acetylcholinesterase	chain
P07140	39-?		PRO_0000008604	Acetylcholinesterase 16 kDa subunit	chain
P07140	?-619		PRO_0000008605	Acetylcholinesterase 55 kDa subunit	chain
P07182	21-284		PRO_0000089629	Chorion protein S36	chain
P07183	1-306		PRO_0000089631	Chorion protein S38	chain
P07184	18-172		PRO_0000089621	Chorion protein S18	chain
P07185	19-115		PRO_0000089613	Chorion protein S15	chain
P07186	22-173		PRO_0000089625	Chorion protein S19	chain
P07187	17-126		PRO_0000006389	Larval cuticle protein 2	chain
P07188	17-112		PRO_0000006391	Larval cuticle protein 3	chain
P07189	17-112		PRO_0000006393	Larval cuticle protein 4	chain
P07190	20-577		PRO_0000001447	Maltase A1	chain
P07191	24-567		PRO_0000001446	Maltase A2	chain
P07192	20-574		PRO_0000001448	Maltase A3	chain
P07207	53-2703		PRO_0000007673	Neurogenic locus Notch protein	chain
P07207	?-2703		PRO_0000296234	Processed neurogenic locus Notch protein	chain
P07247	1-502		PRO_0000046992	Protein krueppel	chain
P07486	1-332		PRO_0000145521	Glyceraldehyde-3-phosphate dehydrogenase 1	chain
P07487	1-332		PRO_0000145522	Glyceraldehyde-3-phosphate dehydrogenase 2	chain
P07548	1-586		PRO_0000200261	Homeotic protein deformed	chain
P07663	1-1224		PRO_0000162596	Period circadian protein	chain
P07664	1-433		PRO_0000047050	Serendipity locus protein delta	chain
P07665	1-356		PRO_0000047049	Serendipity locus protein beta	chain
P07666	1-530		PRO_0000072197	Serendipity locus protein alpha	chain
P07668	1-721		PRO_0000004420	Choline O-acetyltransferase	chain
P07668	585-721		PRO_0000004422	Choline O-acetyltransferase 13 kDa chain	chain
P07668	?-584		PRO_0000004421	Choline O-acetyltransferase 54 kDa chain	chain
P07668	?-721		PRO_0000004423	Choline O-acetyltransferase 67 kDa chain	chain
P07701	19-163		PRO_0000022333	Salivary glue protein Sgs-5	chain
P07713	457-588		PRO_0000033665	Protein decapentaplegic	chain
P07764	2-361		PRO_0000216927	Fructose-bisphosphate aldolase	chain
P07909	1-365		PRO_0000081834	Heterogeneous nuclear ribonucleoprotein A1	chain
P08044	1-390		PRO_0000047028	Protein snail	chain
P08099	1-381		PRO_0000197625	Opsin Rh2	chain
P08111	1-1161		PRO_0000084345	Lethal(2) giant larvae protein	chain
P08120	?-1779		PRO_0000005755	Collagen alpha-1(IV) chain	chain
P08144	19-494		PRO_0000001364	Alpha-amylase A	chain
P08155	1-845		PRO_0000046991	Krueppel homolog 1	chain
P08171	22-544		PRO_0000008561	Esterase-6	chain
P08175	1-56		PRO_0000096587	Male-specific sperm protein Mst87F	chain
P08181	2-336		PRO_0000085900	Casein kinase II subunit alpha	chain
P08182	1-235		PRO_0000068245	Casein kinase II subunit beta	chain
P08255	1-378		PRO_0000197630	Opsin Rh4	chain
P08266	1-1176		PRO_0000048084	DNA-directed RNA polymerase II subunit RPB2	chain
P08510	1-655		PRO_0000053963	Potassium voltage-gated channel protein Shaker	chain
P08570	1-112		PRO_0000157692	Large ribosomal subunit protein P1	chain
P08630	1-786		PRO_0000088068	Tyrosine-protein kinase Btk	chain
P08645	1-181		PRO_0000030191	Ras-related protein Rap1	chain
P08646	1-186		PRO_0000082665	Ras-like protein 1	chain
P08736	1-463		PRO_0000090906	Elongation factor 1-alpha 1	chain
P08761	2-246		PRO_0000138629	Peptide methionine sulfoxide reductase	chain
P08841	1-454		PRO_0000048280	Tubulin beta-3 chain	chain
P08879	2-153		PRO_0000137108	Nucleoside diphosphate kinase	chain
P08928	2-619		PRO_0000063828	Lamin	chain
P08953	28-1097		PRO_0000034740	Protein toll	chain
P08970	1-941		PRO_0000047053	Zinc finger protein su(Hw)	chain
P08985	2-141		PRO_0000055309	Histone H2A.v	chain
P09052	1-661		PRO_0000054976	ATP-dependent RNA helicase vasa	chain
P09077	1-417		PRO_0000200264	Homeotic protein Sex combs reduced	chain
P09081	1-494		PRO_0000049014	Homeotic protein bicoid	chain
P09082	1-427		PRO_0000050168	Protein gooseberry	chain
P09083	1-449		PRO_0000050169	Protein gooseberry-neuro	chain
P09085	1-427		PRO_0000049017	Homeotic protein caudal	chain
P09087	1-493		PRO_0000200258	Homeobox protein abdominal-B	chain
P09089	1-353		PRO_0000049112	Protein zerknuellt 1	chain
P09090	1-252		PRO_0000049113	Protein zerknuellt 2	chain
P09180	1-401		PRO_0000129359	Large ribosomal subunit protein uL4	chain
P09208	1086-2144	ECO:0000269|PubMed:7628438	PRO_0000016716	Insulin-like receptor subunit beta 1	chain
P09208	1086-?	ECO:0000269|PubMed:7628438	PRO_0000016717	Insulin-like receptor subunit beta 2	chain
P09208	?-1081	ECO:0000269|PubMed:7628438	PRO_0000016715	Insulin-like receptor subunit alpha	chain
P09208	?-2144		PRO_0000016718	60 kDa C-terminal fragment	chain
P09478	22-567		PRO_0000000298	Acetylcholine receptor subunit alpha-like 1	chain
P09491	1-284		PRO_0000205686	Tropomyosin-2	chain
P09615	18-468		PRO_0000041476	Protein wingless	chain
P09774	1-257		PRO_0000127135	Achaete-scute complex protein T3	chain
P09775	1-486		PRO_0000127138	Achaete-scute complex protein T8	chain
P09956	2-575		PRO_0000066573	Regulatory protein zeste	chain
P09957	22-541		PRO_0000031052	Protein yellow	chain
P0C919	1-90		PRO_0000369312	Molybdopterin synthase sulfur carrier subunit	chain
P0CG69	1-76		PRO_0000114813	Ubiquitin	chain
P0CG69	153-228		PRO_0000396261	Ubiquitin	chain
P0CG69	229-304		PRO_0000396262	Ubiquitin	chain
P0CG69	305-380		PRO_0000396263	Ubiquitin	chain
P0CG69	381-456		PRO_0000396264	Ubiquitin	chain
P0CG69	457-532		PRO_0000396265	Ubiquitin	chain
P0CG69	533-608		PRO_0000396266	Ubiquitin	chain
P0CG69	609-684		PRO_0000396267	Ubiquitin	chain
P0CG69	685-760		PRO_0000396268	Ubiquitin	chain
P0CG69	77-152		PRO_0000396260	Ubiquitin	chain
P0DKM0	1-87		PRO_0000419649	Cytochrome c oxidase assembly factor 3, mitochondrial	chain
P10035	1-418		PRO_0000049064	Homeobox protein H2.0	chain
P10040	89-2146		PRO_0000007499	Protein crumbs	chain
P10041	19-833		PRO_0000007505	Neurogenic locus protein delta	chain
P10083	1-201		PRO_0000127137	Achaete-scute complex protein T5	chain
P10084	1-345		PRO_0000127136	Achaete-scute complex protein T4	chain
P10090	1-687		PRO_0000093382	Protein white	chain
P10105	1-635		PRO_0000200262	Homeotic protein labial	chain
P10180	1-2175		PRO_0000202390	Homeobox protein cut	chain
P10181	1-350		PRO_0000049076	Homeobox protein rough	chain
P10333	19-264		PRO_0000021755	Accessory gland-specific peptide 26Aa	chain
P10334	22-90		PRO_0000021759	Accessory gland-specific peptide 26Ab	chain
P10351	1-1335		PRO_0000166079	Xanthine dehydrogenase	chain
P10379	22-488		PRO_0000022645	Protein unzipped	chain
P10383	1-853		PRO_0000058104	Deubiquitinase otu	chain
P10394	1-1237		PRO_0000199558	Retrovirus-related Pol polyprotein from transposon 412	chain
P10401	1-1035		PRO_0000058512	Retrovirus-related Pol polyprotein from transposon gypsy	chain
P10403	1-509		PRO_0000086981	Retrovirus-related Env polyprotein from transposon gypsy	chain
P10405	1-451		PRO_0000087424	Retrovirus-related Gag polyprotein from transposon gypsy	chain
P10627	1-490		PRO_0000127478	Protein twist	chain
P10674	22-625		PRO_0000008772	Fasciclin-1	chain
P10676	1-1501		PRO_0000086444	Neither inactivation nor afterpotential protein C	chain
P10734	1-429		PRO_0000053743	Zygotic gap protein knirps	chain
P10735	31-140		PRO_0000030605	Small ribosomal subunit protein uS12m	chain
P10981	3-376		PRO_0000000665	Actin-87E	chain
P10987	3-376		PRO_0000000657	Actin-5C	chain
P11046	25-1788		PRO_0000017073	Laminin subunit beta-1	chain
P11146	1-633		PRO_0000078339	Heat shock 70 kDa protein cognate 2	chain
P11147	1-651		PRO_0000078340	Heat shock 70 kDa protein cognate 4	chain
P11346	1-739		PRO_0000086194	Raf homolog serine	chain
P11420	1-710		PRO_0000127166	Protein daughterless	chain
P11449	19-141	ECO:0000255	PRO_0000022675	Vitelline membrane protein Vm26Aa	chain
P11450	1-282		PRO_0000087209	Follicle cell protein 3C-1	chain
P11455	1-428		PRO_0000072487	Protein terminus	chain
P11536	1-883		PRO_0000204083	Ecdysone-induced protein 74EF isoform B	chain
P11584	29-846		PRO_0000016356	Integrin beta-PS	chain
P11596	1-197		PRO_0000065645	Female-specific protein transformer	chain
P11612	1-314		PRO_0000058889	Serine	chain
P11929	1-1091		PRO_0000064997	Ninein homolog	chain
P11956	1-43		PRO_0000197355	Metallothionein-2	chain
P11995	17-816		PRO_0000013333	Larval serum protein 1 alpha chain	chain
P11996	17-789		PRO_0000013334	Larval serum protein 1 beta chain	chain
P11997	17-772		PRO_0000013335	Larval serum protein 1 gamma chain	chain
P12024	30-1315		PRO_0000020923	Chaoptin	chain
P12080	32-1396		PRO_0000016323	Integrin alpha-PS2	chain
P12080	32-?1243		PRO_0000016324	Integrin alpha-PS2 heavy chain	chain
P12080	?1244-1396		PRO_0000016325	Integrin alpha-PS2 light chain	chain
P12252	1-1070		PRO_0000023342	3',5'-cyclic-AMP phosphodiesterase	chain
P12258	1-644		PRO_0000084025	Transposable element Hobo transposase	chain
P12297	1-963		PRO_0000072324	Protein suppressor of white apricot	chain
P12370	2-353		PRO_0000086069	cAMP-dependent protein kinase catalytic subunit 1	chain
P12426	1-182		PRO_0000149512	Adenine phosphoribosyltransferase	chain
P12428	1-675		PRO_0000093375	Protein brown	chain
P12613	1-557		PRO_0000128310	T-complex protein 1 subunit alpha	chain
P12646	1-524		PRO_0000068092	Glucose-6-phosphate 1-dehydrogenase	chain
P12881	1-279		PRO_0000124068	Proteasome subunit alpha type-1	chain
P12982	1-302		PRO_0000058792	Serine	chain
P13002	1-1333		PRO_0000086952	Protein grainyhead	chain
P13008	1-114		PRO_0000204520	Small ribosomal subunit protein eS26	chain
P13054	1-647		PRO_0000053745	Knirps-related protein	chain
P13055	1-1412		PRO_0000053505	Ecdysone-induced protein 75B, isoform B	chain
P13060	2-844		PRO_0000091012	Eukaryotic translation elongation factor 2	chain
P13095	1-152		PRO_0000087059	Enhancer of split m4 protein	chain
P13096	1-178		PRO_0000127172	Enhancer of split m5 protein	chain
P13097	1-186		PRO_0000127173	Enhancer of split m7 protein	chain
P13098	1-179		PRO_0000127175	Enhancer of split m8 protein	chain
P13217	1-1095		PRO_0000088510	1-phosphatidylinositol 4,5-bisphosphate phosphodiesterase	chain
P13238	43-154		PRO_0000022676	Vitelline membrane protein Vm26Ab	chain
P13360	1-604		PRO_0000046939	Protein glass	chain
P13368	1-2554		PRO_0000058928	Protein sevenless	chain
P13395	1-2415		PRO_0000073467	Spectrin alpha chain	chain
P13468	1-463		PRO_0000084292	DNA-binding protein K10	chain
P13469	1-542		PRO_0000081635	DNA-binding protein modulo	chain
P13496	1-1265		PRO_0000083523	Dynactin subunit 1	chain
P13582	128-392		PRO_0000028134	Serine protease ea	chain
P13607	1-1041		PRO_0000046309	Sodium	chain
P13677	1-700		PRO_0000055731	Protein kinase C, eye isozyme	chain
P13678	1-739		PRO_0000055732	Protein kinase C	chain
P13706	1-363		PRO_0000138075	Glycerol-3-phosphate dehydrogenase [NAD(+)], cytoplasmic	chain
P13709	1-2038		PRO_0000211194	Homeotic protein female sterile	chain
P14003	1-337		PRO_0000127181	Protein hairy	chain
P14083	1-1046		PRO_0000072552	Protein jim lovell	chain
P14199	1-599		PRO_0000097237	Protein ref(2)P	chain
P14318	1-184		PRO_0000204779	Muscle-specific protein 20	chain
P14484	16-184		PRO_0000006397	Pupal cuticle protein	chain
P14599	28-887		PRO_0000000202	Amyloid-beta-like protein	chain
P14734	1-510		PRO_0000091896	Protein fork head	chain
P14773	1-920		PRO_0000114431	3-hydroxy-3-methylglutaryl-coenzyme A reductase	chain
P14785	1-491		PRO_0000080345	G2	chain
P14956	24-62		PRO_0000004843	Cecropin-B	chain
P15007	1-500		PRO_0000134081	Enolase	chain
P15215	34-1639		PRO_0000017081	Laminin subunit gamma-1	chain
P15278	21-508		PRO_0000014760	Fasciclin-3	chain
P15330	1-999		PRO_0000205164	Embryonic polarity protein dorsal	chain
P15348	1-1447		PRO_0000145374	DNA topoisomerase 2	chain
P15357	1-76		PRO_0000396482	Ubiquitin	chain
P15357	77-156		PRO_0000396483	Small ribosomal subunit protein eS31	chain
P15364	24-?		PRO_0000014504	Protein amalgam	chain
P15370	1-373		PRO_0000053746	Protein embryonic gonad	chain
P15372	1-364		PRO_0000205215	Phosrestin-2	chain
P15425	21-237		PRO_0000025493	Peptidyl-prolyl cis-trans isomerase, rhodopsin-specific isozyme	chain
P15619	1-869		PRO_0000047051	Serendipity locus protein H-1	chain
P16163	1-352		PRO_0000165991	Uricase	chain
P16241	1-427		PRO_0000100774	POU domain protein CF1A	chain
P16320	1-1056		PRO_0000096925	120.7 kDa protein in NOF-FB transposable element	chain
P16371	1-730		PRO_0000051010	Protein groucho	chain
P16375	1-543		PRO_0000053610	Steroid receptor seven-up, isoforms B	chain
P16376	1-746		PRO_0000053611	Steroid receptor seven-up, isoform A	chain
P16378	2-354		PRO_0000203716	G protein alpha o subunit	chain
P16395	1-805		PRO_0000069051	Muscarinic acetylcholine receptor DM1	chain
P16423	1-1057		PRO_0000058511	Retrovirus-related Pol polyprotein from type-2 retrotransposable element R2DM	chain
P16424	1-471		PRO_0000066075	Uncharacterized 50 kDa protein in type I retrotransposable element R1DM	chain
P16425	1-1021		PRO_0000066085	Putative 115 kDa protein in type-1 retrotransposable element R1DM	chain
P16554	1-556		PRO_0000021869	Protein numb	chain
P16568	1-782		PRO_0000205361	Protein bicaudal D	chain
P16620	29-1462		PRO_0000025428	Tyrosine-protein phosphatase 69D	chain
P16621	33-2029		PRO_0000025431	Tyrosine-protein phosphatase Lar	chain
P16905	1-376		PRO_0000205396	cAMP-dependent protein kinase type I regulatory subunit	chain
P16909	1-215		PRO_0000064354	Histone-like protein 18C	chain
P16911	1-354		PRO_0000086111	cAMP-dependent protein kinase catalytic subunit 2	chain
P16912	1-583		PRO_0000086112	cAMP-dependent protein kinase catalytic subunit 3	chain
P16914	1-483		PRO_0000081575	Protein elav	chain
P17133	1-448		PRO_0000081884	U1 small nuclear ribonucleoprotein 70 kDa	chain
P17207	41-272		PRO_0000028140	Serine protease 3	chain
P17210	1-975		PRO_0000125350	Kinesin heavy chain	chain
P17276	1-452		PRO_0000205552	Protein henna	chain
P17336	1-506		PRO_0000084912	Catalase	chain
P17644	22-576		PRO_0000000300	Acetylcholine receptor subunit alpha-like 2	chain
P17671	1-1199		PRO_0000053506	Ecdysone-induced protein 75B, isoforms C	chain
P17672	1-1355		PRO_0000053504	Ecdysone-induced protein 75B, isoform A	chain
P17704	2-131		PRO_0000141533	Small ribosomal subunit protein eS17	chain
P17719	1-182		PRO_0000186370	Dihydrofolate reductase	chain
P17789	1-643		PRO_0000047079	Protein tramtrack, beta isoform	chain
P17886	1-702		PRO_0000205718	Protein crooked neck	chain
P17917	1-260		PRO_0000149170	DNA sliding clamp PCNA	chain
P17970	1-985		PRO_0000053965	Potassium voltage-gated channel protein Shab	chain
P17971	1-571		PRO_0000053966	Potassium voltage-gated channel protein Shal	chain
P17972	1-498		PRO_0000053967	Potassium voltage-gated channel protein Shaw	chain
P18053	1-264		PRO_0000124109	Proteasome subunit alpha type-4	chain
P18091	1-924		PRO_0000073447	Alpha-actinin, sarcomeric	chain
P18101	1-76		PRO_0000396442	Ubiquitin	chain
P18101	77-128		PRO_0000396443	Large ribosomal subunit protein eL40	chain
P18102	1-452		PRO_0000053597	Protein tailless	chain
P18105	1-666		PRO_0000125426	Kinesin-like protein Nod	chain
P18106	1-1325		PRO_0000088095	Tyrosine-protein kinase Fer	chain
P18167	20-544		PRO_0000008562	Esterase P	chain
P18168	83-1407		PRO_0000007718	Protein serrate	chain
P18169	20-1208		PRO_0000021097	Defective chorion protein, FC125 isoform	chain
P18170	20-950		PRO_0000021098	Defective chorion protein, FC106 isoform	chain
P18170	279-950		PRO_0000021099	FC106 S80	chain
P18170	279-?		PRO_0000021100	FC106 S60	chain
P18171	20-1590		PRO_0000021101	Defective chorion protein, FC177 isoform	chain
P18173	43-612		PRO_0000012335	Glucose dehydrogenase [FAD, quinone] short protein	chain
P18173	43-625		PRO_0000012334	Glucose dehydrogenase [FAD, quinone]	chain
P18289	1-289		PRO_0000076437	Transcription factor Jra	chain
P18431	1-514		PRO_0000086641	Protein kinase shaggy	chain
P18432	2-222		PRO_0000198746	Myosin regulatory light chain 2	chain
P18459	1-579		PRO_0000205566	Tyrosine 3-monooxygenase	chain
P18475	21-923		PRO_0000024477	Tyrosine-protein kinase receptor torso	chain
P18486	1-510		PRO_0000147010	3,4-dihydroxyphenylacetaldehyde synthase	chain
P18487	1-504		PRO_0000064404	Protein anon-37Cs	chain
P18488	1-497		PRO_0000049059	Homeotic protein empty spiracles	chain
P18489	1-152		PRO_0000206741	Synaptobrevin	chain
P18490	1-3413		PRO_0000215792	Protein pecanex	chain
P18491	1-199		PRO_0000127169	Protein extra-macrochaetae	chain
P18502	1-1286		PRO_0000205973	Protein patched	chain
P18537	19-581		PRO_0000013010	Frizzled	chain
P18824	1-843		PRO_0000064292	Armadillo segment polarity protein	chain
P18929	1-312		PRO_0000117392	NADH-ubiquinone oxidoreductase chain 1	chain
P18930	1-117		PRO_0000117736	NADH-ubiquinone oxidoreductase chain 3	chain
P18931	1-446		PRO_0000117930	NADH-ubiquinone oxidoreductase chain 4	chain
P18932	1-572		PRO_0000118090	NADH-ubiquinone oxidoreductase chain 5	chain
P18933	1-174		PRO_0000118278	NADH-ubiquinone oxidoreductase chain 6	chain
P18934	1-96		PRO_0000118417	NADH-ubiquinone oxidoreductase chain 4L	chain
P18935	1-378		PRO_0000060893	Cytochrome b	chain
P19018	1-264		PRO_0000081986	Transformer-2 sex-determining protein	chain
P19107	1-401		PRO_0000205217	Phosrestin-1	chain
P19109	1-719		PRO_0000055007	ATP-dependent RNA helicase p62	chain
P19334	1-1275		PRO_0000215357	Transient receptor potential protein	chain
P19339	1-354		PRO_0000081967	Protein sex-lethal	chain
P19351	1-397		PRO_0000186185	Troponin T, skeletal muscle	chain
P19538	1-1397		PRO_0000046917	Transcriptional activator cubitus interruptus	chain
P19538	1-?		PRO_0000406217	Transcriptional repressor cubitus interruptus	chain
P19889	1-317		PRO_0000154769	Large ribosomal subunit protein uL10	chain
P19967	1-436		PRO_0000166018	Cytochrome b5-related protein	chain
P20007	1-647		PRO_0000103635	Phosphoenolpyruvate carboxykinase [GTP]	chain
P20009	1-327		PRO_0000049055	Homeotic protein distal-less	chain
P20028	1-1129		PRO_0000048075	DNA-directed RNA polymerase I subunit RPA2	chain
P20105	1-829		PRO_0000204082	Ecdysone-induced protein 74EF isoform A	chain
P20153	1-508		PRO_0000053582	Protein ultraspiracle	chain
P20193	1-1250		PRO_0000047060	Protein suppressor of variegation 3-7	chain
P20227	1-353		PRO_0000153964	TATA-box-binding protein	chain
P20228	1-510		PRO_0000146972	Glutamate decarboxylase	chain
P20232	1-313		PRO_0000121445	Transcription elongation factor S-II	chain
P20240	1-424		PRO_0000206151	Otefin	chain
P20241	24-1302		PRO_0000015055	Neuroglian	chain
P20348	1-135		PRO_0000206158	Sex-regulated protein janus-A	chain
P20349	1-140		PRO_0000206166	Sex-regulated protein janus-B	chain
P20350	1-355		PRO_0000206179	Protein rhomboid	chain
P20351	1-379		PRO_0000065780	Tryptophan 2,3-dioxygenase	chain
P20353	2-355		PRO_0000203689	G protein alpha i subunit	chain
P20354	2-385		PRO_0000203731	G protein alpha s subunit	chain
P20385	1-510		PRO_0000046914	Chorion transcription factor Cf2	chain
P20432	1-209		PRO_0000185947	Glutathione S-transferase D1	chain
P20439	1-530		PRO_0000080385	G2	chain
P20477	28-399		PRO_0000011173	Glutamine synthetase 1, mitochondrial	chain
P20478	1-369		PRO_0000153148	Glutamine synthetase 2 cytoplasmic	chain
P20480	1-700		PRO_0000125378	Protein claret segregational	chain
P20482	1-1383		PRO_0000076458	Segmentation protein cap'n'collar	chain
P20483	1-479		PRO_0000198658	M-phase inducer phosphatase	chain
P20659	1-3726		PRO_0000124874	Histone-lysine N-methyltransferase trithorax	chain
P20825	1-1059		PRO_0000199556	Retrovirus-related Pol polyprotein from transposon 297	chain
P20828	1-414		PRO_0000087420	Retrovirus-related Gag polyprotein from transposon 297	chain
P20829	1-471		PRO_0000086982	Retrovirus-related Env polyprotein from transposon 297	chain
P20905	1-564		PRO_0000068941	5-hydroxytryptamine receptor 1	chain
P21187	1-634		PRO_0000081713	Polyadenylate-binding protein	chain
P21328	1-916		PRO_0000097514	RNA-directed DNA polymerase from mobile element jockey	chain
P21330	1-568		PRO_0000087422	Nucleic-acid-binding protein from mobile element jockey	chain
P21461	1-314		PRO_0000056175	E3 ubiquitin-protein ligase sina	chain
P21519	1-1594		PRO_0000129497	Neurogenic protein mastermind	chain
P21520	52-799		PRO_0000009108	Protein scabrous	chain
P21521	1-474		PRO_0000183986	Synaptotagmin 1	chain
P21525	1-755		PRO_0000076478	Transcription factor kayak, isoforms A	chain
P21750	17-142		PRO_0000022267	Protein spalt-accessory	chain
P21914	?-297		PRO_0000010357	Succinate dehydrogenase [ubiquinone] iron-sulfur subunit, mitochondrial	chain
P22058	1-355		PRO_0000206715	Chromosomal protein D1	chain
P22265	1-954		PRO_0000047061	Protein teashirt	chain
P22270	27-601		PRO_0000012737	Tyramine	chain
P22293	1-1325		PRO_0000072321	Protein suppressor of sable	chain
P22464	1-324		PRO_0000067516	Annexin B9	chain
P22465	1-321		PRO_0000067517	Annexin B10	chain
P22468	1-194		PRO_0000070263	Gonadal protein gdl	chain
P22469	1-90		PRO_0000066559	Protein Z600	chain
P22700	1-1020		PRO_0000046208	Calcium-transporting ATPase sarcoplasmic	chain
P22711	1-416		PRO_0000049080	Muscle-specific homeobox protein tinman	chain
P22745	1-442		PRO_0000064821	Protein bag of marbles	chain
P22769	1-249		PRO_0000124153	Proteasome subunit alpha type-7-1	chain
P22807	1-659		PRO_0000049070	Homeobox protein slou	chain
P22808	1-723		PRO_0000049071	Homeobox protein vnd	chain
P22809	1-382		PRO_0000049016	Homeobox protein bagpipe	chain
P22810	1-542		PRO_0000049072	Homeotic protein ocelliless	chain
P22812	1-462		PRO_0000065694	Protein Tube	chain
P22813	1-691		PRO_0000124578	Heat shock factor protein	chain
P22814	1-510		PRO_0000174664	Segmentation protein Runt	chain
P22815	32-896		PRO_0000012971	Protein bride of sevenless	chain
P22816	1-332		PRO_0000127374	Myogenic-determination protein	chain
P22817	2-990		PRO_0000074407	Insulin-degrading enzyme	chain
P22977	21-138		PRO_0000089617	Chorion protein S16	chain
P22978	1-111		PRO_0000084076	Rhodanese domain-containing protein CG4456	chain
P22979	1-199		PRO_0000125968	Heat shock protein 67B3	chain
P23023	1-549		PRO_0000207041	Protein doublesex	chain
P23128	1-459		PRO_0000054982	ATP-dependent RNA helicase me31b	chain
P23226	1-1185		PRO_0000084542	205 kDa microtubule-associated protein	chain
P23257	1-475		PRO_0000048454	Tubulin gamma-1 chain	chain
P23380	1-159		PRO_0000071750	V-type proton ATPase 16 kDa proteolipid subunit c	chain
P23487	1-83		PRO_0000096456	Protein midgut expression 1	chain
P23488	19-83		PRO_0000021916	Male-specific opa-containing protein	chain
P23572	1-297		PRO_0000085743	Cyclin-dependent kinase 1	chain
P23573	1-314		PRO_0000085744	Cyclin-dependent kinase 2	chain
P23625	1-353		PRO_0000203769	G protein alpha q subunit	chain
P23645	1-696		PRO_0000064097	Neurogenic protein big brain	chain
P23647	1-805		PRO_0000085954	Serine	chain
P23654	1-846		PRO_0000070297	Neurotactin	chain
P23696	1-309		PRO_0000058850	Serine	chain
P23757	1-370		PRO_0000050170	Paired box pox-meso protein	chain
P23758	1-425		PRO_0000050171	Paired box pox-neuro protein	chain
P23779	1-126		PRO_0000207163	Cystatin-like protein	chain
P23792	1-568		PRO_0000046919	Protein disconnected	chain
P23803	1-392		PRO_0000047003	Protein odd-skipped	chain
P23938	25-107		PRO_0000021810	Protein new-glue 1	chain
P24014	1136-1504	ECO:0000250	PRO_0000007721	Protein slit C-product	chain
P24014	37-1135	ECO:0000250	PRO_0000007720	Protein slit N-product	chain
P24014	37-1504		PRO_0000007719	Protein slit	chain
P24156	1-276		PRO_0000213881	Prohibitin 1	chain
P24350	1-396		PRO_0000100775	Inhibitory POU protein	chain
P24492	24-106		PRO_0000004909	Diptericin A	chain
P24785	1-1293		PRO_0000055181	Dosage compensation regulator mle	chain
P25007	1-227		PRO_0000064123	Peptidyl-prolyl cis-trans isomerase	chain
P25008	1-267		PRO_0000080424	Cyclin-C	chain
P25028	1-696		PRO_0000087358	Mitosis initiation protein fs(1)Ya	chain
P25123	45-606		PRO_0000000452	Gamma-aminobutyric acid receptor subunit beta	chain
P25153	1-151		PRO_0000082523	Ubiquitin-conjugating enzyme E2-17 kDa	chain
P25157	1-457		PRO_0000203776	Guanine nucleotide-binding protein subunit alpha homolog	chain
P25158	1-606		PRO_0000058086	Maternal effect protein oskar	chain
P25159	1-1026		PRO_0000072250	Maternal effect protein staufen	chain
P25160	2-180		PRO_0000207448	ADP-ribosylation factor-like protein 1	chain
P25161	1-494		PRO_0000173821	Probable 26S proteasome non-ATPase regulatory subunit 3	chain
P25162	19-519		PRO_0000000302	Acetylcholine receptor subunit beta-like 2	chain
P25167	1-1137		PRO_0000048094	DNA-directed RNA polymerase III subunit RPC2	chain
P25171	1-547		PRO_0000206633	Regulator of chromosome condensation	chain
P25172	1-1368		PRO_0000056389	Protein suppressor 2 of zeste	chain
P25228	1-220		PRO_0000121092	Ras-related protein Rab-3	chain
P25439	1-1638		PRO_0000074310	Brahma chromatin-remodeling complex ATPase subunit	chain
P25455	1-1318		PRO_0000088511	1-phosphatidylinositol 4,5-bisphosphate phosphodiesterase classes I and II	chain
P25722	1-349		PRO_0000207680	Heparin sulfate O-sulfotransferase	chain
P25723	137-1067		PRO_0000028904	Dorsal-ventral patterning protein tolloid	chain
P25724	1-401		PRO_0000207684	Protein nanos	chain
P25822	1-1533		PRO_0000075916	Maternal protein pumilio	chain
P25823	1-2515		PRO_0000183160	Protein tudor	chain
P25843	1-126		PRO_0000199597	Profilin	chain
P25867	1-147		PRO_0000082519	Ubiquitin-conjugating enzyme E2-17 kDa	chain
P25931	1-464		PRO_0000069945	RYamide receptor	chain
P25932	1-470		PRO_0000047027	Protein escargot	chain
P25991	1-765		PRO_0000205764	Protein suppressor of forked	chain
P25992	1-1002		PRO_0000066201	yemanuclein	chain
P26016	310-1269		PRO_0000027021	Furin-like protease 1, isoforms 1	chain
P26017	1-390		PRO_0000080218	Polycomb group protein Pc	chain
P26019	1-1488		PRO_0000046432	DNA polymerase alpha catalytic subunit	chain
P26023	23-172		PRO_0000022061	Pre-intermoult gene 1 protein	chain
P26270	2-338		PRO_0000213945	26S proteasome non-ATPase regulatory subunit 7	chain
P26308	1-340		PRO_0000127715	Guanine nucleotide-binding protein subunit beta-1	chain
P26675	1-1596		PRO_0000068898	Protein son of sevenless	chain
P26686	2-376		PRO_0000081961	Serine-arginine protein 55	chain
P26802	1-687		PRO_0000055005	Probable ATP-dependent RNA helicase Dbp73D	chain
P27091	336-455		PRO_0000033661	Protein 60A	chain
P27398	1-1594		PRO_0000207733	Calpain-D	chain
P27619	1-877		PRO_0000206576	Dynamin	chain
P27716	1-362		PRO_0000208494	Innexin inx1	chain
P27779	17-122		PRO_0000006399	Pupal cuticle protein Edg-78E	chain
P27780	18-188		PRO_0000006400	Pupal cuticle protein Edg-84A	chain
P27781	22-159		PRO_0000006401	Pupal cuticle protein Edg-91	chain
P27864	1-679		PRO_0000200017	Recombination repair protein 1	chain
P28159	1-594		PRO_0000208572	Suppressor of hairless protein	chain
P28166	1-1054		PRO_0000047241	Zinc finger protein 1	chain
P28167	1-3005		PRO_0000047242	Zinc finger protein 2	chain
P28285	1-834		PRO_0000068962	5-hydroxytryptamine receptor 2A	chain
P28286	1-617		PRO_0000068963	5-hydroxytryptamine receptor 2B	chain
P28465	24-352		PRO_0000041477	Protein Wnt-2	chain
P28466	30-1004		PRO_0000041479	Protein Wnt-5	chain
P28518	1-296		PRO_0000208652	DNA repair protein complementing XP-A cells homolog	chain
P28668	1-1714		PRO_0000119741	Bifunctional glutamate	chain
P28750	1-532		PRO_0000087145	Maternal protein exuperantia	chain
P29052	1-315		PRO_0000119299	Transcription initiation factor IIB	chain
P29310	1-248		PRO_0000058651	14-3-3 protein zeta	chain
P29327	1-248		PRO_0000137323	Small ribosomal subunit protein eS6	chain
P29349	1-845		PRO_0000094850	Tyrosine-protein phosphatase corkscrew	chain
P29413	18-406		PRO_0000004182	Calreticulin	chain
P29503	1-754		PRO_0000055975	Protein neuralized	chain
P29555	1-590		PRO_0000200249	Homeobox protein abdominal-A	chain
P29613	1-247		PRO_0000090130	Triosephosphate isomerase	chain
P29615	19-141		PRO_0000018514	Lysozyme P	chain
P29617	1-1703		PRO_0000208884	Homeobox protein prospero	chain
P29673	1-469		PRO_0000075704	Protein apterous	chain
P29681	17-466		PRO_0000021510	20-hydroxyecdysone protein	chain
P29742	1-1678		PRO_0000205783	Clathrin heavy chain	chain
P29746	1-442		PRO_0000064955	Protein bangles and beads	chain
P29747	1-516		PRO_0000076635	Cyclic AMP response element-binding protein A	chain
P29774	1-490		PRO_0000204107	DNA-binding protein D-ETS-3	chain
P29775	1-518		PRO_0000204108	DNA-binding protein D-ETS-4	chain
P29776	1-475		PRO_0000204109	DNA-binding protein D-ETS-6	chain
P29829	1-346		PRO_0000127716	Guanine nucleotide-binding protein subunit beta-2	chain
P29843	1-641		PRO_0000078337	Heat shock 70 kDa protein cognate 1	chain
P29844	19-656		PRO_0000013546	Endoplasmic reticulum chaperone BiP	chain
P29845	1-686		PRO_0000078342	Heat shock 70 kDa protein cognate 5	chain
P29993	1-2838		PRO_0000153931	Inositol 1,4,5-trisphosphate receptor	chain
P30052	1-440		PRO_0000205942	Protein scalloped	chain
P30189	1-972		PRO_0000145205	DNA topoisomerase 1	chain
P30430	310-1101		PRO_0000027023	Furin-like protease 1, isoform 1-CRR	chain
P30432	319-1679		PRO_0000027025	Furin-like protease 2	chain
P30974	1-504		PRO_0000070184	Tachykinin-like peptides receptor 86C	chain
P30975	1-519		PRO_0000070185	Tachykinin-like peptides receptor 99D	chain
P31007	1-970		PRO_0000094538	Disks large 1 tumor suppressor protein	chain
P31009	1-267		PRO_0000131679	Small ribosomal subunit protein uS5	chain
P31264	1-782		PRO_0000200263	Homeotic protein proboscipedia	chain
P31368	1-601		PRO_0000100777	Protein nubbin	chain
P31369	1-498		PRO_0000100778	POU domain protein 2, isoform A	chain
P31396	1-487		PRO_0000053519	Probable nuclear hormone receptor HR3	chain
P31409	1-490		PRO_0000144632	V-type proton ATPase subunit B	chain
P32023	1-934		PRO_0000086122	cGMP-dependent protein kinase, isozyme 2 forms cD5	chain
P32027	1-508		PRO_0000091909	Fork head domain-containing protein crocodile	chain
P32028	1-372		PRO_0000091912	Fork head domain-containing protein FD4	chain
P32029	1-271		PRO_0000091913	Fork head domain-containing protein FD5	chain
P32030	1-322		PRO_0000091914	Fork head domain transcription factor slp1	chain
P32031	1-451		PRO_0000091915	Fork head domain transcription factor slp2	chain
P32100	1-252		PRO_0000104638	Large ribosomal subunit protein uL30	chain
P32234	1-368		PRO_0000205430	Guanylate binding protein 128up	chain
P32392	1-418		PRO_0000089087	Actin-related protein 3	chain
P32748	?-405		PRO_0000029887	Dihydroorotate dehydrogenase (quinone), mitochondrial	chain
P32845	1-213		PRO_0000057996	Protein nullo	chain
P32865	1-700		PRO_0000085965	G protein-coupled receptor kinase 1	chain
P32866	1-714		PRO_0000085966	G protein-coupled receptor kinase 2	chain
P32870	1-2248		PRO_0000195716	Adenylate cyclase 1	chain
P33085	1-372		PRO_0000208500	Innexin shaking-B	chain
P33244	1-1027		PRO_0000053739	Nuclear hormone receptor FTZ-F1	chain
P33269	1-512		PRO_0000051832	Cytochrome P450 4d1	chain
P33270	1-506		PRO_0000051866	Cytochrome P450 6a2	chain
P33438	18-1026		PRO_0000008639	Glutactin	chain
P33450	36-5147		PRO_0000004015	Cadherin-related tumor suppressor	chain
P33450	?-5147	ECO:0000269|PubMed:25215488	PRO_0000434022	Ft-mito	chain
P34021	1-878		PRO_0000053524	Ecdysone receptor	chain
P34082	29-873		PRO_0000014758	Fasciclin-2	chain
P34739	1-1061		PRO_0000074378	Transcription termination factor 2	chain
P35004	31-253		PRO_0000028266	Trypsin beta	chain
P35005	31-256		PRO_0000028274	Trypsin epsilon	chain
P35122	1-227		PRO_0000211072	Ubiquitin carboxyl-terminal hydrolase	chain
P35128	1-151		PRO_0000082521	Ubiquitin-conjugating enzyme E2 N	chain
P35220	1-917		PRO_0000064260	Catenin alpha	chain
P35381	48-552		PRO_0000002429	ATP synthase subunit alpha, mitochondrial	chain
P35415	1-879		PRO_0000211249	Paramyosin, long form	chain
P35416	1-640		PRO_0000211250	Paramyosin, short form	chain
P35421	1-1354		PRO_0000100403	Phosphoribosylformylglycinamidine synthase	chain
P35500	1-2131		PRO_0000048515	Sodium channel protein para	chain
P35554	1-182		PRO_0000087363	Flightin	chain
P35600	1-986		PRO_0000121774	Replication factor C subunit 1	chain
P35820	1-1601		PRO_0000056388	Polycomb group protein Psc	chain
P35832	29-1301		PRO_0000025429	Tyrosine-protein phosphatase 99A	chain
P35875	1-994		PRO_0000211325	Poly [ADP-ribose] polymerase 1	chain
P35992	43-1990		PRO_0000025427	Tyrosine-protein phosphatase 10D	chain
P36179	2-591		PRO_0000071408	Serine	chain
P36188	2-269		PRO_0000186159	Troponin I	chain
P36192	53-92		PRO_0000006743	Defensin	chain
P36241	1-203		PRO_0000131178	Large ribosomal subunit protein eL19	chain
P36872	1-499		PRO_0000071437	Protein phosphatase PP2A 55 kDa regulatory subunit	chain
P36951	1-264		PRO_0000013610	Putative hydroxypyruvate isomerase	chain
P36958	1-129		PRO_0000121470	DNA-directed RNA polymerase II subunit RPB9	chain
P36975	1-212		PRO_0000213594	Synaptosomal-associated protein 25	chain
P37159	19-140		PRO_0000018513	Lysozyme E	chain
P37160	20-140		PRO_0000018515	Lysozyme S	chain
P37161	20-142		PRO_0000018516	Lysozyme X	chain
P37193	?-172		PRO_0000000993	Adrenodoxin-like protein 1, mitochondrial	chain
P37236	2-187		PRO_0000073800	Frequenin-1	chain
P37276	1-4639		PRO_0000114636	Dynein heavy chain, cytoplasmic	chain
P38040	1-67		PRO_0000012677	Guanine nucleotide-binding protein subunit gamma-1	chain
P38979	1-270		PRO_0000134353	Small ribosomal subunit protein uS2	chain
P39018	2-156		PRO_0000153824	Small ribosomal subunit protein eS19A	chain
P39205	1-601		PRO_0000170962	Molybdenum cofactor synthesis protein cinnamon	chain
P39413	1-308		PRO_0000046908	Adult enhancer factor 1	chain
P39572	1-448		PRO_0000076637	Protein giant	chain
P39736	1-547		PRO_0000084813	Puff-specific protein Bx42	chain
P39768	1-609		PRO_0000047015	Pair-rule protein odd-paired	chain
P39769	1-1589		PRO_0000058406	Polyhomeotic-proximal chromatin protein	chain
P39770	1-1365		PRO_0000047018	Homeotic protein spalt-major	chain
P40139	25-112		PRO_0000021811	Protein new-glue 2	chain
P40140	24-146		PRO_0000021812	Protein new-glue 3	chain
P40141	17-57		PRO_0000021813	Protein new-glue 4	chain
P40301	1-234		PRO_0000124083	Proteasome subunit alpha type-2	chain
P40304	21-235		PRO_0000148036	Proteasome subunit beta type-1	chain
P40320	1-408		PRO_0000174446	S-adenosylmethionine synthase	chain
P40417	1-376		PRO_0000186309	Mitogen-activated protein kinase ERK-A	chain
P40421	1-661		PRO_0000058903	Serine	chain
P40423	1-174		PRO_0000198747	Myosin regulatory light chain sqh	chain
P40427	1-376		PRO_0000048875	Homeobox protein extradenticle	chain
P40589	22-539		PRO_0000041478	Protein Wnt-4	chain
P40656	1-669		PRO_0000048803	Putative transcription factor SOX-14	chain
P40657	1-784		PRO_0000048804	Putative transcription factor SOX-15	chain
P40688	1-548		PRO_0000072342	Protein swallow	chain
P40689	20-353		PRO_0000022599	Torso-like protein	chain
P40791	1-540		PRO_0000199427	Myocyte-specific enhancer factor 2	chain
P40792	1-189		PRO_0000198893	Ras-related protein Rac1	chain
P40793	1-188		PRO_0000198958	Cdc42 homolog	chain
P40794	1-303		PRO_0000064966	Protein bottleneck	chain
P40795	22-730		PRO_0000021283	Protein folded gastrulation	chain
P40795	57-167	ECO:0000255	PRO_0000021284	G protein-coupled receptor ligand	chain
P40796	1-390		PRO_0000207606	La protein homolog	chain
P40797	1-539		PRO_0000173510	Protein peanut	chain
P40798	1-1106		PRO_0000056190	Protein shuttle craft	chain
P40807	1-394		PRO_0000149899	Ornithine decarboxylase 1	chain
P40808	1-393		PRO_0000149900	Ornithine decarboxylase 2	chain
P40809	1-384		PRO_0000080966	GTPase-activating protein RacGAP84C	chain
P40945	2-180		PRO_0000207443	ADP ribosylation factor 4	chain
P40946	2-175		PRO_0000207444	ADP-ribosylation factor 6	chain
P41042	1-261		PRO_0000130829	Small ribosomal subunit protein eS4	chain
P41043	1-249		PRO_0000185917	Glutathione S-transferase S1	chain
P41044	1-310		PRO_0000073477	Calbindin-32	chain
P41046	1-550		PRO_0000079256	Centrosomal and chromosomal factor	chain
P41073	1-716		PRO_0000047016	Zinc finger protein on ecdysone puffs	chain
P41092	1-149		PRO_0000104886	Large ribosomal subunit protein uL15	chain
P41093	1-177		PRO_0000213932	Large ribosomal subunit protein eL20	chain
P41094	1-152		PRO_0000132220	Small ribosomal subunit protein uS13	chain
P41126	1-218		PRO_0000192925	Large ribosomal subunit protein eL13	chain
P41374	1-341		PRO_0000137387	Eukaryotic translation initiation factor 2 subunit 1	chain
P41375	1-312		PRO_0000137409	Eukaryotic translation initiation factor 2 subunit 2	chain
P41572	1-481		PRO_0000090069	6-phosphogluconate dehydrogenase, decarboxylating	chain
P41596	20-511		PRO_0000012718	Dopamine receptor 1	chain
P41894	1-384		PRO_0000127167	Helix-loop-helix protein delilah	chain
P41900	1-277		PRO_0000211239	General transcription factor IIF subunit 2	chain
P41964	27-70		PRO_0000007039	Drosomycin	chain
P42003	1-455		PRO_0000090878	Protein mothers against dpp	chain
P42124	1-760		PRO_0000213989	Histone-lysine N-methyltransferase E(z)	chain
P42207	1-361		PRO_0000173511	Septin-1	chain
P42271	1-457		PRO_0000048455	Tubulin gamma-2 chain	chain
P42278	35-262		PRO_0000028280	Trypsin theta	chain
P42279	28-262		PRO_0000028284	Trypsin eta	chain
P42280	39-280		PRO_0000028288	Trypsin zeta	chain
P42281	1-86		PRO_0000214010	Acyl-CoA-binding protein homolog	chain
P42282	1-813		PRO_0000047078	Protein tramtrack, alpha isoform	chain
P42283	1-891		PRO_0000047072	Longitudinals lacking protein, isoform G	chain
P42284	1-549		PRO_0000047073	Longitudinals lacking protein, isoforms H	chain
P42286	1-1379		PRO_0000072526	Protein three rows	chain
P42287	27-295		PRO_0000007607	Protein gurken	chain
P42325	2-190		PRO_0000073801	Neurocalcin homolog	chain
P42519	1-597		PRO_0000072241	Protein Star	chain
P42570	1-174		PRO_0000067057	DNA replication inhibitor plutonium	chain
P42787	26-1406		PRO_0000004405	Carboxypeptidase D	chain
P43125	1-1259		PRO_0000097209	Protein retinal degeneration B	chain
P43248	1-917		PRO_0000115186	DNA mismatch repair protein spellchecker 1	chain
P43332	1-216		PRO_0000081890	U1 small nuclear ribonucleoprotein A	chain
P45437	1-964		PRO_0000193837	Coatomer subunit beta	chain
P45447	1-862		PRO_0000053511	Ecdysone-induced protein 78C	chain
P45594	1-148		PRO_0000214916	Cofilin	chain
P45843	1-666		PRO_0000093378	Protein scarlet	chain
P45884	35-224		PRO_0000004894	Attacin-A	chain
P45888	1-399		PRO_0000089075	Actin-related protein 2	chain
P45889	1-376		PRO_0000089063	Actin-related protein 1	chain
P45890	1-398		PRO_0000089108	Actin-related protein 6	chain
P45891	1-376		PRO_0000089062	Actin-like protein 53D	chain
P45975	1-635		PRO_0000186061	Histone-lysine N-methyltransferase Su(var)3-9	chain
P46150	1-578		PRO_0000219425	Moesin	chain
P46222	1-184		PRO_0000125089	Large ribosomal subunit protein uL5	chain
P46223	1-271		PRO_0000136755	Large ribosomal subunit protein eL8	chain
P46415	2-379		PRO_0000160769	Alcohol dehydrogenase class-3	chain
P46461	1-745		PRO_0000084566	Vesicle-fusing ATPase 1	chain
P46824	1-508		PRO_0000215102	Kinesin light chain	chain
P46863	1-1066		PRO_0000125371	Kinesin-like protein Klp61F	chain
P46867	1-784		PRO_0000125392	Kinesin-like protein Klp68D	chain
P47825	1-921		PRO_0000118870	Transcription initiation factor TFIID subunit 4	chain
P47938	1-107		PRO_0000120032	Thioredoxin-1	chain
P47947	1-154		PRO_0000073686	Troponin C, isoform 1	chain
P47948	1-155		PRO_0000073687	Troponin C, isoform 2	chain
P47949	1-155		PRO_0000073688	Troponin C, isoform 3	chain
P47980	1-436		PRO_0000089172	Protein TIS11	chain
P48148	1-189		PRO_0000198885	Ras-like GTP-binding protein Rho1	chain
P48149	2-130		PRO_0000126609	Small ribosomal subunit protein uS8A	chain
P48159	1-140		PRO_0000128623	Large ribosomal subunit protein uL14	chain
P48375	1-108		PRO_0000075299	Peptidyl-prolyl cis-trans isomerase Fkbp12	chain
P48423	1-1163		PRO_0000056661	GTPase-activating protein	chain
P48451	1-170		PRO_0000073488	Calcineurin subunit B type 1	chain
P48456	1-622		PRO_0000058830	Serine	chain
P48461	1-327		PRO_0000058791	Serine	chain
P48462	1-330		PRO_0000058794	Serine	chain
P48554	1-189		PRO_0000198894	Ras-related protein Rac2	chain
P48555	1-198		PRO_0000082697	Ras-related protein Ral-a	chain
P48588	1-117		PRO_0000192877	Small ribosomal subunit protein eS25	chain
P48591	1-812		PRO_0000187193	Ribonucleoside-diphosphate reductase large subunit	chain
P48592	1-393		PRO_0000190454	Ribonucleoside-diphosphate reductase subunit M2	chain
P48593	1-193		PRO_0000073862	Calcium-binding protein E63-1	chain
P48596	1-324		PRO_0000119482	GTP cyclohydrolase 1	chain
P48598	1-259		PRO_0000193642	Eukaryotic translation initiation factor 4E1	chain
P48601	1-439		PRO_0000084682	26S proteasome regulatory subunit 4	chain
P48602	1-614		PRO_0000144566	V-type proton ATPase catalytic subunit A isoform 1	chain
P48603	1-276		PRO_0000204639	F-actin-capping protein subunit beta	chain
P48604	?-213		PRO_0000013048	GrpE protein homolog, mitochondrial	chain
P48605	1-544		PRO_0000128327	T-complex protein 1 subunit gamma	chain
P48607	221-326		PRO_0000022407	Protein spaetzle C-106	chain
P48607	26-326		PRO_0000022406	Protein spaetzle	chain
P48608	1-1091		PRO_0000194892	Protein diaphanous	chain
P48609	1-294		PRO_0000085788	Cyclin-dependent kinase 5 homolog	chain
P48610	1-356		PRO_0000211992	Arginine kinase 1	chain
P48611	1-168		PRO_0000057918	6-pyruvoyl tetrahydrobiopterin synthase	chain
P48612	1-395		PRO_0000143190	Protein pelota	chain
P48613	1-452		PRO_0000072546	Protein tipE	chain
P48809	1-421		PRO_0000081748	Heterogeneous nuclear ribonucleoprotein 27C	chain
P48810	1-385		PRO_0000081750	Heterogeneous nuclear ribonucleoprotein 87F	chain
P48987	1-312		PRO_0000127142	Protein atonal	chain
P48994	1-1124		PRO_0000215359	Transient-receptor-potential-like protein	chain
P49021	1-1398		PRO_0000022532	Protein timeless	chain
P49028	1-147		PRO_0000174144	Protein mago nashi	chain
P49071	1-359		PRO_0000086291	MAP kinase-activated protein kinase 2	chain
P49258	1-148		PRO_0000073546	Calmodulin-related protein 97A	chain
P49283	1-596		PRO_0000212597	Protein Malvolio	chain
P49415	29-399		PRO_0000033515	Syndecan	chain
P49455	1-518		PRO_0000205685	Tropomyosin-1, isoforms 33	chain
P49630	1-115		PRO_0000195011	Large ribosomal subunit protein eL36	chain
P49657	1-908		PRO_0000086340	Serine	chain
P49735	1-887		PRO_0000194090	DNA replication licensing factor Mcm2	chain
P49762	1-832		PRO_0000085926	Serine	chain
P49846	1-704		PRO_0000051256	Transcription initiation factor TFIID subunit 5	chain
P49847	1-606		PRO_0000118877	Transcription initiation factor TFIID subunit 6	chain
P49858	1-144		PRO_0000122234	Protein cornichon	chain
P49866	1-704		PRO_0000053565	Transcription factor HNF-4 homolog	chain
P49869	1-1073		PRO_0000053725	Probable nuclear hormone receptor HR38	chain
P49905	1-196		PRO_0000033584	Transcription initiation factor TFIID subunit 12	chain
P49906	1-196		PRO_0000118906	Transcription initiation factor TFIID subunit 11	chain
P49963	1-160		PRO_0000135201	Signal recognition particle 19 kDa protein	chain
P50245	1-492		PRO_0000116914	Adenosylhomocysteinase-like 2	chain
P50445	1-335		PRO_0000097536	Cell cycle negative regulator roughex	chain
P50534	1-773		PRO_0000055962	E3 ubiquitin-protein ligase msl-2	chain
P50535	1-1039		PRO_0000096597	Protein male-specific lethal-1	chain
P50536	1-512		PRO_0000080245	Protein male-specific lethal-3	chain
P50882	1-190		PRO_0000131102	Large ribosomal subunit protein uL6	chain
P50887	1-299		PRO_0000215509	Large ribosomal subunit protein eL22	chain
P51023	1-718		PRO_0000204130	ETS-like protein pointed	chain
P51123	1-2129		PRO_0000211216	Transcription initiation factor TFIID subunit 1	chain
P51140	1-623		PRO_0000145740	Segment polarity protein dishevelled	chain
P51406	1-436		PRO_0000186116	Bystin	chain
P51521	1-1351		PRO_0000047010	Transcriptional regulator ovo	chain
P51521	446-1351	ECO:0000305|PubMed:20647469	PRO_0000441819	Transcriptional activator shavenbaby	chain
P51592	1-2885		PRO_0000084107	E3 ubiquitin-protein ligase hyd	chain
P51905	1-622		PRO_0000214761	Sodium-dependent serotonin transporter	chain
P52029	1-558		PRO_0000180543	Glucose-6-phosphate isomerase	chain
P52034	1-788		PRO_0000112031	ATP-dependent 6-phosphofructokinase	chain
P52168	1-540		PRO_0000083460	GATA-binding factor A	chain
P52172	1-1264		PRO_0000083461	Box A-binding factor	chain
P52295	1-522		PRO_0000120733	Importin subunit alpha	chain
P52302	1-653		PRO_0000196182	Protein lethal(3)malignant blood neoplasm 1	chain
P52304	1-576		PRO_0000086578	Serine	chain
P52485	1-232		PRO_0000082520	Ubiquitin-conjugating enzyme E2-24 kDa	chain
P52486	1-199		PRO_0000082522	Ubiquitin-conjugating enzyme E2-22 kDa	chain
P52487	1-153		PRO_0000082524	Ubiquitin-conjugating enzyme E2-18 kDa	chain
P52654	1-262		PRO_0000042591	Transcription initiation factor IIA alpha chain	chain
P52654	1-366		PRO_0000042590	Transcription initiation factor IIA subunit 1	chain
P52654	263-366		PRO_0000042592	Transcription initiation factor IIA beta chain	chain
P52656	1-106		PRO_0000194048	Transcription initiation factor IIA subunit 2	chain
P52905	28-252		PRO_0000028276	Trypsin iota	chain
P53034	1-331		PRO_0000121769	Replication factor C subunit 2	chain
P53403	1-507		PRO_0000050383	Glucose transporter type 3	chain
P53501	3-376		PRO_0000000661	Actin-57B	chain
P53624	1-667		PRO_0000210316	Mannosyl-oligosaccharide alpha-1,2-mannosidase IA	chain
P53777	1-92		PRO_0000075851	Muscle LIM protein 1	chain
P53997	1-269		PRO_0000185665	Protein SET	chain
P54185	20-210		PRO_0000023281	Putative odorant-binding protein A5	chain
P54191	24-148		PRO_0000012586	General odorant-binding protein 69a	chain
P54192	24-150		PRO_0000012587	General odorant-binding protein 19d	chain
P54193	34-154		PRO_0000012588	General odorant-binding protein 83a	chain
P54194	25-175		PRO_0000012589	General odorant-binding protein 84a	chain
P54195	22-143		PRO_0000012590	General odorant-binding protein 28a	chain
P54269	1-693		PRO_0000048845	Homeobox protein caupolican	chain
P54350	1-609		PRO_0000086814	Wee1-like protein kinase	chain
P54351	1-752		PRO_0000084567	Vesicle-fusing ATPase 2	chain
P54352	1-518		PRO_0000206231	Ethanolamine kinase	chain
P54353	1-166		PRO_0000193432	Putative peptidyl-prolyl cis-trans isomerase dodo	chain
P54356	24-249		PRO_0000022598	Protein twisted gastrulation	chain
P54357	1-147		PRO_0000198717	Myosin-2 essential light chain	chain
P54358	1-1092		PRO_0000046447	DNA polymerase delta catalytic subunit	chain
P54359	1-419		PRO_0000173512	Septin-2	chain
P54360	1-583		PRO_0000087324	Extracellular serine	chain
P54360	?-583		PRO_0000292347	Protein four-jointed, secreted isoform	chain
P54361	1-254		PRO_0000220862	Ornithine decarboxylase antizyme	chain
P54362	1-1034		PRO_0000193768	AP-3 complex subunit delta	chain
P54366	1-415		PRO_0000048893	Homeobox protein goosecoid	chain
P54367	1-337		PRO_0000192848	Casein kinase I isoform alpha	chain
P54385	54-562		PRO_0000007214	Glutamate dehydrogenase, mitochondrial	chain
P54397	1-357		PRO_0000075310	39 kDa FK506-binding nuclear protein	chain
P54398	1-256		PRO_0000054696	Fat body protein 2	chain
P54399	19-496		PRO_0000034202	Protein disulfide-isomerase	chain
P54611	1-226		PRO_0000117298	V-type proton ATPase subunit E	chain
P54622	23-146		PRO_0000033268	Single-stranded DNA-binding protein, mitochondrial	chain
P54623	1-1320		PRO_0000089974	Centrosomin	chain
P54631	278-400		PRO_0000033673	Protein screw	chain
P54733	1-709		PRO_0000080459	G1	chain
P55035	1-396		PRO_0000173830	26S proteasome non-ATPase regulatory subunit 4	chain
P55162	1-1126		PRO_0000216176	Membrane-associated protein Hem	chain
P55824	1-2778		PRO_0000080688	Ubiquitinyl hydrolase FAF	chain
P55828	1-120		PRO_0000146687	Small ribosomal subunit protein uS10	chain
P55830	2-268		PRO_0000153529	Small ribosomal subunit protein eS1	chain
P55841	1-166		PRO_0000132034	Large ribosomal subunit protein eL14	chain
P55935	1-195		PRO_0000132695	Small ribosomal subunit protein uS4	chain
P55965	1-697		PRO_0000184467	T-related protein	chain
P56079	1-447		PRO_0000090720	Phosphatidate cytidylyltransferase, photoreceptor-specific	chain
P56175	1-384		PRO_0000156440	Probable RNA 3'-terminal phosphate cyclase-like protein	chain
P56538	1-245		PRO_0000153737	Eukaryotic translation initiation factor 6	chain
P56544	2-120		PRO_0000158550	Acylphosphatase-1	chain
P56672	1-409		PRO_0000049206	Homeobox protein orthopedia	chain
P56721	1-575		PRO_0000107823	Transcription factor collier	chain
P58950	1-408		PRO_0000216490	Gustatory receptor 10a	chain
P58951	1-394		PRO_0000216493	Putative gustatory receptor 22a	chain
P58952	1-383		PRO_0000216495	Putative gustatory receptor 22c	chain
P58953	1-389		PRO_0000216497	Gustatory receptor for bitter taste 22e	chain
P58954	1-378		PRO_0000216498	Putative gustatory receptor 22f	chain
P58955	1-391		PRO_0000216505	Putative gustatory receptor 36a	chain
P58956	1-372		PRO_0000216509	Gustatory and pheromone receptor 39a, isoform B	chain
P58957	1-381		PRO_0000216510	Gustatory and pheromone receptor 39a, isoform C	chain
P58958	1-381		PRO_0000216511	Gustatory and pheromone receptor 39a, isoform D	chain
P58959	1-371		PRO_0000216512	Gustatory and pheromone receptor 39a, isoform A	chain
P58960	1-369		PRO_0000216513	Putative gustatory receptor 39b	chain
P58961	1-414		PRO_0000216516	Putative gustatory receptor 47b	chain
P58962	1-395		PRO_0000216518	Putative gustatory receptor 58a	chain
P58985	1-390		PRO_0000216523	Putative gustatory receptor 59d	chain
P61209	2-182		PRO_0000207441	ADP-ribosylation factor 1	chain
P61851	2-153		PRO_0000164085	Superoxide dismutase [Cu-Zn]	chain
P61857	1-446		PRO_0000048279	Tubulin beta-2 chain	chain
P62152	2-149		PRO_0000198278	Calmodulin	chain
P80455	1-139		PRO_0000122330	Small ribosomal subunit protein eS12	chain
P81641	19-494		PRO_0000001365	Alpha-amylase B	chain
P81900	1-377		PRO_0000205397	cAMP-dependent protein kinase type II regulatory subunit	chain
P81909	1-397		PRO_0000174232	Odorant receptor 22a	chain
P81910	1-397		PRO_0000174233	Odorant receptor 22b	chain
P81911	1-402		PRO_0000174234	Odorant receptor 22c	chain
P81912	1-379		PRO_0000174235	Odorant receptor 23a	chain
P81913	1-398		PRO_0000174236	Odorant receptor 24a	chain
P81914	1-378		PRO_0000174238	Odorant receptor 33a	chain
P81915	1-379		PRO_0000174239	Odorant receptor 33b	chain
P81916	1-384		PRO_0000174240	Odorant receptor 33c	chain
P81917	1-376		PRO_0000174244	Odorant receptor 43a	chain
P81918	1-403		PRO_0000174245	Odorant receptor 43b	chain
P81919	1-381		PRO_0000174248	Odorant receptor 46a, isoform A	chain
P81921	1-385		PRO_0000174250	Odorant receptor 47a	chain
P81922	1-412		PRO_0000174251	Odorant receptor 47b	chain
P81923	1-397		PRO_0000174255	Odorant receptor 59a	chain
P81924	1-467		PRO_0000174278	Putative odorant receptor 85e	chain
P81928	1-261		PRO_0000064352	Complex I assembly factor TIMMDC1, mitochondrial	chain
P82147	1-187		PRO_0000125969	Protein lethal(2)essential for life	chain
P82149	1-484		PRO_0000080569	Dolichyl-P-Man:Man5GlcNAc2-PP-dolichol alpha-1,3-mannosyltransferase l(2)not2	chain
P82295	1-1013		PRO_0000218281	Prominin-like protein	chain
P82384	17-92		PRO_0000006396	Larval cuticle protein 9	chain
P82711	1-503		PRO_0000051873	Probable cytochrome P450 6a19	chain
P82712	20-521		PRO_0000003613	Probable cytochrome P450 12d1 proximal, mitochondrial	chain
P82713	1-538		PRO_0000052319	Probable cytochrome P450 309a2	chain
P82804	1-207		PRO_0000065972	Partner of Y14 and mago	chain
P82890	1-155		PRO_0000046562	Low molecular weight phosphotyrosine protein phosphatase 1	chain
P82891	1-164		PRO_0000046563	Low molecular weight phosphotyrosine protein phosphatase 2	chain
P82910	1-642		PRO_0000078329	Heat shock 70 kDa protein Aa	chain
P82982	1-417		PRO_0000174259	Odorant receptor 65a	chain
P82983	1-406		PRO_0000174260	Putative odorant receptor 65b	chain
P82984	1-410		PRO_0000174261	Putative odorant receptor 65c	chain
P82985	1-393		PRO_0000174267	Putative odorant receptor 69a, isoform B	chain
P82986	1-385		PRO_0000174270	Odorant receptor 82a	chain
P83088	1-425		PRO_0000221123	Alpha-(1,3)-fucosyltransferase C	chain
P83094	24-570		PRO_0000033329	Stromal interaction molecule homolog	chain
P83097	27-791		PRO_0000045275	Putative inactive tyrosine-protein kinase Wsck	chain
P83098	1-346		PRO_0000086725	STE20-related kinase adapter protein stlk	chain
P83099	1-671		PRO_0000055733	Putative protein kinase C delta type homolog	chain
P83100	1-356		PRO_0000186302	Putative mitogen-activated protein kinase 14C	chain
P83101	1-501		PRO_0000085984	Putative glycogen synthase kinase-3 homolog	chain
P83102	1-828		PRO_0000085939	Putative dual specificity tyrosine-phosphorylation-regulated kinase 3 homolog	chain
P83103	1-566		PRO_0000085991	Serine	chain
P83104	1-393		PRO_0000086255	Putative mitogen-activated protein kinase kinase kinase 7-like	chain
P83118	21-532		PRO_0000013034	Probable G-protein coupled receptor Mth-like 11	chain
P83119	18-488		PRO_0000013035	Probable G-protein coupled receptor Mth-like 12	chain
P83292	1-374		PRO_0000216500	Gustatory receptor 23a	chain
P83293	1-456		PRO_0000216528	Gustatory receptor for sugar taste 64a	chain
P83294	1-406		PRO_0000216529	Gustatory receptor for sugar taste 64b	chain
P83295	1-419		PRO_0000216530	Gustatory receptor for sugar taste 64c	chain
P83296	1-451		PRO_0000216532	Gustatory receptor for sugar taste 64e	chain
P83297	1-469		PRO_0000216533	Gustatory receptor for sugar taste 64f	chain
P83474	1-571		PRO_0000174339	Uncharacterized protein CG42266	chain
P83501	1-448		PRO_0000096608	SET domain-containing protein SmydA-8, isoform B	chain
P83548	20-498	ECO:0000255	PRO_0000019726	Vanin-like protein 3	chain
P83740	1-604		PRO_0000105390	Putative sodium-dependent multivitamin transporter	chain
P83949	1-389		PRO_0000200268	Homeotic protein ultrabithorax	chain
P83967	3-376		PRO_0000000669	Actin, indirect flight muscle	chain
P83972	19-140		PRO_0000018512	Lysozyme D	chain
P84029	2-108		PRO_0000108261	Cytochrome c-2	chain
P84040	2-103		PRO_0000158305	Histone H4	chain
P84051	2-124		PRO_0000055222	Histone H2A	chain
P84180	1-386		PRO_0000216494	Putative gustatory receptor 22b	chain
P84181	1-387		PRO_0000216496	Putative gustatory receptor 22d	chain
P84345	1-53		PRO_0000195523	ATP synthase protein 8	chain
P91615	1-272		PRO_0000054509	Alcohol dehydrogenase-related 31 kDa protein	chain
P91620	1-2061		PRO_0000080975	Protein still life, isoforms C	chain
P91621	2-2072		PRO_0000080974	Protein still life, isoform SIF type 1	chain
P91622	?-413		PRO_0000023451	[Pyruvate dehydrogenase (acetyl-transferring)] kinase, mitochondrial	chain
P91623	1-486		PRO_0000083462	GATA-binding factor C	chain
P91641	1-252		PRO_0000096373	Mediator of RNA polymerase II transcription subunit 20	chain
P91645	1-1851		PRO_0000053959	Voltage-dependent calcium channel type A subunit alpha-1	chain
P91657	1-382		PRO_0000197633	Opsin Rh5	chain
P91660	1-1374		PRO_0000093433	Probable multidrug resistance-associated protein lethal(2)03659	chain
P91664	1-161		PRO_0000127275	Protein max	chain
P91679	1-743		PRO_0000064312	Peptide transporter family 1	chain
P91682	32-1036		PRO_0000013019	Protein smoothened	chain
P91685	26-976		PRO_0000012944	Metabotropic glutamate receptor	chain
P91875	1-1642		PRO_0000073926	DNA-directed RNA polymerase I subunit RPA1	chain
P91891	1-339		PRO_0000209828	Protein Mo25	chain
P91926	1-940		PRO_0000193735	AP-2 complex subunit alpha	chain
P91927	61-1013		PRO_0000073861	Mitochondrial proton	chain
P91928	1-739		PRO_0000084183	MICOS complex subunit Mic60	chain
P91929	61-407		PRO_0000019990	NADH dehydrogenase [ubiquinone] 1 alpha subcomplex subunit 10, mitochondrial	chain
P91931	1-65	ECO:0000250	PRO_0000029973	S-adenosylmethionine decarboxylase beta chain	chain
P91931	66-347	ECO:0000250	PRO_0000029974	S-adenosylmethionine decarboxylase alpha chain	chain
P91938	?-596		PRO_0000030291	Thioredoxin reductase 1, mitochondrial	chain
P91943	1-751		PRO_0000048601	Protein pangolin, isoforms A	chain
P92029	1-217		PRO_0000071007	DnaJ-like protein 60	chain
P92177	1-262		PRO_0000058650	14-3-3 protein epsilon	chain
P92189	1-321		PRO_0000072274	Protein stand still	chain
P92204	1-280		PRO_0000081804	Negative elongation factor E	chain
P92208	1-372		PRO_0000186271	Stress-activated protein kinase JNK	chain
P98081	1-2224		PRO_0000079773	Protein disabled	chain
P98149	1-667		PRO_0000205163	Dorsal-related immunity factor Dif	chain
P98159	44-2616		PRO_0000028136	Serine protease ndl	chain
P98163	?-1984		PRO_0000007781	Vitellogenin receptor Yl	chain
Q00168	1-530		PRO_0000086095	Calcium	chain
Q00174	23-3712		PRO_0000017064	Laminin subunit alpha	chain
Q00449	1-1302		PRO_0000093347	Multidrug resistance protein homolog 49	chain
Q00637	18-217		PRO_0000032879	Superoxide dismutase [Mn], mitochondrial	chain
Q00725	22-297		PRO_0000022332	Salivary glue protein Sgs-4	chain
Q00748	1-1302		PRO_0000093348	Multidrug resistance protein homolog 65	chain
Q00805	25-444		PRO_0000021331	Protein giant-lens	chain
Q00963	1-2291		PRO_0000073468	Spectrin beta chain	chain
Q01068	1-224		PRO_0000127171	Enhancer of split m3 protein	chain
Q01069	1-195		PRO_0000127176	Enhancer of split mbeta protein	chain
Q01070	1-205		PRO_0000127177	Enhancer of split mgamma protein	chain
Q01071	1-173		PRO_0000127178	Enhancer of split mdelta protein	chain
Q01083	29-234		PRO_0000007737	Protein spitz	chain
Q01295	1-727		PRO_0000047069	Broad-complex core protein isoforms 1	chain
Q01583	1-1211		PRO_0000218473	Diacylglycerol kinase 1	chain
Q01603	21-690		PRO_0000023638	Peroxidase	chain
Q01604	1-415		PRO_0000145843	Phosphoglycerate kinase	chain
Q01617	1-606		PRO_0000081520	Protein couch potato	chain
Q01637	1-493		PRO_0000139652	Uridine 5'-monophosphate synthase	chain
Q01642	1-63		PRO_0000096583	Male-specific sperm protein Mst84Da	chain
Q01643	1-74		PRO_0000096584	Male-specific sperm protein Mst84Db	chain
Q01644	1-55		PRO_0000096585	Male-specific sperm protein Mst84Dc	chain
Q01645	1-72		PRO_0000096586	Male-specific sperm protein Mst84Dd	chain
Q01819	25-658		PRO_0000020979	Connectin	chain
Q01820	1-569		PRO_0000087442	Protein germ cell-less	chain
Q01842	1-732		PRO_0000204131	Ets DNA-binding protein pokkuri	chain
Q01989	1-1253		PRO_0000123389	Myosin heavy chain 95F	chain
Q02280	1-1174		PRO_0000053964	Potassium voltage-gated channel protein eag	chain
Q02308	1-1077		PRO_0000083990	Protein hairless	chain
Q02360	1-365		PRO_0000091910	Fork head domain-containing protein L1	chain
Q02361	1-456		PRO_0000091911	Fork head domain-containing protein FD3	chain
Q02427	1-144		PRO_0000081797	RNA-binding protein 1	chain
Q02637	1-449		PRO_0000076631	CCAAT	chain
Q02645	1-1156		PRO_0000218539	Protein hu-li tai shao	chain
Q02748	1-403		PRO_0000054947	Eukaryotic initiation factor 4A	chain
Q02870	1-798		PRO_0000101990	General transcription and DNA repair factor IIH helicase	chain
Q02910	1-864		PRO_0000079290	Calphotin	chain
Q02926	1-471		PRO_0000081751	Ribonucleoprotein RB97D	chain
Q02936	85-257		PRO_0000013203	Protein hedgehog N-product	chain
Q02936	85-471		PRO_0000013202	Protein hedgehog	chain
Q03017	1-500		PRO_0000067055	NF-kappa-B inhibitor cactus	chain
Q03019	1-426		PRO_0000198659	Cdc25-like protein phosphatase twine	chain
Q03042	1-768		PRO_0000086120	cGMP-dependent protein kinase, isozyme 1	chain
Q03043	1-1088		PRO_0000086121	cGMP-dependent protein kinase, isozyme 2 forms cD4	chain
Q03334	2-151		PRO_0000115676	Small ribosomal subunit protein uS15	chain
Q03372	1-515		PRO_0000049079	Muscle segmentation homeobox	chain
Q03427	1-621		PRO_0000063827	Lamin-C	chain
Q03445	28-991		PRO_0000011555	Glutamate receptor 1	chain
Q03720	1-1200		PRO_0000054141	Calcium-activated potassium channel slowpoke	chain
Q03751	1-249		PRO_0000071075	DnaJ homolog subfamily C member 5 homolog	chain
Q04047	1-700		PRO_0000081662	Protein no-on-transient A	chain
Q04164	42-1693		PRO_0000022281	Putative epidermal cell surface receptor	chain
Q04448	?-309		PRO_0000034051	Bifunctional methylenetetrahydrofolate dehydrogenase	chain
Q04499	31-681		PRO_0000025803	Proline dehydrogenase 1, mitochondrial	chain
Q04652	1-1477		PRO_0000016651	Ring canal kelch protein	chain
Q04652	1-689		PRO_0000016652	Kelch short protein	chain
Q04688	1-464		PRO_0000204094	DNA-binding protein Ets97D	chain
Q04691	18-1029		PRO_0000021232	Fat-body protein 1	chain
Q04787	1-429		PRO_0000048841	Brain-specific homeobox protein	chain
Q05192	1-808		PRO_0000053740	Nuclear hormone receptor FTZ-F1 beta	chain
Q05201	1-766		PRO_0000218655	Protein phosphatase eya	chain
Q05319	1-543	ECO:0000255	PRO_0000028141	Serine proteinase stubble non-catalytic chain	chain
Q05319	544-787	ECO:0000255	PRO_0000028142	Serine proteinase stubble catalytic chain	chain
Q05337	1-399		PRO_0000203775	Guanine nucleotide-binding protein G(f) subunit alpha	chain
Q05344	1-723		PRO_0000048604	FACT complex subunit Ssrp1	chain
Q05547	1-302		PRO_0000058793	Serine	chain
Q05652	1-501		PRO_0000086161	Serine	chain
Q05733	1-847		PRO_0000146953	Histidine decarboxylase	chain
Q05783	1-112		PRO_0000048552	High mobility group protein D	chain
Q05825	32-505		PRO_0000002448	ATP synthase subunit beta, mitochondrial	chain
Q05856	1-199		PRO_0000125526	Small nuclear ribonucleoprotein-associated protein B	chain
Q05913	1-577		PRO_0000211233	General transcription factor IIF subunit 1	chain
Q059A4	1-204		PRO_0000461817	Transmembrane protein 186	chain
Q06003	26-461		PRO_0000030721	E3 ubiquitin-protein ligase goliath	chain
Q06453	1-408		PRO_0000048811	Homeobox protein aristaless	chain
Q06521	20-119		PRO_0000022677	Vitelline membrane protein Vm34Ca	chain
Q06559	1-246		PRO_0000130328	Small ribosomal subunit protein uS3	chain
Q06849	2-184		PRO_0000207449	ADP-ribosylation factor-like protein 2	chain
Q06943	1-111		PRO_0000048553	High mobility group protein Z	chain
Q07093	1-676		PRO_0000074121	Head-specific guanylate cyclase	chain
Q07152	1-537		PRO_0000093678	Inosine-5'-monophosphate dehydrogenase	chain
Q07171	29-798		PRO_0000036393	Gelsolin	chain
Q07327	1-597		PRO_0000206292	Protein ROP	chain
Q07407	37-729		PRO_0000016794	Fibroblast growth factor receptor homolog 1	chain
Q07436	1-1427		PRO_0000219443	Protein expanded	chain
Q07553	26-1163		PRO_0000012390	Guanylate cyclase 32E	chain
Q07886	1-521		PRO_0000055004	Probable ATP-dependent RNA helicase Dbp45A	chain
Q07892	18-97		PRO_0000021144	Eclosion hormone	chain
Q08012	1-211		PRO_0000088210	Growth factor receptor-bound protein 2	chain
Q08180	20-764		PRO_0000014802	Irregular chiasm C-roughest protein	chain
Q08473	1-344		PRO_0000081959	RNA-binding protein squid	chain
Q08605	1-581		PRO_0000047071	Transcription activator GAGA	chain
Q08694	19-140		PRO_0000018510	Lysozyme B	chain
Q08832	21-496		PRO_0000000454	Gamma-aminobutyric acid receptor subunit beta-like	chain
Q09024	26-267		PRO_0000014809	Neural	chain
Q09101	31-958		PRO_0000014774	Locomotion-related protein Hikaru genki	chain
Q09103	1-1457		PRO_0000218474	Eye-specific diacylglycerol kinase	chain
Q09147	20-1052		PRO_0000016795	Fibroblast growth factor receptor homolog 2	chain
Q09332	23-1548		PRO_0000012270	UDP-glucose:glycoprotein glucosyltransferase	chain
Q0E8C8	25-450		PRO_5007922613	Serine protease inhibitor 77Ba	chain
Q0E8F2	1-583		PRO_0000463081	Mitochondrial adenyl nucleotide antiporter SCaMC	chain
Q0E908	1-818		PRO_0000437138	Hillarin	chain
Q0E940	1-690		PRO_0000363797	Eukaryotic translation initiation factor 3 subunit B	chain
Q0E959	?-81		PRO_0000344508	Large ribosomal subunit protein bL34m	chain
Q0E961	1-1331		PRO_0000452842	Sodium-dependent transporter bedraggled	chain
Q0E9B6	2-155	ECO:0000250|UniProtKB:P62280	PRO_0000282944	Small ribosomal subunit protein uS17	chain
Q0E9G3	1-834		PRO_0000365807	Protein kintoun	chain
Q0E9H9	29-2016	ECO:0000255	PRO_5004171239	Cell adhesion molecule Dscam1	chain
Q0KHQ5	1-1039	ECO:0000305	PRO_0000436542	Serine	chain
Q0KHT7	1-674		PRO_0000355636	Death-associated protein kinase related	chain
Q0KHU5	1-533		PRO_0000291477	Lysophosphatidylcholine acyltransferase	chain
Q0KHV6	6-721	ECO:0000255	PRO_0000452365	Serine	chain
Q0KHY3	22-1454		PRO_0000355637	Protein mesh	chain
Q0KI28	1-160		PRO_0000420198	Biogenesis of lysosome-related organelles complex 1 subunit 5	chain
Q0KI50	1-1854		PRO_0000365454	Dystrophin, isoform D	chain
Q0KIA2	1-709		PRO_0000337167	PP2C-like domain-containing protein CG9801	chain
Q0KIC3	1-1372		PRO_0000337155	Uncharacterized protein CG43427	chain
Q10714	18-615		PRO_0000028563	Angiotensin-converting enzyme	chain
Q11002	1-828		PRO_0000026497	Calpain-A	chain
Q11002	55-828		PRO_0000026498	Calpain-A catalytic subunit	chain
Q1JUZ1	1-429		PRO_0000452609	Cholesterol 7-desaturase nvd	chain
Q1LZ08	1-668		PRO_0000378981	WD repeat-containing protein 48 homolog	chain
Q1LZ24	1-586		PRO_0000461785	Madf and zinc finger protein 1	chain
Q23970	17-141		PRO_0000012591	Pheromone-binding protein-related protein 6	chain
Q23971	28-135		PRO_0000021952	Antennal-specific protein OS-C	chain
Q23972	1-999		PRO_0000071972	Protein Smaug	chain
Q23973	1-217		PRO_0000096635	Protein matrimony	chain
Q23976	1-631		PRO_0000210183	ATP-dependent DNA helicase 2 subunit 1	chain
Q23977	1-1178		PRO_0000085992	Dual specificity mitogen-activated protein kinase kinase hemipterous	chain
Q23978	1-1011		PRO_0000123454	Unconventional myosin ID	chain
Q23979	1-1035		PRO_0000123455	Unconventional myosin IC	chain
Q23982	21-66		PRO_0000022036	Ejaculatory bulb-specific protein 2	chain
Q23983	1-292		PRO_0000219065	Alpha-soluble NSF attachment protein	chain
Q23985	1-738		PRO_0000219079	Protein deltex	chain
Q23989	1-888		PRO_0000218742	Villin-like protein quail	chain
Q23997	19-452		PRO_0000011979	Imaginal disk growth factor 6	chain
Q24008	1-674		PRO_0000084194	Inactivation-no-after-potential D protein	chain
Q24009	1-905		PRO_0000267718	Protein bicaudal C	chain
Q24020	1-1256		PRO_0000218749	Protein flightless-1	chain
Q24025	1-1038		PRO_0000219089	Dorsal-ventral patterning protein Sog	chain
Q24039	1-213		PRO_0000064990	Protein brother	chain
Q24040	1-213		PRO_0000064920	Protein big brother	chain
Q24046	1-309		PRO_0000219120	Sodium	chain
Q24048	1-323		PRO_0000219121	Sodium	chain
Q24050	1-262		PRO_0000460689	Elongator complex protein 5	chain
Q24087	1-961		PRO_0000198855	DNA repair endonuclease XPF	chain
Q24093	1-398		PRO_0000212459	Abhydrolase domain-containing protein 2	chain
Q24106	1-410		PRO_0000083972	Cell death protein hid	chain
Q24114	27-602		PRO_0000012327	Division abnormally delayed protein	chain
Q24117	1-89		PRO_0000195131	Dynein light chain 1, cytoplasmic	chain
Q24118	1-915		PRO_0000058434	Protein pigeon	chain
Q24119	1-1022		PRO_0000127476	Protein trachealess	chain
Q24120	1-1059		PRO_0000194884	Protein cappuccino	chain
Q24133	1-334		PRO_0000071006	DnaJ protein homolog 1	chain
Q24134	1-578		PRO_0000219133	Negative elongation factor D	chain
Q24139	1-370		PRO_0000090013	Protein commissureless 1	chain
Q24141	1-401		PRO_0000055443	Shugoshin	chain
Q24142	1-601		PRO_0000053591	Nuclear hormone receptor HR78	chain
Q24143	1-723		PRO_0000053557	Nuclear hormone receptor HR96	chain
Q24145	1-939		PRO_0000088137	Tyrosine-protein kinase Shark	chain
Q24151	1-761		PRO_0000182435	Signal transducer and transcription activator	chain
Q24152	1-74		PRO_0000206242	Cyclin-dependent kinases regulatory subunit	chain
Q24154	1-76		PRO_0000219139	Large ribosomal subunit protein eL29	chain
Q24155	20-226		PRO_0000022589	Protein trunk	chain
Q24157	1-325		PRO_0000219174	Beta-1,4-mannosylglycolipid beta-1,3-N-acetylglucosaminyltransferase brn	chain
Q24167	1-1507		PRO_0000127444	Protein similar	chain
Q24168	1-618		PRO_0000127079	Origin recognition complex subunit 2	chain
Q24169	1-460		PRO_0000127094	Origin recognition complex subunit 5	chain
Q24174	1-904		PRO_0000046907	Protein abrupt	chain
Q24178	1-249		PRO_0000124154	Proteasome subunit alpha type-7-1A	chain
Q24179	1-639		PRO_0000206300	Protein sly1 homolog	chain
Q24180	1-576		PRO_0000074088	Deformed epidermal autoregulatory factor 1	chain
Q24185	1-679		PRO_0000219199	Protein hook	chain
Q24186	1-228		PRO_0000124530	Small ribosomal subunit protein uS7A	chain
Q24188	1-208		PRO_0000219284	Protein late bloomer	chain
Q24192	1-187		PRO_0000198886	Ras-like GTP-binding protein RhoL	chain
Q24206	1-880		PRO_0000047070	Broad-complex core protein isoform 6	chain
Q24207	1-228		PRO_0000081497	Protein boule	chain
Q24208	1-475		PRO_0000137444	Eukaryotic translation initiation factor 2 subunit 3	chain
Q24210	1-898		PRO_0000094571	Peripheral plasma membrane protein CASK	chain
Q24211	1-850		PRO_0000072280	Protein stoned-A	chain
Q24212	1-1262		PRO_0000185735	Protein stoned-B	chain
Q24214	1-170		PRO_0000073489	Calcineurin subunit B type 2	chain
Q24238	21-570		PRO_0000024049	Alkaline phosphatase 4	chain
Q24239	1-354		PRO_0000218572	Protein angel	chain
Q24246	1-663		PRO_0000114661	Cytoplasmic dynein 1 intermediate chain	chain
Q24247	31-1146		PRO_0000016320	Integrin alpha-PS1	chain
Q24247	31-?960	ECO:0000255	PRO_0000016321	Integrin alpha-PS1 heavy chain	chain
Q24247	?961-1146	ECO:0000255	PRO_0000016322	Integrin alpha-PS1 light chain	chain
Q24248	1-717		PRO_0000048817	Homeobox protein araucan	chain
Q24251	1-178		PRO_0000071676	ATP synthase subunit d, mitochondrial	chain
Q24255	1-544		PRO_0000048832	Homeobox protein B-H1	chain
Q24256	1-645		PRO_0000048833	Homeobox protein B-H2	chain
Q24266	1-644		PRO_0000046910	Transcription factor btd	chain
Q24270	1-2516		PRO_0000053960	Voltage-dependent calcium channel type D subunit alpha-1	chain
Q24276	1-389		PRO_0000195063	Hsp90 co-chaperone Cdc37	chain
Q24278	1-665		PRO_0000219327	Cyclic nucleotide-gated cation channel subunit A	chain
Q24292	21-3503		PRO_0000004009	Protein dachsous	chain
Q24297	1-88		PRO_0000125539	Small nuclear ribonucleoprotein F	chain
Q24298	262-1507		PRO_0000003880	DE-cadherin	chain
Q24306	1-438		PRO_0000122367	Death-associated inhibitor of apoptosis 1	chain
Q24307	1-498		PRO_0000122368	Death-associated inhibitor of apoptosis 2	chain
Q24311	1-774		PRO_0000119786	Cullin homolog 1	chain
Q24312	1-733		PRO_0000100213	DNA-binding protein Ewg	chain
Q24314	1-1002		PRO_0000055905	Vacuolar protein sorting-associated protein 18 homolog	chain
Q24317	1-438		PRO_0000046733	DNA primase small subunit	chain
Q24318	1-445		PRO_0000219479	Transcription factor Dp	chain
Q24319	19-449		PRO_0000021956	Dolichyl-diphosphooligosaccharide--protein glycosyltransferase 48 kDa subunit	chain
Q24320	1-131		PRO_0000133803	DNA-directed RNA polymerases I, II, and III subunit RPABC2	chain
Q24322	1-899		PRO_0000032297	Semaphorin-1A	chain
Q24323	26-724		PRO_0000032301	Semaphorin-2A	chain
Q24324	1-396		PRO_0000085928	Dual specificity mitogen-activated protein kinase kinase dSOR1	chain
Q24325	1-1221		PRO_0000118866	Transcription initiation factor TFIID subunit 2	chain
Q24337	1-104		PRO_0000219348	Protein enhancer of rudimentary	chain
Q24338	1-425		PRO_0000050972	Polycomb protein esc	chain
Q24342	1-412		PRO_0000219175	Fringe glycosyltransferase	chain
Q24352	59-686		PRO_0000000451	Gamma-aminobutyric acid receptor alpha-like	chain
Q24368	1-1027		PRO_0000074333	Chromatin-remodeling complex ATPase chain Iswi	chain
Q24371	1-769		PRO_0000051057	Protein lethal(2)denticleless	chain
Q24372	26-336		PRO_0000014810	Lachesin	chain
Q24388	22-701		PRO_0000013336	Larval serum protein 2	chain
Q24400	1-495		PRO_0000075852	Muscle LIM protein Mlp84B	chain
Q24407	?-106		PRO_0000002532	ATP synthase-coupling factor 6, mitochondrial	chain
Q24418	27-997	ECO:0000255	PRO_0000363996	Glutamate [NMDA] receptor subunit 1	chain
Q24423	1-537		PRO_0000292212	Zinc finger protein Noc	chain
Q24432	1-972		PRO_0000184466	Optomotor-blind protein	chain
Q24434	1-479		PRO_0000058080	Protein ORD	chain
Q24437	1-23		PRO_0000076267	Protein male-specific 40	chain
Q24439	?-209		PRO_0000002650	ATP synthase subunit O, mitochondrial	chain
Q24451	1-1108		PRO_0000206906	Alpha-mannosidase 2	chain
Q24459	1-1043		PRO_0000059339	Polycomb protein Pcl	chain
Q24468	25-516	ECO:0000255	PRO_0000463431	Receptor protein serine	chain
Q24472	1-845		PRO_0000167844	Retinoblastoma family protein	chain
Q24475	1-65		PRO_0000097437	Cell death protein rpr	chain
Q24478	1-1096		PRO_0000232629	Centrosome-associated zinc finger protein Cp190	chain
Q24488	25-685		PRO_0000024462	Tyrosine-protein kinase transmembrane receptor Ror	chain
Q24491	1-197		PRO_0000081896	RNA-binding protein Rsf1	chain
Q24492	1-603		PRO_0000097259	Replication protein A 70 kDa DNA-binding subunit	chain
Q24498	1-5127		PRO_0000219364	Ryanodine receptor	chain
Q24509	1-467		PRO_0000210237	Syntaxin-5	chain
Q24522	1-219		PRO_0000219376	Protein bunched, class 1	chain
Q24523	1-1331		PRO_0000219377	Protein bunched, class 2	chain
Q24524	1-512		PRO_0000219387	Protein singed	chain
Q24533	1-382		PRO_0000048802	SOX domain-containing protein dichaete	chain
Q24535	1-449		PRO_0000199426	Serum response factor homolog	chain
Q24536	1-219		PRO_0000068269	Suppressor-of-stellate-like protein	chain
Q24537	1-393		PRO_0000048543	High mobility group protein DSP1	chain
Q24546	1-1025		PRO_0000033495	Synapsin	chain
Q24546	1-581		PRO_0000033496	Synapsin-1	chain
Q24546	583-1025		PRO_0000033497	Synapsin-2	chain
Q24547	1-291		PRO_0000210235	Syntaxin-1A	chain
Q24558	1-732		PRO_0000154043	Exonuclease 1	chain
Q24560	1-447		PRO_0000048276	Tubulin beta-1 chain	chain
Q24562	1-416		PRO_0000081992	Splicing factor U2AF 50 kDa subunit	chain
Q24563	1-539		PRO_0000069370	Dopamine receptor 2	chain
Q24564	1-635		PRO_0000219426	Moesin	chain
Q24567	30-726		PRO_0000017088	Netrin-A	chain
Q24568	23-793		PRO_0000017089	Netrin-B	chain
Q24570	1-138		PRO_0000083848	Cell death protein Grim	chain
Q24572	1-430		PRO_0000050895	Chromatin assembly factor 1 p55 subunit	chain
Q24573	1-911		PRO_0000200583	Protein dead ringer	chain
Q24574	1-1556		PRO_0000080687	Ubiquitin carboxyl-terminal hydrolase 47	chain
Q24583	1-124		PRO_0000144805	V-type proton ATPase subunit F 1	chain
Q24592	1-1177		PRO_0000088118	Tyrosine-protein kinase hopscotch	chain
Q24595	1-1293		PRO_0000218295	DNA repair protein complementing XP-C cells homolog	chain
Q26263	1-435		PRO_0000127168	Protein deadpan	chain
Q26307	34-474		PRO_0000020730	Protein anachronism	chain
Q26365	1-312		PRO_0000090587	ADP	chain
Q26366	1-453		PRO_0000065807	Protein vestigial	chain
Q26377	20-154	ECO:0000255	PRO_0000341610	Pro-corazonin	chain
Q26416	20-135		PRO_0000006402	Adult cuticle protein 1	chain
Q26454	1-866		PRO_0000194104	DNA replication licensing factor MCM4	chain
Q27237	63-520	ECO:0000255	PRO_0000007258	DnaJ homolog l(2)tid, mitochondrial	chain
Q27268	1-424		PRO_0000055080	ATP-dependent RNA helicase WM6	chain
Q27272	1-278		PRO_0000118894	Transcription initiation factor TFIID subunit 9	chain
Q27294	1-399		PRO_0000081498	RNA-binding protein cabeza	chain
Q27297	1-336		PRO_0000122938	DNA repair protein Rad51 homolog	chain
Q27324	21-610		PRO_0000024466	Tyrosine-protein kinase Drl	chain
Q27331	1-614		PRO_0000144567	V-type proton ATPase catalytic subunit A isoform 2	chain
Q27333	1-510		PRO_0000080568	Dolichyl-P-Man:Man5GlcNAc2-PP-dolichol alpha-1,3-mannosyltransferase Alg3	chain
Q27350	1-416		PRO_0000049315	Protein sine oculis	chain
Q27367	1-491		PRO_0000144164	Protein croquemort	chain
Q27368	1-805		PRO_0000219474	Transcription factor E2f1	chain
Q27377	30-155		PRO_0000021874	Putative odorant-binding protein A10	chain
Q27403	1-504		PRO_0000126652	Transcription factor glial cells missing	chain
Q27415	1-152		PRO_0000219493	Nucleoplasmin-like protein	chain
Q27421	1-1566		PRO_0000058089	Protein outspread	chain
Q27571	1-1349		PRO_0000170951	Nitric oxide synthase	chain
Q27575	1-252		PRO_0000124155	Proteasome subunit alpha type-7-1B	chain
Q27580	1-432		PRO_0000116913	Adenosylhomocysteinase	chain
Q27589	1-501		PRO_0000051834	Cytochrome P450 4d2	chain
Q27591	27-799		PRO_0000016357	Integrin beta-nu	chain
Q27593	1-506		PRO_0000051867	Cytochrome P450 6a8	chain
Q27594	1-504		PRO_0000051868	Cytochrome P450 6a9	chain
Q27597	1-679		PRO_0000167602	NADPH--cytochrome P450 reductase	chain
Q27601	54-546		PRO_0000029288	Amidophosphoribosyltransferase	chain
Q27606	1-526		PRO_0000051841	Cytochrome P450 4e2	chain
Q27607	10-1145		PRO_0000007313	DNA polymerase subunit gamma-1, mitochondrial	chain
Q27869	1-226		PRO_0000111881	Protein-L-isoaspartate(D-aspartate) O-methyltransferase	chain
Q27884	1-303		PRO_0000058880	Serine	chain
Q27889	1-570		PRO_0000058831	Serine	chain
Q27896	1-224		PRO_0000153996	TBP-related factor	chain
Q27934	1-400		PRO_0000058418	Protein phyllopod	chain
Q2MGL3	1-167		PRO_0000424383	Ribonuclease P protein subunit p20	chain
Q2PE14	1-553		PRO_0000355635	Zinc finger CCHC domain-containing protein 8 homolog	chain
Q32KD2	1-1262		PRO_0000281822	Histone-lysine N-methyltransferase eggless	chain
Q3KN41	1-1840		PRO_0000458489	Neurexin 1	chain
Q3LHL9	1-1658		PRO_0000355632	Protein winged eye	chain
Q45VV3	1-395		PRO_0000393269	Transcriptional coactivator yorkie	chain
Q4LBB6	1-1256		PRO_0000069961	Octopamine receptor beta-3R	chain
Q4LBB9	1-536		PRO_0000069960	Octopamine receptor beta-2R	chain
Q4V516	1-897		PRO_0000415787	Coiled-coil domain-containing protein lobo	chain
Q4V5A3	1-485		PRO_0000299499	Homeobox protein unplugged	chain
Q4V5I9	24-163		PRO_0000383167	Succinate dehydrogenase assembly factor 2-A, mitochondrial	chain
Q4V5R4	1-460		PRO_0000439490	Glutamate transporter polyphemus	chain
Q4V622	1-489	ECO:0000305	PRO_0000435024	Neuropeptide CCHamide-2 receptor	chain
Q4V6M7	1-234		PRO_0000280371	Probable Ufm1-specific protease 1	chain
Q4Z8K6	1-962		PRO_0000305240	Ran-binding proteins 9	chain
Q59DX8	1-178		PRO_0000445573	N-alpha-acetyltransferase 80	chain
Q59DY5	21-150		PRO_5007209827	C-type lectin 37Db	chain
Q59DY6	21-186		PRO_5007209829	C-type lectin 37Da	chain
Q59E04	?-276		PRO_0000457563	Neuroendocrine protein 7B2	chain
Q59E36	1-590		PRO_0000226784	REST corepressor	chain
Q59E55	1-625		PRO_0000372658	NGFI-A-binding protein homolog	chain
Q5BI31	1-1322	ECO:0000305	PRO_0000451954	Centrosome-associated protein Alms1a	chain
Q5BI42	24-1449		PRO_0000304663	VWFA and cache domain-containing protein CG16868	chain
Q5EAK6	1-2767		PRO_0000225627	Serine	chain
Q5LJP9	2-564		PRO_0000324765	Asparagine synthetase domain-containing protein CG17486	chain
Q5LJZ2	1-1641		PRO_0000429378	Histone-lysine N-methyltransferase SETD1	chain
Q5U117	27-639	ECO:0000255	PRO_0000461812	Complex I assembly factor Egm, mitochondrial	chain
Q6AWG9	1-1238		PRO_0000355631	Uncharacterized protein CG5098	chain
Q6AWJ9	23-1033	ECO:0000255	PRO_5000145927	Tyrosine-protein kinase-like otk	chain
Q6AWN0	1-186		PRO_0000223191	Acireductone dioxygenase	chain
Q6IDD9	1-1360		PRO_0000097588	NAD(+) hydrolase sarm1	chain
Q6J5K9	1-1188		PRO_0000080708	Probable RNA helicase armi	chain
Q6NL34	1-543		PRO_0000445072	Telomerase Cajal body protein 1 homolog	chain
Q6NLL1	1-710		PRO_0000351218	WD repeat-containing protein CG11141	chain
Q6NN40	1-276		PRO_0000399784	Alpha N-terminal protein methyltransferase 1	chain
Q6NN55	1-722		PRO_0000453372	Lysophospholipid acyltransferase 6	chain
Q6NN85	1-1045		PRO_0000094849	Protein phosphatase Slingshot	chain
Q6NNF2	1-914		PRO_0000438862	High affinity cAMP-specific and IBMX-insensitive 3',5'-cyclic phosphodiesterase 8	chain
Q6NP60	1-760		PRO_0000305222	MOXD1 homolog 2	chain
Q6NP91	1-760		PRO_0000462251	Mechanosensitive cation channel Tmem63	chain
Q6NR09	1-421		PRO_0000454710	EGFR adapter protein	chain
Q6WV16	1-666		PRO_0000059160	N-acetylgalactosaminyltransferase 6	chain
Q6WV17	1-630		PRO_0000059159	Polypeptide N-acetylgalactosaminyltransferase 5	chain
Q6WV19	1-633		PRO_0000059156	Polypeptide N-acetylgalactosaminyltransferase 2	chain
Q6WV20	1-601		PRO_0000059155	Polypeptide N-acetylgalactosaminyltransferase 1	chain
Q709R6	1-399		PRO_0000436842	LEM domain-containing protein Bocksbeutel	chain
Q70PP2	1-3218		PRO_0000229795	Serine	chain
Q70PY2	25-190		PRO_0000023907	Peptidoglycan-recognition protein SB1	chain
Q76NQ1	1-1429		PRO_0000408514	Inactive rhomboid protein 1	chain
Q7JQ32	20-1525		PRO_5007213161	Receptor-type guanylate cyclase Gyc76C	chain
Q7JQF1	1-645		PRO_0000436178	Octopamine receptor Oamb	chain
Q7JQW6	1-377		PRO_0000398219	Lipoyl synthase, mitochondrial	chain
Q7JR49	18-379	ECO:0000255	PRO_5015098718	V-type proton ATPase subunit S1	chain
Q7JR71	19-181		PRO_5008177262	Extracellular superoxide dismutase [Cu-Zn]	chain
Q7JRE4	1-650	ECO:0000305	PRO_0000436843	Inner nuclear membrane protein Man1	chain
Q7JRJ1	1-504		PRO_0000355634	Ell-associated factor Eaf	chain
Q7JRP4	1-323		PRO_0000342388	CIMIP2 protein CG18335	chain
Q7JUN3	1-730	ECO:0000305	PRO_0000447340	ATP-binding cassette sub-family D member 1	chain
Q7JUR5	1-160		PRO_0000355633	Uncharacterized zinc finger protein CG12744	chain
Q7JUR6	1-540		PRO_0000331401	Protein GDAP2 homolog	chain
Q7JUX9	25-446		PRO_0000311313	Mitochondrial ribonuclease P protein 1 homolog	chain
Q7JUY7	1-517		PRO_0000296684	PTB domain-containing adapter protein ced-6	chain
Q7JV70	1-193		PRO_0000443802	Activity-regulated cytoskeleton associated protein 2	chain
Q7JVA5	1-476		PRO_0000423045	Protein Cep89 homolog	chain
Q7JVE7	1-226		PRO_0000345122	Sugar transporter SWEET1	chain
Q7JVI3	1-387		PRO_0000308202	Eukaryotic translation initiation factor 3 subunit M	chain
Q7JVL3	1-330		PRO_0000438524	Pre-mRNA-splicing factor 38	chain
Q7JVP4	1-1430		PRO_0000455977	Bromodomain-containing protein homolog	chain
Q7JVR7	1-67		PRO_0000332929	COP9 signalosome complex subunit 9 homolog	chain
Q7JW12	29-271		PRO_0000315761	Thioredoxin-related transmembrane protein 2 homolog	chain
Q7JW27	1-499		PRO_0000390969	WASH complex subunit 1	chain
Q7JWD3	1-336		PRO_0000388151	ATPase ASNA1 homolog	chain
Q7JWG9	29-126		PRO_0000273096	Large ribosomal subunit protein mL52	chain
Q7JWP6	1-221		PRO_0000460345	HP1-HOAP-interacting protein	chain
Q7JWR9	1-404		PRO_0000324652	Zinc finger CCCH domain-containing protein 15 homolog	chain
Q7JWW5	1-343		PRO_0000368244	Cytoplasmic tRNA 2-thiolation protein 1	chain
Q7JX57	36-97		PRO_0000296325	Essential MCU regulator, mitochondrial	chain
Q7JXA8	1-418		PRO_0000458884	Chromo domain-containing protein rhino	chain
Q7JXF5	1-394		PRO_0000439767	Nuclear pore glycoprotein p62	chain
Q7JXF7	18-189		PRO_5007711062	Protein seele	chain
Q7JXG9	1-1297		PRO_0000456956	Protein Atossa	chain
Q7JXV9	1-174		PRO_0000386527	Vacuolar protein-sorting-associated protein 25	chain
Q7JYV2	1-241		PRO_0000438875	Synaptogyrin	chain
Q7JYV7	1-175		PRO_0000422287	Adenylate kinase isoenzyme 6 homolog	chain
Q7JYX0	1-232		PRO_0000433644	Glutathione S-transferase E14	chain
Q7JZB4	1-369		PRO_0000307171	Mannose-1-phosphate guanylyltransferase catalytic subunit beta	chain
Q7JZM8	27-166		PRO_0000273235	Large ribosomal subunit protein mL41	chain
Q7JZV0	17-117		PRO_0000260042	Cuticular protein 47Eg	chain
Q7K003	1-201		PRO_0000463506	MRG	chain
Q7K0D8	1-564		PRO_0000439235	Nuclear pore complex protein Nup50	chain
Q7K0E3	1-223		PRO_0000279704	MOB kinase activator-like 4	chain
Q7K0F0	1-316		PRO_0000328381	Coiled-coil domain-containing protein 130 homolog	chain
Q7K0L4	1-630		PRO_0000280739	WD repeat-containing protein 26 homolog	chain
Q7K0P4	23-326		PRO_0000339361	Post-GPI attachment to proteins factor 3	chain
Q7K0S9	1-384		PRO_0000286986	Zinc finger protein GLIS2 homolog	chain
Q7K0Y1	1-784		PRO_0000370397	Ribosome biogenesis protein BOP1 homolog	chain
Q7K175	1-391		PRO_0000406963	Small RNA 2'-O-methyltransferase	chain
Q7K1U0	1-254		PRO_0000443801	Activity-regulated cytoskeleton associated protein 1	chain
Q7K1V5	1-197		PRO_0000313615	Protein jagunal	chain
Q7K1Y4	1-335		PRO_0000382486	Probable cytosolic iron-sulfur protein assembly protein Ciao1	chain
Q7K1Z5	1-164		PRO_0000391970	Ubiquitin-fold modifier-conjugating enzyme 1	chain
Q7K237	1-388		PRO_0000285072	Glycoprotein-N-acetylgalactosamine 3-beta-galactosyltransferase 1	chain
Q7K284	1-423		PRO_0000375180	Protein CLP1 homolog	chain
Q7K2B0	1-358		PRO_0000390457	Ribosomal RNA-processing protein 8	chain
Q7K2D2	1-380		PRO_0000288772	Dynactin subunit 2	chain
Q7K2G1	1-389		PRO_0000286075	Proteasomal ubiquitin receptor ADRM1 homolog	chain
Q7K2X8	1-354		PRO_0000447023	Nucleoporin seh1	chain
Q7K2Y9	1-205		PRO_0000381826	Protein N-terminal glutamine amidohydrolase	chain
Q7K3B9	1-305		PRO_0000310773	U6 small nuclear RNA (adenine-(43)-N(6))-methyltransferase	chain
Q7K3D8	1-433		PRO_0000439672	DNA methyltransferase 1-associated protein 1	chain
Q7K3L1	1-921		PRO_0000372841	Guanylate kinase-associated protein mars	chain
Q7K3M5	1-729		PRO_0000455079	ATP-dependent RNA helicase DHX15 homolog	chain
Q7K480	1-1367		PRO_0000289269	7SK snRNA methylphosphate capping enzyme bin3	chain
Q7K486	1-464		PRO_0000355638	Armadillo repeat-containing protein 6 homolog	chain
Q7K4B3	1-794		PRO_0000284002	Elongator complex protein 2	chain
Q7K4B4	1-685	ECO:0000305	PRO_0000438654	Augmin complex subunit dgt5	chain
Q7K4B6	1-926		PRO_0000280300	Protein O-mannosyl-transferase Tmtc3	chain
Q7K4H4	1-653		PRO_0000348221	Bifunctional lysine-specific demethylase and histidyl-hydroxylase NO66	chain
Q7K4M4	1-649		PRO_0000377408	Protein teflon	chain
Q7K4N3	1-800		PRO_0000385235	Nuclear cap-binding protein subunit 1	chain
Q7K4Q5	1-662		PRO_0000372839	Probable protein phosphatase CG10417	chain
Q7K4V4	1-244		PRO_0000379032	Protein pendolino	chain
Q7K4W1	1-552		PRO_0000298676	Threonylcarbamoyladenosine tRNA methylthiotransferase	chain
Q7K4Y6	1-631		PRO_0000435626	Sodium-dependent dopamine transporter	chain
Q7K4Z4	1-273		PRO_0000445481	Protein immune deficiency	chain
Q7K550	1-236		PRO_0000365135	Eukaryotic translation initiation factor 3 subunit J	chain
Q7K556	1-475	ECO:0000305	PRO_0000436009	TRPL translocation defect protein 14	chain
Q7K566	1-303		PRO_0000438778	Mitochondrial uncoupling protein Bmcp	chain
Q7K5K3	25-365	ECO:0000255	PRO_0000456719	Pyruvate dehydrogenase E1 component subunit beta, mitochondrial	chain
Q7K5M0	25-655	ECO:0000255	PRO_5010683600	Inactive serine protease scarface	chain
Q7K5N4	1-471		PRO_0000395823	Ubiquitin carboxyl-terminal hydrolase calypso	chain
Q7K738	1-154		PRO_0000448741	Ubiquitin-conjugating enzyme E2-18 kDa	chain
Q7K7A9	1-385		PRO_0000403500	Flap endonuclease 1	chain
Q7KBL8	1-188		PRO_0000305703	Mediator of RNA polymerase II transcription subunit 29	chain
Q7KHG2	1-1486		PRO_0000341595	Zinc finger protein jing	chain
Q7KIN0	17-1446		PRO_5006489795	Toll-like receptor 7	chain
Q7KKH3	1-712		PRO_0000287488	Protein SDA1 homolog	chain
Q7KLI1	1-1440		PRO_0000461141	Apoptosome protein Dark	chain
Q7KLV9	1-422		PRO_0000419982	26S proteasome non-ATPase regulatory subunit 11	chain
Q7KM13	1-425		PRO_0000286432	Hairy	chain
Q7KMJ6	1-793		PRO_0000444612	RNA-binding protein spenito	chain
Q7KML2	1-669		PRO_0000348222	Acyl-coenzyme A oxidase 1	chain
Q7KN62	1-801		PRO_0000347178	Transitional endoplasmic reticulum ATPase TER94	chain
Q7KN79	1-493		PRO_0000302820	Protein LTV1 homolog	chain
Q7KN90	1-741		PRO_0000348218	Cysteine--tRNA ligase, cytoplasmic	chain
Q7KN92	1-403		PRO_0000463257	Beta1,4-N-acetylgalactosaminyltransferase A	chain
Q7KNA0	2-699		PRO_0000348215	Dymeclin	chain
Q7KNF2	1-224		PRO_0000252085	Polyadenylate-binding protein 2	chain
Q7KNS3	1-411		PRO_0000051067	Lissencephaly-1 homolog	chain
Q7KPA5	1-331		PRO_0000436507	Meiotic recombination protein W68	chain
Q7KQM6	1-1574		PRO_0000372840	GIGYF family protein Gyf	chain
Q7KQZ4	1-787		PRO_0000047074	Longitudinals lacking protein, isoforms A	chain
Q7KR04	2-130		PRO_0000126611	Small ribosomal subunit protein uS8B	chain
Q7KR10	20-521		PRO_0000042639	Probable cytochrome P450 12d1 distal, mitochondrial	chain
Q7KRI2	1-127		PRO_0000186221	Longitudinals lacking protein-like	chain
Q7KRR5	1-631		PRO_0000248979	Peptide-N(4)-(N-acetyl-beta-glucosaminyl)asparagine amidase	chain
Q7KRS9	1-1664		PRO_0000457660	MYND-type zinc finger-containing chromatin reader Zmynd8	chain
Q7KRU8	20-205		PRO_5015098799	Ferritin heavy chain	chain
Q7KRW1	1-809		PRO_0000056100	Protein TRC8 homolog	chain
Q7KRW8	1-1066		PRO_0000372647	Pre-mRNA-processing factor 39	chain
Q7KRY6	1-599		PRO_0000086441	Nucleosomal histone kinase 1	chain
Q7KRY7	1-1851		PRO_0000188307	Protein lap4	chain
Q7KS38	2-155		PRO_0000153825	Small ribosomal subunit protein eS19B	chain
Q7KSC4	1-107		PRO_0000418369	Mitochondrial pyruvate carrier 1	chain
Q7KSD8	1-562		PRO_0000283733	Transcriptional adapter 2A	chain
Q7KT91	1-948		PRO_0000283761	Non-lysosomal glucosylceramidase	chain
Q7KTH8	1-182		PRO_0000121014	COP9 signalosome complex subunit 8	chain
Q7KTX7	1-482		PRO_0000452364	E3 ubiquitin-protein ligase parkin	chain
Q7KTX8	1-2618		PRO_0000314242	Mediator of RNA polymerase II transcription subunit 13	chain
Q7KU24	1-1883		PRO_0000388773	ATP-dependent chromatin remodeler Chd1	chain
Q7KU86	1-101		PRO_0000367858	Ubiquitin-related modifier 1 homolog	chain
Q7KUD5	23-108	ECO:0000255	PRO_0000016201	Insulin-like peptide 5	chain
Q7KUT2	57-1024		PRO_0000395762	Lon protease homolog, mitochondrial	chain
Q7KV12	1-172		PRO_0000068259	Stellate protein CG33236	chain
Q7KV13	1-172		PRO_0000068260	Stellate protein CG33237	chain
Q7KV14	1-172		PRO_0000068261	Stellate protein CG33238	chain
Q7KV15	1-172		PRO_0000068262	Stellate protein CG33239	chain
Q7KV19	1-172		PRO_0000068265	Stellate protein CG33243	chain
Q7KV22	1-172		PRO_0000068266	Stellate protein CG33246	chain
Q7KV23	1-172		PRO_0000068267	Stellate protein CG33247	chain
Q7KVA1	1-876		PRO_0000191414	Xylosyltransferase Oxt	chain
Q7KVH9	1-188		PRO_0000285780	Protein salivary glands marred	chain
Q7KVQ0	1-237		PRO_0000208559	H	chain
Q7KVS9	1-1001		PRO_0000438592	Non-canonical poly(A) RNA polymerase protein Trf4-1	chain
Q7KVW5	1-927		PRO_0000282954	Small conductance calcium-activated potassium channel protein	chain
Q7KVY7	1-333		PRO_0000210236	Syntaxin-4	chain
Q7KW09	1-1030		PRO_0000454375	Germ cell nuclear acidic protein	chain
Q7KW14	1-1234		PRO_0000311725	Coiled-coil domain-containing protein CG32809	chain
Q7KW39	?-520		PRO_0000043373	Probable methylmalonate-semialdehyde	chain
Q7M3K2	1-751		PRO_0000068656	Transposable element P transposase	chain
Q7M3M8	1-793		PRO_0000046911	Transcription factor castor	chain
Q7PL76	1-841		PRO_0000460249	Vacuolar protein sorting-associated protein 41 homolog	chain
Q7PLI2	1-2077		PRO_0000218599	Nipped-B protein	chain
Q7PLI7	1-748		PRO_0000392567	Serine	chain
Q7PLK0	1-867		PRO_0000422914	Protein argonaute-3	chain
Q7PLS8	1-1068		PRO_0000385310	Integrator complex subunit 3	chain
Q7YTY6	16-372	ECO:0000255	PRO_0000436914	Serine protease inhibitor 42Dd	chain
Q7YU24	1-810		PRO_0000127679	Transmembrane GTPase Marf	chain
Q7YU29	1-1051		PRO_0000365455	Dystrophin, isoform E	chain
Q7YU81	1-1214		PRO_0000046916	Protein charlatan	chain
Q7YZA2	1-1231		PRO_0000372643	Uncharacterized protein CG7065	chain
Q7YZH1	1-3241		PRO_0000253537	PHD finger protein rhinoceros	chain
Q7Z020	1-1197		PRO_0000215373	Transient receptor potential cation channel subfamily A member 1	chain
Q7Z2C4	1-110		PRO_0000097666	Glycine-rich selenoprotein	chain
Q867Z4	1-970		PRO_0000047075	Longitudinals lacking protein, isoforms F	chain
Q868T3	1-495		PRO_0000069218	Cardioacceleratory peptide receptor	chain
Q868Z9	27-2898		PRO_0000248544	Papilin	chain
Q86B47	1-975		PRO_0000372851	Probable ATP-dependent RNA helicase CG8611	chain
Q86B53	1-998		PRO_0000458464	tRNA (34-2'-O)-methyltransferase regulator WDR6	chain
Q86B61	1-670		PRO_0000305216	Tyramine beta-hydroxylase	chain
Q86B79	1-599		PRO_0000056300	RING finger protein unkempt	chain
Q86B87	1-610		PRO_0000096505	Modifier of mdg4	chain
Q86B91	1-1513		PRO_0000415800	Protein tincar	chain
Q86BA1	1-4723		PRO_0000416307	[F-actin]-monooxygenase Mical	chain
Q86BE9	1-101		PRO_0000190904	Gamma-secretase subunit pen-2	chain
Q86BF9	21-202	ECO:0000255	PRO_5004302281	Odorant-binding protein 59a	chain
Q86BJ3	1-514		PRO_0000207683	Uronyl 2-sulfotransferase homolog pip	chain
Q86BL4	1-148		PRO_0000413303	Glutamyl-tRNA(Gln) amidotransferase subunit C, mitochondrial	chain
Q86BN8	29-200		PRO_0000025426	Phosphatidylglycerophosphatase and protein-tyrosine phosphatase 1	chain
Q86BP6	1-1162	ECO:0000305	PRO_0000455976	Enhanced level of genomic instability 1	chain
Q86BS6	1-325		PRO_0000204456	tRNA N(3)-methylcytidine methyltransferase Mettl2	chain
Q86BY9	1-1235		PRO_0000051199	Gem-associated protein 5	chain
Q86DS1	1-377		PRO_0000393585	Hsc70-interacting protein 2	chain
Q86LG1	1-606		PRO_0000420433	Pickpocket protein 28	chain
Q86NP2	1-1251		PRO_0000219128	Negative elongation factor A	chain
Q86P48	1-388		PRO_0000378614	AT-rich binding protein	chain
Q86PC9	1-460		PRO_0000400838	Protein king tubby	chain
Q86PD7	9-354	ECO:0000255	PRO_0000457324	Glutaminyl-peptide cyclotransferase	chain
Q86S05	1-1375		PRO_0000314621	Protein lingerer	chain
Q8I0G5	1-883		PRO_0000405327	Coatomer subunit gamma	chain
Q8I0P1	1-758		PRO_0000367144	Spastin	chain
Q8I7C3	1-657		PRO_0000075766	LIM and SH3 domain protein Lasp	chain
Q8I7P9	1-1003		PRO_0000199559	Retrovirus-related Pol polyprotein from transposon opus	chain
Q8I7Q0	1-417		PRO_0000087423	Retrovirus-related Gag polyprotein from transposon opus	chain
Q8I7Z8	1-990		PRO_0000046941	Transcription factor hamlet	chain
Q8I8U7	1-3790		PRO_0000088853	Transcription-associated protein 1	chain
Q8I8V0	1-555		PRO_0000283734	Transcriptional adapter 2b	chain
Q8I9B4	1-44		PRO_0000197357	Metallothionein-4	chain
Q8IA41	1-557		PRO_0000059165	Putative inactive polypeptide N-acetylgalactosaminyltransferase 11	chain
Q8IA42	1-644		PRO_0000059158	N-acetylgalactosaminyltransferase 4	chain
Q8IA43	1-630		PRO_0000059164	Putative polypeptide N-acetylgalactosaminyltransferase 10	chain
Q8IA44	1-563		PRO_0000059166	Putative inactive polypeptide N-acetylgalactosaminyltransferase 12	chain
Q8IFW4	1-157		PRO_0000120036	Thioredoxin-T	chain
Q8IGJ0	1-834		PRO_0000270768	Protein EFR3 homolog cmp44E	chain
Q8IH00	1-1193		PRO_0000383624	Nucleolar protein 6	chain
Q8IH18	1-1010		PRO_0000450888	Eukaryotic translation initiation factor 4E transporter	chain
Q8IH24	1-204		PRO_0000212530	Mediator of RNA polymerase II transcription subunit 31	chain
Q8IMA8	1-1192		PRO_0000322557	Protein pangolin, isoform J	chain
Q8IMC6	1-1262		PRO_0000439147	Tau-tubulin kinase homolog Asator	chain
Q8IMM9	1-219		PRO_0000447342	RING finger protein nenya	chain
Q8IMN5	1-412		PRO_0000216549	Putative gustatory receptor 98d	chain
Q8IMN6	1-408		PRO_0000216548	Putative gustatory receptor 98c	chain
Q8IMP6	1-581		PRO_0000315741	Protein SPT2 homolog	chain
Q8IMQ6	1-423		PRO_0000216545	Putative gustatory receptor 97a	chain
Q8IMU4	1-290		PRO_0000415088	Purine nucleoside phosphorylase	chain
Q8IMX7	1-652		PRO_0000239327	Mitochondrial Rho GTPase	chain
Q8IMZ5	1-404		PRO_0000216544	Putative gustatory receptor 94a	chain
Q8IMZ9	1-853	ECO:0000305	PRO_0000444010	Wolframin	chain
Q8IN23	1-395		PRO_0000216542	Putative gustatory receptor 93b	chain
Q8IN35	1-758	ECO:0000305	PRO_0000436207	Neuropeptide SIFamide receptor	chain
Q8IN41	23-142		PRO_0000355000	Protein Turandot X	chain
Q8IN42	24-147		PRO_0000355006	Protein Turandot Z	chain
Q8IN43	22-129		PRO_0000354984	Protein Turandot C	chain
Q8IN44	22-129		PRO_0000355137	Protein Turandot A	chain
Q8IN58	1-386		PRO_0000216540	Putative gustatory receptor 92a	chain
Q8IN78	1-195		PRO_0000228085	Mitochondrial import inner membrane translocase subunit Tim22	chain
Q8IN81	1-955		PRO_0000046921	Sex determination protein fruitless	chain
Q8IN94	1-2716		PRO_0000200593	Trithorax group protein osa	chain
Q8INB9	1-611		PRO_0000045784	RAC serine	chain
Q8INF0	1-1097		PRO_0000074105	Soluble guanylate cyclase 88E	chain
Q8INF2	1-342		PRO_0000248360	Phosphatidate cytidylyltransferase, mitochondrial	chain
Q8INF7	1-845		PRO_0000431657	Dynein axonemal assembly factor 5	chain
Q8INI8	1-641		PRO_0000078332	Major heat shock 70 kDa protein Ba	chain
Q8INK6	16-232		PRO_0000023905	Peptidoglycan-recognition protein LB	chain
Q8INK9	2-208		PRO_0000140323	Methionine-R-sulfoxide reductase B1	chain
Q8INM3	1-1420		PRO_0000372655	Protein slender lobes	chain
Q8INM9	1-397		PRO_0000216538	Putative gustatory receptor 85a	chain
Q8INQ7	1-141		PRO_0000327902	Protein KRTCAP2 homolog	chain
Q8INR6	1-1848		PRO_0000186090	Histone-lysine N-methyltransferase, H3 lysine-79 specific	chain
Q8INT5	1-1483		PRO_0000363937	Dynein axonemal assembly factor 1 homolog	chain
Q8INV7	39-134		PRO_0000354988	Protein Turandot E	chain
Q8INX3	1-307		PRO_0000305261	Protein TIPIN homolog	chain
Q8INZ1	1-410		PRO_0000216508	Gustatory receptor-like 36a	chain
Q8INZ2	1-390		PRO_0000216507	Putative gustatory receptor 36c	chain
Q8IP68	26-172	ECO:0000255	PRO_5015099179	Protein nemuri	chain
Q8IP99	1-308		PRO_0000462580	Transcriptional adapter 1-1	chain
Q8IPA1	1-308		PRO_0000462581	Transcriptional adapter 1-2	chain
Q8IPH9	1-515		PRO_0000071959	Slowpoke-binding protein	chain
Q8IPJ3	1-2892		PRO_0000448740	E3 ubiquitin-protein ligase lubel	chain
Q8IPK4	21-612		PRO_0000309549	Glycosyltransferase 25 family member	chain
Q8IPM8	1-139		PRO_0000240243	Complexin	chain
Q8IPU5	1-449		PRO_0000216537	Putative gustatory receptor 77a	chain
Q8IPW2	1-548		PRO_0000459388	SH2	chain
Q8IPX7	1-232		PRO_0000451458	Exosome complex component RRP40	chain
Q8IPZ3	24-413	ECO:0000255	PRO_0000461949	NAD(P)H oxidoreductase RTN4IP1, mitochondrial	chain
Q8IPZ7	1-121		PRO_0000460602	N-alpha-acetyltransferase 38, NatC auxiliary subunit	chain
Q8IQ05	1-993	ECO:0000305	PRO_0000456806	Chromosome transmission fidelity protein 18 homolog	chain
Q8IQ13	1-159		PRO_0000314162	Probable RNA-binding protein EIF1AD	chain
Q8IQ27	1-938		PRO_0000441821	Ubiquitin carboxyl-terminal hydrolase Usp2	chain
Q8IQ56	1-182		PRO_0000367035	Transmembrane protein 11 homolog, mitochondrial	chain
Q8IQ70	54-366	ECO:0000255	PRO_0000437213	Calcium uniporter protein, mitochondrial	chain
Q8IQ72	1-371		PRO_0000216534	Gustatory receptor-like 65a	chain
Q8IQA2	1-230		PRO_0000462293	Protein tumorous testis	chain
Q8IQC1	1-223		PRO_0000212834	Uncharacterized Golgi apparatus membrane protein-like protein CG5021	chain
Q8IQF1	33-565		PRO_0000369401	Molybdenum cofactor biosynthesis protein 1	chain
Q8IQG1	1-566		PRO_0000279701	MOB kinase activator-like 2	chain
Q8IQG9	1-229		PRO_0000461204	Adenylate kinase 1	chain
Q8IQQ4	1-338	ECO:0000305	PRO_0000445701	RAB6-interacting golgin	chain
Q8IQV9	1-2090		PRO_0000443734	Nuclear pore complex protein Nup205	chain
Q8IR45	1-183		PRO_0000286447	BLOC-1-related complex subunit 8 homolog	chain
Q8IR79	1-1257		PRO_0000075808	LIM domain kinase 1	chain
Q8IRB5	1-1465		PRO_0000372855	Claspin	chain
Q8IRC7	1-275		PRO_0000075705	LIM	chain
Q8IRE4	1-457		PRO_0000414129	tRNA (guanine(37)-N(1))-methyltransferase	chain
Q8IRG6	1-1083		PRO_0000245174	FACT complex subunit spt16	chain
Q8IRH5	1-733		PRO_0000372842	Zinc finger protein indra	chain
Q8IRI6	24-1440		PRO_0000428674	Glucose transporter type 1	chain
Q8IRJ8	1-288		PRO_0000310759	THO complex protein 7	chain
Q8IRL8	1-341		PRO_0000216489	Putative gustatory receptor 9a	chain
Q8IRR1	28-525		PRO_0000019725	Vanin-like protein 2	chain
Q8IRR5	17-312		PRO_0000417347	NAD-dependent protein deacylase Sirt4	chain
Q8IRS9	1-911		PRO_0000460836	Gem-associated protein 4c	chain
Q8IRT0	1-911		PRO_0000460835	Gem-associated protein 4b	chain
Q8IRU4	1-662		PRO_0000198820	3',5'-cyclic-AMP phosphodiesterase, isoform F	chain
Q8IRW8	1-2431		PRO_0000259524	Histone-lysine N-methyltransferase trr	chain
Q8IRY7	243-400		PRO_0000004637	Caspase-8 subunit p15	chain
Q8IRY7	411-494		PRO_0000004639	Caspase-8 subunit p10	chain
Q8IRZ5	1-387		PRO_0000174231	Putative odorant receptor 19b	chain
Q8IS44	1-905		PRO_0000069395	Dopamine D2-like receptor	chain
Q8ITC7	1-477		PRO_0000069217	Neuropeptides capa receptor	chain
Q8ITC9	1-430		PRO_0000439215	Pyrokinin-1 receptor	chain
Q8MKJ4	23-141	ECO:0000255	PRO_0000012573	General odorant-binding protein 57b	chain
Q8MKK0	21-169	ECO:0000255	PRO_0000012572	General odorant-binding protein 57a	chain
Q8MKK4	1-488		PRO_0000395534	Trehalose transporter 1-like protein	chain
Q8MKL1	1-167		PRO_0000340673	UPF0598 protein CG30010	chain
Q8MKN0	44-326		PRO_0000228643	Ubiquinone biosynthesis protein COQ9, mitochondrial	chain
Q8MKW7	26-766		PRO_0000030990	Ribonuclease Z, mitochondrial	chain
Q8ML92	1-106		PRO_0000235297	Protein aveugle	chain
Q8MLL3	?-242		PRO_0000228653	Coenzyme Q-binding protein COQ10, mitochondrial	chain
Q8MLV1	1-741		PRO_0000207512	Lamin-B receptor	chain
Q8MLY8	1-208		PRO_0000122249	Small ribosomal subunit protein eS8	chain
Q8MLZ7	24-441		PRO_0000011984	Chitinase-like protein Idgf3	chain
Q8MM24	21-439		PRO_0000011980	Chitinase-like protein Idgf1	chain
Q8MMC4	1-271		PRO_0000299568	Protein CDV3 homolog	chain
Q8MMF9	30-136	ECO:0000255	PRO_0000012575	General odorant-binding protein 57d	chain
Q8MPP0	1-245		PRO_0000452828	Ninjurin-A	chain
Q8MPP0	1-?	ECO:0000305|PubMed:33472215	PRO_0000452829	Secreted ninjurin-A	chain
Q8MPP3	?-758	ECO:0000305	PRO_0000434512	Matrix metalloproteinase-2	chain
Q8MQI6	1-82		PRO_0000120944	Transcription elongation factor 1 homolog	chain
Q8MQJ9	1-1037		PRO_0000220368	Protein brain tumor	chain
Q8MQW8	1-1789		PRO_0000072152	Protein sprint	chain
Q8MQX9	1-1174		PRO_0000450384	Ankyrin repeat and LEM domain-containing protein 2 homolog	chain
Q8MR31	1-767		PRO_0000071957	Slo-interacting protein 1	chain
Q8MR37	1-570	ECO:0000305	PRO_0000437247	Krueppel-like factor luna	chain
Q8MR45	24-242	ECO:0000250|UniProtKB:P20933	PRO_0000384129	Glycosylasparaginase alpha chain	chain
Q8MR45	243-393	ECO:0000250|UniProtKB:P20933	PRO_0000384130	Glycosylasparaginase beta chain	chain
Q8MR62	1-240		PRO_0000163761	Phosducin-like protein 2	chain
Q8MRC9	1-650		PRO_0000059163	Putative polypeptide N-acetylgalactosaminyltransferase 9	chain
Q8MRQ4	1-694		PRO_0000299168	LMBR1 domain-containing protein 2 homolog	chain
Q8MRW5	1-640	ECO:0000305	PRO_0000437485	ETV5-related protein Ets96B	chain
Q8MS27	?-178		PRO_0000030528	Large ribosomal subunit protein bL35m	chain
Q8MS59	1-517		PRO_0000438526	Fatty acyl-CoA reductase wat	chain
Q8MSF5	1-95		PRO_0000344228	Ribonuclease kappa	chain
Q8MSG8	1-662		PRO_0000109849	Aprataxin-like protein	chain
Q8MSS1	1-2779		PRO_0000084526	Protein lava lamp	chain
Q8MSU3	1-647		PRO_0000314847	Ferric reductase 1	chain
Q8MSU4	1-1165		PRO_0000421978	Symplekin	chain
Q8MSV2	1-590		PRO_0000379499	Protein alan shepard	chain
Q8MSW4	1-213		PRO_0000453466	rRNA N(6)-adenosine-methyltransferase Mettl5	chain
Q8MSX1	1-1818		PRO_0000086973	Protein encore	chain
Q8MSX2	1-249		PRO_0000303045	Mediator of RNA polymerase II transcription subunit 6	chain
Q8MSY4	1-740		PRO_0000361544	Vacuolar protein sorting-associated protein 51 homolog	chain
Q8MT06	1-581		PRO_0000122451	Guanine nucleotide-binding protein-like 3 homolog	chain
Q8MT08	1-479		PRO_0000220380	Dynein regulatory complex subunit 4	chain
Q8MT36	1-1427		PRO_0000186084	Nuclear receptor binding SET domain protein	chain
Q8MT80	1-696		PRO_0000246270	GPI mannosyltransferase 4	chain
Q8MUJ1	1-415	ECO:0000305	PRO_0000435108	Protein eiger, membrane form	chain
Q8MUJ1	146-415	ECO:0000305	PRO_0000435109	Protein eiger, soluble form	chain
Q8MV48	1-591		PRO_0000059161	N-acetylgalactosaminyltransferase 7	chain
Q8MVS5	1-632		PRO_0000059168	Polypeptide N-acetylgalactosaminyltransferase 35A	chain
Q8MYL1	1-1478		PRO_0000458960	Fanconi anemia group D2 protein homolog	chain
Q8MYY6	1-558		PRO_0000059167	Putative polypeptide N-acetylgalactosaminyltransferase 13	chain
Q8MZC4	1-322		PRO_0000056819	Probable cardiolipin synthase (CMP-forming)	chain
Q8ST83	1-520		PRO_0000047017	Polycomb protein PHO	chain
Q8SWR2	1-620		PRO_0000302865	Bicaudal D-related protein homolog	chain
Q8SWR3	1-435		PRO_0000433510	Sex peptide receptor	chain
Q8SWR8	1-1084		PRO_0000311703	Ataxin-2 homolog	chain
Q8SWU7	1-397		PRO_0000372847	Obg-like ATPase 1	chain
Q8SWV6	1-492		PRO_0000381785	Protein adenylyltransferase Fic	chain
Q8SWX0	1-167		PRO_0000435328	Gametocyte-specific factor 1 homolog	chain
Q8SX37	1-224		PRO_0000445078	CDP-diacylglycerol--inositol 3-phosphatidyltransferase	chain
Q8SX68	1-609		PRO_0000372638	CTTNBP2 N-terminal-like protein	chain
Q8SX81	1-830		PRO_0000460248	Vacuolar protein sorting-associated protein 11 homolog	chain
Q8SX83	1-5560		PRO_0000081958	Protein split ends	chain
Q8SX86	1-314		PRO_0000424890	Protein nutcracker	chain
Q8SXD4	1-1122		PRO_0000438877	Midnolin homolog	chain
Q8SXQ7	1-369		PRO_0000220627	Peptidoglycan-recognition protein LF	chain
Q8SXT3	30-499		PRO_0000021414	Protein singed wings 2	chain
Q8SXU3	1-438		PRO_0000460968	Mannose-1-phosphate guanylyltransferase regulatory subunit alpha	chain
Q8SXX4	1-698		PRO_0000089315	Capon-like protein	chain
Q8SXY6	21-206	ECO:0000312|FlyBase:FBgn0045866	PRO_0000393917	Transmembrane emp24 domain-containing protein bai	chain
Q8SY33	1-1384		PRO_0000415948	Protein Gawky	chain
Q8SY41	1-1122		PRO_0000372650	Breast carcinoma-amplified sequence 3 homolog	chain
Q8SY61	16-131		PRO_0000012570	General odorant-binding protein 56d	chain
Q8SY72	1-58		PRO_0000293702	Single-pass membrane and coiled-coil domain-containing protein 4 homolog	chain
Q8SY96	66-283	ECO:0000255	PRO_0000388698	NFU1 iron-sulfur cluster scaffold homolog, mitochondrial	chain
Q8SYD0	?-369		PRO_0000408356	Tetratricopeptide repeat protein 19 homolog, mitochondrial	chain
Q8SYG2	1-445		PRO_0000120983	COP9 signalosome complex subunit 3	chain
Q8SYK4	1-144		PRO_0000463589	Protein bourbon	chain
Q8SYK5	1-376		PRO_0000434573	Protein insensitive	chain
Q8SYS7	1-477		PRO_0000383702	Probable cytosolic Fe-S cluster assembly factor CG17683	chain
Q8SYV9	24-533		PRO_0000013036	Probable G-protein coupled receptor Mth-like 14	chain
Q8SZ16	37-120		PRO_0000431383	Succinate dehydrogenase assembly factor 3, mitochondrial	chain
Q8SZ63	1-516		PRO_0000190066	Golgin-84	chain
Q8SZA8	30-152	ECO:0000255	PRO_0000447491	Adrenodoxin-like protein 2, mitochondrial	chain
Q8SZZ8	1-684		PRO_0000430425	Little elongation complex subunit 2	chain
Q8T045	21-411	ECO:0000255	PRO_0000342687	O-glucosyltransferase rumi	chain
Q8T053	1-434		PRO_0000047780	Zinc finger protein kipf	chain
Q8T062	1-1040		PRO_0000441993	Neprilysin-4	chain
Q8T079	1-602		PRO_0000312130	Cytokine-like nuclear factor N-PAC	chain
Q8T088	1-498		PRO_0000373961	WD repeat-containing protein 55 homolog	chain
Q8T0B1	1-131		PRO_0000286622	Nuclear envelope phosphatase-regulatory subunit 1 homolog	chain
Q8T0D4	1-299		PRO_0000072429	Protein tantalus	chain
Q8T0G4	1-629		PRO_0000439857	Rho GTPase-activating protein conundrum	chain
Q8T0Q4	1-226		PRO_0000459790	Charged multivesicular body protein 4	chain
Q8T0R7	27-444		PRO_0000011988	Chitinase-like protein Idgf5	chain
Q8T0S6	1-669		PRO_0000086001	Serine	chain
Q8T390	1-369		PRO_0000285838	Endophilin-A	chain
Q8T3L6	24-379		PRO_0000000590	Probable malonyl-CoA-acyl carrier protein transacylase, mitochondrial	chain
Q8T3U2	1-143		PRO_0000146465	Small ribosomal subunit protein uS12	chain
Q8T3X9	25-130		PRO_0000435362	Iron-sulfur cluster assembly 1 homolog, mitochondrial	chain
Q8T3Y0	1-351		PRO_0000056178	Probable E3 ubiquitin-protein ligase sinah	chain
Q8T498	1-1580		PRO_0000056662	Ras GTPase-activating protein raskol	chain
Q8T4E1	25-355	ECO:0000255	PRO_0000043371	Putative GPI-anchor transamidase	chain
Q8T4F7	1-980		PRO_0000227757	Protein enabled	chain
Q8T626	1-1240		PRO_0000079934	Protein disks lost	chain
Q8T6B9	1-637		PRO_0000081744	Poly(U)-binding-splicing factor hfp	chain
Q8T8L8	1-449		PRO_0000413533	Dol-P-Glc:Glc(2)Man(9)GlcNAc(2)-PP-Dol alpha-1,2-glucosyltransferase	chain
Q8T8R1	1-165		PRO_0000372843	CCHC-type zinc finger nucleic acid binding protein	chain
Q8T8S1	1-334		PRO_0000459585	DCN1-like protein 3	chain
Q8T913	1-381		PRO_0000458962	E3 ubiquitin-protein ligase Fancl	chain
Q8T9B6	19-180		PRO_0000385021	LDLR chaperone boca	chain
Q8WSF3	37-660		PRO_0000012017	Probable beta-hexosaminidase fdl	chain
Q8WTC1	?-280		PRO_0000030617	Small ribosomal subunit protein uS15m	chain
Q94511	28-731		PRO_0000019971	NADH-ubiquinone oxidoreductase 75 kDa subunit, mitochondrial	chain
Q94514	?-149		PRO_0000006104	Cytochrome c oxidase subunit 5A, mitochondrial	chain
Q94515	1-321		PRO_0000453621	Sphingolipid delta(4)-desaturase DES1	chain
Q94516	?-243		PRO_0000002517	ATP synthase subunit b, mitochondrial	chain
Q94517	1-521		PRO_0000114718	Histone deacetylase HDAC1	chain
Q94518	1-217		PRO_0000135586	Nascent polypeptide-associated complex subunit alpha	chain
Q94519	?-152		PRO_0000000563	Acyl carrier protein, mitochondrial	chain
Q94521	1-275		PRO_0000417450	Arylalkylamine N-acetyltransferase 1	chain
Q94522	22-328	ECO:0000255|HAMAP-Rule:MF_03222	PRO_0000033339	Succinate--CoA ligase [ADP	chain
Q94523	42-661		PRO_0000010340	Succinate dehydrogenase [ubiquinone] flavoprotein subunit, mitochondrial	chain
Q94524	1-111		PRO_0000195155	Dynein light chain Tctex-type	chain
Q94526	1-1001		PRO_0000101769	Open rectifier potassium channel protein 1	chain
Q94527	1-545	ECO:0000269|PubMed:11269501	PRO_0000030319	Nuclear factor NF-kappa-B p68 subunit	chain
Q94527	1-971	ECO:0000269|PubMed:11269501	PRO_0000030318	Nuclear factor NF-kappa-B p110 subunit	chain
Q94527	546-971	ECO:0000269|PubMed:11269501	PRO_0000030320	Nuclear factor NF-kappa-B p49 subunit	chain
Q94529	1-231		PRO_0000108069	Probable pseudouridine-5'-phosphatase	chain
Q94535	1-264		PRO_0000081997	Splicing factor U2af 38 kDa subunit	chain
Q94545	1-556		PRO_0000429418	Set1	chain
Q94546	1-725		PRO_0000064747	Another transcription unit protein	chain
Q94547	1-585		PRO_0000198335	Regulator of gene activity	chain
Q94887	36-1284		PRO_0000019512	Neurexin-4	chain
Q94890	1-660		PRO_0000184468	T-box protein H15	chain
Q94899	1-444		PRO_0000120974	COP9 signalosome complex subunit 2	chain
Q94900	23-456	ECO:0000255	PRO_0000000497	Glutamate-gated chloride channel	chain
Q94901	1-352		PRO_0000081758	RNA-binding protein lark	chain
Q94913	1-288		PRO_0000097241	Rhythmically expressed gene 5 protein	chain
Q94915	1-260		PRO_0000097240	Rhythmically expressed gene 2 protein	chain
Q94918	41-623		PRO_0000007774	Protein vein	chain
Q94920	2-282		PRO_0000050520	Voltage-dependent anion-selective channel	chain
Q94981	1-503		PRO_0000055754	E3 ubiquitin-protein ligase ariadne-1	chain
Q95028	1-332		PRO_0000168494	L-lactate dehydrogenase	chain
Q95029	154-326		PRO_0000026266	Cathepsin L heavy chain	chain
Q95029	330-371		PRO_0000026268	Cathepsin L light chain	chain
Q95078	1-538		PRO_0000051949	Cytochrome P450 18a1	chain
Q95083	1-244		PRO_0000124121	Proteasome subunit alpha type-5	chain
Q95NH6	24-241		PRO_0000004898	Attacin-C	chain
Q95R48	1-567		PRO_0000220515	Organic cation transporter-like protein	chain
Q95RA8	1-219		PRO_0000279700	MOB kinase activator-like 1	chain
Q95RA9	22-250	ECO:0000255	PRO_5008179656	GILT-like protein 1	chain
Q95RC0	1-377		PRO_0000320035	N-alpha-acetyltransferase 30A	chain
Q95RG8	1-731		PRO_0000452578	ARF GTPase-activating protein Git	chain
Q95RI5	1-418		PRO_0000417446	Failed axon connections	chain
Q95RJ9	1-700		PRO_0000050960	F-box-like	chain
Q95RN0	1-325		PRO_0000320937	FAM172 family protein homolog CG10038	chain
Q95RQ4	1-281		PRO_0000457721	3'-5' exonuclease Snipper	chain
Q95RQ8	1-683		PRO_0000459003	Zinc finger protein pita	chain
Q95RR8	1-790		PRO_0000426721	PAN2-PAN3 deadenylation complex subunit PAN3	chain
Q95RU0	27-644	ECO:0000255	PRO_0000386572	Protein cueball	chain
Q95RV2	1-345		PRO_0000379489	Telomere-binding protein cav	chain
Q95RW8	1-487		PRO_0000049202	Protein Optix	chain
Q95RX5	1-599		PRO_0000442702	E3 ubiquitin-protein ligase Kcmf1	chain
Q95SK3	1-509		PRO_0000220521	CDK5RAP3 protein homolog	chain
Q95SP2	16-626		PRO_0000280554	E3 ubiquitin-protein ligase HRD1	chain
Q95SS8	65-236		PRO_0000361548	Transmembrane protein 70 homolog, mitochondrial	chain
Q95ST2	1-594	ECO:0000255	PRO_0000390664	Protein wntless	chain
Q95SX7	1-906		PRO_0000076305	Probable RNA-directed DNA polymerase from transposon BS	chain
Q95SX8	1-276		PRO_0000413363	N-alpha-acetyltransferase 60	chain
Q95T10	22-421	ECO:0000255	PRO_0000433615	Glycosaminoglycan xylosylkinase homolog	chain
Q95T12	1-194		PRO_0000389234	Calcium channel flower	chain
Q95T19	?-464	ECO:0000305	PRO_0000436150	Serine--tRNA synthetase-like protein Slimp	chain
Q95T64	1-368		PRO_0000220623	Peptidoglycan-recognition protein LA	chain
Q95TJ9	1-566	ECO:0000305	PRO_0000436049	Cyclin G	chain
Q95TN1	1-438		PRO_0000321556	Probable trafficking protein particle complex subunit 13 homolog	chain
Q95TN4	1-776		PRO_0000213507	Conserved oligomeric Golgi complex subunit 4	chain
Q95TS5	1-654		PRO_0000437661	Integrator complex subunit 9	chain
Q95TU8	31-1072		PRO_0000036082	Netrin receptor unc-5	chain
Q95U54	1-959	ECO:0000305	PRO_0000452275	MMS19 nucleotide excision repair protein	chain
Q95UN8	1-1161		PRO_0000086269	Mitogen-activated protein kinase kinase kinase	chain
Q95V55	1-613		PRO_0000371436	Forkhead box protein O	chain
Q95YI5	1-373		PRO_0000213396	UDP-sugar transporter UST74c	chain
Q960C5	1-809		PRO_0000447859	Leucine-rich repeat and calponin homology domain-containing protein	chain
Q960E8	1-585		PRO_0000119247	General transcription factor IIH subunit 1	chain
Q960N3	1-483		PRO_0000050941	Protein cortex	chain
Q960T2	1-551		PRO_0000097584	Synapse-associated protein of 47 kDa	chain
Q960V3	1-1122		PRO_0000351143	Trafficking kinesin-binding protein milt	chain
Q960W6	1-516		PRO_0000376021	Putative fatty acyl-CoA reductase CG8306	chain
Q960X4	1-541		PRO_0000051583	Histone acetyltransferase Tip60	chain
Q960X8	1-760		PRO_0000084070	Hepatocyte growth factor-regulated tyrosine kinase substrate	chain
Q960Z0	1-805		PRO_0000125424	Kinesin-like protein Klp10A	chain
Q961C9	1-277		PRO_0000289192	Transport and Golgi organization protein 11	chain
Q961D9	1-1469		PRO_0000064884	Protein BCL9 homolog	chain
Q961G1	1-905		PRO_0000213502	Conserved oligomeric Golgi complex subunit 3	chain
Q961J5	1-604	ECO:0000305	PRO_0000447217	Beta-alanine transporter	chain
Q967D7	1-1531		PRO_0000306106	Protein turtle	chain
Q967S7	1-467		PRO_0000076221	Retrovirus-related Gag polyprotein from transposon HMS-Beagle	chain
Q99323	1-2057		PRO_0000123388	Myosin heavy chain, non-muscle	chain
Q9BIR7	1-641		PRO_0000078335	Major heat shock 70 kDa protein Bc	chain
Q9BIS2	1-641		PRO_0000078333	Major heat shock 70 kDa protein Bb	chain
Q9BJZ5	1-967		PRO_0000370633	RNA-binding protein fusilli	chain
Q9GN97	1-282		PRO_0000220625	Peptidoglycan-recognition protein LD	chain
Q9GNK5	1-520		PRO_0000220624	Peptidoglycan-recognition protein LC	chain
Q9GNL3	19-321	ECO:0000255	PRO_0000420127	Transmembrane protein fend	chain
Q9GPJ1	29-1503		PRO_0000097778	Protein Skeletor, isoforms D	chain
Q9GQF1	1-1227		PRO_0000220636	JNK-interacting protein 3	chain
Q9GQN0	1-1098		PRO_0000204715	Ran-binding protein 16	chain
Q9GQN5	1-1311		PRO_0000074309	Transcriptional regulator ATRX homolog	chain
Q9GQQ0	1-605		PRO_0000363955	Protein spinster	chain
Q9GSR1	1-2130		PRO_0000448742	DNA polymerase zeta catalytic subunit	chain
Q9GU68	1-159		PRO_0000142460	Eukaryotic translation initiation factor 5A	chain
Q9GYU7	1-133		PRO_0000303160	Mediator of RNA polymerase II transcription subunit 10	chain
Q9GYU8	1-702		PRO_0000204886	Nuclear pore complex protein Nup88	chain
Q9GYV5	1-387		PRO_0000096781	NF-kappa-B essential modulator	chain
Q9GYV9	1-220		PRO_0000303189	Mediator of RNA polymerase II transcription subunit 7	chain
Q9I7D3	1-961		PRO_0000372862	Caprin homolog	chain
Q9I7F7	1-1337		PRO_0000088132	Activated Cdc42 kinase-like	chain
Q9I7H9	1-536		PRO_0000429171	Prolyl 3-hydroxylase sudestada1	chain
Q9I7I0	1-575		PRO_0000080376	G2	chain
Q9I7I7	1-355		PRO_0000417406	NAD-dependent protein deacetylase Sirt2	chain
Q9I7K0	1-208		PRO_0000355128	Microtubule-associated protein Jupiter	chain
Q9I7K5	21-216	ECO:0000255	PRO_0000393927	Transmembrane emp24 domain-containing protein eca	chain
Q9I7K6	1-492		PRO_0000372864	Nuclear autoantigenic sperm protein homolog	chain
Q9I7M2	1-383		PRO_0000312635	GTP-binding protein 10 homolog	chain
Q9I7S6	1-1526		PRO_0000438863	High affinity cGMP-specific 3',5'-cyclic phosphodiesterase 9A	chain
Q9I7S8	1-429		PRO_0000075035	Bifunctional phosphoribosylaminoimidazole carboxylase	chain
Q9I7T7	1-1531		PRO_0000372865	La-related protein Larp4B	chain
Q9I7U4	1-18141		PRO_0000247656	Titin	chain
Q9I7W5	1-428		PRO_0000114329	Something about silencing protein 10	chain
Q9I7X6	1-456		PRO_0000372646	Carnosine N-methyltransferase unmet	chain
Q9I816	1-387		PRO_0000174230	Odorant receptor 19a	chain
Q9N2M8	1-1080		PRO_0000021402	Headcase protein	chain
Q9N2M8	1-650		PRO_0000021403	Headcase short protein	chain
Q9N2P6	1-81		PRO_0000065779	Ventrally expressed gene D protein	chain
Q9N658	1-541		PRO_0000046922	Zinc finger protein sens	chain
Q9NB04	1-871		PRO_0000094591	Patj homolog	chain
Q9NB71	1-5233		PRO_0000055971	E3 ubiquitin-protein ligase highwire	chain
Q9NBD7	1-1491		PRO_0000272276	CLIP-associating protein	chain
Q9NBK5	1-463		PRO_0000279717	Serine	chain
Q9NBW1	23-705		PRO_0000013014	Frizzled-4	chain
Q9NBX4	1-908		PRO_0000076306	Probable RNA-directed DNA polymerase from transposon X-element	chain
Q9NBX5	1-501		PRO_0000076222	Nucleic-acid-binding protein from transposon X-element	chain
Q9NDJ2	1-3198		PRO_0000311238	Chromatin remodeling protein domino	chain
Q9NDM2	1-392		PRO_0000069672	Protein trapped in endoderm-1	chain
Q9NEF6	1-249		PRO_0000144237	V-type proton ATPase subunit D 2	chain
Q9NFP1	23-531	ECO:0000255	PRO_0000019724	Vanin-like protein 1	chain
Q9NFP5	1-158		PRO_0000220751	SH3 domain-binding glutamic acid-rich protein homolog	chain
Q9NFT7	1-486		PRO_0000197597	Hexokinase-2	chain
Q9NFT9	1-465		PRO_0000197596	Hexokinase-like protein	chain
Q9NFU0	1-684		PRO_0000050109	Fragile X messenger ribonucleoprotein 1 homolog	chain
Q9NFZ3	2-69		PRO_0000012679	Guanine nucleotide-binding protein subunit gamma-e	chain
Q9NG98	1-1250		PRO_0000145195	DNA topoisomerase 3-alpha	chain
Q9NGC3	1-995		PRO_0000074221	Centaurin-gamma-1A	chain
Q9NGX9	?-489		PRO_0000003629	Cytochrome P450 302a1, mitochondrial	chain
Q9NHA8	26-490		PRO_0000002819	Gram-negative bacteria-binding protein 3	chain
Q9NHB0	20-494		PRO_0000002817	Gram-negative bacteria-binding protein 1	chain
Q9NHD5	1-184		PRO_0000074578	Probable N-acetyltransferase san	chain
Q9NHE5	1-1447		PRO_0000053872	Calcium-dependent secretion activator	chain
Q9NHV9	1-793		PRO_0000080983	Protein vav	chain
Q9NHX0	1-122		PRO_0000056018	RING-box protein 1B	chain
Q9NI63	1-533		PRO_0000086577	Membrane-associated tyrosine- and threonine-specific cdc2-inhibitory kinase	chain
Q9NII1	1-676		PRO_0000004790	Double-stranded RNA-specific editase Adar	chain
Q9NIV1	40-1162		PRO_0000024326	Eukaryotic translation initiation factor 2-alpha kinase	chain
Q9NIV2	1-172		PRO_0000068268	Stellate orphon protein at 12D	chain
Q9NJB5	1-1081		PRO_0000202407	Homeobox protein onecut	chain
Q9NJG9	1-900		PRO_0000047059	Polycomb protein Su(z)12	chain
Q9NJH0	1-431		PRO_0000208824	Elongation factor 1-gamma	chain
Q9NK54	1-1711		PRO_0000089644	Protein chiffon	chain
Q9NK54	1-?		PRO_0000462408	Chiffon-A	chain
Q9NK54	?-1711		PRO_0000462409	Chiffon-C	chain
Q9NK57	1-292		PRO_0000147352	NIF3-like protein 1	chain
Q9NKV0	1-376		PRO_0000220756	Myeloid leukemia factor	chain
Q9NLA6	1-332		PRO_0000021872	Out at first short protein	chain
Q9NLA6	1-487		PRO_0000021871	Out at first protein	chain
Q9TVM2	1-1063		PRO_0000204708	Exportin-1	chain
Q9TVP3	1-195		PRO_0000071070	J domain-containing protein	chain
Q9TVQ5	1-116		PRO_0000210332	Transcription elongation factor SPT4	chain
Q9U1H0	1-1832		PRO_0000048600	Putative transcription factor capicua	chain
Q9U1H8	1-302		PRO_0000194832	CAAX prenyl protease 2	chain
Q9U1H9	1-672		PRO_0000220538	Nuclear RNA export factor 1	chain
Q9U1I1	1-785		PRO_0000288827	Protein espinas	chain
Q9U1K1	1-1020		PRO_0000309573	Protein spire	chain
Q9U1M2	1-387		PRO_0000174338	Transmembrane protein 120 homolog	chain
Q9U3V5	1-1024		PRO_0000047068	Protein tiptop	chain
Q9U3V9	1-2079		PRO_0000082006	Protein xmas	chain
Q9U3W6	1-365		PRO_0000312795	Protein mab-21	chain
Q9U3Z7	1-127		PRO_0000136782	NHP2-like protein 1 homolog	chain
Q9U405	1-570		PRO_0000046923	Transcription factor grauzone	chain
Q9U4F3	1-300		PRO_0000215657	SURF1-like protein	chain
Q9U4G1	34-719	ECO:0000255	PRO_5006752482	Protein borderless	chain
Q9U4H5	33-284		PRO_0000298999	TM2 domain-containing protein almondex	chain
Q9U4L6	1-344		PRO_0000051530	Mitochondrial import receptor subunit TOM40 homolog 1	chain
Q9U5L1	1-614		PRO_0000101215	Signal recognition particle receptor subunit alpha homolog	chain
Q9U5W9	1-167		PRO_0000118899	Transcription initiation factor TFIID subunit 10	chain
Q9U616	?-165		PRO_0000010728	Glycine cleavage system H protein, mitochondrial	chain
Q9U6A0	1-881		PRO_0000209496	Sodium	chain
Q9U6B8	1-351		PRO_0000234388	Calcium release-activated calcium channel protein 1	chain
Q9U6L4	1-970		PRO_0000312256	Protein tweety	chain
Q9U6L5	21-377		PRO_0000022034	Ejaculatory bulb-specific protein 1	chain
Q9U6M0	27-409		PRO_0000291992	Evolutionarily conserved signaling intermediate in Toll pathway, mitochondrial	chain
Q9U6Y9	1-610		PRO_0000212340	Protein arginine N-methyltransferase 5	chain
Q9U915	1-240		PRO_0000365706	Adenylate kinase 2	chain
Q9U969	1-1425		PRO_0000172527	Neuropathy target esterase sws	chain
Q9U9P7	1-273		PRO_0000287533	Cytoplasmic phosphatidylinositol transfer protein 1	chain
Q9U9Q4	1-338		PRO_0000365188	Eukaryotic translation initiation factor 3 subunit H	chain
Q9UAS6	1-700		PRO_0000388728	Cap-specific mRNA (nucleoside-2'-O-)-methyltransferase 2	chain
Q9V333	1-495		PRO_0000234379	Probable lysine-specific demethylase 4A	chain
Q9V345	1-407		PRO_0000120992	COP9 signalosome complex subunit 4	chain
Q9V359	1-210		PRO_0000120954	Vacuolar protein sorting-associated protein 28 homolog	chain
Q9V399	1-503		PRO_0000052312	Probable cytochrome P450 303a1	chain
Q9V3A4	1-449		PRO_0000213693	Protein catecholamines up	chain
Q9V3A6	30-483		PRO_0000008421	Ero1-like protein	chain
Q9V3B4	1-239		PRO_0000271422	Fas-associated death domain protein	chain
Q9V3B6	1-259		PRO_0000291552	Protein CWC15 homolog	chain
Q9V3C0	1-619		PRO_0000054974	ATP-dependent RNA helicase abstrakt	chain
Q9V3C1	1-178		PRO_0000076363	Protein Vhl	chain
Q9V3C5	1-1429		PRO_0000320664	Guanine nucleotide exchange factor subunit Rich	chain
Q9V3D2	1-390		PRO_0000109875	Oxygen-dependent coproporphyrinogen-III oxidase	chain
Q9V3D4	21-440		PRO_0000011983	Chitinase-like protein Idgf2	chain
Q9V3D5	1-722		PRO_0000085937	Dual specificity tyrosine-phosphorylation-regulated kinase 2	chain
Q9V3D6	1-756		PRO_0000074397	Probable cleavage and polyadenylation specificity factor subunit 2	chain
Q9V3F3	45-410	ECO:0000255	PRO_0000438974	Transcription termination factor, mitochondrial	chain
Q9V3G1	1-256		PRO_0000129754	Large ribosomal subunit protein uL2	chain
Q9V3G3	1-300		PRO_0000064159	Peptidyl-prolyl cis-trans isomerase E	chain
Q9V3G6	1-635		PRO_0000372844	CCR4-NOT transcription complex subunit 10	chain
Q9V3G7	1-389		PRO_0000173841	26S proteasome non-ATPase regulatory subunit 6	chain
Q9V3H2	1-308		PRO_0000213955	26S proteasome non-ATPase regulatory subunit 14	chain
Q9V3H8	1-133		PRO_0000194796	NTF2-related export protein	chain
Q9V3I2	1-219		PRO_0000459436	Ras-related protein Rab5	chain
Q9V3I5	1-1207		PRO_0000086039	Chromosomal serine	chain
Q9V3I8	1-343		PRO_0000058594	N-glycosylase	chain
Q9V3J1	1-468		PRO_0000124196	V-type proton ATPase subunit H	chain
Q9V3J3	21-76	ECO:0000255	PRO_0000021764	Accessory gland-specific peptide 57Dc	chain
Q9V3J4	1-356	ECO:0000305	PRO_0000439657	Protein SEC13 homolog	chain
Q9V3J8	1-361		PRO_0000051433	Protein will die slowly	chain
Q9V3K3	1-481		PRO_0000306323	RuvB-like helicase 2	chain
Q9V3L1	1-1048		PRO_0000085226	Bifunctional heparan sulfate N-deacetylase	chain
Q9V3L6	1-154		PRO_0000385266	Nuclear cap-binding protein subunit 2	chain
Q9V3N1	26-447	ECO:0000255	PRO_5007718039	Serine protease inhibitor 27A	chain
Q9V3N2	1-384		PRO_0000174249	Odorant receptor 46a, isoform B	chain
Q9V3N8	1-286		PRO_0000284987	Probable tRNA(His) guanylyltransferase	chain
Q9V3P0	1-194		PRO_0000135085	Peroxiredoxin 2	chain
Q9V3P6	1-1020		PRO_0000173804	26S proteasome non-ATPase regulatory subunit 1	chain
Q9V3Q2	1-409		PRO_0000174241	Odorant receptor 35a	chain
Q9V3Q6	1-678		PRO_0000086254	Mitogen-activated protein kinase kinase kinase 7	chain
Q9V3R1	24-912		PRO_0000020583	Accessory gland protein Acp36DE	chain
Q9V3R6	1-394		PRO_0000287651	tRNA-specific adenosine deaminase 1	chain
Q9V3R8	1-359		PRO_0000242631	UbiA prenyltransferase domain-containing protein 1 homolog	chain
Q9V3S0	1-556		PRO_0000051843	Cytochrome P450 4g1	chain
Q9V3S9	1-666		PRO_0000315817	Very long-chain-fatty-acid--CoA ligase bubblegum	chain
Q9V3T9	?-466		PRO_0000019424	NADPH:adrenodoxin oxidoreductase, mitochondrial	chain
Q9V3U0	1-681		PRO_0000315818	Long-chain-fatty-acid--CoA ligase heimdall	chain
Q9V3U2	1-160		PRO_0000136772	H	chain
Q9V3U9	1-215		PRO_0000071958	Protein slowmo	chain
Q9V3V0	1-258		PRO_0000460193	Serine	chain
Q9V3V7	1-222		PRO_0000392420	Kinetochore protein Spc25	chain
Q9V3W0	1-138		PRO_0000438174	RutC family protein UK114	chain
Q9V3W6	1-438		PRO_0000208503	Innexin inx7	chain
Q9V3X4	19-370	ECO:0000255	PRO_0000420612	Seipin	chain
Q9V3X5	1-938		PRO_0000280299	Protein O-mannosyl-transferase Tmtc2	chain
Q9V3Y0	1-215		PRO_0000459361	Ankyrin repeat domain-containing protein 49	chain
Q9V3Y2	1-248		PRO_0000392317	Anamorsin homolog	chain
Q9V3Y3	18-159		PRO_0000372770	Defense protein l(2)34Fc	chain
Q9V3Z1	1-484		PRO_0000442851	Tribbles	chain
Q9V3Z2	137-391	ECO:0000305|PubMed:24260243	PRO_5007718041	Serine protease 7	chain
Q9V3Z6	1-2167		PRO_0000306376	Myosin-VIIa	chain
Q9V407	1-745		PRO_0000220894	Axin	chain
Q9V410	1-975		PRO_0000446385	Leucine-zipper-like transcriptional regulator 1 homolog	chain
Q9V411	1-652		PRO_0000195027	Nucleolar GTP-binding protein 1	chain
Q9V412	1-247		PRO_0000287615	STING ER exit protein	chain
Q9V419	1-505		PRO_0000051988	Probable cytochrome P450 28a5	chain
Q9V422	41-584		PRO_0000024467	Tyrosine-protein kinase Dnt	chain
Q9V427	1-367		PRO_0000208496	Innexin inx2	chain
Q9V429	1-106		PRO_0000120034	Thioredoxin-2	chain
Q9V431	1-536		PRO_0000378097	Apoptosis inhibitor 5 homolog	chain
Q9V438	20-433		PRO_5007929183	Protein disulfide-isomerase A6 homolog	chain
Q9V439	1-143		PRO_0000308574	Mediator of RNA polymerase II transcription subunit 22	chain
Q9V444	1-128		PRO_0000448437	DNA polymerase epsilon subunit 3	chain
Q9V447	1-276		PRO_0000220903	Krueppel homolog 2	chain
Q9V452	1-140		PRO_0000448482	Chromatin accessibility complex 16kD protein	chain
Q9V460	1-1078		PRO_0000208473	Transcription elongation factor SPT5	chain
Q9V461	1-817		PRO_0000233315	DNA replication licensing factor Mcm6	chain
Q9V463	1-1365	ECO:0000305	PRO_0000442728	Nuclear pore complex protein Nup154	chain
Q9V464	1-218		PRO_0000284025	Histone chaperone asf1	chain
Q9V466	1-845	ECO:0000305	PRO_0000441254	Nuclear pore complex protein Nup107	chain
Q9V468	1-1260		PRO_0000372852	Zinc finger matrin-type protein CG9776	chain
Q9V477	22-1346		PRO_5007216111	Toll-like receptor Tollo	chain
Q9V492	1-168		PRO_0000234404	Mitochondrial inner membrane protein Mpv17	chain
Q9V496	26-706		PRO_0000041526	Apolipophorin-2	chain
Q9V496	707-3351		PRO_0000041527	Apolipophorin-1	chain
Q9V498	27-978		PRO_0000004029	Calsyntenin-1	chain
Q9V4A7	34-2051		PRO_0000248554	Plexin-B	chain
Q9V4C0	?-463		PRO_0000457040	Dopaminechrome tautomerase	chain
Q9V4C8	1-?		PRO_0000016647	HCF N-terminal chain	chain
Q9V4C8	?-1500		PRO_0000016648	HCF C-terminal chain	chain
Q9V4F9	1-1483		PRO_0000304962	Mediator of RNA polymerase II transcription subunit 26	chain
Q9V4I0	1-505		PRO_0000051916	Cytochrome P450 9b1	chain
Q9V4I1	1-505		PRO_0000051917	Cytochrome P450 9b2	chain
Q9V4K2	1-427		PRO_0000216514	Gustatory receptor for sugar taste 43a	chain
Q9V4L4	1-201		PRO_0000225685	NF-kappa-B inhibitor-interacting Ras-like protein	chain
Q9V4M2	1-832		PRO_0000220369	Protein wech	chain
Q9V4N3	1-134		PRO_0000166016	Cytochrome b5	chain
Q9V4P1	1-1239		PRO_0000227968	Anillin	chain
Q9V4Q0	1-430		PRO_0000216515	Gustatory receptor-like 43a	chain
Q9V4Q8	1-265		PRO_0000074177	Probable U2 small nuclear ribonucleoprotein A	chain
Q9V4S8	1-278		PRO_0000121002	COP9 signalosome complex subunit 7	chain
Q9V4T3	1-516		PRO_0000051829	Probable cytochrome P450 4ad1	chain
Q9V4T5	1-531		PRO_0000051840	Probable cytochrome P450 4e1	chain
Q9V4U7	1-509		PRO_0000051870	Probable cytochrome P450 6a14	chain
Q9V4U9	1-493		PRO_0000051869	Probable cytochrome P450 6a13	chain
Q9V4W1	1-677		PRO_0000204827	mRNA export factor Gle1	chain
Q9V4X2	21-184		PRO_0000023912	Peptidoglycan-recognition protein SC2	chain
Q9V4Z9	1-858		PRO_0000084437	Protein lines	chain
Q9V521	51-684		PRO_0000035908	Phenoloxidase 2	chain
Q9V535	1-165		PRO_0000081765	RNA-binding protein 8A	chain
Q9V557	1-520		PRO_0000051846	Probable cytochrome P450 4p2	chain
Q9V558	1-513		PRO_0000051845	Cytochrome P450 4p1	chain
Q9V559	1-515		PRO_0000051847	Probable cytochrome P450 4p3	chain
Q9V564	1-630		PRO_0000213516	Conserved oligomeric Golgi complex subunit 6	chain
Q9V568	1-378		PRO_0000174246	Odorant receptor 45a	chain
Q9V574	1-221		PRO_0000046927	Protein lethal(2)k10201	chain
Q9V576	1-379		PRO_0000220917	Putative phosphatidate phosphatase	chain
Q9V579	1-236		PRO_0000058569	Protein preli-like	chain
Q9V589	1-396		PRO_0000174247	Odorant receptor 45b	chain
Q9V595	1-356		PRO_0000187573	Uroporphyrinogen decarboxylase	chain
Q9V597	1-124		PRO_0000153771	Large ribosomal subunit protein eL31	chain
Q9V5C6	1-253		PRO_0000124097	Proteasome subunit alpha type-3	chain
Q9V5E1	34-541		PRO_0000248573	Peptidyl-alpha-hydroxyglycine alpha-amidating lyase 1	chain
Q9V5L3	1-589		PRO_0000051996	Probable cytochrome P450 49a1	chain
Q9V5M3	1-878		PRO_0000047077	Longitudinals lacking protein, isoforms N	chain
Q9V5M6	1-963		PRO_0000047076	Longitudinals lacking protein, isoforms J	chain
Q9V5N8	30-3579		PRO_0000012921	Protocadherin-like wing polarity protein stan	chain
Q9V5P6	1-64		PRO_0000149005	H	chain
Q9V5Q4	1-226		PRO_0000250384	Pre-mRNA-splicing factor Syf2	chain
Q9V5Z7	1-245		PRO_0000063976	Aquaporin	chain
Q9V629	1-384		PRO_0000249826	Protein cutoff	chain
Q9V637	1-270		PRO_0000220924	Proteasome inhibitor PI31 subunit	chain
Q9V668	1-68		PRO_0000104202	Protein transport protein Sec61 gamma-1 subunit	chain
Q9V674	1-524		PRO_0000051883	Cytochrome P450 6g1	chain
Q9V675	1-519		PRO_0000051884	Probable cytochrome P450 6g2	chain
Q9V676	1-501		PRO_0000051889	Probable cytochrome P450 6t3	chain
Q9V677	1-1890		PRO_0000212562	Proteasome-associated protein ECM29 homolog	chain
Q9V6A9	1-396		PRO_0000174252	Odorant receptor 49a	chain
Q9V6B9	1-610		PRO_0000204873	Probable nucleoporin Nup54	chain
Q9V6D6	?-553		PRO_0000003628	Probable cytochrome P450 301a1, mitochondrial	chain
Q9V6G5	1-378		PRO_0000220933	Tafazzin	chain
Q9V6H1	1-518		PRO_0000051921	Probable cytochrome P450 9h1	chain
Q9V6H2	1-375		PRO_0000174253	Odorant receptor 49b	chain
Q9V6K1	1-1441		PRO_0000076425	Tripeptidyl-peptidase 2	chain
Q9V6K3	42-724		PRO_0000024463	Tyrosine-protein kinase transmembrane receptor Ror2	chain
Q9V6L0	1-590		PRO_0000234380	Probable lysine-specific demethylase 4B	chain
Q9V6L9	1-255		PRO_0000119949	F-box	chain
Q9V6Q2	1-225		PRO_0000249474	Histone H3-like centromeric protein cid	chain
Q9V6U8	1-450		PRO_0000194946	Nedd8-activating enzyme E1 catalytic subunit	chain
Q9V6U9	20-357		PRO_0000000894	Enoyl-[acyl-carrier-protein] reductase, mitochondrial	chain
Q9V6X7	24-402		PRO_0000012153	GDP-fucose protein O-fucosyltransferase 1	chain
Q9V6Y3	1-129		PRO_0000167329	Small ribosomal subunit protein bS16m	chain
Q9V719	1-569		PRO_0000218772	Stress-activated map kinase-interacting protein 1	chain
Q9V726	1-1455		PRO_0000074389	Cleavage and polyadenylation specificity factor subunit 1	chain
Q9V727	1-1669		PRO_0000059323	Polycomb group protein Asx	chain
Q9V730	1-760		PRO_0000149664	Exostosin-1	chain
Q9V751	29-218		PRO_0000004896	Attacin-B	chain
Q9V769	1-499		PRO_0000051876	Cytochrome P450 6a22	chain
Q9V770	1-501		PRO_0000051871	Probable cytochrome P450 6a17	chain
Q9V771	1-502		PRO_0000051877	Probable cytochrome P450 6a23	chain
Q9V773	1-501		PRO_0000051874	Probable cytochrome P450 6a20	chain
Q9V774	1-504		PRO_0000051875	Probable cytochrome P450 6a21	chain
Q9V776	1-518		PRO_0000052330	Probable cytochrome P450 317a1	chain
Q9V778	1-631		PRO_0000128179	Alkylglycerone-phosphate synthase	chain
Q9V780	1-849		PRO_0000188306	Protein lap1	chain
Q9V784	1-443		PRO_0000215941	SAM50-like protein CG7639	chain
Q9V785	1-477		PRO_0000064367	SH3 domain-binding protein 5 homolog	chain
Q9V7A4	19-1069		PRO_0000016329	Integrin alpha-PS4	chain
Q9V7A7	1-336		PRO_0000066975	G patch domain and ankyrin repeat-containing protein 1 homolog	chain
Q9V7D2	1-246		PRO_0000144236	V-type proton ATPase subunit D 1	chain
Q9V7G5	1-510		PRO_0000051825	Probable cytochrome P450 4aa1	chain
Q9V7H4	33-1567	ECO:0000255	PRO_0000097537	Transmembrane protein 131 homolog	chain
Q9V7N5	1-836		PRO_0000209353	V-type proton ATPase subunit C	chain
Q9V7P1	1-506		PRO_0000051409	U3 small nucleolar RNA-associated protein 18 homolog	chain
Q9V7S5	1-529		PRO_0000220946	Putative inorganic phosphate cotransporter	chain
Q9V7U0	18-620	ECO:0000255	PRO_0000042845	Pro-resilin	chain
Q9V7W1	1-449		PRO_0000246237	GPI mannosyltransferase 2	chain
Q9V7Y2	1-545		PRO_0000147016	Sphingosine-1-phosphate lyase	chain
Q9V813	1-289		PRO_0000184548	S-methyl-5'-thioadenosine phosphorylase	chain
Q9V817	19-517		PRO_0000013026	Probable G-protein coupled receptor Mth-like 4	chain
Q9V818	22-511		PRO_0000013025	Probable G-protein coupled receptor Mth-like 3	chain
Q9V831	1-195		PRO_0000174013	Anaphase-promoting complex subunit 10	chain
Q9V853	1-1061		PRO_0000120330	E3 ubiquitin-protein ligase Smurf1	chain
Q9V877	1-628		PRO_0000125427	Kinesin-like protein subito	chain
Q9V895	1-261		PRO_0000240188	Acidic leucine-rich nuclear phosphoprotein 32 family member A	chain
Q9V8F3	1-119		PRO_0000220954	Protein GSKIP homolog	chain
Q9V8F5	21-117		PRO_0000021508	Bomanin Bicipital 1	chain
Q9V8I2	1-125		PRO_0000220963	Ragulator complex protein LAMTOR2 homolog	chain
Q9V8K2	1-738		PRO_0000118929	Exocyst complex component 3	chain
Q9V8M2	?-535		PRO_0000003611	Probable cytochrome P450 12b2, mitochondrial	chain
Q9V8M5	26-324		PRO_0000007161	3-hydroxyisobutyrate dehydrogenase, mitochondrial	chain
Q9V8P9	1-1038		PRO_0000232628	E3 ubiquitin-protein ligase Topors	chain
Q9V8R9	1-1698		PRO_0000219394	Protein 4.1 homolog	chain
Q9V8W3	1-511		PRO_0000056691	Rab proteins geranylgeranyltransferase component A	chain
Q9V8Y2	20-139		PRO_0000012569	General odorant-binding protein 56a	chain
Q9V8Y7	1-419		PRO_0000174254	Odorant receptor 56a	chain
Q9V8Y9	20-134		PRO_0000012571	General odorant-binding protein 56h	chain
Q9V931	17-149	ECO:0000255	PRO_0000012574	General odorant-binding protein 57c	chain
Q9V938	21-136	ECO:0000255	PRO_0000012576	General odorant-binding protein 57e	chain
Q9V968	1-218		PRO_0000212695	MIP18 family protein galla-1	chain
Q9V969	1-416		PRO_0000216517	Putative gustatory receptor 57a	chain
Q9V979	1-488		PRO_0000051890	Probable cytochrome P450 6u1	chain
Q9V998	1-73		PRO_0000114872	Ubiquitin-like protein 5	chain
Q9V9A7	30-578		PRO_0000000297	Probable methylcrotonoyl-CoA carboxylase beta chain, mitochondrial	chain
Q9V9A8	1-880		PRO_0000127425	Protein phtf	chain
Q9V9E3	30-1034		PRO_0000249937	Presequence protease, mitochondrial	chain
Q9V9I2	1-406		PRO_0000174242	Odorant receptor 42a	chain
Q9V9I4	1-399		PRO_0000174243	Odorant receptor 42b	chain
Q9V9J3	1-517		PRO_0000088139	Tyrosine-protein kinase Src42A	chain
Q9V9K7	1-943		PRO_0000220968	Serrate RNA effector molecule homolog	chain
Q9V9L1	1-514		PRO_0000051892	Probable cytochrome P450 6w1	chain
Q9V9M8	?-293		PRO_0000459127	Iron-sulfur cluster transfer protein Nubpl	chain
Q9V9N1	20-732	ECO:0000255	PRO_5004334452	Ionotropic receptor 40a	chain
Q9V9N4	1-561		PRO_0000459220	Transcription factor Clamp	chain
Q9V9P3	?-343		PRO_0000043121	Mitochondrial import inner membrane translocase subunit TIM50-A	chain
Q9V9S7	1-1866		PRO_0000312161	Rho GTPase-activating protein 100F	chain
Q9V9S8	?-384		PRO_0000008877	Ferrochelatase, mitochondrial	chain
Q9V9U4	1-302		PRO_0000248582	Deoxyhypusine hydroxylase	chain
Q9V9V9	1-200		PRO_0000286876	Alpha	chain
Q9V9W8	1-815		PRO_0000097124	Protein pygopus	chain
Q9V9X4	1-364		PRO_0000401978	Methylthioribose-1-phosphate isomerase 1	chain
Q9V9Y4	19-526		PRO_5015100030	pH-sensitive chloride channel 2	chain
Q9V9Y9	1-364		PRO_0000437139	Protein spindle-F	chain
Q9V9Z1	?-195		PRO_0000030515	Large ribosomal subunit protein bL32m	chain
Q9V9Z9	1-307		PRO_0000119997	Probable rRNA-processing protein EBP2 homolog	chain
Q9VA00	1-641		PRO_0000314808	Protein zwilch	chain
Q9VA02	?-919		PRO_0000307943	Probable 2-oxoadipate dehydrogenase complex component E1 homolog	chain
Q9VA12	1-251		PRO_0000124110	Proteasome subunit alpha type-4-like	chain
Q9VA27	1-535		PRO_0000051831	Cytochrome P450 4c3	chain
Q9VA37	1-187		PRO_0000439172	Protein dj-1beta	chain
Q9VA38	1-1105		PRO_0000394392	Serine	chain
Q9VA70	24-704		PRO_0000247106	Neutral ceramidase	chain
Q9VA73	1-695		PRO_0000090606	Electrogenic aspartate	chain
Q9VA83	20-227		PRO_5015100066	Ferritin light chain	chain
Q9VA91	1-194		PRO_0000174200	Small ribosomal subunit protein eS7	chain
Q9VAB8	1-457		PRO_0000459004	Zinc finger protein ZIPIC	chain
Q9VAC5	212-732		PRO_0000029095	ADAM 17-like protease	chain
Q9VAC8	1-472		PRO_0000189979	Spindle assembly abnormal protein 6 homolog	chain
Q9VAD6	1-742		PRO_0000213519	Conserved oligomeric Golgi complex subunit 7	chain
Q9VAF0	1-355		PRO_0000213694	Zinc transporter ZIP13 homolog	chain
Q9VAF5	29-1706	ECO:0000255	PRO_5008180598	Cadherin-99C	chain
Q9VAF7	1-201		PRO_0000438920	Protamine-like protein 99C	chain
Q9VAG4	1-447		PRO_0000437208	Vacuolar protein sorting-associated protein 16B	chain
Q9VAH4	1-314		PRO_0000377398	Protein phosphatase PTC7 homolog fig	chain
Q9VAH9	1-597		PRO_0000437670	Integrator complex subunit 11	chain
Q9VAI0	1-219		PRO_0000074557	Probable glucosamine 6-phosphate N-acetyltransferase	chain
Q9VAI1	30-296		PRO_0000005467	Complex I intermediate-associated protein 30, mitochondrial	chain
Q9VAI6	17-149		PRO_0000012579	General odorant-binding protein 99b	chain
Q9VAJ3	1-511		PRO_0000420126	Pickpocket protein 19	chain
Q9VAJ4	17-142		PRO_0000012578	General odorant-binding protein 99a	chain
Q9VAK8	25-115		PRO_5006752568	Protein Diedel	chain
Q9VAL0	1-98		PRO_0000215159	Signal peptidase complex subunit 1	chain
Q9VAM5	1-872		PRO_0000463505	Bromodomain-containing protein 8	chain
Q9VAM6	1-133		PRO_0000316010	CDGSH iron-sulfur domain protein	chain
Q9VAM9	1-179		PRO_0000402127	Guanosine-3',5'-bis(diphosphate) 3'-pyrophosphohydrolase MESH1	chain
Q9VAN0	1-364		PRO_0000150139	Phosphoserine aminotransferase	chain
Q9VAN6	1-276		PRO_0000100361	Histone RNA hairpin-binding protein	chain
Q9VAP2	1-654	ECO:0000305	PRO_0000438655	Augmin complex subunit dgt6	chain
Q9VAP3	1-796		PRO_0000359734	Choline transporter-like 2	chain
Q9VAQ1	1-771		PRO_0000417363	NAD-dependent protein deacetylase Sirt7	chain
Q9VAQ5	1-306		PRO_0000101469	Probable dimethyladenosine transferase	chain
Q9VAQ7	1-574		PRO_0000289202	Pre-mRNA-splicing factor Slu7	chain
Q9VAQ8	1-323		PRO_0000463258	Beta1,4-N-acetylgalactosaminyltransferase B	chain
Q9VAS7	1-395		PRO_0000208498	Innexin inx3	chain
Q9VAT2	1-621		PRO_0000306838	DDB1- and CUL4-associated factor 10 homolog	chain
Q9VAU9	1-315		PRO_0000066589	Zinc finger protein 330 homolog	chain
Q9VAW0	1-384		PRO_0000174285	Putative odorant receptor 98b	chain
Q9VAW5	1-1673		PRO_0000207613	La-related protein 1	chain
Q9VAY3	1-379		PRO_0000235262	Mitoferrin	chain
Q9VAY7	1-359		PRO_0000326518	Protein FAM50 homolog	chain
Q9VAZ3	1-397		PRO_0000174284	Odorant receptor 98a	chain
Q9VB08	1-435		PRO_0000056113	E3 ubiquitin-protein ligase RING1	chain
Q9VB11	1-3303		PRO_0000367809	Protein unc-80 homolog	chain
Q9VB14	1-163		PRO_0000116366	Small ribosomal subunit protein eS10A	chain
Q9VB25	1-1265		PRO_0000436181	Kinesin-like protein Klp98A	chain
Q9VB26	1-403		PRO_0000216547	Putative gustatory receptor 98b	chain
Q9VB30	1-391		PRO_0000216546	Putative gustatory receptor 98a	chain
Q9VB31	1-507		PRO_0000051872	Probable cytochrome P450 6a18	chain
Q9VB46	1-579		PRO_0000454230	Adipocyte plasma membrane-associated protein Hemomucin	chain
Q9VB62	1-609		PRO_0000194039	DNA polymerase alpha subunit B	chain
Q9VB68	27-377	ECO:0000305|PubMed:21310954	PRO_5004335652	Serine protease grass	chain
Q9VB70	1-989		PRO_0000378965	Lateral signaling target protein 2 homolog	chain
Q9VB74	1-463		PRO_0000372660	NF-kappa-B-activating protein	chain
Q9VB98	1-1958		PRO_0000372858	Probable Rho GTPase-activating protein CG5521	chain
Q9VBB3	1-328		PRO_0000437663	Integrator complex subunit 12	chain
Q9VBC4	1-909		PRO_0000461426	WD repeat-containing protein 20 homolog	chain
Q9VBC7	122-654	ECO:0000255	PRO_5015100141	Neuroendocrine convertase 2	chain
Q9VBG6	1-369		PRO_0000331583	Co-chaperone protein HGH1 homolog	chain
Q9VBL5	1-395	ECO:0000255	PRO_0000463460	Alpha1,4-N-acetylgalactosaminyltransferase 2	chain
Q9VBN7	1-283		PRO_0000317592	S-adenosylmethionine mitochondrial carrier protein homolog	chain
Q9VBP3	1-1181		PRO_0000424892	Poly [ADP-ribose] polymerase tankyrase	chain
Q9VBP9	1-652		PRO_0000372853	Nuclear protein localization protein 4 homolog	chain
Q9VBQ9	1-189		PRO_0000113984	Mediator of RNA polymerase II transcription subunit 28	chain
Q9VBU8	1-320	ECO:0000305	PRO_0000446160	Nucleoporin Nup37	chain
Q9VBV3	19-249		PRO_0000022469	Protein takeout	chain
Q9VBV5	25-429		PRO_0000223358	Nucleotide exchange factor Sil1	chain
Q9VBV8	1-623		PRO_0000462478	Alpha-1,2-mannosyltransferase Alg9	chain
Q9VBW0	1-177		PRO_0000460584	SAYSvFN domain-containing protein 1	chain
Q9VBW3	49-773		PRO_0000016797	Tyrosine kinase receptor Cad96Ca	chain
Q9VBW6	1-678		PRO_0000351200	Protein distal antenna	chain
Q9VBW9	1-419		PRO_0000351202	Protein distal antenna-related	chain
Q9VBX1	1-992		PRO_0000408362	Ribosome quality control complex subunit NEMF homolog	chain
Q9VBX2	1-367		PRO_0000369336	Molybdopterin synthase catalytic subunit	chain
Q9VBY8	1-1153		PRO_0000437524	Protein unc-13 homolog 4B	chain
Q9VBZ5	1-700		PRO_0000444616	YTH domain-containing family protein	chain
Q9VBZ9	1-322		PRO_0000458118	Beta-1,4-galactosyltransferase 7	chain
Q9VC03	1-389		PRO_0000462308	Nicotinamide-nucleotide adenylyltransferase	chain
Q9VC07	1-407		PRO_0000438420	Inactive non-canonical poly(A) RNA polymerase protein Trf4-2	chain
Q9VC27	23-695		PRO_0000019685	Nicastrin	chain
Q9VC35	1-527		PRO_0000436844	Protein Lilipod	chain
Q9VC45	1-1954		PRO_0000191342	Protein abnormal spindle	chain
Q9VC47	520-1464	ECO:0000255	PRO_5015020162	Protein tolkin	chain
Q9VC49	1-67		PRO_0000121336	DNA-directed RNA polymerases I, II, and III subunit RPABC5	chain
Q9VC56	1-3912		PRO_0000441820	Ubiquitin carboxyl-terminal hydrolase puf	chain
Q9VC57	1-541		PRO_0000384815	Atlastin	chain
Q9VC61	1-755		PRO_0000299308	Protein CREBRF homolog	chain
Q9VC70	1-737		PRO_0000452641	Cilium assembly protein DZIP1L	chain
Q9VC94	1-1430		PRO_0000459995	rRNA biogenesis protein RRP5	chain
Q9VC99	1-260		PRO_0000164458	Uridine-cytidine kinase	chain
Q9VCA2	1-548		PRO_0000220514	Organic cation transporter protein	chain
Q9VCA5	1-589		PRO_0000127019	Phenylalanine--tRNA ligase beta subunit	chain
Q9VCA8	1-4001		PRO_0000312681	Ankyrin repeat and KH domain-containing protein mask	chain
Q9VCA9	1-179		PRO_0000218944	Signal peptidase complex subunit 3	chain
Q9VCB1	1-364		PRO_0000304968	Protein PTOV1 homolog	chain
Q9VCC0	1-354		PRO_0000402803	Cysteine and histidine-rich domain-containing protein morgana	chain
Q9VCC3	31-165		PRO_0000273073	Small ribosomal subunit protein uS3m	chain
Q9VCD0	1-516		PRO_0000413223	Glutamyl-tRNA(Gln) amidotransferase subunit B, mitochondrial	chain
Q9VCE1	1-422		PRO_0000218557	Beclin-1-like protein	chain
Q9VCE6	1-608		PRO_0000207633	N(6)-adenosine-methyltransferase MT-A70-like protein	chain
Q9VCE8	1-267		PRO_0000369260	Actin maturation protease	chain
Q9VCE9	1-751		PRO_0000210995	Ecdysteroid-phosphate phosphatase	chain
Q9VCF0	1-243		PRO_0000142369	Uncharacterized protein CG5902	chain
Q9VCG2	1-153		PRO_0000220764	Putative OPA3-like protein CG43998	chain
Q9VCG3	1-255		PRO_0000220765	Putative OPA3-like protein CG13603	chain
Q9VCG4	1-578		PRO_0000235248	Nucleoporin Ndc1	chain
Q9VCH5	1-1028	ECO:0000305	PRO_0000443442	Nuclear pore complex protein Nup98	chain
Q9VCH5	1029-1960	ECO:0000305	PRO_0000443443	Nuclear pore complex protein Nup96	chain
Q9VCI0	1-211		PRO_0000111091	RNA exonuclease 2	chain
Q9VCI3	1-431		PRO_0000099894	Lipid storage droplets surface-binding protein 1	chain
Q9VCI5	?-182		PRO_0000006492	Succinate dehydrogenase [ubiquinone] cytochrome b small subunit, mitochondrial	chain
Q9VCJ8	135-400	ECO:0000305|PubMed:16399077	PRO_0000443328	Spaetzle-processing enzyme heavy chain	chain
Q9VCJ8	28-134	ECO:0000305|PubMed:16399077	PRO_5010149006	Spaetzle-processing enzyme light chain	chain
Q9VCK0	1-560		PRO_0000364148	Eukaryotic translation initiation factor 3 subunit D-1	chain
Q9VCK1	20-207	ECO:0000255	PRO_5008180644	GILT-like protein 2	chain
Q9VCK2	24-216	ECO:0000255	PRO_5008180666	GILT-like protein 3	chain
Q9VCN1	1-2236		PRO_0000448258	DNA polymerase epsilon catalytic subunit 1	chain
Q9VCN9	1-743		PRO_0000462582	Protein will decrease acetylation	chain
Q9VCP0	1-643		PRO_0000086959	Transcription elongation factor B polypeptide 3	chain
Q9VCP1	1-424		PRO_0000372661	DNA repair protein Rad60	chain
Q9VCQ3	1-350		PRO_0000119354	Probable V-type proton ATPase subunit d 2	chain
Q9VCR3	28-629	ECO:0000255	PRO_5007216230	Proteoglycan Cow	chain
Q9VCR6	1-608		PRO_0000076062	Scaffold protein salvador	chain
Q9VCR7	25-397	ECO:0000255	PRO_0000205517	Cystinosin	chain
Q9VCS8	1-383		PRO_0000174283	Odorant receptor 94b	chain
Q9VCS9	1-387		PRO_0000174282	Odorant receptor 94a	chain
Q9VCT9	1-424		PRO_0000461425	Ubiquitin carboxyl-terminal hydrolase 12	chain
Q9VCU5	?-323		PRO_0000409875	Mitochondrial ribosome-associated GTPase 1	chain
Q9VCU7	1-691		PRO_0000425213	Protein vreteno	chain
Q9VCU9	1-2249		PRO_0000180474	Endoribonuclease Dcr-1	chain
Q9VCW1	1-515		PRO_0000051881	Probable cytochrome P450 6d4	chain
Q9VCW3	1-1200		PRO_0000440691	Nuclear pore complex protein Nup133	chain
Q9VCX1	1-1541		PRO_0000408736	Regulator of G-protein signaling loco	chain
Q9VCX3	?-361		PRO_0000030566	Large ribosomal subunit protein mL45	chain
Q9VCX4	30-740		PRO_0000385601	Ribosome-releasing factor 2, mitochondrial	chain
Q9VCY3	1-341		PRO_0000194864	COP9 signalosome complex subunit 6	chain
Q9VCY8	1-444		PRO_0000218832	Adiponectin receptor protein	chain
Q9VCZ3	1-508		PRO_0000069959	Octopamine receptor beta-1R	chain
Q9VCZ8	1-168		PRO_0000153665	Probable prefoldin subunit 5	chain
Q9VD09	1-273		PRO_0000438114	Retinol-binding protein pinta	chain
Q9VD25	1-293		PRO_0000073975	DNA-directed RNA polymerase III subunit RPC6	chain
Q9VD26	1-299		PRO_0000355179	Zinc finger protein-like 1 homolog	chain
Q9VD28	1-408		PRO_0000129379	Bifunctional arginine demethylase and lysyl-hydroxylase JMJD6	chain
Q9VD44	1-1364		PRO_0000341557	Poly(A) RNA polymerase gld-2 homolog A	chain
Q9VD51	1-680		PRO_0000055003	Probable ATP-dependent RNA helicase pitchoune	chain
Q9VD73	1-228		PRO_0000347283	Gliolectin	chain
Q9VD74	1-397		PRO_0000216543	Putative gustatory receptor 93c	chain
Q9VD76	1-419		PRO_0000216541	Gustatory receptor for bitter taste 93a	chain
Q9VD83	33-173		PRO_0000020837	Bursicon	chain
Q9VD92	1-156		PRO_0000285956	Protein archease-like	chain
Q9VDA0	1-1489		PRO_0000458963	DEAD-box ATP-dependent DNA helicase Fancm	chain
Q9VDC6	1-879		PRO_0000457084	Beta-alanyl-bioamine nonribosomal peptide synthetase ebony	chain
Q9VDD1	1-309		PRO_0000391860	DDRGK domain-containing protein 1	chain
Q9VDD3	1-551		PRO_0000408239	Sensory neuron membrane protein 1	chain
Q9VDD7	1-338		PRO_0000213373	Solute carrier family 35 member B1 homolog	chain
Q9VDD9	1-320		PRO_0000155583	tRNA (guanosine(34)-2'-O)-methyltransferase	chain
Q9VDE4	1-286		PRO_0000459437	Protein Bride of doubletime	chain
Q9VDE5	1-460		PRO_0000120246	Protein Peter pan	chain
Q9VDE6	1-766		PRO_0000118956	Exocyst complex component 6	chain
Q9VDE8	1-974		PRO_0000462180	Integrator complex assembly factor Brat1	chain
Q9VDG1	23-80	ECO:0000255	PRO_5015100117	Protein pegasus	chain
Q9VDG2	1-625		PRO_0000278144	RalA-binding protein 1	chain
Q9VDG5	23-950	ECO:0000255	PRO_5015100147	Sodium	chain
Q9VDH4	22-138		PRO_0000354980	Protein Turandot B	chain
Q9VDH6	29-868	ECO:0000255	PRO_5004334488	Ionotropic receptor 93a	chain
Q9VDL1	1-279		PRO_0000300881	Esterase CG5412	chain
Q9VDM1	1-408		PRO_0000174281	Putative odorant receptor 92a	chain
Q9VDM6	1-273		PRO_0000365414	Eukaryotic translation initiation factor 3 subunit G-2	chain
Q9VDN2	1-43		PRO_0000197356	Metallothionein-3	chain
Q9VDQ0	1-562		PRO_0000172500	Protein I'm not dead yet 2	chain
Q9VDQ7	1-948		PRO_0000314625	Phagocyte signaling-impaired protein	chain
Q9VDR1	1-863		PRO_0000304957	Mediator of RNA polymerase II transcription subunit 25	chain
Q9VDS5	1-740		PRO_0000347177	Rho GTPase-activating protein 92B	chain
Q9VDS6	1-324		PRO_0000220973	Surfeit locus protein 6 homolog	chain
Q9VDT6	36-250		PRO_0000155584	rRNA methyltransferase 2, mitochondrial	chain
Q9VDV3	1-546		PRO_0000204891	Nuclear pore complex protein Nup58	chain
Q9VDW3	1-1669		PRO_0000076081	Dystrophin, isoform B	chain
Q9VDW6	1-3598		PRO_0000076080	Dystrophin, isoforms A	chain
Q9VDY1	1-1638		PRO_0000306380	Chromatin-remodeling ATPase INO80	chain
Q9VDZ3	1-535		PRO_0000372665	Zinc finger protein squeeze	chain
Q9VDZ4	1-433		PRO_0000449823	28S rRNA (cytosine-C(5))-methyltransferase	chain
Q9VE00	?-536		PRO_0000003608	Probable cytochrome P450 12a4, mitochondrial	chain
Q9VE01	?-536		PRO_0000003609	Probable cytochrome P450 12a5, mitochondrial	chain
Q9VE04	17-107		PRO_0000273101	Large ribosomal subunit protein mL55	chain
Q9VE09	1-508		PRO_0000316773	Glutamyl-tRNA(Gln) amidotransferase subunit A, mitochondrial	chain
Q9VE11	1-200		PRO_0000304986	UPF0488 protein CG14286	chain
Q9VE17	1-145		PRO_0000414261	U1 small nuclear ribonucleoprotein C	chain
Q9VE34	1-2455		PRO_0000306259	Ectopic P granules protein 5 homolog	chain
Q9VE46	1-614		PRO_0000105396	High-affinity choline transporter 1	chain
Q9VE50	1-232		PRO_0000212546	Golgi SNAP receptor complex member 1	chain
Q9VE51	1-684		PRO_0000422157	Cleavage and polyadenylation specificity factor 73	chain
Q9VE61	1-147		PRO_0000295702	E3 ubiquitin-protein ligase RNF181 homolog	chain
Q9VE86	1-353		PRO_0000399376	3'-5' exonuclease	chain
Q9VE87	1-604		PRO_0000435956	Protein hemingway	chain
Q9VEA2	1-876		PRO_0000460247	Vacuolar protein sorting-associated protein 39 homolog	chain
Q9VEA5	1-139		PRO_0000283732	DNA-directed RNA polymerase II subunit Rpb4	chain
Q9VEB3	1-320		PRO_0000120226	Ribosome production factor 2 homolog	chain
Q9VEB4	24-560	ECO:0000255	PRO_0000438964	Transcription termination factor 5, mitochondrial	chain
Q9VEB5	1-276		PRO_0000186125	SRR1-like protein	chain
Q9VEC1	1-642		PRO_0000304706	Mediator of RNA polymerase II transcription subunit 17	chain
Q9VEC3	1-648		PRO_0000307117	Actin-related protein 5	chain
Q9VED0	1-676		PRO_0000328878	Protein TAPT1 homolog	chain
Q9VEG6	224-809		PRO_0000407856	Chorion peroxidase	chain
Q9VEG9	1-253		PRO_0000299403	Nurim homolog	chain
Q9VEI3	1-465		PRO_0000213378	Adenosine 3'-phospho 5'-phosphosulfate transporter 1	chain
Q9VEI9	1-592		PRO_0000341381	Homeobox protein Hmx	chain
Q9VEJ0	31-234		PRO_0000457164	Thioredoxin-dependent peroxide reductase, mitochondrial	chain
Q9VEJ2	1-852		PRO_0000252175	Nucleolar protein 14 homolog	chain
Q9VEK6	1-641		PRO_0000385637	Leucine-rich repeat protein soc-2 homolog	chain
Q9VEN1	1-2210		PRO_0000421126	Filamin-A	chain
Q9VEP1	1-302		PRO_0000155582	tRNA (cytidine(32)-2'-O)-methyltransferase	chain
Q9VER6	26-368	ECO:0000305|PubMed:19590012	PRO_0000437749	Modular serine protease non-catalytic chain	chain
Q9VER6	369-628	ECO:0000305|PubMed:19590012	PRO_0000437750	Modular serine protease catalytic chain	chain
Q9VES1	1-197		PRO_0000064654	ADP-ribosylation factor-like protein 6-interacting protein 1	chain
Q9VEU0	1-362		PRO_0000216539	Putative gustatory receptor 89a	chain
Q9VEU1	?-2240		PRO_0000004008	Cadherin-89D	chain
Q9VEU5	1-669		PRO_0000074107	Soluble guanylate cyclase 89Db	chain
Q9VEU6	1-667		PRO_0000074106	Soluble guanylate cyclase 89Da	chain
Q9VEV4	1-1067		PRO_0000440899	Protein CLEC16A homolog	chain
Q9VEW2	1-60		PRO_0000050714	Putative SERF-like protein	chain
Q9VEX0	26-1114		PRO_0000033439	Extracellular sulfatase SULF-1 homolog	chain
Q9VEX5	1-689		PRO_0000385342	Protein asunder	chain
Q9VEX6	1-604		PRO_0000439797	ATPase family AAA domain-containing protein 3A homolog	chain
Q9VEX9	1-150		PRO_0000220978	Histone deacetylase complex subunit SAP18	chain
Q9VEZ3	1-2042		PRO_0000437574	Protein mini spindles	chain
Q9VEZ5	1-751		PRO_0000086016	Inhibitor of nuclear factor kappa-B kinase subunit beta	chain
Q9VF08	1-141		PRO_0000214087	Mitochondrial import inner membrane translocase subunit Tim16	chain
Q9VF14	1-322		PRO_0000461208	Uridylate-specific endoribonuclease EndoU	chain
Q9VF26	1-1434		PRO_0000391916	Probable ATP-dependent RNA helicase spindle-E	chain
Q9VF27	27-217	ECO:0000255	PRO_0000450675	NADH dehydrogenase (ubiquinone) 23 kDa subunit	chain
Q9VF30	45-885		PRO_0000194127	DNA replication licensing factor REC	chain
Q9VF36	1-102		PRO_0000158551	Acylphosphatase-2	chain
Q9VF59	1-241	ECO:0000305	PRO_0000445800	B9 domain-containing protein 1	chain
Q9VF71	1-263		PRO_0000215091	Copper homeostasis protein cutC homolog	chain
Q9VF78	1-710		PRO_0000213498	Conserved oligomeric Golgi complex subunit 2	chain
Q9VF81	1-705		PRO_0000280303	Protein O-mannosyl-transferase Tmtc4	chain
Q9VF87	1-1291		PRO_0000279714	Cytoplasmic FMR1-interacting protein	chain
Q9VF89	26-248		PRO_0000030552	Large ribosomal subunit protein bL9m	chain
Q9VFB2	1-173		PRO_0000146682	Small ribosomal subunit protein uS10m	chain
Q9VFB7	1-1145		PRO_0000193510	Trafficking protein particle complex subunit 10	chain
Q9VFC0	1-632		PRO_0000382732	MAU2 chromatid cohesion factor homolog	chain
Q9VFC2	19-427	ECO:0000269|PubMed:19581577	PRO_5007718228	Serine protease inhibitor 88Ea	chain
Q9VFC8	1-709		PRO_0000194771	Glycogen [starch] synthase	chain
Q9VFD5	1-664		PRO_0000324540	Protein fem-1 homolog CG6966	chain
Q9VFE4	1-230		PRO_0000124531	Small ribosomal subunit protein uS7B	chain
Q9VFE6	1-276		PRO_0000273219	RRP15-like protein	chain
Q9VFF3	1-900		PRO_0000459439	Exosome complex component 10 homolog	chain
Q9VFG8	1-1288		PRO_0000392971	Protein kibra	chain
Q9VFH6	1-818		PRO_0000291955	Protein Cep78 homolog	chain
Q9VFI9	1-1115		PRO_0000356892	cGMP-specific 3',5'-cyclic phosphodiesterase	chain
Q9VFJ0	1-492		PRO_0000052323	Probable cytochrome P450 313a1	chain
Q9VFJ2	?-196		PRO_0000030446	Large ribosomal subunit protein uL11m	chain
Q9VFJ3	75-422	ECO:0000269|PubMed:18259196	PRO_0000379940	Serine protease HTRA2, mitochondrial, long	chain
Q9VFJ3	94-422	ECO:0000269|PubMed:18259196	PRO_0000379941	Serine protease HTRA2, mitochondrial, short	chain
Q9VFK3	1-147		PRO_0000379443	Male-specific protein scotti	chain
Q9VFK6	1-691		PRO_0000186082	Histone-lysine N-methyltransferase Set8	chain
Q9VFL5	96-582		PRO_0000045497	Methionine--tRNA ligase, mitochondrial	chain
Q9VFM9	1-343		PRO_0000308812	Twinfilin	chain
Q9VFN2	1-401		PRO_0000174280	Odorant receptor 88a	chain
Q9VFP1	1-508		PRO_0000051882	Probable cytochrome P450 6d5	chain
Q9VFP2	1-829		PRO_0000274593	Protein roadkill	chain
Q9VFR0	1-297		PRO_0000249692	Protein BCCIP homolog	chain
Q9VFR1	1-214		PRO_0000291935	Protein Abitram	chain
Q9VFS2	1-620		PRO_0000424157	Carotenoid isomerooxygenase	chain
Q9VFS5	1-980		PRO_0000355974	Serine	chain
Q9VFS6	1-994		PRO_0000437748	Integrator complex subunit 5	chain
Q9VFS8	1-220		PRO_0000424893	26S proteasome non-ATPase regulatory subunit 9	chain
Q9VFW4	1-251		PRO_0000460690	Elongator complex protein 6	chain
Q9VFX1	17-309		PRO_0000041480	Wnt inhibitor of Dorsal protein	chain
Q9VFX3	1-137	ECO:0000255	PRO_5015100241	Protein apnoia	chain
Q9VG08	24-452		PRO_5006971588	L-dopachrome tautomerase yellow-f2	chain
Q9VG09	24-429		PRO_5004334647	L-dopachrome tautomerase yellow-f	chain
Q9VG17	1-510		PRO_0000052313	Probable cytochrome P450 304a1	chain
Q9VG40	1-494		PRO_0000052326	Probable cytochrome P450 313a4	chain
Q9VG58	1-641		PRO_0000078334	Major heat shock 70 kDa protein Bbb	chain
Q9VG73	1-396		PRO_0000126069	Interleukin enhancer-binding factor 2 homolog	chain
Q9VG74	1-372		PRO_0000438525	N-acetylneuraminate-9-phosphate synthase	chain
Q9VG76	1-181		PRO_0000220982	Myc-binding protein	chain
Q9VG82	1-516		PRO_0000051920	Probable cytochrome P450 9f2	chain
Q9VG93	1-224		PRO_0000185959	Glutathione S-transferase D7	chain
Q9VG94	1-215		PRO_0000185958	Glutathione S-transferase D6	chain
Q9VG95	1-216		PRO_0000185957	Glutathione S-transferase D5	chain
Q9VG96	1-215		PRO_0000185956	Glutathione S-transferase D4	chain
Q9VG97	1-199		PRO_0000185955	Inactive glutathione S-transferase D3	chain
Q9VG98	1-215		PRO_0000185954	Glutathione S-transferase D2	chain
Q9VGA2	1-222		PRO_0000210291	Probable mitochondrial import inner membrane translocase subunit Tim17 3	chain
Q9VGA4	1-1169		PRO_0000460336	Protein MBD-R2	chain
Q9VGB3	1-492		PRO_0000052325	Probable cytochrome P450 313a3	chain
Q9VGB4	1-493		PRO_0000052324	Probable cytochrome P450 313a2	chain
Q9VGB5	1-487		PRO_0000052327	Probable cytochrome P450 313a5	chain
Q9VGC3	1-886		PRO_0000213493	Conserved oligomeric Golgi complex subunit 1	chain
Q9VGC7	1-551		PRO_0000364149	Eukaryotic translation initiation factor 3 subunit D-2	chain
Q9VGE2	1-384		PRO_0000462578	SAGA complex subunit Spt3	chain
Q9VGE3	1-459		PRO_0000453160	DDB1- and CUL4-associated factor 12 homolog	chain
Q9VGG5	18-1975		PRO_0000004007	Cadherin-87A	chain
Q9VGG6	1-250		PRO_0000114679	Putative inner dynein arm light chain, axonemal	chain
Q9VGG8	1-496		PRO_0000195160	Probable G-protein coupled receptor Mth-like 5	chain
Q9VGH1	?-520		PRO_0000003631	Cytochrome P450 315a1, mitochondrial	chain
Q9VGH7	1-1193		PRO_0000282953	Chloride channel protein 2	chain
Q9VGI8	1-1487		PRO_0000205044	RecQ-like DNA helicase Blm	chain
Q9VGJ5	1-195		PRO_0000328681	Protein Fer3	chain
Q9VGK7	1-1252		PRO_0000283999	Elongator complex protein 1	chain
Q9VGL8	1-363		PRO_0000445426	TBC1 domain family member whacked	chain
Q9VGN7	1-583		PRO_0000447986	Exonuclease 3'-5' domain-containing protein 2	chain
Q9VGN9	1-191		PRO_0000136902	Probable ribosome biogenesis protein RLP24	chain
Q9VGP0	1-158		PRO_0000441701	D-aminoacyl-tRNA deacylase	chain
Q9VGP1	1-2243		PRO_0000408353	Zinc finger FYVE domain-containing protein 26 homolog	chain
Q9VGP2	27-581		PRO_0000235295	Neither inactivation nor afterpotential protein G	chain
Q9VGP4	1-1018		PRO_0000455442	Importin-9	chain
Q9VGP6	1-194		PRO_0000153656	Prefoldin subunit 3	chain
Q9VGQ9	1-86		PRO_0000082625	Diphthamide biosynthesis protein 3	chain
Q9VGR2	1-437		PRO_0000315679	Protein arginine methyltransferase NDUFAF7 homolog, mitochondrial	chain
Q9VGR7	1-299		PRO_0000348223	J domain-containing protein CG6693	chain
Q9VGS2	1-172		PRO_0000211283	Translationally-controlled tumor protein homolog	chain
Q9VGU5	1-872		PRO_0000372651	Tetratricopeptide repeat protein 14 homolog	chain
Q9VGU6	1-216		PRO_0000461205	GTP:AMP phosphotransferase, mitochondrial	chain
Q9VGV8	1-216		PRO_0000462323	Phosducin-like protein 3	chain
Q9VGW1	?-1943		PRO_0000004010	Cadherin-86C	chain
Q9VGW6	1-733		PRO_0000406422	DNA replication licensing factor Mcm5	chain
Q9VGY5	1-356		PRO_0000308335	Probable methyltransferase-like protein 15 homolog	chain
Q9VGY6	29-784		PRO_0000021113	Protein Skeletor, isoforms B	chain
Q9VGZ0	?-522		PRO_0000003614	Probable cytochrome P450 12e1, mitochondrial	chain
Q9VGZ1	1-583		PRO_0000141768	CDK5RAP1-like protein	chain
Q9VGZ5	1-698		PRO_0000438924	Transcription factor cwo	chain
Q9VGZ8	1-674		PRO_0000372656	Slender lobes-like protein	chain
Q9VH07	1-456		PRO_0000306320	RuvB-like helicase 1	chain
Q9VH08	1-317		PRO_0000417362	NAD-dependent protein deacetylase Sirt6	chain
Q9VH14	28-210		PRO_0000034353	Tissue inhibitor of metalloproteinase	chain
Q9VH19	1-683		PRO_0000303080	Leishmanolysin-like peptidase	chain
Q9VH20	1-872		PRO_0000416876	TATA box-binding protein-associated factor RNA polymerase I subunit B	chain
Q9VH36	1-585		PRO_0000393881	Protein cereblon	chain
Q9VH38	?-452		PRO_0000273185	Dimethyladenosine transferase 2, mitochondrial	chain
Q9VH39	1-203		PRO_0000220990	NADH dehydrogenase [ubiquinone] 1 alpha subcomplex assembly factor 4	chain
Q9VH48	1-530		PRO_0000249253	Probable histone-arginine methyltransferase CARMER	chain
Q9VH58	1-257		PRO_0000438397	Very long chain fatty acid elongase F	chain
Q9VH69	1-56		PRO_0000131026	Small ribosomal subunit protein uS14	chain
Q9VH70	1-814		PRO_0000046929	Testis-specific zinc finger protein topi	chain
Q9VH78	1-678		PRO_0000215784	Dol-P-Man:Man(7)GlcNAc(2)-PP-Dol alpha-1,6-mannosyltransferase	chain
Q9VH89	1-857		PRO_0000403976	Protein dalmatian	chain
Q9VH90	1-778		PRO_0000361559	Ubiquitin thioesterase trabid	chain
Q9VH95	1-184		PRO_0000218956	Cytosolic Prostaglandin E synthase	chain
Q9VHA0	1-877		PRO_0000114333	Polycomb protein Scm	chain
Q9VHB0	1-874	ECO:0000305	PRO_0000449793	Protein Son	chain
Q9VHB3	1-258		PRO_0000274396	U6 snRNA phosphodiesterase 1	chain
Q9VHB6	1-327		PRO_0000220994	Metaxin-1 homolog	chain
Q9VHB9	1-521		PRO_0000249899	Probable tRNA (uracil-O(2)-)-methyltransferase	chain
Q9VHC5	1-854		PRO_0000462174	Lysine-specific demethylase 3	chain
Q9VHD2	1-227		PRO_0000186027	Probable maleylacetoacetate isomerase 2	chain
Q9VHD3	1-246		PRO_0000186026	Probable maleylacetoacetate isomerase 1	chain
Q9VHE6	1-392		PRO_0000174279	Odorant receptor 85f	chain
Q9VHF2	1-350		PRO_0000205367	Phosphotriesterase-related protein	chain
Q9VHG1	1-833		PRO_0000460250	Vacuolar protein sorting-associated protein 16 homolog	chain
Q9VHG4	18-248	ECO:0000269|PubMed:23292348	PRO_0000447860	ATPase H(+)-transporting accessory protein 2 N-terminal fragment	chain
Q9VHG4	18-320	ECO:0000255	PRO_5015100291	ATPase H(+)-transporting accessory protein 2	chain
Q9VHG4	252-320	ECO:0000269|PubMed:23292348	PRO_0000447861	ATPase H(+)-transporting accessory protein 2 C-terminal fragment	chain
Q9VHH7	1-337		PRO_0000285094	Adenosine deaminase-like protein	chain
Q9VHH9	1-1345		PRO_0000226790	JmjC domain-containing histone demethylation protein 1	chain
Q9VHI4	1-85		PRO_0000220759	Splicing factor 3B subunit 5	chain
Q9VHI7	1-380		PRO_0000447647	E3 ubiquitin-protein ligase Iruka	chain
Q9VHJ6	1-592	ECO:0000305	PRO_0000444696	Ichor	chain
Q9VHK6	1-154		PRO_0000461858	Iron-sulfur cluster assembly enzyme IscU	chain
Q9VHM2	1-942		PRO_0000311357	VPS35 endosomal protein sorting factor-like	chain
Q9VHM6	1-312	ECO:0000305	PRO_0000436010	Transcription factor Ouib	chain
Q9VHN3	1-154		PRO_0000341365	Cysteine-rich DPF motif domain-containing protein 1	chain
Q9VHN5	1-275		PRO_0000308967	Protein unc-50 homolog	chain
Q9VHN6	?-306		PRO_0000030475	Large ribosomal subunit protein bL19m	chain
Q9VHN9	1-826		PRO_0000302764	BLOC-2 complex member HPS5 homolog	chain
Q9VHP0	1-798		PRO_0000270580	ATP-dependent RNA helicase bel	chain
Q9VHP4	1-502		PRO_0000052328	Probable cytochrome P450 313b1	chain
Q9VHQ2	1-412		PRO_0000174277	Putative odorant receptor 85d	chain
Q9VHQ6	1-389		PRO_0000174276	Odorant receptor 85c	chain
Q9VHQ7	1-390		PRO_0000174275	Odorant receptor 85b	chain
Q9VHR6	1-523		PRO_0000345156	Autophagy-related protein 13 homolog	chain
Q9VHR8	1-786		PRO_0000078242	Dipeptidyl peptidase 3	chain
Q9VHS2	32-89		PRO_0000006153	Cytochrome c oxidase subunit 7A, mitochondrial	chain
Q9VHS4	1-397		PRO_0000174274	Odorant receptor 85a	chain
Q9VHS7	23-392	ECO:0000255|HAMAP-Rule:MF_03189	PRO_0000228627	4-hydroxybenzoate polyprenyltransferase, mitochondrial	chain
Q9VHS8	1-399	ECO:0000305	PRO_0000431242	Eukaryotic initiation factor 4A-III	chain
Q9VHT4	1-337		PRO_0000213393	GDP-fucose transporter, Golgi	chain
Q9VHT9	1-140		PRO_0000454451	Protein Nazo	chain
Q9VHU1	1-613		PRO_0000252215	Probable ATP-dependent RNA helicase DDX55 homolog	chain
Q9VHV1	1-737		PRO_0000448481	DNA polymerase iota	chain
Q9VHV5	1-186		PRO_0000232927	ADP-ribosylation factor-like protein 8	chain
Q9VHX7	1-329		PRO_0000447648	Very long chain fatty acid elongase 7	chain
Q9VHY5	1-479		PRO_0000118883	Transcription initiation factor TFIID subunit 7	chain
Q9VI10	1-119		PRO_0000122211	Probable small nuclear ribonucleoprotein Sm D2	chain
Q9VI13	1-704		PRO_0000452605	Serine	chain
Q9VI20	22-536	ECO:0000255	PRO_5015100278	E3 ubiquitin-protein ligase Godzilla	chain
Q9VI25	1-723		PRO_0000324622	Neurochondrin homolog	chain
Q9VI55	1-782		PRO_0000391882	E3 UFM1-protein ligase 1 homolog	chain
Q9VI58	1-560		PRO_0000436845	Terminal uridylyltransferase Tailor	chain
Q9VI60	1-95		PRO_0000423833	Enhancer of yellow 2b transcription factor	chain
Q9VI74	1-608		PRO_0000302827	Protein SHQ1 homolog	chain
Q9VI75	1-468		PRO_0000187066	Phosphatidylinositol-binding clathrin assembly protein LAP	chain
Q9VI82	1-822		PRO_0000173481	Nucleolar complex protein 3	chain
Q9VI85	1-251		PRO_0000456765	tRNA-uridine aminocarboxypropyltransferase 2	chain
Q9VI93	1-946		PRO_0000372664	Zinc finger protein rotund	chain
Q9VIA5	25-644	ECO:0000255	PRO_0000463307	Ionotropic receptor 84a	chain
Q9VIE6	1-776		PRO_0000278325	Protein MCM10 homolog	chain
Q9VIF0	1-766		PRO_0000121050	Nucleolar complex protein 2	chain
Q9VIF1	1-625		PRO_0000319061	Exonuclease mut-7 homolog	chain
Q9VIF5	1-981		PRO_0000235296	Protein deadlock	chain
Q9VIF6	1-507		PRO_0000456958	ATP-dependent RNA helicase DDX47	chain
Q9VIH3	28-886		PRO_5004334712	Microsomal triacylglycerol transfer protein	chain
Q9VIH7	1-587		PRO_0000445623	GTPase-activating protein skywalker	chain
Q9VIH9	24-124	ECO:0000255	PRO_5015100244	UPAR	chain
Q9VII1	24-125	ECO:0000255	PRO_5015100315	UPAR	chain
Q9VII3	25-166	ECO:0000255	PRO_5015100286	UPAR	chain
Q9VIK2	1-674		PRO_0000436159	Carcinine transporter	chain
Q9VIK9	1-673		PRO_0000310764	eEF1A lysine and N-terminal methyltransferase homolog	chain
Q9VIL0	1-1320		PRO_0000372863	Protein brunelleschi	chain
Q9VIM5	1-301		PRO_0000124039	Actin-related protein 2	chain
Q9VIP0	1-602		PRO_0000437209	Protein nessun dorma	chain
Q9VIP2	1-472		PRO_0000445780	tRNA ligase complex-associated NAD(P)H dehydrogenase PYROXD1	chain
Q9VIP7	1-283		PRO_0000247752	Alkaline ceramidase	chain
Q9VIP8	1-367		PRO_0000051332	Protein valois	chain
Q9VIQ9	1-2197		PRO_0000286980	Protein neuron navigator	chain
Q9VIR2	20-125		PRO_0000354992	Protein Turandot F	chain
Q9VIS1	1-1843		PRO_0000320117	GTPase-activating protein CdGAPr	chain
Q9VIT0	1-255		PRO_0000448932	DNA sliding clamp PCNA2	chain
Q9VIT2	1-189		PRO_0000058471	Phosphomevalonate kinase	chain
Q9VIU7	1-241		PRO_0000059172	Dolichol-phosphate mannosyltransferase subunit 1	chain
Q9VIV2	1-1062	ECO:0000305	PRO_0000438659	Zinc finger protein swm	chain
Q9VIV3	1-405		PRO_0000289182	Cytoplasmic tRNA 2-thiolation protein 2	chain
Q9VIW3	1-596		PRO_0000056740	Ran GTPase-activating protein	chain
Q9VIW7	1-506		PRO_0000407226	RNA-splicing ligase RtcB	chain
Q9VIZ0	1-105		PRO_0000232467	DNA-directed RNA polymerases I and III subunit RPAC2	chain
Q9VJ07	1-954		PRO_0000057787	Protein phosphatase PHLPP-like protein	chain
Q9VJ10	1-515		PRO_0000461814	FAD-dependent oxidoreductase domain-containing protein 1 homolog	chain
Q9VJ26	1-217		PRO_0000073647	EF-hand domain-containing protein D2 homolog	chain
Q9VJ29	1-921		PRO_0000421300	Transport and Golgi organization protein 6	chain
Q9VJ31	1-331		PRO_0000461871	Betaine-homocysteine S-methyltransferase	chain
Q9VJ33	1-76		PRO_0000042775	Ubiquitin-like protein NEDD8	chain
Q9VJ34	1-585		PRO_0000316957	Glutathione S-transferase C-terminal domain-containing protein homolog	chain
Q9VJ38	1-178		PRO_0000133795	Large ribosomal subunit protein uL13m	chain
Q9VJ62	1-564		PRO_0000315640	H	chain
Q9VJ71	1-492		PRO_0000052320	Probable cytochrome P450 310a1	chain
Q9VJ79	1-1451		PRO_0000247044	Dual 3',5'-cyclic-AMP and -GMP phosphodiesterase 11	chain
Q9VJ83	28-241		PRO_0000434595	Tumor necrosis factor receptor superfamily member grnd	chain
Q9VJ87	1-1330		PRO_0000302011	Pre-mRNA-splicing factor CWC22 homolog	chain
Q9VJ90	1-665		PRO_0000462404	non-specific serine	chain
Q9VJ97	1-425		PRO_0000291963	2-oxoglutarate and iron-dependent oxygenase JMJD4 homolog	chain
Q9VJB6	1-1799		PRO_0000003883	Putative neural-cadherin 2	chain
Q9VJC7	19-318		PRO_0000402318	Elongation factor Ts, mitochondrial	chain
Q9VJD2	1-124		PRO_0000221007	Ragulator complex protein LAMTOR3 homolog	chain
Q9VJD3	1-751		PRO_0000213511	Conserved oligomeric Golgi complex subunit 5	chain
Q9VJE4	1-117		PRO_0000149312	DNA-directed RNA polymerase II subunit RPB11	chain
Q9VJE5	1-1690		PRO_0000083514	Restin homolog	chain
Q9VJF2	1-391		PRO_0000216506	Putative gustatory receptor 36b	chain
Q9VJG0	1-613		PRO_0000438801	Xaa-Pro aminopeptidase ApepP	chain
Q9VJG4	1-85		PRO_0000462115	Electron transfer flavoprotein regulatory factor 1 homolog	chain
Q9VJI9	1-311		PRO_0000382604	Cytosolic Fe-S cluster assembly factor Nubp1 homolog	chain
Q9VJJ7	1-1128		PRO_0000215358	Transient receptor potential-gamma protein	chain
Q9VJK8	1-297		PRO_0000433619	Juvenile hormone acid O-methyltransferase	chain
Q9VJL6	1-138		PRO_0000456614	Glia maturation factor	chain
Q9VJN5	1-470		PRO_0000351195	Zinc finger protein weckle	chain
Q9VJN9	?-251	ECO:0000305	PRO_5005144955	Seminal metalloprotease 1	chain
Q9VJQ4	1-427		PRO_0000248330	mRNA cap guanine-N(7) methyltransferase	chain
Q9VJQ5	1-183		PRO_0000096752	Protein Dr1	chain
Q9VJS7	21-141	ECO:0000255	PRO_0000223891	Partner of bursicon	chain
Q9VJS8	1-553		PRO_0000292213	Zinc finger protein Elbow	chain
Q9VJV8	19-361		PRO_0000448561	DNA polymerase subunit gamma-2, mitochondrial	chain
Q9VJY6	1-155		PRO_0000136878	Large ribosomal subunit protein eL24	chain
Q9VJY8	1-285	ECO:0000305	PRO_0000456246	Inhibitor of growth protein 5	chain
Q9VJY9	1-465		PRO_0000458898	Protein Loquacious	chain
Q9VJZ7	1-687		PRO_0000096886	Ribosomal RNA processing protein 1 homolog	chain
Q9VK07	1-696		PRO_0000065749	UV radiation resistance-associated gene protein	chain
Q9VK13	1-206		PRO_0000436600	Protein Mabiki	chain
Q9VK33	1-1220		PRO_0000306371	Polycomb protein Sfmbt	chain
Q9VK34	1-823		PRO_0000417405	NAD-dependent histone deacetylase sirtuin-1	chain
Q9VK41	1-655		PRO_0000333213	Tetratricopeptide repeat protein 30 homolog	chain
Q9VK45	1-2470		PRO_0000377458	Serine	chain
Q9VK50	1-1123	ECO:0000305	PRO_0000445434	Adenylyl cyclase X E	chain
Q9VK68	1-211		PRO_0000285036	PITH domain-containing protein CG6153	chain
Q9VK71	1-893		PRO_0000308166	POU domain protein 2, isoform B	chain
Q9VK89	1-578		PRO_0000147674	tRNA (guanine(26)-N(2))-dimethyltransferase	chain
Q9VK91	1-395		PRO_0000452642	CBY1-interacting BAR domain-containing protein homolog	chain
Q9VKA0	24-124	ECO:0000255	PRO_5015100399	UPAR	chain
Q9VKA4	1-1093		PRO_0000372663	Probable G-protein coupled receptor CG31760	chain
Q9VKA5	1-475		PRO_0000216504	Gustatory and pheromone receptor 33a	chain
Q9VKB4	1-394		PRO_0000120254	Probable ribosome production factor 1	chain
Q9VKB9	1-1341		PRO_0000191666	Rab3 GTPase-activating protein non-catalytic subunit	chain
Q9VKD3	?-462		PRO_0000001298	Cysteine desulfurase, mitochondrial	chain
Q9VKD6	1-231	ECO:0000305	PRO_0000438651	Augmin complex subunit dgt2	chain
Q9VKD7	1-253		PRO_0000408335	Mitochondrial cardiolipin hydrolase	chain
Q9VKG9	32-597	ECO:0000303|PubMed:11536362	PRO_0000437522	Protein spaetzle 4	chain
Q9VKH0	1-570		PRO_0000213524	Conserved oligomeric Golgi complex subunit 8	chain
Q9VKH6	23-288		PRO_0000247509	Lysosomal thioesterase PPT2 homolog	chain
Q9VKI3	18-116	ECO:0000255	PRO_0000398796	Vitelline membrane protein Vm32E	chain
Q9VKJ0	1-439		PRO_0000220242	Homogentisate 1,2-dioxygenase	chain
Q9VKJ1	1-1412		PRO_0000278807	MPN domain-containing protein CG4751	chain
Q9VKJ3	1-1411		PRO_0000204850	Nuclear pore complex protein Nup160 homolog	chain
Q9VKJ7	1-461		PRO_0000216503	Gustatory and pheromone receptor 32a	chain
Q9VKJ8	17-636	ECO:0000255	PRO_5015100414	Alpha-L-iduronidase	chain
Q9VKJ9	1-816		PRO_0000288430	Coiled-coil and C2 domain-containing protein 1-like	chain
Q9VKK1	1-1354		PRO_0000372649	Enhancer of mRNA-decapping protein 4 homolog	chain
Q9VKK2	1-969		PRO_0000280724	GATOR2 complex protein Wdr59	chain
Q9VKM1	1-843		PRO_0000194067	Protein piwi	chain
Q9VKM6	1-351		PRO_0000239006	Vacuolar protein sorting-associated protein 72 homolog	chain
Q9VKN7	1-329		PRO_0000280545	Aurora kinase B	chain
Q9VKQ3	1-420		PRO_0000369558	Ribosome biogenesis protein WDR12 homolog	chain
Q9VKQ6	1-944		PRO_0000304977	Nonsense-mediated mRNA decay factor SMG8	chain
Q9VKQ9	1-134		PRO_0000429379	Protein dpy-30 homolog	chain
Q9VKU7	1-650		PRO_0000078126	Gamma-tubulin complex component 4 homolog	chain
Q9VKV5	1-319		PRO_0000195039	CD2 antigen cytoplasmic tail-binding protein 2 homolog	chain
Q9VKV8	1-199		PRO_0000296407	Cilia- and flagella-associated protein 20	chain
Q9VKW2	1-582		PRO_0000455703	Pineapple eye protein	chain
Q9VKX4	20-218		PRO_0000273064	Small ribosomal subunit protein uS7m	chain
Q9VKX7	1-475		PRO_0000174158	Probable dolichyl pyrophosphate Man9GlcNAc2 alpha-1,3-glucosyltransferase	chain
Q9VKY1	1-268		PRO_0000438291	Protein limb expression 1 homolog	chain
Q9VKY2	1-1248		PRO_0000422241	Cullin-associated NEDD8-dissociated protein 1	chain
Q9VKY8	1-370		PRO_0000127653	Selenide, water dikinase 2	chain
Q9VL00	1-262		PRO_0000221012	Ubiquitin thioesterase otubain-like	chain
Q9VL06	1-2727		PRO_0000442701	E3 ubiquitin-protein ligase Ufd4	chain
Q9VL13	1-220		PRO_0000279703	MOB kinase activator-like 3	chain
Q9VL14	1-118		PRO_0000445230	REPTOR-binding partner	chain
Q9VL18	1-256		PRO_0000155051	Probable elongation factor 1-delta	chain
Q9VL25	1-694		PRO_0000456957	ATP-dependent RNA helicase DHX33	chain
Q9VL31	1-197		PRO_0000076304	RIP-like protein	chain
Q9VL32	1-2171		PRO_0000415415	ATP-binding cassette sub-family C member Sur	chain
Q9VL52	1-1476		PRO_0000425215	Putative ATP-dependent RNA helicase SoYb	chain
Q9VL59	1-513		PRO_0000385203	Zinc finger CCCH-type with G patch domain-containing protein	chain
Q9VL63	1-290		PRO_0000288446	Arginine and glutamate-rich protein 1	chain
Q9VL72	1-844		PRO_0000420488	SWI	chain
Q9VL76	26-613	ECO:0000255	PRO_0000453172	Mitochondrial DNA helicase	chain
Q9VL78	1-439		PRO_0000075312	FK506-binding protein 59	chain
Q9VL84	1-516		PRO_0000420125	Pickpocket protein 11	chain
Q9VL86	23-430	ECO:0000255	PRO_0000233307	Zinc carboxypeptidase A 1	chain
Q9VL92	1-526		PRO_0000051842	Cytochrome P450 4e3	chain
Q9VL96	1-627		PRO_0000370455	Pescadillo homolog	chain
Q9VLA1	1-409		PRO_0000195181	Galactosylgalactosylxylosylprotein 3-beta-glucuronosyltransferase S	chain
Q9VLA2	1-606		PRO_0000126653	Transcription factor glial cells missing 2	chain
Q9VLC0	1-940		PRO_0000148736	Vacuolar protein sorting-associated protein 54	chain
Q9VLC1	1-444		PRO_0000221127	Alpha-(1,3)-fucosyltransferase B	chain
Q9VLD6	1-315		PRO_0000247083	Borealin	chain
Q9VLE5	1-377		PRO_0000174237	Odorant receptor 30a	chain
Q9VLF6	1-222		PRO_0000337121	UPF0585 protein CG18661	chain
Q9VLJ0	1-151		PRO_0000358315	Probable cGMP 3',5'-cyclic phosphodiesterase subunit delta	chain
Q9VLJ6	23-630		PRO_0000028564	Angiotensin-converting enzyme-related protein	chain
Q9VLJ8	1-453		PRO_0000369204	Adenylyltransferase and sulfurtransferase MOCS3	chain
Q9VLJ9	47-174		PRO_0000273090	Large ribosomal subunit protein mL51	chain
Q9VLK2	1-681		PRO_0000372860	Ribosomal L1 domain-containing protein CG13096	chain
Q9VLK8	1-558		PRO_0000459129	Zinc finger protein piragua	chain
Q9VLL0	1-1012		PRO_0000315806	Beta-alanine-activating enzyme	chain
Q9VLL3	2-753	ECO:0000305	PRO_0000445798	A-kinase anchor protein 200	chain
Q9VLM5	1-112		PRO_0000124018	Dolichyl-diphosphooligosaccharide--protein glycosyltransferase subunit DAD1	chain
Q9VLM6	1-199		PRO_0000454386	Protein PPP1R35 homolog	chain
Q9VLM7	1-223		PRO_0000461816	Transmembrane protein 126	chain
Q9VLM8	1-966		PRO_0000402114	Alanine--tRNA ligase, cytoplasmic	chain
Q9VLN1	1-317		PRO_0000429380	WD repeat-containing protein 82	chain
Q9VLP3	1-122		PRO_0000174178	Guanine nucleotide exchange factor MSS4 homolog	chain
Q9VLP4	1-649	ECO:0000305	PRO_0000436180	Protein mitoshell	chain
Q9VLP7	1-397		PRO_0000325797	N(6)-adenosine-methyltransferase non-catalytic subunit METTL14	chain
Q9VLP9	1-326		PRO_0000398654	Polyprenal reductase	chain
Q9VLQ1	1-326		PRO_0000423515	Dolichyl-phosphate beta-glucosyltransferase	chain
Q9VLR5	1-110		PRO_0000215946	RNA polymerase II transcriptional coactivator	chain
Q9VLR9	1-370		PRO_0000315735	Metallophosphoesterase 1 homolog	chain
Q9VLS1	1-1093		PRO_0000057739	Probable phosphorylase b kinase regulatory subunit beta	chain
Q9VLS9	1-292		PRO_0000315750	Beta-lactamase-like protein 2 homolog	chain
Q9VLT1	1-1684		PRO_0000297907	Protein MON2 homolog	chain
Q9VLT5	1-5322		PRO_0000245794	Protein purity of essence	chain
Q9VLT8	1-176		PRO_0000390958	WASH complex subunit 3	chain
Q9VLU0	1-90		PRO_0000221032	Barrier-to-autointegration factor	chain
Q9VLU4	17-536	ECO:0000255	PRO_5007718396	Serine protease inhibitor 28Dc	chain
Q9VLU5	1-409		PRO_0000054820	WW domain-containing oxidoreductase	chain
Q9VLU6	31-118		PRO_0000431384	Succinate dehydrogenase assembly factor 4, mitochondrial	chain
Q9VLV5	1-94		PRO_0000125534	Probable small nuclear ribonucleoprotein E	chain
Q9VLV7	15-611	ECO:0000303|PubMed:11536362	PRO_0000437665	Protein spaetzle 3	chain
Q9VLW2	1-1131		PRO_0000307303	Kinesin-like protein CG14535	chain
Q9VLZ7	1-511		PRO_0000051839	Probable cytochrome P450 4d21	chain
Q9VM08	1-470		PRO_0000216502	Putative gustatory receptor 28b	chain
Q9VM09	1-450		PRO_0000216501	Putative gustatory receptor 28a	chain
Q9VM17	1-204		PRO_0000385305	SOSS complex subunit B homolog	chain
Q9VM21	1-669		PRO_0000439052	Armadillo repeat-containing protein gudu	chain
Q9VM33	1-745		PRO_0000007445	Elongation factor G, mitochondrial	chain
Q9VM35	1-306		PRO_0000335813	Ubiquitin-conjugating enzyme E2Q-like protein CG4502	chain
Q9VM46	1-79		PRO_0000122964	Probable 26S proteasome complex subunit sem1	chain
Q9VM51	1-299		PRO_0000439277	Mitochondrial magnesium exporter 1	chain
Q9VM60	1-605		PRO_0000405813	Mini-chromosome maintenance complex-binding protein	chain
Q9VM64	21-886	ECO:0000255	PRO_0000383615	Interference hedgehog	chain
Q9VM65	1-315		PRO_0000299057	FGFR1 oncogene partner 2 homolog	chain
Q9VM71	1-908		PRO_0000249914	5'-3' exoribonuclease 2 homolog	chain
Q9VM75	1-2096		PRO_0000186204	HEAT repeat-containing protein 1 homolog	chain
Q9VM90	1-456	ECO:0000305	PRO_0000444433	Serine	chain
Q9VM91	1-992		PRO_0000381795	Tubulin glycylase 3A	chain
Q9VM92	1-756		PRO_0000381796	Tubulin glycylase 3B	chain
Q9VM95	1-488		PRO_0000056620	Protein Aatf	chain
Q9VMA0	1-235		PRO_0000372845	Non-structural maintenance of chromosomes element 1 homolog	chain
Q9VMA2	1-350		PRO_0000169886	Probable galactose-1-phosphate uridylyltransferase	chain
Q9VMA3	1-1117		PRO_0000079561	Protein cup	chain
Q9VMA7	35-1430		PRO_0000370510	Transport and Golgi organization protein 1	chain
Q9VMC8	1-111		PRO_0000218719	PHD finger-like domain-containing protein 5A	chain
Q9VMC9	1-300		PRO_0000419492	Kynurenine formamidase	chain
Q9VMD0	1-1659		PRO_0000447643	Daxx-like protein	chain
Q9VMD5	1-489		PRO_0000453373	Membrane-bound acylglycerophosphatidylinositol O-acyltransferase frj	chain
Q9VMD6	1-659		PRO_0000210763	Protein real-time	chain
Q9VMD9	19-2188	ECO:0000269|PubMed:7924982	PRO_5000144152	Tiggrin	chain
Q9VMG0	1-216	ECO:0000305	PRO_0000452802	Arylalkylamine N-acetyltransferase-like 2	chain
Q9VMH0	20-657		PRO_0000229803	Tectonic	chain
Q9VMH7	1-223		PRO_0000311300	Protein-lysine N-methyltransferase CG9154	chain
Q9VMJ7	1-1838		PRO_0000292421	Lysine-specific demethylase 5	chain
Q9VMK1	1-335		PRO_0000438777	Mitochondrial uncoupling protein 4C	chain
Q9VMK3	26-381	ECO:0000255	PRO_5015100457	Protein palisade	chain
Q9VML1	1-691		PRO_0000452342	Protein dissatisfaction	chain
Q9VML9	1-669		PRO_0000437961	Trissin receptor	chain
Q9VMM6	22-249	ECO:0000255	PRO_5009349125	Protein obstructor-E	chain
Q9VMN5	62-576		PRO_0000005033	60 kDa heat shock protein homolog 2, mitochondrial	chain
Q9VMP9	1-273		PRO_0000328091	Glucosamine-6-phosphate deaminase	chain
Q9VMQ5	26-477		PRO_0000207586	Ubiquinone biosynthesis monooxygenase COQ6, mitochondrial	chain
Q9VMQ7	1-437		PRO_0000284010	Elongator complex protein 4	chain
Q9VMR8	24-131		PRO_0000354996	Protein Turandot M	chain
Q9VMS7	1-509		PRO_0000051828	Probable cytochrome P450 4ac3	chain
Q9VMS8	1-511		PRO_0000051827	Probable cytochrome P450 4ac2	chain
Q9VMS9	1-509		PRO_0000051826	Probable cytochrome P450 4ac1	chain
Q9VMT5	1-502		PRO_0000051990	Probable cytochrome P450 28d1	chain
Q9VMT6	1-501		PRO_0000051991	Probable cytochrome P450 28d2	chain
Q9VMU4	2-92		PRO_0000139827	Large ribosomal subunit protein eL43	chain
Q9VMU5	1-721		PRO_0000451730	Protein quick-to-court	chain
Q9VMU8	1-388	ECO:0000305	PRO_0000441162	UDP-galactose transporter senju	chain
Q9VMV6	26-198		PRO_0000032295	Thioredoxin reductase-like selenoprotein T homolog CG3887	chain
Q9VMW7	1-191		PRO_0000413109	Inosine triphosphate pyrophosphatase	chain
Q9VMW8	1-252		PRO_0000221037	Mannose-P-dolichol utilization defect 1 protein homolog	chain
Q9VMW9	1-395		PRO_0000201707	GDP-mannose 4,6 dehydratase	chain
Q9VMX0	?-302		PRO_0000030508	Large ribosomal subunit protein bL28m	chain
Q9VMX1	1-600		PRO_0000334520	KIF-binding protein	chain
Q9VMX6	1-755		PRO_0000361536	SWI	chain
Q9VMY1	?-247		PRO_0000270495	Large ribosomal subunit protein uL24m	chain
Q9VMY9	1-448		PRO_0000439491	Guanine deaminase	chain
Q9VN03	44-763		PRO_0000310552	ATP-dependent RNA helicase SUV3 homolog, mitochondrial	chain
Q9VN12	22-633	ECO:0000255	PRO_0000280226	Probable sodium	chain
Q9VN13	1-321		PRO_0000446381	Sideroflexin-1-3	chain
Q9VN14	19-1362		PRO_0000014703	Contactin	chain
Q9VN19	1-339		PRO_0000328388	Golgi to ER traffic protein 4 homolog	chain
Q9VN25	1-1140		PRO_0000366337	Eukaryotic translation initiation factor 3 subunit A	chain
Q9VN27	29-234		PRO_0000332309	Putative lipoyltransferase 2, mitochondrial	chain
Q9VN41	1-297		PRO_0000383756	Structure-specific endonuclease subunit SLX1 homolog	chain
Q9VN45	1-553		PRO_0000337156	Protein spartin	chain
Q9VN50	1-280		PRO_0000364303	Eukaryotic translation initiation factor 3 subunit F-1	chain
Q9VN60	1-278		PRO_0000462466	Checkpoint protein Hus1-like	chain
Q9VN91	2-198		PRO_0000441656	MORN repeat-containing protein 4 homolog	chain
Q9VN93	394-614		PRO_0000026369	Cathepsin F	chain
Q9VN95	1-256		PRO_0000393979	Enolase-phosphatase E1	chain
Q9VN97	1-224		PRO_0000210292	Probable mitochondrial import inner membrane translocase subunit Tim17 4	chain
Q9VNA0	1-179		PRO_0000210290	Probable mitochondrial import inner membrane translocase subunit Tim17 1	chain
Q9VNA4	1-227		PRO_0000221040	Uncharacterized protein CG1161	chain
Q9VNA5	1-268		PRO_0000148071	Proteasome subunit beta type-4	chain
Q9VNA8	1-568		PRO_0000079978	Protein downstream neighbor of son homolog	chain
Q9VNB3	1-453		PRO_0000174271	Odorant receptor 83a	chain
Q9VNB5	1-486		PRO_0000174272	Odorant receptor coreceptor	chain
Q9VND8	1-179		PRO_0000082711	GTP-binding protein Rheb homolog	chain
Q9VNE1	1-198		PRO_0000448744	DNA polymerase zeta subunit 2	chain
Q9VNE2	1-422		PRO_0000254625	Protein krasavietz	chain
Q9VNE7	1-85		PRO_0000334649	CDC42 small effector protein homolog	chain
Q9VNE9	1-205		PRO_0000133776	Large ribosomal subunit protein uL13	chain
Q9VNG0	1-293		PRO_0000305018	Mediator of RNA polymerase II transcription subunit 27	chain
Q9VNG1	1-671		PRO_0000239354	Gametogenetin-binding protein 2-like	chain
Q9VNH1	1-300		PRO_0000289270	U6 snRNA methylphosphate capping enzyme Amus	chain
Q9VNH6	1-985		PRO_0000118938	Exocyst complex component 4	chain
Q9VNI3	1-449		PRO_0000342627	Histone PARylation factor 1	chain
Q9VNJ5	1-1218		PRO_0000310699	Protein dispatched	chain
Q9VNK9	1-397		PRO_0000174273	Putative odorant receptor 83c	chain
Q9VNL3	1-129		PRO_0000144807	V-type proton ATPase subunit F 2	chain
Q9VNL4	1-454		PRO_0000349193	Glutaredoxin domain-containing cysteine-rich protein CG31559	chain
Q9VNM1	1-485		PRO_0000417447	Neuropeptide F receptor	chain
Q9VNP5	1-1059		PRO_0000425214	Putative ATP-dependent RNA helicase BoYb	chain
Q9VNS0	1-459		PRO_0000367299	Protein maelstrom	chain
Q9VNT5	?-516		PRO_0000030293	Thioredoxin reductase 2, mitochondrial	chain
Q9VNV3	1-727		PRO_0000054989	ATP-dependent RNA helicase Ddx1	chain
Q9VNX1	1-885		PRO_0000448686	DNA polymerase eta	chain
Q9VNX8	1-638		PRO_0000286082	Eukaryotic translation initiation factor 2A	chain
Q9VNZ8	1-1486		PRO_0000436307	Alsin homolog	chain
Q9VP04	1-154		PRO_0000215644	ORM1-like protein	chain
Q9VP05	1-1475		PRO_0000302023	Mediator of RNA polymerase II transcription subunit 1	chain
Q9VP22	1-1157		PRO_0000372859	Cyclin-dependent kinase 12	chain
Q9VP47	1-814		PRO_0000311280	Pre-rRNA-processing protein TSR1 homolog	chain
Q9VP48	1-385		PRO_0000274548	Ras-related protein Rab-26	chain
Q9VP61	1-670		PRO_0000208425	Acetyl-coenzyme A synthetase	chain
Q9VP65	1-124		PRO_0000215800	Multifunctional methyltransferase subunit TRM112-like protein	chain
Q9VP76	1-1718	ECO:0000305	PRO_0000445797	Adenylyl cyclase 78C	chain
Q9VP95	?-275	ECO:0000305	PRO_5004338390	Seminase	chain
Q9VPB1	1-537		PRO_0000339223	Protein ST7 homolog	chain
Q9VPC0	1-952		PRO_0000086160	Serine	chain
Q9VPC1	1-284		PRO_0000461813	Distal membrane arm assembly component 2	chain
Q9VPD2	1-260		PRO_0000382711	Cytosolic Fe-S cluster assembly factor Nubp2 homolog	chain
Q9VPD3	1-498	ECO:0000305	PRO_0000450822	Phosphatidylserine synthase	chain
Q9VPD5	90-354	ECO:0000255	PRO_0000438919	Transcription termination factor 3, mitochondrial	chain
Q9VPE4	1-105		PRO_0000377573	Vacuolar ATPase assembly integral membrane protein VMA21 homolog	chain
Q9VPF0	20-1535	ECO:0000255	PRO_5007325100	Protein artichoke	chain
Q9VPF8	1-509		PRO_0000254182	Putative sodium-coupled neutral amino acid transporter 12	chain
Q9VPF9	1-373		PRO_0000462181	Integrator complex subunit 15	chain
Q9VPH0	1-869		PRO_0000416287	Protein inturned	chain
Q9VPH2	1-533		PRO_0000046772	DNA primase large subunit	chain
Q9VPH7	1-438		PRO_0000143153	Eukaryotic peptide chain release factor subunit 1	chain
Q9VPH8	1-489		PRO_0000429381	Retinoblastoma-binding protein 5 homolog	chain
Q9VPI2	16-842		PRO_5004338393	Ionotropic receptor 21a	chain
Q9VPK7	1-500		PRO_0000299025	Putative tRNA pseudouridine synthase Pus10	chain
Q9VPL3	25-248		PRO_0000273079	Large ribosomal subunit protein uL10m	chain
Q9VPM5	1-539		PRO_0000436781	Protein mushroom body miniature	chain
Q9VPN2	21-505		PRO_5006753003	Protein amnionless	chain
Q9VPP5	1-347		PRO_0000111714	Ribonuclease H2 subunit A	chain
Q9VPQ2	23-354	ECO:0000255	PRO_5008180999	DnaJ homolog shv	chain
Q9VPQ6	1-1191		PRO_0000221047	Zinc finger protein ush	chain
Q9VPR4	1-488		PRO_0000424662	Protein Notchless	chain
Q9VPR7	26-124	ECO:0000255	PRO_5015100515	UPAR	chain
Q9VPS5	56-648		PRO_0000005032	60 kDa heat shock protein homolog 1, mitochondrial	chain
Q9VPT1	1-454		PRO_0000216492	Gustatory and odorant receptor 21a	chain
Q9VPT4	1-717		PRO_0000462575	SAGA factor-like TAF6	chain
Q9VPT5	1-297		PRO_0000218614	Peroxisome assembly protein 12	chain
Q9VPT7	1-255		PRO_0000326102	Post-GPI attachment to proteins factor 2	chain
Q9VPT8	1-296		PRO_0000422156	Cleavage and polyadenylation specificity factor subunit 4	chain
Q9VPU8	1-345		PRO_0000415500	KRR1 small subunit processome component homolog	chain
Q9VPW1	1-854		PRO_0000310462	Protein asteroid	chain
Q9VPW8	1-249		PRO_0000436846	Protein pinocchio	chain
Q9VPY0	1-587		PRO_0000437671	Integrator complex subunit 14	chain
Q9VPY8	1-427		PRO_0000135568	Queuine tRNA-ribosyltransferase catalytic subunit	chain
Q9VQ26	1-916		PRO_0000191661	Rab3 GTPase-activating protein catalytic subunit	chain
Q9VQ29	36-230	ECO:0000255	PRO_0000460646	Cytochrome b-c1 complex subunit Rieske, mitochondrial	chain
Q9VQ30	1-604		PRO_0000438593	Zinc finger protein chinmo	chain
Q9VQ36	1-951		PRO_0000406198	WD repeat-containing and planar cell polarity effector protein fritz	chain
Q9VQ37	1-365		PRO_0000439452	Mitochondrial carrier protein Rim2	chain
Q9VQ56	1-611	ECO:0000305	PRO_0000443091	Fez family zinc finger protein erm	chain
Q9VQ57	1-245		PRO_0000219052	Derlin-1	chain
Q9VQ62	17-148		PRO_0000019866	NPC intracellular cholesterol transporter 2 homolog a	chain
Q9VQ79	43-739		PRO_0000022029	Putative apoptosis-inducing factor 1, mitochondrial	chain
Q9VQ89	1-867		PRO_0000329410	GATOR2 complex protein Mio	chain
Q9VQ91	1-576		PRO_0000445617	Tudor and KH domain-containing protein homolog	chain
Q9VQ93	1-294		PRO_0000424384	Golgi phosphoprotein 3 homolog sauron	chain
Q9VQB6	1-971		PRO_0000462571	Ataxin-7	chain
Q9VQB7	17-520		PRO_0000418382	EGF domain-specific O-linked N-acetylglucosamine transferase	chain
Q9VQC4	1-487		PRO_0000287197	Glycerate kinase	chain
Q9VQD2	1-506		PRO_0000052318	Probable cytochrome P450 309a1	chain
Q9VQD4	1-274		PRO_0000462467	DNA repair protein Rad1	chain
Q9VQD6	1-381		PRO_0000434593	Early boundary activity protein 2	chain
Q9VQE5	1-210		PRO_0000148047	Probable proteasome subunit beta type-2	chain
Q9VQE9	1-859		PRO_0000280298	Protein O-mannosyl-transferase Tmtc1	chain
Q9VQF7	1-152		PRO_0000438107	Bacchus	chain
Q9VQF9	1-134		PRO_0000420204	SNAPIN protein homolog	chain
Q9VQG2	1-238		PRO_0000221058	Gamma-secretase subunit Aph-1	chain
Q9VQG4	1-306		PRO_0000090608	Congested-like trachea protein	chain
Q9VQG9	16-586	ECO:0000255	PRO_5015100507	Protein dawdle	chain
Q9VQH2	1-1537		PRO_0000223352	Dual oxidase	chain
Q9VQI9	1-1673		PRO_0000394675	AF4	chain
Q9VQK0	1-1041		PRO_0000319580	FHIP family protein CG3558	chain
Q9VQK4	1-369		PRO_0000463459	Alpha1,4-N-acetylgalactosaminyltransferase 1	chain
Q9VQK9	1-420		PRO_0000463259	Protein beta4GalNAcTB pilot	chain
Q9VQM4	1-580		PRO_0000212489	Tyrosyl-DNA phosphodiesterase 1	chain
Q9VQN8	1-523		PRO_0000302730	Fidgetin-like protein 1	chain
Q9VQP9	1-149		PRO_0000320609	Oligosaccharyltransferase complex subunit C	chain
Q9VQQ0	1-398		PRO_0000460467	Serine	chain
Q9VQQ9	1-894		PRO_0000118922	Exocyst complex component 2	chain
Q9VQS5	1-405		PRO_0000328890	Intraflagellar transport protein 57 homolog	chain
Q9VQS6	1-81		PRO_0000046920	Protein drumstick	chain
Q9VQS7	1-578		PRO_0000046928	Protein sister of odd and bowel	chain
Q9VQU9	1-744		PRO_0000046909	Protein bowel	chain
Q9VQX4	1-555		PRO_0000315686	Nicotinate phosphoribosyltransferase	chain
Q9VQY9	1-203		PRO_0000194816	Probable DNA replication complex GINS protein PSF2	chain
Q9VQZ6	1-552		PRO_0000283992	Elongator complex protein 3	chain
Q9VR05	1-346		PRO_0000454969	Zinc finger protein Paris	chain
Q9VR07	1-943		PRO_0000245793	Sodium- and chloride-dependent GABA transporter ine	chain
Q9VR17	1-363		PRO_0000434579	Early boundary activity protein 1	chain
Q9VR19	1-379		PRO_0000434592	Early boundary activity protein 3	chain
Q9VR20	1-495		PRO_0000460777	OTU domain-containing protein CG3251	chain
Q9VR35	1-653	ECO:0000305	PRO_0000436263	Eukaryotic translation initiation factor 4E-binding protein Mextli	chain
Q9VR38	1-528		PRO_0000459504	Vacuolar fusion protein MON1 homolog	chain
Q9VR50	1-373		PRO_0000305056	Solute carrier family 35 member E1 homolog	chain
Q9VR52	1-395		PRO_0000414861	Protein tilB	chain
Q9VR56	1-319		PRO_0000311319	tRNA (guanine(9)-N(1))-methyltransferase Trmt10A	chain
Q9VR59	1-1696		PRO_0000315697	Inositol hexakisphosphate and diphosphoinositol-pentakisphosphate kinase	chain
Q9VR81	1-417		PRO_0000315780	N-acetylglucosamine-6-phosphate deacetylase	chain
Q9VR82	1-481		PRO_0000208502	Innexin inx6	chain
Q9VR89	1-240		PRO_0000270550	RNA-binding protein pno1	chain
Q9VR91	1-4912		PRO_0000229741	Probable E3 ubiquitin-protein ligase HERC2	chain
Q9VR93	1-63		PRO_0000170306	ATP synthase membrane subunit K, mitochondrial	chain
Q9VR94	23-146		PRO_0000012568	General odorant-binding protein 19a	chain
Q9VR99	1-720		PRO_0000419266	Splicing factor Cactin	chain
Q9VRA2	1-781		PRO_0000249956	Molybdenum cofactor sulfurase	chain
Q9VRB3	1-520		PRO_0000051891	Probable cytochrome P450 6v1	chain
Q9VRC9	17-1254		PRO_5004338412	NPC intracellular cholesterol transporter 1 homolog 1b	chain
Q9VRG7	1-243		PRO_0000297976	CTD nuclear envelope phosphatase 1 homolog	chain
Q9VRH6	77-696		PRO_0000402838	Translation factor waclaw, mitochondrial	chain
Q9VRI9	1-529		PRO_0000051888	Probable cytochrome P450 6t1	chain
Q9VRJ0	1-726		PRO_0000314148	Flap endonuclease GEN	chain
Q9VRJ1	25-1012		PRO_0000402119	Alanine--tRNA ligase, mitochondrial	chain
Q9VRJ2	1-423		PRO_0000319577	Acyl-coenzyme A diphosphatase FITM2	chain
Q9VRJ8	1-108		PRO_0000071609	Protein Asterix	chain
Q9VRJ9	1-347		PRO_0000282362	Ubiquitin thioesterase Otu1	chain
Q9VRK8	30-658		PRO_0000286116	Putative phospholipase B-like lamina ancestor	chain
Q9VRL2	1-216		PRO_0000212553	Probable Golgi SNAP receptor complex member 2	chain
Q9VRL3	1-138		PRO_0000124844	Probable prefoldin subunit 4	chain
Q9VRM7	1-543		PRO_0000052316	Cytochrome P450 307a1	chain
Q9VRN2	27-518		PRO_0000013024	Probable G-protein coupled receptor Mth-like 2	chain
Q9VRN3	1-225		PRO_0000456430	Chromatin modification-related protein MEAF6	chain
Q9VRN5	1-195		PRO_0000253797	Protein lin-28 homolog	chain
Q9VRP5	1-1038		PRO_0000378498	Ubiquitin carboxyl-terminal hydrolase 36	chain
Q9VRP9	1-1044		PRO_0000055846	E3 ubiquitin-protein ligase Bre1	chain
Q9VRQ7	1-525		PRO_0000448259	DNA polymerase epsilon subunit 2	chain
Q9VRQ9	24-340	ECO:0000255	PRO_5015100593	Glutaminyl-peptide cyclotransferase	chain
Q9VRR2	1-671		PRO_0000458750	Solute carrier family 53 member 1	chain
Q9VRV7	1-121		PRO_0000081728	Splicing factor 3B subunit 6	chain
Q9VRX1	1-642		PRO_0000459502	Regulator of MON1-CCZ1 complex	chain
Q9VRX2	1-1229	ECO:0000305	PRO_0000444757	Vacuolar protein sorting-associated protein 8 homolog	chain
Q9VRX3	1-462		PRO_0000048281	beta-Tubulin at 65B	chain
Q9VRX6	1-367		PRO_0000208499	Innexin inx4	chain
Q9VRZ7	1-259		PRO_0000460644	Ubiquinol-cytochrome c reductase complex assembly factor 1	chain
Q9VS05	1-676		PRO_0000420793	Forkhead box protein biniou	chain
Q9VS24	1-994		PRO_0000297961	Protein melted	chain
Q9VS29	22-2074		PRO_0000376054	Cell adhesion molecule Dscam2	chain
Q9VS34	1-188		PRO_0000291628	Large ribosomal subunit protein eL18	chain
Q9VS36	1-331		PRO_0000436508	Meiotic recombination protein P22	chain
Q9VS38	1-258		PRO_0000302070	Mediator of RNA polymerase II transcription subunit 4	chain
Q9VS46	1-724		PRO_0000097348	RINT1-like protein	chain
Q9VS48	1-1145		PRO_0000383568	Structure-specific endonuclease subunit SLX4	chain
Q9VS50	1-1052		PRO_0000074544	N-acetyltransferase eco	chain
Q9VS59	1-201		PRO_0000355123	Akirin	chain
Q9VS60	1-600		PRO_0000221079	Ceramide phosphoethanolamine synthase	chain
Q9VS77	21-480		PRO_0000013027	Probable G-protein coupled receptor Mth-like 6	chain
Q9VS78	1-484		PRO_0000052329	Probable cytochrome P450 316a1	chain
Q9VS79	1-463		PRO_0000051835	Cytochrome P450 4d8	chain
Q9VS97	19-186		PRO_0000023914	Peptidoglycan-recognition protein SD	chain
Q9VSA3	23-419	ECO:0000255	PRO_0000000508	Medium-chain specific acyl-CoA dehydrogenase, mitochondrial	chain
Q9VSA4	1-1405		PRO_0000403776	Tonsoku-like protein	chain
Q9VSB9	1-376		PRO_0000284502	Transmembrane protein 43 homolog	chain
Q9VSC1	1-77		PRO_0000135185	Signal recognition particle 9 kDa protein	chain
Q9VSD7	1-534		PRO_0000250367	Lariat debranching enzyme	chain
Q9VSE2	1-1051		PRO_0000455411	Helicase POLQ-like	chain
Q9VSE7	23-491		PRO_0000013028	Probable G-protein coupled receptor Mth-like 7	chain
Q9VSF2	1-993		PRO_0000305919	Mediator of RNA polymerase II transcription subunit 24	chain
Q9VSF3	1-181		PRO_0000082492	Nedd8-conjugating enzyme UbcE2M	chain
Q9VSF4	1-368		PRO_0000134472	Probable deoxyhypusine synthase	chain
Q9VSH0	1-346		PRO_0000454443	Cyclic GMP-AMP synthase-like protein	chain
Q9VSH2	1-527		PRO_0000216535	Gustatory receptor for bitter taste 66a	chain
Q9VSH3	1-245		PRO_0000179084	Bax inhibitor 1	chain
Q9VSH4	1-652		PRO_0000372849	Cleavage and polyadenylation specificity factor subunit 6	chain
Q9VSH9	1-438		PRO_0000221087	PHAF1 protein CG7083	chain
Q9VSJ8	1-693		PRO_0000118963	Exocyst complex component 7	chain
Q9VSK8	1-597		PRO_0000434014	Zinc finger CCCH domain-containing protein 3	chain
Q9VSK9	1-734		PRO_0000455684	Pseudouridylate synthase 7 homolog	chain
Q9VSL3	1-243		PRO_0000430582	Pyrimidodiazepine synthase	chain
Q9VSL7	22-706	ECO:0000255	PRO_0000041653	Zinc transporter foi	chain
Q9VSR3	1-704		PRO_0000232396	Translational regulator orb2	chain
Q9VSS1	1-611		PRO_0000451862	Protein Pixie	chain
Q9VSS2	1-604		PRO_0000135230	Signal recognition particle subunit SRP68	chain
Q9VSS7	1-250		PRO_0000221091	UPF0193 protein EVG1 homolog	chain
Q9VSU7	1-250		PRO_0000215582	Vesicle transport protein USE1	chain
Q9VSY4	1-461		PRO_0000348069	Alpha-tubulin N-acetyltransferase 1	chain
Q9VSY6	1-270		PRO_0000156883	Phosphoserine phosphatase	chain
Q9VSZ6	1-418		PRO_0000383936	Queuine tRNA-ribosyltransferase accessory subunit 2	chain
Q9VT00	1-2351		PRO_0000462172	Jumonji, AT rich interactive domain protein 2	chain
Q9VT04	1-471		PRO_0000436782	Proton-coupled amino acid transporter-like protein pathetic	chain
Q9VT08	1-407		PRO_0000174262	Odorant receptor 67a	chain
Q9VT20	1-421		PRO_0000174263	Odorant receptor 67b	chain
Q9VT28	1-3479		PRO_0000282939	Protein furry	chain
Q9VT41	1-1001		PRO_0000437659	Integrator complex subunit 7	chain
Q9VT50	30-154		PRO_0000016185	Insulin-like peptide 1	chain
Q9VT51	27-137		PRO_0000016189	Insulin-like peptide 2	chain
Q9VT52	30-120		PRO_0000016193	Insulin-like peptide 3	chain
Q9VT53	27-134		PRO_0000016197	Insulin-like peptide 4	chain
Q9VT57	1-454		PRO_0000085798	Cyclin-dependent kinase 8	chain
Q9VT65	1-925		PRO_0000026499	Calpain-B	chain
Q9VT65	225-925		PRO_0000026501	Calpain-B catalytic subunit 2	chain
Q9VT65	75-925		PRO_0000026500	Calpain-B catalytic subunit 1	chain
Q9VT67	1-186		PRO_0000305135	LSM12 homolog B	chain
Q9VT70	1-317		PRO_0000240209	Nuclear distribution protein nudE homolog	chain
Q9VT90	1-404		PRO_0000174264	Odorant receptor 67c	chain
Q9VT92	1-391		PRO_0000174265	Odorant receptor 67d	chain
Q9VTC2	1-169		PRO_0000420196	Biogenesis of lysosome-related organelles complex 1 subunit 4	chain
Q9VTC4	1-156		PRO_0000212694	MIP18 family protein galla-2	chain
Q9VTE0	1-159		PRO_0000420193	Biogenesis of lysosome-related organelles complex 1 subunit 2	chain
Q9VTE2	1-962		PRO_0000072323	Protein suppressor of underreplication	chain
Q9VTE5	1-143		PRO_0000124838	Probable prefoldin subunit 2	chain
Q9VTE6	1-1174		PRO_0000459994	Nucleolar complex protein 1	chain
Q9VTE9	1-524		PRO_0000194958	Nedd8-activating enzyme E1 regulatory subunit	chain
Q9VTF9	1-316		PRO_0000194987	Ubiquitin fusion degradation protein 1 homolog	chain
Q9VTG7	1-479		PRO_0000195180	Galactosylgalactosylxylosylprotein 3-beta-glucuronosyltransferase P	chain
Q9VTH0	22-721	ECO:0000255	PRO_5015100590	Procollagen-lysine,2-oxoglutarate 5-dioxygenase	chain
Q9VTH4	1-280		PRO_0000307211	Protein scylla	chain
Q9VTI8	1-299		PRO_0000307209	Protein charybde	chain
Q9VTJ4	26-494		PRO_0000010318	Putative alpha-L-fucosidase	chain
Q9VTJ8	1-118		PRO_0000071106	Mitochondrial import inner membrane translocase subunit TIM14	chain
Q9VTK2	1-886		PRO_0000121487	Protein O-mannosyltransferase 1	chain
Q9VTL1	1-395		PRO_0000121035	PCI domain-containing protein 2 homolog	chain
Q9VTM0	1-167		PRO_0000420200	Biogenesis of lysosome-related organelles complex 1 subunit 6	chain
Q9VTM5	85-330		PRO_0000273183	Dimethyladenosine transferase 1, mitochondrial	chain
Q9VTM6	23-135	ECO:0000255	PRO_5015100625	UPAR	chain
Q9VTN0	1-389		PRO_0000216536	Gustatory receptor 68a	chain
Q9VTN3	1-92		PRO_0000193628	Mitochondrial import inner membrane translocase subunit Tim13	chain
Q9VTP4	1-217		PRO_0000125829	Large ribosomal subunit protein uL1	chain
Q9VTT0	35-1093	ECO:0000255	PRO_5004336132	Semaphorin 5c	chain
Q9VTT9	1-492		PRO_0000321920	Differentially expressed in FDCP 8 homolog	chain
Q9VTU0	1-855		PRO_0000372654	Protein KRI1 homolog	chain
Q9VTU1	1-111		PRO_0000064632	Autophagy protein 12-like	chain
Q9VTU3	1-476		PRO_0000372857	Rho GTPase-activating protein 68F	chain
Q9VTU4	1-539		PRO_0000364245	Eukaryotic translation initiation factor 3 subunit L	chain
Q9VTV1	1-350		PRO_0000310752	THO complex subunit 6	chain
Q9VTW2	1-747		PRO_0000442517	Inositol polyphosphate 5-phosphatase E	chain
Q9VTX8	1-492		PRO_0000304690	Protein odr-4 homolog	chain
Q9VTY4	1-212		PRO_0000295265	KxDL motif-containing protein CG10681	chain
Q9VTY6	1-178		PRO_0000390471	Ubiquitin-conjugating enzyme E2 C	chain
Q9VTZ2	1-214		PRO_0000460347	Protein verrocchio	chain
Q9VTZ5	22-819	ECO:0000255	PRO_5015100573	Transferrin 2	chain
Q9VTZ6	1-254		PRO_0000199699	Phosphomannomutase	chain
Q9VU02	1-124		PRO_0000122204	Probable small nuclear ribonucleoprotein Sm D1	chain
Q9VU08	1-3919		PRO_0000445548	Intermembrane lipid transfer protein Vps13D	chain
Q9VU27	1-393		PRO_0000174266	Putative odorant receptor 69a, isoform A	chain
Q9VU31	1-265		PRO_0000435801	Protein Exd1 homolog	chain
Q9VU41	1-451		PRO_0000424818	Zinc finger MYND domain-containing protein 10 homolog	chain
Q9VU52	1-715		PRO_0000445380	Protein sneaky	chain
Q9VU65	1-391		PRO_0000395868	POC1 centriolar protein homolog	chain
Q9VU68	1-608		PRO_0000051346	Actin-interacting protein 1	chain
Q9VU70	1-185		PRO_0000332187	Tetratricopeptide repeat protein 36 homolog	chain
Q9VU77	1-316		PRO_0000462173	Bifunctional peptidase and (3S)-lysyl hydroxylase JMJD7	chain
Q9VU84	1-531		PRO_0000270188	Drebrin-like protein	chain
Q9VU86	1-1873		PRO_0000462577	SAGA complex subunit Spt20	chain
Q9VU87	1-399		PRO_0000390363	Vacuolar protein-sorting-associated protein 36	chain
Q9VU95	1-494		PRO_0000287669	Alanine--glyoxylate aminotransferase 2-like	chain
Q9VUA0	1-952		PRO_0000287460	G patch domain-containing protein 1 homolog	chain
Q9VUB4	1-610		PRO_0000220639	GATOR complex protein NPRL3	chain
Q9VUC6	1-1183		PRO_0000372648	Formin-like protein	chain
Q9VUF8	?-540		PRO_0000003630	Ecdysone 20-monooxygenase	chain
Q9VUI3	1-1076		PRO_0000050967	Echinoderm microtubule-associated protein-like CG42247	chain
Q9VUJ0	1-333		PRO_0000087686	Large ribosomal subunit protein mL39	chain
Q9VUK5	1-378		PRO_0000174268	Putative odorant receptor 71a	chain
Q9VUK8	88-765	ECO:0000305	PRO_0000452350	Glycine--tRNA ligase	chain
Q9VUL1	1-627		PRO_0000247038	CTP synthase	chain
Q9VUL9	1-503		PRO_0000221122	Glycoprotein 3-alpha-L-fucosyltransferase A	chain
Q9VUM0	1-1190		PRO_0000115209	Probable DNA mismatch repair protein Msh6	chain
Q9VUN0	15-1514		PRO_0000436858	Toll-like receptor 6	chain
Q9VUN3	1-217		PRO_0000208711	GTP-binding nuclear protein Ran-like	chain
Q9VUQ5	1-1214		PRO_0000194071	Protein argonaute-2	chain
Q9VUQ8	1-288		PRO_0000129508	DCN1-like protein 1	chain
Q9VUR0	1-607		PRO_0000280372	Probable Ufm1-specific protease 2	chain
Q9VUR3	1-334		PRO_0000221130	Probable aminoacyl tRNA synthase complex-interacting multifunctional protein 2	chain
Q9VUR7	1-276		PRO_0000372652	Phosducin-like protein 1	chain
Q9VUT6	1-590		PRO_0000059162	Polypeptide N-acetylgalactosaminyltransferase 8	chain
Q9VUT8	1-343		PRO_0000438381	Protein commissureless 2	chain
Q9VUU5	1-623		PRO_0000379948	Kelch-like protein diablo	chain
Q9VUV9	1-2142		PRO_0000102089	U5 small nuclear ribonucleoprotein 200 kDa helicase	chain
Q9VUW9	1-637	ECO:0000305	PRO_0000436308	Palmitoyltransferase Hip14	chain
Q9VUX2	1-1226		PRO_0000055951	E3 ubiquitin-protein ligase mind-bomb	chain
Q9VUX3	47-671	ECO:0000255	PRO_0000432994	Palmitoleoyl-protein carboxylesterase NOTUM	chain
Q9VUY0	21-698		PRO_0000305221	MOXD1 homolog 1	chain
Q9VUY8	1-1191		PRO_0000390953	WASH complex subunit homolog 5	chain
Q9VUY9	1-560		PRO_0000147789	Phosphoglucomutase 1	chain
Q9VUZ1	1-139		PRO_0000412460	Probable trafficking protein particle complex subunit 2	chain
Q9VV36	22-191	ECO:0000255	PRO_5008974705	Retinin	chain
Q9VV41	1-347		PRO_0000307784	Probable tRNA N6-adenosine threonylcarbamoyltransferase	chain
Q9VV43	1-192		PRO_0000221141	Tubulin polymerization-promoting protein homolog	chain
Q9VV72	16-441	ECO:0000305	PRO_0000437746	Multiple inositol polyphosphate phosphatase 1	chain
Q9VV73	1-841		PRO_0000220539	Nuclear RNA export factor 2	chain
Q9VV74	1-226		PRO_0000424374	Survival motor neuron protein	chain
Q9VV87	1-316		PRO_0000451162	Very long chain fatty acid elongase 6	chain
Q9VV96	18-182		PRO_0000023908	Peptidoglycan-recognition protein SB2	chain
Q9VVA0	1-143		PRO_0000372846	Cold shock domain-containing protein CG9705	chain
Q9VVA6	1-332		PRO_0000455830	Nuclear migration protein nudC	chain
Q9VVA8	1-78		PRO_0000221145	Transmembrane protein 258	chain
Q9VVB4	1-555		PRO_0000338405	Coiled-coil domain-containing protein 22 homolog	chain
Q9VVD9	1-396		PRO_0000213384	Adenosine 3'-phospho 5'-phosphosulfate transporter 2	chain
Q9VVE2	1-268		PRO_0000315670	Protein rogdi	chain
Q9VVE5	1-369		PRO_0000374051	RNA-binding protein Musashi homolog Rbp6	chain
Q9VVF3	1-404		PRO_0000174269	Odorant receptor 74a	chain
Q9VVG4	1-889		PRO_0000118916	Exocyst complex component 1	chain
Q9VVG6	1-268		PRO_0000115242	Ubiquinone biosynthesis protein COQ4 homolog, mitochondrial	chain
Q9VVH3	1-122		PRO_0000433598	MICOS complex subunit MIC13 homolog QIL1	chain
Q9VVH9	1-819		PRO_0000446514	Solute carrier organic anion transporter family member 74D	chain
Q9VVI1	1-420		PRO_0000460192	Putative RNA-binding protein Alsin2	chain
Q9VVI2	1-680		PRO_0000330730	Enhancer of mRNA-decapping protein 3	chain
Q9VVI3	1-1007		PRO_0000120322	E3 ubiquitin-protein ligase Nedd-4	chain
Q9VVI9	1-226		PRO_0000372645	Charged multivesicular body protein 5	chain
Q9VVK8	1-594		PRO_0000456959	Probable ATP-dependent RNA helicase DDX52	chain
Q9VVL1	1-629	ECO:0000305	PRO_0000444755	Ionotropic receptor 75a	chain
Q9VVL6	1-337		PRO_0000304773	Mediator of RNA polymerase II transcription subunit 19	chain
Q9VVN2	?-225		PRO_0000030593	Small ribosomal subunit protein mS26	chain
Q9VVN4	1-846		PRO_0000226819	ATR-interacting protein mus304	chain
Q9VVN6	1-510		PRO_0000052322	Probable cytochrome P450 312a1	chain
Q9VVR0	1-169		PRO_0000372639	Uncharacterized protein CG13380	chain
Q9VVR1	1-496		PRO_0000367514	Ubiquitin carboxyl-terminal hydrolase nonstop	chain
Q9VVR2	1-539		PRO_0000273210	Protein aurora borealis	chain
Q9VVR4	21-461		PRO_0000002818	Gram-negative bacteria-binding protein 2	chain
Q9VVR6	1-196		PRO_0000367525	SAGA-associated factor 11 homolog	chain
Q9VVR9	?-524		PRO_0000003612	Probable cytochrome P450 12c1, mitochondrial	chain
Q9VVS4	1-176		PRO_0000304314	Mediator of RNA polymerase II transcription subunit 11	chain
Q9VVT2	1-590		PRO_0000172499	Protein I'm not dead yet	chain
Q9VVT5	1-288		PRO_0000420202	Dysbindin protein homolog	chain
Q9VVT9	1-181		PRO_0000452830	Ninjurin-B	chain
Q9VVU5	1-525		PRO_0000120964	COP9 signalosome complex subunit 1b	chain
Q9VVV2	1-328		PRO_0000331551	Organic solute transporter alpha-like protein	chain
Q9VVV9	1-928		PRO_0000301998	Protein naked cuticle	chain
Q9VVW1	23-386		PRO_0000032528	Accessory gland protein Acp76A	chain
Q9VVW3	1-327		PRO_0000446382	Sideroflexin-2	chain
Q9VVW5	1-411		PRO_0000408762	Dual specificity protein phosphatase Mpk3	chain
Q9VVW8	1-300		PRO_0000416165	ATP-dependent (S)-NAD(P)H-hydrate dehydratase	chain
Q9VVX0	1-245		PRO_0000424375	Gem-associated protein 2	chain
Q9VVX3	23-694		PRO_0000013012	Frizzled-2	chain
Q9VVX5	1-497		PRO_0000233380	Lysophospholipid acyltransferase 5	chain
Q9VVY3	1-681		PRO_0000372644	Glycogen-binding subunit 76A	chain
Q9VW09	1-1747		PRO_0000404572	E3 ubiquitin-protein ligase listerin	chain
Q9VW12	1-125		PRO_0000254641	UPF0389 protein CG9231	chain
Q9VW14	26-407		PRO_0000311307	rRNA methyltransferase 3, mitochondrial	chain
Q9VW15	1-2226		PRO_0000259518	Histone-lysine N-methyltransferase ash1	chain
Q9VW26	?-431		PRO_0000001268	Ornithine aminotransferase, mitochondrial	chain
Q9VW27	1-717		PRO_0000436309	Protein Teyrha-meyrha	chain
Q9VW43	1-504		PRO_0000052314	Probable cytochrome P450 305a1	chain
Q9VW47	1-2531		PRO_0000312963	Mediator of RNA polymerase II transcription subunit 12	chain
Q9VW51	1-1059		PRO_0000430426	RNA polymerase II elongation factor Ell	chain
Q9VW56	1-125		PRO_0000124853	Probable prefoldin subunit 6	chain
Q9VW60	1-1307		PRO_0000195713	Adenylate cyclase type 2	chain
Q9VW71	39-4699		PRO_0000004016	Fat-like cadherin-related tumor suppressor homolog	chain
Q9VW78	17-636		PRO_5015100753	Ionotropic receptor coreceptor Ir76b	chain
Q9VW87	1-162		PRO_0000437457	Protein snakeskin	chain
Q9VW97	1-890		PRO_0000226785	Possible lysine-specific histone demethylase 1	chain
Q9VWA1	1-219		PRO_0000205774	Clathrin light chain	chain
Q9VWA2	1-203		PRO_0000171696	Probable deoxycytidylate deaminase	chain
Q9VWA8	1-262		PRO_0000220771	Protein FRG1 homolog	chain
Q9VWB0	1-1350		PRO_0000337065	Tectonin beta-propeller repeat-containing protein	chain
Q9VWB1	1-248		PRO_0000459586	DCN1-like protein 4	chain
Q9VWB9	1-1746		PRO_0000441753	tRNA (32-2'-O)-methyltransferase regulator THADA	chain
Q9VWC6	1-1596		PRO_0000459219	Transcription factor Zelda	chain
Q9VWD4	1-580		PRO_0000372850	Probable RNA-binding protein CG14230	chain
Q9VWD6	32-409		PRO_0000307783	Probable tRNA N6-adenosine threonylcarbamoyltransferase, mitochondrial	chain
Q9VWE0	24-1282		PRO_0000010999	Cytokine receptor	chain
Q9VWE6	1-2111		PRO_0000372641	Protein ELYS homolog	chain
Q9VWE9	1-68		PRO_0000104203	Protein transport protein Sec61 gamma-2 subunit	chain
Q9VWF2	1-2006		PRO_0000059340	Supporter of activation of yellow protein	chain
Q9VWF4	1-387		PRO_0000439451	Dual specificity protein phosphatase MPK-4	chain
Q9VWG0	1-387		PRO_0000454894	Solute carrier family 25 protein Shawn	chain
Q9VWG3	1-160		PRO_0000116367	Small ribosomal subunit protein eS10B	chain
Q9VWH4	?-377		PRO_0000014442	Probable isocitrate dehydrogenase [NAD] subunit alpha, mitochondrial	chain
Q9VWH8	27-72		PRO_0000247774	Protein kish	chain
Q9VWI0	29-183	ECO:0000255	PRO_0000451402	NADH dehydrogenase [ubiquinone] iron-sulfur protein 4, mitochondrial	chain
Q9VWI4	1-211	ECO:0000305	PRO_0000447341	RING finger protein narya	chain
Q9VWK6	1-325		PRO_0000326104	Post-GPI attachment to proteins factor 2-like	chain
Q9VWL5	1-419		PRO_0000208501	Innexin inx5	chain
Q9VWN4	1-1150		PRO_0000444613	Fl(2)d-associated complex component	chain
Q9VWN5	1-560		PRO_0000317565	Ubiquitin carboxyl-terminal hydrolase MINDY-3 homolog	chain
Q9VWN9	1-2103		PRO_0000452204	Zinc finger SWIM domain-containing protein 8 homolog	chain
Q9VWP4	35-573	ECO:0000255	PRO_0000006485	Sulfite oxidase, mitochondrial	chain
Q9VWQ2	1-483	ECO:0000305	PRO_0000434556	Serine	chain
Q9VWR2	1-490		PRO_0000052317	Probable cytochrome P450 308a1	chain
Q9VWR5	1-574		PRO_0000052315	Cytochrome P450 306a1	chain
Q9VWR8	1-872		PRO_0000311884	C-mannosyltransferase dpy-19 homolog	chain
Q9VWS0	1-686		PRO_0000463507	Inhibitor of growth protein 3	chain
Q9VWS2	1-331		PRO_0000443735	Nucleoporin Nup35	chain
Q9VWS4	77-343	ECO:0000255	PRO_0000434983	Tumor necrosis factor receptor superfamily member wgn	chain
Q9VWU1	23-394	ECO:0000255	PRO_0000271766	Serine protease persephone	chain
Q9VWV8	1-307		PRO_0000280592	Nitric oxide synthase-interacting protein homolog	chain
Q9VWV9	1-525		PRO_0000213140	Protein-serine O-palmitoleoyltransferase porcupine	chain
Q9VWW0	1-359		PRO_0000076636	Cyclic AMP response element-binding protein B	chain
Q9VWX8	2-187		PRO_0000458652	Frequenin-2	chain
Q9VWY6	1-328		PRO_0000118886	Transcription initiation factor TFIID subunit 8	chain
Q9VX09	1-607		PRO_0000089126	Actin-related protein 8	chain
Q9VX10	1-162		PRO_0000211433	Sulfiredoxin	chain
Q9VX12	1-359		PRO_0000462579	SAGA complex subunit Spt7	chain
Q9VX25	1-209		PRO_0000390440	Ubiquitin-conjugating enzyme E2 S	chain
Q9VX31	1-1105		PRO_0000437669	Integrator complex subunit 2	chain
Q9VX32	1-1561		PRO_0000372856	Rho GTPase-activating protein 190	chain
Q9VX39	1-320		PRO_0000291946	Transmembrane protein 41 homolog	chain
Q9VX88	1-834		PRO_0000438854	WW domain-containing adapter protein with coiled-coil homolog	chain
Q9VX91	1-1824		PRO_0000056139	E3 ubiquitin-protein ligase UBR1	chain
Q9VX98	1-189	ECO:0000305	PRO_0000432074	Density-regulated protein homolog	chain
Q9VXA0	1-412		PRO_0000435315	GATOR complex protein NPRL2	chain
Q9VXA8	1-375		PRO_0000406136	Decapping and exoribonuclease protein Rai1	chain
Q9VXB0	1-246		PRO_0000213074	NECAP-like protein CG9132	chain
Q9VXB3	1-173		PRO_0000309508	Histone deacetylase complex subunit SAP30 homolog	chain
Q9VXB5	?-233		PRO_0000323420	Large ribosomal subunit protein uL22m	chain
Q9VXD1	1-176	ECO:0000305	PRO_0000438867	Protein singles bar	chain
Q9VXD6	19-454	ECO:0000255	PRO_5015100773	Nuclear envelope integral membrane protein	chain
Q9VXD9	38-676		PRO_0000013023	Probable G-protein coupled receptor Mth-like 1	chain
Q9VXE0	1-76		PRO_0000125548	Probable small nuclear ribonucleoprotein G	chain
Q9VXE5	1-639		PRO_0000086479	Serine	chain
Q9VXE6	1-1883		PRO_0000422142	Nuclear pore complex protein Nup153	chain
Q9VXF1	1-584		PRO_0000308356	Serine	chain
Q9VXG1	1-1959		PRO_0000046924	Zinc finger protein hangover	chain
Q9VXG4	1-511		PRO_0000067518	Annexin B11	chain
Q9VXG8	1-2517		PRO_0000225630	Serine	chain
Q9VXH6	1-681		PRO_0000207732	Calpain-C	chain
Q9VXH9	1-1102		PRO_0000390960	WASH complex subunit 4	chain
Q9VXJ0	1-598		PRO_0000416935	Peroxisomal multifunctional enzyme type 2	chain
Q9VXK0	1-273		PRO_0000221151	Protein NipSnap	chain
Q9VXK6	1-464		PRO_0000212520	Eukaryotic translation initiation factor 5	chain
Q9VXL0	1-418		PRO_0000174229	Odorant receptor 13a	chain
Q9VXM0	23-2009	ECO:0000255	PRO_5004335329	Low-density lipoprotein receptor-related protein 4	chain
Q9VXN0	1-377		PRO_0000311095	tRNA-queuosine alpha-mannosyltransferase	chain
Q9VXN2	1-61		PRO_0000437960	Protein stunted	chain
Q9VXN4	1-665		PRO_0000151662	Probable arginine--tRNA ligase, cytoplasmic	chain
Q9VXN9	1-345		PRO_0000220626	Peptidoglycan-recognition protein LE	chain
Q9VXP4	1-225		PRO_0000058150	Platelet-activating factor acetylhydrolase IB subunit beta homolog	chain
Q9VXT2	1-333		PRO_0000348574	DnaJ homolog subfamily C member 25 homolog	chain
Q9VXT5	1-687		PRO_0000315652	CWF19-like protein 2 homolog	chain
Q9VXT7	1-187		PRO_0000420567	Probable isoaspartyl peptidase	chain
Q9VXT7	188-332		PRO_0000420568	Probable isoaspartyl peptidase	chain
Q9VXV9	1-317		PRO_0000305069	WSCD family member CG9164	chain
Q9VXX8	1-93		PRO_0000139710	Large ribosomal subunit protein eL37A	chain
Q9VXY0	1-495		PRO_0000051848	Probable cytochrome P450 4s3	chain
Q9VXY2	1-2084		PRO_0000278141	MAP kinase-activating death domain protein	chain
Q9VXY4	1-180		PRO_0000321564	Translation machinery-associated protein 16 homolog	chain
Q9VXY7	1-352		PRO_0000099895	Lipid storage droplets surface-binding protein 2	chain
Q9VY01	1-657		PRO_0000454215	Ecdysone oxidase	chain
Q9VY28	1-167		PRO_0000087711	Small ribosomal subunit protein mS25	chain
Q9VY77	1-728		PRO_0000416967	LIM domain-containing protein jub	chain
Q9VY78	1-260		PRO_0000458218	Chloride intracellular channel Clic	chain
Q9VY86	19-224		PRO_0000298998	TM2 domain-containing protein amaretto	chain
Q9VY93	1-227		PRO_0000393783	Probable methylthioribulose-1-phosphate dehydratase	chain
Q9VY99	1-1201		PRO_0000403765	Cytosolic carboxypeptidase Nna1	chain
Q9VYA0	1-787		PRO_0000152249	Glutamine-dependent NAD(+) synthetase	chain
Q9VYA7	1-1384		PRO_0000372662	RRP12-like protein	chain
Q9VYA8	1-283		PRO_0000421289	Transport and Golgi organization protein 2	chain
Q9VYB0	?-249		PRO_0000020835	Selenoprotein BthD	chain
Q9VYB7	1-499		PRO_0000189833	Protein-tyrosine sulfotransferase	chain
Q9VYD1	1-2313		PRO_0000259523	Histone-lysine N-methyltransferase Set2	chain
Q9VYD7	1-95		PRO_0000193603	Mitochondrial import inner membrane translocase subunit Tim9	chain
Q9VYF2	1-355		PRO_0000289046	Putative inositol monophosphatase 3	chain
Q9VYF8	17-301		PRO_0000228635	2-methoxy-6-polyprenyl-1,4-benzoquinol methylase, mitochondrial	chain
Q9VYG1	1-506		PRO_0000424894	26S proteasome non-ATPase regulatory subunit 5	chain
Q9VYG2	1-515		PRO_0000421980	Brahma-associated protein of 60 kDa	chain
Q9VYH3	1-240		PRO_0000209965	Probable alpha-aspartyl dipeptidase	chain
Q9VYI3	1-179		PRO_0000207669	Large ribosomal subunit protein mL49	chain
Q9VYM3	1-699	ECO:0000305	PRO_0000445802	Tectonic-like complex member Mks1	chain
Q9VYN8	1-3004		PRO_0000421020	Teneurin-a	chain
Q9VYQ0	1-172		PRO_0000442619	Moonshiner	chain
Q9VYQ5	1-536		PRO_0000052331	Probable cytochrome P450 318a1	chain
Q9VYQ7	1-483		PRO_0000052321	Probable cytochrome P450 311a1	chain
Q9VYQ8	1-1129		PRO_0000268011	Ubiquitin carboxyl-terminal hydrolase 7	chain
Q9VYR0	1-217		PRO_0000305134	LSM12 homolog A	chain
Q9VYS3	1-1180		PRO_0000080720	Regulator of nonsense transcripts 1 homolog	chain
Q9VYS4	1-1373		PRO_0000341558	Poly(A) RNA polymerase gld-2 homolog B	chain
Q9VYS5	12-334		PRO_0000355147	NADH dehydrogenase (ubiquinone) complex I, assembly factor 6 homolog	chain
Q9VYT8	1-505		PRO_0000051989	Probable cytochrome P450 28c1	chain
Q9VYV3	26-416		PRO_5007929564	Thioredoxin domain-containing protein 5 homolog	chain
Q9VYV5	1-619		PRO_0000080530	Alpha-(1,6)-fucosyltransferase	chain
Q9VYV9	1-238		PRO_0000460833	COMM domain-containing protein 10 homolog Vlet	chain
Q9VYX1	1-101		PRO_0000314134	Enhancer of yellow 2 transcription factor	chain
Q9VYX7	27-203		PRO_0000023906	Peptidoglycan-recognition protein SA	chain
Q9VYY2	1-199		PRO_0000221166	Signal peptidase complex subunit 2	chain
Q9VYY3	1-404		PRO_0000391944	Ubiquitin-like modifier-activating enzyme 5	chain
Q9VYY4	1-574		PRO_0000051844	Cytochrome P450 4g15	chain
Q9VYY9	1-807		PRO_0000372854	Ecotropic viral integration site 5 ortholog	chain
Q9VYZ1	1-406		PRO_0000174228	Odorant receptor 10a	chain
Q9VYZ2	1-373		PRO_0000216491	Putative gustatory receptor 10b	chain
Q9VZ08	1-1712		PRO_0000324776	GTPase-activating protein and VPS9 domain-containing protein 1	chain
Q9VZ09	1-189		PRO_0000421979	Protein sisterless A	chain
Q9VZ21	20-121	ECO:0000255	PRO_5015020178	UPAR	chain
Q9VZ23	1-216		PRO_0000208710	GTP-binding nuclear protein Ran	chain
Q9VZ35	24-160	ECO:0000255	PRO_5015100774	Protein Vago	chain
Q9VZ40	21-184		PRO_0000326432	Uncharacterized protein CG1552	chain
Q9VZ49	25-592	ECO:0000255	PRO_0000394229	Endoribonuclease Arlr	chain
Q9VZ64	1-243		PRO_0000090081	Probable 6-phosphogluconolactonase	chain
Q9VZA4	1-505		PRO_0000311707	Band 7 protein CG42540	chain
Q9VZD2	1-238		PRO_0000420472	Probable RNA methyltransferase CG11342	chain
Q9VZD5	1-147		PRO_0000176894	Small ribosomal subunit protein bS6m	chain
Q9VZD8	1-324		PRO_0000349131	THUMP domain-containing protein 1 homolog	chain
Q9VZE6	1-359		PRO_0000120233	Ribosome biogenesis protein BRX1 homolog	chain
Q9VZE7	1-691		PRO_0000359732	Choline transporter-like 1	chain
Q9VZF4	1-1326		PRO_0000050996	F-box	chain
Q9VZH1	1-291		PRO_0000079522	Cilia- and flagella-associated protein 298	chain
Q9VZH2	31-1047	ECO:0000305|PubMed:7851790	PRO_5010686327	Protein masquerade	chain
Q9VZI2	1-1073		PRO_0000449972	Activated Cdc42 kinase Ack	chain
Q9VZI3	1-708		PRO_0000219459	Unc-112-related protein	chain
Q9VZJ6	1-417		PRO_0000216531	Gustatory receptor for sugar taste 64d	chain
Q9VZJ9	1-338		PRO_0000442139	Mitochondrial E3 ubiquitin protein ligase 1	chain
Q9VZL5	1-485		PRO_0000459503	Vacuolar fusion protein CCZ1 homolog	chain
Q9VZL6	1-120		PRO_0000325846	Ragulator complex protein LAMTOR4 homolog	chain
Q9VZL7	1-512		PRO_0000216527	Gustatory and odorant receptor 63a	chain
Q9VZM5	1-561		PRO_0000246255	GPI mannosyltransferase 3	chain
Q9VZM7	1-631		PRO_0000437662	Integrator complex subunit 10	chain
Q9VZN4	1-751		PRO_0000436601	Dendritic arbor reduction protein 1	chain
Q9VZQ1	1-721		PRO_0000444615	YTH domain-containing protein 1	chain
Q9VZS3	1-110		PRO_0000130563	Eukaryotic translation initiation factor eIF1	chain
Q9VZS5	1-144		PRO_0000122395	Large ribosomal subunit protein eL28	chain
Q9VZS6	1-442		PRO_0000075690	Putative neutral sphingomyelinase	chain
Q9VZS7	22-2300		PRO_0000456960	Protein hobbit	chain
Q9VZU2	1-500		PRO_0000213136	Protein-cysteine N-palmitoyltransferase Rasp	chain
Q9VZU4	34-265	ECO:0000255	PRO_0000451151	NADH dehydrogenase [ubiquinone] iron-sulfur protein 3, mitochondrial	chain
Q9VZV5	1-412		PRO_0000328858	Zinc finger TRAF-type-containing protein 1 homolog	chain
Q9VZW5	1-549		PRO_0000069442	FMRFamide receptor	chain
Q9VZW8	1-420		PRO_0000174258	Odorant receptor 63a	chain
Q9VZX1	285-387	ECO:0000305	PRO_5007325435	Protein spaetzle 5	chain
Q9VZX9	1-521		PRO_0000446367	Adenosylhomocysteinase-like 1	chain
Q9VZZ4	24-1527		PRO_0000319624	Peroxidasin	chain
Q9VZZ9	1-878		PRO_0000347179	Protein daughter of sevenless	chain
Q9W011	1-510		PRO_0000051838	Probable cytochrome P450 4d20	chain
Q9W020	1-854		PRO_0000286825	Nucleolar MIF4G domain-containing protein 1 homolog	chain
Q9W021	1-150		PRO_0000129491	Large ribosomal subunit protein uL23m	chain
Q9W032	1-684		PRO_0000220846	Protein ecdysoneless	chain
Q9W040	1-1754		PRO_0000328946	Intraflagellar transport protein 172 homolog	chain
Q9W056	1-451		PRO_0000436783	Proton-coupled amino acid transporter-like protein acs	chain
Q9W058	26-516	ECO:0000255	PRO_0000438776	Succinyl-CoA:3-ketoacid-coenzyme A transferase, mitochondrial	chain
Q9W060	1-3535	ECO:0000305	PRO_0000450208	Lysosomal-trafficking regulator	chain
Q9W062	1-478		PRO_0000438173	Microfibrillar-associated protein 1	chain
Q9W074	1-670	ECO:0000305	PRO_0000451922	Protein HBS1	chain
Q9W088	1-431		PRO_0000096170	DNA polymerase delta subunit 2	chain
Q9W092	34-484	ECO:0000255	PRO_0000011948	Probable chitinase 2	chain
Q9W0A0	17-1031	ECO:0000255	PRO_5004335548	Protein draper	chain
Q9W0C1	1-183		PRO_0000456041	Neuronal synaptobrevin	chain
Q9W0C7	1-197		PRO_0000328391	Protein OPI10 homolog	chain
Q9W0E3	1-1544		PRO_0000447024	GATOR complex protein Iml1	chain
Q9W0E8	1-793		PRO_0000305092	Protein zer-1 homolog	chain
Q9W0G1	1-548		PRO_0000094853	Tyrosine-protein phosphatase non-receptor type 61F	chain
Q9W0G6	1-253	ECO:0000305	PRO_0000438657	Augmin complex subunit msd5	chain
Q9W0G7	1-138	ECO:0000305	PRO_0000438656	Augmin complex subunit msd1	chain
Q9W0H3	1-307		PRO_0000433426	Lipid droplet-associated hydrolase	chain
Q9W0I5	1-251		PRO_0000458539	Transcriptional cofactor Bfc	chain
Q9W0I6	1-592		PRO_0000317178	Phosphatidylinositol-3-phosphatase SAC1	chain
Q9W0K0	1-490		PRO_0000220635	JNK-interacting protein 1	chain
Q9W0K4	1-1067		PRO_0000064792	Protein bric-a-brac 2	chain
Q9W0K7	1-977		PRO_0000064790	Protein bric-a-brac 1	chain
Q9W0M1	1-1978	ECO:0000305	PRO_0000445799	Centrosomal protein Cep290	chain
Q9W0M2	1-436		PRO_0000216526	Gustatory receptor for sugar taste 61a	chain
Q9W0M3	1-401		PRO_0000461917	Jumonji C domain-containing protein 5	chain
Q9W0M7	1-1227		PRO_0000444532	Splicing factor 3B subunit 3	chain
Q9W0P2	1-995		PRO_0000448743	DNA repair protein Rev1	chain
Q9W0P3	1-318		PRO_0000305910	Mediator of RNA polymerase II transcription subunit 30	chain
Q9W0P5	1-350		PRO_0000183192	UDP-glucose 4-epimerase	chain
Q9W0P8	1-1553		PRO_0000304588	Mediator of RNA polymerase II transcription subunit 14	chain
Q9W0R5	33-585		PRO_0000013031	Probable G-protein coupled receptor Mth-like 10	chain
Q9W0R6	20-513		PRO_0000013030	Probable G-protein coupled receptor Mth-like 9	chain
Q9W0S3	43-409		PRO_0000043122	Mitochondrial import inner membrane translocase subunit TIM50-B	chain
Q9W0S7	1-926		PRO_0000445085	Staphylococcal nuclease domain-containing protein 1	chain
Q9W0S8	1-163	ECO:0000305	PRO_0000438658	Augmin complex subunit wac	chain
Q9W0S9	1-1773		PRO_0000079905	Disco-interacting protein 2	chain
Q9W0T1	1-2669		PRO_0000249322	Nucleosome-remodeling factor subunit NURF301	chain
Q9W0T5	1-956		PRO_0000215375	Transient receptor potential channel pyrexia	chain
Q9W0V1	1-836		PRO_0000086504	3-phosphoinositide-dependent protein kinase 1	chain
Q9W0V7	22-492		PRO_0000013029	Probable G-protein coupled receptor Mth-like 8	chain
Q9W0Y1	1-167		PRO_0000184784	Troponin C-akin-1 protein	chain
Q9W0Y2	1-157		PRO_0000184785	Putative gamma-glutamylcyclotransferase CG2811	chain
Q9W0Y6	1-913		PRO_0000215374	Transient receptor potential cation channel protein painless	chain
Q9W0Y8	1-2844		PRO_0000291840	Sodium channel protein 60E	chain
Q9W107	?-464		PRO_0000035832	Tyrosine--tRNA ligase, mitochondrial	chain
Q9W123	1-495		PRO_0000081730	Protein painting of fourth	chain
Q9W130	1-522		PRO_0000051918	Cytochrome P450 9c1	chain
Q9W133	?-518	ECO:0000255	PRO_0000448065	AarF domain-containing kinase 1	chain
Q9W138	1-302		PRO_0000321545	Probable S-adenosyl-L-methionine-dependent methyltransferase	chain
Q9W141	1-107		PRO_0000194829	Putative ATP synthase subunit f, mitochondrial	chain
Q9W145	1-583		PRO_0000436917	Steroidogenic acute regulatory protein-like	chain
Q9W148	1-731		PRO_0000436525	Unconventional prefoldin RPB5 interactor-like protein	chain
Q9W157	1-971		PRO_0000392916	Breast cancer type 2 susceptibility protein homolog	chain
Q9W192	25-587	ECO:0000255	PRO_5015100828	Protein NDNF	chain
Q9W197	1-319		PRO_0000421994	7-methylguanosine phosphate-specific 5'-nucleotidase	chain
Q9W1A2	1-784		PRO_0000308621	N-alpha-acetyltransferase 35, NatC auxiliary subunit homolog	chain
Q9W1A4	1-797		PRO_0000072425	Protein tamozhennic	chain
Q9W1B0	1-1637		PRO_0000348214	Serine	chain
Q9W1C5	1-2053		PRO_0000437668	Integrator complex subunit 1	chain
Q9W1C9	18-126		PRO_0000022035	Ejaculatory bulb-specific protein 3	chain
Q9W1F4	1-616		PRO_0000310562	THO complex subunit 5	chain
Q9W1G0	1-331		PRO_0000173569	Probable transaldolase	chain
Q9W1H4	1-747		PRO_0000372657	DNA ligase 1	chain
Q9W1H9	94-196	ECO:0000255	PRO_0000461815	NADH dehydrogenase [ubiquinone] 1 alpha subcomplex assembly factor 3	chain
Q9W1I2	1-1215		PRO_0000067054	Protein benign gonial cell neoplasm	chain
Q9W1I9	1-455		PRO_0000428729	Inactive peptidyl-prolyl cis-trans isomerase shutdown	chain
Q9W1J3	1-655		PRO_0000305142	Gastrulation defective protein 1 homolog	chain
Q9W1K0	1-112		PRO_0000221176	Transmembrane protein 14 homolog	chain
Q9W1K5	1-497		PRO_0000221186	Sestrin homolog	chain
Q9W1L5	20-406		PRO_0000248574	Peptidyl-alpha-hydroxyglycine alpha-amidating lyase 2	chain
Q9W1M8	?-1000		PRO_0000016330	Integrin alpha-PS5	chain
Q9W1N5	1-406		PRO_0000216525	Putative gustatory receptor 59f	chain
Q9W1N6	1-399		PRO_0000216524	Putative gustatory receptor 59e	chain
Q9W1P7	1-411		PRO_0000174257	Putative odorant receptor 59c	chain
Q9W1P8	1-398		PRO_0000174256	Odorant receptor 59b	chain
Q9W1R4	1-1395		PRO_0000430424	Little elongation complex subunit 1	chain
Q9W1R5	1-1854		PRO_0000308607	Protein virilizer	chain
Q9W1U4	1-626		PRO_0000125425	Kinesin-like protein Klp59C	chain
Q9W1U5	1-397		PRO_0000216522	Putative gustatory receptor 59c	chain
Q9W1U6	1-89		PRO_0000139711	Large ribosomal subunit protein L37-2	chain
Q9W1V1	1-690		PRO_0000373914	Protein arginine N-methyltransferase 7	chain
Q9W1V3	1-344		PRO_0000148513	rRNA 2'-O-methyltransferase fibrillarin	chain
Q9W1V6	51-683		PRO_0000035906	Phenoloxidase 3	chain
Q9W1V7	1-452		PRO_0000455831	Zinc finger protein 277	chain
Q9W1W9	19-196		PRO_0000022000	PRADC1-like protein	chain
Q9W1X4	1-1711		PRO_0000204860	Nuclear pore complex protein Nup214	chain
Q9W1X7	1-1439		PRO_0000305937	Mediator of RNA polymerase II transcription subunit 23	chain
Q9W1X8	1-321		PRO_0000174353	Probable GDP-L-fucose synthase	chain
Q9W1X9	1-257		PRO_0000299389	OCIA domain-containing protein 1	chain
Q9W1Y1	1-203		PRO_0000221191	ER membrane protein complex subunit 8	chain
Q9W223	1-512		PRO_0000051880	Probable cytochrome P450 6d2	chain
Q9W237	1-148		PRO_0000111486	Small ribosomal subunit protein uS9	chain
Q9W252	1-1318		PRO_0000138645	DNA repair protein RAD50	chain
Q9W256	1-155	ECO:0000305	PRO_0000448436	DNA polymerase epsilon subunit 4	chain
Q9W261	1-775		PRO_0000255935	RNA polymerase-associated protein Rtf1	chain
Q9W265	?-464		PRO_0000323005	Probable hydroxyacid-oxoacid transhydrogenase, mitochondrial	chain
Q9W266	21-677	ECO:0000255	PRO_0000434607	Protein windpipe	chain
Q9W278	1-818		PRO_0000307622	Mediator of RNA polymerase II transcription subunit 16	chain
Q9W2B1	1-408		PRO_0000216519	Putative gustatory receptor 58b	chain
Q9W2B2	1-412		PRO_0000216520	Putative gustatory receptor 58c	chain
Q9W2C3	23-397		PRO_0000384143	L-asparaginase-like protein CG4372	chain
Q9W2D6	1-92		PRO_0000228060	Mitochondrial import inner membrane translocase subunit Tim10	chain
Q9W2D9	1-222		PRO_0000123550	Eukaryotic translation initiation factor 3 subunit K	chain
Q9W2E1	1-1870		PRO_0000429475	Protein stum	chain
Q9W2E7	1-346		PRO_0000450094	Protein Rae1	chain
Q9W2F2	1-1544		PRO_0000287476	Protein mahjong	chain
Q9W2H1	19-178		PRO_0000298997	TM2 domain-containing protein biscotti	chain
Q9W2H9	1-541		PRO_0000435339	Protein panoramix	chain
Q9W2I4	1-289		PRO_0000462576	SAGA-associated factor 29kDa	chain
Q9W2M2	24-596		PRO_0000012058	Trehalase	chain
Q9W2N0	1-286		PRO_0000208639	F-actin-capping protein subunit alpha	chain
Q9W2P0	1-565	ECO:0000305	PRO_0000438652	Augmin complex subunit dgt3	chain
Q9W2Q1	1-873		PRO_0000049288	Retinal homeobox protein Rx	chain
Q9W2Q5	1-189		PRO_0000460692	Calcium and integrin-binding family member 2	chain
Q9W2Q7	1-621		PRO_0000110533	Inositol-pentakisphosphate 2-kinase	chain
Q9W2R3	1-792		PRO_0000459583	Phosphatidylinositol 4-phosphate 5-kinase type-1 sktl	chain
Q9W2S3	1-722		PRO_0000438108	BTB	chain
Q9W2U4	1-609		PRO_0000299375	Serine	chain
Q9W2U9	1-392		PRO_0000174227	Odorant receptor 9a	chain
Q9W2W5	1-505		PRO_0000461644	ADP-ribosylarginine hydrolase CG2909	chain
Q9W2X7	1-114		PRO_0000212401	Protein yippee-like	chain
Q9W2Y3	1-230		PRO_0000292426	NAD(P)H-hydrate epimerase	chain
Q9W303	22-442		PRO_0000011987	Chitinase-like protein Idgf4	chain
Q9W328	1-313		PRO_0000326505	Protein LST8 homolog	chain
Q9W332	29-3750		PRO_5004336462	Cubilin homolog	chain
Q9W334	1-65		PRO_0000136831	Small ribosomal subunit protein eS28	chain
Q9W345	1-934	ECO:0000305	PRO_0000453525	Palmitoyltransferase ZDHHC8	chain
Q9W349	1-826		PRO_0000174666	Protein lozenge	chain
Q9W351	1-466		PRO_0000447261	Aladin	chain
Q9W352	1-663		PRO_0000372848	CXXC-type zinc finger protein 1	chain
Q9W354	1-916		PRO_0000444601	Extracellular signal-regulated kinase 7	chain
Q9W358	1-573		PRO_0000235905	Chaperone Ric-8	chain
Q9W365	18-936	ECO:0000255	PRO_5004338528	Ionotropic receptor coreceptor Ir8a	chain
Q9W367	1-385		PRO_0000216488	Gustatory receptor 8a	chain
Q9W369	1-121	ECO:0000269|PubMed:20439462	PRO_0000457049	Beta-alanyl-dopamine	chain
Q9W369	1-387		PRO_0000457048	Beta-alanyl-dopamine	chain
Q9W369	122-387	ECO:0000269|PubMed:20439462	PRO_0000457050	Beta-alanyl-dopamine	chain
Q9W376	23-287		PRO_0000312328	Neuferricin homolog	chain
Q9W379	1-457		PRO_0000456081	Zinc finger protein ZPR1	chain
Q9W380	1-77		PRO_0000460839	NADH dehydrogenase [ubiquinone] 1 alpha subcomplex subunit 3	chain
Q9W385	?-190		PRO_0000010133	Frataxin homolog, mitochondrial	chain
Q9W391	1-1247		PRO_0000057735	Probable phosphorylase b kinase regulatory subunit alpha	chain
Q9W3C0	1-237		PRO_0000211046	Probable U3 small nucleolar RNA-associated protein 11	chain
Q9W3C1	1-1008		PRO_0000215886	RNA cytidine acetyltransferase	chain
Q9W3C2	1-478		PRO_0000218962	Ribosome biogenesis factor Nop53	chain
Q9W3C7	26-314		PRO_0000247505	Palmitoyl-protein thioesterase 1	chain
Q9W3D3	1-1671		PRO_0000445077	DENN domain-containing protein Crag	chain
Q9W3E1	1-1022		PRO_0000437657	Integrator complex subunit 4	chain
Q9W3E2	1-1195		PRO_0000451416	Protein PIP82	chain
Q9W3F7	1-525		PRO_0000435630	Mitoguardin	chain
Q9W3I5	1-413		PRO_0000174226	Odorant receptor 7a	chain
Q9W3J5	1-498		PRO_0000126825	Phenylalanine--tRNA ligase alpha subunit	chain
Q9W3J8	1-743		PRO_0000277886	Dynein regulatory complex protein 1 homolog	chain
Q9W3K5	1-717		PRO_0000192568	Glutamate--cysteine ligase	chain
Q9W3L5	1-542		PRO_0000378603	DM7 family protein CG15333	chain
Q9W3M2	1-571		PRO_0000378608	DM7 family protein CG15332	chain
Q9W3M3	1-2219		PRO_0000441157	E3 ubiquitin-protein ligase Ubr3	chain
Q9W3M9	1-486		PRO_0000425212	Protein hold'em	chain
Q9W3N6	1-836	ECO:0000305	PRO_0000439489	General vesicular transport factor p115	chain
Q9W3R7	1-269		PRO_0000218998	Autophagy protein 5	chain
Q9W3T5	1-79		PRO_0000349245	Ubiquinol-cytochrome c reductase complex assembly factor 5	chain
Q9W3T7	32-125	ECO:0000255	PRO_5015100965	UPAR	chain
Q9W3U1	1-537		PRO_0000446384	Actin-histidine N-methyltransferase	chain
Q9W3V8	1-511		PRO_0000174165	Probable dolichyl pyrophosphate Glc1Man9GlcNAc2 alpha-1,3-glucosyltransferase	chain
Q9W3W5	31-456		PRO_0000007780	Protein shifted	chain
Q9W3W8	1-186		PRO_0000323412	Large ribosomal subunit protein uL22	chain
Q9W3Y0	1-162		PRO_0000331296	Zinc finger protein 593 homolog	chain
Q9W3Y1	1-700		PRO_0000462403	non-specific serine	chain
Q9W3Y4	1-977	ECO:0000305	PRO_0000436918	GAS2-like protein pickled eggs	chain
Q9W3Y5	1-736		PRO_0000252207	Putative ATP-dependent RNA helicase CG14443	chain
Q9W3Z3	1-394		PRO_0000452187	Alanine--glyoxylate aminotransferase	chain
Q9W401	?-464		PRO_0000291603	Probable citrate synthase, mitochondrial	chain
Q9W413	23-544	ECO:0000255	PRO_0000459702	Mitochondrial ribonuclease P catalytic subunit	chain
Q9W415	1-424		PRO_0000370545	tRNA (guanine-N(7)-)-methyltransferase non-catalytic subunit wuho	chain
Q9W420	1-1831		PRO_0000072170	Transcription elongation factor SPT6	chain
Q9W422	1-221		PRO_0000053845	Josephin-like protein	chain
Q9W429	1-352		PRO_0000213390	Endoplasmic reticulum GDP-fucose transporter	chain
Q9W436	1-849		PRO_0000441989	Neprilysin-1	chain
Q9W440	19-193		PRO_0000352885	Protein THEM6	chain
Q9W445	1-182	ECO:0000305	PRO_0000432075	Malignant T-cell-amplified sequence 1 homolog	chain
Q9W462	1-558		PRO_0000430252	Ubiquitin carboxyl-terminal hydrolase 30 homolog	chain
Q9W484	1-985		PRO_0000370623	Regulator of telomere elongation helicase 1 homolog	chain
Q9W485	1-1284		PRO_0000437658	Integrator complex subunit 6	chain
Q9W495	1-980		PRO_0000277627	GPI inositol-deacylase	chain
Q9W497	1-444		PRO_0000216486	Gustatory receptor 5a for trehalose	chain
Q9W4C3	1-1126		PRO_0000458480	Ubiquitin carboxyl-terminal hydrolase 16	chain
Q9W4C5	1-641		PRO_0000214817	Sodium-dependent nutrient amino acid transporter 1	chain
Q9W4D2	1-941		PRO_0000081811	RNA-binding protein 4F	chain
Q9W4E2	1-3466		PRO_0000051093	Neurobeachin	chain
Q9W4I5	1-252		PRO_0000371809	Protein Flattop homolog	chain
Q9W4J5	1-252		PRO_0000158609	Ribosomal RNA small subunit methyltransferase NEP1	chain
Q9W4J9	1-508		PRO_0000461645	ADP-ribosylarginine hydrolase CG3568	chain
Q9W4K2	24-595	ECO:0000255	PRO_0000337157	Uncharacterized protein CG3556	chain
Q9W4L1	?-64		PRO_0000238629	Large ribosomal subunit protein bL33m	chain
Q9W4M8	1-188	ECO:0000305	PRO_0000438653	Augmin complex subunit dgt4	chain
Q9W4M9	1-746		PRO_0000289228	tRNA (cytosine(34)-C(5))-methyltransferase	chain
Q9W4N2	1-788		PRO_0000399801	Cap-specific mRNA (nucleoside-2'-O-)-methyltransferase 1	chain
Q9W4N9	1-911		PRO_0000460834	Gem-associated protein 4a	chain
Q9W4P5	1-350		PRO_0000119353	V-type proton ATPase subunit d 1	chain
Q9W4Q9	32-159	ECO:0000255	PRO_0000016209	Insulin-like peptide 7	chain
Q9W4S1	1-582		PRO_0000349194	Glutaredoxin domain-containing cysteine-rich protein CG12206	chain
Q9W4S7	1-717		PRO_0000127322	Myc proto-oncogene protein	chain
Q9W4S9	1-983		PRO_0000198818	3',5'-cyclic-AMP phosphodiesterase, isoforms N	chain
Q9W4T4	1-1209		PRO_0000198817	3',5'-cyclic-AMP phosphodiesterase, isoform I	chain
Q9W4V8	?-428		PRO_0000043123	Mitochondrial import inner membrane translocase subunit TIM50-C	chain
Q9W4X7	1-269		PRO_0000365413	Eukaryotic translation initiation factor 3 subunit G-1	chain
Q9W4X9	1-721		PRO_0000184960	Centromere	chain
Q9W4Y2	1-669		PRO_0000070346	PDF receptor	chain
Q9W4Z4	34-107	ECO:0000255	PRO_0000016205	Insulin-like peptide 6	chain
Q9W517	1-1741		PRO_0000076364	Protein wings apart-like	chain
Q9W534	1-670		PRO_0000355097	G-protein coupled receptor moody	chain
Q9W539	1-1518		PRO_0000053522	Hormone receptor 4	chain
Q9W549	24-176		PRO_0000353110	COA8 family protein CG14806, mitochondrial	chain
Q9W552	1-478		PRO_0000073011	Vacuolar protein sorting-associated protein 26	chain
Q9W568	23-611		PRO_0000021413	Protein halfway	chain
Q9W589	26-490		PRO_0000236806	GDP-fucose protein O-fucosyltransferase 2	chain
Q9W590	1-606		PRO_0000324559	Large subunit GTPase 1 homolog	chain
Q9W594	1-428		PRO_0000216487	Putative gustatory receptor 2a	chain
Q9W596	1-5328		PRO_0000418374	Futsch heavy chain	chain
Q9W596	1-5495		PRO_0000087388	Microtubule-associated protein futsch	chain
Q9W596	5329-5495		PRO_0000418375	Futsch light chain LC(f)	chain
Q9W5A5	1-655		PRO_0000312257	Protein movement modulator	chain
Q9W5B6	1-389		PRO_0000349875	Mitochondrial tRNA-specific 2-thiouridylase 1	chain
Q9W5B9	1-107		PRO_0000194049	Transcription initiation factor IIA subunit 2-2	chain
Q9W5D0	1-1820		PRO_0000219451	Uncharacterized protein CG43867	chain
Q9W5D4	1-765		PRO_0000121490	Protein O-mannosyl-transferase 2	chain
Q9W5E0	1-1300		PRO_0000281797	Histone-lysine N-methyltransferase Suv4-20	chain
Q9W5E1	1-108		PRO_0000056017	RING-box protein 1A	chain
Q9W5E4	1-1133	ECO:0000305	PRO_0000445266	Myb-binding protein 1A	chain
Q9W5G6	1-392		PRO_0000174224	Odorant receptor 1a	chain
Q9W5N0	1-266		PRO_0000282371	Cytochrome c oxidase assembly factor 7 homolog	chain
Q9W5N2	1-70		PRO_0000319557	Large ribosomal subunit protein eL38	chain
Q9W5P1	1-142		PRO_0000305954	Mediator of RNA polymerase II transcription subunit 21	chain
Q9W5R8	1-299		PRO_0000291559	Large ribosomal subunit protein uL18	chain
Q9W5U2	21-2286		PRO_0000077051	Probable chitinase 10	chain
Q9W5X9	1-287		PRO_0000348070	Alpha-tubulin N-acetyltransferase 2	chain
Q9W5Y0	1-786		PRO_0000441992	Neprilysin-3	chain
Q9XTL9	1-844		PRO_0000188540	Glycogen phosphorylase	chain
Q9XTM1	1-710		PRO_0000118947	Exocyst complex component 5	chain
Q9XTN2	1-968		PRO_0000084235	Insulin receptor substrate 1	chain
Q9XY35	1-55		PRO_0000193555	Cytochrome b-c1 complex subunit 9	chain
Q9XYF4	135-320		PRO_0000004671	Caspase Nc subunit 1	chain
Q9XYF4	325-450		PRO_0000004673	Caspase Nc subunit 2	chain
Q9XYM0	1-271		PRO_0000079350	Adapter molecule Crk	chain
Q9XYN7	1-205		PRO_0000148062	Proteasome subunit beta type-3	chain
Q9XYP7	1-852		PRO_0000078115	Gamma-tubulin complex component 2 homolog	chain
Q9XYP8	1-917		PRO_0000078121	Gamma-tubulin complex component 3	chain
Q9XYQ2	1-265		PRO_0000221217	Protein unc-119 homolog	chain
Q9XYU0	1-720		PRO_0000406423	DNA replication licensing factor Mcm7	chain
Q9XYU1	1-819		PRO_0000406421	DNA replication licensing factor Mcm3	chain
Q9XYZ5	1-1140		PRO_0000351086	DNA damage-binding protein 1	chain
Q9XZ06	1-823	ECO:0000305	PRO_0000442528	Nuclear pore complex protein Nup93-1	chain
Q9XZ08	1-972		PRO_0000149666	Exostosin-3	chain
Q9XZ14	1-879	ECO:0000305	PRO_0000437210	Protein gone early	chain
Q9XZ16	1-320		PRO_0000458043	Ubiquitin-like domain-containing CTD phosphatase 1	chain
Q9XZ25	1-776	ECO:0000305	PRO_0000437416	GATOR2 complex protein Wdr24	chain
Q9XZ34	1-1416		PRO_0000444898	Telomere-associated protein RIF1	chain
Q9XZ56	1-117		PRO_0000450889	Eukaryotic translation initiation factor 4E-binding protein	chain
Q9XZ58	1-327		PRO_0000194841	COP9 signalosome complex subunit 5	chain
Q9XZ63	23-173		PRO_0000002308	Mesencephalic astrocyte-derived neurotrophic factor homolog	chain
Q9XZF0	1-121		PRO_0000212379	Protein yippee	chain
Q9XZH6	1-117		PRO_0000192906	V-type proton ATPase subunit G	chain
Q9XZJ4	1-244		PRO_0000124134	Proteasome subunit alpha type-6	chain
Q9XZL8	1-292		PRO_0000211422	Protein sarah	chain
Q9XZS3	1-64		PRO_0000291655	Translation machinery-associated protein 7 homolog	chain
Q9XZS8	1-613		PRO_0000436179	Activating transcription factor 3	chain
Q9XZT1	1-217		PRO_0000304749	Mediator of RNA polymerase II transcription subunit 18	chain
Q9XZT6	1-250		PRO_0000175097	Deoxynucleoside kinase	chain
Q9XZT7	1-146		PRO_0000118900	Transcription initiation factor TFIID subunit 10b	chain
Q9XZU1	1-975		PRO_0000117290	Exportin-2	chain
Q9Y091	1-536		PRO_0000308630	Pre-mRNA-splicing regulator female-lethal(2)D	chain
Q9Y0A7	1-198		PRO_0000127432	Basic helix-loop-helix transcription factor amos	chain
Q9Y0E4	1-2262		PRO_0000454908	Klarsicht protein	chain
Q9Y0H4	1-949		PRO_0000120331	E3 ubiquitin-protein ligase Su(dx)	chain
Q9Y0I1	1-424		PRO_0000088771	NuA4 complex subunit EAF3 homolog	chain
Q9Y0V3	1-117		PRO_0000193604	Mitochondrial import inner membrane translocase subunit Tim10B	chain
Q9Y0Y2	1-447		PRO_0000095136	Adenylosuccinate synthetase	chain
Q9Y0Y6	1-637		PRO_0000351196	Nuclear receptor-binding protein homolog	chain
Q9Y0Y7	1-419		PRO_0000285253	LanC-like protein 3 homolog	chain
Q9Y103	1-839		PRO_0000342284	Septin-interacting protein 1	chain
Q9Y105	1-778		PRO_0000195863	Probable glutamine--tRNA ligase	chain
Q9Y106	1-368		PRO_0000312799	Protein mab-21-like	chain
Q9Y113	1-594		PRO_0000219131	Negative elongation factor B	chain
Q9Y115	1-538		PRO_0000190042	UNC93-like protein	chain
Q9Y117	1-667		PRO_0000059157	Polypeptide N-acetylgalactosaminyltransferase 3	chain
Q9Y118	1-431		PRO_0000448687	DNA polymerase delta subunit 3	chain
Q9Y123	1-556		PRO_0000311290	Man(5)GlcNAc(2)-PP-dolichol translocation protein RFT1	chain
Q9Y140	1-326		PRO_0000312113	Dehydrogenase	chain
Q9Y149	1-749		PRO_0000304668	Mediator of RNA polymerase II transcription subunit 15	chain
Q9Y169	1-717		PRO_0000149665	Exostosin-2	chain
Q9Y1A3	1-88		PRO_0000193590	Mitochondrial import inner membrane translocase subunit Tim8	chain
Q9Y1B2	1-257		PRO_0000127099	Origin recognition complex subunit 6	chain
Q9Y1I2	1-617		PRO_0000206308	Vacuolar protein sorting-associated protein 33A	chain
X2JAU8	1-1075		PRO_0000446275	Protein nervous wreck	chain
X2JDY8	1-1025		PRO_0000453923	Rho GTPase-activating protein Graf	chain
