entry	pos	evidence	note	origin
A0A0B4K692	1-20	ECO:0000305	Cytoplasmic	topological_domain
A0A0B4K692	42-774	ECO:0000305	Extracellular	topological_domain
A0A0B4K753	1-14	ECO:0000305	Lumenal	topological_domain
A0A0B4K753	38-88	ECO:0000305	Cytoplasmic	topological_domain
A0A0B7P9G0	204-244	ECO:0000305	Cytoplasmic	topological_domain
A0A0B7P9G0	21-182	ECO:0000305	Extracellular	topological_domain
A0A0B7P9G0	266-267	ECO:0000305	Extracellular	topological_domain
A0A0B7P9G0	289-298	ECO:0000305	Cytoplasmic	topological_domain
A0A0B7P9G0	320-834	ECO:0000305	Extracellular	topological_domain
A0A0U1QT59	1-353	ECO:0000305	Cytoplasmic	topological_domain
A0A0U1QT59	1330-1358	ECO:0000305	Extracellular	topological_domain
A0A0U1QT59	1380-1423	ECO:0000305	Cytoplasmic	topological_domain
A0A0U1QT59	1445-2036	ECO:0000305	Extracellular	topological_domain
A0A0U1QT59	375-395	ECO:0000305	Extracellular	topological_domain
A0A0U1QT59	419-432	ECO:0000305	Cytoplasmic	topological_domain
A0A0U1QT59	454-526	ECO:0000305	Extracellular	topological_domain
A0A0U1QT59	548-567	ECO:0000305	Cytoplasmic	topological_domain
A0A0U1QT59	589-599	ECO:0000305	Extracellular	topological_domain
A0A0U1QT59	621-1308	ECO:0000305	Cytoplasmic	topological_domain
A0A1F4	1-122	ECO:0000255	Cytoplasmic	topological_domain
A0A1F4	144-2176	ECO:0000255	Extracellular	topological_domain
A1Z6H7	1797-1876	ECO:0000305	Cytoplasmic	topological_domain
A1Z6H7	21-1775	ECO:0000305	Perinuclear space	topological_domain
A1Z7G7	1-753	ECO:0000255	Extracellular	topological_domain
A1Z7G7	1007-1697	ECO:0000255	Cytoplasmic	topological_domain
A1Z7G7	775-787	ECO:0000255	Cytoplasmic	topological_domain
A1Z7G7	809-814	ECO:0000255	Extracellular	topological_domain
A1Z7G7	836-861	ECO:0000255	Cytoplasmic	topological_domain
A1Z7G7	883-906	ECO:0000255	Extracellular	topological_domain
A1Z7G7	928-954	ECO:0000255	Cytoplasmic	topological_domain
A1Z7G7	976-985	ECO:0000255	Extracellular	topological_domain
A1Z7L8	21-239	ECO:0000305	Extracellular	topological_domain
A1Z7L8	261-622	ECO:0000305	Cytoplasmic	topological_domain
A1Z7U3	1-4	ECO:0000255	Lumenal	topological_domain
A1Z7U3	26-40	ECO:0000255	Cytoplasmic	topological_domain
A1Z8N1	1-392	ECO:0000255	Cytoplasmic	topological_domain
A1Z8N1	414-440	ECO:0000255	Extracellular	topological_domain
A1Z8N1	462-473	ECO:0000255	Cytoplasmic	topological_domain
A1Z8N1	495-497	ECO:0000255	Extracellular	topological_domain
A1Z8N1	519-528	ECO:0000255	Cytoplasmic	topological_domain
A1Z8N1	550-552	ECO:0000255	Extracellular	topological_domain
A1Z8N1	574-636	ECO:0000255	Cytoplasmic	topological_domain
A1Z8N1	658-673	ECO:0000255	Extracellular	topological_domain
A1Z8N1	695-700	ECO:0000255	Cytoplasmic	topological_domain
A1Z8N1	722-740	ECO:0000255	Extracellular	topological_domain
A1Z8N1	762-767	ECO:0000255	Cytoplasmic	topological_domain
A1Z8N1	789-801	ECO:0000255	Extracellular	topological_domain
A1Z8N1	823-857	ECO:0000255	Cytoplasmic	topological_domain
A1Z8R8	168-182	ECO:0000305	Mitochondrial matrix	topological_domain
A1Z8R8	204-223	ECO:0000305	Mitochondrial intermembrane	topological_domain
A1Z8R8	245-247	ECO:0000305	Mitochondrial matrix	topological_domain
A1Z8R8	269-276	ECO:0000305	Mitochondrial intermembrane	topological_domain
A1Z8R8	298-311	ECO:0000305	Mitochondrial matrix	topological_domain
A1Z8R8	333-351	ECO:0000305	Mitochondrial intermembrane	topological_domain
A1Z8R8	51-73	ECO:0000305	Mitochondrial matrix	topological_domain
A1Z8R8	95-146	ECO:0000305	Mitochondrial intermembrane	topological_domain
A1ZAG4	1-324	ECO:0000305	Cytoplasmic	topological_domain
A1ZAG4	348-359	ECO:0000305	Lumenal	topological_domain
A1ZAI5	1-577	ECO:0000250|UniProtKB:Q8WVX9	Cytoplasmic	topological_domain
A1ZAI5	598-625	ECO:0000250|UniProtKB:Q8WVX9	Peroxisomal	topological_domain
A1ZAX0	1-85	ECO:0000255	Extracellular	topological_domain
A1ZAX0	107-117	ECO:0000255	Cytoplasmic	topological_domain
A1ZAX0	139-162	ECO:0000255	Extracellular	topological_domain
A1ZAX0	184-203	ECO:0000255	Cytoplasmic	topological_domain
A1ZAX0	225-259	ECO:0000255	Extracellular	topological_domain
A1ZAX0	281-309	ECO:0000255	Cytoplasmic	topological_domain
A1ZAX0	331-348	ECO:0000255	Extracellular	topological_domain
A1ZAX0	370-499	ECO:0000255	Cytoplasmic	topological_domain
A4VCL2	1-12	ECO:0000305	Cytoplasmic	topological_domain
A4VCL2	34-528	ECO:0000305	Lumenal	topological_domain
A8DYE2	1-653	ECO:0000255	Cytoplasmic	topological_domain
A8DYE2	1014-1024	ECO:0000255	Extracellular	topological_domain
A8DYE2	1046-1057	ECO:0000255	Cytoplasmic	topological_domain
A8DYE2	1079-1136	ECO:0000255	Extracellular	topological_domain
A8DYE2	1158-2023	ECO:0000255	Cytoplasmic	topological_domain
A8DYE2	675-927	ECO:0000255	Extracellular	topological_domain
A8DYE2	949-992	ECO:0000255	Cytoplasmic	topological_domain
B5A5T4	157-158	ECO:0000305	Cytoplasmic	topological_domain
B5A5T4	33-135	ECO:0000305	Extracellular	topological_domain
B7YZT2	1-124	ECO:0000305	Cytoplasmic	topological_domain
B7YZT2	146-154	ECO:0000305	Mitochondrial intermembrane	topological_domain
B7YZU2	1-47	ECO:0000305	Cytoplasmic	topological_domain
B7YZU2	69-1693	ECO:0000305	Extracellular	topological_domain
B7Z031	1-7	ECO:0000305	Cytoplasmic	topological_domain
B7Z031	29-434	ECO:0000305	Extracellular	topological_domain
B7Z031	456-555	ECO:0000305	Cytoplasmic	topological_domain
B7Z0K8	1-104	ECO:0000255	Cytoplasmic	topological_domain
B7Z0K8	126-822	ECO:0000255	Extracellular	topological_domain
B7Z0X7	1-9	ECO:0000250|UniProtKB:Q69YU5	Mitochondrial matrix	topological_domain
B7Z0X7	33-61	ECO:0000250|UniProtKB:Q69YU5	Mitochondrial intermembrane	topological_domain
E1JI63	1-6	ECO:0000255	Cytoplasmic	topological_domain
E1JI63	28-522	ECO:0000255	Extracellular	topological_domain
E1JI63	544-556	ECO:0000255	Cytoplasmic	topological_domain
E9NA96	31-562	ECO:0000305	Extracellular	topological_domain
E9NA96	584-641	ECO:0000305	Cytoplasmic	topological_domain
E9NA96	663-858	ECO:0000305	Extracellular	topological_domain
E9NA96	880-947	ECO:0000305	Cytoplasmic	topological_domain
F3YDF1	1-256	ECO:0000305	Mitochondrial matrix	topological_domain
F3YDF1	278-740	ECO:0000305	Mitochondrial intermembrane	topological_domain
M9MRD1	1-12295	ECO:0000255|PROSITE-ProRule:PRU00385	Cytoplasmic	topological_domain
M9MRD1	12317-12345	ECO:0000255|PROSITE-ProRule:PRU00385	Perinuclear space	topological_domain
M9NDE3	2736-3123	ECO:0000305	Cytoplasmic	topological_domain
M9NDE3	35-2714	ECO:0000305	Extracellular	topological_domain
M9PE65	1838-2179	ECO:0000305	Cytoplasmic	topological_domain
M9PE65	19-1816	ECO:0000305	Extracellular	topological_domain
O01346	1-7	ECO:0000305	Cytoplasmic	topological_domain
O01346	29-34	ECO:0000305	Lumenal	topological_domain
O01346	367-377	ECO:0000305	Cytoplasmic	topological_domain
O01346	399-414	ECO:0000305	Lumenal	topological_domain
O01346	436-457	ECO:0000305	Cytoplasmic	topological_domain
O01346	56	ECO:0000305	Cytoplasmic	topological_domain
O01346	78-345	ECO:0000305	Lumenal	topological_domain
O01668	1-46		Extracellular	topological_domain
O01668	110-123		Extracellular	topological_domain
O01668	144-162		Cytoplasmic	topological_domain
O01668	187-210		Extracellular	topological_domain
O01668	239-274		Cytoplasmic	topological_domain
O01668	299-305		Extracellular	topological_domain
O01668	331-369		Cytoplasmic	topological_domain
O01668	72-83		Cytoplasmic	topological_domain
O02194	1-106	ECO:0000255	Cytoplasmic	topological_domain
O02194	128-154	ECO:0000255	Lumenal	topological_domain
O02194	176-182	ECO:0000255	Cytoplasmic	topological_domain
O02194	204-216	ECO:0000255	Lumenal	topological_domain
O02194	238-242	ECO:0000255	Cytoplasmic	topological_domain
O02194	264-265	ECO:0000255	Lumenal	topological_domain
O02194	287-453	ECO:0000255	Cytoplasmic	topological_domain
O02194	475-481	ECO:0000255	Lumenal	topological_domain
O02194	503-506	ECO:0000255	Cytoplasmic	topological_domain
O02194	528-541	ECO:0000255	Cytoplasmic	topological_domain
O15943	2938-3097	ECO:0000255	Cytoplasmic	topological_domain
O15943	?-2916	ECO:0000255	Extracellular	topological_domain
O17444	1-32	ECO:0000255	Cytoplasmic	topological_domain
O17444	120-125	ECO:0000255	Cytoplasmic	topological_domain
O17444	147-154	ECO:0000255	Lumenal, vesicle	topological_domain
O17444	176-187	ECO:0000255	Cytoplasmic	topological_domain
O17444	209-215	ECO:0000255	Lumenal, vesicle	topological_domain
O17444	237-263	ECO:0000255	Cytoplasmic	topological_domain
O17444	285-299	ECO:0000255	Lumenal, vesicle	topological_domain
O17444	321-330	ECO:0000255	Cytoplasmic	topological_domain
O17444	352-355	ECO:0000255	Lumenal, vesicle	topological_domain
O17444	377-387	ECO:0000255	Cytoplasmic	topological_domain
O17444	409-413	ECO:0000255	Lumenal, vesicle	topological_domain
O17444	435-578	ECO:0000255	Cytoplasmic	topological_domain
O17444	54-98	ECO:0000255	Lumenal, vesicle	topological_domain
O18412	1-575	ECO:0000255	Cytoplasmic	topological_domain
O18412	589-591	ECO:0000255	Mitochondrial intermembrane	topological_domain
O18412	615-718	ECO:0000255	Cytoplasmic	topological_domain
O44386	1076-1115	ECO:0000255	Cytoplasmic	topological_domain
O44386	25-1054	ECO:0000255	Extracellular	topological_domain
O46077	1-38	ECO:0000255	Cytoplasmic	topological_domain
O46077	151-176	ECO:0000255	Extracellular	topological_domain
O46077	198-272	ECO:0000255	Cytoplasmic	topological_domain
O46077	294-301	ECO:0000255	Extracellular	topological_domain
O46077	323-363	ECO:0000255	Cytoplasmic	topological_domain
O46077	384-397	ECO:0000255	Extracellular	topological_domain
O46077	60-72	ECO:0000255	Extracellular	topological_domain
O46077	93-131	ECO:0000255	Cytoplasmic	topological_domain
O46101	1-22	ECO:0000305	Cytoplasmic	topological_domain
O46101	113-206	ECO:0000305	Extracellular	topological_domain
O46101	228-244	ECO:0000305	Cytoplasmic	topological_domain
O46101	44-61	ECO:0000305	Extracellular	topological_domain
O46101	83-91	ECO:0000305	Cytoplasmic	topological_domain
O61307	1-229	ECO:0000255	Cytoplasmic	topological_domain
O61307	251-2731	ECO:0000255	Extracellular	topological_domain
O61365	1-49	ECO:0000255	Cytoplasmic	topological_domain
O61365	493-535	ECO:0000255	Cytoplasmic	topological_domain
O61365	71-471	ECO:0000255	Extracellular	topological_domain
O76767	1-2	ECO:0000255	Lumenal	topological_domain
O76767	111-117	ECO:0000255	Lumenal	topological_domain
O76767	138-149	ECO:0000255	Cytoplasmic	topological_domain
O76767	169-178	ECO:0000255	Lumenal	topological_domain
O76767	200-212	ECO:0000255	Cytoplasmic	topological_domain
O76767	22-35	ECO:0000255	Cytoplasmic	topological_domain
O76767	54-61	ECO:0000255	Lumenal	topological_domain
O76767	81-96	ECO:0000255	Cytoplasmic	topological_domain
O77438	20-237	ECO:0000255	Extracellular	topological_domain
O77438	259-270	ECO:0000255	Cytoplasmic	topological_domain
O77438	292-321	ECO:0000255	Extracellular	topological_domain
O77438	343-359	ECO:0000255	Cytoplasmic	topological_domain
O77438	381-393	ECO:0000255	Extracellular	topological_domain
O77438	415-442	ECO:0000255	Cytoplasmic	topological_domain
O77438	464-488	ECO:0000255	Extracellular	topological_domain
O77438	510-581	ECO:0000255	Cytoplasmic	topological_domain
O77475	1-10	ECO:0000255	Lumenal	topological_domain
O77475	162-212	ECO:0000255	Lumenal	topological_domain
O77475	234-271	ECO:0000255	Cytoplasmic	topological_domain
O77475	289-319	ECO:0000255	Lumenal	topological_domain
O77475	32-140	ECO:0000255	Cytoplasmic	topological_domain
O77475	341-356	ECO:0000255	Cytoplasmic	topological_domain
O77475	378-392	ECO:0000255	Lumenal	topological_domain
O97148	240-248	ECO:0000255	Cytoplasmic	topological_domain
O97148	25-218	ECO:0000255	Extracellular	topological_domain
O97148	270-278	ECO:0000255	Extracellular	topological_domain
O97148	300-320	ECO:0000255	Cytoplasmic	topological_domain
O97148	342-370	ECO:0000255	Extracellular	topological_domain
O97148	392-424	ECO:0000255	Cytoplasmic	topological_domain
O97148	446-454	ECO:0000255	Extracellular	topological_domain
O97148	476-514	ECO:0000255	Cytoplasmic	topological_domain
O97394	2023-2224	ECO:0000255	Cytoplasmic	topological_domain
O97394	48-2001	ECO:0000255	Extracellular	topological_domain
O97422	1-11	ECO:0000255	Cytoplasmic	topological_domain
O97422	30-306	ECO:0000255	Lumenal	topological_domain
P00408	1-26	ECO:0000255	Mitochondrial intermembrane	topological_domain
P00408	49-62	ECO:0000255	Mitochondrial matrix	topological_domain
P00408	83-228	ECO:0000255	Mitochondrial intermembrane	topological_domain
P04412	31-868	ECO:0000255	Extracellular	topological_domain
P04412	890-1426	ECO:0000255	Cytoplasmic	topological_domain
P04755	25-235		Extracellular	topological_domain
P04755	324-481		Cytoplasmic	topological_domain
P04950	1-57		Extracellular	topological_domain
P04950	120-133		Extracellular	topological_domain
P04950	154-171		Cytoplasmic	topological_domain
P04950	197-220		Extracellular	topological_domain
P04950	249-284		Cytoplasmic	topological_domain
P04950	309-316		Extracellular	topological_domain
P04950	342-383		Cytoplasmic	topological_domain
P04950	83-94		Cytoplasmic	topological_domain
P06002	1-49		Extracellular	topological_domain
P06002	113-126		Extracellular	topological_domain
P06002	147-165		Cytoplasmic	topological_domain
P06002	190-213		Extracellular	topological_domain
P06002	242-276		Cytoplasmic	topological_domain
P06002	301-307		Extracellular	topological_domain
P06002	333-373		Cytoplasmic	topological_domain
P06002	75-86		Cytoplasmic	topological_domain
P07207	1767-2703	ECO:0000255	Cytoplasmic	topological_domain
P07207	53-1745	ECO:0000255	Extracellular	topological_domain
P08099	1-56		Extracellular	topological_domain
P08099	120-133		Extracellular	topological_domain
P08099	154-172		Cytoplasmic	topological_domain
P08099	197-220		Extracellular	topological_domain
P08099	249-283		Cytoplasmic	topological_domain
P08099	308-314		Extracellular	topological_domain
P08099	340-381		Cytoplasmic	topological_domain
P08099	82-93		Cytoplasmic	topological_domain
P08255	1-53		Extracellular	topological_domain
P08255	112-127		Extracellular	topological_domain
P08255	149-167		Cytoplasmic	topological_domain
P08255	193-216		Extracellular	topological_domain
P08255	245-280		Cytoplasmic	topological_domain
P08255	305-312		Extracellular	topological_domain
P08255	338-378		Cytoplasmic	topological_domain
P08255	79-90		Cytoplasmic	topological_domain
P08510	1-224	ECO:0000250|UniProtKB:P63142	Cytoplasmic	topological_domain
P08510	247-278	ECO:0000250|UniProtKB:P63142	Extracellular	topological_domain
P08510	301-311	ECO:0000250|UniProtKB:P63142	Cytoplasmic	topological_domain
P08510	333-357	ECO:0000250|UniProtKB:P63142	Extracellular	topological_domain
P08510	379-393	ECO:0000250|UniProtKB:P63142	Cytoplasmic	topological_domain
P08510	416-429	ECO:0000250|UniProtKB:P63142	Extracellular	topological_domain
P08510	450-456	ECO:0000250|UniProtKB:P63142	Extracellular	topological_domain
P08510	486-655	ECO:0000250|UniProtKB:P63142	Cytoplasmic	topological_domain
P08953	28-807	ECO:0000255	Extracellular	topological_domain
P08953	829-1097	ECO:0000255	Cytoplasmic	topological_domain
P09208	1332-2144	ECO:0000305	Cytoplasmic	topological_domain
P09208	?-1310	ECO:0000305	Extracellular	topological_domain
P09478	22-240		Extracellular	topological_domain
P09478	326-513		Cytoplasmic	topological_domain
P10040	2110-2146	ECO:0000255	Cytoplasmic	topological_domain
P10040	89-2082	ECO:0000255	Extracellular	topological_domain
P10041	23-596	ECO:0000305	Extracellular	topological_domain
P10041	618-833	ECO:0000305	Cytoplasmic	topological_domain
P10090	1-419	ECO:0000305	Cytoplasmic	topological_domain
P10090	441-460	ECO:0000305	Extracellular	topological_domain
P10090	482-497	ECO:0000305	Cytoplasmic	topological_domain
P10090	519-531	ECO:0000305	Extracellular	topological_domain
P10090	553-568	ECO:0000305	Cytoplasmic	topological_domain
P10090	590-644	ECO:0000305	Extracellular	topological_domain
P10090	666-675	ECO:0000305	Cytoplasmic	topological_domain
P10379	22-465	ECO:0000255	Extracellular	topological_domain
P10379	487-488	ECO:0000255	Cytoplasmic	topological_domain
P11584	29-777	ECO:0000255	Extracellular	topological_domain
P11584	799-846	ECO:0000255	Cytoplasmic	topological_domain
P12080	1367-1396	ECO:0000255	Cytoplasmic	topological_domain
P12080	32-1341	ECO:0000255	Extracellular	topological_domain
P12428	1-419	ECO:0000305	Cytoplasmic	topological_domain
P12428	441-460	ECO:0000305	Extracellular	topological_domain
P12428	482-497	ECO:0000305	Cytoplasmic	topological_domain
P12428	519-531	ECO:0000305	Extracellular	topological_domain
P12428	553-568	ECO:0000305	Cytoplasmic	topological_domain
P12428	590-644	ECO:0000305	Extracellular	topological_domain
P12428	666-675	ECO:0000305	Cytoplasmic	topological_domain
P13368	1-2123	ECO:0000255	Extracellular	topological_domain
P13368	2148-2554	ECO:0000255	Cytoplasmic	topological_domain
P14599	28-813	ECO:0000255	Extracellular	topological_domain
P14599	835-887	ECO:0000255	Cytoplasmic	topological_domain
P15278	21-346	ECO:0000255	Extracellular	topological_domain
P15278	371-508	ECO:0000255	Cytoplasmic	topological_domain
P16395	1-100	ECO:0000250	Extracellular	topological_domain
P16395	122-141	ECO:0000250	Cytoplasmic	topological_domain
P16395	163-177	ECO:0000250	Extracellular	topological_domain
P16395	199-220	ECO:0000250	Cytoplasmic	topological_domain
P16395	242-266	ECO:0000250	Extracellular	topological_domain
P16395	288-718	ECO:0000250	Cytoplasmic	topological_domain
P16395	740-752	ECO:0000250	Extracellular	topological_domain
P16395	774-805	ECO:0000250	Cytoplasmic	topological_domain
P16620	29-805	ECO:0000255	Extracellular	topological_domain
P16620	824-1462	ECO:0000255	Cytoplasmic	topological_domain
P16621	1403-2029	ECO:0000255	Cytoplasmic	topological_domain
P16621	33-1377	ECO:0000255	Extracellular	topological_domain
P17644	22-261	ECO:0000255	Extracellular	topological_domain
P17644	347-526	ECO:0000255	Cytoplasmic	topological_domain
P18168	1242-1407	ECO:0000305	Cytoplasmic	topological_domain
P18168	83-1220	ECO:0000305	Extracellular	topological_domain
P18475	21-399	ECO:0000255	Extracellular	topological_domain
P18475	421-923	ECO:0000255	Cytoplasmic	topological_domain
P18489	1-110	ECO:0000255	Cytoplasmic	topological_domain
P18489	131-152	ECO:0000255	Vesicular	topological_domain
P18502	1-76	ECO:0000255	Cytoplasmic	topological_domain
P18502	1029-1056	ECO:0000255	Cytoplasmic	topological_domain
P18502	1078-1082	ECO:0000255	Extracellular	topological_domain
P18502	1104-1286	ECO:0000255	Cytoplasmic	topological_domain
P18502	449-465	ECO:0000255	Cytoplasmic	topological_domain
P18502	487-492	ECO:0000255	Extracellular	topological_domain
P18502	512-532	ECO:0000255	Cytoplasmic	topological_domain
P18502	554-562	ECO:0000255	Extracellular	topological_domain
P18502	584-677	ECO:0000255	Cytoplasmic	topological_domain
P18502	700-931	ECO:0000255	Extracellular	topological_domain
P18502	93-427	ECO:0000255	Extracellular	topological_domain
P18502	953-955	ECO:0000255	Cytoplasmic	topological_domain
P18502	977-1007	ECO:0000255	Extracellular	topological_domain
P18537	19-247	ECO:0000305|PubMed:10360843	Extracellular	topological_domain
P18537	271-280	ECO:0000305|PubMed:10360843	Cytoplasmic	topological_domain
P18537	304-343	ECO:0000305|PubMed:10360843	Extracellular	topological_domain
P18537	365-380	ECO:0000305|PubMed:10360843	Cytoplasmic	topological_domain
P18537	402-421	ECO:0000305|PubMed:10360843	Extracellular	topological_domain
P18537	440-471	ECO:0000305|PubMed:10360843	Cytoplasmic	topological_domain
P18537	493-529	ECO:0000305|PubMed:10360843	Extracellular	topological_domain
P18537	554-581	ECO:0000305|PubMed:10360843	Cytoplasmic	topological_domain
P19334	1-366	ECO:0000255	Cytoplasmic	topological_domain
P19334	388-418	ECO:0000255	Extracellular	topological_domain
P19334	440-450	ECO:0000255	Cytoplasmic	topological_domain
P19334	472-541	ECO:0000255	Extracellular	topological_domain
P19334	563-609	ECO:0000255	Cytoplasmic	topological_domain
P19334	631-637	ECO:0000255	Extracellular	topological_domain
P19334	659-1275	ECO:0000255	Cytoplasmic	topological_domain
P20241	1155-1302	ECO:0000255	Cytoplasmic	topological_domain
P20241	24-1138	ECO:0000255	Extracellular	topological_domain
P20350	1-98	ECO:0000255	Cytoplasmic	topological_domain
P20350	120-162	ECO:0000255	Lumenal	topological_domain
P20350	184-188	ECO:0000255	Cytoplasmic	topological_domain
P20350	210	ECO:0000255	Lumenal	topological_domain
P20350	232-244	ECO:0000255	Cytoplasmic	topological_domain
P20350	266-275	ECO:0000255	Lumenal	topological_domain
P20350	297-308	ECO:0000255	Cytoplasmic	topological_domain
P20350	330-355	ECO:0000255	Lumenal	topological_domain
P20905	189-198	ECO:0000250	Cytoplasmic	topological_domain
P20905	223-236	ECO:0000250	Extracellular	topological_domain
P20905	259-278	ECO:0000250	Cytoplasmic	topological_domain
P20905	303-330	ECO:0000250	Extracellular	topological_domain
P20905	354-454	ECO:0000250	Cytoplasmic	topological_domain
P20905	477-487	ECO:0000250	Extracellular	topological_domain
P20905	511-564	ECO:0000250	Cytoplasmic	topological_domain
P21521	1-107		Vesicular	topological_domain
P21521	135-474		Cytoplasmic	topological_domain
P22270	136-145	ECO:0000255	Cytoplasmic	topological_domain
P22270	168-184	ECO:0000255	Extracellular	topological_domain
P22270	206-225	ECO:0000255	Cytoplasmic	topological_domain
P22270	249-273	ECO:0000255	Extracellular	topological_domain
P22270	27-112	ECO:0000255	Extracellular	topological_domain
P22270	296-530	ECO:0000255	Cytoplasmic	topological_domain
P22270	553-566	ECO:0000255	Extracellular	topological_domain
P22270	589-601	ECO:0000255	Cytoplasmic	topological_domain
P22700	1-48	ECO:0000250	Cytoplasmic	topological_domain
P22700	111-253	ECO:0000250	Cytoplasmic	topological_domain
P22700	274-295	ECO:0000250	Lumenal	topological_domain
P22700	314-757	ECO:0000250	Cytoplasmic	topological_domain
P22700	70-89	ECO:0000250	Lumenal	topological_domain
P22700	778-787	ECO:0000250	Lumenal	topological_domain
P22700	809-828	ECO:0000250	Cytoplasmic	topological_domain
P22700	852-897	ECO:0000250	Lumenal	topological_domain
P22700	918-930	ECO:0000250	Cytoplasmic	topological_domain
P22700	950-964	ECO:0000250	Lumenal	topological_domain
P22700	986-1020	ECO:0000250	Cytoplasmic	topological_domain
P22815	32-530	ECO:0000255	Extracellular	topological_domain
P22815	782-896	ECO:0000255	Cytoplasmic	topological_domain
P23380	1-12	ECO:0000255	Lumenal	topological_domain
P23380	119-130	ECO:0000255	Cytoplasmic	topological_domain
P23380	157-159	ECO:0000255	Lumenal	topological_domain
P23380	36-57	ECO:0000255	Cytoplasmic	topological_domain
P23380	79-96	ECO:0000255	Lumenal	topological_domain
P23645	1-71	ECO:0000255	Cytoplasmic	topological_domain
P23645	119-143	ECO:0000255	Cytoplasmic	topological_domain
P23645	168-189	ECO:0000255	Extracellular	topological_domain
P23645	209-213	ECO:0000255	Cytoplasmic	topological_domain
P23645	235-256	ECO:0000255	Extracellular	topological_domain
P23645	274-696	ECO:0000255	Cytoplasmic	topological_domain
P23645	94-97	ECO:0000255	Extracellular	topological_domain
P23654	1-324	ECO:0000255	Cytoplasmic	topological_domain
P23654	347-846	ECO:0000255	Extracellular	topological_domain
P25123	357-568	ECO:0000255	Cytoplasmic	topological_domain
P25123	45-268	ECO:0000255	Extracellular	topological_domain
P25162	19-244		Extracellular	topological_domain
P25162	333-462		Cytoplasmic	topological_domain
P25722	1-17	ECO:0000255	Cytoplasmic	topological_domain
P25722	39-349	ECO:0000255	Lumenal	topological_domain
P25931	1-105	ECO:0000255	Extracellular	topological_domain
P25931	127-148	ECO:0000255	Cytoplasmic	topological_domain
P25931	170-189	ECO:0000255	Extracellular	topological_domain
P25931	211-221	ECO:0000255	Cytoplasmic	topological_domain
P25931	243-274	ECO:0000255	Extracellular	topological_domain
P25931	296-329	ECO:0000255	Cytoplasmic	topological_domain
P25931	351-363	ECO:0000255	Extracellular	topological_domain
P25931	385-464	ECO:0000255	Cytoplasmic	topological_domain
P27716	1-28	ECO:0000255	Cytoplasmic	topological_domain
P27716	132-177	ECO:0000255	Cytoplasmic	topological_domain
P27716	199-267	ECO:0000255	Extracellular	topological_domain
P27716	289-362	ECO:0000255	Cytoplasmic	topological_domain
P27716	50-110	ECO:0000255	Extracellular	topological_domain
P28285	1-230	ECO:0000250	Extracellular	topological_domain
P28285	254-263	ECO:0000250	Cytoplasmic	topological_domain
P28285	286-300	ECO:0000250	Extracellular	topological_domain
P28285	323-341	ECO:0000250	Cytoplasmic	topological_domain
P28285	365-391	ECO:0000250	Extracellular	topological_domain
P28285	414-752	ECO:0000250	Cytoplasmic	topological_domain
P28285	777-785	ECO:0000250	Extracellular	topological_domain
P28285	809-834	ECO:0000250	Cytoplasmic	topological_domain
P28286	1-95	ECO:0000250	Extracellular	topological_domain
P28286	117-128	ECO:0000250	Cytoplasmic	topological_domain
P28286	150-164	ECO:0000250	Extracellular	topological_domain
P28286	186-205	ECO:0000250	Cytoplasmic	topological_domain
P28286	227-256	ECO:0000250	Extracellular	topological_domain
P28286	278-534	ECO:0000250	Cytoplasmic	topological_domain
P28286	556-570	ECO:0000250	Extracellular	topological_domain
P28286	592-617	ECO:0000250	Cytoplasmic	topological_domain
P29993	1-2366	ECO:0000255	Cytoplasmic	topological_domain
P29993	2388-2398	ECO:0000255	Extracellular	topological_domain
P29993	2420-2434	ECO:0000255	Cytoplasmic	topological_domain
P29993	2456-2487	ECO:0000255	Extracellular	topological_domain
P29993	2509-2531	ECO:0000255	Cytoplasmic	topological_domain
P29993	2553-2659	ECO:0000255	Extracellular	topological_domain
P29993	2681-2838	ECO:0000255	Cytoplasmic	topological_domain
P30432	1533-1679	ECO:0000255	Cytoplasmic	topological_domain
P30974	1-84	ECO:0000255	Extracellular	topological_domain
P30974	109-118	ECO:0000255	Cytoplasmic	topological_domain
P30974	144-155	ECO:0000255	Extracellular	topological_domain
P30974	180-199	ECO:0000255	Cytoplasmic	topological_domain
P30974	225-250	ECO:0000255	Extracellular	topological_domain
P30974	276-308	ECO:0000255	Cytoplasmic	topological_domain
P30974	331-343	ECO:0000255	Extracellular	topological_domain
P30974	368-504	ECO:0000255	Cytoplasmic	topological_domain
P30975	1-100	ECO:0000255	Extracellular	topological_domain
P30975	124-134	ECO:0000255	Cytoplasmic	topological_domain
P30975	156-175	ECO:0000255	Extracellular	topological_domain
P30975	198-217	ECO:0000255	Cytoplasmic	topological_domain
P30975	239-270	ECO:0000255	Extracellular	topological_domain
P30975	293-324	ECO:0000255	Cytoplasmic	topological_domain
P30975	347-361	ECO:0000255	Extracellular	topological_domain
P30975	385-519	ECO:0000255	Cytoplasmic	topological_domain
P32748	40-401	ECO:0000255	Mitochondrial intermembrane	topological_domain
P32748	?-20	ECO:0000255	Mitochondrial matrix	topological_domain
P32870	1-41	ECO:0000255	Cytoplasmic	topological_domain
P32870	207-705	ECO:0000255	Cytoplasmic	topological_domain
P32870	792-813	ECO:0000255	Extracellular	topological_domain
P32870	889-2248	ECO:0000255	Cytoplasmic	topological_domain
P33085	1-21	ECO:0000255	Cytoplasmic	topological_domain
P33085	132-182	ECO:0000255	Cytoplasmic	topological_domain
P33085	204-267	ECO:0000255	Extracellular	topological_domain
P33085	289-372	ECO:0000255	Cytoplasmic	topological_domain
P33085	43-110	ECO:0000255	Extracellular	topological_domain
P33450	36-4583	ECO:0000255	Extracellular	topological_domain
P33450	4610-5147	ECO:0000255	Cytoplasmic	topological_domain
P34082	29-751	ECO:0000255	Extracellular	topological_domain
P34082	770-873	ECO:0000255	Cytoplasmic	topological_domain
P35500	1-148	ECO:0000305	Cytoplasmic	topological_domain
P35500	1007-1013	ECO:0000305	Extracellular	topological_domain
P35500	1042-1296	ECO:0000305	Cytoplasmic	topological_domain
P35500	1321-1334	ECO:0000305	Extracellular	topological_domain
P35500	1360-1365	ECO:0000305	Cytoplasmic	topological_domain
P35500	1388-1391	ECO:0000305	Extracellular	topological_domain
P35500	1414-1432	ECO:0000305	Cytoplasmic	topological_domain
P35500	1455-1495	ECO:0000305	Extracellular	topological_domain
P35500	1518-1533	ECO:0000305	Extracellular	topological_domain
P35500	1561-1614	ECO:0000305	Cytoplasmic	topological_domain
P35500	1639-1649	ECO:0000305	Extracellular	topological_domain
P35500	1674-1679	ECO:0000305	Cytoplasmic	topological_domain
P35500	1704-1713	ECO:0000305	Extracellular	topological_domain
P35500	173-180	ECO:0000305	Extracellular	topological_domain
P35500	1736-1750	ECO:0000305	Cytoplasmic	topological_domain
P35500	1774-1787	ECO:0000305	Extracellular	topological_domain
P35500	1811-1835	ECO:0000305	Extracellular	topological_domain
P35500	1861-2131	ECO:0000305	Cytoplasmic	topological_domain
P35500	200-212	ECO:0000305	Cytoplasmic	topological_domain
P35500	232-237	ECO:0000305	Extracellular	topological_domain
P35500	258-273	ECO:0000305	Cytoplasmic	topological_domain
P35500	298-373	ECO:0000305	Extracellular	topological_domain
P35500	399-405	ECO:0000305	Extracellular	topological_domain
P35500	428-812	ECO:0000305	Cytoplasmic	topological_domain
P35500	838-848	ECO:0000305	Extracellular	topological_domain
P35500	874-880	ECO:0000305	Cytoplasmic	topological_domain
P35500	901-906	ECO:0000305	Extracellular	topological_domain
P35500	927-941	ECO:0000305	Cytoplasmic	topological_domain
P35500	964-985	ECO:0000305	Extracellular	topological_domain
P35832	29-394	ECO:0000255	Extracellular	topological_domain
P35832	416-1301	ECO:0000255	Cytoplasmic	topological_domain
P35992	1219-1990	ECO:0000255	Cytoplasmic	topological_domain
P35992	43-1197	ECO:0000255	Extracellular	topological_domain
P41596	170-179	ECO:0000255	Cytoplasmic	topological_domain
P41596	20-142	ECO:0000255	Extracellular	topological_domain
P41596	207-216	ECO:0000255	Extracellular	topological_domain
P41596	240-258	ECO:0000255	Cytoplasmic	topological_domain
P41596	280-310	ECO:0000255	Extracellular	topological_domain
P41596	332-391	ECO:0000255	Cytoplasmic	topological_domain
P41596	413-427	ECO:0000255	Extracellular	topological_domain
P41596	451-511	ECO:0000255	Cytoplasmic	topological_domain
P42287	269-295	ECO:0000255	Cytoplasmic	topological_domain
P42287	27-247	ECO:0000255	Extracellular	topological_domain
P42519	1-279	ECO:0000255	Cytoplasmic	topological_domain
P42519	301-597	ECO:0000255	Lumenal	topological_domain
P42787	1334-1406	ECO:0000255	Cytoplasmic	topological_domain
P42787	26-1312	ECO:0000255	Extracellular	topological_domain
P45843	1-417	ECO:0000305	Cytoplasmic	topological_domain
P45843	439-444	ECO:0000305	Extracellular	topological_domain
P45843	466-490	ECO:0000305	Cytoplasmic	topological_domain
P45843	512-518	ECO:0000305	Extracellular	topological_domain
P45843	540-551	ECO:0000305	Cytoplasmic	topological_domain
P45843	573-639	ECO:0000305	Extracellular	topological_domain
P45843	661-666	ECO:0000305	Cytoplasmic	topological_domain
P48613	1-20	ECO:0000255	Cytoplasmic	topological_domain
P48613	296-452	ECO:0000255	Cytoplasmic	topological_domain
P48613	42-274	ECO:0000255	Extracellular	topological_domain
P48994	1-340	ECO:0000255	Cytoplasmic	topological_domain
P48994	362-373	ECO:0000255	Extracellular	topological_domain
P48994	395-431	ECO:0000255	Cytoplasmic	topological_domain
P48994	453-512	ECO:0000255	Extracellular	topological_domain
P48994	534-548	ECO:0000255	Cytoplasmic	topological_domain
P48994	570-645	ECO:0000255	Extracellular	topological_domain
P48994	667-1124	ECO:0000255	Cytoplasmic	topological_domain
P49415	29-340	ECO:0000255	Extracellular	topological_domain
P49415	366-399	ECO:0000255	Cytoplasmic	topological_domain
P49858	1-10	ECO:0000255	Lumenal	topological_domain
P49858	144	ECO:0000255	Cytoplasmic	topological_domain
P49858	32-56	ECO:0000255	Cytoplasmic	topological_domain
P49858	78-122	ECO:0000255	Lumenal	topological_domain
P51905	1-82	ECO:0000255	Cytoplasmic	topological_domain
P51905	176-244	ECO:0000255	Extracellular	topological_domain
P51905	587-622	ECO:0000255	Cytoplasmic	topological_domain
P53403	1-53	ECO:0000255	Cytoplasmic	topological_domain
P53403	117-124	ECO:0000255	Cytoplasmic	topological_domain
P53403	146-152	ECO:0000255	Extracellular	topological_domain
P53403	174-183	ECO:0000255	Cytoplasmic	topological_domain
P53403	205-207	ECO:0000255	Extracellular	topological_domain
P53403	229-293	ECO:0000255	Cytoplasmic	topological_domain
P53403	315-324	ECO:0000255	Extracellular	topological_domain
P53403	346-351	ECO:0000255	Cytoplasmic	topological_domain
P53403	373-374	ECO:0000255	Extracellular	topological_domain
P53403	396-420	ECO:0000255	Cytoplasmic	topological_domain
P53403	442-450	ECO:0000255	Extracellular	topological_domain
P53403	472-507	ECO:0000255	Cytoplasmic	topological_domain
P53403	75-95	ECO:0000255	Extracellular	topological_domain
P53624	1-18	ECO:0000255	Cytoplasmic	topological_domain
P53624	40-667	ECO:0000255	Lumenal	topological_domain
P54360	1-78	ECO:0000255	Cytoplasmic	topological_domain
P54360	100-583	ECO:0000255	Extracellular	topological_domain
P58950	1-20	ECO:0000250	Cytoplasmic	topological_domain
P58950	108-144	ECO:0000250	Extracellular	topological_domain
P58950	166-270	ECO:0000250	Cytoplasmic	topological_domain
P58950	292-304	ECO:0000250	Extracellular	topological_domain
P58950	326-381	ECO:0000250	Cytoplasmic	topological_domain
P58950	39-48	ECO:0000250	Extracellular	topological_domain
P58950	403-408	ECO:0000250	Extracellular	topological_domain
P58950	70-86	ECO:0000250	Cytoplasmic	topological_domain
P58951	1-16	ECO:0000250	Cytoplasmic	topological_domain
P58951	170	ECO:0000250	Extracellular	topological_domain
P58951	192-256	ECO:0000250	Cytoplasmic	topological_domain
P58951	278-281	ECO:0000250	Extracellular	topological_domain
P58951	303-361	ECO:0000250	Cytoplasmic	topological_domain
P58951	38-47	ECO:0000250	Extracellular	topological_domain
P58951	383-394	ECO:0000250	Extracellular	topological_domain
P58951	69-148	ECO:0000250	Cytoplasmic	topological_domain
P58952	1-11	ECO:0000250	Cytoplasmic	topological_domain
P58952	108-144	ECO:0000250	Extracellular	topological_domain
P58952	166-250	ECO:0000250	Cytoplasmic	topological_domain
P58952	272-279	ECO:0000250	Extracellular	topological_domain
P58952	301-360	ECO:0000250	Cytoplasmic	topological_domain
P58952	33-45	ECO:0000250	Extracellular	topological_domain
P58952	382-383	ECO:0000250	Extracellular	topological_domain
P58952	67-86	ECO:0000250	Cytoplasmic	topological_domain
P58953	1-14	ECO:0000250	Cytoplasmic	topological_domain
P58953	164-170	ECO:0000250	Extracellular	topological_domain
P58953	192-254	ECO:0000250	Cytoplasmic	topological_domain
P58953	276-287	ECO:0000250	Extracellular	topological_domain
P58953	309-366	ECO:0000250	Cytoplasmic	topological_domain
P58953	36-46	ECO:0000250	Extracellular	topological_domain
P58953	388-389	ECO:0000250	Extracellular	topological_domain
P58953	68-142	ECO:0000250	Cytoplasmic	topological_domain
P58954	1-13	ECO:0000250	Cytoplasmic	topological_domain
P58954	110-143	ECO:0000250	Extracellular	topological_domain
P58954	165-178	ECO:0000250	Cytoplasmic	topological_domain
P58954	200-245	ECO:0000250	Extracellular	topological_domain
P58954	267-354	ECO:0000250	Cytoplasmic	topological_domain
P58954	35-48	ECO:0000250	Extracellular	topological_domain
P58954	376-378	ECO:0000250	Extracellular	topological_domain
P58954	70-88	ECO:0000250	Cytoplasmic	topological_domain
P58955	1-3	ECO:0000250	Cytoplasmic	topological_domain
P58955	148-165	ECO:0000250	Cytoplasmic	topological_domain
P58955	187-247	ECO:0000250	Extracellular	topological_domain
P58955	25-38	ECO:0000250	Extracellular	topological_domain
P58955	269-290	ECO:0000250	Cytoplasmic	topological_domain
P58955	312-391	ECO:0000250	Extracellular	topological_domain
P58955	60-73	ECO:0000250	Cytoplasmic	topological_domain
P58955	95-126	ECO:0000250	Extracellular	topological_domain
P58956	1-32	ECO:0000250	Cytoplasmic	topological_domain
P58956	144-147	ECO:0000250	Extracellular	topological_domain
P58956	169-224	ECO:0000250	Cytoplasmic	topological_domain
P58956	246-265	ECO:0000250	Extracellular	topological_domain
P58956	287-348	ECO:0000250	Cytoplasmic	topological_domain
P58956	369	ECO:0000250	Extracellular	topological_domain
P58956	54-59	ECO:0000250	Extracellular	topological_domain
P58956	81-122	ECO:0000250	Cytoplasmic	topological_domain
P58957	1-37	ECO:0000250	Cytoplasmic	topological_domain
P58957	101-129	ECO:0000250	Cytoplasmic	topological_domain
P58957	151-171	ECO:0000250	Extracellular	topological_domain
P58957	193-239	ECO:0000250	Cytoplasmic	topological_domain
P58957	261-271	ECO:0000250	Extracellular	topological_domain
P58957	293-350	ECO:0000250	Cytoplasmic	topological_domain
P58957	372-381	ECO:0000250	Extracellular	topological_domain
P58957	59-79	ECO:0000250	Extracellular	topological_domain
P58958	1-43	ECO:0000250	Cytoplasmic	topological_domain
P58958	102-128	ECO:0000250	Cytoplasmic	topological_domain
P58958	150-172	ECO:0000250	Extracellular	topological_domain
P58958	194-234	ECO:0000250	Cytoplasmic	topological_domain
P58958	256-273	ECO:0000250	Extracellular	topological_domain
P58958	295-350	ECO:0000250	Cytoplasmic	topological_domain
P58958	372-381	ECO:0000250	Extracellular	topological_domain
P58958	65-78	ECO:0000250	Extracellular	topological_domain
P58959	1-41	ECO:0000250	Cytoplasmic	topological_domain
P58959	102-127	ECO:0000250	Cytoplasmic	topological_domain
P58959	149-161	ECO:0000250	Extracellular	topological_domain
P58959	183-228	ECO:0000250	Cytoplasmic	topological_domain
P58959	250-263	ECO:0000250	Extracellular	topological_domain
P58959	285-340	ECO:0000250	Cytoplasmic	topological_domain
P58959	362-371	ECO:0000250	Extracellular	topological_domain
P58959	63-80	ECO:0000250	Extracellular	topological_domain
P58960	1-32	ECO:0000250	Cytoplasmic	topological_domain
P58960	144-147	ECO:0000250	Extracellular	topological_domain
P58960	169-224	ECO:0000250	Cytoplasmic	topological_domain
P58960	246-265	ECO:0000250	Extracellular	topological_domain
P58960	287-348	ECO:0000250	Cytoplasmic	topological_domain
P58960	369	ECO:0000250	Extracellular	topological_domain
P58960	54-59	ECO:0000250	Extracellular	topological_domain
P58960	81-122	ECO:0000250	Cytoplasmic	topological_domain
P58961	1-5	ECO:0000250	Cytoplasmic	topological_domain
P58961	164-182	ECO:0000250	Extracellular	topological_domain
P58961	204-249	ECO:0000250	Cytoplasmic	topological_domain
P58961	27-40	ECO:0000250	Extracellular	topological_domain
P58961	271-291	ECO:0000250	Extracellular	topological_domain
P58961	313-364	ECO:0000250	Cytoplasmic	topological_domain
P58961	386-414	ECO:0000250	Extracellular	topological_domain
P58961	62-142	ECO:0000250	Cytoplasmic	topological_domain
P58962	1-32	ECO:0000250	Cytoplasmic	topological_domain
P58962	153-169	ECO:0000250	Extracellular	topological_domain
P58962	191-250	ECO:0000250	Cytoplasmic	topological_domain
P58962	272-288	ECO:0000250	Extracellular	topological_domain
P58962	310-366	ECO:0000250	Cytoplasmic	topological_domain
P58962	388-395	ECO:0000250	Extracellular	topological_domain
P58962	54-72	ECO:0000250	Extracellular	topological_domain
P58962	94-131	ECO:0000250	Cytoplasmic	topological_domain
P58985	1-38	ECO:0000250	Cytoplasmic	topological_domain
P58985	150-156	ECO:0000250	Extracellular	topological_domain
P58985	178-252	ECO:0000250	Cytoplasmic	topological_domain
P58985	274-283	ECO:0000250	Extracellular	topological_domain
P58985	305-366	ECO:0000250	Cytoplasmic	topological_domain
P58985	384-390	ECO:0000250	Extracellular	topological_domain
P58985	60-75	ECO:0000250	Extracellular	topological_domain
P58985	97-128	ECO:0000250	Cytoplasmic	topological_domain
P81909	1-49	ECO:0000255	Cytoplasmic	topological_domain
P81909	108-136	ECO:0000255	Cytoplasmic	topological_domain
P81909	158-182	ECO:0000255	Extracellular	topological_domain
P81909	204-263	ECO:0000255	Cytoplasmic	topological_domain
P81909	281-286	ECO:0000255	Extracellular	topological_domain
P81909	305-356	ECO:0000255	Cytoplasmic	topological_domain
P81909	378-397	ECO:0000255	Extracellular	topological_domain
P81909	71-86	ECO:0000255	Extracellular	topological_domain
P81910	1-49	ECO:0000255	Cytoplasmic	topological_domain
P81910	106-143	ECO:0000255	Cytoplasmic	topological_domain
P81910	165-194	ECO:0000255	Extracellular	topological_domain
P81910	216-268	ECO:0000255	Cytoplasmic	topological_domain
P81910	290-295	ECO:0000255	Extracellular	topological_domain
P81910	317-347	ECO:0000255	Cytoplasmic	topological_domain
P81910	369-397	ECO:0000255	Extracellular	topological_domain
P81910	71-85	ECO:0000255	Extracellular	topological_domain
P81911	1-42	ECO:0000255	Cytoplasmic	topological_domain
P81911	156-173	ECO:0000255	Extracellular	topological_domain
P81911	195-201	ECO:0000255	Cytoplasmic	topological_domain
P81911	223-276	ECO:0000255	Extracellular	topological_domain
P81911	298-307	ECO:0000255	Cytoplasmic	topological_domain
P81911	329-402	ECO:0000255	Extracellular	topological_domain
P81911	64-73	ECO:0000255	Extracellular	topological_domain
P81911	95-134	ECO:0000255	Cytoplasmic	topological_domain
P81912	1-36	ECO:0000255	Cytoplasmic	topological_domain
P81912	147-162	ECO:0000255	Extracellular	topological_domain
P81912	184-253	ECO:0000255	Cytoplasmic	topological_domain
P81912	275-280	ECO:0000255	Extracellular	topological_domain
P81912	302-340	ECO:0000255	Cytoplasmic	topological_domain
P81912	362-379	ECO:0000255	Extracellular	topological_domain
P81912	58-64	ECO:0000255	Extracellular	topological_domain
P81912	86-125	ECO:0000255	Cytoplasmic	topological_domain
P81913	1-14	ECO:0000255	Cytoplasmic	topological_domain
P81913	146-199	ECO:0000255	Cytoplasmic	topological_domain
P81913	221-269	ECO:0000255	Extracellular	topological_domain
P81913	291-295	ECO:0000255	Cytoplasmic	topological_domain
P81913	317-398	ECO:0000255	Extracellular	topological_domain
P81913	32-46	ECO:0000255	Extracellular	topological_domain
P81913	68-74	ECO:0000255	Cytoplasmic	topological_domain
P81913	96-124	ECO:0000255	Extracellular	topological_domain
P81914	1-33	ECO:0000255	Cytoplasmic	topological_domain
P81914	149-163	ECO:0000255	Extracellular	topological_domain
P81914	185-254	ECO:0000255	Cytoplasmic	topological_domain
P81914	276-285	ECO:0000255	Extracellular	topological_domain
P81914	307-355	ECO:0000255	Cytoplasmic	topological_domain
P81914	377-378	ECO:0000255	Extracellular	topological_domain
P81914	55-62	ECO:0000255	Extracellular	topological_domain
P81914	84-127	ECO:0000255	Cytoplasmic	topological_domain
P81915	1-37	ECO:0000255	Cytoplasmic	topological_domain
P81915	151-165	ECO:0000255	Extracellular	topological_domain
P81915	187-256	ECO:0000255	Cytoplasmic	topological_domain
P81915	278-281	ECO:0000255	Extracellular	topological_domain
P81915	303-355	ECO:0000255	Cytoplasmic	topological_domain
P81915	377-379	ECO:0000255	Extracellular	topological_domain
P81915	59-64	ECO:0000255	Extracellular	topological_domain
P81915	86-129	ECO:0000255	Cytoplasmic	topological_domain
P81916	1-35	ECO:0000255	Cytoplasmic	topological_domain
P81916	150-169	ECO:0000255	Extracellular	topological_domain
P81916	191-251	ECO:0000255	Cytoplasmic	topological_domain
P81916	273-274	ECO:0000255	Extracellular	topological_domain
P81916	296-358	ECO:0000255	Cytoplasmic	topological_domain
P81916	380-384	ECO:0000255	Extracellular	topological_domain
P81916	57-63	ECO:0000255	Extracellular	topological_domain
P81916	85-128	ECO:0000255	Cytoplasmic	topological_domain
P81917	1-32	ECO:0000255	Cytoplasmic	topological_domain
P81917	145-178	ECO:0000255	Extracellular	topological_domain
P81917	200-247	ECO:0000255	Cytoplasmic	topological_domain
P81917	269-276	ECO:0000255	Extracellular	topological_domain
P81917	298-342	ECO:0000255	Cytoplasmic	topological_domain
P81917	364-376	ECO:0000255	Extracellular	topological_domain
P81917	54-58	ECO:0000255	Extracellular	topological_domain
P81917	80-123	ECO:0000255	Cytoplasmic	topological_domain
P81918	1-49	ECO:0000255	Cytoplasmic	topological_domain
P81918	105-139	ECO:0000255	Cytoplasmic	topological_domain
P81918	161-193	ECO:0000255	Extracellular	topological_domain
P81918	215-271	ECO:0000255	Cytoplasmic	topological_domain
P81918	293-299	ECO:0000255	Extracellular	topological_domain
P81918	321-372	ECO:0000255	Cytoplasmic	topological_domain
P81918	394-403	ECO:0000255	Extracellular	topological_domain
P81918	71-83	ECO:0000255	Extracellular	topological_domain
P81919	1-37	ECO:0000255	Cytoplasmic	topological_domain
P81919	149-170	ECO:0000255	Extracellular	topological_domain
P81919	192-255	ECO:0000255	Cytoplasmic	topological_domain
P81919	277-287	ECO:0000255	Extracellular	topological_domain
P81919	309-355	ECO:0000255	Cytoplasmic	topological_domain
P81919	377-381	ECO:0000255	Extracellular	topological_domain
P81919	59-65	ECO:0000255	Extracellular	topological_domain
P81919	87-127	ECO:0000255	Cytoplasmic	topological_domain
P81921	1-33	ECO:0000255	Cytoplasmic	topological_domain
P81921	151-175	ECO:0000255	Extracellular	topological_domain
P81921	197-255	ECO:0000255	Cytoplasmic	topological_domain
P81921	277-284	ECO:0000255	Extracellular	topological_domain
P81921	306-357	ECO:0000255	Cytoplasmic	topological_domain
P81921	379-385	ECO:0000255	Extracellular	topological_domain
P81921	55-62	ECO:0000255	Extracellular	topological_domain
P81921	84-129	ECO:0000255	Cytoplasmic	topological_domain
P81922	1-74	ECO:0000255	Cytoplasmic	topological_domain
P81922	125-169	ECO:0000255	Cytoplasmic	topological_domain
P81922	191-229	ECO:0000255	Extracellular	topological_domain
P81922	251-302	ECO:0000255	Cytoplasmic	topological_domain
P81922	324-330	ECO:0000255	Extracellular	topological_domain
P81922	352-389	ECO:0000255	Cytoplasmic	topological_domain
P81922	411-412	ECO:0000255	Extracellular	topological_domain
P81922	96-103	ECO:0000255	Extracellular	topological_domain
P81923	1-36	ECO:0000255	Cytoplasmic	topological_domain
P81923	150-179	ECO:0000255	Extracellular	topological_domain
P81923	201-274	ECO:0000255	Cytoplasmic	topological_domain
P81923	296-301	ECO:0000255	Extracellular	topological_domain
P81923	323-372	ECO:0000255	Cytoplasmic	topological_domain
P81923	394-397	ECO:0000255	Extracellular	topological_domain
P81923	58-68	ECO:0000255	Extracellular	topological_domain
P81923	93-128	ECO:0000255	Cytoplasmic	topological_domain
P81924	1-60	ECO:0000255	Cytoplasmic	topological_domain
P81924	120-159	ECO:0000255	Cytoplasmic	topological_domain
P81924	181-212	ECO:0000255	Extracellular	topological_domain
P81924	234-286	ECO:0000255	Cytoplasmic	topological_domain
P81924	308-334	ECO:0000255	Extracellular	topological_domain
P81924	356-367	ECO:0000255	Cytoplasmic	topological_domain
P81924	389-467	ECO:0000255	Extracellular	topological_domain
P81924	82-98	ECO:0000255	Extracellular	topological_domain
P82149	1-43	ECO:0000305	Cytoplasmic	topological_domain
P82149	119-125	ECO:0000305	Cytoplasmic	topological_domain
P82149	147-171	ECO:0000305	Lumenal	topological_domain
P82149	193-211	ECO:0000305	Cytoplasmic	topological_domain
P82149	233	ECO:0000305	Lumenal	topological_domain
P82149	255-294	ECO:0000305	Cytoplasmic	topological_domain
P82149	316-403	ECO:0000305	Lumenal	topological_domain
P82149	425-426	ECO:0000305	Cytoplasmic	topological_domain
P82149	448-484	ECO:0000305	Lumenal	topological_domain
P82149	65-97	ECO:0000305	Lumenal	topological_domain
P82982	1-62	ECO:0000255	Cytoplasmic	topological_domain
P82982	120-152	ECO:0000255	Cytoplasmic	topological_domain
P82982	174-206	ECO:0000255	Extracellular	topological_domain
P82982	228-290	ECO:0000255	Cytoplasmic	topological_domain
P82982	312-316	ECO:0000255	Extracellular	topological_domain
P82982	338-393	ECO:0000255	Cytoplasmic	topological_domain
P82982	415-417	ECO:0000255	Extracellular	topological_domain
P82982	84-98	ECO:0000255	Extracellular	topological_domain
P82983	1-55	ECO:0000255	Cytoplasmic	topological_domain
P82983	110-144	ECO:0000255	Cytoplasmic	topological_domain
P82983	166-218	ECO:0000255	Extracellular	topological_domain
P82983	240-275	ECO:0000255	Cytoplasmic	topological_domain
P82983	297-307	ECO:0000255	Extracellular	topological_domain
P82983	329-381	ECO:0000255	Cytoplasmic	topological_domain
P82983	403-406	ECO:0000255	Extracellular	topological_domain
P82983	77-88	ECO:0000255	Extracellular	topological_domain
P82984	1-59	ECO:0000255	Cytoplasmic	topological_domain
P82984	114-148	ECO:0000255	Cytoplasmic	topological_domain
P82984	170-222	ECO:0000255	Extracellular	topological_domain
P82984	244-279	ECO:0000255	Cytoplasmic	topological_domain
P82984	301-312	ECO:0000255	Extracellular	topological_domain
P82984	334-385	ECO:0000255	Cytoplasmic	topological_domain
P82984	407-410	ECO:0000255	Extracellular	topological_domain
P82984	81-92	ECO:0000255	Extracellular	topological_domain
P82985	1-39	ECO:0000255	Cytoplasmic	topological_domain
P82985	160-208	ECO:0000255	Extracellular	topological_domain
P82985	230-269	ECO:0000255	Cytoplasmic	topological_domain
P82985	291-305	ECO:0000255	Extracellular	topological_domain
P82985	327-365	ECO:0000255	Cytoplasmic	topological_domain
P82985	387-393	ECO:0000255	Extracellular	topological_domain
P82985	61-69	ECO:0000255	Extracellular	topological_domain
P82985	91-138	ECO:0000255	Cytoplasmic	topological_domain
P82986	1-32	ECO:0000255	Cytoplasmic	topological_domain
P82986	153-186	ECO:0000255	Extracellular	topological_domain
P82986	208-257	ECO:0000255	Cytoplasmic	topological_domain
P82986	279-290	ECO:0000255	Extracellular	topological_domain
P82986	312-357	ECO:0000255	Cytoplasmic	topological_domain
P82986	379-385	ECO:0000255	Extracellular	topological_domain
P82986	54-62	ECO:0000255	Extracellular	topological_domain
P82986	84-131	ECO:0000255	Cytoplasmic	topological_domain
P83088	1-37	ECO:0000255	Cytoplasmic	topological_domain
P83088	59-425	ECO:0000255	Lumenal	topological_domain
P83094	24-294	ECO:0000255	Extracellular	topological_domain
P83094	313-570	ECO:0000255	Cytoplasmic	topological_domain
P83097	27-401	ECO:0000255	Extracellular	topological_domain
P83097	423-791	ECO:0000255	Cytoplasmic	topological_domain
P83118	21-229	ECO:0000255	Extracellular	topological_domain
P83118	251-262	ECO:0000255	Cytoplasmic	topological_domain
P83118	284-290	ECO:0000255	Extracellular	topological_domain
P83118	312-339	ECO:0000255	Cytoplasmic	topological_domain
P83118	361-386	ECO:0000255	Extracellular	topological_domain
P83118	408-439	ECO:0000255	Cytoplasmic	topological_domain
P83118	461-469	ECO:0000255	Extracellular	topological_domain
P83118	491-532	ECO:0000255	Cytoplasmic	topological_domain
P83119	18-215	ECO:0000255	Extracellular	topological_domain
P83119	237-247	ECO:0000255	Cytoplasmic	topological_domain
P83119	269-283	ECO:0000255	Extracellular	topological_domain
P83119	305-315	ECO:0000255	Cytoplasmic	topological_domain
P83119	337-373	ECO:0000255	Extracellular	topological_domain
P83119	395-416	ECO:0000255	Cytoplasmic	topological_domain
P83119	438-454	ECO:0000255	Extracellular	topological_domain
P83119	476-488	ECO:0000255	Cytoplasmic	topological_domain
P83292	1-6	ECO:0000250	Cytoplasmic	topological_domain
P83292	134-226	ECO:0000250	Cytoplasmic	topological_domain
P83292	248-263	ECO:0000250	Extracellular	topological_domain
P83292	28-36	ECO:0000250	Extracellular	topological_domain
P83292	285-343	ECO:0000250	Cytoplasmic	topological_domain
P83292	365-374	ECO:0000250	Extracellular	topological_domain
P83292	58-72	ECO:0000250	Cytoplasmic	topological_domain
P83292	94-112	ECO:0000250	Extracellular	topological_domain
P83293	1-91	ECO:0000269|PubMed:38305684, ECO:0007744|PDB:8JME	Cytoplasmic	topological_domain
P83293	115-128	ECO:0000269|PubMed:38305684, ECO:0007744|PDB:8JME	Extracellular	topological_domain
P83293	151-182	ECO:0000269|PubMed:38305684, ECO:0007744|PDB:8JME	Cytoplasmic	topological_domain
P83293	206-245	ECO:0000269|PubMed:38305684, ECO:0007744|PDB:8JME	Extracellular	topological_domain
P83293	272-318	ECO:0000269|PubMed:38305684, ECO:0007744|PDB:8JME	Cytoplasmic	topological_domain
P83293	343-350	ECO:0000269|PubMed:38305684, ECO:0007744|PDB:8JME	Extracellular	topological_domain
P83293	374-421	ECO:0000269|PubMed:38305684, ECO:0007744|PDB:8JME	Cytoplasmic	topological_domain
P83293	442-456	ECO:0000269|PubMed:38305684, ECO:0007744|PDB:8JME	Extracellular	topological_domain
P83294	1-47	ECO:0000250	Cytoplasmic	topological_domain
P83294	101-130	ECO:0000250	Cytoplasmic	topological_domain
P83294	152-183	ECO:0000250	Extracellular	topological_domain
P83294	205-265	ECO:0000250	Cytoplasmic	topological_domain
P83294	287-290	ECO:0000250	Extracellular	topological_domain
P83294	312-370	ECO:0000250	Cytoplasmic	topological_domain
P83294	392-406	ECO:0000250	Extracellular	topological_domain
P83294	69-79	ECO:0000250	Extracellular	topological_domain
P83295	1-15	ECO:0000250	Cytoplasmic	topological_domain
P83295	104-139	ECO:0000250	Extracellular	topological_domain
P83295	161-204	ECO:0000250	Cytoplasmic	topological_domain
P83295	226-305	ECO:0000250	Extracellular	topological_domain
P83295	327-377	ECO:0000250	Cytoplasmic	topological_domain
P83295	37-48	ECO:0000250	Extracellular	topological_domain
P83295	399-419	ECO:0000250	Extracellular	topological_domain
P83295	70-82	ECO:0000250	Cytoplasmic	topological_domain
P83296	1-100	ECO:0000250	Cytoplasmic	topological_domain
P83296	122-130	ECO:0000250	Extracellular	topological_domain
P83296	152-183	ECO:0000250	Cytoplasmic	topological_domain
P83296	205-223	ECO:0000250	Extracellular	topological_domain
P83296	245-250	ECO:0000250	Cytoplasmic	topological_domain
P83296	272-344	ECO:0000250	Extracellular	topological_domain
P83296	366-420	ECO:0000250	Cytoplasmic	topological_domain
P83296	442-446	ECO:0000250	Extracellular	topological_domain
P83297	1-117	ECO:0000250	Cytoplasmic	topological_domain
P83297	139-146	ECO:0000250	Extracellular	topological_domain
P83297	168-199	ECO:0000250	Cytoplasmic	topological_domain
P83297	221-265	ECO:0000250	Extracellular	topological_domain
P83297	287-330	ECO:0000250	Cytoplasmic	topological_domain
P83297	352-353	ECO:0000250	Extracellular	topological_domain
P83297	375-435	ECO:0000250	Cytoplasmic	topological_domain
P83297	457-469	ECO:0000250	Extracellular	topological_domain
P84180	1-48	ECO:0000250	Cytoplasmic	topological_domain
P84180	111-155	ECO:0000250	Cytoplasmic	topological_domain
P84180	177-178	ECO:0000250	Extracellular	topological_domain
P84180	200-254	ECO:0000250	Cytoplasmic	topological_domain
P84180	276-282	ECO:0000250	Extracellular	topological_domain
P84180	304-363	ECO:0000250	Cytoplasmic	topological_domain
P84180	385-386	ECO:0000250	Extracellular	topological_domain
P84180	70-89	ECO:0000250	Extracellular	topological_domain
P84181	1-43	ECO:0000250	Cytoplasmic	topological_domain
P84181	104-142	ECO:0000250	Cytoplasmic	topological_domain
P84181	164-184	ECO:0000250	Extracellular	topological_domain
P84181	206-252	ECO:0000250	Cytoplasmic	topological_domain
P84181	274-281	ECO:0000250	Extracellular	topological_domain
P84181	303-363	ECO:0000250	Cytoplasmic	topological_domain
P84181	385-387	ECO:0000250	Extracellular	topological_domain
P84181	65-82	ECO:0000250	Extracellular	topological_domain
P91645	1-38	ECO:0000255	Cytoplasmic	topological_domain
P91645	1039-1093	ECO:0000255	Cytoplasmic	topological_domain
P91645	1123-1127	ECO:0000255	Extracellular	topological_domain
P91645	1148-1155	ECO:0000255	Cytoplasmic	topological_domain
P91645	1175-1184	ECO:0000255	Extracellular	topological_domain
P91645	1204-1222	ECO:0000255	Cytoplasmic	topological_domain
P91645	1243-1308	ECO:0000255	Extracellular	topological_domain
P91645	129-133	ECO:0000255	Extracellular	topological_domain
P91645	1334-1851	ECO:0000255	Cytoplasmic	topological_domain
P91645	153-171	ECO:0000255	Cytoplasmic	topological_domain
P91645	192-288	ECO:0000255	Extracellular	topological_domain
P91645	314-441	ECO:0000255	Cytoplasmic	topological_domain
P91645	461-475	ECO:0000255	Extracellular	topological_domain
P91645	496-503	ECO:0000255	Cytoplasmic	topological_domain
P91645	523-531	ECO:0000255	Extracellular	topological_domain
P91645	551-569	ECO:0000255	Cytoplasmic	topological_domain
P91645	58-75	ECO:0000255	Extracellular	topological_domain
P91645	590-642	ECO:0000255	Extracellular	topological_domain
P91645	668-767	ECO:0000255	Cytoplasmic	topological_domain
P91645	787-802	ECO:0000255	Extracellular	topological_domain
P91645	823-834	ECO:0000255	Cytoplasmic	topological_domain
P91645	854-866	ECO:0000255	Extracellular	topological_domain
P91645	886-904	ECO:0000255	Cytoplasmic	topological_domain
P91645	925-1013	ECO:0000255	Extracellular	topological_domain
P91645	96-107	ECO:0000255	Cytoplasmic	topological_domain
P91657	1-49		Extracellular	topological_domain
P91657	113-127		Extracellular	topological_domain
P91657	148-165		Cytoplasmic	topological_domain
P91657	191-214		Extracellular	topological_domain
P91657	243-278		Cytoplasmic	topological_domain
P91657	303-310		Extracellular	topological_domain
P91657	336-382		Cytoplasmic	topological_domain
P91657	77-88		Cytoplasmic	topological_domain
P91682	280-287	ECO:0000255	Cytoplasmic	topological_domain
P91682	309-339	ECO:0000255	Extracellular	topological_domain
P91682	32-258	ECO:0000255	Extracellular	topological_domain
P91682	361-381	ECO:0000255	Cytoplasmic	topological_domain
P91682	403-421	ECO:0000255	Extracellular	topological_domain
P91682	443-469	ECO:0000255	Cytoplasmic	topological_domain
P91682	491-532	ECO:0000255	Extracellular	topological_domain
P91682	554-1036	ECO:0000255	Cytoplasmic	topological_domain
P91685	26-626	ECO:0000255	Extracellular	topological_domain
P91685	650-663	ECO:0000255	Cytoplasmic	topological_domain
P91685	685-695	ECO:0000255	Extracellular	topological_domain
P91685	715-738	ECO:0000255	Cytoplasmic	topological_domain
P91685	760-782	ECO:0000255	Extracellular	topological_domain
P91685	805-817	ECO:0000255	Cytoplasmic	topological_domain
P91685	841-850	ECO:0000255	Extracellular	topological_domain
P91685	877-976	ECO:0000255	Cytoplasmic	topological_domain
P98163	1821-1984	ECO:0000305	Cytoplasmic	topological_domain
P98163	?-1799	ECO:0000305	Extracellular	topological_domain
Q00449	1-46	ECO:0000255	Cytoplasmic	topological_domain
Q00449	1018-1302	ECO:0000255	Cytoplasmic	topological_domain
Q00449	361-734	ECO:0000255	Cytoplasmic	topological_domain
Q00748	1-48	ECO:0000255	Cytoplasmic	topological_domain
Q00748	1015-1302	ECO:0000255	Cytoplasmic	topological_domain
Q00748	148-194	ECO:0000255	Cytoplasmic	topological_domain
Q00748	216-223	ECO:0000255	Extracellular	topological_domain
Q00748	243-302	ECO:0000255	Cytoplasmic	topological_domain
Q00748	324-341	ECO:0000255	Extracellular	topological_domain
Q00748	363-731	ECO:0000255	Cytoplasmic	topological_domain
Q00748	70-118	ECO:0000255	Extracellular	topological_domain
Q00748	754-776	ECO:0000255	Extracellular	topological_domain
Q00748	799-852	ECO:0000255	Cytoplasmic	topological_domain
Q00748	874	ECO:0000255	Extracellular	topological_domain
Q00748	895-956	ECO:0000255	Cytoplasmic	topological_domain
Q00748	978-993	ECO:0000255	Extracellular	topological_domain
Q01083	165-234	ECO:0000255	Cytoplasmic	topological_domain
Q01083	29-143	ECO:0000255	Lumenal	topological_domain
Q02280	1-226	ECO:0000255	Cytoplasmic	topological_domain
Q02280	247-268	ECO:0000255	Extracellular	topological_domain
Q02280	292-313	ECO:0000255	Cytoplasmic	topological_domain
Q02280	336-342	ECO:0000255	Extracellular	topological_domain
Q02280	370-371	ECO:0000255	Cytoplasmic	topological_domain
Q02280	394-441	ECO:0000255	Extracellular	topological_domain
Q02280	468-470	ECO:0000255	Extracellular	topological_domain
Q02280	494-1174	ECO:0000255	Cytoplasmic	topological_domain
Q03445	28-611	ECO:0000255	Extracellular	topological_domain
Q03445	633-710	ECO:0000255	Cytoplasmic	topological_domain
Q03445	732-895	ECO:0000255	Extracellular	topological_domain
Q03445	917-991	ECO:0000255	Cytoplasmic	topological_domain
Q03720	1-48	ECO:0000255	Extracellular	topological_domain
Q03720	150-164	ECO:0000255	Extracellular	topological_domain
Q03720	186-189	ECO:0000255	Cytoplasmic	topological_domain
Q03720	211-214	ECO:0000255	Extracellular	topological_domain
Q03720	236-250	ECO:0000255	Cytoplasmic	topological_domain
Q03720	272-284	ECO:0000255	Extracellular	topological_domain
Q03720	308-316	ECO:0000255	Extracellular	topological_domain
Q03720	338-1200	ECO:0000255	Cytoplasmic	topological_domain
Q03720	70-127	ECO:0000255	Cytoplasmic	topological_domain
Q04164	1657-1693	ECO:0000255	Cytoplasmic	topological_domain
Q04164	42-1635	ECO:0000255	Extracellular	topological_domain
Q05319	1-58	ECO:0000255	Cytoplasmic	topological_domain
Q05319	81-787	ECO:0000255	Extracellular	topological_domain
Q059A4	1-69	ECO:0000305	Mitochondrial matrix	topological_domain
Q059A4	117-204	ECO:0000305	Mitochondrial matrix	topological_domain
Q059A4	91-95	ECO:0000305	Mitochondrial intermembrane	topological_domain
Q06003	256-461	ECO:0000255	Cytoplasmic	topological_domain
Q06003	26-234	ECO:0000255	Extracellular	topological_domain
Q07407	331-729	ECO:0000255	Cytoplasmic	topological_domain
Q07407	37-309	ECO:0000255	Extracellular	topological_domain
Q07553	29-469	ECO:0000255	Extracellular	topological_domain
Q07553	491-1163	ECO:0000255	Cytoplasmic	topological_domain
Q08180	20-533	ECO:0000255	Extracellular	topological_domain
Q08180	557-764	ECO:0000255	Cytoplasmic	topological_domain
Q08832	21-258	ECO:0000255	Extracellular	topological_domain
Q08832	343-472	ECO:0000255	Cytoplasmic	topological_domain
Q09147	20-600	ECO:0000255	Extracellular	topological_domain
Q09147	627-1052	ECO:0000255	Cytoplasmic	topological_domain
Q0E8F2	1-288	ECO:0000305	Mitochondrial intermembrane	topological_domain
Q0E8F2	307-340	ECO:0000305	Mitochondrial matrix	topological_domain
Q0E8F2	361-385	ECO:0000305	Mitochondrial intermembrane	topological_domain
Q0E8F2	400-435	ECO:0000305	Mitochondrial matrix	topological_domain
Q0E8F2	456-477	ECO:0000305	Mitochondrial intermembrane	topological_domain
Q0E8F2	496-551	ECO:0000305	Mitochondrial matrix	topological_domain
Q0E8F2	572-583	ECO:0000305	Mitochondrial intermembrane	topological_domain
Q0E9H9	1640-2016	ECO:0000305	Cytoplasmic	topological_domain
Q0E9H9	29-1618	ECO:0000305	Extracellular	topological_domain
Q0KHU5	1-79	ECO:0000255	Cytoplasmic	topological_domain
Q0KHU5	101-533	ECO:0000255	Lumenal	topological_domain
Q0KHV6	154-721	ECO:0000305	Cytoplasmic	topological_domain
Q0KHV6	6-136	ECO:0000305	Mitochondrial intermembrane	topological_domain
Q0KHY3	1208-1454	ECO:0000255	Cytoplasmic	topological_domain
Q0KHY3	22-1186	ECO:0000255	Extracellular	topological_domain
Q24025	1-53	ECO:0000255	Cytoplasmic	topological_domain
Q24025	75-1038	ECO:0000255	Extracellular	topological_domain
Q24046	1-45	ECO:0000255	Cytoplasmic	topological_domain
Q24046	67-309	ECO:0000255	Extracellular	topological_domain
Q24048	1-50	ECO:0000255	Cytoplasmic	topological_domain
Q24048	72-323	ECO:0000255	Extracellular	topological_domain
Q24093	1-4	ECO:0000255	Cytoplasmic	topological_domain
Q24093	23-398	ECO:0000255	Extracellular	topological_domain
Q24139	1-136	ECO:0000255	Extracellular	topological_domain
Q24139	158-370	ECO:0000255	Cytoplasmic	topological_domain
Q24157	1-7	ECO:0000255	Cytoplasmic	topological_domain
Q24157	29-325	ECO:0000255	Lumenal	topological_domain
Q24247	1107-1146	ECO:0000255	Cytoplasmic	topological_domain
Q24247	31-1085	ECO:0000255	Extracellular	topological_domain
Q24270	1-615	ECO:0000255	Cytoplasmic	topological_domain
Q24270	1006-1018	ECO:0000255	Extracellular	topological_domain
Q24270	1039-1047	ECO:0000255	Cytoplasmic	topological_domain
Q24270	1067-1076	ECO:0000255	Extracellular	topological_domain
Q24270	1096-1114	ECO:0000255	Cytoplasmic	topological_domain
Q24270	1135-1190	ECO:0000255	Extracellular	topological_domain
Q24270	1216-1339	ECO:0000255	Cytoplasmic	topological_domain
Q24270	1364-1380	ECO:0000255	Extracellular	topological_domain
Q24270	1401-1408	ECO:0000255	Cytoplasmic	topological_domain
Q24270	1432-1439	ECO:0000255	Extracellular	topological_domain
Q24270	1455-1475	ECO:0000255	Cytoplasmic	topological_domain
Q24270	1496-1584	ECO:0000255	Extracellular	topological_domain
Q24270	1610-1664	ECO:0000255	Cytoplasmic	topological_domain
Q24270	1684-1697	ECO:0000255	Extracellular	topological_domain
Q24270	1718-1726	ECO:0000255	Cytoplasmic	topological_domain
Q24270	1746-1777	ECO:0000255	Extracellular	topological_domain
Q24270	1797-1815	ECO:0000255	Cytoplasmic	topological_domain
Q24270	1836-1902	ECO:0000255	Extracellular	topological_domain
Q24270	1922-2516	ECO:0000255	Cytoplasmic	topological_domain
Q24270	635-653	ECO:0000255	Extracellular	topological_domain
Q24270	672-684	ECO:0000255	Cytoplasmic	topological_domain
Q24270	700-711	ECO:0000255	Extracellular	topological_domain
Q24270	731-750	ECO:0000255	Cytoplasmic	topological_domain
Q24270	771-853	ECO:0000255	Extracellular	topological_domain
Q24270	879-985	ECO:0000255	Cytoplasmic	topological_domain
Q24278	1-110	ECO:0000255	Cytoplasmic	topological_domain
Q24278	132-138	ECO:0000255	Extracellular	topological_domain
Q24278	160-186	ECO:0000255	Cytoplasmic	topological_domain
Q24278	208-253	ECO:0000255	Extracellular	topological_domain
Q24278	275-325	ECO:0000255	Cytoplasmic	topological_domain
Q24278	347-481	ECO:0000255	Extracellular	topological_domain
Q24278	503-665	ECO:0000255	Cytoplasmic	topological_domain
Q24292	21-3045	ECO:0000255	Extracellular	topological_domain
Q24292	3067-3503	ECO:0000255	Cytoplasmic	topological_domain
Q24298	1350-1507	ECO:0000255	Cytoplasmic	topological_domain
Q24298	262-1328	ECO:0000255	Extracellular	topological_domain
Q24319	19-412	ECO:0000255	Lumenal	topological_domain
Q24319	434-449	ECO:0000255	Cytoplasmic	topological_domain
Q24322	1-40	ECO:0000255	Cytoplasmic	topological_domain
Q24322	62-657	ECO:0000255	Extracellular	topological_domain
Q24322	679-899	ECO:0000255	Cytoplasmic	topological_domain
Q24342	1-15	ECO:0000255	Cytoplasmic	topological_domain
Q24342	35-412	ECO:0000255	Lumenal	topological_domain
Q24352	477-650	ECO:0000255	Cytoplasmic	topological_domain
Q24352	97-393	ECO:0000255	Extracellular	topological_domain
Q24418	27-573	ECO:0000255	Extracellular	topological_domain
Q24418	595-651	ECO:0000255	Cytoplasmic	topological_domain
Q24418	673-831	ECO:0000255	Extracellular	topological_domain
Q24418	853-997	ECO:0000255	Cytoplasmic	topological_domain
Q24451	1-9	ECO:0000255	Cytoplasmic	topological_domain
Q24451	31-1108	ECO:0000255	Lumenal	topological_domain
Q24468	171-516	ECO:0000305	Cytoplasmic	topological_domain
Q24468	25-147	ECO:0000305	Extracellular	topological_domain
Q24488	25-317	ECO:0000255	Extracellular	topological_domain
Q24488	339-685	ECO:0000255	Cytoplasmic	topological_domain
Q24498	1-4451	ECO:0000255	Cytoplasmic	topological_domain
Q24498	5025-5127	ECO:0000255	Cytoplasmic	topological_domain
Q24509	1-445	ECO:0000255	Cytoplasmic	topological_domain
Q24509	467	ECO:0000255	Vesicular	topological_domain
Q24547	1-268	ECO:0000255	Cytoplasmic	topological_domain
Q24547	290-291	ECO:0000255	Vesicular	topological_domain
Q24563	1-113	ECO:0000255	Extracellular	topological_domain
Q24563	135-145	ECO:0000255	Cytoplasmic	topological_domain
Q24563	167-189	ECO:0000255	Extracellular	topological_domain
Q24563	207-227	ECO:0000255	Cytoplasmic	topological_domain
Q24563	249-266	ECO:0000255	Extracellular	topological_domain
Q24563	288-420	ECO:0000255	Cytoplasmic	topological_domain
Q24563	442-453	ECO:0000255	Extracellular	topological_domain
Q24563	475-539	ECO:0000255	Cytoplasmic	topological_domain
Q27324	21-242	ECO:0000255	Extracellular	topological_domain
Q27324	264-610	ECO:0000255	Cytoplasmic	topological_domain
Q27333	1-43	ECO:0000305	Cytoplasmic	topological_domain
Q27333	119-125	ECO:0000305	Cytoplasmic	topological_domain
Q27333	147-171	ECO:0000305	Lumenal	topological_domain
Q27333	193-211	ECO:0000305	Cytoplasmic	topological_domain
Q27333	233	ECO:0000305	Lumenal	topological_domain
Q27333	255-294	ECO:0000305	Cytoplasmic	topological_domain
Q27333	316-403	ECO:0000305	Lumenal	topological_domain
Q27333	425-426	ECO:0000305	Cytoplasmic	topological_domain
Q27333	448-464	ECO:0000305	Lumenal	topological_domain
Q27333	486-510	ECO:0000305	Cytoplasmic	topological_domain
Q27333	65-97	ECO:0000305	Lumenal	topological_domain
Q27367	1-12	ECO:0000305	Cytoplasmic	topological_domain
Q27367	34-451	ECO:0000305	Extracellular	topological_domain
Q27367	473-491	ECO:0000305	Cytoplasmic	topological_domain
Q27591	27-725	ECO:0000255	Extracellular	topological_domain
Q27591	747-799	ECO:0000255	Cytoplasmic	topological_domain
Q27597	1-21	ECO:0000255|HAMAP-Rule:MF_03212	Lumenal	topological_domain
Q27597	43-679	ECO:0000255|HAMAP-Rule:MF_03212	Cytoplasmic	topological_domain
Q3KN41	1-1696	ECO:0000305	Extracellular	topological_domain
Q3KN41	1718-1840	ECO:0000269|PubMed:20559439	Cytoplasmic	topological_domain
Q4LBB6	1-143	ECO:0000255	Extracellular	topological_domain
Q4LBB6	1191-1202	ECO:0000255	Extracellular	topological_domain
Q4LBB6	1224-1256	ECO:0000255	Cytoplasmic	topological_domain
Q4LBB6	165-171	ECO:0000255	Cytoplasmic	topological_domain
Q4LBB6	193-213	ECO:0000255	Extracellular	topological_domain
Q4LBB6	237-258	ECO:0000255	Cytoplasmic	topological_domain
Q4LBB6	280-305	ECO:0000255	Extracellular	topological_domain
Q4LBB6	327-1169	ECO:0000255	Cytoplasmic	topological_domain
Q4LBB9	1-157	ECO:0000255	Extracellular	topological_domain
Q4LBB9	179-190	ECO:0000255	Cytoplasmic	topological_domain
Q4LBB9	212-233	ECO:0000255	Extracellular	topological_domain
Q4LBB9	257-270	ECO:0000255	Cytoplasmic	topological_domain
Q4LBB9	292-320	ECO:0000255	Extracellular	topological_domain
Q4LBB9	342-412	ECO:0000255	Cytoplasmic	topological_domain
Q4LBB9	434-444	ECO:0000255	Extracellular	topological_domain
Q4LBB9	466-536	ECO:0000255	Cytoplasmic	topological_domain
Q4V622	1-74	ECO:0000255	Extracellular	topological_domain
Q4V622	129-143	ECO:0000255	Extracellular	topological_domain
Q4V622	165-184	ECO:0000255	Cytoplasmic	topological_domain
Q4V622	206-235	ECO:0000255	Extracellular	topological_domain
Q4V622	257-293	ECO:0000255	Cytoplasmic	topological_domain
Q4V622	315-333	ECO:0000255	Extracellular	topological_domain
Q4V622	355-489	ECO:0000255	Cytoplasmic	topological_domain
Q4V622	96-107	ECO:0000255	Cytoplasmic	topological_domain
Q5BI42	1242-1449	ECO:0000255	Cytoplasmic	topological_domain
Q5BI42	24-1220	ECO:0000255	Extracellular	topological_domain
Q6AWJ9	23-581	ECO:0000255	Extracellular	topological_domain
Q6AWJ9	603-1033	ECO:0000255	Cytoplasmic	topological_domain
Q6NP91	1-28	ECO:0000305	Extracellular	topological_domain
Q6NP91	174-199	ECO:0000305	Extracellular	topological_domain
Q6NP91	221-398	ECO:0000305	Cytoplasmic	topological_domain
Q6NP91	420-442	ECO:0000305	Extracellular	topological_domain
Q6NP91	464-478	ECO:0000305	Cytoplasmic	topological_domain
Q6NP91	50-152	ECO:0000305	Cytoplasmic	topological_domain
Q6NP91	500-525	ECO:0000305	Extracellular	topological_domain
Q6NP91	547-568	ECO:0000305	Cytoplasmic	topological_domain
Q6NP91	587-589	ECO:0000305	Extracellular	topological_domain
Q6NP91	611-634	ECO:0000305	Cytoplasmic	topological_domain
Q6NP91	666-673	ECO:0000305	Extracellular	topological_domain
Q6NP91	695-760	ECO:0000305	Cytoplasmic	topological_domain
Q6WV16	1-11	ECO:0000255	Cytoplasmic	topological_domain
Q6WV16	32-666	ECO:0000255	Lumenal	topological_domain
Q6WV17	1-20	ECO:0000255	Cytoplasmic	topological_domain
Q6WV17	39-630	ECO:0000255	Lumenal	topological_domain
Q6WV19	1-4	ECO:0000255	Cytoplasmic	topological_domain
Q6WV19	26-633	ECO:0000255	Lumenal	topological_domain
Q6WV20	1-7	ECO:0000255	Cytoplasmic	topological_domain
Q6WV20	29-601	ECO:0000255	Lumenal	topological_domain
Q76NQ1	1-843	ECO:0000255	Cytoplasmic	topological_domain
Q76NQ1	1121-1131	ECO:0000255	Cytoplasmic	topological_domain
Q76NQ1	1153-1156	ECO:0000255	Lumenal	topological_domain
Q76NQ1	1178-1186	ECO:0000255	Cytoplasmic	topological_domain
Q76NQ1	1208-1210	ECO:0000255	Lumenal	topological_domain
Q76NQ1	1232-1245	ECO:0000255	Cytoplasmic	topological_domain
Q76NQ1	1267-1429	ECO:0000255	Lumenal	topological_domain
Q76NQ1	865-1099	ECO:0000255	Lumenal	topological_domain
Q7JQ32	20-493	ECO:0000305	Extracellular	topological_domain
Q7JQ32	515-1525	ECO:0000305	Cytoplasmic	topological_domain
Q7JQF1	1-25	ECO:0000305	Extracellular	topological_domain
Q7JQF1	116-138	ECO:0000305	Cytoplasmic	topological_domain
Q7JQF1	160-295	ECO:0000305	Extracellular	topological_domain
Q7JQF1	317-520	ECO:0000305	Cytoplasmic	topological_domain
Q7JQF1	47-56	ECO:0000305	Cytoplasmic	topological_domain
Q7JQF1	542-551	ECO:0000305	Extracellular	topological_domain
Q7JQF1	573-645	ECO:0000305	Cytoplasmic	topological_domain
Q7JQF1	78-94	ECO:0000305	Extracellular	topological_domain
Q7JR49	18-333	ECO:0000305	Lumenal	topological_domain
Q7JR49	355-379	ECO:0000305	Cytoplasmic	topological_domain
Q7JRE4	1-230	ECO:0000269|PubMed:16439308	Nuclear	topological_domain
Q7JRE4	252-400	ECO:0000269|PubMed:16439308	Perinuclear space	topological_domain
Q7JRE4	422-650	ECO:0000269|PubMed:16439308	Nuclear	topological_domain
Q7JW12	124-271	ECO:0000255	Cytoplasmic	topological_domain
Q7JW12	29-102	ECO:0000255	Extracellular	topological_domain
Q7K0P4	127-142	ECO:0000255	Cytoplasmic	topological_domain
Q7K0P4	164-171	ECO:0000255	Lumenal	topological_domain
Q7K0P4	193-203	ECO:0000255	Cytoplasmic	topological_domain
Q7K0P4	225-232	ECO:0000255	Lumenal	topological_domain
Q7K0P4	23-105	ECO:0000255	Lumenal	topological_domain
Q7K0P4	254-267	ECO:0000255	Cytoplasmic	topological_domain
Q7K0P4	289-302	ECO:0000255	Lumenal	topological_domain
Q7K0P4	326	ECO:0000255	Cytoplasmic	topological_domain
Q7K1V5	1-39	ECO:0000255	Cytoplasmic	topological_domain
Q7K1V5	100-109	ECO:0000255	Cytoplasmic	topological_domain
Q7K1V5	131-159	ECO:0000255	Lumenal	topological_domain
Q7K1V5	181-197	ECO:0000255	Cytoplasmic	topological_domain
Q7K1V5	61-78	ECO:0000255	Lumenal	topological_domain
Q7K237	1-21	ECO:0000255	Cytoplasmic	topological_domain
Q7K237	43-388	ECO:0000255	Lumenal	topological_domain
Q7K4B6	1-36	ECO:0000305	Cytoplasmic	topological_domain
Q7K4B6	136-169	ECO:0000305	Cytoplasmic	topological_domain
Q7K4B6	191-192	ECO:0000305	Extracellular	topological_domain
Q7K4B6	214-222	ECO:0000305	Cytoplasmic	topological_domain
Q7K4B6	260-303	ECO:0000305	Cytoplasmic	topological_domain
Q7K4B6	325-345	ECO:0000305	Extracellular	topological_domain
Q7K4B6	367-384	ECO:0000305	Cytoplasmic	topological_domain
Q7K4B6	406-419	ECO:0000305	Extracellular	topological_domain
Q7K4B6	441-442	ECO:0000305	Cytoplasmic	topological_domain
Q7K4B6	464-926	ECO:0000305	Extracellular	topological_domain
Q7K4B6	58-114	ECO:0000305	Extracellular	topological_domain
Q7K4Y6	1-33	ECO:0000269|PubMed:24037379, ECO:0000269|PubMed:25961798, ECO:0000269|PubMed:25970245	Cytoplasmic	topological_domain
Q7K4Y6	139-235	ECO:0000269|PubMed:24037379, ECO:0000269|PubMed:25961798, ECO:0000269|PubMed:25970245	Extracellular	topological_domain
Q7K4Y6	257-259	ECO:0000269|PubMed:24037379, ECO:0000269|PubMed:25961798, ECO:0000269|PubMed:25970245	Cytoplasmic	topological_domain
Q7K4Y6	285-308	ECO:0000269|PubMed:24037379, ECO:0000269|PubMed:25961798, ECO:0000269|PubMed:25970245	Extracellular	topological_domain
Q7K4Y6	335-340	ECO:0000269|PubMed:24037379, ECO:0000269|PubMed:25961798, ECO:0000269|PubMed:25970245	Cytoplasmic	topological_domain
Q7K4Y6	365-404	ECO:0000269|PubMed:24037379, ECO:0000269|PubMed:25961798, ECO:0000269|PubMed:25970245	Extracellular	topological_domain
Q7K4Y6	431-445	ECO:0000269|PubMed:24037379, ECO:0000269|PubMed:25961798, ECO:0000269|PubMed:25970245	Cytoplasmic	topological_domain
Q7K4Y6	467	ECO:0000269|PubMed:24037379, ECO:0000269|PubMed:25961798, ECO:0000269|PubMed:25970245	Extracellular	topological_domain
Q7K4Y6	495-524	ECO:0000269|PubMed:24037379, ECO:0000269|PubMed:25961798, ECO:0000269|PubMed:25970245	Cytoplasmic	topological_domain
Q7K4Y6	548-550	ECO:0000269|PubMed:24037379, ECO:0000269|PubMed:25961798, ECO:0000269|PubMed:25970245	Extracellular	topological_domain
Q7K4Y6	572-631	ECO:0000269|PubMed:24037379, ECO:0000269|PubMed:25961798, ECO:0000269|PubMed:25970245	Cytoplasmic	topological_domain
Q7K4Y6	60-63	ECO:0000269|PubMed:24037379, ECO:0000269|PubMed:25961798, ECO:0000269|PubMed:25970245	Extracellular	topological_domain
Q7K4Y6	88-107	ECO:0000269|PubMed:24037379, ECO:0000269|PubMed:25961798, ECO:0000269|PubMed:25970245	Cytoplasmic	topological_domain
Q7KIN0	1071-1446	ECO:0000305	Cytoplasmic	topological_domain
Q7KIN0	17-1049	ECO:0000305	Extracellular	topological_domain
Q7KN92	1-6	ECO:0000305	Cytoplasmic	topological_domain
Q7KN92	30-403	ECO:0000305	Lumenal	topological_domain
Q7KT91	1-736	ECO:0000255	Extracellular	topological_domain
Q7KT91	754-948	ECO:0000255	Cytoplasmic	topological_domain
Q7KVA1	1-14	ECO:0000255	Cytoplasmic	topological_domain
Q7KVA1	36-876	ECO:0000255	Lumenal	topological_domain
Q7KVY7	1-312	ECO:0000255	Cytoplasmic	topological_domain
Q7YU24	1-637	ECO:0000255	Cytoplasmic	topological_domain
Q7YU24	649-668	ECO:0000255	Mitochondrial intermembrane	topological_domain
Q7YU24	690-810	ECO:0000255	Cytoplasmic	topological_domain
Q7Z020	1-753	ECO:0000255	Cytoplasmic	topological_domain
Q7Z020	1026-1197	ECO:0000255	Cytoplasmic	topological_domain
Q7Z020	775-827	ECO:0000255	Extracellular	topological_domain
Q7Z020	849-856	ECO:0000255	Cytoplasmic	topological_domain
Q7Z020	878-889	ECO:0000255	Extracellular	topological_domain
Q7Z020	911-932	ECO:0000255	Cytoplasmic	topological_domain
Q7Z020	954-968	ECO:0000255	Extracellular	topological_domain
Q7Z020	990-1004	ECO:0000255	Extracellular	topological_domain
Q7Z2C4	1-20	ECO:0000255	Lumenal	topological_domain
Q7Z2C4	42-110	ECO:0000255	Cytoplasmic	topological_domain
Q868T3	1-54	ECO:0000255	Extracellular	topological_domain
Q868T3	151-164	ECO:0000255	Extracellular	topological_domain
Q868T3	186-239	ECO:0000255	Cytoplasmic	topological_domain
Q868T3	261-287	ECO:0000255	Extracellular	topological_domain
Q868T3	309-353	ECO:0000255	Cytoplasmic	topological_domain
Q868T3	375-383	ECO:0000255	Extracellular	topological_domain
Q868T3	405-495	ECO:0000255	Cytoplasmic	topological_domain
Q868T3	76-129	ECO:0000255	Cytoplasmic	topological_domain
Q86B91	1-77	ECO:0000255	Cytoplasmic	topological_domain
Q86B91	142-181	ECO:0000255	Cytoplasmic	topological_domain
Q86B91	203-668	ECO:0000255	Extracellular	topological_domain
Q86B91	690-696	ECO:0000255	Cytoplasmic	topological_domain
Q86B91	718-736	ECO:0000255	Extracellular	topological_domain
Q86B91	758-787	ECO:0000255	Cytoplasmic	topological_domain
Q86B91	809-826	ECO:0000255	Extracellular	topological_domain
Q86B91	848-1513	ECO:0000255	Cytoplasmic	topological_domain
Q86B91	99-120	ECO:0000255	Extracellular	topological_domain
Q86BE9	1-17	ECO:0000255	Lumenal	topological_domain
Q86BE9	39-57	ECO:0000255	Cytoplasmic	topological_domain
Q86BE9	79-101	ECO:0000255	Lumenal	topological_domain
Q86BJ3	1-30	ECO:0000255	Cytoplasmic	topological_domain
Q86BJ3	51-514	ECO:0000255	Lumenal	topological_domain
Q8I0P1	1-121	ECO:0000255|HAMAP-Rule:MF_03021	Cytoplasmic	topological_domain
Q8I0P1	143-758	ECO:0000255|HAMAP-Rule:MF_03021	Cytoplasmic	topological_domain
Q8IA41	1-4	ECO:0000255	Cytoplasmic	topological_domain
Q8IA41	28-557	ECO:0000255	Lumenal	topological_domain
Q8IA42	1-13	ECO:0000255	Cytoplasmic	topological_domain
Q8IA42	35-644	ECO:0000255	Lumenal	topological_domain
Q8IA43	1-6	ECO:0000255	Cytoplasmic	topological_domain
Q8IA43	27-630	ECO:0000255	Lumenal	topological_domain
Q8IA44	1-6	ECO:0000255	Cytoplasmic	topological_domain
Q8IA44	30-563	ECO:0000255	Lumenal	topological_domain
Q8IMN5	1-7	ECO:0000250	Cytoplasmic	topological_domain
Q8IMN5	170-181	ECO:0000250	Extracellular	topological_domain
Q8IMN5	203-244	ECO:0000250	Cytoplasmic	topological_domain
Q8IMN5	266-294	ECO:0000250	Extracellular	topological_domain
Q8IMN5	29-40	ECO:0000250	Extracellular	topological_domain
Q8IMN5	316-369	ECO:0000250	Cytoplasmic	topological_domain
Q8IMN5	391-412	ECO:0000250	Extracellular	topological_domain
Q8IMN5	62-148	ECO:0000250	Cytoplasmic	topological_domain
Q8IMN6	1-42	ECO:0000250	Cytoplasmic	topological_domain
Q8IMN6	114-146	ECO:0000250	Cytoplasmic	topological_domain
Q8IMN6	168-183	ECO:0000250	Extracellular	topological_domain
Q8IMN6	205-261	ECO:0000250	Cytoplasmic	topological_domain
Q8IMN6	283-296	ECO:0000250	Extracellular	topological_domain
Q8IMN6	318-367	ECO:0000250	Cytoplasmic	topological_domain
Q8IMN6	389-408	ECO:0000250	Extracellular	topological_domain
Q8IMN6	64-92	ECO:0000250	Extracellular	topological_domain
Q8IMQ6	1-31	ECO:0000250	Cytoplasmic	topological_domain
Q8IMQ6	121-152	ECO:0000250	Extracellular	topological_domain
Q8IMQ6	174-200	ECO:0000250	Cytoplasmic	topological_domain
Q8IMQ6	222-278	ECO:0000250	Extracellular	topological_domain
Q8IMQ6	300-317	ECO:0000250	Cytoplasmic	topological_domain
Q8IMQ6	339-423	ECO:0000250	Extracellular	topological_domain
Q8IMQ6	53-65	ECO:0000250	Extracellular	topological_domain
Q8IMQ6	87-99	ECO:0000250	Cytoplasmic	topological_domain
Q8IMX7	1-621	ECO:0000255	Cytoplasmic	topological_domain
Q8IMX7	642-652	ECO:0000255	Mitochondrial intermembrane	topological_domain
Q8IMZ5	1-11	ECO:0000250	Cytoplasmic	topological_domain
Q8IMZ5	155-171	ECO:0000250	Extracellular	topological_domain
Q8IMZ5	193-260	ECO:0000250	Cytoplasmic	topological_domain
Q8IMZ5	282-296	ECO:0000250	Extracellular	topological_domain
Q8IMZ5	318-376	ECO:0000250	Cytoplasmic	topological_domain
Q8IMZ5	33-43	ECO:0000250	Extracellular	topological_domain
Q8IMZ5	398-404	ECO:0000250	Extracellular	topological_domain
Q8IMZ5	65-133	ECO:0000250	Cytoplasmic	topological_domain
Q8IN23	1-18	ECO:0000250	Cytoplasmic	topological_domain
Q8IN23	111-153	ECO:0000250	Cytoplasmic	topological_domain
Q8IN23	175-183	ECO:0000250	Extracellular	topological_domain
Q8IN23	205-267	ECO:0000250	Cytoplasmic	topological_domain
Q8IN23	289-293	ECO:0000250	Extracellular	topological_domain
Q8IN23	315-369	ECO:0000250	Cytoplasmic	topological_domain
Q8IN23	391-395	ECO:0000250	Extracellular	topological_domain
Q8IN23	40-89	ECO:0000250	Extracellular	topological_domain
Q8IN35	1-104	ECO:0000305	Extracellular	topological_domain
Q8IN35	126-212	ECO:0000305	Cytoplasmic	topological_domain
Q8IN35	234-254	ECO:0000305	Extracellular	topological_domain
Q8IN35	276-282	ECO:0000305	Cytoplasmic	topological_domain
Q8IN35	304-323	ECO:0000305	Extracellular	topological_domain
Q8IN35	345-386	ECO:0000305	Cytoplasmic	topological_domain
Q8IN35	408-436	ECO:0000305	Extracellular	topological_domain
Q8IN35	458-758	ECO:0000305	Cytoplasmic	topological_domain
Q8IN58	1-14	ECO:0000250	Cytoplasmic	topological_domain
Q8IN58	101-141	ECO:0000250	Cytoplasmic	topological_domain
Q8IN58	163-169	ECO:0000250	Extracellular	topological_domain
Q8IN58	191-256	ECO:0000250	Cytoplasmic	topological_domain
Q8IN58	278-287	ECO:0000250	Extracellular	topological_domain
Q8IN58	309-356	ECO:0000250	Cytoplasmic	topological_domain
Q8IN58	36-79	ECO:0000250	Extracellular	topological_domain
Q8IN58	378-386	ECO:0000250	Extracellular	topological_domain
Q8INM9	1-56	ECO:0000250	Cytoplasmic	topological_domain
Q8INM9	112-151	ECO:0000250	Cytoplasmic	topological_domain
Q8INM9	173-186	ECO:0000250	Extracellular	topological_domain
Q8INM9	208-268	ECO:0000250	Cytoplasmic	topological_domain
Q8INM9	290-293	ECO:0000250	Extracellular	topological_domain
Q8INM9	315-375	ECO:0000250	Cytoplasmic	topological_domain
Q8INM9	397	ECO:0000250	Extracellular	topological_domain
Q8INM9	78-90	ECO:0000250	Extracellular	topological_domain
Q8INZ1	1-17	ECO:0000250	Cytoplasmic	topological_domain
Q8INZ1	171-189	ECO:0000250	Extracellular	topological_domain
Q8INZ1	211-249	ECO:0000250	Cytoplasmic	topological_domain
Q8INZ1	271-293	ECO:0000250	Extracellular	topological_domain
Q8INZ1	315-378	ECO:0000250	Cytoplasmic	topological_domain
Q8INZ1	39-72	ECO:0000250	Extracellular	topological_domain
Q8INZ1	400-410	ECO:0000250	Extracellular	topological_domain
Q8INZ1	94-149	ECO:0000250	Cytoplasmic	topological_domain
Q8INZ2	1-4	ECO:0000250	Cytoplasmic	topological_domain
Q8INZ2	154-165	ECO:0000250	Cytoplasmic	topological_domain
Q8INZ2	187-254	ECO:0000250	Extracellular	topological_domain
Q8INZ2	26-36	ECO:0000250	Extracellular	topological_domain
Q8INZ2	276-288	ECO:0000250	Cytoplasmic	topological_domain
Q8INZ2	310-390	ECO:0000250	Extracellular	topological_domain
Q8INZ2	58-75	ECO:0000250	Cytoplasmic	topological_domain
Q8INZ2	97-132	ECO:0000250	Extracellular	topological_domain
Q8IPU5	1-27	ECO:0000250	Cytoplasmic	topological_domain
Q8IPU5	126-205	ECO:0000250	Extracellular	topological_domain
Q8IPU5	229-298	ECO:0000250	Cytoplasmic	topological_domain
Q8IPU5	322-340	ECO:0000250	Extracellular	topological_domain
Q8IPU5	364-420	ECO:0000250	Cytoplasmic	topological_domain
Q8IPU5	444-449	ECO:0000250	Extracellular	topological_domain
Q8IPU5	51-70	ECO:0000250	Extracellular	topological_domain
Q8IPU5	94-102	ECO:0000250	Cytoplasmic	topological_domain
Q8IQ70	256-264	ECO:0000250|UniProtKB:Q8NE86	Mitochondrial intermembrane	topological_domain
Q8IQ70	285-366	ECO:0000250|UniProtKB:Q8NE86	Mitochondrial matrix	topological_domain
Q8IQ70	54-232	ECO:0000250|UniProtKB:Q8NE86	Mitochondrial matrix	topological_domain
Q8IQ72	1-13	ECO:0000250	Cytoplasmic	topological_domain
Q8IQ72	148-161	ECO:0000250	Cytoplasmic	topological_domain
Q8IQ72	183-251	ECO:0000250	Extracellular	topological_domain
Q8IQ72	273-277	ECO:0000250	Cytoplasmic	topological_domain
Q8IQ72	299-371	ECO:0000250	Extracellular	topological_domain
Q8IQ72	35-42	ECO:0000250	Extracellular	topological_domain
Q8IQ72	64-72	ECO:0000250	Cytoplasmic	topological_domain
Q8IQ72	94-126	ECO:0000250	Extracellular	topological_domain
Q8IRI6	117-127	ECO:0000255	Cytoplasmic	topological_domain
Q8IRI6	149-162	ECO:0000255	Extracellular	topological_domain
Q8IRI6	184-186	ECO:0000255	Cytoplasmic	topological_domain
Q8IRI6	208-272	ECO:0000255	Extracellular	topological_domain
Q8IRI6	24-67	ECO:0000255	Cytoplasmic	topological_domain
Q8IRI6	294-310	ECO:0000255	Cytoplasmic	topological_domain
Q8IRI6	332-339	ECO:0000255	Extracellular	topological_domain
Q8IRI6	361-372	ECO:0000255	Cytoplasmic	topological_domain
Q8IRI6	394-405	ECO:0000255	Extracellular	topological_domain
Q8IRI6	427-429	ECO:0000255	Cytoplasmic	topological_domain
Q8IRI6	451-534	ECO:0000255	Extracellular	topological_domain
Q8IRI6	556-1440	ECO:0000255	Cytoplasmic	topological_domain
Q8IRI6	89-95	ECO:0000255	Extracellular	topological_domain
Q8IRL8	1	ECO:0000250	Cytoplasmic	topological_domain
Q8IRL8	135-202	ECO:0000250	Cytoplasmic	topological_domain
Q8IRL8	224-233	ECO:0000250	Extracellular	topological_domain
Q8IRL8	23-30	ECO:0000250	Extracellular	topological_domain
Q8IRL8	255-318	ECO:0000250	Cytoplasmic	topological_domain
Q8IRL8	340-341	ECO:0000250	Extracellular	topological_domain
Q8IRL8	52-68	ECO:0000250	Cytoplasmic	topological_domain
Q8IRL8	90-113	ECO:0000250	Extracellular	topological_domain
Q8IRZ5	1-40	ECO:0000255	Cytoplasmic	topological_domain
Q8IRZ5	149-171	ECO:0000255	Extracellular	topological_domain
Q8IRZ5	193-254	ECO:0000255	Cytoplasmic	topological_domain
Q8IRZ5	276-285	ECO:0000255	Extracellular	topological_domain
Q8IRZ5	307-336	ECO:0000255	Cytoplasmic	topological_domain
Q8IRZ5	358-387	ECO:0000255	Extracellular	topological_domain
Q8IRZ5	62-71	ECO:0000255	Extracellular	topological_domain
Q8IRZ5	93-127	ECO:0000255	Cytoplasmic	topological_domain
Q8IS44	1-377	ECO:0000305	Extracellular	topological_domain
Q8IS44	399-416	ECO:0000305	Cytoplasmic	topological_domain
Q8IS44	438-450	ECO:0000305	Extracellular	topological_domain
Q8IS44	472-493	ECO:0000305	Cytoplasmic	topological_domain
Q8IS44	515-531	ECO:0000305	Extracellular	topological_domain
Q8IS44	553-830	ECO:0000305	Cytoplasmic	topological_domain
Q8IS44	852-869	ECO:0000305	Extracellular	topological_domain
Q8IS44	891-905	ECO:0000305	Cytoplasmic	topological_domain
Q8ITC7	1-72	ECO:0000255	Extracellular	topological_domain
Q8ITC7	131-145	ECO:0000255	Extracellular	topological_domain
Q8ITC7	167-189	ECO:0000255	Cytoplasmic	topological_domain
Q8ITC7	211-237	ECO:0000255	Extracellular	topological_domain
Q8ITC7	259-295	ECO:0000255	Cytoplasmic	topological_domain
Q8ITC7	317-335	ECO:0000255	Extracellular	topological_domain
Q8ITC7	357-447	ECO:0000255	Cytoplasmic	topological_domain
Q8ITC7	94-109	ECO:0000255	Cytoplasmic	topological_domain
Q8ITC9	1-16	ECO:0000305	Extracellular	topological_domain
Q8ITC9	118-140	ECO:0000305	Cytoplasmic	topological_domain
Q8ITC9	162-185	ECO:0000305	Extracellular	topological_domain
Q8ITC9	207-281	ECO:0000305	Cytoplasmic	topological_domain
Q8ITC9	303-321	ECO:0000305	Extracellular	topological_domain
Q8ITC9	343-430	ECO:0000305	Cytoplasmic	topological_domain
Q8ITC9	38-53	ECO:0000305	Cytoplasmic	topological_domain
Q8ITC9	75-96	ECO:0000305	Extracellular	topological_domain
Q8MKK4	1-28	ECO:0000255	Cytoplasmic	topological_domain
Q8MKK4	127-129	ECO:0000255	Extracellular	topological_domain
Q8MKK4	151-160	ECO:0000255	Cytoplasmic	topological_domain
Q8MKK4	182-184	ECO:0000255	Extracellular	topological_domain
Q8MKK4	206-268	ECO:0000255	Cytoplasmic	topological_domain
Q8MKK4	290-305	ECO:0000255	Extracellular	topological_domain
Q8MKK4	327-332	ECO:0000255	Cytoplasmic	topological_domain
Q8MKK4	354-372	ECO:0000255	Extracellular	topological_domain
Q8MKK4	394-402	ECO:0000255	Cytoplasmic	topological_domain
Q8MKK4	424-433	ECO:0000255	Extracellular	topological_domain
Q8MKK4	455-488	ECO:0000255	Cytoplasmic	topological_domain
Q8MKK4	50-72	ECO:0000255	Extracellular	topological_domain
Q8MKK4	94-105	ECO:0000255	Cytoplasmic	topological_domain
Q8MPP0	1-170	ECO:0000305	Extracellular	topological_domain
Q8MPP0	192-211	ECO:0000305	Cytoplasmic	topological_domain
Q8MPP0	233-245	ECO:0000305	Extracellular	topological_domain
Q8MPP3	757-758	ECO:0000255	Cytoplasmic	topological_domain
Q8MPP3	?-738	ECO:0000255	Extracellular	topological_domain
Q8MRC9	1-11	ECO:0000255	Cytoplasmic	topological_domain
Q8MRC9	32-650	ECO:0000255	Lumenal	topological_domain
Q8MRQ4	1-3	ECO:0000255	Extracellular	topological_domain
Q8MRQ4	128-144	ECO:0000255	Cytoplasmic	topological_domain
Q8MRQ4	166-181	ECO:0000255	Extracellular	topological_domain
Q8MRQ4	203-381	ECO:0000255	Cytoplasmic	topological_domain
Q8MRQ4	27-30	ECO:0000255	Cytoplasmic	topological_domain
Q8MRQ4	403-426	ECO:0000255	Extracellular	topological_domain
Q8MRQ4	448-467	ECO:0000255	Cytoplasmic	topological_domain
Q8MRQ4	489-514	ECO:0000255	Extracellular	topological_domain
Q8MRQ4	52-106	ECO:0000255	Extracellular	topological_domain
Q8MRQ4	536-694	ECO:0000255	Cytoplasmic	topological_domain
Q8MUJ1	1-37	ECO:0000255	Cytoplasmic	topological_domain
Q8MUJ1	59-415	ECO:0000255	Extracellular	topological_domain
Q8MV48	1-11	ECO:0000255	Cytoplasmic	topological_domain
Q8MV48	30-591	ECO:0000255	Lumenal	topological_domain
Q8MVS5	1-6	ECO:0000255	Cytoplasmic	topological_domain
Q8MVS5	30-632	ECO:0000255	Lumenal	topological_domain
Q8MYY6	1-12	ECO:0000255	Cytoplasmic	topological_domain
Q8MYY6	33-558	ECO:0000255	Lumenal	topological_domain
Q8SWR3	1-93	ECO:0000305	Extracellular	topological_domain
Q8SWR3	115-124	ECO:0000305	Cytoplasmic	topological_domain
Q8SWR3	146-168	ECO:0000305	Extracellular	topological_domain
Q8SWR3	190-211	ECO:0000305	Cytoplasmic	topological_domain
Q8SWR3	230-276	ECO:0000305	Extracellular	topological_domain
Q8SWR3	298-327	ECO:0000305	Cytoplasmic	topological_domain
Q8SWR3	349-368	ECO:0000305	Extracellular	topological_domain
Q8SWR3	390-435	ECO:0000305	Cytoplasmic	topological_domain
Q8SX37	1-8	ECO:0000305	Cytoplasmic	topological_domain
Q8SX37	120-138	ECO:0000305	Cytoplasmic	topological_domain
Q8SX37	160-163	ECO:0000305	Lumenal	topological_domain
Q8SX37	185-224	ECO:0000305	Cytoplasmic	topological_domain
Q8SX37	30-35	ECO:0000305	Lumenal	topological_domain
Q8SX37	53-76	ECO:0000305	Cytoplasmic	topological_domain
Q8SX37	98	ECO:0000305	Lumenal	topological_domain
Q8SXY6	194-206	ECO:0000255, ECO:0000312|FlyBase:FBgn0045866	Cytoplasmic	topological_domain
Q8SXY6	21-172	ECO:0000255, ECO:0000312|FlyBase:FBgn0045866	Lumenal	topological_domain
Q8SYV9	24-242	ECO:0000255	Extracellular	topological_domain
Q8SYV9	264-279	ECO:0000255	Cytoplasmic	topological_domain
Q8SYV9	301-303	ECO:0000255	Extracellular	topological_domain
Q8SYV9	325-347	ECO:0000255	Cytoplasmic	topological_domain
Q8SYV9	369-395	ECO:0000255	Extracellular	topological_domain
Q8SYV9	417-451	ECO:0000255	Cytoplasmic	topological_domain
Q8SYV9	473-480	ECO:0000255	Extracellular	topological_domain
Q8SYV9	502-533	ECO:0000255	Cytoplasmic	topological_domain
Q8SZ63	1-492	ECO:0000255	Cytoplasmic	topological_domain
Q8SZ63	514-516	ECO:0000255	Lumenal	topological_domain
Q8T062	1-55	ECO:0000305	Cytoplasmic	topological_domain
Q8T062	77-1040	ECO:0000305	Extracellular	topological_domain
Q94526	1-6	ECO:0000255	Cytoplasmic	topological_domain
Q94526	141-170	ECO:0000255	Cytoplasmic	topological_domain
Q94526	265-1001	ECO:0000255	Cytoplasmic	topological_domain
Q94887	1239-1284	ECO:0000255	Cytoplasmic	topological_domain
Q94887	36-1217	ECO:0000255	Extracellular	topological_domain
Q94900	23-245	ECO:0000250|UniProtKB:G5EBR3	Extracellular	topological_domain
Q94900	269-273	ECO:0000250|UniProtKB:G5EBR3	Cytoplasmic	topological_domain
Q94900	296-302	ECO:0000250|UniProtKB:G5EBR3	Extracellular	topological_domain
Q94900	324-426	ECO:0000250|UniProtKB:G5EBR3	Cytoplasmic	topological_domain
Q94900	451-456	ECO:0000250|UniProtKB:G5EBR3	Extracellular	topological_domain
Q95R48	1-21	ECO:0000255	Cytoplasmic	topological_domain
Q95R48	149-158	ECO:0000255	Cytoplasmic	topological_domain
Q95R48	180-189	ECO:0000255	Extracellular	topological_domain
Q95R48	211-219	ECO:0000255	Cytoplasmic	topological_domain
Q95R48	241-244	ECO:0000255	Extracellular	topological_domain
Q95R48	266-343	ECO:0000255	Cytoplasmic	topological_domain
Q95R48	365-371	ECO:0000255	Extracellular	topological_domain
Q95R48	393-400	ECO:0000255	Cytoplasmic	topological_domain
Q95R48	422-427	ECO:0000255	Extracellular	topological_domain
Q95R48	43-127	ECO:0000255	Extracellular	topological_domain
Q95R48	449-462	ECO:0000255	Cytoplasmic	topological_domain
Q95R48	484-489	ECO:0000255	Extracellular	topological_domain
Q95R48	511-567	ECO:0000255	Cytoplasmic	topological_domain
Q95RU0	27-531	ECO:0000255	Extracellular	topological_domain
Q95RU0	553-644	ECO:0000255	Cytoplasmic	topological_domain
Q95SP2	118-128	ECO:0000255	Lumenal	topological_domain
Q95SP2	150-167	ECO:0000255	Cytoplasmic	topological_domain
Q95SP2	16-38	ECO:0000255	Lumenal	topological_domain
Q95SP2	189-222	ECO:0000255	Lumenal	topological_domain
Q95SP2	244-626	ECO:0000255	Cytoplasmic	topological_domain
Q95SP2	60-96	ECO:0000255	Cytoplasmic	topological_domain
Q95ST2	1-13	ECO:0000250|UniProtKB:Q5T9L3	Cytoplasmic	topological_domain
Q95ST2	261-270	ECO:0000250|UniProtKB:Q5T9L3	Cytoplasmic	topological_domain
Q95ST2	292-311	ECO:0000250|UniProtKB:Q5T9L3	Lumenal	topological_domain
Q95ST2	333-344	ECO:0000250|UniProtKB:Q5T9L3	Cytoplasmic	topological_domain
Q95ST2	35-239	ECO:0000250|UniProtKB:Q5T9L3	Lumenal	topological_domain
Q95ST2	366-390	ECO:0000250|UniProtKB:Q5T9L3	Lumenal	topological_domain
Q95ST2	412-473	ECO:0000250|UniProtKB:Q5T9L3	Cytoplasmic	topological_domain
Q95ST2	495-514	ECO:0000250|UniProtKB:Q5T9L3	Lumenal	topological_domain
Q95ST2	536-594	ECO:0000250|UniProtKB:Q5T9L3	Cytoplasmic	topological_domain
Q95T12	1-34	ECO:0000305	Cytoplasmic	topological_domain
Q95T12	128-194	ECO:0000305	Extracellular	topological_domain
Q95T12	56-65	ECO:0000305	Extracellular	topological_domain
Q95T12	89-106	ECO:0000305	Cytoplasmic	topological_domain
Q95T64	1-127	ECO:0000255	Cytoplasmic	topological_domain
Q95T64	149-368	ECO:0000255	Extracellular	topological_domain
Q95TU8	31-440	ECO:0000255	Extracellular	topological_domain
Q95TU8	462-1072	ECO:0000255	Cytoplasmic	topological_domain
Q961C9	1-256	ECO:0000255	Cytoplasmic	topological_domain
Q961C9	275-277	ECO:0000255	Lumenal	topological_domain
Q961J5	1-23	ECO:0000305	Cytoplasmic	topological_domain
Q961J5	173-182	ECO:0000305	Cytoplasmic	topological_domain
Q961J5	204-212	ECO:0000305	Extracellular	topological_domain
Q961J5	234-243	ECO:0000305	Cytoplasmic	topological_domain
Q961J5	265-268	ECO:0000305	Extracellular	topological_domain
Q961J5	290-362	ECO:0000305	Cytoplasmic	topological_domain
Q961J5	384-390	ECO:0000305	Extracellular	topological_domain
Q961J5	412-418	ECO:0000305	Cytoplasmic	topological_domain
Q961J5	440-442	ECO:0000305	Extracellular	topological_domain
Q961J5	45-151	ECO:0000305	Extracellular	topological_domain
Q961J5	464-473	ECO:0000305	Cytoplasmic	topological_domain
Q961J5	495-501	ECO:0000305	Extracellular	topological_domain
Q961J5	523-604	ECO:0000305	Cytoplasmic	topological_domain
Q967D7	1-858	ECO:0000255	Extracellular	topological_domain
Q967D7	880-1531	ECO:0000255	Cytoplasmic	topological_domain
Q9GN97	1-88	ECO:0000255	Cytoplasmic	topological_domain
Q9GN97	112-282	ECO:0000255	Extracellular	topological_domain
Q9GNK5	1-291	ECO:0000255	Cytoplasmic	topological_domain
Q9GNK5	313-520	ECO:0000255	Extracellular	topological_domain
Q9GNL3	19-261	ECO:0000255	Extracellular	topological_domain
Q9GNL3	283-321	ECO:0000255	Cytoplasmic	topological_domain
Q9I7K5	204-216	ECO:0000255	Cytoplasmic	topological_domain
Q9I7K5	21-182	ECO:0000255	Lumenal	topological_domain
Q9I816	1-40	ECO:0000255	Cytoplasmic	topological_domain
Q9I816	149-171	ECO:0000255	Extracellular	topological_domain
Q9I816	193-254	ECO:0000255	Cytoplasmic	topological_domain
Q9I816	276-285	ECO:0000255	Extracellular	topological_domain
Q9I816	307-336	ECO:0000255	Cytoplasmic	topological_domain
Q9I816	358-387	ECO:0000255	Extracellular	topological_domain
Q9I816	62-71	ECO:0000255	Extracellular	topological_domain
Q9I816	93-127	ECO:0000255	Cytoplasmic	topological_domain
Q9NBW1	23-233	ECO:0000255	Extracellular	topological_domain
Q9NBW1	255-270	ECO:0000255	Cytoplasmic	topological_domain
Q9NBW1	292-322	ECO:0000255	Extracellular	topological_domain
Q9NBW1	344-386	ECO:0000255	Cytoplasmic	topological_domain
Q9NBW1	408-430	ECO:0000255	Extracellular	topological_domain
Q9NBW1	452-483	ECO:0000255	Cytoplasmic	topological_domain
Q9NBW1	505-529	ECO:0000255	Extracellular	topological_domain
Q9NBW1	551-705	ECO:0000255	Cytoplasmic	topological_domain
Q9NDM2	1-39	ECO:0000255	Extracellular	topological_domain
Q9NDM2	132-156	ECO:0000255	Cytoplasmic	topological_domain
Q9NDM2	178-202	ECO:0000255	Extracellular	topological_domain
Q9NDM2	224-268	ECO:0000255	Cytoplasmic	topological_domain
Q9NDM2	290-302	ECO:0000255	Extracellular	topological_domain
Q9NDM2	324-392	ECO:0000255	Cytoplasmic	topological_domain
Q9NDM2	61-73	ECO:0000255	Cytoplasmic	topological_domain
Q9NDM2	95-110	ECO:0000255	Extracellular	topological_domain
Q9NIV1	40-537	ECO:0000255	Lumenal	topological_domain
Q9NIV1	559-1162	ECO:0000255	Cytoplasmic	topological_domain
Q9U4G1	34-650	ECO:0000305	Extracellular	topological_domain
Q9U4G1	672-719	ECO:0000305	Cytoplasmic	topological_domain
Q9U4H5	247-249	ECO:0000305	Cytoplasmic	topological_domain
Q9U4H5	271-284	ECO:0000305	Extracellular	topological_domain
Q9U4H5	33-225	ECO:0000305	Extracellular	topological_domain
Q9U6A0	1-194	ECO:0000255	Extracellular	topological_domain
Q9U6A0	216-330	ECO:0000255	Cytoplasmic	topological_domain
Q9U6A0	352-375	ECO:0000255	Extracellular	topological_domain
Q9U6A0	397-402	ECO:0000255	Cytoplasmic	topological_domain
Q9U6A0	424-433	ECO:0000255	Extracellular	topological_domain
Q9U6A0	455-458	ECO:0000255	Cytoplasmic	topological_domain
Q9U6A0	480-720	ECO:0000255	Extracellular	topological_domain
Q9U6A0	742-756	ECO:0000255	Cytoplasmic	topological_domain
Q9U6A0	778-795	ECO:0000255	Extracellular	topological_domain
Q9U6A0	817-822	ECO:0000255	Cytoplasmic	topological_domain
Q9U6A0	844-852	ECO:0000255	Extracellular	topological_domain
Q9U6A0	874-881	ECO:0000255	Cytoplasmic	topological_domain
Q9U6B8	1-163	ECO:0000255	Cytoplasmic	topological_domain
Q9U6B8	182-191	ECO:0000255	Extracellular	topological_domain
Q9U6B8	213-248	ECO:0000255	Cytoplasmic	topological_domain
Q9U6B8	270-277	ECO:0000255	Extracellular	topological_domain
Q9U6B8	299-351	ECO:0000255	Cytoplasmic	topological_domain
Q9U6L4	1-47	ECO:0000255	Extracellular	topological_domain
Q9U6L4	111-219	ECO:0000255	Extracellular	topological_domain
Q9U6L4	241-246	ECO:0000255	Cytoplasmic	topological_domain
Q9U6L4	268-395	ECO:0000255	Extracellular	topological_domain
Q9U6L4	417-970	ECO:0000255	Cytoplasmic	topological_domain
Q9U6L4	69-89	ECO:0000255	Cytoplasmic	topological_domain
Q9U969	1-34	ECO:0000255	Lumenal	topological_domain
Q9U969	56-1425	ECO:0000255	Cytoplasmic	topological_domain
Q9V3L1	1-172	ECO:0000255	Cytoplasmic	topological_domain
Q9V3L1	193-1048	ECO:0000255	Lumenal	topological_domain
Q9V3N2	1-37	ECO:0000255	Cytoplasmic	topological_domain
Q9V3N2	152-165	ECO:0000255	Extracellular	topological_domain
Q9V3N2	187-247	ECO:0000255	Cytoplasmic	topological_domain
Q9V3N2	269-283	ECO:0000255	Extracellular	topological_domain
Q9V3N2	305-348	ECO:0000255	Cytoplasmic	topological_domain
Q9V3N2	370-384	ECO:0000255	Extracellular	topological_domain
Q9V3N2	59-65	ECO:0000255	Extracellular	topological_domain
Q9V3N2	87-130	ECO:0000255	Cytoplasmic	topological_domain
Q9V3Q2	1-35	ECO:0000255	Cytoplasmic	topological_domain
Q9V3Q2	161-177	ECO:0000255	Extracellular	topological_domain
Q9V3Q2	199-273	ECO:0000255	Cytoplasmic	topological_domain
Q9V3Q2	295-302	ECO:0000255	Extracellular	topological_domain
Q9V3Q2	324-379	ECO:0000255	Cytoplasmic	topological_domain
Q9V3Q2	401-409	ECO:0000255	Extracellular	topological_domain
Q9V3Q2	57-64	ECO:0000255	Extracellular	topological_domain
Q9V3Q2	86-139	ECO:0000255	Cytoplasmic	topological_domain
Q9V3W6	1-23	ECO:0000255	Cytoplasmic	topological_domain
Q9V3W6	134-283	ECO:0000255	Extracellular	topological_domain
Q9V3W6	305-438	ECO:0000255	Cytoplasmic	topological_domain
Q9V3W6	45-58	ECO:0000255	Extracellular	topological_domain
Q9V3W6	80-112	ECO:0000255	Cytoplasmic	topological_domain
Q9V3X4	19-55	ECO:0000255	Cytoplasmic	topological_domain
Q9V3X4	273-370	ECO:0000255	Cytoplasmic	topological_domain
Q9V3X4	77-251	ECO:0000255	Lumenal	topological_domain
Q9V3X5	1	ECO:0000305	Cytoplasmic	topological_domain
Q9V3X5	130-139	ECO:0000305	Extracellular	topological_domain
Q9V3X5	161-164	ECO:0000305	Cytoplasmic	topological_domain
Q9V3X5	186-208	ECO:0000305	Extracellular	topological_domain
Q9V3X5	23-34	ECO:0000305	Extracellular	topological_domain
Q9V3X5	230-249	ECO:0000305	Cytoplasmic	topological_domain
Q9V3X5	271-291	ECO:0000305	Extracellular	topological_domain
Q9V3X5	313-510	ECO:0000305	Cytoplasmic	topological_domain
Q9V3X5	532-533	ECO:0000305	Extracellular	topological_domain
Q9V3X5	555-562	ECO:0000305	Cytoplasmic	topological_domain
Q9V3X5	56-108	ECO:0000305	Cytoplasmic	topological_domain
Q9V3X5	581-938	ECO:0000305	Extracellular	topological_domain
Q9V422	230-584	ECO:0000255	Cytoplasmic	topological_domain
Q9V422	41-208	ECO:0000255	Extracellular	topological_domain
Q9V427	1-22	ECO:0000255	Cytoplasmic	topological_domain
Q9V427	131-179	ECO:0000255	Cytoplasmic	topological_domain
Q9V427	201-266	ECO:0000255	Extracellular	topological_domain
Q9V427	288-367	ECO:0000255	Cytoplasmic	topological_domain
Q9V427	44-109	ECO:0000255	Extracellular	topological_domain
Q9V477	1043-1346	ECO:0000305	Cytoplasmic	topological_domain
Q9V477	22-1021	ECO:0000305	Extracellular	topological_domain
Q9V498	27-876	ECO:0000255	Extracellular	topological_domain
Q9V498	898-978	ECO:0000255	Cytoplasmic	topological_domain
Q9V4A7	1402-2051	ECO:0000255	Cytoplasmic	topological_domain
Q9V4A7	34-1380	ECO:0000255	Extracellular	topological_domain
Q9V4K2	1-37	ECO:0000269|PubMed:38305684, ECO:0007744|PDB:8JM9	Cytoplasmic	topological_domain
Q9V4K2	159-168	ECO:0000269|PubMed:38305684, ECO:0007744|PDB:8JM9	Extracellular	topological_domain
Q9V4K2	194-293	ECO:0000269|PubMed:38305684, ECO:0007744|PDB:8JM9	Cytoplasmic	topological_domain
Q9V4K2	317-324	ECO:0000269|PubMed:38305684, ECO:0007744|PDB:8JM9	Extracellular	topological_domain
Q9V4K2	347-402	ECO:0000269|PubMed:38305684, ECO:0007744|PDB:8JM9	Cytoplasmic	topological_domain
Q9V4K2	424-427	ECO:0000269|PubMed:38305684, ECO:0007744|PDB:8JM9	Extracellular	topological_domain
Q9V4K2	64-75	ECO:0000269|PubMed:38305684, ECO:0007744|PDB:8JM9	Extracellular	topological_domain
Q9V4K2	97-135	ECO:0000269|PubMed:38305684, ECO:0007744|PDB:8JM9	Cytoplasmic	topological_domain
Q9V4Q0	1-31	ECO:0000250	Cytoplasmic	topological_domain
Q9V4Q0	101-110	ECO:0000250	Cytoplasmic	topological_domain
Q9V4Q0	132-168	ECO:0000250	Extracellular	topological_domain
Q9V4Q0	190-277	ECO:0000250	Cytoplasmic	topological_domain
Q9V4Q0	299-306	ECO:0000250	Extracellular	topological_domain
Q9V4Q0	328-396	ECO:0000250	Cytoplasmic	topological_domain
Q9V4Q0	418-430	ECO:0000250	Extracellular	topological_domain
Q9V4Q0	53-79	ECO:0000250	Extracellular	topological_domain
Q9V568	1-30	ECO:0000255	Cytoplasmic	topological_domain
Q9V568	151-173	ECO:0000255	Cytoplasmic	topological_domain
Q9V568	195-197	ECO:0000255	Extracellular	topological_domain
Q9V568	219-249	ECO:0000255	Cytoplasmic	topological_domain
Q9V568	271-285	ECO:0000255	Extracellular	topological_domain
Q9V568	307-342	ECO:0000255	Cytoplasmic	topological_domain
Q9V568	364-378	ECO:0000255	Extracellular	topological_domain
Q9V568	52-129	ECO:0000255	Extracellular	topological_domain
Q9V589	1-39	ECO:0000255	Cytoplasmic	topological_domain
Q9V589	157-200	ECO:0000255	Extracellular	topological_domain
Q9V589	222-276	ECO:0000255	Cytoplasmic	topological_domain
Q9V589	298-301	ECO:0000255	Extracellular	topological_domain
Q9V589	323-369	ECO:0000255	Cytoplasmic	topological_domain
Q9V589	391-396	ECO:0000255	Extracellular	topological_domain
Q9V589	61-73	ECO:0000255	Extracellular	topological_domain
Q9V589	95-135	ECO:0000255	Cytoplasmic	topological_domain
Q9V5E1	34-458	ECO:0000255	Extracellular	topological_domain
Q9V5E1	480-541	ECO:0000255	Cytoplasmic	topological_domain
Q9V5N8	2838-2845	ECO:0000255	Cytoplasmic	topological_domain
Q9V5N8	2867-2883	ECO:0000255	Extracellular	topological_domain
Q9V5N8	2905-2919	ECO:0000255	Cytoplasmic	topological_domain
Q9V5N8	2941-2959	ECO:0000255	Extracellular	topological_domain
Q9V5N8	2981-3000	ECO:0000255	Cytoplasmic	topological_domain
Q9V5N8	30-2816	ECO:0000255	Extracellular	topological_domain
Q9V5N8	3022-3031	ECO:0000255	Extracellular	topological_domain
Q9V5N8	3053-3579	ECO:0000255	Cytoplasmic	topological_domain
Q9V5Z7	1-26	ECO:0000255	Cytoplasmic	topological_domain
Q9V5Z7	116-132	ECO:0000255	Extracellular	topological_domain
Q9V5Z7	154-163	ECO:0000255	Cytoplasmic	topological_domain
Q9V5Z7	185-205	ECO:0000255	Extracellular	topological_domain
Q9V5Z7	227-245	ECO:0000255	Cytoplasmic	topological_domain
Q9V5Z7	47-51	ECO:0000255	Extracellular	topological_domain
Q9V5Z7	73-94	ECO:0000255	Cytoplasmic	topological_domain
Q9V668	1-32	ECO:0000255	Cytoplasmic	topological_domain
Q9V668	62-68	ECO:0000255	Extracellular	topological_domain
Q9V6A9	1-6	ECO:0000255	Cytoplasmic	topological_domain
Q9V6A9	163-209	ECO:0000255	Cytoplasmic	topological_domain
Q9V6A9	231-266	ECO:0000255	Extracellular	topological_domain
Q9V6A9	28-34	ECO:0000255	Extracellular	topological_domain
Q9V6A9	288-296	ECO:0000255	Cytoplasmic	topological_domain
Q9V6A9	318-396	ECO:0000255	Extracellular	topological_domain
Q9V6A9	56-70	ECO:0000255	Cytoplasmic	topological_domain
Q9V6A9	92-141	ECO:0000255	Extracellular	topological_domain
Q9V6G5	1-137	ECO:0000250|UniProtKB:Q16635	Mitochondrial intermembrane	topological_domain
Q9V6G5	159-378	ECO:0000250|UniProtKB:Q16635	Mitochondrial intermembrane	topological_domain
Q9V6H2	1-28	ECO:0000255	Cytoplasmic	topological_domain
Q9V6H2	143-176	ECO:0000255	Extracellular	topological_domain
Q9V6H2	198-251	ECO:0000255	Cytoplasmic	topological_domain
Q9V6H2	273-278	ECO:0000255	Extracellular	topological_domain
Q9V6H2	300-342	ECO:0000255	Cytoplasmic	topological_domain
Q9V6H2	364-375	ECO:0000255	Extracellular	topological_domain
Q9V6H2	50-60	ECO:0000255	Extracellular	topological_domain
Q9V6H2	78-121	ECO:0000255	Cytoplasmic	topological_domain
Q9V6K3	344-724	ECO:0000255	Cytoplasmic	topological_domain
Q9V6K3	42-322	ECO:0000255	Extracellular	topological_domain
Q9V730	1-6	ECO:0000255	Cytoplasmic	topological_domain
Q9V730	26-760	ECO:0000255	Lumenal	topological_domain
Q9V7A4	1007-1069	ECO:0000255	Cytoplasmic	topological_domain
Q9V7A4	19-985	ECO:0000255	Extracellular	topological_domain
Q9V7H4	1071-1567	ECO:0000305	Cytoplasmic	topological_domain
Q9V7H4	33-1049	ECO:0000305	Lumenal	topological_domain
Q9V7W1	1-7	ECO:0000255	Cytoplasmic	topological_domain
Q9V7W1	104-109	ECO:0000255	Cytoplasmic	topological_domain
Q9V7W1	131-148	ECO:0000255	Lumenal	topological_domain
Q9V7W1	170-196	ECO:0000255	Cytoplasmic	topological_domain
Q9V7W1	218-235	ECO:0000255	Lumenal	topological_domain
Q9V7W1	257-368	ECO:0000255	Cytoplasmic	topological_domain
Q9V7W1	29-82	ECO:0000255	Lumenal	topological_domain
Q9V7W1	390-423	ECO:0000255	Lumenal	topological_domain
Q9V7W1	445-449	ECO:0000255	Cytoplasmic	topological_domain
Q9V7Y2	1-26	ECO:0000255	Lumenal	topological_domain
Q9V7Y2	48-545	ECO:0000255	Cytoplasmic	topological_domain
Q9V817	19-212	ECO:0000255	Extracellular	topological_domain
Q9V817	234-242	ECO:0000255	Cytoplasmic	topological_domain
Q9V817	264-272	ECO:0000255	Extracellular	topological_domain
Q9V817	294-319	ECO:0000255	Cytoplasmic	topological_domain
Q9V817	341-363	ECO:0000255	Extracellular	topological_domain
Q9V817	385-414	ECO:0000255	Cytoplasmic	topological_domain
Q9V817	436-459	ECO:0000255	Extracellular	topological_domain
Q9V817	481-517	ECO:0000255	Cytoplasmic	topological_domain
Q9V818	22-215	ECO:0000255	Extracellular	topological_domain
Q9V818	237-245	ECO:0000255	Cytoplasmic	topological_domain
Q9V818	267-273	ECO:0000255	Extracellular	topological_domain
Q9V818	295-317	ECO:0000255	Cytoplasmic	topological_domain
Q9V818	339-366	ECO:0000255	Extracellular	topological_domain
Q9V818	388-422	ECO:0000255	Cytoplasmic	topological_domain
Q9V818	444-452	ECO:0000255	Extracellular	topological_domain
Q9V818	474-511	ECO:0000255	Cytoplasmic	topological_domain
Q9V8Y7	1-41	ECO:0000255	Cytoplasmic	topological_domain
Q9V8Y7	159-196	ECO:0000255	Extracellular	topological_domain
Q9V8Y7	218-292	ECO:0000255	Cytoplasmic	topological_domain
Q9V8Y7	314-323	ECO:0000255	Extracellular	topological_domain
Q9V8Y7	345-389	ECO:0000255	Cytoplasmic	topological_domain
Q9V8Y7	411-419	ECO:0000255	Extracellular	topological_domain
Q9V8Y7	63-76	ECO:0000255	Extracellular	topological_domain
Q9V8Y7	98-137	ECO:0000255	Cytoplasmic	topological_domain
Q9V969	1-13	ECO:0000250	Cytoplasmic	topological_domain
Q9V969	105-143	ECO:0000250	Extracellular	topological_domain
Q9V969	165-171	ECO:0000250	Cytoplasmic	topological_domain
Q9V969	193-295	ECO:0000250	Extracellular	topological_domain
Q9V969	317-374	ECO:0000250	Cytoplasmic	topological_domain
Q9V969	35-48	ECO:0000250	Extracellular	topological_domain
Q9V969	396-416	ECO:0000250	Extracellular	topological_domain
Q9V969	70-83	ECO:0000250	Cytoplasmic	topological_domain
Q9V9I2	1-44	ECO:0000255	Cytoplasmic	topological_domain
Q9V9I2	108-142	ECO:0000255	Cytoplasmic	topological_domain
Q9V9I2	164-181	ECO:0000255	Extracellular	topological_domain
Q9V9I2	203-271	ECO:0000255	Cytoplasmic	topological_domain
Q9V9I2	293-298	ECO:0000255	Extracellular	topological_domain
Q9V9I2	320-359	ECO:0000255	Cytoplasmic	topological_domain
Q9V9I2	381-406	ECO:0000255	Extracellular	topological_domain
Q9V9I2	66-86	ECO:0000255	Extracellular	topological_domain
Q9V9I4	1-45	ECO:0000255	Cytoplasmic	topological_domain
Q9V9I4	105-140	ECO:0000255	Cytoplasmic	topological_domain
Q9V9I4	162-178	ECO:0000255	Extracellular	topological_domain
Q9V9I4	200-268	ECO:0000255	Cytoplasmic	topological_domain
Q9V9I4	290-292	ECO:0000255	Extracellular	topological_domain
Q9V9I4	314-356	ECO:0000255	Cytoplasmic	topological_domain
Q9V9I4	378-399	ECO:0000255	Extracellular	topological_domain
Q9V9I4	67-83	ECO:0000255	Extracellular	topological_domain
Q9V9N1	20-369	ECO:0000305	Extracellular	topological_domain
Q9V9N1	391-465	ECO:0000305	Cytoplasmic	topological_domain
Q9V9N1	487-688	ECO:0000305	Extracellular	topological_domain
Q9V9N1	710-732	ECO:0000305	Cytoplasmic	topological_domain
Q9V9P3	1-57	ECO:0000255	Mitochondrial matrix	topological_domain
Q9V9P3	78-343	ECO:0000255	Mitochondrial intermembrane	topological_domain
Q9V9Y4	19-300	ECO:0000305	Extracellular	topological_domain
Q9V9Y4	322-327	ECO:0000305	Cytoplasmic	topological_domain
Q9V9Y4	348-360	ECO:0000305	Extracellular	topological_domain
Q9V9Y4	382-505	ECO:0000305	Cytoplasmic	topological_domain
Q9VA73	2-345	ECO:0000250|UniProtKB:O75746	Mitochondrial intermembrane	topological_domain
Q9VA73	364-405	ECO:0000250|UniProtKB:O75746	Mitochondrial matrix	topological_domain
Q9VA73	426-448	ECO:0000250|UniProtKB:O75746	Mitochondrial intermembrane	topological_domain
Q9VA73	463-497	ECO:0000250|UniProtKB:O75746	Mitochondrial matrix	topological_domain
Q9VA73	518-536	ECO:0000250|UniProtKB:O75746	Mitochondrial intermembrane	topological_domain
Q9VA73	555-593	ECO:0000250|UniProtKB:O75746	Mitochondrial matrix	topological_domain
Q9VA73	614-695	ECO:0000250|UniProtKB:O75746	Mitochondrial intermembrane	topological_domain
Q9VAC5	212-662	ECO:0000255	Extracellular	topological_domain
Q9VAC5	684-732	ECO:0000255	Cytoplasmic	topological_domain
Q9VAF5	1417-1706	ECO:0000305	Cytoplasmic	topological_domain
Q9VAF5	29-1395	ECO:0000305	Extracellular	topological_domain
Q9VAL0	1-18	ECO:0000250|UniProtKB:P83362	Cytoplasmic	topological_domain
Q9VAL0	39-42	ECO:0000250|UniProtKB:P83362	Lumenal	topological_domain
Q9VAL0	66-98	ECO:0000250|UniProtKB:P83362	Cytoplasmic	topological_domain
Q9VAM6	1-35	ECO:0000255	Lumenal	topological_domain
Q9VAM6	59-133	ECO:0000255	Cytoplasmic	topological_domain
Q9VAQ8	1-14	ECO:0000305	Cytoplasmic	topological_domain
Q9VAQ8	36-323	ECO:0000305	Lumenal	topological_domain
Q9VAS7	1-37	ECO:0000255	Cytoplasmic	topological_domain
Q9VAS7	136-183	ECO:0000255	Cytoplasmic	topological_domain
Q9VAS7	205-272	ECO:0000255	Extracellular	topological_domain
Q9VAS7	294-395	ECO:0000255	Cytoplasmic	topological_domain
Q9VAS7	59-114	ECO:0000255	Extracellular	topological_domain
Q9VAW0	1-34	ECO:0000255	Cytoplasmic	topological_domain
Q9VAW0	150-177	ECO:0000255	Extracellular	topological_domain
Q9VAW0	199-258	ECO:0000255	Cytoplasmic	topological_domain
Q9VAW0	280-284	ECO:0000255	Extracellular	topological_domain
Q9VAW0	306-329	ECO:0000255	Cytoplasmic	topological_domain
Q9VAW0	351-384	ECO:0000255	Extracellular	topological_domain
Q9VAW0	56-66	ECO:0000255	Extracellular	topological_domain
Q9VAW0	88-128	ECO:0000255	Cytoplasmic	topological_domain
Q9VAZ3	1-43	ECO:0000255	Cytoplasmic	topological_domain
Q9VAZ3	160-192	ECO:0000255	Extracellular	topological_domain
Q9VAZ3	214-266	ECO:0000255	Cytoplasmic	topological_domain
Q9VAZ3	288-293	ECO:0000255	Extracellular	topological_domain
Q9VAZ3	315-354	ECO:0000255	Cytoplasmic	topological_domain
Q9VAZ3	376-397	ECO:0000255	Extracellular	topological_domain
Q9VAZ3	65-77	ECO:0000255	Extracellular	topological_domain
Q9VAZ3	99-138	ECO:0000255	Cytoplasmic	topological_domain
Q9VB26	1-11	ECO:0000250	Cytoplasmic	topological_domain
Q9VB26	105-144	ECO:0000250	Extracellular	topological_domain
Q9VB26	166-191	ECO:0000250	Cytoplasmic	topological_domain
Q9VB26	213-259	ECO:0000250	Extracellular	topological_domain
Q9VB26	281-365	ECO:0000250	Cytoplasmic	topological_domain
Q9VB26	33-48	ECO:0000250	Extracellular	topological_domain
Q9VB26	387-403	ECO:0000250	Extracellular	topological_domain
Q9VB26	70-83	ECO:0000250	Cytoplasmic	topological_domain
Q9VB30	1-31	ECO:0000250	Cytoplasmic	topological_domain
Q9VB30	150-173	ECO:0000250	Extracellular	topological_domain
Q9VB30	195-239	ECO:0000250	Cytoplasmic	topological_domain
Q9VB30	261-272	ECO:0000250	Extracellular	topological_domain
Q9VB30	294-347	ECO:0000250	Cytoplasmic	topological_domain
Q9VB30	369-391	ECO:0000250	Extracellular	topological_domain
Q9VB30	53-74	ECO:0000250	Extracellular	topological_domain
Q9VB30	96-128	ECO:0000250	Cytoplasmic	topological_domain
Q9VB46	1-6	ECO:0000305	Cytoplasmic	topological_domain
Q9VB46	30-579	ECO:0000305	Extracellular	topological_domain
Q9VBL5	1-6	ECO:0000305	Cytoplasmic	topological_domain
Q9VBL5	30-395	ECO:0000305	Extracellular	topological_domain
Q9VBW0	1-100	ECO:0000250|UniProtKB:Q9NPB0	Cytoplasmic	topological_domain
Q9VBW0	122-177	ECO:0000250|UniProtKB:Q9NPB0	Cytoplasmic	topological_domain
Q9VBW3	337-773	ECO:0000255	Cytoplasmic	topological_domain
Q9VBW3	49-315	ECO:0000255	Extracellular	topological_domain
Q9VBZ9	1-9	ECO:0000305	Cytoplasmic	topological_domain
Q9VBZ9	31-322	ECO:0000305	Lumenal	topological_domain
Q9VC27	23-654	ECO:0000255	Extracellular	topological_domain
Q9VC27	676-695	ECO:0000255	Cytoplasmic	topological_domain
Q9VC35	1-22	ECO:0000305	Extracellular	topological_domain
Q9VC35	139-160	ECO:0000305	Cytoplasmic	topological_domain
Q9VC35	182-194	ECO:0000305	Extracellular	topological_domain
Q9VC35	216-341	ECO:0000305	Cytoplasmic	topological_domain
Q9VC35	363-395	ECO:0000305	Extracellular	topological_domain
Q9VC35	417-433	ECO:0000305	Cytoplasmic	topological_domain
Q9VC35	44-65	ECO:0000305	Cytoplasmic	topological_domain
Q9VC35	455-468	ECO:0000305	Extracellular	topological_domain
Q9VC35	490-527	ECO:0000305	Cytoplasmic	topological_domain
Q9VC35	87-117	ECO:0000305	Extracellular	topological_domain
Q9VC57	1-424	ECO:0000250|UniProtKB:Q8WXF7	Cytoplasmic	topological_domain
Q9VC57	446-448	ECO:0000250|UniProtKB:Q8WXF7	Lumenal	topological_domain
Q9VC57	470-541	ECO:0000250|UniProtKB:Q8WXF7	Cytoplasmic	topological_domain
Q9VCA2	1-22	ECO:0000255	Cytoplasmic	topological_domain
Q9VCA2	149-158	ECO:0000255	Cytoplasmic	topological_domain
Q9VCA2	180-189	ECO:0000255	Extracellular	topological_domain
Q9VCA2	211-219	ECO:0000255	Cytoplasmic	topological_domain
Q9VCA2	241-244	ECO:0000255	Extracellular	topological_domain
Q9VCA2	266-337	ECO:0000255	Cytoplasmic	topological_domain
Q9VCA2	359-366	ECO:0000255	Extracellular	topological_domain
Q9VCA2	388-395	ECO:0000255	Cytoplasmic	topological_domain
Q9VCA2	417-419	ECO:0000255	Extracellular	topological_domain
Q9VCA2	44-127	ECO:0000255	Extracellular	topological_domain
Q9VCA2	441-453	ECO:0000255	Cytoplasmic	topological_domain
Q9VCA2	475-482	ECO:0000255	Extracellular	topological_domain
Q9VCA2	504-548	ECO:0000255	Cytoplasmic	topological_domain
Q9VCA9	1-12	ECO:0000250|UniProtKB:P61008	Cytoplasmic	topological_domain
Q9VCA9	34-179	ECO:0000250|UniProtKB:P61008	Lumenal	topological_domain
Q9VCG4	1-21	ECO:0000255	Cytoplasmic	topological_domain
Q9VCG4	128-144	ECO:0000255	Perinuclear space	topological_domain
Q9VCG4	166-200	ECO:0000255	Cytoplasmic	topological_domain
Q9VCG4	222-239	ECO:0000255	Perinuclear space	topological_domain
Q9VCG4	261-578	ECO:0000255	Cytoplasmic	topological_domain
Q9VCG4	43-60	ECO:0000255	Perinuclear space	topological_domain
Q9VCG4	82-106	ECO:0000255	Cytoplasmic	topological_domain
Q9VCI5	1-71	ECO:0000255	Mitochondrial matrix	topological_domain
Q9VCI5	123-135	ECO:0000255	Mitochondrial matrix	topological_domain
Q9VCI5	158-182	ECO:0000255	Mitochondrial intermembrane	topological_domain
Q9VCI5	97-101	ECO:0000255	Mitochondrial intermembrane	topological_domain
Q9VCR7	148-167	ECO:0000305	Cytoplasmic	topological_domain
Q9VCR7	189-210	ECO:0000305	Lumenal	topological_domain
Q9VCR7	232-239	ECO:0000305	Cytoplasmic	topological_domain
Q9VCR7	25-126	ECO:0000305	Lumenal	topological_domain
Q9VCR7	261-263	ECO:0000305	Lumenal	topological_domain
Q9VCR7	285-302	ECO:0000305	Cytoplasmic	topological_domain
Q9VCR7	324-340	ECO:0000305	Lumenal	topological_domain
Q9VCR7	362-397	ECO:0000305	Cytoplasmic	topological_domain
Q9VCS8	1-41	ECO:0000255	Cytoplasmic	topological_domain
Q9VCS8	152-174	ECO:0000255	Extracellular	topological_domain
Q9VCS8	196-250	ECO:0000255	Cytoplasmic	topological_domain
Q9VCS8	272-284	ECO:0000255	Extracellular	topological_domain
Q9VCS8	306-358	ECO:0000255	Cytoplasmic	topological_domain
Q9VCS8	380-383	ECO:0000255	Extracellular	topological_domain
Q9VCS8	63-70	ECO:0000255	Extracellular	topological_domain
Q9VCS8	92-130	ECO:0000255	Cytoplasmic	topological_domain
Q9VCS9	1-45	ECO:0000255	Cytoplasmic	topological_domain
Q9VCS9	155-191	ECO:0000255	Extracellular	topological_domain
Q9VCS9	213-255	ECO:0000255	Cytoplasmic	topological_domain
Q9VCS9	277-290	ECO:0000255	Extracellular	topological_domain
Q9VCS9	312-362	ECO:0000255	Cytoplasmic	topological_domain
Q9VCS9	384-387	ECO:0000255	Extracellular	topological_domain
Q9VCS9	67-75	ECO:0000255	Extracellular	topological_domain
Q9VCS9	97-133	ECO:0000255	Cytoplasmic	topological_domain
Q9VCY8	1-204	ECO:0000255	Cytoplasmic	topological_domain
Q9VCY8	226-237	ECO:0000255	Extracellular	topological_domain
Q9VCY8	259-276	ECO:0000255	Cytoplasmic	topological_domain
Q9VCY8	298-302	ECO:0000255	Extracellular	topological_domain
Q9VCY8	324-334	ECO:0000255	Cytoplasmic	topological_domain
Q9VCY8	356-365	ECO:0000255	Extracellular	topological_domain
Q9VCY8	387-405	ECO:0000255	Cytoplasmic	topological_domain
Q9VCY8	427-444	ECO:0000255	Extracellular	topological_domain
Q9VCZ3	1-111	ECO:0000255	Extracellular	topological_domain
Q9VCZ3	133-139	ECO:0000255	Cytoplasmic	topological_domain
Q9VCZ3	161-186	ECO:0000255	Extracellular	topological_domain
Q9VCZ3	210-223	ECO:0000255	Cytoplasmic	topological_domain
Q9VCZ3	245-270	ECO:0000255	Extracellular	topological_domain
Q9VCZ3	292-351	ECO:0000255	Cytoplasmic	topological_domain
Q9VCZ3	373-383	ECO:0000255	Extracellular	topological_domain
Q9VCZ3	405-508	ECO:0000255	Cytoplasmic	topological_domain
Q9VD73	1-120	ECO:0000255	Cytoplasmic	topological_domain
Q9VD73	138-228	ECO:0000255	Extracellular	topological_domain
Q9VD74	1-12	ECO:0000250	Cytoplasmic	topological_domain
Q9VD74	109-141	ECO:0000250	Cytoplasmic	topological_domain
Q9VD74	163-179	ECO:0000250	Extracellular	topological_domain
Q9VD74	201-266	ECO:0000250	Cytoplasmic	topological_domain
Q9VD74	288-295	ECO:0000250	Extracellular	topological_domain
Q9VD74	317-371	ECO:0000250	Cytoplasmic	topological_domain
Q9VD74	34-87	ECO:0000250	Extracellular	topological_domain
Q9VD74	393-397	ECO:0000250	Extracellular	topological_domain
Q9VD76	1-55	ECO:0000250	Cytoplasmic	topological_domain
Q9VD76	112-145	ECO:0000250	Cytoplasmic	topological_domain
Q9VD76	167-184	ECO:0000250	Extracellular	topological_domain
Q9VD76	206-277	ECO:0000250	Cytoplasmic	topological_domain
Q9VD76	299-305	ECO:0000250	Extracellular	topological_domain
Q9VD76	327-383	ECO:0000250	Cytoplasmic	topological_domain
Q9VD76	405-419	ECO:0000250	Extracellular	topological_domain
Q9VD76	77-90	ECO:0000250	Extracellular	topological_domain
Q9VDD1	1-2	ECO:0000305	Lumenal	topological_domain
Q9VDD1	24-309	ECO:0000305	Cytoplasmic	topological_domain
Q9VDD3	1-7	ECO:0000255	Cytoplasmic	topological_domain
Q9VDD3	29-459	ECO:0000255	Extracellular	topological_domain
Q9VDD3	481-551	ECO:0000255	Cytoplasmic	topological_domain
Q9VDD7	1-6	ECO:0000250|UniProtKB:P78383	Cytoplasmic	topological_domain
Q9VDD7	105-107	ECO:0000250|UniProtKB:P78383	Lumenal	topological_domain
Q9VDD7	131-136	ECO:0000250|UniProtKB:P78383	Cytoplasmic	topological_domain
Q9VDD7	156-172	ECO:0000250|UniProtKB:P78383	Lumenal	topological_domain
Q9VDD7	189-203	ECO:0000250|UniProtKB:P78383	Cytoplasmic	topological_domain
Q9VDD7	222-237	ECO:0000250|UniProtKB:P78383	Lumenal	topological_domain
Q9VDD7	259-265	ECO:0000250|UniProtKB:P78383	Cytoplasmic	topological_domain
Q9VDD7	28-50	ECO:0000250|UniProtKB:P78383	Lumenal	topological_domain
Q9VDD7	287-292	ECO:0000250|UniProtKB:P78383	Lumenal	topological_domain
Q9VDD7	313-338	ECO:0000250|UniProtKB:P78383	Cytoplasmic	topological_domain
Q9VDD7	72-83	ECO:0000250|UniProtKB:P78383	Cytoplasmic	topological_domain
Q9VDG5	142-179	ECO:0000305	Cytoplasmic	topological_domain
Q9VDG5	201-216	ECO:0000305	Extracellular	topological_domain
Q9VDG5	23-120	ECO:0000305	Extracellular	topological_domain
Q9VDG5	238-257	ECO:0000305	Cytoplasmic	topological_domain
Q9VDG5	300-749	ECO:0000305	Cytoplasmic	topological_domain
Q9VDG5	771-775	ECO:0000305	Extracellular	topological_domain
Q9VDG5	797-813	ECO:0000305	Cytoplasmic	topological_domain
Q9VDG5	835-848	ECO:0000305	Extracellular	topological_domain
Q9VDG5	870-883	ECO:0000305	Cytoplasmic	topological_domain
Q9VDG5	905-923	ECO:0000305	Extracellular	topological_domain
Q9VDG5	945-950	ECO:0000305	Cytoplasmic	topological_domain
Q9VDH6	29-565	ECO:0000305	Extracellular	topological_domain
Q9VDH6	587-642	ECO:0000305	Cytoplasmic	topological_domain
Q9VDH6	664-832	ECO:0000305	Extracellular	topological_domain
Q9VDH6	854-868	ECO:0000305	Cytoplasmic	topological_domain
Q9VDM1	1-52	ECO:0000255	Cytoplasmic	topological_domain
Q9VDM1	166-209	ECO:0000255	Extracellular	topological_domain
Q9VDM1	231-276	ECO:0000255	Cytoplasmic	topological_domain
Q9VDM1	302-310	ECO:0000255	Extracellular	topological_domain
Q9VDM1	332-378	ECO:0000255	Cytoplasmic	topological_domain
Q9VDM1	400-408	ECO:0000255	Extracellular	topological_domain
Q9VDM1	74	ECO:0000255	Extracellular	topological_domain
Q9VDM1	96-144	ECO:0000255	Cytoplasmic	topological_domain
Q9VE46	141-158	ECO:0000255	Extracellular	topological_domain
Q9VE46	180-185	ECO:0000255	Cytoplasmic	topological_domain
Q9VE46	207-225	ECO:0000255	Extracellular	topological_domain
Q9VE46	247-262	ECO:0000255	Cytoplasmic	topological_domain
Q9VE46	27-44	ECO:0000255	Cytoplasmic	topological_domain
Q9VE46	284-305	ECO:0000255	Extracellular	topological_domain
Q9VE46	327-364	ECO:0000255	Cytoplasmic	topological_domain
Q9VE46	386-394	ECO:0000255	Extracellular	topological_domain
Q9VE46	416-424	ECO:0000255	Cytoplasmic	topological_domain
Q9VE46	446-467	ECO:0000255	Extracellular	topological_domain
Q9VE46	489-614	ECO:0000255	Cytoplasmic	topological_domain
Q9VE46	66-75	ECO:0000255	Extracellular	topological_domain
Q9VE46	97-119	ECO:0000255	Cytoplasmic	topological_domain
Q9VE50	1-211	ECO:0000255	Cytoplasmic	topological_domain
Q9VEG9	1-2	ECO:0000255	Nuclear	topological_domain
Q9VEG9	114-132	ECO:0000255	Perinuclear space	topological_domain
Q9VEG9	162-188	ECO:0000255	Nuclear	topological_domain
Q9VEG9	208-213	ECO:0000255	Perinuclear space	topological_domain
Q9VEG9	232-253	ECO:0000255	Nuclear	topological_domain
Q9VEG9	31-56	ECO:0000255	Perinuclear space	topological_domain
Q9VEG9	79-96	ECO:0000255	Nuclear	topological_domain
Q9VEU0	1-38	ECO:0000250	Cytoplasmic	topological_domain
Q9VEU0	148-166	ECO:0000250	Extracellular	topological_domain
Q9VEU0	188-223	ECO:0000250	Cytoplasmic	topological_domain
Q9VEU0	245-255	ECO:0000250	Extracellular	topological_domain
Q9VEU0	277-333	ECO:0000250	Cytoplasmic	topological_domain
Q9VEU0	355-362	ECO:0000250	Extracellular	topological_domain
Q9VEU0	60-74	ECO:0000250	Extracellular	topological_domain
Q9VEU0	96-126	ECO:0000250	Cytoplasmic	topological_domain
Q9VEU1	1905-2240	ECO:0000255	Cytoplasmic	topological_domain
Q9VEU1	?-1883	ECO:0000255	Extracellular	topological_domain
Q9VF81	1-17	ECO:0000305	Cytoplasmic	topological_domain
Q9VF81	113-135	ECO:0000305	Cytoplasmic	topological_domain
Q9VF81	157-158	ECO:0000305	Extracellular	topological_domain
Q9VF81	180-185	ECO:0000305	Cytoplasmic	topological_domain
Q9VF81	207-235	ECO:0000305	Extracellular	topological_domain
Q9VF81	257-285	ECO:0000305	Cytoplasmic	topological_domain
Q9VF81	307-314	ECO:0000305	Extracellular	topological_domain
Q9VF81	336-346	ECO:0000305	Cytoplasmic	topological_domain
Q9VF81	368-370	ECO:0000305	Extracellular	topological_domain
Q9VF81	39-91	ECO:0000305	Extracellular	topological_domain
Q9VF81	392-400	ECO:0000305	Cytoplasmic	topological_domain
Q9VF81	419-705	ECO:0000305	Extracellular	topological_domain
Q9VFN2	1-26	ECO:0000255	Cytoplasmic	topological_domain
Q9VFN2	164-191	ECO:0000255	Extracellular	topological_domain
Q9VFN2	213-277	ECO:0000255	Cytoplasmic	topological_domain
Q9VFN2	299-303	ECO:0000255	Extracellular	topological_domain
Q9VFN2	325-370	ECO:0000255	Cytoplasmic	topological_domain
Q9VFN2	392-401	ECO:0000255	Extracellular	topological_domain
Q9VFN2	48-52	ECO:0000255	Extracellular	topological_domain
Q9VFN2	74-142	ECO:0000255	Cytoplasmic	topological_domain
Q9VGG5	1797-1975	ECO:0000255	Cytoplasmic	topological_domain
Q9VGG5	18-1775	ECO:0000255	Extracellular	topological_domain
Q9VGG8	1-219	ECO:0000255	Extracellular	topological_domain
Q9VGG8	241-246	ECO:0000255	Cytoplasmic	topological_domain
Q9VGG8	268-276	ECO:0000255	Extracellular	topological_domain
Q9VGG8	298-327	ECO:0000255	Cytoplasmic	topological_domain
Q9VGG8	349-366	ECO:0000255	Extracellular	topological_domain
Q9VGG8	388-411	ECO:0000255	Cytoplasmic	topological_domain
Q9VGG8	433-438	ECO:0000255	Extracellular	topological_domain
Q9VGG8	460-496	ECO:0000255	Cytoplasmic	topological_domain
Q9VGH7	1-168	ECO:0000250	Cytoplasmic	topological_domain
Q9VGH7	627-1193	ECO:0000250	Cytoplasmic	topological_domain
Q9VGN7	1-11	ECO:0000305	Mitochondrial intermembrane	topological_domain
Q9VGN7	30-583	ECO:0000305	Cytoplasmic	topological_domain
Q9VGW1	1-934	ECO:0000255	Extracellular	topological_domain
Q9VGW1	956-1943	ECO:0000255	Cytoplasmic	topological_domain
Q9VHE6	1-36	ECO:0000255	Cytoplasmic	topological_domain
Q9VHE6	152-179	ECO:0000255	Extracellular	topological_domain
Q9VHE6	201-268	ECO:0000255	Cytoplasmic	topological_domain
Q9VHE6	290-295	ECO:0000255	Extracellular	topological_domain
Q9VHE6	317-363	ECO:0000255	Cytoplasmic	topological_domain
Q9VHE6	385-392	ECO:0000255	Extracellular	topological_domain
Q9VHE6	58-69	ECO:0000255	Extracellular	topological_domain
Q9VHE6	91-130	ECO:0000255	Cytoplasmic	topological_domain
Q9VHG4	18-277	ECO:0000305	Lumenal	topological_domain
Q9VHG4	299-320	ECO:0000305	Cytoplasmic	topological_domain
Q9VHN5	1-99	ECO:0000255	Cytoplasmic	topological_domain
Q9VHN5	121-129	ECO:0000255	Lumenal	topological_domain
Q9VHN5	151-178	ECO:0000255	Cytoplasmic	topological_domain
Q9VHN5	200-207	ECO:0000255	Lumenal	topological_domain
Q9VHN5	229-239	ECO:0000255	Cytoplasmic	topological_domain
Q9VHN5	261-275	ECO:0000255	Lumenal	topological_domain
Q9VHQ2	1-56	ECO:0000255	Cytoplasmic	topological_domain
Q9VHQ2	106-152	ECO:0000255	Cytoplasmic	topological_domain
Q9VHQ2	174-219	ECO:0000255	Extracellular	topological_domain
Q9VHQ2	241-282	ECO:0000255	Cytoplasmic	topological_domain
Q9VHQ2	304-314	ECO:0000255	Extracellular	topological_domain
Q9VHQ2	336-382	ECO:0000255	Cytoplasmic	topological_domain
Q9VHQ2	404-412	ECO:0000255	Extracellular	topological_domain
Q9VHQ2	78-84	ECO:0000255	Extracellular	topological_domain
Q9VHQ6	1-33	ECO:0000255	Cytoplasmic	topological_domain
Q9VHQ6	152-199	ECO:0000255	Extracellular	topological_domain
Q9VHQ6	221-259	ECO:0000255	Cytoplasmic	topological_domain
Q9VHQ6	281-290	ECO:0000255	Extracellular	topological_domain
Q9VHQ6	312-359	ECO:0000255	Cytoplasmic	topological_domain
Q9VHQ6	381-389	ECO:0000255	Extracellular	topological_domain
Q9VHQ6	55-66	ECO:0000255	Extracellular	topological_domain
Q9VHQ6	88-130	ECO:0000255	Cytoplasmic	topological_domain
Q9VHQ7	1-30	ECO:0000255	Cytoplasmic	topological_domain
Q9VHQ7	148-200	ECO:0000255	Extracellular	topological_domain
Q9VHQ7	222-260	ECO:0000255	Cytoplasmic	topological_domain
Q9VHQ7	282-291	ECO:0000255	Extracellular	topological_domain
Q9VHQ7	313-360	ECO:0000255	Cytoplasmic	topological_domain
Q9VHQ7	382-390	ECO:0000255	Extracellular	topological_domain
Q9VHQ7	52-66	ECO:0000255	Extracellular	topological_domain
Q9VHQ7	88-126	ECO:0000255	Cytoplasmic	topological_domain
Q9VHR8	1-108	ECO:0000255	Cytoplasmic	topological_domain
Q9VHR8	130-594	ECO:0000255	Extracellular	topological_domain
Q9VHR8	616-786	ECO:0000255	Cytoplasmic	topological_domain
Q9VHS2	32-58	ECO:0000250|UniProtKB:P10174	Mitochondrial matrix	topological_domain
Q9VHS2	82-89	ECO:0000250|UniProtKB:P10174	Mitochondrial intermembrane	topological_domain
Q9VHS4	1-46	ECO:0000255	Cytoplasmic	topological_domain
Q9VHS4	105-142	ECO:0000255	Cytoplasmic	topological_domain
Q9VHS4	164-192	ECO:0000255	Extracellular	topological_domain
Q9VHS4	214-262	ECO:0000255	Cytoplasmic	topological_domain
Q9VHS4	284-294	ECO:0000255	Extracellular	topological_domain
Q9VHS4	316-347	ECO:0000255	Cytoplasmic	topological_domain
Q9VHS4	369-397	ECO:0000255	Extracellular	topological_domain
Q9VHS4	68-83	ECO:0000255	Extracellular	topological_domain
Q9VI20	196-536	ECO:0000305	Cytoplasmic	topological_domain
Q9VI20	22-174	ECO:0000305	Extracellular	topological_domain
Q9VIH9	24-126	ECO:0000305	Extracellular	topological_domain
Q9VII3	162-166	ECO:0000305	Cytoplasmic	topological_domain
Q9VII3	25-140	ECO:0000305	Extracellular	topological_domain
Q9VIK2	1-53	ECO:0000305	Cytoplasmic	topological_domain
Q9VIK2	200-206	ECO:0000305	Cytoplasmic	topological_domain
Q9VIK2	228-236	ECO:0000305	Extracellular	topological_domain
Q9VIK2	258-264	ECO:0000305	Cytoplasmic	topological_domain
Q9VIK2	286-293	ECO:0000305	Extracellular	topological_domain
Q9VIK2	315-385	ECO:0000305	Cytoplasmic	topological_domain
Q9VIK2	407-414	ECO:0000305	Extracellular	topological_domain
Q9VIK2	436-441	ECO:0000305	Cytoplasmic	topological_domain
Q9VIK2	463-469	ECO:0000305	Extracellular	topological_domain
Q9VIK2	491-500	ECO:0000305	Cytoplasmic	topological_domain
Q9VIK2	522-527	ECO:0000305	Extracellular	topological_domain
Q9VIK2	549-674	ECO:0000305	Cytoplasmic	topological_domain
Q9VIK2	75-178	ECO:0000305	Extracellular	topological_domain
Q9VJ83	120-241	ECO:0000305	Cytoplasmic	topological_domain
Q9VJ83	28-98	ECO:0000305	Extracellular	topological_domain
Q9VJF2	1-4	ECO:0000250	Cytoplasmic	topological_domain
Q9VJF2	149-165	ECO:0000250	Cytoplasmic	topological_domain
Q9VJF2	187-284	ECO:0000250	Extracellular	topological_domain
Q9VJF2	26-39	ECO:0000250	Extracellular	topological_domain
Q9VJF2	306-363	ECO:0000250	Cytoplasmic	topological_domain
Q9VJF2	385-391	ECO:0000250	Extracellular	topological_domain
Q9VJF2	61-74	ECO:0000250	Cytoplasmic	topological_domain
Q9VJF2	96-127	ECO:0000250	Extracellular	topological_domain
Q9VJJ7	1-325	ECO:0000255	Cytoplasmic	topological_domain
Q9VJJ7	347-403	ECO:0000255	Extracellular	topological_domain
Q9VJJ7	425-444	ECO:0000255	Cytoplasmic	topological_domain
Q9VJJ7	466-492	ECO:0000255	Extracellular	topological_domain
Q9VJJ7	514-535	ECO:0000255	Cytoplasmic	topological_domain
Q9VJJ7	557-629	ECO:0000255	Extracellular	topological_domain
Q9VJJ7	651-1128	ECO:0000255	Cytoplasmic	topological_domain
Q9VK50	1-47	ECO:0000305	Cytoplasmic	topological_domain
Q9VK50	128-137	ECO:0000305	Extracellular	topological_domain
Q9VK50	159-163	ECO:0000305	Cytoplasmic	topological_domain
Q9VK50	185-196	ECO:0000305	Extracellular	topological_domain
Q9VK50	218-581	ECO:0000305	Cytoplasmic	topological_domain
Q9VK50	603-608	ECO:0000305	Extracellular	topological_domain
Q9VK50	630-667	ECO:0000305	Cytoplasmic	topological_domain
Q9VK50	689-719	ECO:0000305	Extracellular	topological_domain
Q9VK50	69-73	ECO:0000305	Extracellular	topological_domain
Q9VK50	741-743	ECO:0000305	Cytoplasmic	topological_domain
Q9VK50	765-772	ECO:0000305	Extracellular	topological_domain
Q9VK50	794-1123	ECO:0000305	Cytoplasmic	topological_domain
Q9VK50	95-106	ECO:0000305	Cytoplasmic	topological_domain
Q9VKA0	150-151	ECO:0000305	Cytoplasmic	topological_domain
Q9VKA0	24-128	ECO:0000305	Lumenal	topological_domain
Q9VKA4	1-51	ECO:0000255	Cytoplasmic	topological_domain
Q9VKA4	534-547	ECO:0000255	Cytoplasmic	topological_domain
Q9VKA4	569-584	ECO:0000255	Extracellular	topological_domain
Q9VKA4	608-619	ECO:0000255	Cytoplasmic	topological_domain
Q9VKA4	641-660	ECO:0000255	Extracellular	topological_domain
Q9VKA4	682-701	ECO:0000255	Cytoplasmic	topological_domain
Q9VKA4	723-730	ECO:0000255	Extracellular	topological_domain
Q9VKA4	73-512	ECO:0000255	Extracellular	topological_domain
Q9VKA4	752-1093	ECO:0000255	Cytoplasmic	topological_domain
Q9VKA5	1-34	ECO:0000250	Cytoplasmic	topological_domain
Q9VKA5	150-158	ECO:0000250	Extracellular	topological_domain
Q9VKA5	180-319	ECO:0000250	Cytoplasmic	topological_domain
Q9VKA5	341-357	ECO:0000250	Extracellular	topological_domain
Q9VKA5	379-441	ECO:0000250	Cytoplasmic	topological_domain
Q9VKA5	463-475	ECO:0000250	Extracellular	topological_domain
Q9VKA5	56-68	ECO:0000250	Extracellular	topological_domain
Q9VKA5	90-128	ECO:0000250	Cytoplasmic	topological_domain
Q9VKD7	1-13	ECO:0000255	Mitochondrial intermembrane	topological_domain
Q9VKD7	31-253	ECO:0000255	Cytoplasmic	topological_domain
Q9VKJ7	1-100	ECO:0000250	Cytoplasmic	topological_domain
Q9VKJ7	122-127	ECO:0000250	Extracellular	topological_domain
Q9VKJ7	149-180	ECO:0000250	Cytoplasmic	topological_domain
Q9VKJ7	202-214	ECO:0000250	Extracellular	topological_domain
Q9VKJ7	236-317	ECO:0000250	Cytoplasmic	topological_domain
Q9VKJ7	339-348	ECO:0000250	Extracellular	topological_domain
Q9VKJ7	370-414	ECO:0000250	Cytoplasmic	topological_domain
Q9VKJ7	436-461	ECO:0000250	Extracellular	topological_domain
Q9VL32	1-36	ECO:0000255	Extracellular	topological_domain
Q9VL32	134-145	ECO:0000255	Cytoplasmic	topological_domain
Q9VL32	1431-1468	ECO:0000255	Extracellular	topological_domain
Q9VL32	1490-1558	ECO:0000255	Cytoplasmic	topological_domain
Q9VL32	1580-1655	ECO:0000255	Extracellular	topological_domain
Q9VL32	167-182	ECO:0000255	Extracellular	topological_domain
Q9VL32	1677-1718	ECO:0000255	Cytoplasmic	topological_domain
Q9VL32	1740-2171	ECO:0000255	Extracellular	topological_domain
Q9VL32	204-224	ECO:0000255	Cytoplasmic	topological_domain
Q9VL32	246-299	ECO:0000255	Extracellular	topological_domain
Q9VL32	321-447	ECO:0000255	Cytoplasmic	topological_domain
Q9VL32	469-474	ECO:0000255	Extracellular	topological_domain
Q9VL32	496-562	ECO:0000255	Cytoplasmic	topological_domain
Q9VL32	58-71	ECO:0000255	Cytoplasmic	topological_domain
Q9VL32	584-600	ECO:0000255	Extracellular	topological_domain
Q9VL32	622-1409	ECO:0000255	Cytoplasmic	topological_domain
Q9VL32	93-112	ECO:0000255	Extracellular	topological_domain
Q9VLA1	1-53	ECO:0000255	Cytoplasmic	topological_domain
Q9VLA1	74-409	ECO:0000255	Lumenal	topological_domain
Q9VLC1	1-6	ECO:0000255	Cytoplasmic	topological_domain
Q9VLC1	28-444	ECO:0000255	Lumenal	topological_domain
Q9VLE5	1-34	ECO:0000255	Cytoplasmic	topological_domain
Q9VLE5	149-172	ECO:0000255	Extracellular	topological_domain
Q9VLE5	194-254	ECO:0000255	Cytoplasmic	topological_domain
Q9VLE5	276-280	ECO:0000255	Extracellular	topological_domain
Q9VLE5	302-344	ECO:0000255	Cytoplasmic	topological_domain
Q9VLE5	366-377	ECO:0000255	Extracellular	topological_domain
Q9VLE5	56-65	ECO:0000255	Extracellular	topological_domain
Q9VLE5	87-127	ECO:0000255	Cytoplasmic	topological_domain
Q9VLM5	1-27	ECO:0000255	Cytoplasmic	topological_domain
Q9VLM5	49-51	ECO:0000255	Lumenal	topological_domain
Q9VLM5	73-91	ECO:0000255	Cytoplasmic	topological_domain
Q9VLM7	1-39	ECO:0000305	Mitochondrial matrix	topological_domain
Q9VLM7	100-123	ECO:0000305	Mitochondrial matrix	topological_domain
Q9VLM7	145-171	ECO:0000305	Mitochondrial intermembrane	topological_domain
Q9VLM7	193-223	ECO:0000305	Mitochondrial matrix	topological_domain
Q9VLM7	63-78	ECO:0000305	Mitochondrial intermembrane	topological_domain
Q9VLQ1	1-7	ECO:0000255	Lumenal	topological_domain
Q9VLQ1	29-326	ECO:0000255	Cytoplasmic	topological_domain
Q9VM08	1-76	ECO:0000250	Cytoplasmic	topological_domain
Q9VM08	141-175	ECO:0000250	Cytoplasmic	topological_domain
Q9VM08	197-204	ECO:0000250	Extracellular	topological_domain
Q9VM08	226-309	ECO:0000250	Cytoplasmic	topological_domain
Q9VM08	331-346	ECO:0000250	Extracellular	topological_domain
Q9VM08	368-423	ECO:0000250	Cytoplasmic	topological_domain
Q9VM08	445-470	ECO:0000250	Extracellular	topological_domain
Q9VM08	98-119	ECO:0000250	Extracellular	topological_domain
Q9VM09	1-47	ECO:0000250	Cytoplasmic	topological_domain
Q9VM09	109-138	ECO:0000250	Cytoplasmic	topological_domain
Q9VM09	160-171	ECO:0000250	Extracellular	topological_domain
Q9VM09	193-292	ECO:0000250	Cytoplasmic	topological_domain
Q9VM09	314-329	ECO:0000250	Extracellular	topological_domain
Q9VM09	351-407	ECO:0000250	Cytoplasmic	topological_domain
Q9VM09	425-450	ECO:0000250	Extracellular	topological_domain
Q9VM09	69-87	ECO:0000250	Extracellular	topological_domain
Q9VM64	21-709	ECO:0000255	Extracellular	topological_domain
Q9VM64	731-886	ECO:0000255	Cytoplasmic	topological_domain
Q9VMA7	35-796	ECO:0000255	Extracellular	topological_domain
Q9VMA7	818-1430	ECO:0000255	Cytoplasmic	topological_domain
Q9VMH0	20-629	ECO:0000255	Extracellular	topological_domain
Q9VMH0	651-657	ECO:0000255	Cytoplasmic	topological_domain
Q9VML9	1-184	ECO:0000305	Extracellular	topological_domain
Q9VML9	206-217	ECO:0000305	Cytoplasmic	topological_domain
Q9VML9	239-269	ECO:0000305	Extracellular	topological_domain
Q9VML9	291-302	ECO:0000305	Cytoplasmic	topological_domain
Q9VML9	324-350	ECO:0000305	Extracellular	topological_domain
Q9VML9	372-552	ECO:0000305	Cytoplasmic	topological_domain
Q9VML9	574-595	ECO:0000305	Extracellular	topological_domain
Q9VML9	617-669	ECO:0000305	Cytoplasmic	topological_domain
Q9VN12	133-157	ECO:0000305	Cytoplasmic	topological_domain
Q9VN12	179-181	ECO:0000305	Extracellular	topological_domain
Q9VN12	203-220	ECO:0000305	Cytoplasmic	topological_domain
Q9VN12	22-111	ECO:0000305	Extracellular	topological_domain
Q9VN12	263-427	ECO:0000305	Extracellular	topological_domain
Q9VN12	449-468	ECO:0000305	Cytoplasmic	topological_domain
Q9VN12	490-500	ECO:0000305	Extracellular	topological_domain
Q9VN12	522-535	ECO:0000305	Cytoplasmic	topological_domain
Q9VN12	557-568	ECO:0000305	Extracellular	topological_domain
Q9VN12	590-597	ECO:0000305	Cytoplasmic	topological_domain
Q9VN12	619-633	ECO:0000305	Extracellular	topological_domain
Q9VNB3	1-28	ECO:0000255	Cytoplasmic	topological_domain
Q9VNB3	107-148	ECO:0000255	Cytoplasmic	topological_domain
Q9VNB3	170-203	ECO:0000255	Extracellular	topological_domain
Q9VNB3	225-322	ECO:0000255	Cytoplasmic	topological_domain
Q9VNB3	344-359	ECO:0000255	Extracellular	topological_domain
Q9VNB3	381-408	ECO:0000255	Cytoplasmic	topological_domain
Q9VNB3	430-453	ECO:0000255	Extracellular	topological_domain
Q9VNB3	50-85	ECO:0000255	Extracellular	topological_domain
Q9VNB5	1-47	ECO:0000305|PubMed:16402857	Cytoplasmic	topological_domain
Q9VNB5	157-191	ECO:0000305|PubMed:16402857	Extracellular	topological_domain
Q9VNB5	213-351	ECO:0000305|PubMed:16402857	Cytoplasmic	topological_domain
Q9VNB5	373-390	ECO:0000305|PubMed:16402857	Extracellular	topological_domain
Q9VNB5	412-462	ECO:0000305|PubMed:16402857	Cytoplasmic	topological_domain
Q9VNB5	484-486	ECO:0000305|PubMed:16402857	Extracellular	topological_domain
Q9VNB5	69-75	ECO:0000305|PubMed:16402857	Extracellular	topological_domain
Q9VNB5	97-135	ECO:0000305|PubMed:16402857	Cytoplasmic	topological_domain
Q9VNK9	1-39	ECO:0000255	Cytoplasmic	topological_domain
Q9VNK9	158-186	ECO:0000255	Extracellular	topological_domain
Q9VNK9	208-282	ECO:0000255	Cytoplasmic	topological_domain
Q9VNK9	300-305	ECO:0000255	Extracellular	topological_domain
Q9VNK9	327-365	ECO:0000255	Cytoplasmic	topological_domain
Q9VNK9	387-397	ECO:0000255	Extracellular	topological_domain
Q9VNK9	61-70	ECO:0000255	Extracellular	topological_domain
Q9VNK9	91-136	ECO:0000255	Cytoplasmic	topological_domain
Q9VNM1	1-91	ECO:0000255	Extracellular	topological_domain
Q9VNM1	113-122	ECO:0000255	Cytoplasmic	topological_domain
Q9VNM1	144-163	ECO:0000255	Extracellular	topological_domain
Q9VNM1	185-202	ECO:0000255	Cytoplasmic	topological_domain
Q9VNM1	224-262	ECO:0000255	Extracellular	topological_domain
Q9VNM1	284-317	ECO:0000255	Cytoplasmic	topological_domain
Q9VNM1	339-355	ECO:0000255	Extracellular	topological_domain
Q9VNM1	377-485	ECO:0000255	Cytoplasmic	topological_domain
Q9VP76	1-327	ECO:0000305	Cytoplasmic	topological_domain
Q9VP76	1045-1048	ECO:0000305	Extracellular	topological_domain
Q9VP76	1070-1094	ECO:0000305	Cytoplasmic	topological_domain
Q9VP76	1116-1241	ECO:0000305	Extracellular	topological_domain
Q9VP76	1263	ECO:0000305	Cytoplasmic	topological_domain
Q9VP76	1285-1301	ECO:0000305	Extracellular	topological_domain
Q9VP76	1323-1718	ECO:0000305	Cytoplasmic	topological_domain
Q9VP76	349-366	ECO:0000305	Extracellular	topological_domain
Q9VP76	388-397	ECO:0000305	Cytoplasmic	topological_domain
Q9VP76	419-422	ECO:0000305	Extracellular	topological_domain
Q9VP76	444-445	ECO:0000305	Cytoplasmic	topological_domain
Q9VP76	467-476	ECO:0000305	Extracellular	topological_domain
Q9VP76	498-1023	ECO:0000305	Cytoplasmic	topological_domain
Q9VPD3	1-92	ECO:0000305	Cytoplasmic	topological_domain
Q9VPD3	114-122	ECO:0000305	Lumenal	topological_domain
Q9VPD3	144-153	ECO:0000305	Cytoplasmic	topological_domain
Q9VPD3	175-239	ECO:0000305	Lumenal	topological_domain
Q9VPD3	261-266	ECO:0000305	Cytoplasmic	topological_domain
Q9VPD3	288-339	ECO:0000305	Lumenal	topological_domain
Q9VPD3	361-367	ECO:0000305	Cytoplasmic	topological_domain
Q9VPD3	389-402	ECO:0000305	Lumenal	topological_domain
Q9VPD3	424-436	ECO:0000305	Cytoplasmic	topological_domain
Q9VPD3	458-498	ECO:0000305	Lumenal	topological_domain
Q9VPE4	1-36	ECO:0000255|HAMAP-Rule:MF_03058	Cytoplasmic	topological_domain
Q9VPE4	58-68	ECO:0000255|HAMAP-Rule:MF_03058	Lumenal	topological_domain
Q9VPE4	90-105	ECO:0000255|HAMAP-Rule:MF_03058	Cytoplasmic	topological_domain
Q9VPF8	1-19	ECO:0000255	Cytoplasmic	topological_domain
Q9VPF8	173-218	ECO:0000255	Extracellular	topological_domain
Q9VPF8	240-248	ECO:0000255	Cytoplasmic	topological_domain
Q9VPF8	270-277	ECO:0000255	Extracellular	topological_domain
Q9VPF8	299-320	ECO:0000255	Cytoplasmic	topological_domain
Q9VPF8	342-361	ECO:0000255	Extracellular	topological_domain
Q9VPF8	383-411	ECO:0000255	Cytoplasmic	topological_domain
Q9VPF8	41-45	ECO:0000255	Extracellular	topological_domain
Q9VPF8	433-439	ECO:0000255	Extracellular	topological_domain
Q9VPF8	461-487	ECO:0000255	Cytoplasmic	topological_domain
Q9VPF8	509	ECO:0000255	Extracellular	topological_domain
Q9VPF8	67-151	ECO:0000255	Cytoplasmic	topological_domain
Q9VPN2	21-344	ECO:0000305	Extracellular	topological_domain
Q9VPN2	366-505	ECO:0000305	Cytoplasmic	topological_domain
Q9VPR7	152-153	ECO:0000305	Cytoplasmic	topological_domain
Q9VPR7	26-130	ECO:0000305	Extracellular	topological_domain
Q9VPT1	1-114	ECO:0000250	Cytoplasmic	topological_domain
Q9VPT1	136-153	ECO:0000250	Extracellular	topological_domain
Q9VPT1	175-206	ECO:0000250	Cytoplasmic	topological_domain
Q9VPT1	228-237	ECO:0000250	Extracellular	topological_domain
Q9VPT1	259-312	ECO:0000250	Cytoplasmic	topological_domain
Q9VPT1	334-345	ECO:0000250	Extracellular	topological_domain
Q9VPT1	367-422	ECO:0000250	Cytoplasmic	topological_domain
Q9VPT1	444-454	ECO:0000250	Extracellular	topological_domain
Q9VPT5	1-16	ECO:0000250|UniProtKB:G2Q5N0	Peroxisomal matrix	topological_domain
Q9VPT5	120-124	ECO:0000250|UniProtKB:G2Q5N0	Cytoplasmic	topological_domain
Q9VPT5	159-191	ECO:0000250|UniProtKB:G2Q5N0	Peroxisomal matrix	topological_domain
Q9VPT5	220-297	ECO:0000250|UniProtKB:G2Q5N0	Cytoplasmic	topological_domain
Q9VPT5	45-48	ECO:0000250|UniProtKB:G2Q5N0	Cytoplasmic	topological_domain
Q9VPT5	74-98	ECO:0000250|UniProtKB:G2Q5N0	Peroxisomal matrix	topological_domain
Q9VQ29	36-67	ECO:0000250|UniProtKB:P08067	Mitochondrial matrix	topological_domain
Q9VQ29	86-230	ECO:0000250|UniProtKB:P08067	Mitochondrial intermembrane	topological_domain
Q9VQ57	1-17	ECO:0000255	Cytoplasmic	topological_domain
Q9VQ57	121-156	ECO:0000255	Lumenal	topological_domain
Q9VQ57	178-245	ECO:0000255	Cytoplasmic	topological_domain
Q9VQ57	39-58	ECO:0000255	Lumenal	topological_domain
Q9VQ57	80-99	ECO:0000255	Cytoplasmic	topological_domain
Q9VQE9	1-22	ECO:0000305	Cytoplasmic	topological_domain
Q9VQE9	125-134	ECO:0000305	Cytoplasmic	topological_domain
Q9VQE9	175-189	ECO:0000305	Cytoplasmic	topological_domain
Q9VQE9	211-245	ECO:0000305	Extracellular	topological_domain
Q9VQE9	267-288	ECO:0000305	Cytoplasmic	topological_domain
Q9VQE9	310-328	ECO:0000305	Extracellular	topological_domain
Q9VQE9	350-422	ECO:0000305	Cytoplasmic	topological_domain
Q9VQE9	44-103	ECO:0000305	Extracellular	topological_domain
Q9VQE9	444-446	ECO:0000305	Extracellular	topological_domain
Q9VQE9	468-473	ECO:0000305	Cytoplasmic	topological_domain
Q9VQE9	494-859	ECO:0000305	Extracellular	topological_domain
Q9VQH2	1-626	ECO:0000255	Extracellular	topological_domain
Q9VQH2	1051-1065	ECO:0000255	Extracellular	topological_domain
Q9VQH2	1087-1116	ECO:0000255	Cytoplasmic	topological_domain
Q9VQH2	1138-1171	ECO:0000255	Extracellular	topological_domain
Q9VQH2	1193-1202	ECO:0000255	Cytoplasmic	topological_domain
Q9VQH2	1224-1230	ECO:0000255	Extracellular	topological_domain
Q9VQH2	1252-1537	ECO:0000255	Cytoplasmic	topological_domain
Q9VQH2	648-1029	ECO:0000255	Cytoplasmic	topological_domain
Q9VQK4	1-12	ECO:0000305	Cytoplasmic	topological_domain
Q9VQK4	31-369	ECO:0000305	Lumenal	topological_domain
Q9VQK9	1-96	ECO:0000269|PubMed:21598021	Cytoplasmic	topological_domain
Q9VQK9	118-119	ECO:0000269|PubMed:21598021	Lumenal	topological_domain
Q9VQK9	141-148	ECO:0000269|PubMed:21598021	Cytoplasmic	topological_domain
Q9VQK9	170-181	ECO:0000269|PubMed:21598021	Lumenal	topological_domain
Q9VQK9	203-307	ECO:0000269|PubMed:21598021	Cytoplasmic	topological_domain
Q9VQK9	329-363	ECO:0000269|PubMed:21598021	Lumenal	topological_domain
Q9VQK9	385-420	ECO:0000269|PubMed:21598021	Cytoplasmic	topological_domain
Q9VQP9	1-32	ECO:0000255	Cytoplasmic	topological_domain
Q9VQP9	105-117	ECO:0000255	Cytoplasmic	topological_domain
Q9VQP9	139-149	ECO:0000255	Extracellular	topological_domain
Q9VQP9	54-83	ECO:0000255	Extracellular	topological_domain
Q9VR07	1-345	ECO:0000255	Cytoplasmic	topological_domain
Q9VR07	439-510	ECO:0000255	Extracellular	topological_domain
Q9VR07	857-943	ECO:0000255	Cytoplasmic	topological_domain
Q9VR82	1-21	ECO:0000255	Cytoplasmic	topological_domain
Q9VR82	166-220	ECO:0000255	Cytoplasmic	topological_domain
Q9VR82	242-302	ECO:0000255	Extracellular	topological_domain
Q9VR82	324-481	ECO:0000255	Cytoplasmic	topological_domain
Q9VR82	43-144	ECO:0000255	Extracellular	topological_domain
Q9VRC9	1101-1105	ECO:0000305	Cytoplasmic	topological_domain
Q9VRC9	1127-1132	ECO:0000305	Extracellular	topological_domain
Q9VRC9	1154-1174	ECO:0000305	Cytoplasmic	topological_domain
Q9VRC9	1196-1207	ECO:0000305	Extracellular	topological_domain
Q9VRC9	1229-1254	ECO:0000305	Cytoplasmic	topological_domain
Q9VRC9	17-272	ECO:0000305	Extracellular	topological_domain
Q9VRC9	294-325	ECO:0000305	Cytoplasmic	topological_domain
Q9VRC9	347-593	ECO:0000305	Extracellular	topological_domain
Q9VRC9	615-625	ECO:0000305	Cytoplasmic	topological_domain
Q9VRC9	647-657	ECO:0000305	Extracellular	topological_domain
Q9VRC9	679-736	ECO:0000305	Cytoplasmic	topological_domain
Q9VRC9	758-815	ECO:0000305	Extracellular	topological_domain
Q9VRC9	837-857	ECO:0000305	Cytoplasmic	topological_domain
Q9VRC9	879-1079	ECO:0000305	Extracellular	topological_domain
Q9VRJ2	1-75	ECO:0000305	Cytoplasmic	topological_domain
Q9VRJ2	135-146	ECO:0000305	Cytoplasmic	topological_domain
Q9VRJ2	168-191	ECO:0000305	Lumenal	topological_domain
Q9VRJ2	213-270	ECO:0000305	Cytoplasmic	topological_domain
Q9VRJ2	292-299	ECO:0000305	Lumenal	topological_domain
Q9VRJ2	321-423	ECO:0000305	Cytoplasmic	topological_domain
Q9VRJ2	97-113	ECO:0000305	Lumenal	topological_domain
Q9VRL2	1-194	ECO:0000255	Cytoplasmic	topological_domain
Q9VRL2	216	ECO:0000255	Vesicular	topological_domain
Q9VRN2	242-250	ECO:0000255	Cytoplasmic	topological_domain
Q9VRN2	27-220	ECO:0000255	Extracellular	topological_domain
Q9VRN2	272-279	ECO:0000255	Extracellular	topological_domain
Q9VRN2	301-321	ECO:0000255	Cytoplasmic	topological_domain
Q9VRN2	343-371	ECO:0000255	Extracellular	topological_domain
Q9VRN2	393-426	ECO:0000255	Cytoplasmic	topological_domain
Q9VRN2	448-455	ECO:0000255	Extracellular	topological_domain
Q9VRN2	477-518	ECO:0000255	Cytoplasmic	topological_domain
Q9VRR2	1-228	ECO:0000250|UniProtKB:Q9UBH6	Cytoplasmic	topological_domain
Q9VRR2	254-255	ECO:0000250|UniProtKB:Q9UBH6	Extracellular	topological_domain
Q9VRR2	288-300	ECO:0000250|UniProtKB:Q9UBH6	Cytoplasmic	topological_domain
Q9VRR2	329-334	ECO:0000250|UniProtKB:Q9UBH6	Extracellular	topological_domain
Q9VRR2	375-379	ECO:0000250|UniProtKB:Q9UBH6	Cytoplasmic	topological_domain
Q9VRR2	414-415	ECO:0000250|UniProtKB:Q9UBH6	Extracellular	topological_domain
Q9VRR2	456	ECO:0000250|UniProtKB:Q9UBH6	Cytoplasmic	topological_domain
Q9VRR2	489-491	ECO:0000250|UniProtKB:Q9UBH6	Extracellular	topological_domain
Q9VRR2	520-538	ECO:0000250|UniProtKB:Q9UBH6	Cytoplasmic	topological_domain
Q9VRR2	610-671	ECO:0000250|UniProtKB:Q9UBH6	Cytoplasmic	topological_domain
Q9VRX6	1-21	ECO:0000255	Cytoplasmic	topological_domain
Q9VRX6	132-186	ECO:0000255	Cytoplasmic	topological_domain
Q9VRX6	208-268	ECO:0000255	Extracellular	topological_domain
Q9VRX6	290-367	ECO:0000255	Cytoplasmic	topological_domain
Q9VRX6	43-110	ECO:0000255	Extracellular	topological_domain
Q9VS29	1641-2074	ECO:0000255	Cytoplasmic	topological_domain
Q9VS29	22-1619	ECO:0000255	Extracellular	topological_domain
Q9VS60	425-600	ECO:0000255	Cytoplasmic	topological_domain
Q9VS77	21-202	ECO:0000255	Extracellular	topological_domain
Q9VS77	226-231	ECO:0000255	Cytoplasmic	topological_domain
Q9VS77	255-263	ECO:0000255	Extracellular	topological_domain
Q9VS77	284-303	ECO:0000255	Cytoplasmic	topological_domain
Q9VS77	327-356	ECO:0000255	Extracellular	topological_domain
Q9VS77	380-405	ECO:0000255	Cytoplasmic	topological_domain
Q9VS77	429-437	ECO:0000255	Extracellular	topological_domain
Q9VS77	458-480	ECO:0000255	Cytoplasmic	topological_domain
Q9VSB9	1-10	ECO:0000269|PubMed:35869176	Cytoplasmic	topological_domain
Q9VSB9	299-323	ECO:0000305	Cytoplasmic	topological_domain
Q9VSB9	32-277	ECO:0000269|PubMed:35869176	Lumenal	topological_domain
Q9VSB9	366-376	ECO:0000269|PubMed:35869176	Cytoplasmic	topological_domain
Q9VSE7	189-222	ECO:0000255	Cytoplasmic	topological_domain
Q9VSE7	23-167	ECO:0000255	Extracellular	topological_domain
Q9VSE7	244-252	ECO:0000255	Extracellular	topological_domain
Q9VSE7	274-325	ECO:0000255	Cytoplasmic	topological_domain
Q9VSE7	347-372	ECO:0000255	Extracellular	topological_domain
Q9VSE7	394-434	ECO:0000255	Cytoplasmic	topological_domain
Q9VSE7	456-458	ECO:0000255	Extracellular	topological_domain
Q9VSE7	480-491	ECO:0000255	Cytoplasmic	topological_domain
Q9VSH2	1-46	ECO:0000250	Cytoplasmic	topological_domain
Q9VSH2	102-144	ECO:0000250	Cytoplasmic	topological_domain
Q9VSH2	166-174	ECO:0000250	Extracellular	topological_domain
Q9VSH2	196-345	ECO:0000250	Cytoplasmic	topological_domain
Q9VSH2	367-382	ECO:0000250	Extracellular	topological_domain
Q9VSH2	404-460	ECO:0000250	Cytoplasmic	topological_domain
Q9VSH2	482-527	ECO:0000250	Extracellular	topological_domain
Q9VSH2	68-80	ECO:0000250	Extracellular	topological_domain
Q9VSH3	1-30	ECO:0000255	Cytoplasmic	topological_domain
Q9VSH3	110-115	ECO:0000255	Lumenal	topological_domain
Q9VSH3	137-142	ECO:0000255	Cytoplasmic	topological_domain
Q9VSH3	164-169	ECO:0000255	Lumenal	topological_domain
Q9VSH3	191-245	ECO:0000255	Cytoplasmic	topological_domain
Q9VSH3	52-55	ECO:0000255	Lumenal	topological_domain
Q9VSH3	77-88	ECO:0000255	Cytoplasmic	topological_domain
Q9VSL7	22-261	ECO:0000255	Extracellular	topological_domain
Q9VSL7	283-292	ECO:0000255	Cytoplasmic	topological_domain
Q9VSL7	314-329	ECO:0000255	Extracellular	topological_domain
Q9VSL7	351-604	ECO:0000255	Cytoplasmic	topological_domain
Q9VSL7	626-631	ECO:0000255	Extracellular	topological_domain
Q9VSL7	653-665	ECO:0000255	Cytoplasmic	topological_domain
Q9VSL7	687-706	ECO:0000255	Extracellular	topological_domain
Q9VSU7	1-221	ECO:0000255	Cytoplasmic	topological_domain
Q9VSU7	243-250	ECO:0000255	Lumenal	topological_domain
Q9VT08	1-40	ECO:0000255	Cytoplasmic	topological_domain
Q9VT08	101-144	ECO:0000255	Cytoplasmic	topological_domain
Q9VT08	166-208	ECO:0000255	Extracellular	topological_domain
Q9VT08	230-278	ECO:0000255	Cytoplasmic	topological_domain
Q9VT08	301-314	ECO:0000255	Extracellular	topological_domain
Q9VT08	332-378	ECO:0000255	Cytoplasmic	topological_domain
Q9VT08	402-407	ECO:0000255	Extracellular	topological_domain
Q9VT08	62-79	ECO:0000255	Extracellular	topological_domain
Q9VT20	1-48	ECO:0000255	Cytoplasmic	topological_domain
Q9VT20	173-217	ECO:0000255	Extracellular	topological_domain
Q9VT20	239-289	ECO:0000255	Cytoplasmic	topological_domain
Q9VT20	311-315	ECO:0000255	Extracellular	topological_domain
Q9VT20	337-384	ECO:0000255	Cytoplasmic	topological_domain
Q9VT20	406-421	ECO:0000255	Extracellular	topological_domain
Q9VT20	70-71	ECO:0000255	Extracellular	topological_domain
Q9VT20	93-151	ECO:0000255	Cytoplasmic	topological_domain
Q9VT90	1-45	ECO:0000255	Cytoplasmic	topological_domain
Q9VT90	101-139	ECO:0000255	Cytoplasmic	topological_domain
Q9VT90	161-204	ECO:0000255	Extracellular	topological_domain
Q9VT90	226-277	ECO:0000255	Cytoplasmic	topological_domain
Q9VT90	299-304	ECO:0000255	Extracellular	topological_domain
Q9VT90	327-373	ECO:0000255	Cytoplasmic	topological_domain
Q9VT90	395-404	ECO:0000255	Extracellular	topological_domain
Q9VT90	67-79	ECO:0000255	Extracellular	topological_domain
Q9VT92	1-45	ECO:0000255	Cytoplasmic	topological_domain
Q9VT92	162-164	ECO:0000255	Extracellular	topological_domain
Q9VT92	186-191	ECO:0000255	Cytoplasmic	topological_domain
Q9VT92	213-268	ECO:0000255	Extracellular	topological_domain
Q9VT92	290-297	ECO:0000255	Cytoplasmic	topological_domain
Q9VT92	319-391	ECO:0000255	Extracellular	topological_domain
Q9VT92	67-71	ECO:0000255	Extracellular	topological_domain
Q9VT92	93-140	ECO:0000255	Cytoplasmic	topological_domain
Q9VTG7	1-34	ECO:0000255	Cytoplasmic	topological_domain
Q9VTG7	51-479	ECO:0000255	Lumenal	topological_domain
Q9VTJ8	1-4	ECO:0000255	Mitochondrial intermembrane	topological_domain
Q9VTJ8	23-118	ECO:0000255	Mitochondrial matrix	topological_domain
Q9VTM6	158	ECO:0000305	Cytoplasmic	topological_domain
Q9VTM6	23-136	ECO:0000305	Extracellular	topological_domain
Q9VTN0	1-42	ECO:0000250	Cytoplasmic	topological_domain
Q9VTN0	104-133	ECO:0000250	Cytoplasmic	topological_domain
Q9VTN0	155-164	ECO:0000250	Extracellular	topological_domain
Q9VTN0	186-236	ECO:0000250	Cytoplasmic	topological_domain
Q9VTN0	258-281	ECO:0000250	Extracellular	topological_domain
Q9VTN0	303-352	ECO:0000250	Cytoplasmic	topological_domain
Q9VTN0	374-389	ECO:0000250	Extracellular	topological_domain
Q9VTN0	64-82	ECO:0000250	Extracellular	topological_domain
Q9VU27	1-39	ECO:0000255	Cytoplasmic	topological_domain
Q9VU27	161-189	ECO:0000255	Extracellular	topological_domain
Q9VU27	211-269	ECO:0000255	Cytoplasmic	topological_domain
Q9VU27	291-304	ECO:0000255	Extracellular	topological_domain
Q9VU27	326-365	ECO:0000255	Cytoplasmic	topological_domain
Q9VU27	387-393	ECO:0000255	Extracellular	topological_domain
Q9VU27	61-76	ECO:0000255	Extracellular	topological_domain
Q9VU27	98-139	ECO:0000255	Cytoplasmic	topological_domain
Q9VU52	1-32	ECO:0000305	Cytoplasmic	topological_domain
Q9VU52	131-373	ECO:0000305	Extracellular	topological_domain
Q9VU52	395-457	ECO:0000305	Cytoplasmic	topological_domain
Q9VU52	479-553	ECO:0000305	Extracellular	topological_domain
Q9VU52	54-66	ECO:0000305	Extracellular	topological_domain
Q9VU52	575-715	ECO:0000305	Cytoplasmic	topological_domain
Q9VU52	88-109	ECO:0000305	Cytoplasmic	topological_domain
Q9VUK5	1-37	ECO:0000255	Cytoplasmic	topological_domain
Q9VUK5	149-166	ECO:0000255	Extracellular	topological_domain
Q9VUK5	188-255	ECO:0000255	Cytoplasmic	topological_domain
Q9VUK5	277-280	ECO:0000255	Extracellular	topological_domain
Q9VUK5	302-343	ECO:0000255	Cytoplasmic	topological_domain
Q9VUK5	365-378	ECO:0000255	Extracellular	topological_domain
Q9VUK5	59-66	ECO:0000255	Extracellular	topological_domain
Q9VUK5	88-127	ECO:0000255	Cytoplasmic	topological_domain
Q9VUL9	1-10	ECO:0000255	Cytoplasmic	topological_domain
Q9VUL9	29-503	ECO:0000255	Lumenal	topological_domain
Q9VUN0	1079-1514	ECO:0000305	Cytoplasmic	topological_domain
Q9VUN0	15-1057	ECO:0000305	Extracellular	topological_domain
Q9VUT6	1-11	ECO:0000255	Cytoplasmic	topological_domain
Q9VUT6	32-590	ECO:0000255	Lumenal	topological_domain
Q9VUW9	1-295	ECO:0000305	Cytoplasmic	topological_domain
Q9VUW9	316-318	ECO:0000305	Lumenal	topological_domain
Q9VUW9	342-345	ECO:0000305	Cytoplasmic	topological_domain
Q9VUW9	367-373	ECO:0000305	Lumenal	topological_domain
Q9VUW9	395-472	ECO:0000305	Cytoplasmic	topological_domain
Q9VUW9	494-520	ECO:0000305	Lumenal	topological_domain
Q9VUW9	542-637	ECO:0000305	Cytoplasmic	topological_domain
Q9VVA8	1-18	ECO:0000305|PubMed:28716842	Cytoplasmic	topological_domain
Q9VVA8	40-53	ECO:0000305|PubMed:28716842	Cytoplasmic	topological_domain
Q9VVA8	75-78	ECO:0000305|PubMed:28716842	Perinuclear space	topological_domain
Q9VVF3	1-38	ECO:0000255	Cytoplasmic	topological_domain
Q9VVF3	163-181	ECO:0000255	Extracellular	topological_domain
Q9VVF3	203-274	ECO:0000255	Cytoplasmic	topological_domain
Q9VVF3	296-303	ECO:0000255	Extracellular	topological_domain
Q9VVF3	325-380	ECO:0000255	Cytoplasmic	topological_domain
Q9VVF3	402-404	ECO:0000255	Extracellular	topological_domain
Q9VVF3	60-67	ECO:0000255	Extracellular	topological_domain
Q9VVF3	89-141	ECO:0000255	Cytoplasmic	topological_domain
Q9VVH9	1-174	ECO:0000305	Cytoplasmic	topological_domain
Q9VVH9	196-213	ECO:0000305	Extracellular	topological_domain
Q9VVH9	235-242	ECO:0000305	Cytoplasmic	topological_domain
Q9VVH9	264-332	ECO:0000305	Extracellular	topological_domain
Q9VVH9	354-373	ECO:0000305	Cytoplasmic	topological_domain
Q9VVH9	395-413	ECO:0000305	Extracellular	topological_domain
Q9VVH9	435-488	ECO:0000305	Cytoplasmic	topological_domain
Q9VVH9	510-522	ECO:0000305	Extracellular	topological_domain
Q9VVH9	544-553	ECO:0000305	Cytoplasmic	topological_domain
Q9VVH9	575-667	ECO:0000305	Extracellular	topological_domain
Q9VVH9	689-707	ECO:0000305	Cytoplasmic	topological_domain
Q9VVH9	729-756	ECO:0000305	Extracellular	topological_domain
Q9VVH9	778-819	ECO:0000305	Cytoplasmic	topological_domain
Q9VVL1	1-335	ECO:0000305	Extracellular	topological_domain
Q9VVL1	357-374	ECO:0000305	Cytoplasmic	topological_domain
Q9VVL1	396-402	ECO:0000305	Extracellular	topological_domain
Q9VVL1	424-592	ECO:0000305	Cytoplasmic	topological_domain
Q9VVL1	614-629	ECO:0000305	Extracellular	topological_domain
Q9VVT9	1-115	ECO:0000305	Extracellular	topological_domain
Q9VVT9	137-153	ECO:0000305	Cytoplasmic	topological_domain
Q9VVT9	175-181	ECO:0000305	Extracellular	topological_domain
Q9VVV2	1-44	ECO:0000255	Extracellular	topological_domain
Q9VVV2	106	ECO:0000255	Extracellular	topological_domain
Q9VVV2	128-177	ECO:0000255	Cytoplasmic	topological_domain
Q9VVV2	199-208	ECO:0000255	Extracellular	topological_domain
Q9VVV2	230-247	ECO:0000255	Cytoplasmic	topological_domain
Q9VVV2	266-287	ECO:0000255	Extracellular	topological_domain
Q9VVV2	309-328	ECO:0000255	Cytoplasmic	topological_domain
Q9VVV2	66-84	ECO:0000255	Cytoplasmic	topological_domain
Q9VVX3	23-315	ECO:0000255	Extracellular	topological_domain
Q9VVX3	337-352	ECO:0000255	Cytoplasmic	topological_domain
Q9VVX3	374-397	ECO:0000255	Extracellular	topological_domain
Q9VVX3	419-439	ECO:0000255	Cytoplasmic	topological_domain
Q9VVX3	461-482	ECO:0000255	Extracellular	topological_domain
Q9VVX3	504-534	ECO:0000255	Cytoplasmic	topological_domain
Q9VVX3	556-584	ECO:0000255	Extracellular	topological_domain
Q9VVX3	606-694	ECO:0000255	Cytoplasmic	topological_domain
Q9VW60	1045-1307	ECO:0000255	Cytoplasmic	topological_domain
Q9VW60	232-828	ECO:0000255	Cytoplasmic	topological_domain
Q9VW71	39-4285	ECO:0000255	Extracellular	topological_domain
Q9VW71	4307-4699	ECO:0000255	Cytoplasmic	topological_domain
Q9VW87	110-128	ECO:0000305|PubMed:22328496	Extracellular	topological_domain
Q9VW87	150-162	ECO:0000269|PubMed:22328496	Cytoplasmic	topological_domain
Q9VW87	2-6	ECO:0000305|PubMed:22328496	Cytoplasmic	topological_domain
Q9VW87	28-53	ECO:0000305|PubMed:22328496	Extracellular	topological_domain
Q9VW87	75-88	ECO:0000305|PubMed:22328496	Cytoplasmic	topological_domain
Q9VWE0	24-889	ECO:0000255	Extracellular	topological_domain
Q9VWE0	911-1282	ECO:0000255	Cytoplasmic	topological_domain
Q9VWE9	1-32	ECO:0000255	Cytoplasmic	topological_domain
Q9VWE9	62-68	ECO:0000255	Extracellular	topological_domain
Q9VWH8	27-53	ECO:0000255	Extracellular	topological_domain
Q9VWH8	72	ECO:0000255	Cytoplasmic	topological_domain
Q9VWL5	1-21	ECO:0000255	Cytoplasmic	topological_domain
Q9VWL5	184-238	ECO:0000255	Cytoplasmic	topological_domain
Q9VWL5	260-320	ECO:0000255	Extracellular	topological_domain
Q9VWL5	342-419	ECO:0000255	Cytoplasmic	topological_domain
Q9VWL5	43-162	ECO:0000255	Extracellular	topological_domain
Q9VWS4	223-343	ECO:0000305	Cytoplasmic	topological_domain
Q9VWS4	77-201	ECO:0000305	Extracellular	topological_domain
Q9VXD9	357-365	ECO:0000255	Cytoplasmic	topological_domain
Q9VXD9	38-335	ECO:0000255	Extracellular	topological_domain
Q9VXD9	387-403	ECO:0000255	Extracellular	topological_domain
Q9VXD9	425-441	ECO:0000255	Cytoplasmic	topological_domain
Q9VXD9	463-488	ECO:0000255	Extracellular	topological_domain
Q9VXD9	510-540	ECO:0000255	Cytoplasmic	topological_domain
Q9VXD9	562	ECO:0000255	Extracellular	topological_domain
Q9VXD9	584-676	ECO:0000255	Cytoplasmic	topological_domain
Q9VXL0	1-38	ECO:0000255	Cytoplasmic	topological_domain
Q9VXL0	162-195	ECO:0000255	Extracellular	topological_domain
Q9VXL0	217-273	ECO:0000255	Cytoplasmic	topological_domain
Q9VXL0	295-299	ECO:0000255	Extracellular	topological_domain
Q9VXL0	321-385	ECO:0000255	Cytoplasmic	topological_domain
Q9VXL0	407-418	ECO:0000255	Extracellular	topological_domain
Q9VXL0	60-70	ECO:0000255	Extracellular	topological_domain
Q9VXL0	92-140	ECO:0000255	Cytoplasmic	topological_domain
Q9VXM0	1910-2009	ECO:0000305	Cytoplasmic	topological_domain
Q9VXM0	23-1888	ECO:0000305	Extracellular	topological_domain
Q9VY86	176-189	ECO:0000305	Cytoplasmic	topological_domain
Q9VY86	19-154	ECO:0000305	Extracellular	topological_domain
Q9VY86	211-224	ECO:0000305	Extracellular	topological_domain
Q9VYB7	1-9	ECO:0000255	Cytoplasmic	topological_domain
Q9VYB7	31-499	ECO:0000255	Lumenal	topological_domain
Q9VYN8	1-167	ECO:0000255	Cytoplasmic	topological_domain
Q9VYN8	189-3004	ECO:0000255	Extracellular	topological_domain
Q9VYV5	1-17	ECO:0000255	Cytoplasmic	topological_domain
Q9VYV5	39-619	ECO:0000255	Lumenal	topological_domain
Q9VYY2	1-49	ECO:0000250|UniProtKB:Q28250	Cytoplasmic	topological_domain
Q9VYY2	105-199	ECO:0000250|UniProtKB:Q28250	Cytoplasmic	topological_domain
Q9VYY2	73-81	ECO:0000250|UniProtKB:Q28250	Lumenal	topological_domain
Q9VYZ1	1-45	ECO:0000255	Cytoplasmic	topological_domain
Q9VYZ1	165-189	ECO:0000255	Extracellular	topological_domain
Q9VYZ1	211-281	ECO:0000255	Cytoplasmic	topological_domain
Q9VYZ1	303-308	ECO:0000255	Extracellular	topological_domain
Q9VYZ1	330-372	ECO:0000255	Cytoplasmic	topological_domain
Q9VYZ1	394-406	ECO:0000255	Extracellular	topological_domain
Q9VYZ1	67-74	ECO:0000255	Extracellular	topological_domain
Q9VYZ1	96-143	ECO:0000255	Cytoplasmic	topological_domain
Q9VYZ2	1-8	ECO:0000250	Cytoplasmic	topological_domain
Q9VYZ2	104-132	ECO:0000250	Cytoplasmic	topological_domain
Q9VYZ2	154-170	ECO:0000250	Extracellular	topological_domain
Q9VYZ2	192-230	ECO:0000250	Cytoplasmic	topological_domain
Q9VYZ2	252-273	ECO:0000250	Extracellular	topological_domain
Q9VYZ2	295-350	ECO:0000250	Cytoplasmic	topological_domain
Q9VYZ2	30-82	ECO:0000250	Extracellular	topological_domain
Q9VYZ2	372-373	ECO:0000250	Extracellular	topological_domain
Q9VZ21	147-151	ECO:0000305	Cytoplasmic	topological_domain
Q9VZ21	20-125	ECO:0000305	Extracellular	topological_domain
Q9VZJ6	1-11	ECO:0000250	Cytoplasmic	topological_domain
Q9VZJ6	159-193	ECO:0000250	Cytoplasmic	topological_domain
Q9VZJ6	215-302	ECO:0000250	Extracellular	topological_domain
Q9VZJ6	324-374	ECO:0000250	Cytoplasmic	topological_domain
Q9VZJ6	33-45	ECO:0000250	Extracellular	topological_domain
Q9VZJ6	396-417	ECO:0000250	Extracellular	topological_domain
Q9VZJ6	67-77	ECO:0000250	Cytoplasmic	topological_domain
Q9VZJ6	99-137	ECO:0000250	Extracellular	topological_domain
Q9VZJ9	1-3	ECO:0000250|UniProtKB:Q969V5	Cytoplasmic	topological_domain
Q9VZJ9	249-338	ECO:0000250|UniProtKB:Q969V5	Cytoplasmic	topological_domain
Q9VZJ9	25-227	ECO:0000250|UniProtKB:Q969V5	Mitochondrial intermembrane	topological_domain
Q9VZL7	1-129	ECO:0000250	Cytoplasmic	topological_domain
Q9VZL7	151-166	ECO:0000250	Extracellular	topological_domain
Q9VZL7	188-222	ECO:0000250	Cytoplasmic	topological_domain
Q9VZL7	244-265	ECO:0000250	Extracellular	topological_domain
Q9VZL7	286-324	ECO:0000250	Cytoplasmic	topological_domain
Q9VZL7	346-350	ECO:0000250	Extracellular	topological_domain
Q9VZL7	372-436	ECO:0000250	Cytoplasmic	topological_domain
Q9VZL7	458-512	ECO:0000250	Extracellular	topological_domain
Q9VZW5	1-117	ECO:0000255	Extracellular	topological_domain
Q9VZW5	139-158	ECO:0000255	Cytoplasmic	topological_domain
Q9VZW5	180-181	ECO:0000255	Extracellular	topological_domain
Q9VZW5	203-238	ECO:0000255	Cytoplasmic	topological_domain
Q9VZW5	260-289	ECO:0000255	Extracellular	topological_domain
Q9VZW5	311-341	ECO:0000255	Cytoplasmic	topological_domain
Q9VZW5	363-376	ECO:0000255	Extracellular	topological_domain
Q9VZW5	398-549	ECO:0000255	Cytoplasmic	topological_domain
Q9VZW8	1-43	ECO:0000255	Cytoplasmic	topological_domain
Q9VZW8	172-217	ECO:0000255	Extracellular	topological_domain
Q9VZW8	239-296	ECO:0000255	Cytoplasmic	topological_domain
Q9VZW8	318-320	ECO:0000255	Extracellular	topological_domain
Q9VZW8	342-387	ECO:0000255	Cytoplasmic	topological_domain
Q9VZW8	409-420	ECO:0000255	Extracellular	topological_domain
Q9VZW8	65-76	ECO:0000255	Extracellular	topological_domain
Q9VZW8	98-150	ECO:0000255	Cytoplasmic	topological_domain
Q9W056	1-48	ECO:0000305	Cytoplasmic	topological_domain
Q9W056	102-136	ECO:0000305	Cytoplasmic	topological_domain
Q9W056	158-167	ECO:0000305	Extracellular	topological_domain
Q9W056	189-199	ECO:0000305	Cytoplasmic	topological_domain
Q9W056	221-237	ECO:0000305	Extracellular	topological_domain
Q9W056	259-272	ECO:0000305	Cytoplasmic	topological_domain
Q9W056	294-320	ECO:0000305	Extracellular	topological_domain
Q9W056	342-357	ECO:0000305	Cytoplasmic	topological_domain
Q9W056	379-382	ECO:0000305	Extracellular	topological_domain
Q9W056	404-420	ECO:0000305	Cytoplasmic	topological_domain
Q9W056	442-451	ECO:0000305	Extracellular	topological_domain
Q9W056	70-80	ECO:0000305	Extracellular	topological_domain
Q9W0A0	17-800	ECO:0000305	Extracellular	topological_domain
Q9W0A0	822-1031	ECO:0000305	Cytoplasmic	topological_domain
Q9W0C1	1-106	ECO:0000305	Cytoplasmic	topological_domain
Q9W0C1	128-183	ECO:0000305	Vesicular	topological_domain
Q9W0G1	1-525	ECO:0000305	Cytoplasmic	topological_domain
Q9W0G1	546-548	ECO:0000305	Extracellular	topological_domain
Q9W0I6	1-523	ECO:0000250|UniProtKB:P32368	Cytoplasmic	topological_domain
Q9W0I6	545-552	ECO:0000250|UniProtKB:P32368	Lumenal	topological_domain
Q9W0I6	574-592	ECO:0000250|UniProtKB:P32368	Cytoplasmic	topological_domain
Q9W0M2	1-78	ECO:0000250	Cytoplasmic	topological_domain
Q9W0M2	100-111	ECO:0000250	Extracellular	topological_domain
Q9W0M2	133-164	ECO:0000250	Cytoplasmic	topological_domain
Q9W0M2	186-214	ECO:0000250	Extracellular	topological_domain
Q9W0M2	236-237	ECO:0000250	Cytoplasmic	topological_domain
Q9W0M2	259-304	ECO:0000250	Extracellular	topological_domain
Q9W0M2	326-334	ECO:0000250	Cytoplasmic	topological_domain
Q9W0M2	356-436	ECO:0000250	Extracellular	topological_domain
Q9W0R5	272-280	ECO:0000255	Cytoplasmic	topological_domain
Q9W0R5	302-312	ECO:0000255	Extracellular	topological_domain
Q9W0R5	33-250	ECO:0000255	Extracellular	topological_domain
Q9W0R5	334-353	ECO:0000255	Cytoplasmic	topological_domain
Q9W0R5	375-404	ECO:0000255	Extracellular	topological_domain
Q9W0R5	426-466	ECO:0000255	Cytoplasmic	topological_domain
Q9W0R5	488-498	ECO:0000255	Extracellular	topological_domain
Q9W0R5	520-585	ECO:0000255	Cytoplasmic	topological_domain
Q9W0R6	20-207	ECO:0000255	Extracellular	topological_domain
Q9W0R6	229-242	ECO:0000255	Cytoplasmic	topological_domain
Q9W0R6	264-276	ECO:0000255	Extracellular	topological_domain
Q9W0R6	298-314	ECO:0000255	Cytoplasmic	topological_domain
Q9W0R6	336-360	ECO:0000255	Extracellular	topological_domain
Q9W0R6	382-403	ECO:0000255	Cytoplasmic	topological_domain
Q9W0R6	425-438	ECO:0000255	Extracellular	topological_domain
Q9W0R6	460-513	ECO:0000255	Cytoplasmic	topological_domain
Q9W0S3	149-409	ECO:0000255	Mitochondrial intermembrane	topological_domain
Q9W0S3	43-127	ECO:0000255	Mitochondrial matrix	topological_domain
Q9W0T5	1-491	ECO:0000255	Cytoplasmic	topological_domain
Q9W0T5	513-525	ECO:0000255	Extracellular	topological_domain
Q9W0T5	547-565	ECO:0000255	Cytoplasmic	topological_domain
Q9W0T5	585-601	ECO:0000255	Extracellular	topological_domain
Q9W0T5	623-638	ECO:0000255	Cytoplasmic	topological_domain
Q9W0T5	660-701	ECO:0000255	Extracellular	topological_domain
Q9W0T5	723-956	ECO:0000255	Cytoplasmic	topological_domain
Q9W0V7	22-218	ECO:0000255	Extracellular	topological_domain
Q9W0V7	240-245	ECO:0000255	Cytoplasmic	topological_domain
Q9W0V7	267-282	ECO:0000255	Extracellular	topological_domain
Q9W0V7	304-317	ECO:0000255	Cytoplasmic	topological_domain
Q9W0V7	339-362	ECO:0000255	Extracellular	topological_domain
Q9W0V7	384-411	ECO:0000255	Cytoplasmic	topological_domain
Q9W0V7	433-441	ECO:0000255	Extracellular	topological_domain
Q9W0V7	463-492	ECO:0000255	Cytoplasmic	topological_domain
Q9W0Y6	1-490	ECO:0000255	Cytoplasmic	topological_domain
Q9W0Y6	512-523	ECO:0000255	Extracellular	topological_domain
Q9W0Y6	545-555	ECO:0000255	Cytoplasmic	topological_domain
Q9W0Y6	577-586	ECO:0000255	Extracellular	topological_domain
Q9W0Y6	608-628	ECO:0000255	Cytoplasmic	topological_domain
Q9W0Y6	650-708	ECO:0000255	Extracellular	topological_domain
Q9W0Y6	730-913	ECO:0000255	Cytoplasmic	topological_domain
Q9W0Y8	1-121	ECO:0000305	Cytoplasmic	topological_domain
Q9W0Y8	146-151	ECO:0000305	Extracellular	topological_domain
Q9W0Y8	173-183	ECO:0000305	Cytoplasmic	topological_domain
Q9W0Y8	1764-1789	ECO:0000305	Extracellular	topological_domain
Q9W0Y8	1811-1813	ECO:0000305	Cytoplasmic	topological_domain
Q9W0Y8	1835-1839	ECO:0000305	Extracellular	topological_domain
Q9W0Y8	1862-1880	ECO:0000305	Cytoplasmic	topological_domain
Q9W0Y8	1903-1943	ECO:0000305	Extracellular	topological_domain
Q9W0Y8	1966-1981	ECO:0000305	Extracellular	topological_domain
Q9W0Y8	2003-2069	ECO:0000305	Cytoplasmic	topological_domain
Q9W0Y8	203-208	ECO:0000305	Extracellular	topological_domain
Q9W0Y8	2091-2095	ECO:0000305	Extracellular	topological_domain
Q9W0Y8	2117-2132	ECO:0000305	Cytoplasmic	topological_domain
Q9W0Y8	2154-2162	ECO:0000305	Extracellular	topological_domain
Q9W0Y8	2185-2199	ECO:0000305	Cytoplasmic	topological_domain
Q9W0Y8	2221-2236	ECO:0000305	Extracellular	topological_domain
Q9W0Y8	2260-2288	ECO:0000305	Extracellular	topological_domain
Q9W0Y8	229-244	ECO:0000305	Cytoplasmic	topological_domain
Q9W0Y8	2310-2844	ECO:0000305	Cytoplasmic	topological_domain
Q9W0Y8	266-340	ECO:0000305	Extracellular	topological_domain
Q9W0Y8	366-374	ECO:0000305	Extracellular	topological_domain
Q9W0Y8	396-687	ECO:0000305	Cytoplasmic	topological_domain
Q9W0Y8	709-718	ECO:0000305	Extracellular	topological_domain
Q9W0Y8	744-749	ECO:0000305	Cytoplasmic	topological_domain
Q9W0Y8	770-775	ECO:0000305	Extracellular	topological_domain
Q9W0Y8	796-810	ECO:0000305	Cytoplasmic	topological_domain
Q9W0Y8	833-852	ECO:0000305	Extracellular	topological_domain
Q9W0Y8	874-889	ECO:0000305	Extracellular	topological_domain
Q9W0Y8	911-1742	ECO:0000305	Cytoplasmic	topological_domain
Q9W145	1-63	ECO:0000305	Cytoplasmic	topological_domain
Q9W145	128-130	ECO:0000305	Cytoplasmic	topological_domain
Q9W145	154-161	ECO:0000305	Extracellular	topological_domain
Q9W145	183-583	ECO:0000305	Cytoplasmic	topological_domain
Q9W145	85-104	ECO:0000305	Extracellular	topological_domain
Q9W1M8	951-1000	ECO:0000255	Cytoplasmic	topological_domain
Q9W1M8	?-929	ECO:0000255	Extracellular	topological_domain
Q9W1N5	1-36	ECO:0000250	Cytoplasmic	topological_domain
Q9W1N5	121-154	ECO:0000250	Extracellular	topological_domain
Q9W1N5	176-189	ECO:0000250	Cytoplasmic	topological_domain
Q9W1N5	211-259	ECO:0000250	Extracellular	topological_domain
Q9W1N5	281-364	ECO:0000250	Cytoplasmic	topological_domain
Q9W1N5	386-406	ECO:0000250	Extracellular	topological_domain
Q9W1N5	58-69	ECO:0000250	Extracellular	topological_domain
Q9W1N5	91-99	ECO:0000250	Cytoplasmic	topological_domain
Q9W1N6	1-33	ECO:0000250	Cytoplasmic	topological_domain
Q9W1N6	142-206	ECO:0000250	Extracellular	topological_domain
Q9W1N6	228-250	ECO:0000250	Cytoplasmic	topological_domain
Q9W1N6	272-282	ECO:0000250	Extracellular	topological_domain
Q9W1N6	304-361	ECO:0000250	Cytoplasmic	topological_domain
Q9W1N6	383-399	ECO:0000250	Extracellular	topological_domain
Q9W1N6	55-65	ECO:0000250	Extracellular	topological_domain
Q9W1N6	87-120	ECO:0000250	Cytoplasmic	topological_domain
Q9W1P7	1-46	ECO:0000255	Cytoplasmic	topological_domain
Q9W1P7	108-139	ECO:0000255	Cytoplasmic	topological_domain
Q9W1P7	161-185	ECO:0000255	Extracellular	topological_domain
Q9W1P7	207-271	ECO:0000255	Cytoplasmic	topological_domain
Q9W1P7	293-296	ECO:0000255	Extracellular	topological_domain
Q9W1P7	318-369	ECO:0000255	Cytoplasmic	topological_domain
Q9W1P7	391-411	ECO:0000255	Extracellular	topological_domain
Q9W1P7	68-86	ECO:0000255	Extracellular	topological_domain
Q9W1P8	1-46	ECO:0000255	Cytoplasmic	topological_domain
Q9W1P8	106-141	ECO:0000255	Cytoplasmic	topological_domain
Q9W1P8	163-179	ECO:0000255	Extracellular	topological_domain
Q9W1P8	201-269	ECO:0000255	Cytoplasmic	topological_domain
Q9W1P8	291-293	ECO:0000255	Extracellular	topological_domain
Q9W1P8	315-348	ECO:0000255	Cytoplasmic	topological_domain
Q9W1P8	370-398	ECO:0000255	Extracellular	topological_domain
Q9W1P8	68-84	ECO:0000255	Extracellular	topological_domain
Q9W1U5	1-3	ECO:0000250	Cytoplasmic	topological_domain
Q9W1U5	188-259	ECO:0000250	Cytoplasmic	topological_domain
Q9W1U5	25-39	ECO:0000250	Extracellular	topological_domain
Q9W1U5	281-284	ECO:0000250	Extracellular	topological_domain
Q9W1U5	306-372	ECO:0000250	Cytoplasmic	topological_domain
Q9W1U5	394-397	ECO:0000250	Extracellular	topological_domain
Q9W1U5	61-75	ECO:0000250	Cytoplasmic	topological_domain
Q9W1U5	97-166	ECO:0000250	Extracellular	topological_domain
Q9W266	21-451	ECO:0000305	Extracellular	topological_domain
Q9W266	473-677	ECO:0000305	Cytoplasmic	topological_domain
Q9W2B1	1-44	ECO:0000250	Cytoplasmic	topological_domain
Q9W2B1	104-150	ECO:0000250	Cytoplasmic	topological_domain
Q9W2B1	172-193	ECO:0000250	Extracellular	topological_domain
Q9W2B1	215-245	ECO:0000250	Cytoplasmic	topological_domain
Q9W2B1	267-284	ECO:0000250	Extracellular	topological_domain
Q9W2B1	306-364	ECO:0000250	Cytoplasmic	topological_domain
Q9W2B1	386-408	ECO:0000250	Extracellular	topological_domain
Q9W2B1	66-82	ECO:0000250	Extracellular	topological_domain
Q9W2H1	121-124	ECO:0000305	Cytoplasmic	topological_domain
Q9W2H1	146-178	ECO:0000305	Extracellular	topological_domain
Q9W2H1	19-99	ECO:0000305	Extracellular	topological_domain
Q9W2U9	1-41	ECO:0000255	Cytoplasmic	topological_domain
Q9W2U9	163-202	ECO:0000255	Extracellular	topological_domain
Q9W2U9	224-268	ECO:0000255	Cytoplasmic	topological_domain
Q9W2U9	290-297	ECO:0000255	Extracellular	topological_domain
Q9W2U9	319-362	ECO:0000255	Cytoplasmic	topological_domain
Q9W2U9	384-392	ECO:0000255	Extracellular	topological_domain
Q9W2U9	63-74	ECO:0000255	Extracellular	topological_domain
Q9W2U9	96-141	ECO:0000255	Cytoplasmic	topological_domain
Q9W345	1-9	ECO:0000305	Cytoplasmic	topological_domain
Q9W345	164-177	ECO:0000305	Extracellular	topological_domain
Q9W345	199-934	ECO:0000305	Cytoplasmic	topological_domain
Q9W345	31-47	ECO:0000305	Extracellular	topological_domain
Q9W345	69-142	ECO:0000305	Cytoplasmic	topological_domain
Q9W367	1-38	ECO:0000255	Cytoplasmic	topological_domain
Q9W367	153-154	ECO:0000255	Extracellular	topological_domain
Q9W367	176-248	ECO:0000255	Cytoplasmic	topological_domain
Q9W367	270-284	ECO:0000255	Extracellular	topological_domain
Q9W367	306-347	ECO:0000255	Cytoplasmic	topological_domain
Q9W367	373-385	ECO:0000255	Extracellular	topological_domain
Q9W367	60-69	ECO:0000255	Extracellular	topological_domain
Q9W367	91-131	ECO:0000255	Cytoplasmic	topological_domain
Q9W3I5	1-50	ECO:0000255	Cytoplasmic	topological_domain
Q9W3I5	111-144	ECO:0000255	Cytoplasmic	topological_domain
Q9W3I5	166-186	ECO:0000255	Extracellular	topological_domain
Q9W3I5	208-281	ECO:0000255	Cytoplasmic	topological_domain
Q9W3I5	303-309	ECO:0000255	Extracellular	topological_domain
Q9W3I5	331-369	ECO:0000255	Cytoplasmic	topological_domain
Q9W3I5	391-413	ECO:0000255	Extracellular	topological_domain
Q9W3I5	72-89	ECO:0000255	Extracellular	topological_domain
Q9W3T5	1-20	ECO:0000250|UniProtKB:Q8WVI0	Mitochondrial matrix	topological_domain
Q9W3T5	44-79	ECO:0000250|UniProtKB:Q8WVI0	Mitochondrial intermembrane	topological_domain
Q9W3T7	148-149	ECO:0000305	Cytoplasmic	topological_domain
Q9W3T7	32-126	ECO:0000305	Extracellular	topological_domain
Q9W436	1-113	ECO:0000305	Cytoplasmic	topological_domain
Q9W436	135-849	ECO:0000305	Extracellular	topological_domain
Q9W495	1-7	ECO:0000255	Cytoplasmic	topological_domain
Q9W495	29-628	ECO:0000255	Lumenal	topological_domain
Q9W495	650-709	ECO:0000255	Cytoplasmic	topological_domain
Q9W495	731-774	ECO:0000255	Lumenal	topological_domain
Q9W495	796-867	ECO:0000255	Cytoplasmic	topological_domain
Q9W495	889-895	ECO:0000255	Lumenal	topological_domain
Q9W495	917-929	ECO:0000255	Cytoplasmic	topological_domain
Q9W495	951-954	ECO:0000255	Lumenal	topological_domain
Q9W495	976-980	ECO:0000255	Cytoplasmic	topological_domain
Q9W497	1-56	ECO:0000250	Cytoplasmic	topological_domain
Q9W497	200-214	ECO:0000250	Cytoplasmic	topological_domain
Q9W497	236-240	ECO:0000250	Extracellular	topological_domain
Q9W497	262-305	ECO:0000250	Cytoplasmic	topological_domain
Q9W497	327-338	ECO:0000250	Extracellular	topological_domain
Q9W497	360-410	ECO:0000250	Cytoplasmic	topological_domain
Q9W497	432-444	ECO:0000250	Extracellular	topological_domain
Q9W497	78-178	ECO:0000250	Extracellular	topological_domain
Q9W4C5	1-40	ECO:0000255	Cytoplasmic	topological_domain
Q9W4V8	80-428	ECO:0000255	Mitochondrial intermembrane	topological_domain
Q9W4V8	?-58	ECO:0000255	Mitochondrial matrix	topological_domain
Q9W4Y2	1-244	ECO:0000255	Extracellular	topological_domain
Q9W4Y2	266-274	ECO:0000255	Cytoplasmic	topological_domain
Q9W4Y2	296-334	ECO:0000255	Extracellular	topological_domain
Q9W4Y2	356-366	ECO:0000255	Cytoplasmic	topological_domain
Q9W4Y2	388-411	ECO:0000255	Extracellular	topological_domain
Q9W4Y2	433-449	ECO:0000255	Cytoplasmic	topological_domain
Q9W4Y2	471-480	ECO:0000255	Extracellular	topological_domain
Q9W4Y2	502-669	ECO:0000255	Cytoplasmic	topological_domain
Q9W534	1-40	ECO:0000255	Extracellular	topological_domain
Q9W534	133-152	ECO:0000255	Cytoplasmic	topological_domain
Q9W534	174-202	ECO:0000255	Extracellular	topological_domain
Q9W534	224-313	ECO:0000255	Cytoplasmic	topological_domain
Q9W534	335-345	ECO:0000255	Extracellular	topological_domain
Q9W534	367-670	ECO:0000255	Cytoplasmic	topological_domain
Q9W534	62-69	ECO:0000255	Cytoplasmic	topological_domain
Q9W534	91-111	ECO:0000255	Extracellular	topological_domain
Q9W594	1-40	ECO:0000250	Cytoplasmic	topological_domain
Q9W594	167-173	ECO:0000250	Cytoplasmic	topological_domain
Q9W594	195-250	ECO:0000250	Extracellular	topological_domain
Q9W594	272-300	ECO:0000250	Cytoplasmic	topological_domain
Q9W594	322-349	ECO:0000250	Extracellular	topological_domain
Q9W594	371-395	ECO:0000250	Cytoplasmic	topological_domain
Q9W594	417-428	ECO:0000250	Extracellular	topological_domain
Q9W594	62-145	ECO:0000250	Extracellular	topological_domain
Q9W5A5	1-54	ECO:0000305	Extracellular	topological_domain
Q9W5A5	117-231	ECO:0000305	Extracellular	topological_domain
Q9W5A5	253-258	ECO:0000305	Cytoplasmic	topological_domain
Q9W5A5	280-401	ECO:0000305	Extracellular	topological_domain
Q9W5A5	423-655	ECO:0000305	Cytoplasmic	topological_domain
Q9W5A5	76-95	ECO:0000305	Cytoplasmic	topological_domain
Q9W5G6	1-39	ECO:0000255	Cytoplasmic	topological_domain
Q9W5G6	147-177	ECO:0000255	Extracellular	topological_domain
Q9W5G6	199-256	ECO:0000255	Cytoplasmic	topological_domain
Q9W5G6	278-287	ECO:0000255	Extracellular	topological_domain
Q9W5G6	309-359	ECO:0000255	Cytoplasmic	topological_domain
Q9W5G6	381-392	ECO:0000255	Extracellular	topological_domain
Q9W5G6	61-75	ECO:0000255	Extracellular	topological_domain
Q9W5G6	93-125	ECO:0000255	Cytoplasmic	topological_domain
Q9W5Y0	1-52	ECO:0000305	Cytoplasmic	topological_domain
Q9W5Y0	74-786	ECO:0000305	Extracellular	topological_domain
Q9XY35	1-15	ECO:0000250|UniProtKB:P22289	Mitochondrial matrix	topological_domain
Q9XY35	42-55	ECO:0000250|UniProtKB:P22289	Chloroplast intermembrane	topological_domain
Q9XZ08	1-55	ECO:0000255	Cytoplasmic	topological_domain
Q9XZ08	77-972	ECO:0000255	Lumenal	topological_domain
Q9XZ14	1-127	ECO:0000305	Cytoplasmic	topological_domain
Q9XZ14	149-879	ECO:0000305	Extracellular	topological_domain
Q9Y0E4	1-2215	ECO:0000255|PROSITE-ProRule:PRU00385	Cytoplasmic	topological_domain
Q9Y0E4	2237-2262	ECO:0000255|PROSITE-ProRule:PRU00385	Perinuclear space	topological_domain
Q9Y117	1-12	ECO:0000255	Cytoplasmic	topological_domain
Q9Y117	36-667	ECO:0000255	Lumenal	topological_domain
Q9Y140	1-17	ECO:0000255	Cytoplasmic	topological_domain
Q9Y140	39-326	ECO:0000255	Peroxisomal	topological_domain
Q9Y169	1-25	ECO:0000255	Cytoplasmic	topological_domain
Q9Y169	47-717	ECO:0000255	Lumenal	topological_domain
