entry	pos	evidence	origin
A0A0B7P9G0	364-370	ECO:0007829|PDB:8CT8	helix
A0A0B7P9G0	371-373	ECO:0007829|PDB:8CT8	helix
A0A0B7P9G0	376-378	ECO:0007829|PDB:8CT8	helix
A0A0B7P9G0	397-404	ECO:0007829|PDB:8CT8	helix
A0A0B7P9G0	427-430	ECO:0007829|PDB:8CT8	helix
A0A0B7P9G0	441-448	ECO:0007829|PDB:8CT8	helix
A0A0B7P9G0	461-470	ECO:0007829|PDB:8CT8	helix
A0A0B7P9G0	500-508	ECO:0007829|PDB:8CT8	helix
A1Z6E0	108-110	ECO:0007829|PDB:2FNJ	helix
A1Z6E0	239-247	ECO:0007829|PDB:2FNJ	helix
A1Z6E0	37-44	ECO:0007829|PDB:2FNJ	helix
A1Z6E0	50-55	ECO:0007829|PDB:2FNJ	helix
A1Z9P3	1398-1445	ECO:0007829|PDB:3THF	helix
A1Z9P3	1448-1527	ECO:0007829|PDB:3THF	helix
A1Z9P3	1530-1567	ECO:0007829|PDB:3THF	helix
A1ZAC4	300-306	ECO:0007829|PDB:7CFB	helix
A1ZAC4	311-313	ECO:0007829|PDB:7CFB	helix
A1ZAC4	341-343	ECO:0007829|PDB:7CFB	helix
A1ZAC4	344-350	ECO:0007829|PDB:7CFB	helix
A1ZAC4	417-420	ECO:0007829|PDB:7CFB	helix
A1ZAC4	436-439	ECO:0007829|PDB:7CFB	helix
A1ZAC4	440-442	ECO:0007829|PDB:7CFB	helix
A1ZAC4	485-498	ECO:0007829|PDB:7CFB	helix
A1ZAC4	503-506	ECO:0007829|PDB:7CFB	helix
A1ZAC4	600-602	ECO:0007829|PDB:7CFD	helix
A1ZAC4	605-608	ECO:0007829|PDB:7CFD	helix
A1ZAC4	657-659	ECO:0007829|PDB:7CFD	helix
A1ZAC4	665-669	ECO:0007829|PDB:7CFD	helix
A1ZAC4	690-704	ECO:0007829|PDB:7CFD	helix
A1ZAC4	731-738	ECO:0007829|PDB:7CFD	helix
A1ZAW0	10-21	ECO:0007829|PDB:7W0A	helix
A1ZAW0	1025-1027	ECO:0007829|PDB:7W0B	helix
A1ZAW0	1045-1047	ECO:0007829|PDB:7V6C	helix
A1ZAW0	1079-1083	ECO:0007829|PDB:7V6C	helix
A1ZAW0	1088-1090	ECO:0007829|PDB:7V6B	helix
A1ZAW0	1104-1115	ECO:0007829|PDB:7V6B	helix
A1ZAW0	1122-1133	ECO:0007829|PDB:7W0B	helix
A1ZAW0	1145-1148	ECO:0007829|PDB:7W0B	helix
A1ZAW0	116-124	ECO:0007829|PDB:7W0A	helix
A1ZAW0	1175-1181	ECO:0007829|PDB:7W0A	helix
A1ZAW0	1183-1185	ECO:0007829|PDB:7W0A	helix
A1ZAW0	1191-1198	ECO:0007829|PDB:7W0A	helix
A1ZAW0	1210-1231	ECO:0007829|PDB:7W0A	helix
A1ZAW0	1237-1247	ECO:0007829|PDB:7W0A	helix
A1ZAW0	1250-1258	ECO:0007829|PDB:7W0A	helix
A1ZAW0	1263-1265	ECO:0007829|PDB:7W0A	helix
A1ZAW0	1273-1276	ECO:0007829|PDB:7W0A	helix
A1ZAW0	1286-1293	ECO:0007829|PDB:7W0A	helix
A1ZAW0	130-132	ECO:0007829|PDB:7W0A	helix
A1ZAW0	1304-1307	ECO:0007829|PDB:7W0A	helix
A1ZAW0	1314-1318	ECO:0007829|PDB:7W0A	helix
A1ZAW0	1325-1336	ECO:0007829|PDB:7W0A	helix
A1ZAW0	1337-1339	ECO:0007829|PDB:7W0A	helix
A1ZAW0	1349-1352	ECO:0007829|PDB:7W0A	helix
A1ZAW0	1353-1355	ECO:0007829|PDB:7W0A	helix
A1ZAW0	1363-1392	ECO:0007829|PDB:7W0A	helix
A1ZAW0	1404-1409	ECO:0007829|PDB:7W0A	helix
A1ZAW0	141-143	ECO:0007829|PDB:7W0A	helix
A1ZAW0	1417-1419	ECO:0007829|PDB:7W0B	helix
A1ZAW0	1423-1429	ECO:0007829|PDB:7W0A	helix
A1ZAW0	1433-1440	ECO:0007829|PDB:7W0A	helix
A1ZAW0	1448-1454	ECO:0007829|PDB:7W0A	helix
A1ZAW0	1469-1490	ECO:0007829|PDB:7W0A	helix
A1ZAW0	149-155	ECO:0007829|PDB:7W0A	helix
A1ZAW0	1496-1506	ECO:0007829|PDB:7W0A	helix
A1ZAW0	1509-1518	ECO:0007829|PDB:7W0A	helix
A1ZAW0	1522-1524	ECO:0007829|PDB:7W0A	helix
A1ZAW0	1530-1545	ECO:0007829|PDB:7W0A	helix
A1ZAW0	1552-1556	ECO:0007829|PDB:7V6B	helix
A1ZAW0	156-158	ECO:0007829|PDB:7W0A	helix
A1ZAW0	1610-1627	ECO:0007829|PDB:7W0A	helix
A1ZAW0	162-164	ECO:0007829|PDB:7W0A	helix
A1ZAW0	1630-1648	ECO:0007829|PDB:7W0A	helix
A1ZAW0	1656-1661	ECO:0007829|PDB:7V6B	helix
A1ZAW0	1663-1665	ECO:0007829|PDB:7W0B	helix
A1ZAW0	1702-1719	ECO:0007829|PDB:7V6B	helix
A1ZAW0	184-194	ECO:0007829|PDB:7W0A	helix
A1ZAW0	205-211	ECO:0007829|PDB:7W0A	helix
A1ZAW0	233-249	ECO:0007829|PDB:7W0A	helix
A1ZAW0	272-291	ECO:0007829|PDB:7W0A	helix
A1ZAW0	293-313	ECO:0007829|PDB:7W0A	helix
A1ZAW0	317-342	ECO:0007829|PDB:7W0A	helix
A1ZAW0	32-44	ECO:0007829|PDB:7W0A	helix
A1ZAW0	345-347	ECO:0007829|PDB:7W0A	helix
A1ZAW0	351-361	ECO:0007829|PDB:7W0A	helix
A1ZAW0	365-377	ECO:0007829|PDB:7W0A	helix
A1ZAW0	383-385	ECO:0007829|PDB:7W0A	helix
A1ZAW0	395-409	ECO:0007829|PDB:7W0A	helix
A1ZAW0	446-451	ECO:0007829|PDB:7W0A	helix
A1ZAW0	485-492	ECO:0007829|PDB:7W0A	helix
A1ZAW0	508-510	ECO:0007829|PDB:7W0A	helix
A1ZAW0	511-534	ECO:0007829|PDB:7W0A	helix
A1ZAW0	53-55	ECO:0007829|PDB:7W0A	helix
A1ZAW0	544-551	ECO:0007829|PDB:7W0A	helix
A1ZAW0	568-570	ECO:0007829|PDB:7W0A	helix
A1ZAW0	571-579	ECO:0007829|PDB:7W0A	helix
A1ZAW0	599-606	ECO:0007829|PDB:7W0A	helix
A1ZAW0	607-610	ECO:0007829|PDB:7W0A	helix
A1ZAW0	638-655	ECO:0007829|PDB:7W0A	helix
A1ZAW0	668-679	ECO:0007829|PDB:7W0A	helix
A1ZAW0	67-80	ECO:0007829|PDB:7W0A	helix
A1ZAW0	681-686	ECO:0007829|PDB:7W0A	helix
A1ZAW0	694-696	ECO:0007829|PDB:7W0A	helix
A1ZAW0	742-748	ECO:0007829|PDB:7W0A	helix
A1ZAW0	793-809	ECO:0007829|PDB:7W0A	helix
A1ZAW0	846-851	ECO:0007829|PDB:7W0A	helix
A1ZAW0	863-868	ECO:0007829|PDB:7W0A	helix
A1ZAW0	874-877	ECO:0007829|PDB:7W0A	helix
A1ZAW0	90-92	ECO:0007829|PDB:7W0A	helix
A1ZAW0	917-929	ECO:0007829|PDB:7W0A	helix
A1ZAW0	94-96	ECO:0007829|PDB:7W0A	helix
A1ZAW0	961-966	ECO:0007829|PDB:7W0A	helix
A1ZAW0	973-975	ECO:0007829|PDB:7W0A	helix
A1ZAW0	983-990	ECO:0007829|PDB:7W0A	helix
A1ZAW0	99-108	ECO:0007829|PDB:7W0A	helix
A1ZAW0	992-1015	ECO:0007829|PDB:7W0A	helix
A1ZAW5	145-159	ECO:0007829|PDB:4F7U	helix
A1ZAW5	57-59	ECO:0007829|PDB:4F7U	helix
A8DYP0	3221-3223	ECO:0007829|PDB:8AK2	helix
A8DYP0	3224-3234	ECO:0007829|PDB:8AK2	helix
A8DYP0	3267-3270	ECO:0007829|PDB:8AK2	helix
A8DYP0	3272-3274	ECO:0007829|PDB:8AK2	helix
A8DYP0	3280-3299	ECO:0007829|PDB:8AK2	helix
A8DYP0	3309-3311	ECO:0007829|PDB:8AK2	helix
A8DYP0	3346-3348	ECO:0007829|PDB:8AK2	helix
A8DYP0	3351-3354	ECO:0007829|PDB:8AK2	helix
A8DYP0	3362-3377	ECO:0007829|PDB:8AK2	helix
A8DYP0	3387-3396	ECO:0007829|PDB:8AK2	helix
A8DYP0	3404-3408	ECO:0007829|PDB:8AK2	helix
A8DYP0	3411-3418	ECO:0007829|PDB:8AK2	helix
A8DYP0	3425-3427	ECO:0007829|PDB:8AK2	helix
A8DYP0	3431-3435	ECO:0007829|PDB:8AK2	helix
A8DYP0	3438-3444	ECO:0007829|PDB:8AK2	helix
A8DYP0	3457-3471	ECO:0007829|PDB:8AK2	helix
B7Z0E2	214-216	ECO:0007829|PDB:4QQB	helix
B7Z0E2	221-223	ECO:0007829|PDB:6Y6M	helix
B7Z0E2	303-305	ECO:0007829|PDB:6Y6M	helix
B7Z0E2	470-472	ECO:0007829|PDB:6Y6E	helix
B7Z0E2	509-513	ECO:0007829|PDB:6Y6E	helix
B7Z0E2	545-547	ECO:0007829|PDB:6Y6E	helix
B7Z0E2	640-642	ECO:0007829|PDB:6Y6E	helix
B7Z0E2	791-793	ECO:0007829|PDB:7ZHH	helix
B7Z0E2	798-800	ECO:0007829|PDB:7ZHH	helix
B7Z0E2	856-858	ECO:0007829|PDB:7ZHH	helix
B7Z0E2	887-889	ECO:0007829|PDB:7ZHH	helix
B7Z0E2	942-944	ECO:0007829|PDB:7ZHH	helix
B7Z0E2	951-953	ECO:0007829|PDB:7ZHH	helix
M9PH32	1192-1194	ECO:0007829|PDB:7NYQ	helix
M9PH32	969-971	ECO:0007829|PDB:7NYQ	helix
O01382	118-128	ECO:0007829|PDB:3SIR	helix
O01382	141-152	ECO:0007829|PDB:3SIR	helix
O01382	156-158	ECO:0007829|PDB:3SIP	helix
O01382	180-186	ECO:0007829|PDB:3SIR	helix
O01382	189-191	ECO:0007829|PDB:3SIR	helix
O01382	197-199	ECO:0007829|PDB:3SIR	helix
O01382	266-278	ECO:0007829|PDB:3SIR	helix
O01382	284-296	ECO:0007829|PDB:3SIR	helix
O01382	307-309	ECO:0007829|PDB:3SIP	helix
O02193	436-440	ECO:0007829|PDB:2BUD	helix
O02372	102-104	ECO:0007829|PDB:1OOH	helix
O02372	108-110	ECO:0007829|PDB:1OOH	helix
O02372	111-121	ECO:0007829|PDB:1OOH	helix
O02372	124-127	ECO:0007829|PDB:1OOH	helix
O02372	131-145	ECO:0007829|PDB:1OOH	helix
O02372	32-44	ECO:0007829|PDB:1OOH	helix
O02372	47-49	ECO:0007829|PDB:1OOH	helix
O02372	54-61	ECO:0007829|PDB:1OOH	helix
O02372	71-84	ECO:0007829|PDB:1OOH	helix
O02372	95-101	ECO:0007829|PDB:1OOH	helix
O15943	451-453	ECO:0007829|PDB:3UBF	helix
O15943	497-499	ECO:0007829|PDB:3UBF	helix
O15943	787-790	ECO:0007829|PDB:3UBH	helix
O16810	520-528	ECO:0007829|PDB:7JGS	helix
O16810	546-548	ECO:0007829|PDB:7JGS	helix
O16810	551-558	ECO:0007829|PDB:7JGS	helix
O16810	572-588	ECO:0007829|PDB:7JGS	helix
O16810	600-602	ECO:0007829|PDB:4XGC	helix
O16810	604-620	ECO:0007829|PDB:7JGS	helix
O16810	634-636	ECO:0007829|PDB:7JGS	helix
O16810	640-642	ECO:0007829|PDB:7JGS	helix
O16810	643-649	ECO:0007829|PDB:7JGS	helix
O16810	658-669	ECO:0007829|PDB:7JGS	helix
O16810	686-689	ECO:0007829|PDB:7JGS	helix
O16810	696-702	ECO:0007829|PDB:7JGS	helix
O16810	703-705	ECO:0007829|PDB:7JGS	helix
O16810	722-725	ECO:0007829|PDB:7JGS	helix
O16810	729-735	ECO:0007829|PDB:7JGS	helix
O16810	747-758	ECO:0007829|PDB:7JGS	helix
O16810	766-776	ECO:0007829|PDB:7JGS	helix
O16810	783-799	ECO:0007829|PDB:7JGS	helix
O16810	807-817	ECO:0007829|PDB:7JGS	helix
O16810	823-827	ECO:0007829|PDB:7JGS	helix
O16810	831-847	ECO:0007829|PDB:7JGS	helix
O16810	854-868	ECO:0007829|PDB:7JGS	helix
O16810	875-887	ECO:0007829|PDB:7JGS	helix
O16810	910-917	ECO:0007829|PDB:7JGS	helix
O18333	124-126	ECO:0007829|PDB:4RKE	helix
O18333	131-141	ECO:0007829|PDB:4RKE	helix
O18333	156-171	ECO:0007829|PDB:4RKE	helix
O18333	19-28	ECO:0007829|PDB:4RKE	helix
O18333	74-76	ECO:0007829|PDB:4RKE	helix
O18333	91-95	ECO:0007829|PDB:4RKE	helix
O18333	97-106	ECO:0007829|PDB:4RKE	helix
O18334	103-114	ECO:0007829|PDB:2Y8E	helix
O18334	127-132	ECO:0007829|PDB:2Y8E	helix
O18334	137-147	ECO:0007829|PDB:2Y8E	helix
O18334	162-171	ECO:0007829|PDB:2Y8E	helix
O18334	25-34	ECO:0007829|PDB:2Y8E	helix
O18334	72-77	ECO:0007829|PDB:2Y8E	helix
O18334	79-83	ECO:0007829|PDB:2Y8E	helix
O18334	97-101	ECO:0007829|PDB:2Y8E	helix
O44342	102-104	ECO:0007829|PDB:1OVN	helix
O44342	129-139	ECO:0007829|PDB:2C0G	helix
O44342	151-157	ECO:0007829|PDB:2C0G	helix
O44342	160-162	ECO:0007829|PDB:2C0G	helix
O44342	165-181	ECO:0007829|PDB:2C0G	helix
O44342	185-204	ECO:0007829|PDB:2C0G	helix
O44342	207-220	ECO:0007829|PDB:2C0G	helix
O44342	226-241	ECO:0007829|PDB:2C0G	helix
O44342	35-39	ECO:0007829|PDB:2C0G	helix
O44342	57-72	ECO:0007829|PDB:2C0G	helix
O44342	92-97	ECO:0007829|PDB:2C0G	helix
O46043	109-118	ECO:0007829|PDB:8ADK	helix
O46043	124-132	ECO:0007829|PDB:8ADK	helix
O46043	136-138	ECO:0007829|PDB:8ADK	helix
O46043	145-152	ECO:0007829|PDB:8ADK	helix
O46043	157-165	ECO:0007829|PDB:8ADK	helix
O46043	167-176	ECO:0007829|PDB:8ADK	helix
O46043	178-181	ECO:0007829|PDB:8ADK	helix
O46043	201-212	ECO:0007829|PDB:8ADK	helix
O46043	237-241	ECO:0007829|PDB:8ADK	helix
O46043	245-261	ECO:0007829|PDB:8ADK	helix
O46043	285-287	ECO:0007829|PDB:8ADK	helix
O46043	291-293	ECO:0007829|PDB:8ADK	helix
O46043	298-300	ECO:0007829|PDB:8ADK	helix
O46043	311-314	ECO:0007829|PDB:8ADK	helix
O46043	339-346	ECO:0007829|PDB:8ADK	helix
O46043	34-37	ECO:0007829|PDB:8ADK	helix
O46043	348-352	ECO:0007829|PDB:8ADK	helix
O46043	353-356	ECO:0007829|PDB:8ADK	helix
O46043	381-383	ECO:0007829|PDB:8ADK	helix
O46043	417-421	ECO:0007829|PDB:8ADK	helix
O46043	424-437	ECO:0007829|PDB:8ADK	helix
O46043	456-458	ECO:0007829|PDB:8ADK	helix
O46043	462-476	ECO:0007829|PDB:8ADK	helix
O46043	488-503	ECO:0007829|PDB:8ADK	helix
O46043	508-522	ECO:0007829|PDB:8ADK	helix
O46043	534-545	ECO:0007829|PDB:8ADK	helix
O61307	1010-1012	ECO:0007829|PDB:8FIA	helix
O61307	1140-1142	ECO:0007829|PDB:8FIA	helix
O61307	1168-1170	ECO:0007829|PDB:8FIA	helix
O61307	1399-1401	ECO:0007829|PDB:8FIA	helix
O61307	1491-1493	ECO:0007829|PDB:8FIA	helix
O61307	1722-1725	ECO:0007829|PDB:8FIA	helix
O61307	1729-1734	ECO:0007829|PDB:8FIA	helix
O61307	1963-1965	ECO:0007829|PDB:8FIA	helix
O61307	2358-2360	ECO:0007829|PDB:8FIA	helix
O61307	2391-2394	ECO:0007829|PDB:8FIA	helix
O61307	2399-2402	ECO:0007829|PDB:8FIA	helix
O61307	2408-2410	ECO:0007829|PDB:8FIA	helix
O61307	2425-2431	ECO:0007829|PDB:8FIA	helix
O61307	2436-2438	ECO:0007829|PDB:8FIA	helix
O61307	2441-2447	ECO:0007829|PDB:8FIA	helix
O61307	2470-2483	ECO:0007829|PDB:8FIA	helix
O61307	2538-2546	ECO:0007829|PDB:8FIA	helix
O61307	2573-2581	ECO:0007829|PDB:8FIA	helix
O61307	2623-2634	ECO:0007829|PDB:8FIA	helix
O61307	834-838	ECO:0007829|PDB:8FIA	helix
O61307	839-842	ECO:0007829|PDB:8FIA	helix
O61307	848-851	ECO:0007829|PDB:8FIA	helix
O61307	971-974	ECO:0007829|PDB:8FIA	helix
O61722	115-127	ECO:0007829|PDB:8CT8	helix
O61722	131-141	ECO:0007829|PDB:8CT8	helix
O61722	148-154	ECO:0007829|PDB:8CT8	helix
O61722	35-44	ECO:0007829|PDB:8CT8	helix
O61722	61-65	ECO:0007829|PDB:8CT8	helix
O61722	83-99	ECO:0007829|PDB:8CT8	helix
O61734	328-332	ECO:0007829|PDB:5F68	helix
O61734	336-339	ECO:0007829|PDB:5F68	helix
O61734	344-346	ECO:0007829|PDB:5F68	helix
O61734	353-365	ECO:0007829|PDB:5F68	helix
O77059	112-114	ECO:0007829|PDB:4GU5	helix
O77059	115-128	ECO:0007829|PDB:4GU5	helix
O77059	143-149	ECO:0007829|PDB:4GU5	helix
O77059	158-168	ECO:0007829|PDB:4GU5	helix
O77059	180-182	ECO:0007829|PDB:8DD7	helix
O77059	190-195	ECO:0007829|PDB:4GU5	helix
O77059	205-208	ECO:0007829|PDB:4GU5	helix
O77059	21-27	ECO:0007829|PDB:4GU5	helix
O77059	227-247	ECO:0007829|PDB:4GU5	helix
O77059	267-271	ECO:0007829|PDB:4GU5	helix
O77059	277-288	ECO:0007829|PDB:4GU5	helix
O77059	30-32	ECO:0007829|PDB:4GU5	helix
O77059	303-305	ECO:0007829|PDB:4GU5	helix
O77059	306-322	ECO:0007829|PDB:4GU5	helix
O77059	347-354	ECO:0007829|PDB:4GU5	helix
O77059	361-373	ECO:0007829|PDB:4GU5	helix
O77059	378-388	ECO:0007829|PDB:4GU5	helix
O77059	397-407	ECO:0007829|PDB:4GU5	helix
O77059	413-425	ECO:0007829|PDB:4GU5	helix
O77059	430-433	ECO:0007829|PDB:4GU5	helix
O77059	435-438	ECO:0007829|PDB:4GU5	helix
O77059	440-447	ECO:0007829|PDB:4GU5	helix
O77059	452-457	ECO:0007829|PDB:4GU5	helix
O77059	459-461	ECO:0007829|PDB:4GU5	helix
O77059	466-469	ECO:0007829|PDB:4GU5	helix
O77059	472-474	ECO:0007829|PDB:4GU5	helix
O77059	477-482	ECO:0007829|PDB:4GU5	helix
O77059	498-516	ECO:0007829|PDB:4GU5	helix
O77059	528-535	ECO:0007829|PDB:4GU5	helix
O77059	54-74	ECO:0007829|PDB:4GU5	helix
O77059	88-98	ECO:0007829|PDB:4GU5	helix
O97143	468-470	ECO:0007829|PDB:4G7N	helix
O97143	479-481	ECO:0007829|PDB:4G7N	helix
O97143	482-496	ECO:0007829|PDB:4G7N	helix
O97143	554-578	ECO:0007829|PDB:4G7N	helix
O97143	695-697	ECO:0007829|PDB:5LHX	helix
O97143	723-727	ECO:0007829|PDB:5LHX	helix
O97143	730-738	ECO:0007829|PDB:5LHX	helix
O97148	112-117	ECO:0007829|PDB:1FJR	helix
O97148	161-163	ECO:0007829|PDB:1FJR	helix
O97148	31-33	ECO:0007829|PDB:1FJR	helix
O97148	57-59	ECO:0007829|PDB:1FJR	helix
O97148	84-86	ECO:0007829|PDB:1FJR	helix
P00334	102-109	ECO:0007829|PDB:1MG5	helix
P00334	111-124	ECO:0007829|PDB:1MG5	helix
P00334	126-128	ECO:0007829|PDB:1MG5	helix
P00334	141-143	ECO:0007829|PDB:1MG5	helix
P00334	151-174	ECO:0007829|PDB:1MG5	helix
P00334	18-27	ECO:0007829|PDB:1MG5	helix
P00334	197-199	ECO:0007829|PDB:1MG5	helix
P00334	204-209	ECO:0007829|PDB:1MG5	helix
P00334	216-229	ECO:0007829|PDB:1MG5	helix
P00334	44-53	ECO:0007829|PDB:1MG5	helix
P00334	70-84	ECO:0007829|PDB:1MG5	helix
P02283	102-121	ECO:0007829|PDB:2NQB	helix
P02283	17-19	ECO:0007829|PDB:7PJ1	helix
P02283	36-46	ECO:0007829|PDB:2NQB	helix
P02283	54-81	ECO:0007829|PDB:2NQB	helix
P02283	89-99	ECO:0007829|PDB:2NQB	helix
P02299	122-131	ECO:0007829|PDB:2NQB	helix
P02299	46-57	ECO:0007829|PDB:2NQB	helix
P02299	65-77	ECO:0007829|PDB:2NQB	helix
P02299	87-114	ECO:0007829|PDB:2NQB	helix
P02833	306-318	ECO:0007829|PDB:5JLW	helix
P02833	324-334	ECO:0007829|PDB:5JLW	helix
P02833	338-353	ECO:0007829|PDB:5JLW	helix
P02835	108-113	ECO:0007829|PDB:2XHS	helix
P02835	263-273	ECO:0007829|PDB:1FTZ	helix
P02835	281-290	ECO:0007829|PDB:1FTZ	helix
P02835	295-305	ECO:0007829|PDB:1FTZ	helix
P02835	315-317	ECO:0007829|PDB:1FTZ	helix
P02836	463-475	ECO:0007829|PDB:6M3D	helix
P02836	481-491	ECO:0007829|PDB:6M3D	helix
P02836	495-512	ECO:0007829|PDB:6M3D	helix
P03896	108-110	ECO:0007829|PDB:8B9Z	helix
P03896	113-116	ECO:0007829|PDB:8B9Z	helix
P03896	123-130	ECO:0007829|PDB:8B9Z	helix
P03896	132-134	ECO:0007829|PDB:8B9Z	helix
P03896	135-141	ECO:0007829|PDB:8B9Z	helix
P03896	148-166	ECO:0007829|PDB:8B9Z	helix
P03896	171-190	ECO:0007829|PDB:8B9Z	helix
P03896	195-218	ECO:0007829|PDB:8B9Z	helix
P03896	223-228	ECO:0007829|PDB:8B9Z	helix
P03896	234-240	ECO:0007829|PDB:8B9Z	helix
P03896	242-247	ECO:0007829|PDB:8B9Z	helix
P03896	256-266	ECO:0007829|PDB:8B9Z	helix
P03896	27-45	ECO:0007829|PDB:8B9Z	helix
P03896	272-293	ECO:0007829|PDB:8B9Z	helix
P03896	314-329	ECO:0007829|PDB:8B9Z	helix
P03896	330-335	ECO:0007829|PDB:8B9Z	helix
P03896	5-22	ECO:0007829|PDB:8B9Z	helix
P03896	51-81	ECO:0007829|PDB:8B9Z	helix
P03896	92-105	ECO:0007829|PDB:8B9Z	helix
P04146	114-130	ECO:0007829|PDB:8VVW	helix
P04146	137-146	ECO:0007829|PDB:8VVW	helix
P04146	150-152	ECO:0007829|PDB:8VVW	helix
P04146	153-161	ECO:0007829|PDB:8VVW	helix
P04146	16-29	ECO:0007829|PDB:8VVW	helix
P04146	169-185	ECO:0007829|PDB:8VVW	helix
P04146	33-37	ECO:0007829|PDB:8VVW	helix
P04146	46-61	ECO:0007829|PDB:8VVW	helix
P04146	65-68	ECO:0007829|PDB:8VVW	helix
P04146	69-72	ECO:0007829|PDB:8VVW	helix
P04146	77-88	ECO:0007829|PDB:8VVW	helix
P04146	96-104	ECO:0007829|PDB:8VVW	helix
P04412	115-126	ECO:0007829|PDB:3I2T	helix
P04412	149-151	ECO:0007829|PDB:3I2T	helix
P04412	235-237	ECO:0007829|PDB:3I2T	helix
P04412	274-276	ECO:0007829|PDB:3I2T	helix
P04412	414-417	ECO:0007829|PDB:3I2T	helix
P04412	431-435	ECO:0007829|PDB:3I2T	helix
P04412	455-463	ECO:0007829|PDB:3I2T	helix
P04412	484-486	ECO:0007829|PDB:3I2T	helix
P04412	544-547	ECO:0007829|PDB:3I2T	helix
P04412	563-567	ECO:0007829|PDB:3I2T	helix
P05031	100-102	ECO:0007829|PDB:3K40	helix
P05031	121-133	ECO:0007829|PDB:3K40	helix
P05031	144-160	ECO:0007829|PDB:3K40	helix
P05031	165-167	ECO:0007829|PDB:3K40	helix
P05031	169-171	ECO:0007829|PDB:3K40	helix
P05031	183-205	ECO:0007829|PDB:3K40	helix
P05031	211-217	ECO:0007829|PDB:3K40	helix
P05031	228-237	ECO:0007829|PDB:3K40	helix
P05031	253-265	ECO:0007829|PDB:3K40	helix
P05031	288-297	ECO:0007829|PDB:3K40	helix
P05031	309-314	ECO:0007829|PDB:3K40	helix
P05031	316-322	ECO:0007829|PDB:3K40	helix
P05031	325-327	ECO:0007829|PDB:3K40	helix
P05031	353-355	ECO:0007829|PDB:3K40	helix
P05031	38-57	ECO:0007829|PDB:3K40	helix
P05031	387-389	ECO:0007829|PDB:3K40	helix
P05031	391-426	ECO:0007829|PDB:3K40	helix
P05031	449-462	ECO:0007829|PDB:3K40	helix
P05031	489-507	ECO:0007829|PDB:3K40	helix
P05031	59-61	ECO:0007829|PDB:3K40	helix
P05031	74-76	ECO:0007829|PDB:3K40	helix
P05031	88-98	ECO:0007829|PDB:3K40	helix
P05205	179-185	ECO:0007829|PDB:3P7J	helix
P05205	187-196	ECO:0007829|PDB:3P7J	helix
P05205	50-52	ECO:0007829|PDB:6AT0	helix
P05205	58-60	ECO:0007829|PDB:6AT0	helix
P05205	64-73	ECO:0007829|PDB:6AT0	helix
P05661	137-142	ECO:0007829|PDB:5W1A	helix
P05661	14-16	ECO:0007829|PDB:5W1A	helix
P05661	148-150	ECO:0007829|PDB:5W1A	helix
P05661	155-169	ECO:0007829|PDB:5W1A	helix
P05661	185-199	ECO:0007829|PDB:5W1A	helix
P05661	203-208	ECO:0007829|PDB:5W1A	helix
P05661	21-28	ECO:0007829|PDB:5W1A	helix
P05661	215-220	ECO:0007829|PDB:5W1A	helix
P05661	223-230	ECO:0007829|PDB:5W1A	helix
P05661	269-272	ECO:0007829|PDB:5W1A	helix
P05661	283-289	ECO:0007829|PDB:5W1A	helix
P05661	296-300	ECO:0007829|PDB:5W1A	helix
P05661	306-308	ECO:0007829|PDB:5W1A	helix
P05661	310-312	ECO:0007829|PDB:5W1A	helix
P05661	324-337	ECO:0007829|PDB:5W1A	helix
P05661	342-359	ECO:0007829|PDB:5W1A	helix
P05661	378-387	ECO:0007829|PDB:5W1A	helix
P05661	391-399	ECO:0007829|PDB:5W1A	helix
P05661	416-446	ECO:0007829|PDB:5W1A	helix
P05661	472-503	ECO:0007829|PDB:5W1A	helix
P05661	512-516	ECO:0007829|PDB:5W1A	helix
P05661	517-524	ECO:0007829|PDB:5W1A	helix
P05661	529-536	ECO:0007829|PDB:5W1A	helix
P05661	544-555	ECO:0007829|PDB:5W1A	helix
P05661	593-597	ECO:0007829|PDB:5W1A	helix
P05661	603-610	ECO:0007829|PDB:5W1A	helix
P05661	615-620	ECO:0007829|PDB:5W1A	helix
P05661	648-664	ECO:0007829|PDB:5W1A	helix
P05661	687-696	ECO:0007829|PDB:5W1A	helix
P05661	699-706	ECO:0007829|PDB:5W1A	helix
P05661	716-723	ECO:0007829|PDB:5W1A	helix
P05661	724-726	ECO:0007829|PDB:5W1A	helix
P05661	737-746	ECO:0007829|PDB:5W1A	helix
P05661	74-76	ECO:0007829|PDB:5W1A	helix
P05661	752-754	ECO:0007829|PDB:5W1A	helix
P05661	768-806	ECO:0007829|PDB:5W1A	helix
P05661	83-85	ECO:0007829|PDB:5W1A	helix
P05661	91-93	ECO:0007829|PDB:5W1A	helix
P05661	99-111	ECO:0007829|PDB:5W1A	helix
P06601	106-112	ECO:0007829|PDB:1PDN	helix
P06601	122-131	ECO:0007829|PDB:1PDN	helix
P06601	143-149	ECO:0007829|PDB:1PDN	helix
P06601	222-234	ECO:0007829|PDB:1FJL	helix
P06601	240-250	ECO:0007829|PDB:1FJL	helix
P06601	254-275	ECO:0007829|PDB:1FJL	helix
P06601	46-57	ECO:0007829|PDB:1PDN	helix
P06601	62-69	ECO:0007829|PDB:1PDN	helix
P06601	73-86	ECO:0007829|PDB:1PDN	helix
P06602	111-127	ECO:0007829|PDB:1JGG	helix
P06602	79-91	ECO:0007829|PDB:1JGG	helix
P06602	97-107	ECO:0007829|PDB:1JGG	helix
P06603	10-28	ECO:0007829|PDB:6TIZ	helix
P06603	103-107	ECO:0007829|PDB:6TIZ	helix
P06603	111-126	ECO:0007829|PDB:6TIZ	helix
P06603	144-160	ECO:0007829|PDB:6TIZ	helix
P06603	183-194	ECO:0007829|PDB:6TIZ	helix
P06603	206-217	ECO:0007829|PDB:6TIZ	helix
P06603	224-243	ECO:0007829|PDB:6TIZ	helix
P06603	253-259	ECO:0007829|PDB:6TIZ	helix
P06603	278-280	ECO:0007829|PDB:7QUC	helix
P06603	288-294	ECO:0007829|PDB:6TIZ	helix
P06603	298-300	ECO:0007829|PDB:6TIZ	helix
P06603	307-309	ECO:0007829|PDB:6TIZ	helix
P06603	325-338	ECO:0007829|PDB:6TIZ	helix
P06603	382-384	ECO:0007829|PDB:6TIZ	helix
P06603	385-399	ECO:0007829|PDB:6TIZ	helix
P06603	405-409	ECO:0007829|PDB:6TIZ	helix
P06603	415-435	ECO:0007829|PDB:6TIZ	helix
P06603	48-51	ECO:0007829|PDB:6TIZ	helix
P06603	73-80	ECO:0007829|PDB:6TIZ	helix
P06603	89-91	ECO:0007829|PDB:6TIZ	helix
P06742	102-111	ECO:0007829|PDB:5W1A	helix
P06742	118-128	ECO:0007829|PDB:5W1A	helix
P06742	140-147	ECO:0007829|PDB:5W1A	helix
P06742	28-30	ECO:0007829|PDB:5W1A	helix
P06742	31-37	ECO:0007829|PDB:5W1A	helix
P06742	44-49	ECO:0007829|PDB:5W1A	helix
P06742	6-19	ECO:0007829|PDB:5W1A	helix
P06742	63-75	ECO:0007829|PDB:5W1A	helix
P06742	82-89	ECO:0007829|PDB:5W1A	helix
P06742	90-92	ECO:0007829|PDB:5W1A	helix
P07140	116-119	ECO:0007829|PDB:6XYS	helix
P07140	198-200	ECO:0007829|PDB:6XYS	helix
P07140	203-209	ECO:0007829|PDB:6XYS	helix
P07140	222-225	ECO:0007829|PDB:6XYS	helix
P07140	229-231	ECO:0007829|PDB:6XYS	helix
P07140	234-239	ECO:0007829|PDB:6XYS	helix
P07140	244-258	ECO:0007829|PDB:6XYS	helix
P07140	261-263	ECO:0007829|PDB:6XYS	helix
P07140	277-287	ECO:0007829|PDB:6XYS	helix
P07140	308-310	ECO:0007829|PDB:6XYS	helix
P07140	314-327	ECO:0007829|PDB:6XYS	helix
P07140	341-347	ECO:0007829|PDB:6XYS	helix
P07140	351-357	ECO:0007829|PDB:6XYS	helix
P07140	358-361	ECO:0007829|PDB:6XYS	helix
P07140	383-389	ECO:0007829|PDB:6XYS	helix
P07140	407-413	ECO:0007829|PDB:6XYS	helix
P07140	429-438	ECO:0007829|PDB:6XYS	helix
P07140	444-453	ECO:0007829|PDB:6XYS	helix
P07140	463-477	ECO:0007829|PDB:6XYS	helix
P07140	479-491	ECO:0007829|PDB:6XYS	helix
P07140	512-514	ECO:0007829|PDB:6XYS	helix
P07140	522-525	ECO:0007829|PDB:6XYS	helix
P07140	528-530	ECO:0007829|PDB:6XYS	helix
P07140	538-557	ECO:0007829|PDB:6XYS	helix
P07140	592-602	ECO:0007829|PDB:6XYS	helix
P07140	604-608	ECO:0007829|PDB:6XYS	helix
P07140	78-80	ECO:0007829|PDB:6XYS	helix
P07207	1930-1950	ECO:0007829|PDB:1OT8	helix
P07207	1954-1960	ECO:0007829|PDB:1OT8	helix
P07207	1964-1972	ECO:0007829|PDB:1OT8	helix
P07207	1987-1993	ECO:0007829|PDB:1OT8	helix
P07207	1997-2004	ECO:0007829|PDB:1OT8	helix
P07207	2021-2027	ECO:0007829|PDB:1OT8	helix
P07207	2033-2039	ECO:0007829|PDB:1OT8	helix
P07207	2054-2060	ECO:0007829|PDB:1OT8	helix
P07207	2064-2072	ECO:0007829|PDB:1OT8	helix
P07207	2087-2093	ECO:0007829|PDB:1OT8	helix
P07207	2097-2105	ECO:0007829|PDB:1OT8	helix
P07207	2120-2126	ECO:0007829|PDB:1OT8	helix
P07207	2130-2136	ECO:0007829|PDB:1OT8	helix
P07207	491-494	ECO:0007829|PDB:7ALJ	helix
P07207	529-532	ECO:0007829|PDB:7ALJ	helix
P07663	258-262	ECO:0007829|PDB:3RTY	helix
P07663	274-277	ECO:0007829|PDB:3RTY	helix
P07663	280-282	ECO:0007829|PDB:3RTY	helix
P07663	283-291	ECO:0007829|PDB:3RTY	helix
P07663	408-412	ECO:0007829|PDB:3RTY	helix
P07663	416-419	ECO:0007829|PDB:3RTY	helix
P07663	424-427	ECO:0007829|PDB:3RTY	helix
P07663	430-432	ECO:0007829|PDB:3RTY	helix
P07663	433-446	ECO:0007829|PDB:3RTY	helix
P07663	516-535	ECO:0007829|PDB:3RTY	helix
P07663	554-573	ECO:0007829|PDB:3RTY	helix
P07664	37-47	ECO:0007829|PDB:7POH	helix
P07664	62-90	ECO:0007829|PDB:7POH	helix
P07764	10-23	ECO:0007829|PDB:1FBA	helix
P07764	131-140	ECO:0007829|PDB:1FBA	helix
P07764	161-180	ECO:0007829|PDB:1FBA	helix
P07764	199-219	ECO:0007829|PDB:1FBA	helix
P07764	224-226	ECO:0007829|PDB:1FBA	helix
P07764	245-259	ECO:0007829|PDB:1FBA	helix
P07764	276-286	ECO:0007829|PDB:1FBA	helix
P07764	303-305	ECO:0007829|PDB:1FBA	helix
P07764	307-313	ECO:0007829|PDB:1FBA	helix
P07764	320-337	ECO:0007829|PDB:1FBA	helix
P07764	37-46	ECO:0007829|PDB:1FBA	helix
P07764	53-64	ECO:0007829|PDB:1FBA	helix
P07764	68-72	ECO:0007829|PDB:1FBA	helix
P07764	81-84	ECO:0007829|PDB:1FBA	helix
P07764	94-100	ECO:0007829|PDB:1FBA	helix
P08120	1600-1602	ECO:0007829|PDB:8TXN	helix
P08120	1617-1619	ECO:0007829|PDB:8TXN	helix
P08120	1646-1652	ECO:0007829|PDB:8TXN	helix
P08120	1709-1711	ECO:0007829|PDB:8TXN	helix
P08120	1761-1763	ECO:0007829|PDB:8TXN	helix
P08120	1765-1767	ECO:0007829|PDB:8TXN	helix
P08144	146-148	ECO:0007829|PDB:8OR6	helix
P08144	161-166	ECO:0007829|PDB:8OR6	helix
P08144	180-195	ECO:0007829|PDB:8OR6	helix
P08144	206-208	ECO:0007829|PDB:8OR6	helix
P08144	211-219	ECO:0007829|PDB:8OR6	helix
P08144	226-228	ECO:0007829|PDB:8OR6	helix
P08144	252-254	ECO:0007829|PDB:8OR6	helix
P08144	264-274	ECO:0007829|PDB:8OR6	helix
P08144	280-285	ECO:0007829|PDB:8OR6	helix
P08144	288-290	ECO:0007829|PDB:8OR6	helix
P08144	295-297	ECO:0007829|PDB:8OR6	helix
P08144	307-309	ECO:0007829|PDB:8OR6	helix
P08144	315-317	ECO:0007829|PDB:8OR6	helix
P08144	324-336	ECO:0007829|PDB:8OR6	helix
P08144	383-385	ECO:0007829|PDB:8OR6	helix
P08144	387-399	ECO:0007829|PDB:8OR6	helix
P08144	39-48	ECO:0007829|PDB:8OR6	helix
P08144	490-492	ECO:0007829|PDB:8OR6	helix
P08144	51-53	ECO:0007829|PDB:8OR6	helix
P08144	74-78	ECO:0007829|PDB:8OR6	helix
P08144	92-104	ECO:0007829|PDB:8OR6	helix
P08171	137-139	ECO:0007829|PDB:5THM	helix
P08171	143-148	ECO:0007829|PDB:5THM	helix
P08171	161-165	ECO:0007829|PDB:5THM	helix
P08171	177-186	ECO:0007829|PDB:5THM	helix
P08171	193-196	ECO:0007829|PDB:5THM	helix
P08171	210-219	ECO:0007829|PDB:5THM	helix
P08171	224-226	ECO:0007829|PDB:5THM	helix
P08171	248-258	ECO:0007829|PDB:5THM	helix
P08171	267-270	ECO:0007829|PDB:5THM	helix
P08171	279-284	ECO:0007829|PDB:5THM	helix
P08171	285-287	ECO:0007829|PDB:5THM	helix
P08171	318-322	ECO:0007829|PDB:5THM	helix
P08171	342-345	ECO:0007829|PDB:5THM	helix
P08171	346-349	ECO:0007829|PDB:5THM	helix
P08171	357-360	ECO:0007829|PDB:5THM	helix
P08171	361-372	ECO:0007829|PDB:5THM	helix
P08171	384-389	ECO:0007829|PDB:5THM	helix
P08171	406-417	ECO:0007829|PDB:5THM	helix
P08171	419-430	ECO:0007829|PDB:5THM	helix
P08171	450-455	ECO:0007829|PDB:5THM	helix
P08171	470-473	ECO:0007829|PDB:5THM	helix
P08171	485-503	ECO:0007829|PDB:5THM	helix
P08171	59-61	ECO:0007829|PDB:5THM	helix
P08510	213-218	ECO:0007829|PDB:7SIP	helix
P08510	227-246	ECO:0007829|PDB:7SJ1	helix
P08510	250-252	ECO:0007829|PDB:7SIP	helix
P08510	279-297	ECO:0007829|PDB:7SJ1	helix
P08510	311-318	ECO:0007829|PDB:7SJ1	helix
P08510	321-325	ECO:0007829|PDB:7SJ1	helix
P08510	358-367	ECO:0007829|PDB:7SJ1	helix
P08510	368-377	ECO:0007829|PDB:7SJ1	helix
P08510	381-391	ECO:0007829|PDB:7SJ1	helix
P08510	393-417	ECO:0007829|PDB:7SJ1	helix
P08510	430-432	ECO:0007829|PDB:7SJ1	helix
P08510	433-440	ECO:0007829|PDB:7SJ1	helix
P08510	453-471	ECO:0007829|PDB:7SJ1	helix
P08510	474-488	ECO:0007829|PDB:7SJ1	helix
P08879	105-109	ECO:0007829|PDB:3WX8	helix
P08879	113-115	ECO:0007829|PDB:3WX8	helix
P08879	124-134	ECO:0007829|PDB:3WX8	helix
P08879	137-139	ECO:0007829|PDB:3WX8	helix
P08879	14-18	ECO:0007829|PDB:3WX8	helix
P08879	148-151	ECO:0007829|PDB:3WX8	helix
P08879	22-32	ECO:0007829|PDB:3WX8	helix
P08879	3-5	ECO:0007829|PDB:3WX8	helix
P08879	46-52	ECO:0007829|PDB:3WX8	helix
P08879	54-56	ECO:0007829|PDB:3WX8	helix
P08879	62-69	ECO:0007829|PDB:3WX8	helix
P08879	84-92	ECO:0007829|PDB:3WX8	helix
P08879	97-99	ECO:0007829|PDB:3WX8	helix
P08953	115-121	ECO:0007829|PDB:4LXR	helix
P08953	143-146	ECO:0007829|PDB:4LXR	helix
P08953	190-193	ECO:0007829|PDB:4LXR	helix
P08953	217-219	ECO:0007829|PDB:4LXR	helix
P08953	238-241	ECO:0007829|PDB:4LXR	helix
P08953	31-36	ECO:0007829|PDB:4LXR	helix
P08953	456-460	ECO:0007829|PDB:4LXR	helix
P08953	468-471	ECO:0007829|PDB:4LXR	helix
P08953	490-494	ECO:0007829|PDB:4LXR	helix
P08953	514-517	ECO:0007829|PDB:4LXR	helix
P08953	567-569	ECO:0007829|PDB:4LXR	helix
P08953	570-576	ECO:0007829|PDB:4LXR	helix
P08953	584-586	ECO:0007829|PDB:4LXR	helix
P08953	608-610	ECO:0007829|PDB:4LXR	helix
P08953	613-615	ECO:0007829|PDB:4LXR	helix
P08953	691-693	ECO:0007829|PDB:4LXR	helix
P08953	709-711	ECO:0007829|PDB:4LXR	helix
P08953	731-737	ECO:0007829|PDB:4LXR	helix
P08953	757-759	ECO:0007829|PDB:4LXR	helix
P08953	760-767	ECO:0007829|PDB:4LXR	helix
P08953	776-778	ECO:0007829|PDB:4LXR	helix
P08953	790-792	ECO:0007829|PDB:4LXR	helix
P08953	795-798	ECO:0007829|PDB:4LXR	helix
P08953	84-89	ECO:0007829|PDB:4LXR	helix
P09052	195-199	ECO:0007829|PDB:3F2O	helix
P09052	211-214	ECO:0007829|PDB:2DB3	helix
P09052	225-230	ECO:0007829|PDB:2DB3	helix
P09052	247-249	ECO:0007829|PDB:2DB3	helix
P09052	254-262	ECO:0007829|PDB:2DB3	helix
P09052	270-280	ECO:0007829|PDB:2DB3	helix
P09052	295-309	ECO:0007829|PDB:2DB3	helix
P09052	328-341	ECO:0007829|PDB:2DB3	helix
P09052	358-365	ECO:0007829|PDB:2DB3	helix
P09052	376-384	ECO:0007829|PDB:2DB3	helix
P09052	401-404	ECO:0007829|PDB:2DB3	helix
P09052	410-418	ECO:0007829|PDB:2DB3	helix
P09052	437-444	ECO:0007829|PDB:2DB3	helix
P09052	474-476	ECO:0007829|PDB:5NT7	helix
P09052	477-487	ECO:0007829|PDB:5NT7	helix
P09052	499-511	ECO:0007829|PDB:5NT7	helix
P09052	525-536	ECO:0007829|PDB:5NT7	helix
P09052	547-550	ECO:0007829|PDB:5NT7	helix
P09052	570-577	ECO:0007829|PDB:5NT7	helix
P09052	599-601	ECO:0007829|PDB:5NT7	helix
P09052	602-611	ECO:0007829|PDB:5NT7	helix
P09052	618-620	ECO:0007829|PDB:5NT7	helix
P09077	306-308	ECO:0007829|PDB:2R5Y	helix
P09077	333-343	ECO:0007829|PDB:2R5Y	helix
P09077	351-360	ECO:0007829|PDB:2R5Y	helix
P09077	365-380	ECO:0007829|PDB:2R5Y	helix
P09081	106-116	ECO:0007829|PDB:1ZQ3	helix
P09081	124-134	ECO:0007829|PDB:1ZQ3	helix
P09081	138-157	ECO:0007829|PDB:1ZQ3	helix
P09087	380-382	ECO:0007829|PDB:5ZJT	helix
P09087	396-408	ECO:0007829|PDB:5ZJT	helix
P09087	414-423	ECO:0007829|PDB:5ZJT	helix
P09087	428-444	ECO:0007829|PDB:5ZJT	helix
P09089	134-142	ECO:0007829|PDB:1KZ2	helix
P09956	112-124	ECO:0007829|PDB:5CQQ	helix
P09956	58-70	ECO:0007829|PDB:5CQQ	helix
P09956	72-75	ECO:0007829|PDB:5CQQ	helix
P09956	77-80	ECO:0007829|PDB:5CQQ	helix
P09956	89-102	ECO:0007829|PDB:5CQQ	helix
P10040	2131-2135	ECO:0007829|PDB:4WSI	helix
P10674	330-342	ECO:0007829|PDB:1O70	helix
P10674	346-352	ECO:0007829|PDB:1O70	helix
P10674	364-369	ECO:0007829|PDB:1O70	helix
P10674	373-376	ECO:0007829|PDB:1O70	helix
P10674	379-388	ECO:0007829|PDB:1O70	helix
P10674	397-403	ECO:0007829|PDB:1O70	helix
P10674	428-430	ECO:0007829|PDB:1O70	helix
P10674	470-476	ECO:0007829|PDB:1O70	helix
P10674	478-480	ECO:0007829|PDB:1O70	helix
P10674	481-486	ECO:0007829|PDB:1O70	helix
P10674	494-497	ECO:0007829|PDB:1O70	helix
P10674	510-519	ECO:0007829|PDB:1O70	helix
P10674	521-527	ECO:0007829|PDB:1O70	helix
P10674	530-532	ECO:0007829|PDB:1O70	helix
P10674	533-541	ECO:0007829|PDB:1O70	helix
P10674	553-562	ECO:0007829|PDB:1O70	helix
P10987	114-126	ECO:0007829|PDB:2HF3	helix
P10987	138-145	ECO:0007829|PDB:2HF3	helix
P10987	173-175	ECO:0007829|PDB:2HF3	helix
P10987	183-197	ECO:0007829|PDB:2HF3	helix
P10987	204-217	ECO:0007829|PDB:2HF3	helix
P10987	224-233	ECO:0007829|PDB:2HF3	helix
P10987	254-260	ECO:0007829|PDB:2HF3	helix
P10987	265-268	ECO:0007829|PDB:2HF3	helix
P10987	275-284	ECO:0007829|PDB:2HF3	helix
P10987	288-290	ECO:0007829|PDB:2HF3	helix
P10987	291-295	ECO:0007829|PDB:2HF3	helix
P10987	303-305	ECO:0007829|PDB:2HF3	helix
P10987	310-321	ECO:0007829|PDB:2HF3	helix
P10987	336-338	ECO:0007829|PDB:2HF3	helix
P10987	339-348	ECO:0007829|PDB:2HF3	helix
P10987	351-356	ECO:0007829|PDB:2HF3	helix
P10987	360-366	ECO:0007829|PDB:2HF3	helix
P10987	370-374	ECO:0007829|PDB:2HF3	helix
P10987	57-61	ECO:0007829|PDB:2HF3	helix
P10987	63-65	ECO:0007829|PDB:2HF3	helix
P10987	80-92	ECO:0007829|PDB:2HF3	helix
P10987	99-101	ECO:0007829|PDB:2HF3	helix
P13217	1020-1073	ECO:0007829|PDB:6IRB	helix
P13217	1089-1091	ECO:0007829|PDB:6IRE	helix
P13217	873-877	ECO:0007829|PDB:6IRB	helix
P13217	880-1012	ECO:0007829|PDB:6IRB	helix
P13368	1067-1069	ECO:0007829|PDB:9BFP	helix
P13368	1173-1175	ECO:0007829|PDB:9BFP	helix
P13368	1504-1506	ECO:0007829|PDB:9BFS	helix
P13368	1612-1615	ECO:0007829|PDB:9BFS	helix
P13368	1620-1623	ECO:0007829|PDB:9BFS	helix
P13368	1677-1680	ECO:0007829|PDB:9BFS	helix
P13368	1775-1779	ECO:0007829|PDB:9BFS	helix
P13368	207-226	ECO:0007829|PDB:9BFP	helix
P13368	249-256	ECO:0007829|PDB:9BFP	helix
P13368	262-265	ECO:0007829|PDB:9BFP	helix
P13368	270-273	ECO:0007829|PDB:9BFP	helix
P13368	284-311	ECO:0007829|PDB:9BFP	helix
P13368	417-419	ECO:0007829|PDB:9BFP	helix
P13395	1393-1422	ECO:0007829|PDB:2SPC	helix
P13395	1428-1494	ECO:0007829|PDB:2SPC	helix
P15007	124-126	ECO:0007829|PDB:5WRO	helix
P15007	130-138	ECO:0007829|PDB:5WRO	helix
P15007	140-147	ECO:0007829|PDB:5WRO	helix
P15007	154-165	ECO:0007829|PDB:5WRO	helix
P15007	175-193	ECO:0007829|PDB:5WRO	helix
P15007	197-204	ECO:0007829|PDB:5WRO	helix
P15007	223-225	ECO:0007829|PDB:5WRO	helix
P15007	245-267	ECO:0007829|PDB:5WRO	helix
P15007	269-272	ECO:0007829|PDB:5WRO	helix
P15007	287-301	ECO:0007829|PDB:5WRO	helix
P15007	315-318	ECO:0007829|PDB:5WRO	helix
P15007	335-337	ECO:0007829|PDB:5WRO	helix
P15007	341-354	ECO:0007829|PDB:5WRO	helix
P15007	369-378	ECO:0007829|PDB:5WRO	helix
P15007	393-402	ECO:0007829|PDB:5WRO	helix
P15007	412-415	ECO:0007829|PDB:5WRO	helix
P15007	418-430	ECO:0007829|PDB:5WRO	helix
P15007	448-456	ECO:0007829|PDB:5WRO	helix
P15007	469-485	ECO:0007829|PDB:5WRO	helix
P15007	493-495	ECO:0007829|PDB:5WRO	helix
P16554	144-146	ECO:0007829|PDB:5YI7	helix
P16554	184-200	ECO:0007829|PDB:5YI7	helix
P16554	69-72	ECO:0007829|PDB:1DDM	helix
P16554	73-78	ECO:0007829|PDB:5YI7	helix
P16554	99-111	ECO:0007829|PDB:5YI7	helix
P16568	664-739	ECO:0007829|PDB:4BL6	helix
P16621	201-203	ECO:0007829|PDB:2YD1	helix
P17210	114-128	ECO:0007829|PDB:2Y65	helix
P17210	183-197	ECO:0007829|PDB:2Y65	helix
P17210	204-209	ECO:0007829|PDB:2Y65	helix
P17210	24-28	ECO:0007829|PDB:2Y65	helix
P17210	263-277	ECO:0007829|PDB:2Y65	helix
P17210	285-287	ECO:0007829|PDB:2Y65	helix
P17210	289-293	ECO:0007829|PDB:2Y65	helix
P17210	295-297	ECO:0007829|PDB:2Y65	helix
P17210	314-316	ECO:0007829|PDB:2Y65	helix
P17210	317-330	ECO:0007829|PDB:2Y65	helix
P17210	345-367	ECO:0007829|PDB:5JVU	helix
P17210	65-72	ECO:0007829|PDB:2Y65	helix
P17210	74-81	ECO:0007829|PDB:2Y65	helix
P17210	856-921	ECO:0007829|PDB:7BJS	helix
P17210	98-102	ECO:0007829|PDB:2Y65	helix
P17789	520-530	ECO:0007829|PDB:2DRP	helix
P17789	550-560	ECO:0007829|PDB:2DRP	helix
P17917	141-151	ECO:0007829|PDB:4HK1	helix
P17917	209-215	ECO:0007829|PDB:4HK1	helix
P17917	216-221	ECO:0007829|PDB:4HK1	helix
P17917	54-56	ECO:0007829|PDB:4HK1	helix
P17917	72-79	ECO:0007829|PDB:4HK1	helix
P17917	9-19	ECO:0007829|PDB:4HK1	helix
P18105	102-104	ECO:0007829|PDB:3DC4	helix
P18105	107-109	ECO:0007829|PDB:3DC4	helix
P18105	112-126	ECO:0007829|PDB:3DC4	helix
P18105	177-189	ECO:0007829|PDB:3DC4	helix
P18105	252-264	ECO:0007829|PDB:3DC4	helix
P18105	272-274	ECO:0007829|PDB:3DC4	helix
P18105	276-280	ECO:0007829|PDB:3DC4	helix
P18105	301-303	ECO:0007829|PDB:3DC4	helix
P18105	304-318	ECO:0007829|PDB:3DC4	helix
P18105	60-67	ECO:0007829|PDB:3DC4	helix
P18105	69-77	ECO:0007829|PDB:3DC4	helix
P18105	93-97	ECO:0007829|PDB:3DC4	helix
P18168	110-112	ECO:0007829|PDB:7ALT	helix
P18168	138-141	ECO:0007829|PDB:7ALT	helix
P18168	143-145	ECO:0007829|PDB:7ALT	helix
P18168	167-170	ECO:0007829|PDB:7ALT	helix
P18168	201-203	ECO:0007829|PDB:7ALT	helix
P18486	105-107	ECO:0007829|PDB:6JRL	helix
P18486	109-125	ECO:0007829|PDB:6JRL	helix
P18486	130-132	ECO:0007829|PDB:6JRL	helix
P18486	148-168	ECO:0007829|PDB:6JRL	helix
P18486	176-182	ECO:0007829|PDB:6JRL	helix
P18486	193-202	ECO:0007829|PDB:6JRL	helix
P18486	219-231	ECO:0007829|PDB:6JRL	helix
P18486	24-26	ECO:0007829|PDB:6JRL	helix
P18486	254-263	ECO:0007829|PDB:6JRL	helix
P18486	275-280	ECO:0007829|PDB:6JRL	helix
P18486	282-288	ECO:0007829|PDB:6JRL	helix
P18486	291-293	ECO:0007829|PDB:6JRL	helix
P18486	3-22	ECO:0007829|PDB:6JRL	helix
P18486	320-323	ECO:0007829|PDB:6JRL	helix
P18486	346-348	ECO:0007829|PDB:6JRL	helix
P18486	359-394	ECO:0007829|PDB:6JRL	helix
P18486	37-41	ECO:0007829|PDB:6JRL	helix
P18486	417-430	ECO:0007829|PDB:6JRL	helix
P18486	457-477	ECO:0007829|PDB:6JRL	helix
P18486	53-63	ECO:0007829|PDB:6JRL	helix
P18486	65-67	ECO:0007829|PDB:6JRL	helix
P18486	86-98	ECO:0007829|PDB:6JRL	helix
P18929	1-35	ECO:0007829|PDB:8B9Z	helix
P18929	105-127	ECO:0007829|PDB:8B9Z	helix
P18929	130-161	ECO:0007829|PDB:8B9Z	helix
P18929	168-172	ECO:0007829|PDB:8B9Z	helix
P18929	178-181	ECO:0007829|PDB:8B9Z	helix
P18929	183-197	ECO:0007829|PDB:8B9Z	helix
P18929	214-216	ECO:0007829|PDB:8B9Z	helix
P18929	221-246	ECO:0007829|PDB:8B9Z	helix
P18929	255-271	ECO:0007829|PDB:8B9Z	helix
P18929	279-288	ECO:0007829|PDB:8B9Z	helix
P18929	290-311	ECO:0007829|PDB:8B9Z	helix
P18929	51-56	ECO:0007829|PDB:8B9Z	helix
P18929	72-88	ECO:0007829|PDB:8B9Z	helix
P18929	89-92	ECO:0007829|PDB:8B9Z	helix
P18930	2-25	ECO:0007829|PDB:8B9Z	helix
P18930	58-74	ECO:0007829|PDB:8B9Z	helix
P18930	75-80	ECO:0007829|PDB:8B9Z	helix
P18930	86-110	ECO:0007829|PDB:8B9Z	helix
P18931	109-118	ECO:0007829|PDB:8B9Z	helix
P18931	11-15	ECO:0007829|PDB:8B9Z	helix
P18931	120-130	ECO:0007829|PDB:8B9Z	helix
P18931	136-165	ECO:0007829|PDB:8B9Z	helix
P18931	170-173	ECO:0007829|PDB:8B9Z	helix
P18931	181-185	ECO:0007829|PDB:8B9Z	helix
P18931	189-194	ECO:0007829|PDB:8B9Z	helix
P18931	198-200	ECO:0007829|PDB:8B9Z	helix
P18931	2-10	ECO:0007829|PDB:8B9Z	helix
P18931	204-210	ECO:0007829|PDB:8B9Z	helix
P18931	21-37	ECO:0007829|PDB:8B9Z	helix
P18931	213-221	ECO:0007829|PDB:8B9Z	helix
P18931	223-234	ECO:0007829|PDB:8B9Z	helix
P18931	239-265	ECO:0007829|PDB:8B9Z	helix
P18931	270-291	ECO:0007829|PDB:8B9Z	helix
P18931	294-325	ECO:0007829|PDB:8B9Z	helix
P18931	336-338	ECO:0007829|PDB:8B9Z	helix
P18931	341-354	ECO:0007829|PDB:8B9Z	helix
P18931	361-376	ECO:0007829|PDB:8B9Z	helix
P18931	378-380	ECO:0007829|PDB:8B9Z	helix
P18931	381-403	ECO:0007829|PDB:8B9Z	helix
P18931	419-434	ECO:0007829|PDB:8B9Z	helix
P18931	435-438	ECO:0007829|PDB:8B9Z	helix
P18931	439-443	ECO:0007829|PDB:8B9Z	helix
P18931	56-75	ECO:0007829|PDB:8B9Z	helix
P18931	78-81	ECO:0007829|PDB:8B9Z	helix
P18931	86-105	ECO:0007829|PDB:8B9Z	helix
P18932	1-26	ECO:0007829|PDB:8B9Z	helix
P18932	105-123	ECO:0007829|PDB:8B9Z	helix
P18932	129-156	ECO:0007829|PDB:8B9Z	helix
P18932	157-159	ECO:0007829|PDB:8B9Z	helix
P18932	164-167	ECO:0007829|PDB:8B9Z	helix
P18932	175-192	ECO:0007829|PDB:8B9Z	helix
P18932	197-199	ECO:0007829|PDB:8B9Z	helix
P18932	200-203	ECO:0007829|PDB:8B9Z	helix
P18932	204-206	ECO:0007829|PDB:8B9Z	helix
P18932	209-215	ECO:0007829|PDB:8B9Z	helix
P18932	220-230	ECO:0007829|PDB:8B9Z	helix
P18932	232-237	ECO:0007829|PDB:8B9Z	helix
P18932	239-258	ECO:0007829|PDB:8B9Z	helix
P18932	265-286	ECO:0007829|PDB:8B9Z	helix
P18932	290-316	ECO:0007829|PDB:8B9Z	helix
P18932	329-332	ECO:0007829|PDB:8B9Z	helix
P18932	334-348	ECO:0007829|PDB:8B9Z	helix
P18932	354-368	ECO:0007829|PDB:8B9Z	helix
P18932	373-397	ECO:0007829|PDB:8B9Z	helix
P18932	415-439	ECO:0007829|PDB:8B9Z	helix
P18932	450-453	ECO:0007829|PDB:8B9Z	helix
P18932	455-471	ECO:0007829|PDB:8B9Z	helix
P18932	480-483	ECO:0007829|PDB:8B9Z	helix
P18932	485-492	ECO:0007829|PDB:8B9Z	helix
P18932	493-496	ECO:0007829|PDB:8B9Z	helix
P18932	497-502	ECO:0007829|PDB:8B9Z	helix
P18932	507-519	ECO:0007829|PDB:8B9Z	helix
P18932	52-75	ECO:0007829|PDB:8B9Z	helix
P18932	524-527	ECO:0007829|PDB:8B9Z	helix
P18932	530-548	ECO:0007829|PDB:8B9Z	helix
P18932	552-571	ECO:0007829|PDB:8B9Z	helix
P18932	82-101	ECO:0007829|PDB:8B9Z	helix
P18933	122-125	ECO:0007829|PDB:8B9Z	helix
P18933	134-137	ECO:0007829|PDB:8B9Z	helix
P18933	142-163	ECO:0007829|PDB:8B9Z	helix
P18933	165-167	ECO:0007829|PDB:8B9Z	helix
P18933	2-17	ECO:0007829|PDB:8B9Z	helix
P18933	23-43	ECO:0007829|PDB:8B9Z	helix
P18933	49-72	ECO:0007829|PDB:8B9Z	helix
P18933	82-100	ECO:0007829|PDB:8B9Z	helix
P18934	2-6	ECO:0007829|PDB:8B9Z	helix
P18934	29-52	ECO:0007829|PDB:8B9Z	helix
P18934	59-85	ECO:0007829|PDB:8B9Z	helix
P18934	8-22	ECO:0007829|PDB:8B9Z	helix
P18934	90-92	ECO:0007829|PDB:8B9Z	helix
P19334	802-813	ECO:0007829|PDB:7CQV	helix
P19334	817-826	ECO:0007829|PDB:7CQV	helix
P19334	836-844	ECO:0007829|PDB:7CQV	helix
P19334	917-925	ECO:0007829|PDB:7CQH	helix
P19334	927-935	ECO:0007829|PDB:7CQH	helix
P19339	138-146	ECO:0007829|PDB:1B7F	helix
P19339	176-186	ECO:0007829|PDB:1B7F	helix
P19339	224-231	ECO:0007829|PDB:1B7F	helix
P19339	262-272	ECO:0007829|PDB:1B7F	helix
P20153	122-134	ECO:0007829|PDB:2HAN	helix
P20153	153-155	ECO:0007829|PDB:2HAN	helix
P20153	157-167	ECO:0007829|PDB:2HAN	helix
P20153	171-173	ECO:0007829|PDB:2HAN	helix
P20153	240-253	ECO:0007829|PDB:1HG4	helix
P20153	272-274	ECO:0007829|PDB:1HG4	helix
P20153	275-297	ECO:0007829|PDB:1HG4	helix
P20153	302-304	ECO:0007829|PDB:1HG4	helix
P20153	307-329	ECO:0007829|PDB:1HG4	helix
P20153	374-380	ECO:0007829|PDB:1HG4	helix
P20153	383-392	ECO:0007829|PDB:1HG4	helix
P20153	394-400	ECO:0007829|PDB:1HG4	helix
P20153	404-415	ECO:0007829|PDB:1HG4	helix
P20153	426-447	ECO:0007829|PDB:1HG4	helix
P20153	454-479	ECO:0007829|PDB:1HG4	helix
P20153	487-495	ECO:0007829|PDB:1HG4	helix
P20241	739-741	ECO:0007829|PDB:1CFB	helix
P20351	121-125	ECO:0007829|PDB:4HKA	helix
P20351	128-130	ECO:0007829|PDB:4HKA	helix
P20351	135-137	ECO:0007829|PDB:4HKA	helix
P20351	140-149	ECO:0007829|PDB:4HKA	helix
P20351	153-155	ECO:0007829|PDB:4HKA	helix
P20351	163-166	ECO:0007829|PDB:4HKA	helix
P20351	170-181	ECO:0007829|PDB:4HKA	helix
P20351	185-194	ECO:0007829|PDB:4HKA	helix
P20351	206-226	ECO:0007829|PDB:4HKA	helix
P20351	231-252	ECO:0007829|PDB:4HKA	helix
P20351	254-262	ECO:0007829|PDB:4HKA	helix
P20351	27-30	ECO:0007829|PDB:4HKA	helix
P20351	270-281	ECO:0007829|PDB:4HKA	helix
P20351	286-320	ECO:0007829|PDB:4HKA	helix
P20351	33-36	ECO:0007829|PDB:4HKA	helix
P20351	331-338	ECO:0007829|PDB:4HKA	helix
P20351	348-351	ECO:0007829|PDB:4HKA	helix
P20351	352-356	ECO:0007829|PDB:4HKA	helix
P20351	360-362	ECO:0007829|PDB:4HKA	helix
P20351	43-46	ECO:0007829|PDB:4HKA	helix
P20351	54-82	ECO:0007829|PDB:4HKA	helix
P20351	89-116	ECO:0007829|PDB:4HKA	helix
P20432	105-119	ECO:0007829|PDB:3EIN	helix
P20432	11-23	ECO:0007829|PDB:3EIN	helix
P20432	125-141	ECO:0007829|PDB:3EIN	helix
P20432	155-169	ECO:0007829|PDB:3EIN	helix
P20432	174-176	ECO:0007829|PDB:3EIN	helix
P20432	178-190	ECO:0007829|PDB:3EIN	helix
P20432	194-204	ECO:0007829|PDB:3EIN	helix
P20432	205-207	ECO:0007829|PDB:3EIN	helix
P20432	34-36	ECO:0007829|PDB:3EIN	helix
P20432	38-40	ECO:0007829|PDB:3EIN	helix
P20432	42-45	ECO:0007829|PDB:3EIN	helix
P20432	66-77	ECO:0007829|PDB:3EIN	helix
P20432	88-103	ECO:0007829|PDB:3EIN	helix
P20478	10-12	ECO:0007829|PDB:7CPR	helix
P20478	120-129	ECO:0007829|PDB:7CPR	helix
P20478	131-133	ECO:0007829|PDB:7CPR	helix
P20478	179-192	ECO:0007829|PDB:7CPR	helix
P20478	19-23	ECO:0007829|PDB:7CPR	helix
P20478	219-237	ECO:0007829|PDB:7CPR	helix
P20478	265-268	ECO:0007829|PDB:7CPR	helix
P20478	273-285	ECO:0007829|PDB:7CPR	helix
P20478	287-290	ECO:0007829|PDB:7CPR	helix
P20478	302-305	ECO:0007829|PDB:7CPR	helix
P20478	333-338	ECO:0007829|PDB:7CPR	helix
P20478	354-365	ECO:0007829|PDB:7CPR	helix
P20478	60-62	ECO:0007829|PDB:7CPR	helix
P20478	70-72	ECO:0007829|PDB:7CPR	helix
P20480	293-345	ECO:0007829|PDB:3U06	helix
P20480	360-362	ECO:0007829|PDB:3U06	helix
P20480	385-388	ECO:0007829|PDB:2NCD	helix
P20480	389-391	ECO:0007829|PDB:3U06	helix
P20480	408-412	ECO:0007829|PDB:3U06	helix
P20480	416-423	ECO:0007829|PDB:3U06	helix
P20480	440-444	ECO:0007829|PDB:3U06	helix
P20480	453-468	ECO:0007829|PDB:3U06	helix
P20480	469-471	ECO:0007829|PDB:3U06	helix
P20480	525-538	ECO:0007829|PDB:3U06	helix
P20480	547-550	ECO:0007829|PDB:3U06	helix
P20480	601-614	ECO:0007829|PDB:3U06	helix
P20480	622-624	ECO:0007829|PDB:3U06	helix
P20480	626-631	ECO:0007829|PDB:3U06	helix
P20480	632-634	ECO:0007829|PDB:3U06	helix
P20480	651-653	ECO:0007829|PDB:3U06	helix
P20480	654-670	ECO:0007829|PDB:3U06	helix
P21187	196-203	ECO:0007829|PDB:7ZHR	helix
P21187	204-206	ECO:0007829|PDB:7ZHR	helix
P21187	233-243	ECO:0007829|PDB:7ZHR	helix
P22745	14-33	ECO:0007829|PDB:5ONA	helix
P22808	554-566	ECO:0007829|PDB:1NK2	helix
P22808	572-581	ECO:0007829|PDB:1NK2	helix
P22808	586-606	ECO:0007829|PDB:1NK2	helix
P22812	109-118	ECO:0007829|PDB:1D2Z	helix
P22812	129-138	ECO:0007829|PDB:1D2Z	helix
P22812	142-151	ECO:0007829|PDB:1D2Z	helix
P22812	33-35	ECO:0007829|PDB:1D2Z	helix
P22812	38-49	ECO:0007829|PDB:1D2Z	helix
P22812	50-52	ECO:0007829|PDB:1D2Z	helix
P22812	53-60	ECO:0007829|PDB:1D2Z	helix
P22812	67-71	ECO:0007829|PDB:1D2Z	helix
P22812	78-81	ECO:0007829|PDB:1D2Z	helix
P22812	82-84	ECO:0007829|PDB:1D2Z	helix
P22812	90-102	ECO:0007829|PDB:1D2Z	helix
P22813	50-57	ECO:0007829|PDB:1HKS	helix
P22813	97-107	ECO:0007829|PDB:1HKS	helix
P22815	110-114	ECO:0007829|PDB:9BFQ	helix
P22815	132-134	ECO:0007829|PDB:9BFQ	helix
P22815	152-165	ECO:0007829|PDB:9BFQ	helix
P22815	187-200	ECO:0007829|PDB:9BFQ	helix
P22815	212-217	ECO:0007829|PDB:9BFQ	helix
P22815	219-225	ECO:0007829|PDB:9BFQ	helix
P22815	235-237	ECO:0007829|PDB:9BFQ	helix
P22815	240-248	ECO:0007829|PDB:9BFQ	helix
P22815	266-277	ECO:0007829|PDB:9BFQ	helix
P22815	320-325	ECO:0007829|PDB:9BFQ	helix
P22815	364-387	ECO:0007829|PDB:9BFQ	helix
P22815	411-413	ECO:0007829|PDB:9BFQ	helix
P22815	424-430	ECO:0007829|PDB:9BFQ	helix
P22815	495-498	ECO:0007829|PDB:9BFQ	helix
P23023	354-366	ECO:0007829|PDB:1ZV1	helix
P23023	371-373	ECO:0007829|PDB:1ZV1	helix
P23023	374-383	ECO:0007829|PDB:1ZV1	helix
P23023	388-407	ECO:0007829|PDB:1ZV1	helix
P23023	45-48	ECO:0007829|PDB:1LPV	helix
P23023	60-62	ECO:0007829|PDB:1LPV	helix
P23023	71-80	ECO:0007829|PDB:1LPV	helix
P23128	279-281	ECO:0007829|PDB:6S8R	helix
P23128	282-292	ECO:0007829|PDB:6S8R	helix
P23128	305-318	ECO:0007829|PDB:6S8R	helix
P23128	331-343	ECO:0007829|PDB:6S8R	helix
P23128	376-383	ECO:0007829|PDB:6S8R	helix
P23128	401-403	ECO:0007829|PDB:6S8R	helix
P23128	404-414	ECO:0007829|PDB:6S8R	helix
P23128	427-429	ECO:0007829|PDB:6S8R	helix
P23226	301-309	ECO:0007829|PDB:4J7B	helix
P23647	383-386	ECO:0007829|PDB:6LPH	helix
P24014	591-593	ECO:0007829|PDB:1W8A	helix
P24014	683-685	ECO:0007829|PDB:1W8A	helix
P24014	686-695	ECO:0007829|PDB:1W8A	helix
P24014	699-701	ECO:0007829|PDB:1W8A	helix
P24014	715-717	ECO:0007829|PDB:1W8A	helix
P24785	1024-1026	ECO:0007829|PDB:5AOR	helix
P24785	1071-1077	ECO:0007829|PDB:5AOR	helix
P24785	1086-1088	ECO:0007829|PDB:5AOR	helix
P24785	1102-1124	ECO:0007829|PDB:5AOR	helix
P24785	1126-1128	ECO:0007829|PDB:5AOR	helix
P24785	1134-1147	ECO:0007829|PDB:5AOR	helix
P24785	139-144	ECO:0007829|PDB:5AOR	helix
P24785	147-154	ECO:0007829|PDB:5AOR	helix
P24785	159-161	ECO:0007829|PDB:5AOR	helix
P24785	167-180	ECO:0007829|PDB:5AOR	helix
P24785	195-197	ECO:0007829|PDB:5AOR	helix
P24785	209-211	ECO:0007829|PDB:5AOR	helix
P24785	224-241	ECO:0007829|PDB:5AOR	helix
P24785	269-281	ECO:0007829|PDB:5AOR	helix
P24785	289-291	ECO:0007829|PDB:5AOR	helix
P24785	3-12	ECO:0007829|PDB:5ZTM	helix
P24785	353-370	ECO:0007829|PDB:5AOR	helix
P24785	372-382	ECO:0007829|PDB:5AOR	helix
P24785	385-389	ECO:0007829|PDB:5AOR	helix
P24785	390-399	ECO:0007829|PDB:5AOR	helix
P24785	413-427	ECO:0007829|PDB:5AOR	helix
P24785	431-433	ECO:0007829|PDB:5AOR	helix
P24785	443-456	ECO:0007829|PDB:5AOR	helix
P24785	487-493	ECO:0007829|PDB:5AOR	helix
P24785	494-496	ECO:0007829|PDB:5AOR	helix
P24785	509-511	ECO:0007829|PDB:5AOR	helix
P24785	514-529	ECO:0007829|PDB:5AOR	helix
P24785	53-70	ECO:0007829|PDB:5ZTM	helix
P24785	544-550	ECO:0007829|PDB:5AOR	helix
P24785	571-578	ECO:0007829|PDB:5AOR	helix
P24785	584-600	ECO:0007829|PDB:5AOR	helix
P24785	606-608	ECO:0007829|PDB:5AOR	helix
P24785	611-613	ECO:0007829|PDB:5AOR	helix
P24785	621-629	ECO:0007829|PDB:5AOR	helix
P24785	637-649	ECO:0007829|PDB:5AOR	helix
P24785	663-674	ECO:0007829|PDB:5AOR	helix
P24785	696-700	ECO:0007829|PDB:5AOR	helix
P24785	718-720	ECO:0007829|PDB:5AOR	helix
P24785	759-766	ECO:0007829|PDB:5AOR	helix
P24785	76-78	ECO:0007829|PDB:5ZTM	helix
P24785	783-788	ECO:0007829|PDB:5AOR	helix
P24785	796-799	ECO:0007829|PDB:5AOR	helix
P24785	803-811	ECO:0007829|PDB:5AOR	helix
P24785	817-822	ECO:0007829|PDB:5AOR	helix
P24785	830-842	ECO:0007829|PDB:5AOR	helix
P24785	854-860	ECO:0007829|PDB:5AOR	helix
P24785	866-877	ECO:0007829|PDB:5AOR	helix
P24785	881-890	ECO:0007829|PDB:5AOR	helix
P24785	909-912	ECO:0007829|PDB:5AOR	helix
P24785	913-915	ECO:0007829|PDB:5AOR	helix
P24785	916-918	ECO:0007829|PDB:8B9J	helix
P24785	921-937	ECO:0007829|PDB:5AOR	helix
P24785	940-950	ECO:0007829|PDB:5AOR	helix
P24785	954-973	ECO:0007829|PDB:5AOR	helix
P24785	978-981	ECO:0007829|PDB:5AOR	helix
P24785	995-1007	ECO:0007829|PDB:5AOR	helix
P25158	147-152	ECO:0007829|PDB:5NT7	helix
P25158	156-166	ECO:0007829|PDB:5NT7	helix
P25158	174-185	ECO:0007829|PDB:5NT7	helix
P25158	195-199	ECO:0007829|PDB:5NT7	helix
P25158	226-233	ECO:0007829|PDB:5NT7	helix
P25158	407-410	ECO:0007829|PDB:5A4A	helix
P25158	429-438	ECO:0007829|PDB:5A4A	helix
P25158	461-469	ECO:0007829|PDB:5A4A	helix
P25158	485-489	ECO:0007829|PDB:5A4A	helix
P25158	494-510	ECO:0007829|PDB:5A4A	helix
P25158	524-526	ECO:0007829|PDB:5A4A	helix
P25158	530-546	ECO:0007829|PDB:5A4A	helix
P25158	557-559	ECO:0007829|PDB:5A4A	helix
P25158	568-570	ECO:0007829|PDB:5A4A	helix
P25158	590-602	ECO:0007829|PDB:5A4A	helix
P25159	1001-1018	ECO:0007829|PDB:5CFF	helix
P25159	579-589	ECO:0007829|PDB:1EKZ	helix
P25159	633-643	ECO:0007829|PDB:1EKZ	helix
P25159	953-962	ECO:0007829|PDB:5CFF	helix
P25171	321-323	ECO:0007829|PDB:3MVD	helix
P25228	106-110	ECO:0007829|PDB:4RKF	helix
P25228	112-122	ECO:0007829|PDB:4RKF	helix
P25228	139-141	ECO:0007829|PDB:4RKF	helix
P25228	146-156	ECO:0007829|PDB:4RKF	helix
P25228	171-185	ECO:0007829|PDB:4RKF	helix
P25228	34-43	ECO:0007829|PDB:4RKF	helix
P25228	81-83	ECO:0007829|PDB:4RKF	helix
P25228	84-89	ECO:0007829|PDB:4RKF	helix
P25822	1094-1100	ECO:0007829|PDB:5KLA	helix
P25822	1109-1112	ECO:0007829|PDB:5KLA	helix
P25822	1116-1120	ECO:0007829|PDB:5KLA	helix
P25822	1123-1133	ECO:0007829|PDB:5KLA	helix
P25822	1138-1150	ECO:0007829|PDB:5KLA	helix
P25822	1152-1156	ECO:0007829|PDB:5KLA	helix
P25822	1162-1171	ECO:0007829|PDB:5KLA	helix
P25822	1174-1184	ECO:0007829|PDB:5KLA	helix
P25822	1188-1192	ECO:0007829|PDB:5KLA	helix
P25822	1197-1207	ECO:0007829|PDB:5KLA	helix
P25822	1210-1218	ECO:0007829|PDB:5KLA	helix
P25822	1224-1228	ECO:0007829|PDB:5KLA	helix
P25822	1233-1243	ECO:0007829|PDB:5KLA	helix
P25822	1246-1249	ECO:0007829|PDB:5KLA	helix
P25822	1250-1256	ECO:0007829|PDB:5KLA	helix
P25822	1260-1264	ECO:0007829|PDB:5KLA	helix
P25822	1269-1279	ECO:0007829|PDB:5KLA	helix
P25822	1282-1292	ECO:0007829|PDB:5KLA	helix
P25822	1296-1300	ECO:0007829|PDB:5KLA	helix
P25822	1305-1315	ECO:0007829|PDB:5KLA	helix
P25822	1318-1326	ECO:0007829|PDB:5KLA	helix
P25822	1332-1336	ECO:0007829|PDB:5KLA	helix
P25822	1341-1351	ECO:0007829|PDB:5KLA	helix
P25822	1354-1365	ECO:0007829|PDB:5KLA	helix
P25822	1371-1377	ECO:0007829|PDB:5KLA	helix
P25822	1381-1391	ECO:0007829|PDB:5KLA	helix
P25822	1394-1404	ECO:0007829|PDB:5KLA	helix
P25822	1405-1407	ECO:0007829|PDB:5KLA	helix
P25822	1408-1411	ECO:0007829|PDB:5KLA	helix
P25822	1418-1425	ECO:0007829|PDB:5KLA	helix
P25823	1999-2001	ECO:0007829|PDB:4Q5W	helix
P25823	2002-2014	ECO:0007829|PDB:4Q5W	helix
P25823	2075-2077	ECO:0007829|PDB:4Q5W	helix
P25823	2093-2097	ECO:0007829|PDB:4Q5W	helix
P25823	2099-2111	ECO:0007829|PDB:4Q5W	helix
P25823	2143-2159	ECO:0007829|PDB:4Q5W	helix
P25823	2183-2185	ECO:0007829|PDB:4Q5Y	helix
P25823	2186-2194	ECO:0007829|PDB:4Q5Y	helix
P25823	2285-2297	ECO:0007829|PDB:4Q5Y	helix
P25823	2329-2337	ECO:0007829|PDB:4Q5Y	helix
P25823	2344-2347	ECO:0007829|PDB:4Q5Y	helix
P25823	2367-2369	ECO:0007829|PDB:3NTK	helix
P25823	2370-2383	ECO:0007829|PDB:3NTK	helix
P25823	2384-2386	ECO:0007829|PDB:3NTK	helix
P25823	2444-2447	ECO:0007829|PDB:3NTK	helix
P25823	2460-2462	ECO:0007829|PDB:3NTK	helix
P25823	2465-2476	ECO:0007829|PDB:3NTK	helix
P25823	2507-2510	ECO:0007829|PDB:3NTK	helix
P26017	52-54	ECO:0007829|PDB:1PFB	helix
P26017	60-62	ECO:0007829|PDB:1PFB	helix
P26017	67-73	ECO:0007829|PDB:1PFB	helix
P28159	107-116	ECO:0007829|PDB:5E24	helix
P28159	153-163	ECO:0007829|PDB:5E24	helix
P28159	167-171	ECO:0007829|PDB:5E24	helix
P28159	248-250	ECO:0007829|PDB:5E24	helix
P28159	398-400	ECO:0007829|PDB:5E24	helix
P28159	483-488	ECO:0007829|PDB:5E24	helix
P28750	108-125	ECO:0007829|PDB:5L7Z	helix
P28750	144-154	ECO:0007829|PDB:5L7Z	helix
P28750	158-164	ECO:0007829|PDB:5L7Z	helix
P28750	172-177	ECO:0007829|PDB:5L7Z	helix
P28750	189-196	ECO:0007829|PDB:5L7Z	helix
P28750	261-277	ECO:0007829|PDB:5L7Z	helix
P28750	287-297	ECO:0007829|PDB:5L7Z	helix
P28750	298-300	ECO:0007829|PDB:5L7Z	helix
P28750	304-320	ECO:0007829|PDB:5L7Z	helix
P28750	329-334	ECO:0007829|PDB:5L80	helix
P28750	336-351	ECO:0007829|PDB:5L80	helix
P28750	356-364	ECO:0007829|PDB:5L80	helix
P28750	371-376	ECO:0007829|PDB:5L80	helix
P28750	383-394	ECO:0007829|PDB:5L80	helix
P28750	75-81	ECO:0007829|PDB:5L7Z	helix
P29503	173-176	ECO:0007829|PDB:4KG0	helix
P29503	184-188	ECO:0007829|PDB:4KG0	helix
P29503	201-203	ECO:0007829|PDB:4KG0	helix
P29503	260-263	ECO:0007829|PDB:2YUE	helix
P29555	407-419	ECO:0007829|PDB:8F37	helix
P29555	425-434	ECO:0007829|PDB:8F37	helix
P29555	439-452	ECO:0007829|PDB:8F37	helix
P29617	1550-1559	ECO:0007829|PDB:1MIJ	helix
P29617	1568-1574	ECO:0007829|PDB:1MIJ	helix
P29617	1582-1612	ECO:0007829|PDB:1MIJ	helix
P29617	1628-1637	ECO:0007829|PDB:1MIJ	helix
P29617	1647-1665	ECO:0007829|PDB:1MIJ	helix
P29617	1668-1670	ECO:0007829|PDB:1MIJ	helix
P29617	1676-1683	ECO:0007829|PDB:1MIJ	helix
P29617	1691-1694	ECO:0007829|PDB:1MIJ	helix
P29617	1696-1699	ECO:0007829|PDB:1XPX	helix
P30052	271-273	ECO:0007829|PDB:8A8Q	helix
P30052	275-277	ECO:0007829|PDB:8A8Q	helix
P30052	285-291	ECO:0007829|PDB:8A8Q	helix
P30052	294-296	ECO:0007829|PDB:8A8Q	helix
P30052	374-384	ECO:0007829|PDB:8A8Q	helix
P30052	389-396	ECO:0007829|PDB:8A8Q	helix
P31007	11-21	ECO:0007829|PDB:4RP3	helix
P31007	25-27	ECO:0007829|PDB:4RP3	helix
P31007	28-58	ECO:0007829|PDB:4RP3	helix
P31007	67-83	ECO:0007829|PDB:4RP3	helix
P31007	683-691	ECO:0007829|PDB:3TVT	helix
P31007	790-800	ECO:0007829|PDB:3TVT	helix
P31007	8-10	ECO:0007829|PDB:4RP3	helix
P31007	832-840	ECO:0007829|PDB:3TVT	helix
P31007	84-86	ECO:0007829|PDB:4RP3	helix
P31007	859-868	ECO:0007829|PDB:3TVT	helix
P31007	879-886	ECO:0007829|PDB:3TVT	helix
P31007	901-906	ECO:0007829|PDB:3TVT	helix
P31007	915-930	ECO:0007829|PDB:3TVT	helix
P31007	943-957	ECO:0007829|PDB:3TVT	helix
P33244	1016-1022	ECO:0007829|PDB:2XHS	helix
P33244	790-792	ECO:0007829|PDB:2XHS	helix
P33244	795-802	ECO:0007829|PDB:2XHS	helix
P33244	806-821	ECO:0007829|PDB:2XHS	helix
P33244	829-849	ECO:0007829|PDB:2XHS	helix
P33244	854-856	ECO:0007829|PDB:2XHS	helix
P33244	859-884	ECO:0007829|PDB:2XHS	helix
P33244	901-905	ECO:0007829|PDB:2XHS	helix
P33244	910-912	ECO:0007829|PDB:2XHS	helix
P33244	913-925	ECO:0007829|PDB:2XHS	helix
P33244	930-941	ECO:0007829|PDB:2XHS	helix
P33244	952-973	ECO:0007829|PDB:2XHS	helix
P33244	980-1007	ECO:0007829|PDB:2XHS	helix
P34021	282-293	ECO:0007829|PDB:2HAN	helix
P34021	312-314	ECO:0007829|PDB:2HAN	helix
P34021	317-326	ECO:0007829|PDB:2HAN	helix
P34021	331-333	ECO:0007829|PDB:2HAN	helix
P34021	339-343	ECO:0007829|PDB:2HAN	helix
P35992	1254-1256	ECO:0007829|PDB:3S3E	helix
P35992	1257-1277	ECO:0007829|PDB:3S3E	helix
P35992	1290-1292	ECO:0007829|PDB:3S3E	helix
P35992	1297-1299	ECO:0007829|PDB:3S3E	helix
P35992	1309-1311	ECO:0007829|PDB:3S3E	helix
P35992	1349-1351	ECO:0007829|PDB:3S3E	helix
P35992	1352-1361	ECO:0007829|PDB:3S3E	helix
P35992	1444-1457	ECO:0007829|PDB:3S3E	helix
P35992	1473-1487	ECO:0007829|PDB:3S3E	helix
P35992	1496-1506	ECO:0007829|PDB:3S3E	helix
P35992	1514-1528	ECO:0007829|PDB:3S3E	helix
P39769	1510-1512	ECO:0007829|PDB:1KW4	helix
P39769	1515-1523	ECO:0007829|PDB:1KW4	helix
P39769	1529-1531	ECO:0007829|PDB:1KW4	helix
P39769	1532-1537	ECO:0007829|PDB:1KW4	helix
P39769	1542-1547	ECO:0007829|PDB:1KW4	helix
P39769	1550-1554	ECO:0007829|PDB:1KW4	helix
P39769	1561-1574	ECO:0007829|PDB:1KW4	helix
P40421	102-113	ECO:0007829|PDB:8JFY	helix
P40421	122-138	ECO:0007829|PDB:8JFY	helix
P40421	163-173	ECO:0007829|PDB:8JFY	helix
P40421	195-208	ECO:0007829|PDB:8JFY	helix
P40421	223-229	ECO:0007829|PDB:8JFY	helix
P40421	231-238	ECO:0007829|PDB:8JFY	helix
P40421	243-256	ECO:0007829|PDB:8JFY	helix
P40421	280-283	ECO:0007829|PDB:8JFY	helix
P40421	3-28	ECO:0007829|PDB:8JFY	helix
P40421	307-318	ECO:0007829|PDB:8JFY	helix
P40421	31-43	ECO:0007829|PDB:8JFY	helix
P40421	341-351	ECO:0007829|PDB:8JFY	helix
P40421	414-417	ECO:0007829|PDB:8JFY	helix
P40421	428-438	ECO:0007829|PDB:8JFY	helix
P40421	439-442	ECO:0007829|PDB:8JFY	helix
P40421	443-453	ECO:0007829|PDB:8JFY	helix
P40421	45-51	ECO:0007829|PDB:8JFY	helix
P40421	463-473	ECO:0007829|PDB:8JFY	helix
P40421	480-487	ECO:0007829|PDB:8JFY	helix
P40421	498-506	ECO:0007829|PDB:8JFY	helix
P40421	508-512	ECO:0007829|PDB:8JFY	helix
P40421	520-525	ECO:0007829|PDB:8JFY	helix
P40421	531-538	ECO:0007829|PDB:8JFY	helix
P40421	548-558	ECO:0007829|PDB:8JFY	helix
P40421	568-578	ECO:0007829|PDB:8JFY	helix
P40421	588-604	ECO:0007829|PDB:8JFY	helix
P40427	247-259	ECO:0007829|PDB:4CYC	helix
P40427	268-278	ECO:0007829|PDB:4CYC	helix
P40427	282-298	ECO:0007829|PDB:4CYC	helix
P40427	306-309	ECO:0007829|PDB:5ZJT	helix
P40688	207-269	ECO:0007829|PDB:6XOR	helix
P41043	110-121	ECO:0007829|PDB:1M0U	helix
P41043	128-152	ECO:0007829|PDB:1M0U	helix
P41043	157-169	ECO:0007829|PDB:1M0U	helix
P41043	171-185	ECO:0007829|PDB:1M0U	helix
P41043	197-213	ECO:0007829|PDB:1M0U	helix
P41043	222-232	ECO:0007829|PDB:1M0U	helix
P41043	235-243	ECO:0007829|PDB:1M0U	helix
P41043	59-61	ECO:0007829|PDB:1M0U	helix
P41043	62-71	ECO:0007829|PDB:1M0U	helix
P41043	85-88	ECO:0007829|PDB:1M0U	helix
P41043	89-91	ECO:0007829|PDB:1M0U	helix
P41043	93-95	ECO:0007829|PDB:1M0U	helix
P41964	42-52	ECO:0007829|PDB:1MYN	helix
P42003	301-303	ECO:0007829|PDB:3GMJ	helix
P42003	311-320	ECO:0007829|PDB:3GMJ	helix
P42003	348-353	ECO:0007829|PDB:3GMJ	helix
P42003	375-384	ECO:0007829|PDB:3GMJ	helix
P42003	386-388	ECO:0007829|PDB:3GMJ	helix
P42003	391-396	ECO:0007829|PDB:3GMJ	helix
P42003	397-400	ECO:0007829|PDB:3GMJ	helix
P42003	419-421	ECO:0007829|PDB:3GMJ	helix
P42003	431-441	ECO:0007829|PDB:3GMJ	helix
P42207	114-132	ECO:0007829|PDB:8DKT	helix
P42207	160-166	ECO:0007829|PDB:8DKT	helix
P42207	182-184	ECO:0007829|PDB:8DKT	helix
P42207	187-204	ECO:0007829|PDB:8DKT	helix
P42207	220-232	ECO:0007829|PDB:8DKT	helix
P42207	271-280	ECO:0007829|PDB:8DKT	helix
P42207	282-291	ECO:0007829|PDB:8DKT	helix
P42207	293-302	ECO:0007829|PDB:8DKT	helix
P42207	48-56	ECO:0007829|PDB:8DKT	helix
P42207	69-71	ECO:0007829|PDB:8DKT	helix
P42787	106-121	ECO:0007829|PDB:3MN8	helix
P42787	126-134	ECO:0007829|PDB:3MN8	helix
P42787	145-149	ECO:0007829|PDB:3MN8	helix
P42787	160-162	ECO:0007829|PDB:3MN8	helix
P42787	173-175	ECO:0007829|PDB:3MN8	helix
P42787	196-205	ECO:0007829|PDB:3MN8	helix
P42787	245-257	ECO:0007829|PDB:3MN8	helix
P42787	267-269	ECO:0007829|PDB:3MN8	helix
P42787	273-275	ECO:0007829|PDB:3MN8	helix
P42787	279-282	ECO:0007829|PDB:3MN8	helix
P42787	289-296	ECO:0007829|PDB:3MN8	helix
P42787	314-316	ECO:0007829|PDB:3MN8	helix
P42787	317-333	ECO:0007829|PDB:3MN8	helix
P42787	33-35	ECO:0007829|PDB:3MN8	helix
P42787	334-336	ECO:0007829|PDB:3MN8	helix
P42787	43-56	ECO:0007829|PDB:3MN8	helix
P43332	155-162	ECO:0007829|PDB:2AYM	helix
P43332	188-198	ECO:0007829|PDB:2AYM	helix
P43332	20-31	ECO:0007829|PDB:6F4J	helix
P43332	59-69	ECO:0007829|PDB:6F4J	helix
P43332	87-94	ECO:0007829|PDB:6F4J	helix
P45594	101-113	ECO:0007829|PDB:2MV2	helix
P45594	114-116	ECO:0007829|PDB:2MV2	helix
P45594	135-144	ECO:0007829|PDB:2MV2	helix
P45594	49-59	ECO:0007829|PDB:2MV2	helix
P45594	9-20	ECO:0007829|PDB:2MV2	helix
P46863	109-113	ECO:0007829|PDB:7LXR	helix
P46863	133-147	ECO:0007829|PDB:7LXR	helix
P46863	203-216	ECO:0007829|PDB:7LXR	helix
P46863	277-301	ECO:0007829|PDB:7LXR	helix
P46863	308-310	ECO:0007829|PDB:7LXR	helix
P46863	31-35	ECO:0007829|PDB:7LXR	helix
P46863	312-317	ECO:0007829|PDB:7LXR	helix
P46863	318-320	ECO:0007829|PDB:7LXR	helix
P46863	337-339	ECO:0007829|PDB:7LXR	helix
P46863	340-353	ECO:0007829|PDB:7LXR	helix
P46863	641-695	ECO:0007829|PDB:4PXU	helix
P46863	698-790	ECO:0007829|PDB:4PXU	helix
P46863	76-83	ECO:0007829|PDB:7LXR	helix
P46863	792-794	ECO:0007829|PDB:4PXU	helix
P46863	85-92	ECO:0007829|PDB:7LXR	helix
P47938	32-47	ECO:0007829|PDB:6ZMU	helix
P47938	63-68	ECO:0007829|PDB:6ZMU	helix
P47938	7-16	ECO:0007829|PDB:6ZMU	helix
P47938	94-104	ECO:0007829|PDB:6ZMU	helix
P48555	101-109	ECO:0007829|PDB:5CM8	helix
P48555	136-143	ECO:0007829|PDB:5CM8	helix
P48555	144-146	ECO:0007829|PDB:5CM8	helix
P48555	161-177	ECO:0007829|PDB:5CM8	helix
P48555	24-32	ECO:0007829|PDB:5CM8	helix
P48555	75-80	ECO:0007829|PDB:5CM8	helix
P48555	96-99	ECO:0007829|PDB:5CM8	helix
P48598	100-102	ECO:0007829|PDB:5ABV	helix
P48598	113-122	ECO:0007829|PDB:4UE8	helix
P48598	126-128	ECO:0007829|PDB:4UE8	helix
P48598	166-181	ECO:0007829|PDB:4UE8	helix
P48598	188-190	ECO:0007829|PDB:4UE8	helix
P48598	215-229	ECO:0007829|PDB:4UE8	helix
P48598	233-235	ECO:0007829|PDB:4UE8	helix
P48598	242-244	ECO:0007829|PDB:4UE8	helix
P48607	277-279	ECO:0007829|PDB:4LXR	helix
P48809	20-27	ECO:0007829|PDB:9EN7	helix
P48809	28-30	ECO:0007829|PDB:9EN7	helix
P48809	60-66	ECO:0007829|PDB:9EN7	helix
P49021	1006-1017	ECO:0007829|PDB:8DD7	helix
P49021	1020-1027	ECO:0007829|PDB:8DD7	helix
P49021	1040-1046	ECO:0007829|PDB:8DD7	helix
P49021	1059-1062	ECO:0007829|PDB:8DD7	helix
P49021	106-126	ECO:0007829|PDB:8DD7	helix
P49021	1063-1066	ECO:0007829|PDB:8DD7	helix
P49021	1068-1076	ECO:0007829|PDB:8DD7	helix
P49021	1103-1107	ECO:0007829|PDB:8DD7	helix
P49021	1210-1218	ECO:0007829|PDB:8DD7	helix
P49021	129-143	ECO:0007829|PDB:8DD7	helix
P49021	151-169	ECO:0007829|PDB:8DD7	helix
P49021	172-176	ECO:0007829|PDB:8DD7	helix
P49021	185-201	ECO:0007829|PDB:8DD7	helix
P49021	204-213	ECO:0007829|PDB:8DD7	helix
P49021	217-219	ECO:0007829|PDB:8DD7	helix
P49021	221-231	ECO:0007829|PDB:8DD7	helix
P49021	237-247	ECO:0007829|PDB:8DD7	helix
P49021	31-43	ECO:0007829|PDB:8DD7	helix
P49021	4-6	ECO:0007829|PDB:8DD7	helix
P49021	51-59	ECO:0007829|PDB:8DD7	helix
P49021	546-570	ECO:0007829|PDB:8DD7	helix
P49021	578-608	ECO:0007829|PDB:8DD7	helix
P49021	61-72	ECO:0007829|PDB:8DD7	helix
P49021	618-634	ECO:0007829|PDB:8DD7	helix
P49021	639-641	ECO:0007829|PDB:8DD7	helix
P49021	648-668	ECO:0007829|PDB:8DD7	helix
P49021	677-702	ECO:0007829|PDB:8DD7	helix
P49021	7-17	ECO:0007829|PDB:8DD7	helix
P49021	708-722	ECO:0007829|PDB:8DD7	helix
P49021	730-736	ECO:0007829|PDB:8DD7	helix
P49021	745-765	ECO:0007829|PDB:8DD7	helix
P49021	76-89	ECO:0007829|PDB:8DD7	helix
P49021	776-779	ECO:0007829|PDB:8DD7	helix
P49021	787-797	ECO:0007829|PDB:8DD7	helix
P49021	799-802	ECO:0007829|PDB:8DD7	helix
P49021	807-818	ECO:0007829|PDB:8DD7	helix
P49021	830-842	ECO:0007829|PDB:8DD7	helix
P49021	851-854	ECO:0007829|PDB:8DD7	helix
P49021	859-862	ECO:0007829|PDB:8DD7	helix
P49021	93-95	ECO:0007829|PDB:8DD7	helix
P49021	99-102	ECO:0007829|PDB:8DD7	helix
P49021	991-1001	ECO:0007829|PDB:8DD7	helix
P49028	108-113	ECO:0007829|PDB:1OO0	helix
P49028	117-142	ECO:0007829|PDB:1OO0	helix
P49028	55-68	ECO:0007829|PDB:1OO0	helix
P49028	70-72	ECO:0007829|PDB:1OO0	helix
P49258	102-112	ECO:0007829|PDB:2LMT	helix
P49258	118-128	ECO:0007829|PDB:2LMT	helix
P49258	138-145	ECO:0007829|PDB:2LMT	helix
P49258	29-31	ECO:0007829|PDB:2LMT	helix
P49258	32-39	ECO:0007829|PDB:2LMT	helix
P49258	45-56	ECO:0007829|PDB:2LMT	helix
P49258	65-74	ECO:0007829|PDB:2LMT	helix
P49258	7-20	ECO:0007829|PDB:2LMT	helix
P49258	82-93	ECO:0007829|PDB:2LMT	helix
P49847	23-32	ECO:0007829|PDB:1TAF	helix
P49847	40-67	ECO:0007829|PDB:1TAF	helix
P49847	75-82	ECO:0007829|PDB:1TAF	helix
P49869	1018-1021	ECO:0007829|PDB:1PDU	helix
P49869	1026-1031	ECO:0007829|PDB:1PDU	helix
P49869	1033-1054	ECO:0007829|PDB:1PDU	helix
P49869	1061-1065	ECO:0007829|PDB:1PDU	helix
P49869	844-854	ECO:0007829|PDB:1PDU	helix
P49869	859-861	ECO:0007829|PDB:1PDU	helix
P49869	874-896	ECO:0007829|PDB:1PDU	helix
P49869	902-904	ECO:0007829|PDB:1PDU	helix
P49869	907-929	ECO:0007829|PDB:1PDU	helix
P49869	947-954	ECO:0007829|PDB:1PDU	helix
P49869	957-971	ECO:0007829|PDB:1PDU	helix
P49869	975-986	ECO:0007829|PDB:1PDU	helix
P49869	996-1016	ECO:0007829|PDB:1PDU	helix
P50534	535-537	ECO:0007829|PDB:4RKH	helix
P50534	545-548	ECO:0007829|PDB:4RKH	helix
P50536	61-63	ECO:0007829|PDB:3M9Q	helix
P50536	69-71	ECO:0007829|PDB:3M9Q	helix
P50536	77-91	ECO:0007829|PDB:3M9Q	helix
P51123	23-26	ECO:0007829|PDB:1TBA	helix
P51123	53-56	ECO:0007829|PDB:1TBA	helix
P51123	64-69	ECO:0007829|PDB:1TBA	helix
P54195	100-113	ECO:0007829|PDB:6QQ4	helix
P54195	122-139	ECO:0007829|PDB:6QQ4	helix
P54195	24-38	ECO:0007829|PDB:6QQ4	helix
P54195	39-42	ECO:0007829|PDB:6QQ4	helix
P54195	46-53	ECO:0007829|PDB:6QQ4	helix
P54195	61-74	ECO:0007829|PDB:6QQ4	helix
P54195	88-96	ECO:0007829|PDB:6QQ4	helix
P54359	117-135	ECO:0007829|PDB:8DKT	helix
P54359	165-174	ECO:0007829|PDB:8DKT	helix
P54359	187-189	ECO:0007829|PDB:8DKT	helix
P54359	192-208	ECO:0007829|PDB:8DKT	helix
P54359	224-232	ECO:0007829|PDB:8DKT	helix
P54359	272-275	ECO:0007829|PDB:8DKT	helix
P54359	276-279	ECO:0007829|PDB:8DKT	helix
P54359	281-293	ECO:0007829|PDB:8DKT	helix
P54359	295-306	ECO:0007829|PDB:8DKT	helix
P54359	56-64	ECO:0007829|PDB:8DKT	helix
P54623	1256-1311	ECO:0007829|PDB:5MVW	helix
P54623	670-679	ECO:0007829|PDB:5MVW	helix
P54623	681-687	ECO:0007829|PDB:5MVW	helix
P54623	690-713	ECO:0007829|PDB:5MVW	helix
P62152	103-112	ECO:0007829|PDB:1MXE	helix
P62152	119-129	ECO:0007829|PDB:1MXE	helix
P62152	139-147	ECO:0007829|PDB:1MXE	helix
P62152	30-39	ECO:0007829|PDB:1MXE	helix
P62152	46-56	ECO:0007829|PDB:1MXE	helix
P62152	66-79	ECO:0007829|PDB:1MXE	helix
P62152	7-20	ECO:0007829|PDB:1MXE	helix
P62152	82-93	ECO:0007829|PDB:1MXE	helix
P82890	110-112	ECO:0007829|PDB:7CUY	helix
P82890	117-119	ECO:0007829|PDB:7CUY	helix
P82890	132-151	ECO:0007829|PDB:7CUY	helix
P82890	15-29	ECO:0007829|PDB:7CUY	helix
P82890	53-61	ECO:0007829|PDB:7CUY	helix
P82890	77-80	ECO:0007829|PDB:7CUY	helix
P82890	89-98	ECO:0007829|PDB:7CUY	helix
P83293	126-163	ECO:0007829|PDB:8JME	helix
P83293	165-167	ECO:0007829|PDB:8JME	helix
P83293	178-213	ECO:0007829|PDB:8JME	helix
P83293	224-231	ECO:0007829|PDB:8JME	helix
P83293	233-236	ECO:0007829|PDB:8JME	helix
P83293	243-286	ECO:0007829|PDB:8JME	helix
P83293	295-338	ECO:0007829|PDB:8JME	helix
P83293	348-386	ECO:0007829|PDB:8JME	helix
P83293	396-407	ECO:0007829|PDB:8JME	helix
P83293	422-447	ECO:0007829|PDB:8JME	helix
P83293	59-72	ECO:0007829|PDB:8JME	helix
P83293	86-88	ECO:0007829|PDB:8JME	helix
P83293	96-122	ECO:0007829|PDB:8JME	helix
P83949	241-243	ECO:0007829|PDB:4CYC	helix
P83949	304-316	ECO:0007829|PDB:4CYC	helix
P83949	322-332	ECO:0007829|PDB:4CYC	helix
P83949	336-355	ECO:0007829|PDB:4CYC	helix
P84040	26-29	ECO:0007829|PDB:2NQB	helix
P84040	32-40	ECO:0007829|PDB:2XYI	helix
P84040	51-76	ECO:0007829|PDB:2NQB	helix
P84040	84-93	ECO:0007829|PDB:2NQB	helix
P84051	113-115	ECO:0007829|PDB:2NQB	helix
P84051	17-21	ECO:0007829|PDB:2NQB	helix
P84051	27-36	ECO:0007829|PDB:2NQB	helix
P84051	46-72	ECO:0007829|PDB:2NQB	helix
P84051	80-88	ECO:0007829|PDB:2NQB	helix
P84051	91-96	ECO:0007829|PDB:2NQB	helix
P91682	112-114	ECO:0007829|PDB:2MAH	helix
P91682	120-131	ECO:0007829|PDB:2MAH	helix
P91682	132-135	ECO:0007829|PDB:2MAH	helix
P91682	137-140	ECO:0007829|PDB:2MAH	helix
P91682	146-151	ECO:0007829|PDB:2MAH	helix
P91682	169-176	ECO:0007829|PDB:2MAH	helix
P91682	180-182	ECO:0007829|PDB:2MAH	helix
P91682	189-192	ECO:0007829|PDB:2MAH	helix
P91682	977-988	ECO:0007829|PDB:8OIJ	helix
P91929	117-120	ECO:0007829|PDB:8B9Z	helix
P91929	128-131	ECO:0007829|PDB:8B9Z	helix
P91929	137-139	ECO:0007829|PDB:8B9Z	helix
P91929	144-149	ECO:0007829|PDB:8B9Z	helix
P91929	155-181	ECO:0007829|PDB:8B9Z	helix
P91929	191-194	ECO:0007829|PDB:8B9Z	helix
P91929	195-203	ECO:0007829|PDB:8B9Z	helix
P91929	209-223	ECO:0007829|PDB:8B9Z	helix
P91929	239-249	ECO:0007829|PDB:8B9Z	helix
P91929	252-256	ECO:0007829|PDB:8B9Z	helix
P91929	262-274	ECO:0007829|PDB:8B9Z	helix
P91929	276-280	ECO:0007829|PDB:8B9Z	helix
P91929	298-306	ECO:0007829|PDB:8B9Z	helix
P91929	329-341	ECO:0007829|PDB:8B9Z	helix
P91929	343-348	ECO:0007829|PDB:8B9Z	helix
P91929	364-375	ECO:0007829|PDB:8B9Z	helix
P91929	388-390	ECO:0007829|PDB:8B9Z	helix
P91929	43-46	ECO:0007829|PDB:8B9Z	helix
P91929	66-69	ECO:0007829|PDB:8B9Z	helix
P91929	75-77	ECO:0007829|PDB:8B9Z	helix
P91929	95-105	ECO:0007829|PDB:8B9Z	helix
P91938	124-135	ECO:0007829|PDB:3DGH	helix
P91938	161-165	ECO:0007829|PDB:3DGH	helix
P91938	167-188	ECO:0007829|PDB:3DGH	helix
P91938	201-225	ECO:0007829|PDB:3DGH	helix
P91938	275-278	ECO:0007829|PDB:3DGH	helix
P91938	282-285	ECO:0007829|PDB:3DGH	helix
P91938	302-313	ECO:0007829|PDB:3DGH	helix
P91938	332-344	ECO:0007829|PDB:3DGH	helix
P91938	397-399	ECO:0007829|PDB:3DGH	helix
P91938	401-403	ECO:0007829|PDB:3DGH	helix
P91938	430-432	ECO:0007829|PDB:3DH9	helix
P91938	440-455	ECO:0007829|PDB:3DGH	helix
P91938	484-491	ECO:0007829|PDB:3DGH	helix
P91938	493-495	ECO:0007829|PDB:3DGH	helix
P91938	506-508	ECO:0007829|PDB:3DGH	helix
P91938	542-554	ECO:0007829|PDB:3DGH	helix
P91938	559-563	ECO:0007829|PDB:3DGH	helix
P91938	573-578	ECO:0007829|PDB:3DGH	helix
P92208	113-118	ECO:0007829|PDB:5AWM	helix
P92208	123-142	ECO:0007829|PDB:5AWM	helix
P92208	152-154	ECO:0007829|PDB:5AWM	helix
P92208	192-195	ECO:0007829|PDB:5AWM	helix
P92208	204-218	ECO:0007829|PDB:5AWM	helix
P92208	228-239	ECO:0007829|PDB:5AWM	helix
P92208	244-248	ECO:0007829|PDB:5AWM	helix
P92208	252-259	ECO:0007829|PDB:5AWM	helix
P92208	269-272	ECO:0007829|PDB:5AWM	helix
P92208	275-277	ECO:0007829|PDB:5AWM	helix
P92208	285-300	ECO:0007829|PDB:5AWM	helix
P92208	305-307	ECO:0007829|PDB:5AWM	helix
P92208	311-316	ECO:0007829|PDB:5AWM	helix
P92208	321-323	ECO:0007829|PDB:5AWM	helix
P92208	326-329	ECO:0007829|PDB:5AWM	helix
P92208	348-361	ECO:0007829|PDB:5AWM	helix
P92208	62-77	ECO:0007829|PDB:5AWM	helix
Q00168	110-128	ECO:0007829|PDB:5HU3	helix
Q00168	139-141	ECO:0007829|PDB:5HU3	helix
Q00168	178-180	ECO:0007829|PDB:5HU3	helix
Q00168	183-186	ECO:0007829|PDB:5HU3	helix
Q00168	194-209	ECO:0007829|PDB:5HU3	helix
Q00168	219-228	ECO:0007829|PDB:5HU3	helix
Q00168	243-252	ECO:0007829|PDB:5HU3	helix
Q00168	263-266	ECO:0007829|PDB:5HU3	helix
Q00168	270-273	ECO:0007829|PDB:5FG8	helix
Q00168	52-67	ECO:0007829|PDB:5HU3	helix
Q00168	9-13	ECO:0007829|PDB:5HU3	helix
Q00168	98-105	ECO:0007829|PDB:5HU3	helix
Q00805	135-137	ECO:0007829|PDB:3C9A	helix
Q00805	310-312	ECO:0007829|PDB:3CGU	helix
Q00805	429-431	ECO:0007829|PDB:3CGU	helix
Q00963	2192-2195	ECO:0007829|PDB:1DRO	helix
Q00963	2245-2258	ECO:0007829|PDB:1DRO	helix
Q01083	84-89	ECO:0007829|PDB:3CA7	helix
Q01842	103-118	ECO:0007829|PDB:1SV0	helix
Q01842	51-53	ECO:0007829|PDB:1SV0	helix
Q01842	56-69	ECO:0007829|PDB:1SV0	helix
Q01842	77-80	ECO:0007829|PDB:1SV0	helix
Q01842	84-87	ECO:0007829|PDB:1SV0	helix
Q01842	92-98	ECO:0007829|PDB:1SV0	helix
Q02936	131-135	ECO:0007829|PDB:2IBG	helix
Q02936	160-176	ECO:0007829|PDB:2IBG	helix
Q02936	199-202	ECO:0007829|PDB:2IBG	helix
Q02936	215-217	ECO:0007829|PDB:2IBG	helix
Q02936	218-228	ECO:0007829|PDB:2IBG	helix
Q02936	346-348	ECO:0007829|PDB:6TYY	helix
Q03445	504-507	ECO:0007829|PDB:5DT6	helix
Q03445	511-523	ECO:0007829|PDB:5DT6	helix
Q03445	550-556	ECO:0007829|PDB:5DT6	helix
Q03445	571-574	ECO:0007829|PDB:5DT6	helix
Q03445	743-746	ECO:0007829|PDB:5DT6	helix
Q03445	761-768	ECO:0007829|PDB:5DT6	helix
Q03445	772-783	ECO:0007829|PDB:5DT6	helix
Q03445	784-787	ECO:0007829|PDB:5DT6	helix
Q03445	792-801	ECO:0007829|PDB:5DT6	helix
Q03445	812-819	ECO:0007829|PDB:5DT6	helix
Q03445	849-861	ECO:0007829|PDB:5DT6	helix
Q03445	864-872	ECO:0007829|PDB:5DT6	helix
Q03445	874-876	ECO:0007829|PDB:5DT6	helix
Q03720	1011-1013	ECO:0007829|PDB:7PXE	helix
Q03720	1015-1018	ECO:0007829|PDB:7PXE	helix
Q03720	1025-1030	ECO:0007829|PDB:7PXE	helix
Q03720	1031-1037	ECO:0007829|PDB:7PXE	helix
Q03720	1039-1049	ECO:0007829|PDB:7PXE	helix
Q03720	1055-1063	ECO:0007829|PDB:7PXE	helix
Q03720	107-119	ECO:0007829|PDB:7PXE	helix
Q03720	1078-1080	ECO:0007829|PDB:7PXE	helix
Q03720	1096-1101	ECO:0007829|PDB:7PXE	helix
Q03720	1104-1115	ECO:0007829|PDB:7PXE	helix
Q03720	124-148	ECO:0007829|PDB:7PXE	helix
Q03720	163-185	ECO:0007829|PDB:7PXE	helix
Q03720	189-193	ECO:0007829|PDB:7PXE	helix
Q03720	196-202	ECO:0007829|PDB:7PXE	helix
Q03720	205-214	ECO:0007829|PDB:7PXE	helix
Q03720	222-231	ECO:0007829|PDB:7PXE	helix
Q03720	232-238	ECO:0007829|PDB:7PXE	helix
Q03720	245-274	ECO:0007829|PDB:7PXE	helix
Q03720	288-299	ECO:0007829|PDB:7PXE	helix
Q03720	312-340	ECO:0007829|PDB:7PXE	helix
Q03720	367-377	ECO:0007829|PDB:7PXE	helix
Q03720	399-407	ECO:0007829|PDB:7PXE	helix
Q03720	422-427	ECO:0007829|PDB:7PXE	helix
Q03720	430-432	ECO:0007829|PDB:7PXE	helix
Q03720	447-464	ECO:0007829|PDB:7PXE	helix
Q03720	477-479	ECO:0007829|PDB:7PXE	helix
Q03720	480-484	ECO:0007829|PDB:7PXE	helix
Q03720	49-76	ECO:0007829|PDB:7PXE	helix
Q03720	500-513	ECO:0007829|PDB:7PXE	helix
Q03720	517-524	ECO:0007829|PDB:7PXE	helix
Q03720	538-547	ECO:0007829|PDB:7PXE	helix
Q03720	558-560	ECO:0007829|PDB:7PXE	helix
Q03720	565-574	ECO:0007829|PDB:7PXE	helix
Q03720	618-625	ECO:0007829|PDB:7PXE	helix
Q03720	815-817	ECO:0007829|PDB:7PXE	helix
Q03720	821-825	ECO:0007829|PDB:7PXE	helix
Q03720	849-852	ECO:0007829|PDB:7PXE	helix
Q03720	853-856	ECO:0007829|PDB:7PXE	helix
Q03720	874-880	ECO:0007829|PDB:7PXE	helix
Q03720	881-883	ECO:0007829|PDB:7PXE	helix
Q03720	900-905	ECO:0007829|PDB:7PXE	helix
Q03720	908-910	ECO:0007829|PDB:7PXE	helix
Q03720	927-929	ECO:0007829|PDB:7PXE	helix
Q03720	932-942	ECO:0007829|PDB:7PXE	helix
Q03720	981-983	ECO:0007829|PDB:7PXE	helix
Q03720	993-998	ECO:0007829|PDB:7PXE	helix
Q05344	561-576	ECO:0007829|PDB:1WXL	helix
Q05344	582-594	ECO:0007829|PDB:1WXL	helix
Q05344	599-614	ECO:0007829|PDB:1WXL	helix
Q05344	618-620	ECO:0007829|PDB:1WXL	helix
Q05652	111-116	ECO:0007829|PDB:1D2Z	helix
Q05652	117-120	ECO:0007829|PDB:1D2Z	helix
Q05652	123-128	ECO:0007829|PDB:1D2Z	helix
Q05652	34-36	ECO:0007829|PDB:1D2Z	helix
Q05652	39-52	ECO:0007829|PDB:1D2Z	helix
Q05652	55-61	ECO:0007829|PDB:1D2Z	helix
Q05652	66-77	ECO:0007829|PDB:1D2Z	helix
Q05652	82-94	ECO:0007829|PDB:1D2Z	helix
Q05652	98-107	ECO:0007829|PDB:1D2Z	helix
Q05783	11-25	ECO:0007829|PDB:1QRV	helix
Q05783	32-45	ECO:0007829|PDB:1QRV	helix
Q05783	50-70	ECO:0007829|PDB:1QRV	helix
Q06453	112-122	ECO:0007829|PDB:3A02	helix
Q06453	126-140	ECO:0007829|PDB:3A02	helix
Q06453	94-106	ECO:0007829|PDB:3A02	helix
Q08180	205-207	ECO:0007829|PDB:4OF8	helix
Q08180	99-101	ECO:0007829|PDB:4OF8	helix
Q08605	334-337	ECO:0007829|PDB:1YUI	helix
Q08605	355-365	ECO:0007829|PDB:1YUI	helix
Q09024	236-238	ECO:0007829|PDB:4CBP	helix
Q09024	51-53	ECO:0007829|PDB:4CBP	helix
Q09024	99-101	ECO:0007829|PDB:6FF3	helix
Q0E9H9	103-105	ECO:0007829|PDB:4X83	helix
Q0E9H9	108-111	ECO:0007829|PDB:4X83	helix
Q0E9H9	164-166	ECO:0007829|PDB:4X83	helix
Q0E9H9	208-211	ECO:0007829|PDB:4X83	helix
Q0E9H9	314-316	ECO:0007829|PDB:4X83	helix
Q0E9H9	397-399	ECO:0007829|PDB:4XHQ	helix
Q0E9H9	664-666	ECO:0007829|PDB:4WVR	helix
Q0E9H9	686-688	ECO:0007829|PDB:4WVR	helix
Q10714	104-107	ECO:0007829|PDB:4CA7	helix
Q10714	110-129	ECO:0007829|PDB:4CA7	helix
Q10714	148-155	ECO:0007829|PDB:4CA7	helix
Q10714	159-173	ECO:0007829|PDB:4CA7	helix
Q10714	175-177	ECO:0007829|PDB:4CA7	helix
Q10714	178-194	ECO:0007829|PDB:4CA7	helix
Q10714	20-22	ECO:0007829|PDB:4CA7	helix
Q10714	200-205	ECO:0007829|PDB:4CA7	helix
Q10714	206-208	ECO:0007829|PDB:4CA7	helix
Q10714	213-243	ECO:0007829|PDB:4CA7	helix
Q10714	256-258	ECO:0007829|PDB:4CA7	helix
Q10714	26-51	ECO:0007829|PDB:4CA7	helix
Q10714	268-270	ECO:0007829|PDB:4CA7	helix
Q10714	271-274	ECO:0007829|PDB:4CA7	helix
Q10714	286-291	ECO:0007829|PDB:4CA7	helix
Q10714	296-309	ECO:0007829|PDB:4CA7	helix
Q10714	317-322	ECO:0007829|PDB:4CA7	helix
Q10714	359-377	ECO:0007829|PDB:4CA7	helix
Q10714	383-385	ECO:0007829|PDB:4CA7	helix
Q10714	391-405	ECO:0007829|PDB:4CA7	helix
Q10714	408-413	ECO:0007829|PDB:4CA7	helix
Q10714	424-438	ECO:0007829|PDB:4CA7	helix
Q10714	441-456	ECO:0007829|PDB:4CA7	helix
Q10714	462-464	ECO:0007829|PDB:4CA7	helix
Q10714	465-477	ECO:0007829|PDB:4CA7	helix
Q10714	492-494	ECO:0007829|PDB:4CA7	helix
Q10714	496-499	ECO:0007829|PDB:4CA7	helix
Q10714	505-524	ECO:0007829|PDB:4CA7	helix
Q10714	537-539	ECO:0007829|PDB:4CA7	helix
Q10714	546-556	ECO:0007829|PDB:4CA7	helix
Q10714	56-80	ECO:0007829|PDB:4CA7	helix
Q10714	564-572	ECO:0007829|PDB:4CA7	helix
Q10714	580-599	ECO:0007829|PDB:4CA7	helix
Q10714	85-87	ECO:0007829|PDB:4CA7	helix
Q10714	91-101	ECO:0007829|PDB:4CA7	helix
Q23972	106-123	ECO:0007829|PDB:8OIJ	helix
Q23972	130-141	ECO:0007829|PDB:8OIJ	helix
Q23972	143-155	ECO:0007829|PDB:8OIJ	helix
Q23972	199-209	ECO:0007829|PDB:8OIJ	helix
Q23972	210-212	ECO:0007829|PDB:8OIJ	helix
Q23972	218-235	ECO:0007829|PDB:8OIJ	helix
Q23972	242-254	ECO:0007829|PDB:8OIJ	helix
Q23972	260-270	ECO:0007829|PDB:8OIJ	helix
Q23972	271-273	ECO:0007829|PDB:8OIJ	helix
Q23972	601-607	ECO:0007829|PDB:1OXJ	helix
Q23972	611-617	ECO:0007829|PDB:1OXJ	helix
Q23972	622-625	ECO:0007829|PDB:1OXJ	helix
Q23972	630-635	ECO:0007829|PDB:1OXJ	helix
Q23972	640-668	ECO:0007829|PDB:1OXJ	helix
Q23972	674-682	ECO:0007829|PDB:1OXJ	helix
Q23972	698-700	ECO:0007829|PDB:1OXJ	helix
Q23972	702-718	ECO:0007829|PDB:1OXJ	helix
Q23972	723-725	ECO:0007829|PDB:1OXJ	helix
Q23972	727-741	ECO:0007829|PDB:1OXJ	helix
Q23972	74-85	ECO:0007829|PDB:8OIJ	helix
Q23972	744-749	ECO:0007829|PDB:1OXJ	helix
Q23972	750-761	ECO:0007829|PDB:1OXJ	helix
Q23972	90-101	ECO:0007829|PDB:8OIJ	helix
Q23985	126-129	ECO:0007829|PDB:2A90	helix
Q23985	151-162	ECO:0007829|PDB:2A90	helix
Q23985	170-173	ECO:0007829|PDB:2A90	helix
Q23985	62-73	ECO:0007829|PDB:2A90	helix
Q23985	81-83	ECO:0007829|PDB:2A90	helix
Q24008	357-360	ECO:0007829|PDB:5F67	helix
Q24008	401-404	ECO:0007829|PDB:5F67	helix
Q24008	426-435	ECO:0007829|PDB:5F67	helix
Q24008	525-529	ECO:0007829|PDB:3R0H	helix
Q24008	548-550	ECO:0007829|PDB:3R0H	helix
Q24008	553-561	ECO:0007829|PDB:3R0H	helix
Q24008	58-62	ECO:0007829|PDB:1IHJ	helix
Q24008	617-622	ECO:0007829|PDB:2QKV	helix
Q24008	642-650	ECO:0007829|PDB:2QKV	helix
Q24008	84-93	ECO:0007829|PDB:1IHJ	helix
Q24117	15-31	ECO:0007829|PDB:5E0L	helix
Q24117	35-50	ECO:0007829|PDB:5E0L	helix
Q24168	281-284	ECO:0007829|PDB:7JGS	helix
Q24168	324-337	ECO:0007829|PDB:7JGS	helix
Q24168	340-348	ECO:0007829|PDB:7JGS	helix
Q24168	362-371	ECO:0007829|PDB:7JGS	helix
Q24168	390-400	ECO:0007829|PDB:7JGS	helix
Q24168	411-422	ECO:0007829|PDB:7JGS	helix
Q24168	445-455	ECO:0007829|PDB:7JGS	helix
Q24168	471-473	ECO:0007829|PDB:7JGS	helix
Q24168	477-482	ECO:0007829|PDB:7JGS	helix
Q24168	516-523	ECO:0007829|PDB:7JGS	helix
Q24168	528-543	ECO:0007829|PDB:7JGS	helix
Q24168	555-564	ECO:0007829|PDB:7JGS	helix
Q24168	571-583	ECO:0007829|PDB:7JGS	helix
Q24168	605-614	ECO:0007829|PDB:7JGS	helix
Q24169	101-109	ECO:0007829|PDB:7JGS	helix
Q24169	128-133	ECO:0007829|PDB:7JGS	helix
Q24169	139-142	ECO:0007829|PDB:7JGS	helix
Q24169	145-149	ECO:0007829|PDB:7JGS	helix
Q24169	16-26	ECO:0007829|PDB:7JGS	helix
Q24169	163-165	ECO:0007829|PDB:7JGS	helix
Q24169	185-193	ECO:0007829|PDB:7JGS	helix
Q24169	196-205	ECO:0007829|PDB:7JGS	helix
Q24169	2-11	ECO:0007829|PDB:7JGS	helix
Q24169	212-219	ECO:0007829|PDB:7JGS	helix
Q24169	223-237	ECO:0007829|PDB:7JGS	helix
Q24169	244-258	ECO:0007829|PDB:7JGS	helix
Q24169	260-264	ECO:0007829|PDB:7JGS	helix
Q24169	276-287	ECO:0007829|PDB:7JGS	helix
Q24169	323-337	ECO:0007829|PDB:7JGS	helix
Q24169	343-347	ECO:0007829|PDB:7JGS	helix
Q24169	382-393	ECO:0007829|PDB:7JGS	helix
Q24169	401-412	ECO:0007829|PDB:7JGS	helix
Q24169	438-448	ECO:0007829|PDB:7JGS	helix
Q24169	48-61	ECO:0007829|PDB:7JGS	helix
Q24169	77-88	ECO:0007829|PDB:7JGS	helix
Q24169	93-95	ECO:0007829|PDB:7JGS	helix
Q24246	244-251	ECO:0007829|PDB:3L9K	helix
Q24246	254-273	ECO:0007829|PDB:3L9K	helix
Q24306	122-128	ECO:0007829|PDB:1SE0	helix
Q24306	221-223	ECO:0007829|PDB:1JD5	helix
Q24306	226-232	ECO:0007829|PDB:1JD5	helix
Q24306	233-235	ECO:0007829|PDB:1JD5	helix
Q24306	244-249	ECO:0007829|PDB:1JD5	helix
Q24306	279-286	ECO:0007829|PDB:1JD5	helix
Q24306	291-297	ECO:0007829|PDB:1JD5	helix
Q24306	299-307	ECO:0007829|PDB:1JD5	helix
Q24306	309-317	ECO:0007829|PDB:1JD5	helix
Q24306	40-42	ECO:0007829|PDB:1SDZ	helix
Q24306	44-48	ECO:0007829|PDB:1SE0	helix
Q24306	61-66	ECO:0007829|PDB:1SE0	helix
Q24306	96-103	ECO:0007829|PDB:1SE0	helix
Q24323	112-120	ECO:0007829|PDB:6QP7	helix
Q24323	169-171	ECO:0007829|PDB:6QP7	helix
Q24323	201-203	ECO:0007829|PDB:6QP7	helix
Q24323	274-276	ECO:0007829|PDB:6QP7	helix
Q24323	362-370	ECO:0007829|PDB:6QP7	helix
Q24323	388-390	ECO:0007829|PDB:6QP7	helix
Q24323	403-405	ECO:0007829|PDB:6QP7	helix
Q24323	408-416	ECO:0007829|PDB:6QP7	helix
Q24323	525-528	ECO:0007829|PDB:6QP7	helix
Q24323	532-535	ECO:0007829|PDB:6QP7	helix
Q24323	570-572	ECO:0007829|PDB:6QP7	helix
Q24323	596-598	ECO:0007829|PDB:6QP7	helix
Q24323	639-641	ECO:0007829|PDB:6QP7	helix
Q24323	75-77	ECO:0007829|PDB:6QP7	helix
Q24323	96-98	ECO:0007829|PDB:6QP7	helix
Q24324	124-131	ECO:0007829|PDB:8BW9	helix
Q24324	135-138	ECO:0007829|PDB:8BW9	helix
Q24324	170-177	ECO:0007829|PDB:8BW9	helix
Q24324	182-203	ECO:0007829|PDB:8BW9	helix
Q24324	232-236	ECO:0007829|PDB:8BW9	helix
Q24324	262-277	ECO:0007829|PDB:8BW9	helix
Q24324	313-322	ECO:0007829|PDB:8BW9	helix
Q24324	335-344	ECO:0007829|PDB:8BW9	helix
Q24324	349-351	ECO:0007829|PDB:8BW9	helix
Q24324	355-358	ECO:0007829|PDB:8BW9	helix
Q24324	362-369	ECO:0007829|PDB:8BW9	helix
Q24324	374-381	ECO:0007829|PDB:8BW9	helix
Q24324	84-86	ECO:0007829|PDB:8BW9	helix
Q24368	698-705	ECO:0007829|PDB:1OFC	helix
Q24368	727-729	ECO:0007829|PDB:1OFC	helix
Q24368	733-749	ECO:0007829|PDB:1OFC	helix
Q24368	766-776	ECO:0007829|PDB:1OFC	helix
Q24368	783-792	ECO:0007829|PDB:1OFC	helix
Q24368	802-815	ECO:0007829|PDB:1OFC	helix
Q24368	820-823	ECO:0007829|PDB:1OFC	helix
Q24368	832-845	ECO:0007829|PDB:1OFC	helix
Q24368	846-848	ECO:0007829|PDB:1OFC	helix
Q24368	852-881	ECO:0007829|PDB:1OFC	helix
Q24368	886-889	ECO:0007829|PDB:1OFC	helix
Q24368	904-917	ECO:0007829|PDB:1OFC	helix
Q24368	924-934	ECO:0007829|PDB:1OFC	helix
Q24368	936-938	ECO:0007829|PDB:1OFC	helix
Q24368	942-945	ECO:0007829|PDB:1OFC	helix
Q24368	949-974	ECO:0007829|PDB:1OFC	helix
Q24451	1062-1064	ECO:0007829|PDB:3BVX	helix
Q24451	108-114	ECO:0007829|PDB:3BVX	helix
Q24451	1087-1089	ECO:0007829|PDB:3BVX	helix
Q24451	135-137	ECO:0007829|PDB:3BVX	helix
Q24451	162-168	ECO:0007829|PDB:3BVX	helix
Q24451	170-183	ECO:0007829|PDB:3BVX	helix
Q24451	194-203	ECO:0007829|PDB:3BVX	helix
Q24451	206-217	ECO:0007829|PDB:3BVX	helix
Q24451	238-256	ECO:0007829|PDB:3BVX	helix
Q24451	274-280	ECO:0007829|PDB:3BVX	helix
Q24451	294-302	ECO:0007829|PDB:3BVX	helix
Q24451	334-336	ECO:0007829|PDB:3BVX	helix
Q24451	342-345	ECO:0007829|PDB:3BVX	helix
Q24451	346-348	ECO:0007829|PDB:3BVX	helix
Q24451	350-352	ECO:0007829|PDB:3BVX	helix
Q24451	354-356	ECO:0007829|PDB:6RRN	helix
Q24451	374-389	ECO:0007829|PDB:3BVX	helix
Q24451	410-429	ECO:0007829|PDB:3BVX	helix
Q24451	431-433	ECO:0007829|PDB:3BVX	helix
Q24451	442-454	ECO:0007829|PDB:3BVX	helix
Q24451	480-482	ECO:0007829|PDB:3BVX	helix
Q24451	486-507	ECO:0007829|PDB:3BVX	helix
Q24451	513-515	ECO:0007829|PDB:3BVX	helix
Q24451	517-531	ECO:0007829|PDB:3BVX	helix
Q24451	543-571	ECO:0007829|PDB:3BVX	helix
Q24451	887-890	ECO:0007829|PDB:3BVX	helix
Q24451	979-989	ECO:0007829|PDB:3BVX	helix
Q24459	577-591	ECO:0007829|PDB:5OQD	helix
Q24459	603-610	ECO:0007829|PDB:5OQD	helix
Q24459	625-638	ECO:0007829|PDB:5OQD	helix
Q24459	679-686	ECO:0007829|PDB:5OQD	helix
Q24478	100-110	ECO:0007829|PDB:6ER1	helix
Q24478	113-119	ECO:0007829|PDB:6ER1	helix
Q24478	12-26	ECO:0007829|PDB:6ER1	helix
Q24478	46-52	ECO:0007829|PDB:6ER1	helix
Q24478	55-62	ECO:0007829|PDB:6ER1	helix
Q24478	78-90	ECO:0007829|PDB:6ER1	helix
Q24478	97-99	ECO:0007829|PDB:6ER1	helix
Q24560	10-27	ECO:0007829|PDB:6TIZ	helix
Q24560	101-106	ECO:0007829|PDB:6TIZ	helix
Q24560	108-125	ECO:0007829|PDB:6TIZ	helix
Q24560	143-158	ECO:0007829|PDB:6TIZ	helix
Q24560	173-175	ECO:0007829|PDB:6TIZ	helix
Q24560	181-195	ECO:0007829|PDB:6TIZ	helix
Q24560	204-213	ECO:0007829|PDB:6TIZ	helix
Q24560	222-241	ECO:0007829|PDB:6TIZ	helix
Q24560	250-257	ECO:0007829|PDB:6TIZ	helix
Q24560	286-291	ECO:0007829|PDB:6TIZ	helix
Q24560	292-294	ECO:0007829|PDB:6TIZ	helix
Q24560	296-298	ECO:0007829|PDB:6TIZ	helix
Q24560	305-307	ECO:0007829|PDB:6TIZ	helix
Q24560	323-336	ECO:0007829|PDB:6TIZ	helix
Q24560	337-340	ECO:0007829|PDB:6TIZ	helix
Q24560	372-374	ECO:0007829|PDB:6TIZ	helix
Q24560	375-389	ECO:0007829|PDB:6TIZ	helix
Q24560	396-399	ECO:0007829|PDB:6TIZ	helix
Q24560	405-427	ECO:0007829|PDB:6TIZ	helix
Q24560	42-45	ECO:0007829|PDB:6TIZ	helix
Q24560	47-49	ECO:0007829|PDB:6TIZ	helix
Q24560	70-78	ECO:0007829|PDB:6TIZ	helix
Q24560	82-84	ECO:0007829|PDB:6TIZ	helix
Q24560	87-89	ECO:0007829|PDB:6TIZ	helix
Q24564	106-121	ECO:0007829|PDB:7EDR	helix
Q24564	129-144	ECO:0007829|PDB:7EDR	helix
Q24564	155-158	ECO:0007829|PDB:7EDR	helix
Q24564	165-169	ECO:0007829|PDB:7EDR	helix
Q24564	175-188	ECO:0007829|PDB:7EDR	helix
Q24564	194-206	ECO:0007829|PDB:7EDR	helix
Q24564	252-254	ECO:0007829|PDB:7EDR	helix
Q24564	284-304	ECO:0007829|PDB:7EDR	helix
Q24564	307-310	ECO:0007829|PDB:7EDR	helix
Q24564	33-44	ECO:0007829|PDB:7EDR	helix
Q24564	49-51	ECO:0007829|PDB:7EDR	helix
Q24564	552-572	ECO:0007829|PDB:7EDR	helix
Q24564	574-587	ECO:0007829|PDB:7EDR	helix
Q24564	588-590	ECO:0007829|PDB:7EDR	helix
Q24564	593-595	ECO:0007829|PDB:7EDR	helix
Q24564	598-608	ECO:0007829|PDB:7EDR	helix
Q24564	613-621	ECO:0007829|PDB:7EDR	helix
Q24564	625-633	ECO:0007829|PDB:7EDR	helix
Q24564	72-74	ECO:0007829|PDB:7EDR	helix
Q24564	80-82	ECO:0007829|PDB:7EDR	helix
Q24564	99-102	ECO:0007829|PDB:7EDR	helix
Q24572	12-35	ECO:0007829|PDB:2XYI	helix
Q24572	158-160	ECO:0007829|PDB:2XYI	helix
Q24572	217-219	ECO:0007829|PDB:2XYI	helix
Q24572	307-309	ECO:0007829|PDB:3C99	helix
Q24572	351-353	ECO:0007829|PDB:2XYI	helix
Q24572	360-365	ECO:0007829|PDB:2XYI	helix
Q24572	410-413	ECO:0007829|PDB:2XYI	helix
Q24573	277-289	ECO:0007829|PDB:1C20	helix
Q24573	294-307	ECO:0007829|PDB:1C20	helix
Q24573	327-336	ECO:0007829|PDB:1C20	helix
Q24573	340-346	ECO:0007829|PDB:1C20	helix
Q24573	349-355	ECO:0007829|PDB:1C20	helix
Q24573	365-376	ECO:0007829|PDB:1C20	helix
Q24573	378-385	ECO:0007829|PDB:1C20	helix
Q24573	390-400	ECO:0007829|PDB:1C20	helix
Q26366	299-310	ECO:0007829|PDB:6Y20	helix
Q26366	324-326	ECO:0007829|PDB:6Y20	helix
Q26366	331-334	ECO:0007829|PDB:6Y20	helix
Q27272	20-31	ECO:0007829|PDB:1TAF	helix
Q27272	40-66	ECO:0007829|PDB:1TAF	helix
Q27272	74-83	ECO:0007829|PDB:1TAF	helix
Q27415	56-58	ECO:0007829|PDB:1NLQ	helix
Q27869	10-19	ECO:0007829|PDB:1R18	helix
Q27869	118-132	ECO:0007829|PDB:1R18	helix
Q27869	134-137	ECO:0007829|PDB:1R18	helix
Q27869	148-150	ECO:0007829|PDB:1R18	helix
Q27869	153-155	ECO:0007829|PDB:1R18	helix
Q27869	172-176	ECO:0007829|PDB:1R18	helix
Q27869	26-33	ECO:0007829|PDB:1R18	helix
Q27869	37-39	ECO:0007829|PDB:1R18	helix
Q27869	62-71	ECO:0007829|PDB:1R18	helix
Q27869	91-102	ECO:0007829|PDB:1R18	helix
Q32KD2	517-519	ECO:0007829|PDB:7UVE	helix
Q32KD2	569-571	ECO:0007829|PDB:7UVE	helix
Q32KD2	589-591	ECO:0007829|PDB:7UVE	helix
Q32KD2	602-605	ECO:0007829|PDB:7UVE	helix
Q32KD2	611-619	ECO:0007829|PDB:7UVE	helix
Q32KD2	679-686	ECO:0007829|PDB:7UVE	helix
Q3KN41	1832-1834	ECO:0007829|PDB:4XHV	helix
Q59DX8	103-105	ECO:0007829|PDB:5WJE	helix
Q59DX8	110-124	ECO:0007829|PDB:5WJE	helix
Q59DX8	139-144	ECO:0007829|PDB:5WJE	helix
Q59DX8	164-166	ECO:0007829|PDB:5WJD	helix
Q59DX8	167-170	ECO:0007829|PDB:5WJE	helix
Q59DX8	28-30	ECO:0007829|PDB:5WJE	helix
Q59DX8	32-34	ECO:0007829|PDB:5WJE	helix
Q59DX8	35-45	ECO:0007829|PDB:5WJE	helix
Q59DX8	50-58	ECO:0007829|PDB:5WJE	helix
Q6AWJ9	282-284	ECO:0007829|PDB:6S9F	helix
Q6AWJ9	346-348	ECO:0007829|PDB:6S9F	helix
Q6AWJ9	439-441	ECO:0007829|PDB:6S9F	helix
Q6AWJ9	534-536	ECO:0007829|PDB:6S9F	helix
Q6IDD9	335-348	ECO:0007829|PDB:7RTC	helix
Q6IDD9	375-386	ECO:0007829|PDB:7LCZ	helix
Q6IDD9	391-404	ECO:0007829|PDB:7LCZ	helix
Q6IDD9	407-414	ECO:0007829|PDB:7LCZ	helix
Q6IDD9	421-430	ECO:0007829|PDB:7LCZ	helix
Q6IDD9	434-443	ECO:0007829|PDB:7LCZ	helix
Q6IDD9	445-456	ECO:0007829|PDB:7LCZ	helix
Q6IDD9	461-474	ECO:0007829|PDB:7LCZ	helix
Q6IDD9	479-487	ECO:0007829|PDB:7LCZ	helix
Q6IDD9	490-497	ECO:0007829|PDB:7LCZ	helix
Q6IDD9	503-519	ECO:0007829|PDB:7LCZ	helix
Q6IDD9	522-530	ECO:0007829|PDB:7LCZ	helix
Q6IDD9	533-541	ECO:0007829|PDB:7LCZ	helix
Q6IDD9	546-559	ECO:0007829|PDB:7LCZ	helix
Q6IDD9	563-572	ECO:0007829|PDB:7LCZ	helix
Q6IDD9	574-577	ECO:0007829|PDB:7LCZ	helix
Q6IDD9	578-584	ECO:0007829|PDB:7LCZ	helix
Q6IDD9	587-591	ECO:0007829|PDB:7LCZ	helix
Q6IDD9	595-597	ECO:0007829|PDB:7LCZ	helix
Q6IDD9	603-609	ECO:0007829|PDB:7LCZ	helix
Q6IDD9	610-614	ECO:0007829|PDB:7LCZ	helix
Q6IDD9	618-638	ECO:0007829|PDB:7LCZ	helix
Q6IDD9	642-646	ECO:0007829|PDB:7LCZ	helix
Q6IDD9	650-657	ECO:0007829|PDB:7LCZ	helix
Q6IDD9	662-675	ECO:0007829|PDB:7LCZ	helix
Q7JV70	112-121	ECO:0007829|PDB:6SIE	helix
Q7JV70	130-143	ECO:0007829|PDB:6SIE	helix
Q7JV70	151-159	ECO:0007829|PDB:6SIE	helix
Q7JV70	164-169	ECO:0007829|PDB:6SIE	helix
Q7JV70	172-174	ECO:0007829|PDB:6SIE	helix
Q7JV70	178-190	ECO:0007829|PDB:6SIE	helix
Q7JV70	47-61	ECO:0007829|PDB:6SIB	helix
Q7JV70	66-90	ECO:0007829|PDB:6SIB	helix
Q7JV70	95-105	ECO:0007829|PDB:6SIB	helix
Q7JXA8	357-360	ECO:0007829|PDB:5XYV	helix
Q7JXA8	394-397	ECO:0007829|PDB:5XYV	helix
Q7JXA8	402-410	ECO:0007829|PDB:5XYV	helix
Q7JXA8	50-52	ECO:0007829|PDB:4QUC	helix
Q7JXA8	58-60	ECO:0007829|PDB:4QUC	helix
Q7JXA8	62-64	ECO:0007829|PDB:4U68	helix
Q7JXA8	65-77	ECO:0007829|PDB:4QUC	helix
Q7JXA8	79-83	ECO:0007829|PDB:4QUF	helix
Q7JYX0	109-123	ECO:0007829|PDB:6T2T	helix
Q7JYX0	125-127	ECO:0007829|PDB:6T2T	helix
Q7JYX0	130-147	ECO:0007829|PDB:6T2T	helix
Q7JYX0	15-26	ECO:0007829|PDB:6T2T	helix
Q7JYX0	161-173	ECO:0007829|PDB:6T2T	helix
Q7JYX0	183-193	ECO:0007829|PDB:6T2T	helix
Q7JYX0	196-198	ECO:0007829|PDB:6T2T	helix
Q7JYX0	199-216	ECO:0007829|PDB:6T2T	helix
Q7JYX0	38-40	ECO:0007829|PDB:6T2T	helix
Q7JYX0	42-44	ECO:0007829|PDB:6T2T	helix
Q7JYX0	46-51	ECO:0007829|PDB:6T2T	helix
Q7JYX0	70-81	ECO:0007829|PDB:6T2T	helix
Q7JYX0	92-107	ECO:0007829|PDB:6T2T	helix
Q7K1U0	102-104	ECO:0007829|PDB:6S7X	helix
Q7K1U0	108-119	ECO:0007829|PDB:6S7X	helix
Q7K1U0	125-134	ECO:0007829|PDB:6SID	helix
Q7K1U0	143-154	ECO:0007829|PDB:6SID	helix
Q7K1U0	164-172	ECO:0007829|PDB:6SID	helix
Q7K1U0	177-180	ECO:0007829|PDB:6SID	helix
Q7K1U0	185-187	ECO:0007829|PDB:6SID	helix
Q7K1U0	191-203	ECO:0007829|PDB:6SID	helix
Q7K1U0	241-244	ECO:0007829|PDB:6TAS	helix
Q7K1U0	58-75	ECO:0007829|PDB:6S7X	helix
Q7K1U0	79-85	ECO:0007829|PDB:6S7X	helix
Q7K1U0	86-89	ECO:0007829|PDB:6S7X	helix
Q7K1U0	92-101	ECO:0007829|PDB:6S7X	helix
Q7K237	109-111	ECO:0007829|PDB:7Q4I	helix
Q7K237	116-121	ECO:0007829|PDB:7Q4I	helix
Q7K237	123-126	ECO:0007829|PDB:7Q4I	helix
Q7K237	152-154	ECO:0007829|PDB:7Q4I	helix
Q7K237	155-170	ECO:0007829|PDB:7Q4I	helix
Q7K237	188-195	ECO:0007829|PDB:7Q4I	helix
Q7K237	229-237	ECO:0007829|PDB:7Q4I	helix
Q7K237	254-264	ECO:0007829|PDB:7Q4I	helix
Q7K237	286-290	ECO:0007829|PDB:7Q4I	helix
Q7K237	300-304	ECO:0007829|PDB:7Q4I	helix
Q7K237	328-339	ECO:0007829|PDB:7Q4I	helix
Q7K237	90-98	ECO:0007829|PDB:7Q4I	helix
Q7K4Y6	104-106	ECO:0007829|PDB:7WGT	helix
Q7K4Y6	107-124	ECO:0007829|PDB:7WGT	helix
Q7K4Y6	126-137	ECO:0007829|PDB:7WGT	helix
Q7K4Y6	144-146	ECO:0007829|PDB:4XP4	helix
Q7K4Y6	211-218	ECO:0007829|PDB:7WGT	helix
Q7K4Y6	223-225	ECO:0007829|PDB:7WGT	helix
Q7K4Y6	237-254	ECO:0007829|PDB:7WGT	helix
Q7K4Y6	258-284	ECO:0007829|PDB:7WGT	helix
Q7K4Y6	289-297	ECO:0007829|PDB:7WGT	helix
Q7K4Y6	301-303	ECO:0007829|PDB:7WGT	helix
Q7K4Y6	307-321	ECO:0007829|PDB:7WGT	helix
Q7K4Y6	327-333	ECO:0007829|PDB:7WGT	helix
Q7K4Y6	33-44	ECO:0007829|PDB:7WGT	helix
Q7K4Y6	341-373	ECO:0007829|PDB:7WGT	helix
Q7K4Y6	378-381	ECO:0007829|PDB:7WGT	helix
Q7K4Y6	386-390	ECO:0007829|PDB:7WGT	helix
Q7K4Y6	392-397	ECO:0007829|PDB:7WGT	helix
Q7K4Y6	403-434	ECO:0007829|PDB:7WGT	helix
Q7K4Y6	438-442	ECO:0007829|PDB:7WGT	helix
Q7K4Y6	444-457	ECO:0007829|PDB:7WGT	helix
Q7K4Y6	458-463	ECO:0007829|PDB:7WGT	helix
Q7K4Y6	467-475	ECO:0007829|PDB:7WGT	helix
Q7K4Y6	47-51	ECO:0007829|PDB:7WGT	helix
Q7K4Y6	480-495	ECO:0007829|PDB:7WGT	helix
Q7K4Y6	500-511	ECO:0007829|PDB:7WGT	helix
Q7K4Y6	517-524	ECO:0007829|PDB:7WGT	helix
Q7K4Y6	526-540	ECO:0007829|PDB:7WGT	helix
Q7K4Y6	53-59	ECO:0007829|PDB:7WGT	helix
Q7K4Y6	554-568	ECO:0007829|PDB:7WGT	helix
Q7K4Y6	570-580	ECO:0007829|PDB:7WGT	helix
Q7K4Y6	587-590	ECO:0007829|PDB:7WGT	helix
Q7K4Y6	598-600	ECO:0007829|PDB:7WGT	helix
Q7K4Y6	62-65	ECO:0007829|PDB:7WGT	helix
Q7K4Y6	66-74	ECO:0007829|PDB:7WGT	helix
Q7K4Y6	77-91	ECO:0007829|PDB:7WGT	helix
Q7K4Y6	95-100	ECO:0007829|PDB:7WGT	helix
Q7K5N4	116-119	ECO:0007829|PDB:6HGC	helix
Q7K5N4	131-140	ECO:0007829|PDB:6HGC	helix
Q7K5N4	152-160	ECO:0007829|PDB:6HGC	helix
Q7K5N4	166-174	ECO:0007829|PDB:6HGC	helix
Q7K5N4	177-184	ECO:0007829|PDB:6HGC	helix
Q7K5N4	189-194	ECO:0007829|PDB:6HGC	helix
Q7K5N4	246-257	ECO:0007829|PDB:6HGC	helix
Q7K5N4	278-306	ECO:0007829|PDB:6HGC	helix
Q7K5N4	335-372	ECO:0007829|PDB:6HGC	helix
Q7K5N4	377-389	ECO:0007829|PDB:6HGC	helix
Q7K5N4	393-399	ECO:0007829|PDB:6HGC	helix
Q7K5N4	53-62	ECO:0007829|PDB:6HGC	helix
Q7KLV9	103-119	ECO:0007829|PDB:3TXN	helix
Q7KLV9	123-139	ECO:0007829|PDB:3TXN	helix
Q7KLV9	143-157	ECO:0007829|PDB:3TXN	helix
Q7KLV9	164-179	ECO:0007829|PDB:3TXN	helix
Q7KLV9	183-199	ECO:0007829|PDB:3TXN	helix
Q7KLV9	204-220	ECO:0007829|PDB:3TXN	helix
Q7KLV9	225-239	ECO:0007829|PDB:3TXN	helix
Q7KLV9	244-260	ECO:0007829|PDB:3TXN	helix
Q7KLV9	264-266	ECO:0007829|PDB:3TXN	helix
Q7KLV9	267-272	ECO:0007829|PDB:3TXN	helix
Q7KLV9	274-277	ECO:0007829|PDB:3TXN	helix
Q7KLV9	282-295	ECO:0007829|PDB:3TXN	helix
Q7KLV9	299-308	ECO:0007829|PDB:3TXN	helix
Q7KLV9	317-339	ECO:0007829|PDB:3TXN	helix
Q7KLV9	347-354	ECO:0007829|PDB:3TXN	helix
Q7KLV9	358-370	ECO:0007829|PDB:3TXN	helix
Q7KLV9	39-60	ECO:0007829|PDB:3TXN	helix
Q7KLV9	63-72	ECO:0007829|PDB:3TXN	helix
Q7KLV9	76-79	ECO:0007829|PDB:3TXN	helix
Q7KLV9	82-96	ECO:0007829|PDB:3TXN	helix
Q7KN62	127-130	ECO:0007829|PDB:4RV0	helix
Q7KN62	132-136	ECO:0007829|PDB:4RV0	helix
Q7KN62	40-46	ECO:0007829|PDB:4RV0	helix
Q7KN62	83-88	ECO:0007829|PDB:4RV0	helix
Q7KRY7	771-775	ECO:0007829|PDB:5WOU	helix
Q7KRY7	796-805	ECO:0007829|PDB:5WOU	helix
Q7KUD5	30-40	ECO:0007829|PDB:2WFU	helix
Q7KUD5	88-92	ECO:0007829|PDB:2WFU	helix
Q7KUD5	99-104	ECO:0007829|PDB:2WFU	helix
Q7M3K2	23-33	ECO:0007829|PDB:3KDE	helix
Q7M3K2	45-47	ECO:0007829|PDB:3KDE	helix
Q7M3K2	50-52	ECO:0007829|PDB:3KDE	helix
Q7PLK0	71-77	ECO:0007829|PDB:7CFC	helix
Q7Z020	1001-1014	ECO:0007829|PDB:7YKS	helix
Q7Z020	1018-1034	ECO:0007829|PDB:7YKS	helix
Q7Z020	103-111	ECO:0007829|PDB:7YKR	helix
Q7Z020	1038-1054	ECO:0007829|PDB:7YKS	helix
Q7Z020	1059-1065	ECO:0007829|PDB:7YKS	helix
Q7Z020	1083-1088	ECO:0007829|PDB:7YKR	helix
Q7Z020	1111-1114	ECO:0007829|PDB:7YKS	helix
Q7Z020	1118-1145	ECO:0007829|PDB:7YKS	helix
Q7Z020	1152-1154	ECO:0007829|PDB:7YKR	helix
Q7Z020	126-132	ECO:0007829|PDB:7YKR	helix
Q7Z020	138-144	ECO:0007829|PDB:7YKR	helix
Q7Z020	160-163	ECO:0007829|PDB:7YKR	helix
Q7Z020	169-176	ECO:0007829|PDB:7YKR	helix
Q7Z020	197-200	ECO:0007829|PDB:7YKR	helix
Q7Z020	204-212	ECO:0007829|PDB:7YKR	helix
Q7Z020	228-234	ECO:0007829|PDB:7YKR	helix
Q7Z020	240-245	ECO:0007829|PDB:7YKR	helix
Q7Z020	255-258	ECO:0007829|PDB:7YKR	helix
Q7Z020	279-287	ECO:0007829|PDB:7YKR	helix
Q7Z020	302-305	ECO:0007829|PDB:7YKR	helix
Q7Z020	312-321	ECO:0007829|PDB:7YKR	helix
Q7Z020	325-328	ECO:0007829|PDB:7YKR	helix
Q7Z020	340-346	ECO:0007829|PDB:7YKR	helix
Q7Z020	352-358	ECO:0007829|PDB:7YKR	helix
Q7Z020	373-379	ECO:0007829|PDB:7YKR	helix
Q7Z020	384-390	ECO:0007829|PDB:7YKR	helix
Q7Z020	406-411	ECO:0007829|PDB:7YKR	helix
Q7Z020	418-426	ECO:0007829|PDB:7YKR	helix
Q7Z020	429-432	ECO:0007829|PDB:7YKR	helix
Q7Z020	447-453	ECO:0007829|PDB:7YKR	helix
Q7Z020	457-465	ECO:0007829|PDB:7YKR	helix
Q7Z020	480-486	ECO:0007829|PDB:7YKS	helix
Q7Z020	490-496	ECO:0007829|PDB:7YKS	helix
Q7Z020	516-522	ECO:0007829|PDB:7YKS	helix
Q7Z020	529-534	ECO:0007829|PDB:7YKS	helix
Q7Z020	548-555	ECO:0007829|PDB:7YKS	helix
Q7Z020	561-567	ECO:0007829|PDB:7YKS	helix
Q7Z020	570-572	ECO:0007829|PDB:7YKR	helix
Q7Z020	582-587	ECO:0007829|PDB:7YKS	helix
Q7Z020	59-64	ECO:0007829|PDB:7YKR	helix
Q7Z020	592-598	ECO:0007829|PDB:7YKS	helix
Q7Z020	614-620	ECO:0007829|PDB:7YKS	helix
Q7Z020	624-631	ECO:0007829|PDB:7YKS	helix
Q7Z020	637-641	ECO:0007829|PDB:7YKS	helix
Q7Z020	651-658	ECO:0007829|PDB:7YKS	helix
Q7Z020	660-668	ECO:0007829|PDB:7YKS	helix
Q7Z020	718-725	ECO:0007829|PDB:7YKS	helix
Q7Z020	72-82	ECO:0007829|PDB:7YKR	helix
Q7Z020	729-732	ECO:0007829|PDB:7YKS	helix
Q7Z020	735-745	ECO:0007829|PDB:7YKS	helix
Q7Z020	751-776	ECO:0007829|PDB:7YKS	helix
Q7Z020	826-843	ECO:0007829|PDB:7YKS	helix
Q7Z020	848-852	ECO:0007829|PDB:7YKS	helix
Q7Z020	863-875	ECO:0007829|PDB:7YKS	helix
Q7Z020	878-880	ECO:0007829|PDB:7YKS	helix
Q7Z020	889-904	ECO:0007829|PDB:7YKS	helix
Q7Z020	910-912	ECO:0007829|PDB:7YKS	helix
Q7Z020	918-933	ECO:0007829|PDB:7YKS	helix
Q7Z020	939-952	ECO:0007829|PDB:7YKS	helix
Q7Z020	962-965	ECO:0007829|PDB:7YKS	helix
Q7Z020	968-977	ECO:0007829|PDB:7YKS	helix
Q7Z020	98-100	ECO:0007829|PDB:7YKR	helix
Q7Z020	985-988	ECO:0007829|PDB:7YKS	helix
Q7Z020	990-994	ECO:0007829|PDB:7YKS	helix
Q86PD7	155-167	ECO:0007829|PDB:4FAI	helix
Q86PD7	169-172	ECO:0007829|PDB:4FAI	helix
Q86PD7	173-176	ECO:0007829|PDB:4FAI	helix
Q86PD7	203-214	ECO:0007829|PDB:4FAI	helix
Q86PD7	242-244	ECO:0007829|PDB:4FAI	helix
Q86PD7	245-260	ECO:0007829|PDB:4FAI	helix
Q86PD7	296-299	ECO:0007829|PDB:4FAI	helix
Q86PD7	324-326	ECO:0007829|PDB:4FAI	helix
Q86PD7	329-347	ECO:0007829|PDB:4FAI	helix
Q86PD7	39-41	ECO:0007829|PDB:4FAI	helix
Q86PD7	49-56	ECO:0007829|PDB:4FAI	helix
Q86PD7	61-71	ECO:0007829|PDB:4FAI	helix
Q86PD7	80-95	ECO:0007829|PDB:4FAI	helix
Q8I0P1	464-470	ECO:0007829|PDB:6P14	helix
Q8I0P1	482-484	ECO:0007829|PDB:6P14	helix
Q8I0P1	489-498	ECO:0007829|PDB:6P14	helix
Q8I0P1	500-504	ECO:0007829|PDB:6P14	helix
Q8I0P1	506-508	ECO:0007829|PDB:6P14	helix
Q8I0P1	511-513	ECO:0007829|PDB:6P14	helix
Q8I0P1	529-540	ECO:0007829|PDB:6P14	helix
Q8I0P1	549-552	ECO:0007829|PDB:6P12	helix
Q8I0P1	563-573	ECO:0007829|PDB:6P14	helix
Q8I0P1	584-586	ECO:0007829|PDB:6P14	helix
Q8I0P1	602-610	ECO:0007829|PDB:6P14	helix
Q8I0P1	631-633	ECO:0007829|PDB:6P14	helix
Q8I0P1	636-641	ECO:0007829|PDB:6P14	helix
Q8I0P1	653-665	ECO:0007829|PDB:6P14	helix
Q8I0P1	673-681	ECO:0007829|PDB:6P14	helix
Q8I0P1	688-699	ECO:0007829|PDB:6P14	helix
Q8I0P1	701-704	ECO:0007829|PDB:6P14	helix
Q8I0P1	708-713	ECO:0007829|PDB:6P14	helix
Q8I0P1	716-718	ECO:0007829|PDB:6P14	helix
Q8I0P1	724-733	ECO:0007829|PDB:6P14	helix
Q8I0P1	740-753	ECO:0007829|PDB:6P14	helix
Q8IFW4	33-48	ECO:0007829|PDB:6Z7O	helix
Q8IFW4	64-69	ECO:0007829|PDB:6Z7O	helix
Q8IFW4	8-17	ECO:0007829|PDB:6Z7O	helix
Q8IFW4	95-104	ECO:0007829|PDB:6Z7O	helix
Q8IH18	12-17	ECO:0007829|PDB:4UE9	helix
Q8IMX7	209-222	ECO:0007829|PDB:4C0K	helix
Q8IMX7	232-243	ECO:0007829|PDB:4C0K	helix
Q8IMX7	249-262	ECO:0007829|PDB:4C0K	helix
Q8IMX7	274-284	ECO:0007829|PDB:4C0K	helix
Q8IMX7	290-299	ECO:0007829|PDB:4C0K	helix
Q8IMX7	310-313	ECO:0007829|PDB:4C0K	helix
Q8IMX7	329-341	ECO:0007829|PDB:4C0K	helix
Q8IMX7	352-358	ECO:0007829|PDB:4C0K	helix
Q8IMX7	359-361	ECO:0007829|PDB:4C0K	helix
Q8IMX7	373-376	ECO:0007829|PDB:4C0K	helix
Q8IMX7	388-401	ECO:0007829|PDB:4C0K	helix
Q8IMX7	403-413	ECO:0007829|PDB:4C0K	helix
Q8IMX7	415-419	ECO:0007829|PDB:4C0K	helix
Q8IMX7	423-426	ECO:0007829|PDB:4C0K	helix
Q8IMX7	459-464	ECO:0007829|PDB:4C0K	helix
Q8IMX7	465-467	ECO:0007829|PDB:4C0J	helix
Q8IMX7	471-474	ECO:0007829|PDB:4C0L	helix
Q8IMX7	515-518	ECO:0007829|PDB:4C0K	helix
Q8IMX7	535-545	ECO:0007829|PDB:4C0K	helix
Q8IMX7	573-579	ECO:0007829|PDB:4C0K	helix
Q8IMX7	596-606	ECO:0007829|PDB:4C0K	helix
Q8INK6	141-156	ECO:0007829|PDB:1OHT	helix
Q8INK6	169-171	ECO:0007829|PDB:1OHT	helix
Q8INK6	180-186	ECO:0007829|PDB:1OHT	helix
Q8INK6	195-197	ECO:0007829|PDB:1OHT	helix
Q8INK6	36-38	ECO:0007829|PDB:1OHT	helix
Q8INK6	70-86	ECO:0007829|PDB:1OHT	helix
Q8ML92	23-25	ECO:0007829|PDB:3BS7	helix
Q8ML92	28-38	ECO:0007829|PDB:3BS7	helix
Q8ML92	40-45	ECO:0007829|PDB:3BS7	helix
Q8ML92	46-51	ECO:0007829|PDB:3BS7	helix
Q8ML92	56-59	ECO:0007829|PDB:3BS7	helix
Q8ML92	64-70	ECO:0007829|PDB:3BS7	helix
Q8ML92	75-94	ECO:0007829|PDB:3BS7	helix
Q8MQJ9	383-402	ECO:0007829|PDB:6J9R	helix
Q8MQJ9	405-479	ECO:0007829|PDB:6J9R	helix
Q8MQJ9	485-503	ECO:0007829|PDB:6J9R	helix
Q8MQJ9	799-801	ECO:0007829|PDB:1Q7F	helix
Q8MQJ9	848-850	ECO:0007829|PDB:1Q7F	helix
Q8MQJ9	933-935	ECO:0007829|PDB:1Q7F	helix
Q8MRC9	148-150	ECO:0007829|PDB:6E4R	helix
Q8MRC9	161-174	ECO:0007829|PDB:6E4R	helix
Q8MRC9	178-183	ECO:0007829|PDB:6E4R	helix
Q8MRC9	196-200	ECO:0007829|PDB:6E4R	helix
Q8MRC9	222-235	ECO:0007829|PDB:6E4R	helix
Q8MRC9	238-240	ECO:0007829|PDB:6E4R	helix
Q8MRC9	254-256	ECO:0007829|PDB:6E4R	helix
Q8MRC9	258-263	ECO:0007829|PDB:6E4R	helix
Q8MRC9	264-266	ECO:0007829|PDB:6E4R	helix
Q8MRC9	281-291	ECO:0007829|PDB:6E4R	helix
Q8MRC9	311-320	ECO:0007829|PDB:6E4R	helix
Q8MRC9	345-347	ECO:0007829|PDB:6E4R	helix
Q8MRC9	366-369	ECO:0007829|PDB:6E4R	helix
Q8MRC9	393-398	ECO:0007829|PDB:6E4R	helix
Q8MRC9	412-422	ECO:0007829|PDB:6E4R	helix
Q8MRC9	445-448	ECO:0007829|PDB:6E4R	helix
Q8MRC9	455-465	ECO:0007829|PDB:6E4R	helix
Q8MRC9	467-469	ECO:0007829|PDB:6E4R	helix
Q8MRC9	470-476	ECO:0007829|PDB:6E4R	helix
Q8MRC9	488-496	ECO:0007829|PDB:6E4R	helix
Q8MRC9	502-508	ECO:0007829|PDB:6E4R	helix
Q8MRC9	516-518	ECO:0007829|PDB:6E4R	helix
Q8MRC9	559-561	ECO:0007829|PDB:6E4R	helix
Q8MRC9	595-597	ECO:0007829|PDB:6E4R	helix
Q8MRC9	636-638	ECO:0007829|PDB:6E4R	helix
Q8MRC9	647-649	ECO:0007829|PDB:6E4R	helix
Q8MSU4	105-111	ECO:0007829|PDB:4IMI	helix
Q8MSU4	117-140	ECO:0007829|PDB:4IMI	helix
Q8MSU4	146-164	ECO:0007829|PDB:4IMI	helix
Q8MSU4	165-167	ECO:0007829|PDB:4IMI	helix
Q8MSU4	171-187	ECO:0007829|PDB:4IMI	helix
Q8MSU4	204-206	ECO:0007829|PDB:4IMI	helix
Q8MSU4	216-234	ECO:0007829|PDB:4IMI	helix
Q8MSU4	22-37	ECO:0007829|PDB:4IMI	helix
Q8MSU4	241-257	ECO:0007829|PDB:4IMI	helix
Q8MSU4	259-261	ECO:0007829|PDB:4IMI	helix
Q8MSU4	262-274	ECO:0007829|PDB:4IMI	helix
Q8MSU4	282-300	ECO:0007829|PDB:4IMI	helix
Q8MSU4	303-308	ECO:0007829|PDB:4IMI	helix
Q8MSU4	309-318	ECO:0007829|PDB:4IMI	helix
Q8MSU4	323-327	ECO:0007829|PDB:4IMI	helix
Q8MSU4	335-348	ECO:0007829|PDB:4IMI	helix
Q8MSU4	42-56	ECO:0007829|PDB:4IMI	helix
Q8MSU4	61-67	ECO:0007829|PDB:4IMI	helix
Q8MSU4	68-72	ECO:0007829|PDB:4IMI	helix
Q8MSU4	73-75	ECO:0007829|PDB:4IMI	helix
Q8MSU4	80-96	ECO:0007829|PDB:4IMI	helix
Q8MSU4	98-103	ECO:0007829|PDB:4IMI	helix
Q8SXQ7	168-183	ECO:0007829|PDB:2XZ4	helix
Q8SXQ7	196-199	ECO:0007829|PDB:2XZ4	helix
Q8SXQ7	207-213	ECO:0007829|PDB:2XZ4	helix
Q8SXQ7	239-242	ECO:0007829|PDB:2XZ8	helix
Q8SXQ7	274-290	ECO:0007829|PDB:2XZ8	helix
Q8SXQ7	337-352	ECO:0007829|PDB:2XZ8	helix
Q8SXQ7	97-113	ECO:0007829|PDB:2XZ4	helix
Q8SY33	1131-1140	ECO:0007829|PDB:2WBR	helix
Q8SY33	1162-1172	ECO:0007829|PDB:2WBR	helix
Q8SY33	1189-1196	ECO:0007829|PDB:2WBR	helix
Q8SYK5	266-269	ECO:0007829|PDB:4IX7	helix
Q8SYK5	277-288	ECO:0007829|PDB:4IX7	helix
Q8SYK5	291-296	ECO:0007829|PDB:4IX7	helix
Q8SYK5	305-307	ECO:0007829|PDB:4IX7	helix
Q8SYK5	320-334	ECO:0007829|PDB:4IX7	helix
Q8SYK5	338-362	ECO:0007829|PDB:4IX7	helix
Q8T045	101-103	ECO:0007829|PDB:5F86	helix
Q8T045	123-133	ECO:0007829|PDB:5F86	helix
Q8T045	134-139	ECO:0007829|PDB:5F86	helix
Q8T045	184-186	ECO:0007829|PDB:5F86	helix
Q8T045	203-216	ECO:0007829|PDB:5F86	helix
Q8T045	219-221	ECO:0007829|PDB:5F86	helix
Q8T045	235-237	ECO:0007829|PDB:5F86	helix
Q8T045	238-246	ECO:0007829|PDB:5F86	helix
Q8T045	264-267	ECO:0007829|PDB:5F86	helix
Q8T045	278-281	ECO:0007829|PDB:5F86	helix
Q8T045	298-303	ECO:0007829|PDB:5F86	helix
Q8T045	321-323	ECO:0007829|PDB:5F86	helix
Q8T045	339-350	ECO:0007829|PDB:5F86	helix
Q8T045	353-370	ECO:0007829|PDB:5F86	helix
Q8T045	373-388	ECO:0007829|PDB:5F86	helix
Q8T045	43-60	ECO:0007829|PDB:5F86	helix
Q8T045	77-84	ECO:0007829|PDB:5F86	helix
Q8T045	85-87	ECO:0007829|PDB:5F86	helix
Q8T045	94-100	ECO:0007829|PDB:5F86	helix
Q8T0Q4	119-128	ECO:0007829|PDB:5VO5	helix
Q8T0Q4	17-52	ECO:0007829|PDB:5VO5	helix
Q8T0Q4	58-114	ECO:0007829|PDB:5VO5	helix
Q8T0S6	609-613	ECO:0007829|PDB:6BN1	helix
Q8T0S6	616-658	ECO:0007829|PDB:6BN1	helix
Q8T913	111-119	ECO:0007829|PDB:3K1L	helix
Q8T913	130-132	ECO:0007829|PDB:3K1L	helix
Q8T913	168-175	ECO:0007829|PDB:3K1L	helix
Q8T913	179-192	ECO:0007829|PDB:3K1L	helix
Q8T913	194-206	ECO:0007829|PDB:3K1L	helix
Q8T913	254-269	ECO:0007829|PDB:3K1L	helix
Q8T913	277-284	ECO:0007829|PDB:3K1L	helix
Q8T913	295-297	ECO:0007829|PDB:3K1L	helix
Q8T913	341-343	ECO:0007829|PDB:3K1L	helix
Q8T913	344-351	ECO:0007829|PDB:3K1L	helix
Q8T913	373-378	ECO:0007829|PDB:3K1L	helix
Q8T913	7-14	ECO:0007829|PDB:3K1L	helix
Q8T913	82-92	ECO:0007829|PDB:3K1L	helix
Q8T9B6	106-122	ECO:0007829|PDB:3OFF	helix
Q8T9B6	144-146	ECO:0007829|PDB:3OFF	helix
Q8T9B6	147-154	ECO:0007829|PDB:3OFF	helix
Q94511	117-130	ECO:0007829|PDB:8B9Z	helix
Q94511	138-140	ECO:0007829|PDB:8B9Z	helix
Q94511	148-155	ECO:0007829|PDB:8B9Z	helix
Q94511	164-166	ECO:0007829|PDB:8B9Z	helix
Q94511	187-189	ECO:0007829|PDB:8B9Z	helix
Q94511	195-202	ECO:0007829|PDB:8B9Z	helix
Q94511	215-217	ECO:0007829|PDB:8B9Z	helix
Q94511	235-239	ECO:0007829|PDB:8B9Z	helix
Q94511	302-305	ECO:0007829|PDB:8B9Z	helix
Q94511	310-312	ECO:0007829|PDB:8B9Z	helix
Q94511	333-347	ECO:0007829|PDB:8B9Z	helix
Q94511	361-373	ECO:0007829|PDB:8B9Z	helix
Q94511	389-391	ECO:0007829|PDB:8B9Z	helix
Q94511	393-396	ECO:0007829|PDB:8B9Z	helix
Q94511	402-405	ECO:0007829|PDB:8B9Z	helix
Q94511	418-421	ECO:0007829|PDB:8B9Z	helix
Q94511	423-435	ECO:0007829|PDB:8B9Z	helix
Q94511	462-468	ECO:0007829|PDB:8B9Z	helix
Q94511	472-479	ECO:0007829|PDB:8B9Z	helix
Q94511	489-493	ECO:0007829|PDB:8B9Z	helix
Q94511	497-511	ECO:0007829|PDB:8B9Z	helix
Q94511	526-534	ECO:0007829|PDB:8B9Z	helix
Q94511	541-544	ECO:0007829|PDB:8B9Z	helix
Q94511	581-585	ECO:0007829|PDB:8B9Z	helix
Q94511	59-66	ECO:0007829|PDB:8B9Z	helix
Q94511	595-597	ECO:0007829|PDB:8B9Z	helix
Q94511	625-636	ECO:0007829|PDB:8B9Z	helix
Q94511	645-655	ECO:0007829|PDB:8B9Z	helix
Q94511	657-660	ECO:0007829|PDB:8B9Z	helix
Q94511	694-697	ECO:0007829|PDB:8B9Z	helix
Q94511	701-704	ECO:0007829|PDB:8B9Z	helix
Q94511	707-726	ECO:0007829|PDB:8B9Z	helix
Q94519	108-122	ECO:0007829|PDB:8B9Z	helix
Q94519	128-131	ECO:0007829|PDB:8B9Z	helix
Q94519	137-144	ECO:0007829|PDB:8B9Z	helix
Q94519	72-85	ECO:0007829|PDB:8B9Z	helix
Q94521	104-106	ECO:0007829|PDB:5GI7	helix
Q94521	140-143	ECO:0007829|PDB:5GI7	helix
Q94521	147-162	ECO:0007829|PDB:5GI7	helix
Q94521	165-168	ECO:0007829|PDB:5GI7	helix
Q94521	185-187	ECO:0007829|PDB:5GI7	helix
Q94521	192-207	ECO:0007829|PDB:5GI7	helix
Q94521	219-227	ECO:0007829|PDB:5GI7	helix
Q94521	238-240	ECO:0007829|PDB:5GI7	helix
Q94521	243-245	ECO:0007829|PDB:5GI5	helix
Q94521	253-255	ECO:0007829|PDB:5GI7	helix
Q94521	64-66	ECO:0007829|PDB:5GI7	helix
Q94521	67-76	ECO:0007829|PDB:5GI7	helix
Q94521	78-81	ECO:0007829|PDB:5GI7	helix
Q94521	83-88	ECO:0007829|PDB:5GI7	helix
Q94521	94-101	ECO:0007829|PDB:5GI7	helix
Q94524	14-27	ECO:0007829|PDB:1YGT	helix
Q94524	34-53	ECO:0007829|PDB:1YGT	helix
Q95RQ8	43-51	ECO:0007829|PDB:7POK	helix
Q95RQ8	67-96	ECO:0007829|PDB:7POK	helix
Q95TS5	106-108	ECO:0007829|PDB:7SN8	helix
Q95TS5	111-115	ECO:0007829|PDB:7SN8	helix
Q95TS5	128-147	ECO:0007829|PDB:7SN8	helix
Q95TS5	183-190	ECO:0007829|PDB:7SN8	helix
Q95TS5	252-254	ECO:0007829|PDB:7SN8	helix
Q95TS5	273-289	ECO:0007829|PDB:7SN8	helix
Q95TS5	304-317	ECO:0007829|PDB:7SN8	helix
Q95TS5	32-37	ECO:0007829|PDB:7SN8	helix
Q95TS5	332-339	ECO:0007829|PDB:7SN8	helix
Q95TS5	343-345	ECO:0007829|PDB:7SN8	helix
Q95TS5	348-351	ECO:0007829|PDB:7SN8	helix
Q95TS5	352-354	ECO:0007829|PDB:7SN8	helix
Q95TS5	363-368	ECO:0007829|PDB:7SN8	helix
Q95TS5	383-386	ECO:0007829|PDB:7SN8	helix
Q95TS5	404-411	ECO:0007829|PDB:7SN8	helix
Q95TS5	429-432	ECO:0007829|PDB:7SN8	helix
Q95TS5	434-436	ECO:0007829|PDB:7SN8	helix
Q95TS5	454-464	ECO:0007829|PDB:7SN8	helix
Q95TS5	518-522	ECO:0007829|PDB:7SN8	helix
Q95TS5	575-577	ECO:0007829|PDB:7SN8	helix
Q95TS5	590-594	ECO:0007829|PDB:7SN8	helix
Q95TS5	637-649	ECO:0007829|PDB:7SN8	helix
Q960X8	100-116	ECO:0007829|PDB:1DVP	helix
Q960X8	125-135	ECO:0007829|PDB:1DVP	helix
Q960X8	199-201	ECO:0007829|PDB:1DVP	helix
Q960X8	211-219	ECO:0007829|PDB:1DVP	helix
Q960X8	23-34	ECO:0007829|PDB:1DVP	helix
Q960X8	40-51	ECO:0007829|PDB:1DVP	helix
Q960X8	5-14	ECO:0007829|PDB:1DVP	helix
Q960X8	56-72	ECO:0007829|PDB:1DVP	helix
Q960X8	74-81	ECO:0007829|PDB:1DVP	helix
Q960X8	84-96	ECO:0007829|PDB:1DVP	helix
Q961D9	328-339	ECO:0007829|PDB:3ZPV	helix
Q961D9	346-351	ECO:0007829|PDB:3ZPV	helix
Q9GNK5	355-357	ECO:0007829|PDB:2F2L	helix
Q9GNK5	393-408	ECO:0007829|PDB:2F2L	helix
Q9GNK5	444-447	ECO:0007829|PDB:1Z6I	helix
Q9GNK5	466-481	ECO:0007829|PDB:2F2L	helix
Q9GNK5	494-496	ECO:0007829|PDB:2F2L	helix
Q9GNK5	507-513	ECO:0007829|PDB:2F2L	helix
Q9I7D3	195-213	ECO:0007829|PDB:6BK4	helix
Q9I7D3	217-225	ECO:0007829|PDB:6BK4	helix
Q9I7D3	235-248	ECO:0007829|PDB:6BK4	helix
Q9I7D3	261-276	ECO:0007829|PDB:6BK4	helix
Q9I7D3	288-301	ECO:0007829|PDB:6BK4	helix
Q9NBD7	104-119	ECO:0007829|PDB:4G3A	helix
Q9NBD7	125-136	ECO:0007829|PDB:4G3A	helix
Q9NBD7	142-159	ECO:0007829|PDB:4G3A	helix
Q9NBD7	167-169	ECO:0007829|PDB:4G3A	helix
Q9NBD7	170-175	ECO:0007829|PDB:4G3A	helix
Q9NBD7	176-178	ECO:0007829|PDB:4G3A	helix
Q9NBD7	182-199	ECO:0007829|PDB:4G3A	helix
Q9NBD7	200-202	ECO:0007829|PDB:4G3A	helix
Q9NBD7	203-208	ECO:0007829|PDB:4G3A	helix
Q9NBD7	21-36	ECO:0007829|PDB:4G3A	helix
Q9NBD7	215-229	ECO:0007829|PDB:4G3A	helix
Q9NBD7	47-58	ECO:0007829|PDB:4G3A	helix
Q9NBD7	63-80	ECO:0007829|PDB:4G3A	helix
Q9NBD7	81-86	ECO:0007829|PDB:4G3A	helix
Q9NBD7	88-98	ECO:0007829|PDB:4G3A	helix
Q9NBD7	9-15	ECO:0007829|PDB:4G3A	helix
Q9NII1	110-125	ECO:0007829|PDB:2LJH	helix
Q9NII1	65-72	ECO:0007829|PDB:2LJH	helix
Q9NJG9	84-86	ECO:0007829|PDB:2YB8	helix
Q9NJG9	88-90	ECO:0007829|PDB:2YB8	helix
Q9U1H9	370-372	ECO:0007829|PDB:6IHJ	helix
Q9U1H9	373-388	ECO:0007829|PDB:6IHJ	helix
Q9U1H9	392-396	ECO:0007829|PDB:6IHJ	helix
Q9U1H9	422-424	ECO:0007829|PDB:6IHJ	helix
Q9U1H9	446-454	ECO:0007829|PDB:6IHJ	helix
Q9U1H9	463-465	ECO:0007829|PDB:6IHJ	helix
Q9U1H9	491-494	ECO:0007829|PDB:6IHJ	helix
Q9U1H9	534-541	ECO:0007829|PDB:6IHJ	helix
Q9U1K1	463-473	ECO:0007829|PDB:3MN5	helix
Q9U405	30-37	ECO:0007829|PDB:1PZW	helix
Q9U405	54-79	ECO:0007829|PDB:1PZW	helix
Q9U4L6	291-293	ECO:0007829|PDB:9ETM	helix
Q9U4L6	63-67	ECO:0007829|PDB:9ETM	helix
Q9U6B8	158-177	ECO:0007829|PDB:7KR5	helix
Q9U6B8	189-215	ECO:0007829|PDB:7KR5	helix
Q9U6B8	241-271	ECO:0007829|PDB:7KR5	helix
Q9U6B8	276-303	ECO:0007829|PDB:7KR5	helix
Q9U6B8	308-331	ECO:0007829|PDB:4HKR	helix
Q9V3D4	116-121	ECO:0007829|PDB:1JND	helix
Q9V3D4	125-141	ECO:0007829|PDB:1JND	helix
Q9V3D4	186-204	ECO:0007829|PDB:1JND	helix
Q9V3D4	221-224	ECO:0007829|PDB:1JND	helix
Q9V3D4	227-231	ECO:0007829|PDB:1JND	helix
Q9V3D4	275-284	ECO:0007829|PDB:1JND	helix
Q9V3D4	289-291	ECO:0007829|PDB:1JND	helix
Q9V3D4	30-34	ECO:0007829|PDB:1JND	helix
Q9V3D4	307-309	ECO:0007829|PDB:1JND	helix
Q9V3D4	338-344	ECO:0007829|PDB:1JND	helix
Q9V3D4	355-357	ECO:0007829|PDB:1JND	helix
Q9V3D4	37-39	ECO:0007829|PDB:1JNE	helix
Q9V3D4	393-405	ECO:0007829|PDB:1JND	helix
Q9V3D4	416-418	ECO:0007829|PDB:1JND	helix
Q9V3D4	43-49	ECO:0007829|PDB:1JND	helix
Q9V3D4	431-439	ECO:0007829|PDB:1JND	helix
Q9V3D4	50-52	ECO:0007829|PDB:1JND	helix
Q9V3D4	75-78	ECO:0007829|PDB:1JND	helix
Q9V3D4	83-88	ECO:0007829|PDB:1JND	helix
Q9V3D4	89-92	ECO:0007829|PDB:1JND	helix
Q9V3H8	3-29	ECO:0007829|PDB:6IHJ	helix
Q9V3H8	31-37	ECO:0007829|PDB:6IHJ	helix
Q9V3H8	54-63	ECO:0007829|PDB:6IHJ	helix
Q9V3H8	81-83	ECO:0007829|PDB:6MRK	helix
Q9V429	33-48	ECO:0007829|PDB:1XWA	helix
Q9V429	64-69	ECO:0007829|PDB:1XWA	helix
Q9V429	8-18	ECO:0007829|PDB:1XWA	helix
Q9V429	95-104	ECO:0007829|PDB:1XWA	helix
Q9V444	14-22	ECO:0007829|PDB:2BYK	helix
Q9V444	31-58	ECO:0007829|PDB:2BYK	helix
Q9V444	66-75	ECO:0007829|PDB:2BYK	helix
Q9V444	82-96	ECO:0007829|PDB:2BYK	helix
Q9V452	40-66	ECO:0007829|PDB:2BYK	helix
Q9V452	76-84	ECO:0007829|PDB:2BYK	helix
Q9V452	90-92	ECO:0007829|PDB:2BYK	helix
Q9V4K2	102-118	ECO:0007829|PDB:8JMA	helix
Q9V4K2	120-122	ECO:0007829|PDB:8JMA	helix
Q9V4K2	125-160	ECO:0007829|PDB:8JMA	helix
Q9V4K2	169-173	ECO:0007829|PDB:8JMA	helix
Q9V4K2	176-214	ECO:0007829|PDB:8JMA	helix
Q9V4K2	263-320	ECO:0007829|PDB:8JMA	helix
Q9V4K2	324-356	ECO:0007829|PDB:8JMA	helix
Q9V4K2	358-367	ECO:0007829|PDB:8JMA	helix
Q9V4K2	372-386	ECO:0007829|PDB:8JMA	helix
Q9V4K2	38-64	ECO:0007829|PDB:8JMA	helix
Q9V4K2	403-424	ECO:0007829|PDB:8JMA	helix
Q9V4K2	74-99	ECO:0007829|PDB:8JMA	helix
Q9V4K2	8-16	ECO:0007829|PDB:8JMA	helix
Q9V4Q8	103-109	ECO:0007829|PDB:6F4J	helix
Q9V4Q8	124-127	ECO:0007829|PDB:6F4J	helix
Q9V4Q8	131-138	ECO:0007829|PDB:6F4J	helix
Q9V4Q8	152-163	ECO:0007829|PDB:6F4J	helix
Q9V4Q8	165-174	ECO:0007829|PDB:6F4J	helix
Q9V4Q8	37-40	ECO:0007829|PDB:6F4J	helix
Q9V4Q8	6-11	ECO:0007829|PDB:6F4J	helix
Q9V4Q8	83-85	ECO:0007829|PDB:6F4J	helix
Q9V535	124-134	ECO:0007829|PDB:1OO0	helix
Q9V535	17-28	ECO:0007829|PDB:1HL6	helix
Q9V535	36-38	ECO:0007829|PDB:1HL6	helix
Q9V535	86-93	ECO:0007829|PDB:1OO0	helix
Q9V535	94-96	ECO:0007829|PDB:1OO0	helix
Q9V6K1	1012-1015	ECO:0007829|PDB:3LXU	helix
Q9V6K1	1016-1018	ECO:0007829|PDB:3LXU	helix
Q9V6K1	1041-1045	ECO:0007829|PDB:3LXU	helix
Q9V6K1	1070-1074	ECO:0007829|PDB:3LXU	helix
Q9V6K1	1095-1100	ECO:0007829|PDB:3LXU	helix
Q9V6K1	114-116	ECO:0007829|PDB:3LXU	helix
Q9V6K1	1190-1205	ECO:0007829|PDB:3LXU	helix
Q9V6K1	1210-1223	ECO:0007829|PDB:3LXU	helix
Q9V6K1	1229-1241	ECO:0007829|PDB:3LXU	helix
Q9V6K1	1248-1253	ECO:0007829|PDB:3LXU	helix
Q9V6K1	1265-1268	ECO:0007829|PDB:3LXU	helix
Q9V6K1	1271-1289	ECO:0007829|PDB:3LXU	helix
Q9V6K1	1293-1296	ECO:0007829|PDB:3LXU	helix
Q9V6K1	1307-1310	ECO:0007829|PDB:3LXU	helix
Q9V6K1	1317-1345	ECO:0007829|PDB:3LXU	helix
Q9V6K1	1349-1351	ECO:0007829|PDB:3LXU	helix
Q9V6K1	1352-1362	ECO:0007829|PDB:3LXU	helix
Q9V6K1	1374-1384	ECO:0007829|PDB:3LXU	helix
Q9V6K1	1387-1400	ECO:0007829|PDB:3LXU	helix
Q9V6K1	1404-1417	ECO:0007829|PDB:3LXU	helix
Q9V6K1	1420-1433	ECO:0007829|PDB:3LXU	helix
Q9V6K1	234-236	ECO:0007829|PDB:3LXU	helix
Q9V6K1	265-282	ECO:0007829|PDB:3LXU	helix
Q9V6K1	285-287	ECO:0007829|PDB:3LXU	helix
Q9V6K1	345-347	ECO:0007829|PDB:3LXU	helix
Q9V6K1	358-367	ECO:0007829|PDB:3LXU	helix
Q9V6K1	401-416	ECO:0007829|PDB:3LXU	helix
Q9V6K1	439-449	ECO:0007829|PDB:3LXU	helix
Q9V6K1	548-550	ECO:0007829|PDB:3LXU	helix
Q9V6K1	552-568	ECO:0007829|PDB:3LXU	helix
Q9V6K1	575-583	ECO:0007829|PDB:3LXU	helix
Q9V6K1	604-612	ECO:0007829|PDB:3LXU	helix
Q9V6K1	618-621	ECO:0007829|PDB:3LXU	helix
Q9V6K1	705-707	ECO:0007829|PDB:3LXU	helix
Q9V6K1	815-817	ECO:0007829|PDB:3LXU	helix
Q9V6K3	111-113	ECO:0007829|PDB:7ME4	helix
Q9V6K3	116-130	ECO:0007829|PDB:7ME4	helix
Q9V6K3	148-156	ECO:0007829|PDB:7ME4	helix
Q9V6K3	160-171	ECO:0007829|PDB:7ME4	helix
Q9V6K3	187-189	ECO:0007829|PDB:7ME4	helix
Q9V6K3	212-214	ECO:0007829|PDB:7ME4	helix
Q9V6K3	259-262	ECO:0007829|PDB:7ME4	helix
Q9V6K3	96-109	ECO:0007829|PDB:7ME4	helix
Q9V6Q2	150-164	ECO:0007829|PDB:6XWT	helix
Q9V6Q2	174-201	ECO:0007829|PDB:6XWT	helix
Q9V6Q2	209-219	ECO:0007829|PDB:6XWT	helix
Q9V727	218-221	ECO:0007829|PDB:6HGC	helix
Q9V727	224-227	ECO:0007829|PDB:6HGC	helix
Q9V727	230-234	ECO:0007829|PDB:6HGC	helix
Q9V727	238-245	ECO:0007829|PDB:6HGC	helix
Q9V727	250-256	ECO:0007829|PDB:6HGC	helix
Q9V727	285-299	ECO:0007829|PDB:6HGC	helix
Q9V727	304-317	ECO:0007829|PDB:6HGC	helix
Q9V9N4	139-149	ECO:0007829|PDB:7NF9	helix
Q9V9W8	776-779	ECO:0007829|PDB:3ZPV	helix
Q9V9W8	783-791	ECO:0007829|PDB:3ZPV	helix
Q9V9W8	800-803	ECO:0007829|PDB:3ZPV	helix
Q9VA37	107-112	ECO:0007829|PDB:4E08	helix
Q9VA37	125-130	ECO:0007829|PDB:4E08	helix
Q9VA37	15-27	ECO:0007829|PDB:4E08	helix
Q9VA37	155-157	ECO:0007829|PDB:4E08	helix
Q9VA37	158-170	ECO:0007829|PDB:4E08	helix
Q9VA37	172-182	ECO:0007829|PDB:4E08	helix
Q9VA37	58-60	ECO:0007829|PDB:4E08	helix
Q9VA37	74-82	ECO:0007829|PDB:4E08	helix
Q9VA37	84-95	ECO:0007829|PDB:4E08	helix
Q9VAC8	124-126	ECO:0007829|PDB:5AL7	helix
Q9VAC8	158-184	ECO:0007829|PDB:5AL7	helix
Q9VAC8	17-19	ECO:0007829|PDB:5AL7	helix
Q9VAC8	187-197	ECO:0007829|PDB:5AL7	helix
Q9VAC8	202-205	ECO:0007829|PDB:5AL7	helix
Q9VAC8	207-213	ECO:0007829|PDB:5AL7	helix
Q9VAC8	78-87	ECO:0007829|PDB:5AL7	helix
Q9VAC8	94-110	ECO:0007829|PDB:5AL7	helix
Q9VAH9	123-129	ECO:0007829|PDB:7SN8	helix
Q9VAH9	214-229	ECO:0007829|PDB:7SN8	helix
Q9VAH9	245-258	ECO:0007829|PDB:7SN8	helix
Q9VAH9	275-281	ECO:0007829|PDB:7SN8	helix
Q9VAH9	283-285	ECO:0007829|PDB:7SN8	helix
Q9VAH9	288-293	ECO:0007829|PDB:7SN8	helix
Q9VAH9	310-312	ECO:0007829|PDB:7SN8	helix
Q9VAH9	326-328	ECO:0007829|PDB:7SN8	helix
Q9VAH9	332-340	ECO:0007829|PDB:7SN8	helix
Q9VAH9	359-364	ECO:0007829|PDB:7SN8	helix
Q9VAH9	395-405	ECO:0007829|PDB:7SN8	helix
Q9VAH9	417-431	ECO:0007829|PDB:7SN8	helix
Q9VAH9	42-44	ECO:0007829|PDB:7SN8	helix
Q9VAH9	458-468	ECO:0007829|PDB:7SN8	helix
Q9VAH9	497-504	ECO:0007829|PDB:7SN8	helix
Q9VAH9	525-539	ECO:0007829|PDB:7SN8	helix
Q9VAH9	580-582	ECO:0007829|PDB:7SN8	helix
Q9VAH9	583-594	ECO:0007829|PDB:7SN8	helix
Q9VAH9	71-74	ECO:0007829|PDB:7SN8	helix
Q9VAH9	77-82	ECO:0007829|PDB:7SN8	helix
Q9VAH9	94-113	ECO:0007829|PDB:7SN8	helix
Q9VAK8	101-103	ECO:0007829|PDB:3ZZO	helix
Q9VAK8	42-45	ECO:0007829|PDB:3ZZO	helix
Q9VAK8	93-99	ECO:0007829|PDB:3ZZO	helix
Q9VAM9	114-133	ECO:0007829|PDB:3NQW	helix
Q9VAM9	141-158	ECO:0007829|PDB:3NQW	helix
Q9VAM9	163-176	ECO:0007829|PDB:3NQW	helix
Q9VAM9	34-45	ECO:0007829|PDB:3NQW	helix
Q9VAM9	53-60	ECO:0007829|PDB:3NQW	helix
Q9VAM9	64-67	ECO:0007829|PDB:3NQW	helix
Q9VAM9	7-19	ECO:0007829|PDB:3NQW	helix
Q9VAM9	72-79	ECO:0007829|PDB:3NQW	helix
Q9VAM9	81-89	ECO:0007829|PDB:3NQW	helix
Q9VAM9	98-107	ECO:0007829|PDB:3NQW	helix
Q9VAN6	192-205	ECO:0007829|PDB:4TV0	helix
Q9VAN6	209-212	ECO:0007829|PDB:4TUW	helix
Q9VAN6	239-250	ECO:0007829|PDB:4TV0	helix
Q9VAN6	254-256	ECO:0007829|PDB:4TUW	helix
Q9VAW5	1332-1335	ECO:0007829|PDB:8DHU	helix
Q9VAW5	1344-1361	ECO:0007829|PDB:8DHU	helix
Q9VAW5	1367-1382	ECO:0007829|PDB:8DHU	helix
Q9VAW5	1386-1400	ECO:0007829|PDB:8DHU	helix
Q9VAW5	1406-1421	ECO:0007829|PDB:8DHU	helix
Q9VAW5	1425-1440	ECO:0007829|PDB:8DHU	helix
Q9VAW5	1445-1456	ECO:0007829|PDB:8DHU	helix
Q9VAW5	1460-1462	ECO:0007829|PDB:8DHU	helix
Q9VAW5	1467-1475	ECO:0007829|PDB:8DHU	helix
Q9VAW5	1476-1478	ECO:0007829|PDB:8DHU	helix
Q9VB68	162-164	ECO:0007829|PDB:2XXL	helix
Q9VB68	248-253	ECO:0007829|PDB:2XXL	helix
Q9VB68	287-294	ECO:0007829|PDB:2XXL	helix
Q9VB68	313-315	ECO:0007829|PDB:2XXL	helix
Q9VB68	361-364	ECO:0007829|PDB:2XXL	helix
Q9VB68	365-375	ECO:0007829|PDB:2XXL	helix
Q9VB68	45-47	ECO:0007829|PDB:2XXL	helix
Q9VB68	49-60	ECO:0007829|PDB:2XXL	helix
Q9VB68	67-76	ECO:0007829|PDB:2XXL	helix
Q9VB68	91-93	ECO:0007829|PDB:2XXL	helix
Q9VB68	98-104	ECO:0007829|PDB:2XXL	helix
Q9VBP9	55-65	ECO:0007829|PDB:4RV0	helix
Q9VBP9	91-94	ECO:0007829|PDB:4RV0	helix
Q9VBW6	18-30	ECO:0007829|PDB:2ELH	helix
Q9VBW6	34-41	ECO:0007829|PDB:2ELH	helix
Q9VBW6	45-61	ECO:0007829|PDB:2ELH	helix
Q9VBZ9	123-133	ECO:0007829|PDB:3LW6	helix
Q9VBZ9	191-196	ECO:0007829|PDB:3LW6	helix
Q9VBZ9	210-220	ECO:0007829|PDB:3LW6	helix
Q9VBZ9	258-262	ECO:0007829|PDB:3LW6	helix
Q9VBZ9	271-273	ECO:0007829|PDB:3LW6	helix
Q9VBZ9	306-308	ECO:0007829|PDB:3LW6	helix
Q9VBZ9	87-103	ECO:0007829|PDB:3LW6	helix
Q9VC57	141-144	ECO:0007829|PDB:3X1D	helix
Q9VC57	159-163	ECO:0007829|PDB:3X1D	helix
Q9VC57	171-178	ECO:0007829|PDB:3X1D	helix
Q9VC57	204-213	ECO:0007829|PDB:3X1D	helix
Q9VC57	21-28	ECO:0007829|PDB:3X1D	helix
Q9VC57	217-219	ECO:0007829|PDB:3X1D	helix
Q9VC57	233-235	ECO:0007829|PDB:3X1D	helix
Q9VC57	249-252	ECO:0007829|PDB:3X1D	helix
Q9VC57	266-279	ECO:0007829|PDB:3X1D	helix
Q9VC57	300-307	ECO:0007829|PDB:3X1D	helix
Q9VC57	323-343	ECO:0007829|PDB:3X1D	helix
Q9VC57	346-349	ECO:0007829|PDB:3X1D	helix
Q9VC57	362-375	ECO:0007829|PDB:3X1D	helix
Q9VC57	391-400	ECO:0007829|PDB:3X1D	helix
Q9VC57	51-59	ECO:0007829|PDB:3X1D	helix
Q9VCR6	537-544	ECO:0007829|PDB:6BN1	helix
Q9VCR6	555-557	ECO:0007829|PDB:6BN1	helix
Q9VCR6	560-599	ECO:0007829|PDB:6BN1	helix
Q9VCU9	1046-1061	ECO:0007829|PDB:8DFV	helix
Q9VCU9	108-110	ECO:0007829|PDB:8DFV	helix
Q9VCU9	1099-1107	ECO:0007829|PDB:8DFV	helix
Q9VCU9	1118-1123	ECO:0007829|PDB:8DFV	helix
Q9VCU9	1176-1180	ECO:0007829|PDB:8DFV	helix
Q9VCU9	118-126	ECO:0007829|PDB:8DFV	helix
Q9VCU9	1231-1233	ECO:0007829|PDB:8DFV	helix
Q9VCU9	1239-1241	ECO:0007829|PDB:8DFV	helix
Q9VCU9	1249-1281	ECO:0007829|PDB:8DFV	helix
Q9VCU9	146-156	ECO:0007829|PDB:8DFV	helix
Q9VCU9	1525-1545	ECO:0007829|PDB:8DFV	helix
Q9VCU9	1568-1580	ECO:0007829|PDB:8DFV	helix
Q9VCU9	1608-1615	ECO:0007829|PDB:8DFV	helix
Q9VCU9	1621-1628	ECO:0007829|PDB:8DFV	helix
Q9VCU9	1636-1649	ECO:0007829|PDB:8DFV	helix
Q9VCU9	1723-1730	ECO:0007829|PDB:8DFV	helix
Q9VCU9	1733-1735	ECO:0007829|PDB:8DFV	helix
Q9VCU9	1742-1763	ECO:0007829|PDB:8DFV	helix
Q9VCU9	1769-1779	ECO:0007829|PDB:8DFV	helix
Q9VCU9	1782-1791	ECO:0007829|PDB:8DFV	helix
Q9VCU9	1794-1796	ECO:0007829|PDB:8DFV	helix
Q9VCU9	1839-1841	ECO:0007829|PDB:8DFV	helix
Q9VCU9	1848-1851	ECO:0007829|PDB:8DFV	helix
Q9VCU9	188-198	ECO:0007829|PDB:8DFV	helix
Q9VCU9	1900-1930	ECO:0007829|PDB:8DFV	helix
Q9VCU9	1982-1989	ECO:0007829|PDB:8DFV	helix
Q9VCU9	1994-1998	ECO:0007829|PDB:8DFV	helix
Q9VCU9	20-30	ECO:0007829|PDB:8DFV	helix
Q9VCU9	2008-2014	ECO:0007829|PDB:8DFV	helix
Q9VCU9	2029-2048	ECO:0007829|PDB:8DFV	helix
Q9VCU9	2056-2066	ECO:0007829|PDB:8DFV	helix
Q9VCU9	2069-2078	ECO:0007829|PDB:8DFV	helix
Q9VCU9	208-214	ECO:0007829|PDB:8DFV	helix
Q9VCU9	2090-2105	ECO:0007829|PDB:8DFV	helix
Q9VCU9	2132-2148	ECO:0007829|PDB:8DFV	helix
Q9VCU9	2156-2172	ECO:0007829|PDB:8DFV	helix
Q9VCU9	2179-2186	ECO:0007829|PDB:8DFV	helix
Q9VCU9	2224-2238	ECO:0007829|PDB:8DFV	helix
Q9VCU9	233-251	ECO:0007829|PDB:8DFV	helix
Q9VCU9	279-292	ECO:0007829|PDB:8DFV	helix
Q9VCU9	295-312	ECO:0007829|PDB:8DFV	helix
Q9VCU9	319-343	ECO:0007829|PDB:8DFV	helix
Q9VCU9	354-360	ECO:0007829|PDB:8DFV	helix
Q9VCU9	363-374	ECO:0007829|PDB:8DFV	helix
Q9VCU9	40-58	ECO:0007829|PDB:8DFV	helix
Q9VCU9	502-516	ECO:0007829|PDB:8DFV	helix
Q9VCU9	521-523	ECO:0007829|PDB:8DFV	helix
Q9VCU9	541-559	ECO:0007829|PDB:8DFV	helix
Q9VCU9	570-572	ECO:0007829|PDB:8DFV	helix
Q9VCU9	593-600	ECO:0007829|PDB:8DFV	helix
Q9VCU9	630-638	ECO:0007829|PDB:8DFV	helix
Q9VCU9	760-784	ECO:0007829|PDB:8DFV	helix
Q9VCU9	792-800	ECO:0007829|PDB:8DFV	helix
Q9VCU9	80-87	ECO:0007829|PDB:8DFV	helix
Q9VCU9	823-833	ECO:0007829|PDB:8DFV	helix
Q9VCU9	885-903	ECO:0007829|PDB:8DFV	helix
Q9VCU9	923-926	ECO:0007829|PDB:8DFV	helix
Q9VCU9	932-940	ECO:0007829|PDB:8DFV	helix
Q9VCY3	115-128	ECO:0007829|PDB:4E0Q	helix
Q9VCY3	151-157	ECO:0007829|PDB:4E0Q	helix
Q9VCY3	177-182	ECO:0007829|PDB:4E0Q	helix
Q9VCY3	58-69	ECO:0007829|PDB:4E0Q	helix
Q9VDC6	675-677	ECO:0007829|PDB:6DYM	helix
Q9VDC6	678-689	ECO:0007829|PDB:6DYM	helix
Q9VDC6	696-699	ECO:0007829|PDB:6DYM	helix
Q9VDC6	705-722	ECO:0007829|PDB:6DYM	helix
Q9VDC6	757-775	ECO:0007829|PDB:6DYM	helix
Q9VDC6	797-817	ECO:0007829|PDB:6DYM	helix
Q9VDC6	830-838	ECO:0007829|PDB:6DYM	helix
Q9VDC6	849-851	ECO:0007829|PDB:6DYM	helix
Q9VDE4	123-125	ECO:0007829|PDB:4IT4	helix
Q9VDE4	128-144	ECO:0007829|PDB:4IT4	helix
Q9VDE4	150-164	ECO:0007829|PDB:4IT4	helix
Q9VDE4	165-167	ECO:0007829|PDB:4IT4	helix
Q9VDE4	175-178	ECO:0007829|PDB:4IT4	helix
Q9VDE4	182-205	ECO:0007829|PDB:4IT4	helix
Q9VDE4	27-29	ECO:0007829|PDB:4IT6	helix
Q9VDE4	78-87	ECO:0007829|PDB:4IT6	helix
Q9VDE6	384-415	ECO:0007829|PDB:2A2F	helix
Q9VDE6	425-432	ECO:0007829|PDB:2A2F	helix
Q9VDE6	456-477	ECO:0007829|PDB:2A2F	helix
Q9VDE6	482-509	ECO:0007829|PDB:2A2F	helix
Q9VDE6	516-530	ECO:0007829|PDB:2A2F	helix
Q9VDE6	533-544	ECO:0007829|PDB:2A2F	helix
Q9VDE6	564-581	ECO:0007829|PDB:2A2F	helix
Q9VDE6	599-613	ECO:0007829|PDB:2A2F	helix
Q9VDE6	620-642	ECO:0007829|PDB:2A2F	helix
Q9VDE6	655-669	ECO:0007829|PDB:2A2F	helix
Q9VDE6	683-686	ECO:0007829|PDB:2A2F	helix
Q9VDE6	687-697	ECO:0007829|PDB:2A2F	helix
Q9VDG5	652-660	ECO:0007829|PDB:3RB5	helix
Q9VDG5	670-676	ECO:0007829|PDB:3RB5	helix
Q9VDG5	699-707	ECO:0007829|PDB:3E9U	helix
Q9VEZ3	1006-1008	ECO:0007829|PDB:4QMH	helix
Q9VEZ3	1011-1013	ECO:0007829|PDB:4QMH	helix
Q9VEZ3	1016-1029	ECO:0007829|PDB:4QMH	helix
Q9VEZ3	1035-1052	ECO:0007829|PDB:4QMH	helix
Q9VEZ3	1054-1064	ECO:0007829|PDB:4QMH	helix
Q9VEZ3	1069-1079	ECO:0007829|PDB:4QMH	helix
Q9VEZ3	1080-1082	ECO:0007829|PDB:4QMH	helix
Q9VEZ3	1153-1162	ECO:0007829|PDB:5VJC	helix
Q9VEZ3	1176-1188	ECO:0007829|PDB:5VJC	helix
Q9VEZ3	1193-1199	ECO:0007829|PDB:5VJC	helix
Q9VEZ3	1204-1217	ECO:0007829|PDB:5VJC	helix
Q9VEZ3	1222-1227	ECO:0007829|PDB:5VJC	helix
Q9VEZ3	1229-1239	ECO:0007829|PDB:5VJC	helix
Q9VEZ3	1245-1264	ECO:0007829|PDB:5VJC	helix
Q9VEZ3	1271-1282	ECO:0007829|PDB:5VJC	helix
Q9VEZ3	1290-1306	ECO:0007829|PDB:5VJC	helix
Q9VEZ3	1309-1318	ECO:0007829|PDB:5VJC	helix
Q9VEZ3	1319-1321	ECO:0007829|PDB:5VJC	helix
Q9VEZ3	1325-1342	ECO:0007829|PDB:5VJC	helix
Q9VEZ3	1344-1346	ECO:0007829|PDB:5VJC	helix
Q9VEZ3	1349-1357	ECO:0007829|PDB:5VJC	helix
Q9VEZ3	1358-1360	ECO:0007829|PDB:5VJC	helix
Q9VEZ3	1364-1381	ECO:0007829|PDB:5VJC	helix
Q9VEZ3	1382-1384	ECO:0007829|PDB:5VJC	helix
Q9VEZ3	1385-1388	ECO:0007829|PDB:5VJC	helix
Q9VEZ3	1394-1404	ECO:0007829|PDB:5VJC	helix
Q9VEZ3	276-278	ECO:0007829|PDB:2QK2	helix
Q9VEZ3	283-287	ECO:0007829|PDB:2QK2	helix
Q9VEZ3	292-308	ECO:0007829|PDB:2QK2	helix
Q9VEZ3	318-330	ECO:0007829|PDB:2QK2	helix
Q9VEZ3	334-351	ECO:0007829|PDB:2QK2	helix
Q9VEZ3	352-355	ECO:0007829|PDB:2QK2	helix
Q9VEZ3	356-368	ECO:0007829|PDB:2QK2	helix
Q9VEZ3	369-371	ECO:0007829|PDB:2QK2	helix
Q9VEZ3	375-389	ECO:0007829|PDB:2QK2	helix
Q9VEZ3	394-404	ECO:0007829|PDB:2QK2	helix
Q9VEZ3	410-424	ECO:0007829|PDB:2QK2	helix
Q9VEZ3	429-431	ECO:0007829|PDB:2QK2	helix
Q9VEZ3	434-448	ECO:0007829|PDB:2QK2	helix
Q9VEZ3	453-470	ECO:0007829|PDB:2QK2	helix
Q9VEZ3	472-475	ECO:0007829|PDB:2QK2	helix
Q9VEZ3	476-479	ECO:0007829|PDB:2QK2	helix
Q9VEZ3	484-496	ECO:0007829|PDB:2QK2	helix
Q9VEZ3	595-602	ECO:0007829|PDB:4Y5J	helix
Q9VEZ3	606-619	ECO:0007829|PDB:4Y5J	helix
Q9VEZ3	620-622	ECO:0007829|PDB:4Y5J	helix
Q9VEZ3	630-639	ECO:0007829|PDB:4Y5J	helix
Q9VEZ3	644-646	ECO:0007829|PDB:4Y5J	helix
Q9VEZ3	650-666	ECO:0007829|PDB:4Y5J	helix
Q9VEZ3	671-683	ECO:0007829|PDB:4Y5J	helix
Q9VEZ3	684-686	ECO:0007829|PDB:4Y5J	helix
Q9VEZ3	691-704	ECO:0007829|PDB:4Y5J	helix
Q9VEZ3	707-720	ECO:0007829|PDB:4Y5J	helix
Q9VEZ3	724-741	ECO:0007829|PDB:4Y5J	helix
Q9VEZ3	747-758	ECO:0007829|PDB:4Y5J	helix
Q9VEZ3	763-780	ECO:0007829|PDB:4Y5J	helix
Q9VEZ3	782-788	ECO:0007829|PDB:4Y5J	helix
Q9VEZ3	793-806	ECO:0007829|PDB:4Y5J	helix
Q9VEZ3	858-860	ECO:0007829|PDB:4QMH	helix
Q9VEZ3	863-869	ECO:0007829|PDB:4QMH	helix
Q9VEZ3	874-891	ECO:0007829|PDB:4QMH	helix
Q9VEZ3	901-909	ECO:0007829|PDB:4QMH	helix
Q9VEZ3	914-931	ECO:0007829|PDB:4QMH	helix
Q9VEZ3	932-938	ECO:0007829|PDB:4QMH	helix
Q9VEZ3	939-949	ECO:0007829|PDB:4QMH	helix
Q9VEZ3	955-972	ECO:0007829|PDB:4QMH	helix
Q9VEZ3	975-977	ECO:0007829|PDB:4QMH	helix
Q9VEZ3	982-988	ECO:0007829|PDB:4QMH	helix
Q9VEZ3	992-1005	ECO:0007829|PDB:4QMH	helix
Q9VF27	123-127	ECO:0007829|PDB:8B9Z	helix
Q9VF27	162-166	ECO:0007829|PDB:8B9Z	helix
Q9VF27	186-188	ECO:0007829|PDB:8B9Z	helix
Q9VF27	192-201	ECO:0007829|PDB:8B9Z	helix
Q9VF27	203-213	ECO:0007829|PDB:8B9Z	helix
Q9VF27	55-67	ECO:0007829|PDB:8B9Z	helix
Q9VF27	69-80	ECO:0007829|PDB:8B9Z	helix
Q9VF27	81-83	ECO:0007829|PDB:8B9Z	helix
Q9VF36	26-37	ECO:0007829|PDB:1URR	helix
Q9VF36	59-71	ECO:0007829|PDB:1URR	helix
Q9VFS5	34-36	ECO:0007829|PDB:4WSF	helix
Q9VFS5	88-102	ECO:0007829|PDB:4WSF	helix
Q9VFX1	125-135	ECO:0007829|PDB:4KRR	helix
Q9VFX1	141-155	ECO:0007829|PDB:4KRR	helix
Q9VFX1	186-198	ECO:0007829|PDB:4KRR	helix
Q9VFX1	36-54	ECO:0007829|PDB:4KRR	helix
Q9VFX1	64-72	ECO:0007829|PDB:4KRR	helix
Q9VFX1	81-103	ECO:0007829|PDB:4KRR	helix
Q9VG98	10-21	ECO:0007829|PDB:5F0G	helix
Q9VG98	104-112	ECO:0007829|PDB:5F0G	helix
Q9VG98	124-140	ECO:0007829|PDB:5F0G	helix
Q9VG98	154-168	ECO:0007829|PDB:5F0G	helix
Q9VG98	177-189	ECO:0007829|PDB:5F0G	helix
Q9VG98	193-211	ECO:0007829|PDB:5F0G	helix
Q9VG98	33-35	ECO:0007829|PDB:5F0G	helix
Q9VG98	37-39	ECO:0007829|PDB:5F0G	helix
Q9VG98	41-46	ECO:0007829|PDB:5F0G	helix
Q9VG98	65-76	ECO:0007829|PDB:5F0G	helix
Q9VG98	87-102	ECO:0007829|PDB:5F0G	helix
Q9VHA0	177-183	ECO:0007829|PDB:2R58	helix
Q9VHA0	191-193	ECO:0007829|PDB:2R58	helix
Q9VHA0	262-265	ECO:0007829|PDB:2R58	helix
Q9VHA0	280-282	ECO:0007829|PDB:2R58	helix
Q9VHA0	283-291	ECO:0007829|PDB:2R58	helix
Q9VHA0	299-301	ECO:0007829|PDB:2R58	helix
Q9VHA0	353-355	ECO:0007829|PDB:2R58	helix
Q9VHA0	371-375	ECO:0007829|PDB:2R58	helix
Q9VHA0	797-800	ECO:0007829|PDB:1PK3	helix
Q9VHA0	803-805	ECO:0007829|PDB:1PK1	helix
Q9VHA0	808-818	ECO:0007829|PDB:1PK1	helix
Q9VHA0	820-825	ECO:0007829|PDB:1PK1	helix
Q9VHA0	826-831	ECO:0007829|PDB:1PK1	helix
Q9VHA0	836-840	ECO:0007829|PDB:1PK1	helix
Q9VHA0	844-850	ECO:0007829|PDB:1PK1	helix
Q9VHA0	855-868	ECO:0007829|PDB:1PK1	helix
Q9VI58	210-217	ECO:0007829|PDB:5Z4A	helix
Q9VI58	220-233	ECO:0007829|PDB:5Z4A	helix
Q9VI58	238-251	ECO:0007829|PDB:5Z4A	helix
Q9VI58	252-254	ECO:0007829|PDB:5Z4A	helix
Q9VI58	267-270	ECO:0007829|PDB:5Z4A	helix
Q9VI58	298-313	ECO:0007829|PDB:5Z4A	helix
Q9VI58	349-363	ECO:0007829|PDB:5Z4A	helix
Q9VI58	365-380	ECO:0007829|PDB:5Z4A	helix
Q9VI58	389-402	ECO:0007829|PDB:5Z4A	helix
Q9VI58	409-413	ECO:0007829|PDB:5Z4A	helix
Q9VI58	436-439	ECO:0007829|PDB:5Z4A	helix
Q9VI58	448-464	ECO:0007829|PDB:5Z4A	helix
Q9VI58	486-488	ECO:0007829|PDB:5Z4A	helix
Q9VI58	492-500	ECO:0007829|PDB:5Z4A	helix
Q9VI58	502-504	ECO:0007829|PDB:5Z4A	helix
Q9VI58	530-546	ECO:0007829|PDB:5Z4A	helix
Q9VI75	129-154	ECO:0007829|PDB:1HX8	helix
Q9VI75	158-160	ECO:0007829|PDB:1HX8	helix
Q9VI75	175-193	ECO:0007829|PDB:1HX8	helix
Q9VI75	199-201	ECO:0007829|PDB:1HX8	helix
Q9VI75	205-236	ECO:0007829|PDB:1HX8	helix
Q9VI75	24-31	ECO:0007829|PDB:1HX8	helix
Q9VI75	242-270	ECO:0007829|PDB:1HX8	helix
Q9VI75	275-277	ECO:0007829|PDB:1HX8	helix
Q9VI75	286-297	ECO:0007829|PDB:1HX8	helix
Q9VI75	41-52	ECO:0007829|PDB:1HX8	helix
Q9VI75	58-69	ECO:0007829|PDB:1HX8	helix
Q9VI75	74-90	ECO:0007829|PDB:1HX8	helix
Q9VI75	93-101	ECO:0007829|PDB:1HX8	helix
Q9VIF1	407-409	ECO:0007829|PDB:7JW6	helix
Q9VIF1	416-426	ECO:0007829|PDB:7JW6	helix
Q9VIF1	472-481	ECO:0007829|PDB:7JW6	helix
Q9VIF1	495-505	ECO:0007829|PDB:7JW6	helix
Q9VIF1	521-528	ECO:0007829|PDB:7JW6	helix
Q9VIF1	542-544	ECO:0007829|PDB:7JW6	helix
Q9VIF1	549-557	ECO:0007829|PDB:7JW6	helix
Q9VIF1	577-600	ECO:0007829|PDB:7JW6	helix
Q9VIF1	604-614	ECO:0007829|PDB:7JW6	helix
Q9VIF5	25-27	ECO:0007829|PDB:5XYV	helix
Q9VIF5	30-45	ECO:0007829|PDB:5XYV	helix
Q9VIF5	4-6	ECO:0007829|PDB:5XYV	helix
Q9VIF5	9-23	ECO:0007829|PDB:5XYV	helix
Q9VIH7	111-120	ECO:0007829|PDB:5HJQ	helix
Q9VIH7	138-140	ECO:0007829|PDB:5HJQ	helix
Q9VIH7	148-164	ECO:0007829|PDB:5HJQ	helix
Q9VIH7	174-181	ECO:0007829|PDB:5HJQ	helix
Q9VIH7	187-198	ECO:0007829|PDB:5HJQ	helix
Q9VIH7	210-227	ECO:0007829|PDB:5HJQ	helix
Q9VIH7	229-238	ECO:0007829|PDB:5HJQ	helix
Q9VIH7	245-248	ECO:0007829|PDB:5HJQ	helix
Q9VIH7	251-256	ECO:0007829|PDB:5HJQ	helix
Q9VIH7	261-274	ECO:0007829|PDB:5HJQ	helix
Q9VIH7	277-294	ECO:0007829|PDB:5HJQ	helix
Q9VIH7	298-300	ECO:0007829|PDB:5HJN	helix
Q9VIH7	302-305	ECO:0007829|PDB:5HJQ	helix
Q9VIH7	309-318	ECO:0007829|PDB:5HJQ	helix
Q9VIH7	324-333	ECO:0007829|PDB:5HJQ	helix
Q9VIH7	405-411	ECO:0007829|PDB:6R82	helix
Q9VIH7	413-418	ECO:0007829|PDB:6R82	helix
Q9VIH7	419-421	ECO:0007829|PDB:6R82	helix
Q9VIH7	424-428	ECO:0007829|PDB:6R82	helix
Q9VIH7	444-451	ECO:0007829|PDB:6R82	helix
Q9VIH7	477-481	ECO:0007829|PDB:6R82	helix
Q9VIH7	523-525	ECO:0007829|PDB:6R82	helix
Q9VIH7	59-68	ECO:0007829|PDB:5HJQ	helix
Q9VIH7	71-80	ECO:0007829|PDB:5HJQ	helix
Q9VIH7	90-99	ECO:0007829|PDB:5HJQ	helix
Q9VJ83	35-37	ECO:0007829|PDB:6ZSY	helix
Q9VJ83	57-61	ECO:0007829|PDB:6ZSY	helix
Q9VJ83	70-76	ECO:0007829|PDB:6ZSY	helix
Q9VJY9	136-145	ECO:0007829|PDB:8DFV	helix
Q9VJY9	189-203	ECO:0007829|PDB:8DFV	helix
Q9VJY9	254-261	ECO:0007829|PDB:8DFV	helix
Q9VJY9	301-318	ECO:0007829|PDB:8DFV	helix
Q9VJY9	359-373	ECO:0007829|PDB:8DFV	helix
Q9VJY9	377-383	ECO:0007829|PDB:8DFV	helix
Q9VJY9	398-404	ECO:0007829|PDB:4X8W	helix
Q9VJY9	444-459	ECO:0007829|PDB:4X8W	helix
Q9VK33	1137-1139	ECO:0007829|PDB:5J8Y	helix
Q9VK33	1142-1151	ECO:0007829|PDB:5J8Y	helix
Q9VK33	1155-1157	ECO:0007829|PDB:5J8Y	helix
Q9VK33	1158-1163	ECO:0007829|PDB:5J8Y	helix
Q9VK33	1168-1171	ECO:0007829|PDB:5J8Y	helix
Q9VK33	1176-1182	ECO:0007829|PDB:5J8Y	helix
Q9VK33	1187-1202	ECO:0007829|PDB:5J8Y	helix
Q9VK33	539-542	ECO:0007829|PDB:4C5E	helix
Q9VK33	552-554	ECO:0007829|PDB:4C5E	helix
Q9VK33	561-566	ECO:0007829|PDB:4C5E	helix
Q9VK33	636-639	ECO:0007829|PDB:4C5E	helix
Q9VK33	658-665	ECO:0007829|PDB:4C5E	helix
Q9VK33	675-681	ECO:0007829|PDB:4C5E	helix
Q9VK33	742-746	ECO:0007829|PDB:4C5E	helix
Q9VK33	754-761	ECO:0007829|PDB:4C5E	helix
Q9VK33	777-779	ECO:0007829|PDB:4C5E	helix
Q9VK33	786-788	ECO:0007829|PDB:4C5E	helix
Q9VK33	860-863	ECO:0007829|PDB:4C5E	helix
Q9VK33	881-888	ECO:0007829|PDB:4C5E	helix
Q9VK33	895-897	ECO:0007829|PDB:4C5E	helix
Q9VK33	946-948	ECO:0007829|PDB:4C5E	helix
Q9VK33	964-968	ECO:0007829|PDB:4C5E	helix
Q9VKD7	117-129	ECO:0007829|PDB:4GEL	helix
Q9VKD7	148-154	ECO:0007829|PDB:4GEL	helix
Q9VKD7	178-187	ECO:0007829|PDB:4GEL	helix
Q9VKD7	209-213	ECO:0007829|PDB:4GEL	helix
Q9VKD7	225-241	ECO:0007829|PDB:4GEL	helix
Q9VKD7	42-47	ECO:0007829|PDB:4GEL	helix
Q9VKD7	64-67	ECO:0007829|PDB:4GEL	helix
Q9VKD7	69-72	ECO:0007829|PDB:4GEL	helix
Q9VKD7	89-101	ECO:0007829|PDB:4GEL	helix
Q9VKJ9	361-380	ECO:0007829|PDB:5VNY	helix
Q9VKJ9	385-406	ECO:0007829|PDB:5VNY	helix
Q9VKJ9	413-415	ECO:0007829|PDB:5VNY	helix
Q9VKJ9	580-608	ECO:0007829|PDB:6EI6	helix
Q9VKJ9	612-637	ECO:0007829|PDB:6EI6	helix
Q9VKJ9	654-656	ECO:0007829|PDB:6EI6	helix
Q9VKJ9	728-736	ECO:0007829|PDB:6EI6	helix
Q9VKJ9	764-767	ECO:0007829|PDB:6EI6	helix
Q9VKJ9	801-809	ECO:0007829|PDB:6EI6	helix
Q9VKK1	1218-1228	ECO:0007829|PDB:2VXG	helix
Q9VKK1	1231-1240	ECO:0007829|PDB:2VXG	helix
Q9VKK1	1244-1253	ECO:0007829|PDB:2VXG	helix
Q9VKK1	1256-1259	ECO:0007829|PDB:2VXG	helix
Q9VKK1	1269-1281	ECO:0007829|PDB:2VXG	helix
Q9VKK1	1288-1300	ECO:0007829|PDB:2VXG	helix
Q9VKK1	1306-1329	ECO:0007829|PDB:2VXG	helix
Q9VKK1	1336-1349	ECO:0007829|PDB:2VXG	helix
Q9VKM1	128-136	ECO:0007829|PDB:6KR6	helix
Q9VKM1	191-205	ECO:0007829|PDB:6KR6	helix
Q9VKM1	206-208	ECO:0007829|PDB:6KR6	helix
Q9VKM1	220-222	ECO:0007829|PDB:6KR6	helix
Q9VKM1	264-271	ECO:0007829|PDB:6KR6	helix
Q9VKM1	281-286	ECO:0007829|PDB:6KR6	helix
Q9VKM1	324-331	ECO:0007829|PDB:6KR6	helix
Q9VKM1	365-367	ECO:0007829|PDB:6KR6	helix
Q9VKM1	381-391	ECO:0007829|PDB:6KR6	helix
Q9VKM1	395-411	ECO:0007829|PDB:6KR6	helix
Q9VKM1	413-421	ECO:0007829|PDB:6KR6	helix
Q9VKM1	484-486	ECO:0007829|PDB:6KR6	helix
Q9VKM1	487-504	ECO:0007829|PDB:6KR6	helix
Q9VKM1	521-532	ECO:0007829|PDB:6KR6	helix
Q9VKM1	548-559	ECO:0007829|PDB:6KR6	helix
Q9VKM1	571-574	ECO:0007829|PDB:6KR6	helix
Q9VKM1	579-593	ECO:0007829|PDB:6KR6	helix
Q9VKM1	658-673	ECO:0007829|PDB:6KR6	helix
Q9VKM1	692-713	ECO:0007829|PDB:6KR6	helix
Q9VKM1	787-797	ECO:0007829|PDB:6KR6	helix
Q9VKM1	812-826	ECO:0007829|PDB:6KR6	helix
Q9VKM1	834-836	ECO:0007829|PDB:6KR6	helix
Q9VKM6	15-30	ECO:0007829|PDB:5CHL	helix
Q9VKM6	31-33	ECO:0007829|PDB:5CHL	helix
Q9VM64	607-609	ECO:0007829|PDB:2IBG	helix
Q9VMA3	329-337	ECO:0007829|PDB:4AXG	helix
Q9VMA3	364-370	ECO:0007829|PDB:4AXG	helix
Q9VMC9	102-107	ECO:0007829|PDB:4E15	helix
Q9VMC9	125-145	ECO:0007829|PDB:4E15	helix
Q9VMC9	15-18	ECO:0007829|PDB:4E15	helix
Q9VMC9	159-163	ECO:0007829|PDB:4E15	helix
Q9VMC9	164-168	ECO:0007829|PDB:4E15	helix
Q9VMC9	175-179	ECO:0007829|PDB:4E15	helix
Q9VMC9	194-197	ECO:0007829|PDB:4E15	helix
Q9VMC9	204-206	ECO:0007829|PDB:4E15	helix
Q9VMC9	220-222	ECO:0007829|PDB:4E15	helix
Q9VMC9	228-231	ECO:0007829|PDB:4E15	helix
Q9VMC9	246-262	ECO:0007829|PDB:4E15	helix
Q9VMC9	278-281	ECO:0007829|PDB:4E15	helix
Q9VMC9	28-49	ECO:0007829|PDB:4E15	helix
Q9VMC9	282-284	ECO:0007829|PDB:4E15	helix
Q9VMC9	289-298	ECO:0007829|PDB:4E15	helix
Q9VMC9	9-12	ECO:0007829|PDB:4E15	helix
Q9VMC9	95-97	ECO:0007829|PDB:4E15	helix
Q9VMJ7	227-240	ECO:0007829|PDB:2LM1	helix
Q9VMJ7	259-269	ECO:0007829|PDB:2LM1	helix
Q9VMJ7	272-278	ECO:0007829|PDB:2LM1	helix
Q9VMJ7	281-287	ECO:0007829|PDB:2LM1	helix
Q9VMJ7	294-315	ECO:0007829|PDB:2LM1	helix
Q9VMJ7	460-462	ECO:0007829|PDB:2MIQ	helix
Q9VMJ7	493-496	ECO:0007829|PDB:2MIQ	helix
Q9VNJ5	1015-1040	ECO:0007829|PDB:6TBU	helix
Q9VNJ5	1047-1076	ECO:0007829|PDB:6TBU	helix
Q9VNJ5	1082-1113	ECO:0007829|PDB:6TBU	helix
Q9VNJ5	20-41	ECO:0007829|PDB:6TBU	helix
Q9VNJ5	272-286	ECO:0007829|PDB:6TBU	helix
Q9VNJ5	291-294	ECO:0007829|PDB:6TBU	helix
Q9VNJ5	310-317	ECO:0007829|PDB:6TBU	helix
Q9VNJ5	327-340	ECO:0007829|PDB:6TBU	helix
Q9VNJ5	372-379	ECO:0007829|PDB:6TBU	helix
Q9VNJ5	410-418	ECO:0007829|PDB:6TBU	helix
Q9VNJ5	436-466	ECO:0007829|PDB:6TBU	helix
Q9VNJ5	469-491	ECO:0007829|PDB:6TBU	helix
Q9VNJ5	502-513	ECO:0007829|PDB:6TBU	helix
Q9VNJ5	516-530	ECO:0007829|PDB:6TBU	helix
Q9VNJ5	559-587	ECO:0007829|PDB:6TBU	helix
Q9VNJ5	588-590	ECO:0007829|PDB:6TBU	helix
Q9VNJ5	594-628	ECO:0007829|PDB:6TBU	helix
Q9VNJ5	60-75	ECO:0007829|PDB:6TBU	helix
Q9VNJ5	649-668	ECO:0007829|PDB:6TBU	helix
Q9VNJ5	671-689	ECO:0007829|PDB:6TBU	helix
Q9VNJ5	710-716	ECO:0007829|PDB:6TBU	helix
Q9VNJ5	771-784	ECO:0007829|PDB:6TBU	helix
Q9VNJ5	8-18	ECO:0007829|PDB:6TBU	helix
Q9VNJ5	802-811	ECO:0007829|PDB:6TBU	helix
Q9VNJ5	837-853	ECO:0007829|PDB:6TBU	helix
Q9VNJ5	85-88	ECO:0007829|PDB:6TBU	helix
Q9VNJ5	916-934	ECO:0007829|PDB:6TBU	helix
Q9VNJ5	951-981	ECO:0007829|PDB:6TBU	helix
Q9VNJ5	985-1009	ECO:0007829|PDB:6TBU	helix
Q9VNS0	105-107	ECO:0007829|PDB:4YBG	helix
Q9VNS0	164-170	ECO:0007829|PDB:4YBG	helix
Q9VNS0	186-201	ECO:0007829|PDB:4YBG	helix
Q9VNS0	213-215	ECO:0007829|PDB:4YBG	helix
Q9VNS0	216-226	ECO:0007829|PDB:4YBG	helix
Q9VNS0	231-234	ECO:0007829|PDB:4YBG	helix
Q9VNS0	244-258	ECO:0007829|PDB:4YBG	helix
Q9VNS0	268-277	ECO:0007829|PDB:4YBG	helix
Q9VNS0	289-294	ECO:0007829|PDB:4YBG	helix
Q9VNS0	297-299	ECO:0007829|PDB:4YBG	helix
Q9VNS0	301-316	ECO:0007829|PDB:4YBG	helix
Q9VNS0	317-319	ECO:0007829|PDB:4YBG	helix
Q9VNS0	85-101	ECO:0007829|PDB:4YBG	helix
Q9VPQ6	1131-1140	ECO:0007829|PDB:1FU9	helix
Q9VPQ6	220-229	ECO:0007829|PDB:1FV5	helix
Q9VQ91	281-297	ECO:0007829|PDB:5YGB	helix
Q9VQ91	300-304	ECO:0007829|PDB:5YGB	helix
Q9VQ91	362-364	ECO:0007829|PDB:5YGB	helix
Q9VQ91	370-373	ECO:0007829|PDB:5YGB	helix
Q9VQ91	400-410	ECO:0007829|PDB:5YGB	helix
Q9VQ91	438-440	ECO:0007829|PDB:5YGF	helix
Q9VQ91	461-467	ECO:0007829|PDB:5YGB	helix
Q9VR17	263-267	ECO:0007829|PDB:4X0G	helix
Q9VR17	275-286	ECO:0007829|PDB:4X0G	helix
Q9VR17	289-292	ECO:0007829|PDB:4X0G	helix
Q9VR17	303-305	ECO:0007829|PDB:4X0G	helix
Q9VR17	318-330	ECO:0007829|PDB:4X0G	helix
Q9VR17	336-356	ECO:0007829|PDB:4X0G	helix
Q9VR35	583-589	ECO:0007829|PDB:5ABV	helix
Q9VR35	593-595	ECO:0007829|PDB:5ABV	helix
Q9VR35	602-608	ECO:0007829|PDB:5ABV	helix
Q9VR35	610-612	ECO:0007829|PDB:5ABV	helix
Q9VR35	627-636	ECO:0007829|PDB:5ABV	helix
Q9VR38	106-108	ECO:0007829|PDB:8C7G	helix
Q9VR38	110-113	ECO:0007829|PDB:8C7G	helix
Q9VR38	141-154	ECO:0007829|PDB:8C7G	helix
Q9VR38	190-207	ECO:0007829|PDB:8C7G	helix
Q9VR38	210-219	ECO:0007829|PDB:8C7G	helix
Q9VR38	233-239	ECO:0007829|PDB:8C7G	helix
Q9VR38	253-258	ECO:0007829|PDB:8C7G	helix
Q9VR38	268-281	ECO:0007829|PDB:8C7G	helix
Q9VR38	312-324	ECO:0007829|PDB:8C7G	helix
Q9VR38	327-329	ECO:0007829|PDB:8C7G	helix
Q9VR38	373-389	ECO:0007829|PDB:8C7G	helix
Q9VR38	393-401	ECO:0007829|PDB:8C7G	helix
Q9VR38	407-413	ECO:0007829|PDB:8C7G	helix
Q9VR38	438-440	ECO:0007829|PDB:8C7G	helix
Q9VR38	443-461	ECO:0007829|PDB:8C7G	helix
Q9VR38	499-520	ECO:0007829|PDB:8C7G	helix
Q9VRQ9	133-145	ECO:0007829|PDB:4F9U	helix
Q9VRQ9	147-150	ECO:0007829|PDB:4F9U	helix
Q9VRQ9	153-155	ECO:0007829|PDB:4F9U	helix
Q9VRQ9	183-194	ECO:0007829|PDB:4F9U	helix
Q9VRQ9	199-203	ECO:0007829|PDB:4F9V	helix
Q9VRQ9	207-210	ECO:0007829|PDB:4F9U	helix
Q9VRQ9	232-234	ECO:0007829|PDB:4F9U	helix
Q9VRQ9	235-250	ECO:0007829|PDB:4F9U	helix
Q9VRQ9	275-278	ECO:0007829|PDB:4F9U	helix
Q9VRQ9	303-305	ECO:0007829|PDB:4F9U	helix
Q9VRQ9	308-328	ECO:0007829|PDB:4F9U	helix
Q9VRQ9	31-33	ECO:0007829|PDB:4F9V	helix
Q9VRQ9	38-48	ECO:0007829|PDB:4F9U	helix
Q9VRQ9	57-72	ECO:0007829|PDB:4F9U	helix
Q9VRX1	105-107	ECO:0007829|PDB:8JBE	helix
Q9VRX1	359-362	ECO:0007829|PDB:8C7G	helix
Q9VRX1	366-373	ECO:0007829|PDB:8C7G	helix
Q9VRX1	380-392	ECO:0007829|PDB:8C7G	helix
Q9VRX1	400-422	ECO:0007829|PDB:8C7G	helix
Q9VRX1	449-457	ECO:0007829|PDB:8C7G	helix
Q9VRX1	466-478	ECO:0007829|PDB:8C7G	helix
Q9VRX1	485-497	ECO:0007829|PDB:8C7G	helix
Q9VRX1	501-510	ECO:0007829|PDB:8C7G	helix
Q9VRX1	517-525	ECO:0007829|PDB:8C7G	helix
Q9VRX1	531-543	ECO:0007829|PDB:8C7G	helix
Q9VRX1	547-557	ECO:0007829|PDB:8C7G	helix
Q9VRX1	560-570	ECO:0007829|PDB:8C7G	helix
Q9VRX1	579-588	ECO:0007829|PDB:8C7G	helix
Q9VRX1	591-609	ECO:0007829|PDB:8C7G	helix
Q9VRX1	616-618	ECO:0007829|PDB:8C7G	helix
Q9VRX1	621-630	ECO:0007829|PDB:8C7G	helix
Q9VS97	109-111	ECO:0007829|PDB:2RKQ	helix
Q9VS97	131-146	ECO:0007829|PDB:2RKQ	helix
Q9VS97	159-161	ECO:0007829|PDB:2RKQ	helix
Q9VS97	170-176	ECO:0007829|PDB:2RKQ	helix
Q9VS97	26-28	ECO:0007829|PDB:2RKQ	helix
Q9VS97	60-76	ECO:0007829|PDB:2RKQ	helix
Q9VTC4	10-16	ECO:0007829|PDB:6TBN	helix
Q9VTC4	122-129	ECO:0007829|PDB:6TBN	helix
Q9VTC4	132-139	ECO:0007829|PDB:6TBN	helix
Q9VTC4	142-152	ECO:0007829|PDB:6TBN	helix
Q9VTC4	36-43	ECO:0007829|PDB:6TBN	helix
Q9VTC4	63-65	ECO:0007829|PDB:6TBN	helix
Q9VTC4	89-103	ECO:0007829|PDB:6TBN	helix
Q9VU77	107-114	ECO:0007829|PDB:7YXG	helix
Q9VU77	130-134	ECO:0007829|PDB:7YXG	helix
Q9VU77	136-141	ECO:0007829|PDB:7YXG	helix
Q9VU77	144-147	ECO:0007829|PDB:7YXG	helix
Q9VU77	148-154	ECO:0007829|PDB:7YXG	helix
Q9VU77	197-202	ECO:0007829|PDB:7YXG	helix
Q9VU77	252-256	ECO:0007829|PDB:7YXG	helix
Q9VU77	299-310	ECO:0007829|PDB:7YXG	helix
Q9VU77	3-17	ECO:0007829|PDB:7YXG	helix
Q9VU77	33-39	ECO:0007829|PDB:7YXG	helix
Q9VU77	57-60	ECO:0007829|PDB:7YXG	helix
Q9VU77	63-70	ECO:0007829|PDB:7YXG	helix
Q9VUL1	113-129	ECO:0007829|PDB:7DPT	helix
Q9VUL1	153-155	ECO:0007829|PDB:7DPT	helix
Q9VUL1	156-168	ECO:0007829|PDB:7DPT	helix
Q9VUL1	16-29	ECO:0007829|PDB:7DPT	helix
Q9VUL1	171-173	ECO:0007829|PDB:7DPT	helix
Q9VUL1	194-204	ECO:0007829|PDB:7DPT	helix
Q9VUL1	223-233	ECO:0007829|PDB:7DPT	helix
Q9VUL1	237-239	ECO:0007829|PDB:7DPT	helix
Q9VUL1	251-257	ECO:0007829|PDB:7DPT	helix
Q9VUL1	261-268	ECO:0007829|PDB:7DPT	helix
Q9VUL1	275-278	ECO:0007829|PDB:7DPT	helix
Q9VUL1	283-294	ECO:0007829|PDB:7DPT	helix
Q9VUL1	311-314	ECO:0007829|PDB:7DPT	helix
Q9VUL1	315-327	ECO:0007829|PDB:7DPT	helix
Q9VUL1	339-342	ECO:0007829|PDB:7DPT	helix
Q9VUL1	344-347	ECO:0007829|PDB:7DPT	helix
Q9VUL1	351-362	ECO:0007829|PDB:7DPT	helix
Q9VUL1	378-390	ECO:0007829|PDB:7DPT	helix
Q9VUL1	401-413	ECO:0007829|PDB:7DPT	helix
Q9VUL1	437-439	ECO:0007829|PDB:7DPT	helix
Q9VUL1	463-467	ECO:0007829|PDB:7DPT	helix
Q9VUL1	47-49	ECO:0007829|PDB:7DPT	helix
Q9VUL1	489-493	ECO:0007829|PDB:7DPT	helix
Q9VUL1	52-55	ECO:0007829|PDB:7DPT	helix
Q9VUL1	527-529	ECO:0007829|PDB:7DPT	helix
Q9VUL1	538-547	ECO:0007829|PDB:7DPT	helix
Q9VUL1	551-555	ECO:0007829|PDB:7DPT	helix
Q9VUL1	69-78	ECO:0007829|PDB:7DPT	helix
Q9VUL1	84-86	ECO:0007829|PDB:7DPT	helix
Q9VUL1	90-103	ECO:0007829|PDB:7DPT	helix
Q9VUQ5	604-611	ECO:0007829|PDB:3MJ0	helix
Q9VUQ5	623-625	ECO:0007829|PDB:3MJ0	helix
Q9VUQ5	627-634	ECO:0007829|PDB:3MJ0	helix
Q9VUQ5	645-647	ECO:0007829|PDB:3MJ0	helix
Q9VUQ5	678-683	ECO:0007829|PDB:3MJ0	helix
Q9VUQ5	710-712	ECO:0007829|PDB:3MJ0	helix
Q9VUX3	132-141	ECO:0007829|PDB:4UZK	helix
Q9VUX3	143-145	ECO:0007829|PDB:4UZK	helix
Q9VUX3	159-161	ECO:0007829|PDB:4UZK	helix
Q9VUX3	207-218	ECO:0007829|PDB:4UZK	helix
Q9VUX3	219-221	ECO:0007829|PDB:4UZK	helix
Q9VUX3	238-255	ECO:0007829|PDB:4UZK	helix
Q9VUX3	286-297	ECO:0007829|PDB:4UZK	helix
Q9VUX3	303-308	ECO:0007829|PDB:4UZK	helix
Q9VUX3	313-317	ECO:0007829|PDB:4UZK	helix
Q9VUX3	319-322	ECO:0007829|PDB:4UZK	helix
Q9VUX3	323-325	ECO:0007829|PDB:4UZK	helix
Q9VUX3	339-344	ECO:0007829|PDB:4UZK	helix
Q9VUX3	353-369	ECO:0007829|PDB:4UZK	helix
Q9VUX3	390-393	ECO:0007829|PDB:4UZK	helix
Q9VUX3	402-412	ECO:0007829|PDB:4UZK	helix
Q9VV73	583-598	ECO:0007829|PDB:6MRK	helix
Q9VV73	600-609	ECO:0007829|PDB:6MRK	helix
Q9VV73	630-641	ECO:0007829|PDB:6MRK	helix
Q9VV73	652-656	ECO:0007829|PDB:6MRK	helix
Q9VV73	663-670	ECO:0007829|PDB:6MRK	helix
Q9VV73	680-682	ECO:0007829|PDB:6MRK	helix
Q9VV73	763-768	ECO:0007829|PDB:6MRK	helix
Q9VV73	788-801	ECO:0007829|PDB:6IEW	helix
Q9VV73	805-814	ECO:0007829|PDB:6IEW	helix
Q9VV73	819-831	ECO:0007829|PDB:6IEW	helix
Q9VV73	837-839	ECO:0007829|PDB:6IEW	helix
Q9VV74	15-23	ECO:0007829|PDB:4V98	helix
Q9VVI2	6-8	ECO:0007829|PDB:2RM4	helix
Q9VVT2	104-110	ECO:0007829|PDB:8ZKZ	helix
Q9VVT2	114-131	ECO:0007829|PDB:8ZKZ	helix
Q9VVT2	134-146	ECO:0007829|PDB:8ZKZ	helix
Q9VVT2	150-165	ECO:0007829|PDB:8ZKZ	helix
Q9VVT2	170-190	ECO:0007829|PDB:8ZKZ	helix
Q9VVT2	221-237	ECO:0007829|PDB:8ZKZ	helix
Q9VVT2	238-240	ECO:0007829|PDB:8ZL6	helix
Q9VVT2	242-244	ECO:0007829|PDB:8ZKZ	helix
Q9VVT2	246-258	ECO:0007829|PDB:8ZKZ	helix
Q9VVT2	268-294	ECO:0007829|PDB:8ZKZ	helix
Q9VVT2	303-313	ECO:0007829|PDB:8ZKZ	helix
Q9VVT2	315-328	ECO:0007829|PDB:8ZKZ	helix
Q9VVT2	334-351	ECO:0007829|PDB:8ZKZ	helix
Q9VVT2	34-52	ECO:0007829|PDB:8ZKZ	helix
Q9VVT2	361-364	ECO:0007829|PDB:8ZKZ	helix
Q9VVT2	373-385	ECO:0007829|PDB:8ZKZ	helix
Q9VVT2	391-395	ECO:0007829|PDB:8ZKZ	helix
Q9VVT2	414-420	ECO:0007829|PDB:8ZKZ	helix
Q9VVT2	424-442	ECO:0007829|PDB:8ZKZ	helix
Q9VVT2	444-451	ECO:0007829|PDB:8ZKZ	helix
Q9VVT2	452-457	ECO:0007829|PDB:8ZKZ	helix
Q9VVT2	460-474	ECO:0007829|PDB:8ZKZ	helix
Q9VVT2	475-477	ECO:0007829|PDB:8ZKZ	helix
Q9VVT2	480-498	ECO:0007829|PDB:8ZKZ	helix
Q9VVT2	502-512	ECO:0007829|PDB:8ZKZ	helix
Q9VVT2	524-532	ECO:0007829|PDB:8ZKZ	helix
Q9VVT2	537-543	ECO:0007829|PDB:8ZKZ	helix
Q9VVT2	545-566	ECO:0007829|PDB:8ZKZ	helix
Q9VVT2	55-58	ECO:0007829|PDB:8ZKZ	helix
Q9VVT2	575-583	ECO:0007829|PDB:8ZKZ	helix
Q9VVT2	63-80	ECO:0007829|PDB:8ZKZ	helix
Q9VVT2	85-88	ECO:0007829|PDB:8ZKZ	helix
Q9VVT2	91-99	ECO:0007829|PDB:8ZKZ	helix
Q9VVX0	116-118	ECO:0007829|PDB:4V98	helix
Q9VVX0	127-135	ECO:0007829|PDB:4V98	helix
Q9VVX0	140-143	ECO:0007829|PDB:4V98	helix
Q9VVX0	148-160	ECO:0007829|PDB:4V98	helix
Q9VVX0	175-187	ECO:0007829|PDB:4V98	helix
Q9VVX0	194-212	ECO:0007829|PDB:4V98	helix
Q9VVX0	219-234	ECO:0007829|PDB:4V98	helix
Q9VVX0	242-244	ECO:0007829|PDB:4V98	helix
Q9VVX0	35-46	ECO:0007829|PDB:4V98	helix
Q9VVX0	85-111	ECO:0007829|PDB:4V98	helix
Q9VWI0	127-130	ECO:0007829|PDB:8B9Z	helix
Q9VWI0	138-147	ECO:0007829|PDB:8B9Z	helix
Q9VWI0	169-171	ECO:0007829|PDB:8B9Z	helix
Q9VWI0	40-44	ECO:0007829|PDB:8B9Z	helix
Q9VWI0	47-57	ECO:0007829|PDB:8B9Z	helix
Q9VWI0	69-72	ECO:0007829|PDB:8B9Z	helix
Q9VWI0	76-81	ECO:0007829|PDB:8B9Z	helix
Q9VWX8	10-19	ECO:0007829|PDB:5G08	helix
Q9VWX8	118-132	ECO:0007829|PDB:5G08	helix
Q9VWX8	140-142	ECO:0007829|PDB:5G08	helix
Q9VWX8	144-155	ECO:0007829|PDB:5G08	helix
Q9VWX8	165-174	ECO:0007829|PDB:5G08	helix
Q9VWX8	177-180	ECO:0007829|PDB:5G08	helix
Q9VWX8	24-37	ECO:0007829|PDB:5G08	helix
Q9VWX8	45-55	ECO:0007829|PDB:5G08	helix
Q9VWX8	62-72	ECO:0007829|PDB:5G08	helix
Q9VWX8	82-94	ECO:0007829|PDB:5G08	helix
Q9VWX8	97-108	ECO:0007829|PDB:5G08	helix
Q9VXJ0	116-142	ECO:0007829|PDB:3OML	helix
Q9VXJ0	155-159	ECO:0007829|PDB:3OML	helix
Q9VXJ0	165-185	ECO:0007829|PDB:3OML	helix
Q9VXJ0	186-188	ECO:0007829|PDB:3OML	helix
Q9VXJ0	210-213	ECO:0007829|PDB:3OML	helix
Q9VXJ0	218-220	ECO:0007829|PDB:3OML	helix
Q9VXJ0	222-227	ECO:0007829|PDB:3OML	helix
Q9VXJ0	23-34	ECO:0007829|PDB:3OML	helix
Q9VXJ0	270-275	ECO:0007829|PDB:3OML	helix
Q9VXJ0	277-280	ECO:0007829|PDB:3OML	helix
Q9VXJ0	292-307	ECO:0007829|PDB:3OML	helix
Q9VXJ0	322-331	ECO:0007829|PDB:3OML	helix
Q9VXJ0	339-341	ECO:0007829|PDB:3OML	helix
Q9VXJ0	342-345	ECO:0007829|PDB:3OML	helix
Q9VXJ0	356-360	ECO:0007829|PDB:3OML	helix
Q9VXJ0	361-369	ECO:0007829|PDB:3OML	helix
Q9VXJ0	487-491	ECO:0007829|PDB:3OML	helix
Q9VXJ0	492-494	ECO:0007829|PDB:3OML	helix
Q9VXJ0	499-501	ECO:0007829|PDB:3OML	helix
Q9VXJ0	504-509	ECO:0007829|PDB:3OML	helix
Q9VXJ0	519-534	ECO:0007829|PDB:3OML	helix
Q9VXJ0	539-541	ECO:0007829|PDB:3OML	helix
Q9VXJ0	58-67	ECO:0007829|PDB:3OML	helix
Q9VXJ0	79-81	ECO:0007829|PDB:3OML	helix
Q9VXJ0	82-86	ECO:0007829|PDB:3OML	helix
Q9VXN9	180-183	ECO:0007829|PDB:2CB3	helix
Q9VXN9	215-231	ECO:0007829|PDB:2CB3	helix
Q9VXN9	267-269	ECO:0007829|PDB:2CB3	helix
Q9VXN9	286-301	ECO:0007829|PDB:2CB3	helix
Q9VXN9	314-316	ECO:0007829|PDB:2CB3	helix
Q9VXN9	325-331	ECO:0007829|PDB:2CB3	helix
Q9VY78	111-114	ECO:0007829|PDB:2YV7	helix
Q9VY78	119-125	ECO:0007829|PDB:2YV7	helix
Q9VY78	128-136	ECO:0007829|PDB:2YV7	helix
Q9VY78	141-161	ECO:0007829|PDB:2YV7	helix
Q9VY78	16-18	ECO:0007829|PDB:2YV7	helix
Q9VY78	173-193	ECO:0007829|PDB:2YV7	helix
Q9VY78	202-212	ECO:0007829|PDB:2YV7	helix
Q9VY78	215-220	ECO:0007829|PDB:2YV7	helix
Q9VY78	224-235	ECO:0007829|PDB:2YV7	helix
Q9VY78	41-55	ECO:0007829|PDB:2YV7	helix
Q9VY78	97-107	ECO:0007829|PDB:2YV7	helix
Q9VYX7	148-163	ECO:0007829|PDB:1SXR	helix
Q9VYX7	176-178	ECO:0007829|PDB:1SXR	helix
Q9VYX7	187-193	ECO:0007829|PDB:1SXR	helix
Q9VYX7	43-46	ECO:0007829|PDB:1SXR	helix
Q9VYX7	76-93	ECO:0007829|PDB:1SXR	helix
Q9VZL5	113-115	ECO:0007829|PDB:8C7G	helix
Q9VZL5	118-136	ECO:0007829|PDB:8C7G	helix
Q9VZL5	139-141	ECO:0007829|PDB:8C7G	helix
Q9VZL5	152-167	ECO:0007829|PDB:8C7G	helix
Q9VZL5	179-183	ECO:0007829|PDB:8C7G	helix
Q9VZL5	193-200	ECO:0007829|PDB:8C7G	helix
Q9VZL5	201-204	ECO:0007829|PDB:8C7G	helix
Q9VZL5	205-208	ECO:0007829|PDB:8C7G	helix
Q9VZL5	231-244	ECO:0007829|PDB:8C7G	helix
Q9VZL5	29-32	ECO:0007829|PDB:8C7G	helix
Q9VZL5	333-360	ECO:0007829|PDB:8C7G	helix
Q9VZL5	405-414	ECO:0007829|PDB:8C7G	helix
Q9VZL5	43-60	ECO:0007829|PDB:8C7G	helix
Q9VZL5	462-476	ECO:0007829|PDB:8C7G	helix
Q9VZL5	66-68	ECO:0007829|PDB:8C7G	helix
Q9VZU4	165-176	ECO:0007829|PDB:8B9Z	helix
Q9VZU4	245-247	ECO:0007829|PDB:8B9Z	helix
Q9VZU4	54-70	ECO:0007829|PDB:8B9Z	helix
Q9VZU4	92-94	ECO:0007829|PDB:8B9Z	helix
Q9VZU4	95-104	ECO:0007829|PDB:8B9Z	helix
Q9W058	114-121	ECO:0007829|PDB:4KGB	helix
Q9W058	132-143	ECO:0007829|PDB:4KGB	helix
Q9W058	158-161	ECO:0007829|PDB:4KGB	helix
Q9W058	219-221	ECO:0007829|PDB:4KGB	helix
Q9W058	225-228	ECO:0007829|PDB:4KGB	helix
Q9W058	257-259	ECO:0007829|PDB:4KGB	helix
Q9W058	293-305	ECO:0007829|PDB:4KGB	helix
Q9W058	306-308	ECO:0007829|PDB:4KGB	helix
Q9W058	321-324	ECO:0007829|PDB:4KGB	helix
Q9W058	325-328	ECO:0007829|PDB:4KGB	helix
Q9W058	352-354	ECO:0007829|PDB:4KGB	helix
Q9W058	378-386	ECO:0007829|PDB:4KGB	helix
Q9W058	40-43	ECO:0007829|PDB:4KGB	helix
Q9W058	422-427	ECO:0007829|PDB:4KGB	helix
Q9W058	491-496	ECO:0007829|PDB:4KGB	helix
Q9W058	65-74	ECO:0007829|PDB:4KGB	helix
Q9W058	94-98	ECO:0007829|PDB:4KGB	helix
Q9W0S7	721-723	ECO:0007829|PDB:2WAC	helix
Q9W0S7	724-740	ECO:0007829|PDB:2WAC	helix
Q9W0S7	794-796	ECO:0007829|PDB:2WAC	helix
Q9W0S7	802-804	ECO:0007829|PDB:2WAC	helix
Q9W0S7	825-839	ECO:0007829|PDB:2WAC	helix
Q9W0S7	870-876	ECO:0007829|PDB:2WAC	helix
Q9W0S7	888-890	ECO:0007829|PDB:2WAC	helix
Q9W0S7	891-906	ECO:0007829|PDB:2WAC	helix
Q9W0S7	910-912	ECO:0007829|PDB:2WAC	helix
Q9W138	198-201	ECO:0007829|PDB:8GMY	helix
Q9W138	205-218	ECO:0007829|PDB:8GMY	helix
Q9W138	231-233	ECO:0007829|PDB:8GMY	helix
Q9W138	243-245	ECO:0007829|PDB:8GMZ	helix
Q9W138	246-252	ECO:0007829|PDB:8GMY	helix
Q9W138	276-285	ECO:0007829|PDB:8GMY	helix
Q9W138	287-293	ECO:0007829|PDB:8GMY	helix
Q9W138	298-300	ECO:0007829|PDB:7VKQ	helix
Q9W138	75-85	ECO:0007829|PDB:8GMY	helix
Q9W138	90-106	ECO:0007829|PDB:8GMY	helix
Q9W197	110-127	ECO:0007829|PDB:4NV0	helix
Q9W197	135-142	ECO:0007829|PDB:4NV0	helix
Q9W197	143-148	ECO:0007829|PDB:4NV0	helix
Q9W197	153-163	ECO:0007829|PDB:4NV0	helix
Q9W197	16-18	ECO:0007829|PDB:4NV0	helix
Q9W197	175-184	ECO:0007829|PDB:4NV0	helix
Q9W197	20-23	ECO:0007829|PDB:4NV0	helix
Q9W197	231-234	ECO:0007829|PDB:4NV0	helix
Q9W197	247-249	ECO:0007829|PDB:4NV0	helix
Q9W197	272-282	ECO:0007829|PDB:4NV0	helix
Q9W197	294-310	ECO:0007829|PDB:4NV0	helix
Q9W197	32-45	ECO:0007829|PDB:4NV0	helix
Q9W197	47-49	ECO:0007829|PDB:4NV0	helix
Q9W197	74-79	ECO:0007829|PDB:4NV0	helix
Q9W197	88-103	ECO:0007829|PDB:4NV0	helix
Q9W2H9	317-340	ECO:0007829|PDB:6IEW	helix
Q9W2H9	467-469	ECO:0007829|PDB:7K3J	helix
Q9W2H9	85-101	ECO:0007829|PDB:7MKK	helix
Q9W2W5	113-116	ECO:0007829|PDB:8DMT	helix
Q9W2W5	121-130	ECO:0007829|PDB:8DMT	helix
Q9W2W5	175-181	ECO:0007829|PDB:8DMT	helix
Q9W2W5	233-236	ECO:0007829|PDB:8DMT	helix
Q9W2W5	24-31	ECO:0007829|PDB:8DMT	helix
Q9W2W5	245-247	ECO:0007829|PDB:8DMT	helix
Q9W2W5	260-271	ECO:0007829|PDB:8DMT	helix
Q9W2W5	301-325	ECO:0007829|PDB:8DMT	helix
Q9W2W5	32-35	ECO:0007829|PDB:8DMT	helix
Q9W2W5	348-363	ECO:0007829|PDB:8DMT	helix
Q9W2W5	364-367	ECO:0007829|PDB:8DMT	helix
Q9W2W5	439-443	ECO:0007829|PDB:8DMT	helix
Q9W2W5	45-54	ECO:0007829|PDB:8DMT	helix
Q9W2W5	450-455	ECO:0007829|PDB:8DMT	helix
Q9W2W5	460-463	ECO:0007829|PDB:8DMT	helix
Q9W2W5	475-477	ECO:0007829|PDB:8DMT	helix
Q9W2W5	490-497	ECO:0007829|PDB:8DMT	helix
Q9W2W5	67-69	ECO:0007829|PDB:8DMT	helix
Q9W2W5	72-74	ECO:0007829|PDB:8DMT	helix
Q9W2W5	75-83	ECO:0007829|PDB:8DMT	helix
Q9W2W5	91-107	ECO:0007829|PDB:8DMT	helix
Q9W352	105-110	ECO:0007829|PDB:9C0O	helix
Q9W352	61-63	ECO:0007829|PDB:9C0O	helix
Q9W352	93-96	ECO:0007829|PDB:9C0O	helix
Q9W380	12-19	ECO:0007829|PDB:8B9Z	helix
Q9W380	21-46	ECO:0007829|PDB:8B9Z	helix
Q9W380	66-70	ECO:0007829|PDB:8B9Z	helix
Q9W385	127-129	ECO:0007829|PDB:7N9I	helix
Q9W385	164-171	ECO:0007829|PDB:7N9I	helix
Q9W385	183-185	ECO:0007829|PDB:7N9I	helix
Q9W385	70-94	ECO:0007829|PDB:7N9I	helix
Q9W3E1	104-117	ECO:0007829|PDB:7SN8	helix
Q9W3E1	128-141	ECO:0007829|PDB:7SN8	helix
Q9W3E1	148-163	ECO:0007829|PDB:7SN8	helix
Q9W3E1	170-183	ECO:0007829|PDB:7SN8	helix
Q9W3E1	188-205	ECO:0007829|PDB:7SN8	helix
Q9W3E1	211-227	ECO:0007829|PDB:7SN8	helix
Q9W3E1	232-243	ECO:0007829|PDB:7SN8	helix
Q9W3E1	253-258	ECO:0007829|PDB:7SN8	helix
Q9W3E1	259-262	ECO:0007829|PDB:7SN8	helix
Q9W3E1	266-281	ECO:0007829|PDB:7SN8	helix
Q9W3E1	290-295	ECO:0007829|PDB:7SN8	helix
Q9W3E1	296-299	ECO:0007829|PDB:7SN8	helix
Q9W3E1	303-319	ECO:0007829|PDB:7SN8	helix
Q9W3E1	338-345	ECO:0007829|PDB:7SN8	helix
Q9W3E1	346-349	ECO:0007829|PDB:7SN8	helix
Q9W3E1	353-363	ECO:0007829|PDB:7SN8	helix
Q9W3E1	374-376	ECO:0007829|PDB:7SN8	helix
Q9W3E1	435-440	ECO:0007829|PDB:7SN8	helix
Q9W3E1	446-461	ECO:0007829|PDB:7SN8	helix
Q9W3E1	463-468	ECO:0007829|PDB:7SN8	helix
Q9W3E1	470-475	ECO:0007829|PDB:7SN8	helix
Q9W3E1	476-478	ECO:0007829|PDB:7SN8	helix
Q9W3E1	482-495	ECO:0007829|PDB:7SN8	helix
Q9W3E1	503-510	ECO:0007829|PDB:7SN8	helix
Q9W3E1	520-530	ECO:0007829|PDB:7SN8	helix
Q9W3E1	538-550	ECO:0007829|PDB:7SN8	helix
Q9W3E1	559-568	ECO:0007829|PDB:7SN8	helix
Q9W4J9	102-118	ECO:0007829|PDB:8DMU	helix
Q9W4J9	121-127	ECO:0007829|PDB:8DMU	helix
Q9W4J9	132-141	ECO:0007829|PDB:8DMU	helix
Q9W4J9	166-168	ECO:0007829|PDB:8DMU	helix
Q9W4J9	186-192	ECO:0007829|PDB:8DMU	helix
Q9W4J9	244-247	ECO:0007829|PDB:8DMU	helix
Q9W4J9	256-258	ECO:0007829|PDB:8DMU	helix
Q9W4J9	274-286	ECO:0007829|PDB:8DMU	helix
Q9W4J9	294-296	ECO:0007829|PDB:8DMU	helix
Q9W4J9	314-339	ECO:0007829|PDB:8DMU	helix
Q9W4J9	36-45	ECO:0007829|PDB:8DMU	helix
Q9W4J9	361-376	ECO:0007829|PDB:8DMU	helix
Q9W4J9	377-380	ECO:0007829|PDB:8DMU	helix
Q9W4J9	448-452	ECO:0007829|PDB:8DMU	helix
Q9W4J9	459-466	ECO:0007829|PDB:8DMU	helix
Q9W4J9	469-472	ECO:0007829|PDB:8DMU	helix
Q9W4J9	484-486	ECO:0007829|PDB:8DMU	helix
Q9W4J9	499-505	ECO:0007829|PDB:8DMU	helix
Q9W4J9	57-65	ECO:0007829|PDB:8DMU	helix
Q9W4J9	78-80	ECO:0007829|PDB:8DMU	helix
Q9W4J9	83-85	ECO:0007829|PDB:8DMU	helix
Q9W4J9	86-94	ECO:0007829|PDB:8DMU	helix
Q9XYF4	216-229	ECO:0007829|PDB:2FP3	helix
Q9XYF4	242-253	ECO:0007829|PDB:2FP3	helix
Q9XYF4	256-260	ECO:0007829|PDB:2FP3	helix
Q9XYF4	291-296	ECO:0007829|PDB:2FP3	helix
Q9XYF4	304-306	ECO:0007829|PDB:2FP3	helix
Q9XYF4	385-400	ECO:0007829|PDB:2FP3	helix
Q9XYF4	406-418	ECO:0007829|PDB:2FP3	helix
Q9XZ16	115-127	ECO:0007829|PDB:3SHQ	helix
Q9XZ16	161-164	ECO:0007829|PDB:3SHQ	helix
Q9XZ16	169-179	ECO:0007829|PDB:3SHQ	helix
Q9XZ16	190-199	ECO:0007829|PDB:3SHQ	helix
Q9XZ16	216-218	ECO:0007829|PDB:3SHQ	helix
Q9XZ16	235-241	ECO:0007829|PDB:3SHQ	helix
Q9XZ16	247-249	ECO:0007829|PDB:3SHQ	helix
Q9XZ16	257-260	ECO:0007829|PDB:3SHQ	helix
Q9XZ16	264-266	ECO:0007829|PDB:3SHQ	helix
Q9XZ16	27-38	ECO:0007829|PDB:3SHQ	helix
Q9XZ16	276-279	ECO:0007829|PDB:3SHQ	helix
Q9XZ16	285-299	ECO:0007829|PDB:3SHQ	helix
Q9XZ16	303-305	ECO:0007829|PDB:3SHQ	helix
Q9XZ16	308-313	ECO:0007829|PDB:3SHQ	helix
Q9XZ16	42-44	ECO:0007829|PDB:3SHQ	helix
Q9XZ56	56-60	ECO:0007829|PDB:4UE8	helix
Q9XZ56	66-68	ECO:0007829|PDB:4UE8	helix
Q9XZ56	77-79	ECO:0007829|PDB:4UE8	helix
Q9XZT6	107-112	ECO:0007829|PDB:1ZM7	helix
Q9XZT6	114-120	ECO:0007829|PDB:1ZM7	helix
Q9XZT6	126-142	ECO:0007829|PDB:1ZM7	helix
Q9XZT6	157-167	ECO:0007829|PDB:1ZM7	helix
Q9XZT6	170-172	ECO:0007829|PDB:1ZM7	helix
Q9XZT6	177-191	ECO:0007829|PDB:1ZM7	helix
Q9XZT6	224-226	ECO:0007829|PDB:6YBH	helix
Q9XZT6	33-38	ECO:0007829|PDB:1ZM7	helix
Q9XZT6	39-43	ECO:0007829|PDB:1ZM7	helix
Q9XZT6	54-57	ECO:0007829|PDB:1ZM7	helix
Q9XZT6	65-71	ECO:0007829|PDB:1ZM7	helix
Q9XZT6	73-93	ECO:0007829|PDB:1ZM7	helix
Q9Y0H4	516-519	ECO:0007829|PDB:1TK7	helix
Q9Y0I1	62-64	ECO:0007829|PDB:2LRQ	helix
Q9Y0I1	70-72	ECO:0007829|PDB:2LRQ	helix
Q9Y0I1	78-91	ECO:0007829|PDB:2LRQ	helix
Q9Y1B2	225-237	ECO:0007829|PDB:7JGS	helix
