entry	pos	evidence	note	origin
A0A0B4K7K9	1028	ECO:0000269|PubMed:30745339	Phosphoserine	modified_residue
A0A0B4K7K9	1080	ECO:0000269|PubMed:30745339	Phosphothreonine	modified_residue
A0A0B4K7K9	1081	ECO:0000269|PubMed:30745339	Phosphoserine	modified_residue
A0A0B4K7K9	114	ECO:0000269|PubMed:30745339	Phosphoserine; by Srpk79D	modified_residue
A0A0B4K7K9	118	ECO:0000269|PubMed:30745339	Phosphoserine; by Srpk79D	modified_residue
A0A0B4K7K9	130	ECO:0000269|PubMed:30745339	Phosphotyrosine	modified_residue
A0A0B4K7K9	133	ECO:0000269|PubMed:30745339	Phosphoserine	modified_residue
A0A0B4K7K9	137	ECO:0000269|PubMed:30745339	Phosphoserine	modified_residue
A0A0B4K7K9	139	ECO:0000269|PubMed:30745339	Phosphoserine	modified_residue
A0A0B4K7K9	16	ECO:0000269|PubMed:30745339	Phosphoserine; by Srpk79D	modified_residue
A0A0B4K7K9	1666	ECO:0000269|PubMed:30745339	Phosphoserine	modified_residue
A0A0B4K7K9	1668	ECO:0000269|PubMed:30745339	Phosphoserine	modified_residue
A0A0B4K7K9	1679	ECO:0000269|PubMed:30745339	Phosphoserine	modified_residue
A0A0B4K7K9	1681	ECO:0000269|PubMed:30745339	Phosphoserine	modified_residue
A0A0B4K7K9	1854	ECO:0000269|PubMed:30745339	Phosphoserine	modified_residue
A0A0B4K7K9	187	ECO:0000269|PubMed:30745339	Phosphoserine	modified_residue
A0A0B4K7K9	188	ECO:0000269|PubMed:30745339	Phosphoserine	modified_residue
A0A0B4K7K9	197	ECO:0000269|PubMed:30745339	Phosphoserine	modified_residue
A0A0B4K7K9	32	ECO:0000269|PubMed:30745339	Phosphoserine; by Srpk79D	modified_residue
A0A0B4K7K9	34	ECO:0000269|PubMed:30745339	Phosphoserine; by Srpk79D	modified_residue
A0A0B4K7K9	43	ECO:0000269|PubMed:30745339	Phosphoserine	modified_residue
A0A0B4K7K9	59	ECO:0000269|PubMed:30745339	Phosphothreonine	modified_residue
A0A0B4K7K9	60	ECO:0000269|PubMed:30745339	Phosphoserine	modified_residue
A0A0B4K7K9	71	ECO:0000269|PubMed:30745339	Phosphoserine; by Srpk79D	modified_residue
A0A0B4K7K9	73	ECO:0000269|PubMed:30745339	Phosphoserine; by Srpk79D	modified_residue
A0A0B4K7K9	90	ECO:0000269|PubMed:30745339	Phosphoserine; by Srpk79D	modified_residue
A0A0B4K7K9	924	ECO:0000269|PubMed:30745339	Phosphoserine	modified_residue
A0A0B4K7K9	925	ECO:0000269|PubMed:30745339	Phosphoserine	modified_residue
A0A0B4K7K9	926	ECO:0000269|PubMed:30745339	Phosphoserine	modified_residue
A1A708	200	ECO:0000269|PubMed:18327897	Phosphoserine	modified_residue
A1A708	202	ECO:0000269|PubMed:18327897	Phosphoserine	modified_residue
A1A708	212	ECO:0000269|PubMed:18327897	Phosphoserine	modified_residue
A1A708	214	ECO:0000269|PubMed:18327897	Phosphoserine	modified_residue
A1A708	251	ECO:0000269|PubMed:18327897	Phosphoserine	modified_residue
A1A708	282	ECO:0000269|PubMed:17372656	Phosphoserine	modified_residue
A1A708	307	ECO:0000269|PubMed:17372656	Phosphoserine	modified_residue
A1Z7G7	1142	ECO:0000269|PubMed:18327897	Phosphoserine	modified_residue
A1Z7G7	1239	ECO:0000269|PubMed:18327897	Phosphoserine	modified_residue
A1Z7G7	1246	ECO:0000269|PubMed:18327897	Phosphoserine	modified_residue
A1Z7G7	1315	ECO:0000269|PubMed:18327897	Phosphoserine	modified_residue
A1Z7G7	1316	ECO:0000269|PubMed:18327897	Phosphoserine	modified_residue
A1Z8D0	385	ECO:0000269|PubMed:29065309	Phosphoserine	modified_residue
A1Z8N1	248	ECO:0000269|PubMed:18327897	Phosphoserine	modified_residue
A1Z8N1	249	ECO:0000269|PubMed:18327897	Phosphoserine	modified_residue
A1Z8N1	250	ECO:0000269|PubMed:18327897	Phosphoserine	modified_residue
A1Z8N1	320	ECO:0000269|PubMed:18327897	Phosphoserine	modified_residue
A1Z8N1	322	ECO:0000269|PubMed:18327897	Phosphoserine	modified_residue
A1Z8N1	845	ECO:0000269|PubMed:18327897	Phosphoserine	modified_residue
A1Z8N1	846	ECO:0000269|PubMed:18327897	Phosphoserine	modified_residue
A1Z8N1	A1Z8N1-2:12	ECO:0007744|PubMed:18327897	Phosphoserine	modified_residue
A1Z8N1	A1Z8N1-2:9	ECO:0007744|PubMed:18327897	Phosphothreonine	modified_residue
A1Z8P9	1259	ECO:0000269|PubMed:31913420	Phosphothreonine	modified_residue
A1Z8P9	1302	ECO:0000269|PubMed:31913420	Phosphothreonine	modified_residue
A1Z8P9	1338	ECO:0000269|PubMed:31913420	Phosphothreonine	modified_residue
A1Z8P9	1390	ECO:0000269|PubMed:31913420	Phosphothreonine	modified_residue
A1Z9J4	133	ECO:0000250|UniProtKB:Q9VA37	Cysteine sulfinic acid (-SO2H); alternate	modified_residue
A1Z9P3	404	ECO:0000269|PubMed:18327897	Phosphoserine	modified_residue
A1Z9P3	667	ECO:0000269|PubMed:18327897	Phosphoserine	modified_residue
A1Z9P3	668	ECO:0000269|PubMed:18327897	Phosphoserine	modified_residue
A1ZAB5	270	ECO:0000250	Phosphoserine	modified_residue
A1ZAJ2	1406	ECO:0000269|PubMed:18327897	Phosphothreonine	modified_residue
A1ZAJ2	1416	ECO:0000269|PubMed:18327897	Phosphoserine	modified_residue
A1ZAJ2	1419	ECO:0000269|PubMed:18327897	Phosphothreonine	modified_residue
A1ZAU8	1034	ECO:0000269|PubMed:18327897	Phosphoserine	modified_residue
A1ZAU8	1035	ECO:0000269|PubMed:18327897	Phosphoserine	modified_residue
A1ZAU8	1036	ECO:0000269|PubMed:18327897	Phosphoserine	modified_residue
A1ZAU8	1067	ECO:0000269|PubMed:17372656	Phosphoserine	modified_residue
A1ZAU8	1219	ECO:0000269|PubMed:18327897	Phosphoserine	modified_residue
A1ZAU8	1228	ECO:0000269|PubMed:18327897	Phosphoserine	modified_residue
A1ZAU8	1398	ECO:0000269|PubMed:18327897	Phosphoserine	modified_residue
A1ZAU8	1399	ECO:0000269|PubMed:18327897	Phosphoserine	modified_residue
A1ZAU8	1400	ECO:0000269|PubMed:18327897	Phosphoserine	modified_residue
A1ZAU8	322	ECO:0000269|PubMed:18327897	Phosphothreonine	modified_residue
A1ZAU8	422	ECO:0000269|PubMed:18327897	Phosphoserine	modified_residue
A1ZAU8	431	ECO:0000269|PubMed:18327897	Phosphoserine	modified_residue
A1ZAU8	441	ECO:0000269|PubMed:18327897	Phosphoserine	modified_residue
A1ZAU8	460	ECO:0000269|PubMed:17372656, ECO:0000269|PubMed:18327897	Phosphoserine	modified_residue
A1ZAU8	463	ECO:0000269|PubMed:18327897	Phosphoserine	modified_residue
A1ZAU8	466	ECO:0000269|PubMed:18327897	Phosphoserine	modified_residue
A1ZAU8	492	ECO:0000269|PubMed:18327897	Phosphothreonine	modified_residue
A1ZAU8	494	ECO:0000269|PubMed:18327897	Phosphoserine	modified_residue
A1ZAU8	496	ECO:0000269|PubMed:18327897	Phosphoserine	modified_residue
A1ZAU8	513	ECO:0000269|PubMed:18327897	Phosphoserine	modified_residue
A1ZAU8	530	ECO:0000269|PubMed:18327897	Phosphoserine	modified_residue
A1ZAX1	165	ECO:0000255|HAMAP-Rule:MF_03002, ECO:0000269|PubMed:18327897	Phosphoserine	modified_residue
A1ZAX1	176	ECO:0000255|HAMAP-Rule:MF_03002, ECO:0000269|PubMed:18327897	Phosphoserine	modified_residue
A1ZAX1	185	ECO:0000255|HAMAP-Rule:MF_03002, ECO:0000269|PubMed:18327897	Phosphoserine	modified_residue
A1ZAX1	34	ECO:0000255|HAMAP-Rule:MF_03002, ECO:0000269|PubMed:17372656	Phosphoserine	modified_residue
A1ZBE8	1355	ECO:0000269|PubMed:18327897	Phosphothreonine	modified_residue
A1ZBE8	1360	ECO:0000269|PubMed:18327897	Phosphoserine	modified_residue
A1ZBE8	1363	ECO:0000269|PubMed:18327897	Phosphoserine	modified_residue
A1ZBE8	1371	ECO:0000269|PubMed:18327897	Phosphoserine	modified_residue
A1ZBE8	2525	ECO:0000269|PubMed:18327897	Phosphoserine	modified_residue
A1ZBE8	753	ECO:0000269|PubMed:18327897	Phosphoserine	modified_residue
A1ZBW7	1241	ECO:0000269|PubMed:18327897	Phosphoserine	modified_residue
A1ZBW7	1245	ECO:0000269|PubMed:18327897	Phosphoserine	modified_residue
A1ZBW7	1254	ECO:0000269|PubMed:18327897	Phosphoserine	modified_residue
A1ZBW7	1344	ECO:0000269|PubMed:17372656	Phosphoserine	modified_residue
A1ZBW7	136	ECO:0000269|PubMed:18327897	Phosphoserine	modified_residue
A1ZBW7	1380	ECO:0000269|PubMed:18327897	Phosphoserine	modified_residue
A1ZBW7	1381	ECO:0000269|PubMed:18327897	Phosphoserine	modified_residue
A1ZBW7	1408	ECO:0000269|PubMed:18327897	Phosphoserine	modified_residue
A1ZBW7	227	ECO:0000269|PubMed:18327897	Phosphoserine	modified_residue
A1ZBW7	422	ECO:0000269|PubMed:18327897	Phosphoserine	modified_residue
A1ZBW7	426	ECO:0000269|PubMed:18327897	Phosphoserine	modified_residue
A1ZBW7	580	ECO:0000269|PubMed:18327897	Phosphoserine	modified_residue
A1ZBW7	587	ECO:0000269|PubMed:18327897	Phosphothreonine	modified_residue
A1ZBW7	693	ECO:0000269|PubMed:18327897	Phosphothreonine	modified_residue
A6MHQ4	291	ECO:0000269|PubMed:18327897	Phosphoserine	modified_residue
A6MHQ4	308	ECO:0000269|PubMed:18327897	Phosphoserine	modified_residue
A6MHQ4	398	ECO:0000269|PubMed:18327897	Phosphoserine	modified_residue
A6MHQ4	399	ECO:0000269|PubMed:18327897	Phosphoserine	modified_residue
A8DYE2	858	ECO:0000269|PubMed:18327897	Phosphoserine	modified_residue
A8JUV0	24	ECO:0000269|PubMed:18327897	Phosphoserine	modified_residue
A8JUV0	26	ECO:0000269|PubMed:18327897	Phosphoserine	modified_residue
A8JUV0	929	ECO:0000269|PubMed:18327897	Phosphoserine	modified_residue
A8JUV0	931	ECO:0000269|PubMed:18327897	Phosphoserine	modified_residue
A8MPH9	515	ECO:0000269|PubMed:18327897	Phosphoserine	modified_residue
B6JUP5	22	ECO:0000269|PubMed:18327897	Phosphoserine	modified_residue
B6JUP5	27	ECO:0000269|PubMed:18327897	Phosphothreonine	modified_residue
C0HK92	79	ECO:0000269|PubMed:18327897	Phosphoserine	modified_residue
C0HK92	81	ECO:0000269|PubMed:18327897	Phosphoserine	modified_residue
C0HKQ7	62	ECO:0000250|UniProtKB:P08375	Arginine amide	modified_residue
C0HKQ8	62	ECO:0000250|UniProtKB:P08375	Arginine amide	modified_residue
C0HL66	10	ECO:0000269|PubMed:14732680;ECO:0000269|PubMed:11114889, ECO:0000269|PubMed:14732680	N6,N6-dimethyllysine; alternate;N6-acetyllysine; alternate;N6-methyllysine; alternate	modified_residue
C0HL66	11	ECO:0000250	Phosphoserine	modified_residue
C0HL66	15	ECO:0000269|PubMed:14732680;ECO:0000269|PubMed:11114889, ECO:0000269|PubMed:11371341, ECO:0000269|PubMed:14732680	N6,N6-dimethyllysine; alternate;N6-acetyllysine; alternate;N6-methyllysine; alternate	modified_residue
C0HL66	19	ECO:0000269|PubMed:14732680	N6-acetyllysine	modified_residue
C0HL66	24	ECO:0000269|PubMed:14732680	N6-acetyllysine	modified_residue
C0HL66	28	ECO:0000269|PubMed:14732680	N6,N6,N6-trimethyllysine; alternate;N6,N6-dimethyllysine; alternate;N6-methyllysine; alternate	modified_residue
C0HL66	37	ECO:0000269|PubMed:14732680	N6,N6-dimethyllysine; alternate;N6-methyllysine; alternate	modified_residue
C0HL66	38	ECO:0000269|PubMed:14732680	N6,N6-dimethyllysine; alternate;N6-methyllysine; alternate	modified_residue
C0HL66	5	ECO:0000269|PubMed:14732680	N6,N6,N6-trimethyllysine; alternate;N6,N6-dimethyllysine; alternate;N6-methyllysine; alternate	modified_residue
C0HL66	57	ECO:0000269|PubMed:22389435	N6-succinyllysine	modified_residue
C0HL66	80	ECO:0000269|PubMed:14732680, ECO:0000269|PubMed:15371351;ECO:0000269|PubMed:22389435	N6,N6-dimethyllysine; alternate;N6-methyllysine; alternate;N6-succinyllysine; alternate	modified_residue
C0HL67	10	ECO:0000269|PubMed:14732680;ECO:0000269|PubMed:11114889, ECO:0000269|PubMed:14732680	N6,N6-dimethyllysine; alternate;N6-acetyllysine; alternate;N6-methyllysine; alternate	modified_residue
C0HL67	11	ECO:0000250	Phosphoserine	modified_residue
C0HL67	15	ECO:0000269|PubMed:14732680;ECO:0000269|PubMed:11114889, ECO:0000269|PubMed:11371341, ECO:0000269|PubMed:14732680	N6,N6-dimethyllysine; alternate;N6-acetyllysine; alternate;N6-methyllysine; alternate	modified_residue
C0HL67	19	ECO:0000269|PubMed:14732680	N6-acetyllysine	modified_residue
C0HL67	24	ECO:0000269|PubMed:14732680	N6-acetyllysine	modified_residue
C0HL67	28	ECO:0000269|PubMed:14732680	N6,N6,N6-trimethyllysine; alternate;N6,N6-dimethyllysine; alternate;N6-methyllysine; alternate	modified_residue
C0HL67	37	ECO:0000269|PubMed:14732680	N6,N6-dimethyllysine; alternate;N6-methyllysine; alternate	modified_residue
C0HL67	38	ECO:0000269|PubMed:14732680	N6,N6-dimethyllysine; alternate;N6-methyllysine; alternate	modified_residue
C0HL67	5	ECO:0000269|PubMed:14732680	N6,N6,N6-trimethyllysine; alternate;N6,N6-dimethyllysine; alternate;N6-methyllysine; alternate	modified_residue
C0HL67	57	ECO:0000269|PubMed:22389435	N6-succinyllysine	modified_residue
C0HL67	80	ECO:0000269|PubMed:14732680, ECO:0000269|PubMed:15371351;ECO:0000269|PubMed:22389435	N6,N6-dimethyllysine; alternate;N6-methyllysine; alternate;N6-succinyllysine; alternate	modified_residue
C0HLZ9	122	ECO:0000269|Ref.4	Pyrrolidone carboxylic acid	modified_residue
C0HLZ9	149	ECO:0000269|Ref.4	Pyrrolidone carboxylic acid	modified_residue
C0HLZ9	176	ECO:0000269|Ref.4, ECO:0000269|Ref.7	Pyrrolidone carboxylic acid	modified_residue
C0HLZ9	22	ECO:0000269|Ref.4	Pyrrolidone carboxylic acid	modified_residue
C0HM00	122	ECO:0000269|Ref.4	Pyrrolidone carboxylic acid	modified_residue
C0HM00	149	ECO:0000269|Ref.4	Pyrrolidone carboxylic acid	modified_residue
C0HM00	176	ECO:0000269|Ref.4	Pyrrolidone carboxylic acid	modified_residue
C0HM00	22	ECO:0000269|Ref.4	Pyrrolidone carboxylic acid	modified_residue
C4NYP8	80	ECO:0000269|PubMed:17372656	Phosphoserine	modified_residue
G5CKU5	33	ECO:0000305|PubMed:21704020, ECO:0000305|PubMed:21843505	Tyrosine amide	modified_residue
G5CKU5	63	ECO:0000305|PubMed:21704020, ECO:0000305|PubMed:21843505	Tyrosine amide	modified_residue
M9PGC5	628	ECO:0000250|UniProtKB:Q9H4A3	Phosphoserine; by autocatalysis	modified_residue
M9PGC5	632	ECO:0000269|PubMed:33439774	Phosphoserine; by autocatalysis	modified_residue
O01668	317	ECO:0000250	N6-(retinylidene)lysine	modified_residue
O02193	638	ECO:0000250|UniProtKB:Q9H7Z6	N6-acetyllysine; by autocatalysis	modified_residue
O16810	293	ECO:0000269|PubMed:18327897	Phosphoserine	modified_residue
O16810	368	ECO:0000269|PubMed:17372656	Phosphoserine	modified_residue
O16810	419	ECO:0000269|PubMed:18327897	Phosphothreonine	modified_residue
O16810	426	ECO:0000269|PubMed:18327897	Phosphoserine	modified_residue
O16810	430	ECO:0000269|PubMed:18327897	Phosphoserine	modified_residue
O16810	533	ECO:0000269|PubMed:18327897	Phosphoserine	modified_residue
O16829	62	ECO:0000250	Arginine amide	modified_residue
O16844	599	ECO:0000269|PubMed:18327897	Phosphoserine	modified_residue
O16844	605	ECO:0000269|PubMed:18327897	Phosphoserine	modified_residue
O17468	519	ECO:0000269|PubMed:17372656	Phosphoserine	modified_residue
O18408	20	ECO:0000250	Pyrrolidone carboxylic acid	modified_residue
O44081	442	ECO:0000269|PubMed:18327897	Phosphoserine	modified_residue
O44081	443	ECO:0000269|PubMed:18327897	Phosphothreonine	modified_residue
O44081	444	ECO:0000269|PubMed:18327897	Phosphoserine	modified_residue
O44081	445	ECO:0000269|PubMed:18327897	Phosphoserine	modified_residue
O44081	449	ECO:0000269|PubMed:18327897	Phosphothreonine	modified_residue
O44081	455	ECO:0000269|PubMed:18327897	Phosphoserine	modified_residue
O44081	458	ECO:0000269|PubMed:18327897	Phosphothreonine	modified_residue
O44424	409	ECO:0000269|PubMed:18327897	Phosphoserine	modified_residue
O44424	411	ECO:0000269|PubMed:18327897	Phosphoserine	modified_residue
O46037	774	ECO:0000269|PubMed:17372656	Phosphothreonine	modified_residue
O46043	24	ECO:0000269|PubMed:18327897, ECO:0000269|PubMed:34949666	Phosphoserine	modified_residue
O46043	28	ECO:0000269|PubMed:18327897, ECO:0000269|PubMed:34949666	Phosphoserine	modified_residue
O46043	576	ECO:0000269|PubMed:34949666	Phosphoserine	modified_residue
O46043	578	ECO:0000269|PubMed:34949666	Phosphothreonine	modified_residue
O46043	579	ECO:0000269|PubMed:18327897, ECO:0000269|PubMed:34949666	Phosphoserine	modified_residue
O46043	582	ECO:0000269|PubMed:18327897, ECO:0000269|PubMed:34949666	Phosphoserine	modified_residue
O46043	583	ECO:0000269|PubMed:18327897, ECO:0000269|PubMed:34949666	Phosphoserine	modified_residue
O46072	529	ECO:0000269|PubMed:18327897	Phosphoserine	modified_residue
O46072	530	ECO:0000269|PubMed:18327897	Phosphothreonine	modified_residue
O46106	360	ECO:0000269|PubMed:18327897	Phosphoserine	modified_residue
O46106	365	ECO:0000269|PubMed:18327897	Phosphoserine	modified_residue
O46106	367	ECO:0000269|PubMed:18327897	Phosphoserine	modified_residue
O46341	133	ECO:0000269|PubMed:18327897	Phosphothreonine	modified_residue
O46341	134	ECO:0000269|PubMed:18327897	Phosphoserine	modified_residue
O46341	86	ECO:0000269|PubMed:18327897	Phosphoserine	modified_residue
O61305	26	ECO:0000269|PubMed:17372656	Phosphoserine	modified_residue
O61305	30	ECO:0000269|PubMed:17372656, ECO:0000269|PubMed:18327897	Phosphothreonine	modified_residue
O61443	183	ECO:0000269|PubMed:18327897	Phosphothreonine	modified_residue
O61443	185	ECO:0000269|PubMed:18327897	Phosphotyrosine	modified_residue
O61722	173	ECO:0000250|UniProtKB:Q93096	Cysteine methyl ester	modified_residue
O62618	184	ECO:0000250	Phosphothreonine	modified_residue
O62618	186	ECO:0000269|PubMed:9417090	Phosphotyrosine	modified_residue
O76324	333	ECO:0000269|PubMed:18327897	Phosphoserine	modified_residue
O76324	334	ECO:0000269|PubMed:18327897	Phosphoserine	modified_residue
O76460	20	ECO:0000269|PubMed:18327897	Phosphoserine	modified_residue
O76460	22	ECO:0000269|PubMed:18327897	Phosphothreonine	modified_residue
O76511	208	ECO:0000269|PubMed:17372656	Phosphotyrosine	modified_residue
O76511	210	ECO:0000269|PubMed:17372656	Phosphoserine	modified_residue
O76511	24	ECO:0000269|PubMed:18327897	Phosphoserine	modified_residue
O76511	26	ECO:0000269|PubMed:18327897	Phosphoserine	modified_residue
O76511	39	ECO:0000269|PubMed:18327897	Phosphotyrosine	modified_residue
O76906	431	ECO:0000269|PubMed:18327897	Phosphoserine	modified_residue
O76906	437	ECO:0000269|PubMed:18327897	Phosphoserine	modified_residue
O76922	1	ECO:0000269|PubMed:19959991	N-acetylmethionine	modified_residue
O76922	11	ECO:0000269|PubMed:19959991, ECO:0000269|PubMed:20713507, ECO:0000305|PubMed:26295961	Symmetric dimethylarginine	modified_residue
O76922	13	ECO:0000269|PubMed:19959991, ECO:0000269|PubMed:20713507, ECO:0000305|PubMed:26295961	Symmetric dimethylarginine	modified_residue
O76922	15	ECO:0000269|PubMed:19959991, ECO:0000269|PubMed:20713507, ECO:0000305|PubMed:26295961	Symmetric dimethylarginine	modified_residue
O76922	17	ECO:0000305|PubMed:26295961	Symmetric dimethylarginine	modified_residue
O76932	307	ECO:0000250	Leucine methyl ester	modified_residue
O77086	496	ECO:0000269|PubMed:18327897	Phosphoserine	modified_residue
O77086	523	ECO:0000269|PubMed:18327897	Phosphoserine	modified_residue
O77086	524	ECO:0000269|PubMed:18327897	Phosphothreonine	modified_residue
O77086	526	ECO:0000269|PubMed:18327897	Phosphoserine	modified_residue
O77086	615	ECO:0000269|PubMed:18327897	Phosphoserine	modified_residue
O77150	43	ECO:0000269|PubMed:12171930, ECO:0000269|PubMed:9736738	Glycine amide	modified_residue
O77237	10	ECO:0000269|PubMed:18327897	Phosphoserine	modified_residue
O96433	916	ECO:0000269|PubMed:18327897	Phosphoserine	modified_residue
O96660	484	ECO:0000255|PROSITE-ProRule:PRU00439, ECO:0000269|PubMed:9887103	Phosphoserine	modified_residue
O96660	486	ECO:0000255|PROSITE-ProRule:PRU00439, ECO:0000269|PubMed:9887103	Phosphoserine	modified_residue
O96690	100	ECO:0000269|PubMed:21214272	Alanine amide	modified_residue
O96827	104	ECO:0000269|PubMed:18327897	Phosphoserine	modified_residue
O96838	1530	ECO:0000269|PubMed:18327897	Phosphoserine	modified_residue
O96838	755	ECO:0000269|PubMed:18327897	Phosphoserine	modified_residue
O96838	760	ECO:0000269|PubMed:18327897	Phosphothreonine	modified_residue
O96863	2	ECO:0000305	Phosphothreonine; by autocatalysis	modified_residue
O97125	127	ECO:0000269|PubMed:18327897	Phosphothreonine	modified_residue
O97159	1691	ECO:0000269|PubMed:18327897	Phosphoserine	modified_residue
O97159	1694	ECO:0000269|PubMed:18327897	Phosphoserine	modified_residue
O97159	201	ECO:0000269|PubMed:18327897	Phosphoserine	modified_residue
O97159	204	ECO:0000269|PubMed:18327897	Phosphoserine	modified_residue
O97159	210	ECO:0000269|PubMed:18327897	Phosphoserine	modified_residue
O97159	221	ECO:0000269|PubMed:18327897	Phosphoserine	modified_residue
O97159	284	ECO:0000269|PubMed:18327897	Phosphoserine	modified_residue
O97159	285	ECO:0000269|PubMed:18327897	Phosphoserine	modified_residue
O97159	292	ECO:0000269|PubMed:18327897	Phosphoserine	modified_residue
O97159	295	ECO:0000269|PubMed:18327897	Phosphoserine	modified_residue
O97159	299	ECO:0000269|PubMed:18327897	Phosphoserine	modified_residue
O97159	310	ECO:0000269|PubMed:18327897	Phosphoserine	modified_residue
O97159	313	ECO:0000269|PubMed:18327897	Phosphoserine	modified_residue
O97159	701	ECO:0000269|PubMed:18327897	Phosphotyrosine	modified_residue
O97159	702	ECO:0000269|PubMed:18327897	Phosphothreonine	modified_residue
O97159	79	ECO:0000269|PubMed:18327897	Phosphoserine	modified_residue
O97159	83	ECO:0000269|PubMed:18327897	Phosphoserine	modified_residue
O97172	69	ECO:0000269|PubMed:18327897	Phosphoserine	modified_residue
O97394	2071	ECO:0000269|PubMed:18327897	Phosphoserine	modified_residue
O97394	2074	ECO:0000269|PubMed:18327897	Phosphothreonine	modified_residue
O97394	2113	ECO:0000269|PubMed:18327897	Phosphoserine	modified_residue
O97394	2117	ECO:0000269|PubMed:18327897	Phosphoserine	modified_residue
O97477	536	ECO:0000269|PubMed:17372656	Phosphoserine	modified_residue
P00334	2	ECO:0000269|PubMed:6821373	N-acetylserine	modified_residue
P00522	1497	ECO:0000269|PubMed:17372656	Phosphotyrosine	modified_residue
P00522	522	ECO:0000250	Phosphotyrosine; by autocatalysis	modified_residue
P00528	434	ECO:0000250	Phosphotyrosine; by autocatalysis	modified_residue
P00967	814	ECO:0000269|PubMed:18327897	Phosphoserine	modified_residue
P00967	816	ECO:0000269|PubMed:18327897	Phosphoserine	modified_residue
P02255	11	ECO:0000269|PubMed:17372656	Phosphoserine	modified_residue
P02255	112	ECO:0000269|PubMed:37268618	ADP-ribosylserine	modified_residue
P02255	131	ECO:0000269|PubMed:37268618	ADP-ribosylserine	modified_residue
P02255	132	ECO:0000269|PubMed:37268618	N6-(ADP-ribosyl)lysine	modified_residue
P02255	135	ECO:0000269|PubMed:37268618	ADP-ribosylserine	modified_residue
P02255	153	ECO:0000269|PubMed:37268618	ADP-ribosylserine	modified_residue
P02255	154	ECO:0000269|PubMed:37268618	ADP-ribosylserine	modified_residue
P02255	198	ECO:0000269|PubMed:37268618	N6-(ADP-ribosyl)lysine	modified_residue
P02255	199	ECO:0000269|PubMed:37268618	ADP-ribosylserine	modified_residue
P02255	2	ECO:0000269|PubMed:37268618	ADP-ribosylserine	modified_residue
P02255	221	ECO:0000269|PubMed:37268618	ADP-ribosylserine	modified_residue
P02255	228	ECO:0000269|PubMed:37268618	ADP-ribosylserine	modified_residue
P02255	239	ECO:0000269|PubMed:37268618	ADP-ribosylserine	modified_residue
P02255	241	ECO:0000269|PubMed:37268618	ADP-ribosylserine	modified_residue
P02255	66	ECO:0000269|PubMed:37268618	ADP-ribosylserine	modified_residue
P02255	96	ECO:0000269|PubMed:37268618	ADP-ribosylserine	modified_residue
P02283	114	ECO:0000269|PubMed:22389435	N6-succinyllysine	modified_residue
P02283	118	ECO:0000269|PubMed:22389435	N6-succinyllysine	modified_residue
P02283	2	ECO:0000269|PubMed:3127388	N-methylproline; partial	modified_residue
P02283	44	ECO:0000269|PubMed:22389435	N6-succinyllysine	modified_residue
P02299	10	ECO:0000269|PubMed:11859155, ECO:0000269|PubMed:24906153, ECO:0000269|PubMed:25085419;ECO:0000269|PubMed:11859155, ECO:0000269|PubMed:14732680;ECO:0000269|PubMed:11114889, ECO:0000269|PubMed:14732680, ECO:0000269|PubMed:15340070, ECO:0000269|PubMed:16980620, ECO:0000269|PubMed:30559249;ECO:0000269|PubMed:14732680	N6,N6,N6-trimethyllysine; alternate;N6,N6-dimethyllysine; alternate;N6-acetyllysine; alternate;N6-methyllysine; alternate	modified_residue
P02299	11	ECO:0000269|PubMed:37268618;ECO:0000269|PubMed:11114889, ECO:0000269|PubMed:11266459, ECO:0000269|PubMed:11371341, ECO:0000269|PubMed:12514098, ECO:0000269|PubMed:15175259, ECO:0000269|PubMed:24508391	ADP-ribosylserine; by Parp1-Hpf1;Phosphoserine; by RPS6KA5	modified_residue
P02299	15	ECO:0000269|PubMed:14732680;ECO:0000269|PubMed:11114889, ECO:0000269|PubMed:11371341, ECO:0000269|PubMed:14732680, ECO:0000269|PubMed:15340070, ECO:0000269|PubMed:16230526, ECO:0000269|PubMed:30559249	N6,N6-dimethyllysine; alternate;N6-acetyllysine; alternate;N6-methyllysine; alternate	modified_residue
P02299	19	ECO:0000269|PubMed:14732680, ECO:0000269|PubMed:30559249	N6-acetyllysine	modified_residue
P02299	24	ECO:0000269|PubMed:14732680, ECO:0000269|PubMed:30559249	N6-acetyllysine	modified_residue
P02299	28	ECO:0000269|PubMed:14732680	N6,N6,N6-trimethyllysine; alternate;N6,N6-dimethyllysine; alternate;N6-methyllysine; alternate	modified_residue
P02299	29	ECO:0000269|PubMed:37268618	ADP-ribosylserine; by Parp1-Hpf1	modified_residue
P02299	37	ECO:0000269|PubMed:14732680	N6,N6-dimethyllysine; alternate;N6-methyllysine; alternate	modified_residue
P02299	38	ECO:0000269|PubMed:14732680	N6,N6-dimethyllysine; alternate;N6-methyllysine; alternate	modified_residue
P02299	4	ECO:0000269|PubMed:32750047	Phosphothreonine; by Haspin	modified_residue
P02299	5	ECO:0000269|PubMed:14732680, ECO:0000269|PubMed:15175259	N6,N6,N6-trimethyllysine; alternate;N6,N6-dimethyllysine; alternate;N6-methyllysine; alternate	modified_residue
P02299	57	ECO:0000269|PubMed:22389435	N6-succinyllysine	modified_residue
P02299	80	ECO:0000269|PubMed:14732680, ECO:0000269|PubMed:15175259, ECO:0000269|PubMed:15371351;ECO:0000269|PubMed:22389435	N6,N6-dimethyllysine; alternate;N6-methyllysine; alternate;N6-succinyllysine; alternate	modified_residue
P02515	152	ECO:0000269|PubMed:17372656	Phosphothreonine	modified_residue
P02517	44	ECO:0000269|PubMed:18327897	Phosphoserine	modified_residue
P02517	52	ECO:0000269|PubMed:18327897	Phosphoserine	modified_residue
P02517	58	ECO:0000269|PubMed:18327897	Phosphoserine	modified_residue
P02518	58	ECO:0000269|PubMed:18327897	Phosphoserine	modified_residue
P02518	75	ECO:0000269|PubMed:17372656	Phosphoserine	modified_residue
P02572	3	ECO:0000250	N-acetylaspartate	modified_residue
P02572	45	ECO:0000269|PubMed:22116028	Methionine sulfoxide	modified_residue
P02572	48	ECO:0000269|PubMed:22116028	Methionine sulfoxide	modified_residue
P02572	74	ECO:0000269|PubMed:30526847	Tele-methylhistidine	modified_residue
P02574	3	ECO:0000250	N-acetylaspartate	modified_residue
P02574	45	ECO:0000269|PubMed:22116028	Methionine sulfoxide	modified_residue
P02574	48	ECO:0000269|PubMed:22116028	Methionine sulfoxide	modified_residue
P02574	74	ECO:0000250|UniProtKB:P02572	Tele-methylhistidine	modified_residue
P02828	219	ECO:0000269|PubMed:17372656	Phosphoserine	modified_residue
P02828	294	ECO:0000269|PubMed:18327897	Phosphotyrosine	modified_residue
P02843	171	ECO:0000269|PubMed:18327897	Phosphotyrosine	modified_residue
P02843	175	ECO:0000269|PubMed:18327897	Phosphoserine	modified_residue
P02843	185	ECO:0000269|PubMed:18327897	Phosphoserine	modified_residue
P02843	186	ECO:0000269|PubMed:18327897	Phosphoserine	modified_residue
P02843	190	ECO:0000269|PubMed:18327897	Phosphotyrosine	modified_residue
P02843	191	ECO:0000269|PubMed:18327897	Phosphoserine	modified_residue
P02843	435	ECO:0000269|PubMed:18327897	Phosphoserine	modified_residue
P02844	170	ECO:0000269|PubMed:18327897	Phosphothreonine	modified_residue
P02844	172	ECO:0000269|PubMed:3139663	Sulfotyrosine	modified_residue
P02844	173	ECO:0000269|PubMed:18327897	Phosphoserine	modified_residue
P02844	178	ECO:0000269|PubMed:18327897	Phosphoserine	modified_residue
P02844	181	ECO:0000269|PubMed:18327897	Phosphoserine	modified_residue
P02844	182	ECO:0000269|PubMed:18327897	Phosphoserine	modified_residue
P02844	183	ECO:0000269|PubMed:18327897	Phosphoserine	modified_residue
P02844	31	ECO:0000269|PubMed:18327897	Phosphoserine	modified_residue
P02844	33	ECO:0000269|PubMed:18327897	Phosphoserine	modified_residue
P02844	82	ECO:0000269|PubMed:18327897	Phosphoserine	modified_residue
P04197	381	ECO:0000269|PubMed:18327897	Phosphoserine	modified_residue
P04197	389	ECO:0000269|PubMed:18327897	Phosphoserine	modified_residue
P04197	396	ECO:0000269|PubMed:18327897	Phosphoserine	modified_residue
P04197	445	ECO:0000269|PubMed:18327897	Phosphothreonine	modified_residue
P04197	447	ECO:0000269|PubMed:18327897	Phosphothreonine	modified_residue
P04197	557	ECO:0000269|PubMed:18327897	Phosphothreonine	modified_residue
P04197	558	ECO:0000269|PubMed:18327897	Phosphoserine	modified_residue
P04197	566	ECO:0000269|PubMed:18327897	Phosphothreonine	modified_residue
P04197	569	ECO:0000269|PubMed:18327897	Phosphoserine	modified_residue
P04388	189	ECO:0000250	Cysteine methyl ester	modified_residue
P04412	1310	ECO:0000250	Phosphotyrosine; by autocatalysis	modified_residue
P04412	902	ECO:0000250	Phosphothreonine; by PKC	modified_residue
P04950	328		N6-(retinylidene)lysine	modified_residue
P05031	337	ECO:0000250	N6-(pyridoxal phosphate)lysine	modified_residue
P05084	178	ECO:0000269|PubMed:18327897	Phosphothreonine	modified_residue
P05084	188	ECO:0000269|PubMed:18327897	Phosphoserine	modified_residue
P05084	207	ECO:0000269|PubMed:18327897	Phosphoserine	modified_residue
P05084	209	ECO:0000269|PubMed:18327897	Phosphoserine	modified_residue
P05084	210	ECO:0000269|PubMed:18327897	Phosphoserine	modified_residue
P05084	537	ECO:0000269|PubMed:18327897	Phosphoserine	modified_residue
P05084	540	ECO:0000269|PubMed:18327897	Phosphoserine	modified_residue
P05205	102	ECO:0000269|PubMed:18327897	Phosphoserine	modified_residue
P05205	103	ECO:0000269|PubMed:18327897	Phosphoserine	modified_residue
P05205	11	ECO:0000269|PubMed:18327897	Phosphoserine	modified_residue
P05205	113	ECO:0000269|PubMed:18327897	Phosphoserine	modified_residue
P05205	127	ECO:0000269|PubMed:17372656	Phosphothreonine	modified_residue
P05205	128	ECO:0000269|PubMed:17372656, ECO:0000269|PubMed:18327897	Phosphothreonine	modified_residue
P05205	134	ECO:0000269|PubMed:17372656	Phosphothreonine	modified_residue
P05205	15	ECO:0000269|PubMed:17372656, ECO:0000269|PubMed:18327897	Phosphoserine	modified_residue
P05303	301	ECO:0000250	5-glutamyl glycerylphosphorylethanolamine	modified_residue
P05303	374	ECO:0000250	5-glutamyl glycerylphosphorylethanolamine	modified_residue
P05389	100	ECO:0000269|PubMed:18327897	Phosphoserine	modified_residue
P05389	102	ECO:0000269|PubMed:18327897	Phosphoserine	modified_residue
P05623	28	ECO:0000269|PubMed:3135120	Hydroxyproline	modified_residue
P05623	32	ECO:0000269|PubMed:3135120	Hydroxyproline	modified_residue
P05623	33		Isoleucine derivative	modified_residue
P05623	34	ECO:0000269|PubMed:3135120	Hydroxyproline	modified_residue
P05623	36	ECO:0000269|PubMed:3135120	Hydroxyproline	modified_residue
P05623	38	ECO:0000269|PubMed:3135120	Hydroxyproline	modified_residue
P05990	1571	ECO:0000250|UniProtKB:P27708	N6-carboxylysine	modified_residue
P05990	1883	ECO:0000269|PubMed:18327897	Phosphoserine	modified_residue
P05990	1885	ECO:0000269|PubMed:18327897	Phosphoserine	modified_residue
P05990	1892	ECO:0000269|PubMed:18327897	Phosphoserine	modified_residue
P05990	1894	ECO:0000269|PubMed:18327897	Phosphoserine	modified_residue
P06002	319		N6-(retinylidene)lysine	modified_residue
P06603	40	ECO:0000269|PubMed:36342916	N6-acetyllysine	modified_residue
P06604	40	ECO:0000250|UniProtKB:P06603	N6-acetyllysine	modified_residue
P06605	40	ECO:0000250|UniProtKB:P06603	N6-acetyllysine	modified_residue
P06607	177	ECO:0000269|PubMed:18327897	Phosphoserine	modified_residue
P06607	178	ECO:0000269|PubMed:18327897	Phosphoserine	modified_residue
P06607	37	ECO:0000269|PubMed:18327897	Phosphothreonine	modified_residue
P06607	384	ECO:0000255	Sulfotyrosine	modified_residue
P06607	390	ECO:0000255	Sulfotyrosine	modified_residue
P07207	2447	ECO:0000269|PubMed:18327897	Phosphoserine	modified_residue
P07247	468	ECO:0000269|PubMed:18327897	Phosphoserine	modified_residue
P07247	471	ECO:0000269|PubMed:18327897	Phosphoserine	modified_residue
P07247	477	ECO:0000269|PubMed:18327897	Phosphoserine	modified_residue
P07487	273	ECO:0000269|PubMed:17372656	Phosphotyrosine	modified_residue
P07487	274	ECO:0000269|PubMed:17372656	Phosphothreonine	modified_residue
P07764	2	ECO:0000269|PubMed:1959612, ECO:0000269|PubMed:3918528	N-acetylthreonine	modified_residue
P08099	326		N6-(retinylidene)lysine	modified_residue
P08111	1013	ECO:0000269|PubMed:18327897	Phosphoserine	modified_residue
P08111	473	ECO:0000269|PubMed:18327897	Phosphoserine	modified_residue
P08111	484	ECO:0000269|PubMed:18327897	Phosphoserine	modified_residue
P08111	679	ECO:0000269|PubMed:18327897	Phosphoserine	modified_residue
P08111	808	ECO:0000269|PubMed:18327897	Phosphoserine	modified_residue
P08111	869	ECO:0000269|PubMed:18327897	Phosphoserine	modified_residue
P08111	876	ECO:0000269|PubMed:18327897	Phosphoserine	modified_residue
P08111	887	ECO:0000269|PubMed:18327897	Phosphoserine	modified_residue
P08111	889	ECO:0000269|PubMed:18327897	Phosphoserine	modified_residue
P08111	893	ECO:0000269|PubMed:18327897	Phosphoserine	modified_residue
P08144	19	ECO:0000250	Pyrrolidone carboxylic acid	modified_residue
P08182	2	ECO:0000305	Phosphoserine; by autocatalysis	modified_residue
P08255	324		N6-(retinylidene)lysine	modified_residue
P08570	102	ECO:0000269|PubMed:18327897	Phosphoserine	modified_residue
P08570	99	ECO:0000269|PubMed:18327897	Phosphoserine	modified_residue
P08630	677	ECO:0000250	Phosphotyrosine; by autocatalysis	modified_residue
P08645	181	ECO:0000250	Cysteine methyl ester	modified_residue
P08646	186	ECO:0000305	Cysteine methyl ester	modified_residue
P08736	301	ECO:0000305|PubMed:8500545	5-glutamyl glycerylphosphorylethanolamine	modified_residue
P08736	374	ECO:0000250	5-glutamyl glycerylphosphorylethanolamine	modified_residue
P08879	126	ECO:0000269|PubMed:18327897	Phosphoserine	modified_residue
P08879	2	ECO:0000269|PubMed:12099695	N-acetylalanine	modified_residue
P08928	10	ECO:0000269|PubMed:18327897, ECO:0000269|PubMed:3126192	Phosphothreonine	modified_residue
P08928	12	ECO:0000269|PubMed:18327897, ECO:0000269|PubMed:3126192	Phosphothreonine	modified_residue
P08928	19	ECO:0000269|PubMed:21989239	Phosphoserine	modified_residue
P08928	2	ECO:0000250	N-acetylserine	modified_residue
P08928	20	ECO:0000269|PubMed:18327897, ECO:0000269|PubMed:3126192	Phosphothreonine	modified_residue
P08928	235	ECO:0000269|PubMed:18327897, ECO:0000269|PubMed:3126192	Phosphoserine	modified_residue
P08928	249	ECO:0000269|PubMed:18327897, ECO:0000269|PubMed:3126192	Phosphotyrosine	modified_residue
P08928	25	ECO:0000269|PubMed:10194384, ECO:0000269|PubMed:18327897, ECO:0000269|PubMed:3126192, ECO:0000269|PubMed:8537453	Phosphoserine	modified_residue
P08928	250	ECO:0000269|PubMed:18327897, ECO:0000269|PubMed:3126192	Phosphoserine	modified_residue
P08928	311	ECO:0000269|PubMed:18327897, ECO:0000269|PubMed:3126192	Phosphoserine	modified_residue
P08928	34	ECO:0000269|PubMed:18327897, ECO:0000269|PubMed:3126192	Phosphoserine	modified_residue
P08928	39	ECO:0000269|PubMed:18327897, ECO:0000269|PubMed:3126192	Phosphothreonine	modified_residue
P08928	41	ECO:0000269|PubMed:18327897, ECO:0000269|PubMed:3126192	Phosphoserine	modified_residue
P08928	413	ECO:0000269|PubMed:18327897, ECO:0000269|PubMed:3126192	Phosphothreonine	modified_residue
P08928	42	ECO:0000269|PubMed:18327897, ECO:0000269|PubMed:3126192, ECO:0000269|PubMed:9013881	Phosphoserine; by CDK1	modified_residue
P08928	435	ECO:0000269|PubMed:10194384, ECO:0000269|PubMed:18327897, ECO:0000269|PubMed:3126192	Phosphothreonine	modified_residue
P08928	442	ECO:0000269|PubMed:18327897, ECO:0000269|PubMed:3126192	Phosphoserine	modified_residue
P08928	45	ECO:0000269|PubMed:10194384, ECO:0000269|PubMed:18327897, ECO:0000269|PubMed:3126192, ECO:0000269|PubMed:9013881	Phosphoserine; by CDK1	modified_residue
P08928	455	ECO:0000269|PubMed:18327897, ECO:0000269|PubMed:3126192	Phosphoserine	modified_residue
P08928	459	ECO:0000269|PubMed:18327897	Phosphoserine	modified_residue
P08928	47	ECO:0000269|PubMed:18327897, ECO:0000269|PubMed:3126192	Phosphothreonine	modified_residue
P08928	50	ECO:0000269|PubMed:9013881	Phosphoserine; by PKA	modified_residue
P08928	595	ECO:0000269|PubMed:10194384, ECO:0000269|PubMed:18327897, ECO:0000269|PubMed:21989239, ECO:0000269|PubMed:3126192	Phosphoserine	modified_residue
P08928	597	ECO:0000269|PubMed:18327897, ECO:0000269|PubMed:21989239	Phosphothreonine	modified_residue
P08928	615	ECO:0000269|PubMed:18327897, ECO:0000269|PubMed:3126192	Phosphoserine	modified_residue
P08928	619	ECO:0000250|UniProtKB:P02545	Cysteine methyl ester	modified_residue
P08970	186	ECO:0000269|PubMed:18327897	Phosphothreonine	modified_residue
P08985	138	ECO:0000269|PubMed:12202754, ECO:0000269|PubMed:21444826, ECO:0000269|PubMed:24508391	Phosphoserine; by RPS6KA5	modified_residue
P08985	5	ECO:0000269|PubMed:15528408	N6-acetyllysine	modified_residue
P09040	117	ECO:0000250|UniProtKB:B2ZB96	Sulfotyrosine	modified_residue
P09040	122	ECO:0000250|UniProtKB:B2ZB96	Phenylalanine amide	modified_residue
P09040	134	ECO:0000269|PubMed:12171930	Sulfotyrosine	modified_residue
P09040	139	ECO:0000269|PubMed:12171930	Phenylalanine amide	modified_residue
P09040	82	ECO:0000250|UniProtKB:B2ZB96	Phenylalanine amide	modified_residue
P09052	22	ECO:0000269|PubMed:18327897	Phosphoserine	modified_residue
P09052	27	ECO:0000269|PubMed:18327897	Phosphothreonine	modified_residue
P09077	216	ECO:0000269|PubMed:18327897	Phosphoserine	modified_residue
P09083	165	ECO:0000269|PubMed:18327897	Phosphoserine	modified_residue
P09085	245	ECO:0000269|PubMed:18327897	Phosphothreonine	modified_residue
P09208	1354	ECO:0000250	Phosphotyrosine; by autocatalysis	modified_residue
P09208	1545	ECO:0000250	Phosphotyrosine; by autocatalysis	modified_residue
P09208	1549	ECO:0000250, ECO:0000269|PubMed:21707536	Phosphotyrosine; by autocatalysis	modified_residue
P09208	1550	ECO:0000250, ECO:0000269|PubMed:21707536	Phosphotyrosine; by autocatalysis	modified_residue
P09208	1816	ECO:0000269|PubMed:18327897	Phosphoserine	modified_residue
P0C919	90	ECO:0000255|HAMAP-Rule:MF_03051	1-thioglycine; alternate;Glycyl adenylate; alternate	modified_residue
P10041	666	ECO:0000269|PubMed:18327897	Phosphothreonine	modified_residue
P10180	1940	ECO:0000269|PubMed:18327897	Phosphoserine	modified_residue
P10180	1944	ECO:0000269|PubMed:18327897	Phosphoserine	modified_residue
P10552	114	ECO:0000269|PubMed:12171930	Phenylalanine amide	modified_residue
P10552	146	ECO:0000269|PubMed:12171930	Tyrosine amide	modified_residue
P10552	157	ECO:0000269|PubMed:12171930, ECO:0000269|PubMed:3272155	Phenylalanine amide	modified_residue
P10552	168	ECO:0000269|PubMed:12171930, ECO:0000269|PubMed:3272155	Phenylalanine amide	modified_residue
P10552	179	ECO:0000269|PubMed:12171930, ECO:0000269|PubMed:3272155	Phenylalanine amide	modified_residue
P10552	190	ECO:0000269|PubMed:12171930, ECO:0000269|PubMed:3272155	Phenylalanine amide	modified_residue
P10552	201	ECO:0000269|PubMed:12171930, ECO:0000269|PubMed:3272155	Phenylalanine amide	modified_residue
P10552	212	ECO:0000269|PubMed:12171930	Phenylalanine amide	modified_residue
P10552	223	ECO:0000269|PubMed:12171930	Phenylalanine amide	modified_residue
P10552	232	ECO:0000269|PubMed:12171930	Phenylalanine amide	modified_residue
P10552	250	ECO:0000269|PubMed:12171930	Phenylalanine amide	modified_residue
P10552	259	ECO:0000269|PubMed:12171930	Phenylalanine amide	modified_residue
P10552	270	ECO:0000269|PubMed:12171930	Serine amide	modified_residue
P10552	280	ECO:0000269|PubMed:12171930	Phenylalanine amide	modified_residue
P10627	325	ECO:0000269|PubMed:18327897	Phosphoserine	modified_residue
P10627	328	ECO:0000269|PubMed:18327897	Phosphoserine	modified_residue
P10676	183	ECO:0000269|PubMed:18327897	Phosphoserine	modified_residue
P10981	3	ECO:0000250	N-acetylaspartate	modified_residue
P10981	45	ECO:0000269|PubMed:22116028	Methionine sulfoxide	modified_residue
P10981	48	ECO:0000269|PubMed:22116028	Methionine sulfoxide	modified_residue
P10981	74	ECO:0000269|PubMed:30526847	Tele-methylhistidine	modified_residue
P10987	3	ECO:0000250	N-acetylaspartate	modified_residue
P10987	45	ECO:0000269|PubMed:22116028	Methionine sulfoxide	modified_residue
P10987	48	ECO:0000269|PubMed:22116028	Methionine sulfoxide	modified_residue
P10987	74	ECO:0000250|UniProtKB:P02572	Tele-methylhistidine	modified_residue
P11346	346	ECO:0000269|PubMed:18327897	Phosphoserine	modified_residue
P11420	43	ECO:0000269|PubMed:18327897	Phosphoserine	modified_residue
P11420	535	ECO:0000269|PubMed:18327897	Phosphoserine	modified_residue
P11420	536	ECO:0000269|PubMed:18327897	Phosphoserine	modified_residue
P11584	831	ECO:0000250	Phosphotyrosine	modified_residue
P11584	843	ECO:0000250	Phosphotyrosine	modified_residue
P11929	103	ECO:0000269|PubMed:18327897	Phosphoserine	modified_residue
P11929	107	ECO:0000269|PubMed:18327897	Phosphoserine	modified_residue
P11929	108	ECO:0000269|PubMed:18327897	Phosphoserine	modified_residue
P11929	113	ECO:0000269|PubMed:18327897	Phosphoserine	modified_residue
P11929	141	ECO:0000269|PubMed:18327897	Phosphoserine	modified_residue
P11929	144	ECO:0000269|PubMed:18327897	Phosphothreonine	modified_residue
P11929	594	ECO:0000269|PubMed:18327897	Phosphoserine	modified_residue
P11929	701	ECO:0000269|PubMed:18327897	Phosphoserine	modified_residue
P11929	714	ECO:0000269|PubMed:18327897	Phosphoserine	modified_residue
P11956	1		Blocked amino end (Met)	modified_residue
P12297	438	ECO:0000269|PubMed:18327897	Phosphoserine	modified_residue
P12297	447	ECO:0000269|PubMed:18327897	Phosphoserine	modified_residue
P12297	448	ECO:0000269|PubMed:18327897	Phosphoserine	modified_residue
P12297	450	ECO:0000269|PubMed:18327897	Phosphoserine	modified_residue
P12297	649	ECO:0000269|PubMed:18327897	Phosphoserine	modified_residue
P12297	912	ECO:0000269|PubMed:18327897	Phosphoserine	modified_residue
P12297	914	ECO:0000269|PubMed:18327897	Phosphoserine	modified_residue
P12297	916	ECO:0000269|PubMed:18327897	Phosphoserine	modified_residue
P12646	20	ECO:0000269|PubMed:18327897	Phosphoserine	modified_residue
P12881	103	ECO:0000255	Phosphotyrosine	modified_residue
P13060	57	ECO:0000250|UniProtKB:P13639	Phosphothreonine	modified_residue
P13060	59	ECO:0000250|UniProtKB:P13639	Phosphothreonine	modified_residue
P13060	701	ECO:0000250|UniProtKB:P32324	Diphthamide	modified_residue
P13368	2380	ECO:0000250	Phosphotyrosine; by autocatalysis	modified_residue
P13395	1032	ECO:0000269|PubMed:18327897	Phosphoserine	modified_residue
P13395	1034	ECO:0000269|PubMed:17372656, ECO:0000269|PubMed:18327897	Phosphoserine	modified_residue
P13469	120	ECO:0000269|PubMed:18327897	Phosphoserine	modified_residue
P13469	129	ECO:0000269|PubMed:17372656, ECO:0000269|PubMed:18327897	Phosphoserine	modified_residue
P13469	142	ECO:0000269|PubMed:18327897	Phosphoserine	modified_residue
P13469	304	ECO:0000269|PubMed:17372656	Phosphoserine	modified_residue
P13469	330	ECO:0000255	Phosphoserine; by PKA	modified_residue
P13469	42	ECO:0000269|PubMed:17372656, ECO:0000269|PubMed:18327897	Phosphoserine	modified_residue
P13469	44	ECO:0000269|PubMed:17372656, ECO:0000269|PubMed:18327897	Phosphoserine	modified_residue
P13469	443	ECO:0000269|PubMed:18327897	Phosphoserine	modified_residue
P13496	110	ECO:0000269|PubMed:18327897	Phosphoserine	modified_residue
P13496	1117	ECO:0000269|PubMed:18327897	Phosphoserine	modified_residue
P13496	114	ECO:0000269|PubMed:18327897	Phosphoserine	modified_residue
P13496	117	ECO:0000269|PubMed:18327897	Phosphoserine	modified_residue
P13496	121	ECO:0000269|PubMed:18327897	Phosphoserine	modified_residue
P13496	183	ECO:0000269|PubMed:18327897	Phosphoserine	modified_residue
P13496	85	ECO:0000269|PubMed:18327897	Phosphoserine	modified_residue
P13709	1653	ECO:0000269|PubMed:18327897	Phosphoserine	modified_residue
P13709	1980	ECO:0000269|PubMed:18327897	Phosphoserine	modified_residue
P13709	1988	ECO:0000269|PubMed:18327897	Phosphoserine	modified_residue
P13709	452	ECO:0000269|PubMed:18327897	Phosphoserine	modified_residue
P13709	943	ECO:0000269|PubMed:18327897	Phosphoserine	modified_residue
P14199	447	ECO:0000269|PubMed:18327897	Phosphoserine	modified_residue
P14734	187	ECO:0000269|PubMed:18327897	Phosphoserine	modified_residue
P14734	190	ECO:0000269|PubMed:18327897	Phosphoserine	modified_residue
P14734	320	ECO:0000269|PubMed:18327897	Phosphoserine	modified_residue
P14734	322	ECO:0000269|PubMed:18327897	Phosphoserine	modified_residue
P14734	330	ECO:0000269|PubMed:18327897	Phosphoserine	modified_residue
P14956	62	ECO:0000250	Arginine amide	modified_residue
P15278	21	ECO:0000305|PubMed:2509076	Pyrrolidone carboxylic acid	modified_residue
P15278	382	ECO:0000255	Phosphoserine	modified_residue
P15278	459	ECO:0000255	Phosphoserine	modified_residue
P15330	312	ECO:0000255	Phosphoserine; by PKA	modified_residue
P15348	1284	ECO:0000269|PubMed:18327897	Phosphoserine	modified_residue
P15348	1344	ECO:0000269|PubMed:18327897	Phosphoserine	modified_residue
P15348	1352	ECO:0000269|PubMed:18327897	Phosphothreonine	modified_residue
P15348	1374	ECO:0000269|PubMed:18327897	Phosphoserine	modified_residue
P15348	1385	ECO:0000269|PubMed:18327897	Phosphoserine	modified_residue
P15348	1392	ECO:0000269|PubMed:18327897	Phosphoserine	modified_residue
P15348	1396	ECO:0000269|PubMed:18327897	Phosphoserine	modified_residue
P16371	205	ECO:0000269|PubMed:18327897	Phosphoserine	modified_residue
P16371	207	ECO:0000269|PubMed:18327897	Phosphoserine	modified_residue
P16371	218	ECO:0000269|PubMed:18327897	Phosphoserine	modified_residue
P16371	242	ECO:0000255	Phosphoserine; by CK2	modified_residue
P16371	258	ECO:0000255	Phosphoserine; by CDC2	modified_residue
P16371	267	ECO:0000269|PubMed:18327897	Phosphoserine	modified_residue
P16371	326	ECO:0000269|PubMed:18327897	Phosphothreonine	modified_residue
P16371	328	ECO:0000269|PubMed:18327897	Phosphothreonine	modified_residue
P16554	430	ECO:0000269|PubMed:18327897	Phosphothreonine	modified_residue
P16554	537	ECO:0000269|PubMed:18327897	Phosphoserine	modified_residue
P16554	543	ECO:0000269|PubMed:18327897	Phosphoserine	modified_residue
P16568	103	ECO:0000269|PubMed:17372656, ECO:0000269|PubMed:18327897	Phosphoserine	modified_residue
P16568	285	ECO:0000269|PubMed:18327897	Phosphoserine	modified_residue
P16568	288	ECO:0000269|PubMed:18327897	Phosphoserine	modified_residue
P16568	305	ECO:0000269|PubMed:18327897	Phosphoserine	modified_residue
P16568	306	ECO:0000269|PubMed:18327897	Phosphothreonine	modified_residue
P16568	310	ECO:0000269|PubMed:18327897	Phosphoserine	modified_residue
P16568	528	ECO:0000269|PubMed:18327897	Phosphoserine	modified_residue
P16621	1572	ECO:0000269|PubMed:18327897	Phosphothreonine	modified_residue
P16905	96	ECO:0000250	Phosphoserine	modified_residue
P17276	272	ECO:0000250	Phosphoserine; by CaMK2	modified_residue
P17970	690	ECO:0000255	Phosphoserine; by PKA	modified_residue
P17970	731	ECO:0000255	Phosphoserine; by PKA	modified_residue
P17970	796	ECO:0000255	Phosphoserine; by PKA	modified_residue
P18106	1213	ECO:0000250	Phosphotyrosine; by autocatalysis	modified_residue
P18168	1295	ECO:0000269|PubMed:18327897	Phosphoserine	modified_residue
P18289	82	ECO:0000269|PubMed:17372656	Phosphoserine	modified_residue
P18431	213	ECO:0000269|PubMed:18327897	Phosphoserine	modified_residue
P18431	214	ECO:0000269|PubMed:18327897, ECO:0000269|PubMed:8382613	Phosphotyrosine	modified_residue
P18431	217	ECO:0000269|PubMed:18327897	Phosphoserine	modified_residue
P18432	2	ECO:0000269|PubMed:3025224	N-acetylalanine	modified_residue
P18432	66	ECO:0000269|PubMed:18327897	Phosphoserine	modified_residue
P18432	67	ECO:0000269|PubMed:18327897	Phosphoserine	modified_residue
P18475	608	ECO:0000269|PubMed:18327897	Phosphoserine	modified_residue
P18486	303	ECO:0000305	N6-(pyridoxal phosphate)lysine	modified_residue
P18491	106	ECO:0000255	Phosphoserine	modified_residue
P18824	650	ECO:0000269|PubMed:18327897	Phosphothreonine	modified_residue
P18824	688	ECO:0000269|PubMed:18327897	Phosphoserine	modified_residue
P18824	694	ECO:0000269|PubMed:18327897	Phosphoserine	modified_residue
P19018	180	ECO:0000269|PubMed:18327897	Phosphothreonine	modified_residue
P19018	212	ECO:0000269|PubMed:18327897	Phosphoserine	modified_residue
P19018	214	ECO:0000269|PubMed:18327897	Phosphoserine	modified_residue
P19018	254	ECO:0000269|PubMed:18327897	Phosphoserine	modified_residue
P19018	40	ECO:0000269|PubMed:18327897	Phosphoserine	modified_residue
P19107	366	ECO:0000269|PubMed:8185954	Phosphoserine; by CaMK	modified_residue
P19889	302	ECO:0000269|PubMed:18327897	Phosphoserine	modified_residue
P19889	304	ECO:0000255	Phosphoserine; by CK1	modified_residue
P20153	35	ECO:0000269|PubMed:18327897	Phosphoserine	modified_residue
P20193	165	ECO:0000269|PubMed:18327897	Phosphoserine	modified_residue
P20193	175	ECO:0000269|PubMed:18327897	Phosphoserine	modified_residue
P20193	176	ECO:0000269|PubMed:18327897	Phosphoserine	modified_residue
P20193	871	ECO:0000269|PubMed:18327897	Phosphoserine	modified_residue
P20193	873	ECO:0000269|PubMed:18327897	Phosphoserine	modified_residue
P20193	975	ECO:0000269|PubMed:18327897	Phosphoserine	modified_residue
P20228	322	ECO:0000250	N6-(pyridoxal phosphate)lysine	modified_residue
P20240	152	ECO:0000269|PubMed:22751930	Phosphoserine	modified_residue
P20240	192	ECO:0000269|PubMed:18327897	Phosphoserine	modified_residue
P20240	198	ECO:0000269|PubMed:18327897	Phosphoserine	modified_residue
P20240	321	ECO:0000269|PubMed:18327897	Phosphoserine	modified_residue
P20240	324	ECO:0000269|PubMed:18327897	Phosphothreonine	modified_residue
P20240	326	ECO:0000269|PubMed:18327897	Phosphoserine	modified_residue
P20240	358	ECO:0000269|PubMed:18327897	Phosphothreonine	modified_residue
P20240	378	ECO:0000269|PubMed:18327897, ECO:0000269|PubMed:22751930	Phosphoserine	modified_residue
P20240	385	ECO:0000269|PubMed:18327897	Phosphoserine	modified_residue
P20240	44	ECO:0000269|PubMed:18327897, ECO:0000269|PubMed:22751930	Phosphoserine	modified_residue
P20240	50	ECO:0000269|PubMed:18327897, ECO:0000269|PubMed:9199347	Phosphoserine	modified_residue
P20240	54	ECO:0000269|PubMed:18327897	Phosphoserine	modified_residue
P20240	63	ECO:0000269|PubMed:22751930	Phosphothreonine	modified_residue
P20439	137	ECO:0000269|PubMed:17372656, ECO:0000269|PubMed:18327897	Phosphoserine	modified_residue
P20480	94	ECO:0000269|PubMed:18327897	Phosphoserine	modified_residue
P20480	96	ECO:0000269|PubMed:18327897	Phosphoserine	modified_residue
P20483	455	ECO:0000269|PubMed:18327897	Phosphoserine	modified_residue
P20659	3641	ECO:0000269|PubMed:24235145	S-methylcysteine; by autocatalysis	modified_residue
P21525	548	ECO:0000269|PubMed:18327897	Phosphoserine	modified_residue
P22058	1	ECO:0000305|PubMed:2542275	N-acetylmethionine	modified_residue
P22058	107	ECO:0000269|PubMed:18327897	Phosphoserine	modified_residue
P22058	109	ECO:0000269|PubMed:18327897	Phosphoserine	modified_residue
P22058	112	ECO:0000269|PubMed:18327897	Phosphoserine	modified_residue
P22058	115	ECO:0000269|PubMed:18327897	Phosphothreonine	modified_residue
P22058	118	ECO:0000269|PubMed:18327897	Phosphoserine	modified_residue
P22058	133	ECO:0000255	Phosphoserine; by CK2	modified_residue
P22058	135	ECO:0000255	Phosphoserine; by CK2	modified_residue
P22058	149	ECO:0000269|PubMed:18327897	Phosphoserine	modified_residue
P22058	150	ECO:0000269|PubMed:18327897	Phosphoserine	modified_residue
P22058	161	ECO:0000269|PubMed:18327897	Phosphoserine	modified_residue
P22058	164	ECO:0000269|PubMed:18327897	Phosphoserine	modified_residue
P22058	170	ECO:0000269|PubMed:18327897	Phosphoserine	modified_residue
P22058	186	ECO:0000255	Phosphoserine; by CK2	modified_residue
P22058	208	ECO:0000269|PubMed:18327897	Phosphoserine	modified_residue
P22058	246	ECO:0000269|PubMed:17372656, ECO:0000269|PubMed:18327897	Phosphoserine	modified_residue
P22058	252	ECO:0000269|PubMed:18327897	Phosphoserine	modified_residue
P22058	253	ECO:0000269|PubMed:18327897	Phosphoserine	modified_residue
P22058	299	ECO:0000269|PubMed:18327897	Phosphoserine	modified_residue
P22058	30	ECO:0000269|PubMed:17372656	Phosphoserine	modified_residue
P22058	307	ECO:0000269|PubMed:18327897	Phosphoserine	modified_residue
P22058	311	ECO:0000255	Phosphoserine; by CK2	modified_residue
P22058	321	ECO:0000269|PubMed:18327897	Phosphothreonine	modified_residue
P22058	332	ECO:0000255	Phosphoserine; by CK2	modified_residue
P22058	80	ECO:0000269|PubMed:18327897	Phosphoserine	modified_residue
P22058	88	ECO:0000269|PubMed:18327897	Phosphoserine	modified_residue
P22058	89	ECO:0000269|PubMed:18327897	Phosphoserine	modified_residue
P22265	750	ECO:0000269|PubMed:18327897	Phosphoserine	modified_residue
P22265	758	ECO:0000269|PubMed:18327897	Phosphoserine	modified_residue
P22293	524	ECO:0000269|PubMed:18327897	Phosphoserine	modified_residue
P22293	604	ECO:0000269|PubMed:18327897	Phosphothreonine	modified_residue
P22293	663	ECO:0000269|PubMed:18327897	Phosphoserine	modified_residue
P22293	664	ECO:0000269|PubMed:18327897	Phosphothreonine	modified_residue
P22469	22	ECO:0000269|PubMed:17431409	Phosphothreonine	modified_residue
P22469	48	ECO:0000269|PubMed:17431409, ECO:0000269|PubMed:18327897	Phosphothreonine	modified_residue
P22700	240	ECO:0000269|PubMed:18327897	Phosphoserine	modified_residue
P22769	177	ECO:0000269|PubMed:18327897	Phosphoserine	modified_residue
P22813	256	ECO:0000269|PubMed:18327897	Phosphoserine	modified_residue
P22813	258	ECO:0000269|PubMed:18327897	Phosphothreonine	modified_residue
P22813	260	ECO:0000269|PubMed:18327897	Phosphoserine	modified_residue
P22813	283	ECO:0000269|PubMed:18327897	Phosphoserine	modified_residue
P22813	299	ECO:0000269|PubMed:18327897	Phosphoserine	modified_residue
P22813	580	ECO:0000269|PubMed:18327897	Phosphoserine	modified_residue
P23128	29	ECO:0000269|PubMed:18327897	Phosphoserine	modified_residue
P23128	450	ECO:0000269|PubMed:18327897	Phosphoserine	modified_residue
P23128	8	ECO:0000269|PubMed:18327897	Phosphoserine	modified_residue
P23226	1075	ECO:0000269|PubMed:17372656	Phosphoserine	modified_residue
P23226	1086	ECO:0000269|PubMed:18327897	Phosphoserine	modified_residue
P23226	1121	ECO:0000269|PubMed:17372656	Phosphoserine	modified_residue
P23226	354	ECO:0000269|PubMed:17372656	Phosphoserine	modified_residue
P23226	448	ECO:0000269|PubMed:18327897	Phosphoserine	modified_residue
P23226	450	ECO:0000269|PubMed:18327897	Phosphotyrosine	modified_residue
P23226	709	ECO:0000269|PubMed:18327897	Phosphoserine	modified_residue
P23226	710	ECO:0000269|PubMed:18327897	Phosphoserine	modified_residue
P23226	712	ECO:0000269|PubMed:18327897	Phosphoserine	modified_residue
P23226	721	ECO:0000269|PubMed:17372656	Phosphothreonine	modified_residue
P23226	728	ECO:0000269|PubMed:17372656	Phosphoserine	modified_residue
P23226	874	ECO:0000269|PubMed:18327897	Phosphoserine	modified_residue
P23572	14	ECO:0000269|PubMed:18327897	Phosphothreonine	modified_residue
P23572	15	ECO:0000269|PubMed:18327897	Phosphotyrosine	modified_residue
P23572	160	ECO:0000269|PubMed:18327897	Phosphotyrosine	modified_residue
P23572	161	ECO:0000255	Phosphothreonine; by CAK	modified_residue
P23573	162	ECO:0000269|PubMed:18327897	Phosphotyrosine	modified_residue
P23573	163	ECO:0000269|PubMed:18327897	Phosphothreonine	modified_residue
P23573	18	ECO:0000250	Phosphothreonine	modified_residue
P23573	19	ECO:0000250	Phosphotyrosine	modified_residue
P23645	273	ECO:0000255	Phosphotyrosine; by Src	modified_residue
P23645	300	ECO:0000269|PubMed:18327897	Phosphoserine	modified_residue
P23645	367	ECO:0000255	Phosphotyrosine; by Abl	modified_residue
P23645	384	ECO:0000255	Phosphotyrosine; by Src	modified_residue
P23645	394	ECO:0000269|PubMed:18327897	Phosphoserine	modified_residue
P23645	46	ECO:0000269|PubMed:18327897	Phosphoserine	modified_residue
P23645	47	ECO:0000269|PubMed:18327897	Phosphothreonine	modified_residue
P23645	478	ECO:0000255	Phosphotyrosine; by Src	modified_residue
P23645	576	ECO:0000269|PubMed:18327897	Phosphoserine	modified_residue
P23645	610	ECO:0000255	Phosphotyrosine; by Abl	modified_residue
P23647	422	ECO:0000269|PubMed:18327897	Phosphoserine	modified_residue
P23647	429	ECO:0000269|PubMed:18327897	Phosphoserine	modified_residue
P23654	103	ECO:0000255	Phosphoserine; by PKC	modified_residue
P23654	169	ECO:0000255	Phosphoserine; by PKC	modified_residue
P23654	186	ECO:0000255	Phosphoserine	modified_residue
P23654	203	ECO:0000269|PubMed:18327897	Phosphoserine	modified_residue
P23654	206	ECO:0000269|PubMed:18327897	Phosphothreonine	modified_residue
P23654	256	ECO:0000269|PubMed:18327897	Phosphoserine	modified_residue
P23654	259	ECO:0000269|PubMed:18327897	Phosphothreonine	modified_residue
P23654	263	ECO:0000269|PubMed:18327897	Phosphoserine	modified_residue
P23654	269	ECO:0000269|PubMed:18327897	Phosphothreonine	modified_residue
P23654	28	ECO:0000255	Phosphothreonine; by PKC	modified_residue
P23654	42	ECO:0000269|PubMed:18327897	Phosphothreonine	modified_residue
P23654	44	ECO:0000269|PubMed:18327897	Phosphoserine	modified_residue
P23654	47	ECO:0000269|PubMed:18327897	Phosphothreonine	modified_residue
P23654	48	ECO:0000269|PubMed:18327897	Phosphoserine	modified_residue
P23654	52	ECO:0000269|PubMed:18327897	Phosphoserine	modified_residue
P23654	75	ECO:0000255	Phosphoserine; by PKC	modified_residue
P23654	77	ECO:0000269|PubMed:18327897	Phosphoserine	modified_residue
P23696	309	ECO:0000250|UniProtKB:P67775	Leucine methyl ester	modified_residue
P25007	158	ECO:0000269|PubMed:18327897	Phosphoserine	modified_residue
P25028	478	ECO:0000269|PubMed:18327897	Phosphothreonine	modified_residue
P25028	484	ECO:0000269|PubMed:18327897	Phosphothreonine	modified_residue
P25028	489	ECO:0000269|PubMed:18327897	Phosphothreonine	modified_residue
P25158	270	ECO:0000269|PubMed:18327897	Phosphoserine	modified_residue
P25158	275	ECO:0000269|PubMed:18327897	Phosphoserine	modified_residue
P25159	563	ECO:0000269|PubMed:18327897	Phosphoserine	modified_residue
P25159	570	ECO:0000269|PubMed:18327897	Phosphoserine	modified_residue
P25159	650	ECO:0000269|PubMed:18327897	Phosphothreonine	modified_residue
P25159	655	ECO:0000269|PubMed:18327897	Phosphothreonine	modified_residue
P25159	676	ECO:0000269|PubMed:18327897	Phosphoserine	modified_residue
P25171	286	ECO:0000269|PubMed:18327897	Phosphothreonine	modified_residue
P25171	512	ECO:0000269|PubMed:18327897	Phosphothreonine	modified_residue
P25171	526	ECO:0000269|PubMed:18327897	Phosphoserine	modified_residue
P25171	531	ECO:0000269|PubMed:18327897	Phosphothreonine	modified_residue
P25228	220	ECO:0000250	Cysteine methyl ester	modified_residue
P25439	1407	ECO:0000269|PubMed:18327897	Phosphoserine	modified_residue
P25439	1411	ECO:0000269|PubMed:18327897	Phosphoserine	modified_residue
P25439	1591	ECO:0000269|PubMed:18327897	Phosphoserine	modified_residue
P25439	1594	ECO:0000269|PubMed:18327897	Phosphoserine	modified_residue
P25439	695	ECO:0000269|PubMed:18327897	Phosphoserine	modified_residue
P25439	698	ECO:0000269|PubMed:18327897	Phosphoserine	modified_residue
P25822	453	ECO:0000269|PubMed:18327897	Phosphoserine	modified_residue
P25822	468	ECO:0000269|PubMed:18327897	Phosphoserine	modified_residue
P25822	470	ECO:0000269|PubMed:18327897	Phosphoserine	modified_residue
P25822	477	ECO:0000269|PubMed:18327897	Phosphoserine	modified_residue
P25822	505	ECO:0000269|PubMed:18327897	Phosphoserine	modified_residue
P25823	226	ECO:0000269|PubMed:18327897	Phosphoserine	modified_residue
P25823	235	ECO:0000269|PubMed:18327897	Phosphoserine	modified_residue
P25823	239	ECO:0000269|PubMed:18327897	Phosphoserine	modified_residue
P25823	800	ECO:0000269|PubMed:18327897	Phosphoserine	modified_residue
P25991	738	ECO:0000269|PubMed:17372656, ECO:0000269|PubMed:18327897	Phosphoserine	modified_residue
P25992	685	ECO:0000269|PubMed:18327897	Phosphoserine	modified_residue
P25992	689	ECO:0000269|PubMed:18327897	Phosphoserine	modified_residue
P25992	885	ECO:0000269|PubMed:18327897	Phosphoserine	modified_residue
P25992	886	ECO:0000269|PubMed:18327897	Phosphoserine	modified_residue
P25992	887	ECO:0000269|PubMed:18327897	Phosphoserine	modified_residue
P26019	239	ECO:0000269|PubMed:18327897	Phosphoserine	modified_residue
P26019	262	ECO:0000269|PubMed:18327897	Phosphoserine	modified_residue
P26019	269	ECO:0000269|PubMed:18327897	Phosphoserine	modified_residue
P26019	314	ECO:0000269|PubMed:18327897	Phosphothreonine	modified_residue
P26019	317	ECO:0000269|PubMed:18327897	Phosphoserine	modified_residue
P26308	29	ECO:0000269|PubMed:18327897	Phosphoserine	modified_residue
P26675	1550	ECO:0000269|PubMed:18327897	Phosphoserine	modified_residue
P26675	1551	ECO:0000269|PubMed:18327897	Phosphoserine	modified_residue
P26686	165	ECO:0000269|PubMed:18327897	Phosphoserine	modified_residue
P27398	250	ECO:0000269|PubMed:18327897	Phosphoserine	modified_residue
P27619	756	ECO:0000269|PubMed:18327897	Phosphoserine	modified_residue
P27619	764	ECO:0000269|PubMed:18327897	Phosphoserine	modified_residue
P27619	767	ECO:0000269|PubMed:18327897	Phosphoserine	modified_residue
P27864	133	ECO:0000269|PubMed:18327897	Phosphothreonine	modified_residue
P27864	140	ECO:0000269|PubMed:18327897	Phosphothreonine	modified_residue
P27864	142	ECO:0000269|PubMed:18327897	Phosphoserine	modified_residue
P27864	258	ECO:0000269|PubMed:18327897	Phosphoserine	modified_residue
P28166	582	ECO:0000269|PubMed:18327897	Phosphoserine	modified_residue
P28166	586	ECO:0000269|PubMed:18327897	Phosphoserine	modified_residue
P28166	934	ECO:0000269|PubMed:18327897	Phosphoserine	modified_residue
P28167	1337	ECO:0000269|PubMed:18327897	Phosphothreonine	modified_residue
P28167	2361	ECO:0000269|PubMed:18327897	Phosphoserine	modified_residue
P28167	2450	ECO:0000269|PubMed:18327897	Phosphoserine	modified_residue
P28167	2451	ECO:0000269|PubMed:18327897	Phosphoserine	modified_residue
P28167	2749	ECO:0000269|PubMed:18327897	Phosphoserine	modified_residue
P28167	2751	ECO:0000269|PubMed:18327897	Phosphoserine	modified_residue
P28668	1110	ECO:0000269|PubMed:18327897	Phosphoserine	modified_residue
P28750	467	ECO:0000269|PubMed:18327897	Phosphoserine	modified_residue
P29327	233	ECO:0000269|PubMed:18327897	Phosphoserine	modified_residue
P29327	235	ECO:0000269|PubMed:18327897	Phosphoserine	modified_residue
P29327	239	ECO:0000269|PubMed:18327897	Phosphoserine	modified_residue
P29327	242	ECO:0000269|PubMed:18327897	Phosphoserine	modified_residue
P29327	244	ECO:0000269|PubMed:18327897	Phosphoserine	modified_residue
P29327	245	ECO:0000269|PubMed:18327897	Phosphoserine	modified_residue
P29349	419	ECO:0000269|PubMed:18327897	Phosphoserine	modified_residue
P29503	338	ECO:0000269|PubMed:18327897	Phosphoserine	modified_residue
P29503	341	ECO:0000269|PubMed:18327897	Phosphoserine	modified_residue
P29617	479	ECO:0000269|PubMed:18327897	Phosphoserine	modified_residue
P29617	482	ECO:0000269|PubMed:18327897	Phosphoserine	modified_residue
P29617	485	ECO:0000269|PubMed:18327897	Phosphoserine	modified_residue
P29617	497	ECO:0000269|PubMed:18327897	Phosphoserine	modified_residue
P29617	651	ECO:0000269|PubMed:18327897	Phosphoserine	modified_residue
P29617	654	ECO:0000269|PubMed:18327897	Phosphoserine	modified_residue
P29746	430	ECO:0000269|PubMed:18327897	Phosphoserine	modified_residue
P29746	433	ECO:0000269|PubMed:18327897	Phosphoserine	modified_residue
P29746	436	ECO:0000269|PubMed:18327897	Phosphoserine	modified_residue
P29746	437	ECO:0000269|PubMed:18327897	Phosphoserine	modified_residue
P29747	75	ECO:0000269|PubMed:18327897	Phosphoserine	modified_residue
P29747	79	ECO:0000269|PubMed:18327897	Phosphoserine	modified_residue
P29747	82	ECO:0000269|PubMed:18327897	Phosphoserine	modified_residue
P29843	362	ECO:0000269|PubMed:18327897	Phosphoserine	modified_residue
P29844	518	ECO:0000269|PubMed:25395623, ECO:0000269|PubMed:29089387	O-AMP-threonine	modified_residue
P29845	86	ECO:0000269|PubMed:18327897	Phosphothreonine	modified_residue
P30189	303	ECO:0000269|PubMed:18327897	Phosphoserine	modified_residue
P30189	304	ECO:0000269|PubMed:18327897	Phosphotyrosine	modified_residue
P31007	496	ECO:0000269|PubMed:18327897	Phosphoserine	modified_residue
P31007	714	ECO:0000269|PubMed:18327897	Phosphothreonine	modified_residue
P31009	60	ECO:0000269|PubMed:18327897	Phosphoserine	modified_residue
P31369	211	ECO:0000269|PubMed:18327897	Phosphoserine	modified_residue
P31369	215	ECO:0000269|PubMed:18327897	Phosphoserine	modified_residue
P31369	217	ECO:0000269|PubMed:18327897	Phosphoserine	modified_residue
P31369	219	ECO:0000269|PubMed:18327897	Phosphoserine	modified_residue
P31369	72	ECO:0000269|PubMed:18327897	Phosphoserine	modified_residue
P32234	22	ECO:0000269|PubMed:35410347	(3S)-3-hydroxylysine	modified_residue
P32866	612	ECO:0000269|PubMed:18327897	Phosphoserine	modified_residue
P32866	613	ECO:0000269|PubMed:18327897	Phosphothreonine	modified_residue
P33438	1006	ECO:0000255	Sulfotyrosine	modified_residue
P33438	182	ECO:0000255	Sulfotyrosine	modified_residue
P33438	26	ECO:0000255	Sulfotyrosine	modified_residue
P33438	29	ECO:0000255	Sulfotyrosine	modified_residue
P33438	559	ECO:0000255	Sulfotyrosine	modified_residue
P33438	645	ECO:0000255	Sulfotyrosine	modified_residue
P33438	727	ECO:0000255	Sulfotyrosine	modified_residue
P33438	836	ECO:0000255	Sulfotyrosine	modified_residue
P33438	862	ECO:0000255	Sulfotyrosine	modified_residue
P33438	865	ECO:0000255	Sulfotyrosine	modified_residue
P33438	868	ECO:0000255	Sulfotyrosine	modified_residue
P33438	922	ECO:0000255	Sulfotyrosine	modified_residue
P33438	928	ECO:0000255	Sulfotyrosine	modified_residue
P33438	981	ECO:0000255	Sulfotyrosine	modified_residue
P33438	984	ECO:0000255	Sulfotyrosine	modified_residue
P33450	4843	ECO:0000269|PubMed:18327897	Phosphoserine	modified_residue
P33450	5054	ECO:0000269|PubMed:18327897	Phosphoserine	modified_residue
P33450	5061	ECO:0000269|PubMed:18327897	Phosphoserine	modified_residue
P34082	827	ECO:0000269|PubMed:18327897	Phosphoserine	modified_residue
P34082	841	ECO:0000269|PubMed:18327897	Phosphothreonine	modified_residue
P34082	845	ECO:0000269|PubMed:18327897	Phosphoserine	modified_residue
P34739	108	ECO:0000269|PubMed:18327897	Phosphoserine	modified_residue
P34739	110	ECO:0000269|PubMed:18327897	Phosphoserine	modified_residue
P34739	214	ECO:0000269|PubMed:18327897	Phosphoserine	modified_residue
P34739	215	ECO:0000269|PubMed:18327897	Phosphoserine	modified_residue
P34739	216	ECO:0000269|PubMed:18327897	Phosphothreonine	modified_residue
P35220	643	ECO:0000269|PubMed:18327897	Phosphothreonine	modified_residue
P35220	645	ECO:0000269|PubMed:18327897	Phosphothreonine	modified_residue
P35220	659	ECO:0000269|PubMed:18327897	Phosphoserine	modified_residue
P35220	662	ECO:0000269|PubMed:18327897	Phosphoserine	modified_residue
P35415	18	ECO:0000269|PubMed:18327897	Phosphoserine	modified_residue
P35500	553	ECO:0000255	Phosphoserine; by PKA	modified_residue
P35500	570	ECO:0000255	Phosphoserine; by PKA	modified_residue
P35600	128	ECO:0000269|PubMed:18327897	Phosphoserine	modified_residue
P35600	137	ECO:0000269|PubMed:18327897	Phosphoserine	modified_residue
P35600	149	ECO:0000269|PubMed:18327897	Phosphoserine	modified_residue
P35600	154	ECO:0000269|PubMed:18327897	Phosphoserine	modified_residue
P35600	156	ECO:0000269|PubMed:18327897	Phosphoserine	modified_residue
P35600	164	ECO:0000269|PubMed:18327897	Phosphoserine	modified_residue
P35600	18	ECO:0000269|PubMed:18327897	Phosphoserine	modified_residue
P35600	194	ECO:0000269|PubMed:18327897	Phosphoserine	modified_residue
P35600	197	ECO:0000269|PubMed:18327897	Phosphothreonine	modified_residue
P35600	28	ECO:0000269|PubMed:18327897	Phosphoserine	modified_residue
P35600	40	ECO:0000269|PubMed:18327897	Phosphoserine	modified_residue
P35600	41	ECO:0000269|PubMed:18327897	Phosphoserine	modified_residue
P35600	48	ECO:0000269|PubMed:18327897	Phosphoserine	modified_residue
P35600	58	ECO:0000269|PubMed:18327897	Phosphoserine	modified_residue
P35600	60	ECO:0000269|PubMed:18327897	Phosphothreonine	modified_residue
P35600	62	ECO:0000269|PubMed:18327897	Phosphoserine	modified_residue
P35600	63	ECO:0000269|PubMed:18327897	Phosphoserine	modified_residue
P35600	71	ECO:0000269|PubMed:18327897	Phosphothreonine	modified_residue
P35600	938	ECO:0000269|PubMed:18327897	Phosphoserine	modified_residue
P35600	939	ECO:0000269|PubMed:18327897	Phosphoserine	modified_residue
P35820	1139	ECO:0000269|PubMed:18327897	Phosphoserine	modified_residue
P35820	1222	ECO:0000269|PubMed:18327897	Phosphothreonine	modified_residue
P35820	1236	ECO:0000269|PubMed:18327897	Phosphothreonine	modified_residue
P35820	1251	ECO:0000269|PubMed:18327897	Phosphothreonine	modified_residue
P35820	1253	ECO:0000269|PubMed:18327897	Phosphoserine	modified_residue
P35820	1266	ECO:0000269|PubMed:18327897	Phosphoserine	modified_residue
P35820	1274	ECO:0000269|PubMed:18327897	Phosphoserine	modified_residue
P35820	656	ECO:0000269|PubMed:18327897	Phosphoserine	modified_residue
P35820	658	ECO:0000269|PubMed:18327897	Phosphoserine	modified_residue
P35875	362	ECO:0000269|PubMed:37268618	ADP-ribosylserine; by autocatalysis	modified_residue
P35875	491	ECO:0000269|PubMed:37268618	ADP-ribosylserine; by autocatalysis	modified_residue
P35875	494	ECO:0000269|PubMed:37268618	ADP-ribosylserine; by autocatalysis	modified_residue
P35875	496	ECO:0000269|PubMed:37268618	ADP-ribosylserine; by autocatalysis	modified_residue
P36179	2	ECO:0000250	N-acetylalanine	modified_residue
P36188	2	ECO:0000250	N-acetylalanine	modified_residue
P36188	201	ECO:0000250	N6,N6,N6-trimethyllysine	modified_residue
P36188	205	ECO:0000250	N6,N6,N6-trimethyllysine	modified_residue
P38040	67	ECO:0000250	Cysteine methyl ester	modified_residue
P39205	376	ECO:0000269|PubMed:17372656	Phosphoserine	modified_residue
P39736	227	ECO:0000269|PubMed:18327897	Phosphoserine	modified_residue
P39736	235	ECO:0000269|PubMed:18327897	Phosphoserine	modified_residue
P39769	1145	ECO:0000269|PubMed:18327897	Phosphoserine	modified_residue
P39769	1148	ECO:0000269|PubMed:18327897	Phosphothreonine	modified_residue
P39770	1076	ECO:0000269|PubMed:18327897	Phosphoserine	modified_residue
P39770	1079	ECO:0000269|PubMed:18327897	Phosphoserine	modified_residue
P39770	739	ECO:0000269|PubMed:18327897	Phosphoserine	modified_residue
P39770	744	ECO:0000269|PubMed:18327897	Phosphoserine	modified_residue
P40417	198	ECO:0000269|PubMed:18327897	Phosphothreonine	modified_residue
P40417	200	ECO:0000269|PubMed:18327897	Phosphotyrosine	modified_residue
P40423	21	ECO:0000269|PubMed:17372656, ECO:0000269|PubMed:18327897	Phosphothreonine	modified_residue
P40423	22	ECO:0000269|PubMed:17372656, ECO:0000269|PubMed:18327897	Phosphoserine	modified_residue
P40688	362	ECO:0000269|PubMed:18327897	Phosphoserine	modified_residue
P40688	368	ECO:0000269|PubMed:18327897	Phosphoserine	modified_residue
P40688	463	ECO:0000269|PubMed:18327897	Phosphoserine	modified_residue
P40688	471	ECO:0000269|PubMed:18327897	Phosphoserine	modified_residue
P40688	475	ECO:0000269|PubMed:18327897	Phosphoserine	modified_residue
P40688	483	ECO:0000269|PubMed:18327897	Phosphoserine	modified_residue
P40688	485	ECO:0000269|PubMed:18327897	Phosphoserine	modified_residue
P40688	487	ECO:0000269|PubMed:18327897	Phosphoserine	modified_residue
P40791	95	ECO:0000269|PubMed:18327897	Phosphoserine	modified_residue
P40791	98	ECO:0000269|PubMed:18327897	Phosphoserine	modified_residue
P40792	189	ECO:0000250	Cysteine methyl ester	modified_residue
P40793	188	ECO:0000250	Cysteine methyl ester	modified_residue
P40796	7	ECO:0000269|PubMed:17372656	Phosphothreonine	modified_residue
P40796	9	ECO:0000269|PubMed:17372656	Phosphoserine	modified_residue
P40797	13	ECO:0000269|PubMed:17372656	Phosphoserine	modified_residue
P40797	517	ECO:0000269|PubMed:18327897	Phosphoserine	modified_residue
P40797	6	ECO:0000269|PubMed:17372656	Phosphoserine	modified_residue
P40798	335	ECO:0000269|PubMed:18327897	Phosphothreonine	modified_residue
P40798	336	ECO:0000269|PubMed:18327897	Phosphoserine	modified_residue
P40798	339	ECO:0000269|PubMed:18327897	Phosphoserine	modified_residue
P40798	343	ECO:0000269|PubMed:18327897	Phosphoserine	modified_residue
P40798	354	ECO:0000269|PubMed:18327897	Phosphoserine	modified_residue
P40807	62	ECO:0000250|UniProtKB:P11926	N6-(pyridoxal phosphate)lysine	modified_residue
P40808	62	ECO:0000250|UniProtKB:P11926	N6-(pyridoxal phosphate)lysine	modified_residue
P41073	201	ECO:0000269|PubMed:18327897	Phosphoserine	modified_residue
P41073	203	ECO:0000269|PubMed:18327897	Phosphothreonine	modified_residue
P41073	206	ECO:0000269|PubMed:18327897	Phosphoserine	modified_residue
P41073	673	ECO:0000269|PubMed:18327897	Phosphoserine	modified_residue
P41073	684	ECO:0000269|PubMed:18327897	Phosphoserine	modified_residue
P41073	686	ECO:0000269|PubMed:18327897	Phosphoserine	modified_residue
P41073	692	ECO:0000269|PubMed:18327897	Phosphothreonine	modified_residue
P41094	41	ECO:0000269|PubMed:18327897	Phosphoserine	modified_residue
P41374	51	ECO:0000250	Phosphoserine	modified_residue
P41375	133	ECO:0000269|PubMed:18327897	Phosphoserine	modified_residue
P41375	145	ECO:0000269|PubMed:18327897	Phosphothreonine	modified_residue
P41375	44	ECO:0000269|PubMed:17372656	Phosphoserine	modified_residue
P42003	25	ECO:0000255|PROSITE-ProRule:PRU00439, ECO:0000269|PubMed:17507407	Phosphoserine	modified_residue
P42003	453	ECO:0000255|PROSITE-ProRule:PRU00439, ECO:0000269|PubMed:12754252, ECO:0000269|PubMed:18327897	Phosphoserine	modified_residue
P42003	455	ECO:0000255|PROSITE-ProRule:PRU00439, ECO:0000269|PubMed:12754252, ECO:0000269|PubMed:18327897	Phosphoserine	modified_residue
P42124	493	ECO:0000269|PubMed:18327897	Phosphoserine	modified_residue
P42124	502	ECO:0000269|PubMed:18327897	Phosphothreonine	modified_residue
P42207	319	ECO:0000269|PubMed:17372656	Phosphoserine	modified_residue
P42282	203	ECO:0000269|PubMed:18327897	Phosphoserine	modified_residue
P42282	205	ECO:0000269|PubMed:18327897	Phosphoserine	modified_residue
P42282	206	ECO:0000269|PubMed:18327897	Phosphoserine	modified_residue
P42282	209	ECO:0000269|PubMed:18327897	Phosphothreonine	modified_residue
P42282	682	ECO:0000269|PubMed:18327897	Phosphoserine	modified_residue
P42283	140	ECO:0000269|PubMed:18327897	Phosphoserine	modified_residue
P42283	161	ECO:0000269|PubMed:18327897	Phosphothreonine	modified_residue
P42283	162	ECO:0000269|PubMed:18327897	Phosphoserine	modified_residue
P42283	168	ECO:0000269|PubMed:18327897	Phosphoserine	modified_residue
P42283	372	ECO:0000269|PubMed:18327897	Phosphoserine	modified_residue
P42283	375	ECO:0000269|PubMed:18327897	Phosphoserine	modified_residue
P42283	378	ECO:0000269|PubMed:18327897	Phosphoserine	modified_residue
P42283	696	ECO:0000269|PubMed:18327897	Phosphoserine	modified_residue
P42283	705	ECO:0000269|PubMed:18327897	Phosphoserine	modified_residue
P42283	706	ECO:0000269|PubMed:18327897	Phosphothreonine	modified_residue
P42283	749	ECO:0000269|PubMed:18327897	Phosphoserine	modified_residue
P42283	750	ECO:0000269|PubMed:18327897	Phosphoserine	modified_residue
P42283	874	ECO:0000269|PubMed:18327897	Phosphoserine	modified_residue
P42570	167	ECO:0000269|PubMed:18327897	Phosphothreonine	modified_residue
P42787	1380	ECO:0000269|PubMed:18327897	Phosphoserine	modified_residue
P43125	274	ECO:0000269|PubMed:18327897	Phosphoserine	modified_residue
P43125	277	ECO:0000269|PubMed:18327897	Phosphoserine	modified_residue
P43125	401	ECO:0000269|PubMed:18327897	Phosphoserine	modified_residue
P43125	403	ECO:0000269|PubMed:18327897	Phosphoserine	modified_residue
P43125	434	ECO:0000269|PubMed:18327897	Phosphoserine	modified_residue
P46150	559	ECO:0000269|PubMed:18948416	Phosphothreonine	modified_residue
P46415	2	ECO:0000305|PubMed:8197167	N-acetylserine	modified_residue
P46824	168	ECO:0000269|PubMed:18327897	Phosphothreonine	modified_residue
P46824	477	ECO:0000269|PubMed:18327897	Phosphothreonine	modified_residue
P46824	480	ECO:0000269|PubMed:18327897	Phosphoserine	modified_residue
P46824	485	ECO:0000269|PubMed:18327897	Phosphoserine	modified_residue
P46863	1043	ECO:0000269|PubMed:18327897	Phosphoserine	modified_residue
P46863	1045	ECO:0000269|PubMed:18327897	Phosphothreonine	modified_residue
P46863	1050	ECO:0000269|PubMed:18327897	Phosphoserine	modified_residue
P46863	1054	ECO:0000269|PubMed:18327897	Phosphoserine	modified_residue
P46863	520	ECO:0000269|PubMed:17372656	Phosphothreonine	modified_residue
P46863	933	ECO:0000269|PubMed:18327897	Phosphothreonine	modified_residue
P46863	949	ECO:0000269|PubMed:17372656, ECO:0000269|PubMed:18327897	Phosphoserine	modified_residue
P48148	189	ECO:0000250	Cysteine methyl ester	modified_residue
P48456	264	ECO:0000250|UniProtKB:P63328	3'-nitrotyrosine	modified_residue
P48456	527	ECO:0000250|UniProtKB:P63329	Phosphoserine	modified_residue
P48456	567	ECO:0000250|UniProtKB:Q08209	Phosphoserine	modified_residue
P48461	315	ECO:0000269|PubMed:18327897	Phosphothreonine	modified_residue
P48462	315	ECO:0000269|PubMed:18327897	Phosphothreonine	modified_residue
P48462	316	ECO:0000269|PubMed:18327897	Phosphothreonine	modified_residue
P48554	189	ECO:0000250	Cysteine methyl ester	modified_residue
P48555	198	ECO:0000250	Cysteine methyl ester	modified_residue
P48591	778	ECO:0000269|PubMed:18327897	Phosphothreonine	modified_residue
P48591	782	ECO:0000269|PubMed:18327897	Phosphoserine	modified_residue
P48591	786	ECO:0000269|PubMed:18327897	Phosphotyrosine	modified_residue
P48592	18	ECO:0000269|PubMed:18327897	Phosphoserine	modified_residue
P48609	14	ECO:0000250	Phosphothreonine	modified_residue
P48609	15	ECO:0000250	Phosphotyrosine	modified_residue
P48609	159	ECO:0000250	Phosphoserine	modified_residue
P48611	159	ECO:0000269|PubMed:18327897	Phosphoserine	modified_residue
P48611	161	ECO:0000269|PubMed:18327897	Phosphothreonine	modified_residue
P48611	164	ECO:0000269|PubMed:18327897	Phosphoserine	modified_residue
P48611	165	ECO:0000269|PubMed:18327897	Phosphoserine	modified_residue
P48611	167	ECO:0000269|PubMed:18327897	Phosphoserine	modified_residue
P48809	177	ECO:0000269|PubMed:18327897	Phosphoserine	modified_residue
P48809	366	ECO:0000269|PubMed:18327897	Phosphoserine	modified_residue
P48809	368	ECO:0000269|PubMed:18327897	Phosphoserine	modified_residue
P48809	370	ECO:0000269|PubMed:18327897	Phosphoserine	modified_residue
P48809	372	ECO:0000269|PubMed:18327897	Phosphotyrosine	modified_residue
P48809	379	ECO:0000269|PubMed:18327897	Phosphoserine	modified_residue
P49735	124	ECO:0000269|PubMed:17372656	Phosphoserine	modified_residue
P49735	26	ECO:0000269|PubMed:17372656	Phosphothreonine	modified_residue
P49735	27	ECO:0000269|PubMed:17372656	Phosphoserine	modified_residue
P49735	89	ECO:0000269|PubMed:18327897	Phosphoserine	modified_residue
P49735	92	ECO:0000269|PubMed:18327897	Phosphoserine	modified_residue
P49847	546	ECO:0000269|PubMed:18327897	Phosphoserine	modified_residue
P49847	547	ECO:0000269|PubMed:18327897	Phosphoserine	modified_residue
P49847	550	ECO:0000269|PubMed:18327897	Phosphoserine	modified_residue
P49906	14	ECO:0000269|PubMed:18327897	Phosphoserine	modified_residue
P49906	16	ECO:0000269|PubMed:18327897	Phosphoserine	modified_residue
P50535	1014	ECO:0000305|PubMed:27183194	Phosphothreonine	modified_residue
P50535	1025	ECO:0000305|PubMed:27183194	Phosphoserine	modified_residue
P50535	18	ECO:0000305|PubMed:27183194	Phosphoserine	modified_residue
P50535	238	ECO:0000305|PubMed:27183194	Phosphoserine	modified_residue
P50535	433	ECO:0000305|PubMed:27183194	Phosphoserine	modified_residue
P50535	434	ECO:0000305|PubMed:27183194	Phosphothreonine	modified_residue
P50535	492	ECO:0000305|PubMed:27183194	Phosphoserine	modified_residue
P50535	496	ECO:0000305|PubMed:27183194	Phosphoserine	modified_residue
P50535	585	ECO:0000305|PubMed:27183194	Phosphoserine	modified_residue
P50535	659	ECO:0000305|PubMed:27183194	Phosphothreonine	modified_residue
P50535	682	ECO:0000305|PubMed:27183194	Phosphoserine	modified_residue
P50535	684	ECO:0000305|PubMed:27183194	Phosphoserine	modified_residue
P50535	747	ECO:0000305|PubMed:27183194	Phosphothreonine	modified_residue
P50535	749	ECO:0000305|PubMed:27183194	Phosphoserine	modified_residue
P50535	750	ECO:0000305|PubMed:27183194	Phosphothreonine	modified_residue
P50535	751	ECO:0000305|PubMed:27183194	Phosphothreonine	modified_residue
P50535	753	ECO:0000305|PubMed:27183194	Phosphothreonine	modified_residue
P50535	764	ECO:0000305|PubMed:27183194	Phosphoserine	modified_residue
P50535	765	ECO:0000305|PubMed:27183194	Phosphoserine	modified_residue
P50535	788	ECO:0000305|PubMed:27183194	Phosphothreonine	modified_residue
P50535	810	ECO:0000305|PubMed:27183194	Phosphoserine	modified_residue
P50535	813	ECO:0000305|PubMed:27183194	Phosphothreonine	modified_residue
P50535	832	ECO:0000305|PubMed:27183194	Phosphothreonine	modified_residue
P50535	879	ECO:0000305|PubMed:27183194	Phosphoserine	modified_residue
P50535	889	ECO:0000305|PubMed:27183194	Phosphoserine	modified_residue
P51023	151	ECO:0000269|PubMed:8033205	Phosphothreonine	modified_residue
P51123	1740	ECO:0000269|PubMed:18327897	Phosphoserine	modified_residue
P51123	286	ECO:0000269|PubMed:18327897	Phosphoserine	modified_residue
P51123	288	ECO:0000269|PubMed:18327897	Phosphoserine	modified_residue
P51123	290	ECO:0000269|PubMed:18327897	Phosphoserine	modified_residue
P51123	315	ECO:0000250	Phosphoserine; by autocatalysis	modified_residue
P51123	603	ECO:0000269|PubMed:18327897	Phosphoserine	modified_residue
P51406	145	ECO:0000269|PubMed:18327897	Phosphothreonine	modified_residue
P51406	148	ECO:0000269|PubMed:18327897	Phosphoserine	modified_residue
P51406	152	ECO:0000269|PubMed:18327897	Phosphoserine	modified_residue
P51592	1362	ECO:0000269|PubMed:18327897	Phosphoserine	modified_residue
P51592	2037	ECO:0000269|PubMed:18327897	Phosphoserine	modified_residue
P51592	2183	ECO:0000269|PubMed:17372656	Phosphoserine	modified_residue
P51592	2574	ECO:0000269|PubMed:18327897	Phosphoserine	modified_residue
P51592	628	ECO:0000269|PubMed:18327897	Phosphoserine	modified_residue
P51592	631	ECO:0000269|PubMed:18327897	Phosphoserine	modified_residue
P51592	967	ECO:0000269|PubMed:18327897	Phosphoserine	modified_residue
P52172	1208	ECO:0000269|PubMed:18327897	Phosphoserine	modified_residue
P52172	1210	ECO:0000269|PubMed:18327897	Phosphoserine	modified_residue
P52295	12	ECO:0000269|PubMed:18327897	Phosphoserine	modified_residue
P52295	17	ECO:0000269|PubMed:17372656	Phosphoserine	modified_residue
P52295	56	ECO:0000269|PubMed:18327897	Phosphoserine	modified_residue
P52295	65	ECO:0000269|PubMed:18327897	Phosphoserine	modified_residue
P52304	182	ECO:0000269|PubMed:18327897	Phosphothreonine	modified_residue
P52304	186	ECO:0000269|PubMed:18327897	Phosphothreonine	modified_residue
P52304	299	ECO:0000269|PubMed:18327897	Phosphoserine	modified_residue
P52304	302	ECO:0000269|PubMed:18327897	Phosphothreonine	modified_residue
P52304	306	ECO:0000269|PubMed:18327897	Phosphoserine	modified_residue
P52304	323	ECO:0000269|PubMed:18327897	Phosphothreonine	modified_residue
P52304	327	ECO:0000269|PubMed:18327897	Phosphoserine	modified_residue
P52304	328	ECO:0000269|PubMed:18327897	Phosphothreonine	modified_residue
P52654	265	ECO:0000250	Phosphoserine; by TAF1	modified_residue
P52654	306	ECO:0000250	Phosphoserine; by TAF1	modified_residue
P53501	3	ECO:0000250	N-acetylaspartate	modified_residue
P53501	45	ECO:0000269|PubMed:22116028	Methionine sulfoxide	modified_residue
P53501	48	ECO:0000269|PubMed:22116028	Methionine sulfoxide	modified_residue
P53501	74	ECO:0000269|PubMed:30526847	Tele-methylhistidine	modified_residue
P53997	148	ECO:0000269|PubMed:18327897	Phosphoserine	modified_residue
P53997	152	ECO:0000269|PubMed:18327897	Phosphoserine	modified_residue
P53997	30	ECO:0000269|PubMed:18327897	Phosphoserine	modified_residue
P54350	165	ECO:0000269|PubMed:18327897	Phosphothreonine	modified_residue
P54350	168	ECO:0000269|PubMed:18327897	Phosphoserine	modified_residue
P54350	23	ECO:0000269|PubMed:18327897	Phosphoserine	modified_residue
P54350	25	ECO:0000269|PubMed:18327897	Phosphoserine	modified_residue
P54350	27	ECO:0000269|PubMed:18327897	Phosphoserine	modified_residue
P54350	47	ECO:0000269|PubMed:18327897	Phosphothreonine	modified_residue
P54350	52	ECO:0000269|PubMed:18327897	Phosphoserine	modified_residue
P54352	190	ECO:0000269|PubMed:17372656, ECO:0000269|PubMed:18327897	Phosphoserine	modified_residue
P54352	194	ECO:0000269|PubMed:18327897	Phosphoserine	modified_residue
P54357	30	ECO:0000269|PubMed:17372656	Phosphoserine	modified_residue
P54362	683	ECO:0000269|PubMed:17372656, ECO:0000269|PubMed:18327897	Phosphoserine	modified_residue
P54362	687	ECO:0000269|PubMed:18327897	Phosphothreonine	modified_residue
P54397	193	ECO:0000269|PubMed:18327897	Phosphoserine	modified_residue
P54397	197	ECO:0000269|PubMed:18327897	Phosphoserine	modified_residue
P54397	92	ECO:0000269|PubMed:17372656	Phosphoserine	modified_residue
P54623	1191	ECO:0000269|PubMed:18327897	Phosphoserine	modified_residue
P54623	1234	ECO:0000269|PubMed:18327897	Phosphoserine	modified_residue
P54623	1237	ECO:0000269|PubMed:18327897	Phosphoserine	modified_residue
P54623	1239	ECO:0000269|PubMed:18327897	Phosphoserine	modified_residue
P54623	545	ECO:0000269|PubMed:18327897	Phosphoserine	modified_residue
P54623	782	ECO:0000269|PubMed:18327897	Phosphothreonine	modified_residue
P54623	785	ECO:0000269|PubMed:18327897	Phosphoserine	modified_residue
P54623	874	ECO:0000269|PubMed:18327897	Phosphoserine	modified_residue
P54623	876	ECO:0000269|PubMed:18327897	Phosphoserine	modified_residue
P54623	878	ECO:0000269|PubMed:18327897	Phosphoserine	modified_residue
P54733	114	ECO:0000269|PubMed:18327897	Phosphoserine	modified_residue
P54733	115	ECO:0000269|PubMed:18327897	Phosphoserine	modified_residue
P54733	117	ECO:0000269|PubMed:18327897	Phosphoserine	modified_residue
P54733	129	ECO:0000269|PubMed:18327897	Phosphoserine	modified_residue
P54733	187	ECO:0000269|PubMed:18327897	Phosphoserine	modified_residue
P54733	192	ECO:0000269|PubMed:18327897	Phosphoserine	modified_residue
P54733	195	ECO:0000269|PubMed:18327897	Phosphoserine	modified_residue
P54733	198	ECO:0000269|PubMed:18327897	Phosphoserine	modified_residue
P54733	651	ECO:0000250	Phosphothreonine	modified_residue
P55824	924	ECO:0000269|PubMed:18327897	Phosphoserine	modified_residue
P55828	16	ECO:0000269|PubMed:18327897	Phosphoserine	modified_residue
P55828	18	ECO:0000269|PubMed:18327897	Phosphoserine	modified_residue
P56079	30	ECO:0000269|PubMed:18327897	Phosphoserine	modified_residue
P56079	34	ECO:0000269|PubMed:18327897	Phosphoserine	modified_residue
P56079	35	ECO:0000269|PubMed:18327897	Phosphoserine	modified_residue
P56079	40	ECO:0000269|PubMed:18327897	Phosphoserine	modified_residue
P56544	2	ECO:0000250	N-acetylalanine	modified_residue
P61849	96	ECO:0000269|PubMed:12171930	Phenylalanine amide	modified_residue
P61851	53	ECO:0000269|PubMed:17372656	Phosphothreonine	modified_residue
P61851	59	ECO:0000269|PubMed:17372656	Phosphoserine	modified_residue
P61855	23	ECO:0000269|PubMed:2117437	Pyrrolidone carboxylic acid	modified_residue
P61855	30	ECO:0000269|PubMed:12171930, ECO:0000269|PubMed:2117437	Tryptophan amide	modified_residue
P62152	2	ECO:0000250	N-acetylalanine	modified_residue
P62152	95	ECO:0000269|PubMed:17610210	N6,N6,N6-trimethyllysine	modified_residue
P81160	22	ECO:0000269|PubMed:11846801	Pyrrolidone carboxylic acid	modified_residue
P81641	19	ECO:0000250	Pyrrolidone carboxylic acid	modified_residue
P81829	147	ECO:0000269|PubMed:12171930	Glycine amide	modified_residue
P81900	51	ECO:0000269|PubMed:18327897	Phosphoserine	modified_residue
P81900	58	ECO:0000269|PubMed:18327897	Phosphoserine	modified_residue
P81900	64	ECO:0000269|PubMed:18327897	Phosphoserine	modified_residue
P81900	67	ECO:0000269|PubMed:18327897	Phosphoserine	modified_residue
P81900	84	ECO:0000269|PubMed:18327897	Phosphoserine	modified_residue
P81900	90	ECO:0000269|PubMed:18327897	Phosphotyrosine	modified_residue
P82705	41	ECO:0000269|PubMed:12171930, ECO:0000269|PubMed:9736738	Threonine amide	modified_residue
P82706	43	ECO:0000269|PubMed:9736738	Glycine amide	modified_residue
P83094	539	ECO:0000269|PubMed:18327897	Phosphoserine	modified_residue
P83094	546	ECO:0000269|PubMed:18327897	Phosphoserine	modified_residue
P83100	177	ECO:0000250	Phosphothreonine	modified_residue
P83101	193	ECO:0000250	Phosphotyrosine	modified_residue
P83102	616	ECO:0000269|PubMed:18327897	Phosphoserine	modified_residue
P83949	170	ECO:0000269|PubMed:18327897	Phosphothreonine	modified_residue
P83949	174	ECO:0000269|PubMed:18327897	Phosphoserine	modified_residue
P83949	177	ECO:0000269|PubMed:18327897	Phosphoserine	modified_residue
P83967	3	ECO:0000250	N-acetylaspartate	modified_residue
P83967	45	ECO:0000269|PubMed:22116028	Methionine sulfoxide	modified_residue
P83967	48	ECO:0000269|PubMed:22116028	Methionine sulfoxide	modified_residue
P83967	74	ECO:0000250|UniProtKB:P02572	Tele-methylhistidine	modified_residue
P84040	13	ECO:0000269|PubMed:37731000;ECO:0000269|PubMed:16230526	N6-acetyl-N6-methyllysine; alternate;N6-acetyllysine	modified_residue
P84040	32	ECO:0000269|PubMed:22389435	N6-succinyllysine	modified_residue
P84040	6	ECO:0000269|PubMed:37731000;ECO:0000269|PubMed:16230526	N6-acetyl-N6-methyllysine; alternate;N6-acetyllysine	modified_residue
P84040	78	ECO:0000269|PubMed:22389435	N6-succinyllysine	modified_residue
P84040	80	ECO:0000269|PubMed:22389435	N6-succinyllysine	modified_residue
P84040	81	ECO:0000269|PubMed:18327897	Phosphothreonine	modified_residue
P84040	83	ECO:0000269|PubMed:18327897	Phosphothreonine	modified_residue
P84040	92	ECO:0000269|PubMed:22389435	N6-succinyllysine	modified_residue
P84051	104	ECO:0000250	N5-methylglutamine	modified_residue
P84051	120	ECO:0000269|PubMed:15078818, ECO:0000269|PubMed:16230526	Phosphothreonine	modified_residue
P84051	2	ECO:0000250;ECO:0000305|PubMed:15133681	N-acetylserine;Phosphoserine	modified_residue
P84051	36	ECO:0000269|PubMed:22389435	N6-succinyllysine	modified_residue
P91657	322	ECO:0000250	N6-(retinylidene)lysine	modified_residue
P91664	131	ECO:0000269|PubMed:18327897	Phosphoserine	modified_residue
P91664	137	ECO:0000269|PubMed:18327897	Phosphoserine	modified_residue
P91682	658	ECO:0000269|PubMed:18327897	Phosphoserine	modified_residue
P91682	659	ECO:0000269|PubMed:18327897	Phosphoserine	modified_residue
P91682	667	ECO:0000269|PubMed:18327897	Phosphoserine	modified_residue
P91682	670	ECO:0000269|PubMed:18327897	Phosphoserine	modified_residue
P91682	673	ECO:0000269|PubMed:18327897	Phosphoserine	modified_residue
P91682	687	ECO:0000269|PubMed:18327897	Phosphoserine	modified_residue
P91682	690	ECO:0000269|PubMed:18327897	Phosphoserine	modified_residue
P91682	693	ECO:0000269|PubMed:18327897	Phosphoserine	modified_residue
P91875	1364	ECO:0000269|PubMed:18327897	Phosphoserine	modified_residue
P91875	1365	ECO:0000269|PubMed:18327897	Phosphoserine	modified_residue
P91926	632	ECO:0000269|PubMed:18327897	Phosphoserine	modified_residue
P91926	634	ECO:0000269|PubMed:18327897	Phosphoserine	modified_residue
P91931	66	ECO:0000250	Pyruvic acid (Ser); by autocatalysis	modified_residue
P92177	262	ECO:0000269|PubMed:17372656	Phosphoserine	modified_residue
P92208	181	ECO:0000269|PubMed:18456458	Phosphothreonine	modified_residue
P92208	183	ECO:0000269|PubMed:18456458	Phosphotyrosine	modified_residue
P98081	112	ECO:0000305|PubMed:7680635	Phosphotyrosine; by ABL	modified_residue
P98081	1336	ECO:0000269|PubMed:18327897	Phosphoserine	modified_residue
P98081	1339	ECO:0000269|PubMed:18327897	Phosphoserine	modified_residue
P98081	1344	ECO:0000269|PubMed:18327897	Phosphoserine	modified_residue
P98081	1348	ECO:0000269|PubMed:18327897	Phosphoserine	modified_residue
P98081	1604	ECO:0000305|PubMed:7680635	Phosphotyrosine; by ABL	modified_residue
P98081	1609	ECO:0000305|PubMed:7680635	Phosphotyrosine; by ABL	modified_residue
P98081	1643	ECO:0000305|PubMed:7680635	Phosphotyrosine; by ABL	modified_residue
P98081	1646	ECO:0000305|PubMed:7680635	Phosphotyrosine; by ABL	modified_residue
P98081	1655	ECO:0000305|PubMed:7680635	Phosphotyrosine; by ABL	modified_residue
P98081	1681	ECO:0000305|PubMed:7680635	Phosphotyrosine; by ABL	modified_residue
P98081	1700	ECO:0000269|PubMed:18327897	Phosphoserine	modified_residue
P98081	1713	ECO:0000269|PubMed:18327897	Phosphoserine	modified_residue
P98081	1716	ECO:0000269|PubMed:18327897	Phosphoserine	modified_residue
P98081	1768	ECO:0000305|PubMed:7680635	Phosphotyrosine; by ABL	modified_residue
P98081	1811	ECO:0000269|PubMed:18327897	Phosphoserine	modified_residue
P98081	1812	ECO:0000269|PubMed:18327897	Phosphoserine	modified_residue
P98081	1814	ECO:0000269|PubMed:18327897	Phosphoserine	modified_residue
P98081	1815	ECO:0000269|PubMed:18327897	Phosphoserine	modified_residue
P98081	1905	ECO:0000305|PubMed:7680635	Phosphotyrosine; by ABL	modified_residue
P98081	2074	ECO:0000269|PubMed:18327897	Phosphoserine	modified_residue
P98081	483	ECO:0000305|PubMed:7680635	Phosphotyrosine; by ABL	modified_residue
P98081	998	ECO:0000269|PubMed:18327897	Phosphoserine	modified_residue
P98149	343	ECO:0000255	Phosphoserine; by PKA	modified_residue
P98159	1134	ECO:0000269|PubMed:18327897	Phosphoserine	modified_residue
P98159	1136	ECO:0000269|PubMed:18327897	Phosphoserine	modified_residue
P98159	215	ECO:0000269|PubMed:18327897	Phosphoserine	modified_residue
P98159	220	ECO:0000269|PubMed:18327897	Phosphoserine	modified_residue
P98159	574	ECO:0000269|PubMed:18327897	Phosphoserine	modified_residue
P98159	581	ECO:0000269|PubMed:18327897	Phosphoserine	modified_residue
P98163	1926	ECO:0000269|PubMed:18327897	Phosphoserine	modified_residue
Q00168	287	ECO:0000269|PubMed:14687552, ECO:0000269|PubMed:16880127	Phosphothreonine; by autocatalysis	modified_residue
Q00168	306	ECO:0000269|PubMed:14687552	Phosphothreonine; by autocatalysis	modified_residue
Q00168	307	ECO:0000269|PubMed:14687552	Phosphothreonine; by autocatalysis	modified_residue
Q00168	327	ECO:0000269|PubMed:18327897	Phosphoserine	modified_residue
Q00963	2195	ECO:0000269|PubMed:18327897	Phosphoserine	modified_residue
Q01842	543	ECO:0000269|PubMed:18327897	Phosphoserine	modified_residue
Q01842	677	ECO:0000269|PubMed:18327897	Phosphoserine	modified_residue
Q01842	682	ECO:0000269|PubMed:18327897	Phosphoserine	modified_residue
Q01842	696	ECO:0000269|PubMed:18327897	Phosphoserine	modified_residue
Q02280	787	ECO:0000269|PubMed:11980904	Phosphothreonine; by CaMK2	modified_residue
Q02308	720	ECO:0000269|PubMed:18327897	Phosphoserine	modified_residue
Q02308	723	ECO:0000269|PubMed:18327897	Phosphoserine	modified_residue
Q02308	746	ECO:0000269|PubMed:18327897	Phosphoserine	modified_residue
Q02308	753	ECO:0000269|PubMed:18327897	Phosphoserine	modified_residue
Q02645	478	ECO:0000269|PubMed:18327897	Phosphoserine	modified_residue
Q02645	480	ECO:0000269|PubMed:18327897	Phosphothreonine	modified_residue
Q02645	498	ECO:0000269|PubMed:17372656	Phosphothreonine	modified_residue
Q02645	603	ECO:0000269|PubMed:18327897	Phosphoserine	modified_residue
Q02645	608	ECO:0000269|PubMed:18327897	Phosphotyrosine	modified_residue
Q02645	609	ECO:0000269|PubMed:18327897	Phosphothreonine	modified_residue
Q02645	611	ECO:0000269|PubMed:18327897	Phosphothreonine	modified_residue
Q02645	614	ECO:0000269|PubMed:18327897	Phosphoserine	modified_residue
Q02645	627	ECO:0000269|PubMed:18327897	Phosphotyrosine	modified_residue
Q02645	630	ECO:0000269|PubMed:18327897	Phosphoserine	modified_residue
Q03017	144	ECO:0000255	Phosphoserine; by PKC	modified_residue
Q03017	183	ECO:0000255	Phosphothreonine; by PKC	modified_residue
Q03017	293	ECO:0000255	Phosphothreonine; by PKC	modified_residue
Q03017	319	ECO:0000255	Phosphothreonine; by PKC	modified_residue
Q03017	395	ECO:0000255	Phosphoserine; by PKC	modified_residue
Q03017	45	ECO:0000255	Phosphoserine; by PKC	modified_residue
Q03043	934	ECO:0000269|PubMed:18327897	Phosphothreonine	modified_residue
Q03043	938	ECO:0000269|PubMed:18327897	Phosphothreonine	modified_residue
Q03427	34	ECO:0000269|PubMed:18327897	Phosphoserine	modified_residue
Q03427	406	ECO:0000269|PubMed:18327897	Phosphoserine	modified_residue
Q03427	441	ECO:0000269|PubMed:18327897	Phosphoserine	modified_residue
Q03427	443	ECO:0000269|PubMed:18327897	Phosphothreonine	modified_residue
Q03720	978	ECO:0000269|PubMed:10234050	Phosphoserine	modified_residue
Q03751	12	ECO:0000269|PubMed:18327897	Phosphoserine	modified_residue
Q03751	13	ECO:0000269|PubMed:18327897	Phosphothreonine	modified_residue
Q03751	14	ECO:0000269|PubMed:18327897	Phosphoserine	modified_residue
Q03751	17	ECO:0000269|PubMed:18327897	Phosphoserine	modified_residue
Q03751	19	ECO:0000269|PubMed:18327897	Phosphotyrosine	modified_residue
Q04047	236	ECO:0000269|PubMed:18327897	Phosphoserine	modified_residue
Q04652	108	ECO:0000269|PubMed:18327897	Phosphoserine	modified_residue
Q04652	111	ECO:0000269|PubMed:18327897	Phosphoserine	modified_residue
Q04688	153	ECO:0000269|PubMed:18327897	Phosphoserine	modified_residue
Q04688	157	ECO:0000269|PubMed:18327897	Phosphothreonine	modified_residue
Q04688	167	ECO:0000269|PubMed:18327897	Phosphoserine	modified_residue
Q04688	171	ECO:0000269|PubMed:18327897	Phosphoserine	modified_residue
Q05192	100	ECO:0000269|PubMed:18327897	Phosphoserine	modified_residue
Q05192	106	ECO:0000269|PubMed:18327897	Phosphoserine	modified_residue
Q05192	127	ECO:0000269|PubMed:18327897	Phosphoserine	modified_residue
Q05192	276	ECO:0000269|PubMed:18327897	Phosphoserine	modified_residue
Q05192	90	ECO:0000269|PubMed:18327897	Phosphoserine	modified_residue
Q05192	98	ECO:0000269|PubMed:18327897	Phosphoserine	modified_residue
Q05344	443	ECO:0000269|PubMed:17372656, ECO:0000269|PubMed:18327897	Phosphoserine	modified_residue
Q05344	628	ECO:0000269|PubMed:17372656	Phosphoserine	modified_residue
Q05344	664	ECO:0000269|PubMed:18327897	Phosphoserine	modified_residue
Q05344	668	ECO:0000269|PubMed:18327897	Phosphoserine	modified_residue
Q05344	669	ECO:0000269|PubMed:18327897	Phosphothreonine	modified_residue
Q05344	670	ECO:0000269|PubMed:18327897	Phosphoserine	modified_residue
Q05344	671	ECO:0000269|PubMed:18327897	Phosphoserine	modified_residue
Q05733	304	ECO:0000250	N6-(pyridoxal phosphate)lysine	modified_residue
Q05783	10	ECO:0000269|PubMed:18327897	Phosphoserine	modified_residue
Q05783	103	ECO:0000269|PubMed:17372656, ECO:0000269|PubMed:18327897	Phosphoserine	modified_residue
Q05783	111	ECO:0000269|PubMed:17372656, ECO:0000269|PubMed:18327897	Phosphoserine	modified_residue
Q05783	12	ECO:0000269|PubMed:18327897	Phosphotyrosine	modified_residue
Q05913	183	ECO:0000269|PubMed:18327897	Phosphoserine	modified_residue
Q05913	246	ECO:0000269|PubMed:18327897	Phosphoserine	modified_residue
Q05913	250	ECO:0000269|PubMed:18327897	Phosphoserine	modified_residue
Q05913	252	ECO:0000269|PubMed:18327897	Phosphoserine	modified_residue
Q05913	341	ECO:0000269|PubMed:18327897	Phosphothreonine	modified_residue
Q05913	342	ECO:0000269|PubMed:18327897	Phosphoserine	modified_residue
Q05913	352	ECO:0000269|PubMed:18327897	Phosphoserine	modified_residue
Q05913	355	ECO:0000269|PubMed:18327897	Phosphoserine	modified_residue
Q05913	453	ECO:0000269|PubMed:18327897	Phosphoserine	modified_residue
Q05913	455	ECO:0000269|PubMed:18327897	Phosphoserine	modified_residue
Q05913	457	ECO:0000269|PubMed:18327897	Phosphothreonine	modified_residue
Q05913	482	ECO:0000269|PubMed:18327897	Phosphoserine	modified_residue
Q05913	484	ECO:0000269|PubMed:18327897	Phosphoserine	modified_residue
Q05913	488	ECO:0000269|PubMed:18327897	Phosphothreonine	modified_residue
Q06559	223	ECO:0000269|PubMed:18327897	Phosphothreonine	modified_residue
Q06559	226	ECO:0000269|PubMed:18327897	Phosphothreonine	modified_residue
Q06559	241	ECO:0000269|PubMed:18327897	Phosphoserine	modified_residue
Q06943	11	ECO:0000269|PubMed:18327897	Phosphoserine	modified_residue
Q07152	28	ECO:0000269|PubMed:18327897	Phosphoserine	modified_residue
Q07171	612	ECO:0000305	Phosphotyrosine; by SRC	modified_residue
Q07171	662	ECO:0000305	Phosphotyrosine; by SRC	modified_residue
Q07171	90	ECO:0000305	Phosphotyrosine; by SRC	modified_residue
Q07407	587	ECO:0000250	Phosphotyrosine; by autocatalysis	modified_residue
Q07436	1103	ECO:0000269|PubMed:27462444	Phosphotyrosine	modified_residue
Q07436	1181	ECO:0000269|PubMed:18327897	Phosphoserine	modified_residue
Q07436	227	ECO:0000269|PubMed:27462444	Phosphotyrosine	modified_residue
Q07436	423	ECO:0000269|PubMed:27462444	Phosphotyrosine	modified_residue
Q07436	679	ECO:0000269|PubMed:27462444	Phosphotyrosine	modified_residue
Q07436	766	ECO:0000269|PubMed:27462444	Phosphotyrosine	modified_residue
Q08473	148	ECO:0000269|PubMed:17372656	Phosphoserine	modified_residue
Q08605	237	ECO:0000269|PubMed:18327897	Phosphothreonine	modified_residue
Q09147	895	ECO:0000250	Phosphotyrosine; by autocatalysis	modified_residue
Q0E9B6	2	ECO:0000250|UniProtKB:P62280	N-acetylalanine	modified_residue
Q0E9G3	378	ECO:0000269|PubMed:18327897	Phosphoserine	modified_residue
Q0E9G3	777	ECO:0000269|PubMed:18327897	Phosphoserine	modified_residue
Q0KHT7	384	ECO:0000269|PubMed:18327897	Phosphoserine	modified_residue
Q0KHT7	387	ECO:0000269|PubMed:18327897	Phosphoserine	modified_residue
Q0KHT7	435	ECO:0000269|PubMed:18327897	Phosphoserine	modified_residue
Q0KHT7	437	ECO:0000269|PubMed:18327897	Phosphoserine	modified_residue
Q0KHT7	521	ECO:0000269|PubMed:18327897	Phosphoserine	modified_residue
Q0KHV6	346	ECO:0000269|PubMed:25474007, ECO:0000269|PubMed:27906179	Phosphoserine; by autocatalysis	modified_residue
Q0KHY3	1249	ECO:0000269|PubMed:18327897	Phosphoserine	modified_residue
Q0KHY3	1251	ECO:0000269|PubMed:18327897	Phosphothreonine	modified_residue
Q0KHY3	1254	ECO:0000269|PubMed:18327897	Phosphoserine	modified_residue
Q0KHY3	1295	ECO:0000269|PubMed:18327897	Phosphothreonine	modified_residue
Q0KHY3	1297	ECO:0000269|PubMed:18327897	Phosphoserine	modified_residue
Q0KI50	1564	ECO:0000269|PubMed:18327897	Phosphoserine	modified_residue
Q23972	564	ECO:0000269|PubMed:18327897	Phosphoserine	modified_residue
Q23972	575	ECO:0000269|PubMed:18327897	Phosphoserine	modified_residue
Q23972	972	ECO:0000269|PubMed:18327897	Phosphoserine	modified_residue
Q23973	63	ECO:0000269|PubMed:18327897	Phosphoserine	modified_residue
Q23973	66	ECO:0000269|PubMed:18327897	Phosphoserine	modified_residue
Q23977	1150	ECO:0000269|PubMed:18327897	Phosphoserine	modified_residue
Q23977	1154	ECO:0000269|PubMed:18327897	Phosphoserine	modified_residue
Q23977	348	ECO:0000250	Phosphoserine	modified_residue
Q23977	352	ECO:0000250	Phosphothreonine	modified_residue
Q23977	646	ECO:0000269|PubMed:18327897	Phosphoserine	modified_residue
Q23977	662	ECO:0000269|PubMed:18327897	Phosphoserine	modified_residue
Q23979	304	ECO:0000269|PubMed:17372656	Phosphoserine	modified_residue
Q23979	310	ECO:0000269|PubMed:17372656	Phosphothreonine	modified_residue
Q23985	425	ECO:0000269|PubMed:18327897	Phosphoserine	modified_residue
Q24008	598	ECO:0000269|PubMed:17372656	Phosphoserine	modified_residue
Q24008	600	ECO:0000269|PubMed:17372656	Phosphoserine	modified_residue
Q24009	557	ECO:0000269|PubMed:18327897	Phosphoserine	modified_residue
Q24009	586	ECO:0000269|PubMed:18327897	Phosphoserine	modified_residue
Q24009	639	ECO:0000269|PubMed:18327897	Phosphoserine	modified_residue
Q24009	642	ECO:0000269|PubMed:18327897	Phosphoserine	modified_residue
Q24009	643	ECO:0000269|PubMed:18327897	Phosphothreonine	modified_residue
Q24009	644	ECO:0000269|PubMed:18327897	Phosphotyrosine	modified_residue
Q24009	646	ECO:0000269|PubMed:18327897	Phosphoserine	modified_residue
Q24009	666	ECO:0000269|PubMed:18327897	Phosphoserine	modified_residue
Q24009	692	ECO:0000269|PubMed:18327897	Phosphoserine	modified_residue
Q24009	695	ECO:0000269|PubMed:18327897	Phosphoserine	modified_residue
Q24009	696	ECO:0000269|PubMed:18327897	Phosphotyrosine	modified_residue
Q24106	295	ECO:0000269|PubMed:18327897	Phosphoserine	modified_residue
Q24119	673	ECO:0000269|PubMed:11740943	Phosphoserine; by PKB	modified_residue
Q24133	187	ECO:0000269|PubMed:18327897	Phosphoserine	modified_residue
Q24141	124	ECO:0000305	Phosphoserine; by AurB	modified_residue
Q24141	125	ECO:0000305	Phosphoserine; by AurB	modified_residue
Q24141	126	ECO:0000305	Phosphoserine; by AurB	modified_residue
Q24141	331	ECO:0000305|PubMed:15621529	Phosphothreonine; by PLK1	modified_residue
Q24142	327	ECO:0000269|PubMed:18327897	Phosphoserine	modified_residue
Q24145	927	ECO:0000255	Phosphotyrosine	modified_residue
Q24151	711	ECO:0000269|PubMed:18327897, ECO:0000269|PubMed:8608596	Phosphotyrosine; by JAK	modified_residue
Q24154	31	ECO:0000269|PubMed:18327897	Phosphoserine	modified_residue
Q24168	151	ECO:0000269|PubMed:18327897	Phosphothreonine	modified_residue
Q24168	154	ECO:0000269|PubMed:18327897	Phosphothreonine	modified_residue
Q24168	157	ECO:0000269|PubMed:18327897	Phosphothreonine	modified_residue
Q24168	160	ECO:0000269|PubMed:18327897	Phosphothreonine	modified_residue
Q24168	167	ECO:0000269|PubMed:18327897	Phosphothreonine	modified_residue
Q24168	170	ECO:0000269|PubMed:18327897	Phosphothreonine	modified_residue
Q24168	181	ECO:0000269|PubMed:18327897	Phosphothreonine	modified_residue
Q24168	24	ECO:0000269|PubMed:18327897	Phosphothreonine	modified_residue
Q24168	258	ECO:0000269|PubMed:18327897	Phosphothreonine	modified_residue
Q24168	26	ECO:0000269|PubMed:18327897	Phosphoserine	modified_residue
Q24168	260	ECO:0000269|PubMed:18327897	Phosphoserine	modified_residue
Q24168	30	ECO:0000269|PubMed:18327897	Phosphoserine	modified_residue
Q24168	87	ECO:0000269|PubMed:18327897	Phosphoserine	modified_residue
Q24168	91	ECO:0000269|PubMed:18327897	Phosphoserine	modified_residue
Q24168	92	ECO:0000269|PubMed:18327897	Phosphoserine	modified_residue
Q24174	474	ECO:0000269|PubMed:18327897	Phosphoserine	modified_residue
Q24174	837	ECO:0000269|PubMed:18327897	Phosphoserine	modified_residue
Q24174	846	ECO:0000269|PubMed:18327897	Phosphoserine	modified_residue
Q24174	868	ECO:0000269|PubMed:18327897	Phosphoserine	modified_residue
Q24174	889	ECO:0000269|PubMed:18327897	Phosphoserine	modified_residue
Q24174	896	ECO:0000269|PubMed:18327897	Phosphoserine	modified_residue
Q24192	187	ECO:0000250	Cysteine methyl ester	modified_residue
Q24210	292	ECO:0000250	Phosphothreonine; by autocatalysis	modified_residue
Q24212	623	ECO:0000269|PubMed:18327897	Phosphoserine	modified_residue
Q24212	626	ECO:0000269|PubMed:18327897	Phosphoserine	modified_residue
Q24214	35	ECO:0000269|PubMed:18327897	Phosphoserine	modified_residue
Q24248	336	ECO:0000269|PubMed:18327897	Phosphoserine	modified_residue
Q24256	593	ECO:0000269|PubMed:18327897	Phosphothreonine	modified_residue
Q24256	595	ECO:0000269|PubMed:18327897	Phosphoserine	modified_residue
Q24256	602	ECO:0000269|PubMed:18327897	Phosphoserine	modified_residue
Q24276	13	ECO:0000269|PubMed:17372656, ECO:0000269|PubMed:18327897	Phosphoserine	modified_residue
Q24276	19	ECO:0000269|PubMed:18327897	Phosphothreonine	modified_residue
Q24276	296	ECO:0000269|PubMed:17372656	Phosphoserine	modified_residue
Q24276	355	ECO:0000269|PubMed:18327897	Phosphoserine	modified_residue
Q24292	236	ECO:0000269|PubMed:18635802	Phosphoserine	modified_residue
Q24292	3465	ECO:0000269|PubMed:18327897	Phosphoserine	modified_residue
Q24292	3469	ECO:0000269|PubMed:18327897	Phosphoserine	modified_residue
Q24298	1493	ECO:0000269|PubMed:18327897	Phosphoserine	modified_residue
Q24312	110	ECO:0000250	Phosphoserine; by CK2	modified_residue
Q24312	97	ECO:0000250	Phosphoserine; by CK2	modified_residue
Q24314	344	ECO:0000269|PubMed:18327897	Phosphoserine	modified_residue
Q24318	398	ECO:0000269|PubMed:18327897	Phosphoserine	modified_residue
Q24324	237	ECO:0000269|PubMed:29433126	Phosphoserine; by RAF	modified_residue
Q24324	241	ECO:0000269|PubMed:29433126	Phosphoserine; by RAF	modified_residue
Q24325	1135	ECO:0000269|PubMed:18327897	Phosphoserine	modified_residue
Q24325	1136	ECO:0000269|PubMed:18327897	Phosphoserine	modified_residue
Q24337	18	ECO:0000305|PubMed:9074495	Phosphothreonine; by CK2	modified_residue
Q24337	24	ECO:0000305|PubMed:9074495	Phosphoserine; by CK2	modified_residue
Q24338	15	ECO:0000269|PubMed:18327897	Phosphoserine	modified_residue
Q24368	67	ECO:0000269|PubMed:18327897	Phosphoserine	modified_residue
Q24371	201	ECO:0000269|PubMed:18327897	Phosphothreonine	modified_residue
Q24371	204	ECO:0000269|PubMed:18327897	Phosphoserine	modified_residue
Q24371	456	ECO:0000269|PubMed:18327897	Phosphothreonine	modified_residue
Q24371	459	ECO:0000269|PubMed:18327897	Phosphoserine	modified_residue
Q24371	524	ECO:0000269|PubMed:18327897	Phosphoserine	modified_residue
Q24371	655	ECO:0000269|PubMed:17372656	Phosphoserine	modified_residue
Q24371	679	ECO:0000269|PubMed:18327897	Phosphoserine	modified_residue
Q24371	691	ECO:0000269|PubMed:18327897	Phosphoserine	modified_residue
Q24371	711	ECO:0000269|PubMed:18327897	Phosphoserine	modified_residue
Q24423	157	ECO:0000269|PubMed:18327897	Phosphoserine	modified_residue
Q24423	208	ECO:0000269|PubMed:18327897	Phosphoserine	modified_residue
Q24423	98	ECO:0000269|PubMed:18327897	Phosphoserine	modified_residue
Q24432	887	ECO:0000269|PubMed:18327897	Phosphoserine	modified_residue
Q24459	805	ECO:0000269|PubMed:18327897	Phosphoserine	modified_residue
Q24459	806	ECO:0000269|PubMed:18327897	Phosphoserine	modified_residue
Q24472	356	ECO:0000269|PubMed:18327897	Phosphothreonine	modified_residue
Q24472	359	ECO:0000269|PubMed:18327897	Phosphothreonine	modified_residue
Q24472	760	ECO:0000269|PubMed:18327897	Phosphoserine	modified_residue
Q24472	771	ECO:0000269|PubMed:18327897	Phosphoserine	modified_residue
Q24478	1071	ECO:0000269|PubMed:18327897	Phosphoserine	modified_residue
Q24478	1074	ECO:0000269|PubMed:18327897	Phosphoserine	modified_residue
Q24478	197	ECO:0000269|PubMed:18327897	Phosphoserine	modified_residue
Q24478	211	ECO:0000269|PubMed:17372656	Phosphoserine	modified_residue
Q24478	229	ECO:0000269|PubMed:18327897	Phosphothreonine	modified_residue
Q24478	233	ECO:0000269|PubMed:18327897	Phosphoserine	modified_residue
Q24478	298	ECO:0000269|PubMed:18327897	Phosphoserine	modified_residue
Q24478	319	ECO:0000269|PubMed:17372656	Phosphoserine	modified_residue
Q24478	603	ECO:0000269|PubMed:18327897	Phosphothreonine	modified_residue
Q24478	610	ECO:0000269|PubMed:18327897	Phosphoserine	modified_residue
Q24478	708	ECO:0000269|PubMed:18327897	Phosphoserine	modified_residue
Q24478	723	ECO:0000269|PubMed:18327897	Phosphoserine	modified_residue
Q24478	727	ECO:0000269|PubMed:18327897	Phosphothreonine	modified_residue
Q24478	745	ECO:0000269|PubMed:18327897	Phosphoserine	modified_residue
Q24478	748	ECO:0000269|PubMed:18327897	Phosphoserine	modified_residue
Q24478	757	ECO:0000269|PubMed:18327897	Phosphoserine	modified_residue
Q24478	760	ECO:0000269|PubMed:18327897	Phosphoserine	modified_residue
Q24478	817	ECO:0000269|PubMed:18327897	Phosphothreonine	modified_residue
Q24478	920	ECO:0000269|PubMed:17372656, ECO:0000269|PubMed:18327897	Phosphoserine	modified_residue
Q24478	925	ECO:0000269|PubMed:17372656	Phosphoserine	modified_residue
Q24478	927	ECO:0000269|PubMed:18327897	Phosphoserine	modified_residue
Q24478	936	ECO:0000269|PubMed:18327897	Phosphothreonine	modified_residue
Q24478	938	ECO:0000269|PubMed:18327897	Phosphoserine	modified_residue
Q24488	112	ECO:0000269|PubMed:18327897	Phosphothreonine	modified_residue
Q24488	131	ECO:0000269|PubMed:18327897	Phosphoserine	modified_residue
Q24488	565	ECO:0000250	Phosphotyrosine; by autocatalysis	modified_residue
Q24488	569	ECO:0000250	Phosphotyrosine; by autocatalysis	modified_residue
Q24488	570	ECO:0000250	Phosphotyrosine; by autocatalysis	modified_residue
Q24491	106	ECO:0000269|PubMed:18327897	Phosphothreonine	modified_residue
Q24491	168	ECO:0000269|PubMed:18327897	Phosphoserine	modified_residue
Q24491	171	ECO:0000269|PubMed:18327897	Phosphoserine	modified_residue
Q24491	174	ECO:0000269|PubMed:18327897	Phosphoserine	modified_residue
Q24491	188	ECO:0000269|PubMed:18327897	Phosphoserine	modified_residue
Q24491	190	ECO:0000269|PubMed:18327897	Phosphoserine	modified_residue
Q24492	160	ECO:0000269|PubMed:18327897	Phosphoserine	modified_residue
Q24492	420	ECO:0000269|PubMed:18327897	Phosphoserine	modified_residue
Q24498	1459	ECO:0000269|PubMed:18327897	Phosphoserine	modified_residue
Q24535	156	ECO:0000269|PubMed:18327897	Phosphoserine	modified_residue
Q24546	539	ECO:0000269|PubMed:18327897	Phosphoserine	modified_residue
Q24547	70	ECO:0000269|PubMed:18327897	Phosphothreonine	modified_residue
Q24558	431	ECO:0000269|PubMed:18327897	Phosphoserine	modified_residue
Q24558	433	ECO:0000269|PubMed:18327897	Phosphoserine	modified_residue
Q24558	443	ECO:0000269|PubMed:18327897	Phosphothreonine	modified_residue
Q24558	447	ECO:0000269|PubMed:18327897	Phosphoserine	modified_residue
Q24560	339	ECO:0000269|PubMed:18327897	Phosphoserine	modified_residue
Q24560	40	ECO:0000269|PubMed:18327897	Phosphoserine	modified_residue
Q24572	100	ECO:0000269|PubMed:18327897	Phosphoserine	modified_residue
Q24572	11	ECO:0000269|PubMed:17372656	Phosphoserine	modified_residue
Q24573	30	ECO:0000269|PubMed:18327897	Phosphoserine	modified_residue
Q24573	35	ECO:0000269|PubMed:18327897	Phosphothreonine	modified_residue
Q24573	44	ECO:0000269|PubMed:18327897	Phosphoserine	modified_residue
Q24573	592	ECO:0000269|PubMed:18327897	Phosphoserine	modified_residue
Q24573	594	ECO:0000269|PubMed:18327897	Phosphoserine	modified_residue
Q24573	720	ECO:0000269|PubMed:18327897	Phosphoserine	modified_residue
Q24574	1131	ECO:0000269|PubMed:18327897	Phosphoserine	modified_residue
Q24574	1132	ECO:0000269|PubMed:18327897	Phosphoserine	modified_residue
Q24574	1140	ECO:0000269|PubMed:18327897	Phosphoserine	modified_residue
Q24574	1141	ECO:0000269|PubMed:18327897	Phosphoserine	modified_residue
Q24574	1199	ECO:0000269|PubMed:18327897	Phosphoserine	modified_residue
Q24574	1201	ECO:0000269|PubMed:18327897	Phosphoserine	modified_residue
Q24574	1205	ECO:0000269|PubMed:18327897	Phosphoserine	modified_residue
Q24574	172	ECO:0000269|PubMed:18327897	Phosphoserine	modified_residue
Q24574	173	ECO:0000269|PubMed:18327897	Phosphoserine	modified_residue
Q24574	238	ECO:0000269|PubMed:18327897	Phosphoserine	modified_residue
Q24583	87	ECO:0000269|PubMed:18327897	Phosphoserine	modified_residue
Q24592	1047	ECO:0000250	Phosphotyrosine; by autocatalysis	modified_residue
Q24592	1048	ECO:0000250	Phosphotyrosine; by autocatalysis	modified_residue
Q24592	321	ECO:0000269|PubMed:18327897	Phosphoserine	modified_residue
Q24592	40	ECO:0000269|PubMed:18327897	Phosphoserine	modified_residue
Q24595	31	ECO:0000269|PubMed:18327897	Phosphoserine	modified_residue
Q24595	32	ECO:0000269|PubMed:18327897	Phosphoserine	modified_residue
Q24595	37	ECO:0000269|PubMed:18327897	Phosphoserine	modified_residue
Q24595	533	ECO:0000269|PubMed:18327897	Phosphoserine	modified_residue
Q24595	537	ECO:0000269|PubMed:18327897	Phosphoserine	modified_residue
Q24595	908	ECO:0000269|PubMed:18327897	Phosphoserine	modified_residue
Q24595	911	ECO:0000269|PubMed:18327897	Phosphoserine	modified_residue
Q26263	407	ECO:0000269|PubMed:18327897	Phosphoserine	modified_residue
Q26263	408	ECO:0000269|PubMed:18327897	Phosphoserine	modified_residue
Q26263	411	ECO:0000269|PubMed:18327897	Phosphoserine	modified_residue
Q26377	20	ECO:0000269|PubMed:12171930	Pyrrolidone carboxylic acid	modified_residue
Q26377	30	ECO:0000269|PubMed:12171930	Asparagine amide	modified_residue
Q26454	55	ECO:0000269|PubMed:17372656, ECO:0000269|PubMed:18327897	Phosphoserine	modified_residue
Q26454	81	ECO:0000269|PubMed:18327897	Phosphoserine	modified_residue
Q26454	87	ECO:0000269|PubMed:18327897	Phosphothreonine	modified_residue
Q27237	106	ECO:0000250|UniProtKB:Q99M87	N6-acetyllysine	modified_residue
Q27237	30	ECO:0000250|UniProtKB:Q96EY1	Omega-N-methylarginine	modified_residue
Q27324	498	ECO:0000250	Phosphotyrosine; by autocatalysis	modified_residue
Q27331	142	ECO:0000269|PubMed:18327897	Phosphoserine	modified_residue
Q27368	434	ECO:0000269|PubMed:18327897	Phosphoserine	modified_residue
Q27601	113	ECO:0000269|PubMed:18327897	Phosphoserine	modified_residue
Q27601	114	ECO:0000269|PubMed:18327897	Phosphothreonine	modified_residue
Q27601	120	ECO:0000269|PubMed:18327897	Phosphoserine	modified_residue
Q2PE14	292	ECO:0000269|PubMed:18327897	Phosphoserine	modified_residue
Q2PE14	347	ECO:0000269|PubMed:18327897	Phosphoserine	modified_residue
Q2PE14	356	ECO:0000269|PubMed:18327897	Phosphotyrosine	modified_residue
Q2PE14	421	ECO:0000269|PubMed:18327897	Phosphoserine	modified_residue
Q2PE14	423	ECO:0000269|PubMed:18327897	Phosphoserine	modified_residue
Q2PE14	59	ECO:0000269|PubMed:18327897	Phosphoserine	modified_residue
Q32KD2	215	ECO:0000269|PubMed:18327897	Phosphoserine	modified_residue
Q32KD2	217	ECO:0000269|PubMed:18327897	Phosphothreonine	modified_residue
Q3LHL9	546	ECO:0000269|PubMed:18327897	Phosphothreonine	modified_residue
Q45VV3	100	ECO:0000269|PubMed:18327897	Phosphoserine	modified_residue
Q45VV3	117	ECO:0000269|PubMed:17372656	Phosphoserine	modified_residue
Q45VV3	145	ECO:0000269|PubMed:18256197, ECO:0000269|PubMed:18327897	Phosphoserine	modified_residue
Q45VV3	146	ECO:0000269|PubMed:31857346	Phosphoserine; by CDK7	modified_residue
Q45VV3	149	ECO:0000269|PubMed:18327897	Phosphoserine	modified_residue
Q45VV3	227	ECO:0000269|PubMed:18327897	Phosphoserine	modified_residue
Q45VV3	228	ECO:0000269|PubMed:18327897	Phosphotyrosine	modified_residue
Q45VV3	232	ECO:0000269|PubMed:18327897	Phosphoserine	modified_residue
Q45VV3	82	ECO:0000269|PubMed:18327897	Phosphoserine	modified_residue
Q45VV3	88	ECO:0000269|PubMed:18327897	Phosphoserine	modified_residue
Q4V4I9	35	ECO:0000269|PubMed:21214272, ECO:0000269|PubMed:23293632	Histidine amide	modified_residue
Q4Z8K6	387	ECO:0000269|PubMed:18327897	Phosphoserine	modified_residue
Q4Z8K6	393	ECO:0000269|PubMed:18327897	Phosphoserine	modified_residue
Q4Z8K6	395	ECO:0000269|PubMed:18327897	Phosphoserine	modified_residue
Q59E36	18	ECO:0000269|PubMed:18327897	Phosphoserine	modified_residue
Q59E36	22	ECO:0000269|PubMed:17372656, ECO:0000269|PubMed:18327897	Phosphoserine	modified_residue
Q59E36	25	ECO:0000269|PubMed:18327897	Phosphothreonine	modified_residue
Q59E36	34	ECO:0000269|PubMed:17372656	Phosphoserine	modified_residue
Q59E36	36	ECO:0000269|PubMed:17372656	Phosphoserine	modified_residue
Q59E36	375	ECO:0000269|PubMed:18327897	Phosphothreonine	modified_residue
Q59E36	411	ECO:0000269|PubMed:18327897	Phosphothreonine	modified_residue
Q59E36	414	ECO:0000269|PubMed:18327897	Phosphoserine	modified_residue
Q59E36	560	ECO:0000269|PubMed:17372656	Phosphoserine	modified_residue
Q59E36	65	ECO:0000269|PubMed:18327897	Phosphothreonine	modified_residue
Q59E36	68	ECO:0000269|PubMed:18327897	Phosphoserine	modified_residue
Q59E36	69	ECO:0000269|PubMed:18327897	Phosphoserine	modified_residue
Q6AWG9	1099	ECO:0000269|PubMed:18327897	Phosphoserine	modified_residue
Q6AWG9	453	ECO:0000269|PubMed:18327897	Phosphoserine	modified_residue
Q6AWG9	642	ECO:0000269|PubMed:18327897	Phosphothreonine	modified_residue
Q6AWG9	682	ECO:0000269|PubMed:18327897	Phosphoserine	modified_residue
Q6AWG9	749	ECO:0000269|PubMed:18327897	Phosphoserine	modified_residue
Q6AWG9	753	ECO:0000269|PubMed:18327897	Phosphoserine	modified_residue
Q6AWG9	793	ECO:0000269|PubMed:18327897	Phosphoserine	modified_residue
Q6AWG9	799	ECO:0000269|PubMed:18327897	Phosphoserine	modified_residue
Q6AWJ9	678	ECO:0000269|PubMed:18327897	Phosphoserine	modified_residue
Q6IGX9	38	ECO:0000250|UniProtKB:E2ASG4	Phenylalanine amide	modified_residue
Q6NLL1	488	ECO:0000269|PubMed:18327897	Phosphothreonine	modified_residue
Q6NLL1	553	ECO:0000269|PubMed:17372656	Phosphoserine	modified_residue
Q6NN85	719	ECO:0000269|PubMed:18327897	Phosphoserine	modified_residue
Q70PP2	70	ECO:0000269|PubMed:18327897	Phosphoserine	modified_residue
Q7JRJ1	194	ECO:0000269|PubMed:18327897	Phosphoserine	modified_residue
Q7JUR5	115	ECO:0000269|PubMed:18327897	Phosphotyrosine	modified_residue
Q7JUR5	116	ECO:0000269|PubMed:18327897	Phosphoserine	modified_residue
Q7JUX9	50	ECO:0000269|PubMed:18327897	Phosphoserine	modified_residue
Q7JUX9	57	ECO:0000269|PubMed:18327897	Phosphoserine	modified_residue
Q7JUX9	60	ECO:0000269|PubMed:18327897	Phosphothreonine	modified_residue
Q7JUX9	62	ECO:0000269|PubMed:18327897	Phosphoserine	modified_residue
Q7JUY7	338	ECO:0000269|PubMed:17372656, ECO:0000269|PubMed:18327897	Phosphoserine	modified_residue
Q7JUY7	374	ECO:0000269|PubMed:18327897	Phosphoserine	modified_residue
Q7JUY7	376	ECO:0000269|PubMed:18327897	Phosphoserine	modified_residue
Q7JUY7	378	ECO:0000269|PubMed:18327897	Phosphoserine	modified_residue
Q7JUY7	469	ECO:0000269|PubMed:17372656	Phosphoserine	modified_residue
Q7JUY7	480	ECO:0000269|PubMed:17372656	Phosphothreonine	modified_residue
Q7JW27	491	ECO:0000269|PubMed:18327897	Phosphoserine	modified_residue
Q7JWR9	218	ECO:0000269|PubMed:18327897	Phosphothreonine	modified_residue
Q7JWR9	221	ECO:0000269|PubMed:18327897	Phosphoserine	modified_residue
Q7K0L4	36	ECO:0000269|PubMed:18327897	Phosphoserine	modified_residue
Q7K0L4	40	ECO:0000269|PubMed:18327897	Phosphoserine	modified_residue
Q7K2B0	75	ECO:0000269|PubMed:18327897	Phosphoserine	modified_residue
Q7K2B0	76	ECO:0000269|PubMed:18327897	Phosphoserine	modified_residue
Q7K2D2	49	ECO:0000269|PubMed:18327897	Phosphoserine	modified_residue
Q7K2D2	58	ECO:0000269|PubMed:18327897	Phosphoserine	modified_residue
Q7K2D2	86	ECO:0000269|PubMed:18327897	Phosphoserine	modified_residue
Q7K2G1	185	ECO:0000269|PubMed:17372656	Phosphoserine	modified_residue
Q7K2G1	196	ECO:0000269|PubMed:18327897	Phosphothreonine	modified_residue
Q7K2G1	205	ECO:0000269|PubMed:18327897	Phosphothreonine	modified_residue
Q7K2G1	207	ECO:0000269|PubMed:18327897	Phosphoserine	modified_residue
Q7K2G1	217	ECO:0000269|PubMed:17372656, ECO:0000269|PubMed:18327897	Phosphoserine	modified_residue
Q7K2G1	218	ECO:0000269|PubMed:17372656	Phosphoserine	modified_residue
Q7K2G1	219	ECO:0000269|PubMed:17372656, ECO:0000269|PubMed:18327897	Phosphoserine	modified_residue
Q7K2G1	367	ECO:0000269|PubMed:18327897	Phosphothreonine	modified_residue
Q7K2G1	6	ECO:0000269|PubMed:17372656, ECO:0000269|PubMed:18327897	Phosphoserine	modified_residue
Q7K3L1	170	ECO:0000269|PubMed:18327897	Phosphoserine	modified_residue
Q7K3L1	172	ECO:0000269|PubMed:18327897	Phosphotyrosine	modified_residue
Q7K3L1	444	ECO:0000269|PubMed:18327897	Phosphoserine	modified_residue
Q7K3L1	49	ECO:0000269|PubMed:18327897	Phosphoserine	modified_residue
Q7K3L1	51	ECO:0000269|PubMed:18327897	Phosphothreonine	modified_residue
Q7K3L1	519	ECO:0000269|PubMed:18327897	Phosphothreonine	modified_residue
Q7K3L1	554	ECO:0000269|PubMed:17372656, ECO:0000269|PubMed:18327897	Phosphoserine	modified_residue
Q7K3L1	76	ECO:0000269|PubMed:17372656	Phosphoserine	modified_residue
Q7K3L1	785	ECO:0000269|PubMed:18327897	Phosphoserine	modified_residue
Q7K3L1	792	ECO:0000269|PubMed:18327897	Phosphoserine	modified_residue
Q7K3L1	826	ECO:0000269|PubMed:18327897	Phosphothreonine	modified_residue
Q7K480	1116	ECO:0000269|PubMed:18327897	Phosphothreonine	modified_residue
Q7K480	1123	ECO:0000269|PubMed:18327897	Phosphoserine	modified_residue
Q7K480	1242	ECO:0000269|PubMed:18327897	Phosphoserine	modified_residue
Q7K480	1251	ECO:0000269|PubMed:18327897	Phosphoserine	modified_residue
Q7K480	688	ECO:0000269|PubMed:18327897	Phosphoserine	modified_residue
Q7K486	9	ECO:0000269|PubMed:18327897	Phosphothreonine	modified_residue
Q7K4H4	131	ECO:0000269|PubMed:18327897	Phosphoserine	modified_residue
Q7K4H4	137	ECO:0000269|PubMed:17372656	Phosphothreonine	modified_residue
Q7K4H4	138	ECO:0000269|PubMed:17372656, ECO:0000269|PubMed:18327897	Phosphoserine	modified_residue
Q7K4H4	44	ECO:0000269|PubMed:18327897	Phosphoserine	modified_residue
Q7K4N3	9	ECO:0000269|PubMed:18327897	Phosphothreonine	modified_residue
Q7K4Q5	289	ECO:0000269|PubMed:17372656	Phosphoserine	modified_residue
Q7K4Q5	306	ECO:0000269|PubMed:18327897	Phosphoserine	modified_residue
Q7K4Q5	592	ECO:0000269|PubMed:18327897	Phosphoserine	modified_residue
Q7K4Q5	594	ECO:0000269|PubMed:18327897	Phosphoserine	modified_residue
Q7K4Q5	599	ECO:0000269|PubMed:18327897	Phosphoserine	modified_residue
Q7K4Q5	637	ECO:0000269|PubMed:18327897	Phosphothreonine	modified_residue
Q7K4Q5	639	ECO:0000269|PubMed:18327897	Phosphoserine	modified_residue
Q7K4Q5	641	ECO:0000269|PubMed:18327897	Phosphoserine	modified_residue
Q7KKH3	234	ECO:0000269|PubMed:18327897	Phosphothreonine	modified_residue
Q7KKH3	236	ECO:0000269|PubMed:18327897	Phosphoserine	modified_residue
Q7KLV9	24	ECO:0000269|PubMed:18327897	Phosphoserine	modified_residue
Q7KML2	544	ECO:0000269|PubMed:17372656	Phosphotyrosine	modified_residue
Q7KML2	551	ECO:0000269|PubMed:17372656	Phosphoserine	modified_residue
Q7KN62	716	ECO:0000269|PubMed:17372656	Phosphoserine	modified_residue
Q7KN79	345	ECO:0000269|PubMed:18327897	Phosphoserine	modified_residue
Q7KN79	369	ECO:0000269|PubMed:18327897	Phosphoserine	modified_residue
Q7KN79	370	ECO:0000269|PubMed:18327897	Phosphoserine	modified_residue
Q7KN79	424	ECO:0000269|PubMed:18327897	Phosphoserine	modified_residue
Q7KN79	427	ECO:0000269|PubMed:18327897	Phosphoserine	modified_residue
Q7KN90	297	ECO:0000269|PubMed:17372656	Phosphoserine	modified_residue
Q7KNA0	346	ECO:0000269|PubMed:17372656, ECO:0000269|PubMed:18327897	Phosphoserine	modified_residue
Q7KQM6	1007	ECO:0000269|PubMed:18327897	Phosphoserine	modified_residue
Q7KQM6	1370	ECO:0000269|PubMed:18327897	Phosphoserine	modified_residue
Q7KQM6	272	ECO:0000269|PubMed:18327897	Phosphoserine	modified_residue
Q7KQM6	291	ECO:0000269|PubMed:17372656	Phosphoserine	modified_residue
Q7KQM6	399	ECO:0000269|PubMed:18327897	Phosphoserine	modified_residue
Q7KQM6	403	ECO:0000269|PubMed:18327897	Phosphoserine	modified_residue
Q7KQM6	407	ECO:0000269|PubMed:18327897	Phosphoserine	modified_residue
Q7KQM6	412	ECO:0000269|PubMed:18327897	Phosphothreonine	modified_residue
Q7KRR5	126	ECO:0000269|PubMed:18327897	Phosphoserine	modified_residue
Q7KRW8	122	ECO:0000269|PubMed:18327897	Phosphoserine	modified_residue
Q7KRW8	148	ECO:0000269|PubMed:18327897	Phosphoserine	modified_residue
Q7KRW8	158	ECO:0000269|PubMed:18327897	Phosphoserine	modified_residue
Q7KRW8	252	ECO:0000269|PubMed:17372656	Phosphoserine	modified_residue
Q7KRW8	308	ECO:0000269|PubMed:18327897	Phosphoserine	modified_residue
Q7KRW8	313	ECO:0000269|PubMed:18327897	Phosphoserine	modified_residue
Q7KRY6	376	ECO:0000269|PubMed:18327897	Phosphoserine	modified_residue
Q7KRY6	381	ECO:0000269|PubMed:18327897	Phosphoserine	modified_residue
Q7KRY6	382	ECO:0000269|PubMed:18327897	Phosphoserine	modified_residue
Q7KRY6	388	ECO:0000269|PubMed:18327897	Phosphoserine	modified_residue
Q7KRY6	390	ECO:0000269|PubMed:18327897	Phosphoserine	modified_residue
Q7KRY6	483	ECO:0000269|PubMed:18327897	Phosphoserine	modified_residue
Q7KRY6	564	ECO:0000269|PubMed:18327897	Phosphoserine	modified_residue
Q7KRY6	586	ECO:0000269|PubMed:18327897	Phosphoserine	modified_residue
Q7KRY6	589	ECO:0000269|PubMed:18327897	Phosphothreonine	modified_residue
Q7KRY7	1031	ECO:0000269|PubMed:18327897	Phosphoserine	modified_residue
Q7KRY7	1041	ECO:0000269|PubMed:18327897	Phosphoserine	modified_residue
Q7KRY7	1475	ECO:0000269|PubMed:18327897	Phosphoserine	modified_residue
Q7KRY7	1477	ECO:0000269|PubMed:18327897	Phosphoserine	modified_residue
Q7KRY7	1478	ECO:0000269|PubMed:18327897	Phosphoserine	modified_residue
Q7KRY7	1599	ECO:0000269|PubMed:18327897	Phosphothreonine	modified_residue
Q7KRY7	433	ECO:0000269|PubMed:18327897	Phosphoserine	modified_residue
Q7KRY7	435	ECO:0000269|PubMed:18327897	Phosphoserine	modified_residue
Q7KRY7	700	ECO:0000269|PubMed:18327897	Phosphoserine	modified_residue
Q7KRY7	702	ECO:0000269|PubMed:18327897	Phosphoserine	modified_residue
Q7KRY7	705	ECO:0000269|PubMed:18327897	Phosphoserine	modified_residue
Q7KRY7	834	ECO:0000269|PubMed:18327897	Phosphoserine	modified_residue
Q7KRY7	837	ECO:0000269|PubMed:18327897	Phosphoserine	modified_residue
Q7KT91	214	ECO:0000269|PubMed:18327897	Phosphoserine	modified_residue
Q7KT91	667	ECO:0000269|PubMed:18327897	Phosphoserine	modified_residue
Q7KT91	669	ECO:0000269|PubMed:18327897	Phosphoserine	modified_residue
Q7KTX7	187	ECO:0000269|PubMed:24901221	Phosphothreonine; by Pink1	modified_residue
Q7KTX7	94	ECO:0000269|PubMed:24901221	Phosphoserine; by Pink1	modified_residue
Q7KTX8	2472	ECO:0000269|PubMed:18327897	Phosphoserine	modified_residue
Q7KTX8	2475	ECO:0000269|PubMed:18327897	Phosphoserine	modified_residue
Q7KTX8	571	ECO:0000269|PubMed:18327897	Phosphothreonine	modified_residue
Q7KTX8	575	ECO:0000269|PubMed:18327897	Phosphothreonine	modified_residue
Q7KU86	101	ECO:0000255|HAMAP-Rule:MF_03048	1-thioglycine	modified_residue
Q7M3M8	211	ECO:0000269|PubMed:17372656	Phosphothreonine	modified_residue
Q7M3M8	215	ECO:0000269|PubMed:17372656	Phosphoserine	modified_residue
Q7PLI2	1986	ECO:0000269|PubMed:18327897	Phosphoserine	modified_residue
Q7PLI2	1991	ECO:0000269|PubMed:18327897	Phosphoserine	modified_residue
Q7PLI2	2066	ECO:0000269|PubMed:18327897	Phosphoserine	modified_residue
Q7PLI2	2067	ECO:0000269|PubMed:18327897	Phosphothreonine	modified_residue
Q7PLI7	100	ECO:0000269|PubMed:18327897	Phosphothreonine	modified_residue
Q7PLI7	67	ECO:0000269|PubMed:18327897	Phosphoserine	modified_residue
Q7PLI7	70	ECO:0000269|PubMed:18327897	Phosphoserine	modified_residue
Q7PLI7	73	ECO:0000269|PubMed:18327897	Phosphoserine	modified_residue
Q7PLI7	87	ECO:0000269|PubMed:18327897	Phosphoserine	modified_residue
Q7PLI7	88	ECO:0000269|PubMed:18327897	Phosphoserine	modified_residue
Q7PLI7	89	ECO:0000269|PubMed:18327897	Phosphoserine	modified_residue
Q7PLI7	91	ECO:0000269|PubMed:18327897	Phosphothreonine	modified_residue
Q7PLI7	93	ECO:0000269|PubMed:18327897	Phosphoserine	modified_residue
Q7PLK0	4	ECO:0000269|PubMed:19959991, ECO:0000269|PubMed:26212455	Symmetric dimethylarginine	modified_residue
Q7PLK0	68	ECO:0000269|PubMed:19959991, ECO:0000269|PubMed:26212455	Symmetric dimethylarginine	modified_residue
Q7PLK0	70	ECO:0000269|PubMed:19959991, ECO:0000269|PubMed:26212455	Symmetric dimethylarginine	modified_residue
Q7PLS8	1038	ECO:0007744|PubMed:18327897	Phosphoserine	modified_residue
Q7PLS8	1039	ECO:0007744|PubMed:18327897	Phosphoserine	modified_residue
Q7PLS8	1043	ECO:0007744|PubMed:18327897	Phosphoserine	modified_residue
Q7PLS8	1044	ECO:0007744|PubMed:18327897	Phosphoserine	modified_residue
Q7YU24	38	ECO:0000269|PubMed:18327897	Phosphoserine	modified_residue
Q7YU24	553	ECO:0000269|PubMed:18327897	Phosphothreonine	modified_residue
Q7YU24	554	ECO:0000269|PubMed:18327897	Phosphoserine	modified_residue
Q7YU24	555	ECO:0000269|PubMed:18327897	Phosphothreonine	modified_residue
Q7YU24	8	ECO:0000269|PubMed:18327897	Phosphothreonine	modified_residue
Q7YU29	761	ECO:0000269|PubMed:18327897	Phosphoserine	modified_residue
Q7YZA2	449	ECO:0000269|PubMed:18327897	Phosphoserine	modified_residue
Q7YZA2	451	ECO:0000269|PubMed:18327897	Phosphoserine	modified_residue
Q7YZA2	453	ECO:0000269|PubMed:18327897	Phosphoserine	modified_residue
Q7YZA2	455	ECO:0000269|PubMed:18327897	Phosphoserine	modified_residue
Q7YZA2	549	ECO:0000269|PubMed:18327897	Phosphotyrosine	modified_residue
Q7YZA2	573	ECO:0000269|PubMed:18327897	Phosphoserine	modified_residue
Q7YZA2	589	ECO:0000269|PubMed:17372656	Phosphoserine	modified_residue
Q7YZA2	970	ECO:0000269|PubMed:18327897	Phosphothreonine	modified_residue
Q7YZA2	972	ECO:0000269|PubMed:18327897	Phosphoserine	modified_residue
Q7YZH1	1346	ECO:0000269|PubMed:18327897	Phosphothreonine	modified_residue
Q7YZH1	1352	ECO:0000269|PubMed:18327897	Phosphoserine	modified_residue
Q7YZH1	1364	ECO:0000269|PubMed:18327897	Phosphothreonine	modified_residue
Q7YZH1	1456	ECO:0000269|PubMed:18327897	Phosphothreonine	modified_residue
Q7YZH1	2880	ECO:0000269|PubMed:18327897	Phosphoserine	modified_residue
Q7YZH1	2881	ECO:0000269|PubMed:18327897	Phosphoserine	modified_residue
Q7YZH1	3104	ECO:0000269|PubMed:18327897	Phosphoserine	modified_residue
Q7YZH1	3110	ECO:0000269|PubMed:18327897	Phosphoserine	modified_residue
Q86B47	210	ECO:0000269|PubMed:18327897	Phosphoserine	modified_residue
Q86B47	220	ECO:0000269|PubMed:18327897	Phosphoserine	modified_residue
Q86B47	224	ECO:0000269|PubMed:18327897	Phosphoserine	modified_residue
Q86B47	667	ECO:0000269|PubMed:17372656	Phosphoserine	modified_residue
Q86B47	75	ECO:0000269|PubMed:18327897	Phosphoserine	modified_residue
Q86B47	99	ECO:0000269|PubMed:18327897	Phosphoserine	modified_residue
Q86B79	411	ECO:0000269|PubMed:17372656	Phosphoserine	modified_residue
Q86B87	230	ECO:0000269|PubMed:18327897	Phosphoserine	modified_residue
Q86BA1	1049	ECO:0000269|PubMed:18327897	Phosphothreonine	modified_residue
Q86BA1	1194	ECO:0000269|PubMed:18327897	Phosphoserine	modified_residue
Q86BA1	1199	ECO:0000269|PubMed:18327897	Phosphoserine	modified_residue
Q86BA1	1212	ECO:0000269|PubMed:18327897	Phosphoserine	modified_residue
Q86BA1	4349	ECO:0000269|PubMed:18327897	Phosphoserine	modified_residue
Q86BA1	4353	ECO:0000269|PubMed:18327897	Phosphoserine	modified_residue
Q86BA1	4426	ECO:0000269|PubMed:18327897	Phosphoserine	modified_residue
Q86BY9	289	ECO:0000269|PubMed:18327897	Phosphoserine	modified_residue
Q86BY9	290	ECO:0000269|PubMed:18327897	Phosphoserine	modified_residue
Q86BY9	351	ECO:0000269|PubMed:18327897	Phosphoserine	modified_residue
Q86BY9	354	ECO:0000269|PubMed:18327897	Phosphoserine	modified_residue
Q86BY9	355	ECO:0000269|PubMed:18327897	Phosphothreonine	modified_residue
Q86BY9	357	ECO:0000269|PubMed:18327897	Phosphoserine	modified_residue
Q86BY9	411	ECO:0000269|PubMed:18327897	Phosphothreonine	modified_residue
Q86DS1	80	ECO:0000269|PubMed:17372656	Phosphoserine	modified_residue
Q86PC9	153	ECO:0000269|PubMed:18327897	Phosphoserine	modified_residue
Q86S05	321	ECO:0000269|PubMed:18327897	Phosphotyrosine	modified_residue
Q86S05	324	ECO:0000269|PubMed:18327897	Phosphoserine	modified_residue
Q86S05	672	ECO:0000269|PubMed:17372656	Phosphoserine	modified_residue
Q86S05	673	ECO:0000269|PubMed:17372656	Phosphothreonine	modified_residue
Q86S05	674	ECO:0000269|PubMed:17372656	Phosphoserine	modified_residue
Q8I0P1	439	ECO:0000269|PubMed:18327897	Phosphothreonine	modified_residue
Q8I7C3	505	ECO:0000269|PubMed:17372656	Phosphoserine	modified_residue
Q8I7C3	530	ECO:0000269|PubMed:17372656, ECO:0000269|PubMed:18327897	Phosphoserine	modified_residue
Q8IH00	35	ECO:0000269|PubMed:18327897	Phosphoserine	modified_residue
Q8IN94	1930	ECO:0000269|PubMed:18327897	Phosphoserine	modified_residue
Q8IN94	1932	ECO:0000269|PubMed:18327897	Phosphoserine	modified_residue
Q8IN94	2081	ECO:0000269|PubMed:18327897	Phosphoserine	modified_residue
Q8IN94	2168	ECO:0000269|PubMed:18327897	Phosphoserine	modified_residue
Q8IN94	2169	ECO:0000269|PubMed:18327897	Phosphoserine	modified_residue
Q8IN94	2176	ECO:0000269|PubMed:18327897	Phosphothreonine	modified_residue
Q8IN94	2181	ECO:0000269|PubMed:18327897	Phosphoserine	modified_residue
Q8IN94	384	ECO:0000269|PubMed:18327897	Phosphothreonine	modified_residue
Q8IN94	747	ECO:0000269|PubMed:18327897	Phosphothreonine	modified_residue
Q8INB9	30	ECO:0000269|PubMed:18327897	Phosphoserine	modified_residue
Q8INB9	586	ECO:0000269|PubMed:10962553, ECO:0000269|PubMed:15718470, ECO:0000269|PubMed:25329475	Phosphoserine	modified_residue
Q8INM3	1004	ECO:0000269|PubMed:18327897	Phosphoserine	modified_residue
Q8INM3	1032	ECO:0000269|PubMed:17372656	Phosphoserine	modified_residue
Q8INM3	1051	ECO:0000269|PubMed:18327897	Phosphoserine	modified_residue
Q8INM3	1053	ECO:0000269|PubMed:18327897	Phosphoserine	modified_residue
Q8INM3	1055	ECO:0000269|PubMed:17372656, ECO:0000269|PubMed:18327897	Phosphoserine	modified_residue
Q8INM3	111	ECO:0000269|PubMed:18327897	Phosphoserine	modified_residue
Q8INM3	113	ECO:0000269|PubMed:18327897	Phosphoserine	modified_residue
Q8INM3	115	ECO:0000269|PubMed:18327897	Phosphoserine	modified_residue
Q8INM3	1150	ECO:0000269|PubMed:18327897	Phosphoserine	modified_residue
Q8INM3	1153	ECO:0000269|PubMed:18327897	Phosphoserine	modified_residue
Q8INM3	1158	ECO:0000269|PubMed:18327897	Phosphothreonine	modified_residue
Q8INM3	12	ECO:0000269|PubMed:18327897	Phosphoserine	modified_residue
Q8INM3	1229	ECO:0000269|PubMed:17372656	Phosphoserine	modified_residue
Q8INM3	130	ECO:0000269|PubMed:17372656, ECO:0000269|PubMed:18327897	Phosphoserine	modified_residue
Q8INM3	1310	ECO:0000269|PubMed:18327897	Phosphoserine	modified_residue
Q8INM3	1314	ECO:0000269|PubMed:18327897	Phosphoserine	modified_residue
Q8INM3	1315	ECO:0000269|PubMed:18327897	Phosphoserine	modified_residue
Q8INM3	132	ECO:0000269|PubMed:18327897	Phosphoserine	modified_residue
Q8INM3	134	ECO:0000269|PubMed:18327897	Phosphoserine	modified_residue
Q8INM3	140	ECO:0000269|PubMed:18327897	Phosphothreonine	modified_residue
Q8INM3	145	ECO:0000269|PubMed:18327897	Phosphoserine	modified_residue
Q8INM3	153	ECO:0000269|PubMed:18327897	Phosphoserine	modified_residue
Q8INM3	155	ECO:0000269|PubMed:18327897	Phosphoserine	modified_residue
Q8INM3	157	ECO:0000269|PubMed:18327897	Phosphothreonine	modified_residue
Q8INM3	175	ECO:0000269|PubMed:18327897	Phosphoserine	modified_residue
Q8INM3	18	ECO:0000269|PubMed:18327897	Phosphoserine	modified_residue
Q8INM3	21	ECO:0000269|PubMed:18327897	Phosphoserine	modified_residue
Q8INM3	233	ECO:0000269|PubMed:18327897	Phosphoserine	modified_residue
Q8INM3	27	ECO:0000269|PubMed:18327897	Phosphothreonine	modified_residue
Q8INM3	307	ECO:0000269|PubMed:18327897	Phosphothreonine	modified_residue
Q8INM3	312	ECO:0000269|PubMed:18327897	Phosphoserine	modified_residue
Q8INM3	33	ECO:0000269|PubMed:18327897	Phosphothreonine	modified_residue
Q8INM3	348	ECO:0000269|PubMed:18327897	Phosphothreonine	modified_residue
Q8INM3	35	ECO:0000269|PubMed:18327897	Phosphoserine	modified_residue
Q8INM3	352	ECO:0000269|PubMed:18327897	Phosphothreonine	modified_residue
Q8INM3	394	ECO:0000269|PubMed:18327897	Phosphothreonine	modified_residue
Q8INM3	395	ECO:0000269|PubMed:18327897	Phosphoserine	modified_residue
Q8INM3	401	ECO:0000269|PubMed:18327897	Phosphoserine	modified_residue
Q8INM3	413	ECO:0000269|PubMed:18327897	Phosphoserine	modified_residue
Q8INM3	42	ECO:0000269|PubMed:18327897	Phosphothreonine	modified_residue
Q8INM3	454	ECO:0000269|PubMed:18327897	Phosphoserine	modified_residue
Q8INM3	46	ECO:0000269|PubMed:18327897	Phosphoserine	modified_residue
Q8INM3	462	ECO:0000269|PubMed:18327897	Phosphoserine	modified_residue
Q8INM3	53	ECO:0000269|PubMed:18327897	Phosphothreonine	modified_residue
Q8INM3	530	ECO:0000269|PubMed:18327897	Phosphothreonine	modified_residue
Q8INM3	535	ECO:0000269|PubMed:18327897	Phosphothreonine	modified_residue
Q8INM3	547	ECO:0000269|PubMed:18327897	Phosphoserine	modified_residue
Q8INM3	548	ECO:0000269|PubMed:18327897	Phosphoserine	modified_residue
Q8INM3	55	ECO:0000269|PubMed:18327897	Phosphothreonine	modified_residue
Q8INM3	560	ECO:0000269|PubMed:17372656, ECO:0000269|PubMed:18327897	Phosphoserine	modified_residue
Q8INM3	562	ECO:0000269|PubMed:17372656, ECO:0000269|PubMed:18327897	Phosphoserine	modified_residue
Q8INM3	563	ECO:0000269|PubMed:17372656, ECO:0000269|PubMed:18327897	Phosphothreonine	modified_residue
Q8INM3	595	ECO:0000269|PubMed:18327897	Phosphoserine	modified_residue
Q8INM3	61	ECO:0000269|PubMed:18327897	Phosphoserine	modified_residue
Q8INM3	612	ECO:0000269|PubMed:17372656, ECO:0000269|PubMed:18327897	Phosphoserine	modified_residue
Q8INM3	635	ECO:0000269|PubMed:18327897	Phosphoserine	modified_residue
Q8INM3	637	ECO:0000269|PubMed:18327897	Phosphoserine	modified_residue
Q8INM3	653	ECO:0000269|PubMed:18327897	Phosphoserine	modified_residue
Q8INM3	656	ECO:0000269|PubMed:18327897	Phosphoserine	modified_residue
Q8INM3	659	ECO:0000269|PubMed:18327897	Phosphoserine	modified_residue
Q8INM3	660	ECO:0000269|PubMed:18327897	Phosphoserine	modified_residue
Q8INM3	67	ECO:0000269|PubMed:18327897	Phosphothreonine	modified_residue
Q8INM3	72	ECO:0000269|PubMed:18327897	Phosphothreonine	modified_residue
Q8INM3	742	ECO:0000269|PubMed:18327897	Phosphoserine	modified_residue
Q8INM3	744	ECO:0000269|PubMed:18327897	Phosphoserine	modified_residue
Q8INM3	75	ECO:0000269|PubMed:18327897	Phosphoserine	modified_residue
Q8INM3	754	ECO:0000269|PubMed:18327897	Phosphoserine	modified_residue
Q8INM3	758	ECO:0000269|PubMed:18327897	Phosphoserine	modified_residue
Q8INM3	759	ECO:0000269|PubMed:18327897	Phosphoserine	modified_residue
Q8INM3	763	ECO:0000269|PubMed:18327897	Phosphothreonine	modified_residue
Q8INM3	789	ECO:0000269|PubMed:18327897	Phosphoserine	modified_residue
Q8INM3	794	ECO:0000269|PubMed:18327897	Phosphoserine	modified_residue
Q8INM3	796	ECO:0000269|PubMed:17372656, ECO:0000269|PubMed:18327897	Phosphoserine	modified_residue
Q8INM3	820	ECO:0000269|PubMed:18327897	Phosphothreonine	modified_residue
Q8INM3	827	ECO:0000269|PubMed:18327897	Phosphoserine	modified_residue
Q8INM3	833	ECO:0000269|PubMed:18327897	Phosphoserine	modified_residue
Q8INM3	834	ECO:0000269|PubMed:18327897	Phosphoserine	modified_residue
Q8INM3	842	ECO:0000269|PubMed:18327897	Phosphothreonine	modified_residue
Q8INM3	852	ECO:0000269|PubMed:18327897	Phosphoserine	modified_residue
Q8INM3	859	ECO:0000269|PubMed:18327897	Phosphoserine	modified_residue
Q8INM3	870	ECO:0000269|PubMed:18327897	Phosphoserine	modified_residue
Q8INM3	889	ECO:0000269|PubMed:17372656, ECO:0000269|PubMed:18327897	Phosphoserine	modified_residue
Q8INM3	902	ECO:0000269|PubMed:18327897	Phosphoserine	modified_residue
Q8INM3	904	ECO:0000269|PubMed:18327897	Phosphotyrosine	modified_residue
Q8INM3	946	ECO:0000269|PubMed:18327897	Phosphoserine	modified_residue
Q8INM3	952	ECO:0000269|PubMed:18327897	Phosphoserine	modified_residue
Q8INM3	956	ECO:0000269|PubMed:18327897	Phosphoserine	modified_residue
Q8INM3	999	ECO:0000269|PubMed:17372656, ECO:0000269|PubMed:18327897	Phosphoserine	modified_residue
Q8INR6	1318	ECO:0000269|PubMed:18327897	Phosphoserine	modified_residue
Q8INR6	1324	ECO:0000269|PubMed:18327897	Phosphoserine	modified_residue
Q8INR6	1325	ECO:0000269|PubMed:18327897	Phosphoserine	modified_residue
Q8INR6	491	ECO:0000269|PubMed:18327897	Phosphoserine	modified_residue
Q8INR6	492	ECO:0000269|PubMed:18327897	Phosphoserine	modified_residue
Q8INR6	494	ECO:0000269|PubMed:18327897	Phosphoserine	modified_residue
Q8IPH9	54	ECO:0000269|PubMed:10230800	Phosphoserine	modified_residue
Q8IPH9	79	ECO:0000269|PubMed:10230800	Phosphoserine	modified_residue
Q8IPM8	139	ECO:0000255	Cysteine methyl ester	modified_residue
Q8IQ56	25	ECO:0000269|PubMed:18327897	Phosphoserine	modified_residue
Q8IQG9	62	ECO:0000250|UniProtKB:P00568	Phosphoserine	modified_residue
Q8IR79	1000	ECO:0000269|PubMed:17372656	Phosphoserine	modified_residue
Q8IRB5	109	ECO:0000269|PubMed:18327897	Phosphoserine	modified_residue
Q8IRB5	1093	ECO:0000269|PubMed:18327897	Phosphoserine	modified_residue
Q8IRB5	1094	ECO:0000269|PubMed:18327897	Phosphoserine	modified_residue
Q8IRB5	114	ECO:0000269|PubMed:18327897	Phosphoserine	modified_residue
Q8IRB5	1287	ECO:0000269|PubMed:18327897	Phosphoserine	modified_residue
Q8IRB5	350	ECO:0000269|PubMed:17372656, ECO:0000269|PubMed:18327897	Phosphoserine	modified_residue
Q8IRB5	354	ECO:0000269|PubMed:18327897	Phosphoserine	modified_residue
Q8IRB5	381	ECO:0000269|PubMed:18327897	Phosphoserine	modified_residue
Q8IRB5	404	ECO:0000269|PubMed:18327897	Phosphoserine	modified_residue
Q8IRB5	406	ECO:0000269|PubMed:18327897	Phosphoserine	modified_residue
Q8IRB5	432	ECO:0000269|PubMed:18327897	Phosphoserine	modified_residue
Q8IRB5	434	ECO:0000269|PubMed:18327897	Phosphoserine	modified_residue
Q8IRB5	444	ECO:0000269|PubMed:18327897	Phosphoserine	modified_residue
Q8IRB5	45	ECO:0000269|PubMed:18327897	Phosphoserine	modified_residue
Q8IRB5	456	ECO:0000269|PubMed:18327897	Phosphoserine	modified_residue
Q8IRB5	458	ECO:0000269|PubMed:18327897	Phosphoserine	modified_residue
Q8IRB5	468	ECO:0000269|PubMed:18327897	Phosphoserine	modified_residue
Q8IRB5	49	ECO:0000269|PubMed:18327897	Phosphoserine	modified_residue
Q8IRB5	52	ECO:0000269|PubMed:18327897	Phosphoserine	modified_residue
Q8IRB5	64	ECO:0000269|PubMed:18327897	Phosphoserine	modified_residue
Q8IRB5	693	ECO:0000269|PubMed:18327897	Phosphothreonine	modified_residue
Q8IRB5	75	ECO:0000269|PubMed:18327897	Phosphoserine	modified_residue
Q8IRB5	963	ECO:0000269|PubMed:17372656, ECO:0000269|PubMed:18327897	Phosphoserine	modified_residue
Q8IRB5	973	ECO:0000269|PubMed:18327897	Phosphothreonine	modified_residue
Q8IRB5	990	ECO:0000269|PubMed:18327897	Phosphoserine	modified_residue
Q8IRC7	126	ECO:0000269|PubMed:18327897	Phosphothreonine	modified_residue
Q8IRG6	437	ECO:0000269|PubMed:18327897	Phosphoserine	modified_residue
Q8IRH5	109	ECO:0000269|PubMed:17372656, ECO:0000269|PubMed:18327897	Phosphoserine	modified_residue
Q8IRH5	153	ECO:0000269|PubMed:18327897	Phosphoserine	modified_residue
Q8IRH5	176	ECO:0000269|PubMed:18327897	Phosphoserine	modified_residue
Q8IRH5	180	ECO:0000269|PubMed:18327897	Phosphothreonine	modified_residue
Q8IRH5	188	ECO:0000269|PubMed:18327897	Phosphothreonine	modified_residue
Q8IRH5	600	ECO:0000269|PubMed:18327897	Phosphoserine	modified_residue
Q8IRH5	642	ECO:0000269|PubMed:18327897	Phosphoserine	modified_residue
Q8IRH5	646	ECO:0000269|PubMed:18327897	Phosphoserine	modified_residue
Q8IRH5	647	ECO:0000269|PubMed:18327897	Phosphothreonine	modified_residue
Q8IRH5	654	ECO:0000269|PubMed:18327897	Phosphoserine	modified_residue
Q8IRJ8	216	ECO:0000269|PubMed:18327897	Phosphoserine	modified_residue
Q8IRJ8	229	ECO:0000269|PubMed:18327897	Phosphoserine	modified_residue
Q8IRJ8	256	ECO:0000269|PubMed:18327897	Phosphoserine	modified_residue
Q8IRJ8	260	ECO:0000269|PubMed:18327897	Phosphoserine	modified_residue
Q8IRW8	1486	ECO:0000269|PubMed:18327897	Phosphothreonine	modified_residue
Q8IRW8	1488	ECO:0000269|PubMed:18327897	Phosphoserine	modified_residue
Q8IRW8	1490	ECO:0000269|PubMed:18327897	Phosphoserine	modified_residue
Q8MLV1	111	ECO:0000269|PubMed:18327897	Phosphoserine	modified_residue
Q8MLV1	135	ECO:0000269|PubMed:18327897	Phosphothreonine	modified_residue
Q8MLV1	144	ECO:0000269|PubMed:18327897	Phosphoserine	modified_residue
Q8MLV1	223	ECO:0000269|PubMed:18327897	Phosphoserine	modified_residue
Q8MLV1	225	ECO:0000269|PubMed:18327897	Phosphoserine	modified_residue
Q8MLV1	234	ECO:0000269|PubMed:18327897	Phosphothreonine	modified_residue
Q8MLV1	237	ECO:0000269|PubMed:18327897	Phosphothreonine	modified_residue
Q8MLV1	243	ECO:0000269|PubMed:18327897	Phosphoserine	modified_residue
Q8MLV1	246	ECO:0000269|PubMed:18327897	Phosphoserine	modified_residue
Q8MLV1	248	ECO:0000269|PubMed:18327897	Phosphoserine	modified_residue
Q8MLV1	250	ECO:0000269|PubMed:18327897	Phosphoserine	modified_residue
Q8MLV1	263	ECO:0000269|PubMed:18327897	Phosphoserine	modified_residue
Q8MLV1	266	ECO:0000269|PubMed:18327897	Phosphothreonine	modified_residue
Q8MLV1	284	ECO:0000269|PubMed:18327897	Phosphoserine	modified_residue
Q8MLV1	288	ECO:0000269|PubMed:18327897	Phosphothreonine	modified_residue
Q8MLV1	291	ECO:0000269|PubMed:18327897	Phosphoserine	modified_residue
Q8MLV1	293	ECO:0000269|PubMed:18327897	Phosphothreonine	modified_residue
Q8MLV1	298	ECO:0000269|PubMed:18327897	Phosphoserine	modified_residue
Q8MLV1	640	ECO:0000269|PubMed:18327897	Phosphoserine	modified_residue
Q8MLV1	642	ECO:0000269|PubMed:18327897	Phosphoserine	modified_residue
Q8MMC4	134	ECO:0000269|PubMed:18327897	Phosphoserine	modified_residue
Q8MR62	63	ECO:0000269|PubMed:18327897	Phosphoserine	modified_residue
Q8MR62	73	ECO:0000269|PubMed:18327897	Phosphoserine	modified_residue
Q8MSS1	122	ECO:0000269|PubMed:18327897	Phosphoserine	modified_residue
Q8MSS1	133	ECO:0000269|PubMed:18327897	Phosphoserine	modified_residue
Q8MSS1	186	ECO:0000269|PubMed:18327897	Phosphoserine	modified_residue
Q8MSS1	34	ECO:0000269|PubMed:18327897	Phosphoserine	modified_residue
Q8MSS1	35	ECO:0000269|PubMed:18327897	Phosphoserine	modified_residue
Q8MSS1	352	ECO:0000269|PubMed:18327897	Phosphoserine	modified_residue
Q8MSS1	354	ECO:0000269|PubMed:18327897	Phosphoserine	modified_residue
Q8MSS1	95	ECO:0000269|PubMed:18327897	Phosphoserine	modified_residue
Q8MSS1	98	ECO:0000269|PubMed:18327897	Phosphoserine	modified_residue
Q8MSV2	125	ECO:0000269|PubMed:17372656	Phosphotyrosine	modified_residue
Q8MSV2	142	ECO:0000269|PubMed:17372656	Phosphotyrosine	modified_residue
Q8MSV2	5	ECO:0000269|PubMed:18327897	Phosphotyrosine	modified_residue
Q8MSX1	267	ECO:0000269|PubMed:18327897	Phosphoserine	modified_residue
Q8MSX1	270	ECO:0000269|PubMed:18327897	Phosphoserine	modified_residue
Q8MSX1	336	ECO:0000269|PubMed:18327897	Phosphoserine	modified_residue
Q8MSX1	535	ECO:0000269|PubMed:18327897	Phosphoserine	modified_residue
Q8MT06	99	ECO:0000269|PubMed:17372656	Phosphoserine	modified_residue
Q8MT36	157	ECO:0000269|PubMed:18327897	Phosphoserine	modified_residue
Q8MT36	158	ECO:0000269|PubMed:18327897	Phosphoserine	modified_residue
Q8MT36	169	ECO:0000269|PubMed:18327897	Phosphoserine	modified_residue
Q8MT36	433	ECO:0000269|PubMed:18327897	Phosphoserine	modified_residue
Q8MT36	579	ECO:0000269|PubMed:18327897	Phosphoserine	modified_residue
Q8MT36	581	ECO:0000269|PubMed:18327897	Phosphoserine	modified_residue
Q8MT36	588	ECO:0000269|PubMed:18327897	Phosphoserine	modified_residue
Q8MT36	604	ECO:0000269|PubMed:18327897	Phosphoserine	modified_residue
Q8MT36	607	ECO:0000269|PubMed:18327897	Phosphothreonine	modified_residue
Q8MT36	721	ECO:0000269|PubMed:18327897	Phosphoserine	modified_residue
Q8MT36	723	ECO:0000269|PubMed:18327897	Phosphothreonine	modified_residue
Q8MT36	834	ECO:0000269|PubMed:18327897	Phosphoserine	modified_residue
Q8SWR8	208	ECO:0000269|PubMed:18327897	Phosphoserine	modified_residue
Q8SWR8	211	ECO:0000269|PubMed:18327897	Phosphoserine	modified_residue
Q8SWR8	221	ECO:0000269|PubMed:18327897	Phosphoserine	modified_residue
Q8SWR8	266	ECO:0000269|PubMed:17372656	Phosphoserine	modified_residue
Q8SWU7	132	ECO:0000269|PubMed:17372656	Phosphothreonine	modified_residue
Q8SX68	586	ECO:0000269|PubMed:17372656	Phosphoserine	modified_residue
Q8SX83	1174	ECO:0000269|PubMed:18327897	Phosphoserine	modified_residue
Q8SX83	1596	ECO:0000269|PubMed:18327897	Phosphoserine	modified_residue
Q8SX83	1600	ECO:0000269|PubMed:18327897	Phosphoserine	modified_residue
Q8SX83	1907	ECO:0000269|PubMed:18327897	Phosphoserine	modified_residue
Q8SX83	1908	ECO:0000269|PubMed:18327897	Phosphoserine	modified_residue
Q8SX83	2276	ECO:0000269|PubMed:18327897	Phosphothreonine	modified_residue
Q8SX83	2277	ECO:0000269|PubMed:18327897	Phosphoserine	modified_residue
Q8SX83	2329	ECO:0000269|PubMed:18327897	Phosphothreonine	modified_residue
Q8SX83	2345	ECO:0000269|PubMed:18327897	Phosphoserine	modified_residue
Q8SX83	2349	ECO:0000269|PubMed:18327897	Phosphoserine	modified_residue
Q8SX83	2351	ECO:0000269|PubMed:18327897	Phosphoserine	modified_residue
Q8SX83	2403	ECO:0000269|PubMed:18327897	Phosphoserine	modified_residue
Q8SX83	2404	ECO:0000269|PubMed:18327897	Phosphoserine	modified_residue
Q8SX83	2407	ECO:0000269|PubMed:18327897	Phosphoserine	modified_residue
Q8SX83	2410	ECO:0000269|PubMed:18327897	Phosphothreonine	modified_residue
Q8SX83	2476	ECO:0000269|PubMed:18327897	Phosphoserine	modified_residue
Q8SX83	2478	ECO:0000269|PubMed:18327897	Phosphothreonine	modified_residue
Q8SX83	2501	ECO:0000269|PubMed:18327897	Phosphoserine	modified_residue
Q8SX83	2502	ECO:0000269|PubMed:18327897	Phosphoserine	modified_residue
Q8SX83	2503	ECO:0000269|PubMed:18327897	Phosphoserine	modified_residue
Q8SX83	2517	ECO:0000269|PubMed:18327897	Phosphoserine	modified_residue
Q8SX83	2518	ECO:0000269|PubMed:18327897	Phosphoserine	modified_residue
Q8SX83	2520	ECO:0000269|PubMed:18327897	Phosphoserine	modified_residue
Q8SX83	2557	ECO:0000269|PubMed:18327897	Phosphoserine	modified_residue
Q8SX83	2558	ECO:0000269|PubMed:18327897	Phosphoserine	modified_residue
Q8SX83	2584	ECO:0000269|PubMed:18327897	Phosphoserine	modified_residue
Q8SX83	2586	ECO:0000269|PubMed:18327897	Phosphoserine	modified_residue
Q8SX83	2588	ECO:0000269|PubMed:18327897	Phosphoserine	modified_residue
Q8SX83	3011	ECO:0000269|PubMed:18327897	Phosphoserine	modified_residue
Q8SX83	3018	ECO:0000269|PubMed:18327897	Phosphoserine	modified_residue
Q8SX83	3125	ECO:0000269|PubMed:18327897	Phosphothreonine	modified_residue
Q8SX83	3408	ECO:0000269|PubMed:18327897	Phosphothreonine	modified_residue
Q8SX83	3411	ECO:0000269|PubMed:18327897	Phosphoserine	modified_residue
Q8SX83	3650	ECO:0000269|PubMed:18327897	Phosphoserine	modified_residue
Q8SX83	3653	ECO:0000269|PubMed:18327897	Phosphoserine	modified_residue
Q8SX83	3657	ECO:0000269|PubMed:18327897	Phosphoserine	modified_residue
Q8SX83	3672	ECO:0000269|PubMed:18327897	Phosphoserine	modified_residue
Q8SX83	3707	ECO:0000269|PubMed:18327897	Phosphoserine	modified_residue
Q8SX83	4938	ECO:0000269|PubMed:18327897	Phosphoserine	modified_residue
Q8SXL2	39	ECO:0000269|PubMed:21214272, ECO:0000269|PubMed:23293632	Histidine amide	modified_residue
Q8SY41	55	ECO:0000269|PubMed:17372656	Phosphoserine	modified_residue
Q8SY41	638	ECO:0000269|PubMed:18327897	Phosphoserine	modified_residue
Q8SZ63	64	ECO:0000269|PubMed:18327897	Phosphoserine	modified_residue
Q8SZ63	74	ECO:0000269|PubMed:18327897	Phosphoserine	modified_residue
Q8T053	316	ECO:0000269|PubMed:18327897	Phosphoserine	modified_residue
Q8T053	319	ECO:0000269|PubMed:18327897	Phosphoserine	modified_residue
Q8T079	10	ECO:0000269|PubMed:18327897	Phosphoserine	modified_residue
Q8T079	224	ECO:0000269|PubMed:18327897	Phosphoserine	modified_residue
Q8T079	228	ECO:0000269|PubMed:18327897	Phosphoserine	modified_residue
Q8T079	243	ECO:0000269|PubMed:18327897	Phosphoserine	modified_residue
Q8T079	8	ECO:0000269|PubMed:18327897	Phosphoserine	modified_residue
Q8T0D4	204	ECO:0000269|PubMed:18327897	Phosphoserine	modified_residue
Q8T0D4	264	ECO:0000269|PubMed:18327897	Phosphoserine	modified_residue
Q8T0S6	195	ECO:0000269|PubMed:22075147	Phosphothreonine; by Tao	modified_residue
Q8T0S6	30	ECO:0000269|PubMed:18327897	Phosphoserine	modified_residue
Q8T0S6	33	ECO:0000269|PubMed:18327897	Phosphoserine	modified_residue
Q8T390	285	ECO:0000269|PubMed:18327897	Phosphoserine	modified_residue
Q8T390	289	ECO:0000269|PubMed:18327897	Phosphoserine	modified_residue
Q8T390	293	ECO:0000269|PubMed:18327897	Phosphoserine	modified_residue
Q8T3U2	62	ECO:0000269|PubMed:24550463	3-hydroxyproline	modified_residue
Q8T498	1158	ECO:0000269|PubMed:18327897	Phosphoserine	modified_residue
Q8T498	1164	ECO:0000269|PubMed:18327897	Phosphoserine	modified_residue
Q8T498	1401	ECO:0000269|PubMed:18327897	Phosphoserine	modified_residue
Q8T498	1403	ECO:0000269|PubMed:18327897	Phosphoserine	modified_residue
Q8T498	164	ECO:0000269|PubMed:18327897	Phosphoserine	modified_residue
Q8T498	167	ECO:0000269|PubMed:18327897	Phosphothreonine	modified_residue
Q8T498	221	ECO:0000269|PubMed:18327897	Phosphoserine	modified_residue
Q8T498	224	ECO:0000269|PubMed:18327897	Phosphoserine	modified_residue
Q8T4F7	425	ECO:0000269|PubMed:9418863	Phosphotyrosine	modified_residue
Q8T4F7	607	ECO:0000269|PubMed:9418863	Phosphotyrosine	modified_residue
Q8T4F7	625	ECO:0000269|PubMed:9418863	Phosphotyrosine	modified_residue
Q8T4F7	650	ECO:0000269|PubMed:9418863	Phosphotyrosine	modified_residue
Q8T4F7	666	ECO:0000269|PubMed:9418863	Phosphotyrosine	modified_residue
Q8T4F7	826	ECO:0000269|PubMed:9418863	Phosphotyrosine	modified_residue
Q8T4F7	905	ECO:0000269|PubMed:18327897	Phosphoserine	modified_residue
Q8T4F7	914	ECO:0000269|PubMed:18327897	Phosphoserine	modified_residue
Q8T4F7	924	ECO:0000269|PubMed:17372656, ECO:0000269|PubMed:18327897	Phosphoserine	modified_residue
Q8T626	1234	ECO:0000269|PubMed:18327897	Phosphoserine	modified_residue
Q8T626	156	ECO:0000269|PubMed:18327897	Phosphoserine	modified_residue
Q8T626	166	ECO:0000269|PubMed:18327897	Phosphoserine	modified_residue
Q8T6B9	13	ECO:0000269|PubMed:18327897	Phosphoserine	modified_residue
Q8T6B9	30	ECO:0000269|PubMed:18327897	Phosphoserine	modified_residue
Q8T8R1	142	ECO:0000269|PubMed:18327897	Phosphoserine	modified_residue
Q8T8R1	21	ECO:0000269|PubMed:17372656	Phosphoserine	modified_residue
Q94517	391	ECO:0000269|PubMed:18327897	Phosphoserine	modified_residue
Q94517	419	ECO:0000269|PubMed:18327897	Phosphoserine	modified_residue
Q94517	421	ECO:0000269|PubMed:18327897	Phosphoserine	modified_residue
Q94517	455	ECO:0000269|PubMed:18327897	Phosphoserine	modified_residue
Q94517	457	ECO:0000269|PubMed:18327897	Phosphothreonine	modified_residue
Q94519	108	ECO:0000255|PROSITE-ProRule:PRU00258	O-(pantetheine 4'-phosphoryl)serine	modified_residue
Q94523	96	ECO:0000250|UniProtKB:Q9YHT1	Tele-8alpha-FAD histidine	modified_residue
Q94526	332	ECO:0000269|PubMed:18327897	Phosphoserine	modified_residue
Q94526	373	ECO:0000269|PubMed:18327897	Phosphoserine	modified_residue
Q94526	562	ECO:0000269|PubMed:18327897	Phosphoserine	modified_residue
Q94526	565	ECO:0000269|PubMed:18327897	Phosphoserine	modified_residue
Q94526	685	ECO:0000269|PubMed:18327897	Phosphoserine	modified_residue
Q94526	691	ECO:0000269|PubMed:18327897	Phosphoserine	modified_residue
Q94526	715	ECO:0000269|PubMed:18327897	Phosphoserine	modified_residue
Q94527	431	ECO:0000255	Phosphoserine; by PKA	modified_residue
Q94527	620	ECO:0000269|PubMed:18327897	Phosphothreonine	modified_residue
Q94527	626	ECO:0000269|PubMed:18327897	Phosphotyrosine	modified_residue
Q94527	950	ECO:0000250|UniProtKB:P25799	Phosphoserine	modified_residue
Q94535	19	ECO:0000269|PubMed:18327897	Phosphoserine	modified_residue
Q94546	175	ECO:0000269|PubMed:18327897	Phosphoserine	modified_residue
Q94546	186	ECO:0000269|PubMed:18327897	Phosphoserine	modified_residue
Q94546	188	ECO:0000269|PubMed:18327897	Phosphoserine	modified_residue
Q94546	190	ECO:0000269|PubMed:18327897	Phosphoserine	modified_residue
Q94546	265	ECO:0000269|PubMed:18327897	Phosphoserine	modified_residue
Q94546	267	ECO:0000269|PubMed:18327897	Phosphoserine	modified_residue
Q94546	269	ECO:0000269|PubMed:18327897	Phosphoserine	modified_residue
Q94546	286	ECO:0000269|PubMed:18327897	Phosphothreonine	modified_residue
Q94546	288	ECO:0000269|PubMed:18327897	Phosphoserine	modified_residue
Q94546	290	ECO:0000269|PubMed:18327897	Phosphoserine	modified_residue
Q94546	312	ECO:0000269|PubMed:17372656	Phosphoserine	modified_residue
Q94546	355	ECO:0000269|PubMed:18327897	Phosphoserine	modified_residue
Q94546	593	ECO:0000269|PubMed:18327897	Phosphothreonine	modified_residue
Q94546	595	ECO:0000269|PubMed:18327897	Phosphoserine	modified_residue
Q94546	602	ECO:0000269|PubMed:18327897	Phosphoserine	modified_residue
Q94546	631	ECO:0000269|PubMed:18327897	Phosphoserine	modified_residue
Q94546	632	ECO:0000269|PubMed:18327897	Phosphothreonine	modified_residue
Q94546	635	ECO:0000269|PubMed:18327897	Phosphoserine	modified_residue
Q94546	636	ECO:0000269|PubMed:18327897	Phosphoserine	modified_residue
Q94546	642	ECO:0000269|PubMed:18327897	Phosphoserine	modified_residue
Q94901	198	ECO:0000269|PubMed:18327897	Phosphoserine	modified_residue
Q94901	201	ECO:0000269|PubMed:18327897	Phosphoserine	modified_residue
Q94901	315	ECO:0000269|PubMed:18327897	Phosphoserine	modified_residue
Q94901	325	ECO:0000269|PubMed:18327897	Phosphoserine	modified_residue
Q95NH6	127	ECO:0000269|PubMed:18327897	Phosphoserine	modified_residue
Q95NH6	24	ECO:0000269|PubMed:14744858	Pyrrolidone carboxylic acid	modified_residue
Q95TN4	342	ECO:0000269|PubMed:18327897	Phosphoserine	modified_residue
Q95TN4	345	ECO:0000269|PubMed:18327897	Phosphoserine	modified_residue
Q95UN8	300	ECO:0000250	Phosphothreonine; by autocatalysis	modified_residue
Q95UN8	304	ECO:0000250	Phosphoserine; by autocatalysis	modified_residue
Q95UN8	525	ECO:0000269|PubMed:18327897	Phosphoserine	modified_residue
Q95UN8	560	ECO:0000250|UniProtKB:Q16584	Phosphoserine	modified_residue
Q95UN8	685	ECO:0000250|UniProtKB:Q16584	Phosphoserine	modified_residue
Q95UN8	773	ECO:0000250|UniProtKB:Q16584	Phosphoserine	modified_residue
Q95UN8	792	ECO:0000250|UniProtKB:Q16584	Phosphoserine	modified_residue
Q95UN8	862	ECO:0000269|PubMed:18327897	Phosphothreonine	modified_residue
Q95UN8	993	ECO:0000250|UniProtKB:Q16584	Phosphoserine	modified_residue
Q95V55	190	ECO:0000269|PubMed:12893776	Phosphoserine; by PKB	modified_residue
Q95V55	259	ECO:0000269|PubMed:12893776	Phosphoserine; by PKB	modified_residue
Q95V55	262	ECO:0000269|PubMed:18327897	Phosphoserine	modified_residue
Q95V55	263	ECO:0000269|PubMed:18327897	Phosphoserine	modified_residue
Q95V55	268	ECO:0000269|PubMed:18327897	Phosphoserine	modified_residue
Q95V55	44	ECO:0000269|PubMed:12893776	Phosphothreonine; by PKB	modified_residue
Q95V55	75	ECO:0000269|PubMed:18327897	Phosphoserine	modified_residue
Q95YI5	50	ECO:0000269|PubMed:18327897	Phosphoserine	modified_residue
Q960T2	178	ECO:0000269|PubMed:18327897	Phosphoserine	modified_residue
Q960T2	182	ECO:0000269|PubMed:18327897	Phosphoserine	modified_residue
Q960T2	186	ECO:0000269|PubMed:18327897	Phosphothreonine	modified_residue
Q960T2	433	ECO:0000269|PubMed:18327897	Phosphoserine	modified_residue
Q960T2	530	ECO:0000269|PubMed:18327897	Phosphothreonine	modified_residue
Q960V3	831	ECO:0000269|PubMed:17372656	Phosphoserine	modified_residue
Q960V3	918	ECO:0000269|PubMed:18327897	Phosphoserine	modified_residue
Q960X4	355	ECO:0000250|UniProtKB:Q9H7Z6	N6-acetyllysine; by autocatalysis	modified_residue
Q960X8	300	ECO:0000269|PubMed:18327897	Phosphoserine	modified_residue
Q960X8	302	ECO:0000269|PubMed:18327897	Phosphoserine	modified_residue
Q960Z0	157	ECO:0000269|PubMed:18327897	Phosphoserine	modified_residue
Q960Z0	630	ECO:0000269|PubMed:18327897	Phosphothreonine	modified_residue
Q960Z0	795	ECO:0000269|PubMed:18327897	Phosphoserine	modified_residue
Q960Z0	797	ECO:0000269|PubMed:17372656, ECO:0000269|PubMed:18327897	Phosphoserine	modified_residue
Q960Z0	800	ECO:0000269|PubMed:18327897	Phosphoserine	modified_residue
Q961C9	127	ECO:0000269|PubMed:18327897	Phosphoserine	modified_residue
Q961C9	129	ECO:0000269|PubMed:18327897	Phosphoserine	modified_residue
Q961C9	132	ECO:0000269|PubMed:18327897	Phosphoserine	modified_residue
Q961C9	133	ECO:0000269|PubMed:18327897	Phosphoserine	modified_residue
Q961C9	177	ECO:0000269|PubMed:18327897	Phosphothreonine	modified_residue
Q961C9	179	ECO:0000269|PubMed:18327897	Phosphoserine	modified_residue
Q961C9	182	ECO:0000269|PubMed:18327897	Phosphoserine	modified_residue
Q961C9	190	ECO:0000269|PubMed:18327897	Phosphoserine	modified_residue
Q961C9	216	ECO:0000269|PubMed:18327897	Phosphothreonine	modified_residue
Q961C9	222	ECO:0000269|PubMed:18327897	Phosphothreonine	modified_residue
Q961D9	11	ECO:0000269|PubMed:18327897	Phosphothreonine	modified_residue
Q961D9	206	ECO:0000269|PubMed:18327897	Phosphoserine	modified_residue
Q961D9	208	ECO:0000269|PubMed:18327897	Phosphothreonine	modified_residue
Q961D9	210	ECO:0000269|PubMed:18327897	Phosphoserine	modified_residue
Q961D9	883	ECO:0000269|PubMed:18327897	Phosphoserine	modified_residue
Q961D9	9	ECO:0000269|PubMed:18327897	Phosphoserine	modified_residue
Q961D9	905	ECO:0000269|PubMed:18327897	Phosphoserine	modified_residue
Q961D9	911	ECO:0000269|PubMed:18327897	Phosphoserine	modified_residue
Q961G1	841	ECO:0000269|PubMed:18327897	Phosphoserine	modified_residue
Q961G1	845	ECO:0000269|PubMed:18327897	Phosphoserine	modified_residue
Q961G1	856	ECO:0000269|PubMed:18327897	Phosphoserine	modified_residue
Q961G1	859	ECO:0000269|PubMed:18327897	Phosphoserine	modified_residue
Q961G1	862	ECO:0000269|PubMed:18327897	Phosphoserine	modified_residue
Q99323	2021	ECO:0000269|PubMed:18327897	Phosphoserine	modified_residue
Q99323	2022	ECO:0000269|PubMed:18327897	Phosphoserine	modified_residue
Q9GQN5	126	ECO:0000269|PubMed:18327897	Phosphoserine	modified_residue
Q9GQN5	127	ECO:0000269|PubMed:18327897	Phosphoserine	modified_residue
Q9GQN5	267	ECO:0000269|PubMed:18327897	Phosphoserine	modified_residue
Q9GQN5	268	ECO:0000269|PubMed:18327897	Phosphoserine	modified_residue
Q9GQN5	270	ECO:0000269|PubMed:18327897	Phosphoserine	modified_residue
Q9GQN5	336	ECO:0000269|PubMed:18327897	Phosphoserine	modified_residue
Q9GQN5	338	ECO:0000269|PubMed:18327897	Phosphoserine	modified_residue
Q9GQN5	342	ECO:0000269|PubMed:18327897	Phosphoserine	modified_residue
Q9GQN5	343	ECO:0000269|PubMed:18327897	Phosphoserine	modified_residue
Q9GQN5	857	ECO:0000269|PubMed:18327897	Phosphoserine	modified_residue
Q9GQN5	859	ECO:0000269|PubMed:18327897	Phosphoserine	modified_residue
Q9GU68	51	ECO:0000250|UniProtKB:P63241	Hypusine	modified_residue
Q9GYU8	191	ECO:0000269|PubMed:18327897	Phosphoserine	modified_residue
Q9GYU8	228	ECO:0000269|PubMed:18327897	Phosphoserine	modified_residue
Q9GYU8	231	ECO:0000269|PubMed:18327897	Phosphothreonine	modified_residue
Q9I7D3	356	ECO:0000269|PubMed:17372656	Phosphoserine	modified_residue
Q9I7D3	758	ECO:0000269|PubMed:18327897	Phosphoserine	modified_residue
Q9I7D3	764	ECO:0000269|PubMed:18327897	Phosphothreonine	modified_residue
Q9I7D3	765	ECO:0000269|PubMed:18327897	Phosphoserine	modified_residue
Q9I7D3	777	ECO:0000269|PubMed:18327897	Phosphoserine	modified_residue
Q9I7D3	778	ECO:0000269|PubMed:18327897	Phosphothreonine	modified_residue
Q9I7D3	791	ECO:0000269|PubMed:18327897	Phosphoserine	modified_residue
Q9I7D3	798	ECO:0000269|PubMed:18327897	Phosphoserine	modified_residue
Q9I7D3	806	ECO:0000269|PubMed:17372656	Phosphoserine	modified_residue
Q9I7F7	291	ECO:0000269|PubMed:18327897	Phosphotyrosine	modified_residue
Q9I7F7	292	ECO:0000269|PubMed:18327897	Phosphotyrosine	modified_residue
Q9I7F7	71	ECO:0000269|PubMed:18327897	Phosphoserine	modified_residue
Q9I7F7	764	ECO:0000269|PubMed:18327897	Phosphoserine	modified_residue
Q9I7F7	778	ECO:0000269|PubMed:18327897	Phosphoserine	modified_residue
Q9I7F7	831	ECO:0000269|PubMed:17372656	Phosphoserine	modified_residue
Q9I7F7	918	ECO:0000269|PubMed:18327897	Phosphoserine	modified_residue
Q9I7F7	924	ECO:0000269|PubMed:18327897	Phosphoserine	modified_residue
Q9I7I0	215	ECO:0000269|PubMed:18327897	Phosphoserine	modified_residue
Q9I7K0	102	ECO:0000269|PubMed:17372656, ECO:0000269|PubMed:18327897	Phosphothreonine	modified_residue
Q9I7K0	111	ECO:0000269|PubMed:17372656	Phosphoserine	modified_residue
Q9I7K0	139	ECO:0000269|PubMed:18327897	Phosphoserine	modified_residue
Q9I7K0	150	ECO:0000269|PubMed:17372656, ECO:0000269|PubMed:18327897	Phosphoserine	modified_residue
Q9I7K0	30	ECO:0000269|PubMed:17372656	Phosphoserine	modified_residue
Q9I7K0	41	ECO:0000269|PubMed:17372656	Phosphothreonine	modified_residue
Q9I7K0	98	ECO:0000269|PubMed:18327897	Phosphothreonine	modified_residue
Q9I7K6	179	ECO:0000269|PubMed:18327897	Phosphoserine	modified_residue
Q9I7K6	184	ECO:0000269|PubMed:18327897	Phosphoserine	modified_residue
Q9I7K6	185	ECO:0000269|PubMed:18327897	Phosphothreonine	modified_residue
Q9I7K6	193	ECO:0000269|PubMed:18327897	Phosphoserine	modified_residue
Q9I7K6	32	ECO:0000269|PubMed:18327897	Phosphothreonine	modified_residue
Q9I7K6	33	ECO:0000269|PubMed:18327897	Phosphothreonine	modified_residue
Q9I7K6	478	ECO:0000269|PubMed:18327897	Phosphoserine	modified_residue
Q9I7K6	485	ECO:0000269|PubMed:17372656, ECO:0000269|PubMed:18327897	Phosphoserine	modified_residue
Q9I7T7	1123	ECO:0000269|PubMed:18327897	Phosphoserine	modified_residue
Q9I7T7	1370	ECO:0000269|PubMed:17372656, ECO:0000269|PubMed:18327897	Phosphoserine	modified_residue
Q9I7T7	1413	ECO:0000269|PubMed:18327897	Phosphoserine	modified_residue
Q9I7W5	152	ECO:0000269|PubMed:18327897	Phosphoserine	modified_residue
Q9I7W5	323	ECO:0000269|PubMed:18327897	Phosphoserine	modified_residue
Q9I7W5	324	ECO:0000269|PubMed:18327897	Phosphoserine	modified_residue
Q9I7W5	337	ECO:0000269|PubMed:18327897	Phosphoserine	modified_residue
Q9I7X6	408	ECO:0000269|PubMed:18327897	Phosphoserine	modified_residue
Q9I7X6	420	ECO:0000269|PubMed:17372656, ECO:0000269|PubMed:18327897	Phosphoserine	modified_residue
Q9NB04	682	ECO:0000269|PubMed:18327897	Phosphoserine	modified_residue
Q9NB71	213	ECO:0000269|PubMed:18327897	Phosphoserine	modified_residue
Q9NB71	216	ECO:0000269|PubMed:18327897	Phosphoserine	modified_residue
Q9NBD7	1120	ECO:0000269|PubMed:17372656, ECO:0000269|PubMed:18327897	Phosphoserine	modified_residue
Q9NBD7	1123	ECO:0000269|PubMed:17372656, ECO:0000269|PubMed:18327897	Phosphoserine	modified_residue
Q9NBD7	1124	ECO:0000269|PubMed:18327897	Phosphoserine	modified_residue
Q9NBD7	582	ECO:0000269|PubMed:17372656	Phosphoserine	modified_residue
Q9NBD7	626	ECO:0000269|PubMed:17372656	Phosphoserine	modified_residue
Q9NBD7	634	ECO:0000269|PubMed:18327897	Phosphoserine	modified_residue
Q9NBD7	648	ECO:0000269|PubMed:18327897	Phosphothreonine	modified_residue
Q9NBD7	806	ECO:0000269|PubMed:18327897	Phosphoserine	modified_residue
Q9NBD7	817	ECO:0000269|PubMed:18327897	Phosphoserine	modified_residue
Q9NBD7	820	ECO:0000269|PubMed:18327897	Phosphoserine	modified_residue
Q9NBD7	822	ECO:0000269|PubMed:18327897	Phosphoserine	modified_residue
Q9NBD7	824	ECO:0000269|PubMed:18327897	Phosphoserine	modified_residue
Q9NBK5	292	ECO:0000269|PubMed:15479641	Phosphoserine	modified_residue
Q9NBK5	453	ECO:0000269|PubMed:15479641	Phosphothreonine	modified_residue
Q9NDJ2	656	ECO:0000269|PubMed:18327897	Phosphoserine	modified_residue
Q9NDJ2	664	ECO:0000269|PubMed:18327897	Phosphoserine	modified_residue
Q9NDJ2	666	ECO:0000269|PubMed:18327897	Phosphoserine	modified_residue
Q9NDJ2	729	ECO:0000269|PubMed:18327897	Phosphothreonine	modified_residue
Q9NDJ2	733	ECO:0000269|PubMed:18327897	Phosphoserine	modified_residue
Q9NDJ2	736	ECO:0000269|PubMed:18327897	Phosphoserine	modified_residue
Q9NDJ2	744	ECO:0000269|PubMed:18327897	Phosphoserine	modified_residue
Q9NDJ2	838	ECO:0000269|PubMed:18327897	Phosphothreonine	modified_residue
Q9NDM2	359	ECO:0000269|PubMed:18327897	Phosphoserine	modified_residue
Q9NDM2	362	ECO:0000269|PubMed:18327897	Phosphoserine	modified_residue
Q9NDM2	366	ECO:0000269|PubMed:18327897	Phosphoserine	modified_residue
Q9NDM2	372	ECO:0000269|PubMed:18327897	Phosphothreonine	modified_residue
Q9NFP5	109	ECO:0000269|PubMed:17372656	Phosphothreonine	modified_residue
Q9NFU0	403	ECO:0000269|PubMed:18327897	Phosphoserine	modified_residue
Q9NFU0	408	ECO:0000269|PubMed:18327897	Phosphoserine	modified_residue
Q9NFU0	409	ECO:0000269|PubMed:18327897	Phosphoserine	modified_residue
Q9NFU0	413	ECO:0000269|PubMed:18327897	Phosphoserine	modified_residue
Q9NFU0	532	ECO:0000269|PubMed:18327897	Phosphoserine	modified_residue
Q9NFU0	533	ECO:0000269|PubMed:18327897	Phosphoserine	modified_residue
Q9NFU0	539	ECO:0000269|PubMed:18327897	Phosphoserine	modified_residue
Q9NFU0	541	ECO:0000269|PubMed:18327897	Phosphoserine	modified_residue
Q9NFZ3	2	ECO:0000269|PubMed:15205461	N-acetylaspartate	modified_residue
Q9NFZ3	69	ECO:0000269|PubMed:15205461	Cysteine methyl ester	modified_residue
Q9NHD5	47	ECO:0000305|PubMed:14653991	N6-acetyllysine; by autocatalysis	modified_residue
Q9NI63	504	ECO:0000269|PubMed:18327897	Phosphoserine	modified_residue
Q9NI63	519	ECO:0000269|PubMed:18327897	Phosphoserine	modified_residue
Q9NIP6	130	ECO:0000269|PubMed:12171930	Leucine amide	modified_residue
Q9NIP6	42	ECO:0000269|PubMed:12171930	Valine amide	modified_residue
Q9NIP6	92	ECO:0000269|PubMed:12171930	Valine amide	modified_residue
Q9NIV1	1028	ECO:0000269|PubMed:18327897	Phosphothreonine	modified_residue
Q9NIV1	624	ECO:0000269|PubMed:18327897	Phosphoserine	modified_residue
Q9NIV1	797	ECO:0000269|PubMed:18327897	Phosphoserine	modified_residue
Q9NIV1	818	ECO:0000269|PubMed:18327897	Phosphothreonine	modified_residue
Q9NJG9	547	ECO:0000269|PubMed:17372656	Phosphoserine	modified_residue
Q9NJH0	294	ECO:0000255|PROSITE-ProRule:PRU00673	Phosphoserine	modified_residue
Q9NK54	1081	ECO:0000269|PubMed:18327897	Phosphothreonine	modified_residue
Q9NK54	1091	ECO:0000269|PubMed:18327897	Phosphoserine	modified_residue
Q9NK54	1092	ECO:0000269|PubMed:18327897	Phosphoserine	modified_residue
Q9NK54	306	ECO:0000269|PubMed:18327897	Phosphoserine	modified_residue
Q9NK54	307	ECO:0000269|PubMed:18327897	Phosphoserine	modified_residue
Q9NK54	406	ECO:0000269|PubMed:18327897	Phosphoserine	modified_residue
Q9NK54	407	ECO:0000269|PubMed:18327897	Phosphoserine	modified_residue
Q9NK54	417	ECO:0000269|PubMed:18327897	Phosphoserine	modified_residue
Q9NK54	432	ECO:0000269|PubMed:18327897	Phosphoserine	modified_residue
Q9NK54	435	ECO:0000269|PubMed:18327897	Phosphoserine	modified_residue
Q9NK54	467	ECO:0000269|PubMed:18327897	Phosphoserine	modified_residue
Q9NK54	542	ECO:0000269|PubMed:18327897	Phosphoserine	modified_residue
Q9NK54	543	ECO:0000269|PubMed:18327897	Phosphoserine	modified_residue
Q9NK54	544	ECO:0000269|PubMed:18327897	Phosphoserine	modified_residue
Q9NKV0	323	ECO:0000269|PubMed:18327897	Phosphothreonine	modified_residue
Q9U1H0	1716	ECO:0000269|PubMed:18327897	Phosphothreonine	modified_residue
Q9U1H0	41	ECO:0000269|PubMed:18327897	Phosphoserine	modified_residue
Q9U1H0	49	ECO:0000269|PubMed:18327897	Phosphoserine	modified_residue
Q9U1H9	561	ECO:0000269|PubMed:18327897	Phosphoserine	modified_residue
Q9U1M2	352	ECO:0000269|PubMed:18327897	Phosphoserine	modified_residue
Q9U1M2	354	ECO:0000269|PubMed:18327897	Phosphoserine	modified_residue
Q9U1M2	365	ECO:0000269|PubMed:18327897	Phosphoserine	modified_residue
Q9U5L1	237	ECO:0000269|PubMed:18327897	Phosphoserine	modified_residue
Q9U5L1	240	ECO:0000269|PubMed:18327897	Phosphoserine	modified_residue
Q9U5L1	246	ECO:0000269|PubMed:18327897	Phosphotyrosine	modified_residue
Q9U5L1	268	ECO:0000269|PubMed:18327897	Phosphoserine	modified_residue
Q9U5L1	278	ECO:0000269|PubMed:18327897	Phosphoserine	modified_residue
Q9U5L1	279	ECO:0000269|PubMed:18327897	Phosphoserine	modified_residue
Q9U616	98	ECO:0000250, ECO:0000255|PROSITE-ProRule:PRU01066	N6-lipoyllysine	modified_residue
Q9U915	48	ECO:0000269|PubMed:18327897	Phosphoserine	modified_residue
Q9U969	1160	ECO:0000269|PubMed:18327897	Phosphoserine	modified_residue
Q9U969	444	ECO:0000269|PubMed:18327897	Phosphoserine	modified_residue
Q9U969	453	ECO:0000269|PubMed:18327897	Phosphoserine	modified_residue
Q9V333	409	ECO:0000269|PubMed:18327897	Phosphoserine	modified_residue
Q9V3C0	11	ECO:0000269|PubMed:18327897	Phosphoserine	modified_residue
Q9V3C0	13	ECO:0000269|PubMed:18327897	Phosphoserine	modified_residue
Q9V3C0	14	ECO:0000269|PubMed:18327897	Phosphoserine	modified_residue
Q9V3C0	56	ECO:0000269|PubMed:18327897	Phosphoserine	modified_residue
Q9V3C0	57	ECO:0000269|PubMed:18327897	Phosphoserine	modified_residue
Q9V3C0	58	ECO:0000269|PubMed:18327897	Phosphoserine	modified_residue
Q9V3C0	66	ECO:0000269|PubMed:18327897	Phosphoserine	modified_residue
Q9V3C5	1207	ECO:0000269|PubMed:18327897	Phosphoserine	modified_residue
Q9V3C5	1391	ECO:0000269|PubMed:18327897	Phosphoserine	modified_residue
Q9V3C5	1394	ECO:0000269|PubMed:18327897	Phosphoserine	modified_residue
Q9V3D5	25	ECO:0000269|PubMed:18327897	Phosphoserine	modified_residue
Q9V3D5	356	ECO:0000269|PubMed:12786602	Phosphotyrosine; by autocatalysis	modified_residue
Q9V3D5	358	ECO:0000269|PubMed:12786602	Phosphotyrosine; by autocatalysis	modified_residue
Q9V3D6	221	ECO:0000269|PubMed:18327897	Phosphothreonine	modified_residue
Q9V3D6	226	ECO:0000269|PubMed:18327897	Phosphothreonine	modified_residue
Q9V3G6	45	ECO:0000269|PubMed:17372656	Phosphothreonine	modified_residue
Q9V3I5	1045	ECO:0000269|PubMed:18327897	Phosphothreonine	modified_residue
Q9V3I5	1047	ECO:0000269|PubMed:18327897	Phosphoserine	modified_residue
Q9V3I5	29	ECO:0000269|PubMed:18327897	Phosphoserine	modified_residue
Q9V3I5	31	ECO:0000269|PubMed:18327897	Phosphoserine	modified_residue
Q9V3I5	424	ECO:0000269|PubMed:18327897	Phosphoserine	modified_residue
Q9V3I5	588	ECO:0000269|PubMed:18327897	Phosphothreonine	modified_residue
Q9V3P0	193	ECO:0000269|PubMed:18327897	Phosphothreonine	modified_residue
Q9V3P0	194	ECO:0000269|PubMed:18327897	Phosphoserine	modified_residue
Q9V3P6	291	ECO:0000269|PubMed:18327897	Phosphothreonine	modified_residue
Q9V3P6	298	ECO:0000269|PubMed:18327897	Phosphoserine	modified_residue
Q9V3P6	303	ECO:0000269|PubMed:18327897	Phosphoserine	modified_residue
Q9V3P6	305	ECO:0000269|PubMed:18327897	Phosphoserine	modified_residue
Q9V3P6	310	ECO:0000269|PubMed:18327897	Phosphothreonine	modified_residue
Q9V3U2	15	ECO:0000269|PubMed:18327897	Phosphoserine	modified_residue
Q9V3U2	23	ECO:0000269|PubMed:18327897	Phosphothreonine	modified_residue
Q9V3Z6	1651	ECO:0000269|PubMed:18327897	Phosphoserine	modified_residue
Q9V3Z6	1654	ECO:0000269|PubMed:18327897	Phosphoserine	modified_residue
Q9V3Z6	2045	ECO:0000269|PubMed:18327897	Phosphothreonine	modified_residue
Q9V407	513	ECO:0000269|PubMed:18327897	Phosphothreonine	modified_residue
Q9V407	517	ECO:0000269|PubMed:18327897	Phosphoserine	modified_residue
Q9V407	522	ECO:0000269|PubMed:18327897	Phosphoserine	modified_residue
Q9V412	127	ECO:0000269|PubMed:18327897	Phosphoserine	modified_residue
Q9V422	472	ECO:0000250	Phosphotyrosine; by autocatalysis	modified_residue
Q9V447	22	ECO:0000269|PubMed:18327897	Phosphoserine	modified_residue
Q9V460	162	ECO:0000269|PubMed:18327897	Phosphothreonine	modified_residue
Q9V460	707	ECO:0000269|PubMed:17372656	Phosphoserine	modified_residue
Q9V460	73	ECO:0000269|PubMed:18327897	Phosphoserine	modified_residue
Q9V460	76	ECO:0000269|PubMed:18327897	Phosphoserine	modified_residue
Q9V460	808	ECO:0000269|PubMed:18327897	Phosphothreonine	modified_residue
Q9V460	815	ECO:0000250	Phosphothreonine; by CDK9	modified_residue
Q9V460	825	ECO:0000250	Phosphothreonine; by CDK9	modified_residue
Q9V460	847	ECO:0000269|PubMed:18327897	Phosphothreonine	modified_residue
Q9V460	855	ECO:0000269|PubMed:18327897	Phosphothreonine	modified_residue
Q9V460	867	ECO:0000269|PubMed:18327897	Phosphothreonine	modified_residue
Q9V460	868	ECO:0000269|PubMed:18327897	Phosphothreonine	modified_residue
Q9V460	90	ECO:0000269|PubMed:18327897	Phosphoserine	modified_residue
Q9V464	211	ECO:0000269|PubMed:18327897	Phosphoserine	modified_residue
Q9V464	213	ECO:0000269|PubMed:18327897	Phosphoserine	modified_residue
Q9V468	1197	ECO:0000269|PubMed:17372656	Phosphoserine	modified_residue
Q9V468	1228	ECO:0000269|PubMed:18327897	Phosphoserine	modified_residue
Q9V468	1232	ECO:0000269|PubMed:18327897	Phosphoserine	modified_residue
Q9V468	335	ECO:0000269|PubMed:17372656	Phosphoserine	modified_residue
Q9V468	338	ECO:0000269|PubMed:17372656	Phosphothreonine	modified_residue
Q9V468	697	ECO:0000269|PubMed:18327897	Phosphoserine	modified_residue
Q9V468	700	ECO:0000269|PubMed:18327897	Phosphothreonine	modified_residue
Q9V4C8	1126	ECO:0000269|PubMed:18327897	Phosphothreonine	modified_residue
Q9V4C8	1489	ECO:0000269|PubMed:18327897	Phosphoserine	modified_residue
Q9V4C8	477	ECO:0000269|PubMed:18327897	Phosphoserine	modified_residue
Q9V4C8	958	ECO:0000269|PubMed:18327897	Phosphoserine	modified_residue
Q9V4C8	966	ECO:0000269|PubMed:18327897	Phosphoserine	modified_residue
Q9V4F9	1177	ECO:0000269|PubMed:18327897	Phosphoserine	modified_residue
Q9V4F9	1179	ECO:0000269|PubMed:18327897	Phosphothreonine	modified_residue
Q9V4F9	204	ECO:0000269|PubMed:18327897	Phosphoserine	modified_residue
Q9V4F9	258	ECO:0000269|PubMed:18327897	Phosphoserine	modified_residue
Q9V4F9	421	ECO:0000269|PubMed:18327897	Phosphoserine	modified_residue
Q9V4F9	541	ECO:0000269|PubMed:18327897	Phosphothreonine	modified_residue
Q9V4F9	551	ECO:0000269|PubMed:18327897	Phosphoserine	modified_residue
Q9V4M2	107	ECO:0000269|PubMed:18327897	Phosphoserine	modified_residue
Q9V4M2	470	ECO:0000269|PubMed:18327897	Phosphoserine	modified_residue
Q9V4M2	475	ECO:0000269|PubMed:18327897	Phosphoserine	modified_residue
Q9V4M2	506	ECO:0000269|PubMed:18327897	Phosphoserine	modified_residue
Q9V4P1	712	ECO:0000269|PubMed:18327897	Phosphoserine	modified_residue
Q9V4P1	740	ECO:0000269|PubMed:18327897	Phosphothreonine	modified_residue
Q9V4P1	744	ECO:0000269|PubMed:18327897	Phosphoserine	modified_residue
Q9V4P1	754	ECO:0000269|PubMed:18327897	Phosphoserine	modified_residue
Q9V4P1	831	ECO:0000269|PubMed:18327897	Phosphothreonine	modified_residue
Q9V4S8	233	ECO:0000269|PubMed:18327897	Phosphoserine	modified_residue
Q9V4S8	235	ECO:0000269|PubMed:18327897	Phosphoserine	modified_residue
Q9V4S8	238	ECO:0000269|PubMed:18327897	Phosphoserine	modified_residue
Q9V4S8	249	ECO:0000269|PubMed:18327897	Phosphoserine	modified_residue
Q9V597	102	ECO:0000269|PubMed:18327897	Phosphotyrosine	modified_residue
Q9V5C6	248	ECO:0000269|PubMed:18327897	Phosphoserine	modified_residue
Q9V5N8	3199	ECO:0000269|PubMed:18327897	Phosphoserine	modified_residue
Q9V5N8	3200	ECO:0000269|PubMed:18327897	Phosphoserine	modified_residue
Q9V637	168	ECO:0000269|PubMed:17372656, ECO:0000269|PubMed:18327897	Phosphoserine	modified_residue
Q9V637	189	ECO:0000269|PubMed:17372656	Phosphoserine	modified_residue
Q9V677	1213	ECO:0000269|PubMed:17372656	Phosphoserine	modified_residue
Q9V677	1683	ECO:0000269|PubMed:17372656, ECO:0000269|PubMed:18327897	Phosphoserine	modified_residue
Q9V677	1691	ECO:0000269|PubMed:18327897	Phosphothreonine	modified_residue
Q9V677	1692	ECO:0000269|PubMed:18327897	Phosphoserine	modified_residue
Q9V6K1	1182	ECO:0000269|PubMed:18327897	Phosphoserine	modified_residue
Q9V6K3	606	ECO:0000250	Phosphotyrosine; by autocatalysis	modified_residue
Q9V6K3	610	ECO:0000250	Phosphotyrosine; by autocatalysis	modified_residue
Q9V6K3	611	ECO:0000250	Phosphotyrosine; by autocatalysis	modified_residue
Q9V6Q2	74	ECO:0000269|PubMed:18327897	Phosphoserine	modified_residue
Q9V6Q2	75	ECO:0000269|PubMed:18327897	Phosphoserine	modified_residue
Q9V6Q2	76	ECO:0000269|PubMed:18327897	Phosphothreonine	modified_residue
Q9V6Q2	77	ECO:0000269|PubMed:18327897	Phosphoserine	modified_residue
Q9V719	333	ECO:0000269|PubMed:18327897	Phosphoserine	modified_residue
Q9V719	355	ECO:0000269|PubMed:18327897	Phosphoserine	modified_residue
Q9V719	372	ECO:0000269|PubMed:18327897	Phosphoserine	modified_residue
Q9V719	504	ECO:0000269|PubMed:18327897	Phosphoserine	modified_residue
Q9V785	113	ECO:0000269|PubMed:18327897	Phosphoserine	modified_residue
Q9V785	115	ECO:0000269|PubMed:18327897	Phosphoserine	modified_residue
Q9V7H4	1201	ECO:0000269|PubMed:18327897	Phosphoserine	modified_residue
Q9V7H4	1258	ECO:0000269|PubMed:18327897	Phosphoserine	modified_residue
Q9V7P1	102	ECO:0000269|PubMed:18327897	Phosphoserine	modified_residue
Q9V7P1	104	ECO:0000269|PubMed:18327897	Phosphoserine	modified_residue
Q9V7P1	164	ECO:0000269|PubMed:18327897	Phosphoserine	modified_residue
Q9V7P1	165	ECO:0000269|PubMed:18327897	Phosphoserine	modified_residue
Q9V7Y2	342	ECO:0000250	N6-(pyridoxal phosphate)lysine	modified_residue
Q9V818	495	ECO:0000269|PubMed:18327897	Phosphoserine	modified_residue
Q9V818	500	ECO:0000269|PubMed:18327897	Phosphoserine	modified_residue
Q9V853	262	ECO:0000269|PubMed:18327897	Phosphoserine	modified_residue
Q9V853	412	ECO:0000269|PubMed:18327897	Phosphothreonine	modified_residue
Q9V853	416	ECO:0000269|PubMed:18327897	Phosphoserine	modified_residue
Q9V877	607	ECO:0000269|PubMed:18327897	Phosphoserine	modified_residue
Q9V877	609	ECO:0000269|PubMed:18327897	Phosphothreonine	modified_residue
Q9V877	612	ECO:0000269|PubMed:18327897	Phosphoserine	modified_residue
Q9V8P9	820	ECO:0000269|PubMed:18327897	Phosphothreonine	modified_residue
Q9V8P9	822	ECO:0000269|PubMed:18327897	Phosphoserine	modified_residue
Q9V8R9	1398	ECO:0000269|PubMed:18327897	Phosphoserine	modified_residue
Q9V8R9	1401	ECO:0000269|PubMed:18327897	Phosphoserine	modified_residue
Q9V8R9	1402	ECO:0000269|PubMed:18327897	Phosphoserine	modified_residue
Q9V8R9	1407	ECO:0000269|PubMed:18327897	Phosphothreonine	modified_residue
Q9V8R9	1590	ECO:0000269|PubMed:17372656	Phosphoserine	modified_residue
Q9V8R9	471	ECO:0000269|PubMed:18327897	Phosphoserine	modified_residue
Q9V8R9	474	ECO:0000269|PubMed:18327897	Phosphoserine	modified_residue
Q9V8R9	478	ECO:0000269|PubMed:18327897	Phosphoserine	modified_residue
Q9V8R9	566	ECO:0000269|PubMed:18327897	Phosphoserine	modified_residue
Q9V8R9	659	ECO:0000269|PubMed:17372656	Phosphoserine	modified_residue
Q9V8R9	687	ECO:0000269|PubMed:18327897	Phosphoserine	modified_residue
Q9V8R9	689	ECO:0000269|PubMed:18327897	Phosphothreonine	modified_residue
Q9V8R9	697	ECO:0000269|PubMed:18327897	Phosphoserine	modified_residue
Q9V968	14	ECO:0000269|PubMed:18327897	Phosphoserine	modified_residue
Q9V968	65	ECO:0000269|PubMed:18327897	Phosphoserine	modified_residue
Q9V9A8	517	ECO:0000269|PubMed:18327897	Phosphoserine	modified_residue
Q9V9A8	527	ECO:0000269|PubMed:18327897	Phosphothreonine	modified_residue
Q9V9K7	300	ECO:0000269|PubMed:18327897	Phosphothreonine	modified_residue
Q9V9K7	303	ECO:0000269|PubMed:18327897	Phosphoserine	modified_residue
Q9V9K7	309	ECO:0000269|PubMed:18327897	Phosphoserine	modified_residue
Q9V9K7	326	ECO:0000269|PubMed:17372656	Phosphoserine	modified_residue
Q9V9K7	349	ECO:0000269|PubMed:18327897	Phosphoserine	modified_residue
Q9V9K7	352	ECO:0000269|PubMed:18327897	Phosphoserine	modified_residue
Q9V9K7	426	ECO:0000269|PubMed:17372656	Phosphoserine	modified_residue
Q9V9K7	640	ECO:0000269|PubMed:18327897	Phosphoserine	modified_residue
Q9V9K7	642	ECO:0000269|PubMed:18327897	Phosphoserine	modified_residue
Q9V9K7	79	ECO:0000269|PubMed:18327897	Phosphotyrosine	modified_residue
Q9V9K7	81	ECO:0000269|PubMed:18327897	Phosphoserine	modified_residue
Q9V9S7	719	ECO:0000269|PubMed:18327897	Phosphoserine	modified_residue
Q9V9Y9	172	ECO:0000269|PubMed:26540204	Phosphoserine	modified_residue
Q9V9Y9	202	ECO:0000269|PubMed:26540204	Phosphoserine	modified_residue
Q9V9Y9	264	ECO:0000269|PubMed:26540204	Phosphoserine	modified_residue
Q9V9Y9	270	ECO:0000269|PubMed:26540204	Phosphoserine	modified_residue
Q9V9Y9	325	ECO:0000269|PubMed:26540204	Phosphoserine	modified_residue
Q9V9Y9	349	ECO:0000269|PubMed:26540204	Phosphoserine	modified_residue
Q9V9Y9	53	ECO:0000269|PubMed:26540204	Phosphoserine	modified_residue
Q9V9Y9	85	ECO:0000269|PubMed:26540204	Phosphoserine	modified_residue
Q9VA00	312	ECO:0000269|PubMed:17372656	Phosphoserine	modified_residue
Q9VA37	104	ECO:0000269|PubMed:16894167, ECO:0000269|PubMed:22515803	Cysteine sulfinic acid (-SO2H); alternate	modified_residue
Q9VA37	45	ECO:0000269|PubMed:16894167	Cysteine sulfinic acid (-SO2H)	modified_residue
Q9VAL0	84	ECO:0000269|PubMed:18327897	Phosphoserine	modified_residue
Q9VAL0	85	ECO:0000269|PubMed:18327897	Phosphoserine	modified_residue
Q9VAL0	86	ECO:0000269|PubMed:18327897	Phosphoserine	modified_residue
Q9VAL0	88	ECO:0000269|PubMed:18327897	Phosphoserine	modified_residue
Q9VAN0	194	ECO:0000250	N6-(pyridoxal phosphate)lysine	modified_residue
Q9VAN6	118	ECO:0000269|PubMed:18327897	Phosphoserine	modified_residue
Q9VAN6	120	ECO:0000269|PubMed:18327897	Phosphothreonine	modified_residue
Q9VAN6	123	ECO:0000269|PubMed:18327897	Phosphoserine	modified_residue
Q9VAN6	127	ECO:0000269|PubMed:18327897	Phosphoserine	modified_residue
Q9VAN6	131	ECO:0000269|PubMed:18327897	Phosphoserine	modified_residue
Q9VAN6	177	ECO:0000269|PubMed:18327897	Phosphotyrosine	modified_residue
Q9VAN6	182	ECO:0000269|PubMed:18327897	Phosphoserine	modified_residue
Q9VAN6	24	ECO:0000269|PubMed:18327897	Phosphoserine	modified_residue
Q9VAN6	29	ECO:0000269|PubMed:18327897	Phosphoserine	modified_residue
Q9VAQ1	716	ECO:0000269|PubMed:18327897	Phosphothreonine	modified_residue
Q9VAQ1	717	ECO:0000269|PubMed:18327897	Phosphoserine	modified_residue
Q9VAQ7	207	ECO:0000269|PubMed:18327897	Phosphoserine	modified_residue
Q9VAQ7	216	ECO:0000269|PubMed:18327897	Phosphotyrosine	modified_residue
Q9VAS7	366	ECO:0000269|PubMed:18327897	Phosphoserine	modified_residue
Q9VAS7	377	ECO:0000269|PubMed:18327897	Phosphoserine	modified_residue
Q9VAS7	381	ECO:0000269|PubMed:18327897	Phosphotyrosine	modified_residue
Q9VAT2	307	ECO:0000269|PubMed:18327897	Phosphoserine	modified_residue
Q9VAT2	494	ECO:0000269|PubMed:18327897	Phosphoserine	modified_residue
Q9VAT2	497	ECO:0000269|PubMed:18327897	Phosphoserine	modified_residue
Q9VAW5	102	ECO:0000269|PubMed:18327897	Phosphoserine	modified_residue
Q9VAW5	107	ECO:0000269|PubMed:18327897, ECO:0000269|PubMed:30772175	Phosphothreonine	modified_residue
Q9VAW5	111	ECO:0000269|PubMed:18327897	Phosphoserine	modified_residue
Q9VAW5	1119	ECO:0000269|PubMed:18327897, ECO:0000269|PubMed:30772175	Phosphoserine	modified_residue
Q9VAW5	112	ECO:0000269|PubMed:18327897	Phosphoserine	modified_residue
Q9VAW5	1124	ECO:0000269|PubMed:18327897	Phosphoserine	modified_residue
Q9VAW5	1261	ECO:0000269|PubMed:18327897	Phosphoserine	modified_residue
Q9VAW5	1315	ECO:0000269|PubMed:18327897	Phosphotyrosine	modified_residue
Q9VAW5	1510	ECO:0000269|PubMed:18327897, ECO:0000269|PubMed:30772175	Phosphoserine	modified_residue
Q9VAW5	1512	ECO:0000269|PubMed:18327897, ECO:0000269|PubMed:30772175	Phosphoserine	modified_residue
Q9VAW5	1578	ECO:0000269|PubMed:18327897	Phosphoserine	modified_residue
Q9VAW5	1585	ECO:0000269|PubMed:18327897	Phosphoserine	modified_residue
Q9VAW5	1610	ECO:0000269|PubMed:18327897	Phosphoserine	modified_residue
Q9VAW5	182	ECO:0000269|PubMed:30772175	Phosphoserine	modified_residue
Q9VAW5	186	ECO:0000269|PubMed:30772175	Phosphoserine	modified_residue
Q9VAW5	219	ECO:0000269|PubMed:18327897, ECO:0000269|PubMed:30772175	Phosphoserine	modified_residue
Q9VAW5	221	ECO:0000269|PubMed:18327897, ECO:0000269|PubMed:30772175	Phosphoserine	modified_residue
Q9VAW5	223	ECO:0000269|PubMed:18327897	Phosphoserine	modified_residue
Q9VAW5	229	ECO:0000269|PubMed:18327897	Phosphoserine	modified_residue
Q9VAW5	230	ECO:0000269|PubMed:18327897	Phosphoserine	modified_residue
Q9VAW5	236	ECO:0000269|PubMed:18327897	Phosphoserine	modified_residue
Q9VAW5	284	ECO:0000269|PubMed:18327897	Phosphoserine	modified_residue
Q9VAW5	562	ECO:0000269|PubMed:17372656	Phosphoserine	modified_residue
Q9VAW5	608	ECO:0000269|PubMed:18327897	Phosphoserine	modified_residue
Q9VAW5	66	ECO:0000269|PubMed:17372656, ECO:0000269|PubMed:30772175	Phosphoserine	modified_residue
Q9VAW5	69	ECO:0000269|PubMed:17372656, ECO:0000269|PubMed:18327897	Phosphoserine	modified_residue
Q9VAW5	828	ECO:0000269|PubMed:30772175	Phosphothreonine	modified_residue
Q9VAW5	851	ECO:0000269|PubMed:17372656	Phosphoserine	modified_residue
Q9VB08	202	ECO:0000269|PubMed:18327897	Phosphoserine	modified_residue
Q9VB08	266	ECO:0000269|PubMed:18327897	Phosphoserine	modified_residue
Q9VB08	267	ECO:0000269|PubMed:18327897	Phosphothreonine	modified_residue
Q9VB08	269	ECO:0000269|PubMed:18327897	Phosphoserine	modified_residue
Q9VB62	155	ECO:0000269|PubMed:18327897	Phosphoserine	modified_residue
Q9VB62	164	ECO:0000269|PubMed:18327897	Phosphothreonine	modified_residue
Q9VB62	166	ECO:0000269|PubMed:18327897	Phosphoserine	modified_residue
Q9VB62	168	ECO:0000269|PubMed:18327897	Phosphoserine	modified_residue
Q9VB70	549	ECO:0000250	Phosphoserine	modified_residue
Q9VB70	550	ECO:0000250	Phosphoserine	modified_residue
Q9VB70	810	ECO:0000250	Phosphoserine	modified_residue
Q9VB74	136	ECO:0000269|PubMed:17372656	Phosphoserine	modified_residue
Q9VB74	189	ECO:0000269|PubMed:18327897	Phosphoserine	modified_residue
Q9VB74	191	ECO:0000269|PubMed:18327897	Phosphoserine	modified_residue
Q9VB74	195	ECO:0000269|PubMed:18327897	Phosphothreonine	modified_residue
Q9VB98	1551	ECO:0000269|PubMed:18327897	Phosphoserine	modified_residue
Q9VB98	1945	ECO:0000269|PubMed:18327897	Phosphothreonine	modified_residue
Q9VB98	1949	ECO:0000269|PubMed:18327897	Phosphoserine	modified_residue
Q9VB98	718	ECO:0000269|PubMed:18327897	Phosphoserine	modified_residue
Q9VB98	764	ECO:0000269|PubMed:18327897	Phosphoserine	modified_residue
Q9VB98	767	ECO:0000269|PubMed:18327897	Phosphoserine	modified_residue
Q9VB98	787	ECO:0000269|PubMed:18327897	Phosphoserine	modified_residue
Q9VB98	791	ECO:0000269|PubMed:18327897	Phosphoserine	modified_residue
Q9VB98	793	ECO:0000269|PubMed:18327897	Phosphoserine	modified_residue
Q9VB98	795	ECO:0000269|PubMed:18327897	Phosphoserine	modified_residue
Q9VB98	980	ECO:0000269|PubMed:17372656	Phosphotyrosine	modified_residue
Q9VBP9	114	ECO:0000269|PubMed:18327897	Phosphothreonine	modified_residue
Q9VBP9	115	ECO:0000269|PubMed:17372656, ECO:0000269|PubMed:18327897	Phosphoserine	modified_residue
Q9VBP9	117	ECO:0000269|PubMed:18327897	Phosphothreonine	modified_residue
Q9VBP9	138	ECO:0000269|PubMed:17372656	Phosphoserine	modified_residue
Q9VBW6	251	ECO:0000269|PubMed:18327897	Phosphoserine	modified_residue
Q9VBW6	254	ECO:0000269|PubMed:18327897	Phosphoserine	modified_residue
Q9VC44	148	ECO:0000269|PubMed:12171930, ECO:0000269|PubMed:21214272	Leucine amide	modified_residue
Q9VC44	64	ECO:0000269|PubMed:21214272	Leucine amide	modified_residue
Q9VC44	88	ECO:0000269|PubMed:21214272	Leucine amide	modified_residue
Q9VC44	99	ECO:0000269|PubMed:12171930, ECO:0000269|PubMed:21214272	Leucine amide	modified_residue
Q9VC45	151	ECO:0000269|PubMed:18327897	Phosphoserine	modified_residue
Q9VC45	360	ECO:0000269|PubMed:18327897	Phosphoserine	modified_residue
Q9VC45	364	ECO:0000269|PubMed:18327897	Phosphothreonine	modified_residue
Q9VC45	388	ECO:0000269|PubMed:18327897	Phosphoserine	modified_residue
Q9VC45	390	ECO:0000269|PubMed:18327897	Phosphoserine	modified_residue
Q9VC45	395	ECO:0000269|PubMed:18327897	Phosphoserine	modified_residue
Q9VC45	398	ECO:0000269|PubMed:18327897	Phosphoserine	modified_residue
Q9VC45	491	ECO:0000269|PubMed:18327897	Phosphoserine	modified_residue
Q9VC45	495	ECO:0000269|PubMed:18327897	Phosphoserine	modified_residue
Q9VC45	497	ECO:0000269|PubMed:18327897	Phosphoserine	modified_residue
Q9VC45	501	ECO:0000269|PubMed:18327897	Phosphoserine	modified_residue
Q9VC45	504	ECO:0000269|PubMed:18327897	Phosphoserine	modified_residue
Q9VC45	514	ECO:0000269|PubMed:18327897	Phosphoserine	modified_residue
Q9VC57	514	ECO:0000269|PubMed:18327897	Phosphothreonine	modified_residue
Q9VC61	442	ECO:0000269|PubMed:25920570	Phosphoserine	modified_residue
Q9VC61	443	ECO:0000269|PubMed:25920570	Phosphoserine	modified_residue
Q9VC61	505	ECO:0000269|PubMed:25920570	Phosphoserine	modified_residue
Q9VC61	527	ECO:0000269|PubMed:25920570	Phosphoserine; by TORC1	modified_residue
Q9VC61	530	ECO:0000269|PubMed:25920570	Phosphoserine; by TORC1	modified_residue
Q9VC61	589	ECO:0000269|PubMed:25920570	Phosphothreonine	modified_residue
Q9VC61	595	ECO:0000269|PubMed:25920570	Phosphoserine	modified_residue
Q9VC61	596	ECO:0000269|PubMed:25920570	Phosphoserine	modified_residue
Q9VC61	665	ECO:0000269|PubMed:25920570	Phosphothreonine	modified_residue
Q9VCA8	1389	ECO:0000269|PubMed:17372656	Phosphoserine	modified_residue
Q9VCA8	1588	ECO:0000269|PubMed:18327897	Phosphoserine	modified_residue
Q9VCA8	2687	ECO:0000269|PubMed:18327897	Phosphoserine	modified_residue
Q9VCA8	2698	ECO:0000269|PubMed:18327897	Phosphothreonine	modified_residue
Q9VCA8	2747	ECO:0000269|PubMed:18327897	Phosphoserine	modified_residue
Q9VCA8	2753	ECO:0000269|PubMed:18327897	Phosphoserine	modified_residue
Q9VCA8	3596	ECO:0000269|PubMed:18327897	Phosphoserine	modified_residue
Q9VCA8	3820	ECO:0000269|PubMed:18327897	Phosphoserine	modified_residue
Q9VCA8	3822	ECO:0000269|PubMed:18327897	Phosphoserine	modified_residue
Q9VCA8	3825	ECO:0000269|PubMed:18327897	Phosphoserine	modified_residue
Q9VCA8	501	ECO:0000269|PubMed:17372656, ECO:0000269|PubMed:18327897	Phosphoserine	modified_residue
Q9VCC0	324	ECO:0000269|PubMed:17372656, ECO:0000269|PubMed:18327897	Phosphoserine	modified_residue
Q9VCC0	339	ECO:0000269|PubMed:18327897	Phosphoserine	modified_residue
Q9VCG4	414	ECO:0000269|PubMed:18327897	Phosphoserine	modified_residue
Q9VCK0	128	ECO:0000269|PubMed:18327897	Phosphothreonine	modified_residue
Q9VCP0	120	ECO:0000269|PubMed:18327897	Phosphoserine	modified_residue
Q9VCP1	26	ECO:0000269|PubMed:18327897	Phosphotyrosine	modified_residue
Q9VCP1	32	ECO:0000269|PubMed:18327897	Phosphoserine	modified_residue
Q9VCP1	34	ECO:0000269|PubMed:18327897	Phosphoserine	modified_residue
Q9VCP1	96	ECO:0000269|PubMed:17372656	Phosphoserine	modified_residue
Q9VCR6	413	ECO:0000269|PubMed:18327897	Phosphoserine	modified_residue
Q9VCR6	416	ECO:0000269|PubMed:18327897	Phosphoserine	modified_residue
Q9VCU5	308	ECO:0000269|PubMed:18327897	Phosphoserine	modified_residue
Q9VCU5	320	ECO:0000269|PubMed:18327897	Phosphoserine	modified_residue
Q9VCU9	1423	ECO:0000269|PubMed:18327897	Phosphoserine	modified_residue
Q9VCU9	1877	ECO:0000269|PubMed:18327897	Phosphoserine	modified_residue
Q9VCU9	1880	ECO:0000269|PubMed:18327897	Phosphoserine	modified_residue
Q9VCW0	60	ECO:0000250	Cysteine amide	modified_residue
Q9VD26	215	ECO:0000269|PubMed:18327897	Phosphoserine	modified_residue
Q9VDC6	611	ECO:0000255|PROSITE-ProRule:PRU00258	O-(pantetheine 4'-phosphoryl)serine	modified_residue
Q9VDE5	237	ECO:0000269|PubMed:18327897	Phosphoserine	modified_residue
Q9VDE5	239	ECO:0000269|PubMed:18327897	Phosphoserine	modified_residue
Q9VDE5	353	ECO:0000269|PubMed:18327897	Phosphothreonine	modified_residue
Q9VDE5	355	ECO:0000269|PubMed:17372656, ECO:0000269|PubMed:18327897	Phosphoserine	modified_residue
Q9VDG2	68	ECO:0000269|PubMed:18327897	Phosphoserine	modified_residue
Q9VDG2	69	ECO:0000269|PubMed:18327897	Phosphoserine	modified_residue
Q9VDS5	469	ECO:0000269|PubMed:18327897	Phosphoserine	modified_residue
Q9VDS5	473	ECO:0000269|PubMed:18327897	Phosphoserine	modified_residue
Q9VDS5	593	ECO:0000269|PubMed:17372656	Phosphoserine	modified_residue
Q9VDS5	595	ECO:0000269|PubMed:17372656	Phosphothreonine	modified_residue
Q9VDS5	715	ECO:0000269|PubMed:18327897	Phosphoserine	modified_residue
Q9VDS5	721	ECO:0000269|PubMed:18327897	Phosphothreonine	modified_residue
Q9VDS5	738	ECO:0000269|PubMed:18327897	Phosphoserine	modified_residue
Q9VDS5	739	ECO:0000269|PubMed:18327897	Phosphoserine	modified_residue
Q9VDS6	87	ECO:0000269|PubMed:17372656	Phosphoserine	modified_residue
Q9VDW3	1379	ECO:0000269|PubMed:18327897	Phosphoserine	modified_residue
Q9VDW6	1832	ECO:0000269|PubMed:18327897	Phosphoserine	modified_residue
Q9VDW6	1838	ECO:0000269|PubMed:18327897	Phosphoserine	modified_residue
Q9VDW6	3207	ECO:0000269|PubMed:18327897	Phosphoserine	modified_residue
Q9VDY1	227	ECO:0000269|PubMed:18327897	Phosphoserine	modified_residue
Q9VDY1	230	ECO:0000269|PubMed:18327897	Phosphoserine	modified_residue
Q9VDY1	47	ECO:0000269|PubMed:18327897	Phosphoserine	modified_residue
Q9VDY1	48	ECO:0000269|PubMed:18327897	Phosphoserine	modified_residue
Q9VDY1	52	ECO:0000269|PubMed:18327897	Phosphothreonine	modified_residue
Q9VDY1	67	ECO:0000269|PubMed:18327897	Phosphoserine	modified_residue
Q9VDY1	70	ECO:0000269|PubMed:18327897	Phosphoserine	modified_residue
Q9VDZ3	395	ECO:0000269|PubMed:18327897	Phosphothreonine	modified_residue
Q9VDZ3	399	ECO:0000269|PubMed:18327897	Phosphoserine	modified_residue
Q9VDZ3	401	ECO:0000269|PubMed:18327897	Phosphoserine	modified_residue
Q9VDZ3	475	ECO:0000269|PubMed:17372656	Phosphoserine	modified_residue
Q9VDZ3	479	ECO:0000269|PubMed:17372656	Phosphotyrosine	modified_residue
Q9VDZ3	481	ECO:0000269|PubMed:17372656	Phosphotyrosine	modified_residue
Q9VE34	44	ECO:0000269|PubMed:18327897	Phosphoserine	modified_residue
Q9VE34	467	ECO:0000269|PubMed:18327897	Phosphoserine	modified_residue
Q9VE86	103	ECO:0000269|PubMed:18327897	Phosphoserine	modified_residue
Q9VE86	109	ECO:0000269|PubMed:18327897	Phosphoserine	modified_residue
Q9VE86	111	ECO:0000269|PubMed:18327897	Phosphoserine	modified_residue
Q9VEB5	30	ECO:0000269|PubMed:18327897	Phosphoserine	modified_residue
Q9VEB5	34	ECO:0000269|PubMed:18327897	Phosphotyrosine	modified_residue
Q9VEC3	471	ECO:0000269|PubMed:18327897	Phosphoserine	modified_residue
Q9VEC3	473	ECO:0000269|PubMed:18327897	Phosphoserine	modified_residue
Q9VEG6	224	ECO:0000250	N-acetylcysteine; in Chorion peroxidase light chain	modified_residue
Q9VET0	62	ECO:0000269|PubMed:10499420	Phenylalanine amide	modified_residue
Q9VEX0	98	ECO:0000250|UniProtKB:P15289	3-oxoalanine (Cys)	modified_residue
Q9VEZ5	202	ECO:0000269|PubMed:18327897	Phosphotyrosine	modified_residue
Q9VEZ5	221	ECO:0000250|UniProtKB:O14920	Phosphoserine	modified_residue
Q9VEZ5	225	ECO:0000269|PubMed:18327897	Phosphothreonine	modified_residue
Q9VFC8	26	ECO:0000269|PubMed:18327897	Phosphoserine	modified_residue
Q9VFC8	30	ECO:0000269|PubMed:17372656, ECO:0000269|PubMed:18327897	Phosphoserine	modified_residue
Q9VFC8	660	ECO:0000269|PubMed:17372656, ECO:0000269|PubMed:18327897	Phosphoserine	modified_residue
Q9VFC8	667	ECO:0000269|PubMed:18327897	Phosphoserine	modified_residue
Q9VFC8	671	ECO:0000269|PubMed:18327897	Phosphoserine	modified_residue
Q9VFC8	675	ECO:0000269|PubMed:18327897	Phosphoserine	modified_residue
Q9VFC8	679	ECO:0000269|PubMed:18327897	Phosphoserine	modified_residue
Q9VFC8	682	ECO:0000269|PubMed:18327897	Phosphothreonine	modified_residue
Q9VFC8	683	ECO:0000269|PubMed:18327897	Phosphothreonine	modified_residue
Q9VFC8	687	ECO:0000269|PubMed:18327897	Phosphoserine	modified_residue
Q9VFC8	691	ECO:0000269|PubMed:18327897	Phosphoserine	modified_residue
Q9VFC8	696	ECO:0000269|PubMed:18327897	Phosphoserine	modified_residue
Q9VFE6	269	ECO:0000269|PubMed:18327897	Phosphoserine	modified_residue
Q9VFE6	271	ECO:0000269|PubMed:18327897	Phosphotyrosine	modified_residue
Q9VFG8	992	ECO:0000269|PubMed:18327897	Phosphoserine	modified_residue
Q9VFI9	1115	ECO:0000305	Cysteine methyl ester	modified_residue
Q9VFK6	195	ECO:0000269|PubMed:18327897	Phosphoserine	modified_residue
Q9VFK6	250	ECO:0000269|PubMed:18327897	Phosphoserine	modified_residue
Q9VFK6	252	ECO:0000269|PubMed:18327897	Phosphothreonine	modified_residue
Q9VFK6	281	ECO:0000269|PubMed:18327897	Phosphoserine	modified_residue
Q9VFK6	344	ECO:0000269|PubMed:18327897	Phosphothreonine	modified_residue
Q9VFK6	346	ECO:0000269|PubMed:18327897	Phosphoserine	modified_residue
Q9VFK6	383	ECO:0000269|PubMed:18327897	Phosphoserine	modified_residue
Q9VFK6	388	ECO:0000269|PubMed:18327897	Phosphoserine	modified_residue
Q9VFK6	392	ECO:0000269|PubMed:18327897	Phosphoserine	modified_residue
Q9VG55	137	ECO:0000255	Leucine amide	modified_residue
Q9VG55	181	ECO:0000269|PubMed:12171930	Leucine amide	modified_residue
Q9VGB5	223	ECO:0000269|PubMed:18327897	Phosphotyrosine	modified_residue
Q9VGC3	839	ECO:0000269|PubMed:18327897	Phosphoserine	modified_residue
Q9VGE8	110	ECO:0000269|PubMed:21214272	Arginine amide	modified_residue
Q9VGE8	153	ECO:0000255, ECO:0000303|PubMed:10801863	Valine amide	modified_residue
Q9VGE8	165	ECO:0000269|PubMed:21214272	Arginine amide	modified_residue
Q9VGE8	200	ECO:0000269|PubMed:21214272	Arginine amide	modified_residue
Q9VGE8	239	ECO:0000255, ECO:0000303|PubMed:10801863	Arginine amide	modified_residue
Q9VGE8	281	ECO:0000269|PubMed:21214272	Arginine amide	modified_residue
Q9VGE8	59	ECO:0000269|PubMed:21214272	Arginine amide	modified_residue
Q9VGE8	95	ECO:0000255, ECO:0000303|PubMed:10801863	Asparagine amide	modified_residue
Q9VGI8	108	ECO:0000269|PubMed:18327897	Phosphoserine	modified_residue
Q9VGI8	113	ECO:0000269|PubMed:18327897	Phosphothreonine	modified_residue
Q9VGI8	118	ECO:0000269|PubMed:18327897	Phosphoserine	modified_residue
Q9VGI8	120	ECO:0000269|PubMed:18327897	Phosphoserine	modified_residue
Q9VGI8	130	ECO:0000269|PubMed:18327897	Phosphoserine	modified_residue
Q9VGI8	1424	ECO:0000269|PubMed:37268618	ADP-ribosylserine	modified_residue
Q9VGI8	151	ECO:0000269|PubMed:18327897	Phosphoserine	modified_residue
Q9VGI8	153	ECO:0000269|PubMed:18327897	Phosphoserine	modified_residue
Q9VGI8	180	ECO:0000269|PubMed:18327897	Phosphoserine	modified_residue
Q9VGI8	182	ECO:0000269|PubMed:18327897	Phosphoserine	modified_residue
Q9VGI8	197	ECO:0000269|PubMed:18327897	Phosphoserine	modified_residue
Q9VGI8	203	ECO:0000269|PubMed:18327897	Phosphoserine	modified_residue
Q9VGI8	328	ECO:0000269|PubMed:18327897	Phosphoserine	modified_residue
Q9VGI8	506	ECO:0000269|PubMed:18327897	Phosphoserine	modified_residue
Q9VGI8	509	ECO:0000269|PubMed:18327897	Phosphoserine	modified_residue
Q9VGI8	510	ECO:0000269|PubMed:18327897	Phosphoserine	modified_residue
Q9VGI8	52	ECO:0000269|PubMed:18327897	Phosphoserine	modified_residue
Q9VGI8	53	ECO:0000269|PubMed:18327897	Phosphoserine	modified_residue
Q9VGI8	535	ECO:0000269|PubMed:18327897	Phosphoserine	modified_residue
Q9VGI8	92	ECO:0000269|PubMed:18327897	Phosphoserine	modified_residue
Q9VGI8	94	ECO:0000269|PubMed:18327897	Phosphoserine	modified_residue
Q9VGK7	1094	ECO:0000269|PubMed:18327897	Phosphoserine	modified_residue
Q9VGN9	136	ECO:0000269|PubMed:18327897	Phosphoserine	modified_residue
Q9VGP1	1424	ECO:0000269|PubMed:18327897	Phosphoserine	modified_residue
Q9VGP1	403	ECO:0000269|PubMed:18327897	Phosphotyrosine	modified_residue
Q9VGR7	239	ECO:0000269|PubMed:17372656	Phosphoserine	modified_residue
Q9VGS2	50	ECO:0000269|PubMed:17372656, ECO:0000269|PubMed:18327897	Phosphoserine	modified_residue
Q9VGS2	58	ECO:0000269|PubMed:18327897	Phosphothreonine	modified_residue
Q9VGS2	61	ECO:0000269|PubMed:18327897	Phosphothreonine	modified_residue
Q9VGU5	536	ECO:0000269|PubMed:18327897	Phosphoserine	modified_residue
Q9VGU5	538	ECO:0000269|PubMed:17372656, ECO:0000269|PubMed:18327897	Phosphothreonine	modified_residue
Q9VGU5	540	ECO:0000269|PubMed:17372656, ECO:0000269|PubMed:18327897	Phosphoserine	modified_residue
Q9VGU5	606	ECO:0000269|PubMed:18327897	Phosphoserine	modified_residue
Q9VGU5	607	ECO:0000269|PubMed:18327897	Phosphoserine	modified_residue
Q9VGU5	769	ECO:0000269|PubMed:18327897	Phosphoserine	modified_residue
Q9VGU5	771	ECO:0000269|PubMed:18327897	Phosphoserine	modified_residue
Q9VGU5	778	ECO:0000269|PubMed:18327897	Phosphoserine	modified_residue
Q9VGU5	780	ECO:0000269|PubMed:18327897	Phosphoserine	modified_residue
Q9VGZ8	248	ECO:0000269|PubMed:17372656	Phosphoserine	modified_residue
Q9VGZ8	358	ECO:0000269|PubMed:17372656	Phosphoserine	modified_residue
Q9VGZ8	391	ECO:0000269|PubMed:17372656	Phosphoserine	modified_residue
Q9VGZ8	414	ECO:0000269|PubMed:17372656	Phosphoserine	modified_residue
Q9VH48	501	ECO:0000250	Asymmetric dimethylarginine; by autocatalysis	modified_residue
Q9VH89	173	ECO:0000269|PubMed:18327897	Phosphoserine	modified_residue
Q9VH89	175	ECO:0000269|PubMed:18327897	Phosphoserine	modified_residue
Q9VH89	184	ECO:0000269|PubMed:18327897	Phosphoserine	modified_residue
Q9VH89	222	ECO:0000269|PubMed:18327897	Phosphoserine	modified_residue
Q9VH89	405	ECO:0000269|PubMed:18327897	Phosphoserine	modified_residue
Q9VH90	770	ECO:0000269|PubMed:18327897	Phosphoserine	modified_residue
Q9VH90	771	ECO:0000269|PubMed:18327897	Phosphoserine	modified_residue
Q9VH90	775	ECO:0000269|PubMed:18327897	Phosphoserine	modified_residue
Q9VH95	116	ECO:0000269|PubMed:17372656, ECO:0000269|PubMed:18327897	Phosphoserine	modified_residue
Q9VH95	127	ECO:0000269|PubMed:18327897	Phosphoserine	modified_residue
Q9VH95	135	ECO:0000269|PubMed:18327897	Phosphoserine	modified_residue
Q9VH95	156	ECO:0000269|PubMed:17372656, ECO:0000269|PubMed:18327897	Phosphoserine	modified_residue
Q9VH95	162	ECO:0000269|PubMed:18327897	Phosphoserine	modified_residue
Q9VHA0	546	ECO:0000269|PubMed:18327897	Phosphothreonine	modified_residue
Q9VHA0	549	ECO:0000269|PubMed:18327897	Phosphoserine	modified_residue
Q9VHA0	550	ECO:0000269|PubMed:18327897	Phosphoserine	modified_residue
Q9VHA0	585	ECO:0000269|PubMed:18327897	Phosphoserine	modified_residue
Q9VHH9	53	ECO:0000269|PubMed:18327897	Phosphotyrosine	modified_residue
Q9VHH9	58	ECO:0000269|PubMed:18327897	Phosphoserine	modified_residue
Q9VHH9	79	ECO:0000269|PubMed:18327897	Phosphoserine	modified_residue
Q9VHP0	177	ECO:0000269|PubMed:18327897	Phosphoserine	modified_residue
Q9VHP0	179	ECO:0000269|PubMed:18327897	Phosphoserine	modified_residue
Q9VHP0	214	ECO:0000269|PubMed:18327897	Phosphoserine	modified_residue
Q9VHP0	219	ECO:0000269|PubMed:18327897	Phosphoserine	modified_residue
Q9VHP0	638	ECO:0000269|PubMed:18327897	Phosphoserine	modified_residue
Q9VHR6	227	ECO:0000269|PubMed:18327897	Phosphoserine	modified_residue
Q9VHR6	238	ECO:0000269|PubMed:18327897	Phosphothreonine	modified_residue
Q9VHR6	314	ECO:0000269|PubMed:18327897	Phosphoserine	modified_residue
Q9VHR6	317	ECO:0000269|PubMed:18327897	Phosphoserine	modified_residue
Q9VHY5	233	ECO:0000269|PubMed:18327897	Phosphoserine	modified_residue
Q9VHY5	271	ECO:0000269|PubMed:18327897	Phosphoserine	modified_residue
Q9VHY5	277	ECO:0000269|PubMed:18327897	Phosphoserine	modified_residue
Q9VHY5	300	ECO:0000269|PubMed:18327897	Phosphoserine	modified_residue
Q9VHY5	301	ECO:0000269|PubMed:18327897	Phosphoserine	modified_residue
Q9VHY5	302	ECO:0000269|PubMed:18327897	Phosphothreonine	modified_residue
Q9VHY5	367	ECO:0000269|PubMed:18327897	Phosphoserine	modified_residue
Q9VHY5	371	ECO:0000269|PubMed:18327897	Phosphoserine	modified_residue
Q9VI82	187	ECO:0000269|PubMed:18327897	Phosphoserine	modified_residue
Q9VI82	193	ECO:0000269|PubMed:18327897	Phosphothreonine	modified_residue
Q9VI82	198	ECO:0000269|PubMed:18327897	Phosphoserine	modified_residue
Q9VIE6	87	ECO:0000269|PubMed:18327897	Phosphoserine	modified_residue
Q9VIE6	88	ECO:0000269|PubMed:18327897	Phosphoserine	modified_residue
Q9VIF0	101	ECO:0000269|PubMed:18327897	Phosphothreonine	modified_residue
Q9VIF0	143	ECO:0000269|PubMed:18327897	Phosphoserine	modified_residue
Q9VIF0	146	ECO:0000269|PubMed:18327897	Phosphoserine	modified_residue
Q9VIF0	691	ECO:0000269|PubMed:18327897	Phosphoserine	modified_residue
Q9VIF0	693	ECO:0000269|PubMed:18327897	Phosphoserine	modified_residue
Q9VIF0	705	ECO:0000269|PubMed:18327897	Phosphoserine	modified_residue
Q9VIF1	17	ECO:0000269|PubMed:18327897	Phosphoserine	modified_residue
Q9VIL0	317	ECO:0000269|PubMed:18327897	Phosphoserine	modified_residue
Q9VIL0	329	ECO:0000269|PubMed:18327897	Phosphothreonine	modified_residue
Q9VIL0	672	ECO:0000269|PubMed:17372656	Phosphoserine	modified_residue
Q9VIQ0	111	ECO:0000269|PubMed:21214272	Phenylalanine amide	modified_residue
Q9VIQ0	173	ECO:0000269|PubMed:21214272	Tryptophan amide	modified_residue
Q9VIQ0	254	ECO:0000269|PubMed:21214272	Tryptophan amide	modified_residue
Q9VIQ0	77	ECO:0000250	Phenylalanine amide	modified_residue
Q9VIS1	1029	ECO:0000269|PubMed:18327897	Phosphoserine	modified_residue
Q9VIS1	1118	ECO:0000269|PubMed:18327897	Phosphothreonine	modified_residue
Q9VIS1	1121	ECO:0000269|PubMed:18327897	Phosphothreonine	modified_residue
Q9VIS1	1125	ECO:0000269|PubMed:18327897	Phosphoserine	modified_residue
Q9VIS1	1216	ECO:0000269|PubMed:17372656	Phosphoserine	modified_residue
Q9VIS1	1281	ECO:0000269|PubMed:18327897	Phosphoserine	modified_residue
Q9VIS1	1284	ECO:0000269|PubMed:18327897	Phosphoserine	modified_residue
Q9VIS1	1453	ECO:0000269|PubMed:18327897	Phosphoserine	modified_residue
Q9VIS1	1456	ECO:0000269|PubMed:18327897	Phosphoserine	modified_residue
Q9VIS1	166	ECO:0000269|PubMed:18327897	Phosphoserine	modified_residue
Q9VIS1	1679	ECO:0000269|PubMed:18327897	Phosphothreonine	modified_residue
Q9VIS1	168	ECO:0000269|PubMed:18327897	Phosphoserine	modified_residue
Q9VIS1	180	ECO:0000269|PubMed:18327897	Phosphoserine	modified_residue
Q9VIS1	837	ECO:0000269|PubMed:18327897	Phosphoserine	modified_residue
Q9VIS1	840	ECO:0000269|PubMed:18327897	Phosphoserine	modified_residue
Q9VIS1	843	ECO:0000269|PubMed:18327897	Phosphothreonine	modified_residue
Q9VIS1	851	ECO:0000269|PubMed:18327897	Phosphoserine	modified_residue
Q9VIS1	861	ECO:0000269|PubMed:18327897	Phosphoserine	modified_residue
Q9VIS1	872	ECO:0000269|PubMed:18327897	Phosphoserine	modified_residue
Q9VIS1	876	ECO:0000269|PubMed:18327897	Phosphoserine	modified_residue
Q9VIW3	433	ECO:0000269|PubMed:18327897	Phosphothreonine	modified_residue
Q9VIW3	434	ECO:0000269|PubMed:18327897	Phosphothreonine	modified_residue
Q9VIW3	436	ECO:0000269|PubMed:18327897	Phosphoserine	modified_residue
Q9VJ62	250	ECO:0000269|PubMed:18327897	Phosphothreonine	modified_residue
Q9VJ62	254	ECO:0000269|PubMed:18327897	Phosphoserine	modified_residue
Q9VJ62	403	ECO:0000269|PubMed:18327897	Phosphoserine	modified_residue
Q9VJ62	427	ECO:0000269|PubMed:18327897	Phosphothreonine	modified_residue
Q9VJ62	429	ECO:0000269|PubMed:18327897	Phosphoserine	modified_residue
Q9VJ62	432	ECO:0000269|PubMed:18327897	Phosphothreonine	modified_residue
Q9VJ87	1108	ECO:0000269|PubMed:18327897	Phosphothreonine	modified_residue
Q9VJ87	1111	ECO:0000269|PubMed:18327897	Phosphoserine	modified_residue
Q9VJ87	1121	ECO:0000269|PubMed:17372656	Phosphoserine	modified_residue
Q9VJ87	1180	ECO:0000269|PubMed:18327897	Phosphoserine	modified_residue
Q9VJ87	1181	ECO:0000269|PubMed:18327897	Phosphoserine	modified_residue
Q9VJ87	1182	ECO:0000269|PubMed:18327897	Phosphotyrosine	modified_residue
Q9VJ87	191	ECO:0000269|PubMed:18327897	Phosphothreonine	modified_residue
Q9VJ87	201	ECO:0000269|PubMed:18327897	Phosphothreonine	modified_residue
Q9VJ87	219	ECO:0000269|PubMed:18327897	Phosphoserine	modified_residue
Q9VJ87	221	ECO:0000269|PubMed:18327897	Phosphoserine	modified_residue
Q9VJE5	1681	ECO:0000269|PubMed:18327897	Phosphothreonine	modified_residue
Q9VJE5	1682	ECO:0000269|PubMed:18327897	Phosphoserine	modified_residue
Q9VJE5	216	ECO:0000269|PubMed:18327897	Phosphoserine	modified_residue
Q9VJE5	309	ECO:0000269|PubMed:18327897	Phosphoserine	modified_residue
Q9VJE5	322	ECO:0000269|PubMed:18327897	Phosphoserine	modified_residue
Q9VJE5	325	ECO:0000269|PubMed:18327897	Phosphoserine	modified_residue
Q9VJE5	327	ECO:0000269|PubMed:18327897	Phosphothreonine	modified_residue
Q9VJE5	328	ECO:0000269|PubMed:18327897	Phosphoserine	modified_residue
Q9VJE5	362	ECO:0000269|PubMed:18327897	Phosphothreonine	modified_residue
Q9VJE5	64	ECO:0000269|PubMed:18327897	Phosphoserine	modified_residue
Q9VJE5	67	ECO:0000269|PubMed:18327897	Phosphoserine	modified_residue
Q9VJN5	168	ECO:0000269|PubMed:18327897	Phosphoserine	modified_residue
Q9VJQ4	22	ECO:0000269|PubMed:18327897	Phosphoserine	modified_residue
Q9VJQ4	24	ECO:0000269|PubMed:18327897	Phosphoserine	modified_residue
Q9VJQ4	29	ECO:0000269|PubMed:18327897	Phosphoserine	modified_residue
Q9VJQ4	46	ECO:0000269|PubMed:18327897	Phosphoserine	modified_residue
Q9VJQ4	48	ECO:0000269|PubMed:18327897	Phosphoserine	modified_residue
Q9VJZ7	617	ECO:0000269|PubMed:18327897	Phosphothreonine	modified_residue
Q9VJZ7	620	ECO:0000269|PubMed:18327897	Phosphothreonine	modified_residue
Q9VJZ7	622	ECO:0000269|PubMed:18327897	Phosphoserine	modified_residue
Q9VK07	214	ECO:0000269|PubMed:18327897	Phosphoserine	modified_residue
Q9VK07	218	ECO:0000269|PubMed:18327897	Phosphoserine	modified_residue
Q9VK07	666	ECO:0000269|PubMed:18327897	Phosphoserine	modified_residue
Q9VK07	667	ECO:0000269|PubMed:18327897	Phosphotyrosine	modified_residue
Q9VK07	668	ECO:0000269|PubMed:18327897	Phosphoserine	modified_residue
Q9VK07	685	ECO:0000269|PubMed:18327897	Phosphoserine	modified_residue
Q9VK34	618	ECO:0000269|PubMed:18327897	Phosphoserine	modified_residue
Q9VK34	621	ECO:0000269|PubMed:18327897	Phosphoserine	modified_residue
Q9VKA4	519	ECO:0000269|PubMed:17372656	Phosphoserine	modified_residue
Q9VKB9	801	ECO:0000269|PubMed:18327897	Phosphoserine	modified_residue
Q9VKD3	263	ECO:0000250|UniProtKB:P0A6B9	N6-(pyridoxal phosphate)lysine	modified_residue
Q9VKJ1	1288	ECO:0000269|PubMed:18327897	Phosphoserine	modified_residue
Q9VKJ1	1290	ECO:0000269|PubMed:18327897	Phosphoserine	modified_residue
Q9VKJ1	1297	ECO:0000269|PubMed:18327897	Phosphothreonine	modified_residue
Q9VKJ1	699	ECO:0000269|PubMed:18327897	Phosphoserine	modified_residue
Q9VKJ1	701	ECO:0000269|PubMed:18327897	Phosphoserine	modified_residue
Q9VKJ1	705	ECO:0000269|PubMed:18327897	Phosphoserine	modified_residue
Q9VKJ1	719	ECO:0000269|PubMed:18327897	Phosphoserine	modified_residue
Q9VKJ1	723	ECO:0000269|PubMed:18327897	Phosphoserine	modified_residue
Q9VKJ1	728	ECO:0000269|PubMed:18327897	Phosphoserine	modified_residue
Q9VKK1	1207	ECO:0000269|PubMed:18327897	Phosphoserine	modified_residue
Q9VKK1	1211	ECO:0000269|PubMed:18327897	Phosphothreonine	modified_residue
Q9VKK1	1317	ECO:0000269|PubMed:18327897	Phosphothreonine	modified_residue
Q9VKK1	1320	ECO:0000269|PubMed:18327897	Phosphotyrosine	modified_residue
Q9VKK1	32	ECO:0000269|PubMed:18327897	Phosphoserine	modified_residue
Q9VKK1	561	ECO:0000269|PubMed:18327897	Phosphoserine	modified_residue
Q9VKK1	563	ECO:0000269|PubMed:18327897	Phosphothreonine	modified_residue
Q9VKK1	576	ECO:0000269|PubMed:17372656, ECO:0000269|PubMed:18327897	Phosphoserine	modified_residue
Q9VKK1	581	ECO:0000269|PubMed:17372656	Phosphothreonine	modified_residue
Q9VKK1	759	ECO:0000269|PubMed:18327897	Phosphoserine	modified_residue
Q9VKK1	762	ECO:0000269|PubMed:18327897	Phosphoserine	modified_residue
Q9VKK1	763	ECO:0000269|PubMed:18327897	Phosphoserine	modified_residue
Q9VKK2	373	ECO:0000269|PubMed:18327897	Phosphothreonine	modified_residue
Q9VKM1	10	ECO:0000269|PubMed:29531043	Symmetric dimethylarginine	modified_residue
Q9VKM1	11	ECO:0000269|PubMed:29531043	Symmetric dimethylarginine	modified_residue
Q9VKM1	7	ECO:0000269|PubMed:29531043	Symmetric dimethylarginine	modified_residue
Q9VKM1	9	ECO:0000269|PubMed:29531043	Symmetric dimethylarginine	modified_residue
Q9VKM6	56	ECO:0000269|PubMed:18327897	Phosphoserine	modified_residue
Q9VKM6	59	ECO:0000269|PubMed:18327897	Phosphoserine	modified_residue
Q9VKM6	68	ECO:0000269|PubMed:18327897	Phosphoserine	modified_residue
Q9VKU7	214	ECO:0000269|PubMed:18327897	Phosphoserine	modified_residue
Q9VKU7	216	ECO:0000269|PubMed:18327897	Phosphothreonine	modified_residue
Q9VKU7	218	ECO:0000269|PubMed:18327897	Phosphoserine	modified_residue
Q9VKV5	25	ECO:0000269|PubMed:18327897	Phosphoserine	modified_residue
Q9VKV5	30	ECO:0000269|PubMed:18327897	Phosphoserine	modified_residue
Q9VKV5	37	ECO:0000269|PubMed:18327897	Phosphotyrosine	modified_residue
Q9VKV5	41	ECO:0000269|PubMed:18327897	Phosphoserine	modified_residue
Q9VL18	137	ECO:0000269|PubMed:18327897	Phosphoserine	modified_residue
Q9VL18	139	ECO:0000269|PubMed:18327897	Phosphoserine	modified_residue
Q9VL18	37	ECO:0000269|PubMed:18327897	Phosphoserine	modified_residue
Q9VL18	53	ECO:0000269|PubMed:18327897	Phosphoserine	modified_residue
Q9VL18	89	ECO:0000269|PubMed:17372656	Phosphoserine	modified_residue
Q9VL63	77	ECO:0000269|PubMed:18327897	Phosphoserine	modified_residue
Q9VL63	79	ECO:0000269|PubMed:18327897	Phosphoserine	modified_residue
Q9VL72	834	ECO:0000269|PubMed:18327897	Phosphoserine	modified_residue
Q9VL72	838	ECO:0000269|PubMed:18327897	Phosphoserine	modified_residue
Q9VL72	841	ECO:0000269|PubMed:18327897	Phosphoserine	modified_residue
Q9VL96	453	ECO:0000269|PubMed:18327897	Phosphoserine	modified_residue
Q9VL96	457	ECO:0000269|PubMed:18327897	Phosphoserine	modified_residue
Q9VLA1	11	ECO:0000269|PubMed:18327897	Phosphothreonine	modified_residue
Q9VLA1	12	ECO:0000269|PubMed:18327897	Phosphoserine	modified_residue
Q9VLA1	32	ECO:0000269|PubMed:18327897	Phosphoserine	modified_residue
Q9VLA1	9	ECO:0000269|PubMed:18327897	Phosphoserine	modified_residue
Q9VLC0	30	ECO:0000269|PubMed:18327897	Phosphothreonine	modified_residue
Q9VLD6	146	ECO:0000269|PubMed:18327897	Phosphothreonine	modified_residue
Q9VLD6	152	ECO:0000269|PubMed:18327897	Phosphoserine	modified_residue
Q9VLD6	163	ECO:0000269|PubMed:18327897	Phosphoserine	modified_residue
Q9VLD6	205	ECO:0000269|PubMed:18327897	Phosphoserine	modified_residue
Q9VLD6	209	ECO:0000269|PubMed:18327897	Phosphothreonine	modified_residue
Q9VLD6	218	ECO:0000269|PubMed:18327897	Phosphoserine	modified_residue
Q9VLD6	220	ECO:0000269|PubMed:18327897	Phosphoserine	modified_residue
Q9VLD6	244	ECO:0000269|PubMed:18327897	Phosphoserine	modified_residue
Q9VLJ8	62	ECO:0000269|PubMed:18327897	Phosphothreonine	modified_residue
Q9VLK2	128	ECO:0000269|PubMed:17372656	Phosphoserine	modified_residue
Q9VLK2	15	ECO:0000269|PubMed:18327897	Phosphoserine	modified_residue
Q9VLK2	17	ECO:0000269|PubMed:18327897	Phosphoserine	modified_residue
Q9VLK2	89	ECO:0000269|PubMed:17372656	Phosphoserine	modified_residue
Q9VLK4	106	ECO:0000269|PubMed:21214272	Proline amide	modified_residue
Q9VLL3	132	ECO:0000269|PubMed:10480937	Phosphoserine	modified_residue
Q9VLL3	135	ECO:0000269|PubMed:10480937	Phosphoserine	modified_residue
Q9VLL3	137	ECO:0000269|PubMed:10480937	Phosphoserine	modified_residue
Q9VLT5	1167	ECO:0000269|PubMed:18327897	Phosphoserine	modified_residue
Q9VLT5	1168	ECO:0000269|PubMed:18327897	Phosphoserine	modified_residue
Q9VLT5	1171	ECO:0000269|PubMed:18327897	Phosphoserine	modified_residue
Q9VLT5	167	ECO:0000269|PubMed:18327897	Phosphoserine	modified_residue
Q9VLT5	1894	ECO:0000269|PubMed:17372656, ECO:0000269|PubMed:18327897	Phosphoserine	modified_residue
Q9VLT5	3013	ECO:0000269|PubMed:18327897	Phosphothreonine	modified_residue
Q9VLT5	3014	ECO:0000269|PubMed:18327897	Phosphoserine	modified_residue
Q9VLT5	3051	ECO:0000269|PubMed:18327897	Phosphoserine	modified_residue
Q9VLT5	3057	ECO:0000269|PubMed:18327897	Phosphoserine	modified_residue
Q9VLT5	3510	ECO:0000269|PubMed:18327897	Phosphoserine	modified_residue
Q9VLT5	599	ECO:0000269|PubMed:18327897	Phosphothreonine	modified_residue
Q9VLT5	600	ECO:0000269|PubMed:18327897	Phosphoserine	modified_residue
Q9VM46	19	ECO:0000269|PubMed:18327897	Phosphoserine	modified_residue
Q9VM60	147	ECO:0000269|PubMed:18327897	Phosphoserine	modified_residue
Q9VM60	150	ECO:0000269|PubMed:18327897	Phosphoserine	modified_residue
Q9VM71	438	ECO:0000269|PubMed:18327897	Phosphoserine	modified_residue
Q9VM90	334	ECO:0000269|PubMed:29473541	Phosphoserine; by PKA	modified_residue
Q9VM95	26	ECO:0000269|PubMed:18327897	Phosphoserine	modified_residue
Q9VM95	28	ECO:0000269|PubMed:18327897	Phosphoserine	modified_residue
Q9VM95	32	ECO:0000269|PubMed:18327897	Phosphoserine	modified_residue
Q9VMA0	185	ECO:0000269|PubMed:17372656	Phosphothreonine	modified_residue
Q9VMA3	263	ECO:0000269|PubMed:18327897	Phosphoserine	modified_residue
Q9VMA3	270	ECO:0000269|PubMed:18327897	Phosphoserine	modified_residue
Q9VMA3	347	ECO:0000269|PubMed:18327897	Phosphoserine	modified_residue
Q9VMA3	350	ECO:0000269|PubMed:18327897	Phosphoserine	modified_residue
Q9VMA3	503	ECO:0000269|PubMed:18327897	Phosphothreonine	modified_residue
Q9VMA3	509	ECO:0000269|PubMed:18327897	Phosphoserine	modified_residue
Q9VMA3	513	ECO:0000269|PubMed:18327897	Phosphoserine	modified_residue
Q9VMA3	520	ECO:0000269|PubMed:18327897	Phosphoserine	modified_residue
Q9VMA3	523	ECO:0000269|PubMed:18327897	Phosphoserine	modified_residue
Q9VMA3	524	ECO:0000269|PubMed:18327897	Phosphoserine	modified_residue
Q9VMA7	1345	ECO:0000269|PubMed:18327897	Phosphoserine	modified_residue
Q9VMA7	1348	ECO:0000269|PubMed:18327897	Phosphoserine	modified_residue
Q9VMA7	1390	ECO:0000269|PubMed:18327897	Phosphoserine	modified_residue
Q9VMA7	1392	ECO:0000269|PubMed:18327897	Phosphoserine	modified_residue
Q9VMA7	865	ECO:0000269|PubMed:18327897	Phosphoserine	modified_residue
Q9VMA7	868	ECO:0000269|PubMed:18327897	Phosphoserine	modified_residue
Q9VMD6	477	ECO:0000269|PubMed:18327897	Phosphoserine	modified_residue
Q9VMJ7	1422	ECO:0000269|PubMed:18327897	Phosphoserine	modified_residue
Q9VMJ7	1433	ECO:0000269|PubMed:18327897	Phosphoserine	modified_residue
Q9VMJ7	1474	ECO:0000269|PubMed:17372656	Phosphoserine	modified_residue
Q9VMJ7	1635	ECO:0000269|PubMed:18327897	Phosphoserine	modified_residue
Q9VMJ7	1640	ECO:0000269|PubMed:18327897	Phosphoserine	modified_residue
Q9VMJ7	323	ECO:0000269|PubMed:18327897	Phosphothreonine	modified_residue
Q9VMQ7	183	ECO:0000269|PubMed:18327897	Phosphoserine	modified_residue
Q9VMQ7	242	ECO:0000269|PubMed:18327897	Phosphoserine	modified_residue
Q9VMX6	63	ECO:0000269|PubMed:18327897	Phosphoserine	modified_residue
Q9VN25	908	ECO:0000255|HAMAP-Rule:MF_03000, ECO:0000269|PubMed:18327897	Phosphoserine	modified_residue
Q9VN91	2	ECO:0000269|PubMed:20107052	N-acetylalanine	modified_residue
Q9VND8	179	ECO:0000250	Cysteine methyl ester	modified_residue
Q9VNE2	407	ECO:0000269|PubMed:18327897	Phosphoserine	modified_residue
Q9VNE2	412	ECO:0000269|PubMed:18327897	Phosphoserine	modified_residue
Q9VNE2	414	ECO:0000269|PubMed:18327897	Phosphoserine	modified_residue
Q9VNE7	78	ECO:0000269|PubMed:18327897	Phosphoserine	modified_residue
Q9VNE7	81	ECO:0000269|PubMed:18327897	Phosphoserine	modified_residue
Q9VNH6	235	ECO:0000269|PubMed:18327897	Phosphoserine	modified_residue
Q9VNH6	456	ECO:0000269|PubMed:18327897	Phosphoserine	modified_residue
Q9VNH6	459	ECO:0000269|PubMed:18327897	Phosphoserine	modified_residue
Q9VNH6	682	ECO:0000269|PubMed:18327897	Phosphoserine	modified_residue
Q9VNH6	686	ECO:0000269|PubMed:18327897	Phosphoserine	modified_residue
Q9VNI3	72	ECO:0000269|PubMed:18327897	Phosphoserine	modified_residue
Q9VNX8	463	ECO:0000269|PubMed:18327897	Phosphothreonine	modified_residue
Q9VP05	830	ECO:0000269|PubMed:18327897	Phosphoserine	modified_residue
Q9VP05	834	ECO:0000269|PubMed:18327897	Phosphoserine	modified_residue
Q9VP05	854	ECO:0000269|PubMed:18327897	Phosphoserine	modified_residue
Q9VP05	858	ECO:0000269|PubMed:18327897	Phosphoserine	modified_residue
Q9VP22	106	ECO:0000269|PubMed:18327897	Phosphothreonine	modified_residue
Q9VP22	184	ECO:0000269|PubMed:18327897	Phosphothreonine	modified_residue
Q9VP22	190	ECO:0000269|PubMed:18327897	Phosphoserine	modified_residue
Q9VP22	192	ECO:0000269|PubMed:18327897	Phosphoserine	modified_residue
Q9VP22	217	ECO:0000269|PubMed:18327897	Phosphothreonine	modified_residue
Q9VP22	280	ECO:0000269|PubMed:18327897	Phosphoserine	modified_residue
Q9VP22	283	ECO:0000269|PubMed:18327897	Phosphothreonine	modified_residue
Q9VP22	291	ECO:0000269|PubMed:18327897	Phosphoserine	modified_residue
Q9VP22	301	ECO:0000269|PubMed:18327897	Phosphoserine	modified_residue
Q9VP22	314	ECO:0000269|PubMed:18327897	Phosphoserine	modified_residue
Q9VP22	353	ECO:0000269|PubMed:18327897	Phosphoserine	modified_residue
Q9VP22	365	ECO:0000269|PubMed:18327897	Phosphothreonine	modified_residue
Q9VP22	487	ECO:0000269|PubMed:18327897	Phosphoserine	modified_residue
Q9VP22	492	ECO:0000269|PubMed:18327897	Phosphoserine	modified_residue
Q9VP22	553	ECO:0000269|PubMed:17372656	Phosphoserine	modified_residue
Q9VP22	730	ECO:0000269|PubMed:18327897	Phosphoserine	modified_residue
Q9VP22	743	ECO:0000269|PubMed:18327897	Phosphoserine	modified_residue
Q9VP22	747	ECO:0000269|PubMed:18327897	Phosphoserine	modified_residue
Q9VP22	755	ECO:0000269|PubMed:18327897	Phosphoserine	modified_residue
Q9VP47	444	ECO:0000269|PubMed:18327897	Phosphothreonine	modified_residue
Q9VP48	385	ECO:0000255	Cysteine methyl ester	modified_residue
Q9VPC0	439	ECO:0000269|PubMed:18327897	Phosphoserine	modified_residue
Q9VPC0	442	ECO:0000269|PubMed:18327897	Phosphoserine	modified_residue
Q9VPC0	447	ECO:0000269|PubMed:18327897	Phosphotyrosine	modified_residue
Q9VPC0	449	ECO:0000269|PubMed:18327897	Phosphoserine	modified_residue
Q9VPC0	881	ECO:0000269|PubMed:18327897	Phosphoserine	modified_residue
Q9VPC0	886	ECO:0000269|PubMed:18327897	Phosphoserine	modified_residue
Q9VPH7	341	ECO:0000269|PubMed:18327897	Phosphoserine	modified_residue
Q9VPM5	288	ECO:0000269|PubMed:24615015	Phosphoserine	modified_residue
Q9VPM5	290	ECO:0000269|PubMed:24615015	Phosphoserine	modified_residue
Q9VPM5	292	ECO:0000269|PubMed:24615015	Phosphothreonine	modified_residue
Q9VPM5	327	ECO:0000269|PubMed:24615015	Phosphothreonine	modified_residue
Q9VPM5	332	ECO:0000269|PubMed:24615015	Phosphoserine	modified_residue
Q9VPM5	333	ECO:0000269|PubMed:24615015	Phosphothreonine	modified_residue
Q9VPQ6	1013	ECO:0000269|PubMed:18327897	Phosphoserine	modified_residue
Q9VPQ6	1015	ECO:0000269|PubMed:18327897	Phosphoserine	modified_residue
Q9VPQ6	1017	ECO:0000269|PubMed:18327897	Phosphoserine	modified_residue
Q9VPQ6	1156	ECO:0000269|PubMed:18327897	Phosphoserine	modified_residue
Q9VPQ6	116	ECO:0000269|PubMed:18327897	Phosphoserine	modified_residue
Q9VPQ6	118	ECO:0000269|PubMed:18327897	Phosphoserine	modified_residue
Q9VQ26	543	ECO:0000269|PubMed:18327897	Phosphoserine	modified_residue
Q9VQ26	544	ECO:0000269|PubMed:18327897	Phosphoserine	modified_residue
Q9VQD2	75	ECO:0000269|PubMed:17372656	Phosphothreonine	modified_residue
Q9VQD2	78	ECO:0000269|PubMed:17372656	Phosphothreonine	modified_residue
Q9VQD2	81	ECO:0000269|PubMed:17372656	Phosphothreonine	modified_residue
Q9VQH2	1105	ECO:0000250	Phosphotyrosine	modified_residue
Q9VQH2	826	ECO:0000250	Phosphoserine	modified_residue
Q9VQI9	1362	ECO:0000269|PubMed:18327897	Phosphoserine	modified_residue
Q9VQI9	1364	ECO:0000269|PubMed:18327897	Phosphothreonine	modified_residue
Q9VQI9	420	ECO:0000269|PubMed:18327897	Phosphothreonine	modified_residue
Q9VQI9	450	ECO:0000269|PubMed:18327897	Phosphoserine	modified_residue
Q9VQI9	452	ECO:0000269|PubMed:18327897	Phosphoserine	modified_residue
Q9VQI9	821	ECO:0000269|PubMed:18327897	Phosphoserine	modified_residue
Q9VQI9	822	ECO:0000269|PubMed:18327897	Phosphoserine	modified_residue
Q9VQI9	871	ECO:0000269|PubMed:18327897	Phosphoserine	modified_residue
Q9VQI9	873	ECO:0000269|PubMed:18327897	Phosphoserine	modified_residue
Q9VQK0	490	ECO:0000269|PubMed:18327897	Phosphoserine	modified_residue
Q9VQK0	797	ECO:0000269|PubMed:18327897	Phosphoserine	modified_residue
Q9VQU9	395	ECO:0000269|PubMed:18327897	Phosphoserine	modified_residue
Q9VQU9	407	ECO:0000269|PubMed:18327897	Phosphoserine	modified_residue
Q9VQX4	225	ECO:0000250|UniProtKB:P22253	Phosphohistidine	modified_residue
Q9VR59	1001	ECO:0000269|PubMed:18327897	Phosphoserine	modified_residue
Q9VR59	1060	ECO:0000269|PubMed:17372656	Phosphoserine	modified_residue
Q9VR59	1255	ECO:0000269|PubMed:18327897	Phosphoserine	modified_residue
Q9VR59	974	ECO:0000269|PubMed:18327897	Phosphoserine	modified_residue
Q9VR91	1776	ECO:0000269|PubMed:18327897	Phosphothreonine	modified_residue
Q9VR99	104	ECO:0000269|PubMed:18327897	Phosphoserine	modified_residue
Q9VR99	99	ECO:0000269|PubMed:18327897	Phosphoserine	modified_residue
Q9VRA2	246	ECO:0000255|HAMAP-Rule:MF_03050	N6-(pyridoxal phosphate)lysine	modified_residue
Q9VRA2	734	ECO:0000269|PubMed:18327897	Phosphoserine	modified_residue
Q9VRJ0	439	ECO:0000269|PubMed:18327897	Phosphotyrosine	modified_residue
Q9VRM7	219	ECO:0000269|PubMed:18327897	Phosphoserine	modified_residue
Q9VRP5	513	ECO:0000269|PubMed:18327897	Phosphoserine	modified_residue
Q9VRP5	515	ECO:0000269|PubMed:18327897	Phosphoserine	modified_residue
Q9VRP5	658	ECO:0000269|PubMed:18327897	Phosphothreonine	modified_residue
Q9VRP5	662	ECO:0000269|PubMed:18327897	Phosphothreonine	modified_residue
Q9VRP5	672	ECO:0000269|PubMed:18327897	Phosphoserine	modified_residue
Q9VRP5	674	ECO:0000269|PubMed:18327897	Phosphoserine	modified_residue
Q9VRP5	747	ECO:0000269|PubMed:18327897	Phosphoserine	modified_residue
Q9VRP5	779	ECO:0000269|PubMed:18327897	Phosphoserine	modified_residue
Q9VRP5	782	ECO:0000269|PubMed:18327897	Phosphothreonine	modified_residue
Q9VRP5	785	ECO:0000269|PubMed:18327897	Phosphoserine	modified_residue
Q9VRP5	819	ECO:0000269|PubMed:18327897	Phosphoserine	modified_residue
Q9VRP5	825	ECO:0000269|PubMed:18327897	Phosphothreonine	modified_residue
Q9VRP5	843	ECO:0000269|PubMed:18327897	Phosphoserine	modified_residue
Q9VRP5	846	ECO:0000269|PubMed:18327897	Phosphothreonine	modified_residue
Q9VRP9	242	ECO:0000269|PubMed:18327897	Phosphothreonine	modified_residue
Q9VRP9	243	ECO:0000269|PubMed:18327897	Phosphoserine	modified_residue
Q9VRP9	632	ECO:0000269|PubMed:18327897	Phosphoserine	modified_residue
Q9VRP9	638	ECO:0000269|PubMed:18327897	Phosphoserine	modified_residue
Q9VS50	176	ECO:0000269|PubMed:18327897	Phosphoserine	modified_residue
Q9VS50	177	ECO:0000269|PubMed:18327897	Phosphoserine	modified_residue
Q9VS50	310	ECO:0000269|PubMed:18327897	Phosphoserine	modified_residue
Q9VS50	312	ECO:0000269|PubMed:18327897	Phosphoserine	modified_residue
Q9VS50	314	ECO:0000269|PubMed:18327897	Phosphoserine	modified_residue
Q9VS59	123	ECO:0000269|PubMed:18327897	Phosphoserine	modified_residue
Q9VS59	129	ECO:0000269|PubMed:18327897	Phosphoserine	modified_residue
Q9VS59	39	ECO:0000269|PubMed:18327897	Phosphoserine	modified_residue
Q9VS59	41	ECO:0000269|PubMed:18327897	Phosphoserine	modified_residue
Q9VS59	67	ECO:0000269|PubMed:18327897	Phosphoserine	modified_residue
Q9VS60	514	ECO:0000269|PubMed:18327897	Phosphothreonine	modified_residue
Q9VS60	525	ECO:0000269|PubMed:18327897	Phosphoserine	modified_residue
Q9VS60	548	ECO:0000269|PubMed:18327897	Phosphothreonine	modified_residue
Q9VSA3	347	ECO:0000269|PubMed:29563254	Phosphoserine; by Pink1	modified_residue
Q9VSA4	707	ECO:0000269|PubMed:18327897	Phosphoserine	modified_residue
Q9VSA4	709	ECO:0000269|PubMed:18327897	Phosphoserine	modified_residue
Q9VSA4	893	ECO:0000269|PubMed:18327897	Phosphoserine	modified_residue
Q9VSA4	895	ECO:0000269|PubMed:18327897	Phosphoserine	modified_residue
Q9VSA4	899	ECO:0000269|PubMed:18327897	Phosphoserine	modified_residue
Q9VSA4	902	ECO:0000269|PubMed:18327897	Phosphoserine	modified_residue
Q9VSF2	827	ECO:0000269|PubMed:18327897	Phosphoserine	modified_residue
Q9VSF2	829	ECO:0000269|PubMed:18327897	Phosphoserine	modified_residue
Q9VSH4	596	ECO:0000269|PubMed:17372656	Phosphoserine	modified_residue
Q9VSJ8	236	ECO:0000269|PubMed:18327897	Phosphoserine	modified_residue
Q9VSL7	376	ECO:0000269|PubMed:18327897	Phosphoserine	modified_residue
Q9VSL7	377	ECO:0000269|PubMed:18327897	Phosphoserine	modified_residue
Q9VSL7	381	ECO:0000269|PubMed:18327897	Phosphoserine	modified_residue
Q9VSR3	100	ECO:0000269|PubMed:18327897	Phosphoserine	modified_residue
Q9VSR3	425	ECO:0000269|PubMed:18327897	Phosphoserine	modified_residue
Q9VSR3	428	ECO:0000269|PubMed:18327897	Phosphoserine	modified_residue
Q9VSR3	74	ECO:0000269|PubMed:18327897	Phosphoserine	modified_residue
Q9VSR3	88	ECO:0000269|PubMed:18327897	Phosphoserine	modified_residue
Q9VT00	57	ECO:0000269|PubMed:25620564	N6,N6-dimethyllysine	modified_residue
Q9VT28	129	ECO:0000269|PubMed:18327897	Phosphoserine	modified_residue
Q9VT28	1838	ECO:0000269|PubMed:18327897	Phosphoserine	modified_residue
Q9VT28	1841	ECO:0000269|PubMed:18327897	Phosphoserine	modified_residue
Q9VT28	2357	ECO:0000269|PubMed:18327897	Phosphoserine	modified_residue
Q9VT28	2842	ECO:0000269|PubMed:18327897	Phosphothreonine	modified_residue
Q9VT28	2845	ECO:0000269|PubMed:18327897	Phosphoserine	modified_residue
Q9VT28	2851	ECO:0000269|PubMed:18327897	Phosphoserine	modified_residue
Q9VT28	2853	ECO:0000269|PubMed:18327897	Phosphoserine	modified_residue
Q9VT28	2999	ECO:0000269|PubMed:18327897	Phosphoserine	modified_residue
Q9VT28	3001	ECO:0000269|PubMed:18327897	Phosphoserine	modified_residue
Q9VT28	3004	ECO:0000269|PubMed:18327897	Phosphothreonine	modified_residue
Q9VT28	3018	ECO:0000269|PubMed:18327897	Phosphoserine	modified_residue
Q9VT28	3019	ECO:0000269|PubMed:18327897	Phosphoserine	modified_residue
Q9VT28	3025	ECO:0000269|PubMed:18327897	Phosphoserine	modified_residue
Q9VT28	3027	ECO:0000269|PubMed:18327897	Phosphoserine	modified_residue
Q9VTE2	432	ECO:0000269|PubMed:18327897	Phosphoserine	modified_residue
Q9VTE2	438	ECO:0000269|PubMed:18327897	Phosphothreonine	modified_residue
Q9VTE2	466	ECO:0000269|PubMed:18327897	Phosphothreonine	modified_residue
Q9VTE2	468	ECO:0000269|PubMed:18327897	Phosphoserine	modified_residue
Q9VTE2	810	ECO:0000269|PubMed:18327897	Phosphothreonine	modified_residue
Q9VTE2	827	ECO:0000269|PubMed:18327897	Phosphoserine	modified_residue
Q9VTE2	833	ECO:0000269|PubMed:18327897	Phosphoserine	modified_residue
Q9VTE2	834	ECO:0000269|PubMed:18327897	Phosphoserine	modified_residue
Q9VTE2	838	ECO:0000269|PubMed:18327897	Phosphoserine	modified_residue
Q9VTU0	137	ECO:0000269|PubMed:18327897	Phosphoserine	modified_residue
Q9VTU0	138	ECO:0000269|PubMed:18327897	Phosphoserine	modified_residue
Q9VTU0	179	ECO:0000269|PubMed:17372656	Phosphoserine	modified_residue
Q9VTU0	95	ECO:0000269|PubMed:18327897	Phosphoserine	modified_residue
Q9VTU0	97	ECO:0000269|PubMed:18327897	Phosphoserine	modified_residue
Q9VTU0	98	ECO:0000269|PubMed:18327897	Phosphoserine	modified_residue
Q9VTU3	251	ECO:0000269|PubMed:18327897	Phosphothreonine	modified_residue
Q9VTU3	29	ECO:0000269|PubMed:17372656	Phosphoserine	modified_residue
Q9VTU3	31	ECO:0000269|PubMed:17372656	Phosphoserine	modified_residue
Q9VU77	19	ECO:0007744|PDB:7YXJ, ECO:0007744|PDB:7YXK, ECO:0007744|PDB:7YXL	Cysteine sulfenic acid (-SOH)	modified_residue
Q9VU84	242	ECO:0000269|PubMed:18327897	Phosphoserine	modified_residue
Q9VU84	328	ECO:0000269|PubMed:17372656	Phosphoserine	modified_residue
Q9VU95	291	ECO:0000250	N6-(pyridoxal phosphate)lysine	modified_residue
Q9VUB4	437	ECO:0000269|PubMed:18327897	Phosphoserine	modified_residue
Q9VUC6	225	ECO:0000269|PubMed:17372656	Phosphoserine	modified_residue
Q9VUL1	567	ECO:0000269|PubMed:18327897	Phosphoserine	modified_residue
Q9VUL1	570	ECO:0000269|PubMed:18327897	Phosphoserine	modified_residue
Q9VUL1	571	ECO:0000269|PubMed:18327897	Phosphoserine	modified_residue
Q9VUL1	588	ECO:0000269|PubMed:18327897	Phosphoserine	modified_residue
Q9VUL1	595	ECO:0000269|PubMed:18327897	Phosphothreonine	modified_residue
Q9VUM0	12	ECO:0000269|PubMed:18327897	Phosphothreonine	modified_residue
Q9VUM0	14	ECO:0000269|PubMed:18327897	Phosphothreonine	modified_residue
Q9VUM0	16	ECO:0000269|PubMed:18327897	Phosphothreonine	modified_residue
Q9VUM0	22	ECO:0000269|PubMed:18327897	Phosphoserine	modified_residue
Q9VUM0	24	ECO:0000269|PubMed:18327897	Phosphoserine	modified_residue
Q9VUM0	33	ECO:0000269|PubMed:18327897	Phosphothreonine	modified_residue
Q9VUM0	7	ECO:0000269|PubMed:18327897	Phosphothreonine	modified_residue
Q9VUM0	8	ECO:0000269|PubMed:18327897	Phosphoserine	modified_residue
Q9VUM0	95	ECO:0000269|PubMed:18327897	Phosphoserine	modified_residue
Q9VUM0	97	ECO:0000269|PubMed:18327897	Phosphoserine	modified_residue
Q9VUR7	18	ECO:0000269|PubMed:18327897	Phosphoserine	modified_residue
Q9VUR7	19	ECO:0000269|PubMed:18327897	Phosphoserine	modified_residue
Q9VUR7	20	ECO:0000269|PubMed:18327897	Phosphoserine	modified_residue
Q9VUR7	42	ECO:0000269|PubMed:17372656	Phosphoserine	modified_residue
Q9VUU5	19	ECO:0000269|PubMed:18327897	Phosphothreonine	modified_residue
Q9VUY9	116	ECO:0000269|PubMed:18327897	Phosphoserine	modified_residue
Q9VV28	89	ECO:0000269|PubMed:12171930	Isoleucine amide	modified_residue
Q9VVA0	139	ECO:0000269|PubMed:18327897	Phosphoserine	modified_residue
Q9VVA0	140	ECO:0000269|PubMed:17372656, ECO:0000269|PubMed:18327897	Phosphoserine	modified_residue
Q9VVA0	22	ECO:0000269|PubMed:18327897	Phosphoserine	modified_residue
Q9VVA0	24	ECO:0000269|PubMed:18327897	Phosphoserine	modified_residue
Q9VVA0	28	ECO:0000269|PubMed:18327897	Phosphoserine	modified_residue
Q9VVA0	33	ECO:0000269|PubMed:17372656, ECO:0000269|PubMed:18327897	Phosphoserine	modified_residue
Q9VVD9	37	ECO:0000269|PubMed:18327897	Phosphoserine	modified_residue
Q9VVD9	40	ECO:0000269|PubMed:18327897	Phosphoserine	modified_residue
Q9VVF7	159	ECO:0000269|PubMed:12171930, ECO:0000269|PubMed:21214272	Tryptophan amide	modified_residue
Q9VVF7	175	ECO:0000269|PubMed:21214272	Tryptophan amide	modified_residue
Q9VVF7	189	ECO:0000269|PubMed:21214272	Tryptophan amide	modified_residue
Q9VVF7	202	ECO:0000269|PubMed:12171930, ECO:0000269|PubMed:21214272	Tryptophan amide	modified_residue
Q9VVF7	74	ECO:0000255	Tryptophan amide	modified_residue
Q9VVG4	145	ECO:0000269|PubMed:18327897	Phosphoserine	modified_residue
Q9VVG4	148	ECO:0000269|PubMed:18327897	Phosphoserine	modified_residue
Q9VVG4	456	ECO:0000269|PubMed:18327897	Phosphoserine	modified_residue
Q9VVI2	136	ECO:0000269|PubMed:18327897	Phosphoserine	modified_residue
Q9VVI2	188	ECO:0000269|PubMed:18327897	Phosphothreonine	modified_residue
Q9VVI9	201	ECO:0000269|PubMed:17372656	Phosphoserine	modified_residue
Q9VVI9	226	ECO:0000269|PubMed:18327897	Phosphothreonine	modified_residue
Q9VVR0	165	ECO:0000269|PubMed:17372656	Phosphoserine	modified_residue
Q9VVR2	383	ECO:0000269|PubMed:18327897	Phosphoserine	modified_residue
Q9VVR6	172	ECO:0000269|PubMed:18327897	Phosphoserine	modified_residue
Q9VVV9	320	ECO:0000269|PubMed:18327897	Phosphoserine	modified_residue
Q9VVV9	327	ECO:0000269|PubMed:18327897	Phosphoserine	modified_residue
Q9VVV9	329	ECO:0000269|PubMed:18327897	Phosphoserine	modified_residue
Q9VVX5	480	ECO:0000269|PubMed:18327897	Phosphoserine	modified_residue
Q9VVY3	545	ECO:0000269|PubMed:17372656	Phosphothreonine	modified_residue
Q9VVY3	547	ECO:0000269|PubMed:17372656	Phosphoserine	modified_residue
Q9VVY3	549	ECO:0000269|PubMed:17372656	Phosphoserine	modified_residue
Q9VW09	566	ECO:0000269|PubMed:18327897	Phosphoserine	modified_residue
Q9VW15	135	ECO:0000269|PubMed:18327897	Phosphoserine	modified_residue
Q9VW15	136	ECO:0000269|PubMed:18327897	Phosphoserine	modified_residue
Q9VW15	138	ECO:0000269|PubMed:18327897	Phosphoserine	modified_residue
Q9VW15	200	ECO:0000269|PubMed:18327897	Phosphothreonine	modified_residue
Q9VW15	201	ECO:0000269|PubMed:18327897	Phosphothreonine	modified_residue
Q9VW15	740	ECO:0000269|PubMed:18327897	Phosphoserine	modified_residue
Q9VW15	831	ECO:0000269|PubMed:18327897	Phosphoserine	modified_residue
Q9VW15	977	ECO:0000269|PubMed:18327897	Phosphoserine	modified_residue
Q9VW26	286	ECO:0000250	N6-(pyridoxal phosphate)lysine	modified_residue
Q9VW47	1356	ECO:0000269|PubMed:18327897	Phosphoserine	modified_residue
Q9VW47	1360	ECO:0000269|PubMed:18327897	Phosphothreonine	modified_residue
Q9VW47	745	ECO:0000269|PubMed:18327897	Phosphothreonine	modified_residue
Q9VW47	748	ECO:0000269|PubMed:18327897	Phosphoserine	modified_residue
Q9VW47	781	ECO:0000269|PubMed:17372656	Phosphoserine	modified_residue
Q9VW47	806	ECO:0000269|PubMed:18327897	Phosphoserine	modified_residue
Q9VW97	24	ECO:0000269|PubMed:18327897	Phosphoserine	modified_residue
Q9VW97	27	ECO:0000269|PubMed:18327897	Phosphoserine	modified_residue
Q9VW97	866	ECO:0000269|PubMed:18327897	Phosphoserine	modified_residue
Q9VWD4	231	ECO:0000269|PubMed:17372656	Phosphoserine	modified_residue
Q9VWD4	468	ECO:0000269|PubMed:18327897	Phosphoserine	modified_residue
Q9VWD4	475	ECO:0000269|PubMed:18327897	Phosphothreonine	modified_residue
Q9VWE0	976	ECO:0000269|PubMed:18327897	Phosphoserine	modified_residue
Q9VWE6	1274	ECO:0000269|PubMed:18327897	Phosphoserine	modified_residue
Q9VWE6	1522	ECO:0000269|PubMed:18327897	Phosphoserine	modified_residue
Q9VWE6	1525	ECO:0000269|PubMed:18327897	Phosphoserine	modified_residue
Q9VWE6	1551	ECO:0000269|PubMed:18327897	Phosphoserine	modified_residue
Q9VWE6	1692	ECO:0000269|PubMed:18327897	Phosphoserine	modified_residue
Q9VWE6	1695	ECO:0000269|PubMed:18327897	Phosphothreonine	modified_residue
Q9VWE6	1831	ECO:0000269|PubMed:18327897	Phosphoserine	modified_residue
Q9VWE6	1834	ECO:0000269|PubMed:18327897	Phosphoserine	modified_residue
Q9VWE6	1840	ECO:0000269|PubMed:17372656	Phosphoserine	modified_residue
Q9VWE6	1863	ECO:0000269|PubMed:18327897	Phosphoserine	modified_residue
Q9VWE6	1870	ECO:0000269|PubMed:18327897	Phosphoserine	modified_residue
Q9VWE6	1880	ECO:0000269|PubMed:18327897	Phosphoserine	modified_residue
Q9VWE6	1886	ECO:0000269|PubMed:18327897	Phosphoserine	modified_residue
Q9VWE6	1888	ECO:0000269|PubMed:18327897	Phosphothreonine	modified_residue
Q9VWE6	1934	ECO:0000269|PubMed:18327897	Phosphoserine	modified_residue
Q9VWE6	1939	ECO:0000269|PubMed:18327897	Phosphoserine	modified_residue
Q9VWE6	1950	ECO:0000269|PubMed:18327897	Phosphoserine	modified_residue
Q9VWE6	1953	ECO:0000269|PubMed:18327897	Phosphoserine	modified_residue
Q9VWE6	1956	ECO:0000269|PubMed:18327897	Phosphothreonine	modified_residue
Q9VWE6	1957	ECO:0000269|PubMed:18327897	Phosphoserine	modified_residue
Q9VWE6	1958	ECO:0000269|PubMed:18327897	Phosphoserine	modified_residue
Q9VWE6	1962	ECO:0000269|PubMed:18327897	Phosphothreonine	modified_residue
Q9VWE6	1975	ECO:0000269|PubMed:18327897	Phosphoserine	modified_residue
Q9VWE6	1982	ECO:0000269|PubMed:18327897	Phosphoserine	modified_residue
Q9VWE6	200	ECO:0000269|PubMed:18327897	Phosphoserine	modified_residue
Q9VWE6	2025	ECO:0000269|PubMed:18327897	Phosphoserine	modified_residue
Q9VWE6	2062	ECO:0000269|PubMed:18327897	Phosphoserine	modified_residue
Q9VWE6	2065	ECO:0000269|PubMed:18327897	Phosphoserine	modified_residue
Q9VWE6	2068	ECO:0000269|PubMed:18327897	Phosphoserine	modified_residue
Q9VWI0	181	ECO:0000269|PubMed:20433953	Phosphoserine	modified_residue
Q9VWN5	212	ECO:0000269|PubMed:18327897	Phosphoserine	modified_residue
Q9VWN5	219	ECO:0000269|PubMed:18327897	Phosphoserine	modified_residue
Q9VWW0	209	ECO:0000255|PROSITE-ProRule:PRU00312, ECO:0000269|PubMed:18327897	Phosphoserine	modified_residue
Q9VWW0	212	ECO:0000255|PROSITE-ProRule:PRU00312, ECO:0000269|PubMed:18327897	Phosphoserine	modified_residue
Q9VWW0	214	ECO:0000255|PROSITE-ProRule:PRU00312, ECO:0000269|PubMed:18327897	Phosphoserine	modified_residue
Q9VWY6	236	ECO:0000269|PubMed:18327897	Phosphoserine	modified_residue
Q9VWY6	245	ECO:0000269|PubMed:18327897	Phosphoserine	modified_residue
Q9VWY6	255	ECO:0000269|PubMed:18327897	Phosphoserine	modified_residue
Q9VX09	11	ECO:0000269|PubMed:18327897	Phosphoserine	modified_residue
Q9VX09	9	ECO:0000269|PubMed:18327897	Phosphothreonine	modified_residue
Q9VX10	24	ECO:0000250|UniProtKB:Q9BYN0	Omega-N-methylarginine	modified_residue
Q9VX10	38	ECO:0000250|UniProtKB:Q9BYN0	Omega-N-methylarginine	modified_residue
Q9VX32	973	ECO:0000269|PubMed:18327897	Phosphoserine	modified_residue
Q9VX32	975	ECO:0000269|PubMed:18327897	Phosphoserine	modified_residue
Q9VX32	985	ECO:0000269|PubMed:18327897	Phosphoserine	modified_residue
Q9VX32	988	ECO:0000269|PubMed:18327897	Phosphoserine	modified_residue
Q9VX32	996	ECO:0000269|PubMed:18327897	Phosphoserine	modified_residue
Q9VXB3	84	ECO:0000269|PubMed:18327897	Phosphoserine	modified_residue
Q9VXB3	88	ECO:0000269|PubMed:18327897	Phosphoserine	modified_residue
Q9VXB3	91	ECO:0000269|PubMed:18327897	Phosphothreonine	modified_residue
Q9VXB3	93	ECO:0000269|PubMed:18327897	Phosphothreonine	modified_residue
Q9VXE5	521	ECO:0000269|PubMed:18327897	Phosphoserine	modified_residue
Q9VXE5	525	ECO:0000269|PubMed:18327897	Phosphothreonine	modified_residue
Q9VXF1	61	ECO:0000269|PubMed:18327897	Phosphothreonine	modified_residue
Q9VXG1	228	ECO:0000269|PubMed:18327897	Phosphoserine	modified_residue
Q9VXG1	246	ECO:0000269|PubMed:18327897	Phosphothreonine	modified_residue
Q9VXG1	680	ECO:0000269|PubMed:18327897	Phosphoserine	modified_residue
Q9VXG1	832	ECO:0000269|PubMed:18327897	Phosphoserine	modified_residue
Q9VXG1	894	ECO:0000269|PubMed:18327897	Phosphoserine	modified_residue
Q9VXG1	895	ECO:0000269|PubMed:18327897	Phosphoserine	modified_residue
Q9VXG1	898	ECO:0000269|PubMed:18327897	Phosphoserine	modified_residue
Q9VXG1	899	ECO:0000269|PubMed:18327897	Phosphoserine	modified_residue
Q9VXG8	1569	ECO:0000269|PubMed:18327897	Phosphoserine	modified_residue
Q9VXG8	1570	ECO:0000269|PubMed:18327897	Phosphotyrosine	modified_residue
Q9VXG8	1573	ECO:0000269|PubMed:18327897	Phosphoserine	modified_residue
Q9VXG8	1575	ECO:0000269|PubMed:18327897	Phosphothreonine	modified_residue
Q9VXK6	412	ECO:0000269|PubMed:18327897	Phosphoserine	modified_residue
Q9VXK6	413	ECO:0000269|PubMed:18327897	Phosphoserine	modified_residue
Q9VXK6	415	ECO:0000269|PubMed:18327897	Phosphoserine	modified_residue
Q9VXK6	9	ECO:0000269|PubMed:18327897	Phosphoserine	modified_residue
Q9VXT5	128	ECO:0000269|PubMed:18327897	Phosphoserine	modified_residue
Q9VXT5	130	ECO:0000269|PubMed:18327897	Phosphoserine	modified_residue
Q9VYA0	703	ECO:0000269|PubMed:18327897	Phosphoserine	modified_residue
Q9VYA7	1094	ECO:0000269|PubMed:18327897	Phosphoserine	modified_residue
Q9VYA7	1095	ECO:0000269|PubMed:18327897	Phosphoserine	modified_residue
Q9VYA7	1117	ECO:0000269|PubMed:18327897	Phosphoserine	modified_residue
Q9VYA7	1119	ECO:0000269|PubMed:18327897	Phosphoserine	modified_residue
Q9VYA7	1221	ECO:0000269|PubMed:18327897	Phosphoserine	modified_residue
Q9VYA7	1225	ECO:0000269|PubMed:18327897	Phosphoserine	modified_residue
Q9VYA7	1227	ECO:0000269|PubMed:18327897	Phosphoserine	modified_residue
Q9VYA7	1230	ECO:0000269|PubMed:18327897	Phosphoserine	modified_residue
Q9VYA7	1250	ECO:0000269|PubMed:18327897	Phosphoserine	modified_residue
Q9VYA7	1251	ECO:0000269|PubMed:18327897	Phosphoserine	modified_residue
Q9VYA7	82	ECO:0000269|PubMed:17372656, ECO:0000269|PubMed:18327897	Phosphoserine	modified_residue
Q9VYA7	85	ECO:0000269|PubMed:18327897	Phosphoserine	modified_residue
Q9VYA7	96	ECO:0000269|PubMed:18327897	Phosphoserine	modified_residue
Q9VYB0	147	ECO:0000269|PubMed:17372656	Phosphoserine	modified_residue
Q9VYD1	2130	ECO:0000269|PubMed:18327897	Phosphoserine	modified_residue
Q9VYD1	2131	ECO:0000269|PubMed:18327897	Phosphoserine	modified_residue
Q9VYD1	404	ECO:0000269|PubMed:18327897	Phosphothreonine	modified_residue
Q9VYD1	786	ECO:0000269|PubMed:18327897	Phosphoserine	modified_residue
Q9VYD1	788	ECO:0000269|PubMed:18327897	Phosphoserine	modified_residue
Q9VYQ8	1117	ECO:0000269|PubMed:18327897	Phosphoserine	modified_residue
Q9VYY9	33	ECO:0000269|PubMed:17372656	Phosphothreonine	modified_residue
Q9VYY9	58	ECO:0000269|PubMed:18327897	Phosphoserine	modified_residue
Q9VYY9	64	ECO:0000269|PubMed:18327897	Phosphoserine	modified_residue
Q9VZ08	1154	ECO:0000269|PubMed:18327897	Phosphoserine	modified_residue
Q9VZ08	645	ECO:0000269|PubMed:18327897	Phosphoserine	modified_residue
Q9VZ08	646	ECO:0000269|PubMed:18327897	Phosphoserine	modified_residue
Q9VZ08	834	ECO:0000269|PubMed:18327897	Phosphoserine	modified_residue
Q9VZ08	890	ECO:0000269|PubMed:18327897	Phosphoserine	modified_residue
Q9VZ08	893	ECO:0000269|PubMed:18327897	Phosphoserine	modified_residue
Q9VZD8	100	ECO:0000269|PubMed:17372656, ECO:0000269|PubMed:18327897	Phosphoserine	modified_residue
Q9VZD8	99	ECO:0000269|PubMed:17372656, ECO:0000269|PubMed:18327897	Phosphothreonine	modified_residue
Q9VZF4	813	ECO:0000269|PubMed:18327897	Phosphothreonine	modified_residue
Q9VZF4	825	ECO:0000269|PubMed:18327897	Phosphoserine	modified_residue
Q9VZI3	181	ECO:0000269|PubMed:18327897	Phosphoserine	modified_residue
Q9VZI3	184	ECO:0000269|PubMed:18327897	Phosphoserine	modified_residue
Q9VZI3	199	ECO:0000269|PubMed:18327897	Phosphoserine	modified_residue
Q9VZI3	211	ECO:0000269|PubMed:18327897	Phosphothreonine	modified_residue
Q9VZI3	215	ECO:0000269|PubMed:18327897	Phosphoserine	modified_residue
Q9VZI3	234	ECO:0000269|PubMed:18327897	Phosphoserine	modified_residue
Q9VZS3	40	ECO:0000269|PubMed:17372656	Phosphothreonine	modified_residue
Q9VZZ9	399	ECO:0000269|PubMed:18327897	Phosphoserine	modified_residue
Q9VZZ9	481	ECO:0000269|PubMed:17372656	Phosphothreonine	modified_residue
Q9VZZ9	771	ECO:0000269|PubMed:17372656	Phosphothreonine	modified_residue
Q9VZZ9	801	ECO:0000269|PubMed:10601017, ECO:0000269|PubMed:17372656	Phosphotyrosine	modified_residue
Q9VZZ9	854	ECO:0000269|PubMed:10601017	Phosphotyrosine	modified_residue
Q9W092	467	ECO:0000269|PubMed:18327897	Phosphoserine	modified_residue
Q9W0G1	83	ECO:0000269|PubMed:18327897	Phosphoserine	modified_residue
Q9W0G1	86	ECO:0000269|PubMed:18327897	Phosphotyrosine	modified_residue
Q9W0K4	147	ECO:0000269|PubMed:18327897	Phosphoserine	modified_residue
Q9W0K4	377	ECO:0000269|PubMed:18327897	Phosphoserine	modified_residue
Q9W0K4	384	ECO:0000269|PubMed:18327897	Phosphothreonine	modified_residue
Q9W0K4	55	ECO:0000269|PubMed:18327897	Phosphotyrosine	modified_residue
Q9W0K4	56	ECO:0000269|PubMed:18327897	Phosphoserine	modified_residue
Q9W0K4	87	ECO:0000269|PubMed:18327897	Phosphoserine	modified_residue
Q9W0P8	1015	ECO:0000269|PubMed:18327897	Phosphoserine	modified_residue
Q9W0P8	615	ECO:0000269|PubMed:18327897	Phosphoserine	modified_residue
Q9W0S9	60	ECO:0000269|PubMed:18327897	Phosphotyrosine	modified_residue
Q9W0S9	61	ECO:0000269|PubMed:18327897	Phosphotyrosine	modified_residue
Q9W0T1	1417	ECO:0000269|PubMed:18327897	Phosphoserine	modified_residue
Q9W0T1	1527	ECO:0000269|PubMed:18327897	Phosphothreonine	modified_residue
Q9W0T1	2395	ECO:0000269|PubMed:18327897	Phosphoserine	modified_residue
Q9W0T1	2398	ECO:0000269|PubMed:18327897	Phosphoserine	modified_residue
Q9W0T1	2403	ECO:0000269|PubMed:18327897	Phosphoserine	modified_residue
Q9W0T1	40	ECO:0000269|PubMed:18327897	Phosphoserine	modified_residue
Q9W0T1	52	ECO:0000269|PubMed:18327897	Phosphoserine	modified_residue
Q9W0T1	55	ECO:0000269|PubMed:18327897	Phosphoserine	modified_residue
Q9W0T1	59	ECO:0000269|PubMed:18327897	Phosphoserine	modified_residue
Q9W0T1	62	ECO:0000269|PubMed:18327897	Phosphoserine	modified_residue
Q9W0V1	641	ECO:0000269|PubMed:18327897	Phosphothreonine	modified_residue
Q9W0V1	645	ECO:0000269|PubMed:18327897	Phosphoserine	modified_residue
Q9W0V1	804	ECO:0000269|PubMed:18327897	Phosphoserine	modified_residue
Q9W0W6	164	ECO:0000269|PubMed:12171930	Tyrosine amide	modified_residue
Q9W0W6	182	ECO:0000269|PubMed:12171930	Asparagine amide	modified_residue
Q9W1B0	1584	ECO:0000269|PubMed:17372656	Phosphoserine	modified_residue
Q9W1B0	895	ECO:0000269|PubMed:18327897	Phosphothreonine	modified_residue
Q9W1F4	237	ECO:0000269|PubMed:18327897	Phosphotyrosine	modified_residue
Q9W1H4	18	ECO:0000269|PubMed:18327897	Phosphoserine	modified_residue
Q9W1H4	20	ECO:0000269|PubMed:18327897	Phosphoserine	modified_residue
Q9W1H4	4	ECO:0000269|PubMed:37268618	ADP-ribosylserine	modified_residue
Q9W1H4	42	ECO:0000269|PubMed:18327897	Phosphoserine	modified_residue
Q9W1H4	44	ECO:0000269|PubMed:18327897	Phosphoserine	modified_residue
Q9W1H4	46	ECO:0000269|PubMed:18327897	Phosphoserine	modified_residue
Q9W1H4	60	ECO:0000269|PubMed:18327897	Phosphoserine	modified_residue
Q9W1H4	65	ECO:0000269|PubMed:17372656, ECO:0000269|PubMed:18327897	Phosphoserine	modified_residue
Q9W1I2	898	ECO:0000269|PubMed:18327897	Phosphothreonine	modified_residue
Q9W1K5	185	ECO:0000269|PubMed:18327897	Phosphoserine	modified_residue
Q9W1K5	190	ECO:0000269|PubMed:18327897	Phosphoserine	modified_residue
Q9W1R5	186	ECO:0000269|PubMed:18327897	Phosphoserine	modified_residue
Q9W1R5	258	ECO:0000269|PubMed:18327897	Phosphoserine	modified_residue
Q9W1R5	260	ECO:0000269|PubMed:18327897	Phosphoserine	modified_residue
Q9W1R5	276	ECO:0000269|PubMed:18327897	Phosphoserine	modified_residue
Q9W1R5	288	ECO:0000269|PubMed:18327897	Phosphothreonine	modified_residue
Q9W1R5	295	ECO:0000269|PubMed:18327897	Phosphoserine	modified_residue
Q9W1R5	297	ECO:0000269|PubMed:18327897	Phosphothreonine	modified_residue
Q9W1R5	301	ECO:0000269|PubMed:18327897	Phosphoserine	modified_residue
Q9W1R5	312	ECO:0000269|PubMed:18327897	Phosphoserine	modified_residue
Q9W1V3	23	ECO:0000250|UniProtKB:P22509	Asymmetric dimethylarginine	modified_residue
Q9W1V3	25	ECO:0000250|UniProtKB:P22509	Asymmetric dimethylarginine	modified_residue
Q9W1V3	40	ECO:0000250|UniProtKB:P22509	Asymmetric dimethylarginine	modified_residue
Q9W1V3	42	ECO:0000250|UniProtKB:P22509	Asymmetric dimethylarginine	modified_residue
Q9W1V3	48	ECO:0000250|UniProtKB:P22509	Asymmetric dimethylarginine	modified_residue
Q9W1V3	51	ECO:0000250|UniProtKB:P22509	Asymmetric dimethylarginine	modified_residue
Q9W1V3	58	ECO:0000250|UniProtKB:P22509	Asymmetric dimethylarginine	modified_residue
Q9W1V3	63	ECO:0000250|UniProtKB:P22509	Asymmetric dimethylarginine	modified_residue
Q9W1V3	71	ECO:0000250|UniProtKB:P22509	Asymmetric dimethylarginine	modified_residue
Q9W1V3	77	ECO:0000250|UniProtKB:P22509	Asymmetric dimethylarginine	modified_residue
Q9W1V3	83	ECO:0000250|UniProtKB:P22509	Asymmetric dimethylarginine	modified_residue
Q9W1V3	88	ECO:0000250|UniProtKB:P22509	Asymmetric dimethylarginine	modified_residue
Q9W1V3	9	ECO:0000250|UniProtKB:P22509	Asymmetric dimethylarginine	modified_residue
Q9W1V3	93	ECO:0000250|UniProtKB:P22509	Asymmetric dimethylarginine	modified_residue
Q9W1V3	98	ECO:0000250|UniProtKB:P22509	Asymmetric dimethylarginine	modified_residue
Q9W261	269	ECO:0000269|PubMed:18327897	Phosphoserine	modified_residue
Q9W261	271	ECO:0000269|PubMed:18327897	Phosphoserine	modified_residue
Q9W261	384	ECO:0000269|PubMed:18327897	Phosphotyrosine	modified_residue
Q9W261	385	ECO:0000269|PubMed:18327897	Phosphoserine	modified_residue
Q9W261	388	ECO:0000269|PubMed:18327897	Phosphoserine	modified_residue
Q9W261	390	ECO:0000269|PubMed:18327897	Phosphoserine	modified_residue
Q9W261	391	ECO:0000269|PubMed:18327897	Phosphoserine	modified_residue
Q9W261	412	ECO:0000269|PubMed:18327897	Phosphoserine	modified_residue
Q9W261	413	ECO:0000269|PubMed:18327897	Phosphoserine	modified_residue
Q9W261	415	ECO:0000269|PubMed:18327897	Phosphoserine	modified_residue
Q9W261	49	ECO:0000269|PubMed:18327897	Phosphoserine	modified_residue
Q9W261	51	ECO:0000269|PubMed:18327897	Phosphoserine	modified_residue
Q9W261	53	ECO:0000269|PubMed:18327897	Phosphoserine	modified_residue
Q9W2F2	565	ECO:0000269|PubMed:18327897	Phosphoserine	modified_residue
Q9W2F2	569	ECO:0000269|PubMed:18327897	Phosphoserine	modified_residue
Q9W2F2	955	ECO:0000269|PubMed:18327897	Phosphoserine	modified_residue
Q9W2U4	223	ECO:0000269|PubMed:18327897	Phosphoserine	modified_residue
Q9W2U4	226	ECO:0000269|PubMed:18327897	Phosphoserine	modified_residue
Q9W2U4	252	ECO:0000269|PubMed:17372656, ECO:0000269|PubMed:18327897	Phosphoserine	modified_residue
Q9W2U4	602	ECO:0000269|PubMed:17372656	Phosphothreonine	modified_residue
Q9W2U4	603	ECO:0000269|PubMed:17372656	Phosphoserine	modified_residue
Q9W2U4	68	ECO:0000269|PubMed:18327897	Phosphoserine	modified_residue
Q9W352	258	ECO:0000269|PubMed:17372656	Phosphoserine	modified_residue
Q9W358	477	ECO:0000269|PubMed:18327897	Phosphoserine	modified_residue
Q9W358	478	ECO:0000269|PubMed:18327897	Phosphoserine	modified_residue
Q9W358	480	ECO:0000269|PubMed:18327897	Phosphoserine	modified_residue
Q9W358	483	ECO:0000269|PubMed:18327897	Phosphoserine	modified_residue
Q9W391	1030	ECO:0000269|PubMed:18327897	Phosphoserine	modified_residue
Q9W391	1033	ECO:0000269|PubMed:18327897	Phosphoserine	modified_residue
Q9W3C1	907	ECO:0000269|PubMed:18327897	Phosphoserine	modified_residue
Q9W3W8	158	ECO:0000269|PubMed:18327897	Phosphoserine	modified_residue
Q9W3W8	161	ECO:0000269|PubMed:18327897	Phosphothreonine	modified_residue
Q9W3Z3	205	ECO:0000255|PIRSR:PIRSR000524-50	N6-(pyridoxal phosphate)lysine	modified_residue
Q9W420	124	ECO:0000269|PubMed:17372656	Phosphoserine	modified_residue
Q9W420	151	ECO:0000269|PubMed:18327897	Phosphoserine	modified_residue
Q9W420	156	ECO:0000269|PubMed:18327897	Phosphoserine	modified_residue
Q9W420	159	ECO:0000269|PubMed:18327897	Phosphoserine	modified_residue
Q9W420	1661	ECO:0000269|PubMed:18327897	Phosphoserine	modified_residue
Q9W420	1664	ECO:0000269|PubMed:18327897	Phosphoserine	modified_residue
Q9W420	171	ECO:0000269|PubMed:18327897	Phosphothreonine	modified_residue
Q9W420	173	ECO:0000269|PubMed:18327897	Phosphoserine	modified_residue
Q9W420	1815	ECO:0000269|PubMed:18327897	Phosphoserine	modified_residue
Q9W420	34	ECO:0000269|PubMed:18327897	Phosphoserine	modified_residue
Q9W420	36	ECO:0000269|PubMed:18327897	Phosphoserine	modified_residue
Q9W420	37	ECO:0000269|PubMed:18327897	Phosphoserine	modified_residue
Q9W420	66	ECO:0000269|PubMed:18327897	Phosphoserine	modified_residue
Q9W420	70	ECO:0000269|PubMed:18327897	Phosphoserine	modified_residue
Q9W420	75	ECO:0000269|PubMed:18327897	Phosphoserine	modified_residue
Q9W484	874	ECO:0000269|PubMed:18327897	Phosphothreonine	modified_residue
Q9W4D2	153	ECO:0000269|PubMed:18327897	Phosphoserine	modified_residue
Q9W4D2	43	ECO:0000269|PubMed:18327897	Phosphoserine	modified_residue
Q9W4D2	713	ECO:0000269|PubMed:18327897	Phosphoserine	modified_residue
Q9W4D2	717	ECO:0000269|PubMed:18327897	Phosphotyrosine	modified_residue
Q9W4D2	718	ECO:0000269|PubMed:18327897	Phosphoserine	modified_residue
Q9W4S7	217	ECO:0000269|PubMed:18327897	Phosphothreonine	modified_residue
Q9W4S7	220	ECO:0000269|PubMed:18327897	Phosphoserine	modified_residue
Q9W4X7	198	ECO:0000255|HAMAP-Rule:MF_03006, ECO:0000269|PubMed:17372656, ECO:0000269|PubMed:18327897	Phosphoserine	modified_residue
Q9W517	258	ECO:0000269|PubMed:18327897	Phosphothreonine	modified_residue
Q9W517	355	ECO:0000269|PubMed:18327897	Phosphoserine	modified_residue
Q9W517	888	ECO:0000269|PubMed:18327897	Phosphoserine	modified_residue
Q9W590	276	ECO:0000269|PubMed:18327897	Phosphoserine	modified_residue
Q9W590	279	ECO:0000269|PubMed:18327897	Phosphoserine	modified_residue
Q9W596	2800	ECO:0000305|PubMed:16949836	Phosphoserine; by GSK3-beta	modified_residue
Q9W596	3067	ECO:0000269|PubMed:17372656	Phosphoserine	modified_residue
Q9W596	3071	ECO:0000269|PubMed:17372656	Phosphoserine	modified_residue
Q9W596	3075	ECO:0000269|PubMed:17372656	Phosphoserine	modified_residue
Q9W596	4950	ECO:0000305|PubMed:16949836	Phosphoserine; by GSK3-beta	modified_residue
Q9W5A5	597	ECO:0000269|PubMed:18327897	Phosphoserine	modified_residue
Q9W5A5	599	ECO:0000269|PubMed:18327897	Phosphoserine	modified_residue
Q9W5D0	1073	ECO:0000269|PubMed:18327897	Phosphoserine	modified_residue
Q9W5D0	1075	ECO:0000269|PubMed:18327897	Phosphoserine	modified_residue
Q9W5D0	1077	ECO:0000269|PubMed:18327897	Phosphoserine	modified_residue
Q9W5D0	542	ECO:0000269|PubMed:18327897	Phosphoserine	modified_residue
Q9W5D0	543	ECO:0000269|PubMed:18327897	Phosphoserine	modified_residue
Q9W5E0	831	ECO:0000269|PubMed:18327897	Phosphoserine	modified_residue
Q9W5E0	833	ECO:0000269|PubMed:18327897	Phosphoserine	modified_residue
Q9W5E0	930	ECO:0000269|PubMed:18327897	Phosphothreonine	modified_residue
Q9XTL9	15	ECO:0000250	Phosphoserine; by PHK; in form phosphorylase A	modified_residue
Q9XTL9	681	ECO:0000250	N6-(pyridoxal phosphate)lysine	modified_residue
Q9XTN2	286	ECO:0000269|PubMed:18327897	Phosphoserine	modified_residue
Q9XTN2	287	ECO:0000269|PubMed:18327897	Phosphoserine	modified_residue
Q9XTN2	342	ECO:0000269|PubMed:18327897	Phosphoserine	modified_residue
Q9XTN2	411	ECO:0000250	Phosphotyrosine; by INSR	modified_residue
Q9XTN2	555	ECO:0000269|PubMed:18327897	Phosphoserine	modified_residue
Q9XTN2	911	ECO:0000250	Phosphotyrosine; by INSR	modified_residue
Q9XTN2	932	ECO:0000269|PubMed:18327897	Phosphoserine	modified_residue
Q9XTN2	935	ECO:0000269|PubMed:18327897	Phosphoserine	modified_residue
Q9XTN2	948	ECO:0000250	Phosphotyrosine; by INSR	modified_residue
Q9XYP7	73	ECO:0000269|PubMed:17372656	Phosphoserine	modified_residue
Q9XYU1	522	ECO:0000269|PubMed:18327897	Phosphoserine	modified_residue
Q9XYU1	538	ECO:0000269|PubMed:18327897	Phosphotyrosine	modified_residue
Q9XYU1	664	ECO:0000269|PubMed:18327897	Phosphoserine	modified_residue
Q9XYU1	666	ECO:0000269|PubMed:18327897	Phosphoserine	modified_residue
Q9XYU1	680	ECO:0000269|PubMed:18327897	Phosphoserine	modified_residue
Q9XYU1	682	ECO:0000269|PubMed:18327897	Phosphoserine	modified_residue
Q9XYU1	690	ECO:0000269|PubMed:18327897	Phosphothreonine	modified_residue
Q9XYU1	692	ECO:0000269|PubMed:18327897	Phosphothreonine	modified_residue
Q9XYU1	697	ECO:0000269|PubMed:17372656, ECO:0000269|PubMed:18327897	Phosphoserine	modified_residue
Q9XYU1	735	ECO:0000269|PubMed:17372656	Phosphoserine	modified_residue
Q9XYU1	739	ECO:0000269|PubMed:17372656	Phosphoserine	modified_residue
Q9XZ56	37	ECO:0000269|PubMed:14645523	Phosphothreonine	modified_residue
Q9XZ56	46	ECO:0000269|PubMed:14645523	Phosphothreonine	modified_residue
Q9XZ56	65	ECO:0000269|PubMed:25702871	Phosphoserine	modified_residue
Q9XZ56	70	ECO:0000269|PubMed:25702871	Phosphothreonine	modified_residue
Q9XZ58	300	ECO:0000269|PubMed:18327897	Phosphoserine	modified_residue
Q9XZ58	302	ECO:0000269|PubMed:18327897	Phosphoserine	modified_residue
Q9XZ58	303	ECO:0000269|PubMed:18327897	Phosphothreonine	modified_residue
Q9XZL8	100	ECO:0000269|PubMed:22421435	Phosphoserine	modified_residue
Q9XZL8	102	ECO:0000269|PubMed:22421435	Phosphothreonine	modified_residue
Q9XZL8	196	ECO:0000269|PubMed:22421435	Phosphothreonine	modified_residue
Q9XZL8	215	ECO:0000269|PubMed:22421435	Phosphoserine	modified_residue
Q9XZL8	219	ECO:0000269|PubMed:22421435	Phosphoserine	modified_residue
Q9XZL8	246	ECO:0000269|PubMed:22421435	Phosphothreonine	modified_residue
Q9XZL8	67	ECO:0000269|PubMed:22421435	Phosphoserine	modified_residue
Q9XZL8	72	ECO:0000269|PubMed:22421435	Phosphoserine	modified_residue
Q9XZT6	236	ECO:0000269|PubMed:18327897	Phosphoserine	modified_residue
Q9XZT6	241	ECO:0000269|PubMed:17372656	Phosphoserine	modified_residue
Q9XZT6	243	ECO:0000269|PubMed:18327897	Phosphoserine	modified_residue
Q9Y0I1	119	ECO:0000269|PubMed:18327897	Phosphoserine	modified_residue
Q9Y0I1	175	ECO:0000269|PubMed:18327897	Phosphothreonine	modified_residue
Q9Y0I1	183	ECO:0000269|PubMed:18327897	Phosphothreonine	modified_residue
Q9Y0I1	196	ECO:0000269|PubMed:18327897	Phosphothreonine	modified_residue
Q9Y0I1	197	ECO:0000269|PubMed:18327897	Phosphothreonine	modified_residue
Q9Y0I1	211	ECO:0000269|PubMed:18327897	Phosphoserine	modified_residue
Q9Y0I1	235	ECO:0000269|PubMed:18327897	Phosphothreonine	modified_residue
Q9Y0Y6	473	ECO:0000269|PubMed:18327897	Phosphoserine	modified_residue
Q9Y0Y6	479	ECO:0000269|PubMed:18327897	Phosphoserine	modified_residue
Q9Y0Y6	482	ECO:0000269|PubMed:18327897	Phosphoserine	modified_residue
Q9Y0Y6	484	ECO:0000269|PubMed:18327897	Phosphothreonine	modified_residue
Q9Y103	43	ECO:0000269|PubMed:18327897	Phosphoserine	modified_residue
Q9Y103	47	ECO:0000269|PubMed:18327897	Phosphoserine	modified_residue
Q9Y103	53	ECO:0000269|PubMed:18327897	Phosphothreonine	modified_residue
