entry	pos	evidence	note	origin
A0A0B4K692	50-79	ECO:0000256|SAM:MobiDB-lite	Disordered	region
A0A0B4K7J2	1-100	ECO:0000269|PubMed:27979731	Sufficient for interaction with Hsp83	region
A0A0B4K7J2	1-200	ECO:0000269|PubMed:29735528	Sufficient for interaction with piwi	region
A0A0B4K7J2	1181-1208	ECO:0000256|SAM:MobiDB-lite	Disordered	region
A0A0B4K7J2	1263-1314	ECO:0000256|SAM:MobiDB-lite	Disordered	region
A0A0B4K7J2	1483-1502	ECO:0000256|SAM:MobiDB-lite	Disordered	region
A0A0B4K7J2	1738-1761	ECO:0000256|SAM:MobiDB-lite	Disordered	region
A0A0B4K7J2	1981-2021	ECO:0000256|SAM:MobiDB-lite	Disordered	region
A0A0B4K7J2	2154-2204	ECO:0000256|SAM:MobiDB-lite	Disordered	region
A0A0B4K7J2	2239-2273	ECO:0000256|SAM:MobiDB-lite	Disordered	region
A0A0B4K7J2	2320-2346	ECO:0000256|SAM:MobiDB-lite	Disordered	region
A0A0B4K7J2	796-816	ECO:0000256|SAM:MobiDB-lite	Disordered	region
A0A0B4K7J2	808-2581	ECO:0000305	27 X 2 AA repeats of F-G	region
A0A0B4K7J2	937-959	ECO:0000256|SAM:MobiDB-lite	Disordered	region
A0A0B4K7K9	113-121	ECO:0000269|PubMed:30745339	Docking site for Srpk79D	region
A0A0B4K7K9	15-22	ECO:0000305|PubMed:30745339	Probable docking site for Srpk79D	region
A0A0B4K7K9	66-74	ECO:0000269|PubMed:30745339	Docking site for Srpk79D	region
A0A0B4K7K9	A0A0B4K7K9-2:1-320	ECO:0000269|PubMed:19596851	Interaction with cac	region
A0A0B4KEE4	1-20	ECO:0000256|SAM:MobiDB-lite	Disordered	region
A0A0B4KGY6	150-190	ECO:0000256|SAM:MobiDB-lite	Disordered	region
A0A0B4KGY6	31-50	ECO:0000256|SAM:MobiDB-lite	Disordered	region
A0A0B4KGY6	674-693	ECO:0000256|SAM:MobiDB-lite	Disordered	region
A0A0B4KGY6	686-776	ECO:0000250|UniProtKB:P51513	Required for RNA binding	region
A0A0B4KGY6	76-113	ECO:0000256|SAM:MobiDB-lite	Disordered	region
A0A0B7P9G0	739-765	ECO:0000256|SAM:MobiDB-lite	Disordered	region
A0A0B7P9G0	807-834	ECO:0000256|SAM:MobiDB-lite	Disordered	region
A0A0U1QT59	1-178	ECO:0000256|SAM:MobiDB-lite	Disordered	region
A0A0U1QT59	1066-1143	ECO:0000256|SAM:MobiDB-lite	Disordered	region
A0A0U1QT59	1186-1205	ECO:0000256|SAM:MobiDB-lite	Disordered	region
A0A0U1QT59	1527-1572	ECO:0000256|SAM:MobiDB-lite	Disordered	region
A0A0U1QT59	1592-1841	ECO:0000256|SAM:MobiDB-lite	Disordered	region
A0A0U1QT59	1859-1990	ECO:0000256|SAM:MobiDB-lite	Disordered	region
A0A0U1QT59	194-243	ECO:0000256|SAM:MobiDB-lite	Disordered	region
A0A0U1QT59	789-839	ECO:0000256|SAM:MobiDB-lite	Disordered	region
A0A0U1QT59	860-967	ECO:0000256|SAM:MobiDB-lite	Disordered	region
A0A0U1QT59	996-1027	ECO:0000256|SAM:MobiDB-lite	Disordered	region
A0A126GUP6	98-120	ECO:0000256|SAM:MobiDB-lite	Disordered	region
A0A1F4	2080-2101	ECO:0000256|SAM:MobiDB-lite	Disordered	region
A0A1F4	429-465	ECO:0000256|SAM:MobiDB-lite	Disordered	region
A0A1F4	482-639	ECO:0000256|SAM:MobiDB-lite	Disordered	region
A0A1F4	757-783	ECO:0000256|SAM:MobiDB-lite	Disordered	region
A0A1F4	802-854	ECO:0000256|SAM:MobiDB-lite	Disordered	region
A0A1F4	902-1014	ECO:0000256|SAM:MobiDB-lite	Disordered	region
A1A708	141-282	ECO:0000256|SAM:MobiDB-lite	Disordered	region
A1Z6E0	236-279	ECO:0000269|PubMed:16498413	Involved in binding to the Elongin BC complex	region
A1Z6H7	1819-1876	ECO:0000256|SAM:MobiDB-lite	Disordered	region
A1Z6L1	1-37	ECO:0000256|SAM:MobiDB-lite	Disordered	region
A1Z6W3	1-24	ECO:0000256|SAM:MobiDB-lite	Disordered	region
A1Z6W3	1026-1249	ECO:0000256|SAM:MobiDB-lite	Disordered	region
A1Z6W3	115-181	ECO:0000256|SAM:MobiDB-lite	Disordered	region
A1Z6W3	241-289	ECO:0000256|SAM:MobiDB-lite	Disordered	region
A1Z6W3	368-396	ECO:0000256|SAM:MobiDB-lite	Disordered	region
A1Z6W3	425-527	ECO:0000256|SAM:MobiDB-lite	Disordered	region
A1Z6W3	807-865	ECO:0000256|SAM:MobiDB-lite	Disordered	region
A1Z6W3	902-940	ECO:0000256|SAM:MobiDB-lite	Disordered	region
A1Z713	1399-1425	ECO:0000256|SAM:MobiDB-lite	Disordered	region
A1Z746	1-26	ECO:0000256|SAM:MobiDB-lite	Disordered	region
A1Z7A6	700-764	ECO:0000256|SAM:MobiDB-lite	Disordered	region
A1Z7A6	793-885	ECO:0000256|SAM:MobiDB-lite	Disordered	region
A1Z7A6	911-943	ECO:0000256|SAM:MobiDB-lite	Disordered	region
A1Z7A6	974-1086	ECO:0000256|SAM:MobiDB-lite	Disordered	region
A1Z7A8	149-276	ECO:0000256|SAM:MobiDB-lite	Disordered	region
A1Z7A8	342-361	ECO:0000256|SAM:MobiDB-lite	Disordered	region
A1Z7A8	87-135	ECO:0000256|SAM:MobiDB-lite	Disordered	region
A1Z7G7	1219-1247	ECO:0000256|SAM:MobiDB-lite	Disordered	region
A1Z7G7	1300-1324	ECO:0000256|SAM:MobiDB-lite	Disordered	region
A1Z7G7	1438-1526	ECO:0000256|SAM:MobiDB-lite	Disordered	region
A1Z7G7	1551-1570	ECO:0000256|SAM:MobiDB-lite	Disordered	region
A1Z7G7	1605-1677	ECO:0000256|SAM:MobiDB-lite	Disordered	region
A1Z7G7	162-290	ECO:0000256|SAM:MobiDB-lite	Disordered	region
A1Z7G7	365-386	ECO:0000256|SAM:MobiDB-lite	Disordered	region
A1Z7G7	695-740	ECO:0000255|PROSITE-ProRule:PRU00098	GPS	region
A1Z7K9	359-473	ECO:0000255|HAMAP-Rule:MF_03182	Linker	region
A1Z7K9	626-666	ECO:0000256|SAM:MobiDB-lite	Disordered	region
A1Z7K9	817-838	ECO:0000256|SAM:MobiDB-lite	Disordered	region
A1Z7K9	857-884	ECO:0000256|SAM:MobiDB-lite	Disordered	region
A1Z7K9	971-1000	ECO:0000256|SAM:MobiDB-lite	Disordered	region
A1Z7L1	1306-1481	ECO:0000256|SAM:MobiDB-lite	Disordered	region
A1Z7R6	1-51	ECO:0000256|SAM:MobiDB-lite	Disordered	region
A1Z7T0	395-415	ECO:0000256|SAM:MobiDB-lite	Disordered	region
A1Z7T0	572-715	ECO:0000256|SAM:MobiDB-lite	Disordered	region
A1Z7T0	757-787	ECO:0000256|SAM:MobiDB-lite	Disordered	region
A1Z7T0	811-832	ECO:0000256|SAM:MobiDB-lite	Disordered	region
A1Z7Z9	111-131	ECO:0000256|SAM:MobiDB-lite	Disordered	region
A1Z7Z9	168-208	ECO:0000256|SAM:MobiDB-lite	Disordered	region
A1Z7Z9	286-306	ECO:0000256|SAM:MobiDB-lite	Disordered	region
A1Z7Z9	425-455	ECO:0000256|SAM:MobiDB-lite	Disordered	region
A1Z7Z9	492-528	ECO:0000256|SAM:MobiDB-lite	Disordered	region
A1Z830	1-24	ECO:0000256|SAM:MobiDB-lite	Disordered	region
A1Z830	408-485	ECO:0000256|SAM:MobiDB-lite	Disordered	region
A1Z830	47-72	ECO:0000256|SAM:MobiDB-lite	Disordered	region
A1Z877	645-691	ECO:0000256|SAM:MobiDB-lite	Disordered	region
A1Z8D0	44-84	ECO:0000256|SAM:MobiDB-lite	Disordered	region
A1Z8F4	1487-1681	ECO:0000269|PubMed:11071761	Involved in interaction with Mad. May be involved in homooligomerization	region
A1Z8F4	1826-2368	ECO:0000269|PubMed:11071761	Probably involved in interaction with Mad	region
A1Z8F4	1934-2047	ECO:0000269|PubMed:15296719	Required for transcriptional repression activity	region
A1Z8F4	391-1119	ECO:0000269|PubMed:11071761	Probably involved in interaction with Mad	region
A1Z8J0	306-329	ECO:0000256|SAM:MobiDB-lite	Disordered	region
A1Z8N1	1-28	ECO:0000256|SAM:MobiDB-lite	Disordered	region
A1Z8N1	249-269	ECO:0000256|SAM:MobiDB-lite	Disordered	region
A1Z8N1	280-299	ECO:0000256|SAM:MobiDB-lite	Disordered	region
A1Z8N1	327-346	ECO:0000256|SAM:MobiDB-lite	Disordered	region
A1Z8N1	62-202	ECO:0000256|SAM:MobiDB-lite	Disordered	region
A1Z8P9	1187-1655	ECO:0000269|PubMed:31913420	Interacts with Mad1	region
A1Z8P9	1621-1677	ECO:0000256|SAM:MobiDB-lite	Disordered	region
A1Z8P9	1695-1768	ECO:0000256|SAM:MobiDB-lite	Disordered	region
A1Z8P9	1821-2346	ECO:0000256|SAM:MobiDB-lite	Disordered	region
A1Z8P9	622-649	ECO:0000256|SAM:MobiDB-lite	Disordered	region
A1Z8R8	39-65	ECO:0000256|SAM:MobiDB-lite	Disordered	region
A1Z8X3	141-166	ECO:0000256|SAM:MobiDB-lite	Disordered	region
A1Z9E2	1-63	ECO:0000256|SAM:MobiDB-lite	Disordered	region
A1Z9E2	366-387	ECO:0000256|SAM:MobiDB-lite	Disordered	region
A1Z9E2	500-523	ECO:0000256|SAM:MobiDB-lite	Disordered	region
A1Z9E2	533-552	ECO:0000256|SAM:MobiDB-lite	Disordered	region
A1Z9E2	638-702	ECO:0000256|SAM:MobiDB-lite	Disordered	region
A1Z9G2	794-851	ECO:0000256|SAM:MobiDB-lite	Disordered	region
A1Z9G2	864-883	ECO:0000256|SAM:MobiDB-lite	Disordered	region
A1Z9L3	354-449	ECO:0000256|SAM:MobiDB-lite	Disordered	region
A1Z9L3	75-283	ECO:0000256|SAM:MobiDB-lite	Disordered	region
A1Z9P3	1-31	ECO:0000256|SAM:MobiDB-lite	Disordered	region
A1Z9P3	1036-1055	ECO:0000256|SAM:MobiDB-lite	Disordered	region
A1Z9P3	1091-1116	ECO:0000256|SAM:MobiDB-lite	Disordered	region
A1Z9P3	112-142	ECO:0000256|SAM:MobiDB-lite	Disordered	region
A1Z9P3	1210-1244	ECO:0000256|SAM:MobiDB-lite	Disordered	region
A1Z9P3	187-244	ECO:0000256|SAM:MobiDB-lite	Disordered	region
A1Z9P3	267-434	ECO:0000256|SAM:MobiDB-lite	Disordered	region
A1Z9P3	445-920	ECO:0000269|PubMed:20549743, ECO:0000269|PubMed:24535826	F-actin binding region required for planar polarity and cortical localization	region
A1Z9P3	46-100	ECO:0000256|SAM:MobiDB-lite	Disordered	region
A1Z9P3	589-609	ECO:0000256|SAM:MobiDB-lite	Disordered	region
A1Z9P3	621-660	ECO:0000256|SAM:MobiDB-lite	Disordered	region
A1Z9P3	699-728	ECO:0000256|SAM:MobiDB-lite	Disordered	region
A1Z9P3	743-823	ECO:0000256|SAM:MobiDB-lite	Disordered	region
A1Z9P3	849-876	ECO:0000256|SAM:MobiDB-lite	Disordered	region
A1Z9P3	910-939	ECO:0000256|SAM:MobiDB-lite	Disordered	region
A1Z9R4	1138-1228	ECO:0000256|SAM:MobiDB-lite	Disordered	region
A1Z9R4	30-105	ECO:0000256|SAM:MobiDB-lite	Disordered	region
A1Z9R4	306-331	ECO:0000256|SAM:MobiDB-lite	Disordered	region
A1Z9R4	438-483	ECO:0000256|SAM:MobiDB-lite	Disordered	region
A1Z9R4	758-778	ECO:0000256|SAM:MobiDB-lite	Disordered	region
A1Z9R4	817-848	ECO:0000256|SAM:MobiDB-lite	Disordered	region
A1Z9S1	1-25	ECO:0000256|SAM:MobiDB-lite	Disordered	region
A1Z9S1	125-147	ECO:0000256|SAM:MobiDB-lite	Disordered	region
A1ZA47	1223-1260	ECO:0000256|SAM:MobiDB-lite	Disordered	region
A1ZA47	1297-1322	ECO:0000256|SAM:MobiDB-lite	Disordered	region
A1ZA47	1550-1632	ECO:0000256|SAM:MobiDB-lite	Disordered	region
A1ZA47	1646-1738	ECO:0000256|SAM:MobiDB-lite	Disordered	region
A1ZA47	1815-1837	ECO:0000256|SAM:MobiDB-lite	Disordered	region
A1ZA47	211-277	ECO:0000256|SAM:MobiDB-lite	Disordered	region
A1ZA47	415-436	ECO:0000256|SAM:MobiDB-lite	Disordered	region
A1ZA47	457-476	ECO:0000256|SAM:MobiDB-lite	Disordered	region
A1ZA47	511-558	ECO:0000256|SAM:MobiDB-lite	Disordered	region
A1ZA47	580-611	ECO:0000256|SAM:MobiDB-lite	Disordered	region
A1ZA47	623-692	ECO:0000256|SAM:MobiDB-lite	Disordered	region
A1ZA47	896-940	ECO:0000256|SAM:MobiDB-lite	Disordered	region
A1ZA77	151-174	ECO:0000256|SAM:MobiDB-lite	Disordered	region
A1ZA92	18-173	ECO:0000256|SAM:MobiDB-lite	Disordered	region
A1ZA92	271-359	ECO:0000256|SAM:MobiDB-lite	Disordered	region
A1ZAB5	1-96	ECO:0000256|SAM:MobiDB-lite	Disordered	region
A1ZAB5	110-129	ECO:0000256|SAM:MobiDB-lite	Disordered	region
A1ZAB5	1414-1448	ECO:0000256|SAM:MobiDB-lite	Disordered	region
A1ZAB5	265-286	ECO:0000256|SAM:MobiDB-lite	Disordered	region
A1ZAB5	726-773	ECO:0000256|SAM:MobiDB-lite	Disordered	region
A1ZAB5	958-1010	ECO:0000256|SAM:MobiDB-lite	Disordered	region
A1ZAC4	1-310	ECO:0000269|PubMed:26295961	Involved in homooligomerization	region
A1ZAC4	311-489	ECO:0000305|PubMed:26295961	Non-canonical tudor domain	region
A1ZAI3	1-29	ECO:0000256|SAM:MobiDB-lite	Disordered	region
A1ZAI5	1-39	ECO:0000256|SAM:MobiDB-lite	Disordered	region
A1ZAI5	56-75	ECO:0000256|SAM:MobiDB-lite	Disordered	region
A1ZAJ2	951-975	ECO:0000256|SAM:MobiDB-lite	Disordered	region
A1ZAK1	56-112	ECO:0000256|SAM:MobiDB-lite	Disordered	region
A1ZAU8	1005-1042	ECO:0000256|SAM:MobiDB-lite	Disordered	region
A1ZAU8	1055-1186	ECO:0000256|SAM:MobiDB-lite	Disordered	region
A1ZAU8	1200-1241	ECO:0000256|SAM:MobiDB-lite	Disordered	region
A1ZAU8	1284-1315	ECO:0000256|SAM:MobiDB-lite	Disordered	region
A1ZAU8	1335-1459	ECO:0000256|SAM:MobiDB-lite	Disordered	region
A1ZAU8	311-333	ECO:0000256|SAM:MobiDB-lite	Disordered	region
A1ZAU8	355-446	ECO:0000256|SAM:MobiDB-lite	Disordered	region
A1ZAU8	486-589	ECO:0000256|SAM:MobiDB-lite	Disordered	region
A1ZAU8	726-753	ECO:0000256|SAM:MobiDB-lite	Disordered	region
A1ZAU8	872-967	ECO:0000256|SAM:MobiDB-lite	Disordered	region
A1ZAV1	1-29	ECO:0000256|SAM:MobiDB-lite	Disordered	region
A1ZAV1	70-97	ECO:0000256|SAM:MobiDB-lite	Disordered	region
A1ZAW0	1-540	ECO:0000269|PubMed:28416567	Helicase domain; essential for RNAi silencing activity and binding to r2d2	region
A1ZAW0	1-555	ECO:0000269|PubMed:29269422	Essential for binding and cleaving blunt termini (BLT) dsRNA substrates. No effect on binding or cleaving 3' overhanging (3'ovr) termini substrates	region
A1ZAW0	1268-1362	ECO:0000269|PubMed:35768513	RNase III insertion domain a; involved in homodimerization	region
A1ZAW0	1520-1609	ECO:0000269|PubMed:35768513	RNase III insertion domain b	region
A1ZAW0	1653-1722	ECO:0000269|PubMed:28416567	Essential for efficient and high-fidelity siRNA production and siRNA loading	region
A1ZAW0	230-347	ECO:0000269|PubMed:35768513	Helicase insertion domain; involved in homodimerization	region
A1ZAW0	497-509	ECO:0000269|PubMed:28874570	Sufficient for interaction with loqs isoform PD (loqs-PD)	region
A1ZAW0	713-855	ECO:0000269|PubMed:35768513	Platform domain	region
A1ZAW5	160-215	ECO:0000256|SAM:MobiDB-lite	Disordered	region
A1ZAW5	88-120	ECO:0000256|SAM:MobiDB-lite	Disordered	region
A1ZAX1	1-21	ECO:0000256|SAM:MobiDB-lite	Disordered	region
A1ZAX1	157-279	ECO:0000256|SAM:MobiDB-lite	Disordered	region
A1ZAX1	847-910	ECO:0000256|SAM:MobiDB-lite	Disordered	region
A1ZB86	103-146	ECO:0000256|SAM:MobiDB-lite	Disordered	region
A1ZB86	576-609	ECO:0000256|SAM:MobiDB-lite	Disordered	region
A1ZB91	480-499	ECO:0000256|SAM:MobiDB-lite	Disordered	region
A1ZBD6	1-80	ECO:0000256|SAM:MobiDB-lite	Disordered	region
A1ZBD6	145-165	ECO:0000256|SAM:MobiDB-lite	Disordered	region
A1ZBD6	887-912	ECO:0000256|SAM:MobiDB-lite	Disordered	region
A1ZBE8	1240-1316	ECO:0000256|SAM:MobiDB-lite	Disordered	region
A1ZBE8	1347-1368	ECO:0000256|SAM:MobiDB-lite	Disordered	region
A1ZBE8	1409-1442	ECO:0000256|SAM:MobiDB-lite	Disordered	region
A1ZBE8	532-571	ECO:0000256|SAM:MobiDB-lite	Disordered	region
A1ZBE8	595-701	ECO:0000256|SAM:MobiDB-lite	Disordered	region
A1ZBR5	234-266	ECO:0000256|SAM:MobiDB-lite	Disordered	region
A1ZBT5	215-252	ECO:0000256|SAM:MobiDB-lite	Disordered	region
A1ZBW7	1316-1469	ECO:0000256|SAM:MobiDB-lite	Disordered	region
A1ZBW7	178-349	ECO:0000256|SAM:MobiDB-lite	Disordered	region
A1ZBW7	367-546	ECO:0000256|SAM:MobiDB-lite	Disordered	region
A1ZBW7	571-591	ECO:0000256|SAM:MobiDB-lite	Disordered	region
A1ZBW7	607-760	ECO:0000256|SAM:MobiDB-lite	Disordered	region
A1ZBW7	933-1254	ECO:0000256|SAM:MobiDB-lite	Disordered	region
A2VEI2	109-146	ECO:0000256|SAM:MobiDB-lite	Disordered	region
A2VEY9	377-406	ECO:0000256|SAM:MobiDB-lite	Disordered	region
A3RLR1	1-32	ECO:0000256|SAM:MobiDB-lite	Disordered	region
A3RLR1	2-32	ECO:0000305|PubMed:17439302, ECO:0000305|PubMed:17486114	2 X 7 AA repeats of L-D-P-T-G-[TQ]-Y	region
A4VCL2	77-130	ECO:0000256|SAM:MobiDB-lite	Disordered	region
A6MHQ4	222-241	ECO:0000256|SAM:MobiDB-lite	Disordered	region
A6MHQ4	248-337	ECO:0000256|SAM:MobiDB-lite	Disordered	region
A6MHQ4	571-601	ECO:0000256|SAM:MobiDB-lite	Disordered	region
A6MHQ4	621-658	ECO:0000256|SAM:MobiDB-lite	Disordered	region
A8DYE2	1346-1365	ECO:0000256|SAM:MobiDB-lite	Disordered	region
A8DYE2	1471-1507	ECO:0000256|SAM:MobiDB-lite	Disordered	region
A8DYE2	1556-1585	ECO:0000256|SAM:MobiDB-lite	Disordered	region
A8DYE2	1698-1734	ECO:0000256|SAM:MobiDB-lite	Disordered	region
A8DYE2	1751-1770	ECO:0000256|SAM:MobiDB-lite	Disordered	region
A8DYE2	1814-1844	ECO:0000256|SAM:MobiDB-lite	Disordered	region
A8DYE2	1874-1904	ECO:0000256|SAM:MobiDB-lite	Disordered	region
A8DYE2	1919-1939	ECO:0000256|SAM:MobiDB-lite	Disordered	region
A8DYE2	1962-1990	ECO:0000256|SAM:MobiDB-lite	Disordered	region
A8DYE2	2003-2023	ECO:0000256|SAM:MobiDB-lite	Disordered	region
A8DYE2	56-81	ECO:0000256|SAM:MobiDB-lite	Disordered	region
A8DYE2	833-858	ECO:0000256|SAM:MobiDB-lite	Disordered	region
A8DYP0	465-592	ECO:0000256|SAM:MobiDB-lite	Disordered	region
A8DYP0	684-703	ECO:0000256|SAM:MobiDB-lite	Disordered	region
A8DYP0	728-750	ECO:0000256|SAM:MobiDB-lite	Disordered	region
A8DYP0	923-1010	ECO:0000256|SAM:MobiDB-lite	Disordered	region
A8DYY6	204-251	ECO:0000256|SAM:MobiDB-lite	Disordered	region
A8DYY6	292-320	ECO:0000256|SAM:MobiDB-lite	Disordered	region
A8DYY6	38-71	ECO:0000256|SAM:MobiDB-lite	Disordered	region
A8JNV4	1-48	ECO:0000256|SAM:MobiDB-lite	Disordered	region
A8JQ65	1-37	ECO:0000256|SAM:MobiDB-lite	Disordered	region
A8JQ65	1012-1053	ECO:0000256|SAM:MobiDB-lite	Disordered	region
A8JQ65	1113-1137	ECO:0000256|SAM:MobiDB-lite	Disordered	region
A8JQ65	1172-1191	ECO:0000256|SAM:MobiDB-lite	Disordered	region
A8JQ65	781-801	ECO:0000256|SAM:MobiDB-lite	Disordered	region
A8JQX3	50-87	ECO:0000256|SAM:MobiDB-lite	Disordered	region
A8JQX3	611-642	ECO:0000256|SAM:MobiDB-lite	Disordered	region
A8JR14	1-117	ECO:0000256|SAM:MobiDB-lite	Disordered	region
A8JR14	131-168	ECO:0000256|SAM:MobiDB-lite	Disordered	region
A8JR14	195-255	ECO:0000256|SAM:MobiDB-lite	Disordered	region
A8JR92	1179-1247	ECO:0000256|SAM:MobiDB-lite	Disordered	region
A8JR92	1287-1339	ECO:0000256|SAM:MobiDB-lite	Disordered	region
A8JR92	1471-1497	ECO:0000256|SAM:MobiDB-lite	Disordered	region
A8JR92	427-457	ECO:0000256|SAM:MobiDB-lite	Disordered	region
A8JR92	556-579	ECO:0000256|SAM:MobiDB-lite	Disordered	region
A8JR92	630-694	ECO:0000256|SAM:MobiDB-lite	Disordered	region
A8JR92	81-115	ECO:0000256|SAM:MobiDB-lite	Disordered	region
A8JR92	839-862	ECO:0000256|SAM:MobiDB-lite	Disordered	region
A8JR92	940-980	ECO:0000256|SAM:MobiDB-lite	Disordered	region
A8JUP7	152-178	ECO:0000256|SAM:MobiDB-lite	Disordered	region
A8JUP7	216-260	ECO:0000256|SAM:MobiDB-lite	Disordered	region
A8JUP7	286-365	ECO:0000256|SAM:MobiDB-lite	Disordered	region
A8JUP7	95-137	ECO:0000256|SAM:MobiDB-lite	Disordered	region
A8JUV0	1-46	ECO:0000256|SAM:MobiDB-lite	Disordered	region
A8JUV0	190-211	ECO:0000256|SAM:MobiDB-lite	Disordered	region
A8JUV0	237-265	ECO:0000256|SAM:MobiDB-lite	Disordered	region
A8JUV0	317-345	ECO:0000256|SAM:MobiDB-lite	Disordered	region
A8JUV0	883-1043	ECO:0000256|SAM:MobiDB-lite	Disordered	region
A8JUV4	133-442	ECO:0000256|SAM:MobiDB-lite	Disordered	region
A8JUV4	487-514	ECO:0000256|SAM:MobiDB-lite	Disordered	region
A8JUV4	72-452	ECO:0000305|PubMed:20832396	45 X 8 AA approximate tandem repeats of [PS]-[AS]-Y-S-A-P-A-[AS]	region
A8MPH9	173-193	ECO:0000256|SAM:MobiDB-lite	Disordered	region
A8MPH9	283-317	ECO:0000256|SAM:MobiDB-lite	Disordered	region
A8MPH9	350-407	ECO:0000256|SAM:MobiDB-lite	Disordered	region
A8MPH9	387-406	ECO:0000255|PROSITE-ProRule:PRU00978	Basic motif	region
A8MPH9	413-420	ECO:0000255|PROSITE-ProRule:PRU00978	Leucine-zipper	region
A8MPH9	477-519	ECO:0000256|SAM:MobiDB-lite	Disordered	region
A8MPH9	683-722	ECO:0000256|SAM:MobiDB-lite	Disordered	region
B4F7L9	1033-1069	ECO:0000256|SAM:MobiDB-lite	Disordered	region
B4F7L9	664-688	ECO:0000256|SAM:MobiDB-lite	Disordered	region
B5A5T4	54-67	ECO:0000269|PubMed:26828958	Loop 1; may be required for cell surface localization or be essential for protein folding	region
B5A5T4	77-91	ECO:0000269|PubMed:26828958	Loop 2; required for interaction with Sh	region
B6JUP5	1-129	ECO:0000256|SAM:MobiDB-lite	Disordered	region
B6JUP5	264-291	ECO:0000256|SAM:MobiDB-lite	Disordered	region
B6JUP5	323-348	ECO:0000256|SAM:MobiDB-lite	Disordered	region
B6JUP5	623-661	ECO:0000256|SAM:MobiDB-lite	Disordered	region
B6JUP5	93-127	ECO:0000255	5 X 7 AA tandem repeats of [FS]-R-G-G-[EQ]-G-G	region
B6VQA1	24-163	ECO:0000256|SAM:MobiDB-lite	Disordered	region
B6VQA1	312-339	ECO:0000256|SAM:MobiDB-lite	Disordered	region
B7TB45	321-340	ECO:0000256|SAM:MobiDB-lite	Disordered	region
B7TB45	369-436	ECO:0000256|SAM:MobiDB-lite	Disordered	region
B7TB45	675-754	ECO:0000256|SAM:MobiDB-lite	Disordered	region
B7TB45	789-886	ECO:0000256|SAM:MobiDB-lite	Disordered	region
B7YZU2	1057-1090	ECO:0000256|SAM:MobiDB-lite	Disordered	region
B7YZU2	1297-1435	ECO:0000256|SAM:MobiDB-lite	Disordered	region
B7YZU2	170-198	ECO:0000256|SAM:MobiDB-lite	Disordered	region
B7YZU2	212-321	ECO:0000256|SAM:MobiDB-lite	Disordered	region
B7YZU2	352-465	ECO:0000256|SAM:MobiDB-lite	Disordered	region
B7YZU2	477-524	ECO:0000256|SAM:MobiDB-lite	Disordered	region
B7YZU2	615-635	ECO:0000256|SAM:MobiDB-lite	Disordered	region
B7YZU2	752-1007	ECO:0000256|SAM:MobiDB-lite	Disordered	region
B7YZV4	152-338	ECO:0000256|SAM:MobiDB-lite	Disordered	region
B7YZV4	364-387	ECO:0000250|UniProtKB:P14100	Calmodulin-binding	region
B7YZV4	720-744	ECO:0000256|SAM:MobiDB-lite	Disordered	region
B7YZV4	797-834	ECO:0000256|SAM:MobiDB-lite	Disordered	region
B7Z073	105-129	ECO:0000256|SAM:MobiDB-lite	Disordered	region
B7Z0E2	165-184	ECO:0000256|SAM:MobiDB-lite	Disordered	region
B7Z0E2	49-126	ECO:0000256|SAM:MobiDB-lite	Disordered	region
B7Z0E2	721-741	ECO:0000256|SAM:MobiDB-lite	Disordered	region
B7Z0I7	1-66	ECO:0000256|SAM:MobiDB-lite	Disordered	region
B7Z0I7	294-322	ECO:0000256|SAM:MobiDB-lite	Disordered	region
B7Z0K8	1-45	ECO:0000256|SAM:MobiDB-lite	Disordered	region
B7Z0K8	169-188	ECO:0000256|SAM:MobiDB-lite	Disordered	region
B7Z0K8	205-297	ECO:0000256|SAM:MobiDB-lite	Disordered	region
B7Z0K8	345-822	ECO:0000256|SAM:MobiDB-lite	Disordered	region
B7Z0K8	66-99	ECO:0000256|SAM:MobiDB-lite	Disordered	region
B7Z0W9	1-602	ECO:0000256|SAM:MobiDB-lite	Disordered	region
B7Z0W9	1498-1549	ECO:0000256|SAM:MobiDB-lite	Disordered	region
B7Z0W9	621-736	ECO:0000256|SAM:MobiDB-lite	Disordered	region
B7Z0W9	771-845	ECO:0000256|SAM:MobiDB-lite	Disordered	region
B7Z0W9	962-1001	ECO:0000256|SAM:MobiDB-lite	Disordered	region
C0HK92	285-304	ECO:0000256|SAM:MobiDB-lite	Disordered	region
C0HK92	333-373	ECO:0000256|SAM:MobiDB-lite	Disordered	region
C0HK92	389-504	ECO:0000256|SAM:MobiDB-lite	Disordered	region
C0HK92	558-619	ECO:0000256|SAM:MobiDB-lite	Disordered	region
C0HK95	1-121	ECO:0000256|SAM:MobiDB-lite	Disordered	region
C0HKA0	131-151	ECO:0000256|SAM:MobiDB-lite	Disordered	region
C0HKA1	131-151	ECO:0000256|SAM:MobiDB-lite	Disordered	region
C0HL66	1-43	ECO:0000256|SAM:MobiDB-lite	Disordered	region
C0HL67	1-43	ECO:0000256|SAM:MobiDB-lite	Disordered	region
C0HLZ9	95-122	ECO:0000256|SAM:MobiDB-lite	Disordered	region
C0HM00	95-122	ECO:0000256|SAM:MobiDB-lite	Disordered	region
C4NYP8	243-302	ECO:0000256|SAM:MobiDB-lite	Disordered	region
C4NYP8	344-377	ECO:0000256|SAM:MobiDB-lite	Disordered	region
C4NYP8	68-123	ECO:0000256|SAM:MobiDB-lite	Disordered	region
D5SHR0	16-46	ECO:0000256|SAM:MobiDB-lite	Disordered	region
D5SHR0	240-261	ECO:0000256|SAM:MobiDB-lite	Disordered	region
D5SHR0	62-87	ECO:0000256|SAM:MobiDB-lite	Disordered	region
E1JH25	1098-1178	ECO:0000256|SAM:MobiDB-lite	Disordered	region
E1JH25	1629-1650	ECO:0000256|SAM:MobiDB-lite	Disordered	region
E1JH25	1679-1699	ECO:0000256|SAM:MobiDB-lite	Disordered	region
E1JH25	333-385	ECO:0000256|SAM:MobiDB-lite	Disordered	region
E1JH25	441-519	ECO:0000256|SAM:MobiDB-lite	Disordered	region
E1JH25	779-810	ECO:0000256|SAM:MobiDB-lite	Disordered	region
E1JIT7	1-340	ECO:0000269|PubMed:31718774	Mediates regulation of axon branching and microtubule organization	region
E1JIT7	1040-1126	ECO:0000256|SAM:MobiDB-lite	Disordered	region
E1JIT7	113-192	ECO:0000256|SAM:MobiDB-lite	Disordered	region
E1JIT7	1544-1601	ECO:0000256|SAM:MobiDB-lite	Disordered	region
E1JIT7	211-322	ECO:0000256|SAM:MobiDB-lite	Disordered	region
E1JIT7	339-440	ECO:0000256|SAM:MobiDB-lite	Disordered	region
E1JIT7	459-657	ECO:0000256|SAM:MobiDB-lite	Disordered	region
E1JIT7	737-780	ECO:0000256|SAM:MobiDB-lite	Disordered	region
E1JIT7	872-965	ECO:0000256|SAM:MobiDB-lite	Disordered	region
E1JIT7	894-1601	ECO:0000269|PubMed:31718774	Mediates association to the membrane and rescricts the microtubule-inhibiting activity to the cell cortex	region
F0JAI6	1-51	ECO:0000256|SAM:MobiDB-lite	Disordered	region
F0JAI6	100-253	ECO:0000269|PubMed:21912673	Important for kinetochore and microtubule localization	region
F0JAI6	237-372	ECO:0000269|PubMed:21912673	CH (calponin-homology)-like region, which is not required for kinetochore and microtubule localization	region
F0JAI6	82-181	ECO:0000256|SAM:MobiDB-lite	Disordered	region
M9MRD1	1-68	ECO:0000256|SAM:MobiDB-lite	Disordered	region
M9MRD1	121-152	ECO:0000256|SAM:MobiDB-lite	Disordered	region
M9MRD1	12253-12272	ECO:0000256|SAM:MobiDB-lite	Disordered	region
M9MRD1	2699-2724	ECO:0000256|SAM:MobiDB-lite	Disordered	region
M9MRD1	295-325	ECO:0000256|SAM:MobiDB-lite	Disordered	region
M9MRD1	387-488	ECO:0000256|SAM:MobiDB-lite	Disordered	region
M9MRD1	504-526	ECO:0000256|SAM:MobiDB-lite	Disordered	region
M9MRD1	6631-6657	ECO:0000256|SAM:MobiDB-lite	Disordered	region
M9MRD1	8583-8616	ECO:0000256|SAM:MobiDB-lite	Disordered	region
M9MRD1	8966-9023	ECO:0000256|SAM:MobiDB-lite	Disordered	region
M9MRD1	9131-9158	ECO:0000256|SAM:MobiDB-lite	Disordered	region
M9MRD1	9361-9459	ECO:0000256|SAM:MobiDB-lite	Disordered	region
M9MRD1	9502-9735	ECO:0000256|SAM:MobiDB-lite	Disordered	region
M9MRD1	9769-9797	ECO:0000256|SAM:MobiDB-lite	Disordered	region
M9MRI4	64-114	ECO:0000256|SAM:MobiDB-lite	Disordered	region
M9MS50	348-489	ECO:0000305	N-lobe	region
M9MS50	695-863	ECO:0000305	C-lobe	region
M9MSG8	1426-1521	ECO:0000256|SAM:MobiDB-lite	Disordered	region
M9MSG8	1592-1658	ECO:0000256|SAM:MobiDB-lite	Disordered	region
M9MSG8	1854-1876	ECO:0000256|SAM:MobiDB-lite	Disordered	region
M9MSG8	2522-2551	ECO:0000256|SAM:MobiDB-lite	Disordered	region
M9MSG8	354-375	ECO:0000256|SAM:MobiDB-lite	Disordered	region
M9MSG8	731-772	ECO:0000256|SAM:MobiDB-lite	Disordered	region
M9NDE3	2766-2789	ECO:0000256|SAM:MobiDB-lite	Disordered	region
M9NDE3	2961-2983	ECO:0000256|SAM:MobiDB-lite	Disordered	region
M9NDE3	2996-3015	ECO:0000256|SAM:MobiDB-lite	Disordered	region
M9NDE3	3025-3123	ECO:0000256|SAM:MobiDB-lite	Disordered	region
M9NDE3	83-104	ECO:0000256|SAM:MobiDB-lite	Disordered	region
M9NE38	1-32	ECO:0000256|SAM:MobiDB-lite	Disordered	region
M9NE38	1257-1297	ECO:0000256|SAM:MobiDB-lite	Disordered	region
M9NE38	1486-1507	ECO:0000256|SAM:MobiDB-lite	Disordered	region
M9NE38	1881-1912	ECO:0000256|SAM:MobiDB-lite	Disordered	region
M9NE38	298-377	ECO:0000256|SAM:MobiDB-lite	Disordered	region
M9NE38	460-515	ECO:0000256|SAM:MobiDB-lite	Disordered	region
M9NE38	545-586	ECO:0000256|SAM:MobiDB-lite	Disordered	region
M9NE38	764-920	ECO:0000256|SAM:MobiDB-lite	Disordered	region
M9NE38	89-145	ECO:0000256|SAM:MobiDB-lite	Disordered	region
M9NE38	965-1010	ECO:0000256|SAM:MobiDB-lite	Disordered	region
M9NEY8	1130-1155	ECO:0000256|SAM:MobiDB-lite	Disordered	region
M9NEY8	1170-1195	ECO:0000256|SAM:MobiDB-lite	Disordered	region
M9NEY8	1209-1356	ECO:0000256|SAM:MobiDB-lite	Disordered	region
M9NEY8	1437-1460	ECO:0000256|SAM:MobiDB-lite	Disordered	region
M9NEY8	1657-2666	ECO:0000269|PubMed:30078725	Interaction with wds	region
M9NEY8	1966-2115	ECO:0000256|SAM:MobiDB-lite	Disordered	region
M9NEY8	2198-2229	ECO:0000256|SAM:MobiDB-lite	Disordered	region
M9NEY8	2263-2334	ECO:0000256|SAM:MobiDB-lite	Disordered	region
M9NEY8	2350-2371	ECO:0000256|SAM:MobiDB-lite	Disordered	region
M9NEY8	2422-2444	ECO:0000256|SAM:MobiDB-lite	Disordered	region
M9NEY8	2536-2598	ECO:0000256|SAM:MobiDB-lite	Disordered	region
M9NEY8	2729-2860	ECO:0000256|SAM:MobiDB-lite	Disordered	region
M9NEY8	457-562	ECO:0000256|SAM:MobiDB-lite	Disordered	region
M9NEY8	51-255	ECO:0000256|SAM:MobiDB-lite	Disordered	region
M9NEY8	641-734	ECO:0000256|SAM:MobiDB-lite	Disordered	region
M9NEY8	771-810	ECO:0000256|SAM:MobiDB-lite	Disordered	region
M9NEY8	920-1113	ECO:0000256|SAM:MobiDB-lite	Disordered	region
M9PBE2	1-37	ECO:0000256|SAM:MobiDB-lite	Disordered	region
M9PBE2	417-473	ECO:0000256|SAM:MobiDB-lite	Disordered	region
M9PD06	1103-1213	ECO:0000256|SAM:MobiDB-lite	Disordered	region
M9PD06	1536-1569	ECO:0000256|SAM:MobiDB-lite	Disordered	region
M9PD06	393-429	ECO:0000256|SAM:MobiDB-lite	Disordered	region
M9PE65	1891-2141	ECO:0000256|SAM:MobiDB-lite	Disordered	region
M9PE65	201-220	ECO:0000256|SAM:MobiDB-lite	Disordered	region
M9PE65	2156-2179	ECO:0000256|SAM:MobiDB-lite	Disordered	region
M9PE65	59-107	ECO:0000256|SAM:MobiDB-lite	Disordered	region
M9PFN0	1-102	ECO:0000269|PubMed:31491385	Prion-like domain necessary for both protein assembly and membrane targeting	region
M9PFN0	103-267	ECO:0000269|PubMed:31491385	Mediates substrate recognition	region
M9PFN0	284-310	ECO:0000256|SAM:MobiDB-lite	Disordered	region
M9PFN0	332-352	ECO:0000256|SAM:MobiDB-lite	Disordered	region
M9PGC5	1006-1055	ECO:0000256|SAM:MobiDB-lite	Disordered	region
M9PGC5	1236-1256	ECO:0000256|SAM:MobiDB-lite	Disordered	region
M9PGC5	1322-1382	ECO:0000256|SAM:MobiDB-lite	Disordered	region
M9PGC5	1418-1465	ECO:0000256|SAM:MobiDB-lite	Disordered	region
M9PGC5	146-248	ECO:0000256|SAM:MobiDB-lite	Disordered	region
M9PGC5	1554-1578	ECO:0000256|SAM:MobiDB-lite	Disordered	region
M9PGC5	1615-1699	ECO:0000256|SAM:MobiDB-lite	Disordered	region
M9PGC5	1762-1790	ECO:0000256|SAM:MobiDB-lite	Disordered	region
M9PGC5	18-133	ECO:0000256|SAM:MobiDB-lite	Disordered	region
M9PGC5	1828-1895	ECO:0000256|SAM:MobiDB-lite	Disordered	region
M9PGC5	1929-1966	ECO:0000256|SAM:MobiDB-lite	Disordered	region
M9PGC5	2122-2229	ECO:0000256|SAM:MobiDB-lite	Disordered	region
M9PGC5	365-461	ECO:0000256|SAM:MobiDB-lite	Disordered	region
M9PGC5	844-873	ECO:0000256|SAM:MobiDB-lite	Disordered	region
M9PGC5	893-923	ECO:0000256|SAM:MobiDB-lite	Disordered	region
M9PH32	1-101	ECO:0000256|SAM:MobiDB-lite	Disordered	region
M9PH32	527-612	ECO:0000256|SAM:MobiDB-lite	Disordered	region
M9PH32	628-673	ECO:0000256|SAM:MobiDB-lite	Disordered	region
M9PH32	934-1206	ECO:0000269|PubMed:18528333	Essential for interaction with AGO1	region
O01352	146-200	ECO:0000256|SAM:MobiDB-lite	Disordered	region
O01352	147-194		8 X 6 AA tandem repeat of D-P-C-K-K-K	region
O01382	1-45	ECO:0000256|SAM:MobiDB-lite	Disordered	region
O02193	1-190	ECO:0000256|SAM:MobiDB-lite	Disordered	region
O02193	237-276	ECO:0000256|SAM:MobiDB-lite	Disordered	region
O02193	288-309	ECO:0000256|SAM:MobiDB-lite	Disordered	region
O02193	324-360	ECO:0000256|SAM:MobiDB-lite	Disordered	region
O02194	1-52	ECO:0000256|SAM:MobiDB-lite	Disordered	region
O02194	320-481		Interaction with Mettl2	region
O02194	327-379	ECO:0000256|SAM:MobiDB-lite	Disordered	region
O02194	421-449	ECO:0000256|SAM:MobiDB-lite	Disordered	region
O02194	69-92	ECO:0000256|SAM:MobiDB-lite	Disordered	region
O15945	450-612	ECO:0000256|SAM:MobiDB-lite	Disordered	region
O16102	1-29	ECO:0000256|SAM:MobiDB-lite	Disordered	region
O16102	839-892	ECO:0000256|SAM:MobiDB-lite	Disordered	region
O16810	196-239	ECO:0000256|SAM:MobiDB-lite	Disordered	region
O16810	377-440	ECO:0000256|SAM:MobiDB-lite	Disordered	region
O16810	460-523	ECO:0000256|SAM:MobiDB-lite	Disordered	region
O16844	23-92	ECO:0000256|SAM:MobiDB-lite	Disordered	region
O16844	502-536	ECO:0000256|SAM:MobiDB-lite	Disordered	region
O16844	565-606	ECO:0000256|SAM:MobiDB-lite	Disordered	region
O16844	618-639	ECO:0000256|SAM:MobiDB-lite	Disordered	region
O16867	102-144	ECO:0000256|SAM:MobiDB-lite	Disordered	region
O16867	265-333	ECO:0000256|SAM:MobiDB-lite	Disordered	region
O16867	35-59	ECO:0000256|SAM:MobiDB-lite	Disordered	region
O16867	361-398	ECO:0000256|SAM:MobiDB-lite	Disordered	region
O17444	507-578	ECO:0000256|SAM:MobiDB-lite	Disordered	region
O17445	185-204	ECO:0000256|SAM:MobiDB-lite	Disordered	region
O17468	401-435	ECO:0000256|SAM:MobiDB-lite	Disordered	region
O17468	509-549	ECO:0000256|SAM:MobiDB-lite	Disordered	region
O17468	882-914	ECO:0000256|SAM:MobiDB-lite	Disordered	region
O17468	933-1047	ECO:0000256|SAM:MobiDB-lite	Disordered	region
O18333	190-213	ECO:0000256|SAM:MobiDB-lite	Disordered	region
O18334	176-208	ECO:0000256|SAM:MobiDB-lite	Disordered	region
O18381	134-182	ECO:0000255|PROSITE-ProRule:PRU00381	RED subdomain	region
O18381	236-257	ECO:0000256|SAM:MobiDB-lite	Disordered	region
O18381	271-322	ECO:0000256|SAM:MobiDB-lite	Disordered	region
O18381	392-417	ECO:0000256|SAM:MobiDB-lite	Disordered	region
O18381	488-519	ECO:0000256|SAM:MobiDB-lite	Disordered	region
O18381	554-588	ECO:0000256|SAM:MobiDB-lite	Disordered	region
O18381	59-115	ECO:0000255|PROSITE-ProRule:PRU00381	PAI subdomain	region
O18388	335-348	ECO:0000250	IAB	region
O18388	340-425	ECO:0000250	Ran-GTP binding	region
O18391	1-28	ECO:0000256|SAM:MobiDB-lite	Disordered	region
O18400	148-171	ECO:0000256|SAM:MobiDB-lite	Disordered	region
O18400	204-273	ECO:0000256|SAM:MobiDB-lite	Disordered	region
O18400	70-125	ECO:0000256|SAM:MobiDB-lite	Disordered	region
O18412	119-120	ECO:0000255|PROSITE-ProRule:PRU01055	G2 motif	region
O18412	189-192	ECO:0000255|PROSITE-ProRule:PRU01055	G3 motif	region
O18412	248-251	ECO:0000255|PROSITE-ProRule:PRU01055	G4 motif	region
O18412	283-286	ECO:0000255|PROSITE-ProRule:PRU01055	G5 motif	region
O18412	93-100	ECO:0000255|PROSITE-ProRule:PRU01055	G1 motif	region
O18475	1052-1073	ECO:0000256|SAM:MobiDB-lite	Disordered	region
O18475	1168-1190	ECO:0000256|SAM:MobiDB-lite	Disordered	region
O18475	1204-1274	ECO:0000256|SAM:MobiDB-lite	Disordered	region
O18475	1330-1372	ECO:0000256|SAM:MobiDB-lite	Disordered	region
O18475	25-45	ECO:0000256|SAM:MobiDB-lite	Disordered	region
O44081	1-29	ECO:0000256|SAM:MobiDB-lite	Disordered	region
O44081	423-508	ECO:0000256|SAM:MobiDB-lite	Disordered	region
O44342	24-27		CXXC motif	region
O44424	1-20	ECO:0000256|SAM:MobiDB-lite	Disordered	region
O44424	105-163	ECO:0000256|SAM:MobiDB-lite	Disordered	region
O44424	425-471	ECO:0000256|SAM:MobiDB-lite	Disordered	region
O44437	108-113		3 X 2 AA tandem repeats of R-G	region
O44437	108-151	ECO:0000256|SAM:MobiDB-lite	Disordered	region
O44783	1-37	ECO:0000256|SAM:MobiDB-lite	Disordered	region
O44783	102-194	ECO:0000256|SAM:MobiDB-lite	Disordered	region
O44783	239-320	ECO:0000256|SAM:MobiDB-lite	Disordered	region
O46036	445-476	ECO:0000256|SAM:MobiDB-lite	Disordered	region
O46037	258-470	ECO:0000255	2 X repeats	region
O46037	720-778	ECO:0000256|SAM:MobiDB-lite	Disordered	region
O46043	1-23	ECO:0000256|SAM:MobiDB-lite	Disordered	region
O46043	554-593	ECO:0000256|SAM:MobiDB-lite	Disordered	region
O46043	609-723	ECO:0000256|SAM:MobiDB-lite	Disordered	region
O46072	170-214	ECO:0000256|SAM:MobiDB-lite	Disordered	region
O46072	504-529	ECO:0000256|SAM:MobiDB-lite	Disordered	region
O46072	567-612	ECO:0000256|SAM:MobiDB-lite	Disordered	region
O46080	136-164	ECO:0000256|SAM:MobiDB-lite	Disordered	region
O46080	30-83	ECO:0000256|SAM:MobiDB-lite	Disordered	region
O46102	555-574	ECO:0000256|SAM:MobiDB-lite	Disordered	region
O46102	588-612	ECO:0000256|SAM:MobiDB-lite	Disordered	region
O46106	296-317	ECO:0000256|SAM:MobiDB-lite	Disordered	region
O46106	341-384	ECO:0000256|SAM:MobiDB-lite	Disordered	region
O46107	28-60	ECO:0000256|SAM:MobiDB-lite	Disordered	region
O46203	42-252	ECO:0000256|SAM:MobiDB-lite	Disordered	region
O46339	210-292	ECO:0000256|SAM:MobiDB-lite	Disordered	region
O46339	25-49	ECO:0000256|SAM:MobiDB-lite	Disordered	region
O46339	333-369	ECO:0000256|SAM:MobiDB-lite	Disordered	region
O46341	106-165	ECO:0000256|SAM:MobiDB-lite	Disordered	region
O61307	1-60	ECO:0000256|SAM:MobiDB-lite	Disordered	region
O61307	103-136	ECO:0000256|SAM:MobiDB-lite	Disordered	region
O61307	2691-2731	ECO:0000256|SAM:MobiDB-lite	Disordered	region
O61307	321-387	ECO:0000256|SAM:MobiDB-lite	Disordered	region
O61345	1-128	ECO:0000256|SAM:MobiDB-lite	Disordered	region
O61345	577-638	ECO:0000256|SAM:MobiDB-lite	Disordered	region
O61366	1045-1090	ECO:0000256|SAM:MobiDB-lite	Disordered	region
O61366	1102-1163	ECO:0000256|SAM:MobiDB-lite	Disordered	region
O61366	1187-1252	ECO:0000256|SAM:MobiDB-lite	Disordered	region
O61366	325-532	ECO:0000256|SAM:MobiDB-lite	Disordered	region
O61366	575-624	ECO:0000256|SAM:MobiDB-lite	Disordered	region
O61366	648-685	ECO:0000256|SAM:MobiDB-lite	Disordered	region
O61366	701-752	ECO:0000256|SAM:MobiDB-lite	Disordered	region
O61366	834-858	ECO:0000256|SAM:MobiDB-lite	Disordered	region
O61613	1-23	ECO:0000256|SAM:MobiDB-lite	Disordered	region
O61613	43-65	ECO:0000256|SAM:MobiDB-lite	Disordered	region
O61643	115-142	ECO:0000256|SAM:MobiDB-lite	Disordered	region
O61643	174-194	ECO:0000256|SAM:MobiDB-lite	Disordered	region
O61643	436-462	ECO:0000256|SAM:MobiDB-lite	Disordered	region
O61661	335-360	ECO:0000256|SAM:MobiDB-lite	Disordered	region
O61734	1-43	ECO:0000256|SAM:MobiDB-lite	Disordered	region
O61734	219-242	ECO:0000256|SAM:MobiDB-lite	Disordered	region
O61735	377-402	ECO:0000256|SAM:MobiDB-lite	Disordered	region
O61735	443-575	ECO:0000256|SAM:MobiDB-lite	Disordered	region
O61735	765-800	ECO:0000256|SAM:MobiDB-lite	Disordered	region
O61735	780-1027		Implicated in the circadian rhythmicity	region
O61735	869-911	ECO:0000256|SAM:MobiDB-lite	Disordered	region
O61735	926-1027	ECO:0000256|SAM:MobiDB-lite	Disordered	region
O62589	155-174	ECO:0000256|SAM:MobiDB-lite	Disordered	region
O76324	221-224	ECO:0000269|PubMed:26082158	Nuclear localization signal; essential for interaction with Bdbt and important for nuclear localization	region
O76324	376-440	ECO:0000256|SAM:MobiDB-lite	Disordered	region
O76460	1-36	ECO:0000256|SAM:MobiDB-lite	Disordered	region
O76460	2-9	ECO:0000269|PubMed:15105430	Required for chromatin remodeling, strand pairing activities and coupling of ATPase activity	region
O76460	745-784	ECO:0000256|SAM:MobiDB-lite	Disordered	region
O76511	1-32	ECO:0000256|SAM:MobiDB-lite	Disordered	region
O76878	311-394	ECO:0000256|SAM:MobiDB-lite	Disordered	region
O76902	215-316	ECO:0000256|SAM:MobiDB-lite	Disordered	region
O76906	1-37	ECO:0000256|SAM:MobiDB-lite	Disordered	region
O76906	323-349	ECO:0000256|SAM:MobiDB-lite	Disordered	region
O76906	407-456	ECO:0000256|SAM:MobiDB-lite	Disordered	region
O76906	71-111	ECO:0000256|SAM:MobiDB-lite	Disordered	region
O76906	822-851	ECO:0000256|SAM:MobiDB-lite	Disordered	region
O76908	172-237	ECO:0000256|SAM:MobiDB-lite	Disordered	region
O76922	1-61	ECO:0000256|SAM:MobiDB-lite	Disordered	region
O76924	1-23	ECO:0000256|SAM:MobiDB-lite	Disordered	region
O76924	149-358	ECO:0000255|PROSITE-ProRule:PRU01221	TRIAD supradomain	region
O77051	1-73	ECO:0000256|SAM:MobiDB-lite	Disordered	region
O77051	137-226	ECO:0000255, ECO:0000305	Dimerization	region
O77086	1013-1038	ECO:0000256|SAM:MobiDB-lite	Disordered	region
O77086	202-271	ECO:0000256|SAM:MobiDB-lite	Disordered	region
O77086	28-85	ECO:0000256|SAM:MobiDB-lite	Disordered	region
O77086	287-316	ECO:0000256|SAM:MobiDB-lite	Disordered	region
O77086	513-580	ECO:0000256|SAM:MobiDB-lite	Disordered	region
O77086	614-646	ECO:0000256|SAM:MobiDB-lite	Disordered	region
O77086	695-719	ECO:0000256|SAM:MobiDB-lite	Disordered	region
O77086	728-747	ECO:0000256|SAM:MobiDB-lite	Disordered	region
O77086	776-868	ECO:0000256|SAM:MobiDB-lite	Disordered	region
O77086	879-898	ECO:0000256|SAM:MobiDB-lite	Disordered	region
O77215	1-73	ECO:0000256|SAM:MobiDB-lite	Disordered	region
O77215	210-247	ECO:0000256|SAM:MobiDB-lite	Disordered	region
O77215	299-333	ECO:0000256|SAM:MobiDB-lite	Disordered	region
O77215	377-500	ECO:0000256|SAM:MobiDB-lite	Disordered	region
O77215	522-557	ECO:0000256|SAM:MobiDB-lite	Disordered	region
O77237	1-21	ECO:0000256|SAM:MobiDB-lite	Disordered	region
O77263	1-25	ECO:0000256|SAM:MobiDB-lite	Disordered	region
O77286	51-87	ECO:0000256|SAM:MobiDB-lite	Disordered	region
O77459	188-276	ECO:0000256|SAM:MobiDB-lite	Disordered	region
O77459	331-365	ECO:0000256|SAM:MobiDB-lite	Disordered	region
O77459	471-491	ECO:0000256|SAM:MobiDB-lite	Disordered	region
O77475	59-91	ECO:0000256|SAM:MobiDB-lite	Disordered	region
O96433	319-782	ECO:0000256|SAM:MobiDB-lite	Disordered	region
O96433	804-936	ECO:0000256|SAM:MobiDB-lite	Disordered	region
O96433	985-1097	ECO:0000256|SAM:MobiDB-lite	Disordered	region
O96533	287-331	ECO:0000256|SAM:MobiDB-lite	Disordered	region
O96533	391-421	ECO:0000256|SAM:MobiDB-lite	Disordered	region
O96553	1-338		Methylenetetrahydrofolate dehydrogenase and cyclohydrolase	region
O96553	339-968		Formyltetrahydrofolate synthetase	region
O96651	371-391	ECO:0000256|SAM:MobiDB-lite	Disordered	region
O96827	90-111	ECO:0000256|SAM:MobiDB-lite	Disordered	region
O96838	1-20	ECO:0000256|SAM:MobiDB-lite	Disordered	region
O96838	1269-1307	ECO:0000256|SAM:MobiDB-lite	Disordered	region
O96838	1399-1465	ECO:0000256|SAM:MobiDB-lite	Disordered	region
O96838	1521-1554	ECO:0000256|SAM:MobiDB-lite	Disordered	region
O96838	1552-1809		Catalytic	region
O96838	274-300	ECO:0000256|SAM:MobiDB-lite	Disordered	region
O96838	399-444	ECO:0000256|SAM:MobiDB-lite	Disordered	region
O96838	84-146	ECO:0000256|SAM:MobiDB-lite	Disordered	region
O96838	856-876	ECO:0000256|SAM:MobiDB-lite	Disordered	region
O97125	606-635	ECO:0000256|SAM:MobiDB-lite	Disordered	region
O97159	1-125	ECO:0000256|SAM:MobiDB-lite	Disordered	region
O97159	1331-1396	ECO:0000256|SAM:MobiDB-lite	Disordered	region
O97159	1536-1715	ECO:0000256|SAM:MobiDB-lite	Disordered	region
O97159	192-348	ECO:0000256|SAM:MobiDB-lite	Disordered	region
O97159	354-373	ECO:0000256|SAM:MobiDB-lite	Disordered	region
O97159	671-712	ECO:0000256|SAM:MobiDB-lite	Disordered	region
O97172	60-99	ECO:0000256|SAM:MobiDB-lite	Disordered	region
O97177	1-30	ECO:0000256|SAM:MobiDB-lite	Disordered	region
O97177	137-164	ECO:0000256|SAM:MobiDB-lite	Disordered	region
O97177	64-86	ECO:0000256|SAM:MobiDB-lite	Disordered	region
O97394	2068-2157	ECO:0000256|SAM:MobiDB-lite	Disordered	region
O97394	2171-2195	ECO:0000256|SAM:MobiDB-lite	Disordered	region
O97420	1-28	ECO:0000256|SAM:MobiDB-lite	Disordered	region
O97420	70-96	ECO:0000256|SAM:MobiDB-lite	Disordered	region
O97477	546-565	ECO:0000256|SAM:MobiDB-lite	Disordered	region
P00522	1-97	ECO:0000256|SAM:MobiDB-lite	Disordered	region
P00522	1012-1154	ECO:0000256|SAM:MobiDB-lite	Disordered	region
P00522	1199-1222	ECO:0000256|SAM:MobiDB-lite	Disordered	region
P00522	1362-1470	ECO:0000256|SAM:MobiDB-lite	Disordered	region
P00522	139-168	ECO:0000256|SAM:MobiDB-lite	Disordered	region
P00522	642-672	ECO:0000256|SAM:MobiDB-lite	Disordered	region
P00522	687-774	ECO:0000256|SAM:MobiDB-lite	Disordered	region
P00522	798-819	ECO:0000256|SAM:MobiDB-lite	Disordered	region
P00522	836-906	ECO:0000256|SAM:MobiDB-lite	Disordered	region
P00522	951-998	ECO:0000256|SAM:MobiDB-lite	Disordered	region
P00967	1153-1353	ECO:0000250|UniProtKB:P21872	GART domain	region
P00967	441-1155	ECO:0000250|UniProtKB:P21872	AIRS domain	region
P02255	1-53	ECO:0000256|SAM:MobiDB-lite	Disordered	region
P02255	108-256	ECO:0000256|SAM:MobiDB-lite	Disordered	region
P02283	1-30	ECO:0000256|SAM:MobiDB-lite	Disordered	region
P02299	1-43	ECO:0000256|SAM:MobiDB-lite	Disordered	region
P02299	6-11		Su(var)205 chromodomain-binding	region
P02515	152-174	ECO:0000256|SAM:MobiDB-lite	Disordered	region
P02516	163-186	ECO:0000256|SAM:MobiDB-lite	Disordered	region
P02517	187-208	ECO:0000256|SAM:MobiDB-lite	Disordered	region
P02518	157-213	ECO:0000256|SAM:MobiDB-lite	Disordered	region
P02825	609-642	ECO:0000256|SAM:MobiDB-lite	Disordered	region
P02828	213-263	ECO:0000256|SAM:MobiDB-lite	Disordered	region
P02828	685-717	ECO:0000256|SAM:MobiDB-lite	Disordered	region
P02833	230-287	ECO:0000256|SAM:MobiDB-lite	Disordered	region
P02833	352-378	ECO:0000256|SAM:MobiDB-lite	Disordered	region
P02833	48-132	ECO:0000256|SAM:MobiDB-lite	Disordered	region
P02835	138-157	ECO:0000256|SAM:MobiDB-lite	Disordered	region
P02835	175-221	ECO:0000256|SAM:MobiDB-lite	Disordered	region
P02835	71-93	ECO:0000256|SAM:MobiDB-lite	Disordered	region
P02836	130-171	ECO:0000256|SAM:MobiDB-lite	Disordered	region
P02836	309-419	ECO:0000256|SAM:MobiDB-lite	Disordered	region
P02836	433-460	ECO:0000256|SAM:MobiDB-lite	Disordered	region
P02836	93-112	ECO:0000256|SAM:MobiDB-lite	Disordered	region
P02840	56-257	ECO:0000256|SAM:MobiDB-lite	Disordered	region
P02843	158-196	ECO:0000256|SAM:MobiDB-lite	Disordered	region
P02843	407-439	ECO:0000256|SAM:MobiDB-lite	Disordered	region
P02844	165-200	ECO:0000256|SAM:MobiDB-lite	Disordered	region
P02844	21-44	ECO:0000256|SAM:MobiDB-lite	Disordered	region
P02844	408-442	ECO:0000256|SAM:MobiDB-lite	Disordered	region
P04052	1528-1565	ECO:0000256|SAM:MobiDB-lite	Disordered	region
P04052	156-178	ECO:0000256|SAM:MobiDB-lite	Disordered	region
P04052	1579-1881		C-terminal domain (CTD); 32 X 7 AA approximate tandem repeats of Y-[ST]-P-[STNVAPGN]-[STGMA]-[PSTR]-[SNAGCQKTLRIMH]	region
P04052	1579-1887	ECO:0000256|SAM:MobiDB-lite	Disordered	region
P04052	825-837		Bridging helix	region
P04146	760-780	ECO:0000256|SAM:MobiDB-lite	Disordered	region
P04146	805-851	ECO:0000256|SAM:MobiDB-lite	Disordered	region
P04197	1-78	ECO:0000256|SAM:MobiDB-lite	Disordered	region
P04197	348-382	ECO:0000256|SAM:MobiDB-lite	Disordered	region
P04197	429-448	ECO:0000256|SAM:MobiDB-lite	Disordered	region
P04282	203-224	ECO:0000256|SAM:MobiDB-lite	Disordered	region
P04282	243-353	ECO:0000256|SAM:MobiDB-lite	Disordered	region
P04282	412-439	ECO:0000256|SAM:MobiDB-lite	Disordered	region
P04412	1232-1297	ECO:0000256|SAM:MobiDB-lite	Disordered	region
P04950	362-383	ECO:0000256|SAM:MobiDB-lite	Disordered	region
P05031	1-28	ECO:0000256|SAM:MobiDB-lite	Disordered	region
P05031	358-384	ECO:0000269|PubMed:20098687	Disordered	region
P05084	172-214	ECO:0000256|SAM:MobiDB-lite	Disordered	region
P05084	30-51	ECO:0000256|SAM:MobiDB-lite	Disordered	region
P05084	365-416	ECO:0000256|SAM:MobiDB-lite	Disordered	region
P05084	513-536	ECO:0000256|SAM:MobiDB-lite	Disordered	region
P05084	603-695	ECO:0000256|SAM:MobiDB-lite	Disordered	region
P05130	1-23	ECO:0000256|SAM:MobiDB-lite	Disordered	region
P05205	1-24	ECO:0000256|SAM:MobiDB-lite	Disordered	region
P05205	47-145	ECO:0000256|SAM:MobiDB-lite	Disordered	region
P05205	95-206		Binds to Su(var)39	region
P05303	14-21	ECO:0000250	G1	region
P05303	153-156	ECO:0000250	G4	region
P05303	194-196	ECO:0000250	G5	region
P05303	70-74	ECO:0000250	G2	region
P05303	91-94	ECO:0000250	G3	region
P05389	66-113	ECO:0000256|SAM:MobiDB-lite	Disordered	region
P05527	1-68	ECO:0000256|SAM:MobiDB-lite	Disordered	region
P05527	305-344	ECO:0000256|SAM:MobiDB-lite	Disordered	region
P05527	364-410	ECO:0000256|SAM:MobiDB-lite	Disordered	region
P05527	426-476	ECO:0000256|SAM:MobiDB-lite	Disordered	region
P05527	80-102	ECO:0000256|SAM:MobiDB-lite	Disordered	region
P05623	20-33	ECO:0000269|PubMed:15694303	Essential for binding to sperm	region
P05623	36-55	ECO:0000269|PubMed:24089336	Sufficient to induce PMR	region
P05661	1822-1862	ECO:0000256|SAM:MobiDB-lite	Disordered	region
P05661	1922-1962	ECO:0000256|SAM:MobiDB-lite	Disordered	region
P05661	656-678	ECO:0000255|PROSITE-ProRule:PRU00782	Actin-binding	region
P05709	406-437		11 X 3 AA repeats of A-A-Q (approximate)	region
P05709	496-537	ECO:0000256|SAM:MobiDB-lite	Disordered	region
P05709	554-584	ECO:0000256|SAM:MobiDB-lite	Disordered	region
P05709	621-655	ECO:0000256|SAM:MobiDB-lite	Disordered	region
P05812	222-284	ECO:0000256|SAM:MobiDB-lite	Disordered	region
P05812	296-408	ECO:0000256|SAM:MobiDB-lite	Disordered	region
P05990	1-369	ECO:0000250|UniProtKB:P08955	GATase (Glutamine amidotransferase)	region
P05990	1471-1484	ECO:0000250|UniProtKB:P08955	Linker	region
P05990	1485-1800	ECO:0000250|UniProtKB:P08955	DHOase (dihydroorotase)	region
P05990	1801-1912	ECO:0000250|UniProtKB:P08955	Linker	region
P05990	1821-1843	ECO:0000256|SAM:MobiDB-lite	Disordered	region
P05990	1913-2224	ECO:0000250|UniProtKB:P08955	ATCase (Aspartate transcarbamylase)	region
P05990	370-415	ECO:0000250|UniProtKB:P08955	Linker	region
P05990	416-1470	ECO:0000250|UniProtKB:P08955	CPSase (Carbamoyl-phosphate synthase)	region
P06002	354-373	ECO:0000256|SAM:MobiDB-lite	Disordered	region
P06601	105-153	ECO:0000255|PROSITE-ProRule:PRU00381	RED subdomain	region
P06601	154-202	ECO:0000256|SAM:MobiDB-lite	Disordered	region
P06601	30-86	ECO:0000255|PROSITE-ProRule:PRU00381	PAI subdomain	region
P06601	403-461	ECO:0000256|SAM:MobiDB-lite	Disordered	region
P06601	534-584	ECO:0000256|SAM:MobiDB-lite	Disordered	region
P06602	1-22	ECO:0000256|SAM:MobiDB-lite	Disordered	region
P06602	229-248	ECO:0000256|SAM:MobiDB-lite	Disordered	region
P06602	281-376	ECO:0000256|SAM:MobiDB-lite	Disordered	region
P06602	34-67	ECO:0000256|SAM:MobiDB-lite	Disordered	region
P06607	401-420	ECO:0000256|SAM:MobiDB-lite	Disordered	region
P06754	160-179	ECO:0000256|SAM:MobiDB-lite	Disordered	region
P07182	240-284	ECO:0000256|SAM:MobiDB-lite	Disordered	region
P07183	196-244	ECO:0000256|SAM:MobiDB-lite	Disordered	region
P07183	279-306	ECO:0000256|SAM:MobiDB-lite	Disordered	region
P07183	86-108	ECO:0000256|SAM:MobiDB-lite	Disordered	region
P07207	1810-1850	ECO:0000256|SAM:MobiDB-lite	Disordered	region
P07207	2172-2257	ECO:0000256|SAM:MobiDB-lite	Disordered	region
P07207	2325-2328		Interaction with Nedd4	region
P07207	2399-2452	ECO:0000256|SAM:MobiDB-lite	Disordered	region
P07207	2488-2524	ECO:0000256|SAM:MobiDB-lite	Disordered	region
P07207	2579-2620	ECO:0000256|SAM:MobiDB-lite	Disordered	region
P07207	2632-2703	ECO:0000256|SAM:MobiDB-lite	Disordered	region
P07247	115-164	ECO:0000256|SAM:MobiDB-lite	Disordered	region
P07247	178-202	ECO:0000256|SAM:MobiDB-lite	Disordered	region
P07247	399-427	ECO:0000256|SAM:MobiDB-lite	Disordered	region
P07247	445-502	ECO:0000256|SAM:MobiDB-lite	Disordered	region
P07548	225-255	ECO:0000256|SAM:MobiDB-lite	Disordered	region
P07548	309-331	ECO:0000256|SAM:MobiDB-lite	Disordered	region
P07548	424-479	ECO:0000256|SAM:MobiDB-lite	Disordered	region
P07548	492-565	ECO:0000256|SAM:MobiDB-lite	Disordered	region
P07548	90-150	ECO:0000256|SAM:MobiDB-lite	Disordered	region
P07663	1-175	ECO:0000256|SAM:MobiDB-lite	Disordered	region
P07663	1094-1224	ECO:0000256|SAM:MobiDB-lite	Disordered	region
P07663	632-764	ECO:0000256|SAM:MobiDB-lite	Disordered	region
P07663	694-754		30 X 2 AA approximate tandem repeats of G-[TN]	region
P07663	749-868		Regulates the rhythm of species-specific courtship song	region
P07663	788-807	ECO:0000256|SAM:MobiDB-lite	Disordered	region
P07663	874-927	ECO:0000256|SAM:MobiDB-lite	Disordered	region
P07663	978-1008	ECO:0000256|SAM:MobiDB-lite	Disordered	region
P07664	141-162	ECO:0000256|SAM:MobiDB-lite	Disordered	region
P07713	454-484	ECO:0000256|SAM:MobiDB-lite	Disordered	region
P07713	74-169	ECO:0000256|SAM:MobiDB-lite	Disordered	region
P07909	1-24	ECO:0000256|SAM:MobiDB-lite	Disordered	region
P07909	191-261	ECO:0000256|SAM:MobiDB-lite	Disordered	region
P07909	276-365	ECO:0000256|SAM:MobiDB-lite	Disordered	region
P08044	1-20	ECO:0000250	SNAG domain	region
P08044	162-191	ECO:0000256|SAM:MobiDB-lite	Disordered	region
P08044	29-65	ECO:0000256|SAM:MobiDB-lite	Disordered	region
P08099	359-381	ECO:0000256|SAM:MobiDB-lite	Disordered	region
P08111	1141-1161	ECO:0000256|SAM:MobiDB-lite	Disordered	region
P08111	15-86	ECO:0000269|PubMed:26481050	Phospho-regulated basic and hydrophobic (PRBH) motif	region
P08120	1200-1285	ECO:0000256|SAM:MobiDB-lite	Disordered	region
P08120	1336-1530	ECO:0000256|SAM:MobiDB-lite	Disordered	region
P08120	655-1187	ECO:0000256|SAM:MobiDB-lite	Disordered	region
P08120	89-643	ECO:0000256|SAM:MobiDB-lite	Disordered	region
P08120	?-1545		Triple-helical region	region
P08155	141-164	ECO:0000256|SAM:MobiDB-lite	Disordered	region
P08155	469-610	ECO:0000256|SAM:MobiDB-lite	Disordered	region
P08155	757-845	ECO:0000256|SAM:MobiDB-lite	Disordered	region
P08182	213-235	ECO:0000256|SAM:MobiDB-lite	Disordered	region
P08510	1-188	ECO:0000250|UniProtKB:P10499	Tetramerization domain	region
P08510	1-87	ECO:0000256|SAM:MobiDB-lite	Disordered	region
P08510	380-393	ECO:0000250|UniProtKB:P63142	S4-S5 linker	region
P08510	515-548	ECO:0000256|SAM:MobiDB-lite	Disordered	region
P08570	80-112	ECO:0000256|SAM:MobiDB-lite	Disordered	region
P08630	1-23	ECO:0000256|SAM:MobiDB-lite	Disordered	region
P08630	226-301	ECO:0000256|SAM:MobiDB-lite	Disordered	region
P08736	14-21	ECO:0000250	G1	region
P08736	153-156	ECO:0000250	G4	region
P08736	194-196	ECO:0000250	G5	region
P08736	70-74	ECO:0000250	G2	region
P08736	91-94	ECO:0000250	G3	region
P08841	435-454	ECO:0000256|SAM:MobiDB-lite	Disordered	region
P08928	1-50	ECO:0000256|SAM:MobiDB-lite	Disordered	region
P08928	122-226	ECO:0000255	Coil 1B	region
P08928	2-57	ECO:0000305	Head	region
P08928	22-28	ECO:0000269|PubMed:8537453	Epitope for antibody ADL84 when not phosphorylated on Ser-25	region
P08928	227-264	ECO:0000305	Linker 2	region
P08928	265-388	ECO:0000255	Coil 2	region
P08928	389-619	ECO:0000305	Tail	region
P08928	425-622	ECO:0000269|PubMed:10077600	Chromatin binding	region
P08928	429-448	ECO:0000256|SAM:MobiDB-lite	Disordered	region
P08928	58-92	ECO:0000255	Coil 1A	region
P08928	603-622	ECO:0000256|SAM:MobiDB-lite	Disordered	region
P08928	93-121	ECO:0000305	Linker 1	region
P08970	1-97	ECO:0000256|SAM:MobiDB-lite	Disordered	region
P08970	176-211	ECO:0000256|SAM:MobiDB-lite	Disordered	region
P08970	760-860		Interaction with mod(mdg4)	region
P08970	864-941	ECO:0000256|SAM:MobiDB-lite	Disordered	region
P08985	1-20	ECO:0000256|SAM:MobiDB-lite	Disordered	region
P08985	93-103		Essential for function in development	region
P09052	1-186	ECO:0000256|SAM:MobiDB-lite	Disordered	region
P09052	184-203		Required for posterior localization in oocyte	region
P09052	93-127		5 X 7 AA tandem repeats of [FS]-R-G-G-[EQ]-G-G	region
P09077	169-220	ECO:0000256|SAM:MobiDB-lite	Disordered	region
P09077	24-67	ECO:0000256|SAM:MobiDB-lite	Disordered	region
P09077	256-304	ECO:0000256|SAM:MobiDB-lite	Disordered	region
P09081	1-49	ECO:0000256|SAM:MobiDB-lite	Disordered	region
P09081	149-210	ECO:0000256|SAM:MobiDB-lite	Disordered	region
P09081	263-293	ECO:0000256|SAM:MobiDB-lite	Disordered	region
P09081	433-440	ECO:0000305|PubMed:11455422	RNA-binding	region
P09082	142-192	ECO:0000256|SAM:MobiDB-lite	Disordered	region
P09082	22-78	ECO:0000255|PROSITE-ProRule:PRU00381	PAI subdomain	region
P09082	248-267	ECO:0000256|SAM:MobiDB-lite	Disordered	region
P09082	300-336	ECO:0000256|SAM:MobiDB-lite	Disordered	region
P09082	97-145	ECO:0000255|PROSITE-ProRule:PRU00381	RED subdomain	region
P09083	127-187	ECO:0000256|SAM:MobiDB-lite	Disordered	region
P09083	23-79	ECO:0000255|PROSITE-ProRule:PRU00381	PAI subdomain	region
P09083	294-321	ECO:0000256|SAM:MobiDB-lite	Disordered	region
P09083	98-143	ECO:0000255|PROSITE-ProRule:PRU00381	RED subdomain	region
P09085	104-273	ECO:0000256|SAM:MobiDB-lite	Disordered	region
P09087	1-199	ECO:0000256|SAM:MobiDB-lite	Disordered	region
P09087	322-360	ECO:0000256|SAM:MobiDB-lite	Disordered	region
P09087	438-475	ECO:0000256|SAM:MobiDB-lite	Disordered	region
P09089	148-170	ECO:0000256|SAM:MobiDB-lite	Disordered	region
P09089	202-223	ECO:0000256|SAM:MobiDB-lite	Disordered	region
P09089	242-267	ECO:0000256|SAM:MobiDB-lite	Disordered	region
P09089	48-92	ECO:0000256|SAM:MobiDB-lite	Disordered	region
P09208	1053-1084	ECO:0000256|SAM:MobiDB-lite	Disordered	region
P09208	1351-1354	ECO:0000250	Chico-binding	region
P09208	1690-1724	ECO:0000256|SAM:MobiDB-lite	Disordered	region
P09208	174-200	ECO:0000256|SAM:MobiDB-lite	Disordered	region
P09208	1788-1871	ECO:0000256|SAM:MobiDB-lite	Disordered	region
P09208	1886-1962	ECO:0000256|SAM:MobiDB-lite	Disordered	region
P09208	2020-2144	ECO:0000256|SAM:MobiDB-lite	Disordered	region
P09208	229-256	ECO:0000256|SAM:MobiDB-lite	Disordered	region
P09491	82-110	ECO:0000256|SAM:MobiDB-lite	Disordered	region
P09615	333-362	ECO:0000256|SAM:MobiDB-lite	Disordered	region
P09615	83-106		Binds porcupine	region
P09774	161-221	ECO:0000256|SAM:MobiDB-lite	Disordered	region
P09775	1-26	ECO:0000256|SAM:MobiDB-lite	Disordered	region
P09775	75-158	ECO:0000256|SAM:MobiDB-lite	Disordered	region
P09956	1-53	ECO:0000256|SAM:MobiDB-lite	Disordered	region
P09956	151-174	ECO:0000256|SAM:MobiDB-lite	Disordered	region
P09956	2-47		Hydrophobic	region
P09957	443-463	ECO:0000256|SAM:MobiDB-lite	Disordered	region
P10035	190-223	ECO:0000256|SAM:MobiDB-lite	Disordered	region
P10035	259-296	ECO:0000256|SAM:MobiDB-lite	Disordered	region
P10035	354-418	ECO:0000256|SAM:MobiDB-lite	Disordered	region
P10040	1-28	ECO:0000256|SAM:MobiDB-lite	Disordered	region
P10041	743-773	ECO:0000256|SAM:MobiDB-lite	Disordered	region
P10083	1-32	ECO:0000256|SAM:MobiDB-lite	Disordered	region
P10084	78-109	ECO:0000256|SAM:MobiDB-lite	Disordered	region
P10090	1-30	ECO:0000256|SAM:MobiDB-lite	Disordered	region
P10105	1-25	ECO:0000256|SAM:MobiDB-lite	Disordered	region
P10105	127-153	ECO:0000256|SAM:MobiDB-lite	Disordered	region
P10105	287-389	ECO:0000256|SAM:MobiDB-lite	Disordered	region
P10105	39-113	ECO:0000256|SAM:MobiDB-lite	Disordered	region
P10105	584-635	ECO:0000256|SAM:MobiDB-lite	Disordered	region
P10180	1001-1083	ECO:0000256|SAM:MobiDB-lite	Disordered	region
P10180	1197-1289	ECO:0000256|SAM:MobiDB-lite	Disordered	region
P10180	139-170	ECO:0000256|SAM:MobiDB-lite	Disordered	region
P10180	1507-1588	ECO:0000256|SAM:MobiDB-lite	Disordered	region
P10180	1695-1747	ECO:0000256|SAM:MobiDB-lite	Disordered	region
P10180	1803-1826	ECO:0000256|SAM:MobiDB-lite	Disordered	region
P10180	1922-1955	ECO:0000256|SAM:MobiDB-lite	Disordered	region
P10180	2069-2097	ECO:0000256|SAM:MobiDB-lite	Disordered	region
P10180	2113-2175	ECO:0000256|SAM:MobiDB-lite	Disordered	region
P10180	249-432	ECO:0000256|SAM:MobiDB-lite	Disordered	region
P10180	503-600	ECO:0000256|SAM:MobiDB-lite	Disordered	region
P10180	656-765	ECO:0000256|SAM:MobiDB-lite	Disordered	region
P10181	1-23	ECO:0000256|SAM:MobiDB-lite	Disordered	region
P10181	111-137	ECO:0000256|SAM:MobiDB-lite	Disordered	region
P10181	324-350	ECO:0000256|SAM:MobiDB-lite	Disordered	region
P10181	70-91	ECO:0000256|SAM:MobiDB-lite	Disordered	region
P10333	1-138	ECO:0000269|PubMed:15640356	Sufficient for promoting ovulation when expressed in females	region
P10333	189-219	ECO:0000256|SAM:MobiDB-lite	Disordered	region
P10333	219-264	ECO:0000269|PubMed:17130459, ECO:0000269|PubMed:20138215	Necessary and sufficient for homodimerization	region
P10379	380-453	ECO:0000256|SAM:MobiDB-lite	Disordered	region
P10383	1-20	ECO:0000256|SAM:MobiDB-lite	Disordered	region
P10383	396-853	ECO:0000305|PubMed:30879902	LC domain	region
P10383	460-531	ECO:0000256|SAM:MobiDB-lite	Disordered	region
P10383	681-704	ECO:0000256|SAM:MobiDB-lite	Disordered	region
P10383	732-794	ECO:0000256|SAM:MobiDB-lite	Disordered	region
P10383	817-853	ECO:0000256|SAM:MobiDB-lite	Disordered	region
P10405	298-407	ECO:0000256|SAM:MobiDB-lite	Disordered	region
P10405	419-451	ECO:0000256|SAM:MobiDB-lite	Disordered	region
P10552	283-347	ECO:0000256|SAM:MobiDB-lite	Disordered	region
P10627	244-264	ECO:0000256|SAM:MobiDB-lite	Disordered	region
P10627	330-361	ECO:0000256|SAM:MobiDB-lite	Disordered	region
P10627	48-72	ECO:0000256|SAM:MobiDB-lite	Disordered	region
P10627	96-165	ECO:0000256|SAM:MobiDB-lite	Disordered	region
P10676	1043-1271	ECO:0000269|PubMed:25822849	Interaction with rtp	region
P10676	1066-1501		Non alpha-helical, C-terminal domain	region
P10676	1308-1364	ECO:0000256|SAM:MobiDB-lite	Disordered	region
P10676	1390-1473	ECO:0000256|SAM:MobiDB-lite	Disordered	region
P10676	913-934	ECO:0000250	Actin-binding	region
P10734	112-148	ECO:0000256|SAM:MobiDB-lite	Disordered	region
P10734	223-250	ECO:0000256|SAM:MobiDB-lite	Disordered	region
P10734	338-357	ECO:0000256|SAM:MobiDB-lite	Disordered	region
P10734	375-397	ECO:0000256|SAM:MobiDB-lite	Disordered	region
P11046	1189-1405		Domain II	region
P11046	1406-1432		Domain alpha	region
P11046	1433-1788		Domain I	region
P11046	1690-1719	ECO:0000256|SAM:MobiDB-lite	Disordered	region
P11046	23-43	ECO:0000256|SAM:MobiDB-lite	Disordered	region
P11146	610-633	ECO:0000256|SAM:MobiDB-lite	Disordered	region
P11147	621-651	ECO:0000256|SAM:MobiDB-lite	Disordered	region
P11346	301-352	ECO:0000256|SAM:MobiDB-lite	Disordered	region
P11346	371-410	ECO:0000256|SAM:MobiDB-lite	Disordered	region
P11420	167-263	ECO:0000256|SAM:MobiDB-lite	Disordered	region
P11420	294-335	ECO:0000256|SAM:MobiDB-lite	Disordered	region
P11420	464-546	ECO:0000256|SAM:MobiDB-lite	Disordered	region
P11420	609-632		Class A specific domain	region
P11420	645-710	ECO:0000256|SAM:MobiDB-lite	Disordered	region
P11449	23-48	ECO:0000256|SAM:MobiDB-lite	Disordered	region
P11450	103-156	ECO:0000256|SAM:MobiDB-lite	Disordered	region
P11536	19-207	ECO:0000256|SAM:MobiDB-lite	Disordered	region
P11536	223-264	ECO:0000256|SAM:MobiDB-lite	Disordered	region
P11536	299-321	ECO:0000256|SAM:MobiDB-lite	Disordered	region
P11536	355-383	ECO:0000256|SAM:MobiDB-lite	Disordered	region
P11536	407-437	ECO:0000256|SAM:MobiDB-lite	Disordered	region
P11536	450-497	ECO:0000256|SAM:MobiDB-lite	Disordered	region
P11536	562-587	ECO:0000256|SAM:MobiDB-lite	Disordered	region
P11536	612-695	ECO:0000256|SAM:MobiDB-lite	Disordered	region
P11596	1-136	ECO:0000256|SAM:MobiDB-lite	Disordered	region
P11596	158-197	ECO:0000256|SAM:MobiDB-lite	Disordered	region
P11929	1-361	ECO:0000269|PubMed:27422905	Sufficient for binding to microtubules	region
P11929	100-216	ECO:0000256|SAM:MobiDB-lite	Disordered	region
P11929	456-483	ECO:0000256|SAM:MobiDB-lite	Disordered	region
P11929	487-526	ECO:0000269|PubMed:30626718	Sufficient for interaction with ens	region
P11929	525-602	ECO:0000256|SAM:MobiDB-lite	Disordered	region
P11929	616-639	ECO:0000256|SAM:MobiDB-lite	Disordered	region
P11929	799-919	ECO:0000256|SAM:MobiDB-lite	Disordered	region
P12080	1159-1246	ECO:0000256|SAM:MobiDB-lite	Disordered	region
P12080	1377-1396	ECO:0000256|SAM:MobiDB-lite	Disordered	region
P12080	960-1107	ECO:0000256|SAM:MobiDB-lite	Disordered	region
P12252	1-91	ECO:0000256|SAM:MobiDB-lite	Disordered	region
P12252	1007-1070	ECO:0000256|SAM:MobiDB-lite	Disordered	region
P12252	166-215	ECO:0000256|SAM:MobiDB-lite	Disordered	region
P12252	487-516	ECO:0000256|SAM:MobiDB-lite	Disordered	region
P12252	615-653	ECO:0000256|SAM:MobiDB-lite	Disordered	region
P12258	514-560	ECO:0000256|SAM:MobiDB-lite	Disordered	region
P12258	521-550		10 X 3 AA tandem repeats of T-P-E	region
P12297	290-322	ECO:0000256|SAM:MobiDB-lite	Disordered	region
P12297	360-430	ECO:0000256|SAM:MobiDB-lite	Disordered	region
P12297	445-470	ECO:0000256|SAM:MobiDB-lite	Disordered	region
P12297	593-613	ECO:0000256|SAM:MobiDB-lite	Disordered	region
P12297	634-662	ECO:0000256|SAM:MobiDB-lite	Disordered	region
P12297	716-963	ECO:0000256|SAM:MobiDB-lite	Disordered	region
P12428	229-249	ECO:0000256|SAM:MobiDB-lite	Disordered	region
P12881	235-279	ECO:0000256|SAM:MobiDB-lite	Disordered	region
P13002	439-598	ECO:0000256|SAM:MobiDB-lite	Disordered	region
P13002	52-93	ECO:0000256|SAM:MobiDB-lite	Disordered	region
P13002	617-655	ECO:0000256|SAM:MobiDB-lite	Disordered	region
P13002	727-784	ECO:0000256|SAM:MobiDB-lite	Disordered	region
P13002	853-885	ECO:0000256|SAM:MobiDB-lite	Disordered	region
P13008	87-114	ECO:0000256|SAM:MobiDB-lite	Disordered	region
P13054	111-142	ECO:0000256|SAM:MobiDB-lite	Disordered	region
P13054	196-274	ECO:0000256|SAM:MobiDB-lite	Disordered	region
P13054	340-383	ECO:0000256|SAM:MobiDB-lite	Disordered	region
P13054	402-600	ECO:0000256|SAM:MobiDB-lite	Disordered	region
P13055	1-96	ECO:0000256|SAM:MobiDB-lite	Disordered	region
P13055	1044-1064	ECO:0000256|SAM:MobiDB-lite	Disordered	region
P13055	110-204	ECO:0000256|SAM:MobiDB-lite	Disordered	region
P13055	1108-1174	ECO:0000256|SAM:MobiDB-lite	Disordered	region
P13055	1204-1317	ECO:0000256|SAM:MobiDB-lite	Disordered	region
P13055	1368-1401	ECO:0000256|SAM:MobiDB-lite	Disordered	region
P13055	258-298	ECO:0000256|SAM:MobiDB-lite	Disordered	region
P13055	321-448	ECO:0000256|SAM:MobiDB-lite	Disordered	region
P13055	837-878	ECO:0000256|SAM:MobiDB-lite	Disordered	region
P13055	984-1021	ECO:0000256|SAM:MobiDB-lite	Disordered	region
P13096	135-178	ECO:0000256|SAM:MobiDB-lite	Disordered	region
P13098	146-179	ECO:0000256|SAM:MobiDB-lite	Disordered	region
P13217	1000-1030	ECO:0000256|SAM:MobiDB-lite	Disordered	region
P13217	487-529	ECO:0000256|SAM:MobiDB-lite	Disordered	region
P13217	842-863	ECO:0000256|SAM:MobiDB-lite	Disordered	region
P13238	43-46	ECO:0000269|PubMed:15136154	Essential for N-terminal propeptide removal. Potential serine protease cleavage site	region
P13238	52-119	ECO:0000305|PubMed:20832396	8 X 8 AA approximate repeats of P-[AS]-Y-S-A-P-A-[AS]	region
P13360	111-139	ECO:0000256|SAM:MobiDB-lite	Disordered	region
P13360	199-237	ECO:0000256|SAM:MobiDB-lite	Disordered	region
P13360	359-400	ECO:0000256|SAM:MobiDB-lite	Disordered	region
P13360	414-434	ECO:0000256|SAM:MobiDB-lite	Disordered	region
P13360	566-604	ECO:0000256|SAM:MobiDB-lite	Disordered	region
P13368	1-25	ECO:0000256|SAM:MobiDB-lite	Disordered	region
P13368	181-208	ECO:0000256|SAM:MobiDB-lite	Disordered	region
P13368	2515-2534	ECO:0000256|SAM:MobiDB-lite	Disordered	region
P13368	51-75	ECO:0000256|SAM:MobiDB-lite	Disordered	region
P13468	1-304	ECO:0000256|SAM:MobiDB-lite	Disordered	region
P13468	426-463	ECO:0000256|SAM:MobiDB-lite	Disordered	region
P13468	87-142		7 X approximate tandem repeats	region
P13469	1-166	ECO:0000256|SAM:MobiDB-lite	Disordered	region
P13469	505-542	ECO:0000256|SAM:MobiDB-lite	Disordered	region
P13496	1082-1106	ECO:0000256|SAM:MobiDB-lite	Disordered	region
P13496	81-179	ECO:0000256|SAM:MobiDB-lite	Disordered	region
P13709	1016-1139	ECO:0000256|SAM:MobiDB-lite	Disordered	region
P13709	1217-1260	ECO:0000256|SAM:MobiDB-lite	Disordered	region
P13709	1384-1416	ECO:0000256|SAM:MobiDB-lite	Disordered	region
P13709	145-284	ECO:0000256|SAM:MobiDB-lite	Disordered	region
P13709	1502-1530	ECO:0000256|SAM:MobiDB-lite	Disordered	region
P13709	1580-1616	ECO:0000256|SAM:MobiDB-lite	Disordered	region
P13709	1645-1728	ECO:0000256|SAM:MobiDB-lite	Disordered	region
P13709	1745-1918	ECO:0000256|SAM:MobiDB-lite	Disordered	region
P13709	1957-2023	ECO:0000256|SAM:MobiDB-lite	Disordered	region
P13709	396-432	ECO:0000256|SAM:MobiDB-lite	Disordered	region
P13709	590-655	ECO:0000256|SAM:MobiDB-lite	Disordered	region
P13709	677-735	ECO:0000256|SAM:MobiDB-lite	Disordered	region
P13709	832-858	ECO:0000256|SAM:MobiDB-lite	Disordered	region
P13709	891-956	ECO:0000256|SAM:MobiDB-lite	Disordered	region
P14003	146-178	ECO:0000256|SAM:MobiDB-lite	Disordered	region
P14003	259-311	ECO:0000256|SAM:MobiDB-lite	Disordered	region
P14003	29-48	ECO:0000269|PubMed:14871887	Interaction with Topors	region
P14083	290-342	ECO:0000256|SAM:MobiDB-lite	Disordered	region
P14083	355-501	ECO:0000256|SAM:MobiDB-lite	Disordered	region
P14083	54-109	ECO:0000256|SAM:MobiDB-lite	Disordered	region
P14083	632-655	ECO:0000256|SAM:MobiDB-lite	Disordered	region
P14083	686-719	ECO:0000256|SAM:MobiDB-lite	Disordered	region
P14083	758-791	ECO:0000256|SAM:MobiDB-lite	Disordered	region
P14083	851-947	ECO:0000256|SAM:MobiDB-lite	Disordered	region
P14083	998-1046	ECO:0000256|SAM:MobiDB-lite	Disordered	region
P14199	184-224	ECO:0000256|SAM:MobiDB-lite	Disordered	region
P14199	245-319	ECO:0000256|SAM:MobiDB-lite	Disordered	region
P14199	352-453	ECO:0000256|SAM:MobiDB-lite	Disordered	region
P14199	386-413		3 X 8 AA repeats of S-A-N-Q-S-X-X-P	region
P14199	507-545	ECO:0000256|SAM:MobiDB-lite	Disordered	region
P14199	95-115	ECO:0000256|SAM:MobiDB-lite	Disordered	region
P14484	147-184	ECO:0000256|SAM:MobiDB-lite	Disordered	region
P14599	141-199	ECO:0000255|PROSITE-ProRule:PRU01217	CuBD subdomain	region
P14599	225-365	ECO:0000256|SAM:MobiDB-lite	Disordered	region
P14599	30-133	ECO:0000255|PROSITE-ProRule:PRU01217	GFLD subdomain	region
P14599	377-396	ECO:0000256|SAM:MobiDB-lite	Disordered	region
P14599	675-743	ECO:0000256|SAM:MobiDB-lite	Disordered	region
P14734	1-62	ECO:0000256|SAM:MobiDB-lite	Disordered	region
P14734	175-205	ECO:0000256|SAM:MobiDB-lite	Disordered	region
P14734	309-359	ECO:0000256|SAM:MobiDB-lite	Disordered	region
P14773	385-498		Linker	region
P14773	499-829		Catalytic	region
P14773	62-85	ECO:0000256|SAM:MobiDB-lite	Disordered	region
P14785	1-21	ECO:0000256|SAM:MobiDB-lite	Disordered	region
P15215	1050-1609		Domain II and I	region
P15278	381-439	ECO:0000256|SAM:MobiDB-lite	Disordered	region
P15330	1-44	ECO:0000256|SAM:MobiDB-lite	Disordered	region
P15330	389-424	ECO:0000256|SAM:MobiDB-lite	Disordered	region
P15330	670-851	ECO:0000256|SAM:MobiDB-lite	Disordered	region
P15348	1079-1110	ECO:0000256|SAM:MobiDB-lite	Disordered	region
P15348	1183-1231	ECO:0000256|SAM:MobiDB-lite	Disordered	region
P15348	1246-1447	ECO:0000256|SAM:MobiDB-lite	Disordered	region
P15348	323-325	ECO:0000250|UniProtKB:P11388	Interaction with DNA	region
P15348	972-981	ECO:0000250|UniProtKB:P11388	Interaction with DNA	region
P15370	126-149	ECO:0000256|SAM:MobiDB-lite	Disordered	region
P15370	179-251	ECO:0000256|SAM:MobiDB-lite	Disordered	region
P15370	323-343	ECO:0000256|SAM:MobiDB-lite	Disordered	region
P15619	1-32	ECO:0000256|SAM:MobiDB-lite	Disordered	region
P15619	134-165	ECO:0000256|SAM:MobiDB-lite	Disordered	region
P15619	554-573	ECO:0000256|SAM:MobiDB-lite	Disordered	region
P15619	617-652	ECO:0000256|SAM:MobiDB-lite	Disordered	region
P16163	1-32	ECO:0000256|SAM:MobiDB-lite	Disordered	region
P16241	196-217	ECO:0000256|SAM:MobiDB-lite	Disordered	region
P16241	288-309	ECO:0000256|SAM:MobiDB-lite	Disordered	region
P16241	39-77	ECO:0000256|SAM:MobiDB-lite	Disordered	region
P16241	390-427	ECO:0000256|SAM:MobiDB-lite	Disordered	region
P16320	716-749	ECO:0000256|SAM:MobiDB-lite	Disordered	region
P16371	144-411	ECO:0000256|SAM:MobiDB-lite	Disordered	region
P16371	206-267		CCN domain	region
P16371	262-425		Binding to basic helix-loop-helix domain	region
P16375	38-191	ECO:0000256|SAM:MobiDB-lite	Disordered	region
P16376	38-191	ECO:0000256|SAM:MobiDB-lite	Disordered	region
P16376	579-645	ECO:0000256|SAM:MobiDB-lite	Disordered	region
P16378	174-182	ECO:0000255|PROSITE-ProRule:PRU01230	G2 motif	region
P16378	197-206	ECO:0000255|PROSITE-ProRule:PRU01230	G3 motif	region
P16378	266-273	ECO:0000255|PROSITE-ProRule:PRU01230	G4 motif	region
P16378	324-329	ECO:0000255|PROSITE-ProRule:PRU01230	G5 motif	region
P16378	35-48	ECO:0000255|PROSITE-ProRule:PRU01230	G1 motif	region
P16395	27-47	ECO:0000256|SAM:MobiDB-lite	Disordered	region
P16395	302-322	ECO:0000256|SAM:MobiDB-lite	Disordered	region
P16395	340-359	ECO:0000256|SAM:MobiDB-lite	Disordered	region
P16395	507-530	ECO:0000256|SAM:MobiDB-lite	Disordered	region
P16423	173-195	ECO:0000256|SAM:MobiDB-lite	Disordered	region
P16424	13-57	ECO:0000256|SAM:MobiDB-lite	Disordered	region
P16424	438-457		Gag-like cysteine motif	region
P16425	955-971		Gag-like cysteine motif	region
P16554	1-71	ECO:0000256|SAM:MobiDB-lite	Disordered	region
P16554	15-86	ECO:0000269|PubMed:26481050	Phospho-regulated basic and hydrophobic (PRBH) motif	region
P16554	519-556	ECO:0000256|SAM:MobiDB-lite	Disordered	region
P16568	699-722		Interaction with Rab6	region
P16568	744-782	ECO:0000256|SAM:MobiDB-lite	Disordered	region
P16621	1346-1369	ECO:0000256|SAM:MobiDB-lite	Disordered	region
P16905	1-131		Dimerization and phosphorylation	region
P16905	72-93	ECO:0000256|SAM:MobiDB-lite	Disordered	region
P16909	140-215	ECO:0000256|SAM:MobiDB-lite	Disordered	region
P16912	51-75	ECO:0000256|SAM:MobiDB-lite	Disordered	region
P16912	98-264	ECO:0000256|SAM:MobiDB-lite	Disordered	region
P16914	120-146	ECO:0000256|SAM:MobiDB-lite	Disordered	region
P17133	188-448	ECO:0000256|SAM:MobiDB-lite	Disordered	region
P17133	405-425		Mediates binding to Psi	region
P17133	91-201	ECO:0000250|UniProtKB:P08621	Required for interaction with U1 RNA	region
P17210	180-321		Microtubule-binding	region
P17210	810-891		Necessary for associating with milt	region
P17210	932-975		Globular	region
P17671	1155-1188	ECO:0000256|SAM:MobiDB-lite	Disordered	region
P17671	130-182	ECO:0000256|SAM:MobiDB-lite	Disordered	region
P17671	624-665	ECO:0000256|SAM:MobiDB-lite	Disordered	region
P17671	771-808	ECO:0000256|SAM:MobiDB-lite	Disordered	region
P17671	831-851	ECO:0000256|SAM:MobiDB-lite	Disordered	region
P17671	895-961	ECO:0000256|SAM:MobiDB-lite	Disordered	region
P17671	991-1104	ECO:0000256|SAM:MobiDB-lite	Disordered	region
P17672	1051-1117	ECO:0000256|SAM:MobiDB-lite	Disordered	region
P17672	1147-1260	ECO:0000256|SAM:MobiDB-lite	Disordered	region
P17672	126-228	ECO:0000256|SAM:MobiDB-lite	Disordered	region
P17672	1312-1344	ECO:0000256|SAM:MobiDB-lite	Disordered	region
P17672	248-268	ECO:0000256|SAM:MobiDB-lite	Disordered	region
P17672	308-344	ECO:0000256|SAM:MobiDB-lite	Disordered	region
P17672	60-91	ECO:0000256|SAM:MobiDB-lite	Disordered	region
P17672	780-821	ECO:0000256|SAM:MobiDB-lite	Disordered	region
P17672	927-964	ECO:0000256|SAM:MobiDB-lite	Disordered	region
P17672	987-1007	ECO:0000256|SAM:MobiDB-lite	Disordered	region
P17789	118-148	ECO:0000256|SAM:MobiDB-lite	Disordered	region
P17789	171-300	ECO:0000256|SAM:MobiDB-lite	Disordered	region
P17789	584-643	ECO:0000256|SAM:MobiDB-lite	Disordered	region
P17886	670-702	ECO:0000256|SAM:MobiDB-lite	Disordered	region
P17970	1-42	ECO:0000256|SAM:MobiDB-lite	Disordered	region
P17970	160-192	ECO:0000256|SAM:MobiDB-lite	Disordered	region
P17970	230-260	ECO:0000256|SAM:MobiDB-lite	Disordered	region
P17970	721-775	ECO:0000256|SAM:MobiDB-lite	Disordered	region
P17970	789-813	ECO:0000256|SAM:MobiDB-lite	Disordered	region
P17970	886-916	ECO:0000256|SAM:MobiDB-lite	Disordered	region
P17971	474-489	ECO:0000250	Mediates dendritic targeting	region
P17971	500-520	ECO:0000256|SAM:MobiDB-lite	Disordered	region
P17972	431-498	ECO:0000256|SAM:MobiDB-lite	Disordered	region
P18091	1-250		Actin-binding	region
P18102	342-371	ECO:0000256|SAM:MobiDB-lite	Disordered	region
P18105	423-450	ECO:0000256|SAM:MobiDB-lite	Disordered	region
P18106	453-506	ECO:0000256|SAM:MobiDB-lite	Disordered	region
P18106	586-605	ECO:0000256|SAM:MobiDB-lite	Disordered	region
P18106	659-700	ECO:0000256|SAM:MobiDB-lite	Disordered	region
P18106	735-780	ECO:0000256|SAM:MobiDB-lite	Disordered	region
P18106	875-928	ECO:0000256|SAM:MobiDB-lite	Disordered	region
P18168	1-44	ECO:0000256|SAM:MobiDB-lite	Disordered	region
P18168	1267-1287	ECO:0000256|SAM:MobiDB-lite	Disordered	region
P18168	1360-1404	ECO:0000256|SAM:MobiDB-lite	Disordered	region
P18168	417-436	ECO:0000256|SAM:MobiDB-lite	Disordered	region
P18169	1114-1208	ECO:0000256|SAM:MobiDB-lite	Disordered	region
P18169	184-212	ECO:0000256|SAM:MobiDB-lite	Disordered	region
P18169	23-60	ECO:0000256|SAM:MobiDB-lite	Disordered	region
P18169	268-294	ECO:0000256|SAM:MobiDB-lite	Disordered	region
P18169	493-788		12 X 26 AA approximate tandem repeats, Glu, Met-rich	region
P18169	828-875	ECO:0000256|SAM:MobiDB-lite	Disordered	region
P18169	944-1010	ECO:0000256|SAM:MobiDB-lite	Disordered	region
P18170	184-212	ECO:0000256|SAM:MobiDB-lite	Disordered	region
P18170	23-60	ECO:0000256|SAM:MobiDB-lite	Disordered	region
P18170	268-294	ECO:0000256|SAM:MobiDB-lite	Disordered	region
P18170	493-788		12 X 26 AA approximate tandem repeats, Glu, Met-rich	region
P18170	843-875	ECO:0000256|SAM:MobiDB-lite	Disordered	region
P18171	1119-1221	ECO:0000256|SAM:MobiDB-lite	Disordered	region
P18171	1261-1352	ECO:0000256|SAM:MobiDB-lite	Disordered	region
P18171	1375-1515	ECO:0000256|SAM:MobiDB-lite	Disordered	region
P18171	1538-1590	ECO:0000256|SAM:MobiDB-lite	Disordered	region
P18171	184-212	ECO:0000256|SAM:MobiDB-lite	Disordered	region
P18171	23-60	ECO:0000256|SAM:MobiDB-lite	Disordered	region
P18171	268-294	ECO:0000256|SAM:MobiDB-lite	Disordered	region
P18171	493-788		12 X 26 AA approximate tandem repeats, Glu, Met-rich	region
P18171	843-875	ECO:0000256|SAM:MobiDB-lite	Disordered	region
P18171	944-983	ECO:0000256|SAM:MobiDB-lite	Disordered	region
P18289	212-239	ECO:0000255|PROSITE-ProRule:PRU00978	Basic motif	region
P18289	240-268	ECO:0000255|PROSITE-ProRule:PRU00978	Leucine-zipper	region
P18289	32-65	ECO:0000256|SAM:MobiDB-lite	Disordered	region
P18431	379-470	ECO:0000256|SAM:MobiDB-lite	Disordered	region
P18432	1-65	ECO:0000256|SAM:MobiDB-lite	Disordered	region
P18459	105-132	ECO:0000256|SAM:MobiDB-lite	Disordered	region
P18475	656-687	ECO:0000256|SAM:MobiDB-lite	Disordered	region
P18488	161-262	ECO:0000256|SAM:MobiDB-lite	Disordered	region
P18488	34-117	ECO:0000256|SAM:MobiDB-lite	Disordered	region
P18488	441-497	ECO:0000256|SAM:MobiDB-lite	Disordered	region
P18489	1-30	ECO:0000256|SAM:MobiDB-lite	Disordered	region
P18489	133-152	ECO:0000256|SAM:MobiDB-lite	Disordered	region
P18490	1002-1021	ECO:0000256|SAM:MobiDB-lite	Disordered	region
P18490	1577-1675	ECO:0000256|SAM:MobiDB-lite	Disordered	region
P18490	1722-1744	ECO:0000256|SAM:MobiDB-lite	Disordered	region
P18490	1760-1813	ECO:0000256|SAM:MobiDB-lite	Disordered	region
P18490	1776-1785		5 X 2 AA tandem repeats of G-T	region
P18490	182-213	ECO:0000256|SAM:MobiDB-lite	Disordered	region
P18490	2344-2463	ECO:0000256|SAM:MobiDB-lite	Disordered	region
P18490	235-314	ECO:0000256|SAM:MobiDB-lite	Disordered	region
P18490	2908-2997	ECO:0000256|SAM:MobiDB-lite	Disordered	region
P18490	3198-3242	ECO:0000256|SAM:MobiDB-lite	Disordered	region
P18490	327-363	ECO:0000256|SAM:MobiDB-lite	Disordered	region
P18490	3295-3413	ECO:0000256|SAM:MobiDB-lite	Disordered	region
P18490	379-403	ECO:0000256|SAM:MobiDB-lite	Disordered	region
P18490	540-609	ECO:0000256|SAM:MobiDB-lite	Disordered	region
P18490	625-651	ECO:0000256|SAM:MobiDB-lite	Disordered	region
P18490	720-745	ECO:0000256|SAM:MobiDB-lite	Disordered	region
P18490	816-873	ECO:0000256|SAM:MobiDB-lite	Disordered	region
P18490	886-921	ECO:0000256|SAM:MobiDB-lite	Disordered	region
P18491	127-199	ECO:0000256|SAM:MobiDB-lite	Disordered	region
P18502	1116-1237	ECO:0000256|SAM:MobiDB-lite	Disordered	region
P19018	1-96	ECO:0000256|SAM:MobiDB-lite	Disordered	region
P19018	176-196		Linker	region
P19018	179-264	ECO:0000256|SAM:MobiDB-lite	Disordered	region
P19109	689-719	ECO:0000256|SAM:MobiDB-lite	Disordered	region
P19109	94-234	ECO:0000256|SAM:MobiDB-lite	Disordered	region
P19334	933-1275	ECO:0000256|SAM:MobiDB-lite	Disordered	region
P19339	1-21	ECO:0000256|SAM:MobiDB-lite	Disordered	region
P19351	1-148	ECO:0000256|SAM:MobiDB-lite	Disordered	region
P19351	234-261	ECO:0000256|SAM:MobiDB-lite	Disordered	region
P19351	294-397	ECO:0000256|SAM:MobiDB-lite	Disordered	region
P19538	1-440	ECO:0000269|PubMed:16740475	Interaction with RDX	region
P19538	1161-1397	ECO:0000269|PubMed:16740475	Interaction with RDX	region
P19538	193-212	ECO:0000256|SAM:MobiDB-lite	Disordered	region
P19538	361-383	ECO:0000256|SAM:MobiDB-lite	Disordered	region
P19538	636-669	ECO:0000256|SAM:MobiDB-lite	Disordered	region
P19538	807-877	ECO:0000256|SAM:MobiDB-lite	Disordered	region
P19889	280-317	ECO:0000256|SAM:MobiDB-lite	Disordered	region
P20009	181-303	ECO:0000256|SAM:MobiDB-lite	Disordered	region
P20105	214-237	ECO:0000256|SAM:MobiDB-lite	Disordered	region
P20105	301-329	ECO:0000256|SAM:MobiDB-lite	Disordered	region
P20105	353-383	ECO:0000256|SAM:MobiDB-lite	Disordered	region
P20105	396-443	ECO:0000256|SAM:MobiDB-lite	Disordered	region
P20105	508-533	ECO:0000256|SAM:MobiDB-lite	Disordered	region
P20105	558-641	ECO:0000256|SAM:MobiDB-lite	Disordered	region
P20153	1-103	ECO:0000250	Modulating	region
P20153	170-223		Hinge	region
P20153	178-228	ECO:0000256|SAM:MobiDB-lite	Disordered	region
P20153	21-40	ECO:0000256|SAM:MobiDB-lite	Disordered	region
P20153	55-92	ECO:0000256|SAM:MobiDB-lite	Disordered	region
P20193	1032-1060	ECO:0000256|SAM:MobiDB-lite	Disordered	region
P20193	107-148	ECO:0000256|SAM:MobiDB-lite	Disordered	region
P20193	1079-1116	ECO:0000256|SAM:MobiDB-lite	Disordered	region
P20193	1154-1180	ECO:0000256|SAM:MobiDB-lite	Disordered	region
P20193	1205-1236	ECO:0000256|SAM:MobiDB-lite	Disordered	region
P20193	160-186	ECO:0000256|SAM:MobiDB-lite	Disordered	region
P20193	343-398	ECO:0000256|SAM:MobiDB-lite	Disordered	region
P20193	525-564	ECO:0000256|SAM:MobiDB-lite	Disordered	region
P20193	642-684	ECO:0000256|SAM:MobiDB-lite	Disordered	region
P20193	851-915	ECO:0000256|SAM:MobiDB-lite	Disordered	region
P20227	20-121	ECO:0000256|SAM:MobiDB-lite	Disordered	region
P20232	83-150	ECO:0000256|SAM:MobiDB-lite	Disordered	region
P20240	1-50	ECO:0000269|PubMed:18410727	Required for binding to Med and germline stem cell maintenance	region
P20240	259-278	ECO:0000256|SAM:MobiDB-lite	Disordered	region
P20240	271-400	ECO:0000269|PubMed:18410727	Required for binding to Med	region
P20240	400-424	ECO:0000269|PubMed:18410727	Essential for nuclear membrane localization and germline stem cell maintenance	region
P20240	406-424	ECO:0000269|PubMed:8999964	Essential for nuclear membrane localization	region
P20240	42-186	ECO:0000256|SAM:MobiDB-lite	Disordered	region
P20241	1172-1223	ECO:0000256|SAM:MobiDB-lite	Disordered	region
P20241	1236-1291	ECO:0000256|SAM:MobiDB-lite	Disordered	region
P20350	1-34	ECO:0000256|SAM:MobiDB-lite	Disordered	region
P20353	174-182	ECO:0000255|PROSITE-ProRule:PRU01230	G2 motif	region
P20353	197-206	ECO:0000255|PROSITE-ProRule:PRU01230	G3 motif	region
P20353	266-273	ECO:0000255|PROSITE-ProRule:PRU01230	G4 motif	region
P20353	325-330	ECO:0000255|PROSITE-ProRule:PRU01230	G5 motif	region
P20353	36-49	ECO:0000255|PROSITE-ProRule:PRU01230	G1 motif	region
P20354	1-31	ECO:0000256|SAM:MobiDB-lite	Disordered	region
P20354	184-192	ECO:0000255|PROSITE-ProRule:PRU01230	G2 motif	region
P20354	207-216	ECO:0000255|PROSITE-ProRule:PRU01230	G3 motif	region
P20354	276-283	ECO:0000255|PROSITE-ProRule:PRU01230	G4 motif	region
P20354	355-360	ECO:0000255|PROSITE-ProRule:PRU01230	G5 motif	region
P20354	45-58	ECO:0000255|PROSITE-ProRule:PRU01230	G1 motif	region
P20385	1-40	ECO:0000256|SAM:MobiDB-lite	Disordered	region
P20385	222-279	ECO:0000256|SAM:MobiDB-lite	Disordered	region
P20439	76-152	ECO:0000256|SAM:MobiDB-lite	Disordered	region
P20480	141-185	ECO:0000256|SAM:MobiDB-lite	Disordered	region
P20480	664-668	ECO:0000269|PubMed:27452403	Required for minus-end directionality	region
P20480	681-700	ECO:0000256|SAM:MobiDB-lite	Disordered	region
P20482	1102-1157	ECO:0000256|SAM:MobiDB-lite	Disordered	region
P20482	1197-1234	ECO:0000255|PROSITE-ProRule:PRU00978	Basic motif	region
P20482	1237-1258	ECO:0000255|PROSITE-ProRule:PRU00978	Leucine-zipper	region
P20482	1297-1383	ECO:0000256|SAM:MobiDB-lite	Disordered	region
P20482	258-286	ECO:0000256|SAM:MobiDB-lite	Disordered	region
P20482	376-421	ECO:0000256|SAM:MobiDB-lite	Disordered	region
P20482	516-549	ECO:0000256|SAM:MobiDB-lite	Disordered	region
P20482	585-626	ECO:0000256|SAM:MobiDB-lite	Disordered	region
P20482	717-758	ECO:0000256|SAM:MobiDB-lite	Disordered	region
P20482	860-897	ECO:0000256|SAM:MobiDB-lite	Disordered	region
P20482	923-1026	ECO:0000256|SAM:MobiDB-lite	Disordered	region
P20483	182-218	ECO:0000256|SAM:MobiDB-lite	Disordered	region
P20659	1-247	ECO:0000256|SAM:MobiDB-lite	Disordered	region
P20659	1115-1184	ECO:0000256|SAM:MobiDB-lite	Disordered	region
P20659	1208-1231	ECO:0000256|SAM:MobiDB-lite	Disordered	region
P20659	1573-1592	ECO:0000256|SAM:MobiDB-lite	Disordered	region
P20659	1991-2019	ECO:0000256|SAM:MobiDB-lite	Disordered	region
P20659	2068-2110	ECO:0000256|SAM:MobiDB-lite	Disordered	region
P20659	2283-2302	ECO:0000256|SAM:MobiDB-lite	Disordered	region
P20659	2649-2669	ECO:0000256|SAM:MobiDB-lite	Disordered	region
P20659	2866-2894	ECO:0000256|SAM:MobiDB-lite	Disordered	region
P20659	3029-3096	ECO:0000256|SAM:MobiDB-lite	Disordered	region
P20659	321-352	ECO:0000256|SAM:MobiDB-lite	Disordered	region
P20659	3347-3381	ECO:0000256|SAM:MobiDB-lite	Disordered	region
P20659	371-429	ECO:0000256|SAM:MobiDB-lite	Disordered	region
P20659	509-624	ECO:0000256|SAM:MobiDB-lite	Disordered	region
P20659	915-937	ECO:0000256|SAM:MobiDB-lite	Disordered	region
P20659	981-1049	ECO:0000256|SAM:MobiDB-lite	Disordered	region
P20825	998-1059	ECO:0000256|SAM:MobiDB-lite	Disordered	region
P20828	204-235	ECO:0000256|SAM:MobiDB-lite	Disordered	region
P20905	1-26	ECO:0000256|SAM:MobiDB-lite	Disordered	region
P20905	238-247	ECO:0000250	Agonist binding	region
P20905	367-396	ECO:0000256|SAM:MobiDB-lite	Disordered	region
P20905	89-106		9 X 2 AA tandem repeats of G-S	region
P21330	128-170	ECO:0000256|SAM:MobiDB-lite	Disordered	region
P21330	189-218	ECO:0000256|SAM:MobiDB-lite	Disordered	region
P21330	390-444		Three zinc-finger-like regions	region
P21461	1-55	ECO:0000256|SAM:MobiDB-lite	Disordered	region
P21461	122-314		SBD	region
P21519	1092-1107		8 X 2 AA tandem repeats of V-G	region
P21519	1162-1183	ECO:0000256|SAM:MobiDB-lite	Disordered	region
P21519	1237-1252		7 X 2 AA tandem repeats of G-V	region
P21519	1362-1438	ECO:0000256|SAM:MobiDB-lite	Disordered	region
P21519	1486-1537	ECO:0000256|SAM:MobiDB-lite	Disordered	region
P21519	175-308	ECO:0000256|SAM:MobiDB-lite	Disordered	region
P21519	346-443	ECO:0000256|SAM:MobiDB-lite	Disordered	region
P21519	462-496	ECO:0000256|SAM:MobiDB-lite	Disordered	region
P21519	569-731	ECO:0000256|SAM:MobiDB-lite	Disordered	region
P21519	752-920	ECO:0000256|SAM:MobiDB-lite	Disordered	region
P21519	79-127	ECO:0000256|SAM:MobiDB-lite	Disordered	region
P21519	950-1060	ECO:0000256|SAM:MobiDB-lite	Disordered	region
P21519	987-996		5 X 2 AA tandem repeats of G-V	region
P21520	287-316	ECO:0000256|SAM:MobiDB-lite	Disordered	region
P21520	489-509	ECO:0000256|SAM:MobiDB-lite	Disordered	region
P21521	1-49	ECO:0000256|SAM:MobiDB-lite	Disordered	region
P21521	170-189	ECO:0000256|SAM:MobiDB-lite	Disordered	region
P21521	186-434	ECO:0000305	Phospholipid binding	region
P21521	63-84	ECO:0000256|SAM:MobiDB-lite	Disordered	region
P21525	149-168	ECO:0000256|SAM:MobiDB-lite	Disordered	region
P21525	23-75	ECO:0000256|SAM:MobiDB-lite	Disordered	region
P21525	316-350	ECO:0000256|SAM:MobiDB-lite	Disordered	region
P21525	383-440	ECO:0000256|SAM:MobiDB-lite	Disordered	region
P21525	420-439	ECO:0000255|PROSITE-ProRule:PRU00978	Basic motif	region
P21525	446-453	ECO:0000255|PROSITE-ProRule:PRU00978	Leucine-zipper	region
P21525	510-552	ECO:0000256|SAM:MobiDB-lite	Disordered	region
P21525	716-755	ECO:0000256|SAM:MobiDB-lite	Disordered	region
P21750	75-142	ECO:0000256|SAM:MobiDB-lite	Disordered	region
P22058	1-355	ECO:0000256|SAM:MobiDB-lite	Disordered	region
P22265	167-207	ECO:0000256|SAM:MobiDB-lite	Disordered	region
P22265	20-91	ECO:0000256|SAM:MobiDB-lite	Disordered	region
P22265	276-331	ECO:0000256|SAM:MobiDB-lite	Disordered	region
P22265	383-444	ECO:0000256|SAM:MobiDB-lite	Disordered	region
P22265	563-622	ECO:0000256|SAM:MobiDB-lite	Disordered	region
P22265	689-714	ECO:0000256|SAM:MobiDB-lite	Disordered	region
P22265	748-935	ECO:0000256|SAM:MobiDB-lite	Disordered	region
P22270	361-465	ECO:0000256|SAM:MobiDB-lite	Disordered	region
P22293	1-36	ECO:0000256|SAM:MobiDB-lite	Disordered	region
P22293	1143-1170	ECO:0000256|SAM:MobiDB-lite	Disordered	region
P22293	1295-1325	ECO:0000256|SAM:MobiDB-lite	Disordered	region
P22293	138-327		Highly charged	region
P22293	499-535	ECO:0000256|SAM:MobiDB-lite	Disordered	region
P22293	588-622	ECO:0000256|SAM:MobiDB-lite	Disordered	region
P22293	639-695	ECO:0000256|SAM:MobiDB-lite	Disordered	region
P22293	710-745	ECO:0000256|SAM:MobiDB-lite	Disordered	region
P22293	74-326	ECO:0000256|SAM:MobiDB-lite	Disordered	region
P22293	780-835	ECO:0000256|SAM:MobiDB-lite	Disordered	region
P22293	979-1058	ECO:0000256|SAM:MobiDB-lite	Disordered	region
P22469	46-65	ECO:0000256|SAM:MobiDB-lite	Disordered	region
P22711	1-33	ECO:0000256|SAM:MobiDB-lite	Disordered	region
P22711	246-305	ECO:0000256|SAM:MobiDB-lite	Disordered	region
P22711	391-416	ECO:0000256|SAM:MobiDB-lite	Disordered	region
P22745	201-250	ECO:0000269|PubMed:28484036	Required for interaction with ubiquitin	region
P22745	408-442	ECO:0000256|SAM:MobiDB-lite	Disordered	region
P22807	1-63	ECO:0000256|SAM:MobiDB-lite	Disordered	region
P22807	198-298	ECO:0000256|SAM:MobiDB-lite	Disordered	region
P22807	221-234		7 X 2 AA tandem repeats of H-P	region
P22807	316-349	ECO:0000256|SAM:MobiDB-lite	Disordered	region
P22807	376-440	ECO:0000256|SAM:MobiDB-lite	Disordered	region
P22807	455-548	ECO:0000256|SAM:MobiDB-lite	Disordered	region
P22807	94-152	ECO:0000256|SAM:MobiDB-lite	Disordered	region
P22808	1-115	ECO:0000256|SAM:MobiDB-lite	Disordered	region
P22808	224-307	ECO:0000256|SAM:MobiDB-lite	Disordered	region
P22808	465-549	ECO:0000256|SAM:MobiDB-lite	Disordered	region
P22808	703-723	ECO:0000256|SAM:MobiDB-lite	Disordered	region
P22809	144-178	ECO:0000256|SAM:MobiDB-lite	Disordered	region
P22809	27-66	ECO:0000256|SAM:MobiDB-lite	Disordered	region
P22809	314-382	ECO:0000256|SAM:MobiDB-lite	Disordered	region
P22810	1-40	ECO:0000256|SAM:MobiDB-lite	Disordered	region
P22810	124-209	ECO:0000256|SAM:MobiDB-lite	Disordered	region
P22810	243-278	ECO:0000256|SAM:MobiDB-lite	Disordered	region
P22810	392-441	ECO:0000256|SAM:MobiDB-lite	Disordered	region
P22812	218-265	ECO:0000256|SAM:MobiDB-lite	Disordered	region
P22812	262-460		5 X approximate repeats	region
P22812	301-462	ECO:0000256|SAM:MobiDB-lite	Disordered	region
P22813	1-31	ECO:0000256|SAM:MobiDB-lite	Disordered	region
P22813	288-307	ECO:0000256|SAM:MobiDB-lite	Disordered	region
P22813	658-691	ECO:0000256|SAM:MobiDB-lite	Disordered	region
P22814	288-313	ECO:0000256|SAM:MobiDB-lite	Disordered	region
P22814	385-410	ECO:0000256|SAM:MobiDB-lite	Disordered	region
P22814	471-510	ECO:0000256|SAM:MobiDB-lite	Disordered	region
P22814	58-98	ECO:0000256|SAM:MobiDB-lite	Disordered	region
P22815	38-84	ECO:0000256|SAM:MobiDB-lite	Disordered	region
P22815	825-844	ECO:0000256|SAM:MobiDB-lite	Disordered	region
P22815	861-896	ECO:0000256|SAM:MobiDB-lite	Disordered	region
P22816	22-54	ECO:0000256|SAM:MobiDB-lite	Disordered	region
P22816	293-332	ECO:0000256|SAM:MobiDB-lite	Disordered	region
P22979	173-199	ECO:0000256|SAM:MobiDB-lite	Disordered	region
P23023	1-42	ECO:0000256|SAM:MobiDB-lite	Disordered	region
P23023	129-331	ECO:0000256|SAM:MobiDB-lite	Disordered	region
P23023	452-549	ECO:0000256|SAM:MobiDB-lite	Disordered	region
P23128	1-267	ECO:0000303|PubMed:31439631	RecA-like domain 1	region
P23128	264-431	ECO:0000269|PubMed:31439631	Gyf binding	region
P23128	432-459	ECO:0000269|PubMed:31439631	RecA-like domain 2	region
P23226	1054-1114	ECO:0000256|SAM:MobiDB-lite	Disordered	region
P23226	146-196	ECO:0000256|SAM:MobiDB-lite	Disordered	region
P23226	745-977	ECO:0000255	Microtubule-binding	region
P23226	856-1035	ECO:0000256|SAM:MobiDB-lite	Disordered	region
P23257	453-475	ECO:0000256|SAM:MobiDB-lite	Disordered	region
P23488	23-83	ECO:0000256|SAM:MobiDB-lite	Disordered	region
P23625	172-180	ECO:0000255|PROSITE-ProRule:PRU01230	G2 motif	region
P23625	195-204	ECO:0000255|PROSITE-ProRule:PRU01230	G3 motif	region
P23625	264-271	ECO:0000255|PROSITE-ProRule:PRU01230	G4 motif	region
P23625	323-328	ECO:0000255|PROSITE-ProRule:PRU01230	G5 motif	region
P23625	35-48	ECO:0000255|PROSITE-ProRule:PRU01230	G1 motif	region
P23645	314-345	ECO:0000256|SAM:MobiDB-lite	Disordered	region
P23645	436-634	ECO:0000256|SAM:MobiDB-lite	Disordered	region
P23645	650-696	ECO:0000256|SAM:MobiDB-lite	Disordered	region
P23647	269-289	ECO:0000256|SAM:MobiDB-lite	Disordered	region
P23647	447-496	ECO:0000256|SAM:MobiDB-lite	Disordered	region
P23654	1-222	ECO:0000256|SAM:MobiDB-lite	Disordered	region
P23757	12-68	ECO:0000255|PROSITE-ProRule:PRU00381	PAI subdomain	region
P23757	139-212	ECO:0000256|SAM:MobiDB-lite	Disordered	region
P23757	236-257	ECO:0000256|SAM:MobiDB-lite	Disordered	region
P23757	87-135	ECO:0000255|PROSITE-ProRule:PRU00381	RED subdomain	region
P23758	159-188	ECO:0000256|SAM:MobiDB-lite	Disordered	region
P23758	297-358	ECO:0000256|SAM:MobiDB-lite	Disordered	region
P23758	383-425	ECO:0000256|SAM:MobiDB-lite	Disordered	region
P23758	8-64	ECO:0000255|PROSITE-ProRule:PRU00381	PAI subdomain	region
P23758	84-132	ECO:0000255|PROSITE-ProRule:PRU00381	RED subdomain	region
P23792	134-157	ECO:0000256|SAM:MobiDB-lite	Disordered	region
P23792	16-77	ECO:0000256|SAM:MobiDB-lite	Disordered	region
P23792	220-364	ECO:0000256|SAM:MobiDB-lite	Disordered	region
P23792	391-419	ECO:0000256|SAM:MobiDB-lite	Disordered	region
P23792	501-568	ECO:0000256|SAM:MobiDB-lite	Disordered	region
P23803	142-174	ECO:0000256|SAM:MobiDB-lite	Disordered	region
P23803	320-356	ECO:0000256|SAM:MobiDB-lite	Disordered	region
P23938	24-107	ECO:0000256|SAM:MobiDB-lite	Disordered	region
P23938	31-62		4 X 8 AA tandem repeats of T-S-A-S-A-T-T-T	region
P24350	302-328	ECO:0000256|SAM:MobiDB-lite	Disordered	region
P24785	1165-1198	ECO:0000256|SAM:MobiDB-lite	Disordered	region
P24785	1202-1263		9 X 7 AA tandem repeats of G-G-G-Y-G-N-N	region
P24785	1268-1293	ECO:0000256|SAM:MobiDB-lite	Disordered	region
P24785	80-115	ECO:0000256|SAM:MobiDB-lite	Disordered	region
P25028	245-285	ECO:0000256|SAM:MobiDB-lite	Disordered	region
P25028	336-379	ECO:0000256|SAM:MobiDB-lite	Disordered	region
P25028	448-696		Rich in charged AA	region
P25028	457-492	ECO:0000256|SAM:MobiDB-lite	Disordered	region
P25028	555-586	ECO:0000256|SAM:MobiDB-lite	Disordered	region
P25028	603-696	ECO:0000256|SAM:MobiDB-lite	Disordered	region
P25123	376-451	ECO:0000256|SAM:MobiDB-lite	Disordered	region
P25123	482-542	ECO:0000256|SAM:MobiDB-lite	Disordered	region
P25157	134-147	ECO:0000255|PROSITE-ProRule:PRU01230	G1 motif	region
P25157	272-280	ECO:0000255|PROSITE-ProRule:PRU01230	G2 motif	region
P25157	295-304	ECO:0000255|PROSITE-ProRule:PRU01230	G3 motif	region
P25157	365-372	ECO:0000255|PROSITE-ProRule:PRU01230	G4 motif	region
P25157	427-432	ECO:0000255|PROSITE-ProRule:PRU01230	G5 motif	region
P25158	425-439	ECO:0000255	Leucine-zipper	region
P25159	16-159	ECO:0000256|SAM:MobiDB-lite	Disordered	region
P25159	190-210	ECO:0000256|SAM:MobiDB-lite	Disordered	region
P25159	234-311	ECO:0000256|SAM:MobiDB-lite	Disordered	region
P25159	647-707	ECO:0000256|SAM:MobiDB-lite	Disordered	region
P25159	855-948	ECO:0000256|SAM:MobiDB-lite	Disordered	region
P25161	458-494	ECO:0000256|SAM:MobiDB-lite	Disordered	region
P25171	1-24	ECO:0000256|SAM:MobiDB-lite	Disordered	region
P25171	423-547	ECO:0000256|SAM:MobiDB-lite	Disordered	region
P25172	1057-1103	ECO:0000256|SAM:MobiDB-lite	Disordered	region
P25172	1116-1141	ECO:0000256|SAM:MobiDB-lite	Disordered	region
P25172	1161-1193	ECO:0000256|SAM:MobiDB-lite	Disordered	region
P25172	1211-1271	ECO:0000256|SAM:MobiDB-lite	Disordered	region
P25172	1298-1322	ECO:0000256|SAM:MobiDB-lite	Disordered	region
P25172	245-321	ECO:0000256|SAM:MobiDB-lite	Disordered	region
P25172	448-628	ECO:0000256|SAM:MobiDB-lite	Disordered	region
P25172	640-718	ECO:0000256|SAM:MobiDB-lite	Disordered	region
P25172	861-903	ECO:0000256|SAM:MobiDB-lite	Disordered	region
P25172	935-1001	ECO:0000256|SAM:MobiDB-lite	Disordered	region
P25228	194-220	ECO:0000256|SAM:MobiDB-lite	Disordered	region
P25439	1-137	ECO:0000256|SAM:MobiDB-lite	Disordered	region
P25439	1380-1412	ECO:0000256|SAM:MobiDB-lite	Disordered	region
P25439	1544-1578	ECO:0000256|SAM:MobiDB-lite	Disordered	region
P25439	1592-1638	ECO:0000256|SAM:MobiDB-lite	Disordered	region
P25439	201-387	ECO:0000256|SAM:MobiDB-lite	Disordered	region
P25439	691-730	ECO:0000256|SAM:MobiDB-lite	Disordered	region
P25455	1080-1112	ECO:0000256|SAM:MobiDB-lite	Disordered	region
P25455	1296-1318	ECO:0000256|SAM:MobiDB-lite	Disordered	region
P25455	466-489	ECO:0000256|SAM:MobiDB-lite	Disordered	region
P25455	505-594	ECO:0000256|SAM:MobiDB-lite	Disordered	region
P25724	181-207	ECO:0000256|SAM:MobiDB-lite	Disordered	region
P25822	102-149	ECO:0000256|SAM:MobiDB-lite	Disordered	region
P25822	1126-1130	ECO:0000250|UniProtKB:Q14671	Adenine-nucleotide binding in RNA target	region
P25822	1162-1166	ECO:0000250|UniProtKB:Q14671	Uracil-nucleotide binding in RNA target	region
P25822	1198-1202	ECO:0000250|UniProtKB:Q14671	Adenine-nucleotide binding in RNA target	region
P25822	1234-1238	ECO:0000250|UniProtKB:Q14671	Non-specific-nucleotide binding in RNA target	region
P25822	1270-1274	ECO:0000250|UniProtKB:Q14671	Adenine-nucleotide binding in RNA target	region
P25822	1306-1310	ECO:0000250|UniProtKB:Q14671	Uracil-nucleotide binding in RNA target	region
P25822	1342-1346	ECO:0000250|UniProtKB:Q14671	Guanine-nucleotide binding in RNA target	region
P25822	1382-1386	ECO:0000250|UniProtKB:Q14671	Uracil-nucleotide binding in RNA target	region
P25822	1494-1533	ECO:0000256|SAM:MobiDB-lite	Disordered	region
P25822	207-276	ECO:0000256|SAM:MobiDB-lite	Disordered	region
P25822	304-331	ECO:0000256|SAM:MobiDB-lite	Disordered	region
P25822	382-452	ECO:0000256|SAM:MobiDB-lite	Disordered	region
P25822	470-558	ECO:0000256|SAM:MobiDB-lite	Disordered	region
P25822	697-725	ECO:0000256|SAM:MobiDB-lite	Disordered	region
P25822	846-912	ECO:0000256|SAM:MobiDB-lite	Disordered	region
P25822	975-1008	ECO:0000256|SAM:MobiDB-lite	Disordered	region
P25823	1515-1589	ECO:0000256|SAM:MobiDB-lite	Disordered	region
P25823	840-996	ECO:0000256|SAM:MobiDB-lite	Disordered	region
P25932	271-309	ECO:0000256|SAM:MobiDB-lite	Disordered	region
P25932	448-470	ECO:0000256|SAM:MobiDB-lite	Disordered	region
P25991	595-615	ECO:0000256|SAM:MobiDB-lite	Disordered	region
P25991	727-747	ECO:0000256|SAM:MobiDB-lite	Disordered	region
P25992	193-358	ECO:0000256|SAM:MobiDB-lite	Disordered	region
P25992	230-253		2 X 12 AA tandem repeats	region
P25992	395-428	ECO:0000256|SAM:MobiDB-lite	Disordered	region
P25992	642-725	ECO:0000256|SAM:MobiDB-lite	Disordered	region
P25992	901-928	ECO:0000256|SAM:MobiDB-lite	Disordered	region
P26016	1-57	ECO:0000256|SAM:MobiDB-lite	Disordered	region
P26016	1031-1050	ECO:0000256|SAM:MobiDB-lite	Disordered	region
P26016	1057-1083	ECO:0000256|SAM:MobiDB-lite	Disordered	region
P26016	150-187	ECO:0000256|SAM:MobiDB-lite	Disordered	region
P26016	796-875	ECO:0000256|SAM:MobiDB-lite	Disordered	region
P26016	891-1015	ECO:0000256|SAM:MobiDB-lite	Disordered	region
P26017	1-22	ECO:0000256|SAM:MobiDB-lite	Disordered	region
P26017	22-390	ECO:0000269|PubMed:30078725	Involved in binding to (N(6)-methyladenosine) DNA	region
P26017	73-318	ECO:0000256|SAM:MobiDB-lite	Disordered	region
P26019	1-22	ECO:0000256|SAM:MobiDB-lite	Disordered	region
P26019	1255-1380	ECO:0000255	DNA-binding	region
P26019	236-325	ECO:0000256|SAM:MobiDB-lite	Disordered	region
P26019	638-758	ECO:0000303|PubMed:1923767	Contains conserved residues essential for 3' -> 5' exonuclease activities	region
P26019	675-734	ECO:0000255	DNA-binding	region
P26019	79-124	ECO:0000256|SAM:MobiDB-lite	Disordered	region
P26023	25-172	ECO:0000256|SAM:MobiDB-lite	Disordered	region
P26023	27-44		3 X 6 AA tandem repeats of S-S-A-D-S-D	region
P26270	286-338	ECO:0000256|SAM:MobiDB-lite	Disordered	region
P26675	1073-1105	ECO:0000256|SAM:MobiDB-lite	Disordered	region
P26675	1175-1212	ECO:0000256|SAM:MobiDB-lite	Disordered	region
P26675	1235-1291	ECO:0000256|SAM:MobiDB-lite	Disordered	region
P26675	1340-1392	ECO:0000256|SAM:MobiDB-lite	Disordered	region
P26675	1465-1596	ECO:0000256|SAM:MobiDB-lite	Disordered	region
P26686	185-376	ECO:0000256|SAM:MobiDB-lite	Disordered	region
P26686	73-114	ECO:0000256|SAM:MobiDB-lite	Disordered	region
P26802	1-26	ECO:0000256|SAM:MobiDB-lite	Disordered	region
P26802	52-87	ECO:0000256|SAM:MobiDB-lite	Disordered	region
P26802	646-675	ECO:0000256|SAM:MobiDB-lite	Disordered	region
P27091	108-138	ECO:0000256|SAM:MobiDB-lite	Disordered	region
P27091	316-345	ECO:0000256|SAM:MobiDB-lite	Disordered	region
P27398	210-256	ECO:0000256|SAM:MobiDB-lite	Disordered	region
P27398	371-400	ECO:0000256|SAM:MobiDB-lite	Disordered	region
P27398	420-459	ECO:0000256|SAM:MobiDB-lite	Disordered	region
P27398	524-543	ECO:0000256|SAM:MobiDB-lite	Disordered	region
P27398	554-606	ECO:0000256|SAM:MobiDB-lite	Disordered	region
P27398	684-703	ECO:0000256|SAM:MobiDB-lite	Disordered	region
P27398	786-811	ECO:0000256|SAM:MobiDB-lite	Disordered	region
P27398	860-884	ECO:0000256|SAM:MobiDB-lite	Disordered	region
P27619	131-134	ECO:0000255|PROSITE-ProRule:PRU01055	G3 motif	region
P27619	200-203	ECO:0000255|PROSITE-ProRule:PRU01055	G4 motif	region
P27619	230-233	ECO:0000255|PROSITE-ProRule:PRU01055	G5 motif	region
P27619	33-40	ECO:0000255|PROSITE-ProRule:PRU01055	G1 motif	region
P27619	59-61	ECO:0000255|PROSITE-ProRule:PRU01055	G2 motif	region
P27619	623-648	ECO:0000256|SAM:MobiDB-lite	Disordered	region
P27619	740-834	ECO:0000256|SAM:MobiDB-lite	Disordered	region
P27780	19-67	ECO:0000256|SAM:MobiDB-lite	Disordered	region
P27864	1-407	ECO:0000256|SAM:MobiDB-lite	Disordered	region
P27864	428-679		AP endonuclease	region
P28159	131-141	ECO:0000250|UniProtKB:Q06330	DNA-binding	region
P28159	20-87	ECO:0000256|SAM:MobiDB-lite	Disordered	region
P28159	239-244	ECO:0000250|UniProtKB:Q06330	DNA-binding	region
P28159	266-271	ECO:0000250|UniProtKB:Q06330	DNA-binding	region
P28159	542-594	ECO:0000256|SAM:MobiDB-lite	Disordered	region
P28166	211-283	ECO:0000256|SAM:MobiDB-lite	Disordered	region
P28166	42-65	ECO:0000256|SAM:MobiDB-lite	Disordered	region
P28166	424-463	ECO:0000256|SAM:MobiDB-lite	Disordered	region
P28166	521-623	ECO:0000256|SAM:MobiDB-lite	Disordered	region
P28166	663-722	ECO:0000256|SAM:MobiDB-lite	Disordered	region
P28166	755-815	ECO:0000256|SAM:MobiDB-lite	Disordered	region
P28166	848-871	ECO:0000256|SAM:MobiDB-lite	Disordered	region
P28166	910-958	ECO:0000256|SAM:MobiDB-lite	Disordered	region
P28166	99-197	ECO:0000256|SAM:MobiDB-lite	Disordered	region
P28167	1558-1581	ECO:0000256|SAM:MobiDB-lite	Disordered	region
P28167	1764-1800	ECO:0000256|SAM:MobiDB-lite	Disordered	region
P28167	196-270	ECO:0000256|SAM:MobiDB-lite	Disordered	region
P28167	2064-2089	ECO:0000256|SAM:MobiDB-lite	Disordered	region
P28167	2130-2157	ECO:0000256|SAM:MobiDB-lite	Disordered	region
P28167	2339-2368	ECO:0000256|SAM:MobiDB-lite	Disordered	region
P28167	2423-2457	ECO:0000256|SAM:MobiDB-lite	Disordered	region
P28167	2614-2639	ECO:0000256|SAM:MobiDB-lite	Disordered	region
P28167	2739-2760	ECO:0000256|SAM:MobiDB-lite	Disordered	region
P28167	2814-2839	ECO:0000256|SAM:MobiDB-lite	Disordered	region
P28167	299-364	ECO:0000256|SAM:MobiDB-lite	Disordered	region
P28167	453-491	ECO:0000256|SAM:MobiDB-lite	Disordered	region
P28167	46-88	ECO:0000256|SAM:MobiDB-lite	Disordered	region
P28167	703-727	ECO:0000256|SAM:MobiDB-lite	Disordered	region
P28167	821-847	ECO:0000256|SAM:MobiDB-lite	Disordered	region
P28285	420-442	ECO:0000256|SAM:MobiDB-lite	Disordered	region
P28285	460-516	ECO:0000256|SAM:MobiDB-lite	Disordered	region
P28285	531-599	ECO:0000256|SAM:MobiDB-lite	Disordered	region
P28285	56-75	ECO:0000256|SAM:MobiDB-lite	Disordered	region
P28285	617-640	ECO:0000256|SAM:MobiDB-lite	Disordered	region
P28285	674-743	ECO:0000256|SAM:MobiDB-lite	Disordered	region
P28286	309-336	ECO:0000256|SAM:MobiDB-lite	Disordered	region
P28466	238-298	ECO:0000256|SAM:MobiDB-lite	Disordered	region
P28466	310-407	ECO:0000256|SAM:MobiDB-lite	Disordered	region
P28466	438-472	ECO:0000256|SAM:MobiDB-lite	Disordered	region
P28466	790-822	ECO:0000256|SAM:MobiDB-lite	Disordered	region
P28518	1-39	ECO:0000256|SAM:MobiDB-lite	Disordered	region
P28668	1093-1119	ECO:0000256|SAM:MobiDB-lite	Disordered	region
P28668	1168-1210	ECO:0000256|SAM:MobiDB-lite	Disordered	region
P28668	1207-1714	ECO:0000269|PubMed:1756734	Proline--tRNA ligase	region
P28668	166-191	ECO:0000256|SAM:MobiDB-lite	Disordered	region
P28668	170-754	ECO:0000269|PubMed:1756734	Glutamate--tRNA ligase	region
P28668	718-754	ECO:0000256|SAM:MobiDB-lite	Disordered	region
P28668	755-1201	ECO:0000303|PubMed:1756734	6 X 57 AA approximate repeats	region
P28668	791-817	ECO:0000256|SAM:MobiDB-lite	Disordered	region
P28668	943-962	ECO:0000256|SAM:MobiDB-lite	Disordered	region
P28750	206-251	ECO:0000256|SAM:MobiDB-lite	Disordered	region
P28750	403-491	ECO:0000256|SAM:MobiDB-lite	Disordered	region
P29327	215-248	ECO:0000256|SAM:MobiDB-lite	Disordered	region
P29349	289-444		PTPase insert (Cys	region
P29349	362-402	ECO:0000256|SAM:MobiDB-lite	Disordered	region
P29349	793-824	ECO:0000256|SAM:MobiDB-lite	Disordered	region
P29413	191-255		4 X approximate repeats	region
P29413	207-259	ECO:0000256|SAM:MobiDB-lite	Disordered	region
P29413	259-297		3 X approximate repeats	region
P29413	347-406	ECO:0000256|SAM:MobiDB-lite	Disordered	region
P29503	280-308	ECO:0000256|SAM:MobiDB-lite	Disordered	region
P29555	187-230	ECO:0000256|SAM:MobiDB-lite	Disordered	region
P29555	468-525	ECO:0000256|SAM:MobiDB-lite	Disordered	region
P29555	53-154	ECO:0000256|SAM:MobiDB-lite	Disordered	region
P29617	1040-1101	ECO:0000256|SAM:MobiDB-lite	Disordered	region
P29617	1197-1217	ECO:0000256|SAM:MobiDB-lite	Disordered	region
P29617	1245-1389	ECO:0000256|SAM:MobiDB-lite	Disordered	region
P29617	1418-1469	ECO:0000256|SAM:MobiDB-lite	Disordered	region
P29617	1545-1703	ECO:0000255|PROSITE-ProRule:PRU01162	Homeo-Prospero	region
P29617	23-292	ECO:0000256|SAM:MobiDB-lite	Disordered	region
P29617	322-357	ECO:0000256|SAM:MobiDB-lite	Disordered	region
P29617	437-521	ECO:0000256|SAM:MobiDB-lite	Disordered	region
P29617	608-692	ECO:0000256|SAM:MobiDB-lite	Disordered	region
P29617	732-751	ECO:0000256|SAM:MobiDB-lite	Disordered	region
P29617	823-844	ECO:0000256|SAM:MobiDB-lite	Disordered	region
P29617	875-951	ECO:0000256|SAM:MobiDB-lite	Disordered	region
P29673	111-141	ECO:0000256|SAM:MobiDB-lite	Disordered	region
P29673	21-44	ECO:0000256|SAM:MobiDB-lite	Disordered	region
P29681	119-220	ECO:0000256|SAM:MobiDB-lite	Disordered	region
P29681	378-435	ECO:0000256|SAM:MobiDB-lite	Disordered	region
P29681	48-157		16 X repeats	region
P29681	55-94	ECO:0000256|SAM:MobiDB-lite	Disordered	region
P29742	108-149		WD40-like repeat 3	region
P29742	1334-1643	ECO:0000250	Involved in binding clathrin light chain	region
P29742	150-195		WD40-like repeat 4	region
P29742	1552-1677	ECO:0000250	Trimerization	region
P29742	196-257		WD40-like repeat 5	region
P29742	24-67		WD40-like repeat 1	region
P29742	258-301		WD40-like repeat 6	region
P29742	302-330		WD40-like repeat 7	region
P29742	68-107		WD40-like repeat 2	region
P29746	47-442	ECO:0000256|SAM:MobiDB-lite	Disordered	region
P29747	213-237	ECO:0000256|SAM:MobiDB-lite	Disordered	region
P29747	294-338	ECO:0000256|SAM:MobiDB-lite	Disordered	region
P29747	353-408	ECO:0000256|SAM:MobiDB-lite	Disordered	region
P29747	443-463	ECO:0000255|PROSITE-ProRule:PRU00978	Basic motif	region
P29747	469-476	ECO:0000255|PROSITE-ProRule:PRU00978	Leucine-zipper	region
P29774	190-255	ECO:0000256|SAM:MobiDB-lite	Disordered	region
P29774	271-294	ECO:0000256|SAM:MobiDB-lite	Disordered	region
P29775	152-172	ECO:0000256|SAM:MobiDB-lite	Disordered	region
P29775	393-426	ECO:0000256|SAM:MobiDB-lite	Disordered	region
P29775	74-113	ECO:0000256|SAM:MobiDB-lite	Disordered	region
P29776	350-475	ECO:0000256|SAM:MobiDB-lite	Disordered	region
P29776	42-150	ECO:0000256|SAM:MobiDB-lite	Disordered	region
P29843	612-641	ECO:0000256|SAM:MobiDB-lite	Disordered	region
P29844	126-280	ECO:0000250|UniProtKB:P11021	Nucleotide-binding (NBD)	region
P29844	420-500	ECO:0000250|UniProtKB:P11021	Substrate-binding (SBD)	region
P29844	634-656	ECO:0000256|SAM:MobiDB-lite	Disordered	region
P29845	657-686	ECO:0000256|SAM:MobiDB-lite	Disordered	region
P29993	1080-1112	ECO:0000256|SAM:MobiDB-lite	Disordered	region
P29993	2213-2233	ECO:0000256|SAM:MobiDB-lite	Disordered	region
P29993	723-760	ECO:0000256|SAM:MobiDB-lite	Disordered	region
P30052	32-65	ECO:0000256|SAM:MobiDB-lite	Disordered	region
P30189	1-210	ECO:0000256|SAM:MobiDB-lite	Disordered	region
P30189	300-416	ECO:0000256|SAM:MobiDB-lite	Disordered	region
P30189	648-649	ECO:0000250	Interaction with DNA	region
P30189	711-716	ECO:0000250	Interaction with DNA	region
P30189	807-809	ECO:0000250	Interaction with DNA	region
P30430	1-57	ECO:0000256|SAM:MobiDB-lite	Disordered	region
P30430	150-187	ECO:0000256|SAM:MobiDB-lite	Disordered	region
P30430	886-915	ECO:0000256|SAM:MobiDB-lite	Disordered	region
P30432	1-42	ECO:0000256|SAM:MobiDB-lite	Disordered	region
P30432	139-164	ECO:0000256|SAM:MobiDB-lite	Disordered	region
P30432	1660-1679	ECO:0000256|SAM:MobiDB-lite	Disordered	region
P30432	424-456	ECO:0000256|SAM:MobiDB-lite	Disordered	region
P30974	393-450	ECO:0000256|SAM:MobiDB-lite	Disordered	region
P30975	444-519	ECO:0000256|SAM:MobiDB-lite	Disordered	region
P31007	161-209	ECO:0000256|SAM:MobiDB-lite	Disordered	region
P31007	424-477	ECO:0000256|SAM:MobiDB-lite	Disordered	region
P31009	1-37	ECO:0000256|SAM:MobiDB-lite	Disordered	region
P31264	1-23	ECO:0000256|SAM:MobiDB-lite	Disordered	region
P31264	153-195	ECO:0000256|SAM:MobiDB-lite	Disordered	region
P31264	251-336	ECO:0000256|SAM:MobiDB-lite	Disordered	region
P31264	358-380	ECO:0000256|SAM:MobiDB-lite	Disordered	region
P31264	439-493	ECO:0000256|SAM:MobiDB-lite	Disordered	region
P31264	547-586	ECO:0000256|SAM:MobiDB-lite	Disordered	region
P31368	1-32	ECO:0000256|SAM:MobiDB-lite	Disordered	region
P31368	121-158	ECO:0000256|SAM:MobiDB-lite	Disordered	region
P31368	351-425	ECO:0000256|SAM:MobiDB-lite	Disordered	region
P31368	49-94	ECO:0000256|SAM:MobiDB-lite	Disordered	region
P31368	581-601	ECO:0000256|SAM:MobiDB-lite	Disordered	region
P31369	1-35	ECO:0000256|SAM:MobiDB-lite	Disordered	region
P31369	191-273	ECO:0000256|SAM:MobiDB-lite	Disordered	region
P31396	145-176	ECO:0000256|SAM:MobiDB-lite	Disordered	region
P32023	121-287	ECO:0000256|SAM:MobiDB-lite	Disordered	region
P32023	301-327	ECO:0000256|SAM:MobiDB-lite	Disordered	region
P32023	910-934	ECO:0000256|SAM:MobiDB-lite	Disordered	region
P32027	319-412	ECO:0000256|SAM:MobiDB-lite	Disordered	region
P32028	225-245	ECO:0000256|SAM:MobiDB-lite	Disordered	region
P32028	261-281	ECO:0000256|SAM:MobiDB-lite	Disordered	region
P32030	31-81	ECO:0000256|SAM:MobiDB-lite	Disordered	region
P32030	94-120	ECO:0000256|SAM:MobiDB-lite	Disordered	region
P32031	22-42	ECO:0000256|SAM:MobiDB-lite	Disordered	region
P32031	330-369	ECO:0000256|SAM:MobiDB-lite	Disordered	region
P32031	402-451	ECO:0000256|SAM:MobiDB-lite	Disordered	region
P32031	73-181	ECO:0000256|SAM:MobiDB-lite	Disordered	region
P32865	1-190		N-terminal	region
P32866	1-308		N-terminal	region
P32866	141-229	ECO:0000256|SAM:MobiDB-lite	Disordered	region
P32866	667-714	ECO:0000256|SAM:MobiDB-lite	Disordered	region
P32870	1217-1299	ECO:0000256|SAM:MobiDB-lite	Disordered	region
P32870	1420-1448	ECO:0000256|SAM:MobiDB-lite	Disordered	region
P32870	1483-1530	ECO:0000256|SAM:MobiDB-lite	Disordered	region
P32870	1561-1617	ECO:0000256|SAM:MobiDB-lite	Disordered	region
P32870	1663-1685	ECO:0000256|SAM:MobiDB-lite	Disordered	region
P32870	1739-1826	ECO:0000256|SAM:MobiDB-lite	Disordered	region
P32870	1902-2057	ECO:0000256|SAM:MobiDB-lite	Disordered	region
P32870	2077-2112	ECO:0000256|SAM:MobiDB-lite	Disordered	region
P32870	2190-2248	ECO:0000256|SAM:MobiDB-lite	Disordered	region
P33244	20-48	ECO:0000256|SAM:MobiDB-lite	Disordered	region
P33244	273-427	ECO:0000256|SAM:MobiDB-lite	Disordered	region
P33244	443-493	ECO:0000256|SAM:MobiDB-lite	Disordered	region
P33244	682-756	ECO:0000256|SAM:MobiDB-lite	Disordered	region
P33438	601-641	ECO:0000256|SAM:MobiDB-lite	Disordered	region
P33438	659-695	ECO:0000256|SAM:MobiDB-lite	Disordered	region
P33438	723-1026	ECO:0000256|SAM:MobiDB-lite	Disordered	region
P33450	4744-4771	ECO:0000269|PubMed:25215488	Essential for stability of mitochondrial electron chain complexes I and V, and promotes interaction with ND-24	region
P33450	4787-4850	ECO:0000256|SAM:MobiDB-lite	Disordered	region
P33450	4871-4921	ECO:0000256|SAM:MobiDB-lite	Disordered	region
P33450	4967-5041	ECO:0000256|SAM:MobiDB-lite	Disordered	region
P33450	5113-5147	ECO:0000256|SAM:MobiDB-lite	Disordered	region
P34021	1-263		Modulating	region
P34021	1-27	ECO:0000256|SAM:MobiDB-lite	Disordered	region
P34021	209-254	ECO:0000256|SAM:MobiDB-lite	Disordered	region
P34021	344-374	ECO:0000256|SAM:MobiDB-lite	Disordered	region
P34021	698-759	ECO:0000256|SAM:MobiDB-lite	Disordered	region
P34082	611-638	ECO:0000256|SAM:MobiDB-lite	Disordered	region
P34082	804-847	ECO:0000256|SAM:MobiDB-lite	Disordered	region
P34739	1-163	ECO:0000256|SAM:MobiDB-lite	Disordered	region
P34739	212-253	ECO:0000256|SAM:MobiDB-lite	Disordered	region
P34739	485-523	ECO:0000256|SAM:MobiDB-lite	Disordered	region
P35220	878-905	ECO:0000256|SAM:MobiDB-lite	Disordered	region
P35415	1-31	ECO:0000255	Nonhelical region	region
P35415	859-879	ECO:0000255	Nonhelical region	region
P35416	1-122	ECO:0000255	Nonhelical region	region
P35416	420-640	ECO:0000255	Nonhelical region	region
P35500	1166-1240	ECO:0000256|SAM:MobiDB-lite	Disordered	region
P35500	2001-2096	ECO:0000256|SAM:MobiDB-lite	Disordered	region
P35500	35-84	ECO:0000256|SAM:MobiDB-lite	Disordered	region
P35500	553-572	ECO:0000256|SAM:MobiDB-lite	Disordered	region
P35500	671-691	ECO:0000256|SAM:MobiDB-lite	Disordered	region
P35554	1-76	ECO:0000256|SAM:MobiDB-lite	Disordered	region
P35600	1-95	ECO:0000256|SAM:MobiDB-lite	Disordered	region
P35600	136-203	ECO:0000256|SAM:MobiDB-lite	Disordered	region
P35600	317-388	ECO:0000256|SAM:MobiDB-lite	Disordered	region
P35600	913-986	ECO:0000256|SAM:MobiDB-lite	Disordered	region
P35820	1-91	ECO:0000256|SAM:MobiDB-lite	Disordered	region
P35820	1011-1097	ECO:0000256|SAM:MobiDB-lite	Disordered	region
P35820	1116-1315	ECO:0000256|SAM:MobiDB-lite	Disordered	region
P35820	1330-1408	ECO:0000256|SAM:MobiDB-lite	Disordered	region
P35820	1512-1601	ECO:0000256|SAM:MobiDB-lite	Disordered	region
P35820	165-245	ECO:0000256|SAM:MobiDB-lite	Disordered	region
P35820	561-693	ECO:0000256|SAM:MobiDB-lite	Disordered	region
P35820	711-856	ECO:0000256|SAM:MobiDB-lite	Disordered	region
P35820	895-960	ECO:0000256|SAM:MobiDB-lite	Disordered	region
P35832	1092-1199	ECO:0000256|SAM:MobiDB-lite	Disordered	region
P35832	1257-1281	ECO:0000256|SAM:MobiDB-lite	Disordered	region
P35832	31-63	ECO:0000256|SAM:MobiDB-lite	Disordered	region
P35875	199-225	ECO:0000256|SAM:MobiDB-lite	Disordered	region
P35875	280-323	ECO:0000255|PROSITE-ProRule:PRU01351	Zinc ribbon	region
P35875	368-507		Automodification domain	region
P35992	1671-1693	ECO:0000256|SAM:MobiDB-lite	Disordered	region
P35992	1732-1759	ECO:0000256|SAM:MobiDB-lite	Disordered	region
P35992	1801-1877	ECO:0000256|SAM:MobiDB-lite	Disordered	region
P36188	1-104	ECO:0000256|SAM:MobiDB-lite	Disordered	region
P36188	162-171	ECO:0000250	Troponin T-interaction	region
P36188	189-202	ECO:0000250	Actin-binding	region
P36188	239-269	ECO:0000256|SAM:MobiDB-lite	Disordered	region
P36193	32-40	ECO:0000269|PubMed:36997647	Critical for inhibition of translation, possibly due to its role in mediating interactions with bacterial 23S rRNA and peptide chain release factors	region
P36241	152-175	ECO:0000256|SAM:MobiDB-lite	Disordered	region
P36872	1-30	ECO:0000256|SAM:MobiDB-lite	Disordered	region
P37276	1-1856	ECO:0000250	Stem	region
P37276	1857-2084	ECO:0000250	AAA 1	region
P37276	2166-2437	ECO:0000250	AAA 2	region
P37276	2541-2790	ECO:0000250	AAA 3	region
P37276	2884-3153	ECO:0000250	AAA 4	region
P37276	3189-3478	ECO:0000250	Stalk	region
P37276	3539-3768	ECO:0000250	AAA 5	region
P37276	3989-4205	ECO:0000250	AAA 6	region
P38979	251-270	ECO:0000256|SAM:MobiDB-lite	Disordered	region
P39205	173-195	ECO:0000256|SAM:MobiDB-lite	Disordered	region
P39205	184-596		MPT Mo-transferase	region
P39205	3-153		MPT adenylyltransferase	region
P39413	123-143	ECO:0000256|SAM:MobiDB-lite	Disordered	region
P39413	50-94	ECO:0000256|SAM:MobiDB-lite	Disordered	region
P39572	23-47	ECO:0000256|SAM:MobiDB-lite	Disordered	region
P39572	238-259	ECO:0000256|SAM:MobiDB-lite	Disordered	region
P39572	298-363	ECO:0000256|SAM:MobiDB-lite	Disordered	region
P39572	390-406	ECO:0000255|PROSITE-ProRule:PRU00978	Basic motif	region
P39572	407-414	ECO:0000255|PROSITE-ProRule:PRU00978	Leucine-zipper	region
P39572	83-134	ECO:0000256|SAM:MobiDB-lite	Disordered	region
P39736	177-343		SNW	region
P39736	333-398	ECO:0000256|SAM:MobiDB-lite	Disordered	region
P39736	486-547	ECO:0000256|SAM:MobiDB-lite	Disordered	region
P39768	20-41	ECO:0000256|SAM:MobiDB-lite	Disordered	region
P39768	373-550	ECO:0000256|SAM:MobiDB-lite	Disordered	region
P39768	583-609	ECO:0000256|SAM:MobiDB-lite	Disordered	region
P39769	1-85	ECO:0000256|SAM:MobiDB-lite	Disordered	region
P39769	107-174	ECO:0000256|SAM:MobiDB-lite	Disordered	region
P39769	1112-1244	ECO:0000256|SAM:MobiDB-lite	Disordered	region
P39769	1260-1294	ECO:0000256|SAM:MobiDB-lite	Disordered	region
P39769	252-290	ECO:0000256|SAM:MobiDB-lite	Disordered	region
P39770	1030-1129	ECO:0000256|SAM:MobiDB-lite	Disordered	region
P39770	1146-1241	ECO:0000256|SAM:MobiDB-lite	Disordered	region
P39770	270-298	ECO:0000256|SAM:MobiDB-lite	Disordered	region
P39770	322-363	ECO:0000256|SAM:MobiDB-lite	Disordered	region
P39770	47-194	ECO:0000256|SAM:MobiDB-lite	Disordered	region
P39770	508-554	ECO:0000256|SAM:MobiDB-lite	Disordered	region
P39770	586-716	ECO:0000256|SAM:MobiDB-lite	Disordered	region
P39770	740-772	ECO:0000256|SAM:MobiDB-lite	Disordered	region
P39770	948-1012	ECO:0000256|SAM:MobiDB-lite	Disordered	region
P40139	24-112	ECO:0000256|SAM:MobiDB-lite	Disordered	region
P40139	31-62		4 X 8 AA tandem repeats of T-S-A-S-A-T-T-T	region
P40140	23-146	ECO:0000256|SAM:MobiDB-lite	Disordered	region
P40140	31-61		4 X 8 AA approximate tandem repeats of T-S-A-S-A-T-T-T	region
P40421	105-413		Catalytic	region
P40421	606-625	ECO:0000256|SAM:MobiDB-lite	Disordered	region
P40427	1-37	ECO:0000256|SAM:MobiDB-lite	Disordered	region
P40427	127-237	ECO:0000255|PROSITE-ProRule:PRU01322	PBC-B	region
P40427	318-376	ECO:0000256|SAM:MobiDB-lite	Disordered	region
P40427	45-124	ECO:0000255|PROSITE-ProRule:PRU01322	PBC-A	region
P40589	34-77	ECO:0000256|SAM:MobiDB-lite	Disordered	region
P40589	436-463	ECO:0000256|SAM:MobiDB-lite	Disordered	region
P40656	1-149	ECO:0000256|SAM:MobiDB-lite	Disordered	region
P40656	254-336	ECO:0000256|SAM:MobiDB-lite	Disordered	region
P40656	419-439	ECO:0000256|SAM:MobiDB-lite	Disordered	region
P40657	278-376	ECO:0000256|SAM:MobiDB-lite	Disordered	region
P40657	407-448	ECO:0000256|SAM:MobiDB-lite	Disordered	region
P40657	686-719	ECO:0000256|SAM:MobiDB-lite	Disordered	region
P40688	184-206	ECO:0000256|SAM:MobiDB-lite	Disordered	region
P40688	358-428	ECO:0000256|SAM:MobiDB-lite	Disordered	region
P40688	67-109	ECO:0000256|SAM:MobiDB-lite	Disordered	region
P40791	162-191	ECO:0000256|SAM:MobiDB-lite	Disordered	region
P40791	203-241	ECO:0000256|SAM:MobiDB-lite	Disordered	region
P40791	332-396	ECO:0000256|SAM:MobiDB-lite	Disordered	region
P40791	415-434	ECO:0000256|SAM:MobiDB-lite	Disordered	region
P40791	507-540	ECO:0000256|SAM:MobiDB-lite	Disordered	region
P40794	102-142	ECO:0000256|SAM:MobiDB-lite	Disordered	region
P40794	185-272	ECO:0000256|SAM:MobiDB-lite	Disordered	region
P40795	197-222	ECO:0000256|SAM:MobiDB-lite	Disordered	region
P40795	361-424	ECO:0000256|SAM:MobiDB-lite	Disordered	region
P40795	474-526	ECO:0000256|SAM:MobiDB-lite	Disordered	region
P40795	545-583	ECO:0000256|SAM:MobiDB-lite	Disordered	region
P40795	663-683	ECO:0000256|SAM:MobiDB-lite	Disordered	region
P40796	26-46	ECO:0000256|SAM:MobiDB-lite	Disordered	region
P40796	362-390	ECO:0000256|SAM:MobiDB-lite	Disordered	region
P40797	149-156	ECO:0000255|PROSITE-ProRule:PRU01056	G1 motif	region
P40797	206-209	ECO:0000255|PROSITE-ProRule:PRU01056	G3 motif	region
P40797	287-290	ECO:0000255|PROSITE-ProRule:PRU01056	G4 motif	region
P40797	29-90	ECO:0000256|SAM:MobiDB-lite	Disordered	region
P40797	513-539	ECO:0000256|SAM:MobiDB-lite	Disordered	region
P40798	189-371	ECO:0000256|SAM:MobiDB-lite	Disordered	region
P40798	7-26	ECO:0000256|SAM:MobiDB-lite	Disordered	region
P41043	1-42	ECO:0000256|SAM:MobiDB-lite	Disordered	region
P41046	208-320	ECO:0000256|SAM:MobiDB-lite	Disordered	region
P41046	21-145	ECO:0000256|SAM:MobiDB-lite	Disordered	region
P41046	361-380	ECO:0000256|SAM:MobiDB-lite	Disordered	region
P41046	392-465	ECO:0000256|SAM:MobiDB-lite	Disordered	region
P41073	103-168	ECO:0000256|SAM:MobiDB-lite	Disordered	region
P41073	182-208	ECO:0000256|SAM:MobiDB-lite	Disordered	region
P41073	350-447	ECO:0000256|SAM:MobiDB-lite	Disordered	region
P41073	534-716	ECO:0000256|SAM:MobiDB-lite	Disordered	region
P41092	1-37	ECO:0000256|SAM:MobiDB-lite	Disordered	region
P41126	196-218	ECO:0000256|SAM:MobiDB-lite	Disordered	region
P41374	293-341	ECO:0000256|SAM:MobiDB-lite	Disordered	region
P41375	125-146	ECO:0000256|SAM:MobiDB-lite	Disordered	region
P41375	26-104	ECO:0000256|SAM:MobiDB-lite	Disordered	region
P41894	1-101	ECO:0000256|SAM:MobiDB-lite	Disordered	region
P41894	187-227	ECO:0000256|SAM:MobiDB-lite	Disordered	region
P42003	192-243	ECO:0000256|SAM:MobiDB-lite	Disordered	region
P42003	221-225		Interaction with lack	region
P42124	195-245	ECO:0000256|SAM:MobiDB-lite	Disordered	region
P42124	382-417	ECO:0000256|SAM:MobiDB-lite	Disordered	region
P42207	180-183	ECO:0000255|PROSITE-ProRule:PRU01056	G4 motif	region
P42207	42-49	ECO:0000255|PROSITE-ProRule:PRU01056	G1 motif	region
P42207	99-102	ECO:0000255|PROSITE-ProRule:PRU01056	G3 motif	region
P42282	118-148	ECO:0000256|SAM:MobiDB-lite	Disordered	region
P42282	171-324	ECO:0000256|SAM:MobiDB-lite	Disordered	region
P42282	356-428	ECO:0000256|SAM:MobiDB-lite	Disordered	region
P42282	526-585	ECO:0000256|SAM:MobiDB-lite	Disordered	region
P42283	115-200	ECO:0000256|SAM:MobiDB-lite	Disordered	region
P42283	228-340	ECO:0000256|SAM:MobiDB-lite	Disordered	region
P42283	446-467	ECO:0000256|SAM:MobiDB-lite	Disordered	region
P42283	840-891	ECO:0000256|SAM:MobiDB-lite	Disordered	region
P42284	115-200	ECO:0000256|SAM:MobiDB-lite	Disordered	region
P42284	228-340	ECO:0000256|SAM:MobiDB-lite	Disordered	region
P42286	1031-1037		Separase cleavage-site	region
P42286	1206-1231	ECO:0000256|SAM:MobiDB-lite	Disordered	region
P42286	1248-1309	ECO:0000256|SAM:MobiDB-lite	Disordered	region
P42286	1328-1379	ECO:0000256|SAM:MobiDB-lite	Disordered	region
P42287	124-175	ECO:0000256|SAM:MobiDB-lite	Disordered	region
P42287	215-245		Interaction with cni	region
P42287	78-111	ECO:0000256|SAM:MobiDB-lite	Disordered	region
P42519	1-85	ECO:0000256|SAM:MobiDB-lite	Disordered	region
P42519	111-267	ECO:0000256|SAM:MobiDB-lite	Disordered	region
P43125	268-378	ECO:0000256|SAM:MobiDB-lite	Disordered	region
P43125	427-454	ECO:0000256|SAM:MobiDB-lite	Disordered	region
P43125	472-500	ECO:0000256|SAM:MobiDB-lite	Disordered	region
P43125	660-692	ECO:0000256|SAM:MobiDB-lite	Disordered	region
P43332	97-142	ECO:0000256|SAM:MobiDB-lite	Disordered	region
P45437	490-530	ECO:0000256|SAM:MobiDB-lite	Disordered	region
P45447	173-210	ECO:0000256|SAM:MobiDB-lite	Disordered	region
P45447	230-353	ECO:0000256|SAM:MobiDB-lite	Disordered	region
P45447	28-83	ECO:0000256|SAM:MobiDB-lite	Disordered	region
P45447	444-557	ECO:0000256|SAM:MobiDB-lite	Disordered	region
P45447	97-138	ECO:0000256|SAM:MobiDB-lite	Disordered	region
P45843	26-55	ECO:0000256|SAM:MobiDB-lite	Disordered	region
P45891	1-40	ECO:0000269|PubMed:34282725	Necessary and sufficient for recruitment to the fusome and actin cones of spermatocyte cysts	region
P45975	123-161	ECO:0000256|SAM:MobiDB-lite	Disordered	region
P45975	191-210	ECO:0000256|SAM:MobiDB-lite	Disordered	region
P45975	81-188		Binds to Su(var)205 and Suvar(3)7	region
P46150	463-555	ECO:0000256|SAM:MobiDB-lite	Disordered	region
P46824	156-175	ECO:0000256|SAM:MobiDB-lite	Disordered	region
P46824	484-508	ECO:0000256|SAM:MobiDB-lite	Disordered	region
P46863	1016-1066	ECO:0000256|SAM:MobiDB-lite	Disordered	region
P46863	990-1009	ECO:0000256|SAM:MobiDB-lite	Disordered	region
P46867	371-449	ECO:0000256|SAM:MobiDB-lite	Disordered	region
P46867	605-652	ECO:0000256|SAM:MobiDB-lite	Disordered	region
P46867	742-784	ECO:0000256|SAM:MobiDB-lite	Disordered	region
P47825	166-194	ECO:0000256|SAM:MobiDB-lite	Disordered	region
P47825	423-442	ECO:0000256|SAM:MobiDB-lite	Disordered	region
P47825	66-85	ECO:0000256|SAM:MobiDB-lite	Disordered	region
P47825	860-886	ECO:0000256|SAM:MobiDB-lite	Disordered	region
P47980	205-295	ECO:0000256|SAM:MobiDB-lite	Disordered	region
P48375	1-21	ECO:0000256|SAM:MobiDB-lite	Disordered	region
P48423	1026-1051	ECO:0000256|SAM:MobiDB-lite	Disordered	region
P48423	1091-1163	ECO:0000256|SAM:MobiDB-lite	Disordered	region
P48456	1-74	ECO:0000256|SAM:MobiDB-lite	Disordered	region
P48456	545-606	ECO:0000256|SAM:MobiDB-lite	Disordered	region
P48461	308-327	ECO:0000256|SAM:MobiDB-lite	Disordered	region
P48462	308-330	ECO:0000256|SAM:MobiDB-lite	Disordered	region
P48588	1-38	ECO:0000256|SAM:MobiDB-lite	Disordered	region
P48596	33-59	ECO:0000256|SAM:MobiDB-lite	Disordered	region
P48596	79-119	ECO:0000256|SAM:MobiDB-lite	Disordered	region
P48598	1-70	ECO:0000256|SAM:MobiDB-lite	Disordered	region
P48601	1-48	ECO:0000256|SAM:MobiDB-lite	Disordered	region
P48601	82-104	ECO:0000256|SAM:MobiDB-lite	Disordered	region
P48604	35-55	ECO:0000256|SAM:MobiDB-lite	Disordered	region
P48605	525-544	ECO:0000256|SAM:MobiDB-lite	Disordered	region
P48607	152-174	ECO:0000256|SAM:MobiDB-lite	Disordered	region
P48607	56-82	ECO:0000256|SAM:MobiDB-lite	Disordered	region
P48608	1-37	ECO:0000256|SAM:MobiDB-lite	Disordered	region
P48608	1-56	ECO:0000269|PubMed:23853710	Basic region	region
P48608	1039-1072	ECO:0000256|SAM:MobiDB-lite	Disordered	region
P48608	499-589	ECO:0000256|SAM:MobiDB-lite	Disordered	region
P48608	994-1021	ECO:0000256|SAM:MobiDB-lite	Disordered	region
P48612	371-395	ECO:0000256|SAM:MobiDB-lite	Disordered	region
P48613	423-452	ECO:0000256|SAM:MobiDB-lite	Disordered	region
P48809	171-191	ECO:0000256|SAM:MobiDB-lite	Disordered	region
P48809	240-373	ECO:0000256|SAM:MobiDB-lite	Disordered	region
P48809	392-421	ECO:0000256|SAM:MobiDB-lite	Disordered	region
P48810	192-289	ECO:0000256|SAM:MobiDB-lite	Disordered	region
P48810	305-385	ECO:0000256|SAM:MobiDB-lite	Disordered	region
P48987	136-174	ECO:0000256|SAM:MobiDB-lite	Disordered	region
P48987	220-248	ECO:0000256|SAM:MobiDB-lite	Disordered	region
P48994	1-24	ECO:0000256|SAM:MobiDB-lite	Disordered	region
P48994	1031-1124	ECO:0000256|SAM:MobiDB-lite	Disordered	region
P48994	710-728		Calmodulin-binding 1	region
P48994	853-895		Calmodulin-binding 2	region
P48994	978-1013	ECO:0000256|SAM:MobiDB-lite	Disordered	region
P49021	1127-1147	ECO:0000256|SAM:MobiDB-lite	Disordered	region
P49021	1220-1239	ECO:0000256|SAM:MobiDB-lite	Disordered	region
P49021	237-268		Necessary for normal circadian rhythm	region
P49021	254-300	ECO:0000256|SAM:MobiDB-lite	Disordered	region
P49021	322-452	ECO:0000256|SAM:MobiDB-lite	Disordered	region
P49021	478-555	ECO:0000256|SAM:MobiDB-lite	Disordered	region
P49283	1-34	ECO:0000256|SAM:MobiDB-lite	Disordered	region
P49415	28-319	ECO:0000256|SAM:MobiDB-lite	Disordered	region
P49415	373-399	ECO:0000256|SAM:MobiDB-lite	Disordered	region
P49455	101-125	ECO:0000256|SAM:MobiDB-lite	Disordered	region
P49455	288-518	ECO:0000256|SAM:MobiDB-lite	Disordered	region
P49657	1-46	ECO:0000256|SAM:MobiDB-lite	Disordered	region
P49657	119-143	ECO:0000256|SAM:MobiDB-lite	Disordered	region
P49657	552-592	ECO:0000256|SAM:MobiDB-lite	Disordered	region
P49657	623-669	ECO:0000256|SAM:MobiDB-lite	Disordered	region
P49657	863-895	ECO:0000256|SAM:MobiDB-lite	Disordered	region
P49735	1-150	ECO:0000256|SAM:MobiDB-lite	Disordered	region
P49762	1-86	ECO:0000256|SAM:MobiDB-lite	Disordered	region
P49762	135-158	ECO:0000256|SAM:MobiDB-lite	Disordered	region
P49762	179-215	ECO:0000256|SAM:MobiDB-lite	Disordered	region
P49762	258-419	ECO:0000256|SAM:MobiDB-lite	Disordered	region
P49762	809-832	ECO:0000256|SAM:MobiDB-lite	Disordered	region
P49846	287-336	ECO:0000256|SAM:MobiDB-lite	Disordered	region
P49858	1-57		Interaction with grk	region
P49866	474-520	ECO:0000256|SAM:MobiDB-lite	Disordered	region
P49866	563-624	ECO:0000256|SAM:MobiDB-lite	Disordered	region
P49866	684-704	ECO:0000256|SAM:MobiDB-lite	Disordered	region
P49866	93-133	ECO:0000256|SAM:MobiDB-lite	Disordered	region
P49869	150-185	ECO:0000256|SAM:MobiDB-lite	Disordered	region
P49869	263-326	ECO:0000256|SAM:MobiDB-lite	Disordered	region
P49869	437-458	ECO:0000256|SAM:MobiDB-lite	Disordered	region
P49869	492-514	ECO:0000256|SAM:MobiDB-lite	Disordered	region
P49869	529-579	ECO:0000256|SAM:MobiDB-lite	Disordered	region
P49869	55-87	ECO:0000256|SAM:MobiDB-lite	Disordered	region
P49869	618-640	ECO:0000256|SAM:MobiDB-lite	Disordered	region
P49869	819-841	ECO:0000256|SAM:MobiDB-lite	Disordered	region
P49905	17-97	ECO:0000256|SAM:MobiDB-lite	Disordered	region
P49906	1-88	ECO:0000256|SAM:MobiDB-lite	Disordered	region
P49963	122-160	ECO:0000256|SAM:MobiDB-lite	Disordered	region
P50245	43-64	ECO:0000256|SAM:MobiDB-lite	Disordered	region
P50445	222-291	ECO:0000256|SAM:MobiDB-lite	Disordered	region
P50445	304-335	ECO:0000256|SAM:MobiDB-lite	Disordered	region
P50534	460-525	ECO:0000256|SAM:MobiDB-lite	Disordered	region
P50534	571-773	ECO:0000269|PubMed:33208948	C-terminal disordered region (CTD)	region
P50534	572-616	ECO:0000256|SAM:MobiDB-lite	Disordered	region
P50534	620-685	ECO:0000303|PubMed:31320325	Clamp-binding domain (CBD)	region
P50534	650-708	ECO:0000303|PubMed:27580037	Pro	region
P50534	687-773	ECO:0000256|SAM:MobiDB-lite	Disordered	region
P50535	1-44	ECO:0000256|SAM:MobiDB-lite	Disordered	region
P50535	1011-1039	ECO:0000256|SAM:MobiDB-lite	Disordered	region
P50535	171-199	ECO:0000256|SAM:MobiDB-lite	Disordered	region
P50535	244-266	ECO:0000256|SAM:MobiDB-lite	Disordered	region
P50535	358-454	ECO:0000256|SAM:MobiDB-lite	Disordered	region
P50535	485-691	ECO:0000256|SAM:MobiDB-lite	Disordered	region
P50535	729-799	ECO:0000256|SAM:MobiDB-lite	Disordered	region
P50535	886-904	ECO:0000255|PROSITE-ProRule:PRU01397	Interaction with mof HAT domain	region
P50536	98-175	ECO:0000256|SAM:MobiDB-lite	Disordered	region
P50887	1-142	ECO:0000256|SAM:MobiDB-lite	Disordered	region
P50887	155-178	ECO:0000256|SAM:MobiDB-lite	Disordered	region
P51023	303-412	ECO:0000256|SAM:MobiDB-lite	Disordered	region
P51023	430-521	ECO:0000256|SAM:MobiDB-lite	Disordered	region
P51023	545-571	ECO:0000256|SAM:MobiDB-lite	Disordered	region
P51123	1016-1038	ECO:0000256|SAM:MobiDB-lite	Disordered	region
P51123	1149-1208	ECO:0000256|SAM:MobiDB-lite	Disordered	region
P51123	1296-1336	ECO:0000256|SAM:MobiDB-lite	Disordered	region
P51123	1368-1391	ECO:0000256|SAM:MobiDB-lite	Disordered	region
P51123	1415-1435	ECO:0000256|SAM:MobiDB-lite	Disordered	region
P51123	1710-1872	ECO:0000256|SAM:MobiDB-lite	Disordered	region
P51123	1973-1992	ECO:0000256|SAM:MobiDB-lite	Disordered	region
P51123	2018-2042	ECO:0000256|SAM:MobiDB-lite	Disordered	region
P51123	2101-2129	ECO:0000256|SAM:MobiDB-lite	Disordered	region
P51123	246-348	ECO:0000256|SAM:MobiDB-lite	Disordered	region
P51123	377-405	ECO:0000256|SAM:MobiDB-lite	Disordered	region
P51123	445-497	ECO:0000256|SAM:MobiDB-lite	Disordered	region
P51123	77-233	ECO:0000256|SAM:MobiDB-lite	Disordered	region
P51140	166-623		Interaction with nkd	region
P51140	212-239	ECO:0000256|SAM:MobiDB-lite	Disordered	region
P51140	586-615	ECO:0000256|SAM:MobiDB-lite	Disordered	region
P51521	1-31	ECO:0000269|PubMed:26383956	Required for Ubr3 binding and tal-dependent proteolytic processing	region
P51521	100-119	ECO:0000256|SAM:MobiDB-lite	Disordered	region
P51521	1023-1044	ECO:0000256|SAM:MobiDB-lite	Disordered	region
P51521	1113-1192	ECO:0000256|SAM:MobiDB-lite	Disordered	region
P51521	184-397	ECO:0000256|SAM:MobiDB-lite	Disordered	region
P51521	22-77	ECO:0000256|SAM:MobiDB-lite	Disordered	region
P51521	447-554	ECO:0000256|SAM:MobiDB-lite	Disordered	region
P51521	640-665	ECO:0000256|SAM:MobiDB-lite	Disordered	region
P51521	778-807	ECO:0000256|SAM:MobiDB-lite	Disordered	region
P51521	834-887	ECO:0000256|SAM:MobiDB-lite	Disordered	region
P51521	916-1000	ECO:0000256|SAM:MobiDB-lite	Disordered	region
P51592	1008-1035	ECO:0000256|SAM:MobiDB-lite	Disordered	region
P51592	1642-1761	ECO:0000256|SAM:MobiDB-lite	Disordered	region
P51592	2124-2143	ECO:0000256|SAM:MobiDB-lite	Disordered	region
P51592	2473-2492	ECO:0000256|SAM:MobiDB-lite	Disordered	region
P51592	266-291	ECO:0000256|SAM:MobiDB-lite	Disordered	region
P51592	580-664	ECO:0000256|SAM:MobiDB-lite	Disordered	region
P51592	711-731	ECO:0000256|SAM:MobiDB-lite	Disordered	region
P51592	83-138	ECO:0000256|SAM:MobiDB-lite	Disordered	region
P51905	1-53	ECO:0000256|SAM:MobiDB-lite	Disordered	region
P52034	1-392		N-terminal catalytic PFK domain 1	region
P52034	393-410		Interdomain linker	region
P52034	411-788		C-terminal regulatory PFK domain 2	region
P52168	1-23	ECO:0000256|SAM:MobiDB-lite	Disordered	region
P52168	265-296	ECO:0000256|SAM:MobiDB-lite	Disordered	region
P52168	325-360	ECO:0000256|SAM:MobiDB-lite	Disordered	region
P52168	376-456	ECO:0000256|SAM:MobiDB-lite	Disordered	region
P52172	1-25	ECO:0000256|SAM:MobiDB-lite	Disordered	region
P52172	1181-1202	ECO:0000256|SAM:MobiDB-lite	Disordered	region
P52172	161-200	ECO:0000256|SAM:MobiDB-lite	Disordered	region
P52172	234-253	ECO:0000256|SAM:MobiDB-lite	Disordered	region
P52172	405-463	ECO:0000256|SAM:MobiDB-lite	Disordered	region
P52172	523-585	ECO:0000256|SAM:MobiDB-lite	Disordered	region
P52172	599-627	ECO:0000256|SAM:MobiDB-lite	Disordered	region
P52172	841-867	ECO:0000256|SAM:MobiDB-lite	Disordered	region
P52172	899-1048	ECO:0000256|SAM:MobiDB-lite	Disordered	region
P52295	1-28	ECO:0000256|SAM:MobiDB-lite	Disordered	region
P52302	307-348		2 X 21 AA repeats	region
P52302	425-448	ECO:0000256|SAM:MobiDB-lite	Disordered	region
P52302	433-568		7 X approximate tandem repeats, Gly	region
P52485	1-87	ECO:0000256|SAM:MobiDB-lite	Disordered	region
P52654	133-162	ECO:0000256|SAM:MobiDB-lite	Disordered	region
P52654	257-317	ECO:0000256|SAM:MobiDB-lite	Disordered	region
P52654	56-82	ECO:0000256|SAM:MobiDB-lite	Disordered	region
P53403	1-26	ECO:0000256|SAM:MobiDB-lite	Disordered	region
P53624	154-192	ECO:0000256|SAM:MobiDB-lite	Disordered	region
P53997	1-33	ECO:0000256|SAM:MobiDB-lite	Disordered	region
P53997	227-269	ECO:0000256|SAM:MobiDB-lite	Disordered	region
P54269	20-104	ECO:0000256|SAM:MobiDB-lite	Disordered	region
P54269	288-331	ECO:0000256|SAM:MobiDB-lite	Disordered	region
P54269	387-453	ECO:0000256|SAM:MobiDB-lite	Disordered	region
P54269	480-538	ECO:0000256|SAM:MobiDB-lite	Disordered	region
P54269	561-627	ECO:0000256|SAM:MobiDB-lite	Disordered	region
P54269	648-693	ECO:0000256|SAM:MobiDB-lite	Disordered	region
P54350	1-88	ECO:0000256|SAM:MobiDB-lite	Disordered	region
P54350	147-166	ECO:0000256|SAM:MobiDB-lite	Disordered	region
P54352	1-88	ECO:0000256|SAM:MobiDB-lite	Disordered	region
P54353	32-53	ECO:0000256|SAM:MobiDB-lite	Disordered	region
P54358	1-71	ECO:0000256|SAM:MobiDB-lite	Disordered	region
P54359	102-105	ECO:0000255|PROSITE-ProRule:PRU01056	G3 motif	region
P54359	185-188	ECO:0000255|PROSITE-ProRule:PRU01056	G4 motif	region
P54359	259-269	ECO:0000250	Important for dimerization	region
P54359	50-57	ECO:0000255|PROSITE-ProRule:PRU01056	G1 motif	region
P54360	179-222	ECO:0000256|SAM:MobiDB-lite	Disordered	region
P54360	384-421	ECO:0000256|SAM:MobiDB-lite	Disordered	region
P54362	637-660	ECO:0000256|SAM:MobiDB-lite	Disordered	region
P54362	669-688	ECO:0000256|SAM:MobiDB-lite	Disordered	region
P54362	701-723	ECO:0000256|SAM:MobiDB-lite	Disordered	region
P54362	758-1034	ECO:0000256|SAM:MobiDB-lite	Disordered	region
P54366	1-37	ECO:0000256|SAM:MobiDB-lite	Disordered	region
P54366	114-171	ECO:0000256|SAM:MobiDB-lite	Disordered	region
P54366	238-284	ECO:0000256|SAM:MobiDB-lite	Disordered	region
P54366	336-383	ECO:0000256|SAM:MobiDB-lite	Disordered	region
P54366	66-87	ECO:0000256|SAM:MobiDB-lite	Disordered	region
P54397	113-251	ECO:0000256|SAM:MobiDB-lite	Disordered	region
P54399	473-496	ECO:0000256|SAM:MobiDB-lite	Disordered	region
P54623	1220-1249	ECO:0000256|SAM:MobiDB-lite	Disordered	region
P54623	20-41	ECO:0000256|SAM:MobiDB-lite	Disordered	region
P54623	517-554	ECO:0000256|SAM:MobiDB-lite	Disordered	region
P54623	810-849	ECO:0000256|SAM:MobiDB-lite	Disordered	region
P54623	863-893	ECO:0000256|SAM:MobiDB-lite	Disordered	region
P54733	1-30	ECO:0000256|SAM:MobiDB-lite	Disordered	region
P54733	162-205	ECO:0000256|SAM:MobiDB-lite	Disordered	region
P54733	221-289	ECO:0000256|SAM:MobiDB-lite	Disordered	region
P54733	43-149	ECO:0000256|SAM:MobiDB-lite	Disordered	region
P54733	642-709	ECO:0000256|SAM:MobiDB-lite	Disordered	region
P55035	225-278	ECO:0000256|SAM:MobiDB-lite	Disordered	region
P55035	311-341	ECO:0000256|SAM:MobiDB-lite	Disordered	region
P55035	360-396	ECO:0000256|SAM:MobiDB-lite	Disordered	region
P55824	1-85	ECO:0000256|SAM:MobiDB-lite	Disordered	region
P55824	1065-1094	ECO:0000256|SAM:MobiDB-lite	Disordered	region
P55824	2568-2632	ECO:0000256|SAM:MobiDB-lite	Disordered	region
P55824	2644-2691	ECO:0000256|SAM:MobiDB-lite	Disordered	region
P55830	1-21	ECO:0000256|SAM:MobiDB-lite	Disordered	region
P55841	135-166	ECO:0000256|SAM:MobiDB-lite	Disordered	region
P55935	165-195	ECO:0000256|SAM:MobiDB-lite	Disordered	region
P55965	1-60	ECO:0000256|SAM:MobiDB-lite	Disordered	region
P55965	316-407	ECO:0000256|SAM:MobiDB-lite	Disordered	region
P55965	462-488	ECO:0000256|SAM:MobiDB-lite	Disordered	region
P56079	1-49	ECO:0000256|SAM:MobiDB-lite	Disordered	region
P56544	91-120	ECO:0000256|SAM:MobiDB-lite	Disordered	region
P56672	277-369	ECO:0000256|SAM:MobiDB-lite	Disordered	region
P56672	81-114	ECO:0000256|SAM:MobiDB-lite	Disordered	region
P56721	213-220	ECO:0000250	Interaction with DNA	region
P56721	252-255	ECO:0000250	Interaction with DNA	region
P56721	255-278	ECO:0000256|SAM:MobiDB-lite	Disordered	region
P56721	456-492	ECO:0000256|SAM:MobiDB-lite	Disordered	region
P56721	546-575	ECO:0000256|SAM:MobiDB-lite	Disordered	region
P56721	79-82	ECO:0000250	Interaction with DNA	region
P61209	3-16	ECO:0000250|UniProtKB:P84080	Important for the stable binding to the membranes	region
P61857	424-446	ECO:0000256|SAM:MobiDB-lite	Disordered	region
P81900	48-78	ECO:0000256|SAM:MobiDB-lite	Disordered	region
P82147	151-187	ECO:0000256|SAM:MobiDB-lite	Disordered	region
P82295	918-1013	ECO:0000256|SAM:MobiDB-lite	Disordered	region
P82701	26-71	ECO:0000256|SAM:MobiDB-lite	Disordered	region
P82804	1-28	ECO:0000256|SAM:MobiDB-lite	Disordered	region
P82804	52-133	ECO:0000256|SAM:MobiDB-lite	Disordered	region
P82910	609-642	ECO:0000256|SAM:MobiDB-lite	Disordered	region
P83094	40-71	ECO:0000256|SAM:MobiDB-lite	Disordered	region
P83099	1-136	ECO:0000256|SAM:MobiDB-lite	Disordered	region
P83101	355-427	ECO:0000256|SAM:MobiDB-lite	Disordered	region
P83101	446-501	ECO:0000256|SAM:MobiDB-lite	Disordered	region
P83102	1-26	ECO:0000256|SAM:MobiDB-lite	Disordered	region
P83104	339-379	ECO:0000256|SAM:MobiDB-lite	Disordered	region
P83293	1-30	ECO:0000256|SAM:MobiDB-lite	Disordered	region
P83474	142-258	ECO:0000256|SAM:MobiDB-lite	Disordered	region
P83474	298-336	ECO:0000256|SAM:MobiDB-lite	Disordered	region
P83474	71-128	ECO:0000256|SAM:MobiDB-lite	Disordered	region
P83949	138-189	ECO:0000256|SAM:MobiDB-lite	Disordered	region
P84040	1-20	ECO:0000256|SAM:MobiDB-lite	Disordered	region
P84051	1-21	ECO:0000256|SAM:MobiDB-lite	Disordered	region
P91620	1-56	ECO:0000256|SAM:MobiDB-lite	Disordered	region
P91620	1068-1099	ECO:0000256|SAM:MobiDB-lite	Disordered	region
P91620	1391-1414	ECO:0000256|SAM:MobiDB-lite	Disordered	region
P91620	1792-1821	ECO:0000256|SAM:MobiDB-lite	Disordered	region
P91620	181-241	ECO:0000256|SAM:MobiDB-lite	Disordered	region
P91620	1833-2028	ECO:0000256|SAM:MobiDB-lite	Disordered	region
P91620	2040-2061	ECO:0000256|SAM:MobiDB-lite	Disordered	region
P91620	259-399	ECO:0000256|SAM:MobiDB-lite	Disordered	region
P91620	453-474	ECO:0000256|SAM:MobiDB-lite	Disordered	region
P91620	536-600	ECO:0000256|SAM:MobiDB-lite	Disordered	region
P91620	62-249		4 X 25 AA approximate repeats	region
P91621	1088-1119	ECO:0000256|SAM:MobiDB-lite	Disordered	region
P91621	1403-1424	ECO:0000256|SAM:MobiDB-lite	Disordered	region
P91621	153-188	ECO:0000256|SAM:MobiDB-lite	Disordered	region
P91621	1803-1832	ECO:0000256|SAM:MobiDB-lite	Disordered	region
P91621	1844-2039	ECO:0000256|SAM:MobiDB-lite	Disordered	region
P91621	2051-2072	ECO:0000256|SAM:MobiDB-lite	Disordered	region
P91621	245-284	ECO:0000256|SAM:MobiDB-lite	Disordered	region
P91621	327-355	ECO:0000256|SAM:MobiDB-lite	Disordered	region
P91621	459-486	ECO:0000256|SAM:MobiDB-lite	Disordered	region
P91621	502-576	ECO:0000256|SAM:MobiDB-lite	Disordered	region
P91621	618-655	ECO:0000256|SAM:MobiDB-lite	Disordered	region
P91621	699-747	ECO:0000256|SAM:MobiDB-lite	Disordered	region
P91623	1-65	ECO:0000256|SAM:MobiDB-lite	Disordered	region
P91623	161-198	ECO:0000256|SAM:MobiDB-lite	Disordered	region
P91623	232-260	ECO:0000256|SAM:MobiDB-lite	Disordered	region
P91645	1306-1348	ECO:0000250	Phenylalkylamine binding	region
P91645	1423-1851	ECO:0000269|PubMed:19596851	Interaction with brp	region
P91645	1513-1572	ECO:0000256|SAM:MobiDB-lite	Disordered	region
P91645	1588-1653	ECO:0000256|SAM:MobiDB-lite	Disordered	region
P91645	1685-1764	ECO:0000256|SAM:MobiDB-lite	Disordered	region
P91645	1823-1851	ECO:0000256|SAM:MobiDB-lite	Disordered	region
P91645	381-417	ECO:0000256|SAM:MobiDB-lite	Disordered	region
P91645	710-741	ECO:0000256|SAM:MobiDB-lite	Disordered	region
P91657	357-382	ECO:0000256|SAM:MobiDB-lite	Disordered	region
P91660	1-40	ECO:0000256|SAM:MobiDB-lite	Disordered	region
P91660	466-492	ECO:0000256|SAM:MobiDB-lite	Disordered	region
P91660	723-766	ECO:0000256|SAM:MobiDB-lite	Disordered	region
P91664	1-59	ECO:0000256|SAM:MobiDB-lite	Disordered	region
P91664	122-161	ECO:0000256|SAM:MobiDB-lite	Disordered	region
P91679	1-28	ECO:0000256|SAM:MobiDB-lite	Disordered	region
P91682	678-745	ECO:0000256|SAM:MobiDB-lite	Disordered	region
P91682	870-902	ECO:0000256|SAM:MobiDB-lite	Disordered	region
P91685	920-946	ECO:0000256|SAM:MobiDB-lite	Disordered	region
P91875	1337-1428	ECO:0000256|SAM:MobiDB-lite	Disordered	region
P91875	939-951	ECO:0000250	Bridging helix	region
P91926	651-679	ECO:0000256|SAM:MobiDB-lite	Disordered	region
P91927	877-1004	ECO:0000256|SAM:MobiDB-lite	Disordered	region
P91928	154-219	ECO:0000256|SAM:MobiDB-lite	Disordered	region
P91928	23-63	ECO:0000256|SAM:MobiDB-lite	Disordered	region
P91938	59-87	ECO:0000256|SAM:MobiDB-lite	Disordered	region
P91943	1-53	ECO:0000250	Beta-catenin binding site	region
P91943	233-273	ECO:0000256|SAM:MobiDB-lite	Disordered	region
P91943	349-371	ECO:0000256|SAM:MobiDB-lite	Disordered	region
P91943	406-477	ECO:0000256|SAM:MobiDB-lite	Disordered	region
P91943	46-70	ECO:0000256|SAM:MobiDB-lite	Disordered	region
P91943	514-545	ECO:0000256|SAM:MobiDB-lite	Disordered	region
P91943	695-751	ECO:0000256|SAM:MobiDB-lite	Disordered	region
P92029	95-119	ECO:0000256|SAM:MobiDB-lite	Disordered	region
P92177	236-262	ECO:0000256|SAM:MobiDB-lite	Disordered	region
P92189	146-166	ECO:0000256|SAM:MobiDB-lite	Disordered	region
P92189	227-248	ECO:0000256|SAM:MobiDB-lite	Disordered	region
P92204	141-166	ECO:0000256|SAM:MobiDB-lite	Disordered	region
P92204	25-112	ECO:0000256|SAM:MobiDB-lite	Disordered	region
P98081	1212-1321	ECO:0000256|SAM:MobiDB-lite	Disordered	region
P98081	1334-1519	ECO:0000256|SAM:MobiDB-lite	Disordered	region
P98081	1545-1566	ECO:0000256|SAM:MobiDB-lite	Disordered	region
P98081	1603-2100	ECO:0000256|SAM:MobiDB-lite	Disordered	region
P98081	1631-1743		Repeat-rich region	region
P98081	2134-2164	ECO:0000256|SAM:MobiDB-lite	Disordered	region
P98081	2177-2224	ECO:0000256|SAM:MobiDB-lite	Disordered	region
P98081	281-377	ECO:0000256|SAM:MobiDB-lite	Disordered	region
P98081	607-654	ECO:0000256|SAM:MobiDB-lite	Disordered	region
P98081	704-724	ECO:0000256|SAM:MobiDB-lite	Disordered	region
P98081	766-906	ECO:0000256|SAM:MobiDB-lite	Disordered	region
P98149	445-464	ECO:0000256|SAM:MobiDB-lite	Disordered	region
P98149	604-638	ECO:0000256|SAM:MobiDB-lite	Disordered	region
P98159	1530-1557	ECO:0000256|SAM:MobiDB-lite	Disordered	region
P98159	1683-1704	ECO:0000256|SAM:MobiDB-lite	Disordered	region
P98159	352-375	ECO:0000256|SAM:MobiDB-lite	Disordered	region
P98159	537-574	ECO:0000256|SAM:MobiDB-lite	Disordered	region
P98159	798-817	ECO:0000256|SAM:MobiDB-lite	Disordered	region
P98163	1-48	ECO:0000256|SAM:MobiDB-lite	Disordered	region
P98163	1927-1951	ECO:0000256|SAM:MobiDB-lite	Disordered	region
P98163	1965-1984	ECO:0000256|SAM:MobiDB-lite	Disordered	region
Q00168	291-301		Calmodulin-binding	region
Q00168	320-358	ECO:0000256|SAM:MobiDB-lite	Disordered	region
Q00174	2112-2671		Domain II and I	region
Q00174	3244-3297	ECO:0000256|SAM:MobiDB-lite	Disordered	region
Q00174	816-1374		Domain IV	region
Q00449	644-714	ECO:0000256|SAM:MobiDB-lite	Disordered	region
Q00725	141-218	ECO:0000256|SAM:MobiDB-lite	Disordered	region
Q00725	243-297	ECO:0000256|SAM:MobiDB-lite	Disordered	region
Q00725	26-179		22 X 7 AA approximate tandem repeats of T-[ETK]-[PT]-P-[RKT]-C-[ERK]	region
Q00725	26-84	ECO:0000256|SAM:MobiDB-lite	Disordered	region
Q00748	1-23	ECO:0000256|SAM:MobiDB-lite	Disordered	region
Q00963	1-271		Actin-binding	region
Q00963	2097-2152	ECO:0000256|SAM:MobiDB-lite	Disordered	region
Q00963	2262-2291	ECO:0000256|SAM:MobiDB-lite	Disordered	region
Q01068	205-224	ECO:0000256|SAM:MobiDB-lite	Disordered	region
Q01069	163-195	ECO:0000256|SAM:MobiDB-lite	Disordered	region
Q01071	147-173	ECO:0000256|SAM:MobiDB-lite	Disordered	region
Q01083	33-71	ECO:0000256|SAM:MobiDB-lite	Disordered	region
Q01295	135-185	ECO:0000256|SAM:MobiDB-lite	Disordered	region
Q01295	218-378	ECO:0000256|SAM:MobiDB-lite	Disordered	region
Q01295	445-496	ECO:0000256|SAM:MobiDB-lite	Disordered	region
Q01295	532-583	ECO:0000256|SAM:MobiDB-lite	Disordered	region
Q01295	604-626	ECO:0000256|SAM:MobiDB-lite	Disordered	region
Q01295	694-727	ECO:0000256|SAM:MobiDB-lite	Disordered	region
Q01583	174-244	ECO:0000256|SAM:MobiDB-lite	Disordered	region
Q01583	789-841	ECO:0000256|SAM:MobiDB-lite	Disordered	region
Q01583	874-893	ECO:0000256|SAM:MobiDB-lite	Disordered	region
Q01583	910-958	ECO:0000256|SAM:MobiDB-lite	Disordered	region
Q01617	147-166	ECO:0000256|SAM:MobiDB-lite	Disordered	region
Q01617	282-311	ECO:0000256|SAM:MobiDB-lite	Disordered	region
Q01617	324-365	ECO:0000256|SAM:MobiDB-lite	Disordered	region
Q01617	388-410	ECO:0000256|SAM:MobiDB-lite	Disordered	region
Q01617	91-164		7 X 5 AA approximate repeats of P-V-S-V-P	region
Q01637	1-207		OPRTase	region
Q01637	208-233		Domain linker	region
Q01637	234-493		OMPdecase	region
Q01819	29-54	ECO:0000256|SAM:MobiDB-lite	Disordered	region
Q01819	503-536	ECO:0000256|SAM:MobiDB-lite	Disordered	region
Q01820	17-43	ECO:0000256|SAM:MobiDB-lite	Disordered	region
Q01820	517-553	ECO:0000256|SAM:MobiDB-lite	Disordered	region
Q01842	133-295	ECO:0000256|SAM:MobiDB-lite	Disordered	region
Q01842	496-548	ECO:0000256|SAM:MobiDB-lite	Disordered	region
Q01842	590-647	ECO:0000256|SAM:MobiDB-lite	Disordered	region
Q01842	674-732	ECO:0000256|SAM:MobiDB-lite	Disordered	region
Q01989	1187-1193		Hydrophobic region	region
Q01989	1233-1253	ECO:0000256|SAM:MobiDB-lite	Disordered	region
Q01989	647-666		Actin-binding	region
Q02280	1022-1097	ECO:0000256|SAM:MobiDB-lite	Disordered	region
Q02280	1115-1174	ECO:0000256|SAM:MobiDB-lite	Disordered	region
Q02280	742-763	ECO:0000256|SAM:MobiDB-lite	Disordered	region
Q02280	778-842	ECO:0000256|SAM:MobiDB-lite	Disordered	region
Q02280	865-884	ECO:0000256|SAM:MobiDB-lite	Disordered	region
Q02280	930-977	ECO:0000256|SAM:MobiDB-lite	Disordered	region
Q02308	14-75	ECO:0000256|SAM:MobiDB-lite	Disordered	region
Q02308	269-322	ECO:0000256|SAM:MobiDB-lite	Disordered	region
Q02308	340-368	ECO:0000256|SAM:MobiDB-lite	Disordered	region
Q02308	408-504	ECO:0000256|SAM:MobiDB-lite	Disordered	region
Q02308	533-876	ECO:0000256|SAM:MobiDB-lite	Disordered	region
Q02308	97-141	ECO:0000256|SAM:MobiDB-lite	Disordered	region
Q02308	976-1077	ECO:0000256|SAM:MobiDB-lite	Disordered	region
Q02360	183-224	ECO:0000256|SAM:MobiDB-lite	Disordered	region
Q02360	276-295	ECO:0000256|SAM:MobiDB-lite	Disordered	region
Q02360	305-324	ECO:0000256|SAM:MobiDB-lite	Disordered	region
Q02361	1-29	ECO:0000256|SAM:MobiDB-lite	Disordered	region
Q02361	280-305	ECO:0000256|SAM:MobiDB-lite	Disordered	region
Q02361	351-392	ECO:0000256|SAM:MobiDB-lite	Disordered	region
Q02361	404-429	ECO:0000256|SAM:MobiDB-lite	Disordered	region
Q02361	55-80	ECO:0000256|SAM:MobiDB-lite	Disordered	region
Q02427	78-115	ECO:0000256|SAM:MobiDB-lite	Disordered	region
Q02637	211-233	ECO:0000256|SAM:MobiDB-lite	Disordered	region
Q02637	276-302	ECO:0000256|SAM:MobiDB-lite	Disordered	region
Q02637	334-386	ECO:0000256|SAM:MobiDB-lite	Disordered	region
Q02637	367-396	ECO:0000255|PROSITE-ProRule:PRU00978	Basic motif	region
Q02637	398-405	ECO:0000255|PROSITE-ProRule:PRU00978	Leucine-zipper	region
Q02645	1-36	ECO:0000256|SAM:MobiDB-lite	Disordered	region
Q02645	897-956	ECO:0000256|SAM:MobiDB-lite	Disordered	region
Q02748	1-20	ECO:0000256|SAM:MobiDB-lite	Disordered	region
Q02870	1-62	ECO:0000256|SAM:MobiDB-lite	Disordered	region
Q02870	235-254	ECO:0000256|SAM:MobiDB-lite	Disordered	region
Q02870	746-765	ECO:0000256|SAM:MobiDB-lite	Disordered	region
Q02910	816-858		Leucine-zipper	region
Q02926	221-471	ECO:0000256|SAM:MobiDB-lite	Disordered	region
Q03017	1-148	ECO:0000256|SAM:MobiDB-lite	Disordered	region
Q03017	171-212	ECO:0000256|SAM:MobiDB-lite	Disordered	region
Q03019	1-27	ECO:0000256|SAM:MobiDB-lite	Disordered	region
Q03042	1-192	ECO:0000250	Regulatory	region
Q03042	114-134	ECO:0000256|SAM:MobiDB-lite	Disordered	region
Q03043	1-69	ECO:0000250	Dimerization	region
Q03043	1064-1088	ECO:0000256|SAM:MobiDB-lite	Disordered	region
Q03043	128-158	ECO:0000256|SAM:MobiDB-lite	Disordered	region
Q03043	15-39	ECO:0000256|SAM:MobiDB-lite	Disordered	region
Q03043	191-211	ECO:0000256|SAM:MobiDB-lite	Disordered	region
Q03043	305-336	ECO:0000256|SAM:MobiDB-lite	Disordered	region
Q03043	441-477	ECO:0000256|SAM:MobiDB-lite	Disordered	region
Q03043	70-528	ECO:0000250	Regulatory	region
Q03372	1-76	ECO:0000256|SAM:MobiDB-lite	Disordered	region
Q03372	142-185	ECO:0000256|SAM:MobiDB-lite	Disordered	region
Q03372	214-279	ECO:0000256|SAM:MobiDB-lite	Disordered	region
Q03372	307-342	ECO:0000256|SAM:MobiDB-lite	Disordered	region
Q03372	90-113	ECO:0000256|SAM:MobiDB-lite	Disordered	region
Q03427	1-38		Head	region
Q03427	1-47	ECO:0000256|SAM:MobiDB-lite	Disordered	region
Q03427	133-160		Linker 1	region
Q03427	161-228	ECO:0000255	Coil 1B	region
Q03427	229-300		Linker 2	region
Q03427	301-395	ECO:0000255	Coil 2	region
Q03427	39-132	ECO:0000255	Coil 1A	region
Q03427	396-621		Tail	region
Q03427	404-458	ECO:0000256|SAM:MobiDB-lite	Disordered	region
Q03427	585-605	ECO:0000256|SAM:MobiDB-lite	Disordered	region
Q03445	300-321	ECO:0000256|SAM:MobiDB-lite	Disordered	region
Q03445	354-379	ECO:0000256|SAM:MobiDB-lite	Disordered	region
Q03720	1017-1037		Segment S10	region
Q03720	1170-1200	ECO:0000256|SAM:MobiDB-lite	Disordered	region
Q03720	505-525		Segment S7	region
Q03720	563-583		Segment S8	region
Q03720	681-713	ECO:0000256|SAM:MobiDB-lite	Disordered	region
Q03720	746-785	ECO:0000256|SAM:MobiDB-lite	Disordered	region
Q03720	828-848		Segment S9	region
Q03751	146-177	ECO:0000256|SAM:MobiDB-lite	Disordered	region
Q03751	218-249	ECO:0000256|SAM:MobiDB-lite	Disordered	region
Q04047	1-270	ECO:0000256|SAM:MobiDB-lite	Disordered	region
Q04047	568-591	ECO:0000256|SAM:MobiDB-lite	Disordered	region
Q04047	677-700	ECO:0000256|SAM:MobiDB-lite	Disordered	region
Q04164	1070-1131	ECO:0000256|SAM:MobiDB-lite	Disordered	region
Q04164	1147-1180	ECO:0000256|SAM:MobiDB-lite	Disordered	region
Q04164	1222-1277	ECO:0000256|SAM:MobiDB-lite	Disordered	region
Q04164	230-286	ECO:0000256|SAM:MobiDB-lite	Disordered	region
Q04164	311-384	ECO:0000256|SAM:MobiDB-lite	Disordered	region
Q04164	416-459	ECO:0000256|SAM:MobiDB-lite	Disordered	region
Q04164	486-515	ECO:0000256|SAM:MobiDB-lite	Disordered	region
Q04164	616-642	ECO:0000256|SAM:MobiDB-lite	Disordered	region
Q04164	70-205	ECO:0000256|SAM:MobiDB-lite	Disordered	region
Q04164	910-1056	ECO:0000256|SAM:MobiDB-lite	Disordered	region
Q04499	216-239	ECO:0000256|SAM:MobiDB-lite	Disordered	region
Q04499	76-113	ECO:0000256|SAM:MobiDB-lite	Disordered	region
Q04652	108-137	ECO:0000256|SAM:MobiDB-lite	Disordered	region
Q04652	1119-1200	ECO:0000256|SAM:MobiDB-lite	Disordered	region
Q04652	1291-1326	ECO:0000256|SAM:MobiDB-lite	Disordered	region
Q04652	1359-1416	ECO:0000256|SAM:MobiDB-lite	Disordered	region
Q04652	1446-1477	ECO:0000256|SAM:MobiDB-lite	Disordered	region
Q04652	19-62	ECO:0000256|SAM:MobiDB-lite	Disordered	region
Q04652	744-841	ECO:0000256|SAM:MobiDB-lite	Disordered	region
Q04652	76-96	ECO:0000256|SAM:MobiDB-lite	Disordered	region
Q04688	138-173	ECO:0000256|SAM:MobiDB-lite	Disordered	region
Q04688	281-300	ECO:0000256|SAM:MobiDB-lite	Disordered	region
Q04787	1-27	ECO:0000256|SAM:MobiDB-lite	Disordered	region
Q04787	326-429	ECO:0000256|SAM:MobiDB-lite	Disordered	region
Q04787	59-204	ECO:0000256|SAM:MobiDB-lite	Disordered	region
Q05192	1-20	ECO:0000256|SAM:MobiDB-lite	Disordered	region
Q05192	114-133	ECO:0000256|SAM:MobiDB-lite	Disordered	region
Q05192	209-289	ECO:0000256|SAM:MobiDB-lite	Disordered	region
Q05192	325-366	ECO:0000256|SAM:MobiDB-lite	Disordered	region
Q05192	516-540	ECO:0000256|SAM:MobiDB-lite	Disordered	region
Q05201	200-223	ECO:0000256|SAM:MobiDB-lite	Disordered	region
Q05201	22-131	ECO:0000256|SAM:MobiDB-lite	Disordered	region
Q05201	365-419	ECO:0000256|SAM:MobiDB-lite	Disordered	region
Q05201	437-489	ECO:0000256|SAM:MobiDB-lite	Disordered	region
Q05319	1-22	ECO:0000256|SAM:MobiDB-lite	Disordered	region
Q05319	225-516	ECO:0000256|SAM:MobiDB-lite	Disordered	region
Q05337	186-194	ECO:0000255|PROSITE-ProRule:PRU01230	G2 motif	region
Q05337	217-226	ECO:0000255|PROSITE-ProRule:PRU01230	G3 motif	region
Q05337	286-293	ECO:0000255|PROSITE-ProRule:PRU01230	G4 motif	region
Q05337	369-374	ECO:0000255|PROSITE-ProRule:PRU01230	G5 motif	region
Q05337	49-62	ECO:0000255|PROSITE-ProRule:PRU01230	G1 motif	region
Q05344	459-564	ECO:0000256|SAM:MobiDB-lite	Disordered	region
Q05344	586-723	ECO:0000256|SAM:MobiDB-lite	Disordered	region
Q05652	1-25	ECO:0000256|SAM:MobiDB-lite	Disordered	region
Q05652	144-176	ECO:0000256|SAM:MobiDB-lite	Disordered	region
Q05733	575-662	ECO:0000256|SAM:MobiDB-lite	Disordered	region
Q05733	769-798	ECO:0000256|SAM:MobiDB-lite	Disordered	region
Q05733	813-847	ECO:0000256|SAM:MobiDB-lite	Disordered	region
Q05783	72-112	ECO:0000256|SAM:MobiDB-lite	Disordered	region
Q05856	111-197		4 X 3 AA repeats of G-R-G	region
Q05856	170-199	ECO:0000256|SAM:MobiDB-lite	Disordered	region
Q05913	1-36	ECO:0000256|SAM:MobiDB-lite	Disordered	region
Q05913	236-508	ECO:0000256|SAM:MobiDB-lite	Disordered	region
Q06453	258-313	ECO:0000256|SAM:MobiDB-lite	Disordered	region
Q06453	331-379	ECO:0000256|SAM:MobiDB-lite	Disordered	region
Q06453	50-82	ECO:0000256|SAM:MobiDB-lite	Disordered	region
Q06559	201-246	ECO:0000256|SAM:MobiDB-lite	Disordered	region
Q06943	72-111	ECO:0000256|SAM:MobiDB-lite	Disordered	region
Q07171	128-131	ECO:0000250	Actin-actin interfilament contact point	region
Q07171	451-792	ECO:0000255	Actin-binding, Ca-sensitive	region
Q07171	57-181	ECO:0000255	Actin-severing	region
Q07407	56-101	ECO:0000256|SAM:MobiDB-lite	Disordered	region
Q07436	1000-1022	ECO:0000256|SAM:MobiDB-lite	Disordered	region
Q07436	1190-1267	ECO:0000256|SAM:MobiDB-lite	Disordered	region
Q07436	1345-1398	ECO:0000256|SAM:MobiDB-lite	Disordered	region
Q07436	176-212	ECO:0000256|SAM:MobiDB-lite	Disordered	region
Q07436	520-566	ECO:0000256|SAM:MobiDB-lite	Disordered	region
Q07436	611-656	ECO:0000256|SAM:MobiDB-lite	Disordered	region
Q07436	688-732	ECO:0000256|SAM:MobiDB-lite	Disordered	region
Q07436	766-792	ECO:0000256|SAM:MobiDB-lite	Disordered	region
Q07436	815-880	ECO:0000256|SAM:MobiDB-lite	Disordered	region
Q07436	939-963	ECO:0000256|SAM:MobiDB-lite	Disordered	region
Q07886	448-521	ECO:0000256|SAM:MobiDB-lite	Disordered	region
Q08180	640-660	ECO:0000256|SAM:MobiDB-lite	Disordered	region
Q08180	691-719	ECO:0000256|SAM:MobiDB-lite	Disordered	region
Q08473	1-55	ECO:0000256|SAM:MobiDB-lite	Disordered	region
Q08473	214-238	ECO:0000256|SAM:MobiDB-lite	Disordered	region
Q08473	215-254	ECO:0000305|PubMed:10197986	M9-like motif	region
Q08473	300-338	ECO:0000305|PubMed:10197986	M9 motif	region
Q08473	301-344	ECO:0000256|SAM:MobiDB-lite	Disordered	region
Q08605	201-397	ECO:0000269|PubMed:11583616	Interaction with E(bx)	region
Q08605	298-343	ECO:0000256|SAM:MobiDB-lite	Disordered	region
Q08605	364-404	ECO:0000256|SAM:MobiDB-lite	Disordered	region
Q09101	129-185	ECO:0000256|SAM:MobiDB-lite	Disordered	region
Q09101	261-378	ECO:0000256|SAM:MobiDB-lite	Disordered	region
Q09101	393-447	ECO:0000256|SAM:MobiDB-lite	Disordered	region
Q09101	929-958	ECO:0000256|SAM:MobiDB-lite	Disordered	region
Q09103	1-123	ECO:0000256|SAM:MobiDB-lite	Disordered	region
Q09103	1264-1302	ECO:0000256|SAM:MobiDB-lite	Disordered	region
Q09103	136-177	ECO:0000256|SAM:MobiDB-lite	Disordered	region
Q09103	207-339	ECO:0000256|SAM:MobiDB-lite	Disordered	region
Q09103	758-799	ECO:0000256|SAM:MobiDB-lite	Disordered	region
Q09147	1017-1038	ECO:0000256|SAM:MobiDB-lite	Disordered	region
Q09147	358-393	ECO:0000256|SAM:MobiDB-lite	Disordered	region
Q09332	1227-1548	ECO:0000250	Glucosyltransferase	region
Q09332	1512-1548	ECO:0000256|SAM:MobiDB-lite	Disordered	region
Q09332	243-265	ECO:0000256|SAM:MobiDB-lite	Disordered	region
Q0E8F2	102-264	ECO:0000250|UniProtKB:Q6NUK1	Regulatory N-terminal domain	region
Q0E8F2	250-259	ECO:0000250|UniProtKB:Q6NUK1	Linker region	region
Q0E8F2	265-583	ECO:0000250|UniProtKB:Q6NUK1	C-terminal transmembrane transporter domain	region
Q0E908	97-141	ECO:0000256|SAM:MobiDB-lite	Disordered	region
Q0E940	1-33	ECO:0000256|SAM:MobiDB-lite	Disordered	region
Q0E961	1-62	ECO:0000256|SAM:MobiDB-lite	Disordered	region
Q0E961	1086-1136	ECO:0000256|SAM:MobiDB-lite	Disordered	region
Q0E961	1169-1238	ECO:0000256|SAM:MobiDB-lite	Disordered	region
Q0E961	1256-1275	ECO:0000256|SAM:MobiDB-lite	Disordered	region
Q0E961	221-284	ECO:0000256|SAM:MobiDB-lite	Disordered	region
Q0E961	363-473	ECO:0000256|SAM:MobiDB-lite	Disordered	region
Q0E9G3	214-239	ECO:0000256|SAM:MobiDB-lite	Disordered	region
Q0E9G3	374-415	ECO:0000256|SAM:MobiDB-lite	Disordered	region
Q0E9G3	547-669	ECO:0000256|SAM:MobiDB-lite	Disordered	region
Q0E9G3	759-834	ECO:0000256|SAM:MobiDB-lite	Disordered	region
Q0E9H9	1688-1719	ECO:0000256|SAM:MobiDB-lite	Disordered	region
Q0E9H9	1787-1846	ECO:0000256|SAM:MobiDB-lite	Disordered	region
Q0E9H9	1862-2016	ECO:0000256|SAM:MobiDB-lite	Disordered	region
Q0KHQ5	324-457	ECO:0000256|SAM:MobiDB-lite	Disordered	region
Q0KHQ5	485-508	ECO:0000256|SAM:MobiDB-lite	Disordered	region
Q0KHQ5	629-648	ECO:0000256|SAM:MobiDB-lite	Disordered	region
Q0KHQ5	677-707	ECO:0000256|SAM:MobiDB-lite	Disordered	region
Q0KHT7	308-388	ECO:0000256|SAM:MobiDB-lite	Disordered	region
Q0KHT7	412-440	ECO:0000256|SAM:MobiDB-lite	Disordered	region
Q0KHT7	511-583	ECO:0000256|SAM:MobiDB-lite	Disordered	region
Q0KHT7	614-650	ECO:0000256|SAM:MobiDB-lite	Disordered	region
Q0KHV6	279-322	ECO:0000256|SAM:MobiDB-lite	Disordered	region
Q0KHY3	1229-1454	ECO:0000256|SAM:MobiDB-lite	Disordered	region
Q0KI50	1-65	ECO:0000256|SAM:MobiDB-lite	Disordered	region
Q0KI50	1012-1036	ECO:0000256|SAM:MobiDB-lite	Disordered	region
Q0KI50	1179-1209	ECO:0000256|SAM:MobiDB-lite	Disordered	region
Q0KI50	1673-1701	ECO:0000256|SAM:MobiDB-lite	Disordered	region
Q0KI50	1744-1854	ECO:0000256|SAM:MobiDB-lite	Disordered	region
Q0KI50	240-352	ECO:0000256|SAM:MobiDB-lite	Disordered	region
Q0KI50	516-548	ECO:0000256|SAM:MobiDB-lite	Disordered	region
Q0KI50	595-650	ECO:0000256|SAM:MobiDB-lite	Disordered	region
Q0KI50	716-740	ECO:0000256|SAM:MobiDB-lite	Disordered	region
Q0KI50	783-830	ECO:0000256|SAM:MobiDB-lite	Disordered	region
Q0KI50	84-161	ECO:0000256|SAM:MobiDB-lite	Disordered	region
Q0KIA2	121-222	ECO:0000256|SAM:MobiDB-lite	Disordered	region
Q0KIA2	503-530	ECO:0000256|SAM:MobiDB-lite	Disordered	region
Q0KIA2	678-709	ECO:0000256|SAM:MobiDB-lite	Disordered	region
Q0KIC3	1-67	ECO:0000256|SAM:MobiDB-lite	Disordered	region
Q0KIC3	1151-1181	ECO:0000256|SAM:MobiDB-lite	Disordered	region
Q0KIC3	1231-1250	ECO:0000256|SAM:MobiDB-lite	Disordered	region
Q0KIC3	178-199	ECO:0000256|SAM:MobiDB-lite	Disordered	region
Q0KIC3	238-287	ECO:0000256|SAM:MobiDB-lite	Disordered	region
Q0KIC3	380-414	ECO:0000256|SAM:MobiDB-lite	Disordered	region
Q0KIC3	427-447	ECO:0000256|SAM:MobiDB-lite	Disordered	region
Q0KIC3	486-531	ECO:0000256|SAM:MobiDB-lite	Disordered	region
Q0KIC3	652-679	ECO:0000256|SAM:MobiDB-lite	Disordered	region
Q0KIC3	799-820	ECO:0000256|SAM:MobiDB-lite	Disordered	region
Q0KIC3	860-897	ECO:0000256|SAM:MobiDB-lite	Disordered	region
Q11002	388-557		Domain III	region
Q11002	558-577		Linker	region
Q11002	578-828		Domain IV	region
Q1LZ08	592-616	ECO:0000256|SAM:MobiDB-lite	Disordered	region
Q1LZ24	161-194	ECO:0000269|PubMed:38769058	Involved in interaction with Cp190	region
Q1LZ24	294-319	ECO:0000269|PubMed:38769058	Involved in interaction with Cp190	region
Q23971	43-84	ECO:0000256|SAM:MobiDB-lite	Disordered	region
Q23972	1-69	ECO:0000256|SAM:MobiDB-lite	Disordered	region
Q23972	329-349	ECO:0000256|SAM:MobiDB-lite	Disordered	region
Q23972	583-763		Interaction with cup	region
Q23972	773-892	ECO:0000256|SAM:MobiDB-lite	Disordered	region
Q23972	955-977	ECO:0000256|SAM:MobiDB-lite	Disordered	region
Q23973	83-106	ECO:0000256|SAM:MobiDB-lite	Disordered	region
Q23976	550-570	ECO:0000256|SAM:MobiDB-lite	Disordered	region
Q23977	1042-1108	ECO:0000256|SAM:MobiDB-lite	Disordered	region
Q23977	1122-1178	ECO:0000256|SAM:MobiDB-lite	Disordered	region
Q23977	115-148	ECO:0000256|SAM:MobiDB-lite	Disordered	region
Q23977	522-648	ECO:0000256|SAM:MobiDB-lite	Disordered	region
Q23977	715-783	ECO:0000256|SAM:MobiDB-lite	Disordered	region
Q23977	74-103	ECO:0000256|SAM:MobiDB-lite	Disordered	region
Q23977	797-851	ECO:0000256|SAM:MobiDB-lite	Disordered	region
Q23977	912-933	ECO:0000256|SAM:MobiDB-lite	Disordered	region
Q23977	999-1026	ECO:0000256|SAM:MobiDB-lite	Disordered	region
Q23978	567-589	ECO:0000255|PROSITE-ProRule:PRU00782	Actin-binding	region
Q23979	578-600	ECO:0000255|PROSITE-ProRule:PRU00782	Actin-binding	region
Q23985	1-304		Interaction with Notch	region
Q23985	216-316	ECO:0000256|SAM:MobiDB-lite	Disordered	region
Q23985	335-361	ECO:0000256|SAM:MobiDB-lite	Disordered	region
Q23985	377-440	ECO:0000256|SAM:MobiDB-lite	Disordered	region
Q23985	467-506	ECO:0000256|SAM:MobiDB-lite	Disordered	region
Q24008	133-192	ECO:0000256|SAM:MobiDB-lite	Disordered	region
Q24008	458-481	ECO:0000256|SAM:MobiDB-lite	Disordered	region
Q24009	559-660	ECO:0000256|SAM:MobiDB-lite	Disordered	region
Q24009	751-772	ECO:0000256|SAM:MobiDB-lite	Disordered	region
Q24009	874-905	ECO:0000256|SAM:MobiDB-lite	Disordered	region
Q24020	405-476	ECO:0000256|SAM:MobiDB-lite	Disordered	region
Q24039	189-213	ECO:0000256|SAM:MobiDB-lite	Disordered	region
Q24049	155-180	ECO:0000256|SAM:MobiDB-lite	Disordered	region
Q24050	181-214	ECO:0000256|SAM:MobiDB-lite	Disordered	region
Q24050	229-262	ECO:0000256|SAM:MobiDB-lite	Disordered	region
Q24087	1-27	ECO:0000256|SAM:MobiDB-lite	Disordered	region
Q24087	451-485	ECO:0000256|SAM:MobiDB-lite	Disordered	region
Q24087	674-693	ECO:0000256|SAM:MobiDB-lite	Disordered	region
Q24106	1-88	ECO:0000256|SAM:MobiDB-lite	Disordered	region
Q24106	126-207	ECO:0000256|SAM:MobiDB-lite	Disordered	region
Q24106	230-301	ECO:0000256|SAM:MobiDB-lite	Disordered	region
Q24106	319-386	ECO:0000256|SAM:MobiDB-lite	Disordered	region
Q24114	41-65	ECO:0000256|SAM:MobiDB-lite	Disordered	region
Q24114	533-607	ECO:0000256|SAM:MobiDB-lite	Disordered	region
Q24119	239-289	ECO:0000256|SAM:MobiDB-lite	Disordered	region
Q24119	525-686	ECO:0000256|SAM:MobiDB-lite	Disordered	region
Q24119	849-896	ECO:0000256|SAM:MobiDB-lite	Disordered	region
Q24119	962-996	ECO:0000256|SAM:MobiDB-lite	Disordered	region
Q24120	1049-1059		Important for interaction with spir	region
Q24120	448-647	ECO:0000256|SAM:MobiDB-lite	Disordered	region
Q24120	62-146	ECO:0000256|SAM:MobiDB-lite	Disordered	region
Q24134	1-28	ECO:0000256|SAM:MobiDB-lite	Disordered	region
Q24139	108-131		Required for vesicular localization	region
Q24139	227-237	ECO:0000269|PubMed:16531238	Interaction with Nedd4	region
Q24139	287-312	ECO:0000256|SAM:MobiDB-lite	Disordered	region
Q24141	338-401	ECO:0000256|SAM:MobiDB-lite	Disordered	region
Q24141	82-197	ECO:0000256|SAM:MobiDB-lite	Disordered	region
Q24142	140-183	ECO:0000256|SAM:MobiDB-lite	Disordered	region
Q24142	214-249	ECO:0000256|SAM:MobiDB-lite	Disordered	region
Q24143	95-163	ECO:0000256|SAM:MobiDB-lite	Disordered	region
Q24145	410-446	ECO:0000256|SAM:MobiDB-lite	Disordered	region
Q24145	476-505	ECO:0000256|SAM:MobiDB-lite	Disordered	region
Q24154	1-33	ECO:0000256|SAM:MobiDB-lite	Disordered	region
Q24154	47-76	ECO:0000256|SAM:MobiDB-lite	Disordered	region
Q24167	1-85	ECO:0000256|SAM:MobiDB-lite	Disordered	region
Q24167	1204-1228	ECO:0000256|SAM:MobiDB-lite	Disordered	region
Q24167	1251-1287	ECO:0000256|SAM:MobiDB-lite	Disordered	region
Q24167	1356-1460	ECO:0000256|SAM:MobiDB-lite	Disordered	region
Q24167	433-459	ECO:0000256|SAM:MobiDB-lite	Disordered	region
Q24167	541-588	ECO:0000256|SAM:MobiDB-lite	Disordered	region
Q24167	692-863		ODD	region
Q24167	706-832	ECO:0000256|SAM:MobiDB-lite	Disordered	region
Q24167	900-951	ECO:0000256|SAM:MobiDB-lite	Disordered	region
Q24168	1-116	ECO:0000256|SAM:MobiDB-lite	Disordered	region
Q24168	149-274	ECO:0000256|SAM:MobiDB-lite	Disordered	region
Q24174	1-30	ECO:0000256|SAM:MobiDB-lite	Disordered	region
Q24174	204-287	ECO:0000256|SAM:MobiDB-lite	Disordered	region
Q24174	349-390	ECO:0000256|SAM:MobiDB-lite	Disordered	region
Q24174	411-438	ECO:0000256|SAM:MobiDB-lite	Disordered	region
Q24174	451-501	ECO:0000256|SAM:MobiDB-lite	Disordered	region
Q24174	53-72	ECO:0000256|SAM:MobiDB-lite	Disordered	region
Q24174	633-696	ECO:0000256|SAM:MobiDB-lite	Disordered	region
Q24174	832-904	ECO:0000256|SAM:MobiDB-lite	Disordered	region
Q24179	85-500		4 X approximate repeats	region
Q24180	189-215	ECO:0000256|SAM:MobiDB-lite	Disordered	region
Q24180	309-362	ECO:0000256|SAM:MobiDB-lite	Disordered	region
Q24180	52-76	ECO:0000256|SAM:MobiDB-lite	Disordered	region
Q24185	1-155	ECO:0000250	Interaction with microtubules	region
Q24206	135-185	ECO:0000256|SAM:MobiDB-lite	Disordered	region
Q24206	218-378	ECO:0000256|SAM:MobiDB-lite	Disordered	region
Q24206	425-601	ECO:0000256|SAM:MobiDB-lite	Disordered	region
Q24206	617-686	ECO:0000256|SAM:MobiDB-lite	Disordered	region
Q24207	193-228	ECO:0000256|SAM:MobiDB-lite	Disordered	region
Q24208	133-136	ECO:0000255|PROSITE-ProRule:PRU01059	G3	region
Q24208	189-192	ECO:0000255|PROSITE-ProRule:PRU01059	G4	region
Q24208	224-226	ECO:0000255|PROSITE-ProRule:PRU01059	G5	region
Q24208	456-468	ECO:0000250|UniProtKB:P41091	Interacts with CDC123	region
Q24208	47-54	ECO:0000255|PROSITE-ProRule:PRU01059	G1	region
Q24208	75-79	ECO:0000255|PROSITE-ProRule:PRU01059	G2	region
Q24210	306-316		Calmodulin-binding	region
Q24211	1-95	ECO:0000256|SAM:MobiDB-lite	Disordered	region
Q24211	125-164	ECO:0000256|SAM:MobiDB-lite	Disordered	region
Q24211	26-290		Interaction with Syt	region
Q24211	345-375	ECO:0000256|SAM:MobiDB-lite	Disordered	region
Q24211	412-498	ECO:0000256|SAM:MobiDB-lite	Disordered	region
Q24211	573-610	ECO:0000256|SAM:MobiDB-lite	Disordered	region
Q24211	634-673	ECO:0000256|SAM:MobiDB-lite	Disordered	region
Q24211	738-760	ECO:0000256|SAM:MobiDB-lite	Disordered	region
Q24211	800-825	ECO:0000256|SAM:MobiDB-lite	Disordered	region
Q24212	1226-1262	ECO:0000256|SAM:MobiDB-lite	Disordered	region
Q24212	17-36	ECO:0000256|SAM:MobiDB-lite	Disordered	region
Q24212	225-452	ECO:0000256|SAM:MobiDB-lite	Disordered	region
Q24212	474-507	ECO:0000256|SAM:MobiDB-lite	Disordered	region
Q24212	49-189	ECO:0000256|SAM:MobiDB-lite	Disordered	region
Q24212	643-709	ECO:0000256|SAM:MobiDB-lite	Disordered	region
Q24212	847-1108		Interaction with Syt	region
Q24238	548-570	ECO:0000256|SAM:MobiDB-lite	Disordered	region
Q24239	22-59	ECO:0000256|SAM:MobiDB-lite	Disordered	region
Q24246	17-52	ECO:0000256|SAM:MobiDB-lite	Disordered	region
Q24246	75-107	ECO:0000256|SAM:MobiDB-lite	Disordered	region
Q24247	938-958	ECO:0000256|SAM:MobiDB-lite	Disordered	region
Q24248	317-371	ECO:0000256|SAM:MobiDB-lite	Disordered	region
Q24248	395-418	ECO:0000256|SAM:MobiDB-lite	Disordered	region
Q24248	46-80	ECO:0000256|SAM:MobiDB-lite	Disordered	region
Q24248	478-516	ECO:0000256|SAM:MobiDB-lite	Disordered	region
Q24248	549-615	ECO:0000256|SAM:MobiDB-lite	Disordered	region
Q24248	675-717	ECO:0000256|SAM:MobiDB-lite	Disordered	region
Q24248	94-130	ECO:0000256|SAM:MobiDB-lite	Disordered	region
Q24251	149-178	ECO:0000256|SAM:MobiDB-lite	Disordered	region
Q24255	236-308	ECO:0000256|SAM:MobiDB-lite	Disordered	region
Q24255	471-544	ECO:0000256|SAM:MobiDB-lite	Disordered	region
Q24255	53-73	ECO:0000256|SAM:MobiDB-lite	Disordered	region
Q24255	92-179	ECO:0000256|SAM:MobiDB-lite	Disordered	region
Q24256	1-50	ECO:0000256|SAM:MobiDB-lite	Disordered	region
Q24256	149-176	ECO:0000256|SAM:MobiDB-lite	Disordered	region
Q24256	240-259	ECO:0000256|SAM:MobiDB-lite	Disordered	region
Q24256	265-385	ECO:0000256|SAM:MobiDB-lite	Disordered	region
Q24256	553-645	ECO:0000256|SAM:MobiDB-lite	Disordered	region
Q24256	86-134	ECO:0000256|SAM:MobiDB-lite	Disordered	region
Q24266	101-196	ECO:0000256|SAM:MobiDB-lite	Disordered	region
Q24266	16-65	ECO:0000256|SAM:MobiDB-lite	Disordered	region
Q24266	437-461	ECO:0000256|SAM:MobiDB-lite	Disordered	region
Q24266	478-537	ECO:0000256|SAM:MobiDB-lite	Disordered	region
Q24270	115-139	ECO:0000256|SAM:MobiDB-lite	Disordered	region
Q24270	1226-1249	ECO:0000256|SAM:MobiDB-lite	Disordered	region
Q24270	1533-1622	ECO:0000250	Dihydropyridine binding	region
Q24270	155-265	ECO:0000256|SAM:MobiDB-lite	Disordered	region
Q24270	1885-1948	ECO:0000250	Dihydropyridine binding	region
Q24270	1896-1937	ECO:0000250	Phenylalkylamine binding	region
Q24270	19-100	ECO:0000256|SAM:MobiDB-lite	Disordered	region
Q24270	2423-2516	ECO:0000256|SAM:MobiDB-lite	Disordered	region
Q24270	395-468	ECO:0000256|SAM:MobiDB-lite	Disordered	region
Q24270	502-536	ECO:0000256|SAM:MobiDB-lite	Disordered	region
Q24270	551-590	ECO:0000256|SAM:MobiDB-lite	Disordered	region
Q24276	1-26	ECO:0000256|SAM:MobiDB-lite	Disordered	region
Q24276	342-389	ECO:0000256|SAM:MobiDB-lite	Disordered	region
Q24278	633-665	ECO:0000256|SAM:MobiDB-lite	Disordered	region
Q24292	2193-2225	ECO:0000256|SAM:MobiDB-lite	Disordered	region
Q24292	3114-3195	ECO:0000256|SAM:MobiDB-lite	Disordered	region
Q24292	3360-3404	ECO:0000256|SAM:MobiDB-lite	Disordered	region
Q24292	3431-3503	ECO:0000256|SAM:MobiDB-lite	Disordered	region
Q24298	1350-1507		Interaction with Inx2	region
Q24298	1488-1507	ECO:0000256|SAM:MobiDB-lite	Disordered	region
Q24306	194-213	ECO:0000256|SAM:MobiDB-lite	Disordered	region
Q24306	322-346	ECO:0000256|SAM:MobiDB-lite	Disordered	region
Q24312	13-51	ECO:0000256|SAM:MobiDB-lite	Disordered	region
Q24312	375-663	ECO:0000250	Required for transcriptional activation	region
Q24312	69-136	ECO:0000250	Dimerization	region
Q24318	145-168	ECO:0000256|SAM:MobiDB-lite	Disordered	region
Q24318	392-445	ECO:0000256|SAM:MobiDB-lite	Disordered	region
Q24320	1-24	ECO:0000256|SAM:MobiDB-lite	Disordered	region
Q24322	1-24	ECO:0000256|SAM:MobiDB-lite	Disordered	region
Q24322	735-766	ECO:0000256|SAM:MobiDB-lite	Disordered	region
Q24322	798-899	ECO:0000256|SAM:MobiDB-lite	Disordered	region
Q24324	25-44	ECO:0000256|SAM:MobiDB-lite	Disordered	region
Q24325	1011-1044	ECO:0000256|SAM:MobiDB-lite	Disordered	region
Q24325	1111-1221	ECO:0000256|SAM:MobiDB-lite	Disordered	region
Q24325	1138-1183		Highly charged	region
Q24325	845-1213		Binds to Tbp and Taf1	region
Q24338	1-64	ECO:0000256|SAM:MobiDB-lite	Disordered	region
Q24352	570-641	ECO:0000256|SAM:MobiDB-lite	Disordered	region
Q24368	1-39	ECO:0000256|SAM:MobiDB-lite	Disordered	region
Q24368	61-104	ECO:0000256|SAM:MobiDB-lite	Disordered	region
Q24368	971-1027	ECO:0000256|SAM:MobiDB-lite	Disordered	region
Q24371	196-221	ECO:0000256|SAM:MobiDB-lite	Disordered	region
Q24371	448-467	ECO:0000256|SAM:MobiDB-lite	Disordered	region
Q24371	476-562	ECO:0000256|SAM:MobiDB-lite	Disordered	region
Q24371	655-769	ECO:0000256|SAM:MobiDB-lite	Disordered	region
Q24395	28-52	ECO:0000256|SAM:MobiDB-lite	Disordered	region
Q24418	970-997	ECO:0000256|SAM:MobiDB-lite	Disordered	region
Q24423	138-212	ECO:0000256|SAM:MobiDB-lite	Disordered	region
Q24423	64-116	ECO:0000256|SAM:MobiDB-lite	Disordered	region
Q24432	263-286	ECO:0000256|SAM:MobiDB-lite	Disordered	region
Q24432	44-248	ECO:0000256|SAM:MobiDB-lite	Disordered	region
Q24432	508-563	ECO:0000256|SAM:MobiDB-lite	Disordered	region
Q24432	645-676	ECO:0000256|SAM:MobiDB-lite	Disordered	region
Q24432	805-889	ECO:0000256|SAM:MobiDB-lite	Disordered	region
Q24432	918-972	ECO:0000256|SAM:MobiDB-lite	Disordered	region
Q24434	102-140	ECO:0000256|SAM:MobiDB-lite	Disordered	region
Q24451	70-92	ECO:0000256|SAM:MobiDB-lite	Disordered	region
Q24459	1-34	ECO:0000256|SAM:MobiDB-lite	Disordered	region
Q24459	271-302	ECO:0000256|SAM:MobiDB-lite	Disordered	region
Q24459	317-346	ECO:0000256|SAM:MobiDB-lite	Disordered	region
Q24459	395-422	ECO:0000256|SAM:MobiDB-lite	Disordered	region
Q24459	737-819	ECO:0000256|SAM:MobiDB-lite	Disordered	region
Q24459	931-985	ECO:0000256|SAM:MobiDB-lite	Disordered	region
Q24472	376-560		Domain A	region
Q24472	376-706		Pocket	region
Q24472	580-706		Domain B	region
Q24472	720-742	ECO:0000256|SAM:MobiDB-lite	Disordered	region
Q24472	817-845	ECO:0000256|SAM:MobiDB-lite	Disordered	region
Q24478	1-209	ECO:0000269|PubMed:26649574	Involved in microtubule and centrosome binding	region
Q24478	126-308	ECO:0000256|SAM:MobiDB-lite	Disordered	region
Q24478	207-271	ECO:0000269|PubMed:8522588	Nuclear localization	region
Q24478	210-245	ECO:0000269|PubMed:38769058	Involved in interaction with cliff	region
Q24478	245-468	ECO:0000269|PubMed:25342723	Centrosomal targeting M domain involved in interaction with ZIPIC	region
Q24478	309-390	ECO:0000269|PubMed:38769058	Involved in interaction with cliff	region
Q24478	366-449	ECO:0000256|SAM:MobiDB-lite	Disordered	region
Q24478	385-508	ECO:0000269|PubMed:26649574, ECO:0000269|PubMed:8522588	Centrosomal localization and interaction with microtubules	region
Q24478	608-630	ECO:0000256|SAM:MobiDB-lite	Disordered	region
Q24478	710-733	ECO:0000256|SAM:MobiDB-lite	Disordered	region
Q24478	770-927	ECO:0000256|SAM:MobiDB-lite	Disordered	region
Q24478	960-1096	ECO:0000256|SAM:MobiDB-lite	Disordered	region
Q24491	74-197	ECO:0000256|SAM:MobiDB-lite	Disordered	region
Q24492	131-152	ECO:0000256|SAM:MobiDB-lite	Disordered	region
Q24498	1416-1453	ECO:0000256|SAM:MobiDB-lite	Disordered	region
Q24498	1477-1511	ECO:0000256|SAM:MobiDB-lite	Disordered	region
Q24498	2286-2306	ECO:0000256|SAM:MobiDB-lite	Disordered	region
Q24498	3594-3615	ECO:0000256|SAM:MobiDB-lite	Disordered	region
Q24498	3809-3831	ECO:0000256|SAM:MobiDB-lite	Disordered	region
Q24498	3864-3894	ECO:0000256|SAM:MobiDB-lite	Disordered	region
Q24498	4543-4569	ECO:0000256|SAM:MobiDB-lite	Disordered	region
Q24498	4604-4623	ECO:0000256|SAM:MobiDB-lite	Disordered	region
Q24498	4690-4714	ECO:0000256|SAM:MobiDB-lite	Disordered	region
Q24498	845-3063		4 X approximate repeats	region
Q24509	1-53	ECO:0000256|SAM:MobiDB-lite	Disordered	region
Q24509	310-335	ECO:0000256|SAM:MobiDB-lite	Disordered	region
Q24509	58-77	ECO:0000256|SAM:MobiDB-lite	Disordered	region
Q24522	82-103		Leucine-zipper	region
Q24523	1-35	ECO:0000256|SAM:MobiDB-lite	Disordered	region
Q24523	101-317	ECO:0000256|SAM:MobiDB-lite	Disordered	region
Q24523	1194-1215		Leucine-zipper	region
Q24523	429-471	ECO:0000256|SAM:MobiDB-lite	Disordered	region
Q24523	553-582	ECO:0000256|SAM:MobiDB-lite	Disordered	region
Q24523	597-665	ECO:0000256|SAM:MobiDB-lite	Disordered	region
Q24523	681-750	ECO:0000256|SAM:MobiDB-lite	Disordered	region
Q24523	814-853	ECO:0000256|SAM:MobiDB-lite	Disordered	region
Q24523	908-950	ECO:0000256|SAM:MobiDB-lite	Disordered	region
Q24533	346-382	ECO:0000256|SAM:MobiDB-lite	Disordered	region
Q24533	53-142	ECO:0000256|SAM:MobiDB-lite	Disordered	region
Q24535	23-166	ECO:0000256|SAM:MobiDB-lite	Disordered	region
Q24535	270-360	ECO:0000256|SAM:MobiDB-lite	Disordered	region
Q24535	418-449	ECO:0000256|SAM:MobiDB-lite	Disordered	region
Q24536	194-219	ECO:0000256|SAM:MobiDB-lite	Disordered	region
Q24537	153-179	ECO:0000256|SAM:MobiDB-lite	Disordered	region
Q24537	364-393	ECO:0000256|SAM:MobiDB-lite	Disordered	region
Q24546	1-94	ECO:0000256|SAM:MobiDB-lite	Disordered	region
Q24546	439-784	ECO:0000256|SAM:MobiDB-lite	Disordered	region
Q24546	872-910	ECO:0000256|SAM:MobiDB-lite	Disordered	region
Q24546	995-1025	ECO:0000256|SAM:MobiDB-lite	Disordered	region
Q24547	1-20	ECO:0000256|SAM:MobiDB-lite	Disordered	region
Q24558	1-99		N-domain	region
Q24558	138-230		I-domain	region
Q24558	422-471	ECO:0000256|SAM:MobiDB-lite	Disordered	region
Q24558	524-625	ECO:0000256|SAM:MobiDB-lite	Disordered	region
Q24558	661-716	ECO:0000256|SAM:MobiDB-lite	Disordered	region
Q24560	427-447	ECO:0000256|SAM:MobiDB-lite	Disordered	region
Q24562	1-47	ECO:0000256|SAM:MobiDB-lite	Disordered	region
Q24563	326-387	ECO:0000256|SAM:MobiDB-lite	Disordered	region
Q24567	490-516	ECO:0000256|SAM:MobiDB-lite	Disordered	region
Q24568	332-378	ECO:0000256|SAM:MobiDB-lite	Disordered	region
Q24568	420-446	ECO:0000256|SAM:MobiDB-lite	Disordered	region
Q24570	119-138	ECO:0000256|SAM:MobiDB-lite	Disordered	region
Q24570	21-71	ECO:0000256|SAM:MobiDB-lite	Disordered	region
Q24573	1-44	ECO:0000256|SAM:MobiDB-lite	Disordered	region
Q24573	172-274	ECO:0000256|SAM:MobiDB-lite	Disordered	region
Q24573	501-633	ECO:0000256|SAM:MobiDB-lite	Disordered	region
Q24573	662-775	ECO:0000256|SAM:MobiDB-lite	Disordered	region
Q24573	67-87	ECO:0000256|SAM:MobiDB-lite	Disordered	region
Q24573	826-877	ECO:0000256|SAM:MobiDB-lite	Disordered	region
Q24574	1087-1148	ECO:0000256|SAM:MobiDB-lite	Disordered	region
Q24574	117-231	ECO:0000256|SAM:MobiDB-lite	Disordered	region
Q24574	628-697	ECO:0000256|SAM:MobiDB-lite	Disordered	region
Q24592	1-41	ECO:0000256|SAM:MobiDB-lite	Disordered	region
Q24592	1158-1177	ECO:0000256|SAM:MobiDB-lite	Disordered	region
Q24595	1-199	ECO:0000256|SAM:MobiDB-lite	Disordered	region
Q24595	217-239	ECO:0000256|SAM:MobiDB-lite	Disordered	region
Q24595	255-341	ECO:0000256|SAM:MobiDB-lite	Disordered	region
Q24595	514-640	ECO:0000256|SAM:MobiDB-lite	Disordered	region
Q24595	658-919	ECO:0000256|SAM:MobiDB-lite	Disordered	region
Q26263	18-48	ECO:0000256|SAM:MobiDB-lite	Disordered	region
Q26263	305-334	ECO:0000256|SAM:MobiDB-lite	Disordered	region
Q26263	349-416	ECO:0000256|SAM:MobiDB-lite	Disordered	region
Q26307	173-195	ECO:0000256|SAM:MobiDB-lite	Disordered	region
Q26307	359-474	ECO:0000256|SAM:MobiDB-lite	Disordered	region
Q26365	249-254	ECO:0000250|UniProtKB:P12235	Important for transport activity	region
Q26366	145-279	ECO:0000256|SAM:MobiDB-lite	Disordered	region
Q26366	279-335		Ser-rich sd binding domain	region
Q26377	91-119	ECO:0000256|SAM:MobiDB-lite	Disordered	region
Q26454	1-67	ECO:0000256|SAM:MobiDB-lite	Disordered	region
Q26454	124-145	ECO:0000256|SAM:MobiDB-lite	Disordered	region
Q26454	81-107	ECO:0000256|SAM:MobiDB-lite	Disordered	region
Q27237	430-520	ECO:0000256|SAM:MobiDB-lite	Disordered	region
Q27268	1-27	ECO:0000256|SAM:MobiDB-lite	Disordered	region
Q27272	193-278	ECO:0000256|SAM:MobiDB-lite	Disordered	region
Q27294	1-82	ECO:0000256|SAM:MobiDB-lite	Disordered	region
Q27294	209-276	ECO:0000256|SAM:MobiDB-lite	Disordered	region
Q27294	300-399	ECO:0000256|SAM:MobiDB-lite	Disordered	region
Q27297	1-20	ECO:0000256|SAM:MobiDB-lite	Disordered	region
Q27324	202-230	ECO:0000256|SAM:MobiDB-lite	Disordered	region
Q27333	337-358	ECO:0000256|SAM:MobiDB-lite	Disordered	region
Q27350	262-329	ECO:0000256|SAM:MobiDB-lite	Disordered	region
Q27350	32-91	ECO:0000256|SAM:MobiDB-lite	Disordered	region
Q27368	119-208	ECO:0000256|SAM:MobiDB-lite	Disordered	region
Q27368	224-255	ECO:0000256|SAM:MobiDB-lite	Disordered	region
Q27368	318-411	ECO:0000255	Dimerization	region
Q27368	578-650	ECO:0000256|SAM:MobiDB-lite	Disordered	region
Q27368	714-743	ECO:0000256|SAM:MobiDB-lite	Disordered	region
Q27368	9-45	ECO:0000256|SAM:MobiDB-lite	Disordered	region
Q27403	214-237	ECO:0000256|SAM:MobiDB-lite	Disordered	region
Q27403	313-357	ECO:0000256|SAM:MobiDB-lite	Disordered	region
Q27415	109-152	ECO:0000256|SAM:MobiDB-lite	Disordered	region
Q27421	1-32	ECO:0000256|SAM:MobiDB-lite	Disordered	region
Q27421	1375-1438	ECO:0000256|SAM:MobiDB-lite	Disordered	region
Q27421	1514-1544	ECO:0000256|SAM:MobiDB-lite	Disordered	region
Q27421	194-318	ECO:0000256|SAM:MobiDB-lite	Disordered	region
Q27421	373-415	ECO:0000256|SAM:MobiDB-lite	Disordered	region
Q27421	483-509	ECO:0000256|SAM:MobiDB-lite	Disordered	region
Q27421	627-728	ECO:0000256|SAM:MobiDB-lite	Disordered	region
Q27421	976-1004	ECO:0000256|SAM:MobiDB-lite	Disordered	region
Q27571	23-195	ECO:0000256|SAM:MobiDB-lite	Disordered	region
Q27571	641-661	ECO:0000255	Calmodulin-binding	region
Q27601	1-39	ECO:0000256|SAM:MobiDB-lite	Disordered	region
Q27889	1-88	ECO:0000256|SAM:MobiDB-lite	Disordered	region
Q27889	530-570	ECO:0000256|SAM:MobiDB-lite	Disordered	region
Q27896	14-34	ECO:0000256|SAM:MobiDB-lite	Disordered	region
Q27934	109-127		Interaction with sina	region
Q27934	125-145	ECO:0000256|SAM:MobiDB-lite	Disordered	region
Q27934	241-320		Interaction with ttk	region
Q27934	346-382	ECO:0000256|SAM:MobiDB-lite	Disordered	region
Q2MGL3	1-36	ECO:0000256|SAM:MobiDB-lite	Disordered	region
Q2PE14	388-492	ECO:0000256|SAM:MobiDB-lite	Disordered	region
Q32KD2	1-194	ECO:0000256|SAM:MobiDB-lite	Disordered	region
Q32KD2	1086-1148	ECO:0000256|SAM:MobiDB-lite	Disordered	region
Q32KD2	743-764	ECO:0000256|SAM:MobiDB-lite	Disordered	region
Q3KN41	1-50	ECO:0000256|SAM:MobiDB-lite	Disordered	region
Q3KN41	1411-1651	ECO:0000256|SAM:MobiDB-lite	Disordered	region
Q3KN41	1737-1840	ECO:0000256|SAM:MobiDB-lite	Disordered	region
Q3LHL9	1007-1042	ECO:0000256|SAM:MobiDB-lite	Disordered	region
Q3LHL9	1057-1096	ECO:0000256|SAM:MobiDB-lite	Disordered	region
Q3LHL9	1270-1308	ECO:0000256|SAM:MobiDB-lite	Disordered	region
Q3LHL9	1323-1425	ECO:0000256|SAM:MobiDB-lite	Disordered	region
Q3LHL9	575-662	ECO:0000256|SAM:MobiDB-lite	Disordered	region
Q3LHL9	829-878	ECO:0000256|SAM:MobiDB-lite	Disordered	region
Q3LHL9	85-122	ECO:0000256|SAM:MobiDB-lite	Disordered	region
Q3LHL9	927-976	ECO:0000256|SAM:MobiDB-lite	Disordered	region
Q45VV3	129-150	ECO:0000256|SAM:MobiDB-lite	Disordered	region
Q45VV3	162-199	ECO:0000256|SAM:MobiDB-lite	Disordered	region
Q45VV3	73-100	ECO:0000256|SAM:MobiDB-lite	Disordered	region
Q4LBB6	1087-1117	ECO:0000256|SAM:MobiDB-lite	Disordered	region
Q4LBB6	377-427	ECO:0000256|SAM:MobiDB-lite	Disordered	region
Q4LBB6	480-512	ECO:0000256|SAM:MobiDB-lite	Disordered	region
Q4LBB6	665-698	ECO:0000256|SAM:MobiDB-lite	Disordered	region
Q4LBB6	751-774	ECO:0000256|SAM:MobiDB-lite	Disordered	region
Q4LBB9	1-26	ECO:0000256|SAM:MobiDB-lite	Disordered	region
Q4V4I9	133-154	ECO:0000256|SAM:MobiDB-lite	Disordered	region
Q4V4I9	67-103	ECO:0000256|SAM:MobiDB-lite	Disordered	region
Q4V516	27-49	ECO:0000256|SAM:MobiDB-lite	Disordered	region
Q4V5A3	1-65	ECO:0000256|SAM:MobiDB-lite	Disordered	region
Q4V5A3	114-157	ECO:0000256|SAM:MobiDB-lite	Disordered	region
Q4V5A3	212-325	ECO:0000256|SAM:MobiDB-lite	Disordered	region
Q4V622	438-468	ECO:0000256|SAM:MobiDB-lite	Disordered	region
Q4Z8K6	1-246	ECO:0000256|SAM:MobiDB-lite	Disordered	region
Q4Z8K6	271-296	ECO:0000256|SAM:MobiDB-lite	Disordered	region
Q4Z8K6	313-402	ECO:0000256|SAM:MobiDB-lite	Disordered	region
Q4Z8K6	800-820	ECO:0000256|SAM:MobiDB-lite	Disordered	region
Q59E36	1-90	ECO:0000256|SAM:MobiDB-lite	Disordered	region
Q59E36	244-266	ECO:0000256|SAM:MobiDB-lite	Disordered	region
Q59E36	364-432	ECO:0000256|SAM:MobiDB-lite	Disordered	region
Q59E36	503-590	ECO:0000256|SAM:MobiDB-lite	Disordered	region
Q59E55	1-47	ECO:0000256|SAM:MobiDB-lite	Disordered	region
Q59E55	111-189		NCD1	region
Q59E55	220-247	ECO:0000256|SAM:MobiDB-lite	Disordered	region
Q59E55	276-305	ECO:0000256|SAM:MobiDB-lite	Disordered	region
Q59E55	340-427		NCD2	region
Q59E55	447-480	ECO:0000256|SAM:MobiDB-lite	Disordered	region
Q59E55	532-578	ECO:0000256|SAM:MobiDB-lite	Disordered	region
Q59E55	75-111	ECO:0000256|SAM:MobiDB-lite	Disordered	region
Q5BI31	1-26	ECO:0000256|SAM:MobiDB-lite	Disordered	region
Q5BI31	1083-1109	ECO:0000256|SAM:MobiDB-lite	Disordered	region
Q5BI31	1115-1322	ECO:0000269|PubMed:32965218	Interaction with Klp10A	region
Q5BI31	1190-1309	ECO:0000305	ALMS motif	region
Q5BI31	165-193	ECO:0000256|SAM:MobiDB-lite	Disordered	region
Q5BI31	252-442	ECO:0000256|SAM:MobiDB-lite	Disordered	region
Q5BI31	464-614	ECO:0000256|SAM:MobiDB-lite	Disordered	region
Q5BI31	53-135	ECO:0000256|SAM:MobiDB-lite	Disordered	region
Q5BI31	657-752	ECO:0000256|SAM:MobiDB-lite	Disordered	region
Q5BI31	814-844	ECO:0000256|SAM:MobiDB-lite	Disordered	region
Q5BI31	856-911	ECO:0000256|SAM:MobiDB-lite	Disordered	region
Q5BI42	1307-1339	ECO:0000256|SAM:MobiDB-lite	Disordered	region
Q5BI42	1352-1416	ECO:0000256|SAM:MobiDB-lite	Disordered	region
Q5EAK6	2425-2431	ECO:0000255|PROSITE-ProRule:PRU00269	G-loop	region
Q5EAK6	2601-2609	ECO:0000255|PROSITE-ProRule:PRU00269	Catalytic loop	region
Q5EAK6	2621-2645	ECO:0000255|PROSITE-ProRule:PRU00269	Activation loop	region
Q5LJZ2	1-23	ECO:0000256|SAM:MobiDB-lite	Disordered	region
Q5LJZ2	1119-1155	ECO:0000256|SAM:MobiDB-lite	Disordered	region
Q5LJZ2	1205-1226	ECO:0000256|SAM:MobiDB-lite	Disordered	region
Q5LJZ2	236-384	ECO:0000256|SAM:MobiDB-lite	Disordered	region
Q5LJZ2	537-596	ECO:0000256|SAM:MobiDB-lite	Disordered	region
Q5LJZ2	831-915	ECO:0000256|SAM:MobiDB-lite	Disordered	region
Q5LJZ2	930-949	ECO:0000256|SAM:MobiDB-lite	Disordered	region
Q5U117	23-65	ECO:0000256|SAM:MobiDB-lite	Disordered	region
Q6AWG9	1057-1089	ECO:0000256|SAM:MobiDB-lite	Disordered	region
Q6AWG9	169-250	ECO:0000256|SAM:MobiDB-lite	Disordered	region
Q6AWG9	22-83	ECO:0000256|SAM:MobiDB-lite	Disordered	region
Q6AWG9	264-694	ECO:0000256|SAM:MobiDB-lite	Disordered	region
Q6AWG9	739-915	ECO:0000256|SAM:MobiDB-lite	Disordered	region
Q6AWG9	936-955	ECO:0000256|SAM:MobiDB-lite	Disordered	region
Q6AWG9	96-150	ECO:0000256|SAM:MobiDB-lite	Disordered	region
Q6AWJ9	617-679	ECO:0000256|SAM:MobiDB-lite	Disordered	region
Q6AWJ9	718-760	ECO:0000256|SAM:MobiDB-lite	Disordered	region
Q6IDD9	1046-1085	ECO:0000256|SAM:MobiDB-lite	Disordered	region
Q6IDD9	1121-1148	ECO:0000256|SAM:MobiDB-lite	Disordered	region
Q6IDD9	1192-1217	ECO:0000256|SAM:MobiDB-lite	Disordered	region
Q6IDD9	1249-1343	ECO:0000256|SAM:MobiDB-lite	Disordered	region
Q6IDD9	27-52	ECO:0000256|SAM:MobiDB-lite	Disordered	region
Q6IDD9	997-1026	ECO:0000256|SAM:MobiDB-lite	Disordered	region
Q6NL34	95-128	ECO:0000256|SAM:MobiDB-lite	Disordered	region
Q6NLL1	283-307	ECO:0000256|SAM:MobiDB-lite	Disordered	region
Q6NLL1	612-635	ECO:0000256|SAM:MobiDB-lite	Disordered	region
Q6NLL1	685-710	ECO:0000256|SAM:MobiDB-lite	Disordered	region
Q6NN40	1-57	ECO:0000256|SAM:MobiDB-lite	Disordered	region
Q6NN55	485-582	ECO:0000256|SAM:MobiDB-lite	Disordered	region
Q6NN55	650-687	ECO:0000256|SAM:MobiDB-lite	Disordered	region
Q6NN85	1-35	ECO:0000256|SAM:MobiDB-lite	Disordered	region
Q6NN85	1001-1045	ECO:0000256|SAM:MobiDB-lite	Disordered	region
Q6NN85	143-194	ECO:0000256|SAM:MobiDB-lite	Disordered	region
Q6NN85	306-325	ECO:0000256|SAM:MobiDB-lite	Disordered	region
Q6NN85	529-631	ECO:0000256|SAM:MobiDB-lite	Disordered	region
Q6NN85	58-80	ECO:0000256|SAM:MobiDB-lite	Disordered	region
Q6NN85	699-799	ECO:0000256|SAM:MobiDB-lite	Disordered	region
Q6NNF2	1-27	ECO:0000256|SAM:MobiDB-lite	Disordered	region
Q6NNF2	113-138	ECO:0000256|SAM:MobiDB-lite	Disordered	region
Q6NP60	1-34	ECO:0000256|SAM:MobiDB-lite	Disordered	region
Q6NP60	678-701	ECO:0000256|SAM:MobiDB-lite	Disordered	region
Q6NP91	228-391	ECO:0000250|UniProtKB:O94886	Intracellular linker IL2; confers mechanosensitivity	region
Q6NP91	740-760	ECO:0000256|SAM:MobiDB-lite	Disordered	region
Q6NP91	86-114	ECO:0000256|SAM:MobiDB-lite	Disordered	region
Q6NR09	109-154	ECO:0000256|SAM:MobiDB-lite	Disordered	region
Q6NR09	173-194	ECO:0000256|SAM:MobiDB-lite	Disordered	region
Q6NR09	18-94	ECO:0000256|SAM:MobiDB-lite	Disordered	region
Q6NR09	372-396	ECO:0000256|SAM:MobiDB-lite	Disordered	region
Q6WV16	201-311		Catalytic subdomain A	region
Q6WV16	367-429		Catalytic subdomain B	region
Q6WV16	90-126	ECO:0000256|SAM:MobiDB-lite	Disordered	region
Q6WV17	186-296		Catalytic subdomain A	region
Q6WV17	356-418		Catalytic subdomain B	region
Q6WV19	201-306		Catalytic subdomain A	region
Q6WV19	366-428		Catalytic subdomain B	region
Q6WV19	54-81	ECO:0000256|SAM:MobiDB-lite	Disordered	region
Q6WV20	148-260		Catalytic subdomain A	region
Q6WV20	327-389		Catalytic subdomain B	region
Q709R6	119-141	ECO:0000256|SAM:MobiDB-lite	Disordered	region
Q709R6	233-287	ECO:0000256|SAM:MobiDB-lite	Disordered	region
Q709R6	49-103	ECO:0000256|SAM:MobiDB-lite	Disordered	region
Q70PP2	1903-1909	ECO:0000255|PROSITE-ProRule:PRU00269	G-loop	region
Q70PP2	2101-2109	ECO:0000255|PROSITE-ProRule:PRU00269	Catalytic loop	region
Q70PP2	2121-2145	ECO:0000255|PROSITE-ProRule:PRU00269	Activation loop	region
Q70PP2	32-78	ECO:0000256|SAM:MobiDB-lite	Disordered	region
Q76NQ1	1-36	ECO:0000256|SAM:MobiDB-lite	Disordered	region
Q76NQ1	560-579	ECO:0000256|SAM:MobiDB-lite	Disordered	region
Q76NQ1	740-766	ECO:0000256|SAM:MobiDB-lite	Disordered	region
Q7JQ32	1122-1168	ECO:0000256|SAM:MobiDB-lite	Disordered	region
Q7JQ32	1192-1217	ECO:0000256|SAM:MobiDB-lite	Disordered	region
Q7JQ32	1256-1308	ECO:0000256|SAM:MobiDB-lite	Disordered	region
Q7JQF1	190-212	ECO:0000256|SAM:MobiDB-lite	Disordered	region
Q7JQF1	358-386	ECO:0000256|SAM:MobiDB-lite	Disordered	region
Q7JQF1	479-500	ECO:0000256|SAM:MobiDB-lite	Disordered	region
Q7JQF1	621-645	ECO:0000256|SAM:MobiDB-lite	Disordered	region
Q7JRE4	1-214	ECO:0000269|PubMed:16439308	Involved in inner nuclear membrane localization	region
Q7JRE4	480-650	ECO:0000269|PubMed:20036230	May be required for its role in BMP signaling	region
Q7JRE4	61-119	ECO:0000256|SAM:MobiDB-lite	Disordered	region
Q7JRJ1	174-218	ECO:0000256|SAM:MobiDB-lite	Disordered	region
Q7JRJ1	242-504	ECO:0000256|SAM:MobiDB-lite	Disordered	region
Q7JUX9	41-67	ECO:0000256|SAM:MobiDB-lite	Disordered	region
Q7JUY7	1-70	ECO:0000256|SAM:MobiDB-lite	Disordered	region
Q7JUY7	185-205	ECO:0000256|SAM:MobiDB-lite	Disordered	region
Q7JUY7	374-393	ECO:0000256|SAM:MobiDB-lite	Disordered	region
Q7JVA5	1-29	ECO:0000256|SAM:MobiDB-lite	Disordered	region
Q7JVA5	172-193	ECO:0000256|SAM:MobiDB-lite	Disordered	region
Q7JVL3	182-330	ECO:0000256|SAM:MobiDB-lite	Disordered	region
Q7JVP4	1012-1054	ECO:0000256|SAM:MobiDB-lite	Disordered	region
Q7JVP4	1076-1301	ECO:0000256|SAM:MobiDB-lite	Disordered	region
Q7JVP4	51-111	ECO:0000256|SAM:MobiDB-lite	Disordered	region
Q7JVP4	796-887	ECO:0000256|SAM:MobiDB-lite	Disordered	region
Q7JVP4	901-942	ECO:0000256|SAM:MobiDB-lite	Disordered	region
Q7JVR7	1-31	ECO:0000256|SAM:MobiDB-lite	Disordered	region
Q7JW27	317-433	ECO:0000256|SAM:MobiDB-lite	Disordered	region
Q7JW27	448-499	ECO:0000256|SAM:MobiDB-lite	Disordered	region
Q7JWP6	69-113	ECO:0000256|SAM:MobiDB-lite	Disordered	region
Q7JWR9	1-71	ECO:0000256|SAM:MobiDB-lite	Disordered	region
Q7JWR9	352-380	ECO:0000256|SAM:MobiDB-lite	Disordered	region
Q7JXA8	199-337	ECO:0000256|SAM:MobiDB-lite	Disordered	region
Q7JXA8	353-418	ECO:0000269|PubMed:29858487	Required for interaction with del	region
Q7JXA8	84-167	ECO:0000256|SAM:MobiDB-lite	Disordered	region
Q7JXF5	22-117	ECO:0000305	5 X 2 AA repeats of F-G	region
Q7JXF5	45-73	ECO:0000256|SAM:MobiDB-lite	Disordered	region
Q7JXG9	1-22	ECO:0000256|SAM:MobiDB-lite	Disordered	region
Q7JXG9	1017-1048	ECO:0000256|SAM:MobiDB-lite	Disordered	region
Q7JXG9	1074-1132	ECO:0000269|PubMed:35319107	Required for macropage invasion	region
Q7JXG9	1150-1158	ECO:0000269|PubMed:35319107	Transactivation domain 2 (TAD2)	region
Q7JXG9	117-149	ECO:0000256|SAM:MobiDB-lite	Disordered	region
Q7JXG9	1192-1213	ECO:0000256|SAM:MobiDB-lite	Disordered	region
Q7JXG9	174-182	ECO:0000269|PubMed:35319107	Transactivation domain 1 (TAD1)	region
Q7JXG9	206-227	ECO:0000256|SAM:MobiDB-lite	Disordered	region
Q7JXG9	287-311	ECO:0000256|SAM:MobiDB-lite	Disordered	region
Q7JXG9	518-655	ECO:0000256|SAM:MobiDB-lite	Disordered	region
Q7JXG9	704-741	ECO:0000256|SAM:MobiDB-lite	Disordered	region
Q7JYV2	216-241	ECO:0000256|SAM:MobiDB-lite	Disordered	region
Q7JYV7	114-124	ECO:0000255|HAMAP-Rule:MF_03173	LID	region
Q7JYV7	39-62	ECO:0000255|HAMAP-Rule:MF_03173	NMPbind	region
Q7JZB4	12-231	ECO:0000250|UniProtKB:Q9Y5P6	Substrate-binding domain	region
Q7JZB4	254-369	ECO:0000250|UniProtKB:Q9Y5P6	Hexapeptide repeat domain	region
Q7JZM8	136-166	ECO:0000256|SAM:MobiDB-lite	Disordered	region
Q7K0D8	1-197	ECO:0000256|SAM:MobiDB-lite	Disordered	region
Q7K0D8	237-279	ECO:0000256|SAM:MobiDB-lite	Disordered	region
Q7K0D8	339-383	ECO:0000256|SAM:MobiDB-lite	Disordered	region
Q7K0D8	425-447	ECO:0000256|SAM:MobiDB-lite	Disordered	region
Q7K0D8	77-475	ECO:0000305	9 X 2 AA repeats of F-G	region
Q7K0E3	1-21	ECO:0000256|SAM:MobiDB-lite	Disordered	region
Q7K0F0	287-316	ECO:0000256|SAM:MobiDB-lite	Disordered	region
Q7K0L4	1-90	ECO:0000256|SAM:MobiDB-lite	Disordered	region
Q7K0L4	604-630	ECO:0000256|SAM:MobiDB-lite	Disordered	region
Q7K0S9	321-343	ECO:0000256|SAM:MobiDB-lite	Disordered	region
Q7K0Y1	1-159	ECO:0000256|SAM:MobiDB-lite	Disordered	region
Q7K175	354-391	ECO:0000256|SAM:MobiDB-lite	Disordered	region
Q7K237	368-388	ECO:0000256|SAM:MobiDB-lite	Disordered	region
Q7K2B0	1-81	ECO:0000256|SAM:MobiDB-lite	Disordered	region
Q7K2D2	1-32	ECO:0000256|SAM:MobiDB-lite	Disordered	region
Q7K2G1	121-142	ECO:0000256|SAM:MobiDB-lite	Disordered	region
Q7K2G1	168-238	ECO:0000256|SAM:MobiDB-lite	Disordered	region
Q7K2G1	344-389	ECO:0000256|SAM:MobiDB-lite	Disordered	region
Q7K3B9	197-221	ECO:0000256|SAM:MobiDB-lite	Disordered	region
Q7K3D8	1-204	ECO:0000269|PubMed:24947515	Required for nuclear localization	region
Q7K3D8	252-305	ECO:0000256|SAM:MobiDB-lite	Disordered	region
Q7K3L1	179-208	ECO:0000256|SAM:MobiDB-lite	Disordered	region
Q7K3L1	273-325	ECO:0000256|SAM:MobiDB-lite	Disordered	region
Q7K3L1	500-531	ECO:0000256|SAM:MobiDB-lite	Disordered	region
Q7K3L1	641-660	ECO:0000256|SAM:MobiDB-lite	Disordered	region
Q7K3L1	743-763	ECO:0000256|SAM:MobiDB-lite	Disordered	region
Q7K3L1	809-833	ECO:0000256|SAM:MobiDB-lite	Disordered	region
Q7K3L1	861-921	ECO:0000256|SAM:MobiDB-lite	Disordered	region
Q7K3M5	1-25	ECO:0000256|SAM:MobiDB-lite	Disordered	region
Q7K480	1-107	ECO:0000256|SAM:MobiDB-lite	Disordered	region
Q7K480	1150-1203	ECO:0000256|SAM:MobiDB-lite	Disordered	region
Q7K480	1236-1281	ECO:0000256|SAM:MobiDB-lite	Disordered	region
Q7K480	1345-1367	ECO:0000256|SAM:MobiDB-lite	Disordered	region
Q7K480	143-181	ECO:0000256|SAM:MobiDB-lite	Disordered	region
Q7K480	323-355	ECO:0000256|SAM:MobiDB-lite	Disordered	region
Q7K480	381-443	ECO:0000256|SAM:MobiDB-lite	Disordered	region
Q7K480	468-559	ECO:0000256|SAM:MobiDB-lite	Disordered	region
Q7K480	608-734	ECO:0000256|SAM:MobiDB-lite	Disordered	region
Q7K480	894-927	ECO:0000256|SAM:MobiDB-lite	Disordered	region
Q7K4B6	1-26	ECO:0000256|SAM:MobiDB-lite	Disordered	region
Q7K4H4	1-50	ECO:0000256|SAM:MobiDB-lite	Disordered	region
Q7K4H4	184-208	ECO:0000256|SAM:MobiDB-lite	Disordered	region
Q7K4H4	65-137	ECO:0000256|SAM:MobiDB-lite	Disordered	region
Q7K4M4	78-126	ECO:0000256|SAM:MobiDB-lite	Disordered	region
Q7K4N3	1-26	ECO:0000256|SAM:MobiDB-lite	Disordered	region
Q7K4N3	669-700	ECO:0000256|SAM:MobiDB-lite	Disordered	region
Q7K4Q5	219-275	ECO:0000256|SAM:MobiDB-lite	Disordered	region
Q7K4Q5	288-374	ECO:0000256|SAM:MobiDB-lite	Disordered	region
Q7K4Q5	591-662	ECO:0000256|SAM:MobiDB-lite	Disordered	region
Q7K4W1	31-61	ECO:0000256|SAM:MobiDB-lite	Disordered	region
Q7K4Y6	1-24	ECO:0000256|SAM:MobiDB-lite	Disordered	region
Q7K4Z4	1-63	ECO:0000256|SAM:MobiDB-lite	Disordered	region
Q7K4Z4	132-178	ECO:0000269|PubMed:12433364	May be required for interaction with Fadd	region
Q7K4Z4	134-159	ECO:0000256|SAM:MobiDB-lite	Disordered	region
Q7K4Z4	143-177	ECO:0000269|PubMed:20122400	Essential for ubiquitination and the induction of Dpt	region
Q7K550	1-65	ECO:0000256|SAM:MobiDB-lite	Disordered	region
Q7K556	1-59	ECO:0000256|SAM:MobiDB-lite	Disordered	region
Q7K556	452-475	ECO:0000256|SAM:MobiDB-lite	Disordered	region
Q7K5M0	213-319	ECO:0000256|SAM:MobiDB-lite	Disordered	region
Q7K5M0	343-407	ECO:0000255	CLIP	region
Q7K5N4	307-326	ECO:0000256|SAM:MobiDB-lite	Disordered	region
Q7K5N4	405-471	ECO:0000269|PubMed:30258054	Positively charged C-terminal tail required for binding nucleosomes	region
Q7K5N4	412-471	ECO:0000256|SAM:MobiDB-lite	Disordered	region
Q7K7A9	1-104		N-domain	region
Q7K7A9	122-253		I-domain	region
Q7K7A9	336-344	ECO:0000255|HAMAP-Rule:MF_03140	Interaction with PCNA	region
Q7K7A9	346-385	ECO:0000256|SAM:MobiDB-lite	Disordered	region
Q7KBL8	1-43	ECO:0000256|SAM:MobiDB-lite	Disordered	region
Q7KHG2	1-102	ECO:0000256|SAM:MobiDB-lite	Disordered	region
Q7KHG2	1242-1269	ECO:0000256|SAM:MobiDB-lite	Disordered	region
Q7KHG2	1397-1486	ECO:0000256|SAM:MobiDB-lite	Disordered	region
Q7KHG2	150-180	ECO:0000256|SAM:MobiDB-lite	Disordered	region
Q7KHG2	199-225	ECO:0000256|SAM:MobiDB-lite	Disordered	region
Q7KHG2	250-360	ECO:0000256|SAM:MobiDB-lite	Disordered	region
Q7KHG2	568-618	ECO:0000256|SAM:MobiDB-lite	Disordered	region
Q7KHG2	633-669	ECO:0000256|SAM:MobiDB-lite	Disordered	region
Q7KHG2	711-735	ECO:0000256|SAM:MobiDB-lite	Disordered	region
Q7KHG2	776-806	ECO:0000256|SAM:MobiDB-lite	Disordered	region
Q7KHG2	826-1096	ECO:0000256|SAM:MobiDB-lite	Disordered	region
Q7KIN0	1301-1332	ECO:0000256|SAM:MobiDB-lite	Disordered	region
Q7KIN0	1388-1446	ECO:0000256|SAM:MobiDB-lite	Disordered	region
Q7KKH3	488-573	ECO:0000256|SAM:MobiDB-lite	Disordered	region
Q7KKH3	662-712	ECO:0000256|SAM:MobiDB-lite	Disordered	region
Q7KLI1	1269-1289	ECO:0000256|SAM:MobiDB-lite	Disordered	region
Q7KLI1	597-965	ECO:0000305|PubMed:25644603	beta-propellor 1 (8 WD repeats)	region
Q7KLI1	966-1373	ECO:0000305|PubMed:25644603	beta-propellor 2 (7 WD repeats)	region
Q7KM13	26-109	ECO:0000256|SAM:MobiDB-lite	Disordered	region
Q7KM13	272-357	ECO:0000256|SAM:MobiDB-lite	Disordered	region
Q7KMJ6	1-93	ECO:0000256|SAM:MobiDB-lite	Disordered	region
Q7KMJ6	243-296	ECO:0000256|SAM:MobiDB-lite	Disordered	region
Q7KMJ6	507-623	ECO:0000256|SAM:MobiDB-lite	Disordered	region
Q7KN62	764-801	ECO:0000256|SAM:MobiDB-lite	Disordered	region
Q7KN79	170-207	ECO:0000256|SAM:MobiDB-lite	Disordered	region
Q7KN79	359-387	ECO:0000256|SAM:MobiDB-lite	Disordered	region
Q7KN79	42-63	ECO:0000256|SAM:MobiDB-lite	Disordered	region
Q7KN79	465-493	ECO:0000256|SAM:MobiDB-lite	Disordered	region
Q7KN79	97-119	ECO:0000256|SAM:MobiDB-lite	Disordered	region
Q7KN90	697-718	ECO:0000256|SAM:MobiDB-lite	Disordered	region
Q7KNF2	1-40	ECO:0000256|SAM:MobiDB-lite	Disordered	region
Q7KQM6	1-640	ECO:0000269|PubMed:31114929	Important for promoting translational repression	region
Q7KQM6	100-150	ECO:0000256|SAM:MobiDB-lite	Disordered	region
Q7KQM6	1036-1121	ECO:0000256|SAM:MobiDB-lite	Disordered	region
Q7KQM6	1142-1169	ECO:0000256|SAM:MobiDB-lite	Disordered	region
Q7KQM6	1307-1329	ECO:0000256|SAM:MobiDB-lite	Disordered	region
Q7KQM6	1359-1430	ECO:0000256|SAM:MobiDB-lite	Disordered	region
Q7KQM6	1507-1540	ECO:0000256|SAM:MobiDB-lite	Disordered	region
Q7KQM6	174-324	ECO:0000256|SAM:MobiDB-lite	Disordered	region
Q7KQM6	388-443	ECO:0000256|SAM:MobiDB-lite	Disordered	region
Q7KQZ4	115-200	ECO:0000256|SAM:MobiDB-lite	Disordered	region
Q7KQZ4	228-340	ECO:0000256|SAM:MobiDB-lite	Disordered	region
Q7KQZ4	506-560	ECO:0000256|SAM:MobiDB-lite	Disordered	region
Q7KQZ4	653-677	ECO:0000256|SAM:MobiDB-lite	Disordered	region
Q7KRS9	1-84	ECO:0000256|SAM:MobiDB-lite	Disordered	region
Q7KRS9	1613-1648	ECO:0000256|SAM:MobiDB-lite	Disordered	region
Q7KRS9	251-271	ECO:0000256|SAM:MobiDB-lite	Disordered	region
Q7KRS9	295-323	ECO:0000256|SAM:MobiDB-lite	Disordered	region
Q7KRS9	672-693	ECO:0000256|SAM:MobiDB-lite	Disordered	region
Q7KRS9	747-815	ECO:0000256|SAM:MobiDB-lite	Disordered	region
Q7KRS9	857-905	ECO:0000256|SAM:MobiDB-lite	Disordered	region
Q7KRS9	919-1139	ECO:0000256|SAM:MobiDB-lite	Disordered	region
Q7KRW1	696-724	ECO:0000256|SAM:MobiDB-lite	Disordered	region
Q7KRW1	752-788	ECO:0000256|SAM:MobiDB-lite	Disordered	region
Q7KRW8	1-76	ECO:0000256|SAM:MobiDB-lite	Disordered	region
Q7KRW8	145-358	ECO:0000256|SAM:MobiDB-lite	Disordered	region
Q7KRW8	552-643	ECO:0000256|SAM:MobiDB-lite	Disordered	region
Q7KRW8	951-985	ECO:0000256|SAM:MobiDB-lite	Disordered	region
Q7KRY6	340-507	ECO:0000256|SAM:MobiDB-lite	Disordered	region
Q7KRY6	532-599	ECO:0000256|SAM:MobiDB-lite	Disordered	region
Q7KRY7	1067-1150	ECO:0000256|SAM:MobiDB-lite	Disordered	region
Q7KRY7	1448-1485	ECO:0000256|SAM:MobiDB-lite	Disordered	region
Q7KRY7	1647-1751	ECO:0000256|SAM:MobiDB-lite	Disordered	region
Q7KRY7	1772-1851	ECO:0000256|SAM:MobiDB-lite	Disordered	region
Q7KRY7	427-474	ECO:0000256|SAM:MobiDB-lite	Disordered	region
Q7KRY7	584-641	ECO:0000256|SAM:MobiDB-lite	Disordered	region
Q7KRY7	656-719	ECO:0000256|SAM:MobiDB-lite	Disordered	region
Q7KT91	177-197	ECO:0000256|SAM:MobiDB-lite	Disordered	region
Q7KTX7	255-482	ECO:0000255|PROSITE-ProRule:PRU01221	TRIAD supradomain	region
Q7KTX8	1036-1055	ECO:0000256|SAM:MobiDB-lite	Disordered	region
Q7KTX8	1268-1384	ECO:0000256|SAM:MobiDB-lite	Disordered	region
Q7KTX8	1521-1557	ECO:0000256|SAM:MobiDB-lite	Disordered	region
Q7KTX8	1614-1633	ECO:0000256|SAM:MobiDB-lite	Disordered	region
Q7KTX8	1985-2060	ECO:0000256|SAM:MobiDB-lite	Disordered	region
Q7KTX8	232-279	ECO:0000256|SAM:MobiDB-lite	Disordered	region
Q7KTX8	509-543	ECO:0000256|SAM:MobiDB-lite	Disordered	region
Q7KTX8	569-731	ECO:0000256|SAM:MobiDB-lite	Disordered	region
Q7KTX8	916-957	ECO:0000256|SAM:MobiDB-lite	Disordered	region
Q7KTX8	970-995	ECO:0000256|SAM:MobiDB-lite	Disordered	region
Q7KU24	1-293	ECO:0000256|SAM:MobiDB-lite	Disordered	region
Q7KU24	1074-1185	ECO:0000256|SAM:MobiDB-lite	Disordered	region
Q7KU24	1246-1265	ECO:0000256|SAM:MobiDB-lite	Disordered	region
Q7KU24	1390-1491	ECO:0000256|SAM:MobiDB-lite	Disordered	region
Q7KU24	1505-1606	ECO:0000250|UniProtKB:O14646	CHD1 helical C-terminal domain (CHCT)	region
Q7KU24	1599-1829	ECO:0000256|SAM:MobiDB-lite	Disordered	region
Q7KU24	1848-1883	ECO:0000256|SAM:MobiDB-lite	Disordered	region
Q7KUT2	219-305	ECO:0000256|SAM:MobiDB-lite	Disordered	region
Q7KUT2	999-1024	ECO:0000256|SAM:MobiDB-lite	Disordered	region
Q7KVA1	48-67	ECO:0000256|SAM:MobiDB-lite	Disordered	region
Q7KVQ0	1-64	ECO:0000256|SAM:MobiDB-lite	Disordered	region
Q7KVQ0	157-237	ECO:0000256|SAM:MobiDB-lite	Disordered	region
Q7KVQ0	166-236		RGG-box 2	region
Q7KVQ0	4-56		RGG-box 1	region
Q7KVS9	115-238	ECO:0000256|SAM:MobiDB-lite	Disordered	region
Q7KVS9	44-92	ECO:0000256|SAM:MobiDB-lite	Disordered	region
Q7KVS9	631-652	ECO:0000256|SAM:MobiDB-lite	Disordered	region
Q7KVS9	687-740	ECO:0000256|SAM:MobiDB-lite	Disordered	region
Q7KVS9	767-963	ECO:0000256|SAM:MobiDB-lite	Disordered	region
Q7KVS9	977-1001	ECO:0000256|SAM:MobiDB-lite	Disordered	region
Q7KVW5	1-131	ECO:0000256|SAM:MobiDB-lite	Disordered	region
Q7KVW5	181-251	ECO:0000256|SAM:MobiDB-lite	Disordered	region
Q7KVW5	296-336	ECO:0000256|SAM:MobiDB-lite	Disordered	region
Q7KVW5	763-839	ECO:0000250	Calmodulin-binding	region
Q7KVY7	50-81	ECO:0000256|SAM:MobiDB-lite	Disordered	region
Q7KW09	1-59	ECO:0000256|SAM:MobiDB-lite	Disordered	region
Q7KW09	196-245	ECO:0000256|SAM:MobiDB-lite	Disordered	region
Q7KW09	266-361	ECO:0000256|SAM:MobiDB-lite	Disordered	region
Q7KW09	375-433	ECO:0000256|SAM:MobiDB-lite	Disordered	region
Q7KW09	457-594	ECO:0000256|SAM:MobiDB-lite	Disordered	region
Q7KW09	699-764	ECO:0000256|SAM:MobiDB-lite	Disordered	region
Q7KW14	1-88	ECO:0000256|SAM:MobiDB-lite	Disordered	region
Q7KW14	1028-1070	ECO:0000256|SAM:MobiDB-lite	Disordered	region
Q7KW14	107-129	ECO:0000256|SAM:MobiDB-lite	Disordered	region
Q7KW14	330-350	ECO:0000256|SAM:MobiDB-lite	Disordered	region
Q7KW14	498-548	ECO:0000256|SAM:MobiDB-lite	Disordered	region
Q7KW14	754-793	ECO:0000256|SAM:MobiDB-lite	Disordered	region
Q7KW14	815-852	ECO:0000256|SAM:MobiDB-lite	Disordered	region
Q7KW14	928-1011	ECO:0000256|SAM:MobiDB-lite	Disordered	region
Q7M3M8	199-259	ECO:0000256|SAM:MobiDB-lite	Disordered	region
Q7M3M8	272-296	ECO:0000256|SAM:MobiDB-lite	Disordered	region
Q7M3M8	44-101	ECO:0000256|SAM:MobiDB-lite	Disordered	region
Q7M3M8	599-682	ECO:0000256|SAM:MobiDB-lite	Disordered	region
Q7PLI2	1030-1049	ECO:0000256|SAM:MobiDB-lite	Disordered	region
Q7PLI2	2039-2077	ECO:0000256|SAM:MobiDB-lite	Disordered	region
Q7PLI7	22-41	ECO:0000256|SAM:MobiDB-lite	Disordered	region
Q7PLI7	47-81	ECO:0000256|SAM:MobiDB-lite	Disordered	region
Q7PLK0	1-289	ECO:0000269|PubMed:21447556	Interaction with papi	region
Q7PLK0	1-83	ECO:0000269|PubMed:26212455	Necessary and sufficient for interaction with krimp	region
Q7PLS8	1000-1068	ECO:0000256|SAM:MobiDB-lite	Disordered	region
Q7PLS8	916-939	ECO:0000256|SAM:MobiDB-lite	Disordered	region
Q7YU24	13-40	ECO:0000256|SAM:MobiDB-lite	Disordered	region
Q7YU24	144-151	ECO:0000255|PROSITE-ProRule:PRU01055	G1 motif	region
Q7YU24	170-171	ECO:0000255|PROSITE-ProRule:PRU01055	G2 motif	region
Q7YU24	239-242	ECO:0000255|PROSITE-ProRule:PRU01055	G3 motif	region
Q7YU24	298-301	ECO:0000255|PROSITE-ProRule:PRU01055	G4 motif	region
Q7YU24	327	ECO:0000255|PROSITE-ProRule:PRU01055	G5 motif	region
Q7YU24	609-630	ECO:0000256|SAM:MobiDB-lite	Disordered	region
Q7YU29	1-53	ECO:0000256|SAM:MobiDB-lite	Disordered	region
Q7YU29	129-191	ECO:0000256|SAM:MobiDB-lite	Disordered	region
Q7YU29	376-406	ECO:0000256|SAM:MobiDB-lite	Disordered	region
Q7YU29	85-106	ECO:0000256|SAM:MobiDB-lite	Disordered	region
Q7YU29	870-898	ECO:0000256|SAM:MobiDB-lite	Disordered	region
Q7YU29	941-1051	ECO:0000256|SAM:MobiDB-lite	Disordered	region
Q7YU81	1-20	ECO:0000256|SAM:MobiDB-lite	Disordered	region
Q7YU81	1062-1084	ECO:0000256|SAM:MobiDB-lite	Disordered	region
Q7YU81	213-238	ECO:0000256|SAM:MobiDB-lite	Disordered	region
Q7YU81	250-284	ECO:0000256|SAM:MobiDB-lite	Disordered	region
Q7YU81	367-397	ECO:0000256|SAM:MobiDB-lite	Disordered	region
Q7YU81	463-488	ECO:0000256|SAM:MobiDB-lite	Disordered	region
Q7YU81	741-790	ECO:0000256|SAM:MobiDB-lite	Disordered	region
Q7YU81	848-946	ECO:0000256|SAM:MobiDB-lite	Disordered	region
Q7YZA2	1058-1203	ECO:0000256|SAM:MobiDB-lite	Disordered	region
Q7YZA2	171-197	ECO:0000256|SAM:MobiDB-lite	Disordered	region
Q7YZA2	210-259	ECO:0000256|SAM:MobiDB-lite	Disordered	region
Q7YZA2	389-547	ECO:0000256|SAM:MobiDB-lite	Disordered	region
Q7YZA2	570-591	ECO:0000256|SAM:MobiDB-lite	Disordered	region
Q7YZA2	950-981	ECO:0000256|SAM:MobiDB-lite	Disordered	region
Q7YZH1	1-126	ECO:0000256|SAM:MobiDB-lite	Disordered	region
Q7YZH1	1279-1483	ECO:0000256|SAM:MobiDB-lite	Disordered	region
Q7YZH1	1500-1613	ECO:0000256|SAM:MobiDB-lite	Disordered	region
Q7YZH1	1632-1746	ECO:0000256|SAM:MobiDB-lite	Disordered	region
Q7YZH1	2037-2061	ECO:0000256|SAM:MobiDB-lite	Disordered	region
Q7YZH1	2124-2148	ECO:0000256|SAM:MobiDB-lite	Disordered	region
Q7YZH1	2203-2227	ECO:0000256|SAM:MobiDB-lite	Disordered	region
Q7YZH1	2346-2454	ECO:0000256|SAM:MobiDB-lite	Disordered	region
Q7YZH1	2598-2629	ECO:0000256|SAM:MobiDB-lite	Disordered	region
Q7YZH1	2667-2691	ECO:0000256|SAM:MobiDB-lite	Disordered	region
Q7YZH1	2768-2811	ECO:0000256|SAM:MobiDB-lite	Disordered	region
Q7YZH1	2832-2911	ECO:0000256|SAM:MobiDB-lite	Disordered	region
Q7YZH1	2964-3015	ECO:0000256|SAM:MobiDB-lite	Disordered	region
Q7YZH1	3042-3169	ECO:0000256|SAM:MobiDB-lite	Disordered	region
Q7YZH1	3184-3241	ECO:0000256|SAM:MobiDB-lite	Disordered	region
Q7YZH1	482-501	ECO:0000256|SAM:MobiDB-lite	Disordered	region
Q7YZH1	508-554	ECO:0000256|SAM:MobiDB-lite	Disordered	region
Q7YZH1	737-1266	ECO:0000256|SAM:MobiDB-lite	Disordered	region
Q7Z2C4	51-110	ECO:0000256|SAM:MobiDB-lite	Disordered	region
Q867Z4	115-200	ECO:0000256|SAM:MobiDB-lite	Disordered	region
Q867Z4	228-340	ECO:0000256|SAM:MobiDB-lite	Disordered	region
Q867Z4	447-468	ECO:0000256|SAM:MobiDB-lite	Disordered	region
Q867Z4	790-843	ECO:0000256|SAM:MobiDB-lite	Disordered	region
Q868T3	24-45	ECO:0000256|SAM:MobiDB-lite	Disordered	region
Q868Z9	1323-1367	ECO:0000256|SAM:MobiDB-lite	Disordered	region
Q868Z9	1902-1928	ECO:0000256|SAM:MobiDB-lite	Disordered	region
Q868Z9	1972-2004	ECO:0000256|SAM:MobiDB-lite	Disordered	region
Q868Z9	43-67	ECO:0000256|SAM:MobiDB-lite	Disordered	region
Q868Z9	699-1252	ECO:0000256|SAM:MobiDB-lite	Disordered	region
Q86B47	1-38	ECO:0000256|SAM:MobiDB-lite	Disordered	region
Q86B47	127-295	ECO:0000256|SAM:MobiDB-lite	Disordered	region
Q86B47	50-104	ECO:0000256|SAM:MobiDB-lite	Disordered	region
Q86B47	915-942	ECO:0000256|SAM:MobiDB-lite	Disordered	region
Q86B47	955-975	ECO:0000256|SAM:MobiDB-lite	Disordered	region
Q86B61	26-63	ECO:0000256|SAM:MobiDB-lite	Disordered	region
Q86B87	1-160		Self-association	region
Q86B87	1-308		Interaction with Chi	region
Q86B87	115-156	ECO:0000256|SAM:MobiDB-lite	Disordered	region
Q86B87	219-259	ECO:0000256|SAM:MobiDB-lite	Disordered	region
Q86B87	311-339	ECO:0000256|SAM:MobiDB-lite	Disordered	region
Q86B87	386-432	ECO:0000256|SAM:MobiDB-lite	Disordered	region
Q86B87	551-610		Interaction with su(Hw)	region
Q86B87	567-595	ECO:0000256|SAM:MobiDB-lite	Disordered	region
Q86B91	1045-1090	ECO:0000256|SAM:MobiDB-lite	Disordered	region
Q86B91	1115-1155	ECO:0000256|SAM:MobiDB-lite	Disordered	region
Q86B91	1173-1214	ECO:0000256|SAM:MobiDB-lite	Disordered	region
Q86B91	1231-1335	ECO:0000256|SAM:MobiDB-lite	Disordered	region
Q86B91	247-266	ECO:0000256|SAM:MobiDB-lite	Disordered	region
Q86B91	354-373	ECO:0000256|SAM:MobiDB-lite	Disordered	region
Q86B91	383-532	ECO:0000256|SAM:MobiDB-lite	Disordered	region
Q86B91	879-913	ECO:0000256|SAM:MobiDB-lite	Disordered	region
Q86BA1	1-36	ECO:0000256|SAM:MobiDB-lite	Disordered	region
Q86BA1	1-520		Monooxygenase domain	region
Q86BA1	1026-1053	ECO:0000256|SAM:MobiDB-lite	Disordered	region
Q86BA1	1130-1182	ECO:0000256|SAM:MobiDB-lite	Disordered	region
Q86BA1	1212-1378	ECO:0000256|SAM:MobiDB-lite	Disordered	region
Q86BA1	1434-1591	ECO:0000256|SAM:MobiDB-lite	Disordered	region
Q86BA1	1614-1648	ECO:0000256|SAM:MobiDB-lite	Disordered	region
Q86BA1	1684-1781	ECO:0000256|SAM:MobiDB-lite	Disordered	region
Q86BA1	1797-1825	ECO:0000256|SAM:MobiDB-lite	Disordered	region
Q86BA1	1992-2013	ECO:0000256|SAM:MobiDB-lite	Disordered	region
Q86BA1	2028-2092	ECO:0000256|SAM:MobiDB-lite	Disordered	region
Q86BA1	2145-2172	ECO:0000256|SAM:MobiDB-lite	Disordered	region
Q86BA1	2329-2379	ECO:0000256|SAM:MobiDB-lite	Disordered	region
Q86BA1	2418-2549	ECO:0000256|SAM:MobiDB-lite	Disordered	region
Q86BA1	2604-2676	ECO:0000256|SAM:MobiDB-lite	Disordered	region
Q86BA1	2699-2866	ECO:0000256|SAM:MobiDB-lite	Disordered	region
Q86BA1	3411-3456	ECO:0000256|SAM:MobiDB-lite	Disordered	region
Q86BA1	3468-3488	ECO:0000256|SAM:MobiDB-lite	Disordered	region
Q86BA1	3655-3694	ECO:0000256|SAM:MobiDB-lite	Disordered	region
Q86BA1	3809-3830	ECO:0000256|SAM:MobiDB-lite	Disordered	region
Q86BA1	3888-3909	ECO:0000256|SAM:MobiDB-lite	Disordered	region
Q86BA1	3922-3962	ECO:0000256|SAM:MobiDB-lite	Disordered	region
Q86BA1	3983-4037	ECO:0000256|SAM:MobiDB-lite	Disordered	region
Q86BA1	4072-4150	ECO:0000256|SAM:MobiDB-lite	Disordered	region
Q86BA1	4260-4284	ECO:0000256|SAM:MobiDB-lite	Disordered	region
Q86BA1	4317-4347	ECO:0000256|SAM:MobiDB-lite	Disordered	region
Q86BA1	4360-4414	ECO:0000256|SAM:MobiDB-lite	Disordered	region
Q86BA1	4449-4492	ECO:0000256|SAM:MobiDB-lite	Disordered	region
Q86BA1	4505-4544	ECO:0000256|SAM:MobiDB-lite	Disordered	region
Q86BA1	4704-4723	ECO:0000256|SAM:MobiDB-lite	Disordered	region
Q86BA1	746-795	ECO:0000256|SAM:MobiDB-lite	Disordered	region
Q86BA1	948-993	ECO:0000256|SAM:MobiDB-lite	Disordered	region
Q86BF9	43-105	ECO:0000256|SAM:MobiDB-lite	Disordered	region
Q86BJ3	112-185	ECO:0000256|SAM:MobiDB-lite	Disordered	region
Q86BP6	1-136	ECO:0000256|SAM:MobiDB-lite	Disordered	region
Q86BP6	144-163	ECO:0000256|SAM:MobiDB-lite	Disordered	region
Q86BP6	179-202	ECO:0000256|SAM:MobiDB-lite	Disordered	region
Q86BP6	249-319	ECO:0000256|SAM:MobiDB-lite	Disordered	region
Q86BP6	348-380	ECO:0000256|SAM:MobiDB-lite	Disordered	region
Q86BP6	611-634	ECO:0000256|SAM:MobiDB-lite	Disordered	region
Q86BP6	666-697	ECO:0000256|SAM:MobiDB-lite	Disordered	region
Q86BP6	900-923	ECO:0000256|SAM:MobiDB-lite	Disordered	region
Q86BP6	975-1008	ECO:0000256|SAM:MobiDB-lite	Disordered	region
Q86BY9	227-263	ECO:0000256|SAM:MobiDB-lite	Disordered	region
Q86BY9	340-368	ECO:0000256|SAM:MobiDB-lite	Disordered	region
Q86BY9	963-983	ECO:0000256|SAM:MobiDB-lite	Disordered	region
Q86DS1	243-302	ECO:0000256|SAM:MobiDB-lite	Disordered	region
Q86DS1	344-377	ECO:0000256|SAM:MobiDB-lite	Disordered	region
Q86DS1	68-123	ECO:0000256|SAM:MobiDB-lite	Disordered	region
Q86LG1	1-26	ECO:0000256|SAM:MobiDB-lite	Disordered	region
Q86NP2	1099-1154	ECO:0000256|SAM:MobiDB-lite	Disordered	region
Q86NP2	128-191	ECO:0000255|PROSITE-ProRule:PRU01183	NELF-C	region
Q86NP2	185-256	ECO:0000256|SAM:MobiDB-lite	Disordered	region
Q86NP2	192-254	ECO:0000255|PROSITE-ProRule:PRU01183	RNAPII-binding	region
Q86NP2	269-333	ECO:0000256|SAM:MobiDB-lite	Disordered	region
Q86NP2	343-362	ECO:0000256|SAM:MobiDB-lite	Disordered	region
Q86NP2	387-430	ECO:0000256|SAM:MobiDB-lite	Disordered	region
Q86NP2	484-509	ECO:0000256|SAM:MobiDB-lite	Disordered	region
Q86NP2	578-607	ECO:0000256|SAM:MobiDB-lite	Disordered	region
Q86NP2	852-872	ECO:0000256|SAM:MobiDB-lite	Disordered	region
Q86P48	138-168	ECO:0000256|SAM:MobiDB-lite	Disordered	region
Q86P48	240-265	ECO:0000256|SAM:MobiDB-lite	Disordered	region
Q86PC9	115-208	ECO:0000256|SAM:MobiDB-lite	Disordered	region
Q86PC9	75-97	ECO:0000256|SAM:MobiDB-lite	Disordered	region
Q86S05	1-69	ECO:0000256|SAM:MobiDB-lite	Disordered	region
Q86S05	1203-1234	ECO:0000256|SAM:MobiDB-lite	Disordered	region
Q86S05	1251-1277	ECO:0000256|SAM:MobiDB-lite	Disordered	region
Q86S05	142-286	ECO:0000256|SAM:MobiDB-lite	Disordered	region
Q86S05	374-453	ECO:0000256|SAM:MobiDB-lite	Disordered	region
Q86S05	613-646	ECO:0000256|SAM:MobiDB-lite	Disordered	region
Q86S05	750-801	ECO:0000256|SAM:MobiDB-lite	Disordered	region
Q86S05	869-894	ECO:0000256|SAM:MobiDB-lite	Disordered	region
Q86S05	987-1036	ECO:0000256|SAM:MobiDB-lite	Disordered	region
Q8I0G5	1-25	ECO:0000256|SAM:MobiDB-lite	Disordered	region
Q8I0P1	1-103	ECO:0000256|SAM:MobiDB-lite	Disordered	region
Q8I0P1	1-159	ECO:0000269|PubMed:19341724	Interaction with atl	region
Q8I0P1	1-210		Required for localization to punctate cytoplasmic foci	region
Q8I0P1	169-202	ECO:0000256|SAM:MobiDB-lite	Disordered	region
Q8I0P1	208-758	ECO:0000269|PubMed:15823537, ECO:0000269|PubMed:18202664	Sufficient for interaction with microtubules and microtubule severing	region
Q8I0P1	353-454	ECO:0000256|SAM:MobiDB-lite	Disordered	region
Q8I0P1	443-455	ECO:0000269|PubMed:18202664	Required for interaction with microtubules	region
Q8I7C3	130-151	ECO:0000256|SAM:MobiDB-lite	Disordered	region
Q8I7C3	164-223	ECO:0000256|SAM:MobiDB-lite	Disordered	region
Q8I7C3	235-257	ECO:0000256|SAM:MobiDB-lite	Disordered	region
Q8I7C3	294-318	ECO:0000256|SAM:MobiDB-lite	Disordered	region
Q8I7C3	332-415	ECO:0000256|SAM:MobiDB-lite	Disordered	region
Q8I7C3	460-528	ECO:0000256|SAM:MobiDB-lite	Disordered	region
Q8I7C3	548-592	ECO:0000256|SAM:MobiDB-lite	Disordered	region
Q8I7Q0	258-333	ECO:0000256|SAM:MobiDB-lite	Disordered	region
Q8I7Q0	350-417	ECO:0000256|SAM:MobiDB-lite	Disordered	region
Q8I7Z8	164-196	ECO:0000256|SAM:MobiDB-lite	Disordered	region
Q8I7Z8	392-440	ECO:0000256|SAM:MobiDB-lite	Disordered	region
Q8I7Z8	554-633	ECO:0000256|SAM:MobiDB-lite	Disordered	region
Q8I7Z8	667-725	ECO:0000256|SAM:MobiDB-lite	Disordered	region
Q8I7Z8	892-913	ECO:0000256|SAM:MobiDB-lite	Disordered	region
Q8I7Z8	933-990	ECO:0000256|SAM:MobiDB-lite	Disordered	region
Q8I8U7	3435-3441	ECO:0000255|PROSITE-ProRule:PRU00269	G-loop	region
Q8I8U7	3616-3624	ECO:0000255|PROSITE-ProRule:PRU00269	Catalytic loop	region
Q8I8U7	3636-3661	ECO:0000255|PROSITE-ProRule:PRU00269	Activation loop	region
Q8I8V0	318-372	ECO:0000256|SAM:MobiDB-lite	Disordered	region
Q8IA41	109-215		Catalytic subdomain A	region
Q8IA41	271-333		Catalytic subdomain B	region
Q8IA42	177-288	ECO:0000250|UniProtKB:O08912	Catalytic subdomain A	region
Q8IA42	345-407	ECO:0000250|UniProtKB:O08912	Catalytic subdomain B	region
Q8IA43	166-277		Catalytic subdomain A	region
Q8IA43	333-394		Catalytic subdomain B	region
Q8IA44	109-225		Catalytic subdomain A	region
Q8IA44	280-342		Catalytic subdomain B	region
Q8IFW4	132-157	ECO:0000256|SAM:MobiDB-lite	Disordered	region
Q8IH00	1-69	ECO:0000256|SAM:MobiDB-lite	Disordered	region
Q8IH00	1137-1193	ECO:0000256|SAM:MobiDB-lite	Disordered	region
Q8IH18	154-182	ECO:0000256|SAM:MobiDB-lite	Disordered	region
Q8IH18	196-277	ECO:0000256|SAM:MobiDB-lite	Disordered	region
Q8IH18	289-320	ECO:0000256|SAM:MobiDB-lite	Disordered	region
Q8IH18	354-391	ECO:0000256|SAM:MobiDB-lite	Disordered	region
Q8IH18	921-960	ECO:0000256|SAM:MobiDB-lite	Disordered	region
Q8IH24	134-204	ECO:0000256|SAM:MobiDB-lite	Disordered	region
Q8IMA8	1136-1192	ECO:0000256|SAM:MobiDB-lite	Disordered	region
Q8IMA8	691-713	ECO:0000256|SAM:MobiDB-lite	Disordered	region
Q8IMA8	790-812	ECO:0000256|SAM:MobiDB-lite	Disordered	region
Q8IMA8	847-916	ECO:0000256|SAM:MobiDB-lite	Disordered	region
Q8IMA8	955-986	ECO:0000256|SAM:MobiDB-lite	Disordered	region
Q8IMC6	13-35	ECO:0000256|SAM:MobiDB-lite	Disordered	region
Q8IMC6	662-724	ECO:0000256|SAM:MobiDB-lite	Disordered	region
Q8IMC6	755-792	ECO:0000256|SAM:MobiDB-lite	Disordered	region
Q8IMC6	984-1003	ECO:0000256|SAM:MobiDB-lite	Disordered	region
Q8IMM9	161-181	ECO:0000256|SAM:MobiDB-lite	Disordered	region
Q8IMP6	145-495	ECO:0000256|SAM:MobiDB-lite	Disordered	region
Q8IMP6	26-50	ECO:0000256|SAM:MobiDB-lite	Disordered	region
Q8IMZ9	139-179	ECO:0000256|SAM:MobiDB-lite	Disordered	region
Q8IN35	1-33	ECO:0000256|SAM:MobiDB-lite	Disordered	region
Q8IN35	532-553	ECO:0000256|SAM:MobiDB-lite	Disordered	region
Q8IN78	1-20	ECO:0000256|SAM:MobiDB-lite	Disordered	region
Q8IN81	1-55	ECO:0000256|SAM:MobiDB-lite	Disordered	region
Q8IN81	229-288	ECO:0000256|SAM:MobiDB-lite	Disordered	region
Q8IN81	352-526	ECO:0000256|SAM:MobiDB-lite	Disordered	region
Q8IN81	70-89	ECO:0000256|SAM:MobiDB-lite	Disordered	region
Q8IN81	784-814	ECO:0000256|SAM:MobiDB-lite	Disordered	region
Q8IN94	1-969	ECO:0000256|SAM:MobiDB-lite	Disordered	region
Q8IN94	1108-1766	ECO:0000256|SAM:MobiDB-lite	Disordered	region
Q8IN94	1914-1936	ECO:0000256|SAM:MobiDB-lite	Disordered	region
Q8IN94	2045-2123	ECO:0000256|SAM:MobiDB-lite	Disordered	region
Q8IN94	2520-2617	ECO:0000256|SAM:MobiDB-lite	Disordered	region
Q8IN94	2684-2716	ECO:0000256|SAM:MobiDB-lite	Disordered	region
Q8INB9	14-33	ECO:0000256|SAM:MobiDB-lite	Disordered	region
Q8INB9	45-88	ECO:0000256|SAM:MobiDB-lite	Disordered	region
Q8INF0	1017-1048	ECO:0000256|SAM:MobiDB-lite	Disordered	region
Q8INF0	739-766	ECO:0000256|SAM:MobiDB-lite	Disordered	region
Q8INF0	795-831	ECO:0000256|SAM:MobiDB-lite	Disordered	region
Q8INF0	842-861	ECO:0000256|SAM:MobiDB-lite	Disordered	region
Q8INF0	913-956	ECO:0000256|SAM:MobiDB-lite	Disordered	region
Q8INI8	609-641	ECO:0000256|SAM:MobiDB-lite	Disordered	region
Q8INK6	213-232	ECO:0000256|SAM:MobiDB-lite	Disordered	region
Q8INK9	189-208	ECO:0000256|SAM:MobiDB-lite	Disordered	region
Q8INK9	27-48	ECO:0000256|SAM:MobiDB-lite	Disordered	region
Q8INM3	1-194	ECO:0000256|SAM:MobiDB-lite	Disordered	region
Q8INM3	1038-1169	ECO:0000256|SAM:MobiDB-lite	Disordered	region
Q8INM3	1200-1333	ECO:0000256|SAM:MobiDB-lite	Disordered	region
Q8INM3	1364-1405	ECO:0000256|SAM:MobiDB-lite	Disordered	region
Q8INM3	221-300	ECO:0000256|SAM:MobiDB-lite	Disordered	region
Q8INM3	329-405	ECO:0000256|SAM:MobiDB-lite	Disordered	region
Q8INM3	434-468	ECO:0000256|SAM:MobiDB-lite	Disordered	region
Q8INM3	533-778	ECO:0000256|SAM:MobiDB-lite	Disordered	region
Q8INM3	827-962	ECO:0000256|SAM:MobiDB-lite	Disordered	region
Q8INM3	993-1023	ECO:0000256|SAM:MobiDB-lite	Disordered	region
Q8INR6	1033-1075	ECO:0000256|SAM:MobiDB-lite	Disordered	region
Q8INR6	1165-1190	ECO:0000256|SAM:MobiDB-lite	Disordered	region
Q8INR6	1221-1333	ECO:0000256|SAM:MobiDB-lite	Disordered	region
Q8INR6	1345-1374	ECO:0000256|SAM:MobiDB-lite	Disordered	region
Q8INR6	1432-1463	ECO:0000256|SAM:MobiDB-lite	Disordered	region
Q8INR6	1486-1508	ECO:0000256|SAM:MobiDB-lite	Disordered	region
Q8INR6	1529-1559	ECO:0000256|SAM:MobiDB-lite	Disordered	region
Q8INR6	1573-1604	ECO:0000256|SAM:MobiDB-lite	Disordered	region
Q8INR6	1637-1713	ECO:0000256|SAM:MobiDB-lite	Disordered	region
Q8INR6	1731-1757	ECO:0000256|SAM:MobiDB-lite	Disordered	region
Q8INR6	338-537	ECO:0000256|SAM:MobiDB-lite	Disordered	region
Q8INR6	558-593	ECO:0000256|SAM:MobiDB-lite	Disordered	region
Q8INR6	886-908	ECO:0000256|SAM:MobiDB-lite	Disordered	region
Q8INR6	960-996	ECO:0000256|SAM:MobiDB-lite	Disordered	region
Q8INT5	1167-1213	ECO:0000256|SAM:MobiDB-lite	Disordered	region
Q8INT5	249-282	ECO:0000256|SAM:MobiDB-lite	Disordered	region
Q8INT5	300-327	ECO:0000256|SAM:MobiDB-lite	Disordered	region
Q8INT5	945-986	ECO:0000256|SAM:MobiDB-lite	Disordered	region
Q8INX3	1-50	ECO:0000256|SAM:MobiDB-lite	Disordered	region
Q8INX3	252-279	ECO:0000256|SAM:MobiDB-lite	Disordered	region
Q8IP68	27-172	ECO:0000256|SAM:MobiDB-lite	Disordered	region
Q8IPA1	77-96	ECO:0000256|SAM:MobiDB-lite	Disordered	region
Q8IPH9	1-31	ECO:0000256|SAM:MobiDB-lite	Disordered	region
Q8IPH9	191-203		Interaction with Slo	region
Q8IPH9	483-503	ECO:0000256|SAM:MobiDB-lite	Disordered	region
Q8IPH9	73-94	ECO:0000256|SAM:MobiDB-lite	Disordered	region
Q8IPJ3	1214-1252	ECO:0000256|SAM:MobiDB-lite	Disordered	region
Q8IPJ3	125-252	ECO:0000256|SAM:MobiDB-lite	Disordered	region
Q8IPJ3	1477-1520	ECO:0000256|SAM:MobiDB-lite	Disordered	region
Q8IPJ3	1557-1653	ECO:0000256|SAM:MobiDB-lite	Disordered	region
Q8IPJ3	1717-2019	ECO:0000256|SAM:MobiDB-lite	Disordered	region
Q8IPJ3	2032-2082	ECO:0000256|SAM:MobiDB-lite	Disordered	region
Q8IPJ3	2191-2316	ECO:0000256|SAM:MobiDB-lite	Disordered	region
Q8IPJ3	23-55	ECO:0000256|SAM:MobiDB-lite	Disordered	region
Q8IPJ3	2411-2431	ECO:0000256|SAM:MobiDB-lite	Disordered	region
Q8IPJ3	2510-2748	ECO:0000255|PROSITE-ProRule:PRU01221	TRIAD supradomain	region
Q8IPJ3	2514-2892	ECO:0000269|PubMed:30026495	Necessary for linear polyubiquitination and sufficent for inducing DptA in the intestine	region
Q8IPJ3	395-423	ECO:0000256|SAM:MobiDB-lite	Disordered	region
Q8IPJ3	483-631	ECO:0000256|SAM:MobiDB-lite	Disordered	region
Q8IPJ3	644-672	ECO:0000256|SAM:MobiDB-lite	Disordered	region
Q8IPJ3	685-737	ECO:0000256|SAM:MobiDB-lite	Disordered	region
Q8IPJ3	757-865	ECO:0000256|SAM:MobiDB-lite	Disordered	region
Q8IPJ3	949-975	ECO:0000256|SAM:MobiDB-lite	Disordered	region
Q8IPM8	13-70	ECO:0000256|SAM:MobiDB-lite	Disordered	region
Q8IPM8	83-105	ECO:0000256|SAM:MobiDB-lite	Disordered	region
Q8IPW2	113-146	ECO:0000256|SAM:MobiDB-lite	Disordered	region
Q8IPW2	12-37	ECO:0000256|SAM:MobiDB-lite	Disordered	region
Q8IPW2	219-247	ECO:0000256|SAM:MobiDB-lite	Disordered	region
Q8IPW2	398-442	ECO:0000256|SAM:MobiDB-lite	Disordered	region
Q8IPW2	57-92	ECO:0000256|SAM:MobiDB-lite	Disordered	region
Q8IPZ3	27-52	ECO:0000256|SAM:MobiDB-lite	Disordered	region
Q8IQ05	26-72	ECO:0000256|SAM:MobiDB-lite	Disordered	region
Q8IQ05	892-913	ECO:0000256|SAM:MobiDB-lite	Disordered	region
Q8IQ13	109-159	ECO:0000256|SAM:MobiDB-lite	Disordered	region
Q8IQ27	1-53	ECO:0000256|SAM:MobiDB-lite	Disordered	region
Q8IQ27	130-254	ECO:0000256|SAM:MobiDB-lite	Disordered	region
Q8IQ27	273-297	ECO:0000256|SAM:MobiDB-lite	Disordered	region
Q8IQ27	360-410	ECO:0000256|SAM:MobiDB-lite	Disordered	region
Q8IQ27	500-610	ECO:0000256|SAM:MobiDB-lite	Disordered	region
Q8IQ27	91-117	ECO:0000256|SAM:MobiDB-lite	Disordered	region
Q8IQ70	346-366	ECO:0000256|SAM:MobiDB-lite	Disordered	region
Q8IQC1	1-30	ECO:0000256|SAM:MobiDB-lite	Disordered	region
Q8IQF1	1-367		Molybdenum cofactor biosynthesis protein A	region
Q8IQG1	28-57	ECO:0000256|SAM:MobiDB-lite	Disordered	region
Q8IQG1	346-407	ECO:0000256|SAM:MobiDB-lite	Disordered	region
Q8IQG1	498-541	ECO:0000256|SAM:MobiDB-lite	Disordered	region
Q8IQG1	74-118	ECO:0000256|SAM:MobiDB-lite	Disordered	region
Q8IQQ4	1-109	ECO:0000256|SAM:MobiDB-lite	Disordered	region
Q8IQQ4	127-188	ECO:0000256|SAM:MobiDB-lite	Disordered	region
Q8IQQ4	244-260	ECO:0000269|PubMed:33704067	Essential for Sas-6 binding	region
Q8IQQ4	246-286	ECO:0000269|PubMed:29892014	Necessary for localization to the centrosome	region
Q8IQQ4	246-323	ECO:0000269|PubMed:29892014	Necessary for localization to the Golgi	region
Q8IQQ4	260-286	ECO:0000269|PubMed:29892014, ECO:0000269|PubMed:33704067	Necessary for interaction with Sas-6 and essential for homodimerization	region
Q8IR45	152-183	ECO:0000256|SAM:MobiDB-lite	Disordered	region
Q8IR79	1-147	ECO:0000269|PubMed:15220930	Interaction with LATS1	region
Q8IR79	1-24	ECO:0000256|SAM:MobiDB-lite	Disordered	region
Q8IR79	1010-1037	ECO:0000256|SAM:MobiDB-lite	Disordered	region
Q8IR79	1085-1182	ECO:0000256|SAM:MobiDB-lite	Disordered	region
Q8IR79	1212-1257	ECO:0000256|SAM:MobiDB-lite	Disordered	region
Q8IR79	552-587	ECO:0000256|SAM:MobiDB-lite	Disordered	region
Q8IR79	759-811	ECO:0000256|SAM:MobiDB-lite	Disordered	region
Q8IR79	881-900	ECO:0000256|SAM:MobiDB-lite	Disordered	region
Q8IRB5	1-490	ECO:0000256|SAM:MobiDB-lite	Disordered	region
Q8IRB5	1058-1154	ECO:0000256|SAM:MobiDB-lite	Disordered	region
Q8IRB5	544-566	ECO:0000256|SAM:MobiDB-lite	Disordered	region
Q8IRB5	585-636	ECO:0000256|SAM:MobiDB-lite	Disordered	region
Q8IRB5	845-977	ECO:0000256|SAM:MobiDB-lite	Disordered	region
Q8IRC7	253-275	ECO:0000256|SAM:MobiDB-lite	Disordered	region
Q8IRG6	923-1083	ECO:0000256|SAM:MobiDB-lite	Disordered	region
Q8IRH5	285-336	ECO:0000256|SAM:MobiDB-lite	Disordered	region
Q8IRH5	499-525	ECO:0000256|SAM:MobiDB-lite	Disordered	region
Q8IRH5	540-622	ECO:0000256|SAM:MobiDB-lite	Disordered	region
Q8IRH5	90-121	ECO:0000256|SAM:MobiDB-lite	Disordered	region
Q8IRI6	1000-1083	ECO:0000256|SAM:MobiDB-lite	Disordered	region
Q8IRI6	1304-1330	ECO:0000256|SAM:MobiDB-lite	Disordered	region
Q8IRI6	1380-1401	ECO:0000256|SAM:MobiDB-lite	Disordered	region
Q8IRI6	628-708	ECO:0000256|SAM:MobiDB-lite	Disordered	region
Q8IRI6	725-808	ECO:0000256|SAM:MobiDB-lite	Disordered	region
Q8IRI6	966-987	ECO:0000256|SAM:MobiDB-lite	Disordered	region
Q8IRJ8	196-265	ECO:0000256|SAM:MobiDB-lite	Disordered	region
Q8IRU4	207-245	ECO:0000256|SAM:MobiDB-lite	Disordered	region
Q8IRU4	599-662	ECO:0000256|SAM:MobiDB-lite	Disordered	region
Q8IRU4	79-108	ECO:0000256|SAM:MobiDB-lite	Disordered	region
Q8IRW8	1226-1292	ECO:0000256|SAM:MobiDB-lite	Disordered	region
Q8IRW8	135-201	ECO:0000256|SAM:MobiDB-lite	Disordered	region
Q8IRW8	1404-1433	ECO:0000256|SAM:MobiDB-lite	Disordered	region
Q8IRW8	1478-1500	ECO:0000256|SAM:MobiDB-lite	Disordered	region
Q8IRW8	1790-1836	ECO:0000256|SAM:MobiDB-lite	Disordered	region
Q8IRW8	213-235	ECO:0000256|SAM:MobiDB-lite	Disordered	region
Q8IRW8	34-78	ECO:0000256|SAM:MobiDB-lite	Disordered	region
Q8IRW8	759-789	ECO:0000256|SAM:MobiDB-lite	Disordered	region
Q8IRW8	863-895	ECO:0000256|SAM:MobiDB-lite	Disordered	region
Q8IRW8	918-973	ECO:0000256|SAM:MobiDB-lite	Disordered	region
Q8IS44	1-23	ECO:0000256|SAM:MobiDB-lite	Disordered	region
Q8IS44	600-631	ECO:0000256|SAM:MobiDB-lite	Disordered	region
Q8IS44	702-753	ECO:0000256|SAM:MobiDB-lite	Disordered	region
Q8IS44	780-799	ECO:0000256|SAM:MobiDB-lite	Disordered	region
Q8ITC9	388-413	ECO:0000256|SAM:MobiDB-lite	Disordered	region
Q8MKN0	49-103	ECO:0000256|SAM:MobiDB-lite	Disordered	region
Q8MLV1	160-194	ECO:0000256|SAM:MobiDB-lite	Disordered	region
Q8MLV1	231-277	ECO:0000256|SAM:MobiDB-lite	Disordered	region
Q8MLV1	29-126	ECO:0000256|SAM:MobiDB-lite	Disordered	region
Q8MLY8	1-23	ECO:0000256|SAM:MobiDB-lite	Disordered	region
Q8MLZ7	307-331	ECO:0000256|SAM:MobiDB-lite	Disordered	region
Q8MMC4	186-271	ECO:0000256|SAM:MobiDB-lite	Disordered	region
Q8MMC4	37-151	ECO:0000256|SAM:MobiDB-lite	Disordered	region
Q8MPP0	135-146	ECO:0000250|UniProtKB:Q92982	Helix alpha1	region
Q8MPP0	149-165	ECO:0000250|UniProtKB:Q92982	Helix alpha2	region
Q8MPP0	32-101	ECO:0000256|SAM:MobiDB-lite	Disordered	region
Q8MPP3	335-514	ECO:0000256|SAM:MobiDB-lite	Disordered	region
Q8MQJ9	159-178	ECO:0000256|SAM:MobiDB-lite	Disordered	region
Q8MQJ9	29-63	ECO:0000256|SAM:MobiDB-lite	Disordered	region
Q8MQJ9	543-606	ECO:0000256|SAM:MobiDB-lite	Disordered	region
Q8MQW8	1040-1067	ECO:0000256|SAM:MobiDB-lite	Disordered	region
Q8MQW8	1094-1123	ECO:0000256|SAM:MobiDB-lite	Disordered	region
Q8MQW8	1138-1160	ECO:0000256|SAM:MobiDB-lite	Disordered	region
Q8MQW8	140-190	ECO:0000256|SAM:MobiDB-lite	Disordered	region
Q8MQW8	218-237	ECO:0000256|SAM:MobiDB-lite	Disordered	region
Q8MQW8	261-317	ECO:0000256|SAM:MobiDB-lite	Disordered	region
Q8MQW8	329-378	ECO:0000256|SAM:MobiDB-lite	Disordered	region
Q8MQW8	401-460	ECO:0000256|SAM:MobiDB-lite	Disordered	region
Q8MQW8	53-120	ECO:0000256|SAM:MobiDB-lite	Disordered	region
Q8MQW8	632-689	ECO:0000256|SAM:MobiDB-lite	Disordered	region
Q8MQW8	744-787	ECO:0000256|SAM:MobiDB-lite	Disordered	region
Q8MQW8	852-918	ECO:0000256|SAM:MobiDB-lite	Disordered	region
Q8MQW8	969-1006	ECO:0000256|SAM:MobiDB-lite	Disordered	region
Q8MQX9	141-230	ECO:0000256|SAM:MobiDB-lite	Disordered	region
Q8MQX9	37-74	ECO:0000256|SAM:MobiDB-lite	Disordered	region
Q8MQX9	519-543	ECO:0000256|SAM:MobiDB-lite	Disordered	region
Q8MQX9	961-981	ECO:0000256|SAM:MobiDB-lite	Disordered	region
Q8MR31	521-557	ECO:0000256|SAM:MobiDB-lite	Disordered	region
Q8MR31	744-767	ECO:0000256|SAM:MobiDB-lite	Disordered	region
Q8MR37	138-182	ECO:0000256|SAM:MobiDB-lite	Disordered	region
Q8MR37	268-297	ECO:0000256|SAM:MobiDB-lite	Disordered	region
Q8MR37	332-383	ECO:0000256|SAM:MobiDB-lite	Disordered	region
Q8MR37	424-483	ECO:0000256|SAM:MobiDB-lite	Disordered	region
Q8MR62	99-240	ECO:0000250	Thioredoxin fold	region
Q8MRC9	208-317	ECO:0000305|PubMed:30158631	Catalytic subdomain A	region
Q8MRC9	378-440	ECO:0000305|PubMed:30158631	Catalytic subdomain B	region
Q8MRC9	84-154	ECO:0000256|SAM:MobiDB-lite	Disordered	region
Q8MRQ4	673-694	ECO:0000256|SAM:MobiDB-lite	Disordered	region
Q8MRW5	315-375	ECO:0000256|SAM:MobiDB-lite	Disordered	region
Q8MRW5	609-628	ECO:0000256|SAM:MobiDB-lite	Disordered	region
Q8MSG8	482-662	ECO:0000256|SAM:MobiDB-lite	Disordered	region
Q8MSS1	110-135	ECO:0000256|SAM:MobiDB-lite	Disordered	region
Q8MSS1	1716-1753	ECO:0000256|SAM:MobiDB-lite	Disordered	region
Q8MSS1	2348-2367	ECO:0000256|SAM:MobiDB-lite	Disordered	region
Q8MSS1	2484-2507	ECO:0000256|SAM:MobiDB-lite	Disordered	region
Q8MSS1	2552-2578	ECO:0000256|SAM:MobiDB-lite	Disordered	region
Q8MSS1	2633-2665	ECO:0000256|SAM:MobiDB-lite	Disordered	region
Q8MSS1	31-62	ECO:0000256|SAM:MobiDB-lite	Disordered	region
Q8MSS1	337-366	ECO:0000256|SAM:MobiDB-lite	Disordered	region
Q8MSS1	622-662	ECO:0000256|SAM:MobiDB-lite	Disordered	region
Q8MSS1	711-730	ECO:0000256|SAM:MobiDB-lite	Disordered	region
Q8MSS1	79-98	ECO:0000256|SAM:MobiDB-lite	Disordered	region
Q8MSU4	365-384	ECO:0000256|SAM:MobiDB-lite	Disordered	region
Q8MSV2	1-66	ECO:0000256|SAM:MobiDB-lite	Disordered	region
Q8MSV2	189-237	ECO:0000256|SAM:MobiDB-lite	Disordered	region
Q8MSV2	563-590	ECO:0000256|SAM:MobiDB-lite	Disordered	region
Q8MSX1	1176-1249	ECO:0000256|SAM:MobiDB-lite	Disordered	region
Q8MSX1	123-282	ECO:0000256|SAM:MobiDB-lite	Disordered	region
Q8MSX1	1332-1648	ECO:0000256|SAM:MobiDB-lite	Disordered	region
Q8MSX1	1684-1709	ECO:0000256|SAM:MobiDB-lite	Disordered	region
Q8MSX1	317-413	ECO:0000256|SAM:MobiDB-lite	Disordered	region
Q8MSX1	47-68	ECO:0000256|SAM:MobiDB-lite	Disordered	region
Q8MSX1	557-806	ECO:0000256|SAM:MobiDB-lite	Disordered	region
Q8MSX1	885-916	ECO:0000256|SAM:MobiDB-lite	Disordered	region
Q8MSX1	936-959	ECO:0000256|SAM:MobiDB-lite	Disordered	region
Q8MSX2	156-177	ECO:0000256|SAM:MobiDB-lite	Disordered	region
Q8MSX2	198-249	ECO:0000256|SAM:MobiDB-lite	Disordered	region
Q8MT06	1-50	ECO:0000256|SAM:MobiDB-lite	Disordered	region
Q8MT06	500-519	ECO:0000256|SAM:MobiDB-lite	Disordered	region
Q8MT36	1-103	ECO:0000256|SAM:MobiDB-lite	Disordered	region
Q8MT36	1406-1427	ECO:0000256|SAM:MobiDB-lite	Disordered	region
Q8MT36	153-187	ECO:0000256|SAM:MobiDB-lite	Disordered	region
Q8MT36	249-280	ECO:0000256|SAM:MobiDB-lite	Disordered	region
Q8MT36	573-630	ECO:0000256|SAM:MobiDB-lite	Disordered	region
Q8MT36	722-752	ECO:0000256|SAM:MobiDB-lite	Disordered	region
Q8MUJ1	111-143	ECO:0000256|SAM:MobiDB-lite	Disordered	region
Q8MUJ1	159-256	ECO:0000256|SAM:MobiDB-lite	Disordered	region
Q8MV48	141-251		Catalytic subdomain A	region
Q8MV48	313-375		Catalytic subdomain B	region
Q8MV48	68-100	ECO:0000256|SAM:MobiDB-lite	Disordered	region
Q8MVS5	147-259		Catalytic subdomain A	region
Q8MVS5	317-379		Catalytic subdomain B	region
Q8MYL1	1420-1478	ECO:0000256|SAM:MobiDB-lite	Disordered	region
Q8MYL1	33-53	ECO:0000256|SAM:MobiDB-lite	Disordered	region
Q8MYL1	896-918	ECO:0000256|SAM:MobiDB-lite	Disordered	region
Q8MYY6	109-225		Catalytic subdomain A	region
Q8MYY6	281-343		Catalytic subdomain B	region
Q8ST83	475-497	ECO:0000256|SAM:MobiDB-lite	Disordered	region
Q8SWR2	23-53	ECO:0000256|SAM:MobiDB-lite	Disordered	region
Q8SWR2	493-528	ECO:0000256|SAM:MobiDB-lite	Disordered	region
Q8SWR8	1-46	ECO:0000256|SAM:MobiDB-lite	Disordered	region
Q8SWR8	1000-1037	ECO:0000256|SAM:MobiDB-lite	Disordered	region
Q8SWR8	1057-1084	ECO:0000256|SAM:MobiDB-lite	Disordered	region
Q8SWR8	260-935	ECO:0000256|SAM:MobiDB-lite	Disordered	region
Q8SWV6	1-26	ECO:0000256|SAM:MobiDB-lite	Disordered	region
Q8SWX0	128-167	ECO:0000256|SAM:MobiDB-lite	Disordered	region
Q8SX68	1-29	ECO:0000256|SAM:MobiDB-lite	Disordered	region
Q8SX68	556-584	ECO:0000256|SAM:MobiDB-lite	Disordered	region
Q8SX83	1027-1054	ECO:0000256|SAM:MobiDB-lite	Disordered	region
Q8SX83	1089-1114	ECO:0000256|SAM:MobiDB-lite	Disordered	region
Q8SX83	1131-1150	ECO:0000256|SAM:MobiDB-lite	Disordered	region
Q8SX83	114-145	ECO:0000256|SAM:MobiDB-lite	Disordered	region
Q8SX83	1196-1298	ECO:0000256|SAM:MobiDB-lite	Disordered	region
Q8SX83	1386-1521	ECO:0000256|SAM:MobiDB-lite	Disordered	region
Q8SX83	1640-2428	ECO:0000256|SAM:MobiDB-lite	Disordered	region
Q8SX83	166-204	ECO:0000256|SAM:MobiDB-lite	Disordered	region
Q8SX83	236-287	ECO:0000256|SAM:MobiDB-lite	Disordered	region
Q8SX83	2450-2537	ECO:0000256|SAM:MobiDB-lite	Disordered	region
Q8SX83	2565-2637	ECO:0000256|SAM:MobiDB-lite	Disordered	region
Q8SX83	2665-2695	ECO:0000256|SAM:MobiDB-lite	Disordered	region
Q8SX83	2736-2832	ECO:0000256|SAM:MobiDB-lite	Disordered	region
Q8SX83	2844-3215	ECO:0000256|SAM:MobiDB-lite	Disordered	region
Q8SX83	3257-3313	ECO:0000256|SAM:MobiDB-lite	Disordered	region
Q8SX83	326-366	ECO:0000256|SAM:MobiDB-lite	Disordered	region
Q8SX83	3341-3487	ECO:0000256|SAM:MobiDB-lite	Disordered	region
Q8SX83	3572-3597	ECO:0000256|SAM:MobiDB-lite	Disordered	region
Q8SX83	3673-3750	ECO:0000256|SAM:MobiDB-lite	Disordered	region
Q8SX83	3787-3807	ECO:0000256|SAM:MobiDB-lite	Disordered	region
Q8SX83	3821-4024	ECO:0000256|SAM:MobiDB-lite	Disordered	region
Q8SX83	4036-4075	ECO:0000256|SAM:MobiDB-lite	Disordered	region
Q8SX83	4098-4138	ECO:0000256|SAM:MobiDB-lite	Disordered	region
Q8SX83	42-72	ECO:0000256|SAM:MobiDB-lite	Disordered	region
Q8SX83	4248-4306	ECO:0000256|SAM:MobiDB-lite	Disordered	region
Q8SX83	425-545	ECO:0000256|SAM:MobiDB-lite	Disordered	region
Q8SX83	4426-4453	ECO:0000256|SAM:MobiDB-lite	Disordered	region
Q8SX83	4471-4558	ECO:0000256|SAM:MobiDB-lite	Disordered	region
Q8SX83	4723-4771	ECO:0000256|SAM:MobiDB-lite	Disordered	region
Q8SX83	4920-4963	ECO:0000256|SAM:MobiDB-lite	Disordered	region
Q8SX83	4984-5009	ECO:0000256|SAM:MobiDB-lite	Disordered	region
Q8SX83	5176-5197	ECO:0000256|SAM:MobiDB-lite	Disordered	region
Q8SX83	5220-5241	ECO:0000256|SAM:MobiDB-lite	Disordered	region
Q8SX83	814-876	ECO:0000256|SAM:MobiDB-lite	Disordered	region
Q8SX86	1-62	ECO:0000256|SAM:MobiDB-lite	Disordered	region
Q8SX86	257-314	ECO:0000269|PubMed:20392747, ECO:0000269|PubMed:21529711	Required for interaction with skpA and Cul1, but not with PI31	region
Q8SXD4	1067-1122	ECO:0000256|SAM:MobiDB-lite	Disordered	region
Q8SXD4	210-300	ECO:0000269|PubMed:27326929	Required for interaction with Pc	region
Q8SXD4	257-399	ECO:0000256|SAM:MobiDB-lite	Disordered	region
Q8SXD4	596-630	ECO:0000256|SAM:MobiDB-lite	Disordered	region
Q8SXD4	645-677	ECO:0000256|SAM:MobiDB-lite	Disordered	region
Q8SXD4	746-775	ECO:0000256|SAM:MobiDB-lite	Disordered	region
Q8SXD4	840-876	ECO:0000256|SAM:MobiDB-lite	Disordered	region
Q8SXD4	886-905	ECO:0000256|SAM:MobiDB-lite	Disordered	region
Q8SXD4	922-955	ECO:0000256|SAM:MobiDB-lite	Disordered	region
Q8SXL2	42-78	ECO:0000256|SAM:MobiDB-lite	Disordered	region
Q8SXU3	2-260	ECO:0000250|UniProtKB:Q96IJ6	Substrate-binding domain	region
Q8SXU3	282-438	ECO:0000250|UniProtKB:Q96IJ6	Hexapeptide repeat domain	region
Q8SXU3	373-402	ECO:0000250|UniProtKB:Q96IJ6	C-loop	region
Q8SXX4	191-240	ECO:0000256|SAM:MobiDB-lite	Disordered	region
Q8SXX4	396-460	ECO:0000256|SAM:MobiDB-lite	Disordered	region
Q8SXX4	588-698	ECO:0000256|SAM:MobiDB-lite	Disordered	region
Q8SY33	1-205	ECO:0000269|PubMed:20530530	Required for interaction with AGO1	region
Q8SY33	1-605	ECO:0000269|PubMed:19304924	Sufficient for miRNA-mediated silencing	region
Q8SY33	1-99	ECO:0000256|SAM:MobiDB-lite	Disordered	region
Q8SY33	1052-1102	ECO:0000256|SAM:MobiDB-lite	Disordered	region
Q8SY33	1188-1221	ECO:0000256|SAM:MobiDB-lite	Disordered	region
Q8SY33	1200-1384	ECO:0000269|PubMed:19383769, ECO:0000269|PubMed:19797087, ECO:0000269|PubMed:20530530	Not required for interaction with AGO1 or miRNAs or for localization to P-bodies but necessary for miRNA-mediated silencing, dissociation from AGO1 and miRNAs and interaction with pAbp	region
Q8SY33	1318-1368	ECO:0000256|SAM:MobiDB-lite	Disordered	region
Q8SY33	148-227	ECO:0000256|SAM:MobiDB-lite	Disordered	region
Q8SY33	205-490	ECO:0000269|PubMed:20530530	Minimal N-terminal region required for miRNA-mediated silencing	region
Q8SY33	263-335	ECO:0000256|SAM:MobiDB-lite	Disordered	region
Q8SY33	447-501	ECO:0000256|SAM:MobiDB-lite	Disordered	region
Q8SY33	605-830	ECO:0000269|PubMed:19304924	Sufficient for miRNA-mediated silencing	region
Q8SY33	607-626	ECO:0000256|SAM:MobiDB-lite	Disordered	region
Q8SY33	809-841	ECO:0000256|SAM:MobiDB-lite	Disordered	region
Q8SY33	862-1115	ECO:0000269|PubMed:19383769, ECO:0000269|PubMed:19797087, ECO:0000269|PubMed:20530530	Not required for interaction with AGO1 or miRNAs or for localization to P-bodies but necessary for miRNA-mediated silencing and for interaction with pAbp	region
Q8SY33	889-942	ECO:0000256|SAM:MobiDB-lite	Disordered	region
Q8SY33	940-1215	ECO:0000269|PubMed:19304924	Sufficient for miRNA-mediated silencing	region
Q8SY33	962-1022	ECO:0000256|SAM:MobiDB-lite	Disordered	region
Q8SY41	1-41	ECO:0000256|SAM:MobiDB-lite	Disordered	region
Q8SY41	1033-1054	ECO:0000256|SAM:MobiDB-lite	Disordered	region
Q8SY41	1071-1122	ECO:0000256|SAM:MobiDB-lite	Disordered	region
Q8SY41	357-382	ECO:0000256|SAM:MobiDB-lite	Disordered	region
Q8SY41	620-644	ECO:0000256|SAM:MobiDB-lite	Disordered	region
Q8SY41	966-990	ECO:0000256|SAM:MobiDB-lite	Disordered	region
Q8SY96	182-250	ECO:0000255	NifU	region
Q8SYG2	426-445	ECO:0000256|SAM:MobiDB-lite	Disordered	region
Q8SYV9	86-108	ECO:0000256|SAM:MobiDB-lite	Disordered	region
Q8SZ63	28-80	ECO:0000256|SAM:MobiDB-lite	Disordered	region
Q8SZZ8	69-91	ECO:0000256|SAM:MobiDB-lite	Disordered	region
Q8T045	192-197	ECO:0000269|PubMed:27428513	Interaction with the consensus sequence C-X-S-X-[PA]-C in peptide substrates	region
Q8T053	117-173	ECO:0000256|SAM:MobiDB-lite	Disordered	region
Q8T053	295-328	ECO:0000256|SAM:MobiDB-lite	Disordered	region
Q8T062	1-27	ECO:0000256|SAM:MobiDB-lite	Disordered	region
Q8T062	1-45	ECO:0000269|PubMed:22583317	Required for maintaining muscle integrity	region
Q8T079	162-262	ECO:0000256|SAM:MobiDB-lite	Disordered	region
Q8T079	309-602	ECO:0000250|UniProtKB:Q49A26	Dehydrogenase domain	region
Q8T088	1-131	ECO:0000256|SAM:MobiDB-lite	Disordered	region
Q8T088	478-498	ECO:0000256|SAM:MobiDB-lite	Disordered	region
Q8T0D4	16-100	ECO:0000256|SAM:MobiDB-lite	Disordered	region
Q8T0G4	185-294	ECO:0000269|PubMed:23468526	Required for interaction with Moe	region
Q8T0G4	237-261	ECO:0000256|SAM:MobiDB-lite	Disordered	region
Q8T0Q4	169-226	ECO:0000256|SAM:MobiDB-lite	Disordered	region
Q8T0S6	432-508	ECO:0000256|SAM:MobiDB-lite	Disordered	region
Q8T390	266-295	ECO:0000256|SAM:MobiDB-lite	Disordered	region
Q8T3U2	1-23	ECO:0000256|SAM:MobiDB-lite	Disordered	region
Q8T3Y0	1-38	ECO:0000256|SAM:MobiDB-lite	Disordered	region
Q8T3Y0	155-346		SBD	region
Q8T498	1112-1218	ECO:0000256|SAM:MobiDB-lite	Disordered	region
Q8T498	1284-1313	ECO:0000256|SAM:MobiDB-lite	Disordered	region
Q8T498	1334-1443	ECO:0000256|SAM:MobiDB-lite	Disordered	region
Q8T498	1561-1580	ECO:0000256|SAM:MobiDB-lite	Disordered	region
Q8T498	197-223	ECO:0000256|SAM:MobiDB-lite	Disordered	region
Q8T498	764-819	ECO:0000256|SAM:MobiDB-lite	Disordered	region
Q8T498	857-892	ECO:0000256|SAM:MobiDB-lite	Disordered	region
Q8T498	904-1023	ECO:0000256|SAM:MobiDB-lite	Disordered	region
Q8T4F7	125-145	ECO:0000256|SAM:MobiDB-lite	Disordered	region
Q8T4F7	194-213	ECO:0000256|SAM:MobiDB-lite	Disordered	region
Q8T4F7	448-547	ECO:0000256|SAM:MobiDB-lite	Disordered	region
Q8T4F7	570-614	ECO:0000256|SAM:MobiDB-lite	Disordered	region
Q8T4F7	630-927	ECO:0000256|SAM:MobiDB-lite	Disordered	region
Q8T4F7	791-810		EVH2 block A	region
Q8T4F7	791-980		EVH2	region
Q8T4F7	837-854		EVH2 block B	region
Q8T4F7	947-980		EVH2 block C	region
Q8T626	105-162	ECO:0000256|SAM:MobiDB-lite	Disordered	region
Q8T626	179-218	ECO:0000256|SAM:MobiDB-lite	Disordered	region
Q8T6B9	1-41	ECO:0000256|SAM:MobiDB-lite	Disordered	region
Q8T8S1	308-334	ECO:0000256|SAM:MobiDB-lite	Disordered	region
Q8T913	110-293	ECO:0000305	UBC-RWD region (URD)	region
Q8T9B6	48-78	ECO:0000256|SAM:MobiDB-lite	Disordered	region
Q8T9B6	93-166	ECO:0000250	Structured core	region
Q94517	376-521	ECO:0000256|SAM:MobiDB-lite	Disordered	region
Q94517	7-319		Histone deacetylase	region
Q94518	1-45	ECO:0000256|SAM:MobiDB-lite	Disordered	region
Q94518	154-177	ECO:0000256|SAM:MobiDB-lite	Disordered	region
Q94526	591-668	ECO:0000256|SAM:MobiDB-lite	Disordered	region
Q94526	768-795	ECO:0000256|SAM:MobiDB-lite	Disordered	region
Q94526	830-1001	ECO:0000256|SAM:MobiDB-lite	Disordered	region
Q94527	23-46	ECO:0000256|SAM:MobiDB-lite	Disordered	region
Q94527	453-496	ECO:0000256|SAM:MobiDB-lite	Disordered	region
Q94527	826-877	ECO:0000256|SAM:MobiDB-lite	Disordered	region
Q94535	190-264	ECO:0000256|SAM:MobiDB-lite	Disordered	region
Q94545	1-27	ECO:0000256|SAM:MobiDB-lite	Disordered	region
Q94545	216-251	ECO:0000256|SAM:MobiDB-lite	Disordered	region
Q94546	1-379	ECO:0000256|SAM:MobiDB-lite	Disordered	region
Q94546	566-603	ECO:0000256|SAM:MobiDB-lite	Disordered	region
Q94546	617-725	ECO:0000256|SAM:MobiDB-lite	Disordered	region
Q94547	148-191	ECO:0000256|SAM:MobiDB-lite	Disordered	region
Q94547	349-394	ECO:0000256|SAM:MobiDB-lite	Disordered	region
Q94547	42-93	ECO:0000256|SAM:MobiDB-lite	Disordered	region
Q94890	1-72	ECO:0000256|SAM:MobiDB-lite	Disordered	region
Q94890	169-266	ECO:0000256|SAM:MobiDB-lite	Disordered	region
Q94890	598-660	ECO:0000256|SAM:MobiDB-lite	Disordered	region
Q94890	90-122	ECO:0000256|SAM:MobiDB-lite	Disordered	region
Q94899	1-31	ECO:0000256|SAM:MobiDB-lite	Disordered	region
Q94901	187-228	ECO:0000256|SAM:MobiDB-lite	Disordered	region
Q94901	254-352	ECO:0000256|SAM:MobiDB-lite	Disordered	region
Q94918	130-162	ECO:0000256|SAM:MobiDB-lite	Disordered	region
Q94918	184-214	ECO:0000256|SAM:MobiDB-lite	Disordered	region
Q94918	229-317	ECO:0000256|SAM:MobiDB-lite	Disordered	region
Q94918	70-98	ECO:0000256|SAM:MobiDB-lite	Disordered	region
Q94981	1-40	ECO:0000256|SAM:MobiDB-lite	Disordered	region
Q94981	129-340	ECO:0000255|PROSITE-ProRule:PRU01221	TRIAD supradomain	region
Q94981	133-201	ECO:0000269|PubMed:10880484	Important for interaction with Ubc10	region
Q95R48	304-326	ECO:0000256|SAM:MobiDB-lite	Disordered	region
Q95R48	546-567	ECO:0000256|SAM:MobiDB-lite	Disordered	region
Q95RC0	1-208	ECO:0000256|SAM:MobiDB-lite	Disordered	region
Q95RG8	124-145	ECO:0000256|SAM:MobiDB-lite	Disordered	region
Q95RG8	435-461	ECO:0000256|SAM:MobiDB-lite	Disordered	region
Q95RG8	537-582	ECO:0000256|SAM:MobiDB-lite	Disordered	region
Q95RI5	1-95	ECO:0000256|SAM:MobiDB-lite	Disordered	region
Q95RI5	361-418	ECO:0000256|SAM:MobiDB-lite	Disordered	region
Q95RJ9	299-331	ECO:0000256|SAM:MobiDB-lite	Disordered	region
Q95RJ9	93-287	ECO:0000256|SAM:MobiDB-lite	Disordered	region
Q95RQ4	19-52	ECO:0000256|SAM:MobiDB-lite	Disordered	region
Q95RQ8	220-232	ECO:0000269|PubMed:33752739	Essential for interaction with Cp190	region
Q95RQ8	610-683	ECO:0000256|SAM:MobiDB-lite	Disordered	region
Q95RQ8	95-165	ECO:0000269|PubMed:33752739	Stabilizes interaction with Cp190	region
Q95RR8	166-191	ECO:0000256|SAM:MobiDB-lite	Disordered	region
Q95RR8	235-259	ECO:0000256|SAM:MobiDB-lite	Disordered	region
Q95RR8	369-655	ECO:0000255|HAMAP-Rule:MF_03181	Pseudokinase domain	region
Q95RR8	695-790	ECO:0000255|HAMAP-Rule:MF_03181	Knob domain	region
Q95RU0	280-299	ECO:0000256|SAM:MobiDB-lite	Disordered	region
Q95RV2	115-337	ECO:0000269|PubMed:12826664	Required for binding to Su(var)205	region
Q95RV2	145-180	ECO:0000256|SAM:MobiDB-lite	Disordered	region
Q95RV2	200-231	ECO:0000256|SAM:MobiDB-lite	Disordered	region
Q95RW8	182-330	ECO:0000256|SAM:MobiDB-lite	Disordered	region
Q95RW8	443-463	ECO:0000256|SAM:MobiDB-lite	Disordered	region
Q95RX5	155-193	ECO:0000256|SAM:MobiDB-lite	Disordered	region
Q95RX5	229-253	ECO:0000256|SAM:MobiDB-lite	Disordered	region
Q95RX5	269-294	ECO:0000256|SAM:MobiDB-lite	Disordered	region
Q95RX5	466-486	ECO:0000256|SAM:MobiDB-lite	Disordered	region
Q95RX5	507-599	ECO:0000256|SAM:MobiDB-lite	Disordered	region
Q95SP2	234-268	ECO:0000250	Interaction with p53	region
Q95SP2	569-600	ECO:0000256|SAM:MobiDB-lite	Disordered	region
Q95ST2	571-594	ECO:0000256|SAM:MobiDB-lite	Disordered	region
Q95SX8	204-215	ECO:0000250|UniProtKB:Q9H7X0	Required for homodimerization	region
Q95T12	Q95T12-2:135-192	ECO:0000269|PubMed:20627080	Important for promoting apoptosis	region
Q95T12	Q95T12-3:135-157	ECO:0000269|PubMed:20627080	Important for promoting apoptosis	region
Q95T64	101-122	ECO:0000256|SAM:MobiDB-lite	Disordered	region
Q95T64	21-46	ECO:0000256|SAM:MobiDB-lite	Disordered	region
Q95TU8	77-100	ECO:0000256|SAM:MobiDB-lite	Disordered	region
Q95UN8	1045-1093	ECO:0000256|SAM:MobiDB-lite	Disordered	region
Q95UN8	1137-1161	ECO:0000256|SAM:MobiDB-lite	Disordered	region
Q95UN8	426-447		Leucine-zipper 1	region
Q95UN8	461-482		Leucine-zipper 2	region
Q95UN8	560-615	ECO:0000256|SAM:MobiDB-lite	Disordered	region
Q95UN8	658-678	ECO:0000256|SAM:MobiDB-lite	Disordered	region
Q95UN8	790-830	ECO:0000256|SAM:MobiDB-lite	Disordered	region
Q95UN8	988-1014	ECO:0000256|SAM:MobiDB-lite	Disordered	region
Q95V55	182-205	ECO:0000256|SAM:MobiDB-lite	Disordered	region
Q95V55	217-269	ECO:0000256|SAM:MobiDB-lite	Disordered	region
Q95V55	317-360	ECO:0000256|SAM:MobiDB-lite	Disordered	region
Q95V55	39-90	ECO:0000256|SAM:MobiDB-lite	Disordered	region
Q95YI5	27-49	ECO:0000256|SAM:MobiDB-lite	Disordered	region
Q960C5	27-53	ECO:0000256|SAM:MobiDB-lite	Disordered	region
Q960C5	295-373	ECO:0000256|SAM:MobiDB-lite	Disordered	region
Q960C5	423-442	ECO:0000256|SAM:MobiDB-lite	Disordered	region
Q960C5	490-550	ECO:0000256|SAM:MobiDB-lite	Disordered	region
Q960C5	783-809	ECO:0000256|SAM:MobiDB-lite	Disordered	region
Q960E8	324-374	ECO:0000256|SAM:MobiDB-lite	Disordered	region
Q960T2	117-198	ECO:0000256|SAM:MobiDB-lite	Disordered	region
Q960T2	20-72	ECO:0000256|SAM:MobiDB-lite	Disordered	region
Q960T2	360-391	ECO:0000256|SAM:MobiDB-lite	Disordered	region
Q960T2	487-551	ECO:0000256|SAM:MobiDB-lite	Disordered	region
Q960V3	1-31	ECO:0000256|SAM:MobiDB-lite	Disordered	region
Q960V3	1-450	ECO:0000269|PubMed:16717129	Sufficient for interaction with Khc	region
Q960V3	456-756	ECO:0000269|PubMed:24995978	Involved in interaction with OGT	region
Q960V3	536-561	ECO:0000256|SAM:MobiDB-lite	Disordered	region
Q960V3	750-775	ECO:0000256|SAM:MobiDB-lite	Disordered	region
Q960V3	805-830	ECO:0000256|SAM:MobiDB-lite	Disordered	region
Q960V3	852-871	ECO:0000256|SAM:MobiDB-lite	Disordered	region
Q960V3	955-1101	ECO:0000256|SAM:MobiDB-lite	Disordered	region
Q960X4	178-251	ECO:0000256|SAM:MobiDB-lite	Disordered	region
Q960X4	82-162	ECO:0000256|SAM:MobiDB-lite	Disordered	region
Q960X8	275-323	ECO:0000256|SAM:MobiDB-lite	Disordered	region
Q960X8	338-359	ECO:0000256|SAM:MobiDB-lite	Disordered	region
Q960X8	602-626	ECO:0000256|SAM:MobiDB-lite	Disordered	region
Q960X8	644-760	ECO:0000256|SAM:MobiDB-lite	Disordered	region
Q960Z0	1-274	ECO:0000255	Globular	region
Q960Z0	117-211	ECO:0000256|SAM:MobiDB-lite	Disordered	region
Q960Z0	633-688	ECO:0000256|SAM:MobiDB-lite	Disordered	region
Q960Z0	68-94	ECO:0000256|SAM:MobiDB-lite	Disordered	region
Q961C9	124-148	ECO:0000256|SAM:MobiDB-lite	Disordered	region
Q961C9	167-200	ECO:0000256|SAM:MobiDB-lite	Disordered	region
Q961D9	1-131	ECO:0000256|SAM:MobiDB-lite	Disordered	region
Q961D9	161-187	ECO:0000256|SAM:MobiDB-lite	Disordered	region
Q961D9	200-222	ECO:0000256|SAM:MobiDB-lite	Disordered	region
Q961D9	422-442	ECO:0000256|SAM:MobiDB-lite	Disordered	region
Q961D9	454-474	ECO:0000256|SAM:MobiDB-lite	Disordered	region
Q961D9	511-555		ARM-binding	region
Q961D9	728-830	ECO:0000256|SAM:MobiDB-lite	Disordered	region
Q961D9	844-913	ECO:0000256|SAM:MobiDB-lite	Disordered	region
Q961D9	961-991	ECO:0000256|SAM:MobiDB-lite	Disordered	region
Q961G1	49-78	ECO:0000256|SAM:MobiDB-lite	Disordered	region
Q961G1	884-905	ECO:0000256|SAM:MobiDB-lite	Disordered	region
Q967D7	1248-1269	ECO:0000256|SAM:MobiDB-lite	Disordered	region
Q967D7	1318-1395	ECO:0000256|SAM:MobiDB-lite	Disordered	region
Q967D7	19-44	ECO:0000256|SAM:MobiDB-lite	Disordered	region
Q967S7	1-27	ECO:0000256|SAM:MobiDB-lite	Disordered	region
Q967S7	272-351	ECO:0000256|SAM:MobiDB-lite	Disordered	region
Q967S7	358-377	ECO:0000256|SAM:MobiDB-lite	Disordered	region
Q99323	1124-1144	ECO:0000256|SAM:MobiDB-lite	Disordered	region
Q99323	1343-2010		Alpha-helical tailpiece (LMM)	region
Q99323	1343-2057		Light meromyosin (LMM)	region
Q99323	1782-1802	ECO:0000256|SAM:MobiDB-lite	Disordered	region
Q99323	2008-2057	ECO:0000256|SAM:MobiDB-lite	Disordered	region
Q99323	2011-2057		Globular tailpiece	region
Q99323	250-260		25 kDa	region
Q99323	722-734		50 kDa	region
Q99323	745-767		Actin-binding	region
Q99323	782-798		Reactive sulfhydryl	region
Q9BIR7	609-641	ECO:0000256|SAM:MobiDB-lite	Disordered	region
Q9BIS2	609-641	ECO:0000256|SAM:MobiDB-lite	Disordered	region
Q9BJZ5	65-100	ECO:0000256|SAM:MobiDB-lite	Disordered	region
Q9BJZ5	673-716	ECO:0000256|SAM:MobiDB-lite	Disordered	region
Q9GN97	1-29	ECO:0000256|SAM:MobiDB-lite	Disordered	region
Q9GNK5	1-78	ECO:0000256|SAM:MobiDB-lite	Disordered	region
Q9GNK5	239-278	ECO:0000256|SAM:MobiDB-lite	Disordered	region
Q9GPJ1	1086-1106	ECO:0000256|SAM:MobiDB-lite	Disordered	region
Q9GPJ1	1426-1503	ECO:0000256|SAM:MobiDB-lite	Disordered	region
Q9GPJ1	451-491	ECO:0000256|SAM:MobiDB-lite	Disordered	region
Q9GPJ1	830-857	ECO:0000256|SAM:MobiDB-lite	Disordered	region
Q9GQF1	1-22	ECO:0000256|SAM:MobiDB-lite	Disordered	region
Q9GQF1	281-323	ECO:0000256|SAM:MobiDB-lite	Disordered	region
Q9GQF1	517-572	ECO:0000256|SAM:MobiDB-lite	Disordered	region
Q9GQF1	804-851	ECO:0000256|SAM:MobiDB-lite	Disordered	region
Q9GQF1	863-889	ECO:0000256|SAM:MobiDB-lite	Disordered	region
Q9GQN5	1-384	ECO:0000256|SAM:MobiDB-lite	Disordered	region
Q9GQN5	1285-1311	ECO:0000256|SAM:MobiDB-lite	Disordered	region
Q9GQN5	837-878	ECO:0000256|SAM:MobiDB-lite	Disordered	region
Q9GQQ0	1-94	ECO:0000256|SAM:MobiDB-lite	Disordered	region
Q9GSR1	1189-1243	ECO:0000256|SAM:MobiDB-lite	Disordered	region
Q9GSR1	528-635	ECO:0000256|SAM:MobiDB-lite	Disordered	region
Q9GSR1	734-891	ECO:0000256|SAM:MobiDB-lite	Disordered	region
Q9GSR1	927-954	ECO:0000256|SAM:MobiDB-lite	Disordered	region
Q9GYV5	302-332	ECO:0000255	Leucine-zipper	region
Q9GYV5	324-358	ECO:0000256|SAM:MobiDB-lite	Disordered	region
Q9I7D3	320-354	ECO:0000256|SAM:MobiDB-lite	Disordered	region
Q9I7D3	373-410	ECO:0000256|SAM:MobiDB-lite	Disordered	region
Q9I7D3	494-518	ECO:0000256|SAM:MobiDB-lite	Disordered	region
Q9I7D3	541-568	ECO:0000256|SAM:MobiDB-lite	Disordered	region
Q9I7D3	60-89	ECO:0000256|SAM:MobiDB-lite	Disordered	region
Q9I7D3	630-650	ECO:0000256|SAM:MobiDB-lite	Disordered	region
Q9I7D3	678-711	ECO:0000256|SAM:MobiDB-lite	Disordered	region
Q9I7D3	753-961	ECO:0000256|SAM:MobiDB-lite	Disordered	region
Q9I7F7	1024-1045	ECO:0000256|SAM:MobiDB-lite	Disordered	region
Q9I7F7	714-739	ECO:0000256|SAM:MobiDB-lite	Disordered	region
Q9I7F7	786-822	ECO:0000256|SAM:MobiDB-lite	Disordered	region
Q9I7F7	906-969	ECO:0000256|SAM:MobiDB-lite	Disordered	region
Q9I7H9	1-35	ECO:0000256|SAM:MobiDB-lite	Disordered	region
Q9I7H9	467-486	ECO:0000256|SAM:MobiDB-lite	Disordered	region
Q9I7I7	316-355	ECO:0000256|SAM:MobiDB-lite	Disordered	region
Q9I7K0	132-208	ECO:0000256|SAM:MobiDB-lite	Disordered	region
Q9I7K0	24-43	ECO:0000256|SAM:MobiDB-lite	Disordered	region
Q9I7K0	82-106	ECO:0000256|SAM:MobiDB-lite	Disordered	region
Q9I7K6	1-52	ECO:0000256|SAM:MobiDB-lite	Disordered	region
Q9I7K6	123-254	ECO:0000256|SAM:MobiDB-lite	Disordered	region
Q9I7K6	418-492	ECO:0000256|SAM:MobiDB-lite	Disordered	region
Q9I7S6	1-48	ECO:0000256|SAM:MobiDB-lite	Disordered	region
Q9I7S6	1265-1284	ECO:0000256|SAM:MobiDB-lite	Disordered	region
Q9I7S6	1314-1351	ECO:0000256|SAM:MobiDB-lite	Disordered	region
Q9I7S6	1372-1406	ECO:0000256|SAM:MobiDB-lite	Disordered	region
Q9I7S6	1469-1496	ECO:0000256|SAM:MobiDB-lite	Disordered	region
Q9I7S6	266-348	ECO:0000256|SAM:MobiDB-lite	Disordered	region
Q9I7S6	393-476	ECO:0000256|SAM:MobiDB-lite	Disordered	region
Q9I7S6	986-1170	ECO:0000256|SAM:MobiDB-lite	Disordered	region
Q9I7S8	265-429	ECO:0000255	AIR carboxylase	region
Q9I7S8	270-429	ECO:0000250|UniProtKB:P22234	AIR carboxylase domain	region
Q9I7S8	7-264	ECO:0000255;ECO:0000250|UniProtKB:P22234	SAICAR synthetase;SAICAR synthetase domain	region
Q9I7T7	112-148	ECO:0000256|SAM:MobiDB-lite	Disordered	region
Q9I7T7	1160-1211	ECO:0000256|SAM:MobiDB-lite	Disordered	region
Q9I7T7	1251-1285	ECO:0000256|SAM:MobiDB-lite	Disordered	region
Q9I7T7	1393-1418	ECO:0000256|SAM:MobiDB-lite	Disordered	region
Q9I7T7	1450-1531	ECO:0000256|SAM:MobiDB-lite	Disordered	region
Q9I7T7	239-263	ECO:0000256|SAM:MobiDB-lite	Disordered	region
Q9I7T7	533-605	ECO:0000256|SAM:MobiDB-lite	Disordered	region
Q9I7T7	710-736	ECO:0000256|SAM:MobiDB-lite	Disordered	region
Q9I7T7	748-768	ECO:0000256|SAM:MobiDB-lite	Disordered	region
Q9I7T7	791-1135	ECO:0000256|SAM:MobiDB-lite	Disordered	region
Q9I7U4	1-69	ECO:0000256|SAM:MobiDB-lite	Disordered	region
Q9I7U4	10053-10080	ECO:0000256|SAM:MobiDB-lite	Disordered	region
Q9I7U4	10125-10149	ECO:0000256|SAM:MobiDB-lite	Disordered	region
Q9I7U4	10195-10220	ECO:0000256|SAM:MobiDB-lite	Disordered	region
Q9I7U4	10266-10291	ECO:0000256|SAM:MobiDB-lite	Disordered	region
Q9I7U4	10337-10364	ECO:0000256|SAM:MobiDB-lite	Disordered	region
Q9I7U4	10408-10433	ECO:0000256|SAM:MobiDB-lite	Disordered	region
Q9I7U4	10479-10504	ECO:0000256|SAM:MobiDB-lite	Disordered	region
Q9I7U4	10550-10576	ECO:0000256|SAM:MobiDB-lite	Disordered	region
Q9I7U4	10621-10648	ECO:0000256|SAM:MobiDB-lite	Disordered	region
Q9I7U4	10692-10717	ECO:0000256|SAM:MobiDB-lite	Disordered	region
Q9I7U4	10763-10788	ECO:0000256|SAM:MobiDB-lite	Disordered	region
Q9I7U4	10834-10860	ECO:0000256|SAM:MobiDB-lite	Disordered	region
Q9I7U4	10905-10932	ECO:0000256|SAM:MobiDB-lite	Disordered	region
Q9I7U4	11047-11073	ECO:0000256|SAM:MobiDB-lite	Disordered	region
Q9I7U4	11118-11143	ECO:0000256|SAM:MobiDB-lite	Disordered	region
Q9I7U4	11189-11216	ECO:0000256|SAM:MobiDB-lite	Disordered	region
Q9I7U4	11260-11286	ECO:0000256|SAM:MobiDB-lite	Disordered	region
Q9I7U4	11679-11703	ECO:0000256|SAM:MobiDB-lite	Disordered	region
Q9I7U4	11767-11795	ECO:0000256|SAM:MobiDB-lite	Disordered	region
Q9I7U4	12003-12201	ECO:0000256|SAM:MobiDB-lite	Disordered	region
Q9I7U4	12451-12471	ECO:0000256|SAM:MobiDB-lite	Disordered	region
Q9I7U4	12685-12767	ECO:0000256|SAM:MobiDB-lite	Disordered	region
Q9I7U4	12943-12971	ECO:0000256|SAM:MobiDB-lite	Disordered	region
Q9I7U4	13131-13154	ECO:0000256|SAM:MobiDB-lite	Disordered	region
Q9I7U4	13325-13349	ECO:0000256|SAM:MobiDB-lite	Disordered	region
Q9I7U4	13471-13492	ECO:0000256|SAM:MobiDB-lite	Disordered	region
Q9I7U4	13554-13576	ECO:0000256|SAM:MobiDB-lite	Disordered	region
Q9I7U4	13702-13792	ECO:0000256|SAM:MobiDB-lite	Disordered	region
Q9I7U4	13891-13914	ECO:0000256|SAM:MobiDB-lite	Disordered	region
Q9I7U4	13951-13994	ECO:0000256|SAM:MobiDB-lite	Disordered	region
Q9I7U4	14073-14094	ECO:0000256|SAM:MobiDB-lite	Disordered	region
Q9I7U4	14109-14322	ECO:0000256|SAM:MobiDB-lite	Disordered	region
Q9I7U4	14354-14377	ECO:0000256|SAM:MobiDB-lite	Disordered	region
Q9I7U4	14414-14448	ECO:0000256|SAM:MobiDB-lite	Disordered	region
Q9I7U4	14533-14566	ECO:0000256|SAM:MobiDB-lite	Disordered	region
Q9I7U4	14583-14720	ECO:0000256|SAM:MobiDB-lite	Disordered	region
Q9I7U4	14756-14789	ECO:0000256|SAM:MobiDB-lite	Disordered	region
Q9I7U4	14956-15208	ECO:0000256|SAM:MobiDB-lite	Disordered	region
Q9I7U4	15301-15329	ECO:0000256|SAM:MobiDB-lite	Disordered	region
Q9I7U4	15425-15448	ECO:0000256|SAM:MobiDB-lite	Disordered	region
Q9I7U4	15578-15597	ECO:0000256|SAM:MobiDB-lite	Disordered	region
Q9I7U4	15697-15722	ECO:0000256|SAM:MobiDB-lite	Disordered	region
Q9I7U4	15825-15876	ECO:0000256|SAM:MobiDB-lite	Disordered	region
Q9I7U4	15951-15973	ECO:0000256|SAM:MobiDB-lite	Disordered	region
Q9I7U4	16181-16206	ECO:0000256|SAM:MobiDB-lite	Disordered	region
Q9I7U4	17741-17771	ECO:0000256|SAM:MobiDB-lite	Disordered	region
Q9I7U4	2338-2357	ECO:0000256|SAM:MobiDB-lite	Disordered	region
Q9I7U4	236-266	ECO:0000256|SAM:MobiDB-lite	Disordered	region
Q9I7U4	2731-2750	ECO:0000256|SAM:MobiDB-lite	Disordered	region
Q9I7U4	4226-4254	ECO:0000256|SAM:MobiDB-lite	Disordered	region
Q9I7U4	4299-4336	ECO:0000256|SAM:MobiDB-lite	Disordered	region
Q9I7U4	4803-4891	ECO:0000256|SAM:MobiDB-lite	Disordered	region
Q9I7U4	5318-5368	ECO:0000256|SAM:MobiDB-lite	Disordered	region
Q9I7U4	5413-5648	ECO:0000256|SAM:MobiDB-lite	Disordered	region
Q9I7U4	5667-5701	ECO:0000256|SAM:MobiDB-lite	Disordered	region
Q9I7U4	5718-5748	ECO:0000256|SAM:MobiDB-lite	Disordered	region
Q9I7U4	5775-5982	ECO:0000256|SAM:MobiDB-lite	Disordered	region
Q9I7U4	6034-6350	ECO:0000256|SAM:MobiDB-lite	Disordered	region
Q9I7U4	6364-6393	ECO:0000256|SAM:MobiDB-lite	Disordered	region
Q9I7U4	7773-7793	ECO:0000256|SAM:MobiDB-lite	Disordered	region
Q9I7U4	9414-9440	ECO:0000256|SAM:MobiDB-lite	Disordered	region
Q9I7U4	9485-9510	ECO:0000256|SAM:MobiDB-lite	Disordered	region
Q9I7U4	9556-9582	ECO:0000256|SAM:MobiDB-lite	Disordered	region
Q9I7U4	9627-9652	ECO:0000256|SAM:MobiDB-lite	Disordered	region
Q9I7U4	9698-9724	ECO:0000256|SAM:MobiDB-lite	Disordered	region
Q9I7U4	9769-9796	ECO:0000256|SAM:MobiDB-lite	Disordered	region
Q9I7U4	9838-9865	ECO:0000256|SAM:MobiDB-lite	Disordered	region
Q9I7U4	9911-9937	ECO:0000256|SAM:MobiDB-lite	Disordered	region
Q9I7U4	9982-10008	ECO:0000256|SAM:MobiDB-lite	Disordered	region
Q9I7W5	1-93	ECO:0000256|SAM:MobiDB-lite	Disordered	region
Q9I7W5	317-386	ECO:0000256|SAM:MobiDB-lite	Disordered	region
Q9I7X6	402-456	ECO:0000256|SAM:MobiDB-lite	Disordered	region
Q9N2M8	1-27	ECO:0000256|SAM:MobiDB-lite	Disordered	region
Q9N2M8	181-277	ECO:0000256|SAM:MobiDB-lite	Disordered	region
Q9N2M8	310-335	ECO:0000256|SAM:MobiDB-lite	Disordered	region
Q9N2M8	655-693	ECO:0000256|SAM:MobiDB-lite	Disordered	region
Q9N2M8	798-826	ECO:0000256|SAM:MobiDB-lite	Disordered	region
Q9N2M8	891-916	ECO:0000256|SAM:MobiDB-lite	Disordered	region
Q9N2M8	940-974	ECO:0000256|SAM:MobiDB-lite	Disordered	region
Q9N658	1-21	ECO:0000256|SAM:MobiDB-lite	Disordered	region
Q9N658	110-216	ECO:0000256|SAM:MobiDB-lite	Disordered	region
Q9N658	313-334	ECO:0000256|SAM:MobiDB-lite	Disordered	region
Q9N658	354-412	ECO:0000256|SAM:MobiDB-lite	Disordered	region
Q9N658	514-541	ECO:0000256|SAM:MobiDB-lite	Disordered	region
Q9NB04	100-134	ECO:0000256|SAM:MobiDB-lite	Disordered	region
Q9NB04	420-453	ECO:0000256|SAM:MobiDB-lite	Disordered	region
Q9NB04	822-871	ECO:0000256|SAM:MobiDB-lite	Disordered	region
Q9NB71	1051-1109	ECO:0000256|SAM:MobiDB-lite	Disordered	region
Q9NB71	1287-1327	ECO:0000256|SAM:MobiDB-lite	Disordered	region
Q9NB71	1436-1587	ECO:0000269|PubMed:21874015	PHR domain 1	region
Q9NB71	1681-1718	ECO:0000256|SAM:MobiDB-lite	Disordered	region
Q9NB71	197-230	ECO:0000256|SAM:MobiDB-lite	Disordered	region
Q9NB71	2014-2169	ECO:0000269|PubMed:21874015	PHR domain 2	region
Q9NB71	2329-2353	ECO:0000256|SAM:MobiDB-lite	Disordered	region
Q9NB71	2580-2604	ECO:0000256|SAM:MobiDB-lite	Disordered	region
Q9NB71	2885-4082	ECO:0000269|PubMed:21874015	Required for interaction with Rae1	region
Q9NB71	3005-3024	ECO:0000256|SAM:MobiDB-lite	Disordered	region
Q9NB71	3117-3210	ECO:0000256|SAM:MobiDB-lite	Disordered	region
Q9NB71	3277-3333	ECO:0000256|SAM:MobiDB-lite	Disordered	region
Q9NB71	3348-3378	ECO:0000256|SAM:MobiDB-lite	Disordered	region
Q9NB71	3551-3587	ECO:0000256|SAM:MobiDB-lite	Disordered	region
Q9NB71	3901-3936	ECO:0000256|SAM:MobiDB-lite	Disordered	region
Q9NB71	4633-4655	ECO:0000256|SAM:MobiDB-lite	Disordered	region
Q9NB71	4680-4702	ECO:0000256|SAM:MobiDB-lite	Disordered	region
Q9NB71	5096-5231	ECO:0000250|UniProtKB:O75592	Tandem cysteine domain	region
Q9NB71	680-700	ECO:0000256|SAM:MobiDB-lite	Disordered	region
Q9NB71	900-950	ECO:0000256|SAM:MobiDB-lite	Disordered	region
Q9NBD7	1065-1127	ECO:0000256|SAM:MobiDB-lite	Disordered	region
Q9NBD7	1167-1205	ECO:0000256|SAM:MobiDB-lite	Disordered	region
Q9NBD7	537-586	ECO:0000256|SAM:MobiDB-lite	Disordered	region
Q9NBD7	600-739	ECO:0000256|SAM:MobiDB-lite	Disordered	region
Q9NBK5	119-180	ECO:0000269|PubMed:15975907	Interaction with mats and Mob1	region
Q9NBW1	21-40	ECO:0000256|SAM:MobiDB-lite	Disordered	region
Q9NBW1	635-681	ECO:0000256|SAM:MobiDB-lite	Disordered	region
Q9NBX4	883-908	ECO:0000256|SAM:MobiDB-lite	Disordered	region
Q9NBX5	105-128	ECO:0000256|SAM:MobiDB-lite	Disordered	region
Q9NBX5	20-71	ECO:0000256|SAM:MobiDB-lite	Disordered	region
Q9NBX5	353-385	ECO:0000256|SAM:MobiDB-lite	Disordered	region
Q9NBX5	400-443	ECO:0000256|SAM:MobiDB-lite	Disordered	region
Q9NDJ2	1-27	ECO:0000256|SAM:MobiDB-lite	Disordered	region
Q9NDJ2	119-148	ECO:0000256|SAM:MobiDB-lite	Disordered	region
Q9NDJ2	1471-1492	ECO:0000256|SAM:MobiDB-lite	Disordered	region
Q9NDJ2	1828-1856	ECO:0000256|SAM:MobiDB-lite	Disordered	region
Q9NDJ2	2061-2100	ECO:0000256|SAM:MobiDB-lite	Disordered	region
Q9NDJ2	2318-2362	ECO:0000256|SAM:MobiDB-lite	Disordered	region
Q9NDJ2	256-350	ECO:0000256|SAM:MobiDB-lite	Disordered	region
Q9NDJ2	391-474	ECO:0000256|SAM:MobiDB-lite	Disordered	region
Q9NDJ2	635-848	ECO:0000256|SAM:MobiDB-lite	Disordered	region
Q9NDJ2	93-112	ECO:0000256|SAM:MobiDB-lite	Disordered	region
Q9NFP5	118-158	ECO:0000256|SAM:MobiDB-lite	Disordered	region
Q9NFP5	40-74	ECO:0000256|SAM:MobiDB-lite	Disordered	region
Q9NFT7	167-193	ECO:0000255	Glucose-binding	region
Q9NFT7	226-466	ECO:0000255|PROSITE-ProRule:PRU01084	Hexokinase large subdomain	region
Q9NFT7	93-225	ECO:0000255|PROSITE-ProRule:PRU01084	Hexokinase small subdomain	region
Q9NFT9	139-165	ECO:0000255	Glucose-binding	region
Q9NFT9	198-436	ECO:0000255|PROSITE-ProRule:PRU01084	Hexokinase large subdomain	region
Q9NFT9	65-197	ECO:0000255|PROSITE-ProRule:PRU01084	Hexokinase small subdomain	region
Q9NFU0	386-684	ECO:0000256|SAM:MobiDB-lite	Disordered	region
Q9NFU0	474-489		RNA-binding RGG-box	region
Q9NG98	1069-1150	ECO:0000256|SAM:MobiDB-lite	Disordered	region
Q9NG98	1188-1231	ECO:0000256|SAM:MobiDB-lite	Disordered	region
Q9NG98	769-899	ECO:0000256|SAM:MobiDB-lite	Disordered	region
Q9NG98	953-1035	ECO:0000256|SAM:MobiDB-lite	Disordered	region
Q9NGC3	1-56	ECO:0000256|SAM:MobiDB-lite	Disordered	region
Q9NGC3	137-340		Small GTPase-like	region
Q9NGC3	308-340	ECO:0000256|SAM:MobiDB-lite	Disordered	region
Q9NGC3	394-451	ECO:0000256|SAM:MobiDB-lite	Disordered	region
Q9NGC3	576-599	ECO:0000256|SAM:MobiDB-lite	Disordered	region
Q9NGC3	617-640	ECO:0000256|SAM:MobiDB-lite	Disordered	region
Q9NGC3	970-995	ECO:0000256|SAM:MobiDB-lite	Disordered	region
Q9NHB0	126-160	ECO:0000256|SAM:MobiDB-lite	Disordered	region
Q9NHD5	138-141	ECO:0000250|UniProtKB:Q9GZZ1	Substrate	region
Q9NHD5	157-176	ECO:0000256|SAM:MobiDB-lite	Disordered	region
Q9NHE5	1-35	ECO:0000256|SAM:MobiDB-lite	Disordered	region
Q9NHE5	101-163	ECO:0000256|SAM:MobiDB-lite	Disordered	region
Q9NHE5	1386-1406	ECO:0000256|SAM:MobiDB-lite	Disordered	region
Q9NHX0	1-28	ECO:0000256|SAM:MobiDB-lite	Disordered	region
Q9NI63	1-35	ECO:0000256|SAM:MobiDB-lite	Disordered	region
Q9NII1	1-51	ECO:0000256|SAM:MobiDB-lite	Disordered	region
Q9NIV1	1135-1162	ECO:0000256|SAM:MobiDB-lite	Disordered	region
Q9NIV1	498-517	ECO:0000256|SAM:MobiDB-lite	Disordered	region
Q9NIV1	801-839	ECO:0000256|SAM:MobiDB-lite	Disordered	region
Q9NJB5	274-326	ECO:0000256|SAM:MobiDB-lite	Disordered	region
Q9NJB5	481-504	ECO:0000256|SAM:MobiDB-lite	Disordered	region
Q9NJB5	653-688	ECO:0000256|SAM:MobiDB-lite	Disordered	region
Q9NJB5	844-875	ECO:0000256|SAM:MobiDB-lite	Disordered	region
Q9NJB5	978-1081	ECO:0000256|SAM:MobiDB-lite	Disordered	region
Q9NJG9	1-44	ECO:0000256|SAM:MobiDB-lite	Disordered	region
Q9NJG9	527-603		VEFS-box	region
Q9NJG9	678-900	ECO:0000256|SAM:MobiDB-lite	Disordered	region
Q9NJH0	223-261	ECO:0000256|SAM:MobiDB-lite	Disordered	region
Q9NK54	1-31	ECO:0000256|SAM:MobiDB-lite	Disordered	region
Q9NK54	1-400	ECO:0000269|PubMed:25451925, ECO:0000269|PubMed:30559249	Sufficient for interaction with and activation of Cdc7	region
Q9NK54	1005-1025	ECO:0000256|SAM:MobiDB-lite	Disordered	region
Q9NK54	1055-1157	ECO:0000256|SAM:MobiDB-lite	Disordered	region
Q9NK54	1271-1290	ECO:0000256|SAM:MobiDB-lite	Disordered	region
Q9NK54	1303-1329	ECO:0000256|SAM:MobiDB-lite	Disordered	region
Q9NK54	1343-1370	ECO:0000256|SAM:MobiDB-lite	Disordered	region
Q9NK54	1383-1644	ECO:0000256|SAM:MobiDB-lite	Disordered	region
Q9NK54	1400-1695	ECO:0000269|PubMed:30559249	Sufficient for interaction with Gcn5	region
Q9NK54	244-307	ECO:0000256|SAM:MobiDB-lite	Disordered	region
Q9NK54	365-507	ECO:0000256|SAM:MobiDB-lite	Disordered	region
Q9NK54	531-647	ECO:0000256|SAM:MobiDB-lite	Disordered	region
Q9NK54	733-771	ECO:0000256|SAM:MobiDB-lite	Disordered	region
Q9NK54	791-817	ECO:0000256|SAM:MobiDB-lite	Disordered	region
Q9NK54	87-129	ECO:0000256|SAM:MobiDB-lite	Disordered	region
Q9NK54	908-945	ECO:0000256|SAM:MobiDB-lite	Disordered	region
Q9NKV0	124-147	ECO:0000256|SAM:MobiDB-lite	Disordered	region
Q9NKV0	187-224	ECO:0000256|SAM:MobiDB-lite	Disordered	region
Q9NKV0	250-376	ECO:0000256|SAM:MobiDB-lite	Disordered	region
Q9NKV0	96-202	ECO:0000269|PubMed:11137299	Interaction with DREF	region
Q9NLA6	423-487	ECO:0000256|SAM:MobiDB-lite	Disordered	region
Q9TVM2	1034-1063	ECO:0000256|SAM:MobiDB-lite	Disordered	region
Q9TVP3	126-163	ECO:0000256|SAM:MobiDB-lite	Disordered	region
Q9TVQ5	1-40	ECO:0000250	Interaction with Spt5	region
Q9U1H0	1069-1105	ECO:0000256|SAM:MobiDB-lite	Disordered	region
Q9U1H0	1151-1178	ECO:0000256|SAM:MobiDB-lite	Disordered	region
Q9U1H0	135-227	ECO:0000256|SAM:MobiDB-lite	Disordered	region
Q9U1H0	1457-1602	ECO:0000256|SAM:MobiDB-lite	Disordered	region
Q9U1H0	1632-1668	ECO:0000256|SAM:MobiDB-lite	Disordered	region
Q9U1H0	1701-1733	ECO:0000256|SAM:MobiDB-lite	Disordered	region
Q9U1H0	1789-1817	ECO:0000256|SAM:MobiDB-lite	Disordered	region
Q9U1H0	323-353	ECO:0000256|SAM:MobiDB-lite	Disordered	region
Q9U1H0	389-427	ECO:0000256|SAM:MobiDB-lite	Disordered	region
Q9U1H0	444-493	ECO:0000256|SAM:MobiDB-lite	Disordered	region
Q9U1H0	563-619	ECO:0000256|SAM:MobiDB-lite	Disordered	region
Q9U1H0	66-121	ECO:0000256|SAM:MobiDB-lite	Disordered	region
Q9U1H0	690-739	ECO:0000256|SAM:MobiDB-lite	Disordered	region
Q9U1H0	784-845	ECO:0000256|SAM:MobiDB-lite	Disordered	region
Q9U1H0	834-1832		Interaction with gro	region
Q9U1H0	874-938	ECO:0000256|SAM:MobiDB-lite	Disordered	region
Q9U1H9	1-52	ECO:0000256|SAM:MobiDB-lite	Disordered	region
Q9U1H9	541-564	ECO:0000256|SAM:MobiDB-lite	Disordered	region
Q9U1H9	73-101	ECO:0000256|SAM:MobiDB-lite	Disordered	region
Q9U1I1	1-86	ECO:0000256|SAM:MobiDB-lite	Disordered	region
Q9U1I1	125-146	ECO:0000256|SAM:MobiDB-lite	Disordered	region
Q9U1I1	427-484	ECO:0000256|SAM:MobiDB-lite	Disordered	region
Q9U1I1	638-679	ECO:0000256|SAM:MobiDB-lite	Disordered	region
Q9U1K1	1-50	ECO:0000256|SAM:MobiDB-lite	Disordered	region
Q9U1K1	176-215	ECO:0000256|SAM:MobiDB-lite	Disordered	region
Q9U1K1	582-601	ECO:0000256|SAM:MobiDB-lite	Disordered	region
Q9U1K1	637-688	ECO:0000256|SAM:MobiDB-lite	Disordered	region
Q9U1K1	705-725		Spir-box	region
Q9U1K1	799-824	ECO:0000256|SAM:MobiDB-lite	Disordered	region
Q9U1K1	837-884	ECO:0000256|SAM:MobiDB-lite	Disordered	region
Q9U1K1	895-914	ECO:0000256|SAM:MobiDB-lite	Disordered	region
Q9U1K1	920-941	ECO:0000256|SAM:MobiDB-lite	Disordered	region
Q9U1M2	346-387	ECO:0000256|SAM:MobiDB-lite	Disordered	region
Q9U3V5	138-215	ECO:0000256|SAM:MobiDB-lite	Disordered	region
Q9U3V5	20-40	ECO:0000256|SAM:MobiDB-lite	Disordered	region
Q9U3V5	350-392	ECO:0000256|SAM:MobiDB-lite	Disordered	region
Q9U3V5	466-489	ECO:0000256|SAM:MobiDB-lite	Disordered	region
Q9U3V5	519-576	ECO:0000256|SAM:MobiDB-lite	Disordered	region
Q9U3V5	712-759	ECO:0000256|SAM:MobiDB-lite	Disordered	region
Q9U3V5	786-818	ECO:0000256|SAM:MobiDB-lite	Disordered	region
Q9U3V5	868-891	ECO:0000256|SAM:MobiDB-lite	Disordered	region
Q9U3V5	954-1004	ECO:0000256|SAM:MobiDB-lite	Disordered	region
Q9U3V9	112-152	ECO:0000256|SAM:MobiDB-lite	Disordered	region
Q9U3V9	1335-1360	ECO:0000256|SAM:MobiDB-lite	Disordered	region
Q9U3V9	1755-1778	ECO:0000256|SAM:MobiDB-lite	Disordered	region
Q9U3V9	1930-1963	ECO:0000256|SAM:MobiDB-lite	Disordered	region
Q9U3V9	2032-2079	ECO:0000256|SAM:MobiDB-lite	Disordered	region
Q9U3V9	835-1359	ECO:0000269|PubMed:33689068	Sufficient for Orc3 binding	region
Q9U405	120-206	ECO:0000256|SAM:MobiDB-lite	Disordered	region
Q9U405	293-570		DNA-binding	region
Q9U4G1	685-719	ECO:0000256|SAM:MobiDB-lite	Disordered	region
Q9U4H5	33-63	ECO:0000256|SAM:MobiDB-lite	Disordered	region
Q9U4L6	1-44	ECO:0000256|SAM:MobiDB-lite	Disordered	region
Q9U5L1	119-244	ECO:0000256|SAM:MobiDB-lite	Disordered	region
Q9U5L1	268-290	ECO:0000256|SAM:MobiDB-lite	Disordered	region
Q9U5L1	396-613	ECO:0000250|UniProtKB:P08240	NG domain	region
Q9U5W9	1-56	ECO:0000256|SAM:MobiDB-lite	Disordered	region
Q9U5W9	119-139	ECO:0000256|SAM:MobiDB-lite	Disordered	region
Q9U6A0	149-181	ECO:0000256|SAM:MobiDB-lite	Disordered	region
Q9U6A0	215-255	ECO:0000256|SAM:MobiDB-lite	Disordered	region
Q9U6A0	272-315	ECO:0000256|SAM:MobiDB-lite	Disordered	region
Q9U6A0	508-565	ECO:0000256|SAM:MobiDB-lite	Disordered	region
Q9U6A0	79-111	ECO:0000256|SAM:MobiDB-lite	Disordered	region
Q9U6B8	1-39	ECO:0000256|SAM:MobiDB-lite	Disordered	region
Q9U6B8	71-141	ECO:0000256|SAM:MobiDB-lite	Disordered	region
Q9U6L4	532-587	ECO:0000256|SAM:MobiDB-lite	Disordered	region
Q9U6L4	677-763	ECO:0000256|SAM:MobiDB-lite	Disordered	region
Q9U6L4	849-970	ECO:0000256|SAM:MobiDB-lite	Disordered	region
Q9U6L5	155-253	ECO:0000256|SAM:MobiDB-lite	Disordered	region
Q9U6M0	27-53	ECO:0000256|SAM:MobiDB-lite	Disordered	region
Q9U6M0	383-409	ECO:0000256|SAM:MobiDB-lite	Disordered	region
Q9U6Y9	470-610		Interaction with vls	region
Q9U915	144-181	ECO:0000255|HAMAP-Rule:MF_03168	LID	region
Q9U915	48-77	ECO:0000255|HAMAP-Rule:MF_03168	NMP	region
Q9U969	1330-1425	ECO:0000256|SAM:MobiDB-lite	Disordered	region
Q9U969	332-410	ECO:0000256|SAM:MobiDB-lite	Disordered	region
Q9U9P7	244-273	ECO:0000256|SAM:MobiDB-lite	Disordered	region
Q9UAS6	1-21	ECO:0000256|SAM:MobiDB-lite	Disordered	region
Q9V3A4	188-218	ECO:0000256|SAM:MobiDB-lite	Disordered	region
Q9V3A4	247-299	ECO:0000256|SAM:MobiDB-lite	Disordered	region
Q9V3A4	57-121	ECO:0000256|SAM:MobiDB-lite	Disordered	region
Q9V3B4	1-105		Death-inducing	region
Q9V3B6	1-182	ECO:0000256|SAM:MobiDB-lite	Disordered	region
Q9V3C0	1-25	ECO:0000256|SAM:MobiDB-lite	Disordered	region
Q9V3C0	50-69	ECO:0000256|SAM:MobiDB-lite	Disordered	region
Q9V3C5	1020-1055	ECO:0000256|SAM:MobiDB-lite	Disordered	region
Q9V3C5	1145-1180	ECO:0000256|SAM:MobiDB-lite	Disordered	region
Q9V3C5	1398-1429	ECO:0000256|SAM:MobiDB-lite	Disordered	region
Q9V3C5	711-995		Interaction with Rab6	region
Q9V3C5	8-521		Interaction with Rab6	region
Q9V3D2	131-140	ECO:0000250	Important for dimerization	region
Q9V3D2	329-365	ECO:0000250	Important for dimerization	region
Q9V3D5	494-519	ECO:0000256|SAM:MobiDB-lite	Disordered	region
Q9V3D5	54-127	ECO:0000256|SAM:MobiDB-lite	Disordered	region
Q9V3D5	557-582	ECO:0000256|SAM:MobiDB-lite	Disordered	region
Q9V3D5	624-643	ECO:0000256|SAM:MobiDB-lite	Disordered	region
Q9V3D5	679-722	ECO:0000256|SAM:MobiDB-lite	Disordered	region
Q9V3G1	208-230	ECO:0000256|SAM:MobiDB-lite	Disordered	region
Q9V3G6	396-416	ECO:0000256|SAM:MobiDB-lite	Disordered	region
Q9V3G6	450-474	ECO:0000256|SAM:MobiDB-lite	Disordered	region
Q9V3I2	1-24	ECO:0000256|SAM:MobiDB-lite	Disordered	region
Q9V3I2	194-219	ECO:0000256|SAM:MobiDB-lite	Disordered	region
Q9V3I5	1-119	ECO:0000256|SAM:MobiDB-lite	Disordered	region
Q9V3I5	1168-1197	ECO:0000256|SAM:MobiDB-lite	Disordered	region
Q9V3I5	164-183	ECO:0000256|SAM:MobiDB-lite	Disordered	region
Q9V3I5	210-230	ECO:0000256|SAM:MobiDB-lite	Disordered	region
Q9V3J4	307-356	ECO:0000256|SAM:MobiDB-lite	Disordered	region
Q9V3J8	7-56	ECO:0000256|SAM:MobiDB-lite	Disordered	region
Q9V3K3	453-481	ECO:0000256|SAM:MobiDB-lite	Disordered	region
Q9V3L1	192-752		Heparan sulfate N-deacetylase	region
Q9V3L1	753-1048		Heparan sulfate N-sulfotransferase	region
Q9V3P6	279-322	ECO:0000256|SAM:MobiDB-lite	Disordered	region
Q9V3P6	855-950	ECO:0000256|SAM:MobiDB-lite	Disordered	region
Q9V3P6	999-1020	ECO:0000256|SAM:MobiDB-lite	Disordered	region
Q9V3Q6	296-322	ECO:0000256|SAM:MobiDB-lite	Disordered	region
Q9V3Q6	339-365	ECO:0000256|SAM:MobiDB-lite	Disordered	region
Q9V3Q6	431-455	ECO:0000256|SAM:MobiDB-lite	Disordered	region
Q9V3Q6	616-647	ECO:0000256|SAM:MobiDB-lite	Disordered	region
Q9V3R1	193-255	ECO:0000256|SAM:MobiDB-lite	Disordered	region
Q9V3R1	271-349	ECO:0000256|SAM:MobiDB-lite	Disordered	region
Q9V3R1	518-544	ECO:0000256|SAM:MobiDB-lite	Disordered	region
Q9V3R1	638-671	ECO:0000256|SAM:MobiDB-lite	Disordered	region
Q9V3R1	732-912	ECO:0000256|SAM:MobiDB-lite	Disordered	region
Q9V3R8	1-23	ECO:0000256|SAM:MobiDB-lite	Disordered	region
Q9V3V0	130-258	ECO:0000256|SAM:MobiDB-lite	Disordered	region
Q9V3V0	81-113	ECO:0000256|SAM:MobiDB-lite	Disordered	region
Q9V3W6	381-402	ECO:0000256|SAM:MobiDB-lite	Disordered	region
Q9V3W6	415-438	ECO:0000256|SAM:MobiDB-lite	Disordered	region
Q9V3X4	346-370	ECO:0000256|SAM:MobiDB-lite	Disordered	region
Q9V3X5	450-480	ECO:0000256|SAM:MobiDB-lite	Disordered	region
Q9V3Y2	130-161	ECO:0000255|HAMAP-Rule:MF_03115	Linker	region
Q9V3Y2	172-186	ECO:0000255|HAMAP-Rule:MF_03115	Fe-S binding site A	region
Q9V3Y2	209-223	ECO:0000255|HAMAP-Rule:MF_03115	Fe-S binding site B	region
Q9V3Y2	4-129	ECO:0000255|HAMAP-Rule:MF_03115	N-terminal SAM-like domain	region
Q9V3Z1	1-51	ECO:0000256|SAM:MobiDB-lite	Disordered	region
Q9V3Z1	420-443	ECO:0000256|SAM:MobiDB-lite	Disordered	region
Q9V3Z1	464-484	ECO:0000256|SAM:MobiDB-lite	Disordered	region
Q9V3Z2	91-121	ECO:0000256|SAM:MobiDB-lite	Disordered	region
Q9V3Z6	612-634	ECO:0000250|UniProtKB:P08799	Actin-binding	region
Q9V3Z6	712-726	ECO:0000250|UniProtKB:P08799	Actin-binding	region
Q9V407	1-45	ECO:0000256|SAM:MobiDB-lite	Disordered	region
Q9V407	183-204	ECO:0000256|SAM:MobiDB-lite	Disordered	region
Q9V407	243-275	ECO:0000256|SAM:MobiDB-lite	Disordered	region
Q9V407	339-401	ECO:0000256|SAM:MobiDB-lite	Disordered	region
Q9V407	508-581	ECO:0000256|SAM:MobiDB-lite	Disordered	region
Q9V407	593-663	ECO:0000256|SAM:MobiDB-lite	Disordered	region
Q9V410	158-186	ECO:0000256|SAM:MobiDB-lite	Disordered	region
Q9V410	16-41	ECO:0000256|SAM:MobiDB-lite	Disordered	region
Q9V411	501-521	ECO:0000256|SAM:MobiDB-lite	Disordered	region
Q9V412	215-247	ECO:0000256|SAM:MobiDB-lite	Disordered	region
Q9V422	241-261	ECO:0000256|SAM:MobiDB-lite	Disordered	region
Q9V427	130-179		Interaction with shg	region
Q9V431	462-536	ECO:0000256|SAM:MobiDB-lite	Disordered	region
Q9V438	405-433	ECO:0000256|SAM:MobiDB-lite	Disordered	region
Q9V444	98-128	ECO:0000256|SAM:MobiDB-lite	Disordered	region
Q9V447	1-37	ECO:0000256|SAM:MobiDB-lite	Disordered	region
Q9V452	111-140	ECO:0000256|SAM:MobiDB-lite	Disordered	region
Q9V460	1-111	ECO:0000256|SAM:MobiDB-lite	Disordered	region
Q9V460	117-136	ECO:0000256|SAM:MobiDB-lite	Disordered	region
Q9V460	213-307	ECO:0000250	Interaction with Spt4	region
Q9V460	350-461	ECO:0000250	Interaction with RNA polymerase II	region
Q9V460	359-379	ECO:0000256|SAM:MobiDB-lite	Disordered	region
Q9V460	714-733	ECO:0000256|SAM:MobiDB-lite	Disordered	region
Q9V460	796-969	ECO:0000256|SAM:MobiDB-lite	Disordered	region
Q9V463	1-508	ECO:0000269|PubMed:22718353	Required for binding to Nup93-1 and anchoring to the nuclear pore complex	region
Q9V463	508-986	ECO:0000269|PubMed:22718353	Required for binding to chromatin	region
Q9V466	1-26	ECO:0000256|SAM:MobiDB-lite	Disordered	region
Q9V466	677-702	ECO:0000256|SAM:MobiDB-lite	Disordered	region
Q9V468	1-168	ECO:0000256|SAM:MobiDB-lite	Disordered	region
Q9V468	1023-1063	ECO:0000256|SAM:MobiDB-lite	Disordered	region
Q9V468	1189-1239	ECO:0000256|SAM:MobiDB-lite	Disordered	region
Q9V468	376-441	ECO:0000256|SAM:MobiDB-lite	Disordered	region
Q9V468	594-929	ECO:0000256|SAM:MobiDB-lite	Disordered	region
Q9V477	1235-1346	ECO:0000256|SAM:MobiDB-lite	Disordered	region
Q9V498	937-958	ECO:0000256|SAM:MobiDB-lite	Disordered	region
Q9V4A7	1402-1784		Interaction with PlexA	region
Q9V4A7	1722-1728		Interaction with activated Rac1 and Rac2	region
Q9V4A7	1788-1827		Interaction with Rho1	region
Q9V4C8	1024-1061	ECO:0000256|SAM:MobiDB-lite	Disordered	region
Q9V4C8	1161-1185	ECO:0000256|SAM:MobiDB-lite	Disordered	region
Q9V4C8	1458-1500	ECO:0000256|SAM:MobiDB-lite	Disordered	region
Q9V4C8	517-543	ECO:0000256|SAM:MobiDB-lite	Disordered	region
Q9V4F9	227-278	ECO:0000256|SAM:MobiDB-lite	Disordered	region
Q9V4F9	414-438	ECO:0000256|SAM:MobiDB-lite	Disordered	region
Q9V4F9	480-518	ECO:0000256|SAM:MobiDB-lite	Disordered	region
Q9V4F9	541-575	ECO:0000256|SAM:MobiDB-lite	Disordered	region
Q9V4F9	989-1041	ECO:0000256|SAM:MobiDB-lite	Disordered	region
Q9V4L4	3-201		Small GTPase-like	region
Q9V4M2	1-42	ECO:0000256|SAM:MobiDB-lite	Disordered	region
Q9V4N3	86-105	ECO:0000256|SAM:MobiDB-lite	Disordered	region
Q9V4P1	126-371		Interaction with and bundling of F-actin	region
Q9V4P1	230-265	ECO:0000256|SAM:MobiDB-lite	Disordered	region
Q9V4P1	32-67	ECO:0000256|SAM:MobiDB-lite	Disordered	region
Q9V4P1	493-621	ECO:0000256|SAM:MobiDB-lite	Disordered	region
Q9V4P1	684-716	ECO:0000256|SAM:MobiDB-lite	Disordered	region
Q9V4S8	233-278	ECO:0000256|SAM:MobiDB-lite	Disordered	region
Q9V4W1	113-136	ECO:0000256|SAM:MobiDB-lite	Disordered	region
Q9V4W1	294-366	ECO:0000256|SAM:MobiDB-lite	Disordered	region
Q9V4W1	34-65	ECO:0000256|SAM:MobiDB-lite	Disordered	region
Q9V4Z9	1-102	ECO:0000256|SAM:MobiDB-lite	Disordered	region
Q9V535	26-47	ECO:0000256|SAM:MobiDB-lite	Disordered	region
Q9V574	146-168	ECO:0000256|SAM:MobiDB-lite	Disordered	region
Q9V576	1-53	ECO:0000256|SAM:MobiDB-lite	Disordered	region
Q9V5C6	230-253	ECO:0000256|SAM:MobiDB-lite	Disordered	region
Q9V5E1	521-541	ECO:0000256|SAM:MobiDB-lite	Disordered	region
Q9V5L3	56-90	ECO:0000256|SAM:MobiDB-lite	Disordered	region
Q9V5M3	115-200	ECO:0000256|SAM:MobiDB-lite	Disordered	region
Q9V5M3	228-340	ECO:0000256|SAM:MobiDB-lite	Disordered	region
Q9V5M3	542-583	ECO:0000256|SAM:MobiDB-lite	Disordered	region
Q9V5M3	826-863	ECO:0000256|SAM:MobiDB-lite	Disordered	region
Q9V5M6	115-200	ECO:0000256|SAM:MobiDB-lite	Disordered	region
Q9V5M6	228-340	ECO:0000256|SAM:MobiDB-lite	Disordered	region
Q9V5M6	447-469	ECO:0000256|SAM:MobiDB-lite	Disordered	region
Q9V5M6	482-520	ECO:0000256|SAM:MobiDB-lite	Disordered	region
Q9V5M6	900-963	ECO:0000256|SAM:MobiDB-lite	Disordered	region
Q9V5N8	2553-2582	ECO:0000256|SAM:MobiDB-lite	Disordered	region
Q9V5N8	2610-2635	ECO:0000256|SAM:MobiDB-lite	Disordered	region
Q9V5N8	2654-2684	ECO:0000256|SAM:MobiDB-lite	Disordered	region
Q9V5N8	2747-2803	ECO:0000255|PROSITE-ProRule:PRU00098	GPS	region
Q9V5N8	3111-3225	ECO:0000256|SAM:MobiDB-lite	Disordered	region
Q9V5N8	3343-3377	ECO:0000256|SAM:MobiDB-lite	Disordered	region
Q9V5N8	3458-3486	ECO:0000256|SAM:MobiDB-lite	Disordered	region
Q9V5N8	3499-3579	ECO:0000256|SAM:MobiDB-lite	Disordered	region
Q9V637	158-270	ECO:0000256|SAM:MobiDB-lite	Disordered	region
Q9V677	1680-1702	ECO:0000256|SAM:MobiDB-lite	Disordered	region
Q9V6B9	4-554		25 X 2 AA repeats of F-G	region
Q9V6G5	46-112	ECO:0000256|SAM:MobiDB-lite	Disordered	region
Q9V6K1	1139-1190	ECO:0000256|SAM:MobiDB-lite	Disordered	region
Q9V6K1	1255-1274	ECO:0000256|SAM:MobiDB-lite	Disordered	region
Q9V6K1	62-89	ECO:0000256|SAM:MobiDB-lite	Disordered	region
Q9V6L0	372-395	ECO:0000256|SAM:MobiDB-lite	Disordered	region
Q9V6L0	417-590	ECO:0000256|SAM:MobiDB-lite	Disordered	region
Q9V6Q2	1-131	ECO:0000256|SAM:MobiDB-lite	Disordered	region
Q9V6Q2	133-225		H3-like	region
Q9V719	169-200	ECO:0000256|SAM:MobiDB-lite	Disordered	region
Q9V719	355-377	ECO:0000256|SAM:MobiDB-lite	Disordered	region
Q9V719	52-82	ECO:0000256|SAM:MobiDB-lite	Disordered	region
Q9V727	1174-1193	ECO:0000256|SAM:MobiDB-lite	Disordered	region
Q9V727	1398-1437	ECO:0000256|SAM:MobiDB-lite	Disordered	region
Q9V727	1482-1505	ECO:0000256|SAM:MobiDB-lite	Disordered	region
Q9V727	1587-1610	ECO:0000256|SAM:MobiDB-lite	Disordered	region
Q9V727	336-378	ECO:0000256|SAM:MobiDB-lite	Disordered	region
Q9V727	410-478	ECO:0000256|SAM:MobiDB-lite	Disordered	region
Q9V727	635-718	ECO:0000256|SAM:MobiDB-lite	Disordered	region
Q9V727	90-109	ECO:0000256|SAM:MobiDB-lite	Disordered	region
Q9V727	952-972	ECO:0000256|SAM:MobiDB-lite	Disordered	region
Q9V730	540-560	ECO:0000256|SAM:MobiDB-lite	Disordered	region
Q9V778	1-22	ECO:0000256|SAM:MobiDB-lite	Disordered	region
Q9V778	566-568	ECO:0000250	Important for enzyme activity	region
Q9V780	716-752	ECO:0000256|SAM:MobiDB-lite	Disordered	region
Q9V785	224-258	ECO:0000256|SAM:MobiDB-lite	Disordered	region
Q9V785	276-306	ECO:0000256|SAM:MobiDB-lite	Disordered	region
Q9V7H4	1112-1337	ECO:0000256|SAM:MobiDB-lite	Disordered	region
Q9V7H4	1364-1386	ECO:0000256|SAM:MobiDB-lite	Disordered	region
Q9V7H4	1502-1567	ECO:0000256|SAM:MobiDB-lite	Disordered	region
Q9V7H4	55-228	ECO:0000250|UniProtKB:Q18264	PapD-L domain	region
Q9V7N5	116-169	ECO:0000256|SAM:MobiDB-lite	Disordered	region
Q9V7N5	302-403	ECO:0000256|SAM:MobiDB-lite	Disordered	region
Q9V7N5	415-453	ECO:0000256|SAM:MobiDB-lite	Disordered	region
Q9V7N5	496-544	ECO:0000256|SAM:MobiDB-lite	Disordered	region
Q9V7P1	1-44	ECO:0000256|SAM:MobiDB-lite	Disordered	region
Q9V7P1	69-126	ECO:0000256|SAM:MobiDB-lite	Disordered	region
Q9V7S5	495-529	ECO:0000256|SAM:MobiDB-lite	Disordered	region
Q9V7U0	22-376	ECO:0000256|SAM:MobiDB-lite	Disordered	region
Q9V7U0	390-620	ECO:0000256|SAM:MobiDB-lite	Disordered	region
Q9V831	1-21	ECO:0000256|SAM:MobiDB-lite	Disordered	region
Q9V853	143-176	ECO:0000256|SAM:MobiDB-lite	Disordered	region
Q9V853	188-496	ECO:0000256|SAM:MobiDB-lite	Disordered	region
Q9V853	513-602		Interaction with MAD	region
Q9V853	608-661	ECO:0000256|SAM:MobiDB-lite	Disordered	region
Q9V877	28-68	ECO:0000256|SAM:MobiDB-lite	Disordered	region
Q9V877	596-628	ECO:0000256|SAM:MobiDB-lite	Disordered	region
Q9V895	145-261	ECO:0000256|SAM:MobiDB-lite	Disordered	region
Q9V8P9	495-682		Interaction with hairy	region
Q9V8P9	53-96	ECO:0000256|SAM:MobiDB-lite	Disordered	region
Q9V8P9	627-858	ECO:0000256|SAM:MobiDB-lite	Disordered	region
Q9V8P9	972-1038	ECO:0000256|SAM:MobiDB-lite	Disordered	region
Q9V8R9	1-31	ECO:0000256|SAM:MobiDB-lite	Disordered	region
Q9V8R9	1286-1698		C-terminal (CTD)	region
Q9V8R9	1509-1599	ECO:0000256|SAM:MobiDB-lite	Disordered	region
Q9V8R9	317-434		Hydrophilic	region
Q9V8R9	335-361	ECO:0000256|SAM:MobiDB-lite	Disordered	region
Q9V8R9	374-710	ECO:0000256|SAM:MobiDB-lite	Disordered	region
Q9V968	1-59	ECO:0000256|SAM:MobiDB-lite	Disordered	region
Q9V9A7	355-388	ECO:0000255	Acyl-CoA binding	region
Q9V9A7	48-570	ECO:0000255|PROSITE-ProRule:PRU01138	Carboxyltransferase	region
Q9V9A8	256-286	ECO:0000256|SAM:MobiDB-lite	Disordered	region
Q9V9A8	357-412	ECO:0000256|SAM:MobiDB-lite	Disordered	region
Q9V9A8	434-464	ECO:0000256|SAM:MobiDB-lite	Disordered	region
Q9V9J3	1-47	ECO:0000256|SAM:MobiDB-lite	Disordered	region
Q9V9K7	1-100	ECO:0000256|SAM:MobiDB-lite	Disordered	region
Q9V9K7	284-493	ECO:0000256|SAM:MobiDB-lite	Disordered	region
Q9V9K7	637-662	ECO:0000256|SAM:MobiDB-lite	Disordered	region
Q9V9K7	851-886	ECO:0000256|SAM:MobiDB-lite	Disordered	region
Q9V9M8	214-217	ECO:0000303|PubMed:34950192	CXXC motif probably involved in coordinating iron-sulfur cluster binding	region
Q9V9N4	290-315	ECO:0000256|SAM:MobiDB-lite	Disordered	region
Q9V9S7	1273-1328	ECO:0000256|SAM:MobiDB-lite	Disordered	region
Q9V9S7	1356-1380	ECO:0000256|SAM:MobiDB-lite	Disordered	region
Q9V9S7	1393-1479	ECO:0000256|SAM:MobiDB-lite	Disordered	region
Q9V9S7	1514-1607	ECO:0000256|SAM:MobiDB-lite	Disordered	region
Q9V9S7	1644-1727	ECO:0000256|SAM:MobiDB-lite	Disordered	region
Q9V9S7	1819-1840	ECO:0000256|SAM:MobiDB-lite	Disordered	region
Q9V9S7	22-98	ECO:0000256|SAM:MobiDB-lite	Disordered	region
Q9V9S7	262-336	ECO:0000256|SAM:MobiDB-lite	Disordered	region
Q9V9S7	466-530	ECO:0000256|SAM:MobiDB-lite	Disordered	region
Q9V9S7	745-775	ECO:0000256|SAM:MobiDB-lite	Disordered	region
Q9V9W8	1-107	ECO:0000256|SAM:MobiDB-lite	Disordered	region
Q9V9W8	147-711	ECO:0000256|SAM:MobiDB-lite	Disordered	region
Q9V9Y4	463-488	ECO:0000256|SAM:MobiDB-lite	Disordered	region
Q9V9Y9	1-26	ECO:0000256|SAM:MobiDB-lite	Disordered	region
Q9V9Y9	56-75	ECO:0000256|SAM:MobiDB-lite	Disordered	region
Q9V9Z9	1-22	ECO:0000256|SAM:MobiDB-lite	Disordered	region
Q9V9Z9	189-208	ECO:0000256|SAM:MobiDB-lite	Disordered	region
Q9V9Z9	236-307	ECO:0000256|SAM:MobiDB-lite	Disordered	region
Q9VA02	298-317	ECO:0000256|SAM:MobiDB-lite	Disordered	region
Q9VA38	1038-1070	ECO:0000256|SAM:MobiDB-lite	Disordered	region
Q9VA38	145-253	ECO:0000256|SAM:MobiDB-lite	Disordered	region
Q9VA38	273-362	ECO:0000256|SAM:MobiDB-lite	Disordered	region
Q9VA38	33-81	ECO:0000256|SAM:MobiDB-lite	Disordered	region
Q9VA38	383-462	ECO:0000256|SAM:MobiDB-lite	Disordered	region
Q9VA38	514-643	ECO:0000256|SAM:MobiDB-lite	Disordered	region
Q9VA38	881-900	ECO:0000256|SAM:MobiDB-lite	Disordered	region
Q9VA73	1-310	ECO:0000250|UniProtKB:O75746	N-terminal domain	region
Q9VA73	311-327	ECO:0000250|UniProtKB:O75746	Linker loop domain	region
Q9VA73	336-627	ECO:0000250|UniProtKB:O75746	Carrier domain	region
Q9VA73	628-695	ECO:0000250|UniProtKB:O75746	C-terminal domain	region
Q9VAC5	196-217	ECO:0000256|SAM:MobiDB-lite	Disordered	region
Q9VAC5	598-662		Crambin-like	region
Q9VAC8	351-462	ECO:0000269|PubMed:29892014	Necessary for interaction with Gorab	region
Q9VAF7	93-143	ECO:0000256|SAM:MobiDB-lite	Disordered	region
Q9VAL0	78-98	ECO:0000256|SAM:MobiDB-lite	Disordered	region
Q9VAN6	1-35	ECO:0000256|SAM:MobiDB-lite	Disordered	region
Q9VAN6	104-236	ECO:0000256|SAM:MobiDB-lite	Disordered	region
Q9VAN6	191-260	ECO:0000250	RNA-binding	region
Q9VAN6	254-276	ECO:0000256|SAM:MobiDB-lite	Disordered	region
Q9VAN6	50-83	ECO:0000256|SAM:MobiDB-lite	Disordered	region
Q9VAP2	354-376	ECO:0000256|SAM:MobiDB-lite	Disordered	region
Q9VAQ1	1-52	ECO:0000256|SAM:MobiDB-lite	Disordered	region
Q9VAQ1	583-612	ECO:0000256|SAM:MobiDB-lite	Disordered	region
Q9VAQ7	1-64	ECO:0000256|SAM:MobiDB-lite	Disordered	region
Q9VAQ7	252-274	ECO:0000256|SAM:MobiDB-lite	Disordered	region
Q9VAQ7	433-574	ECO:0000256|SAM:MobiDB-lite	Disordered	region
Q9VAQ7	78-100	ECO:0000256|SAM:MobiDB-lite	Disordered	region
Q9VAT2	305-349	ECO:0000256|SAM:MobiDB-lite	Disordered	region
Q9VAT2	437-483	ECO:0000256|SAM:MobiDB-lite	Disordered	region
Q9VAU9	228-248	ECO:0000256|SAM:MobiDB-lite	Disordered	region
Q9VAU9	263-315	ECO:0000256|SAM:MobiDB-lite	Disordered	region
Q9VAW5	1251-1274	ECO:0000256|SAM:MobiDB-lite	Disordered	region
Q9VAW5	1298-1318	ECO:0000256|SAM:MobiDB-lite	Disordered	region
Q9VAW5	1542-1673	ECO:0000256|SAM:MobiDB-lite	Disordered	region
Q9VAW5	35-677	ECO:0000256|SAM:MobiDB-lite	Disordered	region
Q9VAW5	833-854	ECO:0000256|SAM:MobiDB-lite	Disordered	region
Q9VAW5	928-954	ECO:0000256|SAM:MobiDB-lite	Disordered	region
Q9VAW5	975-1087	ECO:0000256|SAM:MobiDB-lite	Disordered	region
Q9VAY3	357-379	ECO:0000256|SAM:MobiDB-lite	Disordered	region
Q9VAY7	122-150	ECO:0000256|SAM:MobiDB-lite	Disordered	region
Q9VAY7	339-359	ECO:0000256|SAM:MobiDB-lite	Disordered	region
Q9VB08	144-322	ECO:0000256|SAM:MobiDB-lite	Disordered	region
Q9VB11	1-43	ECO:0000256|SAM:MobiDB-lite	Disordered	region
Q9VB11	1036-1067	ECO:0000256|SAM:MobiDB-lite	Disordered	region
Q9VB11	1443-1563	ECO:0000256|SAM:MobiDB-lite	Disordered	region
Q9VB11	1627-1671	ECO:0000256|SAM:MobiDB-lite	Disordered	region
Q9VB11	2518-2550	ECO:0000256|SAM:MobiDB-lite	Disordered	region
Q9VB11	284-316	ECO:0000256|SAM:MobiDB-lite	Disordered	region
Q9VB11	3003-3158	ECO:0000256|SAM:MobiDB-lite	Disordered	region
Q9VB11	3170-3262	ECO:0000256|SAM:MobiDB-lite	Disordered	region
Q9VB11	361-422	ECO:0000256|SAM:MobiDB-lite	Disordered	region
Q9VB11	491-512	ECO:0000256|SAM:MobiDB-lite	Disordered	region
Q9VB11	526-546	ECO:0000256|SAM:MobiDB-lite	Disordered	region
Q9VB14	92-163	ECO:0000256|SAM:MobiDB-lite	Disordered	region
Q9VB25	597-621	ECO:0000256|SAM:MobiDB-lite	Disordered	region
Q9VB25	828-864	ECO:0000256|SAM:MobiDB-lite	Disordered	region
Q9VB25	884-954	ECO:0000256|SAM:MobiDB-lite	Disordered	region
Q9VB46	427-579	ECO:0000256|SAM:MobiDB-lite	Disordered	region
Q9VB68	91-118	ECO:0000269|PubMed:21310954	Linker	region
Q9VB70	308-466	ECO:0000256|SAM:MobiDB-lite	Disordered	region
Q9VB70	544-647	ECO:0000256|SAM:MobiDB-lite	Disordered	region
Q9VB70	754-905	ECO:0000256|SAM:MobiDB-lite	Disordered	region
Q9VB74	1-358	ECO:0000256|SAM:MobiDB-lite	Disordered	region
Q9VB98	1-21	ECO:0000256|SAM:MobiDB-lite	Disordered	region
Q9VB98	1534-1568	ECO:0000256|SAM:MobiDB-lite	Disordered	region
Q9VB98	1903-1958	ECO:0000256|SAM:MobiDB-lite	Disordered	region
Q9VB98	400-424	ECO:0000256|SAM:MobiDB-lite	Disordered	region
Q9VB98	635-804	ECO:0000256|SAM:MobiDB-lite	Disordered	region
Q9VBB3	1-45	ECO:0000269|PubMed:23288851	Sufficient for binding to IntS1 and IntS9 and for 3'-end snRNA processing	region
Q9VBB3	215-328	ECO:0000256|SAM:MobiDB-lite	Disordered	region
Q9VBC4	458-483	ECO:0000256|SAM:MobiDB-lite	Disordered	region
Q9VBC4	554-628	ECO:0000256|SAM:MobiDB-lite	Disordered	region
Q9VBC4	58-132	ECO:0000256|SAM:MobiDB-lite	Disordered	region
Q9VBC4	661-699	ECO:0000256|SAM:MobiDB-lite	Disordered	region
Q9VBC4	720-739	ECO:0000256|SAM:MobiDB-lite	Disordered	region
Q9VBC4	749-775	ECO:0000256|SAM:MobiDB-lite	Disordered	region
Q9VBL6	55-75	ECO:0000256|SAM:MobiDB-lite	Disordered	region
Q9VBP3	807-834	ECO:0000256|SAM:MobiDB-lite	Disordered	region
Q9VBP3	864-886	ECO:0000256|SAM:MobiDB-lite	Disordered	region
Q9VBQ9	124-147	ECO:0000256|SAM:MobiDB-lite	Disordered	region
Q9VBV5	70-98	ECO:0000256|SAM:MobiDB-lite	Disordered	region
Q9VBV8	1-68	ECO:0000256|SAM:MobiDB-lite	Disordered	region
Q9VBW0	57-85	ECO:0000256|SAM:MobiDB-lite	Disordered	region
Q9VBW3	196-302	ECO:0000256|SAM:MobiDB-lite	Disordered	region
Q9VBW3	352-373	ECO:0000256|SAM:MobiDB-lite	Disordered	region
Q9VBW3	411-447	ECO:0000256|SAM:MobiDB-lite	Disordered	region
Q9VBW6	232-310	ECO:0000256|SAM:MobiDB-lite	Disordered	region
Q9VBW6	344-381	ECO:0000256|SAM:MobiDB-lite	Disordered	region
Q9VBW6	445-528	ECO:0000256|SAM:MobiDB-lite	Disordered	region
Q9VBW6	541-592	ECO:0000256|SAM:MobiDB-lite	Disordered	region
Q9VBW6	645-678	ECO:0000256|SAM:MobiDB-lite	Disordered	region
Q9VBW9	333-359	ECO:0000256|SAM:MobiDB-lite	Disordered	region
Q9VBW9	378-419	ECO:0000256|SAM:MobiDB-lite	Disordered	region
Q9VBX1	214-245	ECO:0000256|SAM:MobiDB-lite	Disordered	region
Q9VBX1	688-715	ECO:0000256|SAM:MobiDB-lite	Disordered	region
Q9VBX1	771-895	ECO:0000256|SAM:MobiDB-lite	Disordered	region
Q9VBX2	325-350	ECO:0000256|SAM:MobiDB-lite	Disordered	region
Q9VBY8	54-84	ECO:0000256|SAM:MobiDB-lite	Disordered	region
Q9VBZ5	1-191	ECO:0000256|SAM:MobiDB-lite	Disordered	region
Q9VBZ5	250-352	ECO:0000256|SAM:MobiDB-lite	Disordered	region
Q9VBZ5	537-612	ECO:0000256|SAM:MobiDB-lite	Disordered	region
Q9VBZ5	624-665	ECO:0000256|SAM:MobiDB-lite	Disordered	region
Q9VC07	354-390	ECO:0000256|SAM:MobiDB-lite	Disordered	region
Q9VC44	131-151	ECO:0000256|SAM:MobiDB-lite	Disordered	region
Q9VC45	134-155	ECO:0000256|SAM:MobiDB-lite	Disordered	region
Q9VC45	476-548	ECO:0000256|SAM:MobiDB-lite	Disordered	region
Q9VC47	179-210	ECO:0000256|SAM:MobiDB-lite	Disordered	region
Q9VC47	248-349	ECO:0000256|SAM:MobiDB-lite	Disordered	region
Q9VC47	362-382	ECO:0000256|SAM:MobiDB-lite	Disordered	region
Q9VC47	396-419	ECO:0000256|SAM:MobiDB-lite	Disordered	region
Q9VC47	40-99	ECO:0000256|SAM:MobiDB-lite	Disordered	region
Q9VC47	434-497	ECO:0000256|SAM:MobiDB-lite	Disordered	region
Q9VC56	101-172	ECO:0000256|SAM:MobiDB-lite	Disordered	region
Q9VC56	1491-1611	ECO:0000256|SAM:MobiDB-lite	Disordered	region
Q9VC56	2249-2274	ECO:0000256|SAM:MobiDB-lite	Disordered	region
Q9VC56	2391-2529	ECO:0000256|SAM:MobiDB-lite	Disordered	region
Q9VC56	3322-3344	ECO:0000256|SAM:MobiDB-lite	Disordered	region
Q9VC56	3657-3776	ECO:0000256|SAM:MobiDB-lite	Disordered	region
Q9VC56	3800-3912	ECO:0000256|SAM:MobiDB-lite	Disordered	region
Q9VC56	518-590	ECO:0000256|SAM:MobiDB-lite	Disordered	region
Q9VC56	660-688	ECO:0000256|SAM:MobiDB-lite	Disordered	region
Q9VC56	851-878	ECO:0000256|SAM:MobiDB-lite	Disordered	region
Q9VC57	322-413	ECO:0000250|UniProtKB:Q8WXF7	3HB (three-helix bundle) domain	region
Q9VC57	414-422	ECO:0000250|UniProtKB:Q8WXF7	Linker	region
Q9VC61	368-422	ECO:0000256|SAM:MobiDB-lite	Disordered	region
Q9VC61	438-483	ECO:0000256|SAM:MobiDB-lite	Disordered	region
Q9VC61	51-80	ECO:0000256|SAM:MobiDB-lite	Disordered	region
Q9VC61	538-596	ECO:0000256|SAM:MobiDB-lite	Disordered	region
Q9VC61	699-708	ECO:0000255|PROSITE-ProRule:PRU00978	Basic motif	region
Q9VC61	709-716	ECO:0000255|PROSITE-ProRule:PRU00978	Leucine-zipper	region
Q9VC61	99-154	ECO:0000256|SAM:MobiDB-lite	Disordered	region
Q9VC70	1-293	ECO:0000269|PubMed:33370260	Interaction with Rab8	region
Q9VC70	167-187	ECO:0000256|SAM:MobiDB-lite	Disordered	region
Q9VC70	214-267	ECO:0000256|SAM:MobiDB-lite	Disordered	region
Q9VC70	415-548	ECO:0000256|SAM:MobiDB-lite	Disordered	region
Q9VC70	624-682	ECO:0000256|SAM:MobiDB-lite	Disordered	region
Q9VC70	698-737	ECO:0000256|SAM:MobiDB-lite	Disordered	region
Q9VC94	1041-1145	ECO:0000256|SAM:MobiDB-lite	Disordered	region
Q9VCA2	512-548	ECO:0000256|SAM:MobiDB-lite	Disordered	region
Q9VCA8	1-61	ECO:0000256|SAM:MobiDB-lite	Disordered	region
Q9VCA8	1046-1067	ECO:0000256|SAM:MobiDB-lite	Disordered	region
Q9VCA8	1306-1376	ECO:0000256|SAM:MobiDB-lite	Disordered	region
Q9VCA8	1583-1612	ECO:0000256|SAM:MobiDB-lite	Disordered	region
Q9VCA8	1646-1669	ECO:0000256|SAM:MobiDB-lite	Disordered	region
Q9VCA8	1682-1779	ECO:0000256|SAM:MobiDB-lite	Disordered	region
Q9VCA8	1852-1872	ECO:0000256|SAM:MobiDB-lite	Disordered	region
Q9VCA8	2084-2108	ECO:0000256|SAM:MobiDB-lite	Disordered	region
Q9VCA8	2225-2256	ECO:0000256|SAM:MobiDB-lite	Disordered	region
Q9VCA8	2699-3033	ECO:0000256|SAM:MobiDB-lite	Disordered	region
Q9VCA8	3156-3329	ECO:0000256|SAM:MobiDB-lite	Disordered	region
Q9VCA8	3383-3457	ECO:0000256|SAM:MobiDB-lite	Disordered	region
Q9VCA8	3520-3636	ECO:0000256|SAM:MobiDB-lite	Disordered	region
Q9VCA8	3744-3786	ECO:0000256|SAM:MobiDB-lite	Disordered	region
Q9VCA8	3876-3945	ECO:0000256|SAM:MobiDB-lite	Disordered	region
Q9VCA8	391-494	ECO:0000256|SAM:MobiDB-lite	Disordered	region
Q9VCA8	91-174	ECO:0000256|SAM:MobiDB-lite	Disordered	region
Q9VCB1	187-207	ECO:0000256|SAM:MobiDB-lite	Disordered	region
Q9VCE1	182-201	ECO:0000256|SAM:MobiDB-lite	Disordered	region
Q9VCE6	250-272	ECO:0000256|SAM:MobiDB-lite	Disordered	region
Q9VCE6	414-428	ECO:0000250|UniProtKB:Q86U44	Gate loop 1	region
Q9VCE6	480-497	ECO:0000250|UniProtKB:Q86U44	Interphase loop	region
Q9VCE6	483-496	ECO:0000250|UniProtKB:Q86U44	Positively charged region required for RNA-binding	region
Q9VCE6	525-533	ECO:0000250|UniProtKB:Q86U44	Gate loop 2	region
Q9VCE8	1-32	ECO:0000256|SAM:MobiDB-lite	Disordered	region
Q9VCE8	74-188	ECO:0000250|UniProtKB:Q5BKX5	Peptidase C39-like	region
Q9VCE9	367-394	ECO:0000256|SAM:MobiDB-lite	Disordered	region
Q9VCE9	458-484	ECO:0000256|SAM:MobiDB-lite	Disordered	region
Q9VCE9	490-751		Phosphatase-like	region
Q9VCF0	1-30	ECO:0000256|SAM:MobiDB-lite	Disordered	region
Q9VCG3	168-187	ECO:0000256|SAM:MobiDB-lite	Disordered	region
Q9VCH5	2-566	ECO:0000305	46 X 2 AA repeats of F-G	region
Q9VCH5	698-768	ECO:0000256|SAM:MobiDB-lite	Disordered	region
Q9VCH5	781-860	ECO:0000256|SAM:MobiDB-lite	Disordered	region
Q9VCI3	397-431	ECO:0000256|SAM:MobiDB-lite	Disordered	region
Q9VCK0	291-305	ECO:0000250|UniProtKB:K7IM66	RNA gate	region
Q9VCK0	98-166	ECO:0000256|SAM:MobiDB-lite	Disordered	region
Q9VCN1	1279-1304	ECO:0000256|SAM:MobiDB-lite	Disordered	region
Q9VCN1	1949-1985	ECO:0000256|SAM:MobiDB-lite	Disordered	region
Q9VCN9	1-33	ECO:0000256|SAM:MobiDB-lite	Disordered	region
Q9VCN9	311-334	ECO:0000256|SAM:MobiDB-lite	Disordered	region
Q9VCP0	302-351	ECO:0000256|SAM:MobiDB-lite	Disordered	region
Q9VCP0	413-571	ECO:0000250	Activation domain	region
Q9VCP0	439-448	ECO:0000250	Interacting with Elongin BC complex	region
Q9VCP0	86-289	ECO:0000256|SAM:MobiDB-lite	Disordered	region
Q9VCP1	45-177	ECO:0000256|SAM:MobiDB-lite	Disordered	region
Q9VCR3	118-186	ECO:0000256|SAM:MobiDB-lite	Disordered	region
Q9VCR3	198-223	ECO:0000256|SAM:MobiDB-lite	Disordered	region
Q9VCR3	298-356	ECO:0000256|SAM:MobiDB-lite	Disordered	region
Q9VCR3	602-629	ECO:0000256|SAM:MobiDB-lite	Disordered	region
Q9VCR6	157-202	ECO:0000256|SAM:MobiDB-lite	Disordered	region
Q9VCR6	17-37	ECO:0000256|SAM:MobiDB-lite	Disordered	region
Q9VCR6	220-243	ECO:0000256|SAM:MobiDB-lite	Disordered	region
Q9VCR6	264-293	ECO:0000256|SAM:MobiDB-lite	Disordered	region
Q9VCR6	345-425	ECO:0000256|SAM:MobiDB-lite	Disordered	region
Q9VCR6	64-145	ECO:0000256|SAM:MobiDB-lite	Disordered	region
Q9VCR7	373-397	ECO:0000256|SAM:MobiDB-lite	Disordered	region
Q9VCT9	131-189	ECO:0000256|SAM:MobiDB-lite	Disordered	region
Q9VCU7	128-155	ECO:0000256|SAM:MobiDB-lite	Disordered	region
Q9VCU9	1-1042	ECO:0000269|PubMed:17666393	Necessary for processing certain pre-miRNas, such as pre-let 7 and pre-bantam	region
Q9VCU9	1-371	ECO:0000269|PubMed:21926993	Essential for miRNA substrate recognition	region
Q9VCU9	1-690	ECO:0000269|PubMed:17666393	Important for interaction with loqs isoform PB (loqs-PB)	region
Q9VCU9	1-761	ECO:0000250|UniProtKB:A1ZAW0	Helicase domain	region
Q9VCU9	1147-2249	ECO:0000269|PubMed:15066283	Essential for production of mature miRNAs from pre-miRNAs. Also important for proper formation of the siRISC complex but is dispensable for biogenesis of siRNAs	region
Q9VCU9	1314-1351	ECO:0000256|SAM:MobiDB-lite	Disordered	region
Q9VCU9	1426-1477	ECO:0000256|SAM:MobiDB-lite	Disordered	region
Q9VCU9	371-491	ECO:0000269|PubMed:21926993	Dispensable for activity and substrate recognition	region
Q9VCU9	436-486	ECO:0000256|SAM:MobiDB-lite	Disordered	region
Q9VCU9	496-606	ECO:0000269|PubMed:21926993	Essential for miRNA substrate recognition	region
Q9VCU9	617-761	ECO:0000269|PubMed:21926993	Dispensable for activity and substrate recognition	region
Q9VCU9	640-665	ECO:0000256|SAM:MobiDB-lite	Disordered	region
Q9VCU9	705-757	ECO:0000256|SAM:MobiDB-lite	Disordered	region
Q9VCU9	924-957	ECO:0000269|PubMed:36182693	Wing domain	region
Q9VCU9	963-1108	ECO:0000250|UniProtKB:A1ZAW0	Platform domain	region
Q9VCW0	135-155	ECO:0000256|SAM:MobiDB-lite	Disordered	region
Q9VCW3	1-28	ECO:0000256|SAM:MobiDB-lite	Disordered	region
Q9VCX1	1-66	ECO:0000256|SAM:MobiDB-lite	Disordered	region
Q9VCX1	1258-1327	ECO:0000256|SAM:MobiDB-lite	Disordered	region
Q9VCX1	1410-1513	ECO:0000256|SAM:MobiDB-lite	Disordered	region
Q9VCX1	182-222	ECO:0000256|SAM:MobiDB-lite	Disordered	region
Q9VCX1	449-473	ECO:0000256|SAM:MobiDB-lite	Disordered	region
Q9VCX1	708-761	ECO:0000256|SAM:MobiDB-lite	Disordered	region
Q9VCX1	978-1004	ECO:0000256|SAM:MobiDB-lite	Disordered	region
Q9VCX3	319-361	ECO:0000256|SAM:MobiDB-lite	Disordered	region
Q9VCY3	1-43	ECO:0000256|SAM:MobiDB-lite	Disordered	region
Q9VCY8	1-24	ECO:0000256|SAM:MobiDB-lite	Disordered	region
Q9VCZ3	440-464	ECO:0000256|SAM:MobiDB-lite	Disordered	region
Q9VD26	200-231	ECO:0000256|SAM:MobiDB-lite	Disordered	region
Q9VD28	1-25	ECO:0000256|SAM:MobiDB-lite	Disordered	region
Q9VD28	342-408	ECO:0000256|SAM:MobiDB-lite	Disordered	region
Q9VD44	159-203	ECO:0000256|SAM:MobiDB-lite	Disordered	region
Q9VD44	27-97	ECO:0000256|SAM:MobiDB-lite	Disordered	region
Q9VD44	315-338	ECO:0000256|SAM:MobiDB-lite	Disordered	region
Q9VD44	417-535	ECO:0000256|SAM:MobiDB-lite	Disordered	region
Q9VD44	666-732	ECO:0000256|SAM:MobiDB-lite	Disordered	region
Q9VD51	1-168	ECO:0000256|SAM:MobiDB-lite	Disordered	region
Q9VD51	659-680	ECO:0000256|SAM:MobiDB-lite	Disordered	region
Q9VD73	141-228	ECO:0000256|SAM:MobiDB-lite	Disordered	region
Q9VDA0	1145-1182	ECO:0000256|SAM:MobiDB-lite	Disordered	region
Q9VDA0	1196-1222	ECO:0000256|SAM:MobiDB-lite	Disordered	region
Q9VDA0	1255-1293	ECO:0000256|SAM:MobiDB-lite	Disordered	region
Q9VDA0	1452-1489	ECO:0000256|SAM:MobiDB-lite	Disordered	region
Q9VDA0	591-647	ECO:0000256|SAM:MobiDB-lite	Disordered	region
Q9VDA0	980-1000	ECO:0000256|SAM:MobiDB-lite	Disordered	region
Q9VDC6	26-540	ECO:0000305|PubMed:30705105	Adenylation	region
Q9VDC6	666-679	ECO:0000305|PubMed:30705105	Condensation	region
Q9VDD1	32-53	ECO:0000256|SAM:MobiDB-lite	Disordered	region
Q9VDD1	79-175	ECO:0000256|SAM:MobiDB-lite	Disordered	region
Q9VDD3	503-551	ECO:0000256|SAM:MobiDB-lite	Disordered	region
Q9VDE5	315-460	ECO:0000256|SAM:MobiDB-lite	Disordered	region
Q9VDE8	837-871	ECO:0000256|SAM:MobiDB-lite	Disordered	region
Q9VDG2	1-172	ECO:0000256|SAM:MobiDB-lite	Disordered	region
Q9VDG2	443-500	ECO:0000256|SAM:MobiDB-lite	Disordered	region
Q9VDG5	301-318	ECO:0000303|PubMed:9252464	Corresponds to the exchanger inhibitory peptide (XIP) found in other sodium	region
Q9VDL1	249-279	ECO:0000256|SAM:MobiDB-lite	Disordered	region
Q9VDQ7	841-862	ECO:0000256|SAM:MobiDB-lite	Disordered	region
Q9VDR1	224-408	ECO:0000256|SAM:MobiDB-lite	Disordered	region
Q9VDR1	456-520	ECO:0000256|SAM:MobiDB-lite	Disordered	region
Q9VDR1	669-743	ECO:0000256|SAM:MobiDB-lite	Disordered	region
Q9VDS5	467-740	ECO:0000256|SAM:MobiDB-lite	Disordered	region
Q9VDS5	49-74	ECO:0000256|SAM:MobiDB-lite	Disordered	region
Q9VDS6	264-324	ECO:0000256|SAM:MobiDB-lite	Disordered	region
Q9VDS6	53-167	ECO:0000256|SAM:MobiDB-lite	Disordered	region
Q9VDV3	22-200		17 X 2 AA repeats of F-G	region
Q9VDW3	1-28	ECO:0000256|SAM:MobiDB-lite	Disordered	region
Q9VDW3	1488-1516	ECO:0000256|SAM:MobiDB-lite	Disordered	region
Q9VDW3	1559-1669	ECO:0000256|SAM:MobiDB-lite	Disordered	region
Q9VDW3	327-356	ECO:0000256|SAM:MobiDB-lite	Disordered	region
Q9VDW3	389-417	ECO:0000256|SAM:MobiDB-lite	Disordered	region
Q9VDW3	43-243	ECO:0000256|SAM:MobiDB-lite	Disordered	region
Q9VDW3	481-508	ECO:0000256|SAM:MobiDB-lite	Disordered	region
Q9VDW3	827-851	ECO:0000256|SAM:MobiDB-lite	Disordered	region
Q9VDW3	994-1024	ECO:0000256|SAM:MobiDB-lite	Disordered	region
Q9VDW6	1-230		Actin-binding	region
Q9VDW6	1633-1696	ECO:0000256|SAM:MobiDB-lite	Disordered	region
Q9VDW6	1716-1742	ECO:0000256|SAM:MobiDB-lite	Disordered	region
Q9VDW6	1799-1854	ECO:0000256|SAM:MobiDB-lite	Disordered	region
Q9VDW6	1878-1941	ECO:0000256|SAM:MobiDB-lite	Disordered	region
Q9VDW6	2204-2233	ECO:0000256|SAM:MobiDB-lite	Disordered	region
Q9VDW6	233-297	ECO:0000256|SAM:MobiDB-lite	Disordered	region
Q9VDW6	2655-2679	ECO:0000256|SAM:MobiDB-lite	Disordered	region
Q9VDW6	2822-2852	ECO:0000256|SAM:MobiDB-lite	Disordered	region
Q9VDW6	3316-3344	ECO:0000256|SAM:MobiDB-lite	Disordered	region
Q9VDW6	3387-3449	ECO:0000256|SAM:MobiDB-lite	Disordered	region
Q9VDW6	3483-3545	ECO:0000256|SAM:MobiDB-lite	Disordered	region
Q9VDW6	3560-3598	ECO:0000256|SAM:MobiDB-lite	Disordered	region
Q9VDY1	1335-1364	ECO:0000256|SAM:MobiDB-lite	Disordered	region
Q9VDY1	1463-1638	ECO:0000256|SAM:MobiDB-lite	Disordered	region
Q9VDY1	201-259	ECO:0000256|SAM:MobiDB-lite	Disordered	region
Q9VDY1	41-93	ECO:0000256|SAM:MobiDB-lite	Disordered	region
Q9VDY1	499-528	ECO:0000256|SAM:MobiDB-lite	Disordered	region
Q9VDZ3	417-475	ECO:0000256|SAM:MobiDB-lite	Disordered	region
Q9VDZ3	70-157	ECO:0000256|SAM:MobiDB-lite	Disordered	region
Q9VE11	1-28	ECO:0000256|SAM:MobiDB-lite	Disordered	region
Q9VE11	139-174	ECO:0000256|SAM:MobiDB-lite	Disordered	region
Q9VE17	67-91	ECO:0000256|SAM:MobiDB-lite	Disordered	region
Q9VE34	1-42	ECO:0000256|SAM:MobiDB-lite	Disordered	region
Q9VE34	77-105	ECO:0000256|SAM:MobiDB-lite	Disordered	region
Q9VE46	583-614	ECO:0000256|SAM:MobiDB-lite	Disordered	region
Q9VE86	1-119	ECO:0000256|SAM:MobiDB-lite	Disordered	region
Q9VE87	1-70	ECO:0000256|SAM:MobiDB-lite	Disordered	region
Q9VE87	103-309	ECO:0000256|SAM:MobiDB-lite	Disordered	region
Q9VE87	359-387	ECO:0000256|SAM:MobiDB-lite	Disordered	region
Q9VE87	544-585	ECO:0000256|SAM:MobiDB-lite	Disordered	region
Q9VEB3	268-320	ECO:0000256|SAM:MobiDB-lite	Disordered	region
Q9VEB4	23-47	ECO:0000256|SAM:MobiDB-lite	Disordered	region
Q9VEC1	210-232	ECO:0000256|SAM:MobiDB-lite	Disordered	region
Q9VEC3	34-59	ECO:0000256|SAM:MobiDB-lite	Disordered	region
Q9VEC3	357-385	ECO:0000256|SAM:MobiDB-lite	Disordered	region
Q9VEC3	403-455	ECO:0000256|SAM:MobiDB-lite	Disordered	region
Q9VED0	1-44	ECO:0000256|SAM:MobiDB-lite	Disordered	region
Q9VED0	625-676	ECO:0000256|SAM:MobiDB-lite	Disordered	region
Q9VEG6	36-55	ECO:0000256|SAM:MobiDB-lite	Disordered	region
Q9VEI9	1-83	ECO:0000256|SAM:MobiDB-lite	Disordered	region
Q9VEI9	132-183	ECO:0000256|SAM:MobiDB-lite	Disordered	region
Q9VEI9	248-269	ECO:0000256|SAM:MobiDB-lite	Disordered	region
Q9VEI9	305-473	ECO:0000256|SAM:MobiDB-lite	Disordered	region
Q9VEJ2	1-40	ECO:0000256|SAM:MobiDB-lite	Disordered	region
Q9VEJ2	288-324	ECO:0000256|SAM:MobiDB-lite	Disordered	region
Q9VEJ2	338-410	ECO:0000256|SAM:MobiDB-lite	Disordered	region
Q9VEK6	1-146	ECO:0000256|SAM:MobiDB-lite	Disordered	region
Q9VEU1	1930-1972	ECO:0000256|SAM:MobiDB-lite	Disordered	region
Q9VEU1	2121-2140	ECO:0000256|SAM:MobiDB-lite	Disordered	region
Q9VEU1	814-844	ECO:0000256|SAM:MobiDB-lite	Disordered	region
Q9VEU6	337-364	ECO:0000256|SAM:MobiDB-lite	Disordered	region
Q9VEV4	1037-1067	ECO:0000256|SAM:MobiDB-lite	Disordered	region
Q9VEV4	409-434	ECO:0000256|SAM:MobiDB-lite	Disordered	region
Q9VEV4	837-861	ECO:0000256|SAM:MobiDB-lite	Disordered	region
Q9VEV4	876-993	ECO:0000256|SAM:MobiDB-lite	Disordered	region
Q9VEW2	1-60	ECO:0000256|SAM:MobiDB-lite	Disordered	region
Q9VEX0	1073-1114	ECO:0000256|SAM:MobiDB-lite	Disordered	region
Q9VEX0	466-504	ECO:0000256|SAM:MobiDB-lite	Disordered	region
Q9VEX0	781-812	ECO:0000256|SAM:MobiDB-lite	Disordered	region
Q9VEX0	876-901	ECO:0000256|SAM:MobiDB-lite	Disordered	region
Q9VEX5	592-619	ECO:0000256|SAM:MobiDB-lite	Disordered	region
Q9VEX5	665-689	ECO:0000256|SAM:MobiDB-lite	Disordered	region
Q9VEX6	1-50	ECO:0000256|SAM:MobiDB-lite	Disordered	region
Q9VEZ3	1-229	ECO:0000305|PubMed:17889670	TOG 1	region
Q9VEZ3	1-505	ECO:0000269|PubMed:24966168	Binds tubulin	region
Q9VEZ3	1-516	ECO:0000269|PubMed:24966168	Promotes microtubule polymerization	region
Q9VEZ3	1083-1140	ECO:0000256|SAM:MobiDB-lite	Disordered	region
Q9VEZ3	1099-1428	ECO:0000269|PubMed:21965297	Association with microtubule lattice	region
Q9VEZ3	1179-1415	ECO:0000305|PubMed:17889670	TOG 5	region
Q9VEZ3	1407-1455	ECO:0000256|SAM:MobiDB-lite	Disordered	region
Q9VEZ3	1940-1959	ECO:0000256|SAM:MobiDB-lite	Disordered	region
Q9VEZ3	267-505	ECO:0000305|PubMed:17889670	TOG 2	region
Q9VEZ3	498-821	ECO:0000269|PubMed:21965297	Association with microtubule lattice	region
Q9VEZ3	506-572	ECO:0000256|SAM:MobiDB-lite	Disordered	region
Q9VEZ3	581-1080	ECO:0000269|PubMed:24966168	Promotes microtubule polymerization	region
Q9VEZ3	581-814	ECO:0000305|PubMed:17889670	TOG 3	region
Q9VEZ3	804-849	ECO:0000256|SAM:MobiDB-lite	Disordered	region
Q9VEZ3	849-1087	ECO:0000305|PubMed:17889670	TOG 4	region
Q9VEZ5	489-510		Leucine-zipper	region
Q9VF08	108-141	ECO:0000256|SAM:MobiDB-lite	Disordered	region
Q9VF08	34-53	ECO:0000256|SAM:MobiDB-lite	Disordered	region
Q9VF08	60-113		J-like	region
Q9VF30	36-76	ECO:0000256|SAM:MobiDB-lite	Disordered	region
Q9VF30	796-818	ECO:0000256|SAM:MobiDB-lite	Disordered	region
Q9VF59	1-42	ECO:0000256|SAM:MobiDB-lite	Disordered	region
Q9VF87	1270-1291	ECO:0000256|SAM:MobiDB-lite	Disordered	region
Q9VFC8	666-709	ECO:0000256|SAM:MobiDB-lite	Disordered	region
Q9VFD5	433-460	ECO:0000256|SAM:MobiDB-lite	Disordered	region
Q9VFE4	1-22	ECO:0000256|SAM:MobiDB-lite	Disordered	region
Q9VFE6	1-132	ECO:0000256|SAM:MobiDB-lite	Disordered	region
Q9VFE6	201-276	ECO:0000256|SAM:MobiDB-lite	Disordered	region
Q9VFF3	1-31	ECO:0000256|SAM:MobiDB-lite	Disordered	region
Q9VFF3	147-174	ECO:0000256|SAM:MobiDB-lite	Disordered	region
Q9VFF3	731-900	ECO:0000256|SAM:MobiDB-lite	Disordered	region
Q9VFG8	1-60	ECO:0000256|SAM:MobiDB-lite	Disordered	region
Q9VFG8	1224-1269	ECO:0000256|SAM:MobiDB-lite	Disordered	region
Q9VFG8	541-560	ECO:0000256|SAM:MobiDB-lite	Disordered	region
Q9VFG8	841-869	ECO:0000256|SAM:MobiDB-lite	Disordered	region
Q9VFG8	890-912	ECO:0000256|SAM:MobiDB-lite	Disordered	region
Q9VFG8	942-975	ECO:0000256|SAM:MobiDB-lite	Disordered	region
Q9VFH6	513-589	ECO:0000256|SAM:MobiDB-lite	Disordered	region
Q9VFH6	691-748	ECO:0000256|SAM:MobiDB-lite	Disordered	region
Q9VFH6	768-798	ECO:0000256|SAM:MobiDB-lite	Disordered	region
Q9VFI9	1-142	ECO:0000256|SAM:MobiDB-lite	Disordered	region
Q9VFI9	1006-1035	ECO:0000256|SAM:MobiDB-lite	Disordered	region
Q9VFI9	1065-1118	ECO:0000256|SAM:MobiDB-lite	Disordered	region
Q9VFJ3	139-302	ECO:0000255	Serine protease	region
Q9VFJ3	29-55	ECO:0000256|SAM:MobiDB-lite	Disordered	region
Q9VFK3	55-93	ECO:0000256|SAM:MobiDB-lite	Disordered	region
Q9VFK6	1-29	ECO:0000256|SAM:MobiDB-lite	Disordered	region
Q9VFK6	341-363	ECO:0000256|SAM:MobiDB-lite	Disordered	region
Q9VFK6	382-401	ECO:0000256|SAM:MobiDB-lite	Disordered	region
Q9VFK6	407-437	ECO:0000256|SAM:MobiDB-lite	Disordered	region
Q9VFK6	464-516	ECO:0000256|SAM:MobiDB-lite	Disordered	region
Q9VFL5	555-582	ECO:0000256|SAM:MobiDB-lite	Disordered	region
Q9VFM9	319-343	ECO:0000256|SAM:MobiDB-lite	Disordered	region
Q9VFP2	106-142	ECO:0000256|SAM:MobiDB-lite	Disordered	region
Q9VFP2	24-47	ECO:0000256|SAM:MobiDB-lite	Disordered	region
Q9VFP2	266-296	ECO:0000256|SAM:MobiDB-lite	Disordered	region
Q9VFP2	313-400	ECO:0000256|SAM:MobiDB-lite	Disordered	region
Q9VFR0	1-40	ECO:0000256|SAM:MobiDB-lite	Disordered	region
Q9VFR1	189-214	ECO:0000256|SAM:MobiDB-lite	Disordered	region
Q9VFS2	440-459	ECO:0000256|SAM:MobiDB-lite	Disordered	region
Q9VFS5	640-668	ECO:0000256|SAM:MobiDB-lite	Disordered	region
Q9VFS5	695-861	ECO:0000256|SAM:MobiDB-lite	Disordered	region
Q9VFS5	885-980	ECO:0000256|SAM:MobiDB-lite	Disordered	region
Q9VFS6	559-586	ECO:0000256|SAM:MobiDB-lite	Disordered	region
Q9VG58	609-641	ECO:0000256|SAM:MobiDB-lite	Disordered	region
Q9VG73	367-396	ECO:0000256|SAM:MobiDB-lite	Disordered	region
Q9VG76	111-145	ECO:0000256|SAM:MobiDB-lite	Disordered	region
Q9VG76	159-181	ECO:0000256|SAM:MobiDB-lite	Disordered	region
Q9VGA4	140-211	ECO:0000256|SAM:MobiDB-lite	Disordered	region
Q9VGA4	347-394	ECO:0000256|SAM:MobiDB-lite	Disordered	region
Q9VGA4	527-565	ECO:0000256|SAM:MobiDB-lite	Disordered	region
Q9VGA4	714-890	ECO:0000256|SAM:MobiDB-lite	Disordered	region
Q9VGA4	99-122	ECO:0000256|SAM:MobiDB-lite	Disordered	region
Q9VGC3	834-886	ECO:0000256|SAM:MobiDB-lite	Disordered	region
Q9VGC7	290-304	ECO:0000250|UniProtKB:K7IM66	RNA gate	region
Q9VGC7	527-551	ECO:0000256|SAM:MobiDB-lite	Disordered	region
Q9VGC7	91-154	ECO:0000256|SAM:MobiDB-lite	Disordered	region
Q9VGE3	25-67	ECO:0000256|SAM:MobiDB-lite	Disordered	region
Q9VGE8	24-94	ECO:0000256|SAM:MobiDB-lite	Disordered	region
Q9VGG5	1887-1916	ECO:0000256|SAM:MobiDB-lite	Disordered	region
Q9VGG5	535-560	ECO:0000256|SAM:MobiDB-lite	Disordered	region
Q9VGH7	1103-1122	ECO:0000256|SAM:MobiDB-lite	Disordered	region
Q9VGH7	1159-1193	ECO:0000256|SAM:MobiDB-lite	Disordered	region
Q9VGH7	76-97	ECO:0000256|SAM:MobiDB-lite	Disordered	region
Q9VGH7	848-884	ECO:0000256|SAM:MobiDB-lite	Disordered	region
Q9VGI8	1069-1072	ECO:0000250|UniProtKB:P54132	3' overhang DNA-binding	region
Q9VGI8	1167-1169	ECO:0000250|UniProtKB:P54132	3' overhang DNA-binding	region
Q9VGI8	1178-1182	ECO:0000250|UniProtKB:P54132	3' overhang DNA-binding	region
Q9VGI8	126-258	ECO:0000256|SAM:MobiDB-lite	Disordered	region
Q9VGI8	1424-1487	ECO:0000256|SAM:MobiDB-lite	Disordered	region
Q9VGI8	17-87	ECO:0000256|SAM:MobiDB-lite	Disordered	region
Q9VGI8	271-331	ECO:0000256|SAM:MobiDB-lite	Disordered	region
Q9VGI8	669-688	ECO:0000256|SAM:MobiDB-lite	Disordered	region
Q9VGI8	89-138		2 X 24 AA repeats of L-D-L-S-V-S-P-L-A-E-L-[SP]-A-K-K-K-[YS]-[AD]-R-D-[SP]-P-P-K-P	region
Q9VGI8	967-969	ECO:0000250|UniProtKB:P54132	3' overhang DNA-binding	region
Q9VGJ5	1-24	ECO:0000256|SAM:MobiDB-lite	Disordered	region
Q9VGJ5	145-175	ECO:0000256|SAM:MobiDB-lite	Disordered	region
Q9VGJ5	56-82	ECO:0000256|SAM:MobiDB-lite	Disordered	region
Q9VGK7	1097-1116	ECO:0000256|SAM:MobiDB-lite	Disordered	region
Q9VGK7	1111-1129	ECO:0000250|UniProtKB:Q06706	Required for binding to tRNA	region
Q9VGK7	814-1252	ECO:0000250|UniProtKB:O95163	Mediates dimerization	region
Q9VGL8	335-363	ECO:0000256|SAM:MobiDB-lite	Disordered	region
Q9VGN7	266-286	ECO:0000256|SAM:MobiDB-lite	Disordered	region
Q9VGP1	1505-1534	ECO:0000256|SAM:MobiDB-lite	Disordered	region
Q9VGP1	386-416	ECO:0000256|SAM:MobiDB-lite	Disordered	region
Q9VGP1	514-556	ECO:0000256|SAM:MobiDB-lite	Disordered	region
Q9VGP4	921-950	ECO:0000256|SAM:MobiDB-lite	Disordered	region
Q9VGR2	21-49	ECO:0000256|SAM:MobiDB-lite	Disordered	region
Q9VGR7	266-299	ECO:0000256|SAM:MobiDB-lite	Disordered	region
Q9VGU5	419-468	ECO:0000256|SAM:MobiDB-lite	Disordered	region
Q9VGU5	494-872	ECO:0000256|SAM:MobiDB-lite	Disordered	region
Q9VGU6	125-162	ECO:0000255|HAMAP-Rule:MF_03169	LID	region
Q9VGU6	35-64	ECO:0000255|HAMAP-Rule:MF_03169	NMPbind	region
Q9VGW1	1-102	ECO:0000256|SAM:MobiDB-lite	Disordered	region
Q9VGW1	1038-1058	ECO:0000256|SAM:MobiDB-lite	Disordered	region
Q9VGW1	1390-1442	ECO:0000256|SAM:MobiDB-lite	Disordered	region
Q9VGW1	1458-1516	ECO:0000256|SAM:MobiDB-lite	Disordered	region
Q9VGW1	1546-1695	ECO:0000256|SAM:MobiDB-lite	Disordered	region
Q9VGW1	1707-1895	ECO:0000256|SAM:MobiDB-lite	Disordered	region
Q9VGY6	451-491	ECO:0000256|SAM:MobiDB-lite	Disordered	region
Q9VGZ5	257-319	ECO:0000256|SAM:MobiDB-lite	Disordered	region
Q9VGZ5	349-369	ECO:0000256|SAM:MobiDB-lite	Disordered	region
Q9VGZ5	62-75	ECO:0000255|PROSITE-ProRule:PRU00981	Basic motif; degenerate	region
Q9VGZ5	76-117	ECO:0000255|PROSITE-ProRule:PRU00981	Helix-loop-helix motif	region
Q9VGZ8	168-321	ECO:0000256|SAM:MobiDB-lite	Disordered	region
Q9VGZ8	352-382	ECO:0000256|SAM:MobiDB-lite	Disordered	region
Q9VGZ8	395-585	ECO:0000256|SAM:MobiDB-lite	Disordered	region
Q9VGZ8	618-659	ECO:0000256|SAM:MobiDB-lite	Disordered	region
Q9VGZ8	65-137	ECO:0000256|SAM:MobiDB-lite	Disordered	region
Q9VH14	28-31	ECO:0000250|UniProtKB:P01033	Involved in metalloproteinase-binding	region
Q9VH14	93-94	ECO:0000250|UniProtKB:P01033	Involved in metalloproteinase-binding	region
Q9VH20	187-206	ECO:0000256|SAM:MobiDB-lite	Disordered	region
Q9VH20	41-72	ECO:0000250	B-reader	region
Q9VH20	73-84	ECO:0000250	B-linker	region
Q9VH20	85-312	ECO:0000250	N-terminal cyclin fold	region
Q9VH36	1-109	ECO:0000256|SAM:MobiDB-lite	Disordered	region
Q9VH36	156-195	ECO:0000256|SAM:MobiDB-lite	Disordered	region
Q9VH38	408-452	ECO:0000256|SAM:MobiDB-lite	Disordered	region
Q9VH70	669-705	ECO:0000256|SAM:MobiDB-lite	Disordered	region
Q9VH89	1-50	ECO:0000256|SAM:MobiDB-lite	Disordered	region
Q9VH89	146-194	ECO:0000256|SAM:MobiDB-lite	Disordered	region
Q9VH89	251-281	ECO:0000256|SAM:MobiDB-lite	Disordered	region
Q9VH89	470-514	ECO:0000256|SAM:MobiDB-lite	Disordered	region
Q9VH89	737-830	ECO:0000256|SAM:MobiDB-lite	Disordered	region
Q9VH90	187-226	ECO:0000256|SAM:MobiDB-lite	Disordered	region
Q9VH90	265-290	ECO:0000256|SAM:MobiDB-lite	Disordered	region
Q9VH95	115-184	ECO:0000256|SAM:MobiDB-lite	Disordered	region
Q9VHA0	1-57	ECO:0000256|SAM:MobiDB-lite	Disordered	region
Q9VHA0	535-621	ECO:0000256|SAM:MobiDB-lite	Disordered	region
Q9VHA0	652-692	ECO:0000256|SAM:MobiDB-lite	Disordered	region
Q9VHA0	713-735	ECO:0000256|SAM:MobiDB-lite	Disordered	region
Q9VHB0	1-45	ECO:0000256|SAM:MobiDB-lite	Disordered	region
Q9VHB0	120-368	ECO:0000256|SAM:MobiDB-lite	Disordered	region
Q9VHB0	68-98	ECO:0000256|SAM:MobiDB-lite	Disordered	region
Q9VHB3	1-20	ECO:0000256|SAM:MobiDB-lite	Disordered	region
Q9VHC5	64-88	ECO:0000256|SAM:MobiDB-lite	Disordered	region
Q9VHH9	1-44	ECO:0000256|SAM:MobiDB-lite	Disordered	region
Q9VHH9	503-522	ECO:0000256|SAM:MobiDB-lite	Disordered	region
Q9VHH9	816-848	ECO:0000256|SAM:MobiDB-lite	Disordered	region
Q9VHH9	876-1053	ECO:0000256|SAM:MobiDB-lite	Disordered	region
Q9VHI7	317-367	ECO:0000256|SAM:MobiDB-lite	Disordered	region
Q9VHI7	50-92	ECO:0000256|SAM:MobiDB-lite	Disordered	region
Q9VHJ6	114-156	ECO:0000256|SAM:MobiDB-lite	Disordered	region
Q9VHJ6	343-377	ECO:0000256|SAM:MobiDB-lite	Disordered	region
Q9VHJ6	416-439	ECO:0000256|SAM:MobiDB-lite	Disordered	region
Q9VHJ6	459-527	ECO:0000256|SAM:MobiDB-lite	Disordered	region
Q9VHN5	1-39	ECO:0000256|SAM:MobiDB-lite	Disordered	region
Q9VHN6	34-53	ECO:0000256|SAM:MobiDB-lite	Disordered	region
Q9VHN9	422-447	ECO:0000256|SAM:MobiDB-lite	Disordered	region
Q9VHP0	16-248	ECO:0000256|SAM:MobiDB-lite	Disordered	region
Q9VHP0	689-765	ECO:0000256|SAM:MobiDB-lite	Disordered	region
Q9VHP0	778-798	ECO:0000256|SAM:MobiDB-lite	Disordered	region
Q9VHR6	504-523	ECO:0000256|SAM:MobiDB-lite	Disordered	region
Q9VHS7	365-392	ECO:0000256|SAM:MobiDB-lite	Disordered	region
Q9VHU1	505-578	ECO:0000256|SAM:MobiDB-lite	Disordered	region
Q9VHV1	212-277	ECO:0000250|UniProtKB:Q9UNA4	DNA-binding	region
Q9VHV1	288-413	ECO:0000250|UniProtKB:Q9UNA4	DNA-binding	region
Q9VHV1	443-464	ECO:0000256|SAM:MobiDB-lite	Disordered	region
Q9VHV1	482-515	ECO:0000256|SAM:MobiDB-lite	Disordered	region
Q9VHV1	557-581	ECO:0000256|SAM:MobiDB-lite	Disordered	region
Q9VHV1	607-643	ECO:0000256|SAM:MobiDB-lite	Disordered	region
Q9VHY5	143-167	ECO:0000256|SAM:MobiDB-lite	Disordered	region
Q9VHY5	268-287	ECO:0000256|SAM:MobiDB-lite	Disordered	region
Q9VHY5	299-332	ECO:0000256|SAM:MobiDB-lite	Disordered	region
Q9VI10	1-23	ECO:0000256|SAM:MobiDB-lite	Disordered	region
Q9VI13	1-87	ECO:0000256|SAM:MobiDB-lite	Disordered	region
Q9VI13	159-188	ECO:0000256|SAM:MobiDB-lite	Disordered	region
Q9VI13	254-292	ECO:0000256|SAM:MobiDB-lite	Disordered	region
Q9VI13	80-171	ECO:0000250|UniProtKB:Q13153	Autoregulatory region	region
Q9VI13	83-113	ECO:0000250|UniProtKB:Q13153	GTPase-binding	region
Q9VI13	97-429		Linker	region
Q9VI20	287-334	ECO:0000256|SAM:MobiDB-lite	Disordered	region
Q9VI20	350-372	ECO:0000256|SAM:MobiDB-lite	Disordered	region
Q9VI55	404-478	ECO:0000256|SAM:MobiDB-lite	Disordered	region
Q9VI58	169-197	ECO:0000256|SAM:MobiDB-lite	Disordered	region
Q9VI74	487-531	ECO:0000256|SAM:MobiDB-lite	Disordered	region
Q9VI74	543-608	ECO:0000256|SAM:MobiDB-lite	Disordered	region
Q9VI75	438-468	ECO:0000256|SAM:MobiDB-lite	Disordered	region
Q9VI82	1-86	ECO:0000256|SAM:MobiDB-lite	Disordered	region
Q9VI82	106-142	ECO:0000256|SAM:MobiDB-lite	Disordered	region
Q9VI82	172-199	ECO:0000256|SAM:MobiDB-lite	Disordered	region
Q9VI93	10-30	ECO:0000256|SAM:MobiDB-lite	Disordered	region
Q9VI93	156-269	ECO:0000256|SAM:MobiDB-lite	Disordered	region
Q9VI93	683-853	ECO:0000256|SAM:MobiDB-lite	Disordered	region
Q9VIE6	183-326	ECO:0000255|PROSITE-ProRule:PRU01411	OB-fold	region
Q9VIE6	30-49	ECO:0000256|SAM:MobiDB-lite	Disordered	region
Q9VIE6	327-368	ECO:0000255|PROSITE-ProRule:PRU01411	CCCH-type zinc finger (ZnF1)	region
Q9VIE6	430-468	ECO:0000256|SAM:MobiDB-lite	Disordered	region
Q9VIE6	487-521	ECO:0000256|SAM:MobiDB-lite	Disordered	region
Q9VIE6	581-662	ECO:0000255|PROSITE-ProRule:PRU01412	Winged helix (WH)	region
Q9VIE6	663-699	ECO:0000255|PROSITE-ProRule:PRU01412	CCCH-type zinc finger (ZnF2)	region
Q9VIE6	700-737	ECO:0000255|PROSITE-ProRule:PRU01412	CCCC-type zinc ribbon (ZnR)	region
Q9VIF0	1-73	ECO:0000256|SAM:MobiDB-lite	Disordered	region
Q9VIF0	100-154	ECO:0000256|SAM:MobiDB-lite	Disordered	region
Q9VIF0	674-766	ECO:0000256|SAM:MobiDB-lite	Disordered	region
Q9VIF5	1-60	ECO:0000269|PubMed:29858487	Required for interaction with rhi	region
Q9VIF5	274-307	ECO:0000256|SAM:MobiDB-lite	Disordered	region
Q9VIF5	327-352	ECO:0000256|SAM:MobiDB-lite	Disordered	region
Q9VIF5	375-446	ECO:0000256|SAM:MobiDB-lite	Disordered	region
Q9VIF5	554-586	ECO:0000256|SAM:MobiDB-lite	Disordered	region
Q9VIF5	642-662	ECO:0000256|SAM:MobiDB-lite	Disordered	region
Q9VIF5	72-195	ECO:0000256|SAM:MobiDB-lite	Disordered	region
Q9VIF6	1-58	ECO:0000256|SAM:MobiDB-lite	Disordered	region
Q9VIF6	451-507	ECO:0000256|SAM:MobiDB-lite	Disordered	region
Q9VIK2	614-647	ECO:0000256|SAM:MobiDB-lite	Disordered	region
Q9VIL0	313-411	ECO:0000256|SAM:MobiDB-lite	Disordered	region
Q9VIL0	923-954	ECO:0000256|SAM:MobiDB-lite	Disordered	region
Q9VIM5	281-301	ECO:0000256|SAM:MobiDB-lite	Disordered	region
Q9VIP2	469-472	ECO:0000250|UniProtKB:Q8WU10	C-terminal domain; interacts with and shields the RTCB catalytic center	region
Q9VIP8	309-367		Interaction with csul	region
Q9VIQ0	137-156	ECO:0000256|SAM:MobiDB-lite	Disordered	region
Q9VIQ0	226-281	ECO:0000256|SAM:MobiDB-lite	Disordered	region
Q9VIQ9	1094-1119	ECO:0000256|SAM:MobiDB-lite	Disordered	region
Q9VIQ9	1202-1223	ECO:0000256|SAM:MobiDB-lite	Disordered	region
Q9VIQ9	1373-1415	ECO:0000256|SAM:MobiDB-lite	Disordered	region
Q9VIQ9	1455-1511	ECO:0000256|SAM:MobiDB-lite	Disordered	region
Q9VIQ9	1600-1633	ECO:0000256|SAM:MobiDB-lite	Disordered	region
Q9VIQ9	1648-1690	ECO:0000256|SAM:MobiDB-lite	Disordered	region
Q9VIQ9	165-197	ECO:0000256|SAM:MobiDB-lite	Disordered	region
Q9VIQ9	2172-2197	ECO:0000256|SAM:MobiDB-lite	Disordered	region
Q9VIQ9	235-311	ECO:0000256|SAM:MobiDB-lite	Disordered	region
Q9VIQ9	331-646	ECO:0000256|SAM:MobiDB-lite	Disordered	region
Q9VIQ9	730-767	ECO:0000256|SAM:MobiDB-lite	Disordered	region
Q9VIQ9	788-910	ECO:0000256|SAM:MobiDB-lite	Disordered	region
Q9VIS1	1013-1106	ECO:0000256|SAM:MobiDB-lite	Disordered	region
Q9VIS1	1721-1745	ECO:0000256|SAM:MobiDB-lite	Disordered	region
Q9VIS1	1779-1829	ECO:0000256|SAM:MobiDB-lite	Disordered	region
Q9VIS1	746-780	ECO:0000256|SAM:MobiDB-lite	Disordered	region
Q9VIS1	894-975	ECO:0000256|SAM:MobiDB-lite	Disordered	region
Q9VIS1	94-117	ECO:0000256|SAM:MobiDB-lite	Disordered	region
Q9VIV2	1004-1062	ECO:0000256|SAM:MobiDB-lite	Disordered	region
Q9VIV2	119-145	ECO:0000256|SAM:MobiDB-lite	Disordered	region
Q9VIV2	171-340	ECO:0000256|SAM:MobiDB-lite	Disordered	region
Q9VIV2	416-463	ECO:0000256|SAM:MobiDB-lite	Disordered	region
Q9VIV2	666-704	ECO:0000256|SAM:MobiDB-lite	Disordered	region
Q9VIV2	716-741	ECO:0000256|SAM:MobiDB-lite	Disordered	region
Q9VIV2	822-847	ECO:0000256|SAM:MobiDB-lite	Disordered	region
Q9VIV2	886-920	ECO:0000256|SAM:MobiDB-lite	Disordered	region
Q9VIW3	355-418	ECO:0000256|SAM:MobiDB-lite	Disordered	region
Q9VJ07	1-28	ECO:0000256|SAM:MobiDB-lite	Disordered	region
Q9VJ10	18-37	ECO:0000256|SAM:MobiDB-lite	Disordered	region
Q9VJ26	1-29	ECO:0000256|SAM:MobiDB-lite	Disordered	region
Q9VJ26	191-217	ECO:0000256|SAM:MobiDB-lite	Disordered	region
Q9VJ33	70-72	ECO:0000250|UniProtKB:Q15843	Interaction with Uba3	region
Q9VJ62	1-29	ECO:0000256|SAM:MobiDB-lite	Disordered	region
Q9VJ62	108-218	ECO:0000256|SAM:MobiDB-lite	Disordered	region
Q9VJ62	238-264	ECO:0000256|SAM:MobiDB-lite	Disordered	region
Q9VJ62	387-489	ECO:0000256|SAM:MobiDB-lite	Disordered	region
Q9VJ62	538-564	ECO:0000256|SAM:MobiDB-lite	Disordered	region
Q9VJ79	1-54	ECO:0000256|SAM:MobiDB-lite	Disordered	region
Q9VJ79	1109-1171	ECO:0000256|SAM:MobiDB-lite	Disordered	region
Q9VJ79	1200-1248	ECO:0000256|SAM:MobiDB-lite	Disordered	region
Q9VJ79	125-169	ECO:0000256|SAM:MobiDB-lite	Disordered	region
Q9VJ79	1268-1305	ECO:0000256|SAM:MobiDB-lite	Disordered	region
Q9VJ79	1325-1364	ECO:0000256|SAM:MobiDB-lite	Disordered	region
Q9VJ79	235-262	ECO:0000256|SAM:MobiDB-lite	Disordered	region
Q9VJ79	327-374	ECO:0000256|SAM:MobiDB-lite	Disordered	region
Q9VJ79	75-100	ECO:0000256|SAM:MobiDB-lite	Disordered	region
Q9VJ87	1-377	ECO:0000256|SAM:MobiDB-lite	Disordered	region
Q9VJ87	660-697	ECO:0000256|SAM:MobiDB-lite	Disordered	region
Q9VJ87	926-1330	ECO:0000256|SAM:MobiDB-lite	Disordered	region
Q9VJB6	1726-1799	ECO:0000256|SAM:MobiDB-lite	Disordered	region
Q9VJD3	1-21	ECO:0000256|SAM:MobiDB-lite	Disordered	region
Q9VJD3	244-263	ECO:0000256|SAM:MobiDB-lite	Disordered	region
Q9VJE5	1-105	ECO:0000256|SAM:MobiDB-lite	Disordered	region
Q9VJE5	1031-1052	ECO:0000256|SAM:MobiDB-lite	Disordered	region
Q9VJE5	1400-1419	ECO:0000256|SAM:MobiDB-lite	Disordered	region
Q9VJE5	1635-1665	ECO:0000256|SAM:MobiDB-lite	Disordered	region
Q9VJE5	195-227	ECO:0000256|SAM:MobiDB-lite	Disordered	region
Q9VJE5	843-905	ECO:0000256|SAM:MobiDB-lite	Disordered	region
Q9VJI9	1-21	ECO:0000256|SAM:MobiDB-lite	Disordered	region
Q9VJJ7	1064-1111	ECO:0000256|SAM:MobiDB-lite	Disordered	region
Q9VJJ7	865-898	ECO:0000256|SAM:MobiDB-lite	Disordered	region
Q9VJN5	1-103	ECO:0000269|PubMed:16782008	Required for homodimerization	region
Q9VJN5	156-265	ECO:0000256|SAM:MobiDB-lite	Disordered	region
Q9VJQ4	1-79	ECO:0000256|SAM:MobiDB-lite	Disordered	region
Q9VJQ5	155-183	ECO:0000256|SAM:MobiDB-lite	Disordered	region
Q9VJQ5	92-183		Repression of TATA-containing promoters	region
Q9VJS8	287-480		Self-association	region
Q9VJS8	287-553		Interaction with noc	region
Q9VJS8	388-407	ECO:0000256|SAM:MobiDB-lite	Disordered	region
Q9VJS8	59-243	ECO:0000256|SAM:MobiDB-lite	Disordered	region
Q9VJY6	119-155	ECO:0000256|SAM:MobiDB-lite	Disordered	region
Q9VJY8	116-225	ECO:0000256|SAM:MobiDB-lite	Disordered	region
Q9VJY9	1-337	ECO:0000269|PubMed:17666393	Necessary for enhancing pre-miRNA processing by Dcr-1	region
Q9VJY9	1-379	ECO:0000269|PubMed:17666393, ECO:0000269|PubMed:26769856	Not required for interaction with Dcr-1	region
Q9VJY9	1-392	ECO:0000269|PubMed:26769856	Important for homodimerization and interaction with Dcr-1	region
Q9VJY9	129-211	ECO:0000269|PubMed:29040648	Sufficient for binding RNA	region
Q9VJY9	129-322	ECO:0000269|PubMed:29040648	Necessary for promoting preferential binding of Dcr-2 to the less stably base paired ends of siRNAs	region
Q9VJY9	209-249	ECO:0000269|PubMed:29040648	Enables simultaneous binding of both DRBM 1 and 2 domains to dsRNA	region
Q9VJY9	210-246	ECO:0000256|SAM:MobiDB-lite	Disordered	region
Q9VJY9	220-465	ECO:0000269|PubMed:17666393	Necessary and sufficient for enhancing processing of pre-miRNAs by Dcr-1	region
Q9VJY9	245-322	ECO:0000269|PubMed:29040648	Sufficient for binding RNA	region
Q9VJY9	308-309	ECO:0000269|PubMed:17666393	Necessary for binding pre-miRNA	region
Q9VJY9	340-465	ECO:0000269|PubMed:17666393	Necessary for interaction with Dcr-1	region
Q9VJY9	392-463	ECO:0000269|PubMed:26769856	Sufficent for binding to Dcr-1	region
Q9VJY9	Q9VJY9-4:338-359	ECO:0000269|PubMed:21245036, ECO:0000269|PubMed:28874570	Required for binding to Dcr-2 and to fully enhance Dcr-2 mediated cleavage of 3' overhanging termini (3'ovr) and blunt termini (BLT) dsRNAs. However, this region is dispensable for binding the dsRNA substrates	region
Q9VJZ7	288-312	ECO:0000256|SAM:MobiDB-lite	Disordered	region
Q9VJZ7	463-624	ECO:0000256|SAM:MobiDB-lite	Disordered	region
Q9VK07	666-696	ECO:0000256|SAM:MobiDB-lite	Disordered	region
Q9VK13	54-77	ECO:0000256|SAM:MobiDB-lite	Disordered	region
Q9VK33	1050-1092	ECO:0000256|SAM:MobiDB-lite	Disordered	region
Q9VK33	371-399	ECO:0000256|SAM:MobiDB-lite	Disordered	region
Q9VK33	464-483	ECO:0000256|SAM:MobiDB-lite	Disordered	region
Q9VK33	976-1024	ECO:0000256|SAM:MobiDB-lite	Disordered	region
Q9VK34	41-146	ECO:0000256|SAM:MobiDB-lite	Disordered	region
Q9VK34	698-722	ECO:0000256|SAM:MobiDB-lite	Disordered	region
Q9VK34	777-823	ECO:0000256|SAM:MobiDB-lite	Disordered	region
Q9VK45	2083-2089	ECO:0000255|PROSITE-ProRule:PRU00269	G-loop	region
Q9VK45	2256-2264	ECO:0000255|PROSITE-ProRule:PRU00269	Catalytic loop	region
Q9VK45	2276-2301	ECO:0000255|PROSITE-ProRule:PRU00269	Activation loop	region
Q9VK45	2364-2389	ECO:0000256|SAM:MobiDB-lite	Disordered	region
Q9VK71	586-668	ECO:0000256|SAM:MobiDB-lite	Disordered	region
Q9VK89	491-578	ECO:0000256|SAM:MobiDB-lite	Disordered	region
Q9VK89	63-92	ECO:0000256|SAM:MobiDB-lite	Disordered	region
Q9VK91	240-375	ECO:0000256|SAM:MobiDB-lite	Disordered	region
Q9VKA4	12-35	ECO:0000256|SAM:MobiDB-lite	Disordered	region
Q9VKA4	849-881	ECO:0000256|SAM:MobiDB-lite	Disordered	region
Q9VKA5	243-281	ECO:0000256|SAM:MobiDB-lite	Disordered	region
Q9VKB4	1-98	ECO:0000256|SAM:MobiDB-lite	Disordered	region
Q9VKB4	116-152	ECO:0000256|SAM:MobiDB-lite	Disordered	region
Q9VKB4	347-364	ECO:0000250	RNA-binding	region
Q9VKB9	432-452	ECO:0000256|SAM:MobiDB-lite	Disordered	region
Q9VKB9	896-928	ECO:0000256|SAM:MobiDB-lite	Disordered	region
Q9VKG9	179-235	ECO:0000256|SAM:MobiDB-lite	Disordered	region
Q9VKG9	289-340	ECO:0000256|SAM:MobiDB-lite	Disordered	region
Q9VKG9	390-419	ECO:0000256|SAM:MobiDB-lite	Disordered	region
Q9VKJ1	1-123	ECO:0000256|SAM:MobiDB-lite	Disordered	region
Q9VKJ1	1027-1066	ECO:0000256|SAM:MobiDB-lite	Disordered	region
Q9VKJ1	1271-1318	ECO:0000256|SAM:MobiDB-lite	Disordered	region
Q9VKJ1	1330-1376	ECO:0000256|SAM:MobiDB-lite	Disordered	region
Q9VKJ1	1389-1412	ECO:0000256|SAM:MobiDB-lite	Disordered	region
Q9VKJ1	554-589	ECO:0000256|SAM:MobiDB-lite	Disordered	region
Q9VKJ1	669-734	ECO:0000256|SAM:MobiDB-lite	Disordered	region
Q9VKJ1	853-891	ECO:0000256|SAM:MobiDB-lite	Disordered	region
Q9VKJ9	1-135	ECO:0000256|SAM:MobiDB-lite	Disordered	region
Q9VKJ9	145-200	ECO:0000305|PubMed:17084357	DM14 1	region
Q9VKJ9	157-176	ECO:0000256|SAM:MobiDB-lite	Disordered	region
Q9VKJ9	186-269	ECO:0000256|SAM:MobiDB-lite	Disordered	region
Q9VKJ9	265-317	ECO:0000305|PubMed:17084357	DM14 2	region
Q9VKJ9	365-419	ECO:0000305|PubMed:17084357	DM14 3	region
Q9VKJ9	418-492	ECO:0000256|SAM:MobiDB-lite	Disordered	region
Q9VKJ9	502-556	ECO:0000305|PubMed:17084357	DM14 4	region
Q9VKK1	18-38	ECO:0000256|SAM:MobiDB-lite	Disordered	region
Q9VKK1	552-581	ECO:0000256|SAM:MobiDB-lite	Disordered	region
Q9VKK1	788-811	ECO:0000256|SAM:MobiDB-lite	Disordered	region
Q9VKK1	838-884	ECO:0000256|SAM:MobiDB-lite	Disordered	region
Q9VKK2	1-24	ECO:0000256|SAM:MobiDB-lite	Disordered	region
Q9VKM1	1-257	ECO:0000269|PubMed:17875665	Interaction with CBX5 and papi	region
Q9VKM1	1-76	ECO:0000256|SAM:MobiDB-lite	Disordered	region
Q9VKM6	1-136	ECO:0000256|SAM:MobiDB-lite	Disordered	region
Q9VKN7	1-21	ECO:0000256|SAM:MobiDB-lite	Disordered	region
Q9VKQ3	10-92	ECO:0000255|HAMAP-Rule:MF_03029	Ubiquitin-like (UBL) domain	region
Q9VKQ6	559-601	ECO:0000256|SAM:MobiDB-lite	Disordered	region
Q9VKQ6	629-654	ECO:0000256|SAM:MobiDB-lite	Disordered	region
Q9VKQ9	1-81	ECO:0000256|SAM:MobiDB-lite	Disordered	region
Q9VKV5	1-57	ECO:0000256|SAM:MobiDB-lite	Disordered	region
Q9VKV5	105-124	ECO:0000256|SAM:MobiDB-lite	Disordered	region
Q9VKW2	292-311	ECO:0000256|SAM:MobiDB-lite	Disordered	region
Q9VKW2	323-422	ECO:0000256|SAM:MobiDB-lite	Disordered	region
Q9VKW2	6-119	ECO:0000255|PROSITE-ProRule:PRU01146	Extended PHD domain (ePHD)	region
Q9VL06	1401-1448	ECO:0000256|SAM:MobiDB-lite	Disordered	region
Q9VL06	1483-1512	ECO:0000256|SAM:MobiDB-lite	Disordered	region
Q9VL06	1570-1592	ECO:0000256|SAM:MobiDB-lite	Disordered	region
Q9VL06	1845-1871	ECO:0000256|SAM:MobiDB-lite	Disordered	region
Q9VL06	1905-1930	ECO:0000256|SAM:MobiDB-lite	Disordered	region
Q9VL06	2092-2115	ECO:0000256|SAM:MobiDB-lite	Disordered	region
Q9VL06	247-271	ECO:0000256|SAM:MobiDB-lite	Disordered	region
Q9VL06	365-389	ECO:0000256|SAM:MobiDB-lite	Disordered	region
Q9VL06	682-702	ECO:0000256|SAM:MobiDB-lite	Disordered	region
Q9VL14	1-53	ECO:0000256|SAM:MobiDB-lite	Disordered	region
Q9VL14	40-77	ECO:0000255|PROSITE-ProRule:PRU00978	Basic motif	region
Q9VL14	82-89	ECO:0000255|PROSITE-ProRule:PRU00978	Leucine-zipper	region
Q9VL18	110-146	ECO:0000256|SAM:MobiDB-lite	Disordered	region
Q9VL31	1-20	ECO:0000256|SAM:MobiDB-lite	Disordered	region
Q9VL32	1141-1177	ECO:0000256|SAM:MobiDB-lite	Disordered	region
Q9VL32	1209-1265	ECO:0000256|SAM:MobiDB-lite	Disordered	region
Q9VL32	1766-1844	ECO:0000256|SAM:MobiDB-lite	Disordered	region
Q9VL32	1866-1902	ECO:0000256|SAM:MobiDB-lite	Disordered	region
Q9VL32	388-434	ECO:0000256|SAM:MobiDB-lite	Disordered	region
Q9VL52	292-313	ECO:0000256|SAM:MobiDB-lite	Disordered	region
Q9VL52	339-364	ECO:0000256|SAM:MobiDB-lite	Disordered	region
Q9VL52	415-436	ECO:0000256|SAM:MobiDB-lite	Disordered	region
Q9VL59	252-283	ECO:0000256|SAM:MobiDB-lite	Disordered	region
Q9VL59	478-513	ECO:0000256|SAM:MobiDB-lite	Disordered	region
Q9VL63	1-137	ECO:0000256|SAM:MobiDB-lite	Disordered	region
Q9VL63	193-216	ECO:0000256|SAM:MobiDB-lite	Disordered	region
Q9VL63	249-290	ECO:0000256|SAM:MobiDB-lite	Disordered	region
Q9VL72	1-75	ECO:0000256|SAM:MobiDB-lite	Disordered	region
Q9VL72	121-180	ECO:0000256|SAM:MobiDB-lite	Disordered	region
Q9VL76	124-333	ECO:0000303|PubMed:25023283	RNA polymerase domain (RPD)	region
Q9VL76	24-123	ECO:0000303|PubMed:25023283	Zinc-binding domain (ZBD)	region
Q9VL76	24-333	ECO:0000269|PubMed:25023283, ECO:0000269|PubMed:34950192	N-terminal primase-like domain (NTD)	region
Q9VL96	450-469	ECO:0000256|SAM:MobiDB-lite	Disordered	region
Q9VL96	488-566	ECO:0000256|SAM:MobiDB-lite	Disordered	region
Q9VL96	596-627	ECO:0000256|SAM:MobiDB-lite	Disordered	region
Q9VLA1	1-45	ECO:0000256|SAM:MobiDB-lite	Disordered	region
Q9VLA1	389-409	ECO:0000256|SAM:MobiDB-lite	Disordered	region
Q9VLA2	20-65	ECO:0000256|SAM:MobiDB-lite	Disordered	region
Q9VLA2	475-501	ECO:0000256|SAM:MobiDB-lite	Disordered	region
Q9VLA2	561-606	ECO:0000256|SAM:MobiDB-lite	Disordered	region
Q9VLC0	192-218	ECO:0000256|SAM:MobiDB-lite	Disordered	region
Q9VLD6	103-126	ECO:0000256|SAM:MobiDB-lite	Disordered	region
Q9VLD6	138-226	ECO:0000256|SAM:MobiDB-lite	Disordered	region
Q9VLK2	1-248	ECO:0000256|SAM:MobiDB-lite	Disordered	region
Q9VLK2	579-681	ECO:0000256|SAM:MobiDB-lite	Disordered	region
Q9VLK8	132-178	ECO:0000256|SAM:MobiDB-lite	Disordered	region
Q9VLL3	1-345	ECO:0000256|SAM:MobiDB-lite	Disordered	region
Q9VLL3	119-148	ECO:0000269|PubMed:10480937	F-actin binding	region
Q9VLL3	345-725	ECO:0000269|PubMed:10480936, ECO:0000269|PubMed:10480937	Interaction with PKA-R2	region
Q9VLL3	462-482	ECO:0000256|SAM:MobiDB-lite	Disordered	region
Q9VLL3	531-604	ECO:0000256|SAM:MobiDB-lite	Disordered	region
Q9VLL3	620-641	ECO:0000256|SAM:MobiDB-lite	Disordered	region
Q9VLL3	658-684	ECO:0000256|SAM:MobiDB-lite	Disordered	region
Q9VLM6	1-23	ECO:0000256|SAM:MobiDB-lite	Disordered	region
Q9VLM6	36-60	ECO:0000256|SAM:MobiDB-lite	Disordered	region
Q9VLP4	167-193	ECO:0000256|SAM:MobiDB-lite	Disordered	region
Q9VLP4	389-414	ECO:0000256|SAM:MobiDB-lite	Disordered	region
Q9VLP4	485-512	ECO:0000256|SAM:MobiDB-lite	Disordered	region
Q9VLP7	368-397	ECO:0000256|SAM:MobiDB-lite	Disordered	region
Q9VLP7	37-67	ECO:0000256|SAM:MobiDB-lite	Disordered	region
Q9VLR5	1-50	ECO:0000256|SAM:MobiDB-lite	Disordered	region
Q9VLS1	1-27	ECO:0000256|SAM:MobiDB-lite	Disordered	region
Q9VLS1	6-27	ECO:0000255	Calmodulin-binding	region
Q9VLS1	751-778	ECO:0000255	Calmodulin-binding	region
Q9VLS1	905-936	ECO:0000255	Calmodulin-binding	region
Q9VLT5	1139-1184	ECO:0000256|SAM:MobiDB-lite	Disordered	region
Q9VLT5	144-177	ECO:0000256|SAM:MobiDB-lite	Disordered	region
Q9VLT5	1587-1606	ECO:0000256|SAM:MobiDB-lite	Disordered	region
Q9VLT5	2401-2435	ECO:0000256|SAM:MobiDB-lite	Disordered	region
Q9VLT5	2587-2610	ECO:0000256|SAM:MobiDB-lite	Disordered	region
Q9VLT5	2993-3075	ECO:0000256|SAM:MobiDB-lite	Disordered	region
Q9VLT5	333-358	ECO:0000256|SAM:MobiDB-lite	Disordered	region
Q9VLT5	3484-3508	ECO:0000256|SAM:MobiDB-lite	Disordered	region
Q9VLT5	412-439	ECO:0000256|SAM:MobiDB-lite	Disordered	region
Q9VLT5	4196-4216	ECO:0000256|SAM:MobiDB-lite	Disordered	region
Q9VLT5	4845-5315	ECO:0000255|PROSITE-ProRule:PRU01388	UBR4 E3 catalytic module	region
Q9VLT5	589-610	ECO:0000256|SAM:MobiDB-lite	Disordered	region
Q9VLT5	672-694	ECO:0000256|SAM:MobiDB-lite	Disordered	region
Q9VLT8	152-176	ECO:0000256|SAM:MobiDB-lite	Disordered	region
Q9VLT8	84-123	ECO:0000256|SAM:MobiDB-lite	Disordered	region
Q9VLU5	1-23	ECO:0000256|SAM:MobiDB-lite	Disordered	region
Q9VLU6	65-118	ECO:0000256|SAM:MobiDB-lite	Disordered	region
Q9VLV7	477-518	ECO:0000256|SAM:MobiDB-lite	Disordered	region
Q9VLV7	57-322	ECO:0000256|SAM:MobiDB-lite	Disordered	region
Q9VLW2	1-25	ECO:0000256|SAM:MobiDB-lite	Disordered	region
Q9VLW2	1016-1072	ECO:0000256|SAM:MobiDB-lite	Disordered	region
Q9VLW2	472-494	ECO:0000256|SAM:MobiDB-lite	Disordered	region
Q9VLW2	693-753	ECO:0000256|SAM:MobiDB-lite	Disordered	region
Q9VLW2	905-926	ECO:0000256|SAM:MobiDB-lite	Disordered	region
Q9VM17	115-204	ECO:0000256|SAM:MobiDB-lite	Disordered	region
Q9VM21	1-53	ECO:0000256|SAM:MobiDB-lite	Disordered	region
Q9VM35	18-77	ECO:0000256|SAM:MobiDB-lite	Disordered	region
Q9VM46	1-30	ECO:0000256|SAM:MobiDB-lite	Disordered	region
Q9VM64	29-52	ECO:0000256|SAM:MobiDB-lite	Disordered	region
Q9VM64	432-475	ECO:0000256|SAM:MobiDB-lite	Disordered	region
Q9VM64	668-697	ECO:0000256|SAM:MobiDB-lite	Disordered	region
Q9VM64	734-768	ECO:0000256|SAM:MobiDB-lite	Disordered	region
Q9VM64	781-886	ECO:0000256|SAM:MobiDB-lite	Disordered	region
Q9VM65	201-222	ECO:0000256|SAM:MobiDB-lite	Disordered	region
Q9VM65	238-315	ECO:0000256|SAM:MobiDB-lite	Disordered	region
Q9VM71	409-457	ECO:0000256|SAM:MobiDB-lite	Disordered	region
Q9VM71	821-908	ECO:0000256|SAM:MobiDB-lite	Disordered	region
Q9VM90	15-78	ECO:0000256|SAM:MobiDB-lite	Disordered	region
Q9VM91	1-54	ECO:0000256|SAM:MobiDB-lite	Disordered	region
Q9VM91	68-113	ECO:0000256|SAM:MobiDB-lite	Disordered	region
Q9VM91	746-766	ECO:0000256|SAM:MobiDB-lite	Disordered	region
Q9VM91	791-828	ECO:0000256|SAM:MobiDB-lite	Disordered	region
Q9VM92	104-123	ECO:0000256|SAM:MobiDB-lite	Disordered	region
Q9VM92	709-736	ECO:0000256|SAM:MobiDB-lite	Disordered	region
Q9VM95	290-309	ECO:0000256|SAM:MobiDB-lite	Disordered	region
Q9VM95	71-206	ECO:0000256|SAM:MobiDB-lite	Disordered	region
Q9VMA2	31-52	ECO:0000256|SAM:MobiDB-lite	Disordered	region
Q9VMA3	1-106	ECO:0000256|SAM:MobiDB-lite	Disordered	region
Q9VMA3	1016-1051	ECO:0000256|SAM:MobiDB-lite	Disordered	region
Q9VMA3	270-326	ECO:0000256|SAM:MobiDB-lite	Disordered	region
Q9VMA3	493-528	ECO:0000256|SAM:MobiDB-lite	Disordered	region
Q9VMA3	596-618	ECO:0000256|SAM:MobiDB-lite	Disordered	region
Q9VMA3	654-673	ECO:0000256|SAM:MobiDB-lite	Disordered	region
Q9VMA3	679-728	ECO:0000256|SAM:MobiDB-lite	Disordered	region
Q9VMA3	984-1004	ECO:0000256|SAM:MobiDB-lite	Disordered	region
Q9VMA7	1105-1126	ECO:0000256|SAM:MobiDB-lite	Disordered	region
Q9VMA7	1312-1430	ECO:0000256|SAM:MobiDB-lite	Disordered	region
Q9VMA7	253-272	ECO:0000256|SAM:MobiDB-lite	Disordered	region
Q9VMA7	284-303	ECO:0000256|SAM:MobiDB-lite	Disordered	region
Q9VMA7	318-362	ECO:0000256|SAM:MobiDB-lite	Disordered	region
Q9VMA7	445-524	ECO:0000256|SAM:MobiDB-lite	Disordered	region
Q9VMA7	568-673	ECO:0000256|SAM:MobiDB-lite	Disordered	region
Q9VMD0	1-25	ECO:0000256|SAM:MobiDB-lite	Disordered	region
Q9VMD0	1023-1060	ECO:0000256|SAM:MobiDB-lite	Disordered	region
Q9VMD0	1536-1555	ECO:0000256|SAM:MobiDB-lite	Disordered	region
Q9VMD0	265-336	ECO:0000256|SAM:MobiDB-lite	Disordered	region
Q9VMD0	506-542	ECO:0000256|SAM:MobiDB-lite	Disordered	region
Q9VMD0	600-645	ECO:0000256|SAM:MobiDB-lite	Disordered	region
Q9VMD0	658-713	ECO:0000256|SAM:MobiDB-lite	Disordered	region
Q9VMD0	870-1659	ECO:0000269|PubMed:28320872	Necessary for interaction with His3.3A and His3.3B	region
Q9VMD0	872-894	ECO:0000256|SAM:MobiDB-lite	Disordered	region
Q9VMD0	924-952	ECO:0000256|SAM:MobiDB-lite	Disordered	region
Q9VMD9	1984-2188	ECO:0000256|SAM:MobiDB-lite	Disordered	region
Q9VMH0	35-57	ECO:0000256|SAM:MobiDB-lite	Disordered	region
Q9VMJ7	1-150	ECO:0000256|SAM:MobiDB-lite	Disordered	region
Q9VMJ7	1401-1462	ECO:0000256|SAM:MobiDB-lite	Disordered	region
Q9VMJ7	1548-1751	ECO:0000256|SAM:MobiDB-lite	Disordered	region
Q9VMJ7	1814-1838	ECO:0000256|SAM:MobiDB-lite	Disordered	region
Q9VMJ7	321-380	ECO:0000256|SAM:MobiDB-lite	Disordered	region
Q9VMJ7	416-437	ECO:0000256|SAM:MobiDB-lite	Disordered	region
Q9VMK3	190-256	ECO:0000305|PubMed:18514182	6 X 10 AA approximate tandem repeats of P-[AP]-A-P-A-Y-E-[AP]-P-[AT]	region
Q9VMK3	236-270	ECO:0000256|SAM:MobiDB-lite	Disordered	region
Q9VMK3	309-329	ECO:0000256|SAM:MobiDB-lite	Disordered	region
Q9VML1	103-162	ECO:0000269|PubMed:11977984	Impairs binding to DNA	region
Q9VML1	172-265	ECO:0000269|PubMed:11977984	Repressive Function 2 (RF2), important for transcriptional repression	region
Q9VML1	172-488	ECO:0000269|PubMed:11977984	Impairs binding to DNA	region
Q9VML1	176-253	ECO:0000256|SAM:MobiDB-lite	Disordered	region
Q9VML1	295-450	ECO:0000256|SAM:MobiDB-lite	Disordered	region
Q9VML1	674-685	ECO:0000255|PROSITE-ProRule:PRU01189	AF-2	region
Q9VML1	85-151	ECO:0000256|SAM:MobiDB-lite	Disordered	region
Q9VML9	1-90	ECO:0000256|SAM:MobiDB-lite	Disordered	region
Q9VML9	390-481	ECO:0000256|SAM:MobiDB-lite	Disordered	region
Q9VML9	515-537	ECO:0000256|SAM:MobiDB-lite	Disordered	region
Q9VML9	635-669	ECO:0000256|SAM:MobiDB-lite	Disordered	region
Q9VMQ7	179-247	ECO:0000256|SAM:MobiDB-lite	Disordered	region
Q9VMU5	1-42	ECO:0000256|SAM:MobiDB-lite	Disordered	region
Q9VMU5	143-210	ECO:0000256|SAM:MobiDB-lite	Disordered	region
Q9VMU5	360-379	ECO:0000256|SAM:MobiDB-lite	Disordered	region
Q9VMU5	393-428	ECO:0000256|SAM:MobiDB-lite	Disordered	region
Q9VMU5	441-471	ECO:0000256|SAM:MobiDB-lite	Disordered	region
Q9VMW9	1-44	ECO:0000256|SAM:MobiDB-lite	Disordered	region
Q9VMX6	104-134	ECO:0000256|SAM:MobiDB-lite	Disordered	region
Q9VMX6	26-91	ECO:0000256|SAM:MobiDB-lite	Disordered	region
Q9VN03	724-763	ECO:0000256|SAM:MobiDB-lite	Disordered	region
Q9VN12	298-422	ECO:0000256|SAM:MobiDB-lite	Disordered	region
Q9VN14	25-67	ECO:0000256|SAM:MobiDB-lite	Disordered	region
Q9VN25	588-630	ECO:0000256|SAM:MobiDB-lite	Disordered	region
Q9VN25	829-1140	ECO:0000256|SAM:MobiDB-lite	Disordered	region
Q9VN41	275-297	ECO:0000256|SAM:MobiDB-lite	Disordered	region
Q9VN45	105-130	ECO:0000256|SAM:MobiDB-lite	Disordered	region
Q9VN91	23-46	ECO:0000256|SAM:MobiDB-lite	Disordered	region
Q9VN93	25-50	ECO:0000256|SAM:MobiDB-lite	Disordered	region
Q9VNA8	28-48	ECO:0000256|SAM:MobiDB-lite	Disordered	region
Q9VNA8	311-355	ECO:0000256|SAM:MobiDB-lite	Disordered	region
Q9VNE2	1-26	ECO:0000256|SAM:MobiDB-lite	Disordered	region
Q9VNG1	372-489	ECO:0000256|SAM:MobiDB-lite	Disordered	region
Q9VNG1	532-562	ECO:0000256|SAM:MobiDB-lite	Disordered	region
Q9VNH1	1-21	ECO:0000256|SAM:MobiDB-lite	Disordered	region
Q9VNH1	34-68	ECO:0000256|SAM:MobiDB-lite	Disordered	region
Q9VNH6	434-480	ECO:0000256|SAM:MobiDB-lite	Disordered	region
Q9VNI3	18-93	ECO:0000256|SAM:MobiDB-lite	Disordered	region
Q9VNJ5	99-135	ECO:0000256|SAM:MobiDB-lite	Disordered	region
Q9VNL4	217-239	ECO:0000256|SAM:MobiDB-lite	Disordered	region
Q9VNL4	30-88	ECO:0000256|SAM:MobiDB-lite	Disordered	region
Q9VNP5	756-787	ECO:0000256|SAM:MobiDB-lite	Disordered	region
Q9VNS0	43-78	ECO:0000256|SAM:MobiDB-lite	Disordered	region
Q9VNX1	599-653	ECO:0000256|SAM:MobiDB-lite	Disordered	region
Q9VNX1	658-677	ECO:0000256|SAM:MobiDB-lite	Disordered	region
Q9VNX1	722-783	ECO:0000256|SAM:MobiDB-lite	Disordered	region
Q9VNX1	846-870	ECO:0000256|SAM:MobiDB-lite	Disordered	region
Q9VNX8	441-593	ECO:0000256|SAM:MobiDB-lite	Disordered	region
Q9VP05	1-26	ECO:0000256|SAM:MobiDB-lite	Disordered	region
Q9VP05	1135-1166	ECO:0000256|SAM:MobiDB-lite	Disordered	region
Q9VP05	1184-1245	ECO:0000256|SAM:MobiDB-lite	Disordered	region
Q9VP05	1263-1354	ECO:0000256|SAM:MobiDB-lite	Disordered	region
Q9VP05	1387-1475	ECO:0000256|SAM:MobiDB-lite	Disordered	region
Q9VP05	616-644	ECO:0000256|SAM:MobiDB-lite	Disordered	region
Q9VP05	709-992	ECO:0000256|SAM:MobiDB-lite	Disordered	region
Q9VP22	15-540	ECO:0000256|SAM:MobiDB-lite	Disordered	region
Q9VP22	574-661	ECO:0000256|SAM:MobiDB-lite	Disordered	region
Q9VP22	675-782	ECO:0000256|SAM:MobiDB-lite	Disordered	region
Q9VP47	1-67	ECO:0000256|SAM:MobiDB-lite	Disordered	region
Q9VP47	316-357	ECO:0000256|SAM:MobiDB-lite	Disordered	region
Q9VP47	392-448	ECO:0000256|SAM:MobiDB-lite	Disordered	region
Q9VP48	1-115	ECO:0000256|SAM:MobiDB-lite	Disordered	region
Q9VP76	102-137	ECO:0000256|SAM:MobiDB-lite	Disordered	region
Q9VP76	153-201	ECO:0000256|SAM:MobiDB-lite	Disordered	region
Q9VP76	1628-1693	ECO:0000256|SAM:MobiDB-lite	Disordered	region
Q9VP76	41-84	ECO:0000256|SAM:MobiDB-lite	Disordered	region
Q9VPB1	61-111	ECO:0000256|SAM:MobiDB-lite	Disordered	region
Q9VPC0	1-196	ECO:0000256|SAM:MobiDB-lite	Disordered	region
Q9VPC0	216-247	ECO:0000256|SAM:MobiDB-lite	Disordered	region
Q9VPC0	302-538	ECO:0000256|SAM:MobiDB-lite	Disordered	region
Q9VPC0	870-906	ECO:0000256|SAM:MobiDB-lite	Disordered	region
Q9VPD3	1-65	ECO:0000256|SAM:MobiDB-lite	Disordered	region
Q9VPD3	465-498	ECO:0000256|SAM:MobiDB-lite	Disordered	region
Q9VPE4	1-26	ECO:0000256|SAM:MobiDB-lite	Disordered	region
Q9VPF0	1036-1055	ECO:0000256|SAM:MobiDB-lite	Disordered	region
Q9VPF0	1253-1331	ECO:0000256|SAM:MobiDB-lite	Disordered	region
Q9VPF0	1377-1416	ECO:0000256|SAM:MobiDB-lite	Disordered	region
Q9VPF0	1429-1449	ECO:0000256|SAM:MobiDB-lite	Disordered	region
Q9VPH0	1-28	ECO:0000256|SAM:MobiDB-lite	Disordered	region
Q9VPH0	70-106	ECO:0000256|SAM:MobiDB-lite	Disordered	region
Q9VPH2	466-492	ECO:0000256|SAM:MobiDB-lite	Disordered	region
Q9VPH8	451-489	ECO:0000256|SAM:MobiDB-lite	Disordered	region
Q9VPI2	722-745	ECO:0000256|SAM:MobiDB-lite	Disordered	region
Q9VPK7	267-280	ECO:0000255	RNA binding forefinger loop	region
Q9VPK7	406-421	ECO:0000255	RNA binding thumb loop	region
Q9VPM5	1-345	ECO:0000256|SAM:MobiDB-lite	Disordered	region
Q9VPM5	421-513	ECO:0000256|SAM:MobiDB-lite	Disordered	region
Q9VPN2	451-482	ECO:0000256|SAM:MobiDB-lite	Disordered	region
Q9VPQ6	1-153	ECO:0000256|SAM:MobiDB-lite	Disordered	region
Q9VPQ6	1011-1073	ECO:0000256|SAM:MobiDB-lite	Disordered	region
Q9VPQ6	169-194	ECO:0000256|SAM:MobiDB-lite	Disordered	region
Q9VPQ6	239-274	ECO:0000256|SAM:MobiDB-lite	Disordered	region
Q9VPQ6	304-338	ECO:0000256|SAM:MobiDB-lite	Disordered	region
Q9VPQ6	361-413	ECO:0000256|SAM:MobiDB-lite	Disordered	region
Q9VPQ6	504-540	ECO:0000256|SAM:MobiDB-lite	Disordered	region
Q9VPQ6	601-635	ECO:0000256|SAM:MobiDB-lite	Disordered	region
Q9VPR4	1-22	ECO:0000256|SAM:MobiDB-lite	Disordered	region
Q9VPR4	19-101	ECO:0000250|UniProtKB:P25382	Ubiquitin-like (UBL) domain	region
Q9VPT4	1-38	ECO:0000256|SAM:MobiDB-lite	Disordered	region
Q9VPT4	123-204	ECO:0000269|PubMed:20008933	Sufficient for interaction with Taf9	region
Q9VPT8	222-254	ECO:0000256|SAM:MobiDB-lite	Disordered	region
Q9VPU8	232-260	ECO:0000256|SAM:MobiDB-lite	Disordered	region
Q9VPU8	273-345	ECO:0000256|SAM:MobiDB-lite	Disordered	region
Q9VPW1	368-427	ECO:0000256|SAM:MobiDB-lite	Disordered	region
Q9VPW8	1-40	ECO:0000256|SAM:MobiDB-lite	Disordered	region
Q9VPY0	190-211	ECO:0000256|SAM:MobiDB-lite	Disordered	region
Q9VPY0	304-331	ECO:0000256|SAM:MobiDB-lite	Disordered	region
Q9VPY8	254-260	ECO:0000255|HAMAP-Rule:MF_03218	RNA binding	region
Q9VPY8	278-282	ECO:0000255|HAMAP-Rule:MF_03218	RNA binding; important for wobble base 34 recognition	region
Q9VPY8	395-427	ECO:0000256|SAM:MobiDB-lite	Disordered	region
Q9VQ26	530-574	ECO:0000256|SAM:MobiDB-lite	Disordered	region
Q9VQ30	122-155	ECO:0000256|SAM:MobiDB-lite	Disordered	region
Q9VQ30	291-310	ECO:0000256|SAM:MobiDB-lite	Disordered	region
Q9VQ30	330-437	ECO:0000256|SAM:MobiDB-lite	Disordered	region
Q9VQ30	450-470	ECO:0000256|SAM:MobiDB-lite	Disordered	region
Q9VQ36	709-776	ECO:0000256|SAM:MobiDB-lite	Disordered	region
Q9VQ36	816-883	ECO:0000256|SAM:MobiDB-lite	Disordered	region
Q9VQ36	903-951	ECO:0000256|SAM:MobiDB-lite	Disordered	region
Q9VQ56	1-104	ECO:0000256|SAM:MobiDB-lite	Disordered	region
Q9VQ56	246-314	ECO:0000256|SAM:MobiDB-lite	Disordered	region
Q9VQ56	505-602	ECO:0000256|SAM:MobiDB-lite	Disordered	region
Q9VQ57	218-245	ECO:0000256|SAM:MobiDB-lite	Disordered	region
Q9VQ79	257-564		FAD-dependent oxidoreductase	region
Q9VQ79	644-681	ECO:0000256|SAM:MobiDB-lite	Disordered	region
Q9VQ89	350-378	ECO:0000256|SAM:MobiDB-lite	Disordered	region
Q9VQ91	209-253	ECO:0000256|SAM:MobiDB-lite	Disordered	region
Q9VQ91	40-60	ECO:0000256|SAM:MobiDB-lite	Disordered	region
Q9VQ91	556-576	ECO:0000256|SAM:MobiDB-lite	Disordered	region
Q9VQ93	1-52	ECO:0000256|SAM:MobiDB-lite	Disordered	region
Q9VQ93	186-197	ECO:0000250	Beta-hairpin required for oligomerization	region
Q9VQB6	1-36	ECO:0000256|SAM:MobiDB-lite	Disordered	region
Q9VQB6	173-283	ECO:0000256|SAM:MobiDB-lite	Disordered	region
Q9VQB6	346-380	ECO:0000256|SAM:MobiDB-lite	Disordered	region
Q9VQB6	403-425	ECO:0000256|SAM:MobiDB-lite	Disordered	region
Q9VQB6	450-473	ECO:0000256|SAM:MobiDB-lite	Disordered	region
Q9VQB6	755-776	ECO:0000256|SAM:MobiDB-lite	Disordered	region
Q9VQB6	826-860	ECO:0000256|SAM:MobiDB-lite	Disordered	region
Q9VQB6	883-907	ECO:0000256|SAM:MobiDB-lite	Disordered	region
Q9VQB6	920-971	ECO:0000256|SAM:MobiDB-lite	Disordered	region
Q9VQD6	210-245	ECO:0000256|SAM:MobiDB-lite	Disordered	region
Q9VQF7	29-152	ECO:0000256|SAM:MobiDB-lite	Disordered	region
Q9VQH2	1-29	ECO:0000256|SAM:MobiDB-lite	Disordered	region
Q9VQH2	63-628	ECO:0000250	Peroxidase-like; mediates peroxidase activity	region
Q9VQI9	1-24	ECO:0000256|SAM:MobiDB-lite	Disordered	region
Q9VQI9	1114-1133	ECO:0000256|SAM:MobiDB-lite	Disordered	region
Q9VQI9	1141-1160	ECO:0000256|SAM:MobiDB-lite	Disordered	region
Q9VQI9	1187-1315	ECO:0000256|SAM:MobiDB-lite	Disordered	region
Q9VQI9	125-302	ECO:0000256|SAM:MobiDB-lite	Disordered	region
Q9VQI9	1564-1588	ECO:0000256|SAM:MobiDB-lite	Disordered	region
Q9VQI9	407-534	ECO:0000256|SAM:MobiDB-lite	Disordered	region
Q9VQI9	54-80	ECO:0000256|SAM:MobiDB-lite	Disordered	region
Q9VQI9	575-604	ECO:0000256|SAM:MobiDB-lite	Disordered	region
Q9VQI9	722-1086	ECO:0000256|SAM:MobiDB-lite	Disordered	region
Q9VQK0	619-648	ECO:0000256|SAM:MobiDB-lite	Disordered	region
Q9VQK0	792-818	ECO:0000256|SAM:MobiDB-lite	Disordered	region
Q9VQK0	858-879	ECO:0000256|SAM:MobiDB-lite	Disordered	region
Q9VQK0	903-947	ECO:0000256|SAM:MobiDB-lite	Disordered	region
Q9VQK0	959-986	ECO:0000256|SAM:MobiDB-lite	Disordered	region
Q9VQM4	387-390	ECO:0000250|UniProtKB:Q9NUW8	Interaction with DNA	region
Q9VQM4	65-117	ECO:0000256|SAM:MobiDB-lite	Disordered	region
Q9VQN8	114-154	ECO:0000256|SAM:MobiDB-lite	Disordered	region
Q9VQQ0	343-398	ECO:0000256|SAM:MobiDB-lite	Disordered	region
Q9VQQ9	398-417	ECO:0000256|SAM:MobiDB-lite	Disordered	region
Q9VQS7	183-204	ECO:0000256|SAM:MobiDB-lite	Disordered	region
Q9VQS7	224-262	ECO:0000256|SAM:MobiDB-lite	Disordered	region
Q9VQS7	547-578	ECO:0000256|SAM:MobiDB-lite	Disordered	region
Q9VQS7	55-92	ECO:0000256|SAM:MobiDB-lite	Disordered	region
Q9VQU9	1-24	ECO:0000256|SAM:MobiDB-lite	Disordered	region
Q9VQU9	38-77	ECO:0000256|SAM:MobiDB-lite	Disordered	region
Q9VQU9	391-593	ECO:0000256|SAM:MobiDB-lite	Disordered	region
Q9VQU9	608-648	ECO:0000256|SAM:MobiDB-lite	Disordered	region
Q9VQU9	686-744	ECO:0000256|SAM:MobiDB-lite	Disordered	region
Q9VQY9	179-203	ECO:0000256|SAM:MobiDB-lite	Disordered	region
Q9VR07	103-122	ECO:0000256|SAM:MobiDB-lite	Disordered	region
Q9VR17	155-242	ECO:0000256|SAM:MobiDB-lite	Disordered	region
Q9VR20	375-404	ECO:0000256|SAM:MobiDB-lite	Disordered	region
Q9VR35	311-335	ECO:0000256|SAM:MobiDB-lite	Disordered	region
Q9VR35	515-570	ECO:0000256|SAM:MobiDB-lite	Disordered	region
Q9VR38	1-50	ECO:0000256|SAM:MobiDB-lite	Disordered	region
Q9VR56	16-87	ECO:0000256|SAM:MobiDB-lite	Disordered	region
Q9VR56	275-319	ECO:0000256|SAM:MobiDB-lite	Disordered	region
Q9VR59	1-31	ECO:0000256|SAM:MobiDB-lite	Disordered	region
Q9VR59	1069-1091	ECO:0000256|SAM:MobiDB-lite	Disordered	region
Q9VR59	1233-1260	ECO:0000256|SAM:MobiDB-lite	Disordered	region
Q9VR59	1567-1600	ECO:0000256|SAM:MobiDB-lite	Disordered	region
Q9VR59	1676-1696	ECO:0000256|SAM:MobiDB-lite	Disordered	region
Q9VR59	394-465	ECO:0000250|UniProtKB:Q6PFW1	Polyphosphoinositide-binding domain	region
Q9VR59	43-62	ECO:0000256|SAM:MobiDB-lite	Disordered	region
Q9VR59	503-523	ECO:0000256|SAM:MobiDB-lite	Disordered	region
Q9VR59	942-1001	ECO:0000256|SAM:MobiDB-lite	Disordered	region
Q9VR89	1-61	ECO:0000256|SAM:MobiDB-lite	Disordered	region
Q9VR91	1-67	ECO:0000256|SAM:MobiDB-lite	Disordered	region
Q9VR91	1102-1129	ECO:0000256|SAM:MobiDB-lite	Disordered	region
Q9VR91	1428-1475	ECO:0000256|SAM:MobiDB-lite	Disordered	region
Q9VR91	1659-1681	ECO:0000256|SAM:MobiDB-lite	Disordered	region
Q9VR91	1994-2018	ECO:0000256|SAM:MobiDB-lite	Disordered	region
Q9VR91	2381-2412	ECO:0000256|SAM:MobiDB-lite	Disordered	region
Q9VR91	2572-2620	ECO:0000256|SAM:MobiDB-lite	Disordered	region
Q9VR91	3352-3374	ECO:0000256|SAM:MobiDB-lite	Disordered	region
Q9VR91	3953-4000	ECO:0000256|SAM:MobiDB-lite	Disordered	region
Q9VR91	4891-4912	ECO:0000256|SAM:MobiDB-lite	Disordered	region
Q9VR99	1-156	ECO:0000256|SAM:MobiDB-lite	Disordered	region
Q9VR99	449-492	ECO:0000256|SAM:MobiDB-lite	Disordered	region
Q9VR99	512-541	ECO:0000256|SAM:MobiDB-lite	Disordered	region
Q9VRJ0	1-90		N-domain	region
Q9VRJ0	131-227		I-domain	region
Q9VRJ0	478-521	ECO:0000256|SAM:MobiDB-lite	Disordered	region
Q9VRJ0	704-726	ECO:0000256|SAM:MobiDB-lite	Disordered	region
Q9VRJ0	96-116	ECO:0000256|SAM:MobiDB-lite	Disordered	region
Q9VRJ2	1-47	ECO:0000256|SAM:MobiDB-lite	Disordered	region
Q9VRJ2	344-381	ECO:0000256|SAM:MobiDB-lite	Disordered	region
Q9VRJ2	400-423	ECO:0000256|SAM:MobiDB-lite	Disordered	region
Q9VRJ8	1-29	ECO:0000256|SAM:MobiDB-lite	Disordered	region
Q9VRJ9	155-161	ECO:0000250|UniProtKB:Q5VVQ6	Cys-loop	region
Q9VRJ9	213-223	ECO:0000250|UniProtKB:Q5VVQ6	Variable-loop	region
Q9VRJ9	263-267	ECO:0000250|UniProtKB:Q5VVQ6	His-loop	region
Q9VRJ9	290-295	ECO:0000250|UniProtKB:Q5VVQ6	S2 site	region
Q9VRJ9	8-89	ECO:0000250|UniProtKB:Q5VVQ6	UBX-like	region
Q9VRM7	440-460	ECO:0000256|SAM:MobiDB-lite	Disordered	region
Q9VRN3	1-34	ECO:0000256|SAM:MobiDB-lite	Disordered	region
Q9VRN3	120-225	ECO:0000256|SAM:MobiDB-lite	Disordered	region
Q9VRN5	1-31	ECO:0000256|SAM:MobiDB-lite	Disordered	region
Q9VRN5	164-195	ECO:0000256|SAM:MobiDB-lite	Disordered	region
Q9VRP5	1000-1038	ECO:0000256|SAM:MobiDB-lite	Disordered	region
Q9VRP5	107-148	ECO:0000256|SAM:MobiDB-lite	Disordered	region
Q9VRP5	22-44	ECO:0000256|SAM:MobiDB-lite	Disordered	region
Q9VRP5	487-794	ECO:0000256|SAM:MobiDB-lite	Disordered	region
Q9VRP5	818-881	ECO:0000256|SAM:MobiDB-lite	Disordered	region
Q9VRP5	912-985	ECO:0000256|SAM:MobiDB-lite	Disordered	region
Q9VRP9	182-214	ECO:0000256|SAM:MobiDB-lite	Disordered	region
Q9VRP9	312-335	ECO:0000256|SAM:MobiDB-lite	Disordered	region
Q9VRP9	546-586	ECO:0000256|SAM:MobiDB-lite	Disordered	region
Q9VRP9	615-664	ECO:0000256|SAM:MobiDB-lite	Disordered	region
Q9VRR2	1-193	ECO:0000269|PubMed:37138087	Important for promoting lysosomal	region
Q9VRR2	152-159	ECO:0000250|UniProtKB:Q9UBH6	Important for inositol polyphosphate binding	region
Q9VRV7	12-25	ECO:0000250	Interaction with pre-mRNA branch site	region
Q9VRX2	67-89	ECO:0000256|SAM:MobiDB-lite	Disordered	region
Q9VRX3	420-462	ECO:0000256|SAM:MobiDB-lite	Disordered	region
Q9VS05	131-160	ECO:0000256|SAM:MobiDB-lite	Disordered	region
Q9VS05	203-232	ECO:0000256|SAM:MobiDB-lite	Disordered	region
Q9VS05	22-50	ECO:0000256|SAM:MobiDB-lite	Disordered	region
Q9VS05	249-312	ECO:0000256|SAM:MobiDB-lite	Disordered	region
Q9VS05	583-651	ECO:0000256|SAM:MobiDB-lite	Disordered	region
Q9VS24	404-461	ECO:0000256|SAM:MobiDB-lite	Disordered	region
Q9VS24	486-521	ECO:0000256|SAM:MobiDB-lite	Disordered	region
Q9VS24	536-565	ECO:0000256|SAM:MobiDB-lite	Disordered	region
Q9VS24	973-994	ECO:0000256|SAM:MobiDB-lite	Disordered	region
Q9VS29	1739-1766	ECO:0000256|SAM:MobiDB-lite	Disordered	region
Q9VS29	1778-1917	ECO:0000256|SAM:MobiDB-lite	Disordered	region
Q9VS29	1936-1974	ECO:0000256|SAM:MobiDB-lite	Disordered	region
Q9VS29	2011-2074	ECO:0000256|SAM:MobiDB-lite	Disordered	region
Q9VS36	132-187	ECO:0000256|SAM:MobiDB-lite	Disordered	region
Q9VS38	164-208	ECO:0000256|SAM:MobiDB-lite	Disordered	region
Q9VS38	234-258	ECO:0000256|SAM:MobiDB-lite	Disordered	region
Q9VS48	382-442	ECO:0000256|SAM:MobiDB-lite	Disordered	region
Q9VS48	48-108	ECO:0000256|SAM:MobiDB-lite	Disordered	region
Q9VS48	613-634	ECO:0000256|SAM:MobiDB-lite	Disordered	region
Q9VS48	666-689	ECO:0000256|SAM:MobiDB-lite	Disordered	region
Q9VS50	1-45	ECO:0000256|SAM:MobiDB-lite	Disordered	region
Q9VS50	290-405	ECO:0000256|SAM:MobiDB-lite	Disordered	region
Q9VS50	419-452	ECO:0000256|SAM:MobiDB-lite	Disordered	region
Q9VS50	61-277	ECO:0000256|SAM:MobiDB-lite	Disordered	region
Q9VS59	1-133	ECO:0000256|SAM:MobiDB-lite	Disordered	region
Q9VS60	1-21	ECO:0000256|SAM:MobiDB-lite	Disordered	region
Q9VS60	530-572	ECO:0000256|SAM:MobiDB-lite	Disordered	region
Q9VSA4	465-535	ECO:0000256|SAM:MobiDB-lite	Disordered	region
Q9VSA4	695-753	ECO:0000256|SAM:MobiDB-lite	Disordered	region
Q9VSA4	806-827	ECO:0000256|SAM:MobiDB-lite	Disordered	region
Q9VSA4	841-880	ECO:0000256|SAM:MobiDB-lite	Disordered	region
Q9VSD7	124-154	ECO:0000250|UniProtKB:C4M1P9	Lariat recognition loop	region
Q9VSD7	242-275	ECO:0000256|SAM:MobiDB-lite	Disordered	region
Q9VSD7	501-534	ECO:0000256|SAM:MobiDB-lite	Disordered	region
Q9VSE2	1-28	ECO:0000256|SAM:MobiDB-lite	Disordered	region
Q9VSE2	61-112	ECO:0000256|SAM:MobiDB-lite	Disordered	region
Q9VSF3	24-54	ECO:0000250	Interaction with Uba3	region
Q9VSF3	4-7	ECO:0000250	Interaction with Uba3	region
Q9VSH4	184-440	ECO:0000256|SAM:MobiDB-lite	Disordered	region
Q9VSH4	20-85	ECO:0000256|SAM:MobiDB-lite	Disordered	region
Q9VSH4	518-652	ECO:0000256|SAM:MobiDB-lite	Disordered	region
Q9VSJ8	236-259	ECO:0000256|SAM:MobiDB-lite	Disordered	region
Q9VSK8	515-597	ECO:0000256|SAM:MobiDB-lite	Disordered	region
Q9VSK9	1-45	ECO:0000256|SAM:MobiDB-lite	Disordered	region
Q9VSK9	178-213	ECO:0000256|SAM:MobiDB-lite	Disordered	region
Q9VSK9	491-523	ECO:0000256|SAM:MobiDB-lite	Disordered	region
Q9VSK9	684-734	ECO:0000256|SAM:MobiDB-lite	Disordered	region
Q9VSL7	40-101	ECO:0000256|SAM:MobiDB-lite	Disordered	region
Q9VSR3	1-64	ECO:0000256|SAM:MobiDB-lite	Disordered	region
Q9VSR3	163-240	ECO:0000305|PubMed:28700922	Gln	region
Q9VSR3	166-266	ECO:0000256|SAM:MobiDB-lite	Disordered	region
Q9VSR3	417-438	ECO:0000256|SAM:MobiDB-lite	Disordered	region
Q9VSR3	82-106	ECO:0000256|SAM:MobiDB-lite	Disordered	region
Q9VSR3	Q9VSR3-2:1-87	ECO:0000269|PubMed:28700922, ECO:0000269|PubMed:28763009	Gln	region
Q9VSS2	1-21	ECO:0000256|SAM:MobiDB-lite	Disordered	region
Q9VSS7	86-110	ECO:0000256|SAM:MobiDB-lite	Disordered	region
Q9VSU7	117-147	ECO:0000256|SAM:MobiDB-lite	Disordered	region
Q9VSU7	72-92	ECO:0000256|SAM:MobiDB-lite	Disordered	region
Q9VSY4	196-295	ECO:0000256|SAM:MobiDB-lite	Disordered	region
Q9VSY4	314-362	ECO:0000256|SAM:MobiDB-lite	Disordered	region
Q9VSY4	418-443	ECO:0000256|SAM:MobiDB-lite	Disordered	region
Q9VT00	1-104	ECO:0000256|SAM:MobiDB-lite	Disordered	region
Q9VT00	1110-1134	ECO:0000256|SAM:MobiDB-lite	Disordered	region
Q9VT00	1228-1570	ECO:0000256|SAM:MobiDB-lite	Disordered	region
Q9VT00	133-451	ECO:0000256|SAM:MobiDB-lite	Disordered	region
Q9VT00	1925-1951	ECO:0000256|SAM:MobiDB-lite	Disordered	region
Q9VT00	475-627	ECO:0000256|SAM:MobiDB-lite	Disordered	region
Q9VT00	643-793	ECO:0000256|SAM:MobiDB-lite	Disordered	region
Q9VT00	947-1067	ECO:0000256|SAM:MobiDB-lite	Disordered	region
Q9VT28	1-49	ECO:0000256|SAM:MobiDB-lite	Disordered	region
Q9VT28	104-165	ECO:0000256|SAM:MobiDB-lite	Disordered	region
Q9VT28	1133-1155	ECO:0000256|SAM:MobiDB-lite	Disordered	region
Q9VT28	1263-1282	ECO:0000256|SAM:MobiDB-lite	Disordered	region
Q9VT28	2125-2185	ECO:0000256|SAM:MobiDB-lite	Disordered	region
Q9VT28	2337-2375	ECO:0000256|SAM:MobiDB-lite	Disordered	region
Q9VT28	2829-2859	ECO:0000256|SAM:MobiDB-lite	Disordered	region
Q9VT28	2901-2936	ECO:0000256|SAM:MobiDB-lite	Disordered	region
Q9VT28	2982-3079	ECO:0000256|SAM:MobiDB-lite	Disordered	region
Q9VT28	3460-3479	ECO:0000256|SAM:MobiDB-lite	Disordered	region
Q9VT41	980-1001	ECO:0000256|SAM:MobiDB-lite	Disordered	region
Q9VT50	72-92	ECO:0000256|SAM:MobiDB-lite	Disordered	region
Q9VT53	72-107	ECO:0000256|SAM:MobiDB-lite	Disordered	region
Q9VT57	342-454	ECO:0000256|SAM:MobiDB-lite	Disordered	region
Q9VT65	559-728		Domain III	region
Q9VT65	723-753	ECO:0000256|SAM:MobiDB-lite	Disordered	region
Q9VT65	729-748		Linker	region
Q9VT65	749-925		Domain IV	region
Q9VT70	186-205	ECO:0000256|SAM:MobiDB-lite	Disordered	region
Q9VTE0	1-37	ECO:0000256|SAM:MobiDB-lite	Disordered	region
Q9VTE2	1-278	ECO:0000269|PubMed:30277458	SNF2-like	region
Q9VTE2	351-419	ECO:0000256|SAM:MobiDB-lite	Disordered	region
Q9VTE2	454-474	ECO:0000256|SAM:MobiDB-lite	Disordered	region
Q9VTE2	502-591	ECO:0000256|SAM:MobiDB-lite	Disordered	region
Q9VTE2	660-711	ECO:0000256|SAM:MobiDB-lite	Disordered	region
Q9VTE2	777-802	ECO:0000256|SAM:MobiDB-lite	Disordered	region
Q9VTE2	825-900	ECO:0000256|SAM:MobiDB-lite	Disordered	region
Q9VTE2	913-962	ECO:0000256|SAM:MobiDB-lite	Disordered	region
Q9VTE6	1-20	ECO:0000256|SAM:MobiDB-lite	Disordered	region
Q9VTE6	1116-1174	ECO:0000256|SAM:MobiDB-lite	Disordered	region
Q9VTE6	29-237	ECO:0000256|SAM:MobiDB-lite	Disordered	region
Q9VTE6	715-742	ECO:0000256|SAM:MobiDB-lite	Disordered	region
Q9VTE6	893-922	ECO:0000256|SAM:MobiDB-lite	Disordered	region
Q9VTE6	944-1085	ECO:0000256|SAM:MobiDB-lite	Disordered	region
Q9VTF9	284-316	ECO:0000256|SAM:MobiDB-lite	Disordered	region
Q9VTG7	94-122	ECO:0000256|SAM:MobiDB-lite	Disordered	region
Q9VTH4	39-96	ECO:0000256|SAM:MobiDB-lite	Disordered	region
Q9VTI8	73-103	ECO:0000256|SAM:MobiDB-lite	Disordered	region
Q9VTK2	1-37	ECO:0000256|SAM:MobiDB-lite	Disordered	region
Q9VTK2	88-161	ECO:0000256|SAM:MobiDB-lite	Disordered	region
Q9VTM0	1-38	ECO:0000256|SAM:MobiDB-lite	Disordered	region
Q9VTT0	1018-1056	ECO:0000256|SAM:MobiDB-lite	Disordered	region
Q9VTT9	38-62	ECO:0000256|SAM:MobiDB-lite	Disordered	region
Q9VTT9	468-492	ECO:0000256|SAM:MobiDB-lite	Disordered	region
Q9VTU0	130-196	ECO:0000256|SAM:MobiDB-lite	Disordered	region
Q9VTU0	312-342	ECO:0000256|SAM:MobiDB-lite	Disordered	region
Q9VTU0	424-453	ECO:0000256|SAM:MobiDB-lite	Disordered	region
Q9VTU0	47-67	ECO:0000256|SAM:MobiDB-lite	Disordered	region
Q9VTU0	589-855	ECO:0000256|SAM:MobiDB-lite	Disordered	region
Q9VTU0	82-117	ECO:0000256|SAM:MobiDB-lite	Disordered	region
Q9VTU1	1-22	ECO:0000256|SAM:MobiDB-lite	Disordered	region
Q9VTU3	1-35	ECO:0000256|SAM:MobiDB-lite	Disordered	region
Q9VTU3	241-266	ECO:0000256|SAM:MobiDB-lite	Disordered	region
Q9VTV1	328-350	ECO:0000256|SAM:MobiDB-lite	Disordered	region
Q9VTW2	1-57	ECO:0000256|SAM:MobiDB-lite	Disordered	region
Q9VTW2	106-134	ECO:0000256|SAM:MobiDB-lite	Disordered	region
Q9VTW2	201-224	ECO:0000256|SAM:MobiDB-lite	Disordered	region
Q9VTX8	251-270	ECO:0000256|SAM:MobiDB-lite	Disordered	region
Q9VTY4	128-159	ECO:0000256|SAM:MobiDB-lite	Disordered	region
Q9VTY6	1-28	ECO:0000256|SAM:MobiDB-lite	Disordered	region
Q9VTZ5	325-361	ECO:0000256|SAM:MobiDB-lite	Disordered	region
Q9VU02	100-118		9 X 2 AA approximate tandem repeats of R-G	region
Q9VU02	81-124	ECO:0000256|SAM:MobiDB-lite	Disordered	region
Q9VU08	3749-3768	ECO:0000256|SAM:MobiDB-lite	Disordered	region
Q9VU08	706-736	ECO:0000256|SAM:MobiDB-lite	Disordered	region
Q9VU65	321-341	ECO:0000256|SAM:MobiDB-lite	Disordered	region
Q9VU65	363-391	ECO:0000256|SAM:MobiDB-lite	Disordered	region
Q9VU84	191-220	ECO:0000256|SAM:MobiDB-lite	Disordered	region
Q9VU84	285-307	ECO:0000256|SAM:MobiDB-lite	Disordered	region
Q9VU84	319-340	ECO:0000256|SAM:MobiDB-lite	Disordered	region
Q9VU84	386-448	ECO:0000256|SAM:MobiDB-lite	Disordered	region
Q9VU86	1042-1075	ECO:0000256|SAM:MobiDB-lite	Disordered	region
Q9VU86	107-154	ECO:0000256|SAM:MobiDB-lite	Disordered	region
Q9VU86	1090-1137	ECO:0000256|SAM:MobiDB-lite	Disordered	region
Q9VU86	1329-1358	ECO:0000256|SAM:MobiDB-lite	Disordered	region
Q9VU86	1372-1408	ECO:0000256|SAM:MobiDB-lite	Disordered	region
Q9VU86	1449-1482	ECO:0000256|SAM:MobiDB-lite	Disordered	region
Q9VU86	1526-1549	ECO:0000256|SAM:MobiDB-lite	Disordered	region
Q9VU86	1569-1634	ECO:0000256|SAM:MobiDB-lite	Disordered	region
Q9VU86	168-294	ECO:0000256|SAM:MobiDB-lite	Disordered	region
Q9VU86	1796-1817	ECO:0000256|SAM:MobiDB-lite	Disordered	region
Q9VU86	1852-1873	ECO:0000256|SAM:MobiDB-lite	Disordered	region
Q9VU86	374-420	ECO:0000256|SAM:MobiDB-lite	Disordered	region
Q9VU86	614-635	ECO:0000256|SAM:MobiDB-lite	Disordered	region
Q9VUA0	104-127	ECO:0000256|SAM:MobiDB-lite	Disordered	region
Q9VUA0	165-233	ECO:0000256|SAM:MobiDB-lite	Disordered	region
Q9VUA0	320-345	ECO:0000256|SAM:MobiDB-lite	Disordered	region
Q9VUA0	370-432	ECO:0000256|SAM:MobiDB-lite	Disordered	region
Q9VUA0	660-711	ECO:0000256|SAM:MobiDB-lite	Disordered	region
Q9VUA0	822-952	ECO:0000256|SAM:MobiDB-lite	Disordered	region
Q9VUB4	474-501	ECO:0000256|SAM:MobiDB-lite	Disordered	region
Q9VUC6	1-44	ECO:0000256|SAM:MobiDB-lite	Disordered	region
Q9VUC6	572-681	ECO:0000256|SAM:MobiDB-lite	Disordered	region
Q9VUC6	63-82	ECO:0000256|SAM:MobiDB-lite	Disordered	region
Q9VUI3	1-143	ECO:0000256|SAM:MobiDB-lite	Disordered	region
Q9VUJ0	311-333	ECO:0000256|SAM:MobiDB-lite	Disordered	region
Q9VUK8	41-73	ECO:0000256|SAM:MobiDB-lite	Disordered	region
Q9VUL1	599-627	ECO:0000256|SAM:MobiDB-lite	Disordered	region
Q9VUL9	44-71	ECO:0000256|SAM:MobiDB-lite	Disordered	region
Q9VUM0	1-174	ECO:0000256|SAM:MobiDB-lite	Disordered	region
Q9VUM0	230-249	ECO:0000256|SAM:MobiDB-lite	Disordered	region
Q9VUM0	824-843	ECO:0000256|SAM:MobiDB-lite	Disordered	region
Q9VUN0	1473-1514	ECO:0000256|SAM:MobiDB-lite	Disordered	region
Q9VUN0	242-273	ECO:0000256|SAM:MobiDB-lite	Disordered	region
Q9VUN3	37-45	ECO:0000255|PROSITE-ProRule:PRU00752	Switch-I	region
Q9VUN3	68-84	ECO:0000255|PROSITE-ProRule:PRU00752	Switch-II	region
Q9VUQ5	1-412	ECO:0000256|SAM:MobiDB-lite	Disordered	region
Q9VUQ5	1075-1076	ECO:0000255	Interaction with guide RNA	region
Q9VUQ5	1119-1127	ECO:0000255	Interaction with guide RNA	region
Q9VUQ5	1156-1178	ECO:0000255	Interaction with guide RNA	region
Q9VUQ5	681-686	ECO:0000255	Interaction with guide RNA	region
Q9VUQ8	249-288	ECO:0000256|SAM:MobiDB-lite	Disordered	region
Q9VUR7	153-276	ECO:0000250	Thioredoxin fold	region
Q9VUR7	18-74	ECO:0000256|SAM:MobiDB-lite	Disordered	region
Q9VUT6	127-236		Catalytic subdomain A	region
Q9VUT6	291-353		Catalytic subdomain B	region
Q9VUT8	228-253	ECO:0000256|SAM:MobiDB-lite	Disordered	region
Q9VUT8	323-343	ECO:0000256|SAM:MobiDB-lite	Disordered	region
Q9VUU5	1-54	ECO:0000256|SAM:MobiDB-lite	Disordered	region
Q9VUV9	211-234	ECO:0000256|SAM:MobiDB-lite	Disordered	region
Q9VUV9	366-396	ECO:0000256|SAM:MobiDB-lite	Disordered	region
Q9VUV9	52-74	ECO:0000256|SAM:MobiDB-lite	Disordered	region
Q9VUX2	1-42	ECO:0000256|SAM:MobiDB-lite	Disordered	region
Q9VUX2	66-87	ECO:0000256|SAM:MobiDB-lite	Disordered	region
Q9VUX2	890-919	ECO:0000256|SAM:MobiDB-lite	Disordered	region
Q9VUX3	411-592	ECO:0000256|SAM:MobiDB-lite	Disordered	region
Q9VV36	52-88	ECO:0000256|SAM:MobiDB-lite	Disordered	region
Q9VV43	1-20	ECO:0000256|SAM:MobiDB-lite	Disordered	region
Q9VV43	151-192	ECO:0000256|SAM:MobiDB-lite	Disordered	region
Q9VV73	1-285	ECO:0000269|PubMed:31368590, ECO:0000269|PubMed:31384064, ECO:0000269|PubMed:31570835	RNA-binding unit probably involved in Piwi-dependent recruitment and single-stranded RNA-PPNP complex formation	region
Q9VV73	286-553	ECO:0000269|PubMed:31570835	Necessary for silencing function	region
Q9VV74	137-172	ECO:0000256|SAM:MobiDB-lite	Disordered	region
Q9VV74	159-226	ECO:0000269|PubMed:11113446	Required for homodimerization	region
Q9VV74	35-68	ECO:0000256|SAM:MobiDB-lite	Disordered	region
Q9VVA0	1-30	ECO:0000256|SAM:MobiDB-lite	Disordered	region
Q9VVA6	122-161	ECO:0000256|SAM:MobiDB-lite	Disordered	region
Q9VVD9	22-42	ECO:0000256|SAM:MobiDB-lite	Disordered	region
Q9VVE5	1-23	ECO:0000256|SAM:MobiDB-lite	Disordered	region
Q9VVE5	298-319	ECO:0000256|SAM:MobiDB-lite	Disordered	region
Q9VVF7	115-142	ECO:0000256|SAM:MobiDB-lite	Disordered	region
Q9VVF7	168-190	ECO:0000256|SAM:MobiDB-lite	Disordered	region
Q9VVH9	1-157	ECO:0000256|SAM:MobiDB-lite	Disordered	region
Q9VVH9	444-466	ECO:0000256|SAM:MobiDB-lite	Disordered	region
Q9VVH9	787-819	ECO:0000256|SAM:MobiDB-lite	Disordered	region
Q9VVI1	242-420	ECO:0000256|SAM:MobiDB-lite	Disordered	region
Q9VVI2	1-101	ECO:0000269|PubMed:17923697	Required for P-body targeting and interaction with DCP1A	region
Q9VVI2	102-338	ECO:0000269|PubMed:17923697	Required for interaction with DCP2	region
Q9VVI2	120-166	ECO:0000256|SAM:MobiDB-lite	Disordered	region
Q9VVI2	181-205	ECO:0000256|SAM:MobiDB-lite	Disordered	region
Q9VVI2	277-325	ECO:0000256|SAM:MobiDB-lite	Disordered	region
Q9VVI2	331-440		Required for interaction with Me31B	region
Q9VVI2	73-95	ECO:0000256|SAM:MobiDB-lite	Disordered	region
Q9VVI3	15-58	ECO:0000256|SAM:MobiDB-lite	Disordered	region
Q9VVI3	303-327	ECO:0000256|SAM:MobiDB-lite	Disordered	region
Q9VVI3	394-539	ECO:0000256|SAM:MobiDB-lite	Disordered	region
Q9VVI3	558-586	ECO:0000256|SAM:MobiDB-lite	Disordered	region
Q9VVI9	188-226	ECO:0000256|SAM:MobiDB-lite	Disordered	region
Q9VVK8	13-86	ECO:0000256|SAM:MobiDB-lite	Disordered	region
Q9VVK8	505-594	ECO:0000256|SAM:MobiDB-lite	Disordered	region
Q9VVL6	1-38	ECO:0000256|SAM:MobiDB-lite	Disordered	region
Q9VVL6	155-234	ECO:0000256|SAM:MobiDB-lite	Disordered	region
Q9VVL6	297-337	ECO:0000256|SAM:MobiDB-lite	Disordered	region
Q9VVN4	135-162	ECO:0000256|SAM:MobiDB-lite	Disordered	region
Q9VVN4	20-40	ECO:0000256|SAM:MobiDB-lite	Disordered	region
Q9VVN4	651-681	ECO:0000256|SAM:MobiDB-lite	Disordered	region
Q9VVN4	90-109	ECO:0000256|SAM:MobiDB-lite	Disordered	region
Q9VVR2	23-70	ECO:0000256|SAM:MobiDB-lite	Disordered	region
Q9VVR2	398-499	ECO:0000256|SAM:MobiDB-lite	Disordered	region
Q9VVR6	1-22	ECO:0000256|SAM:MobiDB-lite	Disordered	region
Q9VVR6	141-196	ECO:0000256|SAM:MobiDB-lite	Disordered	region
Q9VVS4	98-176	ECO:0000256|SAM:MobiDB-lite	Disordered	region
Q9VVT9	1-72	ECO:0000256|SAM:MobiDB-lite	Disordered	region
Q9VVT9	80-91	ECO:0000250|UniProtKB:Q92982	Helix alpha1	region
Q9VVT9	94-110	ECO:0000250|UniProtKB:Q92982	Helix alpha2	region
Q9VVV9	177-253		Interaction with dsh	region
Q9VVV9	227-372	ECO:0000269|PubMed:12354775	Important for binding to zinc	region
Q9VVV9	291-368	ECO:0000256|SAM:MobiDB-lite	Disordered	region
Q9VVV9	462-543	ECO:0000256|SAM:MobiDB-lite	Disordered	region
Q9VVV9	543-572		Required for nuclear localization and inhibition of Wnt signaling	region
Q9VVV9	578-600	ECO:0000256|SAM:MobiDB-lite	Disordered	region
Q9VVV9	614-668	ECO:0000256|SAM:MobiDB-lite	Disordered	region
Q9VVV9	68-133	ECO:0000256|SAM:MobiDB-lite	Disordered	region
Q9VVV9	779-825	ECO:0000256|SAM:MobiDB-lite	Disordered	region
Q9VVW5	184-209	ECO:0000256|SAM:MobiDB-lite	Disordered	region
Q9VVX3	175-253	ECO:0000256|SAM:MobiDB-lite	Disordered	region
Q9VVX5	469-497	ECO:0000256|SAM:MobiDB-lite	Disordered	region
Q9VVY3	1-20	ECO:0000256|SAM:MobiDB-lite	Disordered	region
Q9VVY3	232-251	ECO:0000256|SAM:MobiDB-lite	Disordered	region
Q9VVY3	285-391	ECO:0000256|SAM:MobiDB-lite	Disordered	region
Q9VVY3	405-435	ECO:0000256|SAM:MobiDB-lite	Disordered	region
Q9VVY3	53-94	ECO:0000256|SAM:MobiDB-lite	Disordered	region
Q9VW09	1-24	ECO:0000256|SAM:MobiDB-lite	Disordered	region
Q9VW15	1-145	ECO:0000256|SAM:MobiDB-lite	Disordered	region
Q9VW15	1049-1230	ECO:0000256|SAM:MobiDB-lite	Disordered	region
Q9VW15	1536-1575	ECO:0000256|SAM:MobiDB-lite	Disordered	region
Q9VW15	1616-1648	ECO:0000256|SAM:MobiDB-lite	Disordered	region
Q9VW15	1808-1839	ECO:0000256|SAM:MobiDB-lite	Disordered	region
Q9VW15	2205-2226	ECO:0000256|SAM:MobiDB-lite	Disordered	region
Q9VW15	260-324	ECO:0000256|SAM:MobiDB-lite	Disordered	region
Q9VW15	343-367	ECO:0000256|SAM:MobiDB-lite	Disordered	region
Q9VW15	673-695	ECO:0000256|SAM:MobiDB-lite	Disordered	region
Q9VW15	711-749	ECO:0000256|SAM:MobiDB-lite	Disordered	region
Q9VW15	811-832	ECO:0000256|SAM:MobiDB-lite	Disordered	region
Q9VW15	980-1026	ECO:0000256|SAM:MobiDB-lite	Disordered	region
Q9VW27	140-214	ECO:0000256|SAM:MobiDB-lite	Disordered	region
Q9VW27	229-270	ECO:0000256|SAM:MobiDB-lite	Disordered	region
Q9VW27	440-498	ECO:0000256|SAM:MobiDB-lite	Disordered	region
Q9VW27	511-539	ECO:0000256|SAM:MobiDB-lite	Disordered	region
Q9VW27	563-594	ECO:0000256|SAM:MobiDB-lite	Disordered	region
Q9VW27	624-717	ECO:0000256|SAM:MobiDB-lite	Disordered	region
Q9VW47	1-41	ECO:0000256|SAM:MobiDB-lite	Disordered	region
Q9VW47	1585-1608	ECO:0000256|SAM:MobiDB-lite	Disordered	region
Q9VW47	1898-2092	ECO:0000256|SAM:MobiDB-lite	Disordered	region
Q9VW47	204-283	ECO:0000256|SAM:MobiDB-lite	Disordered	region
Q9VW47	2114-2218	ECO:0000256|SAM:MobiDB-lite	Disordered	region
Q9VW47	2469-2508	ECO:0000256|SAM:MobiDB-lite	Disordered	region
Q9VW47	584-604	ECO:0000256|SAM:MobiDB-lite	Disordered	region
Q9VW47	742-762	ECO:0000256|SAM:MobiDB-lite	Disordered	region
Q9VW47	796-824	ECO:0000256|SAM:MobiDB-lite	Disordered	region
Q9VW51	171-277	ECO:0000256|SAM:MobiDB-lite	Disordered	region
Q9VW51	314-374	ECO:0000256|SAM:MobiDB-lite	Disordered	region
Q9VW51	450-509	ECO:0000256|SAM:MobiDB-lite	Disordered	region
Q9VW51	522-581	ECO:0000256|SAM:MobiDB-lite	Disordered	region
Q9VW51	598-827	ECO:0000256|SAM:MobiDB-lite	Disordered	region
Q9VW51	968-1059	ECO:0000256|SAM:MobiDB-lite	Disordered	region
Q9VW60	510-540	ECO:0000256|SAM:MobiDB-lite	Disordered	region
Q9VW60	579-633	ECO:0000256|SAM:MobiDB-lite	Disordered	region
Q9VW60	647-693	ECO:0000256|SAM:MobiDB-lite	Disordered	region
Q9VW97	1-164	ECO:0000256|SAM:MobiDB-lite	Disordered	region
Q9VW97	860-890	ECO:0000256|SAM:MobiDB-lite	Disordered	region
Q9VWA1	32-136	ECO:0000256|SAM:MobiDB-lite	Disordered	region
Q9VWA1	96-158	ECO:0000250	Involved in binding clathrin heavy chain	region
Q9VWA8	16-39	ECO:0000256|SAM:MobiDB-lite	Disordered	region
Q9VWB0	396-420	ECO:0000256|SAM:MobiDB-lite	Disordered	region
Q9VWB0	671-691	ECO:0000256|SAM:MobiDB-lite	Disordered	region
Q9VWB1	1-35	ECO:0000256|SAM:MobiDB-lite	Disordered	region
Q9VWC6	1-143	ECO:0000256|SAM:MobiDB-lite	Disordered	region
Q9VWC6	1017-1074	ECO:0000256|SAM:MobiDB-lite	Disordered	region
Q9VWC6	1252-1322	ECO:0000256|SAM:MobiDB-lite	Disordered	region
Q9VWC6	209-273	ECO:0000256|SAM:MobiDB-lite	Disordered	region
Q9VWC6	490-530	ECO:0000256|SAM:MobiDB-lite	Disordered	region
Q9VWC6	578-813	ECO:0000256|SAM:MobiDB-lite	Disordered	region
Q9VWC6	825-945	ECO:0000256|SAM:MobiDB-lite	Disordered	region
Q9VWC6	904-1297	ECO:0000269|PubMed:25538246	Transactivation activation domain (TAD)	region
Q9VWD4	173-211	ECO:0000256|SAM:MobiDB-lite	Disordered	region
Q9VWD4	254-316	ECO:0000256|SAM:MobiDB-lite	Disordered	region
Q9VWD4	333-395	ECO:0000256|SAM:MobiDB-lite	Disordered	region
Q9VWD4	463-520	ECO:0000256|SAM:MobiDB-lite	Disordered	region
Q9VWD4	89-131	ECO:0000256|SAM:MobiDB-lite	Disordered	region
Q9VWE0	1238-1258	ECO:0000256|SAM:MobiDB-lite	Disordered	region
Q9VWE0	989-1092	ECO:0000256|SAM:MobiDB-lite	Disordered	region
Q9VWE6	1-490	ECO:0000250	Seven-bladed beta propeller repeats	region
Q9VWE6	1076-1096	ECO:0000256|SAM:MobiDB-lite	Disordered	region
Q9VWE6	1201-1229	ECO:0000256|SAM:MobiDB-lite	Disordered	region
Q9VWE6	1274-1324	ECO:0000256|SAM:MobiDB-lite	Disordered	region
Q9VWE6	1414-1574	ECO:0000256|SAM:MobiDB-lite	Disordered	region
Q9VWE6	1661-1710	ECO:0000256|SAM:MobiDB-lite	Disordered	region
Q9VWE6	1758-2111	ECO:0000256|SAM:MobiDB-lite	Disordered	region
Q9VWF2	1-208	ECO:0000256|SAM:MobiDB-lite	Disordered	region
Q9VWF2	1044-1082	ECO:0000256|SAM:MobiDB-lite	Disordered	region
Q9VWF2	1099-1196	ECO:0000256|SAM:MobiDB-lite	Disordered	region
Q9VWF2	1340-1573		SAY	region
Q9VWF2	1579-1685	ECO:0000256|SAM:MobiDB-lite	Disordered	region
Q9VWF2	1887-1911	ECO:0000256|SAM:MobiDB-lite	Disordered	region
Q9VWF2	313-347	ECO:0000256|SAM:MobiDB-lite	Disordered	region
Q9VWF2	458-564	ECO:0000256|SAM:MobiDB-lite	Disordered	region
Q9VWF2	744-794	ECO:0000256|SAM:MobiDB-lite	Disordered	region
Q9VWF2	821-916	ECO:0000256|SAM:MobiDB-lite	Disordered	region
Q9VWF2	929-1029	ECO:0000256|SAM:MobiDB-lite	Disordered	region
Q9VWF4	1-27	ECO:0000256|SAM:MobiDB-lite	Disordered	region
Q9VWF4	248-267	ECO:0000256|SAM:MobiDB-lite	Disordered	region
Q9VWG3	88-160	ECO:0000256|SAM:MobiDB-lite	Disordered	region
Q9VWI4	149-211	ECO:0000256|SAM:MobiDB-lite	Disordered	region
Q9VWN4	1-444	ECO:0000256|SAM:MobiDB-lite	Disordered	region
Q9VWN4	1034-1053	ECO:0000256|SAM:MobiDB-lite	Disordered	region
Q9VWN4	477-710	ECO:0000256|SAM:MobiDB-lite	Disordered	region
Q9VWN4	833-914	ECO:0000256|SAM:MobiDB-lite	Disordered	region
Q9VWN5	1-30	ECO:0000256|SAM:MobiDB-lite	Disordered	region
Q9VWN5	203-237	ECO:0000256|SAM:MobiDB-lite	Disordered	region
Q9VWN5	44-91	ECO:0000256|SAM:MobiDB-lite	Disordered	region
Q9VWN9	1237-1262	ECO:0000256|SAM:MobiDB-lite	Disordered	region
Q9VWN9	1310-1399	ECO:0000256|SAM:MobiDB-lite	Disordered	region
Q9VWN9	1735-1772	ECO:0000256|SAM:MobiDB-lite	Disordered	region
Q9VWN9	1786-1864	ECO:0000256|SAM:MobiDB-lite	Disordered	region
Q9VWN9	1888-1916	ECO:0000256|SAM:MobiDB-lite	Disordered	region
Q9VWN9	684-860	ECO:0000256|SAM:MobiDB-lite	Disordered	region
Q9VWP4	14-50	ECO:0000256|SAM:MobiDB-lite	Disordered	region
Q9VWP4	190-199	ECO:0000250	Hinge	region
Q9VWP4	200-423	ECO:0000250	Moco domain	region
Q9VWP4	424-567	ECO:0000250	Homodimerization	region
Q9VWQ2	1-90	ECO:0000256|SAM:MobiDB-lite	Disordered	region
Q9VWQ2	113-136	ECO:0000256|SAM:MobiDB-lite	Disordered	region
Q9VWR5	303-333	ECO:0000256|SAM:MobiDB-lite	Disordered	region
Q9VWR8	514-620	ECO:0000256|SAM:MobiDB-lite	Disordered	region
Q9VWS2	1-63	ECO:0000256|SAM:MobiDB-lite	Disordered	region
Q9VWS2	79-110	ECO:0000256|SAM:MobiDB-lite	Disordered	region
Q9VWS4	1-44	ECO:0000256|SAM:MobiDB-lite	Disordered	region
Q9VWS4	74-96	ECO:0000256|SAM:MobiDB-lite	Disordered	region
Q9VWV8	120-159	ECO:0000256|SAM:MobiDB-lite	Disordered	region
Q9VWW0	1-73	ECO:0000256|SAM:MobiDB-lite	Disordered	region
Q9VWW0	185-238	ECO:0000256|SAM:MobiDB-lite	Disordered	region
Q9VWW0	301-326	ECO:0000255|PROSITE-ProRule:PRU00978	Basic motif	region
Q9VWW0	328-349	ECO:0000255|PROSITE-ProRule:PRU00978	Leucine-zipper	region
Q9VWY6	229-309	ECO:0000256|SAM:MobiDB-lite	Disordered	region
Q9VX09	1-27	ECO:0000256|SAM:MobiDB-lite	Disordered	region
Q9VX12	1-22	ECO:0000256|SAM:MobiDB-lite	Disordered	region
Q9VX12	327-359	ECO:0000256|SAM:MobiDB-lite	Disordered	region
Q9VX25	168-194	ECO:0000256|SAM:MobiDB-lite	Disordered	region
Q9VX32	1054-1074	ECO:0000256|SAM:MobiDB-lite	Disordered	region
Q9VX39	20-72	ECO:0000256|SAM:MobiDB-lite	Disordered	region
Q9VX88	1-247	ECO:0000256|SAM:MobiDB-lite	Disordered	region
Q9VX88	268-411	ECO:0000256|SAM:MobiDB-lite	Disordered	region
Q9VX88	430-504	ECO:0000256|SAM:MobiDB-lite	Disordered	region
Q9VX91	1006-1043	ECO:0000256|SAM:MobiDB-lite	Disordered	region
Q9VX91	1073-1093	ECO:0000256|SAM:MobiDB-lite	Disordered	region
Q9VXB0	156-246	ECO:0000256|SAM:MobiDB-lite	Disordered	region
Q9VXB3	73-94	ECO:0000256|SAM:MobiDB-lite	Disordered	region
Q9VXD6	388-454	ECO:0000256|SAM:MobiDB-lite	Disordered	region
Q9VXD9	609-658	ECO:0000256|SAM:MobiDB-lite	Disordered	region
Q9VXE5	222-345	ECO:0000256|SAM:MobiDB-lite	Disordered	region
Q9VXE5	25-367		Linker	region
Q9VXE5	79-195	ECO:0000256|SAM:MobiDB-lite	Disordered	region
Q9VXE6	1-57	ECO:0000256|SAM:MobiDB-lite	Disordered	region
Q9VXE6	1173-1197	ECO:0000256|SAM:MobiDB-lite	Disordered	region
Q9VXE6	1287-1786	ECO:0000305	22 X 2 AA repeats of F-G	region
Q9VXE6	1301-1331	ECO:0000256|SAM:MobiDB-lite	Disordered	region
Q9VXE6	1449-1473	ECO:0000256|SAM:MobiDB-lite	Disordered	region
Q9VXE6	1597-1616	ECO:0000256|SAM:MobiDB-lite	Disordered	region
Q9VXE6	176-227	ECO:0000256|SAM:MobiDB-lite	Disordered	region
Q9VXE6	1855-1883	ECO:0000256|SAM:MobiDB-lite	Disordered	region
Q9VXE6	400-439	ECO:0000256|SAM:MobiDB-lite	Disordered	region
Q9VXE6	498-518	ECO:0000256|SAM:MobiDB-lite	Disordered	region
Q9VXE6	580-604	ECO:0000256|SAM:MobiDB-lite	Disordered	region
Q9VXE6	627-657	ECO:0000256|SAM:MobiDB-lite	Disordered	region
Q9VXE6	694-769	ECO:0000256|SAM:MobiDB-lite	Disordered	region
Q9VXE6	70-116	ECO:0000256|SAM:MobiDB-lite	Disordered	region
Q9VXE6	791-812	ECO:0000256|SAM:MobiDB-lite	Disordered	region
Q9VXF1	1-89	ECO:0000256|SAM:MobiDB-lite	Disordered	region
Q9VXF1	546-584	ECO:0000256|SAM:MobiDB-lite	Disordered	region
Q9VXG1	1233-1301	ECO:0000256|SAM:MobiDB-lite	Disordered	region
Q9VXG1	1445-1471	ECO:0000256|SAM:MobiDB-lite	Disordered	region
Q9VXG1	1627-1865	ECO:0000256|SAM:MobiDB-lite	Disordered	region
Q9VXG1	178-208	ECO:0000256|SAM:MobiDB-lite	Disordered	region
Q9VXG1	1933-1959	ECO:0000256|SAM:MobiDB-lite	Disordered	region
Q9VXG1	674-762	ECO:0000256|SAM:MobiDB-lite	Disordered	region
Q9VXG1	960-991	ECO:0000256|SAM:MobiDB-lite	Disordered	region
Q9VXG4	1-76	ECO:0000256|SAM:MobiDB-lite	Disordered	region
Q9VXG4	138-195	ECO:0000256|SAM:MobiDB-lite	Disordered	region
Q9VXG4	93-123	ECO:0000256|SAM:MobiDB-lite	Disordered	region
Q9VXG8	2190-2196	ECO:0000255|PROSITE-ProRule:PRU00269	G-loop	region
Q9VXG8	2360-2368	ECO:0000255|PROSITE-ProRule:PRU00269	Catalytic loop	region
Q9VXG8	2380-2404	ECO:0000255|PROSITE-ProRule:PRU00269	Activation loop	region
Q9VXH6	332-481		Domain III	region
Q9VXH6	482-514		Linker	region
Q9VXH6	515-681		Domain IV	region
Q9VXJ0	1-309	ECO:0000269|PubMed:21320074	(3R)-hydroxyacyl-CoA dehydrogenase	region
Q9VXJ0	310-598	ECO:0000269|PubMed:21320074	Enoyl-CoA hydratase 2	region
Q9VXK6	145-203	ECO:0000256|SAM:MobiDB-lite	Disordered	region
Q9VXK6	409-464	ECO:0000256|SAM:MobiDB-lite	Disordered	region
Q9VXN2	3-15	ECO:0000269|PubMed:19672878	Sufficient for mth activation	region
Q9VXN4	535-549	ECO:0000250|UniProtKB:Q05506	Interaction with tRNA	region
Q9VXN9	1-38	ECO:0000256|SAM:MobiDB-lite	Disordered	region
Q9VXN9	124-152	ECO:0000256|SAM:MobiDB-lite	Disordered	region
Q9VXT5	24-281	ECO:0000256|SAM:MobiDB-lite	Disordered	region
Q9VXT5	355-383	ECO:0000256|SAM:MobiDB-lite	Disordered	region
Q9VXY2	1058-1092	ECO:0000256|SAM:MobiDB-lite	Disordered	region
Q9VXY2	1115-1188	ECO:0000256|SAM:MobiDB-lite	Disordered	region
Q9VXY2	117-253	ECO:0000256|SAM:MobiDB-lite	Disordered	region
Q9VXY2	1305-1382	ECO:0000256|SAM:MobiDB-lite	Disordered	region
Q9VXY2	1794-1865	ECO:0000256|SAM:MobiDB-lite	Disordered	region
Q9VXY2	1896-2084	ECO:0000256|SAM:MobiDB-lite	Disordered	region
Q9VXY2	557-588	ECO:0000256|SAM:MobiDB-lite	Disordered	region
Q9VXY2	730-749	ECO:0000256|SAM:MobiDB-lite	Disordered	region
Q9VXY2	811-863	ECO:0000256|SAM:MobiDB-lite	Disordered	region
Q9VXY2	891-963	ECO:0000256|SAM:MobiDB-lite	Disordered	region
Q9VXY4	1-32	ECO:0000256|SAM:MobiDB-lite	Disordered	region
Q9VXY7	1-28	ECO:0000256|SAM:MobiDB-lite	Disordered	region
Q9VXY7	298-352	ECO:0000256|SAM:MobiDB-lite	Disordered	region
Q9VY77	1-20	ECO:0000256|SAM:MobiDB-lite	Disordered	region
Q9VY77	189-225	ECO:0000256|SAM:MobiDB-lite	Disordered	region
Q9VY77	28-49	ECO:0000256|SAM:MobiDB-lite	Disordered	region
Q9VY77	287-317	ECO:0000256|SAM:MobiDB-lite	Disordered	region
Q9VY77	407-427	ECO:0000256|SAM:MobiDB-lite	Disordered	region
Q9VY99	255-303	ECO:0000256|SAM:MobiDB-lite	Disordered	region
Q9VY99	362-405	ECO:0000256|SAM:MobiDB-lite	Disordered	region
Q9VY99	474-526	ECO:0000256|SAM:MobiDB-lite	Disordered	region
Q9VY99	544-574	ECO:0000256|SAM:MobiDB-lite	Disordered	region
Q9VY99	623-651	ECO:0000256|SAM:MobiDB-lite	Disordered	region
Q9VY99	63-113	ECO:0000256|SAM:MobiDB-lite	Disordered	region
Q9VYA0	325-787		Ligase	region
Q9VYA7	1-32	ECO:0000256|SAM:MobiDB-lite	Disordered	region
Q9VYA7	1082-1102	ECO:0000256|SAM:MobiDB-lite	Disordered	region
Q9VYA7	1114-1155	ECO:0000256|SAM:MobiDB-lite	Disordered	region
Q9VYA7	1176-1384	ECO:0000256|SAM:MobiDB-lite	Disordered	region
Q9VYB0	1-22	ECO:0000256|SAM:MobiDB-lite	Disordered	region
Q9VYB0	122-249	ECO:0000256|SAM:MobiDB-lite	Disordered	region
Q9VYB7	103-107	ECO:0000250|UniProtKB:O60704	Interaction with peptide substrate	region
Q9VYB7	362-460	ECO:0000256|SAM:MobiDB-lite	Disordered	region
Q9VYB7	476-499	ECO:0000256|SAM:MobiDB-lite	Disordered	region
Q9VYD1	1-115	ECO:0000256|SAM:MobiDB-lite	Disordered	region
Q9VYD1	1118-1150	ECO:0000256|SAM:MobiDB-lite	Disordered	region
Q9VYD1	1163-1251	ECO:0000256|SAM:MobiDB-lite	Disordered	region
Q9VYD1	1501-1598	ECO:0000256|SAM:MobiDB-lite	Disordered	region
Q9VYD1	1763-1860	ECO:0000256|SAM:MobiDB-lite	Disordered	region
Q9VYD1	179-442	ECO:0000256|SAM:MobiDB-lite	Disordered	region
Q9VYD1	2177-2218	ECO:0000256|SAM:MobiDB-lite	Disordered	region
Q9VYD1	550-858	ECO:0000256|SAM:MobiDB-lite	Disordered	region
Q9VYD1	883-1106	ECO:0000256|SAM:MobiDB-lite	Disordered	region
Q9VYF8	20-44	ECO:0000256|SAM:MobiDB-lite	Disordered	region
Q9VYG2	1-124	ECO:0000256|SAM:MobiDB-lite	Disordered	region
Q9VYG2	116-204	ECO:0000269|PubMed:16083904	DNA-binding	region
Q9VYM3	101-121	ECO:0000256|SAM:MobiDB-lite	Disordered	region
Q9VYM3	373-396	ECO:0000256|SAM:MobiDB-lite	Disordered	region
Q9VYM3	632-661	ECO:0000256|SAM:MobiDB-lite	Disordered	region
Q9VYN8	1545-1597	ECO:0000256|SAM:MobiDB-lite	Disordered	region
Q9VYN8	230-261	ECO:0000256|SAM:MobiDB-lite	Disordered	region
Q9VYN8	2831-2862	ECO:0000256|SAM:MobiDB-lite	Disordered	region
Q9VYN8	2969-3004	ECO:0000256|SAM:MobiDB-lite	Disordered	region
Q9VYN8	42-63	ECO:0000256|SAM:MobiDB-lite	Disordered	region
Q9VYN8	428-477	ECO:0000256|SAM:MobiDB-lite	Disordered	region
Q9VYQ0	58-91	ECO:0000256|SAM:MobiDB-lite	Disordered	region
Q9VYQ5	439-460	ECO:0000256|SAM:MobiDB-lite	Disordered	region
Q9VYQ8	1-20	ECO:0000256|SAM:MobiDB-lite	Disordered	region
Q9VYR0	185-217	ECO:0000256|SAM:MobiDB-lite	Disordered	region
Q9VYS3	100-132	ECO:0000255|PROSITE-ProRule:PRU01341	C3H	region
Q9VYS3	1062-1110	ECO:0000256|SAM:MobiDB-lite	Disordered	region
Q9VYS3	114-142	ECO:0000255|PROSITE-ProRule:PRU01341	CC	region
Q9VYS3	160-190	ECO:0000255|PROSITE-ProRule:PRU01341	C4	region
Q9VYS3	21-51	ECO:0000256|SAM:MobiDB-lite	Disordered	region
Q9VYS4	1320-1359	ECO:0000256|SAM:MobiDB-lite	Disordered	region
Q9VYS4	175-340	ECO:0000256|SAM:MobiDB-lite	Disordered	region
Q9VYS4	425-543	ECO:0000256|SAM:MobiDB-lite	Disordered	region
Q9VYS4	734-770	ECO:0000256|SAM:MobiDB-lite	Disordered	region
Q9VYS4	75-155	ECO:0000256|SAM:MobiDB-lite	Disordered	region
Q9VYS4	802-866	ECO:0000256|SAM:MobiDB-lite	Disordered	region
Q9VYS4	880-928	ECO:0000256|SAM:MobiDB-lite	Disordered	region
Q9VYS4	945-1373	ECO:0000269|PubMed:29317541	Sufficent for interaction with Dcr-2	region
Q9VYV5	411-412	ECO:0000255|PROSITE-ProRule:PRU00992	Important for donor substrate binding	region
Q9VYV9	43-78	ECO:0000256|SAM:MobiDB-lite	Disordered	region
Q9VYX7	87-90	ECO:0000305	Peptidoglycan binding	region
Q9VYX7	97-102	ECO:0000305	Peptidoglycan binding	region
Q9VYY3	372-404	ECO:0000256|SAM:MobiDB-lite	Disordered	region
Q9VYY4	288-327	ECO:0000256|SAM:MobiDB-lite	Disordered	region
Q9VYY9	1-31	ECO:0000256|SAM:MobiDB-lite	Disordered	region
Q9VZ08	1150-1277	ECO:0000256|SAM:MobiDB-lite	Disordered	region
Q9VZ08	1317-1338	ECO:0000256|SAM:MobiDB-lite	Disordered	region
Q9VZ08	438-541	ECO:0000256|SAM:MobiDB-lite	Disordered	region
Q9VZ08	639-704	ECO:0000256|SAM:MobiDB-lite	Disordered	region
Q9VZ08	812-895	ECO:0000256|SAM:MobiDB-lite	Disordered	region
Q9VZ08	938-1056	ECO:0000256|SAM:MobiDB-lite	Disordered	region
Q9VZ09	93-124	ECO:0000256|SAM:MobiDB-lite	Disordered	region
Q9VZ23	37-45	ECO:0000255|PROSITE-ProRule:PRU00752	Switch-I	region
Q9VZ23	68-84	ECO:0000255|PROSITE-ProRule:PRU00752	Switch-II	region
Q9VZ49	83-329	ECO:0000256|SAM:MobiDB-lite	Disordered	region
Q9VZA4	1-164	ECO:0000256|SAM:MobiDB-lite	Disordered	region
Q9VZA4	443-505	ECO:0000256|SAM:MobiDB-lite	Disordered	region
Q9VZD8	1-24	ECO:0000256|SAM:MobiDB-lite	Disordered	region
Q9VZD8	275-324	ECO:0000256|SAM:MobiDB-lite	Disordered	region
Q9VZD8	67-104	ECO:0000256|SAM:MobiDB-lite	Disordered	region
Q9VZE6	1-42	ECO:0000256|SAM:MobiDB-lite	Disordered	region
Q9VZE7	1-20	ECO:0000256|SAM:MobiDB-lite	Disordered	region
Q9VZF4	1-58	ECO:0000256|SAM:MobiDB-lite	Disordered	region
Q9VZF4	123-187	ECO:0000256|SAM:MobiDB-lite	Disordered	region
Q9VZF4	318-351	ECO:0000256|SAM:MobiDB-lite	Disordered	region
Q9VZF4	399-549	ECO:0000256|SAM:MobiDB-lite	Disordered	region
Q9VZF4	615-642	ECO:0000256|SAM:MobiDB-lite	Disordered	region
Q9VZF4	797-843	ECO:0000256|SAM:MobiDB-lite	Disordered	region
Q9VZH2	192-224	ECO:0000255	CLIP 2	region
Q9VZH2	252-335	ECO:0000256|SAM:MobiDB-lite	Disordered	region
Q9VZH2	343-374	ECO:0000255	CLIP 3	region
Q9VZH2	376-428	ECO:0000256|SAM:MobiDB-lite	Disordered	region
Q9VZH2	457-492	ECO:0000255	CLIP 4	region
Q9VZH2	498-527	ECO:0000256|SAM:MobiDB-lite	Disordered	region
Q9VZH2	532-567	ECO:0000255	CLIP 5	region
Q9VZH2	54-87	ECO:0000255	CLIP 1	region
Q9VZH2	583-673	ECO:0000256|SAM:MobiDB-lite	Disordered	region
Q9VZH2	803-1043	ECO:0000255|PROSITE-ProRule:PRU00274	Peptidase S1	region
Q9VZH2	98-189	ECO:0000256|SAM:MobiDB-lite	Disordered	region
Q9VZI2	484-506	ECO:0000256|SAM:MobiDB-lite	Disordered	region
Q9VZI2	803-834	ECO:0000256|SAM:MobiDB-lite	Disordered	region
Q9VZI2	862-882	ECO:0000256|SAM:MobiDB-lite	Disordered	region
Q9VZI2	88-110	ECO:0000256|SAM:MobiDB-lite	Disordered	region
Q9VZL6	93-120	ECO:0000256|SAM:MobiDB-lite	Disordered	region
Q9VZL7	1-24	ECO:0000256|SAM:MobiDB-lite	Disordered	region
Q9VZM5	525-546	ECO:0000256|SAM:MobiDB-lite	Disordered	region
Q9VZM7	545-577	ECO:0000256|SAM:MobiDB-lite	Disordered	region
Q9VZN4	248-275	ECO:0000256|SAM:MobiDB-lite	Disordered	region
Q9VZN4	304-351	ECO:0000256|SAM:MobiDB-lite	Disordered	region
Q9VZN4	374-410	ECO:0000256|SAM:MobiDB-lite	Disordered	region
Q9VZN4	458-578	ECO:0000256|SAM:MobiDB-lite	Disordered	region
Q9VZN4	57-167	ECO:0000256|SAM:MobiDB-lite	Disordered	region
Q9VZN4	594-639	ECO:0000256|SAM:MobiDB-lite	Disordered	region
Q9VZQ1	29-239	ECO:0000256|SAM:MobiDB-lite	Disordered	region
Q9VZQ1	424-471	ECO:0000256|SAM:MobiDB-lite	Disordered	region
Q9VZQ1	580-605	ECO:0000256|SAM:MobiDB-lite	Disordered	region
Q9VZQ1	651-721	ECO:0000256|SAM:MobiDB-lite	Disordered	region
Q9VZS5	122-144	ECO:0000256|SAM:MobiDB-lite	Disordered	region
Q9VZS6	309-330	ECO:0000256|SAM:MobiDB-lite	Disordered	region
Q9VZS7	1750-2300	ECO:0000269|PubMed:34415038	Required for endoplasmic reticulum-cell membrane contact sites location and binding to phosphatidylinositols	region
Q9VZS7	2111-2148	ECO:0000256|SAM:MobiDB-lite	Disordered	region
Q9VZS7	23-117	ECO:0000269|PubMed:34415038	Transmembrane domain	region
Q9VZS7	269-290	ECO:0000256|SAM:MobiDB-lite	Disordered	region
Q9VZV5	1-85	ECO:0000256|SAM:MobiDB-lite	Disordered	region
Q9VZX1	133-197	ECO:0000256|SAM:MobiDB-lite	Disordered	region
Q9VZX1	219-256	ECO:0000256|SAM:MobiDB-lite	Disordered	region
Q9VZX1	269-291	ECO:0000256|SAM:MobiDB-lite	Disordered	region
Q9VZX9	1-92	ECO:0000256|SAM:MobiDB-lite	Disordered	region
Q9VZZ9	132-176	ECO:0000256|SAM:MobiDB-lite	Disordered	region
Q9VZZ9	391-437	ECO:0000256|SAM:MobiDB-lite	Disordered	region
Q9VZZ9	638-650		Interaction with DRK 1	region
Q9VZZ9	686-721	ECO:0000256|SAM:MobiDB-lite	Disordered	region
Q9VZZ9	690-702		Interaction with DRK 2	region
Q9VZZ9	749-773	ECO:0000256|SAM:MobiDB-lite	Disordered	region
Q9W020	1-38	ECO:0000256|SAM:MobiDB-lite	Disordered	region
Q9W020	120-161	ECO:0000256|SAM:MobiDB-lite	Disordered	region
Q9W020	217-306	ECO:0000256|SAM:MobiDB-lite	Disordered	region
Q9W020	55-105	ECO:0000256|SAM:MobiDB-lite	Disordered	region
Q9W032	491-528	ECO:0000256|SAM:MobiDB-lite	Disordered	region
Q9W032	603-624	ECO:0000256|SAM:MobiDB-lite	Disordered	region
Q9W060	1066-1132	ECO:0000256|SAM:MobiDB-lite	Disordered	region
Q9W060	1592-1613	ECO:0000256|SAM:MobiDB-lite	Disordered	region
Q9W060	3254-3287	ECO:0000256|SAM:MobiDB-lite	Disordered	region
Q9W060	412-436	ECO:0000256|SAM:MobiDB-lite	Disordered	region
Q9W062	1-276	ECO:0000256|SAM:MobiDB-lite	Disordered	region
Q9W062	229-478	ECO:0000269|PubMed:18765666	Interaction with Prp38	region
Q9W062	456-478	ECO:0000256|SAM:MobiDB-lite	Disordered	region
Q9W074	164-202	ECO:0000256|SAM:MobiDB-lite	Disordered	region
Q9W074	254-261	ECO:0000255|PROSITE-ProRule:PRU01059	G1	region
Q9W074	310-314	ECO:0000255|PROSITE-ProRule:PRU01059	G2	region
Q9W074	331-334	ECO:0000255|PROSITE-ProRule:PRU01059	G3	region
Q9W074	393-396	ECO:0000255|PROSITE-ProRule:PRU01059	G4	region
Q9W074	432-434	ECO:0000255|PROSITE-ProRule:PRU01059	G5	region
Q9W074	60-88	ECO:0000256|SAM:MobiDB-lite	Disordered	region
Q9W0A0	940-964	ECO:0000256|SAM:MobiDB-lite	Disordered	region
Q9W0A0	989-1031	ECO:0000256|SAM:MobiDB-lite	Disordered	region
Q9W0C1	1-32	ECO:0000256|SAM:MobiDB-lite	Disordered	region
Q9W0C1	135-183	ECO:0000256|SAM:MobiDB-lite	Disordered	region
Q9W0E3	1037-1072	ECO:0000256|SAM:MobiDB-lite	Disordered	region
Q9W0E3	615-649	ECO:0000256|SAM:MobiDB-lite	Disordered	region
Q9W0G1	386-517	ECO:0000256|SAM:MobiDB-lite	Disordered	region
Q9W0G1	46-65	ECO:0000256|SAM:MobiDB-lite	Disordered	region
Q9W0H3	157-200	ECO:0000269|PubMed:23525007, ECO:0000269|PubMed:27836991	Potential amphipathic helix required for binding to lipid droplets	region
Q9W0K0	1-71	ECO:0000256|SAM:MobiDB-lite	Disordered	region
Q9W0K0	213-254	ECO:0000256|SAM:MobiDB-lite	Disordered	region
Q9W0K4	30-121	ECO:0000256|SAM:MobiDB-lite	Disordered	region
Q9W0K4	312-412	ECO:0000256|SAM:MobiDB-lite	Disordered	region
Q9W0K4	444-505	ECO:0000256|SAM:MobiDB-lite	Disordered	region
Q9W0K4	525-563	ECO:0000256|SAM:MobiDB-lite	Disordered	region
Q9W0K4	796-829	ECO:0000256|SAM:MobiDB-lite	Disordered	region
Q9W0K4	860-879	ECO:0000256|SAM:MobiDB-lite	Disordered	region
Q9W0K4	891-967	ECO:0000256|SAM:MobiDB-lite	Disordered	region
Q9W0K7	1-97	ECO:0000256|SAM:MobiDB-lite	Disordered	region
Q9W0K7	221-249	ECO:0000256|SAM:MobiDB-lite	Disordered	region
Q9W0K7	281-348	ECO:0000256|SAM:MobiDB-lite	Disordered	region
Q9W0K7	362-434	ECO:0000256|SAM:MobiDB-lite	Disordered	region
Q9W0K7	447-497	ECO:0000256|SAM:MobiDB-lite	Disordered	region
Q9W0K7	772-900	ECO:0000256|SAM:MobiDB-lite	Disordered	region
Q9W0K7	925-977	ECO:0000256|SAM:MobiDB-lite	Disordered	region
Q9W0M1	1-650	ECO:0000269|PubMed:33370260	Necessary and sufficient for function in ciliogenesis, transition zone (TZ) assembly, and recruitment of DZP1 and Mks1 to the TZ. Also required for subcellular localization to the cilium basal body	region
Q9W0M1	1313-1397	ECO:0000256|SAM:MobiDB-lite	Disordered	region
Q9W0M1	1684-1714	ECO:0000256|SAM:MobiDB-lite	Disordered	region
Q9W0M1	1859-1884	ECO:0000256|SAM:MobiDB-lite	Disordered	region
Q9W0M1	271-296	ECO:0000256|SAM:MobiDB-lite	Disordered	region
Q9W0M1	663-688	ECO:0000256|SAM:MobiDB-lite	Disordered	region
Q9W0P2	135-164	ECO:0000256|SAM:MobiDB-lite	Disordered	region
Q9W0P2	182-211	ECO:0000256|SAM:MobiDB-lite	Disordered	region
Q9W0P2	696-868	ECO:0000269|PubMed:18242152	Interaction with PolI	region
Q9W0P2	878-995	ECO:0000269|PubMed:18242152	Interaction with PolH	region
Q9W0P3	1-92	ECO:0000256|SAM:MobiDB-lite	Disordered	region
Q9W0P3	120-142	ECO:0000256|SAM:MobiDB-lite	Disordered	region
Q9W0P8	1006-1199	ECO:0000256|SAM:MobiDB-lite	Disordered	region
Q9W0P8	1513-1553	ECO:0000256|SAM:MobiDB-lite	Disordered	region
Q9W0P8	699-723	ECO:0000256|SAM:MobiDB-lite	Disordered	region
Q9W0S3	93-114	ECO:0000256|SAM:MobiDB-lite	Disordered	region
Q9W0S7	1-24	ECO:0000256|SAM:MobiDB-lite	Disordered	region
Q9W0S7	760-788	ECO:0000269|PubMed:19232356	Involved in dimethylarginine binding	region
Q9W0S9	112-185	ECO:0000256|SAM:MobiDB-lite	Disordered	region
Q9W0S9	198-319	ECO:0000256|SAM:MobiDB-lite	Disordered	region
Q9W0T1	1-121		Required for function in nucleosome sliding	region
Q9W0T1	1-125	ECO:0000256|SAM:MobiDB-lite	Disordered	region
Q9W0T1	1026-1048	ECO:0000256|SAM:MobiDB-lite	Disordered	region
Q9W0T1	1135-1159	ECO:0000256|SAM:MobiDB-lite	Disordered	region
Q9W0T1	1406-1425	ECO:0000256|SAM:MobiDB-lite	Disordered	region
Q9W0T1	1559-1596	ECO:0000256|SAM:MobiDB-lite	Disordered	region
Q9W0T1	2181-2203	ECO:0000256|SAM:MobiDB-lite	Disordered	region
Q9W0T1	2283-2307	ECO:0000256|SAM:MobiDB-lite	Disordered	region
Q9W0T1	2382-2432	ECO:0000256|SAM:MobiDB-lite	Disordered	region
Q9W0T1	505-538	ECO:0000256|SAM:MobiDB-lite	Disordered	region
Q9W0V1	206-245	ECO:0000256|SAM:MobiDB-lite	Disordered	region
Q9W0V1	277-322	ECO:0000250|UniProtKB:O15530	PIF-pocket	region
Q9W0V1	401-464	ECO:0000256|SAM:MobiDB-lite	Disordered	region
Q9W0V1	788-836	ECO:0000256|SAM:MobiDB-lite	Disordered	region
Q9W0W6	126-147	ECO:0000256|SAM:MobiDB-lite	Disordered	region
Q9W0Y6	656-675	ECO:0000256|SAM:MobiDB-lite	Disordered	region
Q9W0Y8	1129-1166	ECO:0000256|SAM:MobiDB-lite	Disordered	region
Q9W0Y8	1185-1224	ECO:0000256|SAM:MobiDB-lite	Disordered	region
Q9W0Y8	1268-1288	ECO:0000256|SAM:MobiDB-lite	Disordered	region
Q9W0Y8	1577-1630	ECO:0000256|SAM:MobiDB-lite	Disordered	region
Q9W0Y8	1635-1654	ECO:0000256|SAM:MobiDB-lite	Disordered	region
Q9W0Y8	2457-2479	ECO:0000256|SAM:MobiDB-lite	Disordered	region
Q9W0Y8	2584-2668	ECO:0000256|SAM:MobiDB-lite	Disordered	region
Q9W0Y8	2780-2802	ECO:0000256|SAM:MobiDB-lite	Disordered	region
Q9W0Y8	2818-2844	ECO:0000256|SAM:MobiDB-lite	Disordered	region
Q9W0Y8	452-610	ECO:0000256|SAM:MobiDB-lite	Disordered	region
Q9W123	1-51	ECO:0000256|SAM:MobiDB-lite	Disordered	region
Q9W123	332-358	ECO:0000256|SAM:MobiDB-lite	Disordered	region
Q9W123	432-451	ECO:0000256|SAM:MobiDB-lite	Disordered	region
Q9W123	461-495	ECO:0000256|SAM:MobiDB-lite	Disordered	region
Q9W148	205-224	ECO:0000256|SAM:MobiDB-lite	Disordered	region
Q9W148	259-302	ECO:0000256|SAM:MobiDB-lite	Disordered	region
Q9W148	370-396	ECO:0000256|SAM:MobiDB-lite	Disordered	region
Q9W148	508-527	ECO:0000256|SAM:MobiDB-lite	Disordered	region
Q9W148	567-682	ECO:0000256|SAM:MobiDB-lite	Disordered	region
Q9W148	694-731	ECO:0000256|SAM:MobiDB-lite	Disordered	region
Q9W157	1-30	ECO:0000256|SAM:MobiDB-lite	Disordered	region
Q9W157	130-155	ECO:0000256|SAM:MobiDB-lite	Disordered	region
Q9W157	349-395	ECO:0000256|SAM:MobiDB-lite	Disordered	region
Q9W157	420-466	ECO:0000256|SAM:MobiDB-lite	Disordered	region
Q9W157	916-971	ECO:0000256|SAM:MobiDB-lite	Disordered	region
Q9W1A2	1-23	ECO:0000256|SAM:MobiDB-lite	Disordered	region
Q9W1A2	320-353	ECO:0000256|SAM:MobiDB-lite	Disordered	region
Q9W1A2	606-630	ECO:0000256|SAM:MobiDB-lite	Disordered	region
Q9W1A4	515-570	ECO:0000256|SAM:MobiDB-lite	Disordered	region
Q9W1A4	638-697	ECO:0000256|SAM:MobiDB-lite	Disordered	region
Q9W1B0	1611-1637	ECO:0000256|SAM:MobiDB-lite	Disordered	region
Q9W1B0	538-575	ECO:0000256|SAM:MobiDB-lite	Disordered	region
Q9W1B0	952-971	ECO:0000256|SAM:MobiDB-lite	Disordered	region
Q9W1C5	249-285	ECO:0000256|SAM:MobiDB-lite	Disordered	region
Q9W1C5	36-58	ECO:0000256|SAM:MobiDB-lite	Disordered	region
Q9W1H4	1-84	ECO:0000256|SAM:MobiDB-lite	Disordered	region
Q9W1H4	725-747	ECO:0000256|SAM:MobiDB-lite	Disordered	region
Q9W1I9	34-54	ECO:0000256|SAM:MobiDB-lite	Disordered	region
Q9W1J3	1-54	ECO:0000256|SAM:MobiDB-lite	Disordered	region
Q9W1J3	544-580	ECO:0000256|SAM:MobiDB-lite	Disordered	region
Q9W1J3	633-655	ECO:0000256|SAM:MobiDB-lite	Disordered	region
Q9W1J3	83-165	ECO:0000256|SAM:MobiDB-lite	Disordered	region
Q9W1K5	226-255	ECO:0000256|SAM:MobiDB-lite	Disordered	region
Q9W1M8	971-1000	ECO:0000256|SAM:MobiDB-lite	Disordered	region
Q9W1R4	175-212	ECO:0000256|SAM:MobiDB-lite	Disordered	region
Q9W1R4	452-496	ECO:0000256|SAM:MobiDB-lite	Disordered	region
Q9W1R4	561-588	ECO:0000256|SAM:MobiDB-lite	Disordered	region
Q9W1R4	658-680	ECO:0000256|SAM:MobiDB-lite	Disordered	region
Q9W1R4	707-786	ECO:0000256|SAM:MobiDB-lite	Disordered	region
Q9W1R4	841-872	ECO:0000256|SAM:MobiDB-lite	Disordered	region
Q9W1R4	908-936	ECO:0000256|SAM:MobiDB-lite	Disordered	region
Q9W1R5	1570-1589	ECO:0000256|SAM:MobiDB-lite	Disordered	region
Q9W1R5	1720-1788	ECO:0000256|SAM:MobiDB-lite	Disordered	region
Q9W1R5	1804-1854	ECO:0000256|SAM:MobiDB-lite	Disordered	region
Q9W1R5	202-361	ECO:0000256|SAM:MobiDB-lite	Disordered	region
Q9W1R5	777-821	ECO:0000256|SAM:MobiDB-lite	Disordered	region
Q9W1U4	1-183	ECO:0000255	Globular	region
Q9W1U4	557-608	ECO:0000256|SAM:MobiDB-lite	Disordered	region
Q9W1U4	68-155	ECO:0000256|SAM:MobiDB-lite	Disordered	region
Q9W1V3	1-113	ECO:0000256|SAM:MobiDB-lite	Disordered	region
Q9W1V7	248-271	ECO:0000256|SAM:MobiDB-lite	Disordered	region
Q9W1X4	1012-1081	ECO:0000256|SAM:MobiDB-lite	Disordered	region
Q9W1X4	1044-1711	ECO:0000269|PubMed:17032737	Interaction with emb	region
Q9W1X4	1251-1270	ECO:0000256|SAM:MobiDB-lite	Disordered	region
Q9W1X4	1533-1552	ECO:0000256|SAM:MobiDB-lite	Disordered	region
Q9W1X4	1557-1614	ECO:0000256|SAM:MobiDB-lite	Disordered	region
Q9W1X4	1688-1711	ECO:0000256|SAM:MobiDB-lite	Disordered	region
Q9W1X4	472-1703	ECO:0000305	45 X 2 AA repeats of F-G	region
Q9W1X4	650-672		Leucine-zipper 1	region
Q9W1X4	767-788		Leucine-zipper 2	region
Q9W1X4	886-905	ECO:0000256|SAM:MobiDB-lite	Disordered	region
Q9W1X7	1338-1372	ECO:0000256|SAM:MobiDB-lite	Disordered	region
Q9W1X7	1401-1439	ECO:0000256|SAM:MobiDB-lite	Disordered	region
Q9W1X7	358-625		Interaction with Hsf	region
Q9W1X9	1-20	ECO:0000256|SAM:MobiDB-lite	Disordered	region
Q9W1X9	148-257	ECO:0000256|SAM:MobiDB-lite	Disordered	region
Q9W252	447-466	ECO:0000256|SAM:MobiDB-lite	Disordered	region
Q9W256	1-76	ECO:0000256|SAM:MobiDB-lite	Disordered	region
Q9W261	1-370	ECO:0000256|SAM:MobiDB-lite	Disordered	region
Q9W261	385-427	ECO:0000256|SAM:MobiDB-lite	Disordered	region
Q9W261	673-720	ECO:0000256|SAM:MobiDB-lite	Disordered	region
Q9W261	738-775	ECO:0000256|SAM:MobiDB-lite	Disordered	region
Q9W266	264-285	ECO:0000256|SAM:MobiDB-lite	Disordered	region
Q9W266	298-317	ECO:0000256|SAM:MobiDB-lite	Disordered	region
Q9W266	325-385	ECO:0000256|SAM:MobiDB-lite	Disordered	region
Q9W266	502-523	ECO:0000256|SAM:MobiDB-lite	Disordered	region
Q9W266	539-677	ECO:0000256|SAM:MobiDB-lite	Disordered	region
Q9W278	175-524		Interaction with Dif	region
Q9W2E1	1-63	ECO:0000256|SAM:MobiDB-lite	Disordered	region
Q9W2E1	1261-1301	ECO:0000256|SAM:MobiDB-lite	Disordered	region
Q9W2E1	1336-1480	ECO:0000256|SAM:MobiDB-lite	Disordered	region
Q9W2E1	1643-1663	ECO:0000256|SAM:MobiDB-lite	Disordered	region
Q9W2E1	238-266	ECO:0000256|SAM:MobiDB-lite	Disordered	region
Q9W2E1	323-410	ECO:0000256|SAM:MobiDB-lite	Disordered	region
Q9W2E1	444-535	ECO:0000256|SAM:MobiDB-lite	Disordered	region
Q9W2E1	606-709	ECO:0000256|SAM:MobiDB-lite	Disordered	region
Q9W2E1	724-1208	ECO:0000256|SAM:MobiDB-lite	Disordered	region
Q9W2E1	90-117	ECO:0000256|SAM:MobiDB-lite	Disordered	region
Q9W2F2	1-110	ECO:0000256|SAM:MobiDB-lite	Disordered	region
Q9W2F2	1447-1475	ECO:0000256|SAM:MobiDB-lite	Disordered	region
Q9W2F2	1487-1544	ECO:0000256|SAM:MobiDB-lite	Disordered	region
Q9W2F2	946-973	ECO:0000256|SAM:MobiDB-lite	Disordered	region
Q9W2F2	987-1059	ECO:0000256|SAM:MobiDB-lite	Disordered	region
Q9W2H9	1-169	ECO:0000269|PubMed:31368590	Interaction with Piwi	region
Q9W2H9	198-281	ECO:0000256|SAM:MobiDB-lite	Disordered	region
Q9W2H9	315-343	ECO:0000269|PubMed:31368590, ECO:0000269|PubMed:31384064, ECO:0000269|PubMed:31570835	Nxf2-interacting region (NIR)	region
Q9W2H9	387-446	ECO:0000269|PubMed:31384064	Necessary for interaction with nxf2 and protein stability	region
Q9W2H9	52-75	ECO:0000256|SAM:MobiDB-lite	Disordered	region
Q9W2I4	179-181	ECO:0000255|PROSITE-ProRule:PRU00851	Histone H3K4me3 N-terminus binding	region
Q9W2I4	225-228	ECO:0000255|PROSITE-ProRule:PRU00851	Histone H3K4me3 N-terminus binding	region
Q9W2I4	249-251	ECO:0000255|PROSITE-ProRule:PRU00851	Histone H3K4me3 binding	region
Q9W2M2	303-323	ECO:0000256|SAM:MobiDB-lite	Disordered	region
Q9W2Q1	127-157	ECO:0000256|SAM:MobiDB-lite	Disordered	region
Q9W2Q1	183-240	ECO:0000256|SAM:MobiDB-lite	Disordered	region
Q9W2Q1	278-339	ECO:0000256|SAM:MobiDB-lite	Disordered	region
Q9W2Q1	374-528	ECO:0000256|SAM:MobiDB-lite	Disordered	region
Q9W2Q1	662-810	ECO:0000256|SAM:MobiDB-lite	Disordered	region
Q9W2Q1	822-850	ECO:0000256|SAM:MobiDB-lite	Disordered	region
Q9W2Q7	1-20	ECO:0000256|SAM:MobiDB-lite	Disordered	region
Q9W2Q7	201-226	ECO:0000256|SAM:MobiDB-lite	Disordered	region
Q9W2Q7	391-416	ECO:0000256|SAM:MobiDB-lite	Disordered	region
Q9W2Q7	514-565	ECO:0000256|SAM:MobiDB-lite	Disordered	region
Q9W2Q7	87-111	ECO:0000256|SAM:MobiDB-lite	Disordered	region
Q9W2R3	1-74	ECO:0000256|SAM:MobiDB-lite	Disordered	region
Q9W2R3	105-139	ECO:0000256|SAM:MobiDB-lite	Disordered	region
Q9W2R3	423-446	ECO:0000256|SAM:MobiDB-lite	Disordered	region
Q9W2R3	577-612	ECO:0000256|SAM:MobiDB-lite	Disordered	region
Q9W2R3	640-714	ECO:0000256|SAM:MobiDB-lite	Disordered	region
Q9W2S3	577-626	ECO:0000256|SAM:MobiDB-lite	Disordered	region
Q9W2S3	640-722	ECO:0000256|SAM:MobiDB-lite	Disordered	region
Q9W2U4	175-569	ECO:0000256|SAM:MobiDB-lite	Disordered	region
Q9W345	336-440	ECO:0000256|SAM:MobiDB-lite	Disordered	region
Q9W345	506-525	ECO:0000256|SAM:MobiDB-lite	Disordered	region
Q9W345	669-705	ECO:0000256|SAM:MobiDB-lite	Disordered	region
Q9W345	751-780	ECO:0000256|SAM:MobiDB-lite	Disordered	region
Q9W345	835-862	ECO:0000256|SAM:MobiDB-lite	Disordered	region
Q9W345	881-934	ECO:0000256|SAM:MobiDB-lite	Disordered	region
Q9W349	1-45	ECO:0000256|SAM:MobiDB-lite	Disordered	region
Q9W349	214-263	ECO:0000256|SAM:MobiDB-lite	Disordered	region
Q9W349	774-826	ECO:0000256|SAM:MobiDB-lite	Disordered	region
Q9W349	87-171	ECO:0000256|SAM:MobiDB-lite	Disordered	region
Q9W352	134-183	ECO:0000256|SAM:MobiDB-lite	Disordered	region
Q9W352	230-254	ECO:0000256|SAM:MobiDB-lite	Disordered	region
Q9W354	364-419	ECO:0000256|SAM:MobiDB-lite	Disordered	region
Q9W354	452-477	ECO:0000256|SAM:MobiDB-lite	Disordered	region
Q9W354	588-608	ECO:0000256|SAM:MobiDB-lite	Disordered	region
Q9W354	711-742	ECO:0000256|SAM:MobiDB-lite	Disordered	region
Q9W354	792-813	ECO:0000256|SAM:MobiDB-lite	Disordered	region
Q9W354	883-916	ECO:0000256|SAM:MobiDB-lite	Disordered	region
Q9W358	308-329	ECO:0000256|SAM:MobiDB-lite	Disordered	region
Q9W358	473-493	ECO:0000256|SAM:MobiDB-lite	Disordered	region
Q9W379	1-21	ECO:0000256|SAM:MobiDB-lite	Disordered	region
Q9W379	414-457	ECO:0000256|SAM:MobiDB-lite	Disordered	region
Q9W391	1052-1089	ECO:0000255	Calmodulin-binding	region
Q9W391	853-883	ECO:0000255	Calmodulin-binding	region
Q9W3C0	1-37	ECO:0000256|SAM:MobiDB-lite	Disordered	region
Q9W3C0	155-189	ECO:0000256|SAM:MobiDB-lite	Disordered	region
Q9W3C0	206-237	ECO:0000256|SAM:MobiDB-lite	Disordered	region
Q9W3C1	950-1008	ECO:0000256|SAM:MobiDB-lite	Disordered	region
Q9W3C2	253-323	ECO:0000256|SAM:MobiDB-lite	Disordered	region
Q9W3C2	440-459	ECO:0000256|SAM:MobiDB-lite	Disordered	region
Q9W3C2	90-110	ECO:0000256|SAM:MobiDB-lite	Disordered	region
Q9W3D3	1245-1311	ECO:0000256|SAM:MobiDB-lite	Disordered	region
Q9W3D3	1415-1435	ECO:0000256|SAM:MobiDB-lite	Disordered	region
Q9W3D3	997-1160	ECO:0000256|SAM:MobiDB-lite	Disordered	region
Q9W3E1	818-840	ECO:0000256|SAM:MobiDB-lite	Disordered	region
Q9W3E2	1-55	ECO:0000256|SAM:MobiDB-lite	Disordered	region
Q9W3E2	1060-1195	ECO:0000256|SAM:MobiDB-lite	Disordered	region
Q9W3E2	291-471	ECO:0000256|SAM:MobiDB-lite	Disordered	region
Q9W3E2	400-450	ECO:0000269|PubMed:26481050, ECO:0000269|PubMed:32579558	Phospho-regulated basic and hydrophobic (PRBH) motif	region
Q9W3E2	493-515	ECO:0000256|SAM:MobiDB-lite	Disordered	region
Q9W3E2	544-567	ECO:0000256|SAM:MobiDB-lite	Disordered	region
Q9W3E2	613-637	ECO:0000256|SAM:MobiDB-lite	Disordered	region
Q9W3E2	702-771	ECO:0000256|SAM:MobiDB-lite	Disordered	region
Q9W3E2	833-977	ECO:0000256|SAM:MobiDB-lite	Disordered	region
Q9W3E2	85-132	ECO:0000256|SAM:MobiDB-lite	Disordered	region
Q9W3F7	210-239	ECO:0000256|SAM:MobiDB-lite	Disordered	region
Q9W3F7	47-73	ECO:0000256|SAM:MobiDB-lite	Disordered	region
Q9W3J8	1-34	ECO:0000256|SAM:MobiDB-lite	Disordered	region
Q9W3J8	599-620	ECO:0000256|SAM:MobiDB-lite	Disordered	region
Q9W3K5	484-576	ECO:0000256|SAM:MobiDB-lite	Disordered	region
Q9W3M2	440-472	ECO:0000256|SAM:MobiDB-lite	Disordered	region
Q9W3M3	1-48	ECO:0000256|SAM:MobiDB-lite	Disordered	region
Q9W3M3	1348-1367	ECO:0000256|SAM:MobiDB-lite	Disordered	region
Q9W3M3	1440-1464	ECO:0000256|SAM:MobiDB-lite	Disordered	region
Q9W3M3	1872-1902	ECO:0000256|SAM:MobiDB-lite	Disordered	region
Q9W3M3	1935-1954	ECO:0000256|SAM:MobiDB-lite	Disordered	region
Q9W3M3	78-134	ECO:0000256|SAM:MobiDB-lite	Disordered	region
Q9W3N6	1-22	ECO:0000256|SAM:MobiDB-lite	Disordered	region
Q9W3N6	803-836	ECO:0000256|SAM:MobiDB-lite	Disordered	region
Q9W3U1	1-50	ECO:0000256|SAM:MobiDB-lite	Disordered	region
Q9W3W5	34-112	ECO:0000256|SAM:MobiDB-lite	Disordered	region
Q9W3W8	159-186	ECO:0000256|SAM:MobiDB-lite	Disordered	region
Q9W3Y0	110-162	ECO:0000256|SAM:MobiDB-lite	Disordered	region
Q9W3Y1	293-317	ECO:0000256|SAM:MobiDB-lite	Disordered	region
Q9W3Y1	340-433	ECO:0000256|SAM:MobiDB-lite	Disordered	region
Q9W3Y1	650-674	ECO:0000256|SAM:MobiDB-lite	Disordered	region
Q9W3Y4	218-245	ECO:0000256|SAM:MobiDB-lite	Disordered	region
Q9W3Y4	397-543	ECO:0000256|SAM:MobiDB-lite	Disordered	region
Q9W3Y4	557-624	ECO:0000256|SAM:MobiDB-lite	Disordered	region
Q9W3Y4	666-685	ECO:0000256|SAM:MobiDB-lite	Disordered	region
Q9W3Y4	693-803	ECO:0000256|SAM:MobiDB-lite	Disordered	region
Q9W3Y4	910-977	ECO:0000256|SAM:MobiDB-lite	Disordered	region
Q9W3Y5	183-237	ECO:0000256|SAM:MobiDB-lite	Disordered	region
Q9W3Y5	265-296	ECO:0000256|SAM:MobiDB-lite	Disordered	region
Q9W3Y5	32-58	ECO:0000256|SAM:MobiDB-lite	Disordered	region
Q9W3Y5	73-166	ECO:0000256|SAM:MobiDB-lite	Disordered	region
Q9W415	42-92	ECO:0000256|SAM:MobiDB-lite	Disordered	region
Q9W420	1-99	ECO:0000256|SAM:MobiDB-lite	Disordered	region
Q9W420	117-199	ECO:0000256|SAM:MobiDB-lite	Disordered	region
Q9W420	1531-1587	ECO:0000256|SAM:MobiDB-lite	Disordered	region
Q9W420	1602-1716	ECO:0000256|SAM:MobiDB-lite	Disordered	region
Q9W420	1730-1831	ECO:0000256|SAM:MobiDB-lite	Disordered	region
Q9W420	221-240	ECO:0000256|SAM:MobiDB-lite	Disordered	region
Q9W420	470-501	ECO:0000256|SAM:MobiDB-lite	Disordered	region
Q9W422	1-37	ECO:0000256|SAM:MobiDB-lite	Disordered	region
Q9W436	146-167	ECO:0000256|SAM:MobiDB-lite	Disordered	region
Q9W436	41-63	ECO:0000256|SAM:MobiDB-lite	Disordered	region
Q9W462	267-300	ECO:0000256|SAM:MobiDB-lite	Disordered	region
Q9W484	863-883	ECO:0000256|SAM:MobiDB-lite	Disordered	region
Q9W485	1053-1086	ECO:0000256|SAM:MobiDB-lite	Disordered	region
Q9W485	1125-1180	ECO:0000256|SAM:MobiDB-lite	Disordered	region
Q9W485	653-824	ECO:0000256|SAM:MobiDB-lite	Disordered	region
Q9W485	864-895	ECO:0000256|SAM:MobiDB-lite	Disordered	region
Q9W495	821-853	ECO:0000256|SAM:MobiDB-lite	Disordered	region
Q9W4C3	1-44	ECO:0000256|SAM:MobiDB-lite	Disordered	region
Q9W4C3	1037-1089	ECO:0000256|SAM:MobiDB-lite	Disordered	region
Q9W4C3	215-264	ECO:0000256|SAM:MobiDB-lite	Disordered	region
Q9W4C3	513-547	ECO:0000256|SAM:MobiDB-lite	Disordered	region
Q9W4C3	570-762	ECO:0000256|SAM:MobiDB-lite	Disordered	region
Q9W4C3	795-833	ECO:0000256|SAM:MobiDB-lite	Disordered	region
Q9W4C5	1-38	ECO:0000256|SAM:MobiDB-lite	Disordered	region
Q9W4D2	1-149	ECO:0000256|SAM:MobiDB-lite	Disordered	region
Q9W4D2	629-713	ECO:0000256|SAM:MobiDB-lite	Disordered	region
Q9W4D2	862-941	ECO:0000256|SAM:MobiDB-lite	Disordered	region
Q9W4E2	1363-1382	ECO:0000256|SAM:MobiDB-lite	Disordered	region
Q9W4E2	1393-1465	ECO:0000256|SAM:MobiDB-lite	Disordered	region
Q9W4E2	1545-1583	ECO:0000256|SAM:MobiDB-lite	Disordered	region
Q9W4E2	1601-1695	ECO:0000256|SAM:MobiDB-lite	Disordered	region
Q9W4E2	1716-1767	ECO:0000256|SAM:MobiDB-lite	Disordered	region
Q9W4E2	1794-1848	ECO:0000256|SAM:MobiDB-lite	Disordered	region
Q9W4E2	2105-2130	ECO:0000256|SAM:MobiDB-lite	Disordered	region
Q9W4E2	2198-2257	ECO:0000256|SAM:MobiDB-lite	Disordered	region
Q9W4E2	2284-2365	ECO:0000256|SAM:MobiDB-lite	Disordered	region
Q9W4E2	523-565	ECO:0000256|SAM:MobiDB-lite	Disordered	region
Q9W4I5	177-252	ECO:0000256|SAM:MobiDB-lite	Disordered	region
Q9W4K2	141-164	ECO:0000256|SAM:MobiDB-lite	Disordered	region
Q9W4K2	61-119	ECO:0000256|SAM:MobiDB-lite	Disordered	region
Q9W4M9	1-30	ECO:0000256|SAM:MobiDB-lite	Disordered	region
Q9W4M9	454-475	ECO:0000256|SAM:MobiDB-lite	Disordered	region
Q9W4M9	701-746	ECO:0000256|SAM:MobiDB-lite	Disordered	region
Q9W4S1	217-244	ECO:0000256|SAM:MobiDB-lite	Disordered	region
Q9W4S1	260-300	ECO:0000256|SAM:MobiDB-lite	Disordered	region
Q9W4S7	288-376	ECO:0000256|SAM:MobiDB-lite	Disordered	region
Q9W4S7	462-535	ECO:0000256|SAM:MobiDB-lite	Disordered	region
Q9W4S7	555-584	ECO:0000256|SAM:MobiDB-lite	Disordered	region
Q9W4S7	625-638	ECO:0000255|PROSITE-ProRule:PRU00981	Basic motif	region
Q9W4S7	639-677	ECO:0000255|PROSITE-ProRule:PRU00981	Helix-loop-helix motif	region
Q9W4S9	31-333	ECO:0000256|SAM:MobiDB-lite	Disordered	region
Q9W4S9	349-370	ECO:0000256|SAM:MobiDB-lite	Disordered	region
Q9W4S9	400-429	ECO:0000256|SAM:MobiDB-lite	Disordered	region
Q9W4S9	528-566	ECO:0000256|SAM:MobiDB-lite	Disordered	region
Q9W4S9	920-983	ECO:0000256|SAM:MobiDB-lite	Disordered	region
Q9W4T4	1146-1209	ECO:0000256|SAM:MobiDB-lite	Disordered	region
Q9W4T4	16-35	ECO:0000256|SAM:MobiDB-lite	Disordered	region
Q9W4T4	275-353	ECO:0000256|SAM:MobiDB-lite	Disordered	region
Q9W4T4	372-403	ECO:0000256|SAM:MobiDB-lite	Disordered	region
Q9W4T4	442-498	ECO:0000256|SAM:MobiDB-lite	Disordered	region
Q9W4T4	59-82	ECO:0000256|SAM:MobiDB-lite	Disordered	region
Q9W4T4	626-655	ECO:0000256|SAM:MobiDB-lite	Disordered	region
Q9W4T4	754-792	ECO:0000256|SAM:MobiDB-lite	Disordered	region
Q9W4V8	112-138	ECO:0000256|SAM:MobiDB-lite	Disordered	region
Q9W4Y2	24-52	ECO:0000256|SAM:MobiDB-lite	Disordered	region
Q9W4Y2	536-573	ECO:0000256|SAM:MobiDB-lite	Disordered	region
Q9W4Y2	590-614	ECO:0000256|SAM:MobiDB-lite	Disordered	region
Q9W517	1038-1068	ECO:0000256|SAM:MobiDB-lite	Disordered	region
Q9W517	1112-1141	ECO:0000256|SAM:MobiDB-lite	Disordered	region
Q9W517	119-277	ECO:0000256|SAM:MobiDB-lite	Disordered	region
Q9W517	1708-1741	ECO:0000256|SAM:MobiDB-lite	Disordered	region
Q9W517	291-472	ECO:0000256|SAM:MobiDB-lite	Disordered	region
Q9W517	490-612	ECO:0000256|SAM:MobiDB-lite	Disordered	region
Q9W517	675-810	ECO:0000256|SAM:MobiDB-lite	Disordered	region
Q9W517	68-100	ECO:0000256|SAM:MobiDB-lite	Disordered	region
Q9W517	823-963	ECO:0000256|SAM:MobiDB-lite	Disordered	region
Q9W534	258-302	ECO:0000256|SAM:MobiDB-lite	Disordered	region
Q9W534	461-490	ECO:0000256|SAM:MobiDB-lite	Disordered	region
Q9W534	562-622	ECO:0000256|SAM:MobiDB-lite	Disordered	region
Q9W534	636-670	ECO:0000256|SAM:MobiDB-lite	Disordered	region
Q9W539	1015-1101	ECO:0000256|SAM:MobiDB-lite	Disordered	region
Q9W539	1142-1210	ECO:0000256|SAM:MobiDB-lite	Disordered	region
Q9W539	1341-1371	ECO:0000256|SAM:MobiDB-lite	Disordered	region
Q9W539	145-327	ECO:0000256|SAM:MobiDB-lite	Disordered	region
Q9W539	30-50	ECO:0000256|SAM:MobiDB-lite	Disordered	region
Q9W539	380-587	ECO:0000256|SAM:MobiDB-lite	Disordered	region
Q9W539	672-820	ECO:0000256|SAM:MobiDB-lite	Disordered	region
Q9W539	887-913	ECO:0000256|SAM:MobiDB-lite	Disordered	region
Q9W552	298-478	ECO:0000256|SAM:MobiDB-lite	Disordered	region
Q9W568	154-185	ECO:0000256|SAM:MobiDB-lite	Disordered	region
Q9W568	31-64	ECO:0000256|SAM:MobiDB-lite	Disordered	region
Q9W568	90-132	ECO:0000256|SAM:MobiDB-lite	Disordered	region
Q9W590	1-21	ECO:0000256|SAM:MobiDB-lite	Disordered	region
Q9W590	574-606	ECO:0000256|SAM:MobiDB-lite	Disordered	region
Q9W596	1-97	ECO:0000256|SAM:MobiDB-lite	Disordered	region
Q9W596	1086-1111	ECO:0000256|SAM:MobiDB-lite	Disordered	region
Q9W596	1128-1167	ECO:0000256|SAM:MobiDB-lite	Disordered	region
Q9W596	1185-1204	ECO:0000256|SAM:MobiDB-lite	Disordered	region
Q9W596	1255-1275	ECO:0000256|SAM:MobiDB-lite	Disordered	region
Q9W596	1306-1358	ECO:0000256|SAM:MobiDB-lite	Disordered	region
Q9W596	1402-1840	ECO:0000256|SAM:MobiDB-lite	Disordered	region
Q9W596	1469-4032		53 X approximate repeat	region
Q9W596	1866-2631	ECO:0000256|SAM:MobiDB-lite	Disordered	region
Q9W596	2709-2810	ECO:0000256|SAM:MobiDB-lite	Disordered	region
Q9W596	2830-4166	ECO:0000256|SAM:MobiDB-lite	Disordered	region
Q9W596	4196-4230	ECO:0000256|SAM:MobiDB-lite	Disordered	region
Q9W596	4362-4612	ECO:0000256|SAM:MobiDB-lite	Disordered	region
Q9W596	4636-4668	ECO:0000256|SAM:MobiDB-lite	Disordered	region
Q9W596	4687-4975	ECO:0000256|SAM:MobiDB-lite	Disordered	region
Q9W596	5035-5065	ECO:0000256|SAM:MobiDB-lite	Disordered	region
Q9W596	5101-5138	ECO:0000256|SAM:MobiDB-lite	Disordered	region
Q9W596	5170-5199	ECO:0000256|SAM:MobiDB-lite	Disordered	region
Q9W596	5328-5350	ECO:0000256|SAM:MobiDB-lite	Disordered	region
Q9W596	656-975	ECO:0000256|SAM:MobiDB-lite	Disordered	region
Q9W596	988-1074	ECO:0000256|SAM:MobiDB-lite	Disordered	region
Q9W5A5	446-576	ECO:0000256|SAM:MobiDB-lite	Disordered	region
Q9W5B6	154-156	ECO:0000250	Interaction with tRNA	region
Q9W5B6	317-318	ECO:0000250	Interaction with tRNA	region
Q9W5B6	94-96	ECO:0000250	Interaction with target base in tRNA	region
Q9W5D0	1-73	ECO:0000256|SAM:MobiDB-lite	Disordered	region
Q9W5D0	1713-1748	ECO:0000256|SAM:MobiDB-lite	Disordered	region
Q9W5D0	1764-1820	ECO:0000256|SAM:MobiDB-lite	Disordered	region
Q9W5D0	226-260	ECO:0000256|SAM:MobiDB-lite	Disordered	region
Q9W5D0	286-366	ECO:0000256|SAM:MobiDB-lite	Disordered	region
Q9W5D0	453-497	ECO:0000256|SAM:MobiDB-lite	Disordered	region
Q9W5D0	519-548	ECO:0000256|SAM:MobiDB-lite	Disordered	region
Q9W5D0	577-597	ECO:0000256|SAM:MobiDB-lite	Disordered	region
Q9W5D0	619-689	ECO:0000256|SAM:MobiDB-lite	Disordered	region
Q9W5D0	735-830	ECO:0000256|SAM:MobiDB-lite	Disordered	region
Q9W5D0	86-158	ECO:0000256|SAM:MobiDB-lite	Disordered	region
Q9W5D4	1-31	ECO:0000256|SAM:MobiDB-lite	Disordered	region
Q9W5E0	1-136	ECO:0000256|SAM:MobiDB-lite	Disordered	region
Q9W5E0	1006-1188	ECO:0000256|SAM:MobiDB-lite	Disordered	region
Q9W5E0	1212-1233	ECO:0000256|SAM:MobiDB-lite	Disordered	region
Q9W5E0	1263-1300	ECO:0000256|SAM:MobiDB-lite	Disordered	region
Q9W5E0	432-490	ECO:0000256|SAM:MobiDB-lite	Disordered	region
Q9W5E0	535-574	ECO:0000256|SAM:MobiDB-lite	Disordered	region
Q9W5E0	669-744	ECO:0000256|SAM:MobiDB-lite	Disordered	region
Q9W5E0	756-856	ECO:0000256|SAM:MobiDB-lite	Disordered	region
Q9W5E0	891-927	ECO:0000256|SAM:MobiDB-lite	Disordered	region
Q9W5E0	956-988	ECO:0000256|SAM:MobiDB-lite	Disordered	region
Q9W5E4	1-62	ECO:0000256|SAM:MobiDB-lite	Disordered	region
Q9W5E4	1111-1133	ECO:0000256|SAM:MobiDB-lite	Disordered	region
Q9W5E4	718-764	ECO:0000256|SAM:MobiDB-lite	Disordered	region
Q9W5E4	924-943	ECO:0000256|SAM:MobiDB-lite	Disordered	region
Q9W5N0	166-187	ECO:0000256|SAM:MobiDB-lite	Disordered	region
Q9W5U2	592-645	ECO:0000256|SAM:MobiDB-lite	Disordered	region
Q9W5U2	753-789	ECO:0000256|SAM:MobiDB-lite	Disordered	region
Q9W5U2	921-958	ECO:0000256|SAM:MobiDB-lite	Disordered	region
Q9XTN2	248-269	ECO:0000256|SAM:MobiDB-lite	Disordered	region
Q9XTN2	304-370	ECO:0000256|SAM:MobiDB-lite	Disordered	region
Q9XTN2	528-555	ECO:0000256|SAM:MobiDB-lite	Disordered	region
Q9XTN2	697-739	ECO:0000256|SAM:MobiDB-lite	Disordered	region
Q9XTN2	922-968	ECO:0000256|SAM:MobiDB-lite	Disordered	region
Q9XYF4	114-125	ECO:0000269|PubMed:14517550	Required for binding Diap1	region
Q9XYQ2	1-69	ECO:0000256|SAM:MobiDB-lite	Disordered	region
Q9XYU1	655-717	ECO:0000256|SAM:MobiDB-lite	Disordered	region
Q9XZ08	1-33	ECO:0000256|SAM:MobiDB-lite	Disordered	region
Q9XZ25	466-490	ECO:0000256|SAM:MobiDB-lite	Disordered	region
Q9XZ34	1021-1054	ECO:0000256|SAM:MobiDB-lite	Disordered	region
Q9XZ34	1166-1186	ECO:0000256|SAM:MobiDB-lite	Disordered	region
Q9XZ34	789-858	ECO:0000256|SAM:MobiDB-lite	Disordered	region
Q9XZ34	886-984	ECO:0000256|SAM:MobiDB-lite	Disordered	region
Q9XZL8	1-111	ECO:0000256|SAM:MobiDB-lite	Disordered	region
Q9XZS3	1-64	ECO:0000256|SAM:MobiDB-lite	Disordered	region
Q9XZS8	133-218	ECO:0000256|SAM:MobiDB-lite	Disordered	region
Q9XZS8	207-229	ECO:0000255|PROSITE-ProRule:PRU00978	Basic motif	region
Q9XZS8	233-261	ECO:0000255|PROSITE-ProRule:PRU00978	Leucine-zipper	region
Q9XZS8	337-446	ECO:0000256|SAM:MobiDB-lite	Disordered	region
Q9XZS8	77-115	ECO:0000256|SAM:MobiDB-lite	Disordered	region
Q9XZT7	16-43	ECO:0000256|SAM:MobiDB-lite	Disordered	region
Q9Y091	1-91	ECO:0000256|SAM:MobiDB-lite	Disordered	region
Q9Y091	424-450	ECO:0000256|SAM:MobiDB-lite	Disordered	region
Q9Y0A7	76-131	ECO:0000256|SAM:MobiDB-lite	Disordered	region
Q9Y0E4	1-140	ECO:0000256|SAM:MobiDB-lite	Disordered	region
Q9Y0E4	1-1774	ECO:0000269|PubMed:15579692	Required for apical microtubules localization	region
Q9Y0E4	1000-1031	ECO:0000256|SAM:MobiDB-lite	Disordered	region
Q9Y0E4	1115-1157	ECO:0000256|SAM:MobiDB-lite	Disordered	region
Q9Y0E4	1246-1316	ECO:0000256|SAM:MobiDB-lite	Disordered	region
Q9Y0E4	1533-1670	ECO:0000256|SAM:MobiDB-lite	Disordered	region
Q9Y0E4	2092-2205	ECO:0000256|SAM:MobiDB-lite	Disordered	region
Q9Y0E4	345-410	ECO:0000256|SAM:MobiDB-lite	Disordered	region
Q9Y0E4	442-475	ECO:0000256|SAM:MobiDB-lite	Disordered	region
Q9Y0E4	514-561	ECO:0000256|SAM:MobiDB-lite	Disordered	region
Q9Y0E4	800-832	ECO:0000256|SAM:MobiDB-lite	Disordered	region
Q9Y0E4	859-898	ECO:0000256|SAM:MobiDB-lite	Disordered	region
Q9Y0H4	1-45	ECO:0000256|SAM:MobiDB-lite	Disordered	region
Q9Y0H4	226-297	ECO:0000256|SAM:MobiDB-lite	Disordered	region
Q9Y0H4	330-366	ECO:0000256|SAM:MobiDB-lite	Disordered	region
Q9Y0I1	88-243	ECO:0000256|SAM:MobiDB-lite	Disordered	region
Q9Y0V3	75-117	ECO:0000256|SAM:MobiDB-lite	Disordered	region
Q9Y0Y6	1-60	ECO:0000256|SAM:MobiDB-lite	Disordered	region
Q9Y0Y6	465-489	ECO:0000256|SAM:MobiDB-lite	Disordered	region
Q9Y0Y6	617-637	ECO:0000256|SAM:MobiDB-lite	Disordered	region
Q9Y0Y6	74-99	ECO:0000256|SAM:MobiDB-lite	Disordered	region
Q9Y103	22-164	ECO:0000256|SAM:MobiDB-lite	Disordered	region
Q9Y105	188-219	ECO:0000256|SAM:MobiDB-lite	Disordered	region
Q9Y117	149-259		Catalytic subdomain A	region
Q9Y117	321-383		Catalytic subdomain B	region
Q9Y118	128-431	ECO:0000256|SAM:MobiDB-lite	Disordered	region
Q9Y118	64-80	ECO:0000269|PubMed:31100062	Necessary for function, possibly resulting from its inability to interact with PolD2	region
Q9Y149	221-253	ECO:0000256|SAM:MobiDB-lite	Disordered	region
Q9Y149	351-479	ECO:0000256|SAM:MobiDB-lite	Disordered	region
Q9Y149	63-95	ECO:0000256|SAM:MobiDB-lite	Disordered	region
Q9Y1B2	186-222	ECO:0000256|SAM:MobiDB-lite	Disordered	region
Q9Y1I2	268-287	ECO:0000256|SAM:MobiDB-lite	Disordered	region
X2JAU8	361-381	ECO:0000256|SAM:MobiDB-lite	Disordered	region
X2JAU8	431-536	ECO:0000256|SAM:MobiDB-lite	Disordered	region
X2JAU8	722-747	ECO:0000256|SAM:MobiDB-lite	Disordered	region
X2JAU8	769-837	ECO:0000256|SAM:MobiDB-lite	Disordered	region
X2JAU8	864-917	ECO:0000256|SAM:MobiDB-lite	Disordered	region
X2JDY8	824-866	ECO:0000256|SAM:MobiDB-lite	Disordered	region
