entry	pos	evidence	note	origin
A0A0B4K692	21-41	ECO:0000255	Helical; Signal-anchor for type II membrane protein	transmembrane
A0A0B4K753	15-37	ECO:0000255	Helical	transmembrane
A0A0B4KEE4	303-323	ECO:0000255	Helical	transmembrane
A0A0B4KEE4	343-363	ECO:0000255	Helical	transmembrane
A0A0B4LFY9	109-129	ECO:0000255	Helical	transmembrane
A0A0B4LFY9	195-215	ECO:0000255	Helical	transmembrane
A0A0B4LFY9	87-107	ECO:0000255	Helical	transmembrane
A0A0B7P9G0	183-203	ECO:0000255	Helical	transmembrane
A0A0B7P9G0	245-265	ECO:0000255	Helical	transmembrane
A0A0B7P9G0	268-288	ECO:0000255	Helical	transmembrane
A0A0B7P9G0	299-319	ECO:0000255	Helical	transmembrane
A0A0U1QT59	1309-1329	ECO:0000255	Helical	transmembrane
A0A0U1QT59	1359-1379	ECO:0000255	Helical	transmembrane
A0A0U1QT59	1424-1444	ECO:0000255	Helical	transmembrane
A0A0U1QT59	354-374	ECO:0000255	Helical	transmembrane
A0A0U1QT59	396-418	ECO:0000255	Helical	transmembrane
A0A0U1QT59	433-453	ECO:0000255	Helical	transmembrane
A0A0U1QT59	527-547	ECO:0000255	Helical	transmembrane
A0A0U1QT59	568-588	ECO:0000255	Helical	transmembrane
A0A0U1QT59	600-620	ECO:0000255	Helical	transmembrane
A0A1F4	123-143	ECO:0000255	Helical	transmembrane
A1Z6H7	1776-1796	ECO:0000255	Helical	transmembrane
A1Z746	405-427	ECO:0000255|HAMAP-Rule:MF_03018	Helical	transmembrane
A1Z746	440-462	ECO:0000255|HAMAP-Rule:MF_03018	Helical	transmembrane
A1Z7G7	754-774	ECO:0000255	Helical; Name=1	transmembrane
A1Z7G7	788-808	ECO:0000255	Helical; Name=2	transmembrane
A1Z7G7	815-835	ECO:0000255	Helical; Name=3	transmembrane
A1Z7G7	862-882	ECO:0000255	Helical; Name=4	transmembrane
A1Z7G7	907-927	ECO:0000255	Helical; Name=5	transmembrane
A1Z7G7	955-975	ECO:0000255	Helical; Name=6	transmembrane
A1Z7G7	986-1006	ECO:0000255	Helical; Name=7	transmembrane
A1Z7L1	211-228	ECO:0000255	Helical	transmembrane
A1Z7L1	299-315	ECO:0000255	Helical	transmembrane
A1Z7L8	240-260	ECO:0000255	Helical	transmembrane
A1Z7R6	128-148	ECO:0000255	Helical	transmembrane
A1Z7R6	159-179	ECO:0000255	Helical	transmembrane
A1Z7R6	197-217	ECO:0000255	Helical	transmembrane
A1Z7R6	230-250	ECO:0000255	Helical	transmembrane
A1Z7R6	259-279	ECO:0000255	Helical	transmembrane
A1Z7R6	320-340	ECO:0000255	Helical	transmembrane
A1Z7R6	363-383	ECO:0000255	Helical	transmembrane
A1Z7R6	390-408	ECO:0000255	Helical	transmembrane
A1Z7R6	451-471	ECO:0000255	Helical	transmembrane
A1Z7R6	484-504	ECO:0000255	Helical	transmembrane
A1Z7R6	58-78	ECO:0000255	Helical	transmembrane
A1Z7U3	5-25	ECO:0000255	Helical	transmembrane
A1Z8N1	393-413	ECO:0000255	Helical; Name=1	transmembrane
A1Z8N1	441-461	ECO:0000255	Helical; Name=2	transmembrane
A1Z8N1	474-494	ECO:0000255	Helical; Name=3	transmembrane
A1Z8N1	498-518	ECO:0000255	Helical; Name=4	transmembrane
A1Z8N1	529-549	ECO:0000255	Helical; Name=5	transmembrane
A1Z8N1	553-573	ECO:0000255	Helical; Name=6	transmembrane
A1Z8N1	637-657	ECO:0000255	Helical; Name=7	transmembrane
A1Z8N1	674-694	ECO:0000255	Helical; Name=8	transmembrane
A1Z8N1	701-721	ECO:0000255	Helical; Name=9	transmembrane
A1Z8N1	741-761	ECO:0000255	Helical; Name=10	transmembrane
A1Z8N1	768-788	ECO:0000255	Helical; Name=11	transmembrane
A1Z8N1	802-822	ECO:0000255	Helical; Name=12	transmembrane
A1Z8R8	147-167	ECO:0000255	Helical	transmembrane
A1Z8R8	183-203	ECO:0000255	Helical	transmembrane
A1Z8R8	224-244	ECO:0000255	Helical	transmembrane
A1Z8R8	248-268	ECO:0000255	Helical	transmembrane
A1Z8R8	277-297	ECO:0000255	Helical	transmembrane
A1Z8R8	312-332	ECO:0000255	Helical	transmembrane
A1Z8R8	74-94	ECO:0000255	Helical	transmembrane
A1ZA77	111-131	ECO:0000255	Helical	transmembrane
A1ZA77	30-50	ECO:0000255	Helical	transmembrane
A1ZA77	54-74	ECO:0000255	Helical	transmembrane
A1ZAG4	325-347	ECO:0000255	Helical	transmembrane
A1ZAI3	386-406	ECO:0000255	Helical	transmembrane
A1ZAI3	500-520	ECO:0000255	Helical	transmembrane
A1ZAI3	522-542	ECO:0000255	Helical	transmembrane
A1ZAI5	578-597	ECO:0000255	Helical	transmembrane
A1ZAX0	118-138	ECO:0000255	Helical; Name=2	transmembrane
A1ZAX0	163-183	ECO:0000255	Helical; Name=3	transmembrane
A1ZAX0	204-224	ECO:0000255	Helical; Name=4	transmembrane
A1ZAX0	260-280	ECO:0000255	Helical; Name=5	transmembrane
A1ZAX0	310-330	ECO:0000255	Helical; Name=6	transmembrane
A1ZAX0	349-369	ECO:0000255	Helical; Name=7	transmembrane
A1ZAX0	86-106	ECO:0000255	Helical; Name=1	transmembrane
A1ZBD6	729-749	ECO:0000255	Helical	transmembrane
A1ZBD6	826-846	ECO:0000255	Helical	transmembrane
A2VEY9	191-211	ECO:0000255	Helical	transmembrane
A2VEY9	233-253	ECO:0000255	Helical	transmembrane
A2VEY9	347-367	ECO:0000255	Helical	transmembrane
A2VEY9	43-63	ECO:0000255	Helical	transmembrane
A2VEY9	72-92	ECO:0000255	Helical	transmembrane
A4VCL2	13-33	ECO:0000255	Helical	transmembrane
A6MHQ4	1-22	ECO:0000255	Helical	transmembrane
A6MHQ4	152-172	ECO:0000255	Helical	transmembrane
A6MHQ4	31-51	ECO:0000255	Helical	transmembrane
A6MHQ4	64-84	ECO:0000255	Helical	transmembrane
A8DYE2	1025-1045	ECO:0000255	Helical	transmembrane
A8DYE2	1058-1078	ECO:0000255	Helical	transmembrane
A8DYE2	1137-1157	ECO:0000255	Helical	transmembrane
A8DYE2	654-674	ECO:0000255	Helical	transmembrane
A8DYE2	928-948	ECO:0000255	Helical	transmembrane
A8DYE2	993-1013	ECO:0000255	Helical	transmembrane
B5A5T4	136-156	ECO:0000255	Helical	transmembrane
B7YZT2	125-145	ECO:0000255	Helical	transmembrane
B7YZU2	48-68	ECO:0000255	Helical; Signal-anchor for type II membrane protein	transmembrane
B7Z031	435-455	ECO:0000255	Helical	transmembrane
B7Z031	8-28	ECO:0000255	Helical	transmembrane
B7Z0K8	105-125	ECO:0000255	Helical; Signal-anchor for type II membrane protein	transmembrane
B7Z0W9	1019-1039	ECO:0000255	Helical	transmembrane
B7Z0W9	1051-1071	ECO:0000255	Helical	transmembrane
B7Z0W9	1084-1104	ECO:0000255	Helical	transmembrane
B7Z0W9	1179-1199	ECO:0000255	Helical	transmembrane
B7Z0W9	1239-1259	ECO:0000255	Helical	transmembrane
B7Z0W9	1272-1292	ECO:0000255	Helical	transmembrane
B7Z0W9	1310-1330	ECO:0000255	Helical	transmembrane
B7Z0W9	1340-1360	ECO:0000255	Helical	transmembrane
B7Z0W9	1381-1401	ECO:0000255	Helical	transmembrane
B7Z0W9	1412-1432	ECO:0000255	Helical	transmembrane
B7Z0W9	741-761	ECO:0000255	Helical	transmembrane
B7Z0W9	891-911	ECO:0000255	Helical	transmembrane
B7Z0W9	931-951	ECO:0000255	Helical	transmembrane
B7Z0X7	10-32	ECO:0000255	Helical	transmembrane
C0HJH3	7-27	ECO:0000255	Helical	transmembrane
C0HJH4	7-27	ECO:0000255	Helical	transmembrane
E1JI63	523-543	ECO:0000255	Helical	transmembrane
E1JI63	7-27	ECO:0000255	Helical	transmembrane
E1JIB2	15-34	ECO:0000255	Helical	transmembrane
E9NA96	563-583	ECO:0000255	Helical	transmembrane
E9NA96	642-662	ECO:0000255	Helical	transmembrane
E9NA96	859-879	ECO:0000255	Helical	transmembrane
F3YDF1	257-277	ECO:0000255	Helical	transmembrane
M9MRD1	12296-12316	ECO:0000255|PROSITE-ProRule:PRU00385	Helical; Anchor for type IV membrane protein	transmembrane
M9MSG8	1022-1042	ECO:0000255	Helical; Name=23	transmembrane
M9MSG8	106-126	ECO:0000255	Helical; Name=4	transmembrane
M9MSG8	1071-1091	ECO:0000255	Helical; Name=24	transmembrane
M9MSG8	1152-1172	ECO:0000255	Helical; Name=25	transmembrane
M9MSG8	1174-1194	ECO:0000255	Helical; Name=26	transmembrane
M9MSG8	1198-1218	ECO:0000255	Helical; Name=27	transmembrane
M9MSG8	1239-1259	ECO:0000255	Helical; Name=28	transmembrane
M9MSG8	1275-1295	ECO:0000255	Helical; Name=29	transmembrane
M9MSG8	1718-1738	ECO:0000255	Helical; Name=30	transmembrane
M9MSG8	1741-1761	ECO:0000255	Helical; Name=31	transmembrane
M9MSG8	1770-1790	ECO:0000255	Helical; Name=32	transmembrane
M9MSG8	1817-1837	ECO:0000255	Helical; Name=33	transmembrane
M9MSG8	1937-1957	ECO:0000255	Helical; Name=34	transmembrane
M9MSG8	1979-1999	ECO:0000255	Helical; Name=35	transmembrane
M9MSG8	2008-2028	ECO:0000255	Helical; Name=36	transmembrane
M9MSG8	2033-2053	ECO:0000255	Helical; Name=37	transmembrane
M9MSG8	204-226	ECO:0000255	Helical; Name=5	transmembrane
M9MSG8	2075-2095	ECO:0000255	Helical; Name=38	transmembrane
M9MSG8	2151-2171	ECO:0000255	Helical; Name=39	transmembrane
M9MSG8	231-250	ECO:0000255	Helical; Name=6	transmembrane
M9MSG8	2431-2451	ECO:0000255	Helical; Name=40	transmembrane
M9MSG8	256-276	ECO:0000255	Helical; Name=7	transmembrane
M9MSG8	27-47	ECO:0000255	Helical; Name=2	transmembrane
M9MSG8	320-340	ECO:0000255	Helical; Name=8	transmembrane
M9MSG8	395-415	ECO:0000255	Helical; Name=9	transmembrane
M9MSG8	424-444	ECO:0000255	Helical; Name=10	transmembrane
M9MSG8	463-483	ECO:0000255	Helical; Name=11	transmembrane
M9MSG8	5-25	ECO:0000255	Helical; Name=1	transmembrane
M9MSG8	516-536	ECO:0000255	Helical; Name=12	transmembrane
M9MSG8	548-568	ECO:0000255	Helical; Name=13	transmembrane
M9MSG8	56-76	ECO:0000255	Helical; Name=3	transmembrane
M9MSG8	588-608	ECO:0000255	Helical; Name=14	transmembrane
M9MSG8	611-631	ECO:0000255	Helical; Name=15	transmembrane
M9MSG8	639-659	ECO:0000255	Helical; Name=16	transmembrane
M9MSG8	695-715	ECO:0000255	Helical; Name=17	transmembrane
M9MSG8	819-839	ECO:0000255	Helical; Name=18	transmembrane
M9MSG8	857-877	ECO:0000255	Helical; Name=19	transmembrane
M9MSG8	910-930	ECO:0000255	Helical; Name=20	transmembrane
M9MSG8	973-993	ECO:0000255	Helical; Name=21	transmembrane
M9MSG8	994-1014	ECO:0000255	Helical; Name=22	transmembrane
M9NDE3	2715-2735	ECO:0000255	Helical	transmembrane
M9PE65	1817-1837	ECO:0000255	Helical	transmembrane
O01346	346-366	ECO:0000255	Helical	transmembrane
O01346	35-55	ECO:0000255	Helical	transmembrane
O01346	378-398	ECO:0000255	Helical	transmembrane
O01346	415-435	ECO:0000255	Helical	transmembrane
O01346	57-77	ECO:0000255	Helical	transmembrane
O01346	8-28	ECO:0000255	Helical	transmembrane
O01668	124-143	ECO:0000255	Helical; Name=3	transmembrane
O01668	163-186	ECO:0000255	Helical; Name=4	transmembrane
O01668	211-238	ECO:0000255	Helical; Name=5	transmembrane
O01668	275-298	ECO:0000255	Helical; Name=6	transmembrane
O01668	306-330	ECO:0000255	Helical; Name=7	transmembrane
O01668	47-71	ECO:0000255	Helical; Name=1	transmembrane
O01668	84-109	ECO:0000255	Helical; Name=2	transmembrane
O02194	107-127	ECO:0000255	Helical; Name=1	transmembrane
O02194	155-175	ECO:0000255	Helical; Name=2	transmembrane
O02194	183-203	ECO:0000255	Helical; Name=3	transmembrane
O02194	217-237	ECO:0000255	Helical; Name=4	transmembrane
O02194	243-263	ECO:0000255	Helical; Name=5	transmembrane
O02194	266-286	ECO:0000255	Helical; Name=6	transmembrane
O02194	454-474	ECO:0000255	Helical; Name=7	transmembrane
O02194	482-502	ECO:0000255	Helical; Name=8	transmembrane
O15943	2917-2937	ECO:0000255	Helical	transmembrane
O17444	126-146	ECO:0000255	Helical	transmembrane
O17444	155-175	ECO:0000255	Helical	transmembrane
O17444	188-208	ECO:0000255	Helical	transmembrane
O17444	216-236	ECO:0000255	Helical	transmembrane
O17444	264-284	ECO:0000255	Helical	transmembrane
O17444	300-320	ECO:0000255	Helical	transmembrane
O17444	33-53	ECO:0000255	Helical	transmembrane
O17444	331-351	ECO:0000255	Helical	transmembrane
O17444	356-376	ECO:0000255	Helical	transmembrane
O17444	388-408	ECO:0000255	Helical	transmembrane
O17444	414-434	ECO:0000255	Helical	transmembrane
O17444	99-119	ECO:0000255	Helical	transmembrane
O18405	115-135	ECO:0000255	Helical	transmembrane
O18405	178-198	ECO:0000255	Helical	transmembrane
O18405	206-226	ECO:0000255	Helical	transmembrane
O18405	243-263	ECO:0000255	Helical	transmembrane
O18405	65-85	ECO:0000255	Helical	transmembrane
O18405	93-113	ECO:0000255	Helical	transmembrane
O18412	576-588	ECO:0000255	Helical; Name=1	transmembrane
O18412	592-614	ECO:0000255	Helical; Name=2	transmembrane
O44252	127-147	ECO:0000255	Helical	transmembrane
O44252	162-182	ECO:0000255	Helical	transmembrane
O44252	185-205	ECO:0000255	Helical	transmembrane
O44252	232-252	ECO:0000255	Helical	transmembrane
O44252	45-65	ECO:0000255	Helical	transmembrane
O44252	72-92	ECO:0000255	Helical	transmembrane
O44386	1055-1075	ECO:0000255	Helical	transmembrane
O46077	132-150	ECO:0000255	Helical; Name=3	transmembrane
O46077	177-197	ECO:0000255	Helical; Name=4	transmembrane
O46077	273-293	ECO:0000255	Helical; Name=5	transmembrane
O46077	302-322	ECO:0000255	Helical; Name=6	transmembrane
O46077	364-383	ECO:0000255	Helical; Name=7	transmembrane
O46077	39-59	ECO:0000255	Helical; Name=1	transmembrane
O46077	73-92	ECO:0000255	Helical; Name=2	transmembrane
O46084	7-23	ECO:0000255	Helical	transmembrane
O46101	207-227	ECO:0000255	Helical	transmembrane
O46101	23-43	ECO:0000255	Helical	transmembrane
O46101	62-82	ECO:0000255	Helical	transmembrane
O46101	92-112	ECO:0000255	Helical	transmembrane
O61307	230-250	ECO:0000255	Helical	transmembrane
O61365	472-492	ECO:0000255	Helical	transmembrane
O61365	50-70	ECO:0000255	Helical	transmembrane
O76767	118-137	ECO:0000255	Helical	transmembrane
O76767	150-168	ECO:0000255	Helical	transmembrane
O76767	179-199	ECO:0000255	Helical	transmembrane
O76767	3-21	ECO:0000255	Helical	transmembrane
O76767	36-53	ECO:0000255	Helical	transmembrane
O76767	62-80	ECO:0000255	Helical	transmembrane
O76767	97-110	ECO:0000255	Helical	transmembrane
O77286	25-47	ECO:0000255	Helical	transmembrane
O77438	238-258	ECO:0000255	Helical; Name=1	transmembrane
O77438	271-291	ECO:0000255	Helical; Name=2	transmembrane
O77438	322-342	ECO:0000255	Helical; Name=3	transmembrane
O77438	360-380	ECO:0000255	Helical; Name=4	transmembrane
O77438	394-414	ECO:0000255	Helical; Name=5	transmembrane
O77438	443-463	ECO:0000255	Helical; Name=6	transmembrane
O77438	489-509	ECO:0000255	Helical; Name=7	transmembrane
O77475	11-31	ECO:0000255	Helical	transmembrane
O77475	141-161	ECO:0000255	Helical	transmembrane
O77475	213-233	ECO:0000255	Helical	transmembrane
O77475	272-288	ECO:0000255	Helical	transmembrane
O77475	320-340	ECO:0000255	Helical	transmembrane
O77475	357-377	ECO:0000255	Helical	transmembrane
O97148	219-239	ECO:0000255	Helical; Name=1	transmembrane
O97148	249-269	ECO:0000255	Helical; Name=2	transmembrane
O97148	279-299	ECO:0000255	Helical; Name=3	transmembrane
O97148	321-341	ECO:0000255	Helical; Name=4	transmembrane
O97148	371-391	ECO:0000255	Helical; Name=5	transmembrane
O97148	425-445	ECO:0000255	Helical; Name=6	transmembrane
O97148	455-475	ECO:0000255	Helical; Name=7	transmembrane
O97394	2002-2022	ECO:0000255	Helical	transmembrane
O97422	12-29	ECO:0000255	Helical; Signal-anchor for type II membrane protein	transmembrane
P00399	100-120	ECO:0000255	Helical	transmembrane
P00399	143-163	ECO:0000255	Helical	transmembrane
P00399	15-35	ECO:0000255	Helical	transmembrane
P00399	181-201	ECO:0000255	Helical	transmembrane
P00399	232-252	ECO:0000255	Helical	transmembrane
P00399	266-286	ECO:0000255	Helical	transmembrane
P00399	303-323	ECO:0000255	Helical	transmembrane
P00399	336-356	ECO:0000255	Helical	transmembrane
P00399	378-398	ECO:0000255	Helical	transmembrane
P00399	412-432	ECO:0000255	Helical	transmembrane
P00399	450-470	ECO:0000255	Helical	transmembrane
P00399	54-74	ECO:0000255	Helical	transmembrane
P00408	27-48	ECO:0000255	Helical	transmembrane
P00408	63-82	ECO:0000255	Helical	transmembrane
P00417	120-140	ECO:0000255	Helical	transmembrane
P00417	163-183	ECO:0000255	Helical	transmembrane
P00417	198-218	ECO:0000255	Helical	transmembrane
P00417	240-260	ECO:0000255	Helical	transmembrane
P00417	39-59	ECO:0000255	Helical	transmembrane
P00417	83-103	ECO:0000255	Helical	transmembrane
P00850	125-145	ECO:0000255	Helical	transmembrane
P00850	166-186	ECO:0000255	Helical	transmembrane
P00850	17-37	ECO:0000255	Helical	transmembrane
P00850	187-207	ECO:0000255	Helical	transmembrane
P00850	72-92	ECO:0000255	Helical	transmembrane
P00850	99-119	ECO:0000255	Helical	transmembrane
P03896	121-141	ECO:0000255	Helical	transmembrane
P03896	146-166	ECO:0000255	Helical	transmembrane
P03896	195-215	ECO:0000255	Helical	transmembrane
P03896	238-258	ECO:0000255	Helical	transmembrane
P03896	273-293	ECO:0000255	Helical	transmembrane
P03896	321-341	ECO:0000255	Helical	transmembrane
P03896	60-80	ECO:0000255	Helical	transmembrane
P03896	8-28	ECO:0000255	Helical	transmembrane
P03896	95-115	ECO:0000255	Helical	transmembrane
P04412	869-889	ECO:0000255	Helical	transmembrane
P04755	236-260		Helical	transmembrane
P04755	268-286		Helical	transmembrane
P04755	302-323		Helical	transmembrane
P04755	482-500		Helical	transmembrane
P04950	134-153	ECO:0000255	Helical; Name=3	transmembrane
P04950	172-196	ECO:0000255	Helical; Name=4	transmembrane
P04950	221-248	ECO:0000255	Helical; Name=5	transmembrane
P04950	285-308	ECO:0000255	Helical; Name=6	transmembrane
P04950	317-341	ECO:0000255	Helical; Name=7	transmembrane
P04950	58-82	ECO:0000255	Helical; Name=1	transmembrane
P04950	95-119	ECO:0000255	Helical; Name=2	transmembrane
P06002	127-146	ECO:0000255	Helical; Name=3	transmembrane
P06002	166-189	ECO:0000255	Helical; Name=4	transmembrane
P06002	214-241	ECO:0000255	Helical; Name=5	transmembrane
P06002	277-300	ECO:0000255	Helical; Name=6	transmembrane
P06002	308-332	ECO:0000255	Helical; Name=7	transmembrane
P06002	50-74	ECO:0000255	Helical; Name=1	transmembrane
P06002	87-112	ECO:0000255	Helical; Name=2	transmembrane
P07207	1746-1766	ECO:0000255	Helical	transmembrane
P08099	134-153	ECO:0000255	Helical; Name=3	transmembrane
P08099	173-196	ECO:0000255	Helical; Name=4	transmembrane
P08099	221-248	ECO:0000255	Helical; Name=5	transmembrane
P08099	284-307	ECO:0000255	Helical; Name=6	transmembrane
P08099	315-339	ECO:0000255	Helical; Name=7	transmembrane
P08099	57-81	ECO:0000255	Helical; Name=1	transmembrane
P08099	94-119	ECO:0000255	Helical; Name=2	transmembrane
P08255	128-148	ECO:0000255	Helical; Name=3	transmembrane
P08255	168-192	ECO:0000255	Helical; Name=4	transmembrane
P08255	217-244	ECO:0000255	Helical; Name=5	transmembrane
P08255	281-304	ECO:0000255	Helical; Name=6	transmembrane
P08255	313-337	ECO:0000255	Helical; Name=7	transmembrane
P08255	54-78	ECO:0000255	Helical; Name=1	transmembrane
P08255	91-111	ECO:0000255	Helical; Name=2	transmembrane
P08510	225-246	ECO:0000250|UniProtKB:P63142	Helical; Name=Segment S1	transmembrane
P08510	279-300	ECO:0000250|UniProtKB:P63142	Helical; Name=Segment S2	transmembrane
P08510	312-332	ECO:0000250|UniProtKB:P63142	Helical; Name=Segment S3	transmembrane
P08510	358-378	ECO:0000250|UniProtKB:P63142	Helical; Voltage-sensor; Name=Segment S4	transmembrane
P08510	394-415	ECO:0000250|UniProtKB:P63142	Helical; Name=Segment S5	transmembrane
P08510	457-485	ECO:0000250|UniProtKB:P63142	Helical; Name=Segment S6	transmembrane
P08953	808-828	ECO:0000255	Helical	transmembrane
P09208	1311-1331	ECO:0000255	Helical	transmembrane
P09478	241-264		Helical	transmembrane
P09478	272-290		Helical	transmembrane
P09478	306-325		Helical	transmembrane
P09478	514-532		Helical	transmembrane
P0DKM0	47-69	ECO:0000255	Helical	transmembrane
P10040	2083-2109	ECO:0000255	Helical	transmembrane
P10041	597-617	ECO:0000255	Helical	transmembrane
P10090	420-440	ECO:0000255	Helical	transmembrane
P10090	461-481	ECO:0000255	Helical	transmembrane
P10090	498-518	ECO:0000255	Helical	transmembrane
P10090	532-552	ECO:0000255	Helical	transmembrane
P10090	569-589	ECO:0000255	Helical	transmembrane
P10090	645-665	ECO:0000255	Helical	transmembrane
P10379	466-486	ECO:0000255	Helical	transmembrane
P11584	778-798	ECO:0000255	Helical	transmembrane
P12080	1342-1366	ECO:0000255	Helical	transmembrane
P12428	420-440	ECO:0000255	Helical	transmembrane
P12428	461-481	ECO:0000255	Helical	transmembrane
P12428	498-518	ECO:0000255	Helical	transmembrane
P12428	532-552	ECO:0000255	Helical	transmembrane
P12428	569-589	ECO:0000255	Helical	transmembrane
P12428	645-665	ECO:0000255	Helical	transmembrane
P13368	2124-2147	ECO:0000255	Helical	transmembrane
P13607	115-135	ECO:0000255	Helical	transmembrane
P13607	147-167	ECO:0000255	Helical	transmembrane
P13607	312-332	ECO:0000255	Helical	transmembrane
P13607	338-358	ECO:0000255	Helical	transmembrane
P13607	808-828	ECO:0000255	Helical	transmembrane
P13607	870-890	ECO:0000255	Helical	transmembrane
P13607	935-955	ECO:0000255	Helical	transmembrane
P13607	970-990	ECO:0000255	Helical	transmembrane
P13709	1731-1751	ECO:0000255	Helical	transmembrane
P13709	1939-1959	ECO:0000255	Helical	transmembrane
P13709	330-350	ECO:0000255	Helical	transmembrane
P13709	451-471	ECO:0000255	Helical	transmembrane
P13709	750-770	ECO:0000255	Helical	transmembrane
P13709	790-810	ECO:0000255	Helical	transmembrane
P13709	816-830	ECO:0000255	Helical	transmembrane
P13709	874-894	ECO:0000255	Helical	transmembrane
P14599	814-834	ECO:0000255	Helical	transmembrane
P14773	107-129	ECO:0000255	Helical	transmembrane
P14773	12-32	ECO:0000255	Helical	transmembrane
P14773	136-156	ECO:0000255	Helical	transmembrane
P14773	170-190	ECO:0000255	Helical	transmembrane
P14773	208-228	ECO:0000255	Helical	transmembrane
P14773	237-257	ECO:0000255	Helical	transmembrane
P14773	364-384	ECO:0000255	Helical	transmembrane
P15278	347-370	ECO:0000255	Helical	transmembrane
P15425	205-225	ECO:0000255	Helical	transmembrane
P16395	101-121	ECO:0000250	Helical; Name=1	transmembrane
P16395	142-162	ECO:0000250	Helical; Name=2	transmembrane
P16395	178-198	ECO:0000250	Helical; Name=3	transmembrane
P16395	221-241	ECO:0000250	Helical; Name=4	transmembrane
P16395	267-287	ECO:0000250	Helical; Name=5	transmembrane
P16395	719-739	ECO:0000250	Helical; Name=6	transmembrane
P16395	753-773	ECO:0000250	Helical; Name=7	transmembrane
P16620	806-823	ECO:0000255	Helical	transmembrane
P16621	1378-1402	ECO:0000255	Helical	transmembrane
P17644	262-285	ECO:0000255	Helical	transmembrane
P17644	293-311	ECO:0000255	Helical	transmembrane
P17644	327-346	ECO:0000255	Helical	transmembrane
P17644	527-545	ECO:0000255	Helical	transmembrane
P17970	436-454		Helical; Name=Segment S1	transmembrane
P17970	474-495		Helical; Name=Segment S2	transmembrane
P17970	506-527		Helical; Name=Segment S3	transmembrane
P17970	536-561		Helical; Name=Segment S4	transmembrane
P17970	577-598		Helical; Name=Segment S5	transmembrane
P17970	638-659		Helical; Name=Segment S6	transmembrane
P17971	186-204		Helical; Name=Segment S1	transmembrane
P17971	229-250		Helical; Name=Segment S2	transmembrane
P17971	261-282		Helical; Name=Segment S3	transmembrane
P17971	290-308		Helical; Name=Segment S4	transmembrane
P17971	324-345		Helical; Name=Segment S5	transmembrane
P17971	385-406		Helical; Name=Segment S6	transmembrane
P17972	175-193	ECO:0000255	Helical; Name=Segment S1	transmembrane
P17972	230-252	ECO:0000255	Helical; Name=Segment S2	transmembrane
P17972	263-284	ECO:0000255	Helical; Name=Segment S3	transmembrane
P17972	292-313	ECO:0000255	Helical; Voltage-sensor; Name=Segment S4	transmembrane
P17972	329-350	ECO:0000255	Helical; Name=Segment S5	transmembrane
P17972	392-413	ECO:0000255	Helical; Name=Segment S6	transmembrane
P18168	1221-1241	ECO:0000255	Helical	transmembrane
P18475	400-420	ECO:0000255	Helical	transmembrane
P18489	111-130	ECO:0000255	Helical; Anchor for type IV membrane protein	transmembrane
P18490	1315-1335	ECO:0000255	Helical	transmembrane
P18490	1343-1363	ECO:0000255	Helical	transmembrane
P18490	1376-1396	ECO:0000255	Helical	transmembrane
P18490	1423-1443	ECO:0000255	Helical	transmembrane
P18490	1474-1494	ECO:0000255	Helical	transmembrane
P18490	1504-1524	ECO:0000255	Helical	transmembrane
P18490	1830-1850	ECO:0000255	Helical	transmembrane
P18490	1856-1876	ECO:0000255	Helical	transmembrane
P18490	1914-1934	ECO:0000255	Helical	transmembrane
P18490	1940-1960	ECO:0000255	Helical	transmembrane
P18490	1976-1996	ECO:0000255	Helical	transmembrane
P18490	33-53	ECO:0000255	Helical	transmembrane
P18490	57-77	ECO:0000255	Helical	transmembrane
P18502	1008-1028	ECO:0000255	Helical	transmembrane
P18502	1057-1077	ECO:0000255	Helical	transmembrane
P18502	1083-1103	ECO:0000255	Helical	transmembrane
P18502	428-448	ECO:0000255	Helical	transmembrane
P18502	466-486	ECO:0000255	Helical	transmembrane
P18502	493-511	ECO:0000255	Helical	transmembrane
P18502	533-553	ECO:0000255	Helical	transmembrane
P18502	563-583	ECO:0000255	Helical	transmembrane
P18502	678-699	ECO:0000255	Helical	transmembrane
P18502	77-92	ECO:0000255	Helical	transmembrane
P18502	932-952	ECO:0000255	Helical	transmembrane
P18502	956-976	ECO:0000255	Helical	transmembrane
P18537	248-270	ECO:0000305	Helical; Name=1	transmembrane
P18537	281-303	ECO:0000305	Helical; Name=2	transmembrane
P18537	344-364	ECO:0000305	Helical; Name=3	transmembrane
P18537	381-401	ECO:0000305	Helical; Name=4	transmembrane
P18537	422-439	ECO:0000305	Helical; Name=5	transmembrane
P18537	472-492	ECO:0000305	Helical; Name=6	transmembrane
P18537	530-553	ECO:0000305	Helical; Name=7	transmembrane
P18929	104-124	ECO:0000255	Helical	transmembrane
P18929	151-171	ECO:0000255	Helical	transmembrane
P18929	174-194	ECO:0000255	Helical	transmembrane
P18929	226-246	ECO:0000255	Helical	transmembrane
P18929	250-270	ECO:0000255	Helical	transmembrane
P18929	289-309	ECO:0000255	Helical	transmembrane
P18929	3-23	ECO:0000255	Helical	transmembrane
P18929	77-97	ECO:0000255	Helical	transmembrane
P18930	4-24	ECO:0000255	Helical	transmembrane
P18930	60-80	ECO:0000255	Helical	transmembrane
P18930	86-106	ECO:0000255	Helical	transmembrane
P18931	114-134	ECO:0000255	Helical	transmembrane
P18931	139-159	ECO:0000255	Helical	transmembrane
P18931	182-202	ECO:0000255	Helical	transmembrane
P18931	218-238	ECO:0000255	Helical	transmembrane
P18931	245-265	ECO:0000255	Helical	transmembrane
P18931	272-292	ECO:0000255	Helical	transmembrane
P18931	297-317	ECO:0000255	Helical	transmembrane
P18931	330-350	ECO:0000255	Helical	transmembrane
P18931	373-393	ECO:0000255	Helical	transmembrane
P18931	4-24	ECO:0000255	Helical	transmembrane
P18931	426-446	ECO:0000255	Helical	transmembrane
P18931	56-76	ECO:0000255	Helical	transmembrane
P18931	93-113	ECO:0000255	Helical	transmembrane
P18932	107-127	ECO:0000255	Helical	transmembrane
P18932	147-167	ECO:0000255	Helical	transmembrane
P18932	170-190	ECO:0000255	Helical	transmembrane
P18932	217-237	ECO:0000255	Helical	transmembrane
P18932	239-259	ECO:0000255	Helical	transmembrane
P18932	268-288	ECO:0000255	Helical	transmembrane
P18932	294-314	ECO:0000255	Helical	transmembrane
P18932	337-357	ECO:0000255	Helical	transmembrane
P18932	372-394	ECO:0000255	Helical	transmembrane
P18932	4-24	ECO:0000255	Helical	transmembrane
P18932	422-442	ECO:0000255	Helical	transmembrane
P18932	44-64	ECO:0000255	Helical	transmembrane
P18932	457-477	ECO:0000255	Helical	transmembrane
P18932	490-510	ECO:0000255	Helical	transmembrane
P18932	552-572	ECO:0000255	Helical	transmembrane
P18932	86-106	ECO:0000255	Helical	transmembrane
P18933	143-163	ECO:0000255	Helical	transmembrane
P18933	24-44	ECO:0000255	Helical	transmembrane
P18933	53-73	ECO:0000255	Helical	transmembrane
P18933	82-102	ECO:0000255	Helical	transmembrane
P18934	2-22	ECO:0000255	Helical	transmembrane
P18934	28-48	ECO:0000255	Helical	transmembrane
P18934	62-82	ECO:0000255	Helical	transmembrane
P18935	114-134	ECO:0000250|UniProtKB:P00157	Helical	transmembrane
P18935	179-199	ECO:0000250|UniProtKB:P00157	Helical	transmembrane
P18935	227-247	ECO:0000250|UniProtKB:P00157	Helical	transmembrane
P18935	289-309	ECO:0000250|UniProtKB:P00157	Helical	transmembrane
P18935	321-341	ECO:0000250|UniProtKB:P00157	Helical	transmembrane
P18935	34-54	ECO:0000250|UniProtKB:P00157	Helical	transmembrane
P18935	348-368	ECO:0000250|UniProtKB:P00157	Helical	transmembrane
P18935	78-99	ECO:0000250|UniProtKB:P00157	Helical	transmembrane
P19334	367-387	ECO:0000255	Helical	transmembrane
P19334	419-439	ECO:0000255	Helical	transmembrane
P19334	451-471	ECO:0000255	Helical	transmembrane
P19334	542-562	ECO:0000255	Helical	transmembrane
P19334	610-630	ECO:0000255	Helical	transmembrane
P19334	638-658	ECO:0000255	Helical	transmembrane
P20241	1139-1154	ECO:0000255	Helical	transmembrane
P20350	163-183	ECO:0000255	Helical	transmembrane
P20350	189-209	ECO:0000255	Helical	transmembrane
P20350	211-231	ECO:0000255	Helical	transmembrane
P20350	245-265	ECO:0000255	Helical	transmembrane
P20350	276-296	ECO:0000255	Helical	transmembrane
P20350	309-329	ECO:0000255	Helical	transmembrane
P20350	99-119	ECO:0000255	Helical	transmembrane
P20905	165-188	ECO:0000255	Helical; Name=1	transmembrane
P20905	199-222	ECO:0000250	Helical; Name=2	transmembrane
P20905	237-258	ECO:0000250	Helical; Name=3	transmembrane
P20905	279-302	ECO:0000250	Helical; Name=4	transmembrane
P20905	29-51	ECO:0000255	Helical; Name=0	transmembrane
P20905	331-353	ECO:0000250	Helical; Name=5	transmembrane
P20905	455-476	ECO:0000250	Helical; Name=6	transmembrane
P20905	488-510	ECO:0000250	Helical; Name=7	transmembrane
P21521	108-134	ECO:0000255	Helical	transmembrane
P22270	113-135	ECO:0000255	Helical; Name=1	transmembrane
P22270	146-167	ECO:0000255	Helical; Name=2	transmembrane
P22270	185-205	ECO:0000255	Helical; Name=3	transmembrane
P22270	226-248	ECO:0000255	Helical; Name=4	transmembrane
P22270	274-295	ECO:0000255	Helical; Name=5	transmembrane
P22270	531-552	ECO:0000255	Helical; Name=6	transmembrane
P22270	567-588	ECO:0000255	Helical; Name=7	transmembrane
P22700	254-273	ECO:0000250	Helical; Name=3	transmembrane
P22700	296-313	ECO:0000250	Helical; Name=4	transmembrane
P22700	49-69	ECO:0000250	Helical; Name=1	transmembrane
P22700	758-777	ECO:0000250	Helical; Name=5	transmembrane
P22700	788-808	ECO:0000250	Helical; Name=6	transmembrane
P22700	829-851	ECO:0000250	Helical; Name=7	transmembrane
P22700	898-917	ECO:0000250	Helical; Name=8	transmembrane
P22700	90-110	ECO:0000250	Helical; Name=2	transmembrane
P22700	931-949	ECO:0000250	Helical; Name=9	transmembrane
P22700	965-985	ECO:0000250	Helical; Name=10	transmembrane
P22815	531-554	ECO:0000255	Helical	transmembrane
P22815	570-588	ECO:0000255	Helical	transmembrane
P22815	615-637	ECO:0000255	Helical	transmembrane
P22815	655-676	ECO:0000255	Helical	transmembrane
P22815	693-712	ECO:0000255	Helical	transmembrane
P22815	728-748	ECO:0000255	Helical	transmembrane
P22815	759-781	ECO:0000255	Helical	transmembrane
P23380	13-35	ECO:0000255	Helical	transmembrane
P23380	131-156	ECO:0000255	Helical	transmembrane
P23380	58-78	ECO:0000255	Helical	transmembrane
P23380	97-118	ECO:0000255	Helical	transmembrane
P23645	144-167	ECO:0000255	Helical	transmembrane
P23645	190-208	ECO:0000255	Helical	transmembrane
P23645	214-234	ECO:0000255	Helical	transmembrane
P23645	257-273	ECO:0000255	Helical	transmembrane
P23645	72-93	ECO:0000255	Helical	transmembrane
P23645	98-118	ECO:0000255	Helical	transmembrane
P23654	325-346	ECO:0000255	Helical; Signal-anchor for type II membrane protein	transmembrane
P25123	269-291	ECO:0000255	Helical	transmembrane
P25123	297-316	ECO:0000255	Helical	transmembrane
P25123	333-356	ECO:0000255	Helical	transmembrane
P25123	569-590	ECO:0000255	Helical	transmembrane
P25162	245-269	ECO:0000255	Helical	transmembrane
P25162	277-295	ECO:0000255	Helical	transmembrane
P25162	311-332	ECO:0000255	Helical	transmembrane
P25162	463-481	ECO:0000255	Helical	transmembrane
P25722	18-38	ECO:0000255	Helical; Signal-anchor for type II membrane protein	transmembrane
P25931	106-126	ECO:0000255	Helical; Name=1	transmembrane
P25931	149-169	ECO:0000255	Helical; Name=2	transmembrane
P25931	190-210	ECO:0000255	Helical; Name=3	transmembrane
P25931	222-242	ECO:0000255	Helical; Name=4	transmembrane
P25931	275-295	ECO:0000255	Helical; Name=5	transmembrane
P25931	330-350	ECO:0000255	Helical; Name=6	transmembrane
P25931	364-384	ECO:0000255	Helical; Name=7	transmembrane
P26016	119-139	ECO:0000255	Helical	transmembrane
P26016	1233-1253	ECO:0000255	Helical	transmembrane
P27716	111-131	ECO:0000255|PROSITE-ProRule:PRU00351	Helical	transmembrane
P27716	178-198	ECO:0000255|PROSITE-ProRule:PRU00351	Helical	transmembrane
P27716	268-288	ECO:0000255|PROSITE-ProRule:PRU00351	Helical	transmembrane
P27716	29-49	ECO:0000255|PROSITE-ProRule:PRU00351	Helical	transmembrane
P28285	231-253	ECO:0000250	Helical; Name=1	transmembrane
P28285	264-285	ECO:0000250	Helical; Name=2	transmembrane
P28285	301-322	ECO:0000250	Helical; Name=3	transmembrane
P28285	342-364	ECO:0000250	Helical; Name=4	transmembrane
P28285	392-413	ECO:0000250	Helical; Name=5	transmembrane
P28285	753-776	ECO:0000250	Helical; Name=6	transmembrane
P28285	786-808	ECO:0000250	Helical; Name=7	transmembrane
P28286	129-149	ECO:0000250	Helical; Name=2	transmembrane
P28286	165-185	ECO:0000250	Helical; Name=3	transmembrane
P28286	206-226	ECO:0000250	Helical; Name=4	transmembrane
P28286	257-277	ECO:0000250	Helical; Name=5	transmembrane
P28286	535-555	ECO:0000250	Helical; Name=6	transmembrane
P28286	571-591	ECO:0000250	Helical; Name=7	transmembrane
P28286	96-116	ECO:0000250	Helical; Name=1	transmembrane
P29993	2367-2387	ECO:0000255	Helical	transmembrane
P29993	2399-2419	ECO:0000255	Helical	transmembrane
P29993	2435-2455	ECO:0000255	Helical	transmembrane
P29993	2488-2508	ECO:0000255	Helical	transmembrane
P29993	2532-2552	ECO:0000255	Helical	transmembrane
P29993	2660-2680	ECO:0000255	Helical	transmembrane
P30430	1014-1034	ECO:0000255	Helical	transmembrane
P30430	119-139	ECO:0000255	Helical	transmembrane
P30432	1512-1532	ECO:0000255	Helical	transmembrane
P30974	119-143	ECO:0000255	Helical; Name=2	transmembrane
P30974	156-179	ECO:0000255	Helical; Name=3	transmembrane
P30974	200-224	ECO:0000255	Helical; Name=4	transmembrane
P30974	251-275	ECO:0000255	Helical; Name=5	transmembrane
P30974	309-330	ECO:0000255	Helical; Name=6	transmembrane
P30974	344-367	ECO:0000255	Helical; Name=7	transmembrane
P30974	85-108	ECO:0000255	Helical; Name=1	transmembrane
P30975	101-123	ECO:0000255	Helical; Name=1	transmembrane
P30975	135-155	ECO:0000255	Helical; Name=2	transmembrane
P30975	176-197	ECO:0000255	Helical; Name=3	transmembrane
P30975	218-238	ECO:0000255	Helical; Name=4	transmembrane
P30975	271-292	ECO:0000255	Helical; Name=5	transmembrane
P30975	325-346	ECO:0000255	Helical; Name=6	transmembrane
P30975	362-384	ECO:0000255	Helical; Name=7	transmembrane
P32748	21-39	ECO:0000255	Helical	transmembrane
P32870	101-115	ECO:0000255	Helical	transmembrane
P32870	122-142	ECO:0000255	Helical	transmembrane
P32870	152-174	ECO:0000255	Helical	transmembrane
P32870	186-206	ECO:0000255	Helical	transmembrane
P32870	42-60	ECO:0000255	Helical	transmembrane
P32870	65-84	ECO:0000255	Helical	transmembrane
P32870	706-726	ECO:0000255	Helical	transmembrane
P32870	730-750	ECO:0000255	Helical	transmembrane
P32870	770-791	ECO:0000255	Helical	transmembrane
P32870	814-834	ECO:0000255	Helical	transmembrane
P32870	842-867	ECO:0000255	Helical	transmembrane
P32870	868-888	ECO:0000255	Helical	transmembrane
P33085	111-131	ECO:0000255|PROSITE-ProRule:PRU00351	Helical	transmembrane
P33085	183-203	ECO:0000255|PROSITE-ProRule:PRU00351	Helical	transmembrane
P33085	22-42	ECO:0000255|PROSITE-ProRule:PRU00351	Helical	transmembrane
P33085	268-288	ECO:0000255|PROSITE-ProRule:PRU00351	Helical	transmembrane
P33450	4584-4609	ECO:0000255	Helical	transmembrane
P34082	752-769	ECO:0000255	Helical	transmembrane
P35500	1014-1041	ECO:0000255	Helical; Name=S6 of repeat II	transmembrane
P35500	1297-1320	ECO:0000255	Helical; Name=S1 of repeat III	transmembrane
P35500	1335-1359	ECO:0000255	Helical; Name=S2 of repeat III	transmembrane
P35500	1366-1387	ECO:0000255	Helical; Name=S3 of repeat III	transmembrane
P35500	1392-1413	ECO:0000255	Helical; Voltage-sensor; Name=S4 of repeat III	transmembrane
P35500	1433-1454	ECO:0000255	Helical; Name=S5 of repeat III	transmembrane
P35500	149-172	ECO:0000255	Helical; Name=S1 of repeat I	transmembrane
P35500	1534-1560	ECO:0000255	Helical; Name=S6 of repeat III	transmembrane
P35500	1615-1638	ECO:0000255	Helical; Name=S1 of repeat IV	transmembrane
P35500	1650-1673	ECO:0000255	Helical; Name=S2 of repeat IV	transmembrane
P35500	1680-1703	ECO:0000255	Helical; Name=S3 of repeat IV	transmembrane
P35500	1714-1735	ECO:0000255	Helical; Voltage-sensor; Name=S4 of repeat IV	transmembrane
P35500	1751-1773	ECO:0000255	Helical; Name=S5 of repeat IV	transmembrane
P35500	181-199	ECO:0000255	Helical; Name=S2 of repeat I	transmembrane
P35500	1836-1860	ECO:0000255	Helical; Name=S6 of repeat IV	transmembrane
P35500	213-231	ECO:0000255	Helical; Name=S3 of repeat I	transmembrane
P35500	238-257	ECO:0000255	Helical; Voltage-sensor; Name=S4 of repeat I	transmembrane
P35500	274-297	ECO:0000255	Helical; Name=S5 of repeat I	transmembrane
P35500	406-427	ECO:0000255	Helical; Name=S6 of repeat I	transmembrane
P35500	813-837	ECO:0000255	Helical; Name=S1 of repeat II	transmembrane
P35500	849-873	ECO:0000255	Helical; Name=S2 of repeat II	transmembrane
P35500	881-900	ECO:0000255	Helical; Name=S3 of repeat II	transmembrane
P35500	907-926	ECO:0000255	Helical; Voltage-sensor; Name=S4 of repeat II	transmembrane
P35500	942-963	ECO:0000255	Helical; Name=S5 of repeat II	transmembrane
P35832	395-415	ECO:0000255	Helical	transmembrane
P35992	1198-1218	ECO:0000255	Helical	transmembrane
P41596	143-169	ECO:0000255	Helical; Name=1	transmembrane
P41596	180-206	ECO:0000255	Helical; Name=2	transmembrane
P41596	217-239	ECO:0000255	Helical; Name=3	transmembrane
P41596	259-279	ECO:0000255	Helical; Name=4	transmembrane
P41596	311-331	ECO:0000255	Helical; Name=5	transmembrane
P41596	392-412	ECO:0000255	Helical; Name=6	transmembrane
P41596	428-450	ECO:0000255	Helical; Name=7	transmembrane
P42287	248-268	ECO:0000255	Helical	transmembrane
P42519	280-300	ECO:0000255	Helical; Signal-anchor for type II membrane protein	transmembrane
P42787	1313-1333	ECO:0000255	Helical	transmembrane
P45843	418-438	ECO:0000255	Helical	transmembrane
P45843	445-465	ECO:0000255	Helical	transmembrane
P45843	491-511	ECO:0000255	Helical	transmembrane
P45843	519-539	ECO:0000255	Helical	transmembrane
P45843	552-572	ECO:0000255	Helical	transmembrane
P45843	640-660	ECO:0000255	Helical	transmembrane
P48613	21-41	ECO:0000255	Helical	transmembrane
P48613	275-295	ECO:0000255	Helical	transmembrane
P48994	341-361	ECO:0000255	Helical	transmembrane
P48994	374-394	ECO:0000255	Helical	transmembrane
P48994	432-452	ECO:0000255	Helical	transmembrane
P48994	513-533	ECO:0000255	Helical	transmembrane
P48994	549-569	ECO:0000255	Helical	transmembrane
P48994	646-666	ECO:0000255	Helical	transmembrane
P49283	105-125	ECO:0000255	Helical	transmembrane
P49283	154-174	ECO:0000255	Helical	transmembrane
P49283	186-206	ECO:0000255	Helical	transmembrane
P49283	216-236	ECO:0000255	Helical	transmembrane
P49283	263-283	ECO:0000255	Helical	transmembrane
P49283	309-329	ECO:0000255	Helical	transmembrane
P49283	373-393	ECO:0000255	Helical	transmembrane
P49283	424-444	ECO:0000255	Helical	transmembrane
P49283	463-483	ECO:0000255	Helical	transmembrane
P49283	490-510	ECO:0000255	Helical	transmembrane
P49283	520-540	ECO:0000255	Helical	transmembrane
P49283	77-97	ECO:0000255	Helical	transmembrane
P49415	341-365	ECO:0000255	Helical	transmembrane
P49858	11-31	ECO:0000255	Helical	transmembrane
P49858	123-143	ECO:0000255	Helical	transmembrane
P49858	57-77	ECO:0000255	Helical	transmembrane
P51905	111-130	ECO:0000255	Helical; Name=2	transmembrane
P51905	155-175	ECO:0000255	Helical; Name=3	transmembrane
P51905	245-263	ECO:0000255	Helical; Name=4	transmembrane
P51905	272-289	ECO:0000255	Helical; Name=5	transmembrane
P51905	325-342	ECO:0000255	Helical; Name=6	transmembrane
P51905	354-375	ECO:0000255	Helical; Name=7	transmembrane
P51905	408-427	ECO:0000255	Helical; Name=8	transmembrane
P51905	455-473	ECO:0000255	Helical; Name=9	transmembrane
P51905	489-509	ECO:0000255	Helical; Name=10	transmembrane
P51905	530-549	ECO:0000255	Helical; Name=11	transmembrane
P51905	568-586	ECO:0000255	Helical; Name=12	transmembrane
P51905	83-103	ECO:0000255	Helical; Name=1	transmembrane
P53403	125-145	ECO:0000255	Helical; Name=3	transmembrane
P53403	153-173	ECO:0000255	Helical; Name=4	transmembrane
P53403	184-204	ECO:0000255	Helical; Name=5	transmembrane
P53403	208-228	ECO:0000255	Helical; Name=6	transmembrane
P53403	294-314	ECO:0000255	Helical; Name=7	transmembrane
P53403	325-345	ECO:0000255	Helical; Name=8	transmembrane
P53403	352-372	ECO:0000255	Helical; Name=9	transmembrane
P53403	375-395	ECO:0000255	Helical; Name=10	transmembrane
P53403	421-441	ECO:0000255	Helical; Name=11	transmembrane
P53403	451-471	ECO:0000255	Helical; Name=12	transmembrane
P53403	54-74	ECO:0000255	Helical; Name=1	transmembrane
P53403	96-116	ECO:0000255	Helical; Name=2	transmembrane
P53624	19-39	ECO:0000255	Helical; Signal-anchor for type II membrane protein	transmembrane
P54360	79-99	ECO:0000255	Helical; Signal-anchor for type II membrane protein	transmembrane
P55162	989-1006	ECO:0000255	Helical	transmembrane
P56079	147-167	ECO:0000255	Helical	transmembrane
P56079	180-200	ECO:0000255	Helical	transmembrane
P56079	203-223	ECO:0000255	Helical	transmembrane
P56079	227-247	ECO:0000255	Helical	transmembrane
P56079	276-296	ECO:0000255	Helical	transmembrane
P56079	350-370	ECO:0000255	Helical	transmembrane
P56079	88-108	ECO:0000255	Helical	transmembrane
P58950	145-165	ECO:0000255	Helical; Name=4	transmembrane
P58950	21-38	ECO:0000255	Helical; Name=1	transmembrane
P58950	271-291	ECO:0000255	Helical; Name=5	transmembrane
P58950	305-325	ECO:0000255	Helical; Name=6	transmembrane
P58950	382-402	ECO:0000255	Helical; Name=7	transmembrane
P58950	49-69	ECO:0000255	Helical; Name=2	transmembrane
P58950	87-107	ECO:0000255	Helical; Name=3	transmembrane
P58951	149-169	ECO:0000255	Helical; Name=3	transmembrane
P58951	17-37	ECO:0000255	Helical; Name=1	transmembrane
P58951	171-191	ECO:0000255	Helical; Name=4	transmembrane
P58951	257-277	ECO:0000255	Helical; Name=5	transmembrane
P58951	282-302	ECO:0000255	Helical; Name=6	transmembrane
P58951	362-382	ECO:0000255	Helical; Name=7	transmembrane
P58951	48-68	ECO:0000255	Helical; Name=2	transmembrane
P58952	12-32	ECO:0000255	Helical; Name=1	transmembrane
P58952	145-165	ECO:0000255	Helical; Name=4	transmembrane
P58952	251-271	ECO:0000255	Helical; Name=5	transmembrane
P58952	280-300	ECO:0000255	Helical; Name=6	transmembrane
P58952	361-381	ECO:0000255	Helical; Name=7	transmembrane
P58952	46-66	ECO:0000255	Helical; Name=2	transmembrane
P58952	87-107	ECO:0000255	Helical; Name=3	transmembrane
P58953	143-163	ECO:0000255	Helical; Name=3	transmembrane
P58953	15-35	ECO:0000255	Helical; Name=1	transmembrane
P58953	171-191	ECO:0000255	Helical; Name=4	transmembrane
P58953	255-275	ECO:0000255	Helical; Name=5	transmembrane
P58953	288-308	ECO:0000255	Helical; Name=6	transmembrane
P58953	367-387	ECO:0000255	Helical; Name=7	transmembrane
P58953	47-67	ECO:0000255	Helical; Name=2	transmembrane
P58954	14-34	ECO:0000255	Helical; Name=1	transmembrane
P58954	144-164	ECO:0000255	Helical; Name=4	transmembrane
P58954	179-199	ECO:0000255	Helical; Name=5	transmembrane
P58954	246-266	ECO:0000255	Helical; Name=6	transmembrane
P58954	355-375	ECO:0000255	Helical; Name=7	transmembrane
P58954	49-69	ECO:0000255	Helical; Name=2	transmembrane
P58954	89-109	ECO:0000255	Helical; Name=3	transmembrane
P58955	127-147	ECO:0000255	Helical; Name=4	transmembrane
P58955	166-186	ECO:0000255	Helical; Name=5	transmembrane
P58955	248-268	ECO:0000255	Helical; Name=6	transmembrane
P58955	291-311	ECO:0000255	Helical; Name=7	transmembrane
P58955	39-59	ECO:0000255	Helical; Name=2	transmembrane
P58955	4-24	ECO:0000255	Helical; Name=1	transmembrane
P58955	74-94	ECO:0000255	Helical; Name=3	transmembrane
P58956	123-143	ECO:0000255	Helical; Name=3	transmembrane
P58956	148-168	ECO:0000255	Helical; Name=4	transmembrane
P58956	225-245	ECO:0000255	Helical; Name=5	transmembrane
P58956	266-286	ECO:0000255	Helical; Name=6	transmembrane
P58956	33-53	ECO:0000255	Helical; Name=1	transmembrane
P58956	349-368	ECO:0000255	Helical; Name=7	transmembrane
P58956	60-80	ECO:0000255	Helical; Name=2	transmembrane
P58957	130-150	ECO:0000255	Helical; Name=3	transmembrane
P58957	172-192	ECO:0000255	Helical; Name=4	transmembrane
P58957	240-260	ECO:0000255	Helical; Name=5	transmembrane
P58957	272-292	ECO:0000255	Helical; Name=6	transmembrane
P58957	351-371	ECO:0000255	Helical; Name=7	transmembrane
P58957	38-58	ECO:0000255	Helical; Name=1	transmembrane
P58957	80-100	ECO:0000255	Helical; Name=2	transmembrane
P58958	129-149	ECO:0000255	Helical; Name=3	transmembrane
P58958	173-193	ECO:0000255	Helical; Name=4	transmembrane
P58958	235-255	ECO:0000255	Helical; Name=5	transmembrane
P58958	274-294	ECO:0000255	Helical; Name=6	transmembrane
P58958	351-371	ECO:0000255	Helical; Name=7	transmembrane
P58958	44-64	ECO:0000255	Helical; Name=1	transmembrane
P58958	79-101	ECO:0000255	Helical; Name=2	transmembrane
P58959	128-148	ECO:0000255	Helical; Name=3	transmembrane
P58959	162-182	ECO:0000255	Helical; Name=4	transmembrane
P58959	229-249	ECO:0000255	Helical; Name=5	transmembrane
P58959	264-284	ECO:0000255	Helical; Name=6	transmembrane
P58959	341-361	ECO:0000255	Helical; Name=7	transmembrane
P58959	42-62	ECO:0000255	Helical; Name=1	transmembrane
P58959	81-101	ECO:0000255	Helical; Name=2	transmembrane
P58960	123-143	ECO:0000255	Helical; Name=3	transmembrane
P58960	148-168	ECO:0000255	Helical; Name=4	transmembrane
P58960	225-245	ECO:0000255	Helical; Name=5	transmembrane
P58960	266-286	ECO:0000255	Helical; Name=6	transmembrane
P58960	33-53	ECO:0000255	Helical; Name=1	transmembrane
P58960	349-368	ECO:0000255	Helical; Name=7	transmembrane
P58960	60-80	ECO:0000255	Helical; Name=2	transmembrane
P58961	143-163	ECO:0000255	Helical; Name=3	transmembrane
P58961	183-203	ECO:0000255	Helical; Name=4	transmembrane
P58961	250-270	ECO:0000255	Helical; Name=5	transmembrane
P58961	292-312	ECO:0000255	Helical; Name=6	transmembrane
P58961	365-385	ECO:0000255	Helical; Name=7	transmembrane
P58961	41-61	ECO:0000255	Helical; Name=2	transmembrane
P58961	6-26	ECO:0000255	Helical; Name=1	transmembrane
P58962	132-152	ECO:0000255	Helical; Name=3	transmembrane
P58962	170-190	ECO:0000255	Helical; Name=4	transmembrane
P58962	251-271	ECO:0000255	Helical; Name=5	transmembrane
P58962	289-309	ECO:0000255	Helical; Name=6	transmembrane
P58962	33-53	ECO:0000255	Helical; Name=1	transmembrane
P58962	367-387	ECO:0000255	Helical; Name=7	transmembrane
P58962	73-93	ECO:0000255	Helical; Name=2	transmembrane
P58985	129-149	ECO:0000255	Helical; Name=3	transmembrane
P58985	157-177	ECO:0000255	Helical; Name=4	transmembrane
P58985	253-273	ECO:0000255	Helical; Name=5	transmembrane
P58985	284-304	ECO:0000255	Helical; Name=6	transmembrane
P58985	367-383	ECO:0000255	Helical; Name=7	transmembrane
P58985	39-59	ECO:0000255	Helical; Name=1	transmembrane
P58985	76-96	ECO:0000255	Helical; Name=2	transmembrane
P81909	137-157	ECO:0000255	Helical; Name=3	transmembrane
P81909	183-203	ECO:0000255	Helical; Name=4	transmembrane
P81909	264-280	ECO:0000255	Helical; Name=5	transmembrane
P81909	287-304	ECO:0000255	Helical; Name=6	transmembrane
P81909	357-377	ECO:0000255	Helical; Name=7	transmembrane
P81909	50-70	ECO:0000255	Helical; Name=1	transmembrane
P81909	87-107	ECO:0000255	Helical; Name=2	transmembrane
P81910	144-164	ECO:0000255	Helical; Name=3	transmembrane
P81910	195-215	ECO:0000255	Helical; Name=4	transmembrane
P81910	269-289	ECO:0000255	Helical; Name=5	transmembrane
P81910	296-316	ECO:0000255	Helical; Name=6	transmembrane
P81910	348-368	ECO:0000255	Helical; Name=7	transmembrane
P81910	50-70	ECO:0000255	Helical; Name=1	transmembrane
P81910	86-105	ECO:0000255	Helical; Name=2	transmembrane
P81911	135-155	ECO:0000255	Helical; Name=3	transmembrane
P81911	174-194	ECO:0000255	Helical; Name=4	transmembrane
P81911	202-222	ECO:0000255	Helical; Name=5	transmembrane
P81911	277-297	ECO:0000255	Helical; Name=6	transmembrane
P81911	308-328	ECO:0000255	Helical; Name=7	transmembrane
P81911	43-63	ECO:0000255	Helical; Name=1	transmembrane
P81911	74-94	ECO:0000255	Helical; Name=2	transmembrane
P81912	126-146	ECO:0000255	Helical; Name=3	transmembrane
P81912	163-183	ECO:0000255	Helical; Name=4	transmembrane
P81912	254-274	ECO:0000255	Helical; Name=5	transmembrane
P81912	281-301	ECO:0000255	Helical; Name=6	transmembrane
P81912	341-361	ECO:0000255	Helical; Name=7	transmembrane
P81912	37-57	ECO:0000255	Helical; Name=1	transmembrane
P81912	65-85	ECO:0000255	Helical; Name=2	transmembrane
P81913	125-145	ECO:0000255	Helical; Name=4	transmembrane
P81913	15-31	ECO:0000255	Helical; Name=1	transmembrane
P81913	200-220	ECO:0000255	Helical; Name=5	transmembrane
P81913	270-290	ECO:0000255	Helical; Name=6	transmembrane
P81913	296-316	ECO:0000255	Helical; Name=7	transmembrane
P81913	47-67	ECO:0000255	Helical; Name=2	transmembrane
P81913	75-95	ECO:0000255	Helical; Name=3	transmembrane
P81914	128-148	ECO:0000255	Helical; Name=3	transmembrane
P81914	164-184	ECO:0000255	Helical; Name=4	transmembrane
P81914	255-275	ECO:0000255	Helical; Name=5	transmembrane
P81914	286-306	ECO:0000255	Helical; Name=6	transmembrane
P81914	34-54	ECO:0000255	Helical; Name=1	transmembrane
P81914	356-376	ECO:0000255	Helical; Name=7	transmembrane
P81914	63-83	ECO:0000255	Helical; Name=2	transmembrane
P81915	130-150	ECO:0000255	Helical; Name=3	transmembrane
P81915	166-186	ECO:0000255	Helical; Name=4	transmembrane
P81915	257-277	ECO:0000255	Helical; Name=5	transmembrane
P81915	282-302	ECO:0000255	Helical; Name=6	transmembrane
P81915	356-376	ECO:0000255	Helical; Name=7	transmembrane
P81915	38-58	ECO:0000255	Helical; Name=1	transmembrane
P81915	65-85	ECO:0000255	Helical; Name=2	transmembrane
P81916	129-149	ECO:0000255	Helical; Name=3	transmembrane
P81916	170-190	ECO:0000255	Helical; Name=4	transmembrane
P81916	252-272	ECO:0000255	Helical; Name=5	transmembrane
P81916	275-295	ECO:0000255	Helical; Name=6	transmembrane
P81916	359-379	ECO:0000255	Helical; Name=7	transmembrane
P81916	36-56	ECO:0000255	Helical; Name=1	transmembrane
P81916	64-84	ECO:0000255	Helical; Name=2	transmembrane
P81917	124-144	ECO:0000255	Helical; Name=3	transmembrane
P81917	179-199	ECO:0000255	Helical; Name=4	transmembrane
P81917	248-268	ECO:0000255	Helical; Name=5	transmembrane
P81917	277-297	ECO:0000255	Helical; Name=6	transmembrane
P81917	33-53	ECO:0000255	Helical; Name=1	transmembrane
P81917	343-363	ECO:0000255	Helical; Name=7	transmembrane
P81917	59-79	ECO:0000255	Helical; Name=2	transmembrane
P81918	140-160	ECO:0000255	Helical; Name=3	transmembrane
P81918	194-214	ECO:0000255	Helical; Name=4	transmembrane
P81918	272-292	ECO:0000255	Helical; Name=5	transmembrane
P81918	300-320	ECO:0000255	Helical; Name=6	transmembrane
P81918	373-393	ECO:0000255	Helical; Name=7	transmembrane
P81918	50-70	ECO:0000255	Helical; Name=1	transmembrane
P81918	84-104	ECO:0000255	Helical; Name=2	transmembrane
P81919	128-148	ECO:0000255	Helical; Name=3	transmembrane
P81919	171-191	ECO:0000255	Helical; Name=4	transmembrane
P81919	256-276	ECO:0000255	Helical; Name=5	transmembrane
P81919	288-308	ECO:0000255	Helical; Name=6	transmembrane
P81919	356-376	ECO:0000255	Helical; Name=7	transmembrane
P81919	38-58	ECO:0000255	Helical; Name=1	transmembrane
P81919	66-86	ECO:0000255	Helical; Name=2	transmembrane
P81921	130-150	ECO:0000255	Helical; Name=3	transmembrane
P81921	176-196	ECO:0000255	Helical; Name=4	transmembrane
P81921	256-276	ECO:0000255	Helical; Name=5	transmembrane
P81921	285-305	ECO:0000255	Helical; Name=6	transmembrane
P81921	34-54	ECO:0000255	Helical; Name=1	transmembrane
P81921	358-378	ECO:0000255	Helical; Name=7	transmembrane
P81921	63-83	ECO:0000255	Helical; Name=2	transmembrane
P81922	104-124	ECO:0000255	Helical; Name=2	transmembrane
P81922	170-190	ECO:0000255	Helical; Name=3	transmembrane
P81922	230-250	ECO:0000255	Helical; Name=4	transmembrane
P81922	303-323	ECO:0000255	Helical; Name=5	transmembrane
P81922	331-351	ECO:0000255	Helical; Name=6	transmembrane
P81922	390-410	ECO:0000255	Helical; Name=7	transmembrane
P81922	75-95	ECO:0000255	Helical; Name=1	transmembrane
P81923	129-149	ECO:0000255	Helical; Name=3	transmembrane
P81923	180-200	ECO:0000255	Helical; Name=4	transmembrane
P81923	275-295	ECO:0000255	Helical; Name=5	transmembrane
P81923	302-322	ECO:0000255	Helical; Name=6	transmembrane
P81923	37-57	ECO:0000255	Helical; Name=1	transmembrane
P81923	373-393	ECO:0000255	Helical; Name=7	transmembrane
P81923	69-92	ECO:0000255	Helical; Name=2	transmembrane
P81924	160-180	ECO:0000255	Helical; Name=3	transmembrane
P81924	213-233	ECO:0000255	Helical; Name=4	transmembrane
P81924	287-307	ECO:0000255	Helical; Name=5	transmembrane
P81924	335-355	ECO:0000255	Helical; Name=6	transmembrane
P81924	368-388	ECO:0000255	Helical; Name=7	transmembrane
P81924	61-81	ECO:0000255	Helical; Name=1	transmembrane
P81924	99-119	ECO:0000255	Helical; Name=2	transmembrane
P81928	131-151	ECO:0000255	Helical	transmembrane
P81928	183-203	ECO:0000255	Helical	transmembrane
P81928	67-87	ECO:0000255	Helical	transmembrane
P82149	126-146	ECO:0000255	Helical	transmembrane
P82149	172-192	ECO:0000255	Helical	transmembrane
P82149	212-232	ECO:0000255	Helical	transmembrane
P82149	234-254	ECO:0000255	Helical	transmembrane
P82149	295-315	ECO:0000255	Helical	transmembrane
P82149	404-424	ECO:0000255	Helical	transmembrane
P82149	427-447	ECO:0000255	Helical	transmembrane
P82149	44-64	ECO:0000255	Helical	transmembrane
P82149	98-118	ECO:0000255	Helical	transmembrane
P82295	215-235	ECO:0000255	Helical	transmembrane
P82295	32-52	ECO:0000255	Helical	transmembrane
P82295	489-509	ECO:0000255	Helical	transmembrane
P82295	535-555	ECO:0000255	Helical	transmembrane
P82295	852-872	ECO:0000255	Helical	transmembrane
P82982	153-173	ECO:0000255	Helical; Name=3	transmembrane
P82982	207-227	ECO:0000255	Helical; Name=4	transmembrane
P82982	291-311	ECO:0000255	Helical; Name=5	transmembrane
P82982	317-337	ECO:0000255	Helical; Name=6	transmembrane
P82982	394-414	ECO:0000255	Helical; Name=7	transmembrane
P82982	63-83	ECO:0000255	Helical; Name=1	transmembrane
P82982	99-119	ECO:0000255	Helical; Name=2	transmembrane
P82983	145-165	ECO:0000255	Helical; Name=3	transmembrane
P82983	219-239	ECO:0000255	Helical; Name=4	transmembrane
P82983	276-296	ECO:0000255	Helical; Name=5	transmembrane
P82983	308-328	ECO:0000255	Helical; Name=6	transmembrane
P82983	382-402	ECO:0000255	Helical; Name=7	transmembrane
P82983	56-76	ECO:0000255	Helical; Name=1	transmembrane
P82983	89-109	ECO:0000255	Helical; Name=2	transmembrane
P82984	149-169	ECO:0000255	Helical; Name=3	transmembrane
P82984	223-243	ECO:0000255	Helical; Name=4	transmembrane
P82984	280-300	ECO:0000255	Helical; Name=5	transmembrane
P82984	313-333	ECO:0000255	Helical; Name=6	transmembrane
P82984	386-406	ECO:0000255	Helical; Name=7	transmembrane
P82984	60-80	ECO:0000255	Helical; Name=1	transmembrane
P82984	93-113	ECO:0000255	Helical; Name=2	transmembrane
P82985	139-159	ECO:0000255	Helical; Name=3	transmembrane
P82985	209-229	ECO:0000255	Helical; Name=4	transmembrane
P82985	270-290	ECO:0000255	Helical; Name=5	transmembrane
P82985	306-326	ECO:0000255	Helical; Name=6	transmembrane
P82985	366-386	ECO:0000255	Helical; Name=7	transmembrane
P82985	40-60	ECO:0000255	Helical; Name=1	transmembrane
P82985	70-90	ECO:0000255	Helical; Name=2	transmembrane
P82986	132-152	ECO:0000255	Helical; Name=3	transmembrane
P82986	187-207	ECO:0000255	Helical; Name=4	transmembrane
P82986	258-278	ECO:0000255	Helical; Name=5	transmembrane
P82986	291-311	ECO:0000255	Helical; Name=6	transmembrane
P82986	33-53	ECO:0000255	Helical; Name=1	transmembrane
P82986	358-378	ECO:0000255	Helical; Name=7	transmembrane
P82986	63-83	ECO:0000255	Helical; Name=2	transmembrane
P83088	38-58	ECO:0000255	Helical; Signal-anchor for type II membrane protein	transmembrane
P83094	295-312	ECO:0000255	Helical	transmembrane
P83097	402-422	ECO:0000255	Helical	transmembrane
P83118	230-250	ECO:0000255	Helical; Name=1	transmembrane
P83118	263-283	ECO:0000255	Helical; Name=2	transmembrane
P83118	291-311	ECO:0000255	Helical; Name=3	transmembrane
P83118	340-360	ECO:0000255	Helical; Name=4	transmembrane
P83118	387-407	ECO:0000255	Helical; Name=5	transmembrane
P83118	440-460	ECO:0000255	Helical; Name=6	transmembrane
P83118	470-490	ECO:0000255	Helical; Name=7	transmembrane
P83119	216-236	ECO:0000255	Helical; Name=1	transmembrane
P83119	248-268	ECO:0000255	Helical; Name=2	transmembrane
P83119	284-304	ECO:0000255	Helical; Name=3	transmembrane
P83119	316-336	ECO:0000255	Helical; Name=4	transmembrane
P83119	374-394	ECO:0000255	Helical; Name=5	transmembrane
P83119	417-437	ECO:0000255	Helical; Name=6	transmembrane
P83119	455-475	ECO:0000255	Helical; Name=7	transmembrane
P83292	113-133	ECO:0000255	Helical; Name=4	transmembrane
P83292	227-247	ECO:0000255	Helical; Name=5	transmembrane
P83292	264-284	ECO:0000255	Helical; Name=6	transmembrane
P83292	344-364	ECO:0000255	Helical; Name=7	transmembrane
P83292	37-57	ECO:0000255	Helical; Name=2	transmembrane
P83292	7-27	ECO:0000255	Helical; Name=1	transmembrane
P83292	73-93	ECO:0000255	Helical; Name=3	transmembrane
P83293	129-150	ECO:0000269|PubMed:38305684, ECO:0007744|PDB:8JME	Helical; Name=S2	transmembrane
P83293	183-205	ECO:0000269|PubMed:38305684, ECO:0007744|PDB:8JME	Helical; Name=S3	transmembrane
P83293	246-271	ECO:0000269|PubMed:38305684, ECO:0007744|PDB:8JME	Helical; Name=S4	transmembrane
P83293	319-342	ECO:0000269|PubMed:38305684, ECO:0007744|PDB:8JME	Helical; Name=S5	transmembrane
P83293	351-373	ECO:0000269|PubMed:38305684, ECO:0007744|PDB:8JME	Helical; Name=S6	transmembrane
P83293	422-441	ECO:0000269|PubMed:38305684, ECO:0007744|PDB:8JME	Helical; Name=S7b	transmembrane
P83293	92-114	ECO:0000269|PubMed:38305684, ECO:0007744|PDB:8JME	Helical; Name=S1	transmembrane
P83294	131-151	ECO:0000255	Helical; Name=3	transmembrane
P83294	184-204	ECO:0000255	Helical; Name=4	transmembrane
P83294	266-286	ECO:0000255	Helical; Name=5	transmembrane
P83294	291-311	ECO:0000255	Helical; Name=6	transmembrane
P83294	371-391	ECO:0000255	Helical; Name=7	transmembrane
P83294	48-68	ECO:0000255	Helical; Name=1	transmembrane
P83294	80-100	ECO:0000255	Helical; Name=2	transmembrane
P83295	140-160	ECO:0000255	Helical; Name=4	transmembrane
P83295	16-36	ECO:0000255	Helical; Name=1	transmembrane
P83295	205-225	ECO:0000255	Helical; Name=5	transmembrane
P83295	306-326	ECO:0000255	Helical; Name=6	transmembrane
P83295	378-398	ECO:0000255	Helical; Name=7	transmembrane
P83295	49-69	ECO:0000255	Helical; Name=2	transmembrane
P83295	83-103	ECO:0000255	Helical; Name=3	transmembrane
P83296	101-121	ECO:0000255	Helical; Name=1	transmembrane
P83296	131-151	ECO:0000255	Helical; Name=2	transmembrane
P83296	184-204	ECO:0000255	Helical; Name=3	transmembrane
P83296	224-244	ECO:0000255	Helical; Name=4	transmembrane
P83296	251-271	ECO:0000255	Helical; Name=5	transmembrane
P83296	345-365	ECO:0000255	Helical; Name=6	transmembrane
P83296	421-441	ECO:0000255	Helical; Name=7	transmembrane
P83297	118-138	ECO:0000255	Helical; Name=1	transmembrane
P83297	147-167	ECO:0000255	Helical; Name=2	transmembrane
P83297	200-220	ECO:0000255	Helical; Name=3	transmembrane
P83297	266-286	ECO:0000255	Helical; Name=4	transmembrane
P83297	331-351	ECO:0000255	Helical; Name=5	transmembrane
P83297	354-374	ECO:0000255	Helical; Name=6	transmembrane
P83297	436-456	ECO:0000255	Helical; Name=7	transmembrane
P83740	134-154	ECO:0000255	Helical	transmembrane
P83740	160-180	ECO:0000255	Helical	transmembrane
P83740	188-208	ECO:0000255	Helical	transmembrane
P83740	234-254	ECO:0000255	Helical	transmembrane
P83740	273-293	ECO:0000255	Helical	transmembrane
P83740	331-351	ECO:0000255	Helical	transmembrane
P83740	389-409	ECO:0000255	Helical	transmembrane
P83740	4-24	ECO:0000255	Helical	transmembrane
P83740	413-433	ECO:0000255	Helical	transmembrane
P83740	440-460	ECO:0000255	Helical	transmembrane
P83740	48-68	ECO:0000255	Helical	transmembrane
P83740	511-531	ECO:0000255	Helical	transmembrane
P83740	78-98	ECO:0000255	Helical	transmembrane
P84180	156-176	ECO:0000255	Helical; Name=3	transmembrane
P84180	179-199	ECO:0000255	Helical; Name=4	transmembrane
P84180	255-275	ECO:0000255	Helical; Name=5	transmembrane
P84180	283-303	ECO:0000255	Helical; Name=6	transmembrane
P84180	364-384	ECO:0000255	Helical; Name=7	transmembrane
P84180	49-69	ECO:0000255	Helical; Name=1	transmembrane
P84180	90-110	ECO:0000255	Helical; Name=2	transmembrane
P84181	143-163	ECO:0000255	Helical; Name=3	transmembrane
P84181	185-205	ECO:0000255	Helical; Name=4	transmembrane
P84181	253-273	ECO:0000255	Helical; Name=5	transmembrane
P84181	282-302	ECO:0000255	Helical; Name=6	transmembrane
P84181	364-384	ECO:0000255	Helical; Name=7	transmembrane
P84181	44-64	ECO:0000255	Helical; Name=1	transmembrane
P84181	83-103	ECO:0000255	Helical; Name=2	transmembrane
P84345	4-24	ECO:0000255	Helical	transmembrane
P91645	1014-1038	ECO:0000255	Helical; Name=S6 of repeat III	transmembrane
P91645	108-128	ECO:0000255	Helical; Name=S3 of repeat I	transmembrane
P91645	1094-1122	ECO:0000255	Helical; Name=S1 of repeat IV	transmembrane
P91645	1128-1147	ECO:0000255	Helical; Name=S2 of repeat IV	transmembrane
P91645	1156-1174	ECO:0000255	Helical; Name=S3 of repeat IV	transmembrane
P91645	1185-1203	ECO:0000255	Helical; Name=S4 of repeat IV	transmembrane
P91645	1223-1242	ECO:0000255	Helical; Name=S5 of repeat IV	transmembrane
P91645	1309-1333	ECO:0000255	Helical; Name=S6 of repeat IV	transmembrane
P91645	134-152	ECO:0000255	Helical; Name=S4 of repeat I	transmembrane
P91645	172-191	ECO:0000255	Helical; Name=S5 of repeat I	transmembrane
P91645	289-313	ECO:0000255	Helical; Name=S6 of repeat I	transmembrane
P91645	39-57	ECO:0000255	Helical; Name=S1 of repeat I	transmembrane
P91645	442-460	ECO:0000255	Helical; Name=S1 of repeat II	transmembrane
P91645	476-495	ECO:0000255	Helical; Name=S2 of repeat II	transmembrane
P91645	504-522	ECO:0000255	Helical; Name=S3 of repeat II	transmembrane
P91645	532-550	ECO:0000255	Helical; Name=S4 of repeat II	transmembrane
P91645	570-589	ECO:0000255	Helical; Name=S5 of repeat II	transmembrane
P91645	643-667	ECO:0000255	Helical; Name=S6 of repeat II	transmembrane
P91645	76-95	ECO:0000255	Helical; Name=S2 of repeat I	transmembrane
P91645	768-786	ECO:0000255	Helical; Name=S1 of repeat III	transmembrane
P91645	803-822	ECO:0000255	Helical; Name=S2 of repeat III	transmembrane
P91645	835-853	ECO:0000255	Helical; Name=S3 of repeat III	transmembrane
P91645	867-885	ECO:0000255	Helical; Name=S4 of repeat III	transmembrane
P91645	905-924	ECO:0000255	Helical; Name=S5 of repeat III	transmembrane
P91657	128-147	ECO:0000255	Helical; Name=3	transmembrane
P91657	166-190	ECO:0000255	Helical; Name=4	transmembrane
P91657	215-242	ECO:0000255	Helical; Name=5	transmembrane
P91657	279-302	ECO:0000255	Helical; Name=6	transmembrane
P91657	311-335	ECO:0000255	Helical; Name=7	transmembrane
P91657	50-76	ECO:0000255	Helical; Name=1	transmembrane
P91657	89-112	ECO:0000255	Helical; Name=2	transmembrane
P91660	1025-1045	ECO:0000255|PROSITE-ProRule:PRU00441	Helical	transmembrane
P91660	159-179	ECO:0000255|PROSITE-ProRule:PRU00441	Helical	transmembrane
P91660	205-225	ECO:0000255|PROSITE-ProRule:PRU00441	Helical	transmembrane
P91660	282-302	ECO:0000255|PROSITE-ProRule:PRU00441	Helical	transmembrane
P91660	305-325	ECO:0000255|PROSITE-ProRule:PRU00441	Helical	transmembrane
P91660	404-424	ECO:0000255|PROSITE-ProRule:PRU00441	Helical	transmembrane
P91660	426-446	ECO:0000255|PROSITE-ProRule:PRU00441	Helical	transmembrane
P91660	787-807	ECO:0000255|PROSITE-ProRule:PRU00441	Helical	transmembrane
P91660	845-865	ECO:0000255|PROSITE-ProRule:PRU00441	Helical	transmembrane
P91660	913-933	ECO:0000255|PROSITE-ProRule:PRU00441	Helical	transmembrane
P91660	938-958	ECO:0000255|PROSITE-ProRule:PRU00441	Helical	transmembrane
P91679	104-124	ECO:0000255	Helical	transmembrane
P91679	132-152	ECO:0000255	Helical	transmembrane
P91679	173-193	ECO:0000255	Helical	transmembrane
P91679	207-227	ECO:0000255	Helical	transmembrane
P91679	334-354	ECO:0000255	Helical	transmembrane
P91679	364-384	ECO:0000255	Helical	transmembrane
P91679	597-619	ECO:0000255	Helical	transmembrane
P91679	629-649	ECO:0000255	Helical	transmembrane
P91679	659-679	ECO:0000255	Helical	transmembrane
P91679	74-94	ECO:0000255	Helical	transmembrane
P91682	259-279	ECO:0000255	Helical; Name=1	transmembrane
P91682	288-308	ECO:0000255	Helical; Name=2	transmembrane
P91682	340-360	ECO:0000255	Helical; Name=3	transmembrane
P91682	382-402	ECO:0000255	Helical; Name=4	transmembrane
P91682	422-442	ECO:0000255	Helical; Name=5	transmembrane
P91682	470-490	ECO:0000255	Helical; Name=6	transmembrane
P91682	533-553	ECO:0000255	Helical; Name=7	transmembrane
P91685	627-649	ECO:0000255	Helical; Name=1	transmembrane
P91685	664-684	ECO:0000255	Helical; Name=2	transmembrane
P91685	696-714	ECO:0000255	Helical; Name=3	transmembrane
P91685	739-759	ECO:0000255	Helical; Name=4	transmembrane
P91685	783-804	ECO:0000255	Helical; Name=5	transmembrane
P91685	818-840	ECO:0000255	Helical; Name=6	transmembrane
P91685	851-876	ECO:0000255	Helical; Name=7	transmembrane
P91927	237-257	ECO:0000255	Helical	transmembrane
P91928	69-89	ECO:0000255	Helical	transmembrane
P92029	141-161	ECO:0000255	Helical	transmembrane
P98163	1800-1820	ECO:0000255	Helical	transmembrane
Q00449	117-145	ECO:0000255|PROSITE-ProRule:PRU00441	Helical	transmembrane
Q00449	193-213	ECO:0000255|PROSITE-ProRule:PRU00441	Helical	transmembrane
Q00449	221-240	ECO:0000255|PROSITE-ProRule:PRU00441	Helical	transmembrane
Q00449	301-322	ECO:0000255|PROSITE-ProRule:PRU00441	Helical	transmembrane
Q00449	340-360	ECO:0000255|PROSITE-ProRule:PRU00441	Helical	transmembrane
Q00449	47-67	ECO:0000255|PROSITE-ProRule:PRU00441	Helical	transmembrane
Q00449	735-756	ECO:0000255|PROSITE-ProRule:PRU00441	Helical	transmembrane
Q00449	780-801	ECO:0000255|PROSITE-ProRule:PRU00441	Helical	transmembrane
Q00449	856-876	ECO:0000255|PROSITE-ProRule:PRU00441	Helical	transmembrane
Q00449	878-897	ECO:0000255|PROSITE-ProRule:PRU00441	Helical	transmembrane
Q00449	960-980	ECO:0000255|PROSITE-ProRule:PRU00441	Helical	transmembrane
Q00449	997-1017	ECO:0000255|PROSITE-ProRule:PRU00441	Helical	transmembrane
Q00748	119-147	ECO:0000255|PROSITE-ProRule:PRU00441	Helical; Name=2	transmembrane
Q00748	195-215	ECO:0000255|PROSITE-ProRule:PRU00441	Helical; Name=3	transmembrane
Q00748	224-242	ECO:0000255|PROSITE-ProRule:PRU00441	Helical; Name=4	transmembrane
Q00748	303-323	ECO:0000255|PROSITE-ProRule:PRU00441	Helical; Name=5	transmembrane
Q00748	342-362	ECO:0000255|PROSITE-ProRule:PRU00441	Helical; Name=6	transmembrane
Q00748	49-69	ECO:0000255|PROSITE-ProRule:PRU00441	Helical; Name=1	transmembrane
Q00748	732-753	ECO:0000255|PROSITE-ProRule:PRU00441	Helical; Name=7	transmembrane
Q00748	777-798	ECO:0000255|PROSITE-ProRule:PRU00441	Helical; Name=8	transmembrane
Q00748	853-873	ECO:0000255|PROSITE-ProRule:PRU00441	Helical; Name=9	transmembrane
Q00748	875-894	ECO:0000255|PROSITE-ProRule:PRU00441	Helical; Name=10	transmembrane
Q00748	957-977	ECO:0000255|PROSITE-ProRule:PRU00441	Helical; Name=11	transmembrane
Q00748	994-1014	ECO:0000255|PROSITE-ProRule:PRU00441	Helical; Name=12	transmembrane
Q01083	144-164	ECO:0000255	Helical	transmembrane
Q02280	227-246	ECO:0000255	Helical; Name=Segment S1	transmembrane
Q02280	269-291	ECO:0000255	Helical; Name=Segment S2	transmembrane
Q02280	314-335	ECO:0000255	Helical; Name=Segment S3	transmembrane
Q02280	343-369	ECO:0000255	Helical; Voltage-sensor; Name=Segment S4	transmembrane
Q02280	372-393	ECO:0000255	Helical; Name=Segment S5	transmembrane
Q02280	471-493	ECO:0000255	Helical; Name=Segment S6	transmembrane
Q03445	612-632	ECO:0000255	Helical	transmembrane
Q03445	711-731	ECO:0000255	Helical	transmembrane
Q03445	896-916	ECO:0000255	Helical	transmembrane
Q03720	128-149	ECO:0000255	Helical; Name=Segment S1	transmembrane
Q03720	165-185	ECO:0000255	Helical; Name=Segment S2	transmembrane
Q03720	190-210	ECO:0000255	Helical; Name=Segment S3	transmembrane
Q03720	215-235	ECO:0000255	Helical; Voltage-sensor; Name=Segment S4	transmembrane
Q03720	251-271	ECO:0000255	Helical; Name=Segment S5	transmembrane
Q03720	317-337	ECO:0000255	Helical; Name=Segment S6	transmembrane
Q03720	49-69	ECO:0000255	Helical; Name=Segment S0	transmembrane
Q04164	1636-1656	ECO:0000255	Helical	transmembrane
Q05319	59-80		Helical; Signal-anchor for type II membrane protein	transmembrane
Q059A4	70-90	ECO:0000255	Helical	transmembrane
Q059A4	96-116	ECO:0000255	Helical	transmembrane
Q06003	235-255	ECO:0000255	Helical	transmembrane
Q07407	310-330	ECO:0000255	Helical	transmembrane
Q07553	470-490	ECO:0000255	Helical	transmembrane
Q08180	534-556	ECO:0000255	Helical	transmembrane
Q08832	259-280	ECO:0000255	Helical	transmembrane
Q08832	285-306	ECO:0000255	Helical	transmembrane
Q08832	318-342	ECO:0000255	Helical	transmembrane
Q08832	473-494	ECO:0000255	Helical	transmembrane
Q09147	601-626	ECO:0000255	Helical	transmembrane
Q0E8F2	289-306	ECO:0000255	Helical; Name=1	transmembrane
Q0E8F2	341-360	ECO:0000255	Helical; Name=2	transmembrane
Q0E8F2	386-399	ECO:0000255	Helical; Name=3	transmembrane
Q0E8F2	436-455	ECO:0000255	Helical; Name=4	transmembrane
Q0E8F2	478-495	ECO:0000255	Helical; Name=5	transmembrane
Q0E8F2	552-571	ECO:0000255	Helical; Name=6	transmembrane
Q0E961	1044-1064	ECO:0000255	Helical; Name=12	transmembrane
Q0E961	505-525	ECO:0000255	Helical; Name=1	transmembrane
Q0E961	531-551	ECO:0000255	Helical; Name=2	transmembrane
Q0E961	567-587	ECO:0000255	Helical; Name=3	transmembrane
Q0E961	667-687	ECO:0000255	Helical; Name=4	transmembrane
Q0E961	696-716	ECO:0000255	Helical; Name=5	transmembrane
Q0E961	741-761	ECO:0000255	Helical; Name=6	transmembrane
Q0E961	778-798	ECO:0000255	Helical; Name=7	transmembrane
Q0E961	890-910	ECO:0000255	Helical; Name=8	transmembrane
Q0E961	926-946	ECO:0000255	Helical; Name=9	transmembrane
Q0E961	956-976	ECO:0000255	Helical; Name=10	transmembrane
Q0E961	998-1018	ECO:0000255	Helical; Name=11	transmembrane
Q0E9H9	1619-1639	ECO:0000255	Helical	transmembrane
Q0KHU5	80-100	ECO:0000255	Helical; Signal-anchor for type II membrane protein	transmembrane
Q0KHV6	137-153	ECO:0000255	Helical	transmembrane
Q0KHY3	1187-1207	ECO:0000255	Helical	transmembrane
Q1JUZ1	23-43	ECO:0000255	Helical	transmembrane
Q24025	54-74	ECO:0000255	Helical; Signal-anchor for type II membrane protein	transmembrane
Q24046	46-66	ECO:0000255	Helical; Signal-anchor for type II membrane protein	transmembrane
Q24048	51-71	ECO:0000255	Helical; Signal-anchor for type II membrane protein	transmembrane
Q24093	5-22	ECO:0000255	Helical; Signal-anchor for type II membrane protein	transmembrane
Q24139	137-157	ECO:0000255	Helical	transmembrane
Q24157	8-28	ECO:0000255	Helical; Signal-anchor for type II membrane protein	transmembrane
Q24188	10-30	ECO:0000255	Helical	transmembrane
Q24188	174-194	ECO:0000255	Helical	transmembrane
Q24188	41-61	ECO:0000255	Helical	transmembrane
Q24188	67-87	ECO:0000255	Helical	transmembrane
Q24238	571-591	ECO:0000255	Helical	transmembrane
Q24247	1086-1106	ECO:0000255	Helical	transmembrane
Q24270	1019-1038	ECO:0000255	Helical; Name=S2 of repeat II	transmembrane
Q24270	1048-1066	ECO:0000255	Helical; Name=S3 of repeat II	transmembrane
Q24270	1077-1095	ECO:0000255	Helical; Name=S4 of repeat II	transmembrane
Q24270	1115-1134	ECO:0000255	Helical; Name=S5 of repeat II	transmembrane
Q24270	1191-1215	ECO:0000255	Helical; Name=S6 of repeat II	transmembrane
Q24270	1340-1363	ECO:0000255	Helical; Name=S1 of repeat III	transmembrane
Q24270	1381-1400	ECO:0000255	Helical; Name=S2 of repeat III	transmembrane
Q24270	1409-1431	ECO:0000255	Helical; Name=S3 of repeat III	transmembrane
Q24270	1440-1454	ECO:0000255	Helical; Name=S4 of repeat III	transmembrane
Q24270	1476-1495	ECO:0000255	Helical; Name=S5 of repeat III	transmembrane
Q24270	1585-1609	ECO:0000255	Helical; Name=S6 of repeat III	transmembrane
Q24270	1665-1683	ECO:0000255	Helical; Name=S1 of repeat IV	transmembrane
Q24270	1698-1717	ECO:0000255	Helical; Name=S2 of repeat IV	transmembrane
Q24270	1727-1745	ECO:0000255	Helical; Name=S3 of repeat IV	transmembrane
Q24270	1778-1796	ECO:0000255	Helical; Name=S4 of repeat IV	transmembrane
Q24270	1816-1835	ECO:0000255	Helical; Name=S5 of repeat IV	transmembrane
Q24270	1903-1921	ECO:0000255	Helical; Name=S6 of repeat IV	transmembrane
Q24270	616-634	ECO:0000255	Helical; Name=S1 of repeat I	transmembrane
Q24270	654-671	ECO:0000255	Helical; Name=S2 of repeat I	transmembrane
Q24270	685-699	ECO:0000255	Helical; Name=S3 of repeat I	transmembrane
Q24270	712-730	ECO:0000255	Helical; Name=S4 of repeat I	transmembrane
Q24270	751-770	ECO:0000255	Helical; Name=S5 of repeat I	transmembrane
Q24270	854-878	ECO:0000255	Helical; Name=S6 of repeat I	transmembrane
Q24270	986-1005	ECO:0000255	Helical; Name=S1 of repeat II	transmembrane
Q24278	111-131	ECO:0000255	Helical; Name=H1	transmembrane
Q24278	139-159	ECO:0000255	Helical; Name=H2	transmembrane
Q24278	187-207	ECO:0000255	Helical; Name=H3	transmembrane
Q24278	254-274	ECO:0000255	Helical; Name=H4	transmembrane
Q24278	326-346	ECO:0000255	Helical; Name=H5	transmembrane
Q24278	482-502	ECO:0000255	Helical; Name=H6	transmembrane
Q24292	3046-3066	ECO:0000255	Helical	transmembrane
Q24298	1329-1349	ECO:0000255	Helical	transmembrane
Q24319	413-433	ECO:0000255	Helical	transmembrane
Q24322	41-61	ECO:0000255	Helical	transmembrane
Q24322	658-678	ECO:0000255	Helical	transmembrane
Q24342	16-34	ECO:0000255	Helical; Signal-anchor for type II membrane protein	transmembrane
Q24352	394-414	ECO:0000255	Helical	transmembrane
Q24352	424-441	ECO:0000255	Helical	transmembrane
Q24352	456-476	ECO:0000255	Helical	transmembrane
Q24352	651-671	ECO:0000255	Helical	transmembrane
Q24418	574-594	ECO:0000255	Helical	transmembrane
Q24418	652-672	ECO:0000255	Helical	transmembrane
Q24418	832-852	ECO:0000255	Helical	transmembrane
Q24451	10-30	ECO:0000255	Helical; Signal-anchor for type II membrane protein	transmembrane
Q24468	148-170	ECO:0000255	Helical	transmembrane
Q24488	318-338	ECO:0000255	Helical	transmembrane
Q24498	4452-4472	ECO:0000255	Helical	transmembrane
Q24498	4651-4671	ECO:0000255	Helical	transmembrane
Q24498	4683-4703	ECO:0000255	Helical	transmembrane
Q24498	4742-4762	ECO:0000255	Helical	transmembrane
Q24498	4885-4905	ECO:0000255	Helical	transmembrane
Q24498	4924-4944	ECO:0000255	Helical	transmembrane
Q24498	4984-5024	ECO:0000255	Helical	transmembrane
Q24509	446-466	ECO:0000255	Helical; Anchor for type IV membrane protein	transmembrane
Q24547	269-289	ECO:0000255	Helical; Anchor for type IV membrane protein	transmembrane
Q24563	114-134	ECO:0000255	Helical; Name=1	transmembrane
Q24563	146-166	ECO:0000255	Helical; Name=2	transmembrane
Q24563	190-206	ECO:0000255	Helical; Name=3	transmembrane
Q24563	228-248	ECO:0000255	Helical; Name=4	transmembrane
Q24563	267-287	ECO:0000255	Helical; Name=5	transmembrane
Q24563	421-441	ECO:0000255	Helical; Name=6	transmembrane
Q24563	454-474	ECO:0000255	Helical; Name=7	transmembrane
Q26365	125-145	ECO:0000250|UniProtKB:P02722	Helical; Name=3	transmembrane
Q26365	193-213	ECO:0000250|UniProtKB:P02722	Helical; Name=4	transmembrane
Q26365	225-245	ECO:0000250|UniProtKB:P02722	Helical; Name=5	transmembrane
Q26365	23-52	ECO:0000250|UniProtKB:P02722	Helical; Name=1	transmembrane
Q26365	288-305	ECO:0000250|UniProtKB:P02722	Helical; Name=6	transmembrane
Q26365	90-114	ECO:0000250|UniProtKB:P02722	Helical; Name=2	transmembrane
Q27324	243-263	ECO:0000255	Helical	transmembrane
Q27333	126-146	ECO:0000255	Helical	transmembrane
Q27333	172-192	ECO:0000255	Helical	transmembrane
Q27333	212-232	ECO:0000255	Helical	transmembrane
Q27333	234-254	ECO:0000255	Helical	transmembrane
Q27333	295-315	ECO:0000255	Helical	transmembrane
Q27333	404-424	ECO:0000255	Helical	transmembrane
Q27333	427-447	ECO:0000255	Helical	transmembrane
Q27333	44-64	ECO:0000255	Helical	transmembrane
Q27333	465-485	ECO:0000255	Helical	transmembrane
Q27333	98-118	ECO:0000255	Helical	transmembrane
Q27367	13-33	ECO:0000255	Helical	transmembrane
Q27367	452-472	ECO:0000255	Helical	transmembrane
Q27591	726-746	ECO:0000255	Helical	transmembrane
Q27597	22-42	ECO:0000255|HAMAP-Rule:MF_03212	Helical	transmembrane
Q3KN41	1697-1717	ECO:0000255	Helical	transmembrane
Q4LBB6	1170-1190	ECO:0000255	Helical; Name=7	transmembrane
Q4LBB6	1203-1223	ECO:0000255	Helical; Name=8	transmembrane
Q4LBB6	144-164	ECO:0000255	Helical; Name=1	transmembrane
Q4LBB6	172-192	ECO:0000255	Helical; Name=2	transmembrane
Q4LBB6	214-236	ECO:0000255	Helical; Name=3	transmembrane
Q4LBB6	259-279	ECO:0000255	Helical; Name=4	transmembrane
Q4LBB6	306-326	ECO:0000255	Helical; Name=5	transmembrane
Q4LBB9	158-178	ECO:0000255	Helical; Name=1	transmembrane
Q4LBB9	191-211	ECO:0000255	Helical; Name=2	transmembrane
Q4LBB9	234-256	ECO:0000255	Helical; Name=3	transmembrane
Q4LBB9	271-291	ECO:0000255	Helical; Name=4	transmembrane
Q4LBB9	321-341	ECO:0000255	Helical; Name=5	transmembrane
Q4LBB9	413-433	ECO:0000255	Helical; Name=6	transmembrane
Q4LBB9	445-465	ECO:0000255	Helical; Name=7	transmembrane
Q4V5R4	139-159	ECO:0000255	Helical	transmembrane
Q4V5R4	181-201	ECO:0000255	Helical	transmembrane
Q4V5R4	203-223	ECO:0000255	Helical	transmembrane
Q4V5R4	241-261	ECO:0000255	Helical	transmembrane
Q4V5R4	275-295	ECO:0000255	Helical	transmembrane
Q4V5R4	324-344	ECO:0000255	Helical	transmembrane
Q4V5R4	368-388	ECO:0000255	Helical	transmembrane
Q4V5R4	390-410	ECO:0000255	Helical	transmembrane
Q4V5R4	428-448	ECO:0000255	Helical	transmembrane
Q4V5R4	51-71	ECO:0000255	Helical	transmembrane
Q4V5R4	78-98	ECO:0000255	Helical	transmembrane
Q4V622	108-128	ECO:0000255	Helical; Name=2	transmembrane
Q4V622	144-164	ECO:0000255	Helical; Name=3	transmembrane
Q4V622	185-205	ECO:0000255	Helical; Name=4	transmembrane
Q4V622	236-256	ECO:0000255	Helical; Name=5	transmembrane
Q4V622	294-314	ECO:0000255	Helical; Name=6	transmembrane
Q4V622	334-354	ECO:0000255	Helical; Name=7	transmembrane
Q4V622	75-95	ECO:0000255	Helical; Name=1	transmembrane
Q5BI42	1221-1241	ECO:0000255	Helical	transmembrane
Q6AWJ9	582-602	ECO:0000255	Helical	transmembrane
Q6NN55	104-123	ECO:0000255	Helical	transmembrane
Q6NN55	180-200	ECO:0000255	Helical	transmembrane
Q6NN55	243-263	ECO:0000255	Helical	transmembrane
Q6NN55	25-45	ECO:0000255	Helical	transmembrane
Q6NN55	378-398	ECO:0000255	Helical	transmembrane
Q6NN55	424-444	ECO:0000255	Helical	transmembrane
Q6NN55	452-472	ECO:0000255	Helical	transmembrane
Q6NN55	62-84	ECO:0000255	Helical	transmembrane
Q6NP60	47-67	ECO:0000255	Helical	transmembrane
Q6NP60	740-760	ECO:0000255	Helical	transmembrane
Q6NP91	153-173	ECO:0000255	Helical; Name=TM1	transmembrane
Q6NP91	200-220	ECO:0000255	Helical; Name=TM2	transmembrane
Q6NP91	29-49	ECO:0000255	Helical; Name=TM0	transmembrane
Q6NP91	399-419	ECO:0000255	Helical; Name=TM3	transmembrane
Q6NP91	443-463	ECO:0000255	Helical; Name=TM4	transmembrane
Q6NP91	479-499	ECO:0000255	Helical; Name=TM5	transmembrane
Q6NP91	526-546	ECO:0000255	Helical; Name=TM6	transmembrane
Q6NP91	569-586	ECO:0000255	Helical; Name=TM7	transmembrane
Q6NP91	590-610	ECO:0000255	Helical; Name=TM8	transmembrane
Q6NP91	635-665	ECO:0000255	Helical; Name=TM9	transmembrane
Q6NP91	674-694	ECO:0000255	Helical; Name=TM10	transmembrane
Q6WV16	12-31	ECO:0000255	Helical; Signal-anchor for type II membrane protein	transmembrane
Q6WV17	21-38	ECO:0000255	Helical; Signal-anchor for type II membrane protein	transmembrane
Q6WV19	5-25	ECO:0000255	Helical; Signal-anchor for type II membrane protein	transmembrane
Q6WV20	8-28	ECO:0000255	Helical; Signal-anchor for type II membrane protein	transmembrane
Q709R6	377-397	ECO:0000255	Helical	transmembrane
Q76NQ1	1100-1120	ECO:0000255	Helical	transmembrane
Q76NQ1	1132-1152	ECO:0000255	Helical	transmembrane
Q76NQ1	1157-1177	ECO:0000255	Helical	transmembrane
Q76NQ1	1187-1207	ECO:0000255	Helical	transmembrane
Q76NQ1	1211-1231	ECO:0000255	Helical	transmembrane
Q76NQ1	1246-1266	ECO:0000255	Helical	transmembrane
Q76NQ1	844-864	ECO:0000255	Helical	transmembrane
Q7JQ32	494-514	ECO:0000255	Helical	transmembrane
Q7JQF1	139-159	ECO:0000255	Helical; Name=4	transmembrane
Q7JQF1	26-46	ECO:0000255	Helical; Name=1	transmembrane
Q7JQF1	296-316	ECO:0000255	Helical; Name=5	transmembrane
Q7JQF1	521-541	ECO:0000255	Helical; Name=6	transmembrane
Q7JQF1	552-572	ECO:0000255	Helical; Name=7	transmembrane
Q7JQF1	57-77	ECO:0000255	Helical; Name=2	transmembrane
Q7JQF1	95-115	ECO:0000255	Helical; Name=3	transmembrane
Q7JR49	334-354	ECO:0000255	Helical	transmembrane
Q7JRE4	231-251	ECO:0000255	Helical	transmembrane
Q7JRE4	401-421	ECO:0000255	Helical	transmembrane
Q7JUN3	137-157	ECO:0000255|PROSITE-ProRule:PRU00441	Helical	transmembrane
Q7JUN3	169-189	ECO:0000255|PROSITE-ProRule:PRU00441	Helical	transmembrane
Q7JUN3	24-44	ECO:0000255	Helical	transmembrane
Q7JUN3	276-296	ECO:0000255|PROSITE-ProRule:PRU00441	Helical	transmembrane
Q7JVE7	130-150	ECO:0000255	Helical; Name=5	transmembrane
Q7JVE7	161-181	ECO:0000255	Helical; Name=6	transmembrane
Q7JVE7	185-205	ECO:0000255	Helical; Name=7	transmembrane
Q7JVE7	43-63	ECO:0000255	Helical; Name=2	transmembrane
Q7JVE7	68-88	ECO:0000255	Helical; Name=3	transmembrane
Q7JVE7	9-29	ECO:0000255	Helical; Name=1	transmembrane
Q7JVE7	95-115	ECO:0000255	Helical; Name=4	transmembrane
Q7JW12	103-123	ECO:0000255	Helical	transmembrane
Q7JX57	53-73	ECO:0000255	Helical	transmembrane
Q7JYV2	115-135	ECO:0000255	Helical	transmembrane
Q7JYV2	155-175	ECO:0000255	Helical	transmembrane
Q7JYV2	34-54	ECO:0000255	Helical	transmembrane
Q7JYV2	81-101	ECO:0000255	Helical	transmembrane
Q7K0P4	106-126	ECO:0000255	Helical	transmembrane
Q7K0P4	143-163	ECO:0000255	Helical	transmembrane
Q7K0P4	172-192	ECO:0000255	Helical	transmembrane
Q7K0P4	204-224	ECO:0000255	Helical	transmembrane
Q7K0P4	233-253	ECO:0000255	Helical	transmembrane
Q7K0P4	268-288	ECO:0000255	Helical	transmembrane
Q7K0P4	303-325	ECO:0000255	Helical	transmembrane
Q7K1V5	110-130	ECO:0000255	Helical	transmembrane
Q7K1V5	160-180	ECO:0000255	Helical	transmembrane
Q7K1V5	40-60	ECO:0000255	Helical	transmembrane
Q7K1V5	79-99	ECO:0000255	Helical	transmembrane
Q7K237	22-42	ECO:0000255	Helical; Signal-anchor for type II membrane protein	transmembrane
Q7K4B6	115-135	ECO:0000255	Helical	transmembrane
Q7K4B6	170-190	ECO:0000255	Helical	transmembrane
Q7K4B6	193-213	ECO:0000255	Helical	transmembrane
Q7K4B6	223-239	ECO:0000255	Helical	transmembrane
Q7K4B6	240-259	ECO:0000255	Helical	transmembrane
Q7K4B6	304-324	ECO:0000255	Helical	transmembrane
Q7K4B6	346-366	ECO:0000255	Helical	transmembrane
Q7K4B6	37-57	ECO:0000255	Helical	transmembrane
Q7K4B6	385-405	ECO:0000255	Helical	transmembrane
Q7K4B6	420-440	ECO:0000255	Helical	transmembrane
Q7K4B6	443-463	ECO:0000255	Helical	transmembrane
Q7K4W1	532-552	ECO:0000255	Helical	transmembrane
Q7K4Y6	108-138	ECO:0000269|PubMed:24037379, ECO:0000269|PubMed:25961798, ECO:0000269|PubMed:25970245	Helical; Name=3	transmembrane
Q7K4Y6	236-256	ECO:0000269|PubMed:24037379, ECO:0000269|PubMed:25961798, ECO:0000269|PubMed:25970245	Helical; Name=4	transmembrane
Q7K4Y6	260-284	ECO:0000269|PubMed:24037379, ECO:0000269|PubMed:25961798, ECO:0000269|PubMed:25970245	Helical; Name=5	transmembrane
Q7K4Y6	309-334	ECO:0000269|PubMed:24037379, ECO:0000269|PubMed:25970245	Helical; Name=6	transmembrane
Q7K4Y6	34-59	ECO:0000269|PubMed:24037379, ECO:0000269|PubMed:25961798, ECO:0000269|PubMed:25970245	Helical; Name=1	transmembrane
Q7K4Y6	341-364	ECO:0000269|PubMed:24037379, ECO:0000269|PubMed:25970245	Helical; Name=7	transmembrane
Q7K4Y6	405-430	ECO:0000269|PubMed:24037379, ECO:0000269|PubMed:25970245	Helical; Name=8	transmembrane
Q7K4Y6	446-466	ECO:0000269|PubMed:24037379, ECO:0000269|PubMed:25970245	Helical; Name=9	transmembrane
Q7K4Y6	468-494	ECO:0000269|PubMed:24037379, ECO:0000269|PubMed:25970245	Helical; Name=10	transmembrane
Q7K4Y6	525-547	ECO:0000269|PubMed:24037379, ECO:0000269|PubMed:25970245	Helical; Name=11	transmembrane
Q7K4Y6	551-571	ECO:0000269|PubMed:24037379, ECO:0000269|PubMed:25970245	Helical; Name=12	transmembrane
Q7K4Y6	64-87	ECO:0000269|PubMed:24037379, ECO:0000269|PubMed:25961798, ECO:0000269|PubMed:25970245	Helical; Name=2	transmembrane
Q7K566	10-27	ECO:0000255	Helical; Name=1	transmembrane
Q7K566	112-131	ECO:0000255	Helical; Name=3	transmembrane
Q7K566	171-190	ECO:0000255	Helical; Name=4	transmembrane
Q7K566	209-229	ECO:0000255	Helical; Name=5	transmembrane
Q7K566	278-297	ECO:0000255	Helical; Name=6	transmembrane
Q7K566	72-90	ECO:0000255	Helical; Name=2	transmembrane
Q7KIN0	1050-1070	ECO:0000255	Helical	transmembrane
Q7KN92	7-29	ECO:0000255	Helical	transmembrane
Q7KRW1	124-144	ECO:0000255	Helical	transmembrane
Q7KRW1	147-167	ECO:0000255	Helical	transmembrane
Q7KRW1	200-220	ECO:0000255	Helical	transmembrane
Q7KRW1	233-253	ECO:0000255	Helical	transmembrane
Q7KRW1	256-276	ECO:0000255	Helical	transmembrane
Q7KRW1	350-370	ECO:0000255	Helical	transmembrane
Q7KRW1	392-412	ECO:0000255	Helical	transmembrane
Q7KRW1	425-445	ECO:0000255	Helical	transmembrane
Q7KRW1	461-481	ECO:0000255	Helical	transmembrane
Q7KRW1	488-508	ECO:0000255	Helical	transmembrane
Q7KRW1	539-559	ECO:0000255	Helical	transmembrane
Q7KSC4	18-39	ECO:0000255	Helical	transmembrane
Q7KSC4	52-68	ECO:0000255	Helical	transmembrane
Q7KT91	737-753	ECO:0000255	Helical	transmembrane
Q7KVA1	15-35	ECO:0000255	Helical; Signal-anchor for type II membrane protein	transmembrane
Q7KVW5	489-509	ECO:0000255	Helical; Name=Segment S1	transmembrane
Q7KVW5	530-550	ECO:0000255	Helical; Name=Segment S2	transmembrane
Q7KVW5	569-589	ECO:0000255	Helical; Name=Segment S3	transmembrane
Q7KVW5	609-629	ECO:0000255	Helical; Name=Segment S4	transmembrane
Q7KVW5	658-678	ECO:0000255	Helical; Name=Segment S5	transmembrane
Q7KVW5	724-744	ECO:0000255	Helical; Name=Segment S6	transmembrane
Q7KVY7	313-333	ECO:0000255	Helical; Anchor for type IV membrane protein	transmembrane
Q7YU24	638-648	ECO:0000255	Helical; Name=1	transmembrane
Q7YU24	669-689	ECO:0000255	Helical; Name=2	transmembrane
Q7Z020	1005-1025	ECO:0000255	Helical; Name=6	transmembrane
Q7Z020	754-774	ECO:0000255	Helical; Name=1	transmembrane
Q7Z020	828-848	ECO:0000255	Helical; Name=2	transmembrane
Q7Z020	857-877	ECO:0000255	Helical; Name=3	transmembrane
Q7Z020	890-910	ECO:0000255	Helical; Name=4	transmembrane
Q7Z020	933-953	ECO:0000255	Helical; Name=5	transmembrane
Q7Z2C4	21-41	ECO:0000255	Helical; Signal-anchor for type III membrane protein	transmembrane
Q868T3	130-150	ECO:0000255	Helical; Name=2	transmembrane
Q868T3	165-185	ECO:0000255	Helical; Name=3	transmembrane
Q868T3	240-260	ECO:0000255	Helical; Name=4	transmembrane
Q868T3	288-308	ECO:0000255	Helical; Name=5	transmembrane
Q868T3	354-374	ECO:0000255	Helical; Name=6	transmembrane
Q868T3	384-404	ECO:0000255	Helical; Name=7	transmembrane
Q868T3	55-75	ECO:0000255	Helical; Name=1	transmembrane
Q86B61	65-81	ECO:0000255	Helical	transmembrane
Q86B91	121-141	ECO:0000255	Helical	transmembrane
Q86B91	182-202	ECO:0000255	Helical	transmembrane
Q86B91	669-689	ECO:0000255	Helical	transmembrane
Q86B91	697-717	ECO:0000255	Helical	transmembrane
Q86B91	737-757	ECO:0000255	Helical	transmembrane
Q86B91	78-98	ECO:0000255	Helical	transmembrane
Q86B91	788-808	ECO:0000255	Helical	transmembrane
Q86B91	827-847	ECO:0000255	Helical	transmembrane
Q86BE9	18-38	ECO:0000255	Helical	transmembrane
Q86BE9	58-78	ECO:0000255	Helical	transmembrane
Q86BJ3	31-50	ECO:0000255	Helical; Signal-anchor for type II membrane protein	transmembrane
Q86LG1	490-510	ECO:0000255	Helical	transmembrane
Q86LG1	66-86	ECO:0000255	Helical	transmembrane
Q8IA41	5-27	ECO:0000255	Helical; Signal-anchor for type II membrane protein	transmembrane
Q8IA42	14-34	ECO:0000255	Helical; Signal-anchor for type II membrane protein	transmembrane
Q8IA43	7-26	ECO:0000255	Helical; Signal-anchor for type II membrane protein	transmembrane
Q8IA44	7-29	ECO:0000255	Helical; Signal-anchor for type II membrane protein	transmembrane
Q8IGJ0	595-612	ECO:0000255	Helical	transmembrane
Q8IMN5	149-169	ECO:0000255	Helical; Name=3	transmembrane
Q8IMN5	182-202	ECO:0000255	Helical; Name=4	transmembrane
Q8IMN5	245-265	ECO:0000255	Helical; Name=5	transmembrane
Q8IMN5	295-315	ECO:0000255	Helical; Name=6	transmembrane
Q8IMN5	370-390	ECO:0000255	Helical; Name=7	transmembrane
Q8IMN5	41-61	ECO:0000255	Helical; Name=2	transmembrane
Q8IMN5	8-28	ECO:0000255	Helical; Name=1	transmembrane
Q8IMN6	147-167	ECO:0000255	Helical; Name=3	transmembrane
Q8IMN6	184-204	ECO:0000255	Helical; Name=4	transmembrane
Q8IMN6	262-282	ECO:0000255	Helical; Name=5	transmembrane
Q8IMN6	297-317	ECO:0000255	Helical; Name=6	transmembrane
Q8IMN6	368-388	ECO:0000255	Helical; Name=7	transmembrane
Q8IMN6	43-63	ECO:0000255	Helical; Name=1	transmembrane
Q8IMN6	93-113	ECO:0000255	Helical; Name=2	transmembrane
Q8IMQ6	100-120	ECO:0000255	Helical; Name=3	transmembrane
Q8IMQ6	153-173	ECO:0000255	Helical; Name=4	transmembrane
Q8IMQ6	201-221	ECO:0000255	Helical; Name=5	transmembrane
Q8IMQ6	279-299	ECO:0000255	Helical; Name=6	transmembrane
Q8IMQ6	318-338	ECO:0000255	Helical; Name=7	transmembrane
Q8IMQ6	32-52	ECO:0000255	Helical; Name=1	transmembrane
Q8IMQ6	66-86	ECO:0000255	Helical; Name=2	transmembrane
Q8IMX7	622-641	ECO:0000255	Helical; Anchor for type IV membrane protein	transmembrane
Q8IMZ5	12-32	ECO:0000255	Helical; Name=1	transmembrane
Q8IMZ5	134-154	ECO:0000255	Helical; Name=3	transmembrane
Q8IMZ5	172-192	ECO:0000255	Helical; Name=4	transmembrane
Q8IMZ5	261-281	ECO:0000255	Helical; Name=5	transmembrane
Q8IMZ5	297-317	ECO:0000255	Helical; Name=6	transmembrane
Q8IMZ5	377-397	ECO:0000255	Helical; Name=7	transmembrane
Q8IMZ5	44-64	ECO:0000255	Helical; Name=2	transmembrane
Q8IMZ9	238-258	ECO:0000255	Helical	transmembrane
Q8IMZ9	259-279	ECO:0000255	Helical	transmembrane
Q8IMZ9	285-305	ECO:0000255	Helical	transmembrane
Q8IMZ9	347-367	ECO:0000255	Helical	transmembrane
Q8IMZ9	373-393	ECO:0000255	Helical	transmembrane
Q8IMZ9	446-466	ECO:0000255	Helical	transmembrane
Q8IMZ9	473-493	ECO:0000255	Helical	transmembrane
Q8IMZ9	513-533	ECO:0000255	Helical	transmembrane
Q8IMZ9	545-565	ECO:0000255	Helical	transmembrane
Q8IMZ9	572-592	ECO:0000255	Helical	transmembrane
Q8IN23	154-174	ECO:0000255	Helical; Name=3	transmembrane
Q8IN23	184-204	ECO:0000255	Helical; Name=4	transmembrane
Q8IN23	19-39	ECO:0000255	Helical; Name=1	transmembrane
Q8IN23	268-288	ECO:0000255	Helical; Name=5	transmembrane
Q8IN23	294-314	ECO:0000255	Helical; Name=6	transmembrane
Q8IN23	370-390	ECO:0000255	Helical; Name=7	transmembrane
Q8IN23	90-110	ECO:0000255	Helical; Name=2	transmembrane
Q8IN35	105-125	ECO:0000255	Helical; Name=1	transmembrane
Q8IN35	213-233	ECO:0000255	Helical; Name=2	transmembrane
Q8IN35	255-275	ECO:0000255	Helical; Name=3	transmembrane
Q8IN35	283-303	ECO:0000255	Helical; Name=4	transmembrane
Q8IN35	324-344	ECO:0000255	Helical; Name=5	transmembrane
Q8IN35	387-407	ECO:0000255	Helical; Name=6	transmembrane
Q8IN35	437-457	ECO:0000255	Helical; Name=7	transmembrane
Q8IN58	142-162	ECO:0000255	Helical; Name=3	transmembrane
Q8IN58	15-35	ECO:0000255	Helical; Name=1	transmembrane
Q8IN58	170-190	ECO:0000255	Helical; Name=4	transmembrane
Q8IN58	257-277	ECO:0000255	Helical; Name=5	transmembrane
Q8IN58	288-308	ECO:0000255	Helical; Name=6	transmembrane
Q8IN58	357-377	ECO:0000255	Helical; Name=7	transmembrane
Q8IN58	80-100	ECO:0000255	Helical; Name=2	transmembrane
Q8IN78	128-144	ECO:0000255	Helical	transmembrane
Q8IN78	164-188	ECO:0000255	Helical	transmembrane
Q8IN78	74-94	ECO:0000255	Helical	transmembrane
Q8INM9	152-172	ECO:0000255	Helical; Name=3	transmembrane
Q8INM9	187-207	ECO:0000255	Helical; Name=4	transmembrane
Q8INM9	269-289	ECO:0000255	Helical; Name=5	transmembrane
Q8INM9	294-314	ECO:0000255	Helical; Name=6	transmembrane
Q8INM9	376-396	ECO:0000255	Helical; Name=7	transmembrane
Q8INM9	57-77	ECO:0000255	Helical; Name=1	transmembrane
Q8INM9	91-111	ECO:0000255	Helical; Name=2	transmembrane
Q8INQ7	11-31	ECO:0000255	Helical	transmembrane
Q8INQ7	42-62	ECO:0000255	Helical	transmembrane
Q8INQ7	74-94	ECO:0000255	Helical	transmembrane
Q8INQ7	97-117	ECO:0000255	Helical	transmembrane
Q8INZ1	150-170	ECO:0000255	Helical; Name=3	transmembrane
Q8INZ1	18-38	ECO:0000255	Helical; Name=1	transmembrane
Q8INZ1	190-210	ECO:0000255	Helical; Name=4	transmembrane
Q8INZ1	250-270	ECO:0000255	Helical; Name=5	transmembrane
Q8INZ1	294-314	ECO:0000255	Helical; Name=6	transmembrane
Q8INZ1	379-399	ECO:0000255	Helical; Name=7	transmembrane
Q8INZ1	73-93	ECO:0000255	Helical; Name=2	transmembrane
Q8INZ2	133-153	ECO:0000255	Helical; Name=4	transmembrane
Q8INZ2	166-186	ECO:0000255	Helical; Name=5	transmembrane
Q8INZ2	255-275	ECO:0000255	Helical; Name=6	transmembrane
Q8INZ2	289-309	ECO:0000255	Helical; Name=7	transmembrane
Q8INZ2	37-57	ECO:0000255	Helical; Name=2	transmembrane
Q8INZ2	5-25	ECO:0000255	Helical; Name=1	transmembrane
Q8INZ2	76-96	ECO:0000255	Helical; Name=3	transmembrane
Q8IPU5	103-125	ECO:0000255	Helical; Name=3	transmembrane
Q8IPU5	206-228	ECO:0000255	Helical; Name=4	transmembrane
Q8IPU5	28-50	ECO:0000255	Helical; Name=1	transmembrane
Q8IPU5	299-321	ECO:0000255	Helical; Name=5	transmembrane
Q8IPU5	341-363	ECO:0000255	Helical; Name=6	transmembrane
Q8IPU5	421-443	ECO:0000255	Helical; Name=7	transmembrane
Q8IPU5	71-93	ECO:0000255	Helical; Name=2	transmembrane
Q8IQ56	70-89	ECO:0000255	Helical	transmembrane
Q8IQ56	91-108	ECO:0000255	Helical	transmembrane
Q8IQ70	233-255	ECO:0000255	Helical	transmembrane
Q8IQ70	265-284	ECO:0000255	Helical	transmembrane
Q8IQ72	127-147	ECO:0000255	Helical; Name=4	transmembrane
Q8IQ72	14-34	ECO:0000255	Helical; Name=1	transmembrane
Q8IQ72	162-182	ECO:0000255	Helical; Name=5	transmembrane
Q8IQ72	252-272	ECO:0000255	Helical; Name=6	transmembrane
Q8IQ72	278-298	ECO:0000255	Helical; Name=7	transmembrane
Q8IQ72	43-63	ECO:0000255	Helical; Name=2	transmembrane
Q8IQ72	73-93	ECO:0000255	Helical; Name=3	transmembrane
Q8IQC1	129-149	ECO:0000255	Helical	transmembrane
Q8IQC1	154-174	ECO:0000255	Helical	transmembrane
Q8IQC1	35-55	ECO:0000255	Helical	transmembrane
Q8IQC1	56-76	ECO:0000255	Helical	transmembrane
Q8IRI6	128-148	ECO:0000255	Helical; Name=3	transmembrane
Q8IRI6	163-183	ECO:0000255	Helical; Name=4	transmembrane
Q8IRI6	187-207	ECO:0000255	Helical; Name=5	transmembrane
Q8IRI6	273-293	ECO:0000255	Helical; Name=6	transmembrane
Q8IRI6	311-331	ECO:0000255	Helical; Name=7	transmembrane
Q8IRI6	340-360	ECO:0000255	Helical; Name=8	transmembrane
Q8IRI6	373-393	ECO:0000255	Helical; Name=9	transmembrane
Q8IRI6	406-426	ECO:0000255	Helical; Name=10	transmembrane
Q8IRI6	430-450	ECO:0000255	Helical; Name=11	transmembrane
Q8IRI6	535-555	ECO:0000255	Helical; Name=12	transmembrane
Q8IRI6	68-88	ECO:0000255	Helical; Name=1	transmembrane
Q8IRI6	96-116	ECO:0000255	Helical; Name=2	transmembrane
Q8IRL8	114-134	ECO:0000255	Helical; Name=4	transmembrane
Q8IRL8	2-22	ECO:0000255	Helical; Name=1	transmembrane
Q8IRL8	203-223	ECO:0000255	Helical; Name=5	transmembrane
Q8IRL8	234-254	ECO:0000255	Helical; Name=6	transmembrane
Q8IRL8	31-51	ECO:0000255	Helical; Name=2	transmembrane
Q8IRL8	319-339	ECO:0000255	Helical; Name=7	transmembrane
Q8IRL8	69-89	ECO:0000255	Helical; Name=3	transmembrane
Q8IRZ5	128-148	ECO:0000255	Helical; Name=3	transmembrane
Q8IRZ5	172-192	ECO:0000255	Helical; Name=4	transmembrane
Q8IRZ5	255-275	ECO:0000255	Helical; Name=5	transmembrane
Q8IRZ5	286-306	ECO:0000255	Helical; Name=6	transmembrane
Q8IRZ5	337-357	ECO:0000255	Helical; Name=7	transmembrane
Q8IRZ5	41-61	ECO:0000255	Helical; Name=1	transmembrane
Q8IRZ5	72-92	ECO:0000255	Helical; Name=2	transmembrane
Q8IS44	378-398	ECO:0000255	Helical; Name=1	transmembrane
Q8IS44	417-437	ECO:0000255	Helical; Name=2	transmembrane
Q8IS44	451-471	ECO:0000255	Helical; Name=3	transmembrane
Q8IS44	494-514	ECO:0000255	Helical; Name=4	transmembrane
Q8IS44	532-552	ECO:0000255	Helical; Name=5	transmembrane
Q8IS44	831-851	ECO:0000255	Helical; Name=6	transmembrane
Q8IS44	870-890	ECO:0000255	Helical; Name=7	transmembrane
Q8ITC7	110-130	ECO:0000255	Helical; Name=2	transmembrane
Q8ITC7	146-166	ECO:0000255	Helical; Name=3	transmembrane
Q8ITC7	190-210	ECO:0000255	Helical; Name=4	transmembrane
Q8ITC7	238-258	ECO:0000255	Helical; Name=5	transmembrane
Q8ITC7	296-316	ECO:0000255	Helical; Name=6	transmembrane
Q8ITC7	336-356	ECO:0000255	Helical; Name=7	transmembrane
Q8ITC7	73-93	ECO:0000255	Helical; Name=1	transmembrane
Q8ITC9	141-161	ECO:0000255	Helical; Name=4	transmembrane
Q8ITC9	17-37	ECO:0000255	Helical; Name=1	transmembrane
Q8ITC9	186-206	ECO:0000255	Helical; Name=5	transmembrane
Q8ITC9	282-302	ECO:0000255	Helical; Name=6	transmembrane
Q8ITC9	322-342	ECO:0000255	Helical; Name=7	transmembrane
Q8ITC9	54-74	ECO:0000255	Helical; Name=2	transmembrane
Q8ITC9	97-117	ECO:0000255	Helical; Name=3	transmembrane
Q8MKK4	106-126	ECO:0000255	Helical; Name=3	transmembrane
Q8MKK4	130-150	ECO:0000255	Helical; Name=4	transmembrane
Q8MKK4	161-181	ECO:0000255	Helical; Name=5	transmembrane
Q8MKK4	185-205	ECO:0000255	Helical; Name=6	transmembrane
Q8MKK4	269-289	ECO:0000255	Helical; Name=7	transmembrane
Q8MKK4	29-49	ECO:0000255	Helical; Name=1	transmembrane
Q8MKK4	306-326	ECO:0000255	Helical; Name=8	transmembrane
Q8MKK4	333-353	ECO:0000255	Helical; Name=9	transmembrane
Q8MKK4	373-393	ECO:0000255	Helical; Name=10	transmembrane
Q8MKK4	403-423	ECO:0000255	Helical; Name=11	transmembrane
Q8MKK4	434-454	ECO:0000255	Helical; Name=12	transmembrane
Q8MKK4	73-93	ECO:0000255	Helical; Name=2	transmembrane
Q8MLV1	308-328	ECO:0000255	Helical	transmembrane
Q8MLV1	363-383	ECO:0000255	Helical	transmembrane
Q8MLV1	402-422	ECO:0000255	Helical	transmembrane
Q8MLV1	429-449	ECO:0000255	Helical	transmembrane
Q8MLV1	497-517	ECO:0000255	Helical	transmembrane
Q8MLV1	543-563	ECO:0000255	Helical	transmembrane
Q8MLV1	577-599	ECO:0000255	Helical	transmembrane
Q8MLV1	604-624	ECO:0000255	Helical	transmembrane
Q8MLV1	687-707	ECO:0000255	Helical	transmembrane
Q8MPP0	171-191	ECO:0000255	Helical; Name=Helix alpha3	transmembrane
Q8MPP0	212-232	ECO:0000255	Helical; Name=Helix alpha4	transmembrane
Q8MPP3	739-756	ECO:0000255	Helical	transmembrane
Q8MRC9	12-31	ECO:0000255	Helical; Signal-anchor for type II membrane protein	transmembrane
Q8MRQ4	107-127	ECO:0000255	Helical	transmembrane
Q8MRQ4	145-165	ECO:0000255	Helical	transmembrane
Q8MRQ4	182-202	ECO:0000255	Helical	transmembrane
Q8MRQ4	31-51	ECO:0000255	Helical	transmembrane
Q8MRQ4	382-402	ECO:0000255	Helical	transmembrane
Q8MRQ4	4-26	ECO:0000255	Helical	transmembrane
Q8MRQ4	427-447	ECO:0000255	Helical	transmembrane
Q8MRQ4	468-488	ECO:0000255	Helical	transmembrane
Q8MRQ4	515-535	ECO:0000255	Helical	transmembrane
Q8MS59	378-398	ECO:0000255	Helical	transmembrane
Q8MS59	492-512	ECO:0000255	Helical	transmembrane
Q8MSF5	12-32	ECO:0000255	Helical	transmembrane
Q8MSF5	68-88	ECO:0000255	Helical	transmembrane
Q8MSU3	10-30	ECO:0000255	Helical; Name=1	transmembrane
Q8MSU3	408-428	ECO:0000255	Helical; Name=2	transmembrane
Q8MSU3	452-472	ECO:0000255	Helical; Name=3	transmembrane
Q8MSU3	480-500	ECO:0000255	Helical; Name=4	transmembrane
Q8MSU3	515-535	ECO:0000255	Helical; Name=5	transmembrane
Q8MSU3	548-568	ECO:0000255	Helical; Name=6	transmembrane
Q8MSU3	616-636	ECO:0000255	Helical; Name=7	transmembrane
Q8MT80	100-120	ECO:0000255	Helical	transmembrane
Q8MT80	125-142	ECO:0000255	Helical	transmembrane
Q8MT80	149-169	ECO:0000255	Helical	transmembrane
Q8MT80	185-205	ECO:0000255	Helical	transmembrane
Q8MT80	227-247	ECO:0000255	Helical	transmembrane
Q8MT80	338-358	ECO:0000255	Helical	transmembrane
Q8MUJ1	38-58	ECO:0000255	Helical; Signal-anchor for type II membrane protein	transmembrane
Q8MV48	12-29	ECO:0000255	Helical; Signal-anchor for type II membrane protein	transmembrane
Q8MVS5	7-29	ECO:0000255	Helical; Signal-anchor for type II membrane protein	transmembrane
Q8MYY6	13-32	ECO:0000255	Helical; Signal-anchor for type II membrane protein	transmembrane
Q8MZC4	143-163	ECO:0000255	Helical	transmembrane
Q8MZC4	199-219	ECO:0000255	Helical	transmembrane
Q8MZC4	289-309	ECO:0000255	Helical	transmembrane
Q8SWR3	125-145	ECO:0000255	Helical; Name=2	transmembrane
Q8SWR3	169-189	ECO:0000255	Helical; Name=3	transmembrane
Q8SWR3	212-229	ECO:0000255	Helical; Name=4	transmembrane
Q8SWR3	277-297	ECO:0000255	Helical; Name=5	transmembrane
Q8SWR3	328-348	ECO:0000255	Helical; Name=6	transmembrane
Q8SWR3	369-389	ECO:0000255	Helical; Name=7	transmembrane
Q8SWR3	94-114	ECO:0000255	Helical; Name=1	transmembrane
Q8SWV6	33-55	ECO:0000255	Helical	transmembrane
Q8SX37	139-159	ECO:0000255	Helical	transmembrane
Q8SX37	164-184	ECO:0000255	Helical	transmembrane
Q8SX37	36-52	ECO:0000255	Helical	transmembrane
Q8SX37	77-97	ECO:0000255	Helical	transmembrane
Q8SX37	9-29	ECO:0000255	Helical	transmembrane
Q8SX37	99-119	ECO:0000255	Helical	transmembrane
Q8SXQ7	144-164	ECO:0000255	Helical	transmembrane
Q8SXQ7	24-44	ECO:0000255	Helical	transmembrane
Q8SXY6	173-193	ECO:0000255	Helical	transmembrane
Q8SY72	31-51	ECO:0000255	Helical	transmembrane
Q8SYV9	243-263	ECO:0000255	Helical; Name=1	transmembrane
Q8SYV9	280-300	ECO:0000255	Helical; Name=2	transmembrane
Q8SYV9	304-324	ECO:0000255	Helical; Name=3	transmembrane
Q8SYV9	348-368	ECO:0000255	Helical; Name=4	transmembrane
Q8SYV9	396-416	ECO:0000255	Helical; Name=5	transmembrane
Q8SYV9	452-472	ECO:0000255	Helical; Name=6	transmembrane
Q8SYV9	481-501	ECO:0000255	Helical; Name=7	transmembrane
Q8SZ63	493-513	ECO:0000255	Helical; Anchor for type IV membrane protein	transmembrane
Q8T062	56-76	ECO:0000255	Helical; Signal-anchor for type II membrane protein	transmembrane
Q8T0B1	33-53	ECO:0000255	Helical	transmembrane
Q8T0B1	68-88	ECO:0000255	Helical	transmembrane
Q8T8L8	2-22	ECO:0000255	Helical	transmembrane
Q8T8L8	233-253	ECO:0000255	Helical	transmembrane
Q8T8L8	261-281	ECO:0000255	Helical	transmembrane
Q8T8L8	299-319	ECO:0000255	Helical	transmembrane
Q8T8L8	341-361	ECO:0000255	Helical	transmembrane
Q8T8L8	370-390	ECO:0000255	Helical	transmembrane
Q8T8L8	412-432	ECO:0000255	Helical	transmembrane
Q8T8L8	59-79	ECO:0000255	Helical	transmembrane
Q8T8L8	82-98	ECO:0000255	Helical	transmembrane
Q94515	107-127	ECO:0000255	Helical	transmembrane
Q94515	157-177	ECO:0000255	Helical	transmembrane
Q94515	187-206	ECO:0000255	Helical	transmembrane
Q94515	208-230	ECO:0000255	Helical	transmembrane
Q94515	41-61	ECO:0000255	Helical	transmembrane
Q94515	68-88	ECO:0000255	Helical	transmembrane
Q94526	120-140	ECO:0000255	Helical	transmembrane
Q94526	171-191	ECO:0000255	Helical	transmembrane
Q94526	244-264	ECO:0000255	Helical	transmembrane
Q94526	7-27	ECO:0000255	Helical	transmembrane
Q94887	1218-1238	ECO:0000255	Helical	transmembrane
Q94900	246-268	ECO:0000250|UniProtKB:G5EBR3	Helical; Name=1	transmembrane
Q94900	274-295	ECO:0000250|UniProtKB:G5EBR3	Helical; Name=2	transmembrane
Q94900	303-323	ECO:0000250|UniProtKB:G5EBR3	Helical; Name=3	transmembrane
Q94900	427-450	ECO:0000250|UniProtKB:G5EBR3	Helical; Name=4	transmembrane
Q94920	110-119	ECO:0000250|UniProtKB:P21796	Beta stranded	transmembrane
Q94920	122-129	ECO:0000250|UniProtKB:P21796	Beta stranded	transmembrane
Q94920	136-144	ECO:0000250|UniProtKB:P21796	Beta stranded	transmembrane
Q94920	149-157	ECO:0000250|UniProtKB:P21796	Beta stranded	transmembrane
Q94920	162-174	ECO:0000250|UniProtKB:P21796	Beta stranded	transmembrane
Q94920	177-184	ECO:0000250|UniProtKB:P21796	Beta stranded	transmembrane
Q94920	188-197	ECO:0000250|UniProtKB:P21796	Beta stranded	transmembrane
Q94920	201-210	ECO:0000250|UniProtKB:P21796	Beta stranded	transmembrane
Q94920	217-226	ECO:0000250|UniProtKB:P21796	Beta stranded	transmembrane
Q94920	230-237	ECO:0000250|UniProtKB:P21796	Beta stranded	transmembrane
Q94920	241-250	ECO:0000250|UniProtKB:P21796	Beta stranded	transmembrane
Q94920	25-34	ECO:0000250|UniProtKB:P21796	Beta stranded	transmembrane
Q94920	253-262	ECO:0000250|UniProtKB:P21796	Beta stranded	transmembrane
Q94920	272-281	ECO:0000250|UniProtKB:P21796	Beta stranded	transmembrane
Q94920	38-46	ECO:0000250|UniProtKB:P21796	Beta stranded	transmembrane
Q94920	53-63	ECO:0000250|UniProtKB:P21796	Beta stranded	transmembrane
Q94920	68-75	ECO:0000250|UniProtKB:P21796	Beta stranded	transmembrane
Q94920	79-88	ECO:0000250|UniProtKB:P21796	Beta stranded	transmembrane
Q94920	94-103	ECO:0000250|UniProtKB:P21796	Beta stranded	transmembrane
Q95078	24-44	ECO:0000255	Helical	transmembrane
Q95R48	128-148	ECO:0000255	Helical; Name=2	transmembrane
Q95R48	159-179	ECO:0000255	Helical; Name=3	transmembrane
Q95R48	190-210	ECO:0000255	Helical; Name=4	transmembrane
Q95R48	22-42	ECO:0000255	Helical; Name=1	transmembrane
Q95R48	220-240	ECO:0000255	Helical; Name=5	transmembrane
Q95R48	245-265	ECO:0000255	Helical; Name=6	transmembrane
Q95R48	344-364	ECO:0000255	Helical; Name=7	transmembrane
Q95R48	372-392	ECO:0000255	Helical; Name=8	transmembrane
Q95R48	401-421	ECO:0000255	Helical; Name=9	transmembrane
Q95R48	428-448	ECO:0000255	Helical; Name=10	transmembrane
Q95R48	463-483	ECO:0000255	Helical; Name=11	transmembrane
Q95R48	490-510	ECO:0000255	Helical; Name=12	transmembrane
Q95RU0	532-552	ECO:0000255	Helical	transmembrane
Q95SP2	129-149	ECO:0000255	Helical	transmembrane
Q95SP2	168-188	ECO:0000255	Helical	transmembrane
Q95SP2	223-243	ECO:0000255	Helical	transmembrane
Q95SP2	39-59	ECO:0000255	Helical	transmembrane
Q95SP2	97-117	ECO:0000255	Helical	transmembrane
Q95SS8	116-136	ECO:0000255	Helical	transmembrane
Q95SS8	83-103	ECO:0000255	Helical	transmembrane
Q95ST2	14-34	ECO:0000255	Helical; Name=1	transmembrane
Q95ST2	240-260	ECO:0000255	Helical; Name=2	transmembrane
Q95ST2	271-291	ECO:0000255	Helical; Name=3	transmembrane
Q95ST2	312-332	ECO:0000255	Helical; Name=4	transmembrane
Q95ST2	345-365	ECO:0000255	Helical; Name=5	transmembrane
Q95ST2	391-411	ECO:0000255	Helical; Name=6	transmembrane
Q95ST2	474-494	ECO:0000255	Helical; Name=7	transmembrane
Q95ST2	515-535	ECO:0000255	Helical; Name=8	transmembrane
Q95T12	107-127	ECO:0000255	Helical	transmembrane
Q95T12	35-55	ECO:0000255	Helical	transmembrane
Q95T12	66-88	ECO:0000255	Helical	transmembrane
Q95T64	128-148	ECO:0000255	Helical	transmembrane
Q95TU8	441-461	ECO:0000255	Helical	transmembrane
Q95YI5	131-153	ECO:0000255	Helical	transmembrane
Q95YI5	174-196	ECO:0000255	Helical	transmembrane
Q95YI5	206-225	ECO:0000255	Helical	transmembrane
Q95YI5	238-260	ECO:0000255	Helical	transmembrane
Q95YI5	275-297	ECO:0000255	Helical	transmembrane
Q95YI5	302-324	ECO:0000255	Helical	transmembrane
Q95YI5	329-351	ECO:0000255	Helical	transmembrane
Q95YI5	89-111	ECO:0000255	Helical	transmembrane
Q960W6	356-376	ECO:0000255	Helical	transmembrane
Q960W6	471-491	ECO:0000255	Helical	transmembrane
Q960W6	496-516	ECO:0000255	Helical	transmembrane
Q961C9	257-274	ECO:0000255	Helical; Anchor for type IV membrane protein	transmembrane
Q961J5	152-172	ECO:0000255	Helical; Name=2	transmembrane
Q961J5	183-203	ECO:0000255	Helical; Name=3	transmembrane
Q961J5	213-233	ECO:0000255	Helical; Name=4	transmembrane
Q961J5	24-44	ECO:0000255	Helical; Name=1	transmembrane
Q961J5	244-264	ECO:0000255	Helical; Name=5	transmembrane
Q961J5	269-289	ECO:0000255	Helical; Name=6	transmembrane
Q961J5	363-383	ECO:0000255	Helical; Name=7	transmembrane
Q961J5	391-411	ECO:0000255	Helical; Name=8	transmembrane
Q961J5	419-439	ECO:0000255	Helical; Name=9	transmembrane
Q961J5	443-463	ECO:0000255	Helical; Name=10	transmembrane
Q961J5	474-494	ECO:0000255	Helical; Name=11	transmembrane
Q961J5	502-522	ECO:0000255	Helical; Name=12	transmembrane
Q967D7	859-879	ECO:0000255	Helical	transmembrane
Q9GN97	89-111	ECO:0000255	Helical	transmembrane
Q9GNK5	292-312	ECO:0000255	Helical; Signal-anchor for type II membrane protein	transmembrane
Q9GNL3	262-282	ECO:0000255	Helical	transmembrane
Q9GQQ0	115-137	ECO:0000255	Helical	transmembrane
Q9GQQ0	153-173	ECO:0000255	Helical	transmembrane
Q9GQQ0	180-200	ECO:0000255	Helical	transmembrane
Q9GQQ0	203-223	ECO:0000255	Helical	transmembrane
Q9GQQ0	240-260	ECO:0000255	Helical	transmembrane
Q9GQQ0	271-291	ECO:0000255	Helical	transmembrane
Q9GQQ0	329-349	ECO:0000255	Helical	transmembrane
Q9GQQ0	367-387	ECO:0000255	Helical	transmembrane
Q9GQQ0	401-421	ECO:0000255	Helical	transmembrane
Q9GQQ0	431-451	ECO:0000255	Helical	transmembrane
Q9GQQ0	465-485	ECO:0000255	Helical	transmembrane
Q9GQQ0	558-578	ECO:0000255	Helical	transmembrane
Q9I7K5	183-203	ECO:0000255	Helical	transmembrane
Q9I816	128-148	ECO:0000255	Helical; Name=3	transmembrane
Q9I816	172-192	ECO:0000255	Helical; Name=4	transmembrane
Q9I816	255-275	ECO:0000255	Helical; Name=5	transmembrane
Q9I816	286-306	ECO:0000255	Helical; Name=6	transmembrane
Q9I816	337-357	ECO:0000255	Helical; Name=7	transmembrane
Q9I816	41-61	ECO:0000255	Helical; Name=1	transmembrane
Q9I816	72-92	ECO:0000255	Helical; Name=2	transmembrane
Q9NBW1	234-254	ECO:0000255	Helical; Name=1	transmembrane
Q9NBW1	271-291	ECO:0000255	Helical; Name=2	transmembrane
Q9NBW1	323-343	ECO:0000255	Helical; Name=3	transmembrane
Q9NBW1	387-407	ECO:0000255	Helical; Name=4	transmembrane
Q9NBW1	431-451	ECO:0000255	Helical; Name=5	transmembrane
Q9NBW1	484-504	ECO:0000255	Helical; Name=6	transmembrane
Q9NBW1	530-550	ECO:0000255	Helical; Name=7	transmembrane
Q9NDM2	111-131	ECO:0000255	Helical; Name=3	transmembrane
Q9NDM2	157-177	ECO:0000255	Helical; Name=4	transmembrane
Q9NDM2	203-223	ECO:0000255	Helical; Name=5	transmembrane
Q9NDM2	269-289	ECO:0000255	Helical; Name=6	transmembrane
Q9NDM2	303-323	ECO:0000255	Helical; Name=7	transmembrane
Q9NDM2	40-60	ECO:0000255	Helical; Name=1	transmembrane
Q9NDM2	74-94	ECO:0000255	Helical; Name=2	transmembrane
Q9NIV1	538-558	ECO:0000255	Helical	transmembrane
Q9U1H8	104-124	ECO:0000255	Helical	transmembrane
Q9U1H8	171-191	ECO:0000255	Helical	transmembrane
Q9U1H8	212-232	ECO:0000255	Helical	transmembrane
Q9U1H8	236-256	ECO:0000255	Helical	transmembrane
Q9U1H8	268-288	ECO:0000255	Helical	transmembrane
Q9U1H8	27-47	ECO:0000255	Helical	transmembrane
Q9U1H8	64-84	ECO:0000255	Helical	transmembrane
Q9U1M2	130-150	ECO:0000255	Helical	transmembrane
Q9U1M2	155-175	ECO:0000255	Helical	transmembrane
Q9U1M2	191-211	ECO:0000255	Helical	transmembrane
Q9U1M2	216-238	ECO:0000255	Helical	transmembrane
Q9U1M2	264-284	ECO:0000255	Helical	transmembrane
Q9U1M2	302-322	ECO:0000255	Helical	transmembrane
Q9U4F3	271-291	ECO:0000255	Helical	transmembrane
Q9U4F3	60-82	ECO:0000255	Helical	transmembrane
Q9U4G1	651-671	ECO:0000255	Helical	transmembrane
Q9U4H5	226-246	ECO:0000255	Helical	transmembrane
Q9U4H5	250-270	ECO:0000255	Helical	transmembrane
Q9U6A0	195-215	ECO:0000255	Helical; Name=1	transmembrane
Q9U6A0	331-351	ECO:0000255	Helical; Name=2	transmembrane
Q9U6A0	376-396	ECO:0000255	Helical; Name=3	transmembrane
Q9U6A0	403-423	ECO:0000255	Helical; Name=4	transmembrane
Q9U6A0	434-454	ECO:0000255	Helical; Name=5	transmembrane
Q9U6A0	459-479	ECO:0000255	Helical; Name=6	transmembrane
Q9U6A0	721-741	ECO:0000255	Helical; Name=7	transmembrane
Q9U6A0	757-777	ECO:0000255	Helical; Name=8	transmembrane
Q9U6A0	796-816	ECO:0000255	Helical; Name=9	transmembrane
Q9U6A0	823-843	ECO:0000255	Helical; Name=10	transmembrane
Q9U6A0	853-873	ECO:0000255	Helical; Name=11	transmembrane
Q9U6B8	164-181	ECO:0000255	Helical	transmembrane
Q9U6B8	192-212	ECO:0000255	Helical	transmembrane
Q9U6B8	249-269	ECO:0000255	Helical	transmembrane
Q9U6B8	278-298	ECO:0000255	Helical	transmembrane
Q9U6L4	220-240	ECO:0000255	Helical; Name=3	transmembrane
Q9U6L4	247-267	ECO:0000255	Helical; Name=4	transmembrane
Q9U6L4	396-416	ECO:0000255	Helical; Name=5	transmembrane
Q9U6L4	48-68	ECO:0000255	Helical; Name=1	transmembrane
Q9U6L4	90-110	ECO:0000255	Helical; Name=2	transmembrane
Q9U969	35-55	ECO:0000255	Helical	transmembrane
Q9V3A4	135-155	ECO:0000255	Helical	transmembrane
Q9V3A4	167-187	ECO:0000255	Helical	transmembrane
Q9V3A4	19-39	ECO:0000255	Helical	transmembrane
Q9V3A4	222-242	ECO:0000255	Helical	transmembrane
Q9V3A4	371-391	ECO:0000255	Helical	transmembrane
Q9V3A4	395-415	ECO:0000255	Helical	transmembrane
Q9V3C5	539-559	ECO:0000255	Helical	transmembrane
Q9V3C5	758-778	ECO:0000255	Helical	transmembrane
Q9V3L1	173-192	ECO:0000255	Helical; Signal-anchor for type II membrane protein	transmembrane
Q9V3N2	131-151	ECO:0000255	Helical; Name=3	transmembrane
Q9V3N2	166-186	ECO:0000255	Helical; Name=4	transmembrane
Q9V3N2	248-268	ECO:0000255	Helical; Name=5	transmembrane
Q9V3N2	284-304	ECO:0000255	Helical; Name=6	transmembrane
Q9V3N2	349-369	ECO:0000255	Helical; Name=7	transmembrane
Q9V3N2	38-58	ECO:0000255	Helical; Name=1	transmembrane
Q9V3N2	66-86	ECO:0000255	Helical; Name=2	transmembrane
Q9V3Q2	140-160	ECO:0000255	Helical; Name=3	transmembrane
Q9V3Q2	178-198	ECO:0000255	Helical; Name=4	transmembrane
Q9V3Q2	274-294	ECO:0000255	Helical; Name=5	transmembrane
Q9V3Q2	303-323	ECO:0000255	Helical; Name=6	transmembrane
Q9V3Q2	36-56	ECO:0000255	Helical; Name=1	transmembrane
Q9V3Q2	380-400	ECO:0000255	Helical; Name=7	transmembrane
Q9V3Q2	65-85	ECO:0000255	Helical; Name=2	transmembrane
Q9V3R8	148-168	ECO:0000255	Helical	transmembrane
Q9V3R8	177-197	ECO:0000255	Helical	transmembrane
Q9V3R8	200-220	ECO:0000255	Helical	transmembrane
Q9V3R8	262-284	ECO:0000255	Helical	transmembrane
Q9V3R8	289-311	ECO:0000255	Helical	transmembrane
Q9V3R8	335-355	ECO:0000255	Helical	transmembrane
Q9V3R8	67-89	ECO:0000255	Helical	transmembrane
Q9V3R8	98-118	ECO:0000255	Helical	transmembrane
Q9V3W6	113-133	ECO:0000255|PROSITE-ProRule:PRU00351	Helical	transmembrane
Q9V3W6	24-44	ECO:0000255|PROSITE-ProRule:PRU00351	Helical	transmembrane
Q9V3W6	284-304	ECO:0000255|PROSITE-ProRule:PRU00351	Helical	transmembrane
Q9V3W6	59-79	ECO:0000255|PROSITE-ProRule:PRU00351	Helical	transmembrane
Q9V3X4	252-272	ECO:0000255	Helical	transmembrane
Q9V3X4	56-76	ECO:0000255	Helical	transmembrane
Q9V3X5	109-129	ECO:0000255	Helical	transmembrane
Q9V3X5	140-160	ECO:0000255	Helical	transmembrane
Q9V3X5	165-185	ECO:0000255	Helical	transmembrane
Q9V3X5	2-22	ECO:0000255	Helical	transmembrane
Q9V3X5	209-229	ECO:0000255	Helical	transmembrane
Q9V3X5	250-270	ECO:0000255	Helical	transmembrane
Q9V3X5	292-312	ECO:0000255	Helical	transmembrane
Q9V3X5	35-55	ECO:0000255	Helical	transmembrane
Q9V3X5	511-531	ECO:0000255	Helical	transmembrane
Q9V3X5	534-554	ECO:0000255	Helical	transmembrane
Q9V3X5	563-580	ECO:0000255	Helical	transmembrane
Q9V422	209-229	ECO:0000255	Helical	transmembrane
Q9V427	110-130	ECO:0000255|PROSITE-ProRule:PRU00351	Helical	transmembrane
Q9V427	180-200	ECO:0000255|PROSITE-ProRule:PRU00351	Helical	transmembrane
Q9V427	23-43	ECO:0000255|PROSITE-ProRule:PRU00351	Helical	transmembrane
Q9V427	267-287	ECO:0000255|PROSITE-ProRule:PRU00351	Helical	transmembrane
Q9V447	125-145	ECO:0000255	Helical	transmembrane
Q9V447	181-201	ECO:0000255	Helical	transmembrane
Q9V447	53-73	ECO:0000255	Helical	transmembrane
Q9V477	1022-1042	ECO:0000255	Helical	transmembrane
Q9V492	12-29	ECO:0000255	Helical	transmembrane
Q9V492	144-166	ECO:0000255	Helical	transmembrane
Q9V492	41-61	ECO:0000255	Helical	transmembrane
Q9V492	82-101	ECO:0000255	Helical	transmembrane
Q9V498	877-897	ECO:0000255	Helical	transmembrane
Q9V4A7	1381-1401	ECO:0000255	Helical	transmembrane
Q9V4K2	136-158	ECO:0000269|PubMed:38305684, ECO:0007744|PDB:8JM9	Helical; Name=S3	transmembrane
Q9V4K2	169-193	ECO:0000269|PubMed:38305684, ECO:0007744|PDB:8JM9	Helical; Name=S4	transmembrane
Q9V4K2	294-316	ECO:0000269|PubMed:38305684, ECO:0007744|PDB:8JM9	Helical; Name=S5	transmembrane
Q9V4K2	325-346	ECO:0000269|PubMed:38305684, ECO:0007744|PDB:8JM9	Helical; Name=S6	transmembrane
Q9V4K2	38-63	ECO:0000269|PubMed:38305684, ECO:0007744|PDB:8JM9	Helical; Name=S1	transmembrane
Q9V4K2	403-423	ECO:0000269|PubMed:38305684, ECO:0007744|PDB:8JM9	Helical; Name=S7b	transmembrane
Q9V4K2	76-96	ECO:0000269|PubMed:38305684, ECO:0007744|PDB:8JM9	Helical; Name=S2	transmembrane
Q9V4N3	111-131	ECO:0000255	Helical	transmembrane
Q9V4Q0	111-131	ECO:0000255	Helical; Name=3	transmembrane
Q9V4Q0	169-189	ECO:0000255	Helical; Name=4	transmembrane
Q9V4Q0	278-298	ECO:0000255	Helical; Name=5	transmembrane
Q9V4Q0	307-327	ECO:0000255	Helical; Name=6	transmembrane
Q9V4Q0	32-52	ECO:0000255	Helical; Name=1	transmembrane
Q9V4Q0	397-417	ECO:0000255	Helical; Name=7	transmembrane
Q9V4Q0	80-100	ECO:0000255	Helical; Name=2	transmembrane
Q9V568	130-150	ECO:0000255	Helical; Name=2	transmembrane
Q9V568	174-194	ECO:0000255	Helical; Name=3	transmembrane
Q9V568	198-218	ECO:0000255	Helical; Name=4	transmembrane
Q9V568	250-270	ECO:0000255	Helical; Name=5	transmembrane
Q9V568	286-306	ECO:0000255	Helical; Name=6	transmembrane
Q9V568	31-51	ECO:0000255	Helical; Name=1	transmembrane
Q9V568	343-363	ECO:0000255	Helical; Name=7	transmembrane
Q9V576	138-158	ECO:0000255	Helical	transmembrane
Q9V576	266-286	ECO:0000255	Helical	transmembrane
Q9V576	330-350	ECO:0000255	Helical	transmembrane
Q9V576	90-110	ECO:0000255	Helical	transmembrane
Q9V589	136-156	ECO:0000255	Helical; Name=3	transmembrane
Q9V589	201-221	ECO:0000255	Helical; Name=4	transmembrane
Q9V589	277-297	ECO:0000255	Helical; Name=5	transmembrane
Q9V589	302-322	ECO:0000255	Helical; Name=6	transmembrane
Q9V589	370-390	ECO:0000255	Helical; Name=7	transmembrane
Q9V589	40-60	ECO:0000255	Helical; Name=1	transmembrane
Q9V589	74-94	ECO:0000255	Helical; Name=2	transmembrane
Q9V5E1	459-479	ECO:0000255	Helical	transmembrane
Q9V5N8	2817-2837	ECO:0000255	Helical; Name=1	transmembrane
Q9V5N8	2846-2866	ECO:0000255	Helical; Name=2	transmembrane
Q9V5N8	2884-2904	ECO:0000255	Helical; Name=3	transmembrane
Q9V5N8	2920-2940	ECO:0000255	Helical; Name=4	transmembrane
Q9V5N8	2960-2980	ECO:0000255	Helical; Name=5	transmembrane
Q9V5N8	3001-3021	ECO:0000255	Helical; Name=6	transmembrane
Q9V5N8	3032-3052	ECO:0000255	Helical; Name=7	transmembrane
Q9V5Z7	133-153	ECO:0000255	Helical; Name=4	transmembrane
Q9V5Z7	164-184	ECO:0000255	Helical; Name=5	transmembrane
Q9V5Z7	206-226	ECO:0000255	Helical; Name=6	transmembrane
Q9V5Z7	27-46	ECO:0000255	Helical; Name=1	transmembrane
Q9V5Z7	52-72	ECO:0000255	Helical; Name=2	transmembrane
Q9V5Z7	95-115	ECO:0000255	Helical; Name=3	transmembrane
Q9V668	33-61	ECO:0000255	Helical	transmembrane
Q9V6A9	142-162	ECO:0000255	Helical; Name=4	transmembrane
Q9V6A9	210-230	ECO:0000255	Helical; Name=5	transmembrane
Q9V6A9	267-287	ECO:0000255	Helical; Name=6	transmembrane
Q9V6A9	297-317	ECO:0000255	Helical; Name=7	transmembrane
Q9V6A9	35-55	ECO:0000255	Helical; Name=2	transmembrane
Q9V6A9	7-27	ECO:0000255	Helical; Name=1	transmembrane
Q9V6A9	71-91	ECO:0000255	Helical; Name=3	transmembrane
Q9V6H2	122-142	ECO:0000255	Helical; Name=3	transmembrane
Q9V6H2	177-197	ECO:0000255	Helical; Name=4	transmembrane
Q9V6H2	252-272	ECO:0000255	Helical; Name=5	transmembrane
Q9V6H2	279-299	ECO:0000255	Helical; Name=6	transmembrane
Q9V6H2	29-49	ECO:0000255	Helical; Name=1	transmembrane
Q9V6H2	343-363	ECO:0000255	Helical; Name=7	transmembrane
Q9V6H2	61-77	ECO:0000255	Helical; Name=2	transmembrane
Q9V6K3	323-343	ECO:0000255	Helical	transmembrane
Q9V730	7-25	ECO:0000255	Helical; Signal-anchor for type II membrane protein	transmembrane
Q9V7A4	986-1006	ECO:0000255	Helical	transmembrane
Q9V7H4	1050-1070	ECO:0000255	Helical	transmembrane
Q9V7S5	110-130	ECO:0000255	Helical	transmembrane
Q9V7S5	148-168	ECO:0000255	Helical	transmembrane
Q9V7S5	202-222	ECO:0000255	Helical	transmembrane
Q9V7S5	232-252	ECO:0000255	Helical	transmembrane
Q9V7S5	338-358	ECO:0000255	Helical	transmembrane
Q9V7S5	37-57	ECO:0000255	Helical	transmembrane
Q9V7S5	429-449	ECO:0000255	Helical	transmembrane
Q9V7S5	466-486	ECO:0000255	Helical	transmembrane
Q9V7W1	110-130	ECO:0000255	Helical	transmembrane
Q9V7W1	149-169	ECO:0000255	Helical	transmembrane
Q9V7W1	197-217	ECO:0000255	Helical	transmembrane
Q9V7W1	236-256	ECO:0000255	Helical	transmembrane
Q9V7W1	369-389	ECO:0000255	Helical	transmembrane
Q9V7W1	424-444	ECO:0000255	Helical	transmembrane
Q9V7W1	8-28	ECO:0000255	Helical	transmembrane
Q9V7W1	83-103	ECO:0000255	Helical	transmembrane
Q9V7Y2	27-47	ECO:0000255	Helical; Signal-anchor for type III membrane protein	transmembrane
Q9V817	213-233	ECO:0000255	Helical; Name=1	transmembrane
Q9V817	243-263	ECO:0000255	Helical; Name=2	transmembrane
Q9V817	273-293	ECO:0000255	Helical; Name=3	transmembrane
Q9V817	320-340	ECO:0000255	Helical; Name=4	transmembrane
Q9V817	364-384	ECO:0000255	Helical; Name=5	transmembrane
Q9V817	415-435	ECO:0000255	Helical; Name=6	transmembrane
Q9V817	460-480	ECO:0000255	Helical; Name=7	transmembrane
Q9V818	216-236	ECO:0000255	Helical; Name=1	transmembrane
Q9V818	246-266	ECO:0000255	Helical; Name=2	transmembrane
Q9V818	274-294	ECO:0000255	Helical; Name=3	transmembrane
Q9V818	318-338	ECO:0000255	Helical; Name=4	transmembrane
Q9V818	367-387	ECO:0000255	Helical; Name=5	transmembrane
Q9V818	423-443	ECO:0000255	Helical; Name=6	transmembrane
Q9V818	453-473	ECO:0000255	Helical; Name=7	transmembrane
Q9V8Y7	138-158	ECO:0000255	Helical; Name=3	transmembrane
Q9V8Y7	197-217	ECO:0000255	Helical; Name=4	transmembrane
Q9V8Y7	293-313	ECO:0000255	Helical; Name=5	transmembrane
Q9V8Y7	324-344	ECO:0000255	Helical; Name=6	transmembrane
Q9V8Y7	390-410	ECO:0000255	Helical; Name=7	transmembrane
Q9V8Y7	42-62	ECO:0000255	Helical; Name=1	transmembrane
Q9V8Y7	77-97	ECO:0000255	Helical; Name=2	transmembrane
Q9V969	14-34	ECO:0000255	Helical; Name=1	transmembrane
Q9V969	144-164	ECO:0000255	Helical; Name=4	transmembrane
Q9V969	172-192	ECO:0000255	Helical; Name=5	transmembrane
Q9V969	296-316	ECO:0000255	Helical; Name=6	transmembrane
Q9V969	375-395	ECO:0000255	Helical; Name=7	transmembrane
Q9V969	49-69	ECO:0000255	Helical; Name=2	transmembrane
Q9V969	84-104	ECO:0000255	Helical; Name=3	transmembrane
Q9V9A8	156-176	ECO:0000255	Helical	transmembrane
Q9V9A8	575-595	ECO:0000255	Helical	transmembrane
Q9V9A8	646-666	ECO:0000255	Helical	transmembrane
Q9V9A8	68-88	ECO:0000255	Helical	transmembrane
Q9V9A8	727-747	ECO:0000255	Helical	transmembrane
Q9V9A8	756-776	ECO:0000255	Helical	transmembrane
Q9V9A8	848-868	ECO:0000255	Helical	transmembrane
Q9V9A8	97-117	ECO:0000255	Helical	transmembrane
Q9V9I2	143-163	ECO:0000255	Helical; Name=3	transmembrane
Q9V9I2	182-202	ECO:0000255	Helical; Name=4	transmembrane
Q9V9I2	272-292	ECO:0000255	Helical; Name=5	transmembrane
Q9V9I2	299-319	ECO:0000255	Helical; Name=6	transmembrane
Q9V9I2	360-380	ECO:0000255	Helical; Name=7	transmembrane
Q9V9I2	45-65	ECO:0000255	Helical; Name=1	transmembrane
Q9V9I2	87-107	ECO:0000255	Helical; Name=2	transmembrane
Q9V9I4	141-161	ECO:0000255	Helical; Name=3	transmembrane
Q9V9I4	179-199	ECO:0000255	Helical; Name=4	transmembrane
Q9V9I4	269-289	ECO:0000255	Helical; Name=5	transmembrane
Q9V9I4	293-313	ECO:0000255	Helical; Name=6	transmembrane
Q9V9I4	357-377	ECO:0000255	Helical; Name=7	transmembrane
Q9V9I4	46-66	ECO:0000255	Helical; Name=1	transmembrane
Q9V9I4	84-104	ECO:0000255	Helical; Name=2	transmembrane
Q9V9N1	370-390	ECO:0000255	Helical	transmembrane
Q9V9N1	466-486	ECO:0000255	Helical	transmembrane
Q9V9N1	689-709	ECO:0000255	Helical	transmembrane
Q9V9P3	58-77	ECO:0000255	Helical	transmembrane
Q9V9Y4	301-321	ECO:0000255	Helical; Name=1	transmembrane
Q9V9Y4	328-347	ECO:0000255	Helical; Name=2	transmembrane
Q9V9Y4	361-381	ECO:0000255	Helical; Name=3	transmembrane
Q9V9Y4	506-526	ECO:0000255	Helical; Name=4	transmembrane
Q9VA73	346-363	ECO:0000250|UniProtKB:O75746	Helical; Name=1	transmembrane
Q9VA73	406-425	ECO:0000250|UniProtKB:O75746	Helical; Name=2	transmembrane
Q9VA73	449-462	ECO:0000250|UniProtKB:O75746	Helical; Name=3	transmembrane
Q9VA73	498-517	ECO:0000250|UniProtKB:O75746	Helical; Name=4	transmembrane
Q9VA73	537-554	ECO:0000250|UniProtKB:O75746	Helical; Name=5	transmembrane
Q9VA73	594-613	ECO:0000250|UniProtKB:O75746	Helical; Name=6	transmembrane
Q9VAC5	663-683	ECO:0000255	Helical	transmembrane
Q9VAF0	118-138	ECO:0000255	Helical	transmembrane
Q9VAF0	273-293	ECO:0000255	Helical	transmembrane
Q9VAF0	301-321	ECO:0000255	Helical	transmembrane
Q9VAF0	37-57	ECO:0000255	Helical	transmembrane
Q9VAF0	79-99	ECO:0000255	Helical	transmembrane
Q9VAF5	1396-1416	ECO:0000255	Helical	transmembrane
Q9VAJ3	471-491	ECO:0000255	Helical	transmembrane
Q9VAJ3	59-79	ECO:0000255	Helical	transmembrane
Q9VAL0	19-38	ECO:0000255	Helical	transmembrane
Q9VAL0	43-65	ECO:0000255	Helical	transmembrane
Q9VAM6	36-58	ECO:0000255	Helical	transmembrane
Q9VAP3	304-324	ECO:0000255	Helical	transmembrane
Q9VAP3	332-352	ECO:0000255	Helical	transmembrane
Q9VAP3	35-55	ECO:0000255	Helical	transmembrane
Q9VAP3	386-406	ECO:0000255	Helical	transmembrane
Q9VAP3	431-451	ECO:0000255	Helical	transmembrane
Q9VAP3	542-562	ECO:0000255	Helical	transmembrane
Q9VAP3	585-605	ECO:0000255	Helical	transmembrane
Q9VAP3	626-648	ECO:0000255	Helical	transmembrane
Q9VAP3	691-711	ECO:0000255	Helical	transmembrane
Q9VAP3	724-744	ECO:0000255	Helical	transmembrane
Q9VAQ8	15-35	ECO:0000255|RuleBase:RU368121	Helical	transmembrane
Q9VAS7	115-135	ECO:0000255|PROSITE-ProRule:PRU00351	Helical	transmembrane
Q9VAS7	184-204	ECO:0000255|PROSITE-ProRule:PRU00351	Helical	transmembrane
Q9VAS7	273-293	ECO:0000255|PROSITE-ProRule:PRU00351	Helical	transmembrane
Q9VAS7	38-58	ECO:0000255|PROSITE-ProRule:PRU00351	Helical	transmembrane
Q9VAW0	129-149	ECO:0000255	Helical; Name=3	transmembrane
Q9VAW0	178-198	ECO:0000255	Helical; Name=4	transmembrane
Q9VAW0	259-279	ECO:0000255	Helical; Name=5	transmembrane
Q9VAW0	285-305	ECO:0000255	Helical; Name=6	transmembrane
Q9VAW0	330-350	ECO:0000255	Helical; Name=7	transmembrane
Q9VAW0	35-55	ECO:0000255	Helical; Name=1	transmembrane
Q9VAW0	67-87	ECO:0000255	Helical; Name=2	transmembrane
Q9VAY3	108-124	ECO:0000255	Helical; Name=3	transmembrane
Q9VAY3	14-33	ECO:0000255	Helical; Name=1	transmembrane
Q9VAY3	164-183	ECO:0000255	Helical; Name=4	transmembrane
Q9VAY3	198-217	ECO:0000255	Helical; Name=5	transmembrane
Q9VAY3	256-275	ECO:0000255	Helical; Name=6	transmembrane
Q9VAY3	73-92	ECO:0000255	Helical; Name=2	transmembrane
Q9VAZ3	139-159	ECO:0000255	Helical; Name=3	transmembrane
Q9VAZ3	193-213	ECO:0000255	Helical; Name=4	transmembrane
Q9VAZ3	267-287	ECO:0000255	Helical; Name=5	transmembrane
Q9VAZ3	294-314	ECO:0000255	Helical; Name=6	transmembrane
Q9VAZ3	355-375	ECO:0000255	Helical; Name=7	transmembrane
Q9VAZ3	44-64	ECO:0000255	Helical; Name=1	transmembrane
Q9VAZ3	78-98	ECO:0000255	Helical; Name=2	transmembrane
Q9VB11	1969-1989	ECO:0000255	Helical	transmembrane
Q9VB11	2018-2038	ECO:0000255	Helical	transmembrane
Q9VB11	202-222	ECO:0000255	Helical	transmembrane
Q9VB11	2048-2068	ECO:0000255	Helical	transmembrane
Q9VB26	12-32	ECO:0000255	Helical; Name=1	transmembrane
Q9VB26	145-165	ECO:0000255	Helical; Name=4	transmembrane
Q9VB26	192-212	ECO:0000255	Helical; Name=5	transmembrane
Q9VB26	260-280	ECO:0000255	Helical; Name=6	transmembrane
Q9VB26	366-386	ECO:0000255	Helical; Name=7	transmembrane
Q9VB26	49-69	ECO:0000255	Helical; Name=2	transmembrane
Q9VB26	84-104	ECO:0000255	Helical; Name=3	transmembrane
Q9VB30	129-149	ECO:0000255	Helical; Name=3	transmembrane
Q9VB30	174-194	ECO:0000255	Helical; Name=4	transmembrane
Q9VB30	240-260	ECO:0000255	Helical; Name=5	transmembrane
Q9VB30	273-293	ECO:0000255	Helical; Name=6	transmembrane
Q9VB30	32-52	ECO:0000255	Helical; Name=1	transmembrane
Q9VB30	348-368	ECO:0000255	Helical; Name=7	transmembrane
Q9VB30	75-95	ECO:0000255	Helical; Name=2	transmembrane
Q9VB46	7-29	ECO:0000255	Helical	transmembrane
Q9VBL5	7-29	ECO:0000255	Helical; Signal-anchor for type II membrane protein	transmembrane
Q9VBN7	14-34	ECO:0000255	Helical; Name=1	transmembrane
Q9VBN7	152-172	ECO:0000255	Helical; Name=4	transmembrane
Q9VBN7	190-210	ECO:0000255	Helical; Name=5	transmembrane
Q9VBN7	248-268	ECO:0000255	Helical; Name=6	transmembrane
Q9VBN7	55-75	ECO:0000255	Helical; Name=2	transmembrane
Q9VBN7	99-119	ECO:0000255	Helical; Name=3	transmembrane
Q9VBV8	152-172	ECO:0000255|RuleBase:RU363075	Helical	transmembrane
Q9VBV8	193-223	ECO:0000255|RuleBase:RU363075	Helical	transmembrane
Q9VBV8	229-254	ECO:0000255|RuleBase:RU363075	Helical	transmembrane
Q9VBV8	266-284	ECO:0000255|RuleBase:RU363075	Helical	transmembrane
Q9VBV8	326-348	ECO:0000255|RuleBase:RU363075	Helical	transmembrane
Q9VBV8	360-378	ECO:0000255|RuleBase:RU363075	Helical	transmembrane
Q9VBV8	390-410	ECO:0000255|RuleBase:RU363075	Helical	transmembrane
Q9VBV8	431-452	ECO:0000255|RuleBase:RU363075	Helical	transmembrane
Q9VBW3	316-336	ECO:0000255	Helical	transmembrane
Q9VBZ9	10-30	ECO:0000255	Helical; Signal-anchor for type II membrane protein	transmembrane
Q9VC27	655-675	ECO:0000255	Helical	transmembrane
Q9VC35	118-138	ECO:0000255	Helical	transmembrane
Q9VC35	161-181	ECO:0000255	Helical	transmembrane
Q9VC35	195-215	ECO:0000255	Helical	transmembrane
Q9VC35	23-43	ECO:0000255	Helical	transmembrane
Q9VC35	342-362	ECO:0000255	Helical	transmembrane
Q9VC35	396-416	ECO:0000255	Helical	transmembrane
Q9VC35	434-454	ECO:0000255	Helical	transmembrane
Q9VC35	469-489	ECO:0000255	Helical	transmembrane
Q9VC35	66-86	ECO:0000255	Helical	transmembrane
Q9VC57	425-445	ECO:0000255	Helical	transmembrane
Q9VC57	449-469	ECO:0000255	Helical	transmembrane
Q9VCA2	128-148	ECO:0000255	Helical; Name=2	transmembrane
Q9VCA2	159-179	ECO:0000255	Helical; Name=3	transmembrane
Q9VCA2	190-210	ECO:0000255	Helical; Name=4	transmembrane
Q9VCA2	220-240	ECO:0000255	Helical; Name=5	transmembrane
Q9VCA2	23-43	ECO:0000255	Helical; Name=1	transmembrane
Q9VCA2	245-265	ECO:0000255	Helical; Name=6	transmembrane
Q9VCA2	338-358	ECO:0000255	Helical; Name=7	transmembrane
Q9VCA2	367-387	ECO:0000255	Helical; Name=8	transmembrane
Q9VCA2	396-416	ECO:0000255	Helical; Name=9	transmembrane
Q9VCA2	420-440	ECO:0000255	Helical; Name=10	transmembrane
Q9VCA2	454-474	ECO:0000255	Helical; Name=11	transmembrane
Q9VCA2	483-503	ECO:0000255	Helical; Name=12	transmembrane
Q9VCA9	13-33	ECO:0000255	Helical; Signal-anchor for type II membrane protein	transmembrane
Q9VCG4	107-127	ECO:0000255	Helical; Name=3	transmembrane
Q9VCG4	145-165	ECO:0000255	Helical; Name=4	transmembrane
Q9VCG4	201-221	ECO:0000255	Helical; Name=5	transmembrane
Q9VCG4	22-42	ECO:0000255	Helical; Name=1	transmembrane
Q9VCG4	240-260	ECO:0000255	Helical; Name=6	transmembrane
Q9VCG4	61-81	ECO:0000255	Helical; Name=2	transmembrane
Q9VCI5	102-122	ECO:0000255	Helical	transmembrane
Q9VCI5	136-157	ECO:0000255	Helical	transmembrane
Q9VCI5	72-96	ECO:0000255	Helical	transmembrane
Q9VCR7	127-147	ECO:0000255	Helical	transmembrane
Q9VCR7	168-188	ECO:0000255	Helical	transmembrane
Q9VCR7	211-231	ECO:0000255	Helical	transmembrane
Q9VCR7	240-260	ECO:0000255	Helical	transmembrane
Q9VCR7	264-284	ECO:0000255	Helical	transmembrane
Q9VCR7	303-323	ECO:0000255	Helical	transmembrane
Q9VCR7	341-361	ECO:0000255	Helical	transmembrane
Q9VCS8	131-151	ECO:0000255	Helical; Name=3	transmembrane
Q9VCS8	175-195	ECO:0000255	Helical; Name=4	transmembrane
Q9VCS8	251-271	ECO:0000255	Helical; Name=5	transmembrane
Q9VCS8	285-305	ECO:0000255	Helical; Name=6	transmembrane
Q9VCS8	359-379	ECO:0000255	Helical; Name=7	transmembrane
Q9VCS8	42-62	ECO:0000255	Helical; Name=1	transmembrane
Q9VCS8	71-91	ECO:0000255	Helical; Name=2	transmembrane
Q9VCS9	134-154	ECO:0000255	Helical; Name=3	transmembrane
Q9VCS9	192-212	ECO:0000255	Helical; Name=4	transmembrane
Q9VCS9	256-276	ECO:0000255	Helical; Name=5	transmembrane
Q9VCS9	291-311	ECO:0000255	Helical; Name=6	transmembrane
Q9VCS9	363-383	ECO:0000255	Helical; Name=7	transmembrane
Q9VCS9	46-66	ECO:0000255	Helical; Name=1	transmembrane
Q9VCS9	76-96	ECO:0000255	Helical; Name=2	transmembrane
Q9VCY8	205-225	ECO:0000255	Helical; Name=1	transmembrane
Q9VCY8	238-258	ECO:0000255	Helical; Name=2	transmembrane
Q9VCY8	277-297	ECO:0000255	Helical; Name=3	transmembrane
Q9VCY8	303-323	ECO:0000255	Helical; Name=4	transmembrane
Q9VCY8	335-355	ECO:0000255	Helical; Name=5	transmembrane
Q9VCY8	366-386	ECO:0000255	Helical; Name=6	transmembrane
Q9VCY8	406-426	ECO:0000255	Helical; Name=7	transmembrane
Q9VCZ3	112-132	ECO:0000255	Helical; Name=1	transmembrane
Q9VCZ3	140-160	ECO:0000255	Helical; Name=2	transmembrane
Q9VCZ3	187-209	ECO:0000255	Helical; Name=3	transmembrane
Q9VCZ3	224-244	ECO:0000255	Helical; Name=4	transmembrane
Q9VCZ3	271-291	ECO:0000255	Helical; Name=5	transmembrane
Q9VCZ3	352-372	ECO:0000255	Helical; Name=6	transmembrane
Q9VCZ3	384-404	ECO:0000255	Helical; Name=7	transmembrane
Q9VD26	256-276	ECO:0000255	Helical	transmembrane
Q9VD73	121-137	ECO:0000255	Helical; Signal-anchor for type II membrane protein	transmembrane
Q9VD74	13-33	ECO:0000255	Helical; Name=1	transmembrane
Q9VD74	142-162	ECO:0000255	Helical; Name=3	transmembrane
Q9VD74	180-200	ECO:0000255	Helical; Name=4	transmembrane
Q9VD74	267-287	ECO:0000255	Helical; Name=5	transmembrane
Q9VD74	296-316	ECO:0000255	Helical; Name=6	transmembrane
Q9VD74	372-392	ECO:0000255	Helical; Name=7	transmembrane
Q9VD74	88-108	ECO:0000255	Helical; Name=2	transmembrane
Q9VD76	146-166	ECO:0000255	Helical; Name=3	transmembrane
Q9VD76	185-205	ECO:0000255	Helical; Name=4	transmembrane
Q9VD76	278-298	ECO:0000255	Helical; Name=5	transmembrane
Q9VD76	306-326	ECO:0000255	Helical; Name=6	transmembrane
Q9VD76	384-404	ECO:0000255	Helical; Name=7	transmembrane
Q9VD76	56-76	ECO:0000255	Helical; Name=1	transmembrane
Q9VD76	91-111	ECO:0000255	Helical; Name=2	transmembrane
Q9VDD1	3-23	ECO:0000255	Helical	transmembrane
Q9VDD3	460-480	ECO:0000255	Helical	transmembrane
Q9VDD3	8-28	ECO:0000255	Helical	transmembrane
Q9VDD7	108-130	ECO:0000250|UniProtKB:P78383	Helical; Name=4	transmembrane
Q9VDD7	137-155	ECO:0000250|UniProtKB:P78383	Helical; Name=5	transmembrane
Q9VDD7	173-188	ECO:0000250|UniProtKB:P78383	Helical; Name=6	transmembrane
Q9VDD7	204-221	ECO:0000250|UniProtKB:P78383	Helical; Name=7	transmembrane
Q9VDD7	238-258	ECO:0000250|UniProtKB:P78383	Helical; Name=8	transmembrane
Q9VDD7	266-286	ECO:0000250|UniProtKB:P78383	Helical; Name=9	transmembrane
Q9VDD7	293-312	ECO:0000250|UniProtKB:P78383	Helical; Name=10	transmembrane
Q9VDD7	51-71	ECO:0000250|UniProtKB:P78383	Helical; Name=2	transmembrane
Q9VDD7	7-27	ECO:0000250|UniProtKB:P78383	Helical; Name=1	transmembrane
Q9VDD7	84-104	ECO:0000250|UniProtKB:P78383	Helical; Name=3	transmembrane
Q9VDG5	121-141	ECO:0000255	Helical	transmembrane
Q9VDG5	180-200	ECO:0000255	Helical	transmembrane
Q9VDG5	217-237	ECO:0000255	Helical	transmembrane
Q9VDG5	258-278	ECO:0000255	Helical	transmembrane
Q9VDG5	279-299	ECO:0000255	Helical	transmembrane
Q9VDG5	750-770	ECO:0000255	Helical	transmembrane
Q9VDG5	776-796	ECO:0000255	Helical	transmembrane
Q9VDG5	814-834	ECO:0000255	Helical	transmembrane
Q9VDG5	849-869	ECO:0000255	Helical	transmembrane
Q9VDG5	884-904	ECO:0000255	Helical	transmembrane
Q9VDG5	924-944	ECO:0000255	Helical	transmembrane
Q9VDH6	566-586	ECO:0000255	Helical	transmembrane
Q9VDH6	643-663	ECO:0000255	Helical	transmembrane
Q9VDH6	833-853	ECO:0000255	Helical	transmembrane
Q9VDM1	145-165	ECO:0000255	Helical; Name=3	transmembrane
Q9VDM1	210-230	ECO:0000255	Helical; Name=4	transmembrane
Q9VDM1	277-301	ECO:0000255	Helical; Name=5	transmembrane
Q9VDM1	311-331	ECO:0000255	Helical; Name=6	transmembrane
Q9VDM1	379-399	ECO:0000255	Helical; Name=7	transmembrane
Q9VDM1	53-73	ECO:0000255	Helical; Name=1	transmembrane
Q9VDM1	75-95	ECO:0000255	Helical; Name=2	transmembrane
Q9VDQ0	135-155	ECO:0000255	Helical	transmembrane
Q9VDQ0	200-220	ECO:0000255	Helical	transmembrane
Q9VDQ0	24-44	ECO:0000255	Helical	transmembrane
Q9VDQ0	249-269	ECO:0000255	Helical	transmembrane
Q9VDQ0	308-328	ECO:0000255	Helical	transmembrane
Q9VDQ0	350-370	ECO:0000255	Helical	transmembrane
Q9VDQ0	393-413	ECO:0000255	Helical	transmembrane
Q9VDQ0	430-450	ECO:0000255	Helical	transmembrane
Q9VDQ0	478-498	ECO:0000255	Helical	transmembrane
Q9VDQ0	515-535	ECO:0000255	Helical	transmembrane
Q9VDQ0	64-84	ECO:0000255	Helical	transmembrane
Q9VDQ0	93-113	ECO:0000255	Helical	transmembrane
Q9VE46	120-140	ECO:0000255	Helical	transmembrane
Q9VE46	159-179	ECO:0000255	Helical	transmembrane
Q9VE46	186-206	ECO:0000255	Helical	transmembrane
Q9VE46	226-246	ECO:0000255	Helical	transmembrane
Q9VE46	263-283	ECO:0000255	Helical	transmembrane
Q9VE46	306-326	ECO:0000255	Helical	transmembrane
Q9VE46	365-385	ECO:0000255	Helical	transmembrane
Q9VE46	395-415	ECO:0000255	Helical	transmembrane
Q9VE46	425-445	ECO:0000255	Helical	transmembrane
Q9VE46	45-65	ECO:0000255	Helical	transmembrane
Q9VE46	468-488	ECO:0000255	Helical	transmembrane
Q9VE46	6-26	ECO:0000255	Helical	transmembrane
Q9VE46	76-96	ECO:0000255	Helical	transmembrane
Q9VE50	212-232	ECO:0000255	Helical; Anchor for type IV membrane protein	transmembrane
Q9VED0	128-148	ECO:0000255	Helical	transmembrane
Q9VED0	170-190	ECO:0000255	Helical	transmembrane
Q9VED0	249-269	ECO:0000255	Helical	transmembrane
Q9VED0	346-366	ECO:0000255	Helical	transmembrane
Q9VED0	414-434	ECO:0000255	Helical	transmembrane
Q9VED0	437-457	ECO:0000255	Helical	transmembrane
Q9VEG9	133-161	ECO:0000255	Helical	transmembrane
Q9VEG9	189-207	ECO:0000255	Helical	transmembrane
Q9VEG9	214-231	ECO:0000255	Helical	transmembrane
Q9VEG9	3-30	ECO:0000255	Helical	transmembrane
Q9VEG9	57-78	ECO:0000255	Helical	transmembrane
Q9VEG9	97-113	ECO:0000255	Helical	transmembrane
Q9VEI3	13-33	ECO:0000255	Helical	transmembrane
Q9VEI3	142-162	ECO:0000255	Helical	transmembrane
Q9VEI3	185-205	ECO:0000255	Helical	transmembrane
Q9VEI3	270-290	ECO:0000255	Helical	transmembrane
Q9VEI3	299-319	ECO:0000255	Helical	transmembrane
Q9VEI3	339-359	ECO:0000255	Helical	transmembrane
Q9VEI3	370-390	ECO:0000255	Helical	transmembrane
Q9VEI3	391-407	ECO:0000255	Helical	transmembrane
Q9VEI3	424-444	ECO:0000255	Helical	transmembrane
Q9VEI3	61-81	ECO:0000255	Helical	transmembrane
Q9VES1	129-149	ECO:0000255	Helical	transmembrane
Q9VES1	150-170	ECO:0000255	Helical	transmembrane
Q9VES1	43-63	ECO:0000255	Helical	transmembrane
Q9VES1	64-84	ECO:0000255	Helical	transmembrane
Q9VEU0	127-147	ECO:0000255	Helical; Name=3	transmembrane
Q9VEU0	167-187	ECO:0000255	Helical; Name=4	transmembrane
Q9VEU0	224-244	ECO:0000255	Helical; Name=5	transmembrane
Q9VEU0	256-276	ECO:0000255	Helical; Name=6	transmembrane
Q9VEU0	334-354	ECO:0000255	Helical; Name=7	transmembrane
Q9VEU0	39-59	ECO:0000255	Helical; Name=1	transmembrane
Q9VEU0	75-95	ECO:0000255	Helical; Name=2	transmembrane
Q9VEU1	1884-1904	ECO:0000255	Helical	transmembrane
Q9VEV4	333-353	ECO:0000255	Helical	transmembrane
Q9VF14	25-45	ECO:0000255	Helical	transmembrane
Q9VF81	136-156	ECO:0000255	Helical	transmembrane
Q9VF81	159-179	ECO:0000255	Helical	transmembrane
Q9VF81	18-38	ECO:0000255	Helical	transmembrane
Q9VF81	186-206	ECO:0000255	Helical	transmembrane
Q9VF81	236-256	ECO:0000255	Helical	transmembrane
Q9VF81	286-306	ECO:0000255	Helical	transmembrane
Q9VF81	315-335	ECO:0000255	Helical	transmembrane
Q9VF81	347-367	ECO:0000255	Helical	transmembrane
Q9VF81	371-391	ECO:0000255	Helical	transmembrane
Q9VF81	401-418	ECO:0000255	Helical	transmembrane
Q9VF81	92-112	ECO:0000255	Helical	transmembrane
Q9VFJ3	64-82	ECO:0000255	Helical	transmembrane
Q9VFN2	143-163	ECO:0000255	Helical; Name=3	transmembrane
Q9VFN2	192-212	ECO:0000255	Helical; Name=4	transmembrane
Q9VFN2	27-47	ECO:0000255	Helical; Name=1	transmembrane
Q9VFN2	278-298	ECO:0000255	Helical; Name=5	transmembrane
Q9VFN2	304-324	ECO:0000255	Helical; Name=6	transmembrane
Q9VFN2	371-391	ECO:0000255	Helical; Name=7	transmembrane
Q9VFN2	53-73	ECO:0000255	Helical; Name=2	transmembrane
Q9VFS6	769-786	ECO:0000255	Helical	transmembrane
Q9VFS6	810-826	ECO:0000255	Helical	transmembrane
Q9VFX3	55-75	ECO:0000255	Helical	transmembrane
Q9VFX3	7-27	ECO:0000255	Helical	transmembrane
Q9VFX3	76-96	ECO:0000255	Helical	transmembrane
Q9VGA2	115-135	ECO:0000255	Helical	transmembrane
Q9VGA2	16-36	ECO:0000255	Helical	transmembrane
Q9VGA2	60-80	ECO:0000255	Helical	transmembrane
Q9VGG5	1776-1796	ECO:0000255	Helical	transmembrane
Q9VGG8	220-240	ECO:0000255	Helical; Name=1	transmembrane
Q9VGG8	247-267	ECO:0000255	Helical; Name=2	transmembrane
Q9VGG8	277-297	ECO:0000255	Helical; Name=3	transmembrane
Q9VGG8	328-348	ECO:0000255	Helical; Name=4	transmembrane
Q9VGG8	367-387	ECO:0000255	Helical; Name=5	transmembrane
Q9VGG8	412-432	ECO:0000255	Helical; Name=6	transmembrane
Q9VGG8	439-459	ECO:0000255	Helical; Name=7	transmembrane
Q9VGH7	169-204	ECO:0000250	Helical	transmembrane
Q9VGH7	213-236	ECO:0000250	Helical	transmembrane
Q9VGH7	261-279	ECO:0000250	Helical	transmembrane
Q9VGH7	286-304	ECO:0000250	Helical	transmembrane
Q9VGH7	356-373	ECO:0000250	Helical	transmembrane
Q9VGH7	402-430	ECO:0000250	Helical	transmembrane
Q9VGH7	439-458	ECO:0000250	Helical	transmembrane
Q9VGH7	511-530	ECO:0000250	Helical	transmembrane
Q9VGH7	536-555	ECO:0000250	Helical	transmembrane
Q9VGH7	610-626	ECO:0000250	Helical	transmembrane
Q9VGN7	12-29	ECO:0000255	Helical	transmembrane
Q9VGW1	935-955	ECO:0000255	Helical	transmembrane
Q9VH58	10-30	ECO:0000255	Helical	transmembrane
Q9VH58	135-155	ECO:0000255	Helical	transmembrane
Q9VH58	158-178	ECO:0000255	Helical	transmembrane
Q9VH58	191-211	ECO:0000255	Helical	transmembrane
Q9VH58	221-241	ECO:0000255	Helical	transmembrane
Q9VH58	55-75	ECO:0000255	Helical	transmembrane
Q9VH58	98-118	ECO:0000255	Helical	transmembrane
Q9VH78	1-21	ECO:0000255	Helical	transmembrane
Q9VH78	109-129	ECO:0000255	Helical	transmembrane
Q9VH78	133-153	ECO:0000255	Helical	transmembrane
Q9VH78	168-188	ECO:0000255	Helical	transmembrane
Q9VH78	200-220	ECO:0000255	Helical	transmembrane
Q9VH78	252-272	ECO:0000255	Helical	transmembrane
Q9VH78	279-299	ECO:0000255	Helical	transmembrane
Q9VH78	301-321	ECO:0000255	Helical	transmembrane
Q9VH78	334-354	ECO:0000255	Helical	transmembrane
Q9VH78	56-76	ECO:0000255	Helical	transmembrane
Q9VH78	81-101	ECO:0000255	Helical	transmembrane
Q9VHB6	281-301	ECO:0000255	Helical	transmembrane
Q9VHE6	131-151	ECO:0000255	Helical; Name=3	transmembrane
Q9VHE6	180-200	ECO:0000255	Helical; Name=4	transmembrane
Q9VHE6	269-289	ECO:0000255	Helical; Name=5	transmembrane
Q9VHE6	296-316	ECO:0000255	Helical; Name=6	transmembrane
Q9VHE6	364-384	ECO:0000255	Helical; Name=7	transmembrane
Q9VHE6	37-57	ECO:0000255	Helical; Name=1	transmembrane
Q9VHE6	70-90	ECO:0000255	Helical; Name=2	transmembrane
Q9VHG4	278-298	ECO:0000255	Helical	transmembrane
Q9VHN5	100-120	ECO:0000255	Helical	transmembrane
Q9VHN5	130-150	ECO:0000255	Helical	transmembrane
Q9VHN5	179-199	ECO:0000255	Helical	transmembrane
Q9VHN5	208-228	ECO:0000255	Helical	transmembrane
Q9VHN5	240-260	ECO:0000255	Helical	transmembrane
Q9VHQ2	153-173	ECO:0000255	Helical; Name=3	transmembrane
Q9VHQ2	220-240	ECO:0000255	Helical; Name=4	transmembrane
Q9VHQ2	283-303	ECO:0000255	Helical; Name=5	transmembrane
Q9VHQ2	315-335	ECO:0000255	Helical; Name=6	transmembrane
Q9VHQ2	383-403	ECO:0000255	Helical; Name=7	transmembrane
Q9VHQ2	57-77	ECO:0000255	Helical; Name=1	transmembrane
Q9VHQ2	85-105	ECO:0000255	Helical; Name=2	transmembrane
Q9VHQ6	131-151	ECO:0000255	Helical; Name=3	transmembrane
Q9VHQ6	200-220	ECO:0000255	Helical; Name=4	transmembrane
Q9VHQ6	260-280	ECO:0000255	Helical; Name=5	transmembrane
Q9VHQ6	291-311	ECO:0000255	Helical; Name=6	transmembrane
Q9VHQ6	34-54	ECO:0000255	Helical; Name=1	transmembrane
Q9VHQ6	360-380	ECO:0000255	Helical; Name=7	transmembrane
Q9VHQ6	67-87	ECO:0000255	Helical; Name=2	transmembrane
Q9VHQ7	127-147	ECO:0000255	Helical; Name=3	transmembrane
Q9VHQ7	201-221	ECO:0000255	Helical; Name=4	transmembrane
Q9VHQ7	261-281	ECO:0000255	Helical; Name=5	transmembrane
Q9VHQ7	292-312	ECO:0000255	Helical; Name=6	transmembrane
Q9VHQ7	31-51	ECO:0000255	Helical; Name=1	transmembrane
Q9VHQ7	361-381	ECO:0000255	Helical; Name=7	transmembrane
Q9VHQ7	67-87	ECO:0000255	Helical; Name=2	transmembrane
Q9VHR8	109-129	ECO:0000255	Helical	transmembrane
Q9VHR8	595-615	ECO:0000255	Helical	transmembrane
Q9VHS2	59-81	ECO:0000255	Helical	transmembrane
Q9VHS4	143-163	ECO:0000255	Helical; Name=3	transmembrane
Q9VHS4	193-213	ECO:0000255	Helical; Name=4	transmembrane
Q9VHS4	263-283	ECO:0000255	Helical; Name=5	transmembrane
Q9VHS4	295-315	ECO:0000255	Helical; Name=6	transmembrane
Q9VHS4	348-368	ECO:0000255	Helical; Name=7	transmembrane
Q9VHS4	47-67	ECO:0000255	Helical; Name=1	transmembrane
Q9VHS4	84-104	ECO:0000255	Helical; Name=2	transmembrane
Q9VHS7	115-135	ECO:0000255|HAMAP-Rule:MF_03189	Helical	transmembrane
Q9VHS7	163-183	ECO:0000255|HAMAP-Rule:MF_03189	Helical	transmembrane
Q9VHS7	184-204	ECO:0000255|HAMAP-Rule:MF_03189	Helical	transmembrane
Q9VHS7	207-227	ECO:0000255|HAMAP-Rule:MF_03189	Helical	transmembrane
Q9VHS7	236-256	ECO:0000255|HAMAP-Rule:MF_03189	Helical	transmembrane
Q9VHS7	283-303	ECO:0000255|HAMAP-Rule:MF_03189	Helical	transmembrane
Q9VHS7	307-327	ECO:0000255|HAMAP-Rule:MF_03189	Helical	transmembrane
Q9VHS7	339-359	ECO:0000255|HAMAP-Rule:MF_03189	Helical	transmembrane
Q9VHS7	90-110	ECO:0000255|HAMAP-Rule:MF_03189	Helical	transmembrane
Q9VHT4	121-140	ECO:0000255	Helical	transmembrane
Q9VHT4	13-35	ECO:0000255	Helical	transmembrane
Q9VHT4	145-163	ECO:0000255	Helical	transmembrane
Q9VHT4	173-192	ECO:0000255	Helical	transmembrane
Q9VHT4	205-227	ECO:0000255	Helical	transmembrane
Q9VHT4	242-264	ECO:0000255	Helical	transmembrane
Q9VHT4	45-67	ECO:0000255	Helical	transmembrane
Q9VHT4	95-117	ECO:0000255	Helical	transmembrane
Q9VHX7	114-134	ECO:0000255	Helical	transmembrane
Q9VHX7	146-166	ECO:0000255	Helical	transmembrane
Q9VHX7	170-190	ECO:0000255	Helical	transmembrane
Q9VHX7	205-225	ECO:0000255	Helical	transmembrane
Q9VHX7	233-253	ECO:0000255	Helical	transmembrane
Q9VHX7	26-46	ECO:0000255	Helical	transmembrane
Q9VHX7	66-86	ECO:0000255	Helical	transmembrane
Q9VI20	175-195	ECO:0000255	Helical	transmembrane
Q9VIA5	355-375	ECO:0000255	Helical	transmembrane
Q9VIA5	417-437	ECO:0000255	Helical	transmembrane
Q9VIA5	609-629	ECO:0000255	Helical	transmembrane
Q9VIH9	127-147	ECO:0000255	Helical	transmembrane
Q9VII1	128-148	ECO:0000255	Helical	transmembrane
Q9VII3	141-161	ECO:0000255	Helical	transmembrane
Q9VIK2	179-199	ECO:0000255	Helical; Name=2	transmembrane
Q9VIK2	207-227	ECO:0000255	Helical; Name=3	transmembrane
Q9VIK2	237-257	ECO:0000255	Helical; Name=4	transmembrane
Q9VIK2	265-285	ECO:0000255	Helical; Name=5	transmembrane
Q9VIK2	294-314	ECO:0000255	Helical; Name=6	transmembrane
Q9VIK2	386-406	ECO:0000255	Helical; Name=7	transmembrane
Q9VIK2	415-435	ECO:0000255	Helical; Name=8	transmembrane
Q9VIK2	442-462	ECO:0000255	Helical; Name=9	transmembrane
Q9VIK2	470-490	ECO:0000255	Helical; Name=10	transmembrane
Q9VIK2	501-521	ECO:0000255	Helical; Name=11	transmembrane
Q9VIK2	528-548	ECO:0000255	Helical; Name=12	transmembrane
Q9VIK2	54-74	ECO:0000255	Helical; Name=1	transmembrane
Q9VIP7	134-151	ECO:0000255	Helical	transmembrane
Q9VIP7	154-174	ECO:0000255	Helical	transmembrane
Q9VIP7	187-209	ECO:0000255	Helical	transmembrane
Q9VIP7	222-242	ECO:0000255	Helical	transmembrane
Q9VIP7	43-63	ECO:0000255	Helical	transmembrane
Q9VIP7	69-89	ECO:0000255	Helical	transmembrane
Q9VIP7	98-118	ECO:0000255	Helical	transmembrane
Q9VJ10	100-116	ECO:0000255	Helical	transmembrane
Q9VJ83	99-119	ECO:0000255	Helical	transmembrane
Q9VJB6	1549-1569	ECO:0000255	Helical	transmembrane
Q9VJF2	128-148	ECO:0000255	Helical; Name=4	transmembrane
Q9VJF2	166-186	ECO:0000255	Helical; Name=5	transmembrane
Q9VJF2	285-305	ECO:0000255	Helical; Name=6	transmembrane
Q9VJF2	364-384	ECO:0000255	Helical; Name=7	transmembrane
Q9VJF2	40-60	ECO:0000255	Helical; Name=2	transmembrane
Q9VJF2	5-25	ECO:0000255	Helical; Name=1	transmembrane
Q9VJF2	75-95	ECO:0000255	Helical; Name=3	transmembrane
Q9VJJ7	326-346	ECO:0000255	Helical	transmembrane
Q9VJJ7	404-424	ECO:0000255	Helical	transmembrane
Q9VJJ7	445-465	ECO:0000255	Helical	transmembrane
Q9VJJ7	493-513	ECO:0000255	Helical	transmembrane
Q9VJJ7	536-556	ECO:0000255	Helical	transmembrane
Q9VJJ7	630-650	ECO:0000255	Helical	transmembrane
Q9VK50	107-127	ECO:0000255	Helical	transmembrane
Q9VK50	138-158	ECO:0000255	Helical	transmembrane
Q9VK50	164-184	ECO:0000255	Helical	transmembrane
Q9VK50	197-217	ECO:0000255	Helical	transmembrane
Q9VK50	48-68	ECO:0000255	Helical	transmembrane
Q9VK50	582-602	ECO:0000255	Helical	transmembrane
Q9VK50	609-629	ECO:0000255	Helical	transmembrane
Q9VK50	668-688	ECO:0000255	Helical	transmembrane
Q9VK50	720-740	ECO:0000255	Helical	transmembrane
Q9VK50	74-94	ECO:0000255	Helical	transmembrane
Q9VK50	744-764	ECO:0000255	Helical	transmembrane
Q9VK50	773-793	ECO:0000255	Helical	transmembrane
Q9VKA0	129-149	ECO:0000255	Helical	transmembrane
Q9VKA4	513-533	ECO:0000255	Helical; Name=1	transmembrane
Q9VKA4	52-72	ECO:0000255	Helical	transmembrane
Q9VKA4	548-568	ECO:0000255	Helical; Name=2	transmembrane
Q9VKA4	585-607	ECO:0000255	Helical; Name=3	transmembrane
Q9VKA4	620-640	ECO:0000255	Helical; Name=4	transmembrane
Q9VKA4	661-681	ECO:0000255	Helical; Name=5	transmembrane
Q9VKA4	702-722	ECO:0000255	Helical; Name=6	transmembrane
Q9VKA4	731-751	ECO:0000255	Helical; Name=7	transmembrane
Q9VKA5	129-149	ECO:0000255	Helical; Name=3	transmembrane
Q9VKA5	159-179	ECO:0000255	Helical; Name=4	transmembrane
Q9VKA5	320-340	ECO:0000255	Helical; Name=5	transmembrane
Q9VKA5	35-55	ECO:0000255	Helical; Name=1	transmembrane
Q9VKA5	358-378	ECO:0000255	Helical; Name=6	transmembrane
Q9VKA5	442-462	ECO:0000255	Helical; Name=7	transmembrane
Q9VKA5	69-89	ECO:0000255	Helical; Name=2	transmembrane
Q9VKD7	14-30	ECO:0000255	Helical	transmembrane
Q9VKJ7	101-121	ECO:0000255	Helical; Name=1	transmembrane
Q9VKJ7	128-148	ECO:0000255	Helical; Name=2	transmembrane
Q9VKJ7	181-201	ECO:0000255	Helical; Name=3	transmembrane
Q9VKJ7	215-235	ECO:0000255	Helical; Name=4	transmembrane
Q9VKJ7	318-338	ECO:0000255	Helical; Name=5	transmembrane
Q9VKJ7	349-369	ECO:0000255	Helical; Name=6	transmembrane
Q9VKJ7	415-435	ECO:0000255	Helical; Name=7	transmembrane
Q9VKX7	114-133	ECO:0000255	Helical	transmembrane
Q9VKX7	161-181	ECO:0000255	Helical	transmembrane
Q9VKX7	235-255	ECO:0000255	Helical	transmembrane
Q9VKX7	296-316	ECO:0000255	Helical	transmembrane
Q9VKX7	322-342	ECO:0000255	Helical	transmembrane
Q9VKX7	385-405	ECO:0000255	Helical	transmembrane
Q9VKX7	418-438	ECO:0000255	Helical	transmembrane
Q9VKX7	441-461	ECO:0000255	Helical	transmembrane
Q9VL32	113-133	ECO:0000255|PROSITE-ProRule:PRU00441	Helical; Name=3	transmembrane
Q9VL32	1410-1430	ECO:0000255|PROSITE-ProRule:PRU00441	Helical; Name=12	transmembrane
Q9VL32	146-166	ECO:0000255|PROSITE-ProRule:PRU00441	Helical; Name=4	transmembrane
Q9VL32	1469-1489	ECO:0000255|PROSITE-ProRule:PRU00441	Helical; Name=13	transmembrane
Q9VL32	1559-1579	ECO:0000255|PROSITE-ProRule:PRU00441	Helical; Name=14	transmembrane
Q9VL32	1656-1676	ECO:0000255|PROSITE-ProRule:PRU00441	Helical; Name=15	transmembrane
Q9VL32	1719-1739	ECO:0000255|PROSITE-ProRule:PRU00441	Helical; Name=16	transmembrane
Q9VL32	183-203	ECO:0000255|PROSITE-ProRule:PRU00441	Helical; Name=5	transmembrane
Q9VL32	225-245	ECO:0000255|PROSITE-ProRule:PRU00441	Helical; Name=6	transmembrane
Q9VL32	300-320	ECO:0000255|PROSITE-ProRule:PRU00441	Helical; Name=7	transmembrane
Q9VL32	37-57	ECO:0000255|PROSITE-ProRule:PRU00441	Helical; Name=1	transmembrane
Q9VL32	448-468	ECO:0000255|PROSITE-ProRule:PRU00441	Helical; Name=8	transmembrane
Q9VL32	475-495	ECO:0000255|PROSITE-ProRule:PRU00441	Helical; Name=9	transmembrane
Q9VL32	563-583	ECO:0000255|PROSITE-ProRule:PRU00441	Helical; Name=10	transmembrane
Q9VL32	601-621	ECO:0000255|PROSITE-ProRule:PRU00441	Helical; Name=11	transmembrane
Q9VL32	72-92	ECO:0000255|PROSITE-ProRule:PRU00441	Helical; Name=2	transmembrane
Q9VL84	117-137	ECO:0000255	Helical	transmembrane
Q9VL84	454-474	ECO:0000255	Helical	transmembrane
Q9VLA1	54-73	ECO:0000255	Helical; Signal-anchor for type II membrane protein	transmembrane
Q9VLC1	7-27	ECO:0000255	Helical; Signal-anchor for type II membrane protein	transmembrane
Q9VLE5	128-148	ECO:0000255	Helical; Name=3	transmembrane
Q9VLE5	173-193	ECO:0000255	Helical; Name=4	transmembrane
Q9VLE5	255-275	ECO:0000255	Helical; Name=5	transmembrane
Q9VLE5	281-301	ECO:0000255	Helical; Name=6	transmembrane
Q9VLE5	345-365	ECO:0000255	Helical; Name=7	transmembrane
Q9VLE5	35-55	ECO:0000255	Helical; Name=1	transmembrane
Q9VLE5	66-86	ECO:0000255	Helical; Name=2	transmembrane
Q9VLM5	28-48	ECO:0000255	Helical	transmembrane
Q9VLM5	52-72	ECO:0000255	Helical	transmembrane
Q9VLM5	92-112	ECO:0000255	Helical	transmembrane
Q9VLM7	124-144	ECO:0000255	Helical	transmembrane
Q9VLM7	172-192	ECO:0000255	Helical	transmembrane
Q9VLM7	40-62	ECO:0000255	Helical	transmembrane
Q9VLM7	79-99	ECO:0000255	Helical	transmembrane
Q9VLP9	167-187	ECO:0000255	Helical	transmembrane
Q9VLP9	212-232	ECO:0000255	Helical	transmembrane
Q9VLP9	256-276	ECO:0000255	Helical	transmembrane
Q9VLP9	26-46	ECO:0000255	Helical	transmembrane
Q9VLP9	84-104	ECO:0000255	Helical	transmembrane
Q9VLQ1	8-28	ECO:0000255	Helical	transmembrane
Q9VLR9	328-348	ECO:0000255	Helical	transmembrane
Q9VLR9	7-27	ECO:0000255	Helical	transmembrane
Q9VM08	120-140	ECO:0000255	Helical; Name=2	transmembrane
Q9VM08	176-196	ECO:0000255	Helical; Name=3	transmembrane
Q9VM08	205-225	ECO:0000255	Helical; Name=4	transmembrane
Q9VM08	310-330	ECO:0000255	Helical; Name=5	transmembrane
Q9VM08	347-367	ECO:0000255	Helical; Name=6	transmembrane
Q9VM08	424-444	ECO:0000255	Helical; Name=7	transmembrane
Q9VM08	77-97	ECO:0000255	Helical; Name=1	transmembrane
Q9VM09	139-159	ECO:0000255	Helical; Name=3	transmembrane
Q9VM09	172-192	ECO:0000255	Helical; Name=4	transmembrane
Q9VM09	293-313	ECO:0000255	Helical; Name=5	transmembrane
Q9VM09	330-350	ECO:0000255	Helical; Name=6	transmembrane
Q9VM09	408-424	ECO:0000255	Helical; Name=7	transmembrane
Q9VM09	48-68	ECO:0000255	Helical; Name=1	transmembrane
Q9VM09	88-108	ECO:0000255	Helical; Name=2	transmembrane
Q9VM51	114-134	ECO:0000255	Helical; Name=2	transmembrane
Q9VM51	216-236	ECO:0000255	Helical; Name=3	transmembrane
Q9VM51	272-292	ECO:0000255	Helical; Name=4	transmembrane
Q9VM51	79-99	ECO:0000255	Helical; Name=1	transmembrane
Q9VM64	710-730	ECO:0000255	Helical	transmembrane
Q9VMA7	797-817	ECO:0000255	Helical	transmembrane
Q9VMD5	2-22	ECO:0000255	Helical	transmembrane
Q9VMD5	40-60	ECO:0000255	Helical	transmembrane
Q9VMD5	405-425	ECO:0000255	Helical	transmembrane
Q9VMD5	433-453	ECO:0000255	Helical	transmembrane
Q9VMD5	75-95	ECO:0000255	Helical	transmembrane
Q9VMH0	630-650	ECO:0000255	Helical	transmembrane
Q9VMK1	100-118	ECO:0000255	Helical; Name=2	transmembrane
Q9VMK1	138-157	ECO:0000255	Helical; Name=3	transmembrane
Q9VMK1	204-223	ECO:0000255	Helical; Name=4	transmembrane
Q9VMK1	244-264	ECO:0000255	Helical; Name=5	transmembrane
Q9VMK1	304-323	ECO:0000255	Helical; Name=6	transmembrane
Q9VMK1	40-57	ECO:0000255	Helical; Name=1	transmembrane
Q9VML9	185-205	ECO:0000255	Helical; Name=1	transmembrane
Q9VML9	218-238	ECO:0000255	Helical; Name=2	transmembrane
Q9VML9	270-290	ECO:0000255	Helical; Name=3	transmembrane
Q9VML9	303-323	ECO:0000255	Helical; Name=4	transmembrane
Q9VML9	351-371	ECO:0000255	Helical; Name=5	transmembrane
Q9VML9	553-573	ECO:0000255	Helical; Name=6	transmembrane
Q9VML9	596-616	ECO:0000255	Helical; Name=7	transmembrane
Q9VMU8	113-133	ECO:0000255	Helical	transmembrane
Q9VMU8	13-33	ECO:0000255	Helical	transmembrane
Q9VMU8	142-162	ECO:0000255	Helical	transmembrane
Q9VMU8	202-222	ECO:0000255	Helical	transmembrane
Q9VMU8	236-256	ECO:0000255	Helical	transmembrane
Q9VMU8	276-296	ECO:0000255	Helical	transmembrane
Q9VMU8	309-329	ECO:0000255	Helical	transmembrane
Q9VMU8	331-351	ECO:0000255	Helical	transmembrane
Q9VMU8	46-66	ECO:0000255	Helical	transmembrane
Q9VMU8	84-104	ECO:0000255	Helical	transmembrane
Q9VMW8	126-146	ECO:0000255	Helical	transmembrane
Q9VMW8	148-168	ECO:0000255	Helical	transmembrane
Q9VMW8	180-200	ECO:0000255	Helical	transmembrane
Q9VMW8	207-227	ECO:0000255	Helical	transmembrane
Q9VMW8	41-61	ECO:0000255	Helical	transmembrane
Q9VMW8	69-89	ECO:0000255	Helical	transmembrane
Q9VMW8	98-118	ECO:0000255	Helical	transmembrane
Q9VN12	112-132	ECO:0000255	Helical	transmembrane
Q9VN12	158-178	ECO:0000255	Helical	transmembrane
Q9VN12	182-202	ECO:0000255	Helical	transmembrane
Q9VN12	221-241	ECO:0000255	Helical	transmembrane
Q9VN12	242-262	ECO:0000255	Helical	transmembrane
Q9VN12	428-448	ECO:0000255	Helical	transmembrane
Q9VN12	469-489	ECO:0000255	Helical	transmembrane
Q9VN12	501-521	ECO:0000255	Helical	transmembrane
Q9VN12	536-556	ECO:0000255	Helical	transmembrane
Q9VN12	569-589	ECO:0000255	Helical	transmembrane
Q9VN12	598-618	ECO:0000255	Helical	transmembrane
Q9VN13	101-121	ECO:0000255	Helical	transmembrane
Q9VN13	146-168	ECO:0000255	Helical	transmembrane
Q9VN13	174-194	ECO:0000255	Helical	transmembrane
Q9VN13	220-240	ECO:0000255	Helical	transmembrane
Q9VN13	266-286	ECO:0000255	Helical	transmembrane
Q9VN97	115-135	ECO:0000255	Helical	transmembrane
Q9VN97	16-36	ECO:0000255	Helical	transmembrane
Q9VN97	60-80	ECO:0000255	Helical	transmembrane
Q9VNA0	113-133	ECO:0000255	Helical	transmembrane
Q9VNA0	17-37	ECO:0000255	Helical	transmembrane
Q9VNA0	61-81	ECO:0000255	Helical	transmembrane
Q9VNA4	135-157	ECO:0000255	Helical	transmembrane
Q9VNA4	7-24	ECO:0000255	Helical	transmembrane
Q9VNB3	149-169	ECO:0000255	Helical; Name=3	transmembrane
Q9VNB3	204-224	ECO:0000255	Helical; Name=4	transmembrane
Q9VNB3	29-49	ECO:0000255	Helical; Name=1	transmembrane
Q9VNB3	323-343	ECO:0000255	Helical; Name=5	transmembrane
Q9VNB3	360-380	ECO:0000255	Helical; Name=6	transmembrane
Q9VNB3	409-429	ECO:0000255	Helical; Name=7	transmembrane
Q9VNB3	86-106	ECO:0000255	Helical; Name=2	transmembrane
Q9VNB5	136-156	ECO:0000255	Helical; Name=3	transmembrane
Q9VNB5	192-212	ECO:0000255	Helical; Name=4	transmembrane
Q9VNB5	352-372	ECO:0000255	Helical; Name=5	transmembrane
Q9VNB5	391-411	ECO:0000255	Helical; Name=6	transmembrane
Q9VNB5	463-483	ECO:0000255	Helical; Name=7	transmembrane
Q9VNB5	48-68	ECO:0000255	Helical; Name=1	transmembrane
Q9VNB5	76-96	ECO:0000255	Helical; Name=2	transmembrane
Q9VNJ5	1019-1039	ECO:0000255	Helical	transmembrane
Q9VNJ5	1058-1078	ECO:0000255	Helical	transmembrane
Q9VNJ5	1087-1107	ECO:0000255	Helical	transmembrane
Q9VNJ5	21-41	ECO:0000255	Helical	transmembrane
Q9VNJ5	443-463	ECO:0000255	Helical	transmembrane
Q9VNJ5	473-493	ECO:0000255	Helical	transmembrane
Q9VNJ5	504-524	ECO:0000255	Helical	transmembrane
Q9VNJ5	570-590	ECO:0000255	Helical	transmembrane
Q9VNJ5	598-618	ECO:0000255	Helical	transmembrane
Q9VNJ5	670-690	ECO:0000255	Helical	transmembrane
Q9VNJ5	975-995	ECO:0000255	Helical	transmembrane
Q9VNJ5	996-1016	ECO:0000255	Helical	transmembrane
Q9VNK9	137-157	ECO:0000255	Helical; Name=3	transmembrane
Q9VNK9	187-207	ECO:0000255	Helical; Name=4	transmembrane
Q9VNK9	283-299	ECO:0000255	Helical; Name=5	transmembrane
Q9VNK9	306-326	ECO:0000255	Helical; Name=6	transmembrane
Q9VNK9	366-386	ECO:0000255	Helical; Name=7	transmembrane
Q9VNK9	40-60	ECO:0000255	Helical; Name=1	transmembrane
Q9VNK9	71-90	ECO:0000255	Helical; Name=2	transmembrane
Q9VNM1	123-143	ECO:0000255	Helical; Name=2	transmembrane
Q9VNM1	164-184	ECO:0000255	Helical; Name=3	transmembrane
Q9VNM1	203-223	ECO:0000255	Helical; Name=4	transmembrane
Q9VNM1	263-283	ECO:0000255	Helical; Name=5	transmembrane
Q9VNM1	318-338	ECO:0000255	Helical; Name=6	transmembrane
Q9VNM1	356-376	ECO:0000255	Helical; Name=7	transmembrane
Q9VNM1	92-112	ECO:0000255	Helical; Name=1	transmembrane
Q9VP04	102-118	ECO:0000255	Helical	transmembrane
Q9VP04	23-43	ECO:0000255	Helical	transmembrane
Q9VP76	1024-1044	ECO:0000255	Helical	transmembrane
Q9VP76	1049-1069	ECO:0000255	Helical	transmembrane
Q9VP76	1095-1115	ECO:0000255	Helical	transmembrane
Q9VP76	1242-1262	ECO:0000255	Helical	transmembrane
Q9VP76	1264-1284	ECO:0000255	Helical	transmembrane
Q9VP76	1302-1322	ECO:0000255	Helical	transmembrane
Q9VP76	328-348	ECO:0000255	Helical	transmembrane
Q9VP76	367-387	ECO:0000255	Helical	transmembrane
Q9VP76	398-418	ECO:0000255	Helical	transmembrane
Q9VP76	423-443	ECO:0000255	Helical	transmembrane
Q9VP76	446-466	ECO:0000255	Helical	transmembrane
Q9VP76	477-497	ECO:0000255	Helical	transmembrane
Q9VPB1	15-35	ECO:0000255	Helical	transmembrane
Q9VPB1	472-492	ECO:0000255	Helical	transmembrane
Q9VPD3	123-143	ECO:0000255	Helical	transmembrane
Q9VPD3	154-174	ECO:0000255	Helical	transmembrane
Q9VPD3	240-260	ECO:0000255	Helical	transmembrane
Q9VPD3	267-287	ECO:0000255	Helical	transmembrane
Q9VPD3	340-360	ECO:0000255	Helical	transmembrane
Q9VPD3	368-388	ECO:0000255	Helical	transmembrane
Q9VPD3	403-423	ECO:0000255	Helical	transmembrane
Q9VPD3	437-457	ECO:0000255	Helical	transmembrane
Q9VPD3	93-113	ECO:0000255	Helical	transmembrane
Q9VPE4	37-57	ECO:0000255|HAMAP-Rule:MF_03058	Helical	transmembrane
Q9VPE4	69-89	ECO:0000255|HAMAP-Rule:MF_03058	Helical	transmembrane
Q9VPF8	152-172	ECO:0000255	Helical	transmembrane
Q9VPF8	20-40	ECO:0000255	Helical	transmembrane
Q9VPF8	219-239	ECO:0000255	Helical	transmembrane
Q9VPF8	249-269	ECO:0000255	Helical	transmembrane
Q9VPF8	278-298	ECO:0000255	Helical	transmembrane
Q9VPF8	321-341	ECO:0000255	Helical	transmembrane
Q9VPF8	362-382	ECO:0000255	Helical	transmembrane
Q9VPF8	412-432	ECO:0000255	Helical	transmembrane
Q9VPF8	440-460	ECO:0000255	Helical	transmembrane
Q9VPF8	46-66	ECO:0000255	Helical	transmembrane
Q9VPF8	488-508	ECO:0000255	Helical	transmembrane
Q9VPI2	405-425	ECO:0000255	Helical	transmembrane
Q9VPI2	437-457	ECO:0000255	Helical	transmembrane
Q9VPI2	479-499	ECO:0000255	Helical	transmembrane
Q9VPI2	680-700	ECO:0000255	Helical	transmembrane
Q9VPN2	345-365	ECO:0000255	Helical	transmembrane
Q9VPR7	131-151	ECO:0000255	Helical	transmembrane
Q9VPT1	115-135	ECO:0000255	Helical; Name=1	transmembrane
Q9VPT1	154-174	ECO:0000255	Helical; Name=2	transmembrane
Q9VPT1	207-227	ECO:0000255	Helical; Name=3	transmembrane
Q9VPT1	238-258	ECO:0000255	Helical; Name=4	transmembrane
Q9VPT1	313-333	ECO:0000255	Helical; Name=5	transmembrane
Q9VPT1	346-366	ECO:0000255	Helical; Name=6	transmembrane
Q9VPT1	423-443	ECO:0000255	Helical; Name=7	transmembrane
Q9VPT5	125-158	ECO:0000250|UniProtKB:G2Q5N0	Helical; Name=TM4	transmembrane
Q9VPT5	17-44	ECO:0000250|UniProtKB:G2Q5N0	Helical; Name=TM1	transmembrane
Q9VPT5	192-219	ECO:0000250|UniProtKB:G2Q5N0	Helical; Name=TM5	transmembrane
Q9VPT5	49-73	ECO:0000250|UniProtKB:G2Q5N0	Helical; Name=TM2	transmembrane
Q9VPT5	99-119	ECO:0000250|UniProtKB:G2Q5N0	Helical; Name=TM3	transmembrane
Q9VPT7	111-131	ECO:0000255	Helical	transmembrane
Q9VPT7	143-163	ECO:0000255	Helical	transmembrane
Q9VPT7	185-205	ECO:0000255	Helical	transmembrane
Q9VPT7	209-229	ECO:0000255	Helical	transmembrane
Q9VPT7	23-43	ECO:0000255	Helical	transmembrane
Q9VQ29	68-85	ECO:0000255	Helical	transmembrane
Q9VQ37	171-191	ECO:0000255	Helical	transmembrane
Q9VQ37	227-247	ECO:0000255	Helical	transmembrane
Q9VQ37	268-288	ECO:0000255	Helical	transmembrane
Q9VQ37	9-29	ECO:0000255	Helical	transmembrane
Q9VQ57	100-120	ECO:0000255	Helical; Name=3	transmembrane
Q9VQ57	157-177	ECO:0000255	Helical; Name=4	transmembrane
Q9VQ57	18-38	ECO:0000255	Helical; Name=1	transmembrane
Q9VQ57	59-79	ECO:0000255	Helical; Name=2	transmembrane
Q9VQE9	104-124	ECO:0000255	Helical	transmembrane
Q9VQE9	135-154	ECO:0000255	Helical	transmembrane
Q9VQE9	155-174	ECO:0000255	Helical	transmembrane
Q9VQE9	190-210	ECO:0000255	Helical	transmembrane
Q9VQE9	23-43	ECO:0000255	Helical	transmembrane
Q9VQE9	246-266	ECO:0000255	Helical	transmembrane
Q9VQE9	289-309	ECO:0000255	Helical	transmembrane
Q9VQE9	329-349	ECO:0000255	Helical	transmembrane
Q9VQE9	423-443	ECO:0000255	Helical	transmembrane
Q9VQE9	447-467	ECO:0000255	Helical	transmembrane
Q9VQE9	474-493	ECO:0000255	Helical	transmembrane
Q9VQG2	105-125	ECO:0000255	Helical; Name=4	transmembrane
Q9VQG2	152-172	ECO:0000255	Helical; Name=5	transmembrane
Q9VQG2	178-198	ECO:0000255	Helical; Name=6	transmembrane
Q9VQG2	201-221	ECO:0000255	Helical; Name=7	transmembrane
Q9VQG2	32-52	ECO:0000255	Helical; Name=2	transmembrane
Q9VQG2	53-73	ECO:0000255	Helical; Name=3	transmembrane
Q9VQG2	6-26	ECO:0000255	Helical; Name=1	transmembrane
Q9VQG4	113-133	ECO:0000255	Helical; Name=3	transmembrane
Q9VQG4	177-196	ECO:0000255	Helical; Name=4	transmembrane
Q9VQG4	19-39	ECO:0000255	Helical; Name=1	transmembrane
Q9VQG4	218-238	ECO:0000255	Helical; Name=5	transmembrane
Q9VQG4	286-306	ECO:0000255	Helical; Name=6	transmembrane
Q9VQG4	80-100	ECO:0000255	Helical; Name=2	transmembrane
Q9VQH2	1030-1050	ECO:0000255	Helical	transmembrane
Q9VQH2	1066-1086	ECO:0000255	Helical	transmembrane
Q9VQH2	1117-1137	ECO:0000255	Helical	transmembrane
Q9VQH2	1172-1192	ECO:0000255	Helical	transmembrane
Q9VQH2	1203-1223	ECO:0000255	Helical	transmembrane
Q9VQH2	1231-1251	ECO:0000255	Helical	transmembrane
Q9VQH2	627-647	ECO:0000255	Helical	transmembrane
Q9VQK4	13-30	ECO:0000255	Helical; Signal-anchor for type II membrane protein	transmembrane
Q9VQK9	120-140	ECO:0000255	Helical	transmembrane
Q9VQK9	149-169	ECO:0000255	Helical	transmembrane
Q9VQK9	182-202	ECO:0000255	Helical	transmembrane
Q9VQK9	308-328	ECO:0000255	Helical	transmembrane
Q9VQK9	364-384	ECO:0000255	Helical	transmembrane
Q9VQK9	97-117	ECO:0000255	Helical	transmembrane
Q9VQP9	118-138	ECO:0000255	Helical	transmembrane
Q9VQP9	33-53	ECO:0000255	Helical	transmembrane
Q9VQP9	84-104	ECO:0000255	Helical	transmembrane
Q9VR07	346-366	ECO:0000255	Helical; Name=1	transmembrane
Q9VR07	373-393	ECO:0000255	Helical; Name=2	transmembrane
Q9VR07	418-438	ECO:0000255	Helical; Name=3	transmembrane
Q9VR07	511-531	ECO:0000255	Helical; Name=4	transmembrane
Q9VR07	539-559	ECO:0000255	Helical; Name=5	transmembrane
Q9VR07	591-607	ECO:0000255	Helical; Name=6	transmembrane
Q9VR07	618-638	ECO:0000255	Helical; Name=7	transmembrane
Q9VR07	679-699	ECO:0000255	Helical; Name=8	transmembrane
Q9VR07	723-743	ECO:0000255	Helical; Name=9	transmembrane
Q9VR07	754-774	ECO:0000255	Helical; Name=10	transmembrane
Q9VR07	799-819	ECO:0000255	Helical; Name=11	transmembrane
Q9VR07	836-856	ECO:0000255	Helical; Name=12	transmembrane
Q9VR50	104-126	ECO:0000255	Helical	transmembrane
Q9VR50	11-31	ECO:0000255	Helical	transmembrane
Q9VR50	133-153	ECO:0000255	Helical	transmembrane
Q9VR50	157-177	ECO:0000255	Helical	transmembrane
Q9VR50	196-216	ECO:0000255	Helical	transmembrane
Q9VR50	228-248	ECO:0000255	Helical	transmembrane
Q9VR50	256-276	ECO:0000255	Helical	transmembrane
Q9VR50	282-299	ECO:0000255	Helical	transmembrane
Q9VR50	41-61	ECO:0000255	Helical	transmembrane
Q9VR50	80-100	ECO:0000255	Helical	transmembrane
Q9VR82	145-165	ECO:0000255|PROSITE-ProRule:PRU00351	Helical	transmembrane
Q9VR82	22-42	ECO:0000255|PROSITE-ProRule:PRU00351	Helical	transmembrane
Q9VR82	221-241	ECO:0000255|PROSITE-ProRule:PRU00351	Helical	transmembrane
Q9VR82	303-323	ECO:0000255|PROSITE-ProRule:PRU00351	Helical	transmembrane
Q9VR93	15-37	ECO:0000255	Helical	transmembrane
Q9VRC9	1080-1100	ECO:0000255	Helical	transmembrane
Q9VRC9	1106-1126	ECO:0000255	Helical	transmembrane
Q9VRC9	1133-1153	ECO:0000255	Helical	transmembrane
Q9VRC9	1175-1195	ECO:0000255	Helical	transmembrane
Q9VRC9	1208-1228	ECO:0000255	Helical	transmembrane
Q9VRC9	273-293	ECO:0000255	Helical	transmembrane
Q9VRC9	326-346	ECO:0000255	Helical	transmembrane
Q9VRC9	594-614	ECO:0000255	Helical	transmembrane
Q9VRC9	626-646	ECO:0000255	Helical	transmembrane
Q9VRC9	658-678	ECO:0000255	Helical	transmembrane
Q9VRC9	737-757	ECO:0000255	Helical	transmembrane
Q9VRC9	816-836	ECO:0000255	Helical	transmembrane
Q9VRC9	858-878	ECO:0000255	Helical	transmembrane
Q9VRG7	11-27	ECO:0000255	Helical	transmembrane
Q9VRJ2	114-134	ECO:0000255	Helical	transmembrane
Q9VRJ2	147-167	ECO:0000255	Helical	transmembrane
Q9VRJ2	192-212	ECO:0000255	Helical	transmembrane
Q9VRJ2	271-291	ECO:0000255	Helical	transmembrane
Q9VRJ2	300-320	ECO:0000255	Helical	transmembrane
Q9VRJ2	76-96	ECO:0000255	Helical	transmembrane
Q9VRJ8	80-96	ECO:0000255	Helical	transmembrane
Q9VRL2	195-215	ECO:0000255	Helical; Anchor for type IV membrane protein	transmembrane
Q9VRN2	221-241	ECO:0000255	Helical; Name=1	transmembrane
Q9VRN2	251-271	ECO:0000255	Helical; Name=2	transmembrane
Q9VRN2	280-300	ECO:0000255	Helical; Name=3	transmembrane
Q9VRN2	322-342	ECO:0000255	Helical; Name=4	transmembrane
Q9VRN2	372-392	ECO:0000255	Helical; Name=5	transmembrane
Q9VRN2	427-447	ECO:0000255	Helical; Name=6	transmembrane
Q9VRN2	456-476	ECO:0000255	Helical; Name=7	transmembrane
Q9VRR2	229-253	ECO:0000250|UniProtKB:Q9UBH6	Helical; Name=1	transmembrane
Q9VRR2	256-287	ECO:0000250|UniProtKB:Q9UBH6	Helical; Name=2	transmembrane
Q9VRR2	301-328	ECO:0000250|UniProtKB:Q9UBH6	Helical; Name=3	transmembrane
Q9VRR2	335-356	ECO:0000250|UniProtKB:Q9UBH6	Helical; Name=4	transmembrane
Q9VRR2	380-413	ECO:0000250|UniProtKB:Q9UBH6	Discontinuously helical; Name=5	transmembrane
Q9VRR2	416-455	ECO:0000250|UniProtKB:Q9UBH6	Discontinuously helical; Name=6	transmembrane
Q9VRR2	457-488	ECO:0000250|UniProtKB:Q9UBH6	Helical; Name=7	transmembrane
Q9VRR2	492-519	ECO:0000250|UniProtKB:Q9UBH6	Helical; Name=8	transmembrane
Q9VRR2	539-570	ECO:0000250|UniProtKB:Q9UBH6	Discontinuously helical; Name=9	transmembrane
Q9VRR2	571-609	ECO:0000250|UniProtKB:Q9UBH6	Helical; Name=10	transmembrane
Q9VRX6	111-131	ECO:0000255|PROSITE-ProRule:PRU00351	Helical	transmembrane
Q9VRX6	187-207	ECO:0000255|PROSITE-ProRule:PRU00351	Helical	transmembrane
Q9VRX6	22-42	ECO:0000255|PROSITE-ProRule:PRU00351	Helical	transmembrane
Q9VRX6	269-289	ECO:0000255|PROSITE-ProRule:PRU00351	Helical	transmembrane
Q9VS29	1620-1640	ECO:0000255	Helical	transmembrane
Q9VS60	200-220	ECO:0000255	Helical	transmembrane
Q9VS60	246-266	ECO:0000255	Helical	transmembrane
Q9VS60	279-299	ECO:0000255	Helical	transmembrane
Q9VS60	349-369	ECO:0000255	Helical	transmembrane
Q9VS60	377-397	ECO:0000255	Helical	transmembrane
Q9VS60	404-424	ECO:0000255	Helical	transmembrane
Q9VS77	203-225	ECO:0000255	Helical; Name=1	transmembrane
Q9VS77	232-254	ECO:0000255	Helical; Name=2	transmembrane
Q9VS77	264-283	ECO:0000255	Helical; Name=3	transmembrane
Q9VS77	304-326	ECO:0000255	Helical; Name=4	transmembrane
Q9VS77	357-379	ECO:0000255	Helical; Name=5	transmembrane
Q9VS77	406-428	ECO:0000255	Helical; Name=6	transmembrane
Q9VS77	438-457	ECO:0000255	Helical; Name=7	transmembrane
Q9VSB9	11-31	ECO:0000255	Helical	transmembrane
Q9VSB9	278-298	ECO:0000255	Helical	transmembrane
Q9VSB9	324-344	ECO:0000255	Helical	transmembrane
Q9VSB9	345-365	ECO:0000255	Helical	transmembrane
Q9VSE7	168-188	ECO:0000255	Helical; Name=1	transmembrane
Q9VSE7	223-243	ECO:0000255	Helical; Name=2	transmembrane
Q9VSE7	253-273	ECO:0000255	Helical; Name=3	transmembrane
Q9VSE7	326-346	ECO:0000255	Helical; Name=4	transmembrane
Q9VSE7	373-393	ECO:0000255	Helical; Name=5	transmembrane
Q9VSE7	435-455	ECO:0000255	Helical; Name=6	transmembrane
Q9VSE7	459-479	ECO:0000255	Helical; Name=7	transmembrane
Q9VSH2	145-165	ECO:0000255	Helical; Name=3	transmembrane
Q9VSH2	175-195	ECO:0000255	Helical; Name=4	transmembrane
Q9VSH2	346-366	ECO:0000255	Helical; Name=5	transmembrane
Q9VSH2	383-403	ECO:0000255	Helical; Name=6	transmembrane
Q9VSH2	461-481	ECO:0000255	Helical; Name=7	transmembrane
Q9VSH2	47-67	ECO:0000255	Helical; Name=1	transmembrane
Q9VSH2	81-101	ECO:0000255	Helical; Name=2	transmembrane
Q9VSH3	116-136	ECO:0000255	Helical	transmembrane
Q9VSH3	143-163	ECO:0000255	Helical	transmembrane
Q9VSH3	170-190	ECO:0000255	Helical	transmembrane
Q9VSH3	31-51	ECO:0000255	Helical	transmembrane
Q9VSH3	56-76	ECO:0000255	Helical	transmembrane
Q9VSH3	89-109	ECO:0000255	Helical	transmembrane
Q9VSL7	262-282	ECO:0000255	Helical; Name=1	transmembrane
Q9VSL7	293-313	ECO:0000255	Helical; Name=2	transmembrane
Q9VSL7	330-350	ECO:0000255	Helical; Name=3	transmembrane
Q9VSL7	605-625	ECO:0000255	Helical; Name=4	transmembrane
Q9VSL7	632-652	ECO:0000255	Helical; Name=5	transmembrane
Q9VSL7	666-686	ECO:0000255	Helical; Name=6	transmembrane
Q9VSU7	222-242	ECO:0000255	Helical; Anchor for type IV membrane protein	transmembrane
Q9VT04	153-173	ECO:0000255	Helical	transmembrane
Q9VT04	187-207	ECO:0000255	Helical	transmembrane
Q9VT04	216-236	ECO:0000255	Helical	transmembrane
Q9VT04	253-273	ECO:0000255	Helical	transmembrane
Q9VT04	283-303	ECO:0000255	Helical	transmembrane
Q9VT04	337-357	ECO:0000255	Helical	transmembrane
Q9VT04	375-395	ECO:0000255	Helical	transmembrane
Q9VT04	397-417	ECO:0000255	Helical	transmembrane
Q9VT04	432-452	ECO:0000255	Helical	transmembrane
Q9VT04	81-101	ECO:0000255	Helical	transmembrane
Q9VT08	145-165	ECO:0000255	Helical; Name=3	transmembrane
Q9VT08	209-229	ECO:0000255	Helical; Name=4	transmembrane
Q9VT08	279-300	ECO:0000255	Helical; Name=5	transmembrane
Q9VT08	315-331	ECO:0000255	Helical; Name=6	transmembrane
Q9VT08	379-401	ECO:0000255	Helical; Name=7	transmembrane
Q9VT08	41-61	ECO:0000255	Helical; Name=1	transmembrane
Q9VT08	80-100	ECO:0000255	Helical; Name=2	transmembrane
Q9VT20	152-172	ECO:0000255	Helical; Name=3	transmembrane
Q9VT20	218-238	ECO:0000255	Helical; Name=4	transmembrane
Q9VT20	290-310	ECO:0000255	Helical; Name=5	transmembrane
Q9VT20	316-336	ECO:0000255	Helical; Name=6	transmembrane
Q9VT20	385-405	ECO:0000255	Helical; Name=7	transmembrane
Q9VT20	49-69	ECO:0000255	Helical; Name=1	transmembrane
Q9VT20	72-92	ECO:0000255	Helical; Name=2	transmembrane
Q9VT90	140-160	ECO:0000255	Helical; Name=3	transmembrane
Q9VT90	205-225	ECO:0000255	Helical; Name=4	transmembrane
Q9VT90	278-298	ECO:0000255	Helical; Name=5	transmembrane
Q9VT90	305-326	ECO:0000255	Helical; Name=6	transmembrane
Q9VT90	374-394	ECO:0000255	Helical; Name=7	transmembrane
Q9VT90	46-66	ECO:0000255	Helical; Name=1	transmembrane
Q9VT90	80-100	ECO:0000255	Helical; Name=2	transmembrane
Q9VT92	141-161	ECO:0000255	Helical; Name=3	transmembrane
Q9VT92	165-185	ECO:0000255	Helical; Name=4	transmembrane
Q9VT92	192-212	ECO:0000255	Helical; Name=5	transmembrane
Q9VT92	269-289	ECO:0000255	Helical; Name=6	transmembrane
Q9VT92	298-318	ECO:0000255	Helical; Name=7	transmembrane
Q9VT92	46-66	ECO:0000255	Helical; Name=1	transmembrane
Q9VT92	72-92	ECO:0000255	Helical; Name=2	transmembrane
Q9VTG7	35-50	ECO:0000255	Helical; Signal-anchor for type II membrane protein	transmembrane
Q9VTJ8	5-22	ECO:0000255	Helical	transmembrane
Q9VTK2	256-276	ECO:0000255	Helical	transmembrane
Q9VTK2	310-330	ECO:0000255	Helical	transmembrane
Q9VTK2	349-369	ECO:0000255	Helical	transmembrane
Q9VTK2	398-418	ECO:0000255	Helical	transmembrane
Q9VTK2	727-747	ECO:0000255	Helical	transmembrane
Q9VTK2	791-811	ECO:0000255	Helical	transmembrane
Q9VTK2	835-855	ECO:0000255	Helical	transmembrane
Q9VTM6	137-157	ECO:0000255	Helical	transmembrane
Q9VTN0	134-154	ECO:0000255	Helical; Name=3	transmembrane
Q9VTN0	165-185	ECO:0000255	Helical; Name=4	transmembrane
Q9VTN0	237-257	ECO:0000255	Helical; Name=5	transmembrane
Q9VTN0	282-302	ECO:0000255	Helical; Name=6	transmembrane
Q9VTN0	353-373	ECO:0000255	Helical; Name=7	transmembrane
Q9VTN0	43-63	ECO:0000255	Helical; Name=1	transmembrane
Q9VTN0	83-103	ECO:0000255	Helical; Name=2	transmembrane
Q9VTT0	960-980	ECO:0000255	Helical	transmembrane
Q9VTX8	469-489	ECO:0000255	Helical	transmembrane
Q9VU27	140-160	ECO:0000255	Helical; Name=3	transmembrane
Q9VU27	190-210	ECO:0000255	Helical; Name=4	transmembrane
Q9VU27	270-290	ECO:0000255	Helical; Name=5	transmembrane
Q9VU27	305-325	ECO:0000255	Helical; Name=6	transmembrane
Q9VU27	366-386	ECO:0000255	Helical; Name=7	transmembrane
Q9VU27	40-60	ECO:0000255	Helical; Name=1	transmembrane
Q9VU27	77-97	ECO:0000255	Helical; Name=2	transmembrane
Q9VU52	110-130	ECO:0000255	Helical	transmembrane
Q9VU52	33-53	ECO:0000255	Helical	transmembrane
Q9VU52	374-394	ECO:0000255	Helical	transmembrane
Q9VU52	458-478	ECO:0000255	Helical	transmembrane
Q9VU52	554-574	ECO:0000255	Helical	transmembrane
Q9VU52	67-87	ECO:0000255	Helical	transmembrane
Q9VUK5	128-148	ECO:0000255	Helical; Name=3	transmembrane
Q9VUK5	167-187	ECO:0000255	Helical; Name=4	transmembrane
Q9VUK5	256-276	ECO:0000255	Helical; Name=5	transmembrane
Q9VUK5	281-301	ECO:0000255	Helical; Name=6	transmembrane
Q9VUK5	344-364	ECO:0000255	Helical; Name=7	transmembrane
Q9VUK5	38-58	ECO:0000255	Helical; Name=1	transmembrane
Q9VUK5	67-87	ECO:0000255	Helical; Name=2	transmembrane
Q9VUL9	11-28	ECO:0000255	Helical; Signal-anchor for type II membrane protein	transmembrane
Q9VUN0	1058-1078	ECO:0000255	Helical	transmembrane
Q9VUT6	12-31	ECO:0000255	Helical; Signal-anchor for type II membrane protein	transmembrane
Q9VUT8	123-143	ECO:0000255	Helical	transmembrane
Q9VUW9	296-315	ECO:0000255	Helical	transmembrane
Q9VUW9	319-341	ECO:0000255	Helical	transmembrane
Q9VUW9	346-366	ECO:0000255	Helical	transmembrane
Q9VUW9	374-394	ECO:0000255	Helical	transmembrane
Q9VUW9	473-493	ECO:0000255	Helical	transmembrane
Q9VUW9	521-541	ECO:0000255	Helical	transmembrane
Q9VV87	117-137	ECO:0000255	Helical	transmembrane
Q9VV87	142-162	ECO:0000255	Helical	transmembrane
Q9VV87	167-189	ECO:0000255	Helical	transmembrane
Q9VV87	202-222	ECO:0000255	Helical	transmembrane
Q9VV87	245-265	ECO:0000255	Helical	transmembrane
Q9VV87	30-50	ECO:0000255	Helical	transmembrane
Q9VV87	64-84	ECO:0000255	Helical	transmembrane
Q9VVA8	19-39	ECO:0000255	Helical	transmembrane
Q9VVA8	54-74	ECO:0000255	Helical	transmembrane
Q9VVD9	140-160	ECO:0000255	Helical	transmembrane
Q9VVD9	163-183	ECO:0000255	Helical	transmembrane
Q9VVD9	189-209	ECO:0000255	Helical	transmembrane
Q9VVD9	216-236	ECO:0000255	Helical	transmembrane
Q9VVD9	253-273	ECO:0000255	Helical	transmembrane
Q9VVD9	290-310	ECO:0000255	Helical	transmembrane
Q9VVD9	318-338	ECO:0000255	Helical	transmembrane
Q9VVD9	342-362	ECO:0000255	Helical	transmembrane
Q9VVD9	66-86	ECO:0000255	Helical	transmembrane
Q9VVD9	91-111	ECO:0000255	Helical	transmembrane
Q9VVF3	142-162	ECO:0000255	Helical; Name=3	transmembrane
Q9VVF3	182-202	ECO:0000255	Helical; Name=4	transmembrane
Q9VVF3	275-295	ECO:0000255	Helical; Name=5	transmembrane
Q9VVF3	304-324	ECO:0000255	Helical; Name=6	transmembrane
Q9VVF3	381-401	ECO:0000255	Helical; Name=7	transmembrane
Q9VVF3	39-59	ECO:0000255	Helical; Name=1	transmembrane
Q9VVF3	68-88	ECO:0000255	Helical; Name=2	transmembrane
Q9VVH3	9-25	ECO:0000255	Helical	transmembrane
Q9VVH9	175-195	ECO:0000255	Helical; Name=1	transmembrane
Q9VVH9	214-234	ECO:0000255	Helical; Name=2	transmembrane
Q9VVH9	243-263	ECO:0000255	Helical; Name=3	transmembrane
Q9VVH9	333-353	ECO:0000255	Helical; Name=4	transmembrane
Q9VVH9	374-394	ECO:0000255	Helical; Name=5	transmembrane
Q9VVH9	414-434	ECO:0000255	Helical; Name=6	transmembrane
Q9VVH9	489-509	ECO:0000255	Helical; Name=7	transmembrane
Q9VVH9	523-543	ECO:0000255	Helical; Name=8	transmembrane
Q9VVH9	554-574	ECO:0000255	Helical; Name=9	transmembrane
Q9VVH9	668-688	ECO:0000255	Helical; Name=10	transmembrane
Q9VVH9	708-728	ECO:0000255	Helical; Name=11	transmembrane
Q9VVH9	757-777	ECO:0000255	Helical; Name=12	transmembrane
Q9VVL1	336-356	ECO:0000255	Helical	transmembrane
Q9VVL1	375-395	ECO:0000255	Helical	transmembrane
Q9VVL1	403-423	ECO:0000255	Helical	transmembrane
Q9VVL1	593-613	ECO:0000255	Helical	transmembrane
Q9VVT2	115-135	ECO:0000255	Helical	transmembrane
Q9VVT2	153-173	ECO:0000255	Helical	transmembrane
Q9VVT2	224-244	ECO:0000255	Helical	transmembrane
Q9VVT2	270-290	ECO:0000255	Helical	transmembrane
Q9VVT2	329-349	ECO:0000255	Helical	transmembrane
Q9VVT2	373-393	ECO:0000255	Helical	transmembrane
Q9VVT2	43-63	ECO:0000255	Helical	transmembrane
Q9VVT2	457-477	ECO:0000255	Helical	transmembrane
Q9VVT2	509-529	ECO:0000255	Helical	transmembrane
Q9VVT2	540-560	ECO:0000255	Helical	transmembrane
Q9VVT2	82-102	ECO:0000255	Helical	transmembrane
Q9VVT9	116-136	ECO:0000255	Helical	transmembrane
Q9VVT9	154-174	ECO:0000255	Helical	transmembrane
Q9VVV2	107-127	ECO:0000255	Helical	transmembrane
Q9VVV2	178-198	ECO:0000255	Helical	transmembrane
Q9VVV2	209-229	ECO:0000255	Helical	transmembrane
Q9VVV2	248-265	ECO:0000255	Helical	transmembrane
Q9VVV2	288-308	ECO:0000255	Helical	transmembrane
Q9VVV2	45-65	ECO:0000255	Helical	transmembrane
Q9VVV2	85-105	ECO:0000255	Helical	transmembrane
Q9VVW3	143-163	ECO:0000255	Helical	transmembrane
Q9VVW3	175-195	ECO:0000255	Helical	transmembrane
Q9VVW3	228-248	ECO:0000255	Helical	transmembrane
Q9VVW3	267-287	ECO:0000255	Helical	transmembrane
Q9VVW3	99-119	ECO:0000255	Helical	transmembrane
Q9VVX3	316-336	ECO:0000255	Helical; Name=1	transmembrane
Q9VVX3	353-373	ECO:0000255	Helical; Name=2	transmembrane
Q9VVX3	398-418	ECO:0000255	Helical; Name=3	transmembrane
Q9VVX3	440-460	ECO:0000255	Helical; Name=4	transmembrane
Q9VVX3	483-503	ECO:0000255	Helical; Name=5	transmembrane
Q9VVX3	535-555	ECO:0000255	Helical; Name=6	transmembrane
Q9VVX3	585-605	ECO:0000255	Helical; Name=7	transmembrane
Q9VVX5	100-120	ECO:0000255	Helical	transmembrane
Q9VVX5	173-193	ECO:0000255	Helical	transmembrane
Q9VVX5	213-235	ECO:0000255	Helical	transmembrane
Q9VVX5	264-286	ECO:0000255	Helical	transmembrane
Q9VVX5	31-51	ECO:0000255	Helical	transmembrane
Q9VVX5	339-361	ECO:0000255	Helical	transmembrane
Q9VVX5	408-428	ECO:0000255	Helical	transmembrane
Q9VVX5	435-455	ECO:0000255	Helical	transmembrane
Q9VVX5	74-94	ECO:0000255	Helical	transmembrane
Q9VW12	69-88	ECO:0000255	Helical	transmembrane
Q9VW60	1024-1044	ECO:0000255	Helical	transmembrane
Q9VW60	113-133	ECO:0000255	Helical	transmembrane
Q9VW60	137-157	ECO:0000255	Helical	transmembrane
Q9VW60	178-198	ECO:0000255	Helical	transmembrane
Q9VW60	211-231	ECO:0000255	Helical	transmembrane
Q9VW60	829-849	ECO:0000255	Helical	transmembrane
Q9VW60	85-105	ECO:0000255	Helical	transmembrane
Q9VW60	851-871	ECO:0000255	Helical	transmembrane
Q9VW60	900-920	ECO:0000255	Helical	transmembrane
Q9VW60	963-983	ECO:0000255	Helical	transmembrane
Q9VW60	987-1007	ECO:0000255	Helical	transmembrane
Q9VW71	4286-4306	ECO:0000255	Helical	transmembrane
Q9VW78	209-229	ECO:0000255	Helical	transmembrane
Q9VW78	272-292	ECO:0000255	Helical	transmembrane
Q9VW78	473-493	ECO:0000255	Helical	transmembrane
Q9VW87	129-149	ECO:0000255	Helical	transmembrane
Q9VW87	54-74	ECO:0000255	Helical	transmembrane
Q9VW87	7-27	ECO:0000255	Helical	transmembrane
Q9VW87	89-109	ECO:0000255	Helical	transmembrane
Q9VWE0	890-910	ECO:0000255	Helical	transmembrane
Q9VWE9	33-61	ECO:0000255	Helical	transmembrane
Q9VWG0	128-148	ECO:0000255	Helical; Name=2	transmembrane
Q9VWG0	179-199	ECO:0000255	Helical; Name=3	transmembrane
Q9VWG0	235-255	ECO:0000255	Helical; Name=4	transmembrane
Q9VWG0	275-295	ECO:0000255	Helical; Name=5	transmembrane
Q9VWG0	337-357	ECO:0000255	Helical; Name=6	transmembrane
Q9VWG0	43-63	ECO:0000255	Helical; Name=1	transmembrane
Q9VWH8	54-71	ECO:0000255	Helical	transmembrane
Q9VWK6	130-150	ECO:0000255	Helical	transmembrane
Q9VWK6	171-191	ECO:0000255	Helical	transmembrane
Q9VWK6	205-225	ECO:0000255	Helical	transmembrane
Q9VWK6	243-263	ECO:0000255	Helical	transmembrane
Q9VWK6	276-296	ECO:0000255	Helical	transmembrane
Q9VWK6	80-100	ECO:0000255	Helical	transmembrane
Q9VWL5	163-183	ECO:0000255|PROSITE-ProRule:PRU00351	Helical	transmembrane
Q9VWL5	22-42	ECO:0000255|PROSITE-ProRule:PRU00351	Helical	transmembrane
Q9VWL5	239-259	ECO:0000255|PROSITE-ProRule:PRU00351	Helical	transmembrane
Q9VWL5	321-341	ECO:0000255|PROSITE-ProRule:PRU00351	Helical	transmembrane
Q9VWR8	126-146	ECO:0000255	Helical	transmembrane
Q9VWR8	149-169	ECO:0000255	Helical	transmembrane
Q9VWR8	179-199	ECO:0000255	Helical	transmembrane
Q9VWR8	211-231	ECO:0000255	Helical	transmembrane
Q9VWR8	257-277	ECO:0000255	Helical	transmembrane
Q9VWR8	279-299	ECO:0000255	Helical	transmembrane
Q9VWR8	326-346	ECO:0000255	Helical	transmembrane
Q9VWR8	399-419	ECO:0000255	Helical	transmembrane
Q9VWR8	4-24	ECO:0000255	Helical	transmembrane
Q9VWR8	627-647	ECO:0000255	Helical	transmembrane
Q9VWR8	678-698	ECO:0000255	Helical	transmembrane
Q9VWS4	202-222	ECO:0000255	Helical	transmembrane
Q9VWV9	125-145	ECO:0000255	Helical	transmembrane
Q9VWV9	159-179	ECO:0000255	Helical	transmembrane
Q9VWV9	220-240	ECO:0000255	Helical	transmembrane
Q9VWV9	260-280	ECO:0000255	Helical	transmembrane
Q9VWV9	301-318	ECO:0000255	Helical	transmembrane
Q9VWV9	395-415	ECO:0000255	Helical	transmembrane
Q9VWV9	467-487	ECO:0000255	Helical	transmembrane
Q9VWV9	505-525	ECO:0000255	Helical	transmembrane
Q9VWV9	83-103	ECO:0000255	Helical	transmembrane
Q9VX31	822-842	ECO:0000255	Helical	transmembrane
Q9VX39	141-161	ECO:0000255	Helical	transmembrane
Q9VX39	173-195	ECO:0000255	Helical	transmembrane
Q9VX39	225-242	ECO:0000255	Helical	transmembrane
Q9VX39	245-265	ECO:0000255	Helical	transmembrane
Q9VX39	289-309	ECO:0000255	Helical	transmembrane
Q9VX39	83-103	ECO:0000255	Helical	transmembrane
Q9VXD1	111-131	ECO:0000255	Helical	transmembrane
Q9VXD1	13-35	ECO:0000255	Helical	transmembrane
Q9VXD1	140-160	ECO:0000255	Helical	transmembrane
Q9VXD1	71-91	ECO:0000255	Helical	transmembrane
Q9VXD6	138-158	ECO:0000255	Helical	transmembrane
Q9VXD6	166-186	ECO:0000255	Helical	transmembrane
Q9VXD6	197-217	ECO:0000255	Helical	transmembrane
Q9VXD6	231-251	ECO:0000255	Helical	transmembrane
Q9VXD6	280-300	ECO:0000255	Helical	transmembrane
Q9VXD9	336-356	ECO:0000255	Helical; Name=1	transmembrane
Q9VXD9	366-386	ECO:0000255	Helical; Name=2	transmembrane
Q9VXD9	404-424	ECO:0000255	Helical; Name=3	transmembrane
Q9VXD9	442-462	ECO:0000255	Helical; Name=4	transmembrane
Q9VXD9	489-509	ECO:0000255	Helical; Name=5	transmembrane
Q9VXD9	541-561	ECO:0000255	Helical; Name=6	transmembrane
Q9VXD9	563-583	ECO:0000255	Helical; Name=7	transmembrane
Q9VXL0	141-161	ECO:0000255	Helical; Name=3	transmembrane
Q9VXL0	196-216	ECO:0000255	Helical; Name=4	transmembrane
Q9VXL0	274-294	ECO:0000255	Helical; Name=5	transmembrane
Q9VXL0	300-320	ECO:0000255	Helical; Name=6	transmembrane
Q9VXL0	386-406	ECO:0000255	Helical; Name=7	transmembrane
Q9VXL0	39-59	ECO:0000255	Helical; Name=1	transmembrane
Q9VXL0	71-91	ECO:0000255	Helical; Name=2	transmembrane
Q9VXM0	1889-1909	ECO:0000255	Helical	transmembrane
Q9VXT2	123-143	ECO:0000255	Helical	transmembrane
Q9VXT2	218-238	ECO:0000255	Helical	transmembrane
Q9VXT2	8-28	ECO:0000255	Helical	transmembrane
Q9VXV9	8-28	ECO:0000255	Helical	transmembrane
Q9VY78	42-66	ECO:0000255	Helical; Note=After insertion into the membrane	transmembrane
Q9VY86	155-175	ECO:0000255	Helical	transmembrane
Q9VY86	190-210	ECO:0000255	Helical	transmembrane
Q9VYB7	10-30	ECO:0000255	Helical; Signal-anchor for type II membrane protein	transmembrane
Q9VYF2	16-36	ECO:0000255	Helical	transmembrane
Q9VYN8	168-188	ECO:0000255	Helical	transmembrane
Q9VYV5	18-38	ECO:0000255	Helical; Signal-anchor for type II membrane protein	transmembrane
Q9VYY2	50-72	ECO:0000255	Helical	transmembrane
Q9VYY2	82-104	ECO:0000255	Helical	transmembrane
Q9VYZ1	144-164	ECO:0000255	Helical; Name=3	transmembrane
Q9VYZ1	190-210	ECO:0000255	Helical; Name=4	transmembrane
Q9VYZ1	282-302	ECO:0000255	Helical; Name=5	transmembrane
Q9VYZ1	309-329	ECO:0000255	Helical; Name=6	transmembrane
Q9VYZ1	373-393	ECO:0000255	Helical; Name=7	transmembrane
Q9VYZ1	46-66	ECO:0000255	Helical; Name=1	transmembrane
Q9VYZ1	75-95	ECO:0000255	Helical; Name=2	transmembrane
Q9VYZ2	133-153	ECO:0000255	Helical; Name=3	transmembrane
Q9VYZ2	171-191	ECO:0000255	Helical; Name=4	transmembrane
Q9VYZ2	231-251	ECO:0000255	Helical; Name=5	transmembrane
Q9VYZ2	274-294	ECO:0000255	Helical; Name=6	transmembrane
Q9VYZ2	351-371	ECO:0000255	Helical; Name=7	transmembrane
Q9VYZ2	83-103	ECO:0000255	Helical; Name=2	transmembrane
Q9VYZ2	9-29	ECO:0000255	Helical; Name=1	transmembrane
Q9VZ21	126-146	ECO:0000255	Helical	transmembrane
Q9VZA4	178-198	ECO:0000255	Helical	transmembrane
Q9VZE7	205-225	ECO:0000255	Helical	transmembrane
Q9VZE7	232-252	ECO:0000255	Helical	transmembrane
Q9VZE7	28-48	ECO:0000255	Helical	transmembrane
Q9VZE7	282-302	ECO:0000255	Helical	transmembrane
Q9VZE7	332-352	ECO:0000255	Helical	transmembrane
Q9VZE7	408-428	ECO:0000255	Helical	transmembrane
Q9VZE7	527-547	ECO:0000255	Helical	transmembrane
Q9VZE7	562-582	ECO:0000255	Helical	transmembrane
Q9VZE7	591-611	ECO:0000255	Helical	transmembrane
Q9VZJ6	12-32	ECO:0000255	Helical; Name=1	transmembrane
Q9VZJ6	138-158	ECO:0000255	Helical; Name=4	transmembrane
Q9VZJ6	194-214	ECO:0000255	Helical; Name=5	transmembrane
Q9VZJ6	303-323	ECO:0000255	Helical; Name=6	transmembrane
Q9VZJ6	375-395	ECO:0000255	Helical; Name=7	transmembrane
Q9VZJ6	46-66	ECO:0000255	Helical; Name=2	transmembrane
Q9VZJ6	78-98	ECO:0000255	Helical; Name=3	transmembrane
Q9VZJ9	228-248	ECO:0000255	Helical	transmembrane
Q9VZJ9	4-24	ECO:0000255	Helical	transmembrane
Q9VZL7	130-150	ECO:0000255	Helical; Name=1	transmembrane
Q9VZL7	167-187	ECO:0000255	Helical; Name=2	transmembrane
Q9VZL7	223-243	ECO:0000255	Helical; Name=3	transmembrane
Q9VZL7	266-285	ECO:0000255	Helical; Name=4	transmembrane
Q9VZL7	325-345	ECO:0000255	Helical; Name=5	transmembrane
Q9VZL7	351-371	ECO:0000255	Helical; Name=6	transmembrane
Q9VZL7	437-457	ECO:0000255	Helical; Name=7	transmembrane
Q9VZM5	110-130	ECO:0000255	Helical	transmembrane
Q9VZM5	155-175	ECO:0000255	Helical	transmembrane
Q9VZM5	195-215	ECO:0000255	Helical	transmembrane
Q9VZM5	246-266	ECO:0000255	Helical	transmembrane
Q9VZM5	275-295	ECO:0000255	Helical	transmembrane
Q9VZM5	3-25	ECO:0000255	Helical	transmembrane
Q9VZM5	328-348	ECO:0000255	Helical	transmembrane
Q9VZM5	64-84	ECO:0000255	Helical	transmembrane
Q9VZS6	362-384	ECO:0000255	Helical	transmembrane
Q9VZS6	391-413	ECO:0000255	Helical	transmembrane
Q9VZU2	105-125	ECO:0000255	Helical	transmembrane
Q9VZU2	134-154	ECO:0000255	Helical	transmembrane
Q9VZU2	15-35	ECO:0000255	Helical	transmembrane
Q9VZU2	206-226	ECO:0000255	Helical	transmembrane
Q9VZU2	243-263	ECO:0000255	Helical	transmembrane
Q9VZU2	293-313	ECO:0000255	Helical	transmembrane
Q9VZU2	372-392	ECO:0000255	Helical	transmembrane
Q9VZU2	429-449	ECO:0000255	Helical	transmembrane
Q9VZU2	461-481	ECO:0000255	Helical	transmembrane
Q9VZU2	73-93	ECO:0000255	Helical	transmembrane
Q9VZW5	118-138	ECO:0000255	Helical; Name=1	transmembrane
Q9VZW5	159-179	ECO:0000255	Helical; Name=2	transmembrane
Q9VZW5	182-202	ECO:0000255	Helical; Name=3	transmembrane
Q9VZW5	239-259	ECO:0000255	Helical; Name=4	transmembrane
Q9VZW5	290-310	ECO:0000255	Helical; Name=5	transmembrane
Q9VZW5	342-362	ECO:0000255	Helical; Name=6	transmembrane
Q9VZW5	377-397	ECO:0000255	Helical; Name=7	transmembrane
Q9VZW8	151-171	ECO:0000255	Helical; Name=3	transmembrane
Q9VZW8	218-238	ECO:0000255	Helical; Name=4	transmembrane
Q9VZW8	297-317	ECO:0000255	Helical; Name=5	transmembrane
Q9VZW8	321-341	ECO:0000255	Helical; Name=6	transmembrane
Q9VZW8	388-408	ECO:0000255	Helical; Name=7	transmembrane
Q9VZW8	44-64	ECO:0000255	Helical; Name=1	transmembrane
Q9VZW8	77-97	ECO:0000255	Helical; Name=2	transmembrane
Q9W056	137-157	ECO:0000255	Helical	transmembrane
Q9W056	168-188	ECO:0000255	Helical	transmembrane
Q9W056	200-220	ECO:0000255	Helical	transmembrane
Q9W056	238-258	ECO:0000255	Helical	transmembrane
Q9W056	273-293	ECO:0000255	Helical	transmembrane
Q9W056	321-341	ECO:0000255	Helical	transmembrane
Q9W056	358-378	ECO:0000255	Helical	transmembrane
Q9W056	383-403	ECO:0000255	Helical	transmembrane
Q9W056	421-441	ECO:0000255	Helical	transmembrane
Q9W056	49-69	ECO:0000255	Helical	transmembrane
Q9W056	81-101	ECO:0000255	Helical	transmembrane
Q9W0A0	801-821	ECO:0000255	Helical	transmembrane
Q9W0C1	107-127	ECO:0000255	Helical	transmembrane
Q9W0G1	526-545	ECO:0000255	Helical	transmembrane
Q9W0H3	166-186	ECO:0000255	Helical	transmembrane
Q9W0H3	188-208	ECO:0000255	Helical	transmembrane
Q9W0I6	524-544	ECO:0000255	Helical	transmembrane
Q9W0I6	553-573	ECO:0000255	Helical	transmembrane
Q9W0M2	112-132	ECO:0000255	Helical; Name=2	transmembrane
Q9W0M2	165-185	ECO:0000255	Helical; Name=3	transmembrane
Q9W0M2	215-235	ECO:0000255	Helical; Name=4	transmembrane
Q9W0M2	238-258	ECO:0000255	Helical; Name=5	transmembrane
Q9W0M2	305-325	ECO:0000255	Helical; Name=6	transmembrane
Q9W0M2	335-355	ECO:0000255	Helical; Name=7	transmembrane
Q9W0M2	79-99	ECO:0000255	Helical; Name=1	transmembrane
Q9W0R5	251-271	ECO:0000255	Helical; Name=1	transmembrane
Q9W0R5	281-301	ECO:0000255	Helical; Name=2	transmembrane
Q9W0R5	313-333	ECO:0000255	Helical; Name=3	transmembrane
Q9W0R5	354-374	ECO:0000255	Helical; Name=4	transmembrane
Q9W0R5	405-425	ECO:0000255	Helical; Name=5	transmembrane
Q9W0R5	467-487	ECO:0000255	Helical; Name=6	transmembrane
Q9W0R5	499-519	ECO:0000255	Helical; Name=7	transmembrane
Q9W0R6	208-228	ECO:0000255	Helical; Name=1	transmembrane
Q9W0R6	243-263	ECO:0000255	Helical; Name=2	transmembrane
Q9W0R6	277-297	ECO:0000255	Helical; Name=3	transmembrane
Q9W0R6	315-335	ECO:0000255	Helical; Name=4	transmembrane
Q9W0R6	361-381	ECO:0000255	Helical; Name=5	transmembrane
Q9W0R6	404-424	ECO:0000255	Helical; Name=6	transmembrane
Q9W0R6	439-459	ECO:0000255	Helical; Name=7	transmembrane
Q9W0S3	128-148	ECO:0000255	Helical	transmembrane
Q9W0T5	492-512	ECO:0000255	Helical	transmembrane
Q9W0T5	526-546	ECO:0000255	Helical	transmembrane
Q9W0T5	566-584	ECO:0000255	Helical	transmembrane
Q9W0T5	602-622	ECO:0000255	Helical	transmembrane
Q9W0T5	639-659	ECO:0000255	Helical	transmembrane
Q9W0T5	702-722	ECO:0000255	Helical	transmembrane
Q9W0V7	219-239	ECO:0000255	Helical; Name=1	transmembrane
Q9W0V7	246-266	ECO:0000255	Helical; Name=2	transmembrane
Q9W0V7	283-303	ECO:0000255	Helical; Name=3	transmembrane
Q9W0V7	318-338	ECO:0000255	Helical; Name=4	transmembrane
Q9W0V7	363-383	ECO:0000255	Helical; Name=5	transmembrane
Q9W0V7	412-432	ECO:0000255	Helical; Name=6	transmembrane
Q9W0V7	442-462	ECO:0000255	Helical; Name=7	transmembrane
Q9W0Y6	491-511	ECO:0000255	Helical; Name=1	transmembrane
Q9W0Y6	524-544	ECO:0000255	Helical; Name=2	transmembrane
Q9W0Y6	556-576	ECO:0000255	Helical; Name=3	transmembrane
Q9W0Y6	587-607	ECO:0000255	Helical; Name=4	transmembrane
Q9W0Y6	629-649	ECO:0000255	Helical; Name=5	transmembrane
Q9W0Y6	709-729	ECO:0000255	Helical; Name=6	transmembrane
Q9W0Y8	122-145	ECO:0000250|UniProtKB:D0E0C2	Helical; Name=S1 of repeat I	transmembrane
Q9W0Y8	152-172	ECO:0000250|UniProtKB:D0E0C2	Helical; Name=S2 of repeat I	transmembrane
Q9W0Y8	1743-1763	ECO:0000250|UniProtKB:D0E0C2	Helical; Name=S1 of repeat III	transmembrane
Q9W0Y8	1790-1810	ECO:0000250|UniProtKB:D0E0C2	Helical; Name=S2 of repeat III	transmembrane
Q9W0Y8	1814-1834	ECO:0000250|UniProtKB:D0E0C2	Helical; Name=S3 of repeat III	transmembrane
Q9W0Y8	184-202	ECO:0000250|UniProtKB:D0E0C2	Helical; Name=S3 of repeat I	transmembrane
Q9W0Y8	1840-1861	ECO:0000250|UniProtKB:D0E0C2	Helical; Voltage-sensor; Name=S4 of repeat III	transmembrane
Q9W0Y8	1881-1902	ECO:0000250|UniProtKB:D0E0C2	Helical; Name=S5 of repeat III	transmembrane
Q9W0Y8	1982-2002	ECO:0000250|UniProtKB:D0E0C2	Helical; Name=S6 of repeat III	transmembrane
Q9W0Y8	2070-2090	ECO:0000250|UniProtKB:D0E0C2	Helical; Name=S1 of repeat IV	transmembrane
Q9W0Y8	209-228	ECO:0000250|UniProtKB:D0E0C2	Helical; Voltage-sensor; Name=S4 of repeat I	transmembrane
Q9W0Y8	2096-2116	ECO:0000250|UniProtKB:D0E0C2	Helical; Name=S2 of repeat IV	transmembrane
Q9W0Y8	2133-2153	ECO:0000255	Helical; Name=S3 of repeat IV	transmembrane
Q9W0Y8	2163-2184	ECO:0000250|UniProtKB:D0E0C2	Helical; Voltage-sensor; Name=S4 of repeat IV	transmembrane
Q9W0Y8	2200-2220	ECO:0000250|UniProtKB:D0E0C2	Helical; Name=S5 of repeat IV	transmembrane
Q9W0Y8	2289-2309	ECO:0000250|UniProtKB:D0E0C2	Helical; Name=S6 of repeat IV	transmembrane
Q9W0Y8	245-265	ECO:0000250|UniProtKB:D0E0C2	Helical; Name=S5 of repeat I	transmembrane
Q9W0Y8	375-395	ECO:0000250|UniProtKB:D0E0C2	Helical; Name=S6 of repeat I	transmembrane
Q9W0Y8	688-708	ECO:0000250|UniProtKB:D0E0C2	Helical; Name=S1 of repeat II	transmembrane
Q9W0Y8	719-743	ECO:0000250|UniProtKB:D0E0C2	Helical; Name=S2 of repeat II	transmembrane
Q9W0Y8	750-769	ECO:0000250|UniProtKB:D0E0C2	Helical; Name=S3 of repeat II	transmembrane
Q9W0Y8	776-795	ECO:0000250	Helical; Voltage-sensor; Name=S4 of repeat II	transmembrane
Q9W0Y8	811-832	ECO:0000250|UniProtKB:D0E0C2	Helical; Name=S5 of repeat II	transmembrane
Q9W0Y8	890-910	ECO:0000250|UniProtKB:D0E0C2	Helical; Name=S6 of repeat II	transmembrane
Q9W145	105-127	ECO:0000255|PROSITE-ProRule:PRU00770	Helical	transmembrane
Q9W145	131-153	ECO:0000255|PROSITE-ProRule:PRU00770	Helical	transmembrane
Q9W145	162-182	ECO:0000255|PROSITE-ProRule:PRU00770	Helical	transmembrane
Q9W145	64-84	ECO:0000255|PROSITE-ProRule:PRU00770	Helical	transmembrane
Q9W1C5	708-728	ECO:0000255	Helical	transmembrane
Q9W1K0	3-23	ECO:0000255	Helical	transmembrane
Q9W1M8	930-950	ECO:0000255	Helical	transmembrane
Q9W1N5	100-120	ECO:0000255	Helical; Name=3	transmembrane
Q9W1N5	155-175	ECO:0000255	Helical; Name=4	transmembrane
Q9W1N5	190-210	ECO:0000255	Helical; Name=5	transmembrane
Q9W1N5	260-280	ECO:0000255	Helical; Name=6	transmembrane
Q9W1N5	365-385	ECO:0000255	Helical; Name=7	transmembrane
Q9W1N5	37-57	ECO:0000255	Helical; Name=1	transmembrane
Q9W1N5	70-90	ECO:0000255	Helical; Name=2	transmembrane
Q9W1N6	121-141	ECO:0000255	Helical; Name=3	transmembrane
Q9W1N6	207-227	ECO:0000255	Helical; Name=4	transmembrane
Q9W1N6	251-271	ECO:0000255	Helical; Name=5	transmembrane
Q9W1N6	283-303	ECO:0000255	Helical; Name=6	transmembrane
Q9W1N6	34-54	ECO:0000255	Helical; Name=1	transmembrane
Q9W1N6	362-382	ECO:0000255	Helical; Name=7	transmembrane
Q9W1N6	66-86	ECO:0000255	Helical; Name=2	transmembrane
Q9W1P7	140-160	ECO:0000255	Helical; Name=3	transmembrane
Q9W1P7	186-206	ECO:0000255	Helical; Name=4	transmembrane
Q9W1P7	272-292	ECO:0000255	Helical; Name=5	transmembrane
Q9W1P7	297-317	ECO:0000255	Helical; Name=6	transmembrane
Q9W1P7	370-390	ECO:0000255	Helical; Name=7	transmembrane
Q9W1P7	47-67	ECO:0000255	Helical; Name=1	transmembrane
Q9W1P7	87-107	ECO:0000255	Helical; Name=2	transmembrane
Q9W1P8	142-162	ECO:0000255	Helical; Name=3	transmembrane
Q9W1P8	180-200	ECO:0000255	Helical; Name=4	transmembrane
Q9W1P8	270-290	ECO:0000255	Helical; Name=5	transmembrane
Q9W1P8	294-314	ECO:0000255	Helical; Name=6	transmembrane
Q9W1P8	349-369	ECO:0000255	Helical; Name=7	transmembrane
Q9W1P8	47-67	ECO:0000255	Helical; Name=1	transmembrane
Q9W1P8	85-105	ECO:0000255	Helical; Name=2	transmembrane
Q9W1U5	167-187	ECO:0000255	Helical; Name=4	transmembrane
Q9W1U5	260-280	ECO:0000255	Helical; Name=5	transmembrane
Q9W1U5	285-305	ECO:0000255	Helical; Name=6	transmembrane
Q9W1U5	373-393	ECO:0000255	Helical; Name=7	transmembrane
Q9W1U5	4-24	ECO:0000255	Helical; Name=1	transmembrane
Q9W1U5	40-60	ECO:0000255	Helical; Name=2	transmembrane
Q9W1U5	76-96	ECO:0000255	Helical; Name=3	transmembrane
Q9W266	452-472	ECO:0000255	Helical	transmembrane
Q9W2B1	151-171	ECO:0000255	Helical; Name=3	transmembrane
Q9W2B1	194-214	ECO:0000255	Helical; Name=4	transmembrane
Q9W2B1	246-266	ECO:0000255	Helical; Name=5	transmembrane
Q9W2B1	285-305	ECO:0000255	Helical; Name=6	transmembrane
Q9W2B1	365-385	ECO:0000255	Helical; Name=7	transmembrane
Q9W2B1	45-65	ECO:0000255	Helical; Name=1	transmembrane
Q9W2B1	83-103	ECO:0000255	Helical; Name=2	transmembrane
Q9W2B2	173-193	ECO:0000255	Helical	transmembrane
Q9W2B2	224-241	ECO:0000255	Helical	transmembrane
Q9W2B2	262-282	ECO:0000255	Helical	transmembrane
Q9W2B2	296-316	ECO:0000255	Helical	transmembrane
Q9W2B2	39-59	ECO:0000255	Helical	transmembrane
Q9W2B2	72-92	ECO:0000255	Helical	transmembrane
Q9W2E1	1745-1765	ECO:0000255	Helical	transmembrane
Q9W2E1	1766-1786	ECO:0000255	Helical	transmembrane
Q9W2E1	1798-1818	ECO:0000255	Helical	transmembrane
Q9W2H1	100-120	ECO:0000255	Helical	transmembrane
Q9W2H1	125-145	ECO:0000255	Helical	transmembrane
Q9W2U9	142-162	ECO:0000255	Helical; Name=3	transmembrane
Q9W2U9	203-223	ECO:0000255	Helical; Name=4	transmembrane
Q9W2U9	269-289	ECO:0000255	Helical; Name=5	transmembrane
Q9W2U9	298-318	ECO:0000255	Helical; Name=6	transmembrane
Q9W2U9	363-383	ECO:0000255	Helical; Name=7	transmembrane
Q9W2U9	42-62	ECO:0000255	Helical; Name=1	transmembrane
Q9W2U9	75-95	ECO:0000255	Helical; Name=2	transmembrane
Q9W345	10-30	ECO:0000255	Helical	transmembrane
Q9W345	143-163	ECO:0000255	Helical	transmembrane
Q9W345	178-198	ECO:0000255	Helical	transmembrane
Q9W345	48-68	ECO:0000255	Helical	transmembrane
Q9W365	519-539	ECO:0000255	Helical	transmembrane
Q9W365	596-616	ECO:0000255	Helical	transmembrane
Q9W365	807-827	ECO:0000255	Helical	transmembrane
Q9W367	132-152	ECO:0000255	Helical; Name=3	transmembrane
Q9W367	155-175	ECO:0000255	Helical; Name=4	transmembrane
Q9W367	249-269	ECO:0000255	Helical; Name=5	transmembrane
Q9W367	285-305	ECO:0000255	Helical; Name=6	transmembrane
Q9W367	348-372	ECO:0000255	Helical; Name=7	transmembrane
Q9W367	39-59	ECO:0000255	Helical; Name=1	transmembrane
Q9W367	70-90	ECO:0000255	Helical; Name=2	transmembrane
Q9W380	23-45	ECO:0000255	Helical	transmembrane
Q9W3F7	26-45	ECO:0000255	Helical	transmembrane
Q9W3I5	145-165	ECO:0000255	Helical; Name=3	transmembrane
Q9W3I5	187-207	ECO:0000255	Helical; Name=4	transmembrane
Q9W3I5	282-302	ECO:0000255	Helical; Name=5	transmembrane
Q9W3I5	310-330	ECO:0000255	Helical; Name=6	transmembrane
Q9W3I5	370-390	ECO:0000255	Helical; Name=7	transmembrane
Q9W3I5	51-71	ECO:0000255	Helical; Name=1	transmembrane
Q9W3I5	90-110	ECO:0000255	Helical; Name=2	transmembrane
Q9W3T5	21-43	ECO:0000255	Helical	transmembrane
Q9W3T7	127-147	ECO:0000255	Helical	transmembrane
Q9W3V8	124-144	ECO:0000255	Helical	transmembrane
Q9W3V8	151-171	ECO:0000255	Helical	transmembrane
Q9W3V8	210-230	ECO:0000255	Helical	transmembrane
Q9W3V8	300-320	ECO:0000255	Helical	transmembrane
Q9W3V8	332-352	ECO:0000255	Helical	transmembrane
Q9W3V8	356-370	ECO:0000255	Helical	transmembrane
Q9W3V8	377-394	ECO:0000255	Helical	transmembrane
Q9W3V8	4-24	ECO:0000255	Helical	transmembrane
Q9W3V8	432-452	ECO:0000255	Helical	transmembrane
Q9W3V8	469-491	ECO:0000255	Helical	transmembrane
Q9W3V8	94-112	ECO:0000255	Helical	transmembrane
Q9W429	126-146	ECO:0000255	Helical	transmembrane
Q9W429	163-183	ECO:0000255	Helical	transmembrane
Q9W429	201-221	ECO:0000255	Helical	transmembrane
Q9W429	249-271	ECO:0000255	Helical	transmembrane
Q9W429	276-298	ECO:0000255	Helical	transmembrane
Q9W429	305-325	ECO:0000255	Helical	transmembrane
Q9W429	34-54	ECO:0000255	Helical	transmembrane
Q9W429	70-90	ECO:0000255	Helical	transmembrane
Q9W429	9-29	ECO:0000255	Helical	transmembrane
Q9W429	96-116	ECO:0000255	Helical	transmembrane
Q9W436	114-134	ECO:0000255	Helical; Signal-anchor for type II membrane protein	transmembrane
Q9W462	6-26	ECO:0000255	Helical	transmembrane
Q9W495	629-649	ECO:0000255	Helical	transmembrane
Q9W495	710-730	ECO:0000255	Helical	transmembrane
Q9W495	775-795	ECO:0000255	Helical	transmembrane
Q9W495	8-28	ECO:0000255	Helical	transmembrane
Q9W495	868-888	ECO:0000255	Helical	transmembrane
Q9W495	896-916	ECO:0000255	Helical	transmembrane
Q9W495	930-950	ECO:0000255	Helical	transmembrane
Q9W495	955-975	ECO:0000255	Helical	transmembrane
Q9W497	179-199	ECO:0000255	Helical; Name=2	transmembrane
Q9W497	215-235	ECO:0000255	Helical; Name=3	transmembrane
Q9W497	241-261	ECO:0000255	Helical; Name=4	transmembrane
Q9W497	306-326	ECO:0000255	Helical; Name=5	transmembrane
Q9W497	339-359	ECO:0000255	Helical; Name=6	transmembrane
Q9W497	411-431	ECO:0000255	Helical; Name=7	transmembrane
Q9W497	57-77	ECO:0000255	Helical; Name=1	transmembrane
Q9W4C5	111-131	ECO:0000255	Helical; Name=3	transmembrane
Q9W4C5	229-249	ECO:0000255	Helical; Name=4	transmembrane
Q9W4C5	258-278	ECO:0000255	Helical; Name=5	transmembrane
Q9W4C5	307-327	ECO:0000255	Helical; Name=6	transmembrane
Q9W4C5	341-361	ECO:0000255	Helical; Name=7	transmembrane
Q9W4C5	401-421	ECO:0000255	Helical; Name=8	transmembrane
Q9W4C5	41-61	ECO:0000255	Helical; Name=1	transmembrane
Q9W4C5	447-467	ECO:0000255	Helical; Name=9	transmembrane
Q9W4C5	474-494	ECO:0000255	Helical; Name=10	transmembrane
Q9W4C5	516-536	ECO:0000255	Helical; Name=11	transmembrane
Q9W4C5	552-572	ECO:0000255	Helical; Name=12	transmembrane
Q9W4C5	74-94	ECO:0000255	Helical; Name=2	transmembrane
Q9W4V8	59-79	ECO:0000255	Helical	transmembrane
Q9W4Y2	245-265	ECO:0000255	Helical; Name=1	transmembrane
Q9W4Y2	275-295	ECO:0000255	Helical; Name=2	transmembrane
Q9W4Y2	335-355	ECO:0000255	Helical; Name=3	transmembrane
Q9W4Y2	367-387	ECO:0000255	Helical; Name=4	transmembrane
Q9W4Y2	412-432	ECO:0000255	Helical; Name=5	transmembrane
Q9W4Y2	450-470	ECO:0000255	Helical; Name=6	transmembrane
Q9W4Y2	481-501	ECO:0000255	Helical; Name=7	transmembrane
Q9W534	112-132	ECO:0000255	Helical; Name=3	transmembrane
Q9W534	153-173	ECO:0000255	Helical; Name=4	transmembrane
Q9W534	203-223	ECO:0000255	Helical; Name=5	transmembrane
Q9W534	314-334	ECO:0000255	Helical; Name=6	transmembrane
Q9W534	346-366	ECO:0000255	Helical; Name=7	transmembrane
Q9W534	41-61	ECO:0000255	Helical; Name=1	transmembrane
Q9W534	70-90	ECO:0000255	Helical; Name=2	transmembrane
Q9W594	146-166	ECO:0000255	Helical; Name=2	transmembrane
Q9W594	174-194	ECO:0000255	Helical; Name=3	transmembrane
Q9W594	251-271	ECO:0000255	Helical; Name=4	transmembrane
Q9W594	301-321	ECO:0000255	Helical; Name=5	transmembrane
Q9W594	350-370	ECO:0000255	Helical; Name=6	transmembrane
Q9W594	396-416	ECO:0000255	Helical; Name=7	transmembrane
Q9W594	41-61	ECO:0000255	Helical; Name=1	transmembrane
Q9W5A5	232-252	ECO:0000255	Helical	transmembrane
Q9W5A5	259-279	ECO:0000255	Helical	transmembrane
Q9W5A5	402-422	ECO:0000255	Helical	transmembrane
Q9W5A5	55-75	ECO:0000255	Helical	transmembrane
Q9W5A5	96-116	ECO:0000255	Helical	transmembrane
Q9W5D4	128-148	ECO:0000255	Helical	transmembrane
Q9W5D4	175-195	ECO:0000255	Helical	transmembrane
Q9W5D4	206-226	ECO:0000255	Helical	transmembrane
Q9W5D4	228-248	ECO:0000255	Helical	transmembrane
Q9W5D4	268-288	ECO:0000255	Helical	transmembrane
Q9W5D4	35-55	ECO:0000255	Helical	transmembrane
Q9W5D4	566-586	ECO:0000255	Helical	transmembrane
Q9W5D4	667-687	ECO:0000255	Helical	transmembrane
Q9W5D4	689-709	ECO:0000255	Helical	transmembrane
Q9W5D4	719-739	ECO:0000255	Helical	transmembrane
Q9W5G6	126-146	ECO:0000255	Helical; Name=3	transmembrane
Q9W5G6	178-198	ECO:0000255	Helical; Name=4	transmembrane
Q9W5G6	257-277	ECO:0000255	Helical; Name=5	transmembrane
Q9W5G6	288-308	ECO:0000255	Helical; Name=6	transmembrane
Q9W5G6	360-380	ECO:0000255	Helical; Name=7	transmembrane
Q9W5G6	40-60	ECO:0000255	Helical; Name=1	transmembrane
Q9W5G6	76-92	ECO:0000255	Helical; Name=2	transmembrane
Q9W5Y0	53-73	ECO:0000255	Helical; Signal-anchor for type II membrane protein	transmembrane
Q9XY35	16-41	ECO:0000250|UniProtKB:P22289	Helical	transmembrane
Q9XZ08	56-76	ECO:0000255	Helical; Signal-anchor for type II membrane protein	transmembrane
Q9XZ14	128-148	ECO:0000255	Helical; Signal-anchor for type II membrane protein	transmembrane
Q9Y0E4	2216-2236	ECO:0000255|PROSITE-ProRule:PRU00385	Helical; Anchor for type IV membrane protein	transmembrane
Q9Y115	105-125	ECO:0000255	Helical	transmembrane
Q9Y115	128-148	ECO:0000255	Helical	transmembrane
Q9Y115	170-190	ECO:0000255	Helical	transmembrane
Q9Y115	244-264	ECO:0000255	Helical	transmembrane
Q9Y115	305-325	ECO:0000255	Helical	transmembrane
Q9Y115	338-358	ECO:0000255	Helical	transmembrane
Q9Y115	366-386	ECO:0000255	Helical	transmembrane
Q9Y115	394-414	ECO:0000255	Helical	transmembrane
Q9Y115	435-455	ECO:0000255	Helical	transmembrane
Q9Y115	457-477	ECO:0000255	Helical	transmembrane
Q9Y115	46-66	ECO:0000255	Helical	transmembrane
Q9Y115	80-100	ECO:0000255	Helical	transmembrane
Q9Y117	13-35	ECO:0000255	Helical; Signal-anchor for type II membrane protein	transmembrane
Q9Y123	10-30	ECO:0000255	Helical	transmembrane
Q9Y123	129-149	ECO:0000255	Helical	transmembrane
Q9Y123	156-176	ECO:0000255	Helical	transmembrane
Q9Y123	184-204	ECO:0000255	Helical	transmembrane
Q9Y123	353-373	ECO:0000255	Helical	transmembrane
Q9Y123	389-409	ECO:0000255	Helical	transmembrane
Q9Y123	41-61	ECO:0000255	Helical	transmembrane
Q9Y123	440-460	ECO:0000255	Helical	transmembrane
Q9Y123	461-477	ECO:0000255	Helical	transmembrane
Q9Y123	489-509	ECO:0000255	Helical	transmembrane
Q9Y123	517-537	ECO:0000255	Helical	transmembrane
Q9Y123	91-111	ECO:0000255	Helical	transmembrane
Q9Y140	18-38	ECO:0000255	Helical; Signal-anchor for type II membrane protein	transmembrane
Q9Y169	26-46	ECO:0000255	Helical; Signal-anchor for type II membrane protein	transmembrane
