entry	pos	evidence	note	origin
A0A0B4K692	173	ECO:0000255|PROSITE-ProRule:PRU00498	N-linked (GlcNAc...) asparagine	glycosylation
A0A0B4K692	239	ECO:0000255|PROSITE-ProRule:PRU00498	N-linked (GlcNAc...) asparagine	glycosylation
A0A0B4K692	264	ECO:0000255|PROSITE-ProRule:PRU00498	N-linked (GlcNAc...) asparagine	glycosylation
A0A0B4K692	305	ECO:0000255|PROSITE-ProRule:PRU00498	N-linked (GlcNAc...) asparagine	glycosylation
A0A0B4K692	315	ECO:0000255|PROSITE-ProRule:PRU00498	N-linked (GlcNAc...) asparagine	glycosylation
A0A0B4K692	358	ECO:0000255|PROSITE-ProRule:PRU00498	N-linked (GlcNAc...) asparagine	glycosylation
A0A0B4K692	554	ECO:0000255|PROSITE-ProRule:PRU00498	N-linked (GlcNAc...) asparagine	glycosylation
A0A0B4K692	653	ECO:0000255|PROSITE-ProRule:PRU00498	N-linked (GlcNAc...) asparagine	glycosylation
A0A0B4LFY9	187	ECO:0000255|PROSITE-ProRule:PRU00498	N-linked (GlcNAc...) asparagine	glycosylation
A0A0B4LFY9	270	ECO:0000255|PROSITE-ProRule:PRU00498	N-linked (GlcNAc...) asparagine	glycosylation
A0A0B4LFY9	333	ECO:0000255|PROSITE-ProRule:PRU00498	N-linked (GlcNAc...) asparagine	glycosylation
A0A0B4LFY9	84	ECO:0000255|PROSITE-ProRule:PRU00498	N-linked (GlcNAc...) asparagine	glycosylation
A0A0B7P9G0	156	ECO:0000255|PROSITE-ProRule:PRU00498	N-linked (GlcNAc...) asparagine	glycosylation
A0A0B7P9G0	38	ECO:0000255|PROSITE-ProRule:PRU00498	N-linked (GlcNAc...) asparagine	glycosylation
A0A0B7P9G0	42	ECO:0000255|PROSITE-ProRule:PRU00498	N-linked (GlcNAc...) asparagine	glycosylation
A0A0B7P9G0	522	ECO:0000255|PROSITE-ProRule:PRU00498	N-linked (GlcNAc...) asparagine	glycosylation
A0A0B7P9G0	743	ECO:0000255|PROSITE-ProRule:PRU00498	N-linked (GlcNAc...) asparagine	glycosylation
A0A0B7P9G0	751	ECO:0000255|PROSITE-ProRule:PRU00498	N-linked (GlcNAc...) asparagine	glycosylation
A0A0B7P9G0	790	ECO:0000255|PROSITE-ProRule:PRU00498	N-linked (GlcNAc...) asparagine	glycosylation
A0A126GUP6	142	ECO:0000255|PROSITE-ProRule:PRU00498	N-linked (GlcNAc...) asparagine	glycosylation
A0A126GUP6	296	ECO:0000255|PROSITE-ProRule:PRU00498	N-linked (GlcNAc...) asparagine	glycosylation
A0A1F4	1165	ECO:0000255	N-linked (GlcNAc...) asparagine	glycosylation
A0A1F4	1170	ECO:0000255	N-linked (GlcNAc...) asparagine	glycosylation
A0A1F4	1176	ECO:0000255	N-linked (GlcNAc...) asparagine	glycosylation
A0A1F4	1471	ECO:0000269|PubMed:17893096	N-linked (GlcNAc...) asparagine	glycosylation
A0A1F4	163	ECO:0000255	N-linked (GlcNAc...) asparagine	glycosylation
A0A1F4	1665	ECO:0000255	N-linked (GlcNAc...) asparagine	glycosylation
A0A1F4	1861	ECO:0000255	N-linked (GlcNAc...) asparagine	glycosylation
A0A1F4	1994	ECO:0000255	N-linked (GlcNAc...) asparagine	glycosylation
A0A1F4	2035	ECO:0000255	N-linked (GlcNAc...) asparagine	glycosylation
A0A1F4	205	ECO:0000255	N-linked (GlcNAc...) asparagine	glycosylation
A0A1F4	2099	ECO:0000255	N-linked (GlcNAc...) asparagine	glycosylation
A0A1F4	425	ECO:0000255	N-linked (GlcNAc...) asparagine	glycosylation
A1Z6H7	1412	ECO:0000255|PROSITE-ProRule:PRU00498	N-linked (GlcNAc...) asparagine	glycosylation
A1Z6H7	1571	ECO:0000255|PROSITE-ProRule:PRU00498	N-linked (GlcNAc...) asparagine	glycosylation
A1Z6H7	383	ECO:0000255|PROSITE-ProRule:PRU00498	N-linked (GlcNAc...) asparagine	glycosylation
A1Z6H7	39	ECO:0000255|PROSITE-ProRule:PRU00498	N-linked (GlcNAc...) asparagine	glycosylation
A1Z6H7	547	ECO:0000255|PROSITE-ProRule:PRU00498	N-linked (GlcNAc...) asparagine	glycosylation
A1Z6H7	776	ECO:0000255|PROSITE-ProRule:PRU00498	N-linked (GlcNAc...) asparagine	glycosylation
A1Z6H7	882	ECO:0000255|PROSITE-ProRule:PRU00498	N-linked (GlcNAc...) asparagine	glycosylation
A1Z7G7	128	ECO:0000255	N-linked (GlcNAc...) asparagine	glycosylation
A1Z7G7	242	ECO:0000269|PubMed:19349973	N-linked (GlcNAc...) asparagine	glycosylation
A1Z7G7	288	ECO:0000255	N-linked (GlcNAc...) asparagine	glycosylation
A1Z7G7	327	ECO:0000255	N-linked (GlcNAc...) asparagine	glycosylation
A1Z7G7	384	ECO:0000255	N-linked (GlcNAc...) asparagine	glycosylation
A1Z7G7	641	ECO:0000269|PubMed:19349973	N-linked (GlcNAc...) asparagine	glycosylation
A1Z7G7	689	ECO:0000255	N-linked (GlcNAc...) asparagine	glycosylation
A1Z7G7	716	ECO:0000255	N-linked (GlcNAc...) asparagine	glycosylation
A1Z7L8	32	ECO:0000255|PROSITE-ProRule:PRU00498	N-linked (GlcNAc...) asparagine	glycosylation
A1Z7L8	78	ECO:0000255|PROSITE-ProRule:PRU00498	N-linked (GlcNAc...) asparagine	glycosylation
A1Z7L8	85	ECO:0000255|PROSITE-ProRule:PRU00498	N-linked (GlcNAc...) asparagine	glycosylation
A1Z877	1032	ECO:0000255|PROSITE-ProRule:PRU00498	N-linked (GlcNAc...) asparagine	glycosylation
A1Z877	231	ECO:0000255|PROSITE-ProRule:PRU00498	N-linked (GlcNAc...) asparagine	glycosylation
A1Z877	423	ECO:0000255|PROSITE-ProRule:PRU00498	N-linked (GlcNAc...) asparagine	glycosylation
A1Z877	480	ECO:0000255|PROSITE-ProRule:PRU00498	N-linked (GlcNAc...) asparagine	glycosylation
A1Z877	633	ECO:0000255|PROSITE-ProRule:PRU00498	N-linked (GlcNAc...) asparagine	glycosylation
A1Z877	801	ECO:0000255|PROSITE-ProRule:PRU00498	N-linked (GlcNAc...) asparagine	glycosylation
A1Z8N1	428	ECO:0000255|PROSITE-ProRule:PRU00498	N-linked (GlcNAc...) asparagine	glycosylation
A1Z8N1	550	ECO:0000255|PROSITE-ProRule:PRU00498	N-linked (GlcNAc...) asparagine	glycosylation
A1ZAX0	33	ECO:0000255|PROSITE-ProRule:PRU00498	N-linked (GlcNAc...) asparagine	glycosylation
A1ZAX0	61	ECO:0000255|PROSITE-ProRule:PRU00498	N-linked (GlcNAc...) asparagine	glycosylation
A4VCL2	173	ECO:0000255|PROSITE-ProRule:PRU00498	N-linked (GlcNAc...) asparagine	glycosylation
A4VCL2	286	ECO:0000255|PROSITE-ProRule:PRU00498	N-linked (GlcNAc...) asparagine	glycosylation
A4VCL2	420	ECO:0000255|PROSITE-ProRule:PRU00498	N-linked (GlcNAc...) asparagine	glycosylation
A4VCL2	79	ECO:0000255|PROSITE-ProRule:PRU00498	N-linked (GlcNAc...) asparagine	glycosylation
A6MHQ4	257	ECO:0000255	N-linked (GlcNAc...) asparagine	glycosylation
A6MHQ4	275	ECO:0000255	N-linked (GlcNAc...) asparagine	glycosylation
A6MHQ4	279	ECO:0000255	N-linked (GlcNAc...) asparagine	glycosylation
A6MHQ4	305	ECO:0000255	N-linked (GlcNAc...) asparagine	glycosylation
A6MHQ4	355	ECO:0000255	N-linked (GlcNAc...) asparagine	glycosylation
A6MHQ4	396	ECO:0000255	N-linked (GlcNAc...) asparagine	glycosylation
A6MHQ4	417	ECO:0000255	N-linked (GlcNAc...) asparagine	glycosylation
A6MHQ4	449	ECO:0000255	N-linked (GlcNAc...) asparagine	glycosylation
B5A5T4	57	ECO:0000255|PROSITE-ProRule:PRU00498, ECO:0000269|PubMed:26828958	N-linked (GlcNAc...) asparagine	glycosylation
B6VQA1	128	ECO:0000255	N-linked (GlcNAc...) asparagine	glycosylation
B6VQA1	133	ECO:0000255	N-linked (GlcNAc...) asparagine	glycosylation
B6VQA1	140	ECO:0000255	N-linked (GlcNAc...) asparagine	glycosylation
B6VQA1	207	ECO:0000255	N-linked (GlcNAc...) asparagine	glycosylation
B6VQA1	237	ECO:0000255	N-linked (GlcNAc...) asparagine	glycosylation
B6VQA1	347	ECO:0000255	N-linked (GlcNAc...) asparagine	glycosylation
B6VQA1	61	ECO:0000255	N-linked (GlcNAc...) asparagine	glycosylation
B7TB45	267	ECO:0000255|PROSITE-ProRule:PRU00498	N-linked (GlcNAc...) asparagine	glycosylation
B7TB45	317	ECO:0000255|PROSITE-ProRule:PRU00498	N-linked (GlcNAc...) asparagine	glycosylation
B7TB45	353	ECO:0000255|PROSITE-ProRule:PRU00498	N-linked (GlcNAc...) asparagine	glycosylation
B7TB45	623	ECO:0000255|PROSITE-ProRule:PRU00498	N-linked (GlcNAc...) asparagine	glycosylation
B7YZU2	1215	ECO:0000255|PROSITE-ProRule:PRU00498	N-linked (GlcNAc...) asparagine	glycosylation
B7YZU2	1272	ECO:0000255|PROSITE-ProRule:PRU00498	N-linked (GlcNAc...) asparagine	glycosylation
B7YZU2	541	ECO:0000255|PROSITE-ProRule:PRU00498	N-linked (GlcNAc...) asparagine	glycosylation
B7YZU2	582	ECO:0000255|PROSITE-ProRule:PRU00498	N-linked (GlcNAc...) asparagine	glycosylation
B7Z031	110	ECO:0000255|PROSITE-ProRule:PRU00498	N-linked (GlcNAc...) asparagine	glycosylation
B7Z031	129	ECO:0000255|PROSITE-ProRule:PRU00498	N-linked (GlcNAc...) asparagine	glycosylation
B7Z031	213	ECO:0000255|PROSITE-ProRule:PRU00498	N-linked (GlcNAc...) asparagine	glycosylation
B7Z031	242	ECO:0000255|PROSITE-ProRule:PRU00498	N-linked (GlcNAc...) asparagine	glycosylation
B7Z031	312	ECO:0000255|PROSITE-ProRule:PRU00498	N-linked (GlcNAc...) asparagine	glycosylation
B7Z031	342	ECO:0000255|PROSITE-ProRule:PRU00498	N-linked (GlcNAc...) asparagine	glycosylation
B7Z031	70	ECO:0000255|PROSITE-ProRule:PRU00498	N-linked (GlcNAc...) asparagine	glycosylation
B7Z0W9	1121	ECO:0000255|PROSITE-ProRule:PRU00498	N-linked (GlcNAc...) asparagine	glycosylation
B7Z0W9	1479	ECO:0000255|PROSITE-ProRule:PRU00498	N-linked (GlcNAc...) asparagine	glycosylation
B7Z0W9	230	ECO:0000255|PROSITE-ProRule:PRU00498	N-linked (GlcNAc...) asparagine	glycosylation
B7Z0W9	267	ECO:0000255|PROSITE-ProRule:PRU00498	N-linked (GlcNAc...) asparagine	glycosylation
C0HLZ9	225	ECO:0000255	N-linked (GlcNAc...) asparagine	glycosylation
C0HLZ9	97	ECO:0000255	N-linked (GlcNAc...) asparagine	glycosylation
C0HM00	225	ECO:0000255	N-linked (GlcNAc...) asparagine	glycosylation
C0HM00	97	ECO:0000255	N-linked (GlcNAc...) asparagine	glycosylation
E1JI63	274	ECO:0000255	N-linked (GlcNAc...) asparagine	glycosylation
E1JI63	310	ECO:0000255	N-linked (GlcNAc...) asparagine	glycosylation
E1JI63	324	ECO:0000255	N-linked (GlcNAc...) asparagine	glycosylation
E1JI63	66	ECO:0000255	N-linked (GlcNAc...) asparagine	glycosylation
E9NA96	177	ECO:0000255|PROSITE-ProRule:PRU00498	N-linked (GlcNAc...) asparagine	glycosylation
E9NA96	277	ECO:0000255|PROSITE-ProRule:PRU00498	N-linked (GlcNAc...) asparagine	glycosylation
E9NA96	434	ECO:0000255|PROSITE-ProRule:PRU00498	N-linked (GlcNAc...) asparagine	glycosylation
E9NA96	687	ECO:0000255|PROSITE-ProRule:PRU00498	N-linked (GlcNAc...) asparagine	glycosylation
E9NA96	715	ECO:0000255|PROSITE-ProRule:PRU00498	N-linked (GlcNAc...) asparagine	glycosylation
E9NA96	762	ECO:0000255|PROSITE-ProRule:PRU00498	N-linked (GlcNAc...) asparagine	glycosylation
E9NA96	78	ECO:0000255|PROSITE-ProRule:PRU00498	N-linked (GlcNAc...) asparagine	glycosylation
M9NDE3	1040	ECO:0000255|PROSITE-ProRule:PRU00498	N-linked (GlcNAc...) asparagine	glycosylation
M9NDE3	1375	ECO:0000255|PROSITE-ProRule:PRU00498	N-linked (GlcNAc...) asparagine	glycosylation
M9NDE3	1489	ECO:0000255|PROSITE-ProRule:PRU00498	N-linked (GlcNAc...) asparagine	glycosylation
M9NDE3	1520	ECO:0000255|PROSITE-ProRule:PRU00498	N-linked (GlcNAc...) asparagine	glycosylation
M9NDE3	1529	ECO:0000255|PROSITE-ProRule:PRU00498	N-linked (GlcNAc...) asparagine	glycosylation
M9NDE3	1584	ECO:0000255|PROSITE-ProRule:PRU00498	N-linked (GlcNAc...) asparagine	glycosylation
M9NDE3	1593	ECO:0000255|PROSITE-ProRule:PRU00498	N-linked (GlcNAc...) asparagine	glycosylation
M9NDE3	1614	ECO:0000255|PROSITE-ProRule:PRU00498	N-linked (GlcNAc...) asparagine	glycosylation
M9NDE3	1883	ECO:0000255|PROSITE-ProRule:PRU00498	N-linked (GlcNAc...) asparagine	glycosylation
M9NDE3	1920	ECO:0000255|PROSITE-ProRule:PRU00498	N-linked (GlcNAc...) asparagine	glycosylation
M9NDE3	1940	ECO:0000255|PROSITE-ProRule:PRU00498	N-linked (GlcNAc...) asparagine	glycosylation
M9NDE3	2139	ECO:0000255|PROSITE-ProRule:PRU00498	N-linked (GlcNAc...) asparagine	glycosylation
M9NDE3	221	ECO:0000255|PROSITE-ProRule:PRU00498	N-linked (GlcNAc...) asparagine	glycosylation
M9NDE3	2231	ECO:0000255|PROSITE-ProRule:PRU00498	N-linked (GlcNAc...) asparagine	glycosylation
M9NDE3	2251	ECO:0000255|PROSITE-ProRule:PRU00498	N-linked (GlcNAc...) asparagine	glycosylation
M9NDE3	2314	ECO:0000255|PROSITE-ProRule:PRU00498	N-linked (GlcNAc...) asparagine	glycosylation
M9NDE3	2357	ECO:0000255|PROSITE-ProRule:PRU00498	N-linked (GlcNAc...) asparagine	glycosylation
M9NDE3	2459	ECO:0000255|PROSITE-ProRule:PRU00498	N-linked (GlcNAc...) asparagine	glycosylation
M9NDE3	2536	ECO:0000255|PROSITE-ProRule:PRU00498	N-linked (GlcNAc...) asparagine	glycosylation
M9NDE3	2546	ECO:0000255|PROSITE-ProRule:PRU00498	N-linked (GlcNAc...) asparagine	glycosylation
M9NDE3	2566	ECO:0000255|PROSITE-ProRule:PRU00498	N-linked (GlcNAc...) asparagine	glycosylation
M9NDE3	2596	ECO:0000255|PROSITE-ProRule:PRU00498	N-linked (GlcNAc...) asparagine	glycosylation
M9NDE3	2636	ECO:0000255|PROSITE-ProRule:PRU00498	N-linked (GlcNAc...) asparagine	glycosylation
M9NDE3	377	ECO:0000255|PROSITE-ProRule:PRU00498	N-linked (GlcNAc...) asparagine	glycosylation
M9NDE3	389	ECO:0000255|PROSITE-ProRule:PRU00498	N-linked (GlcNAc...) asparagine	glycosylation
M9NDE3	403	ECO:0000255|PROSITE-ProRule:PRU00498	N-linked (GlcNAc...) asparagine	glycosylation
M9NDE3	498	ECO:0000255|PROSITE-ProRule:PRU00498	N-linked (GlcNAc...) asparagine	glycosylation
M9NDE3	523	ECO:0000255|PROSITE-ProRule:PRU00498	N-linked (GlcNAc...) asparagine	glycosylation
M9NDE3	615	ECO:0000255|PROSITE-ProRule:PRU00498	N-linked (GlcNAc...) asparagine	glycosylation
M9NDE3	620	ECO:0000255|PROSITE-ProRule:PRU00498	N-linked (GlcNAc...) asparagine	glycosylation
M9NDE3	630	ECO:0000255|PROSITE-ProRule:PRU00498	N-linked (GlcNAc...) asparagine	glycosylation
M9NDE3	639	ECO:0000255|PROSITE-ProRule:PRU00498	N-linked (GlcNAc...) asparagine	glycosylation
M9NDE3	658	ECO:0000255|PROSITE-ProRule:PRU00498	N-linked (GlcNAc...) asparagine	glycosylation
M9NDE3	672	ECO:0000255|PROSITE-ProRule:PRU00498	N-linked (GlcNAc...) asparagine	glycosylation
M9NDE3	702	ECO:0000255|PROSITE-ProRule:PRU00498	N-linked (GlcNAc...) asparagine	glycosylation
M9NDE3	709	ECO:0000255|PROSITE-ProRule:PRU00498	N-linked (GlcNAc...) asparagine	glycosylation
M9NDE3	834	ECO:0000255|PROSITE-ProRule:PRU00498	N-linked (GlcNAc...) asparagine	glycosylation
M9NDE3	900	ECO:0000255|PROSITE-ProRule:PRU00498	N-linked (GlcNAc...) asparagine	glycosylation
M9PE65	1000	ECO:0000255|PROSITE-ProRule:PRU00498	N-linked (GlcNAc...) asparagine	glycosylation
M9PE65	1019	ECO:0000255|PROSITE-ProRule:PRU00498	N-linked (GlcNAc...) asparagine	glycosylation
M9PE65	1026	ECO:0000255|PROSITE-ProRule:PRU00498	N-linked (GlcNAc...) asparagine	glycosylation
M9PE65	103	ECO:0000255|PROSITE-ProRule:PRU00498	N-linked (GlcNAc...) asparagine	glycosylation
M9PE65	1393	ECO:0000255|PROSITE-ProRule:PRU00498	N-linked (GlcNAc...) asparagine	glycosylation
M9PE65	1667	ECO:0000255|PROSITE-ProRule:PRU00498	N-linked (GlcNAc...) asparagine	glycosylation
M9PE65	1707	ECO:0000255|PROSITE-ProRule:PRU00498	N-linked (GlcNAc...) asparagine	glycosylation
M9PE65	1751	ECO:0000255|PROSITE-ProRule:PRU00498	N-linked (GlcNAc...) asparagine	glycosylation
M9PE65	1782	ECO:0000255|PROSITE-ProRule:PRU00498	N-linked (GlcNAc...) asparagine	glycosylation
M9PE65	23	ECO:0000255|PROSITE-ProRule:PRU00498	N-linked (GlcNAc...) asparagine	glycosylation
M9PE65	249	ECO:0000255|PROSITE-ProRule:PRU00498	N-linked (GlcNAc...) asparagine	glycosylation
M9PE65	52	ECO:0000255|PROSITE-ProRule:PRU00498	N-linked (GlcNAc...) asparagine	glycosylation
M9PE65	542	ECO:0000255|PROSITE-ProRule:PRU00498	N-linked (GlcNAc...) asparagine	glycosylation
M9PE65	571	ECO:0000255|PROSITE-ProRule:PRU00498	N-linked (GlcNAc...) asparagine	glycosylation
M9PE65	741	ECO:0000255|PROSITE-ProRule:PRU00498	N-linked (GlcNAc...) asparagine	glycosylation
M9PE65	925	ECO:0000255|PROSITE-ProRule:PRU00498	N-linked (GlcNAc...) asparagine	glycosylation
O01404	280	ECO:0000255	N-linked (GlcNAc...) asparagine	glycosylation
O01404	88	ECO:0000255	N-linked (GlcNAc...) asparagine	glycosylation
O01668	17	ECO:0000255	N-linked (GlcNAc...) asparagine	glycosylation
O01668	193	ECO:0000255	N-linked (GlcNAc...) asparagine	glycosylation
O01668	208	ECO:0000255	N-linked (GlcNAc...) asparagine	glycosylation
O02194	129	ECO:0000255	N-linked (GlcNAc...) asparagine	glycosylation
O15943	1266	ECO:0000255	N-linked (GlcNAc...) asparagine	glycosylation
O15943	150	ECO:0000255	N-linked (GlcNAc...) asparagine	glycosylation
O15943	325	ECO:0000255	N-linked (GlcNAc...) asparagine	glycosylation
O15943	426	ECO:0000255	N-linked (GlcNAc...) asparagine	glycosylation
O15943	930	ECO:0000255	N-linked (GlcNAc...) asparagine	glycosylation
O15943	97	ECO:0000255	N-linked (GlcNAc...) asparagine	glycosylation
O17444	293	ECO:0000255	N-linked (GlcNAc...) asparagine	glycosylation
O17444	78	ECO:0000255	N-linked (GlcNAc...) asparagine	glycosylation
O44386	166	ECO:0000255	N-linked (GlcNAc...) asparagine	glycosylation
O44386	438	ECO:0000255	N-linked (GlcNAc...) asparagine	glycosylation
O44386	46	ECO:0000255	N-linked (GlcNAc...) asparagine	glycosylation
O44386	696	ECO:0000255	N-linked (GlcNAc...) asparagine	glycosylation
O44386	82	ECO:0000269|PubMed:17893096, ECO:0000269|PubMed:19349973	N-linked (GlcNAc...) asparagine	glycosylation
O44386	845	ECO:0000255	N-linked (GlcNAc...) asparagine	glycosylation
O44386	868	ECO:0000255	N-linked (GlcNAc...) asparagine	glycosylation
O44386	964	ECO:0000255	N-linked (GlcNAc...) asparagine	glycosylation
O46107	124	ECO:0000255	N-linked (GlcNAc...) asparagine	glycosylation
O46107	151	ECO:0000255	N-linked (GlcNAc...) asparagine	glycosylation
O46107	346	ECO:0000255	N-linked (GlcNAc...) asparagine	glycosylation
O46107	379	ECO:0000255	N-linked (GlcNAc...) asparagine	glycosylation
O46107	426	ECO:0000255	N-linked (GlcNAc...) asparagine	glycosylation
O46108	131	ECO:0000255	N-linked (GlcNAc...) asparagine	glycosylation
O46197	164	ECO:0000255	N-linked (GlcNAc...) asparagine	glycosylation
O46197	61	ECO:0000255	N-linked (GlcNAc...) asparagine	glycosylation
O61307	857	ECO:0000269|PubMed:17893096	N-linked (GlcNAc...) asparagine	glycosylation
O61365	165	ECO:0000255	N-linked (GlcNAc...) asparagine	glycosylation
O61365	239	ECO:0000255	N-linked (GlcNAc...) asparagine	glycosylation
O61365	367	ECO:0000255	N-linked (GlcNAc...) asparagine	glycosylation
O61643	208	ECO:0000255	N-linked (GlcNAc...) asparagine	glycosylation
O61643	217	ECO:0000255	N-linked (GlcNAc...) asparagine	glycosylation
O61643	271	ECO:0000255	N-linked (GlcNAc...) asparagine	glycosylation
O61643	389	ECO:0000255	N-linked (GlcNAc...) asparagine	glycosylation
O61643	471	ECO:0000255	N-linked (GlcNAc...) asparagine	glycosylation
O61643	484	ECO:0000255	N-linked (GlcNAc...) asparagine	glycosylation
O61643	542	ECO:0000255	N-linked (GlcNAc...) asparagine	glycosylation
O61643	561	ECO:0000255	N-linked (GlcNAc...) asparagine	glycosylation
O61643	566	ECO:0000255	N-linked (GlcNAc...) asparagine	glycosylation
O61643	732	ECO:0000255	N-linked (GlcNAc...) asparagine	glycosylation
O61643	804	ECO:0000255	N-linked (GlcNAc...) asparagine	glycosylation
O62589	272	ECO:0000255	N-linked (GlcNAc...) asparagine	glycosylation
O62589	397	ECO:0000255	N-linked (GlcNAc...) asparagine	glycosylation
O62589	445	ECO:0000255	N-linked (GlcNAc...) asparagine	glycosylation
O77277	311	ECO:0000255	N-linked (GlcNAc...) asparagine	glycosylation
O77277	96	ECO:0000255	N-linked (GlcNAc...) asparagine	glycosylation
O77438	206	ECO:0000255	N-linked (GlcNAc...) asparagine	glycosylation
O77438	54	ECO:0000255	N-linked (GlcNAc...) asparagine	glycosylation
O97148	109	ECO:0000255	N-linked (GlcNAc...) asparagine	glycosylation
O97148	123	ECO:0000269|PubMed:11274391, ECO:0007744|PDB:1FJR	N-linked (GlcNAc...) asparagine	glycosylation
O97148	170	ECO:0000269|PubMed:11274391, ECO:0007744|PDB:1FJR	N-linked (GlcNAc...) asparagine	glycosylation
O97148	198	ECO:0000255	N-linked (GlcNAc...) asparagine	glycosylation
O97148	449	ECO:0000255	N-linked (GlcNAc...) asparagine	glycosylation
O97148	45	ECO:0000269|PubMed:11274391, ECO:0007744|PDB:1FJR	N-linked (GlcNAc...) asparagine	glycosylation
O97394	1019	ECO:0000255	N-linked (GlcNAc...) asparagine	glycosylation
O97394	1094	ECO:0000255	N-linked (GlcNAc...) asparagine	glycosylation
O97394	1109	ECO:0000255	N-linked (GlcNAc...) asparagine	glycosylation
O97394	1172	ECO:0000255	N-linked (GlcNAc...) asparagine	glycosylation
O97394	1203	ECO:0000255	N-linked (GlcNAc...) asparagine	glycosylation
O97394	1282	ECO:0000255	N-linked (GlcNAc...) asparagine	glycosylation
O97394	1329	ECO:0000255	N-linked (GlcNAc...) asparagine	glycosylation
O97394	1379	ECO:0000255	N-linked (GlcNAc...) asparagine	glycosylation
O97394	1414	ECO:0000255	N-linked (GlcNAc...) asparagine	glycosylation
O97394	1420	ECO:0000255	N-linked (GlcNAc...) asparagine	glycosylation
O97394	164	ECO:0000255	N-linked (GlcNAc...) asparagine	glycosylation
O97394	1843	ECO:0000255	N-linked (GlcNAc...) asparagine	glycosylation
O97394	1876	ECO:0000255	N-linked (GlcNAc...) asparagine	glycosylation
O97394	250	ECO:0000255	N-linked (GlcNAc...) asparagine	glycosylation
O97394	318	ECO:0000255	N-linked (GlcNAc...) asparagine	glycosylation
O97394	327	ECO:0000255	N-linked (GlcNAc...) asparagine	glycosylation
O97394	463	ECO:0000255	N-linked (GlcNAc...) asparagine	glycosylation
O97394	485	ECO:0000255	N-linked (GlcNAc...) asparagine	glycosylation
O97394	491	ECO:0000255	N-linked (GlcNAc...) asparagine	glycosylation
O97394	628	ECO:0000255	N-linked (GlcNAc...) asparagine	glycosylation
O97394	661	ECO:0000255	N-linked (GlcNAc...) asparagine	glycosylation
O97394	707	ECO:0000255	N-linked (GlcNAc...) asparagine	glycosylation
O97394	809	ECO:0000255	N-linked (GlcNAc...) asparagine	glycosylation
O97394	870	ECO:0000269|PubMed:17893096	N-linked (GlcNAc...) asparagine	glycosylation
O97394	942	ECO:0000255	N-linked (GlcNAc...) asparagine	glycosylation
O97422	90	ECO:0000255	N-linked (GlcNAc...) asparagine	glycosylation
P02283	110	ECO:0000250	O-linked (GlcNAc) serine	glycosylation
P04283	151	ECO:0000255	N-linked (GlcNAc...) asparagine	glycosylation
P04283	228	ECO:0000255	N-linked (GlcNAc...) asparagine	glycosylation
P04283	310	ECO:0000255	N-linked (GlcNAc...) asparagine	glycosylation
P04283	368	ECO:0000255	N-linked (GlcNAc...) asparagine	glycosylation
P04283	388	ECO:0000255	N-linked (GlcNAc...) asparagine	glycosylation
P04283	44	ECO:0000255	N-linked (GlcNAc...) asparagine	glycosylation
P04412	128	ECO:0007744|PDB:3LTF	N-linked (GlcNAc...) asparagine	glycosylation
P04412	241	ECO:0000255	N-linked (GlcNAc...) asparagine	glycosylation
P04412	419	ECO:0000255	N-linked (GlcNAc...) asparagine	glycosylation
P04412	443	ECO:0007744|PDB:3I2T, ECO:0007744|PDB:3LTF	N-linked (GlcNAc...) asparagine	glycosylation
P04412	482	ECO:0007744|PDB:3LTF	N-linked (GlcNAc...) asparagine	glycosylation
P04412	569	ECO:0007744|PDB:3LTF	N-linked (GlcNAc...) asparagine	glycosylation
P04412	599	ECO:0000255	N-linked (GlcNAc...) asparagine	glycosylation
P04412	617	ECO:0000255	N-linked (GlcNAc...) asparagine	glycosylation
P04412	816	ECO:0000255	N-linked (GlcNAc...) asparagine	glycosylation
P04412	823	ECO:0000255	N-linked (GlcNAc...) asparagine	glycosylation
P04412	828	ECO:0000255	N-linked (GlcNAc...) asparagine	glycosylation
P04755	48	ECO:0000255	N-linked (GlcNAc...) asparagine	glycosylation
P04950	13	ECO:0000305	N-linked (GlcNAc...) asparagine	glycosylation
P05049	255	ECO:0000255|PROSITE-ProRule:PRU00498	N-linked (GlcNAc...) asparagine	glycosylation
P06002	196	ECO:0000269|PubMed:17893096	N-linked (GlcNAc...) asparagine	glycosylation
P06002	20	ECO:0000305	N-linked (GlcNAc...) asparagine	glycosylation
P07140	126	ECO:0000269|PubMed:1730712	N-linked (GlcNAc...) asparagine	glycosylation
P07140	174	ECO:0000269|PubMed:1730712	N-linked (GlcNAc...) asparagine	glycosylation
P07140	331	ECO:0000269|PubMed:1730712	N-linked (GlcNAc...) asparagine	glycosylation
P07140	531	ECO:0000269|PubMed:1730712	N-linked (GlcNAc...) asparagine	glycosylation
P07190	119	ECO:0000255	N-linked (GlcNAc...) asparagine	glycosylation
P07190	151	ECO:0000255	N-linked (GlcNAc...) asparagine	glycosylation
P07190	244	ECO:0000255	N-linked (GlcNAc...) asparagine	glycosylation
P07190	315	ECO:0000255	N-linked (GlcNAc...) asparagine	glycosylation
P07190	331	ECO:0000255	N-linked (GlcNAc...) asparagine	glycosylation
P07191	124	ECO:0000255	N-linked (GlcNAc...) asparagine	glycosylation
P07191	198	ECO:0000255	N-linked (GlcNAc...) asparagine	glycosylation
P07191	30	ECO:0000255	N-linked (GlcNAc...) asparagine	glycosylation
P07191	312	ECO:0000255	N-linked (GlcNAc...) asparagine	glycosylation
P07192	120	ECO:0000255	N-linked (GlcNAc...) asparagine	glycosylation
P07192	307	ECO:0000255	N-linked (GlcNAc...) asparagine	glycosylation
P07192	443	ECO:0000255	N-linked (GlcNAc...) asparagine	glycosylation
P07207	1036	ECO:0000269|PubMed:27268051	O-linked (Fuc...) serine	glycosylation
P07207	1045	ECO:0000255	N-linked (GlcNAc...) asparagine	glycosylation
P07207	1066	ECO:0000269|PubMed:27268051	O-linked (Glc...) serine	glycosylation
P07207	1074	ECO:0000269|PubMed:27268051	O-linked (Fuc...) threonine	glycosylation
P07207	110	ECO:0000269|PubMed:27268051	O-linked (Fuc...) threonine	glycosylation
P07207	1112	ECO:0000269|PubMed:27268051	O-linked (Fuc...) threonine	glycosylation
P07207	1157	ECO:0000255	N-linked (GlcNAc...) asparagine	glycosylation
P07207	1189	ECO:0000269|PubMed:27268051	O-linked (Glc...) serine	glycosylation
P07207	1197	ECO:0000269|PubMed:27268051	O-linked (Fuc...) threonine	glycosylation
P07207	1235	ECO:0000269|PubMed:27268051	O-linked (Fuc...) threonine	glycosylation
P07207	1242	ECO:0000255	N-linked (GlcNAc...) asparagine	glycosylation
P07207	1271	ECO:0000255	N-linked (GlcNAc...) asparagine	glycosylation
P07207	1273	ECO:0000269|PubMed:27268051	O-linked (Fuc...) serine	glycosylation
P07207	1303	ECO:0000269|PubMed:27268051	O-linked (Glc...) serine	glycosylation
P07207	1381	ECO:0000269|PubMed:27268051	O-linked (Glc...) serine	glycosylation
P07207	1521	ECO:0000255	N-linked (GlcNAc...) asparagine	glycosylation
P07207	153	ECO:0000269|PubMed:27268051	O-linked (Fuc...) threonine	glycosylation
P07207	1594	ECO:0000255	N-linked (GlcNAc...) asparagine	glycosylation
P07207	1627	ECO:0000255	N-linked (GlcNAc...) asparagine	glycosylation
P07207	183	ECO:0000269|PubMed:27268051	O-linked (Glc...) serine	glycosylation
P07207	191	ECO:0000269|PubMed:27268051	O-linked (Fuc...) threonine	glycosylation
P07207	210	ECO:0000269|PubMed:27268051	O-linked (GlcNAc...) threonine	glycosylation
P07207	223	ECO:0000269|PubMed:27268051	O-linked (Glc...) serine	glycosylation
P07207	231	ECO:0000269|PubMed:27268051	O-linked (Fuc...) threonine	glycosylation
P07207	307	ECO:0000269|PubMed:27268051	O-linked (Fuc...) threonine	glycosylation
P07207	322	ECO:0000255	N-linked (GlcNAc...) asparagine	glycosylation
P07207	348	ECO:0000269|PubMed:27268051	O-linked (Fuc...) threonine	glycosylation
P07207	371	ECO:0000255	N-linked (GlcNAc...) asparagine	glycosylation
P07207	386	ECO:0000269|PubMed:27268051	O-linked (Fuc...) threonine	glycosylation
P07207	427	ECO:0000269|PubMed:27268051	O-linked (Glc...) serine	glycosylation
P07207	430	ECO:0000255	N-linked (GlcNAc...) asparagine	glycosylation
P07207	475	ECO:0000255	N-linked (GlcNAc...) asparagine	glycosylation
P07207	481	ECO:0000269|PubMed:27268051	O-linked (GlcNAc...) threonine	glycosylation
P07207	494	ECO:0000269|PubMed:27268051	O-linked (Glc...) serine	glycosylation
P07207	502	ECO:0000269|PubMed:27268051	O-linked (Fuc...) serine	glycosylation
P07207	519	ECO:0000269|PubMed:27268051	O-linked (GlcNAc...) threonine	glycosylation
P07207	532	ECO:0000269|PubMed:27268051	O-linked (Glc...) serine	glycosylation
P07207	570	ECO:0000269|PubMed:27268051	O-linked (Glc...) serine	glycosylation
P07207	595	ECO:0000269|PubMed:27268051	O-linked (GlcNAc...) threonine	glycosylation
P07207	608	ECO:0000269|PubMed:27268051	O-linked (Glc...) serine	glycosylation
P07207	645	ECO:0000269|PubMed:27268051	O-linked (Glc...) serine	glycosylation
P07207	683	ECO:0000269|PubMed:27268051	O-linked (Glc...) serine	glycosylation
P07207	691	ECO:0000269|PubMed:27268051	O-linked (Fuc...) threonine	glycosylation
P07207	72	ECO:0000269|PubMed:27268051	O-linked (Fuc...) threonine	glycosylation
P07207	721	ECO:0000269|PubMed:27268051	O-linked (Glc...) serine	glycosylation
P07207	759	ECO:0000269|PubMed:27268051	O-linked (Glc...) serine	glycosylation
P07207	797	ECO:0000269|PubMed:27268051	O-linked (Glc...) serine	glycosylation
P07207	805	ECO:0000269|PubMed:27268051	O-linked (Fuc...) threonine	glycosylation
P07207	822	ECO:0000269|PubMed:27268051	O-linked (GlcNAc...) threonine	glycosylation
P07207	843	ECO:0000269|PubMed:27268051	O-linked (Fuc...) threonine	glycosylation
P07207	922	ECO:0000269|PubMed:27268051	O-linked (Fuc...) serine	glycosylation
P07207	952	ECO:0000269|PubMed:27268051	O-linked (Glc...) serine	glycosylation
P07207	960	ECO:0000269|PubMed:27268051	O-linked (Fuc...) threonine	glycosylation
P07207	990	ECO:0000269|PubMed:27268051	O-linked (Glc...) serine	glycosylation
P07207	998	ECO:0000269|PubMed:27268051	O-linked (Fuc...) threonine	glycosylation
P07713	120	ECO:0000255	N-linked (GlcNAc...) asparagine	glycosylation
P07713	342	ECO:0000255	N-linked (GlcNAc...) asparagine	glycosylation
P07713	377	ECO:0000255	N-linked (GlcNAc...) asparagine	glycosylation
P07713	529	ECO:0000255	N-linked (GlcNAc...) asparagine	glycosylation
P08099	27	ECO:0000305	N-linked (GlcNAc...) asparagine	glycosylation
P08120	72	ECO:0000255|PROSITE-ProRule:PRU00498	N-linked (GlcNAc...) asparagine	glycosylation
P08171	42	ECO:0000269|PubMed:17893096	N-linked (GlcNAc...) asparagine	glycosylation
P08171	420	ECO:0000269|PubMed:17893096	N-linked (GlcNAc...) asparagine	glycosylation
P08171	456	ECO:0000269|PubMed:17893096	N-linked (GlcNAc...) asparagine	glycosylation
P08171	506	ECO:0000255	N-linked (GlcNAc...) asparagine	glycosylation
P08255	6	ECO:0000305	N-linked (GlcNAc...) asparagine	glycosylation
P08510	259	ECO:0000269|PubMed:17893096	N-linked (GlcNAc...) asparagine	glycosylation
P08510	263	ECO:0000269|PubMed:17893096	N-linked (GlcNAc...) asparagine	glycosylation
P08953	140	ECO:0000269|PubMed:23245851, ECO:0000269|PubMed:23596340, ECO:0000269|PubMed:24282309, ECO:0000269|PubMed:24733933, ECO:0007744|PDB:4ARN, ECO:0007744|PDB:4ARR, ECO:0007744|PDB:4BV4, ECO:0007744|PDB:4LXR, ECO:0007744|PDB:4LXS	N-linked (GlcNAc...) asparagine	glycosylation
P08953	175	ECO:0000269|PubMed:23245851, ECO:0000269|PubMed:24733933, ECO:0007744|PDB:4ARN, ECO:0007744|PDB:4LXS	N-linked (GlcNAc...) asparagine	glycosylation
P08953	235	ECO:0000269|PubMed:24733933, ECO:0007744|PDB:4LXS	N-linked (GlcNAc...) asparagine	glycosylation
P08953	270	ECO:0000269|PubMed:24282309, ECO:0000269|PubMed:24733933, ECO:0007744|PDB:4BV4, ECO:0007744|PDB:4LXR, ECO:0007744|PDB:4LXS	N-linked (GlcNAc...) asparagine	glycosylation
P08953	275	ECO:0000255	N-linked (GlcNAc...) asparagine	glycosylation
P08953	346	ECO:0000269|PubMed:24282309, ECO:0000269|PubMed:24733933, ECO:0007744|PDB:4BV4, ECO:0007744|PDB:4LXR, ECO:0007744|PDB:4LXS	N-linked (GlcNAc...) asparagine	glycosylation
P08953	391	ECO:0000269|PubMed:24282309, ECO:0000269|PubMed:24733933, ECO:0007744|PDB:4BV4, ECO:0007744|PDB:4LXR, ECO:0007744|PDB:4LXS	N-linked (GlcNAc...) asparagine	glycosylation
P08953	482	ECO:0000269|PubMed:24733933, ECO:0007744|PDB:4LXR, ECO:0007744|PDB:4LXS	N-linked (GlcNAc...) asparagine	glycosylation
P08953	508	ECO:0000269|PubMed:24733933, ECO:0007744|PDB:4LXR, ECO:0007744|PDB:4LXS	N-linked (GlcNAc...) asparagine	glycosylation
P08953	528	ECO:0000269|PubMed:24733933, ECO:0007744|PDB:4LXR, ECO:0007744|PDB:4LXS	N-linked (GlcNAc...) asparagine	glycosylation
P08953	654	ECO:0000269|PubMed:24733933, ECO:0007744|PDB:4LXS	N-linked (GlcNAc...) asparagine	glycosylation
P08953	677	ECO:0000255	N-linked (GlcNAc...) asparagine	glycosylation
P08953	703	ECO:0000269|PubMed:24733933, ECO:0007744|PDB:4LXR, ECO:0007744|PDB:4LXS	N-linked (GlcNAc...) asparagine	glycosylation
P08953	715	ECO:0000269|PubMed:24733933, ECO:0007744|PDB:4LXR	N-linked (GlcNAc...) asparagine	glycosylation
P08953	730	ECO:0000255	N-linked (GlcNAc...) asparagine	glycosylation
P08953	738	ECO:0000255	N-linked (GlcNAc...) asparagine	glycosylation
P08953	80	ECO:0000269|PubMed:23245851, ECO:0000269|PubMed:23596340, ECO:0000269|PubMed:24282309, ECO:0000269|PubMed:24733933, ECO:0007744|PDB:4ARN, ECO:0007744|PDB:4ARR, ECO:0007744|PDB:4BV4, ECO:0007744|PDB:4LXR, ECO:0007744|PDB:4LXS	N-linked (GlcNAc...) asparagine	glycosylation
P09208	1053	ECO:0000255|PROSITE-ProRule:PRU00498	N-linked (GlcNAc...) asparagine	glycosylation
P09208	1147	ECO:0000255|PROSITE-ProRule:PRU00498, ECO:0000269|PubMed:19349973	N-linked (GlcNAc...) asparagine	glycosylation
P09208	1218	ECO:0000255|PROSITE-ProRule:PRU00498, ECO:0000269|PubMed:19349973	N-linked (GlcNAc...) asparagine	glycosylation
P09208	1265	ECO:0000255|PROSITE-ProRule:PRU00498	N-linked (GlcNAc...) asparagine	glycosylation
P09208	203	ECO:0000255|PROSITE-ProRule:PRU00498	N-linked (GlcNAc...) asparagine	glycosylation
P09208	265	ECO:0000255|PROSITE-ProRule:PRU00498	N-linked (GlcNAc...) asparagine	glycosylation
P09208	356	ECO:0000255|PROSITE-ProRule:PRU00498	N-linked (GlcNAc...) asparagine	glycosylation
P09208	376	ECO:0000255|PROSITE-ProRule:PRU00498	N-linked (GlcNAc...) asparagine	glycosylation
P09208	406	ECO:0000255|PROSITE-ProRule:PRU00498	N-linked (GlcNAc...) asparagine	glycosylation
P09208	468	ECO:0000255|PROSITE-ProRule:PRU00498	N-linked (GlcNAc...) asparagine	glycosylation
P09208	509	ECO:0000255|PROSITE-ProRule:PRU00498	N-linked (GlcNAc...) asparagine	glycosylation
P09208	561	ECO:0000255|PROSITE-ProRule:PRU00498	N-linked (GlcNAc...) asparagine	glycosylation
P09208	569	ECO:0000255|PROSITE-ProRule:PRU00498	N-linked (GlcNAc...) asparagine	glycosylation
P09208	74	ECO:0000255|PROSITE-ProRule:PRU00498	N-linked (GlcNAc...) asparagine	glycosylation
P09208	751	ECO:0000255|PROSITE-ProRule:PRU00498	N-linked (GlcNAc...) asparagine	glycosylation
P09208	810	ECO:0000255|PROSITE-ProRule:PRU00498	N-linked (GlcNAc...) asparagine	glycosylation
P09208	824	ECO:0000255|PROSITE-ProRule:PRU00498, ECO:0000269|PubMed:19349973	N-linked (GlcNAc...) asparagine	glycosylation
P09208	839	ECO:0000255|PROSITE-ProRule:PRU00498, ECO:0000269|PubMed:19349973	N-linked (GlcNAc...) asparagine	glycosylation
P09208	864	ECO:0000255|PROSITE-ProRule:PRU00498, ECO:0000269|PubMed:19349973	N-linked (GlcNAc...) asparagine	glycosylation
P09208	898	ECO:0000255|PROSITE-ProRule:PRU00498, ECO:0000269|PubMed:19349973	N-linked (GlcNAc...) asparagine	glycosylation
P09208	946	ECO:0000255|PROSITE-ProRule:PRU00498	N-linked (GlcNAc...) asparagine	glycosylation
P09478	233	ECO:0000255	N-linked (GlcNAc...) asparagine	glycosylation
P09478	45	ECO:0000255	N-linked (GlcNAc...) asparagine	glycosylation
P09615	103	ECO:0000269|PubMed:11821428	N-linked (GlcNAc...) asparagine	glycosylation
P09615	108	ECO:0000255	N-linked (GlcNAc...) asparagine	glycosylation
P09615	414	ECO:0000269|PubMed:11821428	N-linked (GlcNAc...) asparagine	glycosylation
P09957	144	ECO:0000255	N-linked (GlcNAc...) asparagine	glycosylation
P09957	215	ECO:0000255	N-linked (GlcNAc...) asparagine	glycosylation
P10040	1006	ECO:0000255	N-linked (GlcNAc...) asparagine	glycosylation
P10040	1100	ECO:0000269|PubMed:17893096	N-linked (GlcNAc...) asparagine	glycosylation
P10040	1112	ECO:0000255	N-linked (GlcNAc...) asparagine	glycosylation
P10040	1136	ECO:0000255	N-linked (GlcNAc...) asparagine	glycosylation
P10040	1190	ECO:0000255	N-linked (GlcNAc...) asparagine	glycosylation
P10040	1243	ECO:0000255	N-linked (GlcNAc...) asparagine	glycosylation
P10040	1253	ECO:0000255	N-linked (GlcNAc...) asparagine	glycosylation
P10040	1352	ECO:0000255	N-linked (GlcNAc...) asparagine	glycosylation
P10040	1361	ECO:0000255	N-linked (GlcNAc...) asparagine	glycosylation
P10040	1439	ECO:0000255	N-linked (GlcNAc...) asparagine	glycosylation
P10040	1452	ECO:0000255	N-linked (GlcNAc...) asparagine	glycosylation
P10040	1543	ECO:0000255	N-linked (GlcNAc...) asparagine	glycosylation
P10040	1737	ECO:0000255	N-linked (GlcNAc...) asparagine	glycosylation
P10040	1749	ECO:0000255	N-linked (GlcNAc...) asparagine	glycosylation
P10040	1806	ECO:0000255	N-linked (GlcNAc...) asparagine	glycosylation
P10040	1846	ECO:0000255	N-linked (GlcNAc...) asparagine	glycosylation
P10040	1882	ECO:0000255	N-linked (GlcNAc...) asparagine	glycosylation
P10040	1891	ECO:0000255	N-linked (GlcNAc...) asparagine	glycosylation
P10040	1897	ECO:0000255	N-linked (GlcNAc...) asparagine	glycosylation
P10040	196	ECO:0000255	N-linked (GlcNAc...) asparagine	glycosylation
P10040	2027	ECO:0000255	N-linked (GlcNAc...) asparagine	glycosylation
P10040	2033	ECO:0000255	N-linked (GlcNAc...) asparagine	glycosylation
P10040	2066	ECO:0000255	N-linked (GlcNAc...) asparagine	glycosylation
P10040	236	ECO:0000255	N-linked (GlcNAc...) asparagine	glycosylation
P10040	237	ECO:0000255	N-linked (GlcNAc...) asparagine	glycosylation
P10040	334	ECO:0000255	N-linked (GlcNAc...) asparagine	glycosylation
P10040	398	ECO:0000255	N-linked (GlcNAc...) asparagine	glycosylation
P10040	548	ECO:0000255	N-linked (GlcNAc...) asparagine	glycosylation
P10040	563	ECO:0000255	N-linked (GlcNAc...) asparagine	glycosylation
P10040	734	ECO:0000255	N-linked (GlcNAc...) asparagine	glycosylation
P10040	744	ECO:0000255	N-linked (GlcNAc...) asparagine	glycosylation
P10040	858	ECO:0000255	N-linked (GlcNAc...) asparagine	glycosylation
P10040	882	ECO:0000255	N-linked (GlcNAc...) asparagine	glycosylation
P10040	94	ECO:0000255	N-linked (GlcNAc...) asparagine	glycosylation
P10040	974	ECO:0000255	N-linked (GlcNAc...) asparagine	glycosylation
P10041	137	ECO:0000255	N-linked (GlcNAc...) asparagine	glycosylation
P10041	167	ECO:0000255	N-linked (GlcNAc...) asparagine	glycosylation
P10041	98	ECO:0000255	N-linked (GlcNAc...) asparagine	glycosylation
P10090	636	ECO:0000255|PROSITE-ProRule:PRU00498	N-linked (GlcNAc...) asparagine	glycosylation
P10333	122	ECO:0000255	N-linked (GlcNAc...) asparagine	glycosylation
P10333	138	ECO:0000255	N-linked (GlcNAc...) asparagine	glycosylation
P10333	145	ECO:0000255	N-linked (GlcNAc...) asparagine	glycosylation
P10333	88	ECO:0000255	N-linked (GlcNAc...) asparagine	glycosylation
P10379	232	ECO:0000269|PubMed:17893096, ECO:0000269|PubMed:19349973	N-linked (GlcNAc...) asparagine	glycosylation
P10379	317	ECO:0000255	N-linked (GlcNAc...) asparagine	glycosylation
P10379	35	ECO:0000255	N-linked (GlcNAc...) asparagine	glycosylation
P10379	374	ECO:0000255	N-linked (GlcNAc...) asparagine	glycosylation
P10379	448	ECO:0000255	N-linked (GlcNAc...) asparagine	glycosylation
P10403	392	ECO:0000255	N-linked (GlcNAc...) asparagine	glycosylation
P10403	494	ECO:0000255	N-linked (GlcNAc...) asparagine	glycosylation
P10403	73	ECO:0000255	N-linked (GlcNAc...) asparagine	glycosylation
P10674	368	ECO:0000255	N-linked (GlcNAc...) asparagine	glycosylation
P10674	416	ECO:0000255	N-linked (GlcNAc...) asparagine	glycosylation
P10674	441	ECO:0000269|PubMed:12575939	N-linked (GlcNAc...) asparagine	glycosylation
P10674	47	ECO:0000255	N-linked (GlcNAc...) asparagine	glycosylation
P10674	497	ECO:0000269|PubMed:17893096, ECO:0000269|PubMed:19349973	N-linked (GlcNAc...) asparagine	glycosylation
P11046	1051	ECO:0000255	N-linked (GlcNAc...) asparagine	glycosylation
P11046	1246	ECO:0000255	N-linked (GlcNAc...) asparagine	glycosylation
P11046	1301	ECO:0000255	N-linked (GlcNAc...) asparagine	glycosylation
P11046	1330	ECO:0000255	N-linked (GlcNAc...) asparagine	glycosylation
P11046	1341	ECO:0000255	N-linked (GlcNAc...) asparagine	glycosylation
P11046	138	ECO:0000255	N-linked (GlcNAc...) asparagine	glycosylation
P11046	1473	ECO:0000255	N-linked (GlcNAc...) asparagine	glycosylation
P11046	1493	ECO:0000269|PubMed:17893096	N-linked (GlcNAc...) asparagine	glycosylation
P11046	1515	ECO:0000255	N-linked (GlcNAc...) asparagine	glycosylation
P11046	1581	ECO:0000255	N-linked (GlcNAc...) asparagine	glycosylation
P11046	1644	ECO:0000255	N-linked (GlcNAc...) asparagine	glycosylation
P11046	1703	ECO:0000255	N-linked (GlcNAc...) asparagine	glycosylation
P11046	201	ECO:0000255	N-linked (GlcNAc...) asparagine	glycosylation
P11046	232	ECO:0000255	N-linked (GlcNAc...) asparagine	glycosylation
P11046	487	ECO:0000255	N-linked (GlcNAc...) asparagine	glycosylation
P11046	591	ECO:0000255	N-linked (GlcNAc...) asparagine	glycosylation
P11147	35	ECO:0000269|PubMed:17893096	N-linked (GlcNAc...) asparagine	glycosylation
P11584	266	ECO:0000269|PubMed:19349973	N-linked (GlcNAc...) asparagine	glycosylation
P11584	277	ECO:0000255	N-linked (GlcNAc...) asparagine	glycosylation
P11584	403	ECO:0000269|PubMed:17893096, ECO:0000269|PubMed:19349973	N-linked (GlcNAc...) asparagine	glycosylation
P11584	428	ECO:0000255	N-linked (GlcNAc...) asparagine	glycosylation
P11584	557	ECO:0000269|PubMed:17893096, ECO:0000269|PubMed:19349973	N-linked (GlcNAc...) asparagine	glycosylation
P11584	603	ECO:0000255	N-linked (GlcNAc...) asparagine	glycosylation
P11584	644	ECO:0000255	N-linked (GlcNAc...) asparagine	glycosylation
P11584	718	ECO:0000269|PubMed:17893096, ECO:0000269|PubMed:19349973	N-linked (GlcNAc...) asparagine	glycosylation
P11584	72	ECO:0000255	N-linked (GlcNAc...) asparagine	glycosylation
P11997	242	ECO:0000255	N-linked (GlcNAc...) asparagine	glycosylation
P12024	1012	ECO:0000269|PubMed:19415110	N-linked (GlcNAc...) (complex) asparagine	glycosylation
P12024	1122	ECO:0000269|PubMed:17893096, ECO:0000269|PubMed:19415110	N-linked (GlcNAc...) (high mannose) asparagine	glycosylation
P12024	1152	ECO:0000269|PubMed:19415110	N-linked (GlcNAc...) (high mannose) asparagine	glycosylation
P12024	1171	ECO:0000269|PubMed:17893096, ECO:0000269|PubMed:19415110	N-linked (GlcNAc...) (high mannose) asparagine	glycosylation
P12024	267	ECO:0000269|PubMed:19415110	N-linked (GlcNAc...) (complex) asparagine; alternate;N-linked (GlcNAc...) (paucimannose) asparagine; alternate	glycosylation
P12024	305	ECO:0000269|PubMed:17893096, ECO:0000269|PubMed:19415110	N-linked (GlcNAc...) (high mannose) asparagine; alternate;N-linked (GlcNAc...) (paucimannose) asparagine; alternate	glycosylation
P12024	361	ECO:0000269|PubMed:19415110	N-linked (GlcNAc...) (high mannose) asparagine	glycosylation
P12024	422	ECO:0000269|PubMed:19415110	N-linked (GlcNAc...) asparagine	glycosylation
P12024	680	ECO:0000269|PubMed:19415110	N-linked (GlcNAc...) (high mannose) asparagine	glycosylation
P12024	692	ECO:0000269|PubMed:17893096, ECO:0000269|PubMed:19415110	N-linked (GlcNAc...) (high mannose) asparagine; alternate;N-linked (GlcNAc...) (paucimannose) asparagine; alternate	glycosylation
P12024	718	ECO:0000269|PubMed:19415110	N-linked (GlcNAc...) (high mannose) asparagine	glycosylation
P12024	746	ECO:0000255	N-linked (GlcNAc...) asparagine	glycosylation
P12024	77	ECO:0000269|PubMed:19415110	N-linked (GlcNAc...) (high mannose) asparagine; alternate;N-linked (GlcNAc...) (paucimannose) asparagine; alternate	glycosylation
P12024	936	ECO:0000269|PubMed:17893096, ECO:0000269|PubMed:19415110	N-linked (GlcNAc...) (high mannose) asparagine	glycosylation
P12024	970	ECO:0000269|PubMed:19415110	N-linked (GlcNAc...) (paucimannose) asparagine	glycosylation
P12080	1005	ECO:0000255	N-linked (GlcNAc...) asparagine	glycosylation
P12080	1299	ECO:0000255	N-linked (GlcNAc...) asparagine	glycosylation
P12080	1307	ECO:0000255	N-linked (GlcNAc...) asparagine	glycosylation
P12080	209	ECO:0000255	N-linked (GlcNAc...) asparagine	glycosylation
P12080	322	ECO:0000255	N-linked (GlcNAc...) asparagine	glycosylation
P12080	584	ECO:0000255	N-linked (GlcNAc...) asparagine	glycosylation
P12080	598	ECO:0000255	N-linked (GlcNAc...) asparagine	glycosylation
P12080	69	ECO:0000255	N-linked (GlcNAc...) asparagine	glycosylation
P12080	741	ECO:0000255	N-linked (GlcNAc...) asparagine	glycosylation
P12080	783	ECO:0000255	N-linked (GlcNAc...) asparagine	glycosylation
P12080	833	ECO:0000255	N-linked (GlcNAc...) asparagine	glycosylation
P12080	959	ECO:0000255	N-linked (GlcNAc...) asparagine	glycosylation
P13368	1228	ECO:0000255	N-linked (GlcNAc...) asparagine	glycosylation
P13368	129	ECO:0000255	N-linked (GlcNAc...) asparagine	glycosylation
P13368	1313	ECO:0000255	N-linked (GlcNAc...) asparagine	glycosylation
P13368	1353	ECO:0000255	N-linked (GlcNAc...) asparagine	glycosylation
P13368	1550	ECO:0000255	N-linked (GlcNAc...) asparagine	glycosylation
P13368	1557	ECO:0000255	N-linked (GlcNAc...) asparagine	glycosylation
P13368	1639	ECO:0000255	N-linked (GlcNAc...) asparagine	glycosylation
P13368	1725	ECO:0000255	N-linked (GlcNAc...) asparagine	glycosylation
P13368	1756	ECO:0000255	N-linked (GlcNAc...) asparagine	glycosylation
P13368	1804	ECO:0000255	N-linked (GlcNAc...) asparagine	glycosylation
P13368	1889	ECO:0000255	N-linked (GlcNAc...) asparagine	glycosylation
P13368	1947	ECO:0000255	N-linked (GlcNAc...) asparagine	glycosylation
P13368	2073	ECO:0000255	N-linked (GlcNAc...) asparagine	glycosylation
P13368	30	ECO:0000255	N-linked (GlcNAc...) asparagine	glycosylation
P13368	481	ECO:0000255	N-linked (GlcNAc...) asparagine	glycosylation
P13368	505	ECO:0000255	N-linked (GlcNAc...) asparagine	glycosylation
P13368	617	ECO:0000255	N-linked (GlcNAc...) asparagine	glycosylation
P13368	647	ECO:0000255	N-linked (GlcNAc...) asparagine	glycosylation
P13368	966	ECO:0000255	N-linked (GlcNAc...) asparagine	glycosylation
P13582	107	ECO:0000255|PROSITE-ProRule:PRU00498	N-linked (GlcNAc...) asparagine	glycosylation
P14599	150	ECO:0000255	N-linked (GlcNAc...) asparagine	glycosylation
P14599	161	ECO:0000255	N-linked (GlcNAc...) asparagine	glycosylation
P14599	237	ECO:0000255	N-linked (GlcNAc...) asparagine	glycosylation
P14599	240	ECO:0000255	N-linked (GlcNAc...) asparagine	glycosylation
P14599	574	ECO:0000255	N-linked (GlcNAc...) asparagine	glycosylation
P14773	342	ECO:0000255	N-linked (GlcNAc...) asparagine	glycosylation
P14773	346	ECO:0000255	N-linked (GlcNAc...) asparagine	glycosylation
P14773	37	ECO:0000255	N-linked (GlcNAc...) asparagine	glycosylation
P14773	443	ECO:0000255	N-linked (GlcNAc...) asparagine	glycosylation
P14773	475	ECO:0000255	N-linked (GlcNAc...) asparagine	glycosylation
P14773	797	ECO:0000255	N-linked (GlcNAc...) asparagine	glycosylation
P14773	802	ECO:0000255	N-linked (GlcNAc...) asparagine	glycosylation
P14773	896	ECO:0000255	N-linked (GlcNAc...) asparagine	glycosylation
P14773	910	ECO:0000255	N-linked (GlcNAc...) asparagine	glycosylation
P15215	1070	ECO:0000255	N-linked (GlcNAc...) asparagine	glycosylation
P15215	1156	ECO:0000255	N-linked (GlcNAc...) asparagine	glycosylation
P15215	1394	ECO:0000255	N-linked (GlcNAc...) asparagine	glycosylation
P15215	147	ECO:0000255	N-linked (GlcNAc...) asparagine	glycosylation
P15215	1479	ECO:0000255	N-linked (GlcNAc...) asparagine	glycosylation
P15215	1584	ECO:0000255	N-linked (GlcNAc...) asparagine	glycosylation
P15215	376	ECO:0000255	N-linked (GlcNAc...) asparagine	glycosylation
P15215	669	ECO:0000255	N-linked (GlcNAc...) asparagine	glycosylation
P15215	862	ECO:0000255	N-linked (GlcNAc...) asparagine	glycosylation
P15215	965	ECO:0000255	N-linked (GlcNAc...) asparagine	glycosylation
P15278	160	ECO:0000255	N-linked (GlcNAc...) asparagine	glycosylation
P15278	257	ECO:0000255	N-linked (GlcNAc...) asparagine	glycosylation
P15278	300	ECO:0000255	N-linked (GlcNAc...) asparagine	glycosylation
P15364	308	ECO:0000255	N-linked (GlcNAc...) asparagine	glycosylation
P15364	45	ECO:0000255	N-linked (GlcNAc...) asparagine	glycosylation
P15364	86	ECO:0000255	N-linked (GlcNAc...) asparagine	glycosylation
P15425	68	ECO:0000269|PubMed:1707759	N-linked (GlcNAc...) asparagine	glycosylation
P16395	65	ECO:0000255	N-linked (GlcNAc...) asparagine	glycosylation
P16395	84	ECO:0000255	N-linked (GlcNAc...) asparagine	glycosylation
P16395	87	ECO:0000255	N-linked (GlcNAc...) asparagine	glycosylation
P16620	109	ECO:0000255	N-linked (GlcNAc...) asparagine	glycosylation
P16620	119	ECO:0000255	N-linked (GlcNAc...) asparagine	glycosylation
P16620	162	ECO:0000255	N-linked (GlcNAc...) asparagine	glycosylation
P16620	191	ECO:0000255	N-linked (GlcNAc...) asparagine	glycosylation
P16620	196	ECO:0000255	N-linked (GlcNAc...) asparagine	glycosylation
P16620	209	ECO:0000255	N-linked (GlcNAc...) asparagine	glycosylation
P16620	255	ECO:0000255	N-linked (GlcNAc...) asparagine	glycosylation
P16620	288	ECO:0000255	N-linked (GlcNAc...) asparagine	glycosylation
P16620	302	ECO:0000255	N-linked (GlcNAc...) asparagine	glycosylation
P16620	40	ECO:0000255	N-linked (GlcNAc...) asparagine	glycosylation
P16620	429	ECO:0000255	N-linked (GlcNAc...) asparagine	glycosylation
P16620	442	ECO:0000255	N-linked (GlcNAc...) asparagine	glycosylation
P16620	451	ECO:0000255	N-linked (GlcNAc...) asparagine	glycosylation
P16620	516	ECO:0000255	N-linked (GlcNAc...) asparagine	glycosylation
P16620	58	ECO:0000269|PubMed:19349973	N-linked (GlcNAc...) asparagine	glycosylation
P16620	613	ECO:0000269|PubMed:19349973	N-linked (GlcNAc...) asparagine	glycosylation
P16620	64	ECO:0000255	N-linked (GlcNAc...) asparagine	glycosylation
P16620	701	ECO:0000269|PubMed:19349973	N-linked (GlcNAc...) asparagine	glycosylation
P16620	755	ECO:0000255	N-linked (GlcNAc...) asparagine	glycosylation
P16620	85	ECO:0000255	N-linked (GlcNAc...) asparagine	glycosylation
P16621	1183	ECO:0000255	N-linked (GlcNAc...) asparagine	glycosylation
P16621	1304	ECO:0000255	N-linked (GlcNAc...) asparagine	glycosylation
P16621	176	ECO:0000255	N-linked (GlcNAc...) asparagine	glycosylation
P16621	253	ECO:0000255	N-linked (GlcNAc...) asparagine	glycosylation
P16621	298	ECO:0000255	N-linked (GlcNAc...) asparagine	glycosylation
P16621	553	ECO:0000255	N-linked (GlcNAc...) asparagine	glycosylation
P16621	616	ECO:0000255	N-linked (GlcNAc...) asparagine	glycosylation
P16621	666	ECO:0000255	N-linked (GlcNAc...) asparagine	glycosylation
P16621	721	ECO:0000255	N-linked (GlcNAc...) asparagine	glycosylation
P16621	774	ECO:0000255	N-linked (GlcNAc...) asparagine	glycosylation
P16621	915	ECO:0000255	N-linked (GlcNAc...) asparagine	glycosylation
P16621	962	ECO:0000255	N-linked (GlcNAc...) asparagine	glycosylation
P17644	254	ECO:0000255	N-linked (GlcNAc...) asparagine	glycosylation
P17644	570	ECO:0000255	N-linked (GlcNAc...) asparagine	glycosylation
P17644	65	ECO:0000255	N-linked (GlcNAc...) asparagine	glycosylation
P17970	245	ECO:0000255	N-linked (GlcNAc...) asparagine	glycosylation
P17970	429	ECO:0000255	N-linked (GlcNAc...) asparagine	glycosylation
P17970	530	ECO:0000255	N-linked (GlcNAc...) asparagine	glycosylation
P17970	749	ECO:0000255	N-linked (GlcNAc...) asparagine	glycosylation
P17970	756	ECO:0000255	N-linked (GlcNAc...) asparagine	glycosylation
P17970	885	ECO:0000255	N-linked (GlcNAc...) asparagine	glycosylation
P17970	888	ECO:0000255	N-linked (GlcNAc...) asparagine	glycosylation
P17970	914	ECO:0000255	N-linked (GlcNAc...) asparagine	glycosylation
P17971	350	ECO:0000255	N-linked (GlcNAc...) asparagine	glycosylation
P17971	353	ECO:0000255	N-linked (GlcNAc...) asparagine	glycosylation
P17971	408	ECO:0000255	N-linked (GlcNAc...) asparagine	glycosylation
P17971	46	ECO:0000255	N-linked (GlcNAc...) asparagine	glycosylation
P17972	206	ECO:0000255	N-linked (GlcNAc...) asparagine	glycosylation
P17972	213	ECO:0000255	N-linked (GlcNAc...) asparagine	glycosylation
P17972	481	ECO:0000255	N-linked (GlcNAc...) asparagine	glycosylation
P18167	114	ECO:0000255	N-linked (GlcNAc...) asparagine	glycosylation
P18167	262	ECO:0000255	N-linked (GlcNAc...) asparagine	glycosylation
P18167	456	ECO:0000255	N-linked (GlcNAc...) asparagine	glycosylation
P18167	75	ECO:0000255	N-linked (GlcNAc...) asparagine	glycosylation
P18168	1003	ECO:0000255	N-linked (GlcNAc...) asparagine	glycosylation
P18168	1029	ECO:0000255	N-linked (GlcNAc...) asparagine	glycosylation
P18168	1149	ECO:0000255	N-linked (GlcNAc...) asparagine	glycosylation
P18168	151	ECO:0000255	N-linked (GlcNAc...) asparagine	glycosylation
P18168	195	ECO:0000255	N-linked (GlcNAc...) asparagine	glycosylation
P18168	246	ECO:0000255	N-linked (GlcNAc...) asparagine	glycosylation
P18168	330	ECO:0000255	N-linked (GlcNAc...) asparagine	glycosylation
P18168	411	ECO:0000255	N-linked (GlcNAc...) asparagine	glycosylation
P18168	451	ECO:0000255	N-linked (GlcNAc...) asparagine	glycosylation
P18168	557	ECO:0000255	N-linked (GlcNAc...) asparagine	glycosylation
P18168	738	ECO:0000255	N-linked (GlcNAc...) asparagine	glycosylation
P18168	964	ECO:0000255	N-linked (GlcNAc...) asparagine	glycosylation
P18168	976	ECO:0000255	N-linked (GlcNAc...) asparagine	glycosylation
P18475	107	ECO:0000255	N-linked (GlcNAc...) asparagine	glycosylation
P18475	142	ECO:0000255	N-linked (GlcNAc...) asparagine	glycosylation
P18475	146	ECO:0000255	N-linked (GlcNAc...) asparagine	glycosylation
P18475	287	ECO:0000255	N-linked (GlcNAc...) asparagine	glycosylation
P18475	298	ECO:0000255	N-linked (GlcNAc...) asparagine	glycosylation
P18475	314	ECO:0000255	N-linked (GlcNAc...) asparagine	glycosylation
P18475	326	ECO:0000255	N-linked (GlcNAc...) asparagine	glycosylation
P18475	342	ECO:0000255	N-linked (GlcNAc...) asparagine	glycosylation
P18475	348	ECO:0000255	N-linked (GlcNAc...) asparagine	glycosylation
P18475	37	ECO:0000255	N-linked (GlcNAc...) asparagine	glycosylation
P18475	377	ECO:0000255	N-linked (GlcNAc...) asparagine	glycosylation
P18475	63	ECO:0000255	N-linked (GlcNAc...) asparagine	glycosylation
P18490	1010	ECO:0000255	N-linked (GlcNAc...) asparagine	glycosylation
P18490	1015	ECO:0000255	N-linked (GlcNAc...) asparagine	glycosylation
P18490	1069	ECO:0000255	N-linked (GlcNAc...) asparagine	glycosylation
P18490	1199	ECO:0000255	N-linked (GlcNAc...) asparagine	glycosylation
P18490	1375	ECO:0000255	N-linked (GlcNAc...) asparagine	glycosylation
P18490	1572	ECO:0000255	N-linked (GlcNAc...) asparagine	glycosylation
P18490	164	ECO:0000255	N-linked (GlcNAc...) asparagine	glycosylation
P18490	1791	ECO:0000255	N-linked (GlcNAc...) asparagine	glycosylation
P18490	1804	ECO:0000255	N-linked (GlcNAc...) asparagine	glycosylation
P18490	208	ECO:0000255	N-linked (GlcNAc...) asparagine	glycosylation
P18490	2380	ECO:0000255	N-linked (GlcNAc...) asparagine	glycosylation
P18490	2387	ECO:0000255	N-linked (GlcNAc...) asparagine	glycosylation
P18490	2458	ECO:0000255	N-linked (GlcNAc...) asparagine	glycosylation
P18490	2619	ECO:0000255	N-linked (GlcNAc...) asparagine	glycosylation
P18490	2717	ECO:0000255	N-linked (GlcNAc...) asparagine	glycosylation
P18490	317	ECO:0000255	N-linked (GlcNAc...) asparagine	glycosylation
P18490	3246	ECO:0000255	N-linked (GlcNAc...) asparagine	glycosylation
P18490	569	ECO:0000255	N-linked (GlcNAc...) asparagine	glycosylation
P18490	581	ECO:0000255	N-linked (GlcNAc...) asparagine	glycosylation
P18490	685	ECO:0000255	N-linked (GlcNAc...) asparagine	glycosylation
P18490	857	ECO:0000255	N-linked (GlcNAc...) asparagine	glycosylation
P18502	142	ECO:0000255	N-linked (GlcNAc...) asparagine	glycosylation
P18502	298	ECO:0000255	N-linked (GlcNAc...) asparagine	glycosylation
P18502	335	ECO:0000255	N-linked (GlcNAc...) asparagine	glycosylation
P18502	388	ECO:0000255	N-linked (GlcNAc...) asparagine	glycosylation
P18502	807	ECO:0000255	N-linked (GlcNAc...) asparagine	glycosylation
P18537	167	ECO:0000255	N-linked (GlcNAc...) asparagine	glycosylation
P18537	67	ECO:0000255	N-linked (GlcNAc...) asparagine	glycosylation
P20241	1125	ECO:0000255	N-linked (GlcNAc...) asparagine	glycosylation
P20241	182	ECO:0000255	N-linked (GlcNAc...) asparagine	glycosylation
P20241	198	ECO:0000269|PubMed:17893096	N-linked (GlcNAc...) asparagine	glycosylation
P20241	411	ECO:0000269|PubMed:17893096, ECO:0000269|PubMed:19349973	N-linked (GlcNAc...) asparagine	glycosylation
P20241	448	ECO:0000255	N-linked (GlcNAc...) asparagine	glycosylation
P20241	652	ECO:0000269|PubMed:7512815	N-linked (GlcNAc...) asparagine	glycosylation
P20241	683	ECO:0000269|PubMed:7512815	N-linked (GlcNAc...) asparagine	glycosylation
P20241	821	ECO:0000255	N-linked (GlcNAc...) asparagine	glycosylation
P20829	167	ECO:0000255	N-linked (GlcNAc...) asparagine	glycosylation
P20829	3	ECO:0000255	N-linked (GlcNAc...) asparagine	glycosylation
P20829	325	ECO:0000255	N-linked (GlcNAc...) asparagine	glycosylation
P20829	363	ECO:0000255	N-linked (GlcNAc...) asparagine	glycosylation
P20829	383	ECO:0000255	N-linked (GlcNAc...) asparagine	glycosylation
P20829	403	ECO:0000255	N-linked (GlcNAc...) asparagine	glycosylation
P20829	59	ECO:0000255	N-linked (GlcNAc...) asparagine	glycosylation
P21520	372	ECO:0000255	N-linked (GlcNAc...) asparagine	glycosylation
P21520	587	ECO:0000255	N-linked (GlcNAc...) asparagine	glycosylation
P21520	618	ECO:0000255	N-linked (GlcNAc...) asparagine	glycosylation
P21520	660	ECO:0000255	N-linked (GlcNAc...) asparagine	glycosylation
P21520	744	ECO:0000255	N-linked (GlcNAc...) asparagine	glycosylation
P21520	787	ECO:0000255	N-linked (GlcNAc...) asparagine	glycosylation
P22270	11	ECO:0000255	N-linked (GlcNAc...) asparagine	glycosylation
P22270	57	ECO:0000255	N-linked (GlcNAc...) asparagine	glycosylation
P22815	183	ECO:0000255	N-linked (GlcNAc...) asparagine	glycosylation
P22815	307	ECO:0000255	N-linked (GlcNAc...) asparagine	glycosylation
P22815	474	ECO:0000255	N-linked (GlcNAc...) asparagine	glycosylation
P22815	485	ECO:0000255	N-linked (GlcNAc...) asparagine	glycosylation
P23654	410	ECO:0000255	N-linked (GlcNAc...) asparagine	glycosylation
P23654	417	ECO:0000255	N-linked (GlcNAc...) asparagine	glycosylation
P23654	428	ECO:0000255	N-linked (GlcNAc...) asparagine	glycosylation
P23654	636	ECO:0000255	N-linked (GlcNAc...) asparagine	glycosylation
P23654	691	ECO:0000255	N-linked (GlcNAc...) asparagine	glycosylation
P23654	720	ECO:0000255	N-linked (GlcNAc...) asparagine	glycosylation
P24014	1022	ECO:0000255	N-linked (GlcNAc...) asparagine	glycosylation
P24014	1084	ECO:0000255	N-linked (GlcNAc...) asparagine	glycosylation
P24014	111	ECO:0000255	N-linked (GlcNAc...) asparagine	glycosylation
P24014	1183	ECO:0000255	N-linked (GlcNAc...) asparagine	glycosylation
P24014	1199	ECO:0000255	N-linked (GlcNAc...) asparagine	glycosylation
P24014	1267	ECO:0000255	N-linked (GlcNAc...) asparagine	glycosylation
P24014	1316	ECO:0000255	N-linked (GlcNAc...) asparagine	glycosylation
P24014	231	ECO:0000255	N-linked (GlcNAc...) asparagine	glycosylation
P24014	381	ECO:0000255	N-linked (GlcNAc...) asparagine	glycosylation
P24014	459	ECO:0000255	N-linked (GlcNAc...) asparagine	glycosylation
P24014	807	ECO:0000255	N-linked (GlcNAc...) asparagine	glycosylation
P24014	812	ECO:0000255	N-linked (GlcNAc...) asparagine	glycosylation
P24014	982	ECO:0000255	N-linked (GlcNAc...) asparagine	glycosylation
P25123	253	ECO:0000255	N-linked (GlcNAc...) asparagine	glycosylation
P25123	58	ECO:0000255	N-linked (GlcNAc...) asparagine	glycosylation
P25162	50	ECO:0000255	N-linked (GlcNAc...) asparagine	glycosylation
P25722	107	ECO:0000255	N-linked (GlcNAc...) asparagine	glycosylation
P25722	126	ECO:0000255	N-linked (GlcNAc...) asparagine	glycosylation
P25722	282	ECO:0000255	N-linked (GlcNAc...) asparagine	glycosylation
P25723	176	ECO:0000255	N-linked (GlcNAc...) asparagine	glycosylation
P25723	441	ECO:0000255	N-linked (GlcNAc...) asparagine	glycosylation
P25723	543	ECO:0000255	N-linked (GlcNAc...) asparagine	glycosylation
P25723	644	ECO:0000255	N-linked (GlcNAc...) asparagine	glycosylation
P25723	677	ECO:0000255	N-linked (GlcNAc...) asparagine	glycosylation
P25723	791	ECO:0000255	N-linked (GlcNAc...) asparagine	glycosylation
P25723	864	ECO:0000255	N-linked (GlcNAc...) asparagine	glycosylation
P25723	918	ECO:0000255	N-linked (GlcNAc...) asparagine	glycosylation
P25931	183	ECO:0000255	N-linked (GlcNAc...) asparagine	glycosylation
P25931	49	ECO:0000255	N-linked (GlcNAc...) asparagine	glycosylation
P25931	79	ECO:0000255	N-linked (GlcNAc...) asparagine	glycosylation
P25931	85	ECO:0000255	N-linked (GlcNAc...) asparagine	glycosylation
P26016	108	ECO:0000255	N-linked (GlcNAc...) asparagine	glycosylation
P26016	15	ECO:0000255	N-linked (GlcNAc...) asparagine	glycosylation
P26016	18	ECO:0000255	N-linked (GlcNAc...) asparagine	glycosylation
P26016	28	ECO:0000255	N-linked (GlcNAc...) asparagine	glycosylation
P26016	333	ECO:0000255	N-linked (GlcNAc...) asparagine	glycosylation
P26016	426	ECO:0000255	N-linked (GlcNAc...) asparagine	glycosylation
P26016	606	ECO:0000255	N-linked (GlcNAc...) asparagine	glycosylation
P26016	727	ECO:0000255	N-linked (GlcNAc...) asparagine	glycosylation
P26016	814	ECO:0000255	N-linked (GlcNAc...) asparagine	glycosylation
P26016	857	ECO:0000255	N-linked (GlcNAc...) asparagine	glycosylation
P26016	897	ECO:0000255	N-linked (GlcNAc...) asparagine	glycosylation
P26016	908	ECO:0000255	N-linked (GlcNAc...) asparagine	glycosylation
P26016	994	ECO:0000255	N-linked (GlcNAc...) asparagine	glycosylation
P27091	238	ECO:0000255	N-linked (GlcNAc...) asparagine	glycosylation
P27091	250	ECO:0000255	N-linked (GlcNAc...) asparagine	glycosylation
P27091	396	ECO:0000255	N-linked (GlcNAc...) asparagine	glycosylation
P28285	161	ECO:0000255	N-linked (GlcNAc...) asparagine	glycosylation
P28285	175	ECO:0000255	N-linked (GlcNAc...) asparagine	glycosylation
P28285	183	ECO:0000255	N-linked (GlcNAc...) asparagine	glycosylation
P28285	194	ECO:0000255	N-linked (GlcNAc...) asparagine	glycosylation
P28285	203	ECO:0000255	N-linked (GlcNAc...) asparagine	glycosylation
P28285	209	ECO:0000255	N-linked (GlcNAc...) asparagine	glycosylation
P28285	68	ECO:0000255	N-linked (GlcNAc...) asparagine	glycosylation
P28285	97	ECO:0000255	N-linked (GlcNAc...) asparagine	glycosylation
P28286	31	ECO:0000255	N-linked (GlcNAc...) asparagine	glycosylation
P28286	41	ECO:0000255	N-linked (GlcNAc...) asparagine	glycosylation
P28286	51	ECO:0000255	N-linked (GlcNAc...) asparagine	glycosylation
P28286	58	ECO:0000255	N-linked (GlcNAc...) asparagine	glycosylation
P28465	119	ECO:0000255	N-linked (GlcNAc...) asparagine	glycosylation
P28465	75	ECO:0000255	N-linked (GlcNAc...) asparagine	glycosylation
P28466	115	ECO:0000255	N-linked (GlcNAc...) asparagine	glycosylation
P28466	219	ECO:0000255	N-linked (GlcNAc...) asparagine	glycosylation
P28466	307	ECO:0000255	N-linked (GlcNAc...) asparagine	glycosylation
P28466	341	ECO:0000255	N-linked (GlcNAc...) asparagine	glycosylation
P28466	422	ECO:0000255	N-linked (GlcNAc...) asparagine	glycosylation
P28466	484	ECO:0000255	N-linked (GlcNAc...) asparagine	glycosylation
P28466	485	ECO:0000255	N-linked (GlcNAc...) asparagine	glycosylation
P28466	528	ECO:0000255	N-linked (GlcNAc...) asparagine	glycosylation
P28466	593	ECO:0000255	N-linked (GlcNAc...) asparagine	glycosylation
P28466	60	ECO:0000255	N-linked (GlcNAc...) asparagine	glycosylation
P28466	66	ECO:0000255	N-linked (GlcNAc...) asparagine	glycosylation
P28466	724	ECO:0000255	N-linked (GlcNAc...) asparagine	glycosylation
P28466	952	ECO:0000255	N-linked (GlcNAc...) asparagine	glycosylation
P29681	294	ECO:0000255	N-linked (GlcNAc...) asparagine	glycosylation
P29681	352	ECO:0000255	N-linked (GlcNAc...) asparagine	glycosylation
P30430	108	ECO:0000255	N-linked (GlcNAc...) asparagine	glycosylation
P30430	15	ECO:0000255	N-linked (GlcNAc...) asparagine	glycosylation
P30430	18	ECO:0000255	N-linked (GlcNAc...) asparagine	glycosylation
P30430	28	ECO:0000255	N-linked (GlcNAc...) asparagine	glycosylation
P30430	333	ECO:0000255	N-linked (GlcNAc...) asparagine	glycosylation
P30430	426	ECO:0000255	N-linked (GlcNAc...) asparagine	glycosylation
P30430	606	ECO:0000255	N-linked (GlcNAc...) asparagine	glycosylation
P30430	727	ECO:0000255	N-linked (GlcNAc...) asparagine	glycosylation
P30430	859	ECO:0000255	N-linked (GlcNAc...) asparagine	glycosylation
P30430	978	ECO:0000255	N-linked (GlcNAc...) asparagine	glycosylation
P30432	1060	ECO:0000255	N-linked (GlcNAc...) asparagine	glycosylation
P30432	109	ECO:0000255	N-linked (GlcNAc...) asparagine	glycosylation
P30432	1181	ECO:0000255	N-linked (GlcNAc...) asparagine	glycosylation
P30432	1274	ECO:0000255	N-linked (GlcNAc...) asparagine	glycosylation
P30432	1277	ECO:0000255	N-linked (GlcNAc...) asparagine	glycosylation
P30432	130	ECO:0000255	N-linked (GlcNAc...) asparagine	glycosylation
P30432	1439	ECO:0000255	N-linked (GlcNAc...) asparagine	glycosylation
P30432	205	ECO:0000255	N-linked (GlcNAc...) asparagine	glycosylation
P30432	3	ECO:0000255	N-linked (GlcNAc...) asparagine	glycosylation
P30432	442	ECO:0000255	N-linked (GlcNAc...) asparagine	glycosylation
P30432	480	ECO:0000255	N-linked (GlcNAc...) asparagine	glycosylation
P30432	927	ECO:0000255	N-linked (GlcNAc...) asparagine	glycosylation
P30974	12	ECO:0000255	N-linked (GlcNAc...) asparagine	glycosylation
P30974	28	ECO:0000255	N-linked (GlcNAc...) asparagine	glycosylation
P30974	36	ECO:0000255	N-linked (GlcNAc...) asparagine	glycosylation
P30975	19	ECO:0000255	N-linked (GlcNAc...) asparagine	glycosylation
P30975	22	ECO:0000255	N-linked (GlcNAc...) asparagine	glycosylation
P30975	3	ECO:0000255	N-linked (GlcNAc...) asparagine	glycosylation
P30975	61	ECO:0000255	N-linked (GlcNAc...) asparagine	glycosylation
P32870	800	ECO:0000255	N-linked (GlcNAc...) asparagine	glycosylation
P32870	807	ECO:0000255	N-linked (GlcNAc...) asparagine	glycosylation
P33438	115	ECO:0000255	N-linked (GlcNAc...) asparagine	glycosylation
P33438	368	ECO:0000255	N-linked (GlcNAc...) asparagine	glycosylation
P33438	402	ECO:0000255	N-linked (GlcNAc...) asparagine	glycosylation
P33438	810	ECO:0000255	N-linked (GlcNAc...) asparagine	glycosylation
P33450	1155	ECO:0000255	N-linked (GlcNAc...) asparagine	glycosylation
P33450	1367	ECO:0000255	N-linked (GlcNAc...) asparagine	glycosylation
P33450	1458	ECO:0000255	N-linked (GlcNAc...) asparagine	glycosylation
P33450	1751	ECO:0000255	N-linked (GlcNAc...) asparagine	glycosylation
P33450	1831	ECO:0000255	N-linked (GlcNAc...) asparagine	glycosylation
P33450	1880	ECO:0000255	N-linked (GlcNAc...) asparagine	glycosylation
P33450	2080	ECO:0000255	N-linked (GlcNAc...) asparagine	glycosylation
P33450	2171	ECO:0000255	N-linked (GlcNAc...) asparagine	glycosylation
P33450	2247	ECO:0000255	N-linked (GlcNAc...) asparagine	glycosylation
P33450	2290	ECO:0000255	N-linked (GlcNAc...) asparagine	glycosylation
P33450	239	ECO:0000255	N-linked (GlcNAc...) asparagine	glycosylation
P33450	2437	ECO:0000255	N-linked (GlcNAc...) asparagine	glycosylation
P33450	257	ECO:0000255	N-linked (GlcNAc...) asparagine	glycosylation
P33450	2581	ECO:0000255	N-linked (GlcNAc...) asparagine	glycosylation
P33450	276	ECO:0000255	N-linked (GlcNAc...) asparagine	glycosylation
P33450	2799	ECO:0000255	N-linked (GlcNAc...) asparagine	glycosylation
P33450	280	ECO:0000255	N-linked (GlcNAc...) asparagine	glycosylation
P33450	2920	ECO:0000255	N-linked (GlcNAc...) asparagine	glycosylation
P33450	2946	ECO:0000255	N-linked (GlcNAc...) asparagine	glycosylation
P33450	2967	ECO:0000255	N-linked (GlcNAc...) asparagine	glycosylation
P33450	3167	ECO:0000255	N-linked (GlcNAc...) asparagine	glycosylation
P33450	3303	ECO:0000255	N-linked (GlcNAc...) asparagine	glycosylation
P33450	3386	ECO:0000255	N-linked (GlcNAc...) asparagine	glycosylation
P33450	3389	ECO:0000255	N-linked (GlcNAc...) asparagine	glycosylation
P33450	3525	ECO:0000255	N-linked (GlcNAc...) asparagine	glycosylation
P33450	3852	ECO:0000255	N-linked (GlcNAc...) asparagine	glycosylation
P33450	3865	ECO:0000255	N-linked (GlcNAc...) asparagine	glycosylation
P33450	3905	ECO:0000255	N-linked (GlcNAc...) asparagine	glycosylation
P33450	402	ECO:0000255	N-linked (GlcNAc...) asparagine	glycosylation
P33450	4306	ECO:0000255	N-linked (GlcNAc...) asparagine	glycosylation
P33450	4414	ECO:0000255	N-linked (GlcNAc...) asparagine	glycosylation
P33450	4471	ECO:0000255	N-linked (GlcNAc...) asparagine	glycosylation
P33450	4487	ECO:0000255	N-linked (GlcNAc...) asparagine	glycosylation
P33450	4539	ECO:0000255	N-linked (GlcNAc...) asparagine	glycosylation
P33450	4550	ECO:0000255	N-linked (GlcNAc...) asparagine	glycosylation
P33450	461	ECO:0000255	N-linked (GlcNAc...) asparagine	glycosylation
P33450	605	ECO:0000255	N-linked (GlcNAc...) asparagine	glycosylation
P33450	631	ECO:0000255	N-linked (GlcNAc...) asparagine	glycosylation
P34082	250	ECO:0000255	N-linked (GlcNAc...) asparagine	glycosylation
P34082	330	ECO:0000269|PubMed:17893096	N-linked (GlcNAc...) asparagine	glycosylation
P34082	448	ECO:0000255	N-linked (GlcNAc...) asparagine	glycosylation
P34082	458	ECO:0000255	N-linked (GlcNAc...) asparagine	glycosylation
P34082	576	ECO:0000269|PubMed:17893096	N-linked (GlcNAc...) asparagine	glycosylation
P34082	74	ECO:0000255	N-linked (GlcNAc...) asparagine	glycosylation
P35500	1463	ECO:0000255	N-linked (GlcNAc...) asparagine	glycosylation
P35500	1482	ECO:0000255	N-linked (GlcNAc...) asparagine	glycosylation
P35500	313	ECO:0000255	N-linked (GlcNAc...) asparagine	glycosylation
P35500	325	ECO:0000255	N-linked (GlcNAc...) asparagine	glycosylation
P35500	343	ECO:0000255	N-linked (GlcNAc...) asparagine	glycosylation
P35500	982	ECO:0000255	N-linked (GlcNAc...) asparagine	glycosylation
P35832	176	ECO:0000255	N-linked (GlcNAc...) asparagine	glycosylation
P35832	212	ECO:0000255	N-linked (GlcNAc...) asparagine	glycosylation
P35832	278	ECO:0000255	N-linked (GlcNAc...) asparagine	glycosylation
P35832	322	ECO:0000255	N-linked (GlcNAc...) asparagine	glycosylation
P35832	33	ECO:0000255	N-linked (GlcNAc...) asparagine	glycosylation
P35832	336	ECO:0000255	N-linked (GlcNAc...) asparagine	glycosylation
P35992	1001	ECO:0000255	N-linked (GlcNAc...) asparagine	glycosylation
P35992	106	ECO:0000255	N-linked (GlcNAc...) asparagine	glycosylation
P35992	1104	ECO:0000255	N-linked (GlcNAc...) asparagine	glycosylation
P35992	1136	ECO:0000255	N-linked (GlcNAc...) asparagine	glycosylation
P35992	1195	ECO:0000255	N-linked (GlcNAc...) asparagine	glycosylation
P35992	128	ECO:0000255	N-linked (GlcNAc...) asparagine	glycosylation
P35992	169	ECO:0000255	N-linked (GlcNAc...) asparagine	glycosylation
P35992	212	ECO:0000255	N-linked (GlcNAc...) asparagine	glycosylation
P35992	229	ECO:0000255	N-linked (GlcNAc...) asparagine	glycosylation
P35992	259	ECO:0000255	N-linked (GlcNAc...) asparagine	glycosylation
P35992	289	ECO:0000255	N-linked (GlcNAc...) asparagine	glycosylation
P35992	317	ECO:0000255	N-linked (GlcNAc...) asparagine	glycosylation
P35992	471	ECO:0000255	N-linked (GlcNAc...) asparagine	glycosylation
P35992	486	ECO:0000255	N-linked (GlcNAc...) asparagine	glycosylation
P35992	512	ECO:0000255	N-linked (GlcNAc...) asparagine	glycosylation
P35992	533	ECO:0000255	N-linked (GlcNAc...) asparagine	glycosylation
P35992	588	ECO:0000255	N-linked (GlcNAc...) asparagine	glycosylation
P35992	668	ECO:0000255	N-linked (GlcNAc...) asparagine	glycosylation
P35992	687	ECO:0000255	N-linked (GlcNAc...) asparagine	glycosylation
P35992	719	ECO:0000255	N-linked (GlcNAc...) asparagine	glycosylation
P35992	723	ECO:0000255	N-linked (GlcNAc...) asparagine	glycosylation
P35992	75	ECO:0000255	N-linked (GlcNAc...) asparagine	glycosylation
P35992	823	ECO:0000255	N-linked (GlcNAc...) asparagine	glycosylation
P35992	841	ECO:0000255	N-linked (GlcNAc...) asparagine	glycosylation
P35992	874	ECO:0000255	N-linked (GlcNAc...) asparagine	glycosylation
P35992	908	ECO:0000255	N-linked (GlcNAc...) asparagine	glycosylation
P35992	925	ECO:0000255	N-linked (GlcNAc...) asparagine	glycosylation
P36193	28	ECO:0000269|PubMed:9736738	O-linked (GalNAc...) serine	glycosylation
P36193	32	ECO:0000269|PubMed:36997646, ECO:0000269|PubMed:8325867, ECO:0000269|PubMed:9736738, ECO:0000269|PubMed:9888811, ECO:0000312|PDB:8AKN, ECO:0000312|PDB:8AM9, ECO:0000312|PDB:8ANA	O-linked (GalNAc...) threonine	glycosylation
P40589	284	ECO:0000255	N-linked (GlcNAc...) asparagine	glycosylation
P40589	419	ECO:0000255	N-linked (GlcNAc...) asparagine	glycosylation
P40589	74	ECO:0000255	N-linked (GlcNAc...) asparagine	glycosylation
P40689	138	ECO:0000255	N-linked (GlcNAc...) asparagine	glycosylation
P40689	187	ECO:0000255	N-linked (GlcNAc...) asparagine	glycosylation
P40689	222	ECO:0000255	N-linked (GlcNAc...) asparagine	glycosylation
P40689	264	ECO:0000269|PubMed:17893096	N-linked (GlcNAc...) asparagine	glycosylation
P40689	293	ECO:0000255	N-linked (GlcNAc...) asparagine	glycosylation
P40689	71	ECO:0000255	N-linked (GlcNAc...) asparagine	glycosylation
P40795	193	ECO:0000255	N-linked (GlcNAc...) asparagine	glycosylation
P40795	252	ECO:0000255	N-linked (GlcNAc...) asparagine	glycosylation
P40795	289	ECO:0000255	N-linked (GlcNAc...) asparagine	glycosylation
P40795	459	ECO:0000255	N-linked (GlcNAc...) asparagine	glycosylation
P40795	51	ECO:0000255	N-linked (GlcNAc...) asparagine	glycosylation
P40795	590	ECO:0000255	N-linked (GlcNAc...) asparagine	glycosylation
P40795	639	ECO:0000255	N-linked (GlcNAc...) asparagine	glycosylation
P40795	678	ECO:0000255	N-linked (GlcNAc...) asparagine	glycosylation
P41596	117	ECO:0000255	N-linked (GlcNAc...) asparagine	glycosylation
P41596	123	ECO:0000255	N-linked (GlcNAc...) asparagine	glycosylation
P41596	53	ECO:0000255	N-linked (GlcNAc...) asparagine	glycosylation
P41596	63	ECO:0000255	N-linked (GlcNAc...) asparagine	glycosylation
P41596	74	ECO:0000255	N-linked (GlcNAc...) asparagine	glycosylation
P41964	42	ECO:0000255|PROSITE-ProRule:PRU00498	N-linked (GlcNAc...) asparagine	glycosylation
P42287	188	ECO:0000255	N-linked (GlcNAc...) asparagine	glycosylation
P42287	205	ECO:0000255	N-linked (GlcNAc...) asparagine	glycosylation
P42787	1152	ECO:0000255|PROSITE-ProRule:PRU00498	N-linked (GlcNAc...) asparagine	glycosylation
P42787	1251	ECO:0000255|PROSITE-ProRule:PRU00498, ECO:0000269|PubMed:17893096	N-linked (GlcNAc...) asparagine	glycosylation
P42787	133	ECO:0000255|PROSITE-ProRule:PRU00498, ECO:0000269|PubMed:20600119, ECO:0007744|PDB:3MN8	N-linked (GlcNAc...) asparagine	glycosylation
P42787	269	ECO:0000255|PROSITE-ProRule:PRU00498	N-linked (GlcNAc...) asparagine	glycosylation
P42787	458	ECO:0000255|PROSITE-ProRule:PRU00498	N-linked (GlcNAc...) asparagine	glycosylation
P42787	549	ECO:0000255|PROSITE-ProRule:PRU00498	N-linked (GlcNAc...) asparagine	glycosylation
P42787	612	ECO:0000255|PROSITE-ProRule:PRU00498	N-linked (GlcNAc...) asparagine	glycosylation
P42787	652	ECO:0000255|PROSITE-ProRule:PRU00498	N-linked (GlcNAc...) asparagine	glycosylation
P42787	787	ECO:0000255|PROSITE-ProRule:PRU00498	N-linked (GlcNAc...) asparagine	glycosylation
P42787	808	ECO:0000255|PROSITE-ProRule:PRU00498	N-linked (GlcNAc...) asparagine	glycosylation
P42787	981	ECO:0000255|PROSITE-ProRule:PRU00498	N-linked (GlcNAc...) asparagine	glycosylation
P45843	607	ECO:0000255|PROSITE-ProRule:PRU00498	N-linked (GlcNAc...) asparagine	glycosylation
P45843	633	ECO:0000255|PROSITE-ProRule:PRU00498	N-linked (GlcNAc...) asparagine	glycosylation
P48607	114	ECO:0000255|PROSITE-ProRule:PRU00498	N-linked (GlcNAc...) asparagine	glycosylation
P48607	164	ECO:0000255|PROSITE-ProRule:PRU00498	N-linked (GlcNAc...) asparagine	glycosylation
P48607	48	ECO:0000255|PROSITE-ProRule:PRU00498	N-linked (GlcNAc...) asparagine	glycosylation
P48613	102	ECO:0000255	N-linked (GlcNAc...) asparagine	glycosylation
P48613	108	ECO:0000255	N-linked (GlcNAc...) asparagine	glycosylation
P48613	212	ECO:0000255	N-linked (GlcNAc...) asparagine	glycosylation
P48613	237	ECO:0000255	N-linked (GlcNAc...) asparagine	glycosylation
P48613	72	ECO:0000255	N-linked (GlcNAc...) asparagine	glycosylation
P49283	359	ECO:0000255	N-linked (GlcNAc...) asparagine	glycosylation
P49283	41	ECO:0000255	N-linked (GlcNAc...) asparagine	glycosylation
P49283	574	ECO:0000255	N-linked (GlcNAc...) asparagine	glycosylation
P49415	110	ECO:0000255	O-linked (Xyl...) (glycosaminoglycan) serine	glycosylation
P49415	160	ECO:0000255	N-linked (GlcNAc...) asparagine	glycosylation
P49415	194	ECO:0000255	O-linked (Xyl...) (glycosaminoglycan) serine	glycosylation
P49415	62	ECO:0000255	O-linked (Xyl...) (glycosaminoglycan) serine	glycosylation
P49415	79	ECO:0000255	O-linked (Xyl...) (glycosaminoglycan) serine	glycosylation
P49415	81	ECO:0000255	O-linked (Xyl...) (glycosaminoglycan) serine	glycosylation
P51905	211	ECO:0000255	N-linked (GlcNAc...) asparagine	glycosylation
P53624	278	ECO:0000255	N-linked (GlcNAc...) asparagine	glycosylation
P54356	199	ECO:0000255	N-linked (GlcNAc...) asparagine	glycosylation
P54360	310	ECO:0000255	N-linked (GlcNAc...) asparagine	glycosylation
P54360	379	ECO:0000255	N-linked (GlcNAc...) asparagine	glycosylation
P54360	491	ECO:0000255	N-linked (GlcNAc...) asparagine	glycosylation
P54631	165	ECO:0000255	N-linked (GlcNAc...) asparagine	glycosylation
P54631	189	ECO:0000255	N-linked (GlcNAc...) asparagine	glycosylation
P54631	201	ECO:0000255	N-linked (GlcNAc...) asparagine	glycosylation
P54631	304	ECO:0000255	N-linked (GlcNAc...) asparagine	glycosylation
P54631	342	ECO:0000255	N-linked (GlcNAc...) asparagine	glycosylation
P58951	278	ECO:0000255	N-linked (GlcNAc...) asparagine	glycosylation
P58951	44	ECO:0000255	N-linked (GlcNAc...) asparagine	glycosylation
P58952	130	ECO:0000255	N-linked (GlcNAc...) asparagine	glycosylation
P58953	168	ECO:0000255	N-linked (GlcNAc...) asparagine	glycosylation
P58953	281	ECO:0000255	N-linked (GlcNAc...) asparagine	glycosylation
P58954	207	ECO:0000255	N-linked (GlcNAc...) asparagine	glycosylation
P58957	373	ECO:0000255	N-linked (GlcNAc...) asparagine	glycosylation
P58958	373	ECO:0000255	N-linked (GlcNAc...) asparagine	glycosylation
P58958	74	ECO:0000255	N-linked (GlcNAc...) asparagine	glycosylation
P58959	363	ECO:0000255	N-linked (GlcNAc...) asparagine	glycosylation
P58959	73	ECO:0000255	N-linked (GlcNAc...) asparagine	glycosylation
P58962	278	ECO:0000255	N-linked (GlcNAc...) asparagine	glycosylation
P81160	25	ECO:0000269|PubMed:11846801	N-linked (GlcNAc...) asparagine	glycosylation
P81912	64	ECO:0000255	N-linked (GlcNAc...) asparagine	glycosylation
P81919	59	ECO:0000255	N-linked (GlcNAc...) asparagine	glycosylation
P81923	62	ECO:0000255	N-linked (GlcNAc...) asparagine	glycosylation
P82295	116	ECO:0000255	N-linked (GlcNAc...) asparagine	glycosylation
P82295	576	ECO:0000269|PubMed:19349973	N-linked (GlcNAc...) asparagine	glycosylation
P82295	618	ECO:0000255	N-linked (GlcNAc...) asparagine	glycosylation
P82295	803	ECO:0000255	N-linked (GlcNAc...) asparagine	glycosylation
P82295	824	ECO:0000255	N-linked (GlcNAc...) asparagine	glycosylation
P82295	949	ECO:0000255	N-linked (GlcNAc...) asparagine	glycosylation
P82295	99	ECO:0000269|PubMed:19349973	N-linked (GlcNAc...) asparagine	glycosylation
P83088	187	ECO:0000255	N-linked (GlcNAc...) asparagine	glycosylation
P83088	230	ECO:0000255	N-linked (GlcNAc...) asparagine	glycosylation
P83094	212	ECO:0000255	N-linked (GlcNAc...) asparagine	glycosylation
P83097	139	ECO:0000255	N-linked (GlcNAc...) asparagine	glycosylation
P83097	217	ECO:0000255	N-linked (GlcNAc...) asparagine	glycosylation
P83097	329	ECO:0000255	N-linked (GlcNAc...) asparagine	glycosylation
P83118	110	ECO:0000255|PROSITE-ProRule:PRU00498	N-linked (GlcNAc...) asparagine	glycosylation
P83118	123	ECO:0000255|PROSITE-ProRule:PRU00498	N-linked (GlcNAc...) asparagine	glycosylation
P83118	166	ECO:0000255|PROSITE-ProRule:PRU00498	N-linked (GlcNAc...) asparagine	glycosylation
P83118	195	ECO:0000255|PROSITE-ProRule:PRU00498	N-linked (GlcNAc...) asparagine	glycosylation
P83118	227	ECO:0000255|PROSITE-ProRule:PRU00498	N-linked (GlcNAc...) asparagine	glycosylation
P83118	42	ECO:0000255|PROSITE-ProRule:PRU00498	N-linked (GlcNAc...) asparagine	glycosylation
P83119	141	ECO:0000255	N-linked (GlcNAc...) asparagine	glycosylation
P83119	19	ECO:0000255	N-linked (GlcNAc...) asparagine	glycosylation
P83119	34	ECO:0000255	N-linked (GlcNAc...) asparagine	glycosylation
P83119	365	ECO:0000255	N-linked (GlcNAc...) asparagine	glycosylation
P83119	55	ECO:0000255	N-linked (GlcNAc...) asparagine	glycosylation
P83294	167	ECO:0000255	N-linked (GlcNAc...) asparagine	glycosylation
P83297	230	ECO:0000255	N-linked (GlcNAc...) asparagine	glycosylation
P83548	177	ECO:0000255	N-linked (GlcNAc...) asparagine	glycosylation
P83548	192	ECO:0000255	N-linked (GlcNAc...) asparagine	glycosylation
P83548	330	ECO:0000255	N-linked (GlcNAc...) asparagine	glycosylation
P83548	468	ECO:0000255	N-linked (GlcNAc...) asparagine	glycosylation
P83548	64	ECO:0000255	N-linked (GlcNAc...) asparagine	glycosylation
P83740	222	ECO:0000255	N-linked (GlcNAc...) asparagine	glycosylation
P83740	225	ECO:0000255	N-linked (GlcNAc...) asparagine	glycosylation
P91645	234	ECO:0000255	N-linked (GlcNAc...) asparagine	glycosylation
P91645	235	ECO:0000255	N-linked (GlcNAc...) asparagine	glycosylation
P91645	865	ECO:0000255	N-linked (GlcNAc...) asparagine	glycosylation
P91657	14	ECO:0000255	N-linked (GlcNAc...) asparagine	glycosylation
P91660	1254	ECO:0000255	N-linked (GlcNAc...) asparagine	glycosylation
P91660	1353	ECO:0000255	N-linked (GlcNAc...) asparagine	glycosylation
P91660	561	ECO:0000255	N-linked (GlcNAc...) asparagine	glycosylation
P91682	184	ECO:0000255	N-linked (GlcNAc...) asparagine	glycosylation
P91682	195	ECO:0000255	N-linked (GlcNAc...) asparagine	glycosylation
P91682	213	ECO:0000255	N-linked (GlcNAc...) asparagine	glycosylation
P91682	336	ECO:0000255	N-linked (GlcNAc...) asparagine	glycosylation
P91682	419	ECO:0000255	N-linked (GlcNAc...) asparagine	glycosylation
P91682	55	ECO:0000255	N-linked (GlcNAc...) asparagine	glycosylation
P91682	95	ECO:0000255	N-linked (GlcNAc...) asparagine	glycosylation
P91685	112	ECO:0000269|PubMed:17893096	N-linked (GlcNAc...) asparagine	glycosylation
P91685	143	ECO:0000255	N-linked (GlcNAc...) asparagine	glycosylation
P91685	216	ECO:0000255	N-linked (GlcNAc...) asparagine	glycosylation
P91685	299	ECO:0000255	N-linked (GlcNAc...) asparagine	glycosylation
P91685	386	ECO:0000255	N-linked (GlcNAc...) asparagine	glycosylation
P91685	491	ECO:0000255	N-linked (GlcNAc...) asparagine	glycosylation
P91685	524	ECO:0000255	N-linked (GlcNAc...) asparagine	glycosylation
P98159	1064	ECO:0000255	N-linked (GlcNAc...) asparagine	glycosylation
P98159	1445	ECO:0000255	N-linked (GlcNAc...) asparagine	glycosylation
P98159	1878	ECO:0000255	N-linked (GlcNAc...) asparagine	glycosylation
P98159	1956	ECO:0000255	N-linked (GlcNAc...) asparagine	glycosylation
P98159	2023	ECO:0000255	N-linked (GlcNAc...) asparagine	glycosylation
P98159	2144	ECO:0000255	N-linked (GlcNAc...) asparagine	glycosylation
P98159	2173	ECO:0000255	N-linked (GlcNAc...) asparagine	glycosylation
P98159	2197	ECO:0000255	N-linked (GlcNAc...) asparagine	glycosylation
P98159	2237	ECO:0000255	N-linked (GlcNAc...) asparagine	glycosylation
P98159	2269	ECO:0000255	N-linked (GlcNAc...) asparagine	glycosylation
P98159	2420	ECO:0000255	N-linked (GlcNAc...) asparagine	glycosylation
P98159	2556	ECO:0000255	N-linked (GlcNAc...) asparagine	glycosylation
P98159	2601	ECO:0000255	N-linked (GlcNAc...) asparagine	glycosylation
P98159	291	ECO:0000255	N-linked (GlcNAc...) asparagine	glycosylation
P98159	347	ECO:0000255	N-linked (GlcNAc...) asparagine	glycosylation
P98159	379	ECO:0000255	N-linked (GlcNAc...) asparagine	glycosylation
P98159	417	ECO:0000255	N-linked (GlcNAc...) asparagine	glycosylation
P98159	492	ECO:0000255	N-linked (GlcNAc...) asparagine	glycosylation
P98159	515	ECO:0000255	N-linked (GlcNAc...) asparagine	glycosylation
P98159	598	ECO:0000255	N-linked (GlcNAc...) asparagine	glycosylation
P98159	794	ECO:0000255	O-linked (Xyl...) (glycosaminoglycan) serine	glycosylation
P98159	827	ECO:0000255	N-linked (GlcNAc...) asparagine	glycosylation
P98159	829	ECO:0000255	O-linked (Xyl...) (glycosaminoglycan) serine	glycosylation
P98159	861	ECO:0000255	N-linked (GlcNAc...) asparagine	glycosylation
P98159	975	ECO:0000255	N-linked (GlcNAc...) asparagine	glycosylation
P98163	1022	ECO:0000255|PROSITE-ProRule:PRU00498	N-linked (GlcNAc...) asparagine	glycosylation
P98163	1240	ECO:0000255|PROSITE-ProRule:PRU00498	N-linked (GlcNAc...) asparagine	glycosylation
P98163	1265	ECO:0000255|PROSITE-ProRule:PRU00498	N-linked (GlcNAc...) asparagine	glycosylation
P98163	1326	ECO:0000255|PROSITE-ProRule:PRU00498	N-linked (GlcNAc...) asparagine	glycosylation
P98163	1475	ECO:0000255|PROSITE-ProRule:PRU00498	N-linked (GlcNAc...) asparagine	glycosylation
P98163	1490	ECO:0000255|PROSITE-ProRule:PRU00498	N-linked (GlcNAc...) asparagine	glycosylation
P98163	30	ECO:0000255|PROSITE-ProRule:PRU00498	N-linked (GlcNAc...) asparagine	glycosylation
P98163	365	ECO:0000255|PROSITE-ProRule:PRU00498	N-linked (GlcNAc...) asparagine	glycosylation
P98163	384	ECO:0000255|PROSITE-ProRule:PRU00498	N-linked (GlcNAc...) asparagine	glycosylation
P98163	429	ECO:0000255|PROSITE-ProRule:PRU00498	N-linked (GlcNAc...) asparagine	glycosylation
P98163	666	ECO:0000255|PROSITE-ProRule:PRU00498	N-linked (GlcNAc...) asparagine	glycosylation
P98163	749	ECO:0000255|PROSITE-ProRule:PRU00498	N-linked (GlcNAc...) asparagine	glycosylation
P98163	782	ECO:0000255|PROSITE-ProRule:PRU00498	N-linked (GlcNAc...) asparagine	glycosylation
Q00174	116	ECO:0000255	N-linked (GlcNAc...) asparagine	glycosylation
Q00174	1352	ECO:0000255	N-linked (GlcNAc...) asparagine	glycosylation
Q00174	1484	ECO:0000255	N-linked (GlcNAc...) asparagine	glycosylation
Q00174	1583	ECO:0000255	N-linked (GlcNAc...) asparagine	glycosylation
Q00174	1617	ECO:0000255	N-linked (GlcNAc...) asparagine	glycosylation
Q00174	1847	ECO:0000255	N-linked (GlcNAc...) asparagine	glycosylation
Q00174	1943	ECO:0000255	N-linked (GlcNAc...) asparagine	glycosylation
Q00174	2024	ECO:0000255	N-linked (GlcNAc...) asparagine	glycosylation
Q00174	219	ECO:0000255	N-linked (GlcNAc...) asparagine	glycosylation
Q00174	2196	ECO:0000269|PubMed:17893096	N-linked (GlcNAc...) asparagine	glycosylation
Q00174	2215	ECO:0000255	N-linked (GlcNAc...) asparagine	glycosylation
Q00174	2267	ECO:0000255	N-linked (GlcNAc...) asparagine	glycosylation
Q00174	2301	ECO:0000255	N-linked (GlcNAc...) asparagine	glycosylation
Q00174	2323	ECO:0000255	N-linked (GlcNAc...) asparagine	glycosylation
Q00174	2482	ECO:0000255	N-linked (GlcNAc...) asparagine	glycosylation
Q00174	2524	ECO:0000255	N-linked (GlcNAc...) asparagine	glycosylation
Q00174	2538	ECO:0000269|PubMed:17893096	N-linked (GlcNAc...) asparagine	glycosylation
Q00174	2569	ECO:0000255	N-linked (GlcNAc...) asparagine	glycosylation
Q00174	2699	ECO:0000255	N-linked (GlcNAc...) asparagine	glycosylation
Q00174	2720	ECO:0000255	N-linked (GlcNAc...) asparagine	glycosylation
Q00174	2890	ECO:0000255	N-linked (GlcNAc...) asparagine	glycosylation
Q00174	2938	ECO:0000255	N-linked (GlcNAc...) asparagine	glycosylation
Q00174	3010	ECO:0000255	N-linked (GlcNAc...) asparagine	glycosylation
Q00174	3070	ECO:0000255	N-linked (GlcNAc...) asparagine	glycosylation
Q00174	3491	ECO:0000255	N-linked (GlcNAc...) asparagine	glycosylation
Q00174	3612	ECO:0000255	N-linked (GlcNAc...) asparagine	glycosylation
Q00174	395	ECO:0000255	N-linked (GlcNAc...) asparagine	glycosylation
Q00174	453	ECO:0000255	N-linked (GlcNAc...) asparagine	glycosylation
Q00174	508	ECO:0000255	N-linked (GlcNAc...) asparagine	glycosylation
Q00174	588	ECO:0000255	N-linked (GlcNAc...) asparagine	glycosylation
Q00174	722	ECO:0000255	N-linked (GlcNAc...) asparagine	glycosylation
Q00174	897	ECO:0000255	N-linked (GlcNAc...) asparagine	glycosylation
Q00449	101	ECO:0000255	N-linked (GlcNAc...) asparagine	glycosylation
Q00748	103	ECO:0000269|PubMed:17893096	N-linked (GlcNAc...) asparagine	glycosylation
Q00805	333	ECO:0000255	N-linked (GlcNAc...) asparagine	glycosylation
Q01083	74		N-linked (GlcNAc...) asparagine	glycosylation
Q01603	310	ECO:0000255	N-linked (GlcNAc...) asparagine	glycosylation
Q02280	262	ECO:0000255	N-linked (GlcNAc...) asparagine	glycosylation
Q02280	412	ECO:0000255	N-linked (GlcNAc...) asparagine	glycosylation
Q02280	424	ECO:0000255	N-linked (GlcNAc...) asparagine	glycosylation
Q03445	195	ECO:0000255	N-linked (GlcNAc...) asparagine	glycosylation
Q03445	208	ECO:0000255	N-linked (GlcNAc...) asparagine	glycosylation
Q03445	281	ECO:0000255	N-linked (GlcNAc...) asparagine	glycosylation
Q03445	376	ECO:0000255	N-linked (GlcNAc...) asparagine	glycosylation
Q03445	385	ECO:0000255	N-linked (GlcNAc...) asparagine	glycosylation
Q03445	426	ECO:0000255	N-linked (GlcNAc...) asparagine	glycosylation
Q03445	437	ECO:0000255	N-linked (GlcNAc...) asparagine	glycosylation
Q03445	477	ECO:0000255	N-linked (GlcNAc...) asparagine	glycosylation
Q03445	67	ECO:0000255	N-linked (GlcNAc...) asparagine	glycosylation
Q04164	106	ECO:0000255	N-linked (GlcNAc...) asparagine	glycosylation
Q04164	109	ECO:0000255	N-linked (GlcNAc...) asparagine	glycosylation
Q04164	1323	ECO:0000255	N-linked (GlcNAc...) asparagine	glycosylation
Q04164	1419	ECO:0000255	N-linked (GlcNAc...) asparagine	glycosylation
Q04164	1517	ECO:0000255	N-linked (GlcNAc...) asparagine	glycosylation
Q04164	330	ECO:0000255	N-linked (GlcNAc...) asparagine	glycosylation
Q04164	473	ECO:0000255	N-linked (GlcNAc...) asparagine	glycosylation
Q04164	538	ECO:0000255	N-linked (GlcNAc...) asparagine	glycosylation
Q04164	622	ECO:0000255	N-linked (GlcNAc...) asparagine	glycosylation
Q04164	685	ECO:0000255	N-linked (GlcNAc...) asparagine	glycosylation
Q04164	827	ECO:0000255	N-linked (GlcNAc...) asparagine	glycosylation
Q04164	846	ECO:0000255	N-linked (GlcNAc...) asparagine	glycosylation
Q04164	929	ECO:0000255	N-linked (GlcNAc...) asparagine	glycosylation
Q04164	939	ECO:0000255	N-linked (GlcNAc...) asparagine	glycosylation
Q05319	177	ECO:0000255	N-linked (GlcNAc...) asparagine	glycosylation
Q05319	672	ECO:0000255	N-linked (GlcNAc...) asparagine	glycosylation
Q07407	134	ECO:0000255	N-linked (GlcNAc...) asparagine	glycosylation
Q07407	140	ECO:0000255	N-linked (GlcNAc...) asparagine	glycosylation
Q07407	171	ECO:0000255	N-linked (GlcNAc...) asparagine	glycosylation
Q07407	207	ECO:0000255	N-linked (GlcNAc...) asparagine	glycosylation
Q07407	213	ECO:0000255	N-linked (GlcNAc...) asparagine	glycosylation
Q07407	242	ECO:0000255	N-linked (GlcNAc...) asparagine	glycosylation
Q07407	246	ECO:0000255	N-linked (GlcNAc...) asparagine	glycosylation
Q07407	282	ECO:0000255	N-linked (GlcNAc...) asparagine	glycosylation
Q07407	70	ECO:0000255	N-linked (GlcNAc...) asparagine	glycosylation
Q07407	96	ECO:0000255	N-linked (GlcNAc...) asparagine	glycosylation
Q07553	147	ECO:0000255	N-linked (GlcNAc...) asparagine	glycosylation
Q07553	206	ECO:0000255	N-linked (GlcNAc...) asparagine	glycosylation
Q07553	368	ECO:0000255	N-linked (GlcNAc...) asparagine	glycosylation
Q07553	390	ECO:0000255	N-linked (GlcNAc...) asparagine	glycosylation
Q08180	211	ECO:0000255	N-linked (GlcNAc...) asparagine	glycosylation
Q08180	313	ECO:0000255	N-linked (GlcNAc...) asparagine	glycosylation
Q08180	393	ECO:0000255	N-linked (GlcNAc...) asparagine	glycosylation
Q08180	400	ECO:0000255	N-linked (GlcNAc...) asparagine	glycosylation
Q08180	507	ECO:0000255	N-linked (GlcNAc...) asparagine	glycosylation
Q08832	189	ECO:0000255	N-linked (GlcNAc...) asparagine	glycosylation
Q08832	39	ECO:0000255	N-linked (GlcNAc...) asparagine	glycosylation
Q09101	376	ECO:0000269|PubMed:17893096	N-linked (GlcNAc...) asparagine	glycosylation
Q09101	525	ECO:0000255	N-linked (GlcNAc...) asparagine	glycosylation
Q09101	605	ECO:0000255	N-linked (GlcNAc...) asparagine	glycosylation
Q09101	620	ECO:0000255	N-linked (GlcNAc...) asparagine	glycosylation
Q09101	752	ECO:0000255	N-linked (GlcNAc...) asparagine	glycosylation
Q09101	789	ECO:0000255	N-linked (GlcNAc...) asparagine	glycosylation
Q09147	137	ECO:0000255	N-linked (GlcNAc...) asparagine	glycosylation
Q09147	175	ECO:0000255	N-linked (GlcNAc...) asparagine	glycosylation
Q09147	181	ECO:0000255	N-linked (GlcNAc...) asparagine	glycosylation
Q09147	249	ECO:0000255	N-linked (GlcNAc...) asparagine	glycosylation
Q09147	257	ECO:0000255	N-linked (GlcNAc...) asparagine	glycosylation
Q09147	423	ECO:0000255	N-linked (GlcNAc...) asparagine	glycosylation
Q09147	444	ECO:0000255	N-linked (GlcNAc...) asparagine	glycosylation
Q09147	494	ECO:0000255	N-linked (GlcNAc...) asparagine	glycosylation
Q09147	500	ECO:0000255	N-linked (GlcNAc...) asparagine	glycosylation
Q09147	526	ECO:0000255	N-linked (GlcNAc...) asparagine	glycosylation
Q09147	541	ECO:0000255	N-linked (GlcNAc...) asparagine	glycosylation
Q09147	546	ECO:0000255	N-linked (GlcNAc...) asparagine	glycosylation
Q09147	555	ECO:0000255	N-linked (GlcNAc...) asparagine	glycosylation
Q09147	576	ECO:0000255	N-linked (GlcNAc...) asparagine	glycosylation
Q09147	99	ECO:0000255	N-linked (GlcNAc...) asparagine	glycosylation
Q09332	181	ECO:0000255	N-linked (GlcNAc...) asparagine	glycosylation
Q09332	266	ECO:0000255	N-linked (GlcNAc...) asparagine	glycosylation
Q09332	864	ECO:0000255	N-linked (GlcNAc...) asparagine	glycosylation
Q0E8C8	149	ECO:0000255|PROSITE-ProRule:PRU00498	N-linked (GlcNAc...) asparagine	glycosylation
Q0E8C8	205	ECO:0000255|PROSITE-ProRule:PRU00498	N-linked (GlcNAc...) asparagine	glycosylation
Q0E8C8	243	ECO:0000255|PROSITE-ProRule:PRU00498	N-linked (GlcNAc...) asparagine	glycosylation
Q0E961	168	ECO:0000255|PROSITE-ProRule:PRU00498	N-linked (GlcNAc...) asparagine	glycosylation
Q0E961	627	ECO:0000255|PROSITE-ProRule:PRU00498	N-linked (GlcNAc...) asparagine	glycosylation
Q0E961	631	ECO:0000255|PROSITE-ProRule:PRU00498	N-linked (GlcNAc...) asparagine	glycosylation
Q0E961	857	ECO:0000255|PROSITE-ProRule:PRU00498	N-linked (GlcNAc...) asparagine	glycosylation
Q0E961	921	ECO:0000255|PROSITE-ProRule:PRU00498	N-linked (GlcNAc...) asparagine	glycosylation
Q0E9H9	1022	ECO:0000255|PROSITE-ProRule:PRU00498	N-linked (GlcNAc...) asparagine	glycosylation
Q0E9H9	1055	ECO:0000255|PROSITE-ProRule:PRU00498	N-linked (GlcNAc...) asparagine	glycosylation
Q0E9H9	1186	ECO:0000255|PROSITE-ProRule:PRU00498	N-linked (GlcNAc...) asparagine	glycosylation
Q0E9H9	325	ECO:0000255|PROSITE-ProRule:PRU00498	N-linked (GlcNAc...) asparagine	glycosylation
Q0E9H9	492	ECO:0000255|PROSITE-ProRule:PRU00498, ECO:0000269|PubMed:18805093, ECO:0007744|PDB:3DMK	N-linked (GlcNAc...) asparagine	glycosylation
Q0E9H9	53	ECO:0000255|PROSITE-ProRule:PRU00498, ECO:0000269|PubMed:17721508, ECO:0000269|PubMed:18805093, ECO:0000269|PubMed:27386517, ECO:0007744|PDB:2V5M, ECO:0007744|PDB:2V5R, ECO:0007744|PDB:3DMK, ECO:0007744|PDB:4XHQ	N-linked (GlcNAc...) asparagine	glycosylation
Q0E9H9	577	ECO:0000255|PROSITE-ProRule:PRU00498, ECO:0000269|PubMed:18805093, ECO:0007744|PDB:3DMK	N-linked (GlcNAc...) asparagine	glycosylation
Q0E9H9	820	ECO:0000255|PROSITE-ProRule:PRU00498	N-linked (GlcNAc...) asparagine	glycosylation
Q0E9H9	Q0E9H9-12:325	ECO:0000269|PubMed:17721508, ECO:0000269|PubMed:27386517, ECO:0007744|PDB:2V5M, ECO:0007744|PDB:4XHQ	N-linked (GlcNAc...) asparagine	glycosylation
Q0E9H9	Q0E9H9-13:325	ECO:0000269|PubMed:18805093, ECO:0007744|PDB:3DMK	N-linked (GlcNAc...) asparagine	glycosylation
Q0KHY3	1048	ECO:0000255	N-linked (GlcNAc...) asparagine	glycosylation
Q0KHY3	1066	ECO:0000255	N-linked (GlcNAc...) asparagine	glycosylation
Q0KHY3	208	ECO:0000255	N-linked (GlcNAc...) asparagine	glycosylation
Q0KHY3	24	ECO:0000255	N-linked (GlcNAc...) asparagine	glycosylation
Q0KHY3	320	ECO:0000255	N-linked (GlcNAc...) asparagine	glycosylation
Q0KHY3	386	ECO:0000255	N-linked (GlcNAc...) asparagine	glycosylation
Q0KHY3	458	ECO:0000255	N-linked (GlcNAc...) asparagine	glycosylation
Q0KHY3	554	ECO:0000255	N-linked (GlcNAc...) asparagine	glycosylation
Q0KHY3	620	ECO:0000255	N-linked (GlcNAc...) asparagine	glycosylation
Q0KHY3	888	ECO:0000269|PubMed:17893096	N-linked (GlcNAc...) asparagine	glycosylation
Q0KHY3	942	ECO:0000255	N-linked (GlcNAc...) asparagine	glycosylation
Q0KHY3	977	ECO:0000255	N-linked (GlcNAc...) asparagine	glycosylation
Q0KHY3	985	ECO:0000255	N-linked (GlcNAc...) asparagine	glycosylation
Q10714	196	ECO:0000305|PubMed:8761461	N-linked (GlcNAc...) asparagine	glycosylation
Q10714	311	ECO:0000305|PubMed:8761461	N-linked (GlcNAc...) asparagine	glycosylation
Q10714	53	ECO:0000305|PubMed:8761461	N-linked (GlcNAc...) asparagine	glycosylation
Q23997	233	ECO:0000250	N-linked (GlcNAc...) asparagine	glycosylation
Q24025	179	ECO:0000255	N-linked (GlcNAc...) asparagine	glycosylation
Q24025	287	ECO:0000255	N-linked (GlcNAc...) asparagine	glycosylation
Q24025	520	ECO:0000255	N-linked (GlcNAc...) asparagine	glycosylation
Q24025	666	ECO:0000255	N-linked (GlcNAc...) asparagine	glycosylation
Q24025	752	ECO:0000255	N-linked (GlcNAc...) asparagine	glycosylation
Q24025	821	ECO:0000255	N-linked (GlcNAc...) asparagine	glycosylation
Q24046	133	ECO:0000269|PubMed:17893096	N-linked (GlcNAc...) asparagine	glycosylation
Q24046	211	ECO:0000269|PubMed:17893096	N-linked (GlcNAc...) asparagine	glycosylation
Q24048	180	ECO:0000255	N-linked (GlcNAc...) asparagine	glycosylation
Q24048	206	ECO:0000269|PubMed:17893096	N-linked (GlcNAc...) asparagine	glycosylation
Q24114	101	ECO:0000269|PubMed:19349973	N-linked (GlcNAc...) asparagine	glycosylation
Q24114	150	ECO:0000255	N-linked (GlcNAc...) asparagine	glycosylation
Q24114	187	ECO:0000255	N-linked (GlcNAc...) asparagine	glycosylation
Q24114	549	ECO:0000255	O-linked (Xyl...) (heparan sulfate) serine	glycosylation
Q24114	569	ECO:0000255	O-linked (Xyl...) (heparan sulfate) serine	glycosylation
Q24114	573	ECO:0000255	O-linked (Xyl...) (heparan sulfate) serine	glycosylation
Q24114	601	ECO:0000255	O-linked (Xyl...) (heparan sulfate) serine	glycosylation
Q24114	97	ECO:0000269|PubMed:19349973	N-linked (GlcNAc...) asparagine; atypical	glycosylation
Q24157	149	ECO:0000255	N-linked (GlcNAc...) asparagine	glycosylation
Q24157	166	ECO:0000255	N-linked (GlcNAc...) asparagine	glycosylation
Q24238	262	ECO:0000255	N-linked (GlcNAc...) asparagine	glycosylation
Q24238	297	ECO:0000255	N-linked (GlcNAc...) asparagine	glycosylation
Q24238	401	ECO:0000255	N-linked (GlcNAc...) asparagine	glycosylation
Q24238	464	ECO:0000255	N-linked (GlcNAc...) asparagine	glycosylation
Q24238	470	ECO:0000255	N-linked (GlcNAc...) asparagine	glycosylation
Q24247	1027	ECO:0000269|PubMed:17893096	N-linked (GlcNAc...) asparagine	glycosylation
Q24247	147	ECO:0000255	N-linked (GlcNAc...) asparagine	glycosylation
Q24247	470	ECO:0000255	N-linked (GlcNAc...) asparagine	glycosylation
Q24247	511	ECO:0000255	N-linked (GlcNAc...) asparagine	glycosylation
Q24247	657	ECO:0000269|PubMed:17893096	N-linked (GlcNAc...) asparagine	glycosylation
Q24247	68	ECO:0000255	N-linked (GlcNAc...) asparagine	glycosylation
Q24247	680	ECO:0000255	N-linked (GlcNAc...) asparagine	glycosylation
Q24247	711	ECO:0000269|PubMed:19349973	N-linked (GlcNAc...) asparagine	glycosylation
Q24247	718	ECO:0000269|PubMed:19349973	N-linked (GlcNAc...) asparagine	glycosylation
Q24247	761	ECO:0000269|PubMed:19349973	N-linked (GlcNAc...) asparagine	glycosylation
Q24247	86	ECO:0000255	N-linked (GlcNAc...) asparagine	glycosylation
Q24247	928	ECO:0000255	N-linked (GlcNAc...) asparagine	glycosylation
Q24270	644	ECO:0000255	N-linked (GlcNAc...) asparagine	glycosylation
Q24270	647	ECO:0000255	N-linked (GlcNAc...) asparagine	glycosylation
Q24278	135	ECO:0000255	N-linked (GlcNAc...) asparagine	glycosylation
Q24292	1006	ECO:0000255	N-linked (GlcNAc...) asparagine	glycosylation
Q24292	1029	ECO:0000255	N-linked (GlcNAc...) asparagine	glycosylation
Q24292	1143	ECO:0000255	N-linked (GlcNAc...) asparagine	glycosylation
Q24292	1236	ECO:0000255	N-linked (GlcNAc...) asparagine	glycosylation
Q24292	1453	ECO:0000255	N-linked (GlcNAc...) asparagine	glycosylation
Q24292	1479	ECO:0000255	N-linked (GlcNAc...) asparagine	glycosylation
Q24292	1524	ECO:0000255	N-linked (GlcNAc...) asparagine	glycosylation
Q24292	1553	ECO:0000255	N-linked (GlcNAc...) asparagine	glycosylation
Q24292	1700	ECO:0000255	N-linked (GlcNAc...) asparagine	glycosylation
Q24292	1884	ECO:0000255	N-linked (GlcNAc...) asparagine	glycosylation
Q24292	1940	ECO:0000255	N-linked (GlcNAc...) asparagine	glycosylation
Q24292	2115	ECO:0000255	N-linked (GlcNAc...) asparagine	glycosylation
Q24292	220	ECO:0000255	N-linked (GlcNAc...) asparagine	glycosylation
Q24292	2211	ECO:0000255	N-linked (GlcNAc...) asparagine	glycosylation
Q24292	2212	ECO:0000255	N-linked (GlcNAc...) asparagine	glycosylation
Q24292	234	ECO:0000255	N-linked (GlcNAc...) asparagine	glycosylation
Q24292	2421	ECO:0000255	N-linked (GlcNAc...) asparagine	glycosylation
Q24292	245	ECO:0000255	N-linked (GlcNAc...) asparagine	glycosylation
Q24292	2511	ECO:0000255	N-linked (GlcNAc...) asparagine	glycosylation
Q24292	2520	ECO:0000255	N-linked (GlcNAc...) asparagine	glycosylation
Q24292	2547	ECO:0000255	N-linked (GlcNAc...) asparagine	glycosylation
Q24292	2588	ECO:0000255	N-linked (GlcNAc...) asparagine	glycosylation
Q24292	2678	ECO:0000255	N-linked (GlcNAc...) asparagine	glycosylation
Q24292	2845	ECO:0000255	N-linked (GlcNAc...) asparagine	glycosylation
Q24292	2967	ECO:0000255	N-linked (GlcNAc...) asparagine	glycosylation
Q24292	381	ECO:0000255	N-linked (GlcNAc...) asparagine	glycosylation
Q24292	416	ECO:0000255	N-linked (GlcNAc...) asparagine	glycosylation
Q24292	564	ECO:0000255	N-linked (GlcNAc...) asparagine	glycosylation
Q24292	594	ECO:0000255	N-linked (GlcNAc...) asparagine	glycosylation
Q24292	743	ECO:0000255	N-linked (GlcNAc...) asparagine	glycosylation
Q24292	966	ECO:0000255	N-linked (GlcNAc...) asparagine	glycosylation
Q24292	991	ECO:0000255	N-linked (GlcNAc...) asparagine	glycosylation
Q24298	1073	ECO:0000255	N-linked (GlcNAc...) asparagine	glycosylation
Q24298	1145	ECO:0000255	N-linked (GlcNAc...) asparagine	glycosylation
Q24298	1274	ECO:0000255	N-linked (GlcNAc...) asparagine	glycosylation
Q24298	1290	ECO:0000255	N-linked (GlcNAc...) asparagine	glycosylation
Q24298	317	ECO:0000255	N-linked (GlcNAc...) asparagine	glycosylation
Q24298	466	ECO:0000255	N-linked (GlcNAc...) asparagine	glycosylation
Q24298	552	ECO:0000255	N-linked (GlcNAc...) asparagine	glycosylation
Q24298	766	ECO:0000255	N-linked (GlcNAc...) asparagine	glycosylation
Q24298	949	ECO:0000255	N-linked (GlcNAc...) asparagine	glycosylation
Q24298	983	ECO:0000255	N-linked (GlcNAc...) asparagine	glycosylation
Q24298	999	ECO:0000255	N-linked (GlcNAc...) asparagine	glycosylation
Q24322	117	ECO:0000255|PROSITE-ProRule:PRU00498	N-linked (GlcNAc...) asparagine	glycosylation
Q24322	187	ECO:0000255|PROSITE-ProRule:PRU00498	N-linked (GlcNAc...) asparagine	glycosylation
Q24322	207	ECO:0000255|PROSITE-ProRule:PRU00498	N-linked (GlcNAc...) asparagine	glycosylation
Q24322	311	ECO:0000255|PROSITE-ProRule:PRU00498	N-linked (GlcNAc...) asparagine	glycosylation
Q24322	404	ECO:0000255|PROSITE-ProRule:PRU00498	N-linked (GlcNAc...) asparagine	glycosylation
Q24322	63	ECO:0000255|PROSITE-ProRule:PRU00498	N-linked (GlcNAc...) asparagine	glycosylation
Q24322	90	ECO:0000255|PROSITE-ProRule:PRU00498	N-linked (GlcNAc...) asparagine	glycosylation
Q24323	163	ECO:0000255	N-linked (GlcNAc...) asparagine	glycosylation
Q24323	190	ECO:0000255	N-linked (GlcNAc...) asparagine	glycosylation
Q24323	229	ECO:0000255	N-linked (GlcNAc...) asparagine	glycosylation
Q24323	314	ECO:0000255	N-linked (GlcNAc...) asparagine	glycosylation
Q24323	401	ECO:0000255	N-linked (GlcNAc...) asparagine	glycosylation
Q24323	563	ECO:0000255	N-linked (GlcNAc...) asparagine	glycosylation
Q24323	658	ECO:0000255	N-linked (GlcNAc...) asparagine	glycosylation
Q24323	670	ECO:0000255	N-linked (GlcNAc...) asparagine	glycosylation
Q24323	708	ECO:0000255	N-linked (GlcNAc...) asparagine	glycosylation
Q24323	95	ECO:0000269|PubMed:19349973	N-linked (GlcNAc...) asparagine	glycosylation
Q24352	108	ECO:0000255	N-linked (GlcNAc...) asparagine	glycosylation
Q24352	292	ECO:0000255	N-linked (GlcNAc...) asparagine	glycosylation
Q24372	140	ECO:0000255	N-linked (GlcNAc...) asparagine	glycosylation
Q24372	92	ECO:0000255	N-linked (GlcNAc...) asparagine	glycosylation
Q24388	204	ECO:0000255	N-linked (GlcNAc...) asparagine	glycosylation
Q24418	258	ECO:0000255	N-linked (GlcNAc...) asparagine	glycosylation
Q24418	314	ECO:0000255	N-linked (GlcNAc...) asparagine	glycosylation
Q24418	345	ECO:0000255	N-linked (GlcNAc...) asparagine	glycosylation
Q24418	397	ECO:0000255	N-linked (GlcNAc...) asparagine	glycosylation
Q24418	454	ECO:0000255	N-linked (GlcNAc...) asparagine	glycosylation
Q24418	481	ECO:0000255	N-linked (GlcNAc...) asparagine	glycosylation
Q24418	501	ECO:0000255	N-linked (GlcNAc...) asparagine	glycosylation
Q24418	693	ECO:0000269|PubMed:17893096	N-linked (GlcNAc...) asparagine	glycosylation
Q24468	45	ECO:0000255|PROSITE-ProRule:PRU00498	N-linked (GlcNAc...) asparagine	glycosylation
Q24468	74	ECO:0000255|PROSITE-ProRule:PRU00498	N-linked (GlcNAc...) asparagine	glycosylation
Q24468	95	ECO:0000255|PROSITE-ProRule:PRU00498	N-linked (GlcNAc...) asparagine	glycosylation
Q24488	129	ECO:0000255	N-linked (GlcNAc...) asparagine	glycosylation
Q24488	144	ECO:0000255	N-linked (GlcNAc...) asparagine	glycosylation
Q24488	250	ECO:0000255	N-linked (GlcNAc...) asparagine	glycosylation
Q24488	45	ECO:0000255	N-linked (GlcNAc...) asparagine	glycosylation
Q24488	63	ECO:0000255	N-linked (GlcNAc...) asparagine	glycosylation
Q24563	31	ECO:0000255	N-linked (GlcNAc...) asparagine	glycosylation
Q24563	47	ECO:0000255	N-linked (GlcNAc...) asparagine	glycosylation
Q24563	5	ECO:0000255	N-linked (GlcNAc...) asparagine	glycosylation
Q24563	68	ECO:0000255	N-linked (GlcNAc...) asparagine	glycosylation
Q24567	108	ECO:0000255	N-linked (GlcNAc...) asparagine	glycosylation
Q24567	112	ECO:0000255	N-linked (GlcNAc...) asparagine	glycosylation
Q24567	127	ECO:0000255	N-linked (GlcNAc...) asparagine	glycosylation
Q24567	445	ECO:0000255	N-linked (GlcNAc...) asparagine	glycosylation
Q24567	652	ECO:0000255	N-linked (GlcNAc...) asparagine	glycosylation
Q24567	679	ECO:0000255	N-linked (GlcNAc...) asparagine	glycosylation
Q24568	103	ECO:0000255	N-linked (GlcNAc...) asparagine	glycosylation
Q24568	125	ECO:0000255	N-linked (GlcNAc...) asparagine	glycosylation
Q24568	298	ECO:0000255	N-linked (GlcNAc...) asparagine	glycosylation
Q24568	746	ECO:0000255	N-linked (GlcNAc...) asparagine	glycosylation
Q26307	116	ECO:0000255	N-linked (GlcNAc...) asparagine	glycosylation
Q26307	144	ECO:0000255	N-linked (GlcNAc...) asparagine	glycosylation
Q26307	342	ECO:0000255	N-linked (GlcNAc...) asparagine	glycosylation
Q26307	54	ECO:0000255	N-linked (GlcNAc...) asparagine	glycosylation
Q26307	62	ECO:0000255	N-linked (GlcNAc...) asparagine	glycosylation
Q26307	73	ECO:0000255	N-linked (GlcNAc...) asparagine	glycosylation
Q27324	143	ECO:0000255	N-linked (GlcNAc...) asparagine	glycosylation
Q27324	63	ECO:0000255	N-linked (GlcNAc...) asparagine	glycosylation
Q27324	99	ECO:0000255	N-linked (GlcNAc...) asparagine	glycosylation
Q27367	104	ECO:0000269|PubMed:17893096	N-linked (GlcNAc...) asparagine	glycosylation
Q27367	110	ECO:0000269|PubMed:17893096	N-linked (GlcNAc...) asparagine	glycosylation
Q27367	129	ECO:0000255	N-linked (GlcNAc...) asparagine	glycosylation
Q27367	189	ECO:0000255	N-linked (GlcNAc...) asparagine	glycosylation
Q27367	198	ECO:0000255	N-linked (GlcNAc...) asparagine	glycosylation
Q27367	216	ECO:0000255	N-linked (GlcNAc...) asparagine	glycosylation
Q27367	260	ECO:0000255	N-linked (GlcNAc...) asparagine	glycosylation
Q27367	446	ECO:0000255|PROSITE-ProRule:PRU00498	N-linked (GlcNAc...) asparagine	glycosylation
Q27367	72	ECO:0000255	N-linked (GlcNAc...) asparagine	glycosylation
Q27591	167	ECO:0000255	N-linked (GlcNAc...) asparagine	glycosylation
Q27591	409	ECO:0000255	N-linked (GlcNAc...) asparagine	glycosylation
Q27591	505	ECO:0000255	N-linked (GlcNAc...) asparagine	glycosylation
Q27591	655	ECO:0000255	N-linked (GlcNAc...) asparagine	glycosylation
Q27591	73	ECO:0000255	N-linked (GlcNAc...) asparagine	glycosylation
Q4LBB6	113	ECO:0000255	N-linked (GlcNAc...) asparagine	glycosylation
Q4LBB6	117	ECO:0000255	N-linked (GlcNAc...) asparagine	glycosylation
Q4LBB6	196	ECO:0000255	N-linked (GlcNAc...) asparagine	glycosylation
Q4LBB6	36	ECO:0000255	N-linked (GlcNAc...) asparagine	glycosylation
Q4LBB9	113	ECO:0000255	N-linked (GlcNAc...) asparagine	glycosylation
Q4LBB9	126	ECO:0000255	N-linked (GlcNAc...) asparagine	glycosylation
Q4LBB9	18	ECO:0000255	N-linked (GlcNAc...) asparagine	glycosylation
Q4LBB9	92	ECO:0000255	N-linked (GlcNAc...) asparagine	glycosylation
Q4V4I9	174	ECO:0000255|PROSITE-ProRule:PRU00498	N-linked (GlcNAc...) asparagine	glycosylation
Q4V622	219	ECO:0000255|PROSITE-ProRule:PRU00498	N-linked (GlcNAc...) asparagine	glycosylation
Q4V622	25	ECO:0000255|PROSITE-ProRule:PRU00498	N-linked (GlcNAc...) asparagine	glycosylation
Q4V622	50	ECO:0000255|PROSITE-ProRule:PRU00498	N-linked (GlcNAc...) asparagine	glycosylation
Q59DY5	107	ECO:0000255|PROSITE-ProRule:PRU00498	N-linked (GlcNAc...) asparagine	glycosylation
Q59DY5	115	ECO:0000255|PROSITE-ProRule:PRU00498	N-linked (GlcNAc...) asparagine	glycosylation
Q59DY6	35	ECO:0000255|PROSITE-ProRule:PRU00498	N-linked (GlcNAc...) asparagine	glycosylation
Q59DY6	47	ECO:0000255|PROSITE-ProRule:PRU00498	N-linked (GlcNAc...) asparagine	glycosylation
Q5BI42	1015	ECO:0000255	N-linked (GlcNAc...) asparagine	glycosylation
Q5BI42	1025	ECO:0000255	N-linked (GlcNAc...) asparagine	glycosylation
Q5BI42	1059	ECO:0000255	N-linked (GlcNAc...) asparagine	glycosylation
Q5BI42	1111	ECO:0000255	N-linked (GlcNAc...) asparagine	glycosylation
Q5BI42	112	ECO:0000255	N-linked (GlcNAc...) asparagine	glycosylation
Q5BI42	153	ECO:0000255	N-linked (GlcNAc...) asparagine	glycosylation
Q5BI42	32	ECO:0000255	N-linked (GlcNAc...) asparagine	glycosylation
Q5BI42	407	ECO:0000255	N-linked (GlcNAc...) asparagine	glycosylation
Q5BI42	447	ECO:0000255	N-linked (GlcNAc...) asparagine	glycosylation
Q5BI42	497	ECO:0000255	N-linked (GlcNAc...) asparagine	glycosylation
Q5BI42	649	ECO:0000255	N-linked (GlcNAc...) asparagine	glycosylation
Q5BI42	668	ECO:0000255	N-linked (GlcNAc...) asparagine	glycosylation
Q5BI42	707	ECO:0000255	N-linked (GlcNAc...) asparagine	glycosylation
Q6AWJ9	336	ECO:0000255	N-linked (GlcNAc...) asparagine	glycosylation
Q6AWJ9	39	ECO:0000255	N-linked (GlcNAc...) asparagine	glycosylation
Q6AWJ9	417	ECO:0000255	N-linked (GlcNAc...) asparagine	glycosylation
Q6AWJ9	429	ECO:0000255	N-linked (GlcNAc...) asparagine	glycosylation
Q6AWJ9	444	ECO:0000255	N-linked (GlcNAc...) asparagine	glycosylation
Q6AWJ9	457	ECO:0000255	N-linked (GlcNAc...) asparagine	glycosylation
Q6AWJ9	512	ECO:0000255	N-linked (GlcNAc...) asparagine	glycosylation
Q6AWJ9	524	ECO:0000269|PubMed:19349973	N-linked (GlcNAc...) asparagine	glycosylation
Q6IGX9	34	ECO:0000255|PROSITE-ProRule:PRU00498	N-linked (GlcNAc...) asparagine	glycosylation
Q6NP60	198	ECO:0000255	N-linked (GlcNAc...) asparagine	glycosylation
Q6NP60	223	ECO:0000255	N-linked (GlcNAc...) asparagine	glycosylation
Q6NP60	668	ECO:0000255	N-linked (GlcNAc...) asparagine	glycosylation
Q6NP60	78	ECO:0000255	N-linked (GlcNAc...) asparagine	glycosylation
Q6WV16	181	ECO:0000255	N-linked (GlcNAc...) asparagine	glycosylation
Q6WV16	285	ECO:0000255	N-linked (GlcNAc...) asparagine	glycosylation
Q6WV16	651	ECO:0000255	N-linked (GlcNAc...) asparagine	glycosylation
Q6WV16	657	ECO:0000255	N-linked (GlcNAc...) asparagine	glycosylation
Q6WV17	166	ECO:0000255	N-linked (GlcNAc...) asparagine	glycosylation
Q6WV20	127	ECO:0000255	N-linked (GlcNAc...) asparagine	glycosylation
Q70PY2	158	ECO:0000255	N-linked (GlcNAc...) asparagine	glycosylation
Q70PY2	2	ECO:0000255	N-linked (GlcNAc...) asparagine	glycosylation
Q70PY2	84	ECO:0000255	N-linked (GlcNAc...) asparagine	glycosylation
Q7JQ32	184	ECO:0000255|PROSITE-ProRule:PRU00498	N-linked (GlcNAc...) asparagine	glycosylation
Q7JQ32	222	ECO:0000255|PROSITE-ProRule:PRU00498	N-linked (GlcNAc...) asparagine	glycosylation
Q7JQ32	338	ECO:0000255|PROSITE-ProRule:PRU00498	N-linked (GlcNAc...) asparagine	glycosylation
Q7JQ32	383	ECO:0000255|PROSITE-ProRule:PRU00498	N-linked (GlcNAc...) asparagine	glycosylation
Q7JQ32	394	ECO:0000255|PROSITE-ProRule:PRU00498	N-linked (GlcNAc...) asparagine	glycosylation
Q7JQ32	416	ECO:0000255|PROSITE-ProRule:PRU00498	N-linked (GlcNAc...) asparagine	glycosylation
Q7JQ32	428	ECO:0000255|PROSITE-ProRule:PRU00498	N-linked (GlcNAc...) asparagine	glycosylation
Q7JQ32	458	ECO:0000255|PROSITE-ProRule:PRU00498	N-linked (GlcNAc...) asparagine	glycosylation
Q7JQ32	74	ECO:0000255|PROSITE-ProRule:PRU00498	N-linked (GlcNAc...) asparagine	glycosylation
Q7JQF1	174	ECO:0000255|PROSITE-ProRule:PRU00498	N-linked (GlcNAc...) asparagine	glycosylation
Q7JQF1	2	ECO:0000255|PROSITE-ProRule:PRU00498	N-linked (GlcNAc...) asparagine	glycosylation
Q7JR49	225	ECO:0000255|PROSITE-ProRule:PRU00498	N-linked (GlcNAc...) asparagine	glycosylation
Q7JR49	284	ECO:0000255|PROSITE-ProRule:PRU00498	N-linked (GlcNAc...) asparagine	glycosylation
Q7JR71	119	ECO:0000255|PROSITE-ProRule:PRU00498	N-linked (GlcNAc...) asparagine	glycosylation
Q7JR71	159	ECO:0000255|PROSITE-ProRule:PRU00498	N-linked (GlcNAc...) asparagine	glycosylation
Q7JR71	46	ECO:0000255|PROSITE-ProRule:PRU00498	N-linked (GlcNAc...) asparagine	glycosylation
Q7K0P4	42	ECO:0000269|PubMed:17893096	N-linked (GlcNAc...) asparagine	glycosylation
Q7K237	88	ECO:0000255	N-linked (GlcNAc...) asparagine	glycosylation
Q7K4B6	609	ECO:0000255|PROSITE-ProRule:PRU00498	N-linked (GlcNAc...) asparagine	glycosylation
Q7K4B6	645	ECO:0000255|PROSITE-ProRule:PRU00498	N-linked (GlcNAc...) asparagine	glycosylation
Q7K4Y6	141	ECO:0000269|PubMed:25970245, ECO:0007744|PDB:4XP1	N-linked (GlcNAc...) asparagine; atypical	glycosylation
Q7K4Y6	164	ECO:0000255|PROSITE-ProRule:PRU00498	N-linked (GlcNAc...) asparagine	glycosylation
Q7K4Y6	173	ECO:0000255|PROSITE-ProRule:PRU00498	N-linked (GlcNAc...) asparagine	glycosylation
Q7K4Y6	182	ECO:0000255|PROSITE-ProRule:PRU00498	N-linked (GlcNAc...) asparagine	glycosylation
Q7K4Y6	188	ECO:0000255|PROSITE-ProRule:PRU00498	N-linked (GlcNAc...) asparagine	glycosylation
Q7K4Y6	193	ECO:0000255|PROSITE-ProRule:PRU00498	N-linked (GlcNAc...) asparagine	glycosylation
Q7K4Y6	224	ECO:0000255|PROSITE-ProRule:PRU00498	N-linked (GlcNAc...) asparagine	glycosylation
Q7K4Y6	300	ECO:0000255|PROSITE-ProRule:PRU00498	N-linked (GlcNAc...) asparagine	glycosylation
Q7KN92	102	ECO:0000255|PROSITE-ProRule:PRU00498	N-linked (GlcNAc...) asparagine	glycosylation
Q7KN92	134	ECO:0000255|PROSITE-ProRule:PRU00498	N-linked (GlcNAc...) asparagine	glycosylation
Q7KN92	149	ECO:0000255|PROSITE-ProRule:PRU00498	N-linked (GlcNAc...) asparagine	glycosylation
Q7KN92	55	ECO:0000255|PROSITE-ProRule:PRU00498	N-linked (GlcNAc...) asparagine	glycosylation
Q7KN92	91	ECO:0000255|PROSITE-ProRule:PRU00498	N-linked (GlcNAc...) asparagine	glycosylation
Q7KT91	200	ECO:0000255	N-linked (GlcNAc...) asparagine	glycosylation
Q7KT91	288	ECO:0000255	N-linked (GlcNAc...) asparagine	glycosylation
Q7KT91	555	ECO:0000255	N-linked (GlcNAc...) asparagine	glycosylation
Q7KT91	629	ECO:0000255	N-linked (GlcNAc...) asparagine	glycosylation
Q7KT91	673	ECO:0000255	N-linked (GlcNAc...) asparagine	glycosylation
Q7KVA1	131	ECO:0000255|PROSITE-ProRule:PRU00498	N-linked (GlcNAc...) asparagine	glycosylation
Q7KVA1	135	ECO:0000255|PROSITE-ProRule:PRU00498	N-linked (GlcNAc...) asparagine	glycosylation
Q7KVA1	342	ECO:0000255|PROSITE-ProRule:PRU00498	N-linked (GlcNAc...) asparagine	glycosylation
Q7KVA1	696	ECO:0000255|PROSITE-ProRule:PRU00498	N-linked (GlcNAc...) asparagine	glycosylation
Q7KVA1	725	ECO:0000255|PROSITE-ProRule:PRU00498	N-linked (GlcNAc...) asparagine	glycosylation
Q7YTY6	197	ECO:0000255|PROSITE-ProRule:PRU00498	N-linked (GlcNAc...) asparagine	glycosylation
Q7YTY6	232	ECO:0000255|PROSITE-ProRule:PRU00498	N-linked (GlcNAc...) asparagine	glycosylation
Q7Z020	785	ECO:0000255	N-linked (GlcNAc...) asparagine	glycosylation
Q7Z020	802	ECO:0000255	N-linked (GlcNAc...) asparagine	glycosylation
Q7Z020	823	ECO:0000255	N-linked (GlcNAc...) asparagine	glycosylation
Q868T3	35	ECO:0000255	N-linked (GlcNAc...) asparagine	glycosylation
Q868Z9	1064	ECO:0000255	N-linked (GlcNAc...) asparagine	glycosylation
Q868Z9	1489	ECO:0000255	N-linked (GlcNAc...) asparagine	glycosylation
Q868Z9	1623	ECO:0000255	N-linked (GlcNAc...) asparagine	glycosylation
Q868Z9	1750	ECO:0000255	N-linked (GlcNAc...) asparagine	glycosylation
Q868Z9	2020	ECO:0000255	N-linked (GlcNAc...) asparagine	glycosylation
Q868Z9	2083	ECO:0000255	N-linked (GlcNAc...) asparagine	glycosylation
Q868Z9	2205	ECO:0000255	N-linked (GlcNAc...) asparagine	glycosylation
Q868Z9	2465	ECO:0000255	N-linked (GlcNAc...) asparagine	glycosylation
Q868Z9	2552	ECO:0000255	N-linked (GlcNAc...) asparagine	glycosylation
Q868Z9	258	ECO:0000255	N-linked (GlcNAc...) asparagine	glycosylation
Q868Z9	2625	ECO:0000255	N-linked (GlcNAc...) asparagine	glycosylation
Q868Z9	2784	ECO:0000255	N-linked (GlcNAc...) asparagine	glycosylation
Q868Z9	2838	ECO:0000255	N-linked (GlcNAc...) asparagine	glycosylation
Q868Z9	319	ECO:0000255	N-linked (GlcNAc...) asparagine	glycosylation
Q868Z9	419	ECO:0000255	N-linked (GlcNAc...) asparagine	glycosylation
Q868Z9	669	ECO:0000269|PubMed:17893096	N-linked (GlcNAc...) asparagine	glycosylation
Q868Z9	889	ECO:0000255	N-linked (GlcNAc...) asparagine	glycosylation
Q868Z9	914	ECO:0000255	N-linked (GlcNAc...) asparagine	glycosylation
Q868Z9	917	ECO:0000255	N-linked (GlcNAc...) asparagine	glycosylation
Q868Z9	950	ECO:0000255	N-linked (GlcNAc...) asparagine	glycosylation
Q86B61	235	ECO:0000255	N-linked (GlcNAc...) asparagine	glycosylation
Q86B61	614	ECO:0000255	N-linked (GlcNAc...) asparagine	glycosylation
Q86BJ3	207	ECO:0000255|PROSITE-ProRule:PRU00498	N-linked (GlcNAc...) asparagine	glycosylation
Q86BJ3	287	ECO:0000255|PROSITE-ProRule:PRU00498	N-linked (GlcNAc...) asparagine	glycosylation
Q86BJ3	416	ECO:0000255|PROSITE-ProRule:PRU00498	N-linked (GlcNAc...) asparagine	glycosylation
Q86BJ3	451	ECO:0000255|PROSITE-ProRule:PRU00498	N-linked (GlcNAc...) asparagine	glycosylation
Q86BJ3	467	ECO:0000255|PROSITE-ProRule:PRU00498	N-linked (GlcNAc...) asparagine	glycosylation
Q8IA41	103	ECO:0000255	N-linked (GlcNAc...) asparagine	glycosylation
Q8IA41	220	ECO:0000255	N-linked (GlcNAc...) asparagine	glycosylation
Q8IA41	33	ECO:0000255	N-linked (GlcNAc...) asparagine	glycosylation
Q8IA41	379	ECO:0000255	N-linked (GlcNAc...) asparagine	glycosylation
Q8IA42	157	ECO:0000255	N-linked (GlcNAc...) asparagine	glycosylation
Q8IA42	179	ECO:0000255	N-linked (GlcNAc...) asparagine	glycosylation
Q8IA42	529	ECO:0000255	N-linked (GlcNAc...) asparagine	glycosylation
Q8IA42	565	ECO:0000255	N-linked (GlcNAc...) asparagine	glycosylation
Q8IA42	632	ECO:0000255	N-linked (GlcNAc...) asparagine	glycosylation
Q8IA43	146	ECO:0000255	N-linked (GlcNAc...) asparagine	glycosylation
Q8IA43	168	ECO:0000255	N-linked (GlcNAc...) asparagine	glycosylation
Q8IA43	525	ECO:0000255	N-linked (GlcNAc...) asparagine	glycosylation
Q8IA43	72	ECO:0000255	N-linked (GlcNAc...) asparagine	glycosylation
Q8IA43	84	ECO:0000255	N-linked (GlcNAc...) asparagine	glycosylation
Q8IA44	389	ECO:0000255	N-linked (GlcNAc...) asparagine	glycosylation
Q8IA44	428	ECO:0000255	N-linked (GlcNAc...) asparagine	glycosylation
Q8IA44	464	ECO:0000255	N-linked (GlcNAc...) asparagine	glycosylation
Q8IA44	469	ECO:0000255	N-linked (GlcNAc...) asparagine	glycosylation
Q8IA44	50	ECO:0000255	N-linked (GlcNAc...) asparagine	glycosylation
Q8IA44	552	ECO:0000255	N-linked (GlcNAc...) asparagine	glycosylation
Q8IMN5	403	ECO:0000255	N-linked (GlcNAc...) asparagine	glycosylation
Q8IMN6	403	ECO:0000255	N-linked (GlcNAc...) asparagine	glycosylation
Q8IMQ6	343	ECO:0000255	N-linked (GlcNAc...) asparagine	glycosylation
Q8IMQ6	393	ECO:0000255	N-linked (GlcNAc...) asparagine	glycosylation
Q8IMZ9	694	ECO:0000255|PROSITE-ProRule:PRU00498	N-linked (GlcNAc...) asparagine	glycosylation
Q8IMZ9	769	ECO:0000255|PROSITE-ProRule:PRU00498	N-linked (GlcNAc...) asparagine	glycosylation
Q8IN35	57	ECO:0000255|PROSITE-ProRule:PRU00498	N-linked (GlcNAc...) asparagine	glycosylation
Q8IN35	75	ECO:0000255|PROSITE-ProRule:PRU00498	N-linked (GlcNAc...) asparagine	glycosylation
Q8IN35	97	ECO:0000255|PROSITE-ProRule:PRU00498	N-linked (GlcNAc...) asparagine	glycosylation
Q8IN44	49	ECO:0000255	N-linked (GlcNAc...) asparagine	glycosylation
Q8IN58	54	ECO:0000255	N-linked (GlcNAc...) asparagine	glycosylation
Q8INK6	196	ECO:0000255	N-linked (GlcNAc...) asparagine	glycosylation
Q8INZ1	272	ECO:0000255	N-linked (GlcNAc...) asparagine	glycosylation
Q8IPK4	106	ECO:0000255	N-linked (GlcNAc...) asparagine	glycosylation
Q8IPK4	227	ECO:0000255	N-linked (GlcNAc...) asparagine	glycosylation
Q8IPK4	263	ECO:0000255	N-linked (GlcNAc...) asparagine	glycosylation
Q8IPK4	524	ECO:0000255	N-linked (GlcNAc...) asparagine	glycosylation
Q8IRI6	460	ECO:0000255	N-linked (GlcNAc...) asparagine	glycosylation
Q8IRI6	480	ECO:0000255	N-linked (GlcNAc...) asparagine	glycosylation
Q8IRR1	116	ECO:0000255	N-linked (GlcNAc...) asparagine	glycosylation
Q8IRR1	124	ECO:0000255	N-linked (GlcNAc...) asparagine	glycosylation
Q8IRR1	176	ECO:0000255	N-linked (GlcNAc...) asparagine	glycosylation
Q8IRR1	20	ECO:0000255	N-linked (GlcNAc...) asparagine	glycosylation
Q8IRR1	333	ECO:0000255	N-linked (GlcNAc...) asparagine	glycosylation
Q8IRR1	348	ECO:0000255	N-linked (GlcNAc...) asparagine	glycosylation
Q8IRR1	375	ECO:0000255	N-linked (GlcNAc...) asparagine	glycosylation
Q8IRR1	61	ECO:0000255	N-linked (GlcNAc...) asparagine	glycosylation
Q8IRR1	99	ECO:0000255	N-linked (GlcNAc...) asparagine	glycosylation
Q8IS44	146	ECO:0000255|PROSITE-ProRule:PRU00498	N-linked (GlcNAc...) asparagine	glycosylation
Q8IS44	156	ECO:0000255|PROSITE-ProRule:PRU00498	N-linked (GlcNAc...) asparagine	glycosylation
Q8IS44	166	ECO:0000255|PROSITE-ProRule:PRU00498	N-linked (GlcNAc...) asparagine	glycosylation
Q8IS44	174	ECO:0000255|PROSITE-ProRule:PRU00498	N-linked (GlcNAc...) asparagine	glycosylation
Q8IS44	257	ECO:0000255|PROSITE-ProRule:PRU00498	N-linked (GlcNAc...) asparagine	glycosylation
Q8IS44	314	ECO:0000255|PROSITE-ProRule:PRU00498	N-linked (GlcNAc...) asparagine	glycosylation
Q8IS44	343	ECO:0000255|PROSITE-ProRule:PRU00498	N-linked (GlcNAc...) asparagine	glycosylation
Q8IS44	88	ECO:0000255|PROSITE-ProRule:PRU00498	N-linked (GlcNAc...) asparagine	glycosylation
Q8ITC7	13	ECO:0000255	N-linked (GlcNAc...) asparagine	glycosylation
Q8ITC7	2	ECO:0000255	N-linked (GlcNAc...) asparagine	glycosylation
Q8ITC9	5	ECO:0000255|PROSITE-ProRule:PRU00498	N-linked (GlcNAc...) asparagine	glycosylation
Q8MKK4	182	ECO:0000255|PROSITE-ProRule:PRU00498	N-linked (GlcNAc...) asparagine	glycosylation
Q8MKK4	305	ECO:0000255|PROSITE-ProRule:PRU00498	N-linked (GlcNAc...) asparagine	glycosylation
Q8MLZ7	221	ECO:0000250	N-linked (GlcNAc...) asparagine	glycosylation
Q8MM24	122	ECO:0000255	N-linked (GlcNAc...) asparagine	glycosylation
Q8MM24	218	ECO:0000250	N-linked (GlcNAc...) asparagine	glycosylation
Q8MM24	346	ECO:0000269|PubMed:17893096	N-linked (GlcNAc...) asparagine	glycosylation
Q8MPP0	19	ECO:0000255|PROSITE-ProRule:PRU00498	N-linked (GlcNAc...) asparagine	glycosylation
Q8MPP0	28	ECO:0000255|PROSITE-ProRule:PRU00498	N-linked (GlcNAc...) asparagine	glycosylation
Q8MR45	49	ECO:0000255	N-linked (GlcNAc...) asparagine	glycosylation
Q8MR45	64	ECO:0000255	N-linked (GlcNAc...) asparagine	glycosylation
Q8MRC9	321	ECO:0000269|PubMed:30158631, ECO:0007744|PDB:6E4Q	N-linked (GlcNAc...) asparagine	glycosylation
Q8MRC9	373	ECO:0000255	N-linked (GlcNAc...) asparagine	glycosylation
Q8MRQ4	74	ECO:0000255	N-linked (GlcNAc...) asparagine	glycosylation
Q8MRQ4	77	ECO:0000255	N-linked (GlcNAc...) asparagine	glycosylation
Q8MSU3	127	ECO:0000255	N-linked (GlcNAc...) asparagine	glycosylation
Q8MSU3	158	ECO:0000255	N-linked (GlcNAc...) asparagine	glycosylation
Q8MUJ1	226	ECO:0000255|PROSITE-ProRule:PRU00498	N-linked (GlcNAc...) asparagine	glycosylation
Q8MUJ1	339	ECO:0000255|PROSITE-ProRule:PRU00498	N-linked (GlcNAc...) asparagine	glycosylation
Q8MUJ1	406	ECO:0000255|PROSITE-ProRule:PRU00498	N-linked (GlcNAc...) asparagine	glycosylation
Q8MV48	30	ECO:0000255	N-linked (GlcNAc...) asparagine	glycosylation
Q8MV48	576	ECO:0000255	N-linked (GlcNAc...) asparagine	glycosylation
Q8MVS5	264	ECO:0000255	N-linked (GlcNAc...) asparagine	glycosylation
Q8MVS5	69	ECO:0000255	N-linked (GlcNAc...) asparagine	glycosylation
Q8MYY6	111	ECO:0000255	N-linked (GlcNAc...) asparagine	glycosylation
Q8MYY6	48	ECO:0000255	N-linked (GlcNAc...) asparagine	glycosylation
Q8MYY6	501	ECO:0000255	N-linked (GlcNAc...) asparagine	glycosylation
Q8SXQ7	231	ECO:0000255	N-linked (GlcNAc...) asparagine	glycosylation
Q8SXQ7	359	ECO:0000255	N-linked (GlcNAc...) asparagine	glycosylation
Q8SYV9	133	ECO:0000255	N-linked (GlcNAc...) asparagine	glycosylation
Q8SYV9	178	ECO:0000255	N-linked (GlcNAc...) asparagine	glycosylation
Q8SYV9	20	ECO:0000255	N-linked (GlcNAc...) asparagine	glycosylation
Q8SYV9	206	ECO:0000255	N-linked (GlcNAc...) asparagine	glycosylation
Q8SYV9	29	ECO:0000255	N-linked (GlcNAc...) asparagine	glycosylation
Q8SYV9	30	ECO:0000255	N-linked (GlcNAc...) asparagine	glycosylation
Q8SYV9	36	ECO:0000255	N-linked (GlcNAc...) asparagine	glycosylation
Q8SYV9	47	ECO:0000255	N-linked (GlcNAc...) asparagine	glycosylation
Q8T062	387	ECO:0000255|PROSITE-ProRule:PRU00498	N-linked (GlcNAc...) asparagine	glycosylation
Q8T062	593	ECO:0000255|PROSITE-ProRule:PRU00498	N-linked (GlcNAc...) asparagine	glycosylation
Q8T062	723	ECO:0000255|PROSITE-ProRule:PRU00498	N-linked (GlcNAc...) asparagine	glycosylation
Q8T062	819	ECO:0000255|PROSITE-ProRule:PRU00498	N-linked (GlcNAc...) asparagine	glycosylation
Q8T062	916	ECO:0000255|PROSITE-ProRule:PRU00498	N-linked (GlcNAc...) asparagine	glycosylation
Q8T062	969	ECO:0000255|PROSITE-ProRule:PRU00498	N-linked (GlcNAc...) asparagine	glycosylation
Q8T0R7	289	ECO:0000250	N-linked (GlcNAc...) asparagine	glycosylation
Q8T0R7	311	ECO:0000255	N-linked (GlcNAc...) asparagine	glycosylation
Q8T8L8	25	ECO:0000255	N-linked (GlcNAc...) asparagine	glycosylation
Q8WSF3	210	ECO:0000255	N-linked (GlcNAc...) asparagine	glycosylation
Q8WSF3	412	ECO:0000255	N-linked (GlcNAc...) asparagine	glycosylation
Q8WSF3	452	ECO:0000255	N-linked (GlcNAc...) asparagine	glycosylation
Q94526	58	ECO:0000255	N-linked (GlcNAc...) asparagine	glycosylation
Q94887	1047	ECO:0000255	N-linked (GlcNAc...) asparagine	glycosylation
Q94887	1137	ECO:0000269|PubMed:17893096	N-linked (GlcNAc...) asparagine	glycosylation
Q94887	195	ECO:0000255	N-linked (GlcNAc...) asparagine	glycosylation
Q94887	329	ECO:0000255	N-linked (GlcNAc...) asparagine	glycosylation
Q94887	340	ECO:0000255	N-linked (GlcNAc...) asparagine	glycosylation
Q94887	398	ECO:0000255	N-linked (GlcNAc...) asparagine	glycosylation
Q94887	668	ECO:0000255	N-linked (GlcNAc...) asparagine	glycosylation
Q94887	974	ECO:0000255	N-linked (GlcNAc...) asparagine	glycosylation
Q94918	211	ECO:0000255	N-linked (GlcNAc...) asparagine	glycosylation
Q94918	252	ECO:0000255	N-linked (GlcNAc...) asparagine	glycosylation
Q94918	350	ECO:0000255	N-linked (GlcNAc...) asparagine	glycosylation
Q94918	381	ECO:0000255	N-linked (GlcNAc...) asparagine	glycosylation
Q94918	424	ECO:0000255	N-linked (GlcNAc...) asparagine	glycosylation
Q94918	449	ECO:0000255	N-linked (GlcNAc...) asparagine	glycosylation
Q94918	521	ECO:0000255	N-linked (GlcNAc...) asparagine	glycosylation
Q94918	574	ECO:0000255	N-linked (GlcNAc...) asparagine	glycosylation
Q94918	76	ECO:0000255	N-linked (GlcNAc...) asparagine	glycosylation
Q95029	127	ECO:0000255	N-linked (GlcNAc...) asparagine	glycosylation
Q95NH6	39	ECO:0000269|PubMed:14744858	O-linked (GalNAc...) threonine	glycosylation
Q95R48	55	ECO:0000255	N-linked (GlcNAc...) asparagine	glycosylation
Q95R48	67	ECO:0000255	N-linked (GlcNAc...) asparagine	glycosylation
Q95R48	89	ECO:0000255	N-linked (GlcNAc...) asparagine	glycosylation
Q95R48	97	ECO:0000255	N-linked (GlcNAc...) asparagine	glycosylation
Q95RA9	157	ECO:0000255|PROSITE-ProRule:PRU00498	N-linked (GlcNAc...) asparagine	glycosylation
Q95RU0	108	ECO:0000255	N-linked (GlcNAc...) asparagine	glycosylation
Q95RU0	175	ECO:0000255	N-linked (GlcNAc...) asparagine	glycosylation
Q95RU0	190	ECO:0000255	N-linked (GlcNAc...) asparagine	glycosylation
Q95RU0	313	ECO:0000269|PubMed:19349973	N-linked (GlcNAc...) asparagine	glycosylation
Q95RU0	473	ECO:0000255	N-linked (GlcNAc...) asparagine	glycosylation
Q95RU0	508	ECO:0000255	N-linked (GlcNAc...) asparagine	glycosylation
Q95RU0	82	ECO:0000255	N-linked (GlcNAc...) asparagine	glycosylation
Q95ST2	58	ECO:0000255	N-linked (GlcNAc...) asparagine	glycosylation
Q95T10	83	ECO:0000255|PROSITE-ProRule:PRU00498	N-linked (GlcNAc...) asparagine	glycosylation
Q95T64	273	ECO:0000255	N-linked (GlcNAc...) asparagine	glycosylation
Q95T64	320	ECO:0000269|PubMed:17893096	N-linked (GlcNAc...) asparagine	glycosylation
Q95TU8	300	ECO:0000255	N-linked (GlcNAc...) asparagine	glycosylation
Q95TU8	79	ECO:0000255	N-linked (GlcNAc...) asparagine	glycosylation
Q961J5	68	ECO:0000255|PROSITE-ProRule:PRU00498	N-linked (GlcNAc...) asparagine	glycosylation
Q961J5	88	ECO:0000255|PROSITE-ProRule:PRU00498	N-linked (GlcNAc...) asparagine	glycosylation
Q9GN97	222	ECO:0000255	N-linked (GlcNAc...) asparagine	glycosylation
Q9GNK5	389	ECO:0000269|PubMed:16556841	N-linked (GlcNAc...) asparagine	glycosylation
Q9GNK5	515	ECO:0000269|PubMed:16556841	N-linked (GlcNAc...) asparagine	glycosylation
Q9GQQ0	149	ECO:0000255	N-linked (GlcNAc...) asparagine	glycosylation
Q9GQQ0	319	ECO:0000255	N-linked (GlcNAc...) asparagine	glycosylation
Q9GQQ0	519	ECO:0000255	N-linked (GlcNAc...) asparagine	glycosylation
Q9GQQ0	583	ECO:0000255	N-linked (GlcNAc...) asparagine	glycosylation
Q9NBW1	306	ECO:0000255	N-linked (GlcNAc...) asparagine	glycosylation
Q9NBW1	317	ECO:0000255	N-linked (GlcNAc...) asparagine	glycosylation
Q9NBW1	423	ECO:0000255	N-linked (GlcNAc...) asparagine	glycosylation
Q9NBW1	60	ECO:0000255	N-linked (GlcNAc...) asparagine	glycosylation
Q9NDM2	298	ECO:0000255	N-linked (GlcNAc...) asparagine	glycosylation
Q9NFP1	103	ECO:0000255	N-linked (GlcNAc...) asparagine	glycosylation
Q9NFP1	120	ECO:0000255	N-linked (GlcNAc...) asparagine	glycosylation
Q9NFP1	128	ECO:0000255	N-linked (GlcNAc...) asparagine	glycosylation
Q9NFP1	180	ECO:0000255	N-linked (GlcNAc...) asparagine	glycosylation
Q9NFP1	354	ECO:0000269|PubMed:17893096	N-linked (GlcNAc...) asparagine	glycosylation
Q9NFP1	379	ECO:0000255	N-linked (GlcNAc...) asparagine	glycosylation
Q9NFP1	65	ECO:0000255	N-linked (GlcNAc...) asparagine	glycosylation
Q9NHA8	362	ECO:0000255	N-linked (GlcNAc...) asparagine	glycosylation
Q9NHA8	373	ECO:0000255	N-linked (GlcNAc...) asparagine	glycosylation
Q9NHB0	185	ECO:0000255	N-linked (GlcNAc...) asparagine	glycosylation
Q9NHB0	56	ECO:0000255	N-linked (GlcNAc...) asparagine	glycosylation
Q9NHB0	81	ECO:0000255	N-linked (GlcNAc...) asparagine	glycosylation
Q9NIV1	193	ECO:0000255	N-linked (GlcNAc...) asparagine	glycosylation
Q9NIV1	260	ECO:0000255	N-linked (GlcNAc...) asparagine	glycosylation
Q9NIV1	353	ECO:0000255	N-linked (GlcNAc...) asparagine	glycosylation
Q9NIV1	461	ECO:0000255	N-linked (GlcNAc...) asparagine	glycosylation
Q9NIV1	505	ECO:0000255	N-linked (GlcNAc...) asparagine	glycosylation
Q9NIV1	516	ECO:0000255	N-linked (GlcNAc...) asparagine	glycosylation
Q9U1M2	111	ECO:0000255	N-linked (GlcNAc...) asparagine	glycosylation
Q9U4H5	141	ECO:0000255|PROSITE-ProRule:PRU00498	N-linked (GlcNAc...) asparagine	glycosylation
Q9U4H5	194	ECO:0000255|PROSITE-ProRule:PRU00498	N-linked (GlcNAc...) asparagine	glycosylation
Q9U4H5	206	ECO:0000255|PROSITE-ProRule:PRU00498	N-linked (GlcNAc...) asparagine	glycosylation
Q9U4H5	216	ECO:0000255|PROSITE-ProRule:PRU00498	N-linked (GlcNAc...) asparagine	glycosylation
Q9U4H5	53	ECO:0000255|PROSITE-ProRule:PRU00498	N-linked (GlcNAc...) asparagine	glycosylation
Q9U4H5	89	ECO:0000255|PROSITE-ProRule:PRU00498	N-linked (GlcNAc...) asparagine	glycosylation
Q9U6A0	514	ECO:0000255	N-linked (GlcNAc...) asparagine	glycosylation
Q9U6A0	551	ECO:0000255	N-linked (GlcNAc...) asparagine	glycosylation
Q9U6A0	69	ECO:0000255	N-linked (GlcNAc...) asparagine	glycosylation
Q9U6L4	136	ECO:0000255	N-linked (GlcNAc...) asparagine	glycosylation
Q9U6L4	166	ECO:0000255	N-linked (GlcNAc...) asparagine	glycosylation
Q9U6L4	183	ECO:0000255	N-linked (GlcNAc...) asparagine	glycosylation
Q9U6L4	27	ECO:0000255	N-linked (GlcNAc...) asparagine	glycosylation
Q9U6L4	34	ECO:0000255	N-linked (GlcNAc...) asparagine	glycosylation
Q9U6L4	359	ECO:0000255	N-linked (GlcNAc...) asparagine	glycosylation
Q9V3A4	316	ECO:0000255	N-linked (GlcNAc...) asparagine	glycosylation
Q9V3A6	232	ECO:0000255	N-linked (GlcNAc...) asparagine	glycosylation
Q9V3A6	395	ECO:0000255	N-linked (GlcNAc...) asparagine	glycosylation
Q9V3D4	220	ECO:0000269|PubMed:11821393	N-linked (GlcNAc...) asparagine	glycosylation
Q9V3L1	388	ECO:0000255	N-linked (GlcNAc...) asparagine	glycosylation
Q9V3L1	555	ECO:0000255	N-linked (GlcNAc...) asparagine	glycosylation
Q9V3L1	823	ECO:0000255	N-linked (GlcNAc...) asparagine	glycosylation
Q9V3L1	892	ECO:0000255	N-linked (GlcNAc...) asparagine	glycosylation
Q9V3N1	207	ECO:0000255|PROSITE-ProRule:PRU00498	N-linked (GlcNAc...) asparagine	glycosylation
Q9V3N1	87	ECO:0000255|PROSITE-ProRule:PRU00498	N-linked (GlcNAc...) asparagine	glycosylation
Q9V3N2	370	ECO:0000255	N-linked (GlcNAc...) asparagine	glycosylation
Q9V3N2	59	ECO:0000255	N-linked (GlcNAc...) asparagine	glycosylation
Q9V3Q2	161	ECO:0000255	N-linked (GlcNAc...) asparagine	glycosylation
Q9V3X5	800	ECO:0000255|PROSITE-ProRule:PRU00498	N-linked (GlcNAc...) asparagine	glycosylation
Q9V3Z2	141	ECO:0000255|PROSITE-ProRule:PRU00498	N-linked (GlcNAc...) asparagine	glycosylation
Q9V422	124	ECO:0000255	N-linked (GlcNAc...) asparagine	glycosylation
Q9V422	163	ECO:0000255	N-linked (GlcNAc...) asparagine	glycosylation
Q9V422	168	ECO:0000255	N-linked (GlcNAc...) asparagine	glycosylation
Q9V422	183	ECO:0000255	N-linked (GlcNAc...) asparagine	glycosylation
Q9V438	279	ECO:0000255|PROSITE-ProRule:PRU00498	N-linked (GlcNAc...) asparagine	glycosylation
Q9V477	1000	ECO:0000255|PROSITE-ProRule:PRU00498	N-linked (GlcNAc...) asparagine	glycosylation
Q9V477	112	ECO:0000255|PROSITE-ProRule:PRU00498	N-linked (GlcNAc...) asparagine	glycosylation
Q9V477	126	ECO:0000255|PROSITE-ProRule:PRU00498	N-linked (GlcNAc...) asparagine	glycosylation
Q9V477	182	ECO:0000255|PROSITE-ProRule:PRU00498	N-linked (GlcNAc...) asparagine	glycosylation
Q9V477	291	ECO:0000255|PROSITE-ProRule:PRU00498	N-linked (GlcNAc...) asparagine	glycosylation
Q9V477	426	ECO:0000255|PROSITE-ProRule:PRU00498	N-linked (GlcNAc...) asparagine	glycosylation
Q9V477	468	ECO:0000255|PROSITE-ProRule:PRU00498	N-linked (GlcNAc...) asparagine	glycosylation
Q9V477	505	ECO:0000255|PROSITE-ProRule:PRU00498	N-linked (GlcNAc...) asparagine	glycosylation
Q9V477	552	ECO:0000255|PROSITE-ProRule:PRU00498	N-linked (GlcNAc...) asparagine	glycosylation
Q9V477	63	ECO:0000255|PROSITE-ProRule:PRU00498	N-linked (GlcNAc...) asparagine	glycosylation
Q9V477	640	ECO:0000255|PROSITE-ProRule:PRU00498	N-linked (GlcNAc...) asparagine	glycosylation
Q9V477	823	ECO:0000255|PROSITE-ProRule:PRU00498	N-linked (GlcNAc...) asparagine	glycosylation
Q9V477	832	ECO:0000255|PROSITE-ProRule:PRU00498	N-linked (GlcNAc...) asparagine	glycosylation
Q9V477	956	ECO:0000255|PROSITE-ProRule:PRU00498	N-linked (GlcNAc...) asparagine	glycosylation
Q9V496	1514	ECO:0000255	N-linked (GlcNAc...) asparagine	glycosylation
Q9V496	1744	ECO:0000255	N-linked (GlcNAc...) asparagine	glycosylation
Q9V496	1932	ECO:0000255	N-linked (GlcNAc...) asparagine	glycosylation
Q9V496	1979	ECO:0000255	N-linked (GlcNAc...) asparagine	glycosylation
Q9V496	2822	ECO:0000269|PubMed:17893096	N-linked (GlcNAc...) asparagine	glycosylation
Q9V496	644	ECO:0000255	N-linked (GlcNAc...) asparagine	glycosylation
Q9V496	67	ECO:0000255	N-linked (GlcNAc...) asparagine	glycosylation
Q9V498	304	ECO:0000269|PubMed:17893096	N-linked (GlcNAc...) asparagine	glycosylation
Q9V498	486	ECO:0000255	N-linked (GlcNAc...) asparagine	glycosylation
Q9V498	53	ECO:0000255	N-linked (GlcNAc...) asparagine	glycosylation
Q9V498	608	ECO:0000255	N-linked (GlcNAc...) asparagine	glycosylation
Q9V498	823	ECO:0000255	N-linked (GlcNAc...) asparagine	glycosylation
Q9V4A7	1053	ECO:0000255	N-linked (GlcNAc...) asparagine	glycosylation
Q9V4A7	1092	ECO:0000255	N-linked (GlcNAc...) asparagine	glycosylation
Q9V4A7	1140	ECO:0000255	N-linked (GlcNAc...) asparagine	glycosylation
Q9V4A7	1181	ECO:0000255	N-linked (GlcNAc...) asparagine	glycosylation
Q9V4A7	1307	ECO:0000255	N-linked (GlcNAc...) asparagine	glycosylation
Q9V4A7	1316	ECO:0000255	N-linked (GlcNAc...) asparagine	glycosylation
Q9V4A7	198	ECO:0000255	N-linked (GlcNAc...) asparagine	glycosylation
Q9V4A7	276	ECO:0000255	N-linked (GlcNAc...) asparagine	glycosylation
Q9V4A7	400	ECO:0000255	N-linked (GlcNAc...) asparagine	glycosylation
Q9V4A7	455	ECO:0000255	N-linked (GlcNAc...) asparagine	glycosylation
Q9V4A7	541	ECO:0000255	N-linked (GlcNAc...) asparagine	glycosylation
Q9V4A7	68	ECO:0000255	N-linked (GlcNAc...) asparagine	glycosylation
Q9V4A7	863	ECO:0000255	N-linked (GlcNAc...) asparagine	glycosylation
Q9V4Q0	422	ECO:0000255	N-linked (GlcNAc...) asparagine	glycosylation
Q9V521	448	ECO:0000255	N-linked (GlcNAc...) asparagine	glycosylation
Q9V521	492	ECO:0000255	N-linked (GlcNAc...) asparagine	glycosylation
Q9V521	665	ECO:0000255	N-linked (GlcNAc...) asparagine	glycosylation
Q9V521	677	ECO:0000255	N-linked (GlcNAc...) asparagine	glycosylation
Q9V576	169	ECO:0000255	N-linked (GlcNAc...) asparagine	glycosylation
Q9V576	51	ECO:0000255	N-linked (GlcNAc...) asparagine	glycosylation
Q9V5E1	315	ECO:0000255	N-linked (GlcNAc...) asparagine	glycosylation
Q9V5E1	92	ECO:0000255	N-linked (GlcNAc...) asparagine	glycosylation
Q9V5N8	1269	ECO:0000255	N-linked (GlcNAc...) asparagine	glycosylation
Q9V5N8	1374	ECO:0000255	N-linked (GlcNAc...) asparagine	glycosylation
Q9V5N8	1441	ECO:0000255	N-linked (GlcNAc...) asparagine	glycosylation
Q9V5N8	1650	ECO:0000255	N-linked (GlcNAc...) asparagine	glycosylation
Q9V5N8	1678	ECO:0000255	N-linked (GlcNAc...) asparagine	glycosylation
Q9V5N8	1747	ECO:0000255	N-linked (GlcNAc...) asparagine	glycosylation
Q9V5N8	179	ECO:0000255	N-linked (GlcNAc...) asparagine	glycosylation
Q9V5N8	1843	ECO:0000255	N-linked (GlcNAc...) asparagine	glycosylation
Q9V5N8	1975	ECO:0000255	N-linked (GlcNAc...) asparagine	glycosylation
Q9V5N8	2016	ECO:0000255	N-linked (GlcNAc...) asparagine	glycosylation
Q9V5N8	2028	ECO:0000255	N-linked (GlcNAc...) asparagine	glycosylation
Q9V5N8	2071	ECO:0000255	N-linked (GlcNAc...) asparagine	glycosylation
Q9V5N8	2088	ECO:0000255	N-linked (GlcNAc...) asparagine	glycosylation
Q9V5N8	2196	ECO:0000255	N-linked (GlcNAc...) asparagine	glycosylation
Q9V5N8	2320	ECO:0000255	N-linked (GlcNAc...) asparagine	glycosylation
Q9V5N8	2784	ECO:0000255	N-linked (GlcNAc...) asparagine	glycosylation
Q9V5N8	340	ECO:0000255	N-linked (GlcNAc...) asparagine	glycosylation
Q9V5N8	46	ECO:0000255	N-linked (GlcNAc...) asparagine	glycosylation
Q9V5N8	671	ECO:0000255	N-linked (GlcNAc...) asparagine	glycosylation
Q9V5N8	886	ECO:0000255	N-linked (GlcNAc...) asparagine	glycosylation
Q9V6K3	186	ECO:0000255	N-linked (GlcNAc...) asparagine	glycosylation
Q9V6K3	194	ECO:0000255	N-linked (GlcNAc...) asparagine	glycosylation
Q9V6K3	201	ECO:0000255	N-linked (GlcNAc...) asparagine	glycosylation
Q9V6K3	232	ECO:0000255	N-linked (GlcNAc...) asparagine	glycosylation
Q9V6X7	60	ECO:0000255	N-linked (GlcNAc...) asparagine	glycosylation
Q9V730	327	ECO:0000255	N-linked (GlcNAc...) asparagine	glycosylation
Q9V730	476	ECO:0000255	N-linked (GlcNAc...) asparagine	glycosylation
Q9V730	71	ECO:0000255	N-linked (GlcNAc...) asparagine	glycosylation
Q9V7A4	282	ECO:0000255	N-linked (GlcNAc...) asparagine	glycosylation
Q9V7A4	415	ECO:0000255	N-linked (GlcNAc...) asparagine	glycosylation
Q9V7A4	509	ECO:0000255	N-linked (GlcNAc...) asparagine	glycosylation
Q9V7A4	62	ECO:0000255	N-linked (GlcNAc...) asparagine	glycosylation
Q9V7A4	643	ECO:0000255	N-linked (GlcNAc...) asparagine	glycosylation
Q9V7A4	661	ECO:0000255	N-linked (GlcNAc...) asparagine	glycosylation
Q9V7A4	70	ECO:0000255	N-linked (GlcNAc...) asparagine	glycosylation
Q9V7A4	800	ECO:0000255	N-linked (GlcNAc...) asparagine	glycosylation
Q9V7A4	875	ECO:0000255	N-linked (GlcNAc...) asparagine	glycosylation
Q9V7A4	896	ECO:0000255	N-linked (GlcNAc...) asparagine	glycosylation
Q9V7A4	907	ECO:0000255	N-linked (GlcNAc...) asparagine	glycosylation
Q9V7A4	931	ECO:0000255	N-linked (GlcNAc...) asparagine	glycosylation
Q9V7H4	1013	ECO:0000255	N-linked (GlcNAc...) asparagine	glycosylation
Q9V7H4	114	ECO:0000255	N-linked (GlcNAc...) asparagine	glycosylation
Q9V7H4	168	ECO:0000255	N-linked (GlcNAc...) asparagine	glycosylation
Q9V7H4	235	ECO:0000255	N-linked (GlcNAc...) asparagine	glycosylation
Q9V7H4	316	ECO:0000255	N-linked (GlcNAc...) asparagine	glycosylation
Q9V7H4	317	ECO:0000255	N-linked (GlcNAc...) asparagine	glycosylation
Q9V7H4	342	ECO:0000255	N-linked (GlcNAc...) asparagine	glycosylation
Q9V7H4	372	ECO:0000255	N-linked (GlcNAc...) asparagine	glycosylation
Q9V7H4	409	ECO:0000255	N-linked (GlcNAc...) asparagine	glycosylation
Q9V7H4	462	ECO:0000255	N-linked (GlcNAc...) asparagine	glycosylation
Q9V7H4	563	ECO:0000255	N-linked (GlcNAc...) asparagine	glycosylation
Q9V7H4	84	ECO:0000255	N-linked (GlcNAc...) asparagine	glycosylation
Q9V7H4	890	ECO:0000255	N-linked (GlcNAc...) asparagine	glycosylation
Q9V7W1	142	ECO:0000255	N-linked (GlcNAc...) asparagine	glycosylation
Q9V7W1	44	ECO:0000255	N-linked (GlcNAc...) asparagine	glycosylation
Q9V817	117	ECO:0000255	N-linked (GlcNAc...) asparagine	glycosylation
Q9V817	165	ECO:0000255	N-linked (GlcNAc...) asparagine	glycosylation
Q9V817	39	ECO:0000255	N-linked (GlcNAc...) asparagine	glycosylation
Q9V817	456	ECO:0000255	N-linked (GlcNAc...) asparagine	glycosylation
Q9V818	120	ECO:0000255	N-linked (GlcNAc...) asparagine	glycosylation
Q9V818	168	ECO:0000250|UniProtKB:O97148	N-linked (GlcNAc...) asparagine	glycosylation
Q9V818	42	ECO:0000255	N-linked (GlcNAc...) asparagine	glycosylation
Q9V8Y2	23	ECO:0000255	N-linked (GlcNAc...) asparagine	glycosylation
Q9V969	290	ECO:0000255	N-linked (GlcNAc...) asparagine	glycosylation
Q9V9A8	132	ECO:0000255|PROSITE-ProRule:PRU00498	N-linked (GlcNAc...) asparagine	glycosylation
Q9V9A8	239	ECO:0000255|PROSITE-ProRule:PRU00498	N-linked (GlcNAc...) asparagine	glycosylation
Q9V9A8	431	ECO:0000255|PROSITE-ProRule:PRU00498	N-linked (GlcNAc...) asparagine	glycosylation
Q9V9A8	452	ECO:0000255|PROSITE-ProRule:PRU00498	N-linked (GlcNAc...) asparagine	glycosylation
Q9V9I2	394	ECO:0000255	N-linked (GlcNAc...) asparagine	glycosylation
Q9V9N1	18	ECO:0000255|PROSITE-ProRule:PRU00498	N-linked (GlcNAc...) asparagine	glycosylation
Q9V9N1	235	ECO:0000255|PROSITE-ProRule:PRU00498	N-linked (GlcNAc...) asparagine	glycosylation
Q9V9N1	299	ECO:0000255|PROSITE-ProRule:PRU00498	N-linked (GlcNAc...) asparagine	glycosylation
Q9V9N1	531	ECO:0000255|PROSITE-ProRule:PRU00498	N-linked (GlcNAc...) asparagine	glycosylation
Q9V9Y4	192	ECO:0000255|PROSITE-ProRule:PRU00498	N-linked (GlcNAc...) asparagine	glycosylation
Q9V9Y4	231	ECO:0000255|PROSITE-ProRule:PRU00498	N-linked (GlcNAc...) asparagine	glycosylation
Q9V9Y4	264	ECO:0000255|PROSITE-ProRule:PRU00498	N-linked (GlcNAc...) asparagine	glycosylation
Q9V9Y4	271	ECO:0000255|PROSITE-ProRule:PRU00498	N-linked (GlcNAc...) asparagine	glycosylation
Q9V9Y4	283	ECO:0000255|PROSITE-ProRule:PRU00498	N-linked (GlcNAc...) asparagine	glycosylation
Q9V9Y4	33	ECO:0000255|PROSITE-ProRule:PRU00498	N-linked (GlcNAc...) asparagine	glycosylation
Q9V9Y4	42	ECO:0000255|PROSITE-ProRule:PRU00498	N-linked (GlcNAc...) asparagine	glycosylation
Q9V9Y4	52	ECO:0000255|PROSITE-ProRule:PRU00498	N-linked (GlcNAc...) asparagine	glycosylation
Q9VA70	230	ECO:0000255	N-linked (GlcNAc...) asparagine	glycosylation
Q9VA70	362	ECO:0000255	N-linked (GlcNAc...) asparagine	glycosylation
Q9VA70	550	ECO:0000255	N-linked (GlcNAc...) asparagine	glycosylation
Q9VA70	598	ECO:0000255	N-linked (GlcNAc...) asparagine	glycosylation
Q9VAC5	100	ECO:0000255	N-linked (GlcNAc...) asparagine	glycosylation
Q9VAC5	263	ECO:0000255	N-linked (GlcNAc...) asparagine	glycosylation
Q9VAC5	492	ECO:0000255	N-linked (GlcNAc...) asparagine	glycosylation
Q9VAC5	604	ECO:0000255	N-linked (GlcNAc...) asparagine	glycosylation
Q9VAF0	218	ECO:0000255	N-linked (GlcNAc...) asparagine	glycosylation
Q9VAF0	4	ECO:0000255	N-linked (GlcNAc...) asparagine	glycosylation
Q9VAF5	105	ECO:0000255|PROSITE-ProRule:PRU00498	N-linked (GlcNAc...) asparagine	glycosylation
Q9VAF5	1053	ECO:0000255|PROSITE-ProRule:PRU00498	N-linked (GlcNAc...) asparagine	glycosylation
Q9VAF5	1088	ECO:0000255|PROSITE-ProRule:PRU00498	N-linked (GlcNAc...) asparagine	glycosylation
Q9VAF5	1108	ECO:0000255|PROSITE-ProRule:PRU00498	N-linked (GlcNAc...) asparagine	glycosylation
Q9VAF5	1311	ECO:0000255|PROSITE-ProRule:PRU00498	N-linked (GlcNAc...) asparagine	glycosylation
Q9VAF5	1367	ECO:0000255|PROSITE-ProRule:PRU00498	N-linked (GlcNAc...) asparagine	glycosylation
Q9VAF5	188	ECO:0000255|PROSITE-ProRule:PRU00498	N-linked (GlcNAc...) asparagine	glycosylation
Q9VAF5	442	ECO:0000255|PROSITE-ProRule:PRU00498	N-linked (GlcNAc...) asparagine	glycosylation
Q9VAF5	553	ECO:0000255|PROSITE-ProRule:PRU00498	N-linked (GlcNAc...) asparagine	glycosylation
Q9VAF5	620	ECO:0000255|PROSITE-ProRule:PRU00498	N-linked (GlcNAc...) asparagine	glycosylation
Q9VAF5	753	ECO:0000255|PROSITE-ProRule:PRU00498	N-linked (GlcNAc...) asparagine	glycosylation
Q9VAP3	20	ECO:0000255	N-linked (GlcNAc...) asparagine	glycosylation
Q9VAP3	209	ECO:0000255	N-linked (GlcNAc...) asparagine	glycosylation
Q9VAP3	284	ECO:0000255	N-linked (GlcNAc...) asparagine	glycosylation
Q9VAP3	488	ECO:0000255	N-linked (GlcNAc...) asparagine	glycosylation
Q9VAP3	520	ECO:0000255	N-linked (GlcNAc...) asparagine	glycosylation
Q9VAQ8	57	ECO:0000255|PROSITE-ProRule:PRU00498	N-linked (GlcNAc...) asparagine	glycosylation
Q9VAZ3	187	ECO:0000255	N-linked (GlcNAc...) asparagine	glycosylation
Q9VB30	157	ECO:0000255	N-linked (GlcNAc...) asparagine	glycosylation
Q9VB30	383	ECO:0000255	N-linked (GlcNAc...) asparagine	glycosylation
Q9VB46	213	ECO:0000255|PROSITE-ProRule:PRU00498	N-linked (GlcNAc...) asparagine	glycosylation
Q9VB46	217	ECO:0000255|PROSITE-ProRule:PRU00498	N-linked (GlcNAc...) asparagine	glycosylation
Q9VB68	230	ECO:0000269|PubMed:21310954, ECO:0007744|PDB:2XXL	N-linked (GlcNAc...) asparagine	glycosylation
Q9VB68	270	ECO:0000269|PubMed:21310954, ECO:0007744|PDB:2XXL	N-linked (GlcNAc...) asparagine	glycosylation
Q9VBC7	189	ECO:0000255|PROSITE-ProRule:PRU00498	N-linked (GlcNAc...) asparagine	glycosylation
Q9VBC7	312	ECO:0000255|PROSITE-ProRule:PRU00498	N-linked (GlcNAc...) asparagine	glycosylation
Q9VBC7	544	ECO:0000255|PROSITE-ProRule:PRU00498	N-linked (GlcNAc...) asparagine	glycosylation
Q9VBL5	241	ECO:0000255|PROSITE-ProRule:PRU00498	N-linked (GlcNAc...) asparagine	glycosylation
Q9VBL5	248	ECO:0000255|PROSITE-ProRule:PRU00498	N-linked (GlcNAc...) asparagine	glycosylation
Q9VBL5	344	ECO:0000255|PROSITE-ProRule:PRU00498	N-linked (GlcNAc...) asparagine	glycosylation
Q9VBL5	41	ECO:0000255|PROSITE-ProRule:PRU00498	N-linked (GlcNAc...) asparagine	glycosylation
Q9VBL5	73	ECO:0000255|PROSITE-ProRule:PRU00498	N-linked (GlcNAc...) asparagine	glycosylation
Q9VBV5	150	ECO:0000255	N-linked (GlcNAc...) asparagine	glycosylation
Q9VBV5	199	ECO:0000255	N-linked (GlcNAc...) asparagine	glycosylation
Q9VBV5	29	ECO:0000255	N-linked (GlcNAc...) asparagine	glycosylation
Q9VBV5	400	ECO:0000255	N-linked (GlcNAc...) asparagine	glycosylation
Q9VBW3	126	ECO:0000255	N-linked (GlcNAc...) asparagine	glycosylation
Q9VBW3	164	ECO:0000255	N-linked (GlcNAc...) asparagine	glycosylation
Q9VBW3	180	ECO:0000255	N-linked (GlcNAc...) asparagine	glycosylation
Q9VBW3	278	ECO:0000255	N-linked (GlcNAc...) asparagine	glycosylation
Q9VBW3	279	ECO:0000255	N-linked (GlcNAc...) asparagine	glycosylation
Q9VBW3	300	ECO:0000255	N-linked (GlcNAc...) asparagine	glycosylation
Q9VBW3	301	ECO:0000255	N-linked (GlcNAc...) asparagine	glycosylation
Q9VBZ9	236	ECO:0000255|PROSITE-ProRule:PRU00498	N-linked (GlcNAc...) asparagine	glycosylation
Q9VC27	108	ECO:0000255	N-linked (GlcNAc...) asparagine	glycosylation
Q9VC27	116	ECO:0000255	N-linked (GlcNAc...) asparagine	glycosylation
Q9VC27	138	ECO:0000255	N-linked (GlcNAc...) asparagine	glycosylation
Q9VC27	381	ECO:0000255	N-linked (GlcNAc...) asparagine	glycosylation
Q9VC27	45	ECO:0000255	N-linked (GlcNAc...) asparagine	glycosylation
Q9VC27	461	ECO:0000255	N-linked (GlcNAc...) asparagine	glycosylation
Q9VC27	489	ECO:0000255	N-linked (GlcNAc...) asparagine	glycosylation
Q9VC27	585	ECO:0000255	N-linked (GlcNAc...) asparagine	glycosylation
Q9VC27	609	ECO:0000255	N-linked (GlcNAc...) asparagine	glycosylation
Q9VC47	1005	ECO:0000255|PROSITE-ProRule:PRU00498	N-linked (GlcNAc...) asparagine	glycosylation
Q9VC47	1038	ECO:0000255|PROSITE-ProRule:PRU00498	N-linked (GlcNAc...) asparagine	glycosylation
Q9VC47	1327	ECO:0000255|PROSITE-ProRule:PRU00498	N-linked (GlcNAc...) asparagine	glycosylation
Q9VC47	214	ECO:0000255|PROSITE-ProRule:PRU00498	N-linked (GlcNAc...) asparagine	glycosylation
Q9VC47	321	ECO:0000255|PROSITE-ProRule:PRU00498	N-linked (GlcNAc...) asparagine	glycosylation
Q9VC47	486	ECO:0000255|PROSITE-ProRule:PRU00498	N-linked (GlcNAc...) asparagine	glycosylation
Q9VC47	541	ECO:0000255|PROSITE-ProRule:PRU00498	N-linked (GlcNAc...) asparagine	glycosylation
Q9VC47	559	ECO:0000255|PROSITE-ProRule:PRU00498	N-linked (GlcNAc...) asparagine	glycosylation
Q9VC47	747	ECO:0000255|PROSITE-ProRule:PRU00498	N-linked (GlcNAc...) asparagine	glycosylation
Q9VCA2	55	ECO:0000255	N-linked (GlcNAc...) asparagine	glycosylation
Q9VCA2	67	ECO:0000255	N-linked (GlcNAc...) asparagine	glycosylation
Q9VCA2	89	ECO:0000255	N-linked (GlcNAc...) asparagine	glycosylation
Q9VCA2	97	ECO:0000269|PubMed:19349973	N-linked (GlcNAc...) asparagine	glycosylation
Q9VCA9	141	ECO:0000255	N-linked (GlcNAc...) asparagine	glycosylation
Q9VCA9	73	ECO:0000255	N-linked (GlcNAc...) asparagine	glycosylation
Q9VCJ8	140	ECO:0000255|PROSITE-ProRule:PRU00498	N-linked (GlcNAc...) asparagine	glycosylation
Q9VCJ8	311	ECO:0000255|PROSITE-ProRule:PRU00498	N-linked (GlcNAc...) asparagine	glycosylation
Q9VCK1	182	ECO:0000255|PROSITE-ProRule:PRU00498	N-linked (GlcNAc...) asparagine	glycosylation
Q9VCK2	79	ECO:0000255|PROSITE-ProRule:PRU00498	N-linked (GlcNAc...) asparagine	glycosylation
Q9VCR3	142	ECO:0000255|PROSITE-ProRule:PRU00498	N-linked (GlcNAc...) asparagine	glycosylation
Q9VCR3	244	ECO:0000255|PROSITE-ProRule:PRU00498	N-linked (GlcNAc...) asparagine	glycosylation
Q9VCR7	43	ECO:0000255|PROSITE-ProRule:PRU00498	N-linked (GlcNAc...) asparagine	glycosylation
Q9VCR7	86	ECO:0000269|PubMed:17893096	N-linked (GlcNAc...) asparagine	glycosylation
Q9VCS9	384	ECO:0000255	N-linked (GlcNAc...) asparagine	glycosylation
Q9VCZ3	164	ECO:0000255	N-linked (GlcNAc...) asparagine	glycosylation
Q9VD73	149	ECO:0000255	N-linked (GlcNAc...) asparagine	glycosylation
Q9VD73	156	ECO:0000255	N-linked (GlcNAc...) asparagine	glycosylation
Q9VD73	198	ECO:0000255	N-linked (GlcNAc...) asparagine	glycosylation
Q9VD73	199	ECO:0000255	N-linked (GlcNAc...) asparagine	glycosylation
Q9VD73	205	ECO:0000255	N-linked (GlcNAc...) asparagine	glycosylation
Q9VD73	218	ECO:0000255	N-linked (GlcNAc...) asparagine	glycosylation
Q9VDD3	213	ECO:0000255	N-linked (GlcNAc...) asparagine	glycosylation
Q9VDD3	226	ECO:0000255	N-linked (GlcNAc...) asparagine	glycosylation
Q9VDD3	440	ECO:0000255	N-linked (GlcNAc...) asparagine	glycosylation
Q9VDD3	66	ECO:0000255	N-linked (GlcNAc...) asparagine	glycosylation
Q9VDG5	114	ECO:0000255|PROSITE-ProRule:PRU00498	N-linked (GlcNAc...) asparagine	glycosylation
Q9VDG5	39	ECO:0000255|PROSITE-ProRule:PRU00498	N-linked (GlcNAc...) asparagine	glycosylation
Q9VDG5	47	ECO:0000255|PROSITE-ProRule:PRU00498	N-linked (GlcNAc...) asparagine	glycosylation
Q9VDG5	846	ECO:0000255|PROSITE-ProRule:PRU00498	N-linked (GlcNAc...) asparagine	glycosylation
Q9VDH6	205	ECO:0000255|PROSITE-ProRule:PRU00498	N-linked (GlcNAc...) asparagine	glycosylation
Q9VDH6	294	ECO:0000255|PROSITE-ProRule:PRU00498	N-linked (GlcNAc...) asparagine	glycosylation
Q9VDH6	305	ECO:0000255|PROSITE-ProRule:PRU00498	N-linked (GlcNAc...) asparagine	glycosylation
Q9VDH6	38	ECO:0000255|PROSITE-ProRule:PRU00498	N-linked (GlcNAc...) asparagine	glycosylation
Q9VDH6	432	ECO:0000255|PROSITE-ProRule:PRU00498	N-linked (GlcNAc...) asparagine	glycosylation
Q9VDH6	475	ECO:0000255|PROSITE-ProRule:PRU00498	N-linked (GlcNAc...) asparagine	glycosylation
Q9VDH6	499	ECO:0000255|PROSITE-ProRule:PRU00498	N-linked (GlcNAc...) asparagine	glycosylation
Q9VDH6	543	ECO:0000255|PROSITE-ProRule:PRU00498	N-linked (GlcNAc...) asparagine	glycosylation
Q9VDH6	691	ECO:0000255|PROSITE-ProRule:PRU00498	N-linked (GlcNAc...) asparagine	glycosylation
Q9VE46	289	ECO:0000255	N-linked (GlcNAc...) asparagine	glycosylation
Q9VEG6	110	ECO:0000255	N-linked (GlcNAc...) asparagine	glycosylation
Q9VER6	204	ECO:0000255|PROSITE-ProRule:PRU00498	N-linked (GlcNAc...) asparagine	glycosylation
Q9VER6	36	ECO:0000255|PROSITE-ProRule:PRU00498	N-linked (GlcNAc...) asparagine	glycosylation
Q9VER6	376	ECO:0000255|PROSITE-ProRule:PRU00498	N-linked (GlcNAc...) asparagine	glycosylation
Q9VER6	621	ECO:0000255|PROSITE-ProRule:PRU00498	N-linked (GlcNAc...) asparagine	glycosylation
Q9VEU1	1006	ECO:0000255	N-linked (GlcNAc...) asparagine	glycosylation
Q9VEU1	114	ECO:0000255	N-linked (GlcNAc...) asparagine	glycosylation
Q9VEU1	119	ECO:0000255	N-linked (GlcNAc...) asparagine	glycosylation
Q9VEU1	1255	ECO:0000255	N-linked (GlcNAc...) asparagine	glycosylation
Q9VEU1	1318	ECO:0000255	N-linked (GlcNAc...) asparagine	glycosylation
Q9VEU1	1486	ECO:0000255	N-linked (GlcNAc...) asparagine	glycosylation
Q9VEU1	1529	ECO:0000255	N-linked (GlcNAc...) asparagine	glycosylation
Q9VEU1	1556	ECO:0000255	N-linked (GlcNAc...) asparagine	glycosylation
Q9VEU1	191	ECO:0000255	N-linked (GlcNAc...) asparagine	glycosylation
Q9VEU1	278	ECO:0000255	N-linked (GlcNAc...) asparagine	glycosylation
Q9VEU1	334	ECO:0000255	N-linked (GlcNAc...) asparagine	glycosylation
Q9VEU1	417	ECO:0000255	N-linked (GlcNAc...) asparagine	glycosylation
Q9VEU1	585	ECO:0000255	N-linked (GlcNAc...) asparagine	glycosylation
Q9VEU1	720	ECO:0000255	N-linked (GlcNAc...) asparagine	glycosylation
Q9VEU1	752	ECO:0000255	N-linked (GlcNAc...) asparagine	glycosylation
Q9VEU1	822	ECO:0000255	N-linked (GlcNAc...) asparagine	glycosylation
Q9VEU1	833	ECO:0000255	N-linked (GlcNAc...) asparagine	glycosylation
Q9VEU1	983	ECO:0000255	N-linked (GlcNAc...) asparagine	glycosylation
Q9VEU1	989	ECO:0000255	N-linked (GlcNAc...) asparagine	glycosylation
Q9VEX0	122	ECO:0000255	N-linked (GlcNAc...) asparagine	glycosylation
Q9VEX0	159	ECO:0000255	N-linked (GlcNAc...) asparagine	glycosylation
Q9VEX0	181	ECO:0000255	N-linked (GlcNAc...) asparagine	glycosylation
Q9VEX0	208	ECO:0000255	N-linked (GlcNAc...) asparagine	glycosylation
Q9VEX0	251	ECO:0000255	N-linked (GlcNAc...) asparagine	glycosylation
Q9VEX0	447	ECO:0000255	N-linked (GlcNAc...) asparagine	glycosylation
Q9VEX0	683	ECO:0000255	N-linked (GlcNAc...) asparagine	glycosylation
Q9VEX0	713	ECO:0000255	N-linked (GlcNAc...) asparagine	glycosylation
Q9VEX0	743	ECO:0000269|PubMed:17893096	N-linked (GlcNAc...) asparagine	glycosylation
Q9VEX0	817	ECO:0000255	N-linked (GlcNAc...) asparagine	glycosylation
Q9VEX0	945	ECO:0000255	N-linked (GlcNAc...) asparagine	glycosylation
Q9VEX0	955	ECO:0000255	N-linked (GlcNAc...) asparagine	glycosylation
Q9VEX0	974	ECO:0000255	N-linked (GlcNAc...) asparagine	glycosylation
Q9VF81	459	ECO:0000255|PROSITE-ProRule:PRU00498	N-linked (GlcNAc...) asparagine	glycosylation
Q9VF81	57	ECO:0000255|PROSITE-ProRule:PRU00498	N-linked (GlcNAc...) asparagine	glycosylation
Q9VF81	688	ECO:0000255|PROSITE-ProRule:PRU00498	N-linked (GlcNAc...) asparagine	glycosylation
Q9VFC2	224	ECO:0000255|PROSITE-ProRule:PRU00498	N-linked (GlcNAc...) asparagine	glycosylation
Q9VFK3	128	ECO:0000255	N-linked (GlcNAc...) asparagine	glycosylation
Q9VG08	156	ECO:0000255|PROSITE-ProRule:PRU00498	N-linked (GlcNAc...) asparagine	glycosylation
Q9VG08	93	ECO:0000255|PROSITE-ProRule:PRU00498	N-linked (GlcNAc...) asparagine	glycosylation
Q9VG09	133	ECO:0000255|PROSITE-ProRule:PRU00498	N-linked (GlcNAc...) asparagine	glycosylation
Q9VG09	372	ECO:0000255|PROSITE-ProRule:PRU00498	N-linked (GlcNAc...) asparagine	glycosylation
Q9VGG5	1039	ECO:0000255	N-linked (GlcNAc...) asparagine	glycosylation
Q9VGG5	1049	ECO:0000255	N-linked (GlcNAc...) asparagine	glycosylation
Q9VGG5	1111	ECO:0000255	N-linked (GlcNAc...) asparagine	glycosylation
Q9VGG5	1163	ECO:0000255	N-linked (GlcNAc...) asparagine	glycosylation
Q9VGG5	1217	ECO:0000255	N-linked (GlcNAc...) asparagine	glycosylation
Q9VGG5	1325	ECO:0000255	N-linked (GlcNAc...) asparagine	glycosylation
Q9VGG5	1349	ECO:0000255	N-linked (GlcNAc...) asparagine	glycosylation
Q9VGG5	1492	ECO:0000255	N-linked (GlcNAc...) asparagine	glycosylation
Q9VGG5	1576	ECO:0000269|PubMed:17893096	N-linked (GlcNAc...) asparagine	glycosylation
Q9VGG5	1691	ECO:0000255	N-linked (GlcNAc...) asparagine	glycosylation
Q9VGG5	203	ECO:0000255	N-linked (GlcNAc...) asparagine	glycosylation
Q9VGG5	39	ECO:0000255	N-linked (GlcNAc...) asparagine	glycosylation
Q9VGG5	424	ECO:0000269|PubMed:17893096	N-linked (GlcNAc...) asparagine	glycosylation
Q9VGG5	730	ECO:0000255	N-linked (GlcNAc...) asparagine	glycosylation
Q9VGG5	761	ECO:0000255	N-linked (GlcNAc...) asparagine	glycosylation
Q9VGG5	77	ECO:0000255	N-linked (GlcNAc...) asparagine	glycosylation
Q9VGG8	82	ECO:0000255	N-linked (GlcNAc...) asparagine	glycosylation
Q9VGP2	156	ECO:0000255	N-linked (GlcNAc...) asparagine	glycosylation
Q9VGP2	404	ECO:0000255	N-linked (GlcNAc...) asparagine	glycosylation
Q9VGP2	464	ECO:0000255	N-linked (GlcNAc...) asparagine	glycosylation
Q9VGP2	70	ECO:0000255	N-linked (GlcNAc...) asparagine	glycosylation
Q9VGW1	12	ECO:0000255	N-linked (GlcNAc...) asparagine	glycosylation
Q9VGW1	244	ECO:0000255	N-linked (GlcNAc...) asparagine	glycosylation
Q9VGW1	419	ECO:0000255	N-linked (GlcNAc...) asparagine	glycosylation
Q9VGW1	531	ECO:0000255	N-linked (GlcNAc...) asparagine	glycosylation
Q9VGW1	579	ECO:0000255	N-linked (GlcNAc...) asparagine	glycosylation
Q9VGW1	585	ECO:0000255	N-linked (GlcNAc...) asparagine	glycosylation
Q9VGW1	612	ECO:0000255	N-linked (GlcNAc...) asparagine	glycosylation
Q9VGW1	645	ECO:0000255	N-linked (GlcNAc...) asparagine	glycosylation
Q9VGW1	912	ECO:0000255	N-linked (GlcNAc...) asparagine	glycosylation
Q9VHE6	69	ECO:0000255	N-linked (GlcNAc...) asparagine	glycosylation
Q9VHQ6	178	ECO:0000255	N-linked (GlcNAc...) asparagine	glycosylation
Q9VHQ7	179	ECO:0000255	N-linked (GlcNAc...) asparagine	glycosylation
Q9VHS4	75	ECO:0000255	N-linked (GlcNAc...) asparagine	glycosylation
Q9VI20	109	ECO:0000255|PROSITE-ProRule:PRU00498	N-linked (GlcNAc...) asparagine	glycosylation
Q9VI20	132	ECO:0000255|PROSITE-ProRule:PRU00498	N-linked (GlcNAc...) asparagine	glycosylation
Q9VIA5	125	ECO:0000255|PROSITE-ProRule:PRU00498	N-linked (GlcNAc...) asparagine	glycosylation
Q9VIA5	170	ECO:0000255|PROSITE-ProRule:PRU00498	N-linked (GlcNAc...) asparagine	glycosylation
Q9VIA5	222	ECO:0000255|PROSITE-ProRule:PRU00498	N-linked (GlcNAc...) asparagine	glycosylation
Q9VIA5	272	ECO:0000255|PROSITE-ProRule:PRU00498	N-linked (GlcNAc...) asparagine	glycosylation
Q9VIA5	289	ECO:0000255|PROSITE-ProRule:PRU00498	N-linked (GlcNAc...) asparagine	glycosylation
Q9VIA5	465	ECO:0000255|PROSITE-ProRule:PRU00498	N-linked (GlcNAc...) asparagine	glycosylation
Q9VIA5	475	ECO:0000255|PROSITE-ProRule:PRU00498	N-linked (GlcNAc...) asparagine	glycosylation
Q9VIH3	358	ECO:0000255|PROSITE-ProRule:PRU00498	N-linked (GlcNAc...) asparagine	glycosylation
Q9VIH3	484	ECO:0000255|PROSITE-ProRule:PRU00498	N-linked (GlcNAc...) asparagine	glycosylation
Q9VIH3	502	ECO:0000255|PROSITE-ProRule:PRU00498	N-linked (GlcNAc...) asparagine	glycosylation
Q9VIH3	616	ECO:0000255|PROSITE-ProRule:PRU00498	N-linked (GlcNAc...) asparagine	glycosylation
Q9VIH9	68	ECO:0000255|PROSITE-ProRule:PRU00498	N-linked (GlcNAc...) asparagine	glycosylation
Q9VII1	125	ECO:0000255|PROSITE-ProRule:PRU00498	N-linked (GlcNAc...) asparagine	glycosylation
Q9VII1	68	ECO:0000255|PROSITE-ProRule:PRU00498	N-linked (GlcNAc...) asparagine	glycosylation
Q9VII3	109	ECO:0000255|PROSITE-ProRule:PRU00498	N-linked (GlcNAc...) asparagine	glycosylation
Q9VII3	118	ECO:0000255|PROSITE-ProRule:PRU00498	N-linked (GlcNAc...) asparagine	glycosylation
Q9VII3	76	ECO:0000255|PROSITE-ProRule:PRU00498	N-linked (GlcNAc...) asparagine	glycosylation
Q9VIK2	122	ECO:0000255|PROSITE-ProRule:PRU00498	N-linked (GlcNAc...) asparagine	glycosylation
Q9VIK2	141	ECO:0000255|PROSITE-ProRule:PRU00498	N-linked (GlcNAc...) asparagine	glycosylation
Q9VIK2	156	ECO:0000255|PROSITE-ProRule:PRU00498	N-linked (GlcNAc...) asparagine	glycosylation
Q9VJ83	63	ECO:0000255|PROSITE-ProRule:PRU00498	N-linked (GlcNAc...) asparagine	glycosylation
Q9VJB6	118	ECO:0000255	N-linked (GlcNAc...) asparagine	glycosylation
Q9VJB6	13	ECO:0000255	N-linked (GlcNAc...) asparagine	glycosylation
Q9VJB6	1376	ECO:0000255	N-linked (GlcNAc...) asparagine	glycosylation
Q9VJB6	1437	ECO:0000255	N-linked (GlcNAc...) asparagine	glycosylation
Q9VJB6	195	ECO:0000255	N-linked (GlcNAc...) asparagine	glycosylation
Q9VJB6	260	ECO:0000255	N-linked (GlcNAc...) asparagine	glycosylation
Q9VJB6	264	ECO:0000255	N-linked (GlcNAc...) asparagine	glycosylation
Q9VJB6	283	ECO:0000255	N-linked (GlcNAc...) asparagine	glycosylation
Q9VJB6	377	ECO:0000255	N-linked (GlcNAc...) asparagine	glycosylation
Q9VJB6	601	ECO:0000255	N-linked (GlcNAc...) asparagine	glycosylation
Q9VJB6	64	ECO:0000255	N-linked (GlcNAc...) asparagine	glycosylation
Q9VJB6	793	ECO:0000255	N-linked (GlcNAc...) asparagine	glycosylation
Q9VJB6	86	ECO:0000255	N-linked (GlcNAc...) asparagine	glycosylation
Q9VJB6	910	ECO:0000255	N-linked (GlcNAc...) asparagine	glycosylation
Q9VJB6	948	ECO:0000255	N-linked (GlcNAc...) asparagine	glycosylation
Q9VJB6	969	ECO:0000255	N-linked (GlcNAc...) asparagine	glycosylation
Q9VJN9	120	ECO:0000255|PROSITE-ProRule:PRU00498	N-linked (GlcNAc...) asparagine	glycosylation
Q9VJN9	185	ECO:0000255|PROSITE-ProRule:PRU00498	N-linked (GlcNAc...) asparagine	glycosylation
Q9VJN9	55	ECO:0000255|PROSITE-ProRule:PRU00498	N-linked (GlcNAc...) asparagine	glycosylation
Q9VKA0	43	ECO:0000255|PROSITE-ProRule:PRU00498	N-linked (GlcNAc...) asparagine	glycosylation
Q9VKA4	236	ECO:0000255	N-linked (GlcNAc...) asparagine	glycosylation
Q9VKA4	462	ECO:0000255	N-linked (GlcNAc...) asparagine	glycosylation
Q9VKA4	476	ECO:0000255	N-linked (GlcNAc...) asparagine	glycosylation
Q9VKA4	94	ECO:0000255	N-linked (GlcNAc...) asparagine	glycosylation
Q9VKG9	215	ECO:0000255|PROSITE-ProRule:PRU00498	N-linked (GlcNAc...) asparagine	glycosylation
Q9VKG9	287	ECO:0000255|PROSITE-ProRule:PRU00498	N-linked (GlcNAc...) asparagine	glycosylation
Q9VKG9	354	ECO:0000255|PROSITE-ProRule:PRU00498	N-linked (GlcNAc...) asparagine	glycosylation
Q9VKG9	463	ECO:0000255|PROSITE-ProRule:PRU00498	N-linked (GlcNAc...) asparagine	glycosylation
Q9VKH6	192	ECO:0000255	N-linked (GlcNAc...) asparagine	glycosylation
Q9VKJ8	180	ECO:0000255|PROSITE-ProRule:PRU00498	N-linked (GlcNAc...) asparagine	glycosylation
Q9VKJ8	268	ECO:0000255|PROSITE-ProRule:PRU00498	N-linked (GlcNAc...) asparagine	glycosylation
Q9VKJ8	365	ECO:0000255|PROSITE-ProRule:PRU00498	N-linked (GlcNAc...) asparagine	glycosylation
Q9VKJ8	448	ECO:0000255|PROSITE-ProRule:PRU00498	N-linked (GlcNAc...) asparagine	glycosylation
Q9VKJ8	453	ECO:0000255|PROSITE-ProRule:PRU00498	N-linked (GlcNAc...) asparagine	glycosylation
Q9VKJ8	483	ECO:0000255|PROSITE-ProRule:PRU00498	N-linked (GlcNAc...) asparagine	glycosylation
Q9VKJ8	622	ECO:0000255|PROSITE-ProRule:PRU00498	N-linked (GlcNAc...) asparagine	glycosylation
Q9VLA1	102	ECO:0000255	N-linked (GlcNAc...) asparagine	glycosylation
Q9VLA1	223	ECO:0000255	N-linked (GlcNAc...) asparagine	glycosylation
Q9VLA1	338	ECO:0000255	N-linked (GlcNAc...) asparagine	glycosylation
Q9VLC1	279	ECO:0000255	N-linked (GlcNAc...) asparagine	glycosylation
Q9VLC1	437	ECO:0000255	N-linked (GlcNAc...) asparagine	glycosylation
Q9VLC1	440	ECO:0000255	N-linked (GlcNAc...) asparagine	glycosylation
Q9VLU4	355	ECO:0000255|PROSITE-ProRule:PRU00498	N-linked (GlcNAc...) asparagine	glycosylation
Q9VLV7	335	ECO:0000255|PROSITE-ProRule:PRU00498	N-linked (GlcNAc...) asparagine	glycosylation
Q9VLV7	351	ECO:0000255|PROSITE-ProRule:PRU00498	N-linked (GlcNAc...) asparagine	glycosylation
Q9VLV7	5	ECO:0000255|PROSITE-ProRule:PRU00498	N-linked (GlcNAc...) asparagine	glycosylation
Q9VLV7	511	ECO:0000255|PROSITE-ProRule:PRU00498	N-linked (GlcNAc...) asparagine	glycosylation
Q9VM08	454	ECO:0000255	N-linked (GlcNAc...) asparagine	glycosylation
Q9VM08	464	ECO:0000255	N-linked (GlcNAc...) asparagine	glycosylation
Q9VM08	467	ECO:0000255	N-linked (GlcNAc...) asparagine	glycosylation
Q9VM09	438	ECO:0000255	N-linked (GlcNAc...) asparagine	glycosylation
Q9VM09	82	ECO:0000255	N-linked (GlcNAc...) asparagine	glycosylation
Q9VM64	108	ECO:0000269|PubMed:19349973	N-linked (GlcNAc...) asparagine	glycosylation
Q9VM64	215	ECO:0000255	N-linked (GlcNAc...) asparagine	glycosylation
Q9VM64	472	ECO:0000255	N-linked (GlcNAc...) asparagine	glycosylation
Q9VM64	563	ECO:0000255	N-linked (GlcNAc...) asparagine	glycosylation
Q9VM64	699	ECO:0000255	N-linked (GlcNAc...) asparagine	glycosylation
Q9VMH0	103	ECO:0000255	N-linked (GlcNAc...) asparagine	glycosylation
Q9VMH0	289	ECO:0000255	N-linked (GlcNAc...) asparagine	glycosylation
Q9VMH0	29	ECO:0000255	N-linked (GlcNAc...) asparagine	glycosylation
Q9VMH0	331	ECO:0000255	N-linked (GlcNAc...) asparagine	glycosylation
Q9VMH0	349	ECO:0000255	N-linked (GlcNAc...) asparagine	glycosylation
Q9VMH0	385	ECO:0000255	N-linked (GlcNAc...) asparagine	glycosylation
Q9VMH0	413	ECO:0000255	N-linked (GlcNAc...) asparagine	glycosylation
Q9VMH0	482	ECO:0000255	N-linked (GlcNAc...) asparagine	glycosylation
Q9VMH0	502	ECO:0000255	N-linked (GlcNAc...) asparagine	glycosylation
Q9VMH0	98	ECO:0000255	N-linked (GlcNAc...) asparagine	glycosylation
Q9VML9	120	ECO:0000255|PROSITE-ProRule:PRU00498	N-linked (GlcNAc...) asparagine	glycosylation
Q9VML9	130	ECO:0000255|PROSITE-ProRule:PRU00498	N-linked (GlcNAc...) asparagine	glycosylation
Q9VML9	241	ECO:0000255|PROSITE-ProRule:PRU00498	N-linked (GlcNAc...) asparagine	glycosylation
Q9VML9	66	ECO:0000255|PROSITE-ProRule:PRU00498	N-linked (GlcNAc...) asparagine	glycosylation
Q9VMM6	88	ECO:0000255|PROSITE-ProRule:PRU00498	N-linked (GlcNAc...) asparagine	glycosylation
Q9VN14	1166	ECO:0000255	N-linked (GlcNAc...) asparagine	glycosylation
Q9VN14	1171	ECO:0000255	N-linked (GlcNAc...) asparagine	glycosylation
Q9VN14	1307	ECO:0000269|PubMed:17893096	N-linked (GlcNAc...) asparagine	glycosylation
Q9VN14	369	ECO:0000269|PubMed:19349973	N-linked (GlcNAc...) asparagine	glycosylation
Q9VN14	537	ECO:0000255	N-linked (GlcNAc...) asparagine	glycosylation
Q9VN14	604	ECO:0000255	N-linked (GlcNAc...) asparagine	glycosylation
Q9VN14	629	ECO:0000255	N-linked (GlcNAc...) asparagine	glycosylation
Q9VN14	691	ECO:0000255	N-linked (GlcNAc...) asparagine	glycosylation
Q9VN14	774	ECO:0000255	N-linked (GlcNAc...) asparagine	glycosylation
Q9VN14	912	ECO:0000269|PubMed:17893096, ECO:0000269|PubMed:19349973	N-linked (GlcNAc...) asparagine	glycosylation
Q9VN14	986	ECO:0000255	N-linked (GlcNAc...) asparagine	glycosylation
Q9VN14	991	ECO:0000255	N-linked (GlcNAc...) asparagine	glycosylation
Q9VN93	151	ECO:0000255	N-linked (GlcNAc...) asparagine	glycosylation
Q9VN93	492	ECO:0000255	N-linked (GlcNAc...) asparagine	glycosylation
Q9VN93	510	ECO:0000255	N-linked (GlcNAc...) asparagine	glycosylation
Q9VNB5	169	ECO:0000269|PubMed:18005664	N-linked (GlcNAc...) asparagine	glycosylation
Q9VNB5	188	ECO:0000255	N-linked (GlcNAc...) asparagine	glycosylation
Q9VNJ5	127	ECO:0000255	N-linked (GlcNAc...) asparagine	glycosylation
Q9VNJ5	176	ECO:0000255	N-linked (GlcNAc...) asparagine	glycosylation
Q9VNJ5	197	ECO:0000255	N-linked (GlcNAc...) asparagine	glycosylation
Q9VNJ5	264	ECO:0000255	N-linked (GlcNAc...) asparagine	glycosylation
Q9VNJ5	319	ECO:0000255	N-linked (GlcNAc...) asparagine	glycosylation
Q9VNJ5	388	ECO:0000269|PubMed:17893096	N-linked (GlcNAc...) asparagine	glycosylation
Q9VNJ5	767	ECO:0000255	N-linked (GlcNAc...) asparagine	glycosylation
Q9VNJ5	883	ECO:0000255	N-linked (GlcNAc...) asparagine	glycosylation
Q9VNJ5	891	ECO:0000255	N-linked (GlcNAc...) asparagine	glycosylation
Q9VP04	120	ECO:0000255	N-linked (GlcNAc...) asparagine	glycosylation
Q9VP04	14	ECO:0000255	N-linked (GlcNAc...) asparagine	glycosylation
Q9VP95	23	ECO:0000255|PROSITE-ProRule:PRU00498	N-linked (GlcNAc...) asparagine	glycosylation
Q9VPD3	205	ECO:0000255|PROSITE-ProRule:PRU00498	N-linked (GlcNAc...) asparagine	glycosylation
Q9VPF8	186	ECO:0000255	N-linked (GlcNAc...) asparagine	glycosylation
Q9VPF8	202	ECO:0000255	N-linked (GlcNAc...) asparagine	glycosylation
Q9VPF8	203	ECO:0000255	N-linked (GlcNAc...) asparagine	glycosylation
Q9VPI2	325	ECO:0000255|PROSITE-ProRule:PRU00498	N-linked (GlcNAc...) asparagine	glycosylation
Q9VPI2	469	ECO:0000255|PROSITE-ProRule:PRU00498	N-linked (GlcNAc...) asparagine	glycosylation
Q9VPI2	533	ECO:0000255|PROSITE-ProRule:PRU00498	N-linked (GlcNAc...) asparagine	glycosylation
Q9VPI2	558	ECO:0000255|PROSITE-ProRule:PRU00498	N-linked (GlcNAc...) asparagine	glycosylation
Q9VPI2	583	ECO:0000255|PROSITE-ProRule:PRU00498	N-linked (GlcNAc...) asparagine	glycosylation
Q9VPI2	588	ECO:0000255|PROSITE-ProRule:PRU00498	N-linked (GlcNAc...) asparagine	glycosylation
Q9VPI2	765	ECO:0000255|PROSITE-ProRule:PRU00498	N-linked (GlcNAc...) asparagine	glycosylation
Q9VPI2	797	ECO:0000255|PROSITE-ProRule:PRU00498	N-linked (GlcNAc...) asparagine	glycosylation
Q9VPQ2	260	ECO:0000255|PROSITE-ProRule:PRU00498	N-linked (GlcNAc...) asparagine	glycosylation
Q9VPQ2	312	ECO:0000255|PROSITE-ProRule:PRU00498	N-linked (GlcNAc...) asparagine	glycosylation
Q9VPR7	33	ECO:0000255|PROSITE-ProRule:PRU00498	N-linked (GlcNAc...) asparagine	glycosylation
Q9VQ62	51	ECO:0000255	N-linked (GlcNAc...) asparagine	glycosylation
Q9VQB7	176	ECO:0000255	N-linked (GlcNAc...) asparagine	glycosylation
Q9VQB7	250	ECO:0000255	N-linked (GlcNAc...) asparagine	glycosylation
Q9VQB7	479	ECO:0000255	N-linked (GlcNAc...) asparagine	glycosylation
Q9VQB7	52	ECO:0000255	N-linked (GlcNAc...) asparagine	glycosylation
Q9VQE9	567	ECO:0000255|PROSITE-ProRule:PRU00498	N-linked (GlcNAc...) asparagine	glycosylation
Q9VQE9	718	ECO:0000255|PROSITE-ProRule:PRU00498	N-linked (GlcNAc...) asparagine	glycosylation
Q9VQG9	218	ECO:0000255|PROSITE-ProRule:PRU00498	N-linked (GlcNAc...) asparagine	glycosylation
Q9VQG9	360	ECO:0000255|PROSITE-ProRule:PRU00498	N-linked (GlcNAc...) asparagine	glycosylation
Q9VQG9	368	ECO:0000255|PROSITE-ProRule:PRU00498	N-linked (GlcNAc...) asparagine	glycosylation
Q9VQG9	475	ECO:0000255|PROSITE-ProRule:PRU00498	N-linked (GlcNAc...) asparagine	glycosylation
Q9VQG9	542	ECO:0000255|PROSITE-ProRule:PRU00498	N-linked (GlcNAc...) asparagine	glycosylation
Q9VQH2	133	ECO:0000255	N-linked (GlcNAc...) asparagine	glycosylation
Q9VQH2	233	ECO:0000255	N-linked (GlcNAc...) asparagine	glycosylation
Q9VQH2	577	ECO:0000255	N-linked (GlcNAc...) asparagine	glycosylation
Q9VQH2	606	ECO:0000255	N-linked (GlcNAc...) asparagine	glycosylation
Q9VQK4	130	ECO:0000255|PROSITE-ProRule:PRU00498	N-linked (GlcNAc...) asparagine	glycosylation
Q9VQK4	215	ECO:0000255|PROSITE-ProRule:PRU00498	N-linked (GlcNAc...) asparagine	glycosylation
Q9VR07	476	ECO:0000269|PubMed:17893096	N-linked (GlcNAc...) asparagine	glycosylation
Q9VRC9	123	ECO:0000255|PROSITE-ProRule:PRU00498	N-linked (GlcNAc...) asparagine	glycosylation
Q9VRC9	132	ECO:0000255|PROSITE-ProRule:PRU00498	N-linked (GlcNAc...) asparagine	glycosylation
Q9VRC9	389	ECO:0000255|PROSITE-ProRule:PRU00498	N-linked (GlcNAc...) asparagine	glycosylation
Q9VRC9	479	ECO:0000255|PROSITE-ProRule:PRU00498	N-linked (GlcNAc...) asparagine	glycosylation
Q9VRC9	896	ECO:0000255|PROSITE-ProRule:PRU00498	N-linked (GlcNAc...) asparagine	glycosylation
Q9VRC9	939	ECO:0000255|PROSITE-ProRule:PRU00498	N-linked (GlcNAc...) asparagine	glycosylation
Q9VRK8	229	ECO:0000255	N-linked (GlcNAc...) asparagine	glycosylation
Q9VRK8	465	ECO:0000255	N-linked (GlcNAc...) asparagine	glycosylation
Q9VRK8	486	ECO:0000255	N-linked (GlcNAc...) asparagine	glycosylation
Q9VRN2	111	ECO:0000255	N-linked (GlcNAc...) asparagine	glycosylation
Q9VRN2	125	ECO:0000255	N-linked (GlcNAc...) asparagine	glycosylation
Q9VRN2	201	ECO:0000255	N-linked (GlcNAc...) asparagine	glycosylation
Q9VRN2	47	ECO:0000255	N-linked (GlcNAc...) asparagine	glycosylation
Q9VRQ9	156	ECO:0000255|PROSITE-ProRule:PRU00498	N-linked (GlcNAc...) asparagine	glycosylation
Q9VRQ9	42	ECO:0000269|PubMed:22897232, ECO:0000269|PubMed:23545638, ECO:0000312|PDB:4FWU, ECO:0007744|PDB:4F9U, ECO:0007744|PDB:4F9V	N-linked (GlcNAc...) asparagine	glycosylation
Q9VS77	160	ECO:0000255	N-linked (GlcNAc...) asparagine	glycosylation
Q9VS77	170	ECO:0000255	N-linked (GlcNAc...) asparagine	glycosylation
Q9VS77	40	ECO:0000255	N-linked (GlcNAc...) asparagine	glycosylation
Q9VS97	181	ECO:0000255	N-linked (GlcNAc...) asparagine	glycosylation
Q9VSE7	18	ECO:0000255	N-linked (GlcNAc...) asparagine	glycosylation
Q9VSE7	248	ECO:0000255	N-linked (GlcNAc...) asparagine	glycosylation
Q9VSE7	42	ECO:0000255	N-linked (GlcNAc...) asparagine	glycosylation
Q9VSH2	496	ECO:0000255	N-linked (GlcNAc...) asparagine	glycosylation
Q9VSH2	510	ECO:0000255	N-linked (GlcNAc...) asparagine	glycosylation
Q9VSL7	119	ECO:0000255	N-linked (GlcNAc...) asparagine	glycosylation
Q9VSL7	176	ECO:0000255	N-linked (GlcNAc...) asparagine	glycosylation
Q9VSL7	182	ECO:0000255	N-linked (GlcNAc...) asparagine	glycosylation
Q9VSL7	196	ECO:0000255	N-linked (GlcNAc...) asparagine	glycosylation
Q9VSL7	207	ECO:0000255	N-linked (GlcNAc...) asparagine	glycosylation
Q9VSL7	74	ECO:0000255	N-linked (GlcNAc...) asparagine	glycosylation
Q9VT04	61	ECO:0000255|PROSITE-ProRule:PRU00498	N-linked (GlcNAc...) asparagine	glycosylation
Q9VTG7	271	ECO:0000255	N-linked (GlcNAc...) asparagine	glycosylation
Q9VTG7	460	ECO:0000255	N-linked (GlcNAc...) asparagine	glycosylation
Q9VTG7	90	ECO:0000255	N-linked (GlcNAc...) asparagine	glycosylation
Q9VTG7	97	ECO:0000255	N-linked (GlcNAc...) asparagine	glycosylation
Q9VTG7	98	ECO:0000255	N-linked (GlcNAc...) asparagine	glycosylation
Q9VTH0	504	ECO:0000255|PROSITE-ProRule:PRU00498	N-linked (GlcNAc...) asparagine	glycosylation
Q9VTH0	530	ECO:0000255|PROSITE-ProRule:PRU00498	N-linked (GlcNAc...) asparagine	glycosylation
Q9VTH0	536	ECO:0000255|PROSITE-ProRule:PRU00498	N-linked (GlcNAc...) asparagine	glycosylation
Q9VTH0	680	ECO:0000255|PROSITE-ProRule:PRU00498	N-linked (GlcNAc...) asparagine	glycosylation
Q9VTH0	709	ECO:0000255|PROSITE-ProRule:PRU00498	N-linked (GlcNAc...) asparagine	glycosylation
Q9VTJ4	113	ECO:0000255	N-linked (GlcNAc...) asparagine	glycosylation
Q9VTJ4	377	ECO:0000255	N-linked (GlcNAc...) asparagine	glycosylation
Q9VTK2	161	ECO:0000255	N-linked (GlcNAc...) asparagine	glycosylation
Q9VTK2	242	ECO:0000255	N-linked (GlcNAc...) asparagine	glycosylation
Q9VTM6	107	ECO:0000255|PROSITE-ProRule:PRU00498	N-linked (GlcNAc...) asparagine	glycosylation
Q9VTN0	258	ECO:0000255	N-linked (GlcNAc...) asparagine	glycosylation
Q9VTN0	80	ECO:0000255	N-linked (GlcNAc...) asparagine	glycosylation
Q9VTT0	1046	ECO:0000255|PROSITE-ProRule:PRU00498	N-linked (GlcNAc...) asparagine	glycosylation
Q9VTT0	162	ECO:0000255|PROSITE-ProRule:PRU00498	N-linked (GlcNAc...) asparagine	glycosylation
Q9VTT0	182	ECO:0000255|PROSITE-ProRule:PRU00498	N-linked (GlcNAc...) asparagine	glycosylation
Q9VTT0	285	ECO:0000255|PROSITE-ProRule:PRU00498	N-linked (GlcNAc...) asparagine	glycosylation
Q9VTT0	295	ECO:0000255|PROSITE-ProRule:PRU00498	N-linked (GlcNAc...) asparagine	glycosylation
Q9VTT0	341	ECO:0000255|PROSITE-ProRule:PRU00498	N-linked (GlcNAc...) asparagine	glycosylation
Q9VTT0	48	ECO:0000255|PROSITE-ProRule:PRU00498	N-linked (GlcNAc...) asparagine	glycosylation
Q9VTT0	603	ECO:0000255|PROSITE-ProRule:PRU00498	N-linked (GlcNAc...) asparagine	glycosylation
Q9VTT0	745	ECO:0000255|PROSITE-ProRule:PRU00498	N-linked (GlcNAc...) asparagine	glycosylation
Q9VTT0	998	ECO:0000255|PROSITE-ProRule:PRU00498	N-linked (GlcNAc...) asparagine	glycosylation
Q9VTZ5	187	ECO:0000255|PROSITE-ProRule:PRU00498	N-linked (GlcNAc...) asparagine	glycosylation
Q9VTZ5	388	ECO:0000255|PROSITE-ProRule:PRU00498	N-linked (GlcNAc...) asparagine	glycosylation
Q9VTZ5	48	ECO:0000255|PROSITE-ProRule:PRU00498	N-linked (GlcNAc...) asparagine	glycosylation
Q9VTZ5	66	ECO:0000255|PROSITE-ProRule:PRU00498	N-linked (GlcNAc...) asparagine	glycosylation
Q9VTZ5	720	ECO:0000255|PROSITE-ProRule:PRU00498	N-linked (GlcNAc...) asparagine	glycosylation
Q9VUL9	262	ECO:0000255	N-linked (GlcNAc...) asparagine	glycosylation
Q9VUL9	295	ECO:0000255	N-linked (GlcNAc...) asparagine	glycosylation
Q9VUL9	299	ECO:0000255	N-linked (GlcNAc...) asparagine	glycosylation
Q9VUN0	1024	ECO:0000255|PROSITE-ProRule:PRU00498	N-linked (GlcNAc...) asparagine	glycosylation
Q9VUN0	1033	ECO:0000255|PROSITE-ProRule:PRU00498	N-linked (GlcNAc...) asparagine	glycosylation
Q9VUN0	111	ECO:0000255|PROSITE-ProRule:PRU00498	N-linked (GlcNAc...) asparagine	glycosylation
Q9VUN0	174	ECO:0000255|PROSITE-ProRule:PRU00498	N-linked (GlcNAc...) asparagine	glycosylation
Q9VUN0	230	ECO:0000255|PROSITE-ProRule:PRU00498	N-linked (GlcNAc...) asparagine	glycosylation
Q9VUN0	253	ECO:0000255|PROSITE-ProRule:PRU00498	N-linked (GlcNAc...) asparagine	glycosylation
Q9VUN0	331	ECO:0000255|PROSITE-ProRule:PRU00498	N-linked (GlcNAc...) asparagine	glycosylation
Q9VUN0	359	ECO:0000255|PROSITE-ProRule:PRU00498	N-linked (GlcNAc...) asparagine	glycosylation
Q9VUN0	406	ECO:0000255|PROSITE-ProRule:PRU00498	N-linked (GlcNAc...) asparagine	glycosylation
Q9VUN0	494	ECO:0000255|PROSITE-ProRule:PRU00498	N-linked (GlcNAc...) asparagine	glycosylation
Q9VUN0	557	ECO:0000255|PROSITE-ProRule:PRU00498	N-linked (GlcNAc...) asparagine	glycosylation
Q9VUN0	620	ECO:0000255|PROSITE-ProRule:PRU00498	N-linked (GlcNAc...) asparagine	glycosylation
Q9VUN0	708	ECO:0000255|PROSITE-ProRule:PRU00498	N-linked (GlcNAc...) asparagine	glycosylation
Q9VUN0	829	ECO:0000255|PROSITE-ProRule:PRU00498	N-linked (GlcNAc...) asparagine	glycosylation
Q9VUN0	891	ECO:0000255|PROSITE-ProRule:PRU00498	N-linked (GlcNAc...) asparagine	glycosylation
Q9VUN0	900	ECO:0000255|PROSITE-ProRule:PRU00498	N-linked (GlcNAc...) asparagine	glycosylation
Q9VUN0	948	ECO:0000255|PROSITE-ProRule:PRU00498	N-linked (GlcNAc...) asparagine	glycosylation
Q9VUT6	241	ECO:0000255	N-linked (GlcNAc...) asparagine	glycosylation
Q9VUT6	77	ECO:0000255	N-linked (GlcNAc...) asparagine	glycosylation
Q9VUX3	372	ECO:0000255|PROSITE-ProRule:PRU00498	N-linked (GlcNAc...) asparagine	glycosylation
Q9VUX3	578	ECO:0000255|PROSITE-ProRule:PRU00498	N-linked (GlcNAc...) asparagine	glycosylation
Q9VUX3	612	ECO:0000255|PROSITE-ProRule:PRU00498	N-linked (GlcNAc...) asparagine	glycosylation
Q9VUX3	95	ECO:0000269|PubMed:25731175, ECO:0007744|PDB:4UZJ, ECO:0007744|PDB:4UZK	N-linked (GlcNAc...) asparagine	glycosylation
Q9VUY0	140	ECO:0000255	N-linked (GlcNAc...) asparagine	glycosylation
Q9VUY0	221	ECO:0000255	N-linked (GlcNAc...) asparagine	glycosylation
Q9VUY0	36	ECO:0000255	N-linked (GlcNAc...) asparagine	glycosylation
Q9VUY0	465	ECO:0000255	N-linked (GlcNAc...) asparagine	glycosylation
Q9VUY0	538	ECO:0000255	N-linked (GlcNAc...) asparagine	glycosylation
Q9VUY0	561	ECO:0000255	N-linked (GlcNAc...) asparagine	glycosylation
Q9VV72	120	ECO:0000255|PROSITE-ProRule:PRU00498	N-linked (GlcNAc...) asparagine	glycosylation
Q9VV72	159	ECO:0000255|PROSITE-ProRule:PRU00498	N-linked (GlcNAc...) asparagine	glycosylation
Q9VV72	234	ECO:0000255|PROSITE-ProRule:PRU00498	N-linked (GlcNAc...) asparagine	glycosylation
Q9VV87	11	ECO:0000255|PROSITE-ProRule:PRU00498	N-linked (GlcNAc...) asparagine	glycosylation
Q9VV87	242	ECO:0000255|PROSITE-ProRule:PRU00498	N-linked (GlcNAc...) asparagine	glycosylation
Q9VV96	149	ECO:0000255	N-linked (GlcNAc...) asparagine	glycosylation
Q9VVD9	57	ECO:0000255	N-linked (GlcNAc...) asparagine	glycosylation
Q9VVH9	284	ECO:0000255|PROSITE-ProRule:PRU00498	N-linked (GlcNAc...) asparagine	glycosylation
Q9VVH9	293	ECO:0000255|PROSITE-ProRule:PRU00498	N-linked (GlcNAc...) asparagine	glycosylation
Q9VVH9	309	ECO:0000255|PROSITE-ProRule:PRU00498	N-linked (GlcNAc...) asparagine	glycosylation
Q9VVH9	401	ECO:0000255|PROSITE-ProRule:PRU00498	N-linked (GlcNAc...) asparagine	glycosylation
Q9VVH9	604	ECO:0000255|PROSITE-ProRule:PRU00498	N-linked (GlcNAc...) asparagine	glycosylation
Q9VVH9	640	ECO:0000255|PROSITE-ProRule:PRU00498	N-linked (GlcNAc...) asparagine	glycosylation
Q9VVL1	112	ECO:0000255|PROSITE-ProRule:PRU00498	N-linked (GlcNAc...) asparagine	glycosylation
Q9VVL1	126	ECO:0000255|PROSITE-ProRule:PRU00498	N-linked (GlcNAc...) asparagine	glycosylation
Q9VVL1	144	ECO:0000255|PROSITE-ProRule:PRU00498	N-linked (GlcNAc...) asparagine	glycosylation
Q9VVL1	166	ECO:0000255|PROSITE-ProRule:PRU00498	N-linked (GlcNAc...) asparagine	glycosylation
Q9VVL1	232	ECO:0000255|PROSITE-ProRule:PRU00498	N-linked (GlcNAc...) asparagine	glycosylation
Q9VVL1	61	ECO:0000255|PROSITE-ProRule:PRU00498	N-linked (GlcNAc...) asparagine	glycosylation
Q9VVR4	170	ECO:0000255	N-linked (GlcNAc...) asparagine	glycosylation
Q9VVR4	177	ECO:0000255	N-linked (GlcNAc...) asparagine	glycosylation
Q9VVR4	364	ECO:0000255	N-linked (GlcNAc...) asparagine	glycosylation
Q9VVR4	71	ECO:0000255	N-linked (GlcNAc...) asparagine	glycosylation
Q9VVV2	15	ECO:0000255	N-linked (GlcNAc...) asparagine	glycosylation
Q9VVV2	2	ECO:0000255	N-linked (GlcNAc...) asparagine	glycosylation
Q9VVV2	25	ECO:0000255	N-linked (GlcNAc...) asparagine	glycosylation
Q9VVV2	280	ECO:0000255	N-linked (GlcNAc...) asparagine	glycosylation
Q9VVV2	42	ECO:0000255	N-linked (GlcNAc...) asparagine	glycosylation
Q9VVW1	24	ECO:0000255	N-linked (GlcNAc...) asparagine	glycosylation
Q9VVW1	378	ECO:0000255	N-linked (GlcNAc...) asparagine	glycosylation
Q9VVX3	288	ECO:0000255	N-linked (GlcNAc...) asparagine	glycosylation
Q9VVX3	78	ECO:0000255	N-linked (GlcNAc...) asparagine	glycosylation
Q9VVX5	398	ECO:0000255	N-linked (GlcNAc...) asparagine	glycosylation
Q9VW12	112	ECO:0000269|PubMed:17893096	N-linked (GlcNAc...) asparagine	glycosylation
Q9VW60	1019	ECO:0000255	N-linked (GlcNAc...) asparagine	glycosylation
Q9VW60	934	ECO:0000255	N-linked (GlcNAc...) asparagine	glycosylation
Q9VW60	941	ECO:0000255	N-linked (GlcNAc...) asparagine	glycosylation
Q9VW60	948	ECO:0000255	N-linked (GlcNAc...) asparagine	glycosylation
Q9VW71	1109	ECO:0000255	N-linked (GlcNAc...) asparagine	glycosylation
Q9VW71	1201	ECO:0000255	N-linked (GlcNAc...) asparagine	glycosylation
Q9VW71	1315	ECO:0000255	N-linked (GlcNAc...) asparagine	glycosylation
Q9VW71	1442	ECO:0000255	N-linked (GlcNAc...) asparagine	glycosylation
Q9VW71	1476	ECO:0000255	N-linked (GlcNAc...) asparagine	glycosylation
Q9VW71	1514	ECO:0000255	N-linked (GlcNAc...) asparagine	glycosylation
Q9VW71	159	ECO:0000255	N-linked (GlcNAc...) asparagine	glycosylation
Q9VW71	367	ECO:0000255	N-linked (GlcNAc...) asparagine	glycosylation
Q9VW71	68	ECO:0000255	N-linked (GlcNAc...) asparagine	glycosylation
Q9VW71	782	ECO:0000255	N-linked (GlcNAc...) asparagine	glycosylation
Q9VW71	846	ECO:0000255	N-linked (GlcNAc...) asparagine	glycosylation
Q9VW71	926	ECO:0000255	N-linked (GlcNAc...) asparagine	glycosylation
Q9VW78	103	ECO:0000255|PROSITE-ProRule:PRU00498	N-linked (GlcNAc...) asparagine	glycosylation
Q9VW78	124	ECO:0000255|PROSITE-ProRule:PRU00498	N-linked (GlcNAc...) asparagine	glycosylation
Q9VW78	152	ECO:0000255|PROSITE-ProRule:PRU00498	N-linked (GlcNAc...) asparagine	glycosylation
Q9VW78	334	ECO:0000255|PROSITE-ProRule:PRU00498	N-linked (GlcNAc...) asparagine	glycosylation
Q9VW78	34	ECO:0000255|PROSITE-ProRule:PRU00498	N-linked (GlcNAc...) asparagine	glycosylation
Q9VW78	356	ECO:0000255|PROSITE-ProRule:PRU00498	N-linked (GlcNAc...) asparagine	glycosylation
Q9VW78	425	ECO:0000255|PROSITE-ProRule:PRU00498	N-linked (GlcNAc...) asparagine	glycosylation
Q9VWE0	114	ECO:0000255	N-linked (GlcNAc...) asparagine	glycosylation
Q9VWE0	143	ECO:0000255	N-linked (GlcNAc...) asparagine	glycosylation
Q9VWE0	156	ECO:0000255	N-linked (GlcNAc...) asparagine	glycosylation
Q9VWE0	184	ECO:0000255	N-linked (GlcNAc...) asparagine	glycosylation
Q9VWE0	230	ECO:0000255	N-linked (GlcNAc...) asparagine	glycosylation
Q9VWE0	235	ECO:0000255	N-linked (GlcNAc...) asparagine	glycosylation
Q9VWE0	278	ECO:0000255	N-linked (GlcNAc...) asparagine	glycosylation
Q9VWE0	298	ECO:0000255	N-linked (GlcNAc...) asparagine	glycosylation
Q9VWE0	310	ECO:0000255	N-linked (GlcNAc...) asparagine	glycosylation
Q9VWE0	376	ECO:0000255	N-linked (GlcNAc...) asparagine	glycosylation
Q9VWE0	44	ECO:0000255	N-linked (GlcNAc...) asparagine	glycosylation
Q9VWE0	448	ECO:0000255	N-linked (GlcNAc...) asparagine	glycosylation
Q9VWE0	466	ECO:0000255	N-linked (GlcNAc...) asparagine	glycosylation
Q9VWE0	568	ECO:0000255	N-linked (GlcNAc...) asparagine	glycosylation
Q9VWE0	581	ECO:0000255	N-linked (GlcNAc...) asparagine	glycosylation
Q9VWE0	626	ECO:0000255	N-linked (GlcNAc...) asparagine	glycosylation
Q9VWE0	676	ECO:0000255	N-linked (GlcNAc...) asparagine	glycosylation
Q9VWE0	703	ECO:0000255	N-linked (GlcNAc...) asparagine	glycosylation
Q9VWE0	777	ECO:0000255	N-linked (GlcNAc...) asparagine	glycosylation
Q9VWE0	790	ECO:0000255	N-linked (GlcNAc...) asparagine	glycosylation
Q9VWE0	86	ECO:0000255	N-linked (GlcNAc...) asparagine	glycosylation
Q9VWE0	862	ECO:0000255	N-linked (GlcNAc...) asparagine	glycosylation
Q9VWE0	87	ECO:0000255	N-linked (GlcNAc...) asparagine	glycosylation
Q9VWH8	35	ECO:0000255	N-linked (GlcNAc...) asparagine	glycosylation
Q9VWU1	277	ECO:0000255	N-linked (GlcNAc...) asparagine	glycosylation
Q9VWU1	301	ECO:0000255	N-linked (GlcNAc...) asparagine	glycosylation
Q9VWU1	86	ECO:0000255	N-linked (GlcNAc...) asparagine	glycosylation
Q9VXD6	38	ECO:0000255|PROSITE-ProRule:PRU00498	N-linked (GlcNAc...) asparagine	glycosylation
Q9VXD9	136	ECO:0000250	N-linked (GlcNAc...) asparagine	glycosylation
Q9VXD9	165	ECO:0000255	N-linked (GlcNAc...) asparagine	glycosylation
Q9VXD9	276	ECO:0000255	N-linked (GlcNAc...) asparagine	glycosylation
Q9VXD9	486	ECO:0000255	N-linked (GlcNAc...) asparagine	glycosylation
Q9VXL0	69	ECO:0000255	N-linked (GlcNAc...) asparagine	glycosylation
Q9VXM0	1164	ECO:0000255|PROSITE-ProRule:PRU00498	N-linked (GlcNAc...) asparagine	glycosylation
Q9VXM0	1458	ECO:0000255|PROSITE-ProRule:PRU00498	N-linked (GlcNAc...) asparagine	glycosylation
Q9VXM0	1483	ECO:0000255|PROSITE-ProRule:PRU00498	N-linked (GlcNAc...) asparagine	glycosylation
Q9VXM0	1497	ECO:0000255|PROSITE-ProRule:PRU00498	N-linked (GlcNAc...) asparagine	glycosylation
Q9VXM0	1522	ECO:0000255|PROSITE-ProRule:PRU00498	N-linked (GlcNAc...) asparagine	glycosylation
Q9VXM0	1595	ECO:0000255|PROSITE-ProRule:PRU00498	N-linked (GlcNAc...) asparagine	glycosylation
Q9VXM0	1685	ECO:0000255|PROSITE-ProRule:PRU00498	N-linked (GlcNAc...) asparagine	glycosylation
Q9VXM0	1756	ECO:0000255|PROSITE-ProRule:PRU00498	N-linked (GlcNAc...) asparagine	glycosylation
Q9VXM0	204	ECO:0000255|PROSITE-ProRule:PRU00498	N-linked (GlcNAc...) asparagine	glycosylation
Q9VXM0	266	ECO:0000255|PROSITE-ProRule:PRU00498	N-linked (GlcNAc...) asparagine	glycosylation
Q9VXM0	302	ECO:0000255|PROSITE-ProRule:PRU00498	N-linked (GlcNAc...) asparagine	glycosylation
Q9VXM0	492	ECO:0000255|PROSITE-ProRule:PRU00498	N-linked (GlcNAc...) asparagine	glycosylation
Q9VXM0	561	ECO:0000255|PROSITE-ProRule:PRU00498	N-linked (GlcNAc...) asparagine	glycosylation
Q9VXM0	669	ECO:0000255|PROSITE-ProRule:PRU00498	N-linked (GlcNAc...) asparagine	glycosylation
Q9VXM0	68	ECO:0000255|PROSITE-ProRule:PRU00498	N-linked (GlcNAc...) asparagine	glycosylation
Q9VXM0	891	ECO:0000255|PROSITE-ProRule:PRU00498	N-linked (GlcNAc...) asparagine	glycosylation
Q9VXM0	983	ECO:0000255|PROSITE-ProRule:PRU00498	N-linked (GlcNAc...) asparagine	glycosylation
Q9VXN9	106	ECO:0000255	N-linked (GlcNAc...) asparagine	glycosylation
Q9VXN9	318	ECO:0000255	N-linked (GlcNAc...) asparagine	glycosylation
Q9VXN9	52	ECO:0000255	N-linked (GlcNAc...) asparagine	glycosylation
Q9VXN9	95	ECO:0000255	N-linked (GlcNAc...) asparagine	glycosylation
Q9VXN9	98	ECO:0000255	N-linked (GlcNAc...) asparagine	glycosylation
Q9VXV9	151	ECO:0000255	N-linked (GlcNAc...) asparagine	glycosylation
Q9VXV9	227	ECO:0000255	N-linked (GlcNAc...) asparagine	glycosylation
Q9VXV9	233	ECO:0000255	N-linked (GlcNAc...) asparagine	glycosylation
Q9VY86	102	ECO:0000255|PROSITE-ProRule:PRU00498	N-linked (GlcNAc...) asparagine	glycosylation
Q9VY86	142	ECO:0000255|PROSITE-ProRule:PRU00498	N-linked (GlcNAc...) asparagine	glycosylation
Q9VYB7	346	ECO:0000255	N-linked (GlcNAc...) asparagine	glycosylation
Q9VYB7	380	ECO:0000255	N-linked (GlcNAc...) asparagine	glycosylation
Q9VYZ1	178	ECO:0000255	N-linked (GlcNAc...) asparagine	glycosylation
Q9VZ21	45	ECO:0000255|PROSITE-ProRule:PRU00498	N-linked (GlcNAc...) asparagine	glycosylation
Q9VZE7	261	ECO:0000255	N-linked (GlcNAc...) asparagine	glycosylation
Q9VZE7	385	ECO:0000255	N-linked (GlcNAc...) asparagine	glycosylation
Q9VZH2	251	ECO:0000255|PROSITE-ProRule:PRU00498	N-linked (GlcNAc...) asparagine	glycosylation
Q9VZH2	287	ECO:0000255|PROSITE-ProRule:PRU00498	N-linked (GlcNAc...) asparagine	glycosylation
Q9VZH2	582	ECO:0000255|PROSITE-ProRule:PRU00498	N-linked (GlcNAc...) asparagine	glycosylation
Q9VZH2	726	ECO:0000255|PROSITE-ProRule:PRU00498	N-linked (GlcNAc...) asparagine	glycosylation
Q9VZH2	794	ECO:0000255|PROSITE-ProRule:PRU00498	N-linked (GlcNAc...) asparagine	glycosylation
Q9VZH2	95	ECO:0000255|PROSITE-ProRule:PRU00498	N-linked (GlcNAc...) asparagine	glycosylation
Q9VZJ6	130	ECO:0000255	N-linked (GlcNAc...) asparagine	glycosylation
Q9VZL7	261	ECO:0000255	N-linked (GlcNAc...) asparagine	glycosylation
Q9VZL7	468	ECO:0000255	N-linked (GlcNAc...) asparagine	glycosylation
Q9VZM5	398	ECO:0000255	N-linked (GlcNAc...) asparagine	glycosylation
Q9VZM5	456	ECO:0000255	N-linked (GlcNAc...) asparagine	glycosylation
Q9VZW5	59	ECO:0000255	N-linked (GlcNAc...) asparagine	glycosylation
Q9VZW5	70	ECO:0000255	N-linked (GlcNAc...) asparagine	glycosylation
Q9VZW5	93	ECO:0000255	N-linked (GlcNAc...) asparagine	glycosylation
Q9VZW8	318	ECO:0000255	N-linked (GlcNAc...) asparagine	glycosylation
Q9VZX1	195	ECO:0000255|PROSITE-ProRule:PRU00498	N-linked (GlcNAc...) asparagine	glycosylation
Q9VZX1	204	ECO:0000255|PROSITE-ProRule:PRU00498	N-linked (GlcNAc...) asparagine	glycosylation
Q9VZZ4	1120	ECO:0000255|PROSITE-ProRule:PRU00498	N-linked (GlcNAc...) asparagine	glycosylation
Q9VZZ4	1213	ECO:0000255|PROSITE-ProRule:PRU00498	N-linked (GlcNAc...) asparagine	glycosylation
Q9VZZ4	419	ECO:0000255|PROSITE-ProRule:PRU00498	N-linked (GlcNAc...) asparagine	glycosylation
Q9VZZ4	616	ECO:0000255|PROSITE-ProRule:PRU00498	N-linked (GlcNAc...) asparagine	glycosylation
Q9VZZ4	673	ECO:0000255|PROSITE-ProRule:PRU00498	N-linked (GlcNAc...) asparagine	glycosylation
Q9VZZ4	682	ECO:0000255|PROSITE-ProRule:PRU00498	N-linked (GlcNAc...) asparagine	glycosylation
Q9VZZ4	731	ECO:0000255|PROSITE-ProRule:PRU00498	N-linked (GlcNAc...) asparagine	glycosylation
Q9VZZ4	767	ECO:0000255|PROSITE-ProRule:PRU00498	N-linked (GlcNAc...) asparagine	glycosylation
Q9VZZ4	962	ECO:0000255|PROSITE-ProRule:PRU00498	N-linked (GlcNAc...) asparagine	glycosylation
Q9W056	299	ECO:0000255|PROSITE-ProRule:PRU00498	N-linked (GlcNAc...) asparagine	glycosylation
Q9W056	75	ECO:0000255|PROSITE-ProRule:PRU00498	N-linked (GlcNAc...) asparagine	glycosylation
Q9W0A0	140	ECO:0000255|PROSITE-ProRule:PRU00498	N-linked (GlcNAc...) asparagine	glycosylation
Q9W0A0	183	ECO:0000255|PROSITE-ProRule:PRU00498	N-linked (GlcNAc...) asparagine	glycosylation
Q9W0A0	312	ECO:0000255|PROSITE-ProRule:PRU00498	N-linked (GlcNAc...) asparagine	glycosylation
Q9W0A0	329	ECO:0000255|PROSITE-ProRule:PRU00498	N-linked (GlcNAc...) asparagine	glycosylation
Q9W0A0	358	ECO:0000255|PROSITE-ProRule:PRU00498	N-linked (GlcNAc...) asparagine	glycosylation
Q9W0A0	418	ECO:0000255|PROSITE-ProRule:PRU00498	N-linked (GlcNAc...) asparagine	glycosylation
Q9W0A0	504	ECO:0000255|PROSITE-ProRule:PRU00498	N-linked (GlcNAc...) asparagine	glycosylation
Q9W0A0	540	ECO:0000255|PROSITE-ProRule:PRU00498	N-linked (GlcNAc...) asparagine	glycosylation
Q9W0A0	584	ECO:0000255|PROSITE-ProRule:PRU00498	N-linked (GlcNAc...) asparagine	glycosylation
Q9W0A0	585	ECO:0000255|PROSITE-ProRule:PRU00498	N-linked (GlcNAc...) asparagine	glycosylation
Q9W0A0	630	ECO:0000255|PROSITE-ProRule:PRU00498	N-linked (GlcNAc...) asparagine	glycosylation
Q9W0A0	695	ECO:0000255|PROSITE-ProRule:PRU00498	N-linked (GlcNAc...) asparagine	glycosylation
Q9W0A0	73	ECO:0000255|PROSITE-ProRule:PRU00498	N-linked (GlcNAc...) asparagine	glycosylation
Q9W0A0	795	ECO:0000255|PROSITE-ProRule:PRU00498	N-linked (GlcNAc...) asparagine	glycosylation
Q9W0M2	201	ECO:0000255	N-linked (GlcNAc...) asparagine	glycosylation
Q9W0R5	142	ECO:0000255	N-linked (GlcNAc...) asparagine	glycosylation
Q9W0R5	152	ECO:0000255	N-linked (GlcNAc...) asparagine	glycosylation
Q9W0R5	157	ECO:0000255	N-linked (GlcNAc...) asparagine	glycosylation
Q9W0R5	198	ECO:0000255	N-linked (GlcNAc...) asparagine	glycosylation
Q9W0R5	223	ECO:0000255	N-linked (GlcNAc...) asparagine	glycosylation
Q9W0R5	63	ECO:0000255	N-linked (GlcNAc...) asparagine	glycosylation
Q9W0R5	72	ECO:0000255	N-linked (GlcNAc...) asparagine	glycosylation
Q9W0R6	106	ECO:0000255	N-linked (GlcNAc...) asparagine	glycosylation
Q9W0R6	125	ECO:0000255	N-linked (GlcNAc...) asparagine	glycosylation
Q9W0R6	165	ECO:0000250|UniProtKB:O97148	N-linked (GlcNAc...) asparagine	glycosylation
Q9W0R6	36	ECO:0000255	N-linked (GlcNAc...) asparagine	glycosylation
Q9W0T5	666	ECO:0000255	N-linked (GlcNAc...) asparagine	glycosylation
Q9W0V7	129	ECO:0000255	N-linked (GlcNAc...) asparagine	glycosylation
Q9W0V7	169	ECO:0000255	N-linked (GlcNAc...) asparagine	glycosylation
Q9W0V7	192	ECO:0000255	N-linked (GlcNAc...) asparagine	glycosylation
Q9W0V7	275	ECO:0000255	N-linked (GlcNAc...) asparagine	glycosylation
Q9W0V7	360	ECO:0000255	N-linked (GlcNAc...) asparagine	glycosylation
Q9W0V7	37	ECO:0000255	N-linked (GlcNAc...) asparagine	glycosylation
Q9W0V7	438	ECO:0000255	N-linked (GlcNAc...) asparagine	glycosylation
Q9W0V7	51	ECO:0000255	N-linked (GlcNAc...) asparagine	glycosylation
Q9W0Y8	1778	ECO:0000255|PROSITE-ProRule:PRU00498	N-linked (GlcNAc...) asparagine	glycosylation
Q9W0Y8	1789	ECO:0000255|PROSITE-ProRule:PRU00498	N-linked (GlcNAc...) asparagine	glycosylation
Q9W0Y8	1930	ECO:0000255|PROSITE-ProRule:PRU00498	N-linked (GlcNAc...) asparagine	glycosylation
Q9W0Y8	282	ECO:0000255|PROSITE-ProRule:PRU00498	N-linked (GlcNAc...) asparagine	glycosylation
Q9W0Y8	293	ECO:0000255|PROSITE-ProRule:PRU00498	N-linked (GlcNAc...) asparagine	glycosylation
Q9W0Y8	311	ECO:0000255|PROSITE-ProRule:PRU00498	N-linked (GlcNAc...) asparagine	glycosylation
Q9W192	109	ECO:0000255|PROSITE-ProRule:PRU00498	N-linked (GlcNAc...) asparagine	glycosylation
Q9W192	129	ECO:0000255|PROSITE-ProRule:PRU00498	N-linked (GlcNAc...) asparagine	glycosylation
Q9W192	190	ECO:0000255|PROSITE-ProRule:PRU00498	N-linked (GlcNAc...) asparagine	glycosylation
Q9W192	321	ECO:0000255|PROSITE-ProRule:PRU00498	N-linked (GlcNAc...) asparagine	glycosylation
Q9W192	334	ECO:0000255|PROSITE-ProRule:PRU00498	N-linked (GlcNAc...) asparagine	glycosylation
Q9W192	459	ECO:0000255|PROSITE-ProRule:PRU00498	N-linked (GlcNAc...) asparagine	glycosylation
Q9W192	498	ECO:0000255|PROSITE-ProRule:PRU00498	N-linked (GlcNAc...) asparagine	glycosylation
Q9W192	558	ECO:0000255|PROSITE-ProRule:PRU00498	N-linked (GlcNAc...) asparagine	glycosylation
Q9W1M8	231	ECO:0000255	N-linked (GlcNAc...) asparagine	glycosylation
Q9W1M8	516	ECO:0000255	N-linked (GlcNAc...) asparagine	glycosylation
Q9W1M8	58	ECO:0000255	N-linked (GlcNAc...) asparagine	glycosylation
Q9W1M8	592	ECO:0000255	N-linked (GlcNAc...) asparagine	glycosylation
Q9W1M8	622	ECO:0000255	N-linked (GlcNAc...) asparagine	glycosylation
Q9W1M8	732	ECO:0000255	N-linked (GlcNAc...) asparagine	glycosylation
Q9W1M8	771	ECO:0000255	N-linked (GlcNAc...) asparagine	glycosylation
Q9W1M8	829	ECO:0000255	N-linked (GlcNAc...) asparagine	glycosylation
Q9W1M8	842	ECO:0000255	N-linked (GlcNAc...) asparagine	glycosylation
Q9W1M8	853	ECO:0000255	N-linked (GlcNAc...) asparagine	glycosylation
Q9W1M8	922	ECO:0000255	N-linked (GlcNAc...) asparagine	glycosylation
Q9W1N5	147	ECO:0000255	N-linked (GlcNAc...) asparagine	glycosylation
Q9W1N5	254	ECO:0000255	N-linked (GlcNAc...) asparagine	glycosylation
Q9W1N5	401	ECO:0000255	N-linked (GlcNAc...) asparagine	glycosylation
Q9W1N6	383	ECO:0000255	N-linked (GlcNAc...) asparagine	glycosylation
Q9W1N6	392	ECO:0000255	N-linked (GlcNAc...) asparagine	glycosylation
Q9W1P8	374	ECO:0000255	N-linked (GlcNAc...) asparagine	glycosylation
Q9W1V6	358	ECO:0000255	N-linked (GlcNAc...) asparagine	glycosylation
Q9W1V6	492	ECO:0000255	N-linked (GlcNAc...) asparagine	glycosylation
Q9W1V6	546	ECO:0000255	N-linked (GlcNAc...) asparagine	glycosylation
Q9W1W9	179	ECO:0000255	N-linked (GlcNAc...) asparagine	glycosylation
Q9W266	145	ECO:0000255|PROSITE-ProRule:PRU00498	N-linked (GlcNAc...) asparagine	glycosylation
Q9W266	170	ECO:0000255|PROSITE-ProRule:PRU00498	N-linked (GlcNAc...) asparagine	glycosylation
Q9W266	53	ECO:0000255|PROSITE-ProRule:PRU00498	N-linked (GlcNAc...) asparagine	glycosylation
Q9W266	80	ECO:0000255|PROSITE-ProRule:PRU00498	N-linked (GlcNAc...) asparagine	glycosylation
Q9W2B1	277	ECO:0000255	N-linked (GlcNAc...) asparagine	glycosylation
Q9W2B1	404	ECO:0000255	N-linked (GlcNAc...) asparagine	glycosylation
Q9W2B2	158	ECO:0000305	N-linked (GlcNAc...) asparagine	glycosylation
Q9W2B2	203	ECO:0000305	N-linked (GlcNAc...) asparagine	glycosylation
Q9W2B2	337	ECO:0000305	N-linked (GlcNAc...) asparagine	glycosylation
Q9W2B2	386	ECO:0000305	N-linked (GlcNAc...) asparagine	glycosylation
Q9W2B2	391	ECO:0000305	N-linked (GlcNAc...) asparagine	glycosylation
Q9W2H1	168	ECO:0000255|PROSITE-ProRule:PRU00498	N-linked (GlcNAc...) asparagine	glycosylation
Q9W2H1	69	ECO:0000255|PROSITE-ProRule:PRU00498	N-linked (GlcNAc...) asparagine	glycosylation
Q9W2H1	75	ECO:0000255|PROSITE-ProRule:PRU00498	N-linked (GlcNAc...) asparagine	glycosylation
Q9W2M2	288	ECO:0000255|PROSITE-ProRule:PRU00498	N-linked (GlcNAc...) asparagine	glycosylation
Q9W2M2	293	ECO:0000255|PROSITE-ProRule:PRU00498	N-linked (GlcNAc...) asparagine	glycosylation
Q9W2M2	359	ECO:0000255|PROSITE-ProRule:PRU00498	N-linked (GlcNAc...) asparagine	glycosylation
Q9W2M2	451	ECO:0000269|PubMed:17893096	N-linked (GlcNAc...) asparagine	glycosylation
Q9W2M2	516	ECO:0000255|PROSITE-ProRule:PRU00498	N-linked (GlcNAc...) asparagine	glycosylation
Q9W303	224	ECO:0000250	N-linked (GlcNAc...) asparagine	glycosylation
Q9W332	1119	ECO:0000255|PROSITE-ProRule:PRU00498	N-linked (GlcNAc...) asparagine	glycosylation
Q9W332	1152	ECO:0000255|PROSITE-ProRule:PRU00498	N-linked (GlcNAc...) asparagine	glycosylation
Q9W332	123	ECO:0000255|PROSITE-ProRule:PRU00498	N-linked (GlcNAc...) asparagine	glycosylation
Q9W332	1335	ECO:0000255|PROSITE-ProRule:PRU00498	N-linked (GlcNAc...) asparagine	glycosylation
Q9W332	1359	ECO:0000255|PROSITE-ProRule:PRU00498	N-linked (GlcNAc...) asparagine	glycosylation
Q9W332	1413	ECO:0000255|PROSITE-ProRule:PRU00498	N-linked (GlcNAc...) asparagine	glycosylation
Q9W332	1424	ECO:0000255|PROSITE-ProRule:PRU00498	N-linked (GlcNAc...) asparagine	glycosylation
Q9W332	1491	ECO:0000255|PROSITE-ProRule:PRU00498	N-linked (GlcNAc...) asparagine	glycosylation
Q9W332	1694	ECO:0000255|PROSITE-ProRule:PRU00498	N-linked (GlcNAc...) asparagine	glycosylation
Q9W332	1908	ECO:0000255|PROSITE-ProRule:PRU00498	N-linked (GlcNAc...) asparagine	glycosylation
Q9W332	2009	ECO:0000255|PROSITE-ProRule:PRU00498	N-linked (GlcNAc...) asparagine	glycosylation
Q9W332	2092	ECO:0000255|PROSITE-ProRule:PRU00498	N-linked (GlcNAc...) asparagine	glycosylation
Q9W332	2128	ECO:0000255|PROSITE-ProRule:PRU00498	N-linked (GlcNAc...) asparagine	glycosylation
Q9W332	2152	ECO:0000255|PROSITE-ProRule:PRU00498	N-linked (GlcNAc...) asparagine	glycosylation
Q9W332	2231	ECO:0000255|PROSITE-ProRule:PRU00498	N-linked (GlcNAc...) asparagine	glycosylation
Q9W332	2377	ECO:0000255|PROSITE-ProRule:PRU00498	N-linked (GlcNAc...) asparagine	glycosylation
Q9W332	2442	ECO:0000255|PROSITE-ProRule:PRU00498	N-linked (GlcNAc...) asparagine	glycosylation
Q9W332	2655	ECO:0000255|PROSITE-ProRule:PRU00498	N-linked (GlcNAc...) asparagine	glycosylation
Q9W332	2671	ECO:0000255|PROSITE-ProRule:PRU00498	N-linked (GlcNAc...) asparagine	glycosylation
Q9W332	2682	ECO:0000255|PROSITE-ProRule:PRU00498	N-linked (GlcNAc...) asparagine	glycosylation
Q9W332	2772	ECO:0000255|PROSITE-ProRule:PRU00498	N-linked (GlcNAc...) asparagine	glycosylation
Q9W332	2885	ECO:0000255|PROSITE-ProRule:PRU00498	N-linked (GlcNAc...) asparagine	glycosylation
Q9W332	2889	ECO:0000255|PROSITE-ProRule:PRU00498	N-linked (GlcNAc...) asparagine	glycosylation
Q9W332	2960	ECO:0000255|PROSITE-ProRule:PRU00498	N-linked (GlcNAc...) asparagine	glycosylation
Q9W332	2965	ECO:0000255|PROSITE-ProRule:PRU00498	N-linked (GlcNAc...) asparagine	glycosylation
Q9W332	2982	ECO:0000255|PROSITE-ProRule:PRU00498	N-linked (GlcNAc...) asparagine	glycosylation
Q9W332	3040	ECO:0000255|PROSITE-ProRule:PRU00498	N-linked (GlcNAc...) asparagine	glycosylation
Q9W332	3074	ECO:0000255|PROSITE-ProRule:PRU00498	N-linked (GlcNAc...) asparagine	glycosylation
Q9W332	3160	ECO:0000255|PROSITE-ProRule:PRU00498	N-linked (GlcNAc...) asparagine	glycosylation
Q9W332	3256	ECO:0000255|PROSITE-ProRule:PRU00498	N-linked (GlcNAc...) asparagine	glycosylation
Q9W332	3427	ECO:0000255|PROSITE-ProRule:PRU00498	N-linked (GlcNAc...) asparagine	glycosylation
Q9W332	3543	ECO:0000255|PROSITE-ProRule:PRU00498	N-linked (GlcNAc...) asparagine	glycosylation
Q9W332	3572	ECO:0000255|PROSITE-ProRule:PRU00498	N-linked (GlcNAc...) asparagine	glycosylation
Q9W332	3645	ECO:0000255|PROSITE-ProRule:PRU00498	N-linked (GlcNAc...) asparagine	glycosylation
Q9W332	424	ECO:0000255|PROSITE-ProRule:PRU00498	N-linked (GlcNAc...) asparagine	glycosylation
Q9W332	448	ECO:0000255|PROSITE-ProRule:PRU00498	N-linked (GlcNAc...) asparagine	glycosylation
Q9W332	51	ECO:0000255|PROSITE-ProRule:PRU00498	N-linked (GlcNAc...) asparagine	glycosylation
Q9W332	542	ECO:0000255|PROSITE-ProRule:PRU00498	N-linked (GlcNAc...) asparagine	glycosylation
Q9W332	548	ECO:0000255|PROSITE-ProRule:PRU00498	N-linked (GlcNAc...) asparagine	glycosylation
Q9W332	609	ECO:0000255|PROSITE-ProRule:PRU00498	N-linked (GlcNAc...) asparagine	glycosylation
Q9W332	871	ECO:0000255|PROSITE-ProRule:PRU00498	N-linked (GlcNAc...) asparagine	glycosylation
Q9W365	293	ECO:0000255|PROSITE-ProRule:PRU00498	N-linked (GlcNAc...) asparagine	glycosylation
Q9W365	347	ECO:0000255|PROSITE-ProRule:PRU00498	N-linked (GlcNAc...) asparagine	glycosylation
Q9W365	376	ECO:0000255|PROSITE-ProRule:PRU00498	N-linked (GlcNAc...) asparagine	glycosylation
Q9W365	636	ECO:0000255|PROSITE-ProRule:PRU00498	N-linked (GlcNAc...) asparagine	glycosylation
Q9W365	669	ECO:0000255|PROSITE-ProRule:PRU00498	N-linked (GlcNAc...) asparagine	glycosylation
Q9W365	696	ECO:0000255|PROSITE-ProRule:PRU00498	N-linked (GlcNAc...) asparagine	glycosylation
Q9W365	737	ECO:0000255|PROSITE-ProRule:PRU00498	N-linked (GlcNAc...) asparagine	glycosylation
Q9W365	786	ECO:0000255|PROSITE-ProRule:PRU00498	N-linked (GlcNAc...) asparagine	glycosylation
Q9W365	848	ECO:0000255|PROSITE-ProRule:PRU00498	N-linked (GlcNAc...) asparagine	glycosylation
Q9W365	856	ECO:0000255|PROSITE-ProRule:PRU00498	N-linked (GlcNAc...) asparagine	glycosylation
Q9W3C7	240	ECO:0000255	N-linked (GlcNAc...) asparagine	glycosylation
Q9W3I5	410	ECO:0000255	N-linked (GlcNAc...) asparagine	glycosylation
Q9W3T7	64	ECO:0000255|PROSITE-ProRule:PRU00498	N-linked (GlcNAc...) asparagine	glycosylation
Q9W3W5	173	ECO:0000255	N-linked (GlcNAc...) asparagine	glycosylation
Q9W3W5	217	ECO:0000255	N-linked (GlcNAc...) asparagine	glycosylation
Q9W3W5	227	ECO:0000255	N-linked (GlcNAc...) asparagine	glycosylation
Q9W3W5	324	ECO:0000255	N-linked (GlcNAc...) asparagine	glycosylation
Q9W3W5	420	ECO:0000255	N-linked (GlcNAc...) asparagine	glycosylation
Q9W3W5	57	ECO:0000255	N-linked (GlcNAc...) asparagine	glycosylation
Q9W436	309	ECO:0000255|PROSITE-ProRule:PRU00498	N-linked (GlcNAc...) asparagine	glycosylation
Q9W436	326	ECO:0000255|PROSITE-ProRule:PRU00498	N-linked (GlcNAc...) asparagine	glycosylation
Q9W436	393	ECO:0000255|PROSITE-ProRule:PRU00498	N-linked (GlcNAc...) asparagine	glycosylation
Q9W436	589	ECO:0000255|PROSITE-ProRule:PRU00498	N-linked (GlcNAc...) asparagine	glycosylation
Q9W436	599	ECO:0000255|PROSITE-ProRule:PRU00498	N-linked (GlcNAc...) asparagine	glycosylation
Q9W436	709	ECO:0000255|PROSITE-ProRule:PRU00498	N-linked (GlcNAc...) asparagine	glycosylation
Q9W436	778	ECO:0000255|PROSITE-ProRule:PRU00498	N-linked (GlcNAc...) asparagine	glycosylation
Q9W440	149	ECO:0000255	N-linked (GlcNAc...) asparagine	glycosylation
Q9W495	427	ECO:0000255	N-linked (GlcNAc...) asparagine	glycosylation
Q9W495	517	ECO:0000255	N-linked (GlcNAc...) asparagine	glycosylation
Q9W495	596	ECO:0000255	N-linked (GlcNAc...) asparagine	glycosylation
Q9W4C5	185	ECO:0000255	N-linked (GlcNAc...) asparagine	glycosylation
Q9W4C5	190	ECO:0000269|PubMed:17893096	N-linked (GlcNAc...) asparagine	glycosylation
Q9W4K2	112	ECO:0000255	N-linked (GlcNAc...) asparagine	glycosylation
Q9W4K2	144	ECO:0000255	N-linked (GlcNAc...) asparagine	glycosylation
Q9W4K2	187	ECO:0000255	N-linked (GlcNAc...) asparagine	glycosylation
Q9W4K2	205	ECO:0000255	N-linked (GlcNAc...) asparagine	glycosylation
Q9W4K2	31	ECO:0000255	N-linked (GlcNAc...) asparagine	glycosylation
Q9W4K2	389	ECO:0000255	N-linked (GlcNAc...) asparagine	glycosylation
Q9W4K2	480	ECO:0000255	N-linked (GlcNAc...) asparagine	glycosylation
Q9W4K2	492	ECO:0000255	N-linked (GlcNAc...) asparagine	glycosylation
Q9W4K2	506	ECO:0000255	N-linked (GlcNAc...) asparagine	glycosylation
Q9W4K2	63	ECO:0000255	N-linked (GlcNAc...) asparagine	glycosylation
Q9W4K2	88	ECO:0000255	N-linked (GlcNAc...) asparagine	glycosylation
Q9W4Y2	111	ECO:0000255	N-linked (GlcNAc...) asparagine	glycosylation
Q9W4Y2	117	ECO:0000255	N-linked (GlcNAc...) asparagine	glycosylation
Q9W4Y2	130	ECO:0000255	N-linked (GlcNAc...) asparagine	glycosylation
Q9W4Y2	137	ECO:0000255	N-linked (GlcNAc...) asparagine	glycosylation
Q9W4Y2	148	ECO:0000255	N-linked (GlcNAc...) asparagine	glycosylation
Q9W4Y2	198	ECO:0000255	N-linked (GlcNAc...) asparagine	glycosylation
Q9W4Y2	308	ECO:0000255	N-linked (GlcNAc...) asparagine	glycosylation
Q9W568	221	ECO:0000269|PubMed:17893096	N-linked (GlcNAc...) asparagine	glycosylation
Q9W568	246	ECO:0000269|PubMed:17893096, ECO:0000269|PubMed:19349973	N-linked (GlcNAc...) asparagine	glycosylation
Q9W568	264	ECO:0000269|PubMed:19349973	N-linked (GlcNAc...) asparagine	glycosylation
Q9W568	269	ECO:0000269|PubMed:19349973	N-linked (GlcNAc...) asparagine	glycosylation
Q9W589	29	ECO:0000255	N-linked (GlcNAc...) asparagine	glycosylation
Q9W589	368	ECO:0000255	N-linked (GlcNAc...) asparagine	glycosylation
Q9W589	79	ECO:0000255	N-linked (GlcNAc...) asparagine	glycosylation
Q9W594	195	ECO:0000255	N-linked (GlcNAc...) asparagine	glycosylation
Q9W594	345	ECO:0000255	N-linked (GlcNAc...) asparagine	glycosylation
Q9W5A5	171	ECO:0000255|PROSITE-ProRule:PRU00498	N-linked (GlcNAc...) asparagine	glycosylation
Q9W5A5	18	ECO:0000255|PROSITE-ProRule:PRU00498	N-linked (GlcNAc...) asparagine	glycosylation
Q9W5A5	188	ECO:0000255|PROSITE-ProRule:PRU00498	N-linked (GlcNAc...) asparagine	glycosylation
Q9W5A5	211	ECO:0000255|PROSITE-ProRule:PRU00498	N-linked (GlcNAc...) asparagine	glycosylation
Q9W5A5	25	ECO:0000255|PROSITE-ProRule:PRU00498	N-linked (GlcNAc...) asparagine	glycosylation
Q9W5A5	326	ECO:0000255|PROSITE-ProRule:PRU00498	N-linked (GlcNAc...) asparagine	glycosylation
Q9W5A5	372	ECO:0000255|PROSITE-ProRule:PRU00498	N-linked (GlcNAc...) asparagine	glycosylation
Q9W5D4	106	ECO:0000255	N-linked (GlcNAc...) asparagine	glycosylation
Q9W5D4	119	ECO:0000255	N-linked (GlcNAc...) asparagine	glycosylation
Q9W5D4	290	ECO:0000255	N-linked (GlcNAc...) asparagine	glycosylation
Q9W5D4	314	ECO:0000255	N-linked (GlcNAc...) asparagine	glycosylation
Q9W5D4	445	ECO:0000255	N-linked (GlcNAc...) asparagine	glycosylation
Q9W5D4	751	ECO:0000255	N-linked (GlcNAc...) asparagine	glycosylation
Q9W5D4	80	ECO:0000255	N-linked (GlcNAc...) asparagine	glycosylation
Q9W5Y0	216	ECO:0000255|PROSITE-ProRule:PRU00498	N-linked (GlcNAc...) asparagine	glycosylation
Q9W5Y0	226	ECO:0000255|PROSITE-ProRule:PRU00498	N-linked (GlcNAc...) asparagine	glycosylation
Q9W5Y0	256	ECO:0000255|PROSITE-ProRule:PRU00498	N-linked (GlcNAc...) asparagine	glycosylation
Q9W5Y0	279	ECO:0000255|PROSITE-ProRule:PRU00498	N-linked (GlcNAc...) asparagine	glycosylation
Q9W5Y0	305	ECO:0000255|PROSITE-ProRule:PRU00498	N-linked (GlcNAc...) asparagine	glycosylation
Q9W5Y0	325	ECO:0000255|PROSITE-ProRule:PRU00498	N-linked (GlcNAc...) asparagine	glycosylation
Q9W5Y0	356	ECO:0000255|PROSITE-ProRule:PRU00498	N-linked (GlcNAc...) asparagine	glycosylation
Q9W5Y0	388	ECO:0000255|PROSITE-ProRule:PRU00498	N-linked (GlcNAc...) asparagine	glycosylation
Q9W5Y0	496	ECO:0000255|PROSITE-ProRule:PRU00498	N-linked (GlcNAc...) asparagine	glycosylation
Q9W5Y0	569	ECO:0000255|PROSITE-ProRule:PRU00498	N-linked (GlcNAc...) asparagine	glycosylation
Q9W5Y0	715	ECO:0000255|PROSITE-ProRule:PRU00498	N-linked (GlcNAc...) asparagine	glycosylation
Q9XZ08	218	ECO:0000255	N-linked (GlcNAc...) asparagine	glycosylation
Q9XZ08	606	ECO:0000255	N-linked (GlcNAc...) asparagine	glycosylation
Q9XZ08	643	ECO:0000255	N-linked (GlcNAc...) asparagine	glycosylation
Q9XZ08	843	ECO:0000255	N-linked (GlcNAc...) asparagine	glycosylation
Q9XZ14	180	ECO:0000255|PROSITE-ProRule:PRU00498	N-linked (GlcNAc...) asparagine	glycosylation
Q9XZ14	539	ECO:0000255|PROSITE-ProRule:PRU00498	N-linked (GlcNAc...) asparagine	glycosylation
Q9XZ14	701	ECO:0000255|PROSITE-ProRule:PRU00498	N-linked (GlcNAc...) asparagine	glycosylation
Q9XZ14	853	ECO:0000255|PROSITE-ProRule:PRU00498	N-linked (GlcNAc...) asparagine	glycosylation
Q9Y115	210	ECO:0000255	N-linked (GlcNAc...) asparagine	glycosylation
Q9Y115	45	ECO:0000255	N-linked (GlcNAc...) asparagine	glycosylation
Q9Y117	129	ECO:0000255	N-linked (GlcNAc...) asparagine	glycosylation
Q9Y117	279	ECO:0000255	N-linked (GlcNAc...) asparagine	glycosylation
Q9Y117	313	ECO:0000255	N-linked (GlcNAc...) asparagine	glycosylation
Q9Y117	433	ECO:0000255	N-linked (GlcNAc...) asparagine	glycosylation
Q9Y117	590	ECO:0000255	N-linked (GlcNAc...) asparagine	glycosylation
Q9Y117	75	ECO:0000255	N-linked (GlcNAc...) asparagine	glycosylation
Q9Y169	574	ECO:0000255	N-linked (GlcNAc...) asparagine	glycosylation
Q9Y169	636	ECO:0000255	N-linked (GlcNAc...) asparagine	glycosylation
Q9Y169	91	ECO:0000255	N-linked (GlcNAc...) asparagine	glycosylation
